{
	"credit": "Pologony Creation Co.,Ltd.",
	"textures": {
		"2": "item/multiple/ender_dragon/dragon_head",
		"4": "item/multiple/ender_dragon/fire_eyes",
		"5": "item/fishing_rods/ender_dragon_fishing_rod",
		"particle": "item/multiple/ender_dragon/dragon_head"
	},
	"elements": [
		{
			"from": [7.25, -1.5, 8],
			"to": [8.75, 0.5, 10],
			"rotation": {"angle": -45, "axis": "x", "origin": [7.5, -1.5, 8]},
			"faces": {
				"north": {"uv": [10.28571, 2.28571, 11.14286, 3.42857], "texture": "#5"},
				"east": {"uv": [6.85714, 2.28571, 8, 3.42857], "texture": "#5"},
				"south": {"uv": [3.42857, 10.28571, 4.28571, 11.42857], "texture": "#5"},
				"west": {"uv": [6.85714, 4, 8, 5.14286], "texture": "#5"},
				"up": {"uv": [11.14286, 5.14286, 10.28571, 4], "texture": "#5"},
				"down": {"uv": [11.14286, 5.71429, 10.28571, 6.85714], "texture": "#5"}
			}
		},
		{
			"from": [7.11612, 1.07843, 7.92678],
			"to": [8.61612, 1.57843, 9.42678],
			"rotation": {"angle": 45, "axis": "y", "origin": [7.11612, 1.07843, 8.17678]},
			"faces": {
				"north": {"uv": [10.85714, 13.71429, 11.71429, 14], "texture": "#5"},
				"east": {"uv": [0, 14.28571, 0.85714, 14.57143], "texture": "#5"},
				"south": {"uv": [14.28571, 6.28571, 15.14286, 6.57143], "texture": "#5"},
				"west": {"uv": [7.42857, 14.28571, 8.28571, 14.57143], "texture": "#5"},
				"up": {"uv": [12.28571, 8.28571, 11.42857, 7.42857], "texture": "#5"},
				"down": {"uv": [12.85714, 0, 12, 0.85714], "texture": "#5"}
			}
		},
		{
			"from": [7.11612, 5.57843, 7.92678],
			"to": [8.61612, 6.07843, 9.42678],
			"rotation": {"angle": 45, "axis": "y", "origin": [7.11612, -0.42157, 8.17678]},
			"faces": {
				"north": {"uv": [14.28571, 7.42857, 15.14286, 7.71429], "texture": "#5"},
				"east": {"uv": [14.28571, 10.85714, 15.14286, 11.14286], "texture": "#5"},
				"south": {"uv": [14.28571, 12, 15.14286, 12.28571], "texture": "#5"},
				"west": {"uv": [12.57143, 14.28571, 13.42857, 14.57143], "texture": "#5"},
				"up": {"uv": [12.85714, 2.57143, 12, 1.71429], "texture": "#5"},
				"down": {"uv": [3.71429, 12, 2.85714, 12.85714], "texture": "#5"}
			}
		},
		{
			"from": [7.11612, 3.32843, 8],
			"to": [8.36612, 3.82843, 9.25],
			"rotation": {"angle": 45, "axis": "y", "origin": [7.11612, 0.32843, 8]},
			"faces": {
				"north": {"uv": [14.28571, 13.14286, 15, 13.42857], "texture": "#5"},
				"east": {"uv": [14.28571, 14.28571, 15, 14.57143], "texture": "#5"},
				"south": {"uv": [14.85714, 2.28571, 15.57143, 2.57143], "texture": "#5"},
				"west": {"uv": [2.85714, 14.85714, 3.57143, 15.14286], "texture": "#5"},
				"up": {"uv": [10.42857, 12.71429, 9.71429, 12], "texture": "#5"},
				"down": {"uv": [12.14286, 12, 11.42857, 12.71429], "texture": "#5"}
			}
		},
		{
			"from": [7.29289, 0.57843, 8],
			"to": [8.29289, 6.57843, 9],
			"rotation": {"angle": 45, "axis": "y", "origin": [7.29289, 0.07843, 8]},
			"faces": {
				"north": {"uv": [4, 0, 4.57143, 3.42857], "texture": "#5"},
				"east": {"uv": [4, 4, 4.57143, 7.42857], "texture": "#5"},
				"south": {"uv": [0, 4.57143, 0.57143, 8], "texture": "#5"},
				"west": {"uv": [1.14286, 4.57143, 1.71429, 8], "texture": "#5"},
				"up": {"uv": [12.57143, 6.85714, 12, 6.28571], "texture": "#5"},
				"down": {"uv": [13.71429, 6.28571, 13.14286, 6.85714], "texture": "#5"}
			}
		},
		{
			"from": [7.25, 5.75, 5.5],
			"to": [8.75, 8.25, 8],
			"rotation": {"angle": 45, "axis": "x", "origin": [7.5, 5.75, 8]},
			"faces": {
				"north": {"uv": [8.57143, 5.14286, 9.42857, 6.57143], "texture": "#5"},
				"east": {"uv": [1.71429, 0, 3.14286, 1.42857], "texture": "#5"},
				"south": {"uv": [8.57143, 7.42857, 9.42857, 8.85714], "texture": "#5"},
				"west": {"uv": [1.71429, 2.28571, 3.14286, 3.71429], "texture": "#5"},
				"up": {"uv": [2.57143, 10.57143, 1.71429, 9.14286], "texture": "#5"},
				"down": {"uv": [6.57143, 9.14286, 5.71429, 10.57143], "texture": "#5"}
			}
		},
		{
			"from": [7, 6, 5.75],
			"to": [9, 8, 7.75],
			"rotation": {"angle": 45, "axis": "x", "origin": [7.5, 5.75, 8]},
			"faces": {
				"north": {"uv": [6.85714, 5.71429, 8, 6.85714], "texture": "#5"},
				"east": {"uv": [2.28571, 7.42857, 3.42857, 8.57143], "texture": "#5"},
				"south": {"uv": [6.85714, 7.42857, 8, 8.57143], "texture": "#5"},
				"west": {"uv": [0, 8.57143, 1.14286, 9.71429], "texture": "#5"},
				"up": {"uv": [9.71429, 1.14286, 8.57143, 0], "texture": "#5"},
				"down": {"uv": [9.71429, 1.71429, 8.57143, 2.85714], "texture": "#5"}
			}
		},
		{
			"from": [6.875, 10.95814, 9.94388],
			"to": [9.125, 12.95814, 10.94388],
			"rotation": {"angle": 22.5, "axis": "x", "origin": [8, 9.812, 10.44185]},
			"faces": {
				"north": {"uv": [5.14286, 0, 6.42857, 1.14286], "rotation": 180, "texture": "#2"},
				"east": {"uv": [4, 8, 4.57143, 9.14286], "rotation": 180, "texture": "#2"},
				"south": {"uv": [5.71429, 4, 7, 5.14286], "rotation": 180, "texture": "#2"},
				"west": {"uv": [1.71429, 9.14286, 2.28571, 10.28571], "rotation": 180, "texture": "#2"},
				"up": {"uv": [8.57143, 2.28571, 8, 3.57143], "rotation": 270, "texture": "#2"}
			}
		},
		{
			"from": [7.25, 12.20814, 10.19388],
			"to": [8.75, 13.20814, 11.19388],
			"rotation": {"angle": 22.5, "axis": "x", "origin": [8, 9.812, 10.44185]},
			"faces": {
				"north": {"uv": [10.28571, 4.57143, 11.14286, 5.14286], "rotation": 180, "texture": "#2"},
				"east": {"uv": [9.14286, 10.85714, 9.71429, 11.42857], "rotation": 180, "texture": "#2"},
				"south": {"uv": [10.28571, 5.71429, 11.14286, 6.28571], "rotation": 180, "texture": "#2"},
				"west": {"uv": [10.85714, 9.14286, 11.42857, 9.71429], "rotation": 180, "texture": "#2"},
				"up": {"uv": [11.42857, 0, 10.85714, 0.85714], "rotation": 270, "texture": "#2"},
				"down": {"uv": [3.42857, 11.14286, 2.85714, 10.28571], "rotation": 90, "texture": "#2"}
			}
		},
		{
			"from": [6.875, 10.56147, 9.17039],
			"to": [9.125, 13.06147, 10.17039],
			"rotation": {"angle": 0, "axis": "x", "origin": [8, 9.812, 10.44185]},
			"faces": {
				"north": {"uv": [1.71429, 4.57143, 3, 6], "rotation": 180, "texture": "#2"},
				"east": {"uv": [6.28571, 7.42857, 6.85714, 8.85714], "rotation": 180, "texture": "#2"},
				"south": {"uv": [4.57143, 1.71429, 5.85714, 3.14286], "rotation": 180, "texture": "#2"},
				"west": {"uv": [8, 0, 8.57143, 1.42857], "rotation": 180, "texture": "#2"},
				"up": {"uv": [3.42857, 8, 2.85714, 9.28571], "rotation": 270, "texture": "#2"}
			}
		},
		{
			"from": [6.375, 7.95814, 8.94388],
			"to": [9.625, 9.95814, 10.94388],
			"rotation": {"angle": 22.5, "axis": "x", "origin": [8, 9.812, 10.44185]},
			"faces": {
				"north": {"uv": [0, 2.28571, 1.85714, 3.42857], "rotation": 180, "texture": "#2"},
				"east": {"uv": [5.71429, 5.71429, 6.85714, 6.85714], "rotation": 180, "texture": "#2"},
				"south": {"uv": [2.28571, 0, 4.14286, 1.14286], "rotation": 180, "texture": "#2"},
				"west": {"uv": [0, 6.85714, 1.14286, 8], "rotation": 180, "texture": "#2"},
				"up": {"uv": [1.14286, 4, 0, 5.85714], "rotation": 270, "texture": "#2"},
				"down": {"uv": [4, 3.57143, 2.85714, 1.71429], "rotation": 90, "texture": "#2"}
			}
		},
		{
			"from": [6.625, 9.95814, 8.94388],
			"to": [9.375, 10.95814, 10.94388],
			"rotation": {"angle": 22.5, "axis": "x", "origin": [8, 9.812, 10.44185]},
			"faces": {
				"north": {"uv": [2.85714, 6.85714, 4.42857, 7.42857], "rotation": 180, "texture": "#2"},
				"east": {"uv": [9.14286, 3.42857, 10.28571, 4], "rotation": 180, "texture": "#2"},
				"west": {"uv": [9.14286, 8, 10.28571, 8.57143], "rotation": 180, "texture": "#2"},
				"up": {"uv": [5.14286, 4.57143, 4, 6.14286], "rotation": 270, "texture": "#2"}
			}
		},
		{
			"from": [6.625, 7.95814, 10.94388],
			"to": [9.375, 10.95814, 11.94388],
			"rotation": {"angle": 22.5, "axis": "x", "origin": [8, 9.812, 10.44185]},
			"faces": {
				"east": {"uv": [1.71429, 6.85714, 2.28571, 8.57143], "rotation": 180, "texture": "#2"},
				"south": {"uv": [0, 0, 1.57143, 1.71429], "rotation": 180, "texture": "#2"},
				"west": {"uv": [6.85714, 1.71429, 7.42857, 3.42857], "rotation": 180, "texture": "#2"},
				"up": {"uv": [8, 5.71429, 7.42857, 7.28571], "rotation": 270, "texture": "#2"},
				"down": {"uv": [5.71429, 9, 5.14286, 7.42857], "rotation": 90, "texture": "#2"}
			}
		},
		{
			"from": [8.25, 7.10005, 10.48323],
			"to": [9.75, 8.60005, 11.98323],
			"rotation": {"angle": 0, "axis": "x", "origin": [8, 9.812, 10.44185]},
			"faces": {
				"north": {"uv": [0, 8.57143, 0.85714, 9.42857], "rotation": 180, "texture": "#2"},
				"east": {"uv": [7.42857, 8, 8.28571, 8.85714], "rotation": 180, "texture": "#2"},
				"south": {"uv": [8.57143, 6.28571, 9.42857, 7.14286], "rotation": 180, "texture": "#2"},
				"west": {"uv": [8.57143, 4.57143, 9.42857, 5.42857], "rotation": 180, "texture": "#2"},
				"up": {"uv": [10, 1.71429, 9.14286, 2.57143], "rotation": 270, "texture": "#2"},
				"down": {"uv": [10, 0.85714, 9.14286, 0], "rotation": 90, "texture": "#2"}
			}
		},
		{
			"from": [8.375, 6.04065, 9.49227],
			"to": [9.625, 7.29065, 10.74227],
			"rotation": {"angle": -22.5, "axis": "x", "origin": [8, 9.812, 10.44185]},
			"faces": {
				"north": {"uv": [4, 9.71429, 4.71429, 10.42857], "rotation": 180, "texture": "#2"},
				"east": {"uv": [9.14286, 9.14286, 9.85714, 9.85714], "rotation": 180, "texture": "#2"},
				"south": {"uv": [7.42857, 9.71429, 8.14286, 10.42857], "rotation": 180, "texture": "#2"},
				"west": {"uv": [5.71429, 9.71429, 6.42857, 10.42857], "rotation": 180, "texture": "#2"},
				"down": {"uv": [0.71429, 11, 0, 10.28571], "rotation": 90, "texture": "#2"}
			}
		},
		{
			"from": [8.5, 7.58405, 13.56031],
			"to": [9.5, 8.58405, 14.56031],
			"rotation": {"angle": 45, "axis": "x", "origin": [8, 9.812, 10.44185]},
			"faces": {
				"east": {"uv": [10.28571, 10.85714, 10.85714, 11.42857], "rotation": 270, "texture": "#2"},
				"south": {"uv": [8, 12, 7.42857, 11.42857], "rotation": 90, "texture": "#2"},
				"west": {"uv": [5.14286, 11.42857, 5.71429, 12], "rotation": 90, "texture": "#2"},
				"up": {"uv": [6.28571, 11.42857, 6.85714, 12], "rotation": 180, "texture": "#2"},
				"down": {"uv": [4, 11.42857, 4.57143, 12], "texture": "#2"}
			}
		},
		{
			"from": [6.5, 7.58405, 13.56031],
			"to": [7.5, 8.58405, 14.56031],
			"rotation": {"angle": 45, "axis": "x", "origin": [8, 9.812, 10.44185]},
			"faces": {
				"east": {"uv": [5.71429, 11.42857, 5.14286, 12], "rotation": 270, "texture": "#2"},
				"south": {"uv": [8, 11.42857, 7.42857, 12], "rotation": 90, "texture": "#2"},
				"west": {"uv": [10.85714, 10.85714, 10.28571, 11.42857], "rotation": 90, "texture": "#2"},
				"up": {"uv": [6.85714, 11.42857, 6.28571, 12], "rotation": 180, "texture": "#2"},
				"down": {"uv": [4.57143, 11.42857, 4, 12], "texture": "#2"}
			}
		},
		{
			"from": [6.375, 6.04065, 9.49227],
			"to": [7.625, 7.29065, 10.74227],
			"rotation": {"angle": -22.5, "axis": "x", "origin": [8, 9.812, 10.44185]},
			"faces": {
				"north": {"uv": [4.71429, 9.71429, 4, 10.42857], "rotation": 180, "texture": "#2"},
				"east": {"uv": [6.42857, 9.71429, 5.71429, 10.42857], "rotation": 180, "texture": "#2"},
				"south": {"uv": [8.14286, 9.71429, 7.42857, 10.42857], "rotation": 180, "texture": "#2"},
				"west": {"uv": [9.85714, 9.14286, 9.14286, 9.85714], "rotation": 180, "texture": "#2"},
				"down": {"uv": [0.71429, 10.28571, 0, 11], "rotation": 90, "texture": "#2"}
			}
		},
		{
			"from": [6.25, 7.10005, 10.48323],
			"to": [7.75, 8.60005, 11.98323],
			"rotation": {"angle": 0, "axis": "x", "origin": [8, 9.812, 10.44185]},
			"faces": {
				"north": {"uv": [0.85714, 8.57143, 0, 9.42857], "rotation": 180, "texture": "#2"},
				"east": {"uv": [9.42857, 4.57143, 8.57143, 5.42857], "rotation": 180, "texture": "#2"},
				"south": {"uv": [9.42857, 6.28571, 8.57143, 7.14286], "rotation": 180, "texture": "#2"},
				"west": {"uv": [8.28571, 8, 7.42857, 8.85714], "rotation": 180, "texture": "#2"},
				"up": {"uv": [10, 2.57143, 9.14286, 1.71429], "rotation": 270, "texture": "#2"},
				"down": {"uv": [10, 0, 9.14286, 0.85714], "rotation": 90, "texture": "#2"}
			}
		},
		{
			"from": [7.5, 12.30068, 9.76069],
			"to": [8.5, 13.30068, 10.51069],
			"rotation": {"angle": -22.5, "axis": "x", "origin": [8, 9.812, 10.44185]},
			"faces": {
				"north": {"uv": [11.42857, 10.28571, 12, 10.85714], "rotation": 180, "texture": "#2"},
				"east": {"uv": [0, 12, 0.42857, 12.57143], "rotation": 180, "texture": "#2"},
				"west": {"uv": [12, 0, 12.42857, 0.57143], "rotation": 180, "texture": "#2"},
				"up": {"uv": [12.42857, 2.28571, 12, 2.85714], "rotation": 270, "texture": "#2"},
				"down": {"uv": [12.42857, 1.71429, 12, 1.14286], "rotation": 90, "texture": "#2"}
			}
		},
		{
			"from": [7.625, 9.76421, 7.02861],
			"to": [8.375, 10.51421, 7.77861],
			"rotation": {"angle": 45, "axis": "x", "origin": [8, 9.812, 10.44185]},
			"faces": {
				"north": {"uv": [14.85714, 3.42857, 15.28571, 3.85714], "texture": "#5"},
				"east": {"uv": [4.57143, 14.85714, 5, 15.28571], "texture": "#5"},
				"south": {"uv": [14.85714, 4.57143, 15.28571, 5], "texture": "#5"},
				"west": {"uv": [5.71429, 14.85714, 6.14286, 15.28571], "texture": "#5"},
				"down": {"uv": [15.28571, 8.57143, 14.85714, 9], "texture": "#5"}
			}
		},
		{
			"from": [8.945, 10.56147, 10.17039],
			"to": [8.975, 12.91147, 10.67039],
			"rotation": {"angle": 0, "axis": "x", "origin": [8, 9.812, 10.44185]},
			"faces": {
				"east": {"uv": [1.71429, 10.85714, 2, 12.14286], "rotation": 180, "texture": "#2"},
				"west": {"uv": [2, 10.85714, 1.71429, 12.14286], "rotation": 180, "texture": "#2"}
			}
		},
		{
			"from": [7.025, 10.56147, 10.17039],
			"to": [7.055, 12.91147, 10.67039],
			"rotation": {"angle": 0, "axis": "x", "origin": [8, 9.812, 10.44185]},
			"faces": {
				"east": {"uv": [1.71429, 10.85714, 2, 12.14286], "rotation": 180, "texture": "#2"},
				"west": {"uv": [2, 10.85714, 1.71429, 12.14286], "rotation": 180, "texture": "#2"}
			}
		},
		{
			"from": [7.025, 12.88146, 10.1704],
			"to": [8.975, 12.91146, 10.6704],
			"rotation": {"angle": 0, "axis": "x", "origin": [8, 9.812, 10.44185]},
			"faces": {
				"up": {"uv": [11.71429, 11.42857, 11.42857, 12.57143], "rotation": 270, "texture": "#2"},
				"down": {"uv": [11.71429, 12.57143, 11.42857, 11.42857], "rotation": 90, "texture": "#2"}
			}
		},
		{
			"from": [6.925, 12.77815, 9.44388],
			"to": [9.075, 12.80815, 9.94388],
			"rotation": {"angle": 22.5, "axis": "x", "origin": [8, 9.812, 10.44185]},
			"faces": {
				"up": {"uv": [11.14286, 1.71429, 10.85714, 3], "rotation": 270, "texture": "#2"},
				"down": {"uv": [11.14286, 1.71429, 10.85714, 3], "rotation": 90, "texture": "#2"}
			}
		},
		{
			"from": [9.045, 10.45815, 9.44388],
			"to": [9.075, 12.80815, 9.94388],
			"rotation": {"angle": 22.5, "axis": "x", "origin": [8, 9.812, 10.44185]},
			"faces": {
				"east": {"uv": [10.85714, 6.85714, 11.14286, 8.14286], "rotation": 180, "texture": "#2"},
				"west": {"uv": [11.14286, 6.85714, 10.85714, 8.14286], "rotation": 180, "texture": "#2"}
			}
		},
		{
			"from": [6.925, 10.45815, 9.44388],
			"to": [6.955, 12.80815, 9.94388],
			"rotation": {"angle": 22.5, "axis": "x", "origin": [8, 9.812, 10.44185]},
			"faces": {
				"east": {"uv": [10.85714, 6.85714, 11.14286, 8.14286], "rotation": 180, "texture": "#2"},
				"west": {"uv": [11.14286, 6.85714, 10.85714, 8.14286], "rotation": 180, "texture": "#2"}
			}
		},
		{
			"from": [5.25, 8.70814, 11.44287],
			"to": [10.75, 11.20814, 11.47287],
			"rotation": {"angle": 22.5, "axis": "x", "origin": [8, 9.812, 10.44185]},
			"faces": {
				"north": {"uv": [5, 0, 0, 11], "rotation": 90, "texture": "#4"},
				"south": {"uv": [5, 11, 0, 0], "rotation": 90, "texture": "#4"}
			}
		},
		{
			"from": [7.275, 8.31053, 7.275],
			"to": [8.725, 12.26053, 8.725],
			"rotation": {"angle": 0, "axis": "y", "origin": [7.25, 9.28553, 7.25]},
			"faces": {
				"north": {"uv": [2.28571, 4.57143, 3.14286, 6.85714], "texture": "#5"},
				"east": {"uv": [5.14286, 0, 6, 2.28571], "texture": "#5"},
				"south": {"uv": [5.14286, 2.85714, 6, 5.14286], "texture": "#5"},
				"west": {"uv": [5.14286, 5.71429, 6, 8], "texture": "#5"},
				"up": {"uv": [12.85714, 4.28571, 12, 3.42857], "texture": "#5"}
			}
		},
		{
			"from": [7.375, 12.26053, 7.375],
			"to": [8.625, 15.26053, 8.625],
			"rotation": {"angle": 0, "axis": "x", "origin": [8, 13.76053, 8]},
			"faces": {
				"north": {"uv": [7.42857, 9.71429, 8.14286, 11.42857], "texture": "#5"},
				"east": {"uv": [9.14286, 9.71429, 9.85714, 11.42857], "texture": "#5"},
				"south": {"uv": [0, 10.28571, 0.71429, 12], "texture": "#5"},
				"west": {"uv": [10.28571, 0, 11, 1.71429], "texture": "#5"},
				"up": {"uv": [0.71429, 13.28571, 0, 12.57143], "texture": "#5"}
			}
		},
		{
			"from": [7.5, 15.08553, 6.925],
			"to": [8.5, 18.08553, 7.925],
			"rotation": {"angle": -22.5, "axis": "x", "origin": [8, 16.76053, 8]},
			"faces": {
				"north": {"uv": [10.28571, 7.42857, 10.85714, 9.14286], "texture": "#5"},
				"east": {"uv": [10.85714, 9.71429, 11.42857, 11.42857], "texture": "#5"},
				"south": {"uv": [1.71429, 11.42857, 2.28571, 13.14286], "texture": "#5"},
				"west": {"uv": [5.14286, 11.42857, 5.71429, 13.14286], "texture": "#5"},
				"up": {"uv": [13.71429, 8, 13.14286, 7.42857], "texture": "#5"}
			}
		},
		{
			"from": [7.625, 17.16308, 5.65944],
			"to": [8.375, 19.41308, 6.40944],
			"rotation": {"angle": -45, "axis": "x", "origin": [8.125, 18.66308, 6.00944]},
			"faces": {
				"north": {"uv": [6.28571, 11.42857, 6.71429, 12.71429], "texture": "#5"},
				"east": {"uv": [7.42857, 12, 7.85714, 13.28571], "texture": "#5"},
				"south": {"uv": [8.57143, 12, 9, 13.28571], "texture": "#5"},
				"west": {"uv": [12, 9.14286, 12.42857, 10.42857], "texture": "#5"},
				"up": {"uv": [9.57143, 15.28571, 9.14286, 14.85714], "texture": "#5"}
			}
		},
		{
			"from": [8.5, 9.25, 5.75],
			"to": [9, 9.75, 7.75],
			"rotation": {"angle": 0, "axis": "y", "origin": [8, 10, 6.75]},
			"faces": {
				"north": {"uv": [8, 15.42857, 8.28571, 15.71429], "texture": "#5"},
				"east": {"uv": [13.14286, 8.57143, 14.28571, 8.85714], "texture": "#5"},
				"south": {"uv": [12.57143, 15.42857, 12.85714, 15.71429], "texture": "#5"},
				"west": {"uv": [13.14286, 9.71429, 14.28571, 10], "texture": "#5"},
				"up": {"uv": [13.42857, 12, 13.14286, 10.85714], "texture": "#5"},
				"down": {"uv": [13.42857, 12.57143, 13.14286, 13.71429], "texture": "#5"}
			}
		},
		{
			"from": [7.5, 9.25, 7.25],
			"to": [8.5, 9.75, 7.75],
			"rotation": {"angle": 0, "axis": "y", "origin": [8, 10, 6.75]},
			"faces": {
				"north": {"uv": [14.85714, 9.71429, 15.42857, 10], "texture": "#5"},
				"south": {"uv": [10.28571, 14.85714, 10.85714, 15.14286], "texture": "#5"},
				"up": {"uv": [12, 15.14286, 11.42857, 14.85714], "texture": "#5"},
				"down": {"uv": [0.57143, 15.42857, 0, 15.71429], "texture": "#5"}
			}
		},
		{
			"from": [7.5, 9.25, 5.75],
			"to": [8.5, 9.75, 6.25],
			"rotation": {"angle": 0, "axis": "y", "origin": [8, 10, 6.75]},
			"faces": {
				"north": {"uv": [15.42857, 0, 16, 0.28571], "texture": "#5"},
				"south": {"uv": [1.14286, 15.42857, 1.71429, 15.71429], "texture": "#5"},
				"up": {"uv": [16, 1.42857, 15.42857, 1.14286], "texture": "#5"},
				"down": {"uv": [7.42857, 15.42857, 6.85714, 15.71429], "texture": "#5"}
			}
		},
		{
			"from": [7, 9.25, 5.75],
			"to": [7.5, 9.75, 7.75],
			"rotation": {"angle": 0, "axis": "y", "origin": [8, 10, 6.75]},
			"faces": {
				"north": {"uv": [13.71429, 15.42857, 14, 15.71429], "texture": "#5"},
				"east": {"uv": [13.71429, 0, 14.85714, 0.28571], "texture": "#5"},
				"south": {"uv": [14.85714, 15.42857, 15.14286, 15.71429], "texture": "#5"},
				"west": {"uv": [13.71429, 1.14286, 14.85714, 1.42857], "texture": "#5"},
				"up": {"uv": [2, 14.85714, 1.71429, 13.71429], "texture": "#5"},
				"down": {"uv": [14, 2.28571, 13.71429, 3.42857], "texture": "#5"}
			}
		},
		{
			"from": [7, 11.5, 5.75],
			"to": [7.5, 12, 7.75],
			"rotation": {"angle": 0, "axis": "y", "origin": [8, 10, 6.75]},
			"faces": {
				"north": {"uv": [13.71429, 15.42857, 14, 15.71429], "texture": "#5"},
				"east": {"uv": [13.71429, 0, 14.85714, 0.28571], "texture": "#5"},
				"south": {"uv": [14.85714, 15.42857, 15.14286, 15.71429], "texture": "#5"},
				"west": {"uv": [13.71429, 1.14286, 14.85714, 1.42857], "texture": "#5"},
				"up": {"uv": [2, 14.85714, 1.71429, 13.71429], "texture": "#5"},
				"down": {"uv": [14, 2.28571, 13.71429, 3.42857], "texture": "#5"}
			}
		},
		{
			"from": [7.5, 11.5, 7.25],
			"to": [8.5, 12, 7.75],
			"rotation": {"angle": 0, "axis": "y", "origin": [8, 10, 6.75]},
			"faces": {
				"north": {"uv": [14.85714, 9.71429, 15.42857, 10], "texture": "#5"},
				"south": {"uv": [10.28571, 14.85714, 10.85714, 15.14286], "texture": "#5"},
				"up": {"uv": [12, 15.14286, 11.42857, 14.85714], "texture": "#5"},
				"down": {"uv": [0.57143, 15.42857, 0, 15.71429], "texture": "#5"}
			}
		},
		{
			"from": [7.5, 11.5, 5.75],
			"to": [8.5, 12, 6.25],
			"rotation": {"angle": 0, "axis": "y", "origin": [8, 10, 6.75]},
			"faces": {
				"north": {"uv": [15.42857, 0, 16, 0.28571], "texture": "#5"},
				"south": {"uv": [1.14286, 15.42857, 1.71429, 15.71429], "texture": "#5"},
				"up": {"uv": [16, 1.42857, 15.42857, 1.14286], "texture": "#5"},
				"down": {"uv": [7.42857, 15.42857, 6.85714, 15.71429], "texture": "#5"}
			}
		},
		{
			"from": [8.5, 11.5, 5.75],
			"to": [9, 12, 7.75],
			"rotation": {"angle": 0, "axis": "y", "origin": [8, 10, 6.75]},
			"faces": {
				"north": {"uv": [8, 15.42857, 8.28571, 15.71429], "texture": "#5"},
				"east": {"uv": [13.14286, 8.57143, 14.28571, 8.85714], "texture": "#5"},
				"south": {"uv": [12.57143, 15.42857, 12.85714, 15.71429], "texture": "#5"},
				"west": {"uv": [13.14286, 9.71429, 14.28571, 10], "texture": "#5"},
				"up": {"uv": [13.42857, 12, 13.14286, 10.85714], "texture": "#5"},
				"down": {"uv": [13.42857, 12.57143, 13.14286, 13.71429], "texture": "#5"}
			}
		},
		{
			"from": [7.5, 14, 5.75],
			"to": [8.5, 14.5, 6.25],
			"rotation": {"angle": 0, "axis": "y", "origin": [8, 10, 6.75]},
			"faces": {
				"north": {"uv": [15.42857, 0, 16, 0.28571], "texture": "#5"},
				"south": {"uv": [1.14286, 15.42857, 1.71429, 15.71429], "texture": "#5"},
				"up": {"uv": [16, 1.42857, 15.42857, 1.14286], "texture": "#5"},
				"down": {"uv": [7.42857, 15.42857, 6.85714, 15.71429], "texture": "#5"}
			}
		},
		{
			"from": [7, 14, 5.75],
			"to": [7.5, 14.5, 7.75],
			"rotation": {"angle": 0, "axis": "y", "origin": [8, 10, 6.75]},
			"faces": {
				"north": {"uv": [13.71429, 15.42857, 14, 15.71429], "texture": "#5"},
				"east": {"uv": [13.71429, 0, 14.85714, 0.28571], "texture": "#5"},
				"south": {"uv": [14.85714, 15.42857, 15.14286, 15.71429], "texture": "#5"},
				"west": {"uv": [13.71429, 1.14286, 14.85714, 1.42857], "texture": "#5"},
				"up": {"uv": [2, 14.85714, 1.71429, 13.71429], "texture": "#5"},
				"down": {"uv": [14, 2.28571, 13.71429, 3.42857], "texture": "#5"}
			}
		},
		{
			"from": [7.5, 14, 7.25],
			"to": [8.5, 14.5, 7.75],
			"rotation": {"angle": 0, "axis": "y", "origin": [8, 10, 6.75]},
			"faces": {
				"north": {"uv": [14.85714, 9.71429, 15.42857, 10], "texture": "#5"},
				"south": {"uv": [10.28571, 14.85714, 10.85714, 15.14286], "texture": "#5"},
				"up": {"uv": [12, 15.14286, 11.42857, 14.85714], "texture": "#5"},
				"down": {"uv": [0.57143, 15.42857, 0, 15.71429], "texture": "#5"}
			}
		},
		{
			"from": [8.5, 14, 5.75],
			"to": [9, 14.5, 7.75],
			"rotation": {"angle": 0, "axis": "y", "origin": [8, 10, 6.75]},
			"faces": {
				"north": {"uv": [8, 15.42857, 8.28571, 15.71429], "texture": "#5"},
				"east": {"uv": [13.14286, 8.57143, 14.28571, 8.85714], "texture": "#5"},
				"south": {"uv": [12.57143, 15.42857, 12.85714, 15.71429], "texture": "#5"},
				"west": {"uv": [13.14286, 9.71429, 14.28571, 10], "texture": "#5"},
				"up": {"uv": [13.42857, 12, 13.14286, 10.85714], "texture": "#5"},
				"down": {"uv": [13.42857, 12.57143, 13.14286, 13.71429], "texture": "#5"}
			}
		},
		{
			"from": [7.5, 15.7596, 6.34005],
			"to": [8.5, 16.2596, 6.84005],
			"rotation": {"angle": -22.5, "axis": "x", "origin": [8, 17.0096, 5.84005]},
			"faces": {
				"north": {"uv": [14.85714, 9.71429, 15.42857, 10], "texture": "#5"},
				"south": {"uv": [10.28571, 14.85714, 10.85714, 15.14286], "texture": "#5"},
				"up": {"uv": [12, 15.14286, 11.42857, 14.85714], "texture": "#5"},
				"down": {"uv": [0.57143, 15.42857, 0, 15.71429], "texture": "#5"}
			}
		},
		{
			"from": [7, 15.7596, 4.84005],
			"to": [7.5, 16.2596, 6.84005],
			"rotation": {"angle": -22.5, "axis": "x", "origin": [8, 17.0096, 5.84005]},
			"faces": {
				"north": {"uv": [13.71429, 15.42857, 14, 15.71429], "texture": "#5"},
				"east": {"uv": [13.71429, 0, 14.85714, 0.28571], "texture": "#5"},
				"south": {"uv": [14.85714, 15.42857, 15.14286, 15.71429], "texture": "#5"},
				"west": {"uv": [13.71429, 1.14286, 14.85714, 1.42857], "texture": "#5"},
				"up": {"uv": [2, 14.85714, 1.71429, 13.71429], "texture": "#5"},
				"down": {"uv": [14, 2.28571, 13.71429, 3.42857], "texture": "#5"}
			}
		},
		{
			"from": [8.5, 15.7596, 4.84005],
			"to": [9, 16.2596, 6.84005],
			"rotation": {"angle": -22.5, "axis": "x", "origin": [8, 17.0096, 5.84005]},
			"faces": {
				"north": {"uv": [8, 15.42857, 8.28571, 15.71429], "texture": "#5"},
				"east": {"uv": [13.14286, 8.57143, 14.28571, 8.85714], "texture": "#5"},
				"south": {"uv": [12.57143, 15.42857, 12.85714, 15.71429], "texture": "#5"},
				"west": {"uv": [13.14286, 9.71429, 14.28571, 10], "texture": "#5"},
				"up": {"uv": [13.42857, 12, 13.14286, 10.85714], "texture": "#5"},
				"down": {"uv": [13.42857, 12.57143, 13.14286, 13.71429], "texture": "#5"}
			}
		},
		{
			"from": [7.5, 15.7596, 4.84005],
			"to": [8.5, 16.2596, 5.34005],
			"rotation": {"angle": -22.5, "axis": "x", "origin": [8, 17.0096, 5.84005]},
			"faces": {
				"north": {"uv": [15.42857, 0, 16, 0.28571], "texture": "#5"},
				"south": {"uv": [1.14286, 15.42857, 1.71429, 15.71429], "texture": "#5"},
				"up": {"uv": [16, 1.42857, 15.42857, 1.14286], "texture": "#5"},
				"down": {"uv": [7.42857, 15.42857, 6.85714, 15.71429], "texture": "#5"}
			}
		},
		{
			"from": [8.5, 17.80848, 4.48237],
			"to": [9, 18.30848, 6.48237],
			"rotation": {"angle": -45, "axis": "x", "origin": [8, 17.93348, 5.45737]},
			"faces": {
				"north": {"uv": [8, 15.42857, 8.28571, 15.71429], "texture": "#5"},
				"east": {"uv": [13.14286, 8.57143, 14.28571, 8.85714], "texture": "#5"},
				"south": {"uv": [12.57143, 15.42857, 12.85714, 15.71429], "texture": "#5"},
				"west": {"uv": [13.14286, 9.71429, 14.28571, 10], "texture": "#5"},
				"up": {"uv": [13.42857, 12, 13.14286, 10.85714], "texture": "#5"},
				"down": {"uv": [13.42857, 12.57143, 13.14286, 13.71429], "texture": "#5"}
			}
		},
		{
			"from": [7.5, 17.80848, 4.48237],
			"to": [8.5, 18.30848, 4.98237],
			"rotation": {"angle": -45, "axis": "x", "origin": [8, 17.93348, 5.45737]},
			"faces": {
				"north": {"uv": [15.42857, 0, 16, 0.28571], "texture": "#5"},
				"south": {"uv": [1.14286, 15.42857, 1.71429, 15.71429], "texture": "#5"},
				"up": {"uv": [16, 1.42857, 15.42857, 1.14286], "texture": "#5"},
				"down": {"uv": [7.42857, 15.42857, 6.85714, 15.71429], "texture": "#5"}
			}
		},
		{
			"from": [7, 17.80848, 4.48237],
			"to": [7.5, 18.30848, 6.48237],
			"rotation": {"angle": -45, "axis": "x", "origin": [8, 17.93348, 5.45737]},
			"faces": {
				"north": {"uv": [13.71429, 15.42857, 14, 15.71429], "texture": "#5"},
				"east": {"uv": [13.71429, 0, 14.85714, 0.28571], "texture": "#5"},
				"south": {"uv": [14.85714, 15.42857, 15.14286, 15.71429], "texture": "#5"},
				"west": {"uv": [13.71429, 1.14286, 14.85714, 1.42857], "texture": "#5"},
				"up": {"uv": [2, 14.85714, 1.71429, 13.71429], "texture": "#5"},
				"down": {"uv": [14, 2.28571, 13.71429, 3.42857], "texture": "#5"}
			}
		},
		{
			"from": [7.5, 17.80848, 5.98237],
			"to": [8.5, 18.30848, 6.48237],
			"rotation": {"angle": -45, "axis": "x", "origin": [8, 17.93348, 5.45737]},
			"faces": {
				"north": {"uv": [14.85714, 9.71429, 15.42857, 10], "texture": "#5"},
				"south": {"uv": [10.28571, 14.85714, 10.85714, 15.14286], "texture": "#5"},
				"up": {"uv": [12, 15.14286, 11.42857, 14.85714], "texture": "#5"},
				"down": {"uv": [0.57143, 15.42857, 0, 15.71429], "texture": "#5"}
			}
		},
		{
			"from": [7.985, 7.752, 5.49389],
			"to": [8.015, 14.752, 7.49389],
			"rotation": {"angle": 0, "axis": "y", "origin": [7.985, 7.76007, 5.04389]},
			"faces": {
				"east": {"uv": [1.14286, 0, 0, 4], "texture": "#5"},
				"west": {"uv": [0, 0, 1.14286, 4], "texture": "#5"}
			}
		},
		{
			"from": [7.99, 13.71282, 5.54146],
			"to": [8.01, 16.71282, 7.39146],
			"rotation": {"angle": -22.5, "axis": "x", "origin": [7.99, 14.51282, 4.91646]},
			"faces": {
				"east": {"uv": [8, 0, 6.85714, 1.71429], "texture": "#5"},
				"west": {"uv": [6.85714, 0, 8, 1.71429], "texture": "#5"}
			}
		},
		{
			"from": [7.995, 15.41039, 5.57452],
			"to": [8.005, 17.41039, 7.29952],
			"rotation": {"angle": -45, "axis": "x", "origin": [7.995, 15.41039, 4.52452]},
			"faces": {
				"east": {"uv": [9.71429, 3.42857, 8.57143, 4.57143], "texture": "#5"},
				"west": {"uv": [8.57143, 3.42857, 9.71429, 4.57143], "texture": "#5"}
			}
		},
		{
			"from": [7.995, 15.82442, 2.85276],
			"to": [8.005, 16.32442, 6.85276],
			"rotation": {"angle": -45, "axis": "x", "origin": [7.995, 13.32442, 3.85276]},
			"faces": {
				"east": {"uv": [14.28571, 5.14286, 12, 5.42857], "texture": "#5"},
				"west": {"uv": [12, 5.14286, 14.28571, 5.42857], "texture": "#5"}
			}
		},
		{
			"from": [7.5, 13.88536, 0.53536],
			"to": [8.5, 14.88536, 1.53536],
			"rotation": {"angle": 0, "axis": "x", "origin": [7.5, 15.03536, 0.03536]},
			"faces": {
				"north": {"uv": [2.85714, 13.71429, 3.42857, 14.28571], "texture": "#5"},
				"east": {"uv": [4, 13.71429, 4.57143, 14.28571], "texture": "#5"},
				"south": {"uv": [13.71429, 4, 14.28571, 4.57143], "texture": "#5"},
				"west": {"uv": [5.14286, 13.71429, 5.71429, 14.28571], "texture": "#5"},
				"up": {"uv": [6.85714, 14.28571, 6.28571, 13.71429], "texture": "#5"},
				"down": {"uv": [10.28571, 13.71429, 9.71429, 14.28571], "texture": "#5"}
			}
		},
		{
			"from": [7.985, 13.47114, -0.42886],
			"to": [8.015, 15.47114, 1.57114],
			"rotation": {"angle": 45, "axis": "x", "origin": [7.985, 13.47114, -0.87886]},
			"faces": {
				"east": {"uv": [5.14286, 8.57143, 4, 9.71429], "texture": "#5"},
				"west": {"uv": [4, 8.57143, 5.14286, 9.71429], "texture": "#5"}
			}
		}
	],
	"gui_light": "front",
	"display": {
		"thirdperson_righthand": {
			"translation": [0, 2.5, 0.75]
		},
		"thirdperson_lefthand": {
			"translation": [0, 2.5, 0.75]
		},
		"firstperson_righthand": {
			"rotation": [6, 0, 0],
			"translation": [3, -0.5, -2],
			"scale": [0.95, 0.95, 0.95]
		},
		"firstperson_lefthand": {
			"rotation": [6, 0, 0],
			"translation": [3, -0.5, -2],
			"scale": [0.95, 0.95, 0.95]
		},
		"ground": {
			"rotation": [-45, 0, 0],
			"translation": [0, 3, 0],
			"scale": [0.7, 0.7, 0.7]
		},
		"gui": {
			"rotation": [-90, 45, 90],
			"translation": [1.5, 0, 0],
			"scale": [0.9, 0.9, 0.9]
		},
		"head": {
			"rotation": [0, -90, 0]
		},
		"fixed": {
			"rotation": [0, -90, 0],
			"translation": [0, 0, -1.5],
			"scale": [2, 2, 2]
		}
	}
}