{
    "credit": "Pologony Creation Co.,Ltd.",
    "texture_size": [
        24,
        24
    ],
    "textures": {
        "0": "item/fishing_rods/heaven_fishing_rod",
        "1": "item/multiple/heaven/animation_1",
        "particle": "item/multiple/heaven/animation_sword"
    },
    "elements": [
        {
            "from": [
                7.5,
                1,
                6.38425
            ],
            "to": [
                8.5,
                2,
                7.88425
            ],
            "rotation": {
                "angle": -22.5,
                "axis": "x",
                "origin": [
                    7.5,
                    1,
                    7.88425
                ]
            },
            "faces": {
                "east": {
                    "uv": [
                        9.33333,
                        1.33333,
                        10.33333,
                        2
                    ],
                    "texture": "#0"
                },
                "south": {
                    "uv": [
                        8.66667,
                        8,
                        9.33333,
                        8.66667
                    ],
                    "texture": "#0"
                },
                "west": {
                    "uv": [
                        10.66667,
                        1.33333,
                        11.66667,
                        2
                    ],
                    "texture": "#0"
                },
                "up": {
                    "uv": [
                        2,
                        11.66667,
                        1.33333,
                        10.66667
                    ],
                    "texture": "#0"
                },
                "down": {
                    "uv": [
                        11.33333,
                        2.66667,
                        10.66667,
                        3.66667
                    ],
                    "texture": "#0"
                }
            }
        },
        {
            "from": [
                7.625,
                1.28701,
                5.69134
            ],
            "to": [
                8.375,
                2.53701,
                7.19134
            ],
            "rotation": {
                "angle": -22.5,
                "axis": "x",
                "origin": [
                    7.375,
                    1.28701,
                    7.19134
                ]
            },
            "faces": {
                "north": {
                    "uv": [
                        3.33333,
                        12.66667,
                        3.83333,
                        13.5
                    ],
                    "texture": "#0"
                },
                "east": {
                    "uv": [
                        9.33333,
                        8,
                        10.33333,
                        8.83333
                    ],
                    "texture": "#0"
                },
                "west": {
                    "uv": [
                        9.33333,
                        9.33333,
                        10.33333,
                        10.16667
                    ],
                    "texture": "#0"
                },
                "up": {
                    "uv": [
                        11.83333,
                        3.66667,
                        11.33333,
                        2.66667
                    ],
                    "texture": "#0"
                },
                "down": {
                    "uv": [
                        11.83333,
                        4,
                        11.33333,
                        5
                    ],
                    "texture": "#0"
                }
            }
        },
        {
            "from": [
                7.25,
                0.31179,
                6.32246
            ],
            "to": [
                8.75,
                2.31179,
                7.07246
            ],
            "rotation": {
                "angle": 22.5,
                "axis": "x",
                "origin": [
                    7.5,
                    1.81179,
                    7.07246
                ]
            },
            "faces": {
                "north": {
                    "uv": [
                        8,
                        5.33333,
                        9,
                        6.66667
                    ],
                    "texture": "#0"
                },
                "east": {
                    "uv": [
                        3.33333,
                        10.66667,
                        3.83333,
                        12
                    ],
                    "texture": "#0"
                },
                "south": {
                    "uv": [
                        6,
                        8,
                        7,
                        9.33333
                    ],
                    "texture": "#0"
                },
                "west": {
                    "uv": [
                        4,
                        10.66667,
                        4.5,
                        12
                    ],
                    "texture": "#0"
                },
                "up": {
                    "uv": [
                        5.66667,
                        11.83333,
                        4.66667,
                        11.33333
                    ],
                    "texture": "#0"
                },
                "down": {
                    "uv": [
                        7,
                        11.33333,
                        6,
                        11.83333
                    ],
                    "texture": "#0"
                }
            }
        },
        {
            "from": [
                7.5,
                1,
                8.11575
            ],
            "to": [
                8.5,
                2,
                9.61575
            ],
            "rotation": {
                "angle": 22.5,
                "axis": "x",
                "origin": [
                    7.5,
                    1,
                    8.11575
                ]
            },
            "faces": {
                "north": {
                    "uv": [
                        9.33333,
                        8,
                        8.66667,
                        8.66667
                    ],
                    "texture": "#0"
                },
                "east": {
                    "uv": [
                        10.33333,
                        1.33333,
                        9.33333,
                        2
                    ],
                    "texture": "#0"
                },
                "west": {
                    "uv": [
                        11.66667,
                        1.33333,
                        10.66667,
                        2
                    ],
                    "texture": "#0"
                },
                "up": {
                    "uv": [
                        2,
                        10.66667,
                        1.33333,
                        11.66667
                    ],
                    "texture": "#0"
                },
                "down": {
                    "uv": [
                        11.33333,
                        3.66667,
                        10.66667,
                        2.66667
                    ],
                    "texture": "#0"
                }
            }
        },
        {
            "from": [
                7.625,
                1.28701,
                8.80866
            ],
            "to": [
                8.375,
                2.53701,
                10.30866
            ],
            "rotation": {
                "angle": 22.5,
                "axis": "x",
                "origin": [
                    7.375,
                    1.28701,
                    8.80866
                ]
            },
            "faces": {
                "east": {
                    "uv": [
                        10.33333,
                        8,
                        9.33333,
                        8.83333
                    ],
                    "texture": "#0"
                },
                "south": {
                    "uv": [
                        3.83333,
                        12.66667,
                        3.33333,
                        13.5
                    ],
                    "texture": "#0"
                },
                "west": {
                    "uv": [
                        10.33333,
                        9.33333,
                        9.33333,
                        10.16667
                    ],
                    "texture": "#0"
                },
                "up": {
                    "uv": [
                        11.83333,
                        2.66667,
                        11.33333,
                        3.66667
                    ],
                    "texture": "#0"
                },
                "down": {
                    "uv": [
                        11.83333,
                        5,
                        11.33333,
                        4
                    ],
                    "texture": "#0"
                }
            }
        },
        {
            "from": [
                7.25,
                0.31179,
                8.92754
            ],
            "to": [
                8.75,
                2.31179,
                9.67754
            ],
            "rotation": {
                "angle": -22.5,
                "axis": "x",
                "origin": [
                    7.5,
                    1.81179,
                    8.92754
                ]
            },
            "faces": {
                "north": {
                    "uv": [
                        7,
                        8,
                        6,
                        9.33333
                    ],
                    "texture": "#0"
                },
                "east": {
                    "uv": [
                        3.83333,
                        10.66667,
                        3.33333,
                        12
                    ],
                    "texture": "#0"
                },
                "south": {
                    "uv": [
                        9,
                        5.33333,
                        8,
                        6.66667
                    ],
                    "texture": "#0"
                },
                "west": {
                    "uv": [
                        4.5,
                        10.66667,
                        4,
                        12
                    ],
                    "texture": "#0"
                },
                "up": {
                    "uv": [
                        5.66667,
                        11.33333,
                        4.66667,
                        11.83333
                    ],
                    "texture": "#0"
                },
                "down": {
                    "uv": [
                        7,
                        11.83333,
                        6,
                        11.33333
                    ],
                    "texture": "#0"
                }
            }
        },
        {
            "from": [
                7.25,
                0.25,
                7.75
            ],
            "to": [
                8.75,
                1.75,
                9.25
            ],
            "rotation": {
                "angle": -45,
                "axis": "x",
                "origin": [
                    7.5,
                    0.5,
                    8
                ]
            },
            "faces": {
                "north": {
                    "uv": [
                        2,
                        8.66667,
                        3,
                        9.66667
                    ],
                    "texture": "#0"
                },
                "east": {
                    "uv": [
                        8.66667,
                        4,
                        9.66667,
                        5
                    ],
                    "texture": "#0"
                },
                "south": {
                    "uv": [
                        8.66667,
                        6.66667,
                        9.66667,
                        7.66667
                    ],
                    "texture": "#0"
                },
                "west": {
                    "uv": [
                        8,
                        8.66667,
                        9,
                        9.66667
                    ],
                    "texture": "#0"
                },
                "up": {
                    "uv": [
                        10.33333,
                        1,
                        9.33333,
                        0
                    ],
                    "texture": "#0"
                },
                "down": {
                    "uv": [
                        10.33333,
                        2.66667,
                        9.33333,
                        3.66667
                    ],
                    "texture": "#0"
                }
            }
        },
        {
            "from": [
                6.68934,
                1.76777,
                6.25
            ],
            "to": [
                8.68934,
                2.26777,
                8.25
            ],
            "rotation": {
                "angle": -45,
                "axis": "y",
                "origin": [
                    6.93934,
                    1.76777,
                    8
                ]
            },
            "faces": {
                "north": {
                    "uv": [
                        0,
                        12,
                        1.33333,
                        12.33333
                    ],
                    "texture": "#0"
                },
                "east": {
                    "uv": [
                        12,
                        0,
                        13.33333,
                        0.33333
                    ],
                    "texture": "#0"
                },
                "south": {
                    "uv": [
                        12,
                        0.66667,
                        13.33333,
                        1
                    ],
                    "texture": "#0"
                },
                "west": {
                    "uv": [
                        12,
                        1.33333,
                        13.33333,
                        1.66667
                    ],
                    "texture": "#0"
                },
                "up": {
                    "uv": [
                        7.33333,
                        5.33333,
                        6,
                        4
                    ],
                    "texture": "#0"
                },
                "down": {
                    "uv": [
                        1.33333,
                        6.66667,
                        0,
                        8
                    ],
                    "texture": "#0"
                }
            }
        },
        {
            "from": [
                6.93934,
                2.26777,
                6.5
            ],
            "to": [
                8.43934,
                3.01777,
                8
            ],
            "rotation": {
                "angle": -45,
                "axis": "y",
                "origin": [
                    6.93934,
                    1.76777,
                    8
                ]
            },
            "faces": {
                "north": {
                    "uv": [
                        11.33333,
                        6.66667,
                        12.33333,
                        7.16667
                    ],
                    "texture": "#0"
                },
                "east": {
                    "uv": [
                        7.33333,
                        11.33333,
                        8.33333,
                        11.83333
                    ],
                    "texture": "#0"
                },
                "south": {
                    "uv": [
                        11.33333,
                        7.33333,
                        12.33333,
                        7.83333
                    ],
                    "texture": "#0"
                },
                "west": {
                    "uv": [
                        11.33333,
                        8,
                        12.33333,
                        8.5
                    ],
                    "texture": "#0"
                }
            }
        },
        {
            "from": [
                7.18934,
                3.51777,
                6.75
            ],
            "to": [
                8.18934,
                7.01777,
                7.75
            ],
            "rotation": {
                "angle": -45,
                "axis": "y",
                "origin": [
                    6.93934,
                    3.01777,
                    8
                ]
            },
            "faces": {
                "north": {
                    "uv": [
                        0,
                        8,
                        0.66667,
                        10.33333
                    ],
                    "texture": "#0"
                },
                "east": {
                    "uv": [
                        8,
                        0,
                        8.66667,
                        2.33333
                    ],
                    "texture": "#0"
                },
                "south": {
                    "uv": [
                        0.66667,
                        8,
                        1.33333,
                        10.33333
                    ],
                    "texture": "#0"
                },
                "west": {
                    "uv": [
                        4,
                        8,
                        4.66667,
                        10.33333
                    ],
                    "texture": "#0"
                }
            }
        },
        {
            "from": [
                6.68934,
                3.01777,
                6.25
            ],
            "to": [
                8.68934,
                3.51777,
                8.25
            ],
            "rotation": {
                "angle": -45,
                "axis": "y",
                "origin": [
                    6.93934,
                    3.01777,
                    8
                ]
            },
            "faces": {
                "north": {
                    "uv": [
                        12,
                        2,
                        13.33333,
                        2.33333
                    ],
                    "texture": "#0"
                },
                "east": {
                    "uv": [
                        12,
                        2.66667,
                        13.33333,
                        3
                    ],
                    "texture": "#0"
                },
                "south": {
                    "uv": [
                        3.33333,
                        12,
                        4.66667,
                        12.33333
                    ],
                    "texture": "#0"
                },
                "west": {
                    "uv": [
                        12,
                        3.33333,
                        13.33333,
                        3.66667
                    ],
                    "texture": "#0"
                },
                "up": {
                    "uv": [
                        8,
                        1.33333,
                        6.66667,
                        0
                    ],
                    "texture": "#0"
                },
                "down": {
                    "uv": [
                        8,
                        1.33333,
                        6.66667,
                        2.66667
                    ],
                    "texture": "#0"
                }
            }
        },
        {
            "from": [
                6.68934,
                8.26777,
                6.25
            ],
            "to": [
                8.68934,
                8.76777,
                8.25
            ],
            "rotation": {
                "angle": -45,
                "axis": "y",
                "origin": [
                    6.93934,
                    8.26777,
                    8
                ]
            },
            "faces": {
                "north": {
                    "uv": [
                        12,
                        4,
                        13.33333,
                        4.33333
                    ],
                    "texture": "#0"
                },
                "east": {
                    "uv": [
                        4.66667,
                        12,
                        6,
                        12.33333
                    ],
                    "texture": "#0"
                },
                "south": {
                    "uv": [
                        12,
                        4.66667,
                        13.33333,
                        5
                    ],
                    "texture": "#0"
                },
                "west": {
                    "uv": [
                        6,
                        12,
                        7.33333,
                        12.33333
                    ],
                    "texture": "#0"
                },
                "up": {
                    "uv": [
                        8,
                        4,
                        6.66667,
                        2.66667
                    ],
                    "texture": "#0"
                },
                "down": {
                    "uv": [
                        8,
                        5.33333,
                        6.66667,
                        6.66667
                    ],
                    "texture": "#0"
                }
            }
        },
        {
            "from": [
                6.93934,
                7.51777,
                6.5
            ],
            "to": [
                8.43934,
                8.26777,
                8
            ],
            "rotation": {
                "angle": -45,
                "axis": "y",
                "origin": [
                    6.93934,
                    7.01777,
                    8
                ]
            },
            "faces": {
                "north": {
                    "uv": [
                        11.33333,
                        8.66667,
                        12.33333,
                        9.16667
                    ],
                    "texture": "#0"
                },
                "east": {
                    "uv": [
                        11.33333,
                        9.33333,
                        12.33333,
                        9.83333
                    ],
                    "texture": "#0"
                },
                "south": {
                    "uv": [
                        10,
                        11.33333,
                        11,
                        11.83333
                    ],
                    "texture": "#0"
                },
                "west": {
                    "uv": [
                        11.33333,
                        11.33333,
                        12.33333,
                        11.83333
                    ],
                    "texture": "#0"
                }
            }
        },
        {
            "from": [
                6.68934,
                7.01777,
                6.25
            ],
            "to": [
                8.68934,
                7.51777,
                8.25
            ],
            "rotation": {
                "angle": -45,
                "axis": "y",
                "origin": [
                    6.93934,
                    7.01777,
                    8
                ]
            },
            "faces": {
                "north": {
                    "uv": [
                        7.33333,
                        12,
                        8.66667,
                        12.33333
                    ],
                    "texture": "#0"
                },
                "east": {
                    "uv": [
                        10,
                        12,
                        11.33333,
                        12.33333
                    ],
                    "texture": "#0"
                },
                "south": {
                    "uv": [
                        12,
                        10.66667,
                        13.33333,
                        11
                    ],
                    "texture": "#0"
                },
                "west": {
                    "uv": [
                        11.33333,
                        12,
                        12.66667,
                        12.33333
                    ],
                    "texture": "#0"
                },
                "up": {
                    "uv": [
                        8,
                        8,
                        6.66667,
                        6.66667
                    ],
                    "texture": "#0"
                },
                "down": {
                    "uv": [
                        8.66667,
                        4,
                        7.33333,
                        5.33333
                    ],
                    "texture": "#0"
                }
            }
        },
        {
            "from": [
                7,
                9.5,
                5.25
            ],
            "to": [
                9,
                11.75,
                7.5
            ],
            "rotation": {
                "angle": -45,
                "axis": "x",
                "origin": [
                    8,
                    12.25,
                    8
                ]
            },
            "faces": {
                "north": {
                    "uv": [
                        3.33333,
                        0,
                        4.66667,
                        1.5
                    ],
                    "texture": "#0"
                },
                "east": {
                    "uv": [
                        1.66667,
                        0,
                        3.16667,
                        1.5
                    ],
                    "texture": "#0"
                },
                "south": {
                    "uv": [
                        3.33333,
                        2,
                        4.66667,
                        3.5
                    ],
                    "texture": "#0"
                },
                "west": {
                    "uv": [
                        1.66667,
                        2,
                        3.16667,
                        3.5
                    ],
                    "texture": "#0"
                },
                "up": {
                    "uv": [
                        2.66667,
                        5.5,
                        1.33333,
                        4
                    ],
                    "texture": "#0"
                },
                "down": {
                    "uv": [
                        4,
                        4,
                        2.66667,
                        5.5
                    ],
                    "texture": "#0"
                }
            }
        },
        {
            "from": [
                6.75,
                9.75,
                5.5
            ],
            "to": [
                9.25,
                11.5,
                7.25
            ],
            "rotation": {
                "angle": -45,
                "axis": "x",
                "origin": [
                    8,
                    12.25,
                    8
                ]
            },
            "faces": {
                "north": {
                    "uv": [
                        4,
                        4,
                        5.66667,
                        5.16667
                    ],
                    "texture": "#0"
                },
                "east": {
                    "uv": [
                        8,
                        2.66667,
                        9.16667,
                        3.83333
                    ],
                    "texture": "#0"
                },
                "south": {
                    "uv": [
                        4.66667,
                        0,
                        6.33333,
                        1.16667
                    ],
                    "texture": "#0"
                },
                "west": {
                    "uv": [
                        4.66667,
                        8,
                        5.83333,
                        9.16667
                    ],
                    "texture": "#0"
                },
                "up": {
                    "uv": [
                        6.33333,
                        2.5,
                        4.66667,
                        1.33333
                    ],
                    "texture": "#0"
                },
                "down": {
                    "uv": [
                        6.33333,
                        2.66667,
                        4.66667,
                        3.83333
                    ],
                    "texture": "#0"
                }
            }
        },
        {
            "from": [
                6.9,
                6.825,
                4.875
            ],
            "to": [
                6.9,
                13.075,
                11.125
            ],
            "rotation": {
                "angle": 0,
                "axis": "y",
                "origin": [
                    0,
                    0,
                    5.125
                ]
            },
            "faces": {
                "west": {
                    "uv": [
                        0,
                        0,
                        12.5,
                        12.5
                    ],
                    "texture": "#1"
                }
            }
        },
        {
            "from": [
                9.1,
                6.825,
                4.875
            ],
            "to": [
                9.1,
                13.075,
                11.125
            ],
            "rotation": {
                "angle": 0,
                "axis": "y",
                "origin": [
                    16,
                    0,
                    5.125
                ]
            },
            "faces": {
                "east": {
                    "uv": [
                        12.5,
                        0,
                        0,
                        12.5
                    ],
                    "texture": "#1"
                }
            }
        },
        {
            "from": [
                7.04289,
                9.9519,
                7.82322
            ],
            "to": [
                8.29289,
                13.4519,
                9.07322
            ],
            "rotation": {
                "angle": 45,
                "axis": "y",
                "origin": [
                    7.29289,
                    10.2019,
                    7.82322
                ]
            },
            "faces": {
                "north": {
                    "uv": [
                        4,
                        5.33333,
                        4.83333,
                        7.66667
                    ],
                    "texture": "#0"
                },
                "east": {
                    "uv": [
                        5.33333,
                        5.33333,
                        6.16667,
                        7.66667
                    ],
                    "texture": "#0"
                },
                "south": {
                    "uv": [
                        1.33333,
                        6,
                        2.16667,
                        8.33333
                    ],
                    "texture": "#0"
                },
                "west": {
                    "uv": [
                        2.66667,
                        6,
                        3.5,
                        8.33333
                    ],
                    "texture": "#0"
                },
                "up": {
                    "uv": [
                        2.83333,
                        10.83333,
                        2,
                        10
                    ],
                    "texture": "#0"
                }
            }
        },
        {
            "from": [
                7.21967,
                13.4519,
                7.82322
            ],
            "to": [
                8.21967,
                16.4519,
                8.82322
            ],
            "rotation": {
                "angle": 45,
                "axis": "y",
                "origin": [
                    7.46967,
                    13.7019,
                    7.82322
                ]
            },
            "faces": {
                "north": {
                    "uv": [
                        8,
                        6.66667,
                        8.66667,
                        8.66667
                    ],
                    "texture": "#0"
                },
                "east": {
                    "uv": [
                        7.33333,
                        8,
                        8,
                        10
                    ],
                    "texture": "#0"
                },
                "south": {
                    "uv": [
                        8.66667,
                        0,
                        9.33333,
                        2
                    ],
                    "texture": "#0"
                },
                "west": {
                    "uv": [
                        1.33333,
                        8.66667,
                        2,
                        10.66667
                    ],
                    "texture": "#0"
                },
                "up": {
                    "uv": [
                        7.33333,
                        10,
                        6.66667,
                        9.33333
                    ],
                    "texture": "#0"
                }
            }
        },
        {
            "from": [
                7.46967,
                16.4519,
                8
            ],
            "to": [
                8.21967,
                19.4519,
                8.75
            ],
            "rotation": {
                "angle": 45,
                "axis": "y",
                "origin": [
                    7.46967,
                    16.7019,
                    8
                ]
            },
            "faces": {
                "north": {
                    "uv": [
                        3.33333,
                        8.66667,
                        3.83333,
                        10.66667
                    ],
                    "texture": "#0"
                },
                "east": {
                    "uv": [
                        4.66667,
                        9.33333,
                        5.16667,
                        11.33333
                    ],
                    "texture": "#0"
                },
                "south": {
                    "uv": [
                        5.33333,
                        9.33333,
                        5.83333,
                        11.33333
                    ],
                    "texture": "#0"
                },
                "west": {
                    "uv": [
                        6,
                        9.33333,
                        6.5,
                        11.33333
                    ],
                    "texture": "#0"
                }
            }
        },
        {
            "from": [
                7.425,
                18.88873,
                8
            ],
            "to": [
                8.575,
                20.03873,
                9.15
            ],
            "rotation": {
                "angle": -45,
                "axis": "x",
                "origin": [
                    7.425,
                    18.88873,
                    8
                ]
            },
            "faces": {
                "north": {
                    "uv": [
                        10,
                        4,
                        10.83333,
                        4.83333
                    ],
                    "texture": "#0"
                },
                "east": {
                    "uv": [
                        6.66667,
                        10,
                        7.5,
                        10.83333
                    ],
                    "texture": "#0"
                },
                "south": {
                    "uv": [
                        10,
                        6.66667,
                        10.83333,
                        7.5
                    ],
                    "texture": "#0"
                },
                "west": {
                    "uv": [
                        8,
                        10,
                        8.83333,
                        10.83333
                    ],
                    "texture": "#0"
                },
                "up": {
                    "uv": [
                        0.83333,
                        11.5,
                        0,
                        10.66667
                    ],
                    "texture": "#0"
                },
                "down": {
                    "uv": [
                        11.5,
                        0,
                        10.66667,
                        0.83333
                    ],
                    "texture": "#0"
                }
            }
        },
        {
            "from": [
                6.75,
                12,
                6
            ],
            "to": [
                7.25,
                12.5,
                8.5
            ],
            "rotation": {
                "angle": 45,
                "axis": "y",
                "origin": [
                    8,
                    12.25,
                    7.25
                ]
            },
            "faces": {
                "north": {
                    "uv": [
                        12.66667,
                        8,
                        13,
                        8.33333
                    ],
                    "texture": "#0"
                },
                "east": {
                    "uv": [
                        10.66667,
                        5.33333,
                        12.33333,
                        5.66667
                    ],
                    "texture": "#0"
                },
                "south": {
                    "uv": [
                        12.66667,
                        8.66667,
                        13,
                        9
                    ],
                    "texture": "#0"
                },
                "west": {
                    "uv": [
                        10.66667,
                        6,
                        12.33333,
                        6.33333
                    ],
                    "texture": "#0"
                },
                "up": {
                    "uv": [
                        11,
                        9.66667,
                        10.66667,
                        8
                    ],
                    "texture": "#0"
                },
                "down": {
                    "uv": [
                        9.66667,
                        10.66667,
                        9.33333,
                        12.33333
                    ],
                    "texture": "#0"
                }
            }
        },
        {
            "from": [
                8.75,
                12,
                6
            ],
            "to": [
                9.25,
                12.5,
                8.5
            ],
            "rotation": {
                "angle": 45,
                "axis": "y",
                "origin": [
                    8,
                    12.25,
                    7.25
                ]
            },
            "faces": {
                "north": {
                    "uv": [
                        9.33333,
                        12.66667,
                        9.66667,
                        13
                    ],
                    "texture": "#0"
                },
                "east": {
                    "uv": [
                        10,
                        10.66667,
                        11.66667,
                        11
                    ],
                    "texture": "#0"
                },
                "south": {
                    "uv": [
                        12.66667,
                        9.33333,
                        13,
                        9.66667
                    ],
                    "texture": "#0"
                },
                "west": {
                    "uv": [
                        10.66667,
                        10,
                        12.33333,
                        10.33333
                    ],
                    "texture": "#0"
                },
                "up": {
                    "uv": [
                        2.33333,
                        13,
                        2,
                        11.33333
                    ],
                    "texture": "#0"
                },
                "down": {
                    "uv": [
                        3,
                        11.33333,
                        2.66667,
                        13
                    ],
                    "texture": "#0"
                }
            }
        },
        {
            "from": [
                7.25,
                12,
                8
            ],
            "to": [
                8.75,
                12.5,
                8.5
            ],
            "rotation": {
                "angle": 45,
                "axis": "y",
                "origin": [
                    8,
                    12.25,
                    7.25
                ]
            },
            "faces": {
                "north": {
                    "uv": [
                        4,
                        12.66667,
                        5,
                        13
                    ],
                    "texture": "#0"
                },
                "east": {
                    "uv": [
                        10,
                        12.66667,
                        10.33333,
                        13
                    ],
                    "texture": "#0"
                },
                "south": {
                    "uv": [
                        5.33333,
                        12.66667,
                        6.33333,
                        13
                    ],
                    "texture": "#0"
                },
                "west": {
                    "uv": [
                        12.66667,
                        10,
                        13,
                        10.33333
                    ],
                    "texture": "#0"
                },
                "up": {
                    "uv": [
                        13.66667,
                        5.66667,
                        12.66667,
                        5.33333
                    ],
                    "texture": "#0"
                },
                "down": {
                    "uv": [
                        13.66667,
                        6,
                        12.66667,
                        6.33333
                    ],
                    "texture": "#0"
                }
            }
        },
        {
            "from": [
                7.25,
                12,
                6
            ],
            "to": [
                8.75,
                12.5,
                6.5
            ],
            "rotation": {
                "angle": 45,
                "axis": "y",
                "origin": [
                    8,
                    12.25,
                    7.25
                ]
            },
            "faces": {
                "north": {
                    "uv": [
                        6.66667,
                        12.66667,
                        7.66667,
                        13
                    ],
                    "texture": "#0"
                },
                "east": {
                    "uv": [
                        10.66667,
                        12.66667,
                        11,
                        13
                    ],
                    "texture": "#0"
                },
                "south": {
                    "uv": [
                        12.66667,
                        6.66667,
                        13.66667,
                        7
                    ],
                    "texture": "#0"
                },
                "west": {
                    "uv": [
                        11.33333,
                        12.66667,
                        11.66667,
                        13
                    ],
                    "texture": "#0"
                },
                "up": {
                    "uv": [
                        13.66667,
                        7.66667,
                        12.66667,
                        7.33333
                    ],
                    "texture": "#0"
                },
                "down": {
                    "uv": [
                        9,
                        12.66667,
                        8,
                        13
                    ],
                    "texture": "#0"
                }
            }
        },
        {
            "from": [
                6.75,
                15,
                6
            ],
            "to": [
                7.25,
                15.5,
                8.5
            ],
            "rotation": {
                "angle": 45,
                "axis": "y",
                "origin": [
                    8,
                    12.25,
                    7.25
                ]
            },
            "faces": {
                "north": {
                    "uv": [
                        12.66667,
                        8,
                        13,
                        8.33333
                    ],
                    "texture": "#0"
                },
                "east": {
                    "uv": [
                        10.66667,
                        5.33333,
                        12.33333,
                        5.66667
                    ],
                    "texture": "#0"
                },
                "south": {
                    "uv": [
                        12.66667,
                        8.66667,
                        13,
                        9
                    ],
                    "texture": "#0"
                },
                "west": {
                    "uv": [
                        10.66667,
                        6,
                        12.33333,
                        6.33333
                    ],
                    "texture": "#0"
                },
                "up": {
                    "uv": [
                        11,
                        9.66667,
                        10.66667,
                        8
                    ],
                    "texture": "#0"
                },
                "down": {
                    "uv": [
                        9.66667,
                        10.66667,
                        9.33333,
                        12.33333
                    ],
                    "texture": "#0"
                }
            }
        },
        {
            "from": [
                8.75,
                15,
                6
            ],
            "to": [
                9.25,
                15.5,
                8.5
            ],
            "rotation": {
                "angle": 45,
                "axis": "y",
                "origin": [
                    8,
                    12.25,
                    7.25
                ]
            },
            "faces": {
                "north": {
                    "uv": [
                        9.33333,
                        12.66667,
                        9.66667,
                        13
                    ],
                    "texture": "#0"
                },
                "east": {
                    "uv": [
                        10,
                        10.66667,
                        11.66667,
                        11
                    ],
                    "texture": "#0"
                },
                "south": {
                    "uv": [
                        12.66667,
                        9.33333,
                        13,
                        9.66667
                    ],
                    "texture": "#0"
                },
                "west": {
                    "uv": [
                        10.66667,
                        10,
                        12.33333,
                        10.33333
                    ],
                    "texture": "#0"
                },
                "up": {
                    "uv": [
                        2.33333,
                        13,
                        2,
                        11.33333
                    ],
                    "texture": "#0"
                },
                "down": {
                    "uv": [
                        3,
                        11.33333,
                        2.66667,
                        13
                    ],
                    "texture": "#0"
                }
            }
        },
        {
            "from": [
                7.25,
                15,
                6
            ],
            "to": [
                8.75,
                15.5,
                6.5
            ],
            "rotation": {
                "angle": 45,
                "axis": "y",
                "origin": [
                    8,
                    12.25,
                    7.25
                ]
            },
            "faces": {
                "north": {
                    "uv": [
                        6.66667,
                        12.66667,
                        7.66667,
                        13
                    ],
                    "texture": "#0"
                },
                "east": {
                    "uv": [
                        10.66667,
                        12.66667,
                        11,
                        13
                    ],
                    "texture": "#0"
                },
                "south": {
                    "uv": [
                        12.66667,
                        6.66667,
                        13.66667,
                        7
                    ],
                    "texture": "#0"
                },
                "west": {
                    "uv": [
                        11.33333,
                        12.66667,
                        11.66667,
                        13
                    ],
                    "texture": "#0"
                },
                "up": {
                    "uv": [
                        13.66667,
                        7.66667,
                        12.66667,
                        7.33333
                    ],
                    "texture": "#0"
                },
                "down": {
                    "uv": [
                        9,
                        12.66667,
                        8,
                        13
                    ],
                    "texture": "#0"
                }
            }
        },
        {
            "from": [
                7.25,
                15,
                8
            ],
            "to": [
                8.75,
                15.5,
                8.5
            ],
            "rotation": {
                "angle": 45,
                "axis": "y",
                "origin": [
                    8,
                    12.25,
                    7.25
                ]
            },
            "faces": {
                "north": {
                    "uv": [
                        4,
                        12.66667,
                        5,
                        13
                    ],
                    "texture": "#0"
                },
                "east": {
                    "uv": [
                        10,
                        12.66667,
                        10.33333,
                        13
                    ],
                    "texture": "#0"
                },
                "south": {
                    "uv": [
                        5.33333,
                        12.66667,
                        6.33333,
                        13
                    ],
                    "texture": "#0"
                },
                "west": {
                    "uv": [
                        12.66667,
                        10,
                        13,
                        10.33333
                    ],
                    "texture": "#0"
                },
                "up": {
                    "uv": [
                        13.66667,
                        5.66667,
                        12.66667,
                        5.33333
                    ],
                    "texture": "#0"
                },
                "down": {
                    "uv": [
                        13.66667,
                        6,
                        12.66667,
                        6.33333
                    ],
                    "texture": "#0"
                }
            }
        },
        {
            "from": [
                7.25,
                18,
                8
            ],
            "to": [
                8.75,
                18.5,
                8.5
            ],
            "rotation": {
                "angle": 45,
                "axis": "y",
                "origin": [
                    8,
                    12.25,
                    7.25
                ]
            },
            "faces": {
                "north": {
                    "uv": [
                        4,
                        12.66667,
                        5,
                        13
                    ],
                    "texture": "#0"
                },
                "east": {
                    "uv": [
                        10,
                        12.66667,
                        10.33333,
                        13
                    ],
                    "texture": "#0"
                },
                "south": {
                    "uv": [
                        5.33333,
                        12.66667,
                        6.33333,
                        13
                    ],
                    "texture": "#0"
                },
                "west": {
                    "uv": [
                        12.66667,
                        10,
                        13,
                        10.33333
                    ],
                    "texture": "#0"
                },
                "up": {
                    "uv": [
                        13.66667,
                        5.66667,
                        12.66667,
                        5.33333
                    ],
                    "texture": "#0"
                },
                "down": {
                    "uv": [
                        13.66667,
                        6,
                        12.66667,
                        6.33333
                    ],
                    "texture": "#0"
                }
            }
        },
        {
            "from": [
                7.25,
                18,
                6
            ],
            "to": [
                8.75,
                18.5,
                6.5
            ],
            "rotation": {
                "angle": 45,
                "axis": "y",
                "origin": [
                    8,
                    12.25,
                    7.25
                ]
            },
            "faces": {
                "north": {
                    "uv": [
                        6.66667,
                        12.66667,
                        7.66667,
                        13
                    ],
                    "texture": "#0"
                },
                "east": {
                    "uv": [
                        10.66667,
                        12.66667,
                        11,
                        13
                    ],
                    "texture": "#0"
                },
                "south": {
                    "uv": [
                        12.66667,
                        6.66667,
                        13.66667,
                        7
                    ],
                    "texture": "#0"
                },
                "west": {
                    "uv": [
                        11.33333,
                        12.66667,
                        11.66667,
                        13
                    ],
                    "texture": "#0"
                },
                "up": {
                    "uv": [
                        13.66667,
                        7.66667,
                        12.66667,
                        7.33333
                    ],
                    "texture": "#0"
                },
                "down": {
                    "uv": [
                        9,
                        12.66667,
                        8,
                        13
                    ],
                    "texture": "#0"
                }
            }
        },
        {
            "from": [
                8.75,
                18,
                6
            ],
            "to": [
                9.25,
                18.5,
                8.5
            ],
            "rotation": {
                "angle": 45,
                "axis": "y",
                "origin": [
                    8,
                    12.25,
                    7.25
                ]
            },
            "faces": {
                "north": {
                    "uv": [
                        9.33333,
                        12.66667,
                        9.66667,
                        13
                    ],
                    "texture": "#0"
                },
                "east": {
                    "uv": [
                        10,
                        10.66667,
                        11.66667,
                        11
                    ],
                    "texture": "#0"
                },
                "south": {
                    "uv": [
                        12.66667,
                        9.33333,
                        13,
                        9.66667
                    ],
                    "texture": "#0"
                },
                "west": {
                    "uv": [
                        10.66667,
                        10,
                        12.33333,
                        10.33333
                    ],
                    "texture": "#0"
                },
                "up": {
                    "uv": [
                        2.33333,
                        13,
                        2,
                        11.33333
                    ],
                    "texture": "#0"
                },
                "down": {
                    "uv": [
                        3,
                        11.33333,
                        2.66667,
                        13
                    ],
                    "texture": "#0"
                }
            }
        },
        {
            "from": [
                6.75,
                18,
                6
            ],
            "to": [
                7.25,
                18.5,
                8.5
            ],
            "rotation": {
                "angle": 45,
                "axis": "y",
                "origin": [
                    8,
                    12.25,
                    7.25
                ]
            },
            "faces": {
                "north": {
                    "uv": [
                        12.66667,
                        8,
                        13,
                        8.33333
                    ],
                    "texture": "#0"
                },
                "east": {
                    "uv": [
                        10.66667,
                        5.33333,
                        12.33333,
                        5.66667
                    ],
                    "texture": "#0"
                },
                "south": {
                    "uv": [
                        12.66667,
                        8.66667,
                        13,
                        9
                    ],
                    "texture": "#0"
                },
                "west": {
                    "uv": [
                        10.66667,
                        6,
                        12.33333,
                        6.33333
                    ],
                    "texture": "#0"
                },
                "up": {
                    "uv": [
                        11,
                        9.66667,
                        10.66667,
                        8
                    ],
                    "texture": "#0"
                },
                "down": {
                    "uv": [
                        9.66667,
                        10.66667,
                        9.33333,
                        12.33333
                    ],
                    "texture": "#0"
                }
            }
        },
        {
            "from": [
                7.985,
                9.9519,
                5.46967
            ],
            "to": [
                8.015,
                19.4519,
                7.46967
            ],
            "rotation": {
                "angle": 0,
                "axis": "y",
                "origin": [
                    7.985,
                    7.4519,
                    3.46967
                ]
            },
            "faces": {
                "east": {
                    "uv": [
                        1.33333,
                        0,
                        0,
                        6.33333
                    ],
                    "texture": "#0"
                },
                "west": {
                    "uv": [
                        0,
                        0,
                        1.33333,
                        6.33333
                    ],
                    "texture": "#0"
                }
            }
        },
        {
            "from": [
                8,
                19.4519,
                2.43683
            ],
            "to": [
                8,
                19.9519,
                7.43683
            ],
            "rotation": {
                "angle": 0,
                "axis": "y",
                "origin": [
                    8,
                    19.2019,
                    2.18683
                ]
            },
            "faces": {
                "east": {
                    "uv": [
                        12,
                        2,
                        8.66667,
                        2.33333
                    ],
                    "texture": "#0"
                },
                "west": {
                    "uv": [
                        8.66667,
                        2,
                        12,
                        2.33333
                    ],
                    "texture": "#0"
                }
            }
        },
        {
            "from": [
                7.985,
                17.89124,
                1.02261
            ],
            "to": [
                8.015,
                19.39124,
                2.52261
            ],
            "rotation": {
                "angle": 45,
                "axis": "x",
                "origin": [
                    7.985,
                    18.64124,
                    1.52261
                ]
            },
            "faces": {
                "east": {
                    "uv": [
                        10.33333,
                        5.33333,
                        9.33333,
                        6.33333
                    ],
                    "texture": "#0"
                },
                "west": {
                    "uv": [
                        9.33333,
                        5.33333,
                        10.33333,
                        6.33333
                    ],
                    "texture": "#0"
                }
            }
        },
        {
            "from": [
                7.5,
                19.7019,
                1.52261
            ],
            "to": [
                8.5,
                20.7019,
                2.52261
            ],
            "rotation": {
                "angle": 45,
                "axis": "x",
                "origin": [
                    7.5,
                    19.7019,
                    1.52261
                ]
            },
            "faces": {
                "north": {
                    "uv": [
                        8.66667,
                        11.33333,
                        9.33333,
                        12
                    ],
                    "texture": "#0"
                },
                "east": {
                    "uv": [
                        1.33333,
                        12,
                        2,
                        12.66667
                    ],
                    "texture": "#0"
                },
                "south": {
                    "uv": [
                        8.66667,
                        12,
                        9.33333,
                        12.66667
                    ],
                    "texture": "#0"
                },
                "west": {
                    "uv": [
                        0,
                        12.66667,
                        0.66667,
                        13.33333
                    ],
                    "texture": "#0"
                },
                "up": {
                    "uv": [
                        1.33333,
                        13.33333,
                        0.66667,
                        12.66667
                    ],
                    "texture": "#0"
                },
                "down": {
                    "uv": [
                        2,
                        12.66667,
                        1.33333,
                        13.33333
                    ],
                    "texture": "#0"
                }
            }
        }
    ],
    "gui_light": "front",
    "display": {
        "thirdperson_righthand": {
            "translation": [
                0,
                0.75,
                1
            ]
        },
        "thirdperson_lefthand": {
            "translation": [
                0,
                0.75,
                1
            ]
        },
        "firstperson_righthand": {
            "rotation": [
                5,
                0,
                0
            ],
            "translation": [
                2.75,
                0.5,
                1
            ],
            "scale": [
                0.7,
                0.7,
                0.7
            ]
        },
        "firstperson_lefthand": {
            "rotation": [
                5,
                0,
                0
            ],
            "translation": [
                2.75,
                0.5,
                1
            ],
            "scale": [
                0.7,
                0.7,
                0.7
            ]
        },
        "ground": {
            "rotation": [
                45,
                0,
                0
            ],
            "translation": [
                0,
                3,
                0
            ],
            "scale": [
                0.7,
                0.7,
                0.7
            ]
        },
        "gui": {
            "rotation": [
                -90,
                45,
                90
            ],
            "translation": [
                2.75,
                -1,
                0
            ],
            "scale": [
                0.9,
                0.9,
                0.9
            ]
        },
        "head": {
            "rotation": [
                0,
                90,
                0
            ]
        },
        "fixed": {
            "rotation": [
                0,
                -90,
                0
            ],
            "translation": [
                0,
                0,
                -1.75
            ],
            "scale": [
                2,
                2,
                2
            ]
        }
    }
}