{
	"credit": "Made with Blockbench",
	"texture_size": [64, 64],
	"textures": {
		"0": "item/backpacks/ifrit_wings/tex3",
		"1": "item/backpacks/ifrit_wings/hornfire",
		"2": "item/backpacks/ifrit_wings/fire",
		"particle": "item/backpacks/ifrit_wings/tex3"
	},
	"elements": [
		{
			"from": [14, 5, 5.75],
			"to": [16, 13, 8.25],
			"rotation": {"angle": -45, "axis": "z", "origin": [15, 6, 7]},
			"faces": {
				"north": {"uv": [0.625, 1.5, 2.625, 2], "rotation": 270, "texture": "#0"},
				"east": {"uv": [0.625, 2, 1.25, 4], "rotation": 180, "texture": "#0"},
				"south": {"uv": [2.625, 1.5, 0.625, 2], "rotation": 90, "texture": "#0"},
				"west": {"uv": [0, 2, 0.625, 4], "texture": "#0"},
				"up": {"uv": [0, 1.5, 0.625, 2], "rotation": 90, "texture": "#0"},
				"down": {"uv": [0, 1.5, 0.625, 2], "rotation": 90, "texture": "#0"}
			}
		},
		{
			"from": [18.21005, 10.22893, 5.5],
			"to": [20.71005, 17.22893, 8.5],
			"rotation": {"angle": 0, "axis": "y", "origin": [20.7, 10.3, 7]},
			"faces": {
				"north": {"uv": [2.5, 2.75, 4.25, 3.375], "rotation": 270, "texture": "#0"},
				"east": {"uv": [1.25, 3.375, 2, 5.125], "rotation": 180, "texture": "#0"},
				"south": {"uv": [3.625, 4.75, 5.375, 5.375], "rotation": 90, "texture": "#0"},
				"west": {"uv": [2, 3.375, 2.75, 5.125], "texture": "#0"},
				"up": {"uv": [2.75, 3.375, 3.5, 4], "rotation": 90, "texture": "#0"},
				"down": {"uv": [1.75, 2.75, 2.5, 3.375], "rotation": 90, "texture": "#0"}
			}
		},
		{
			"from": [13.4, 0.5, 6],
			"to": [15.9, 19.5, 8],
			"rotation": {"angle": -22.5, "axis": "z", "origin": [15, 6, 7]},
			"faces": {
				"north": {"uv": [1.75, 2, 6.5, 2.625], "rotation": 270, "texture": "#0"},
				"east": {"uv": [0, 4, 0.5, 8.75], "rotation": 180, "texture": "#0"},
				"south": {"uv": [6.5, 2, 1.75, 2.625], "rotation": 90, "texture": "#0"},
				"west": {"uv": [0.5, 4, 1, 8.75], "texture": "#0"},
				"up": {"uv": [1.25, 2.625, 1.75, 3.25], "rotation": 90, "texture": "#0"},
				"down": {"uv": [1.25, 2, 1.75, 2.625], "rotation": 90, "texture": "#0"}
			}
		},
		{
			"from": [11.48455, -1.41356, 6.25],
			"to": [13.48455, 0.58644, 7.75],
			"rotation": {"angle": -45, "axis": "z", "origin": [13.7, 0.6, 7]},
			"faces": {
				"north": {"uv": [5.125, 3.75, 5.625, 4.25], "rotation": 270, "texture": "#0"},
				"east": {"uv": [4.75, 3.75, 5.125, 4.25], "rotation": 180, "texture": "#0"},
				"south": {"uv": [5.625, 3.75, 5.125, 4.25], "rotation": 90, "texture": "#0"},
				"west": {"uv": [4.75, 4.25, 5.125, 4.75], "texture": "#0"},
				"up": {"uv": [5.125, 4.25, 5.5, 4.75], "rotation": 90, "texture": "#0"},
				"down": {"uv": [5.125, 4.25, 5.5, 4.75], "rotation": 90, "texture": "#0"}
			}
		},
		{
			"from": [10.13098, -0.36133, 6.5],
			"to": [12.13098, 1.13867, 7.5],
			"rotation": {"angle": 22.5, "axis": "z", "origin": [12.2, -0.65, 7]},
			"faces": {
				"north": {"uv": [1.5, 5.75, 2, 6.125], "rotation": 180, "texture": "#0"},
				"east": {"uv": [1.25, 5.75, 1.5, 6.125], "rotation": 180, "texture": "#0"},
				"south": {"uv": [2, 5.75, 1.5, 6.125], "rotation": 180, "texture": "#0"},
				"west": {"uv": [1.25, 5.75, 1.5, 6.125], "rotation": 180, "texture": "#0"},
				"up": {"uv": [2, 5.75, 2.25, 6.25], "rotation": 270, "texture": "#0"},
				"down": {"uv": [2.5, 5.875, 2.75, 6.375], "rotation": 270, "texture": "#0"}
			}
		},
		{
			"from": [8.17008, -1.16476, 6.75],
			"to": [10.17008, -0.16476, 7.25],
			"rotation": {"angle": 0, "axis": "y", "origin": [10.2, -1.15, 7]},
			"faces": {
				"north": {"uv": [1.5, 6.125, 2, 6.375], "rotation": 180, "texture": "#0"},
				"east": {"uv": [2.375, 5.875, 2.5, 6.125], "rotation": 180, "texture": "#0"},
				"south": {"uv": [2, 6.125, 1.5, 6.375], "rotation": 180, "texture": "#0"},
				"west": {"uv": [2.375, 5.875, 2.5, 6.125], "rotation": 180, "texture": "#0"},
				"up": {"uv": [2.375, 6.125, 2.5, 6.625], "rotation": 90, "texture": "#0"},
				"down": {"uv": [2.25, 5.75, 2.375, 6.25], "rotation": 270, "texture": "#0"}
			}
		},
		{
			"from": [14.4, 19.5, 6],
			"to": [16.9, 22.5, 8],
			"rotation": {"angle": -22.5, "axis": "z", "origin": [15, 6, 7]},
			"faces": {
				"north": {"uv": [3.25, 4, 4, 4.625], "rotation": 270, "texture": "#0"},
				"east": {"uv": [2.75, 4.625, 3.25, 5.375], "rotation": 180, "texture": "#0"},
				"south": {"uv": [4, 4, 3.25, 4.625], "rotation": 90, "texture": "#0"},
				"west": {"uv": [3.25, 4.625, 3.75, 5.375], "texture": "#0"},
				"up": {"uv": [3.5, 3.375, 4, 4], "rotation": 90, "texture": "#0"},
				"down": {"uv": [2.75, 4, 3.25, 4.625], "rotation": 90, "texture": "#0"}
			}
		},
		{
			"from": [20.73482, 21.45269, 6.25],
			"to": [22.73482, 24.45269, 7.75],
			"rotation": {"angle": -45, "axis": "z", "origin": [20.8, 21.4, 7]},
			"faces": {
				"north": {"uv": [1.625, 5.125, 2.375, 5.625], "rotation": 270, "texture": "#0"},
				"east": {"uv": [2.375, 5.125, 2.75, 5.875], "rotation": 180, "texture": "#0"},
				"south": {"uv": [2.375, 5.125, 1.625, 5.625], "rotation": 90, "texture": "#0"},
				"west": {"uv": [2.75, 5.375, 3.125, 6.125], "texture": "#0"},
				"up": {"uv": [1.25, 5.125, 1.625, 5.625], "rotation": 90, "texture": "#0"},
				"down": {"uv": [1.25, 5.125, 1.625, 5.625], "rotation": 90, "texture": "#0"}
			}
		},
		{
			"from": [22.91213, 22.09447, 6.5],
			"to": [26.91213, 23.59447, 7.5],
			"rotation": {"angle": 22.5, "axis": "z", "origin": [22.9, 23.6, 7]},
			"faces": {
				"north": {"uv": [4.5, 2.75, 5.5, 3.125], "rotation": 180, "texture": "#0"},
				"east": {"uv": [4.25, 2.75, 4.5, 3.125], "rotation": 180, "texture": "#0"},
				"south": {"uv": [5.5, 2.75, 4.5, 3.125], "rotation": 180, "texture": "#0"},
				"west": {"uv": [4.25, 3.125, 4.5, 3.5], "rotation": 180, "texture": "#0"},
				"up": {"uv": [4.25, 3.5, 4.5, 4.5], "rotation": 90, "texture": "#0"},
				"down": {"uv": [4, 3.375, 4.25, 4.375], "rotation": 270, "texture": "#0"}
			}
		},
		{
			"from": [27.19357, 23.70935, 6.75],
			"to": [31.19357, 25.20935, 7.25],
			"rotation": {"angle": 45, "axis": "z", "origin": [27.1, 23.7, 7]},
			"faces": {
				"north": {"uv": [4.625, 3.25, 5.625, 3.625], "rotation": 180, "texture": "#0"},
				"east": {"uv": [4.5, 3.25, 4.625, 3.625], "rotation": 180, "texture": "#0"},
				"south": {"uv": [5.625, 3.25, 4.625, 3.625], "rotation": 180, "texture": "#0"},
				"west": {"uv": [4.5, 3.25, 4.625, 3.625], "rotation": 180, "texture": "#0"},
				"up": {"uv": [4.625, 3.625, 4.75, 4.625], "rotation": 90, "texture": "#0"},
				"down": {"uv": [4.5, 3.625, 4.625, 4.625], "rotation": 270, "texture": "#0"}
			}
		},
		{
			"from": [7.9, 0, 7],
			"to": [13.4, 16, 7],
			"rotation": {"angle": -22.5, "axis": "z", "origin": [15, 6, 7.25]},
			"faces": {
				"north": {"uv": [0, 0, 4, 1.375], "rotation": 270, "texture": "#0"},
				"east": {"uv": [0, 16, 0, 0], "rotation": 180, "texture": "#0"},
				"south": {"uv": [4, 0, 0, 1.375], "rotation": 90, "texture": "#0"},
				"west": {"uv": [0, 0, 0, 16], "texture": "#0"},
				"up": {"uv": [0, 0, 0, 5.5], "rotation": 90, "texture": "#0"},
				"down": {"uv": [0, 0, 0, 5.5], "rotation": 90, "texture": "#0"}
			}
		},
		{
			"from": [9.9, 2, 6.5],
			"to": [13.4, 5, 8],
			"rotation": {"angle": -22.5, "axis": "z", "origin": [14.9, 6, 7.25]},
			"faces": {
				"north": {"uv": [7.375, 9.125, 8.125, 10], "rotation": 270, "texture": "#0"},
				"east": {"uv": [0, 4, 0.5, 4.75], "rotation": 180, "texture": "#0"},
				"south": {"uv": [8.125, 9.125, 7.375, 10], "rotation": 90, "texture": "#0"},
				"west": {"uv": [7.125, 8.375, 7.625, 9.125], "texture": "#0"},
				"up": {"uv": [7.625, 8.25, 8.125, 9.125], "rotation": 90, "texture": "#0"},
				"down": {"uv": [6.875, 9.125, 7.375, 10], "rotation": 90, "texture": "#0"}
			}
		},
		{
			"from": [2.6, 2, 6.5],
			"to": [6.1, 5, 8],
			"rotation": {"angle": 22.5, "axis": "z", "origin": [1.1, 6, 7.25]},
			"faces": {
				"north": {"uv": [7.375, 10, 8.125, 9.125], "rotation": 270, "texture": "#0"},
				"east": {"uv": [7.625, 8.375, 7.125, 9.125], "texture": "#0"},
				"south": {"uv": [8.125, 10, 7.375, 9.125], "rotation": 90, "texture": "#0"},
				"west": {"uv": [0.5, 4, 0, 4.75], "rotation": 180, "texture": "#0"},
				"up": {"uv": [7.625, 9.125, 8.125, 8.25], "rotation": 90, "texture": "#0"},
				"down": {"uv": [6.875, 10, 7.375, 9.125], "rotation": 90, "texture": "#0"}
			}
		},
		{
			"from": [-15.19357, 23.70935, 6.75],
			"to": [-11.19357, 25.20935, 7.25],
			"rotation": {"angle": -45, "axis": "z", "origin": [-11.1, 23.7, 7]},
			"faces": {
				"north": {"uv": [5.625, 3.25, 4.625, 3.625], "rotation": 180, "texture": "#0"},
				"east": {"uv": [4.625, 3.25, 4.5, 3.625], "rotation": 180, "texture": "#0"},
				"south": {"uv": [4.625, 3.25, 5.625, 3.625], "rotation": 180, "texture": "#0"},
				"west": {"uv": [4.625, 3.25, 4.5, 3.625], "rotation": 180, "texture": "#0"},
				"up": {"uv": [4.625, 4.625, 4.75, 3.625], "rotation": 90, "texture": "#0"},
				"down": {"uv": [4.5, 4.625, 4.625, 3.625], "rotation": 270, "texture": "#0"}
			}
		},
		{
			"from": [-10.91213, 22.09447, 6.5],
			"to": [-6.91213, 23.59447, 7.5],
			"rotation": {"angle": -22.5, "axis": "z", "origin": [-6.9, 23.6, 7]},
			"faces": {
				"north": {"uv": [5.5, 2.75, 4.5, 3.125], "rotation": 180, "texture": "#0"},
				"east": {"uv": [4.5, 3.125, 4.25, 3.5], "rotation": 180, "texture": "#0"},
				"south": {"uv": [4.5, 2.75, 5.5, 3.125], "rotation": 180, "texture": "#0"},
				"west": {"uv": [4.5, 2.75, 4.25, 3.125], "rotation": 180, "texture": "#0"},
				"up": {"uv": [4.25, 4.5, 4.5, 3.5], "rotation": 90, "texture": "#0"},
				"down": {"uv": [4, 4.375, 4.25, 3.375], "rotation": 270, "texture": "#0"}
			}
		},
		{
			"from": [-6.73482, 21.45269, 6.25],
			"to": [-4.73482, 24.45269, 7.75],
			"rotation": {"angle": 45, "axis": "z", "origin": [-4.8, 21.4, 7]},
			"faces": {
				"north": {"uv": [1.625, 5.625, 2.375, 5.125], "rotation": 270, "texture": "#0"},
				"east": {"uv": [3.125, 5.375, 2.75, 6.125], "texture": "#0"},
				"south": {"uv": [2.375, 5.625, 1.625, 5.125], "rotation": 90, "texture": "#0"},
				"west": {"uv": [2.75, 5.125, 2.375, 5.875], "rotation": 180, "texture": "#0"},
				"up": {"uv": [1.25, 5.625, 1.625, 5.125], "rotation": 90, "texture": "#0"},
				"down": {"uv": [1.25, 5.625, 1.625, 5.125], "rotation": 90, "texture": "#0"}
			}
		},
		{
			"from": [-0.9, 19.5, 6],
			"to": [1.6, 22.5, 8],
			"rotation": {"angle": 22.5, "axis": "z", "origin": [1, 6, 7]},
			"faces": {
				"north": {"uv": [3.25, 4.625, 4, 4], "rotation": 270, "texture": "#0"},
				"east": {"uv": [3.75, 4.625, 3.25, 5.375], "texture": "#0"},
				"south": {"uv": [4, 4.625, 3.25, 4], "rotation": 90, "texture": "#0"},
				"west": {"uv": [3.25, 4.625, 2.75, 5.375], "rotation": 180, "texture": "#0"},
				"up": {"uv": [3.5, 4, 4, 3.375], "rotation": 90, "texture": "#0"},
				"down": {"uv": [2.75, 4.625, 3.25, 4], "rotation": 90, "texture": "#0"}
			}
		},
		{
			"from": [5.82992, -1.16476, 6.75],
			"to": [7.82992, -0.16476, 7.25],
			"rotation": {"angle": 0, "axis": "y", "origin": [5.8, -1.15, 7]},
			"faces": {
				"north": {"uv": [2, 6.125, 1.5, 6.375], "rotation": 180, "texture": "#0"},
				"east": {"uv": [2.5, 5.875, 2.375, 6.125], "rotation": 180, "texture": "#0"},
				"south": {"uv": [1.5, 6.125, 2, 6.375], "rotation": 180, "texture": "#0"},
				"west": {"uv": [2.5, 5.875, 2.375, 6.125], "rotation": 180, "texture": "#0"},
				"up": {"uv": [2.375, 6.625, 2.5, 6.125], "rotation": 90, "texture": "#0"},
				"down": {"uv": [2.25, 6.25, 2.375, 5.75], "rotation": 270, "texture": "#0"}
			}
		},
		{
			"from": [3.86902, -0.36133, 6.5],
			"to": [5.86902, 1.13867, 7.5],
			"rotation": {"angle": -22.5, "axis": "z", "origin": [3.8, -0.65, 7]},
			"faces": {
				"north": {"uv": [2, 5.75, 1.5, 6.125], "rotation": 180, "texture": "#0"},
				"east": {"uv": [1.5, 5.75, 1.25, 6.125], "rotation": 180, "texture": "#0"},
				"south": {"uv": [1.5, 5.75, 2, 6.125], "rotation": 180, "texture": "#0"},
				"west": {"uv": [1.5, 5.75, 1.25, 6.125], "rotation": 180, "texture": "#0"},
				"up": {"uv": [2, 6.25, 2.25, 5.75], "rotation": 270, "texture": "#0"},
				"down": {"uv": [2.5, 6.375, 2.75, 5.875], "rotation": 270, "texture": "#0"}
			}
		},
		{
			"from": [2.51545, -1.41356, 6.25],
			"to": [4.51545, 0.58644, 7.75],
			"rotation": {"angle": 45, "axis": "z", "origin": [2.3, 0.6, 7]},
			"faces": {
				"north": {"uv": [5.125, 4.25, 5.625, 3.75], "rotation": 270, "texture": "#0"},
				"east": {"uv": [5.125, 4.25, 4.75, 4.75], "texture": "#0"},
				"south": {"uv": [5.625, 4.25, 5.125, 3.75], "rotation": 90, "texture": "#0"},
				"west": {"uv": [5.125, 3.75, 4.75, 4.25], "rotation": 180, "texture": "#0"},
				"up": {"uv": [5.125, 4.75, 5.5, 4.25], "rotation": 90, "texture": "#0"},
				"down": {"uv": [5.125, 4.75, 5.5, 4.25], "rotation": 90, "texture": "#0"}
			}
		},
		{
			"from": [0.1, 0.5, 6],
			"to": [2.6, 19.5, 8],
			"rotation": {"angle": 22.5, "axis": "z", "origin": [1, 6, 7]},
			"faces": {
				"north": {"uv": [1.75, 2.625, 6.5, 2], "rotation": 270, "texture": "#0"},
				"east": {"uv": [1, 4, 0.5, 8.75], "texture": "#0"},
				"south": {"uv": [6.5, 2.625, 1.75, 2], "rotation": 90, "texture": "#0"},
				"west": {"uv": [0.5, 4, 0, 8.75], "rotation": 180, "texture": "#0"},
				"up": {"uv": [1.25, 3.25, 1.75, 2.625], "rotation": 90, "texture": "#0"},
				"down": {"uv": [1.25, 2.625, 1.75, 2], "rotation": 90, "texture": "#0"}
			}
		},
		{
			"from": [-4.71005, 10.22893, 5.5],
			"to": [-2.21005, 17.22893, 8.5],
			"rotation": {"angle": 0, "axis": "y", "origin": [-4.7, 10.3, 7]},
			"faces": {
				"north": {"uv": [2.5, 3.375, 4.25, 2.75], "rotation": 270, "texture": "#0"},
				"east": {"uv": [2.75, 3.375, 2, 5.125], "texture": "#0"},
				"south": {"uv": [3.625, 5.375, 5.375, 4.75], "rotation": 90, "texture": "#0"},
				"west": {"uv": [2, 3.375, 1.25, 5.125], "rotation": 180, "texture": "#0"},
				"up": {"uv": [2.75, 4, 3.5, 3.375], "rotation": 90, "texture": "#0"},
				"down": {"uv": [1.75, 3.375, 2.5, 2.75], "rotation": 90, "texture": "#0"}
			}
		},
		{
			"from": [0, 5, 5.75],
			"to": [2, 13, 8.25],
			"rotation": {"angle": 45, "axis": "z", "origin": [1, 6, 7]},
			"faces": {
				"north": {"uv": [0.625, 2, 2.625, 1.5], "rotation": 270, "texture": "#0"},
				"east": {"uv": [0.625, 2, 0, 4], "texture": "#0"},
				"south": {"uv": [2.625, 2, 0.625, 1.5], "rotation": 90, "texture": "#0"},
				"west": {"uv": [1.25, 2, 0.625, 4], "rotation": 180, "texture": "#0"},
				"up": {"uv": [0, 2, 0.625, 1.5], "rotation": 90, "texture": "#0"},
				"down": {"uv": [0, 2, 0.625, 1.5], "rotation": 90, "texture": "#0"}
			}
		},
		{
			"from": [-16, 4, 7],
			"to": [-5, 25, 7],
			"rotation": {"angle": 45, "axis": "z", "origin": [-10, 17, 7]},
			"faces": {
				"north": {"uv": [10.25, 7.5, 13, 12.75], "texture": "#0"},
				"east": {"uv": [0, 0, 0, 5.25], "texture": "#0"},
				"south": {"uv": [13, 7.5, 10.25, 12.75], "texture": "#0"},
				"west": {"uv": [0, 0, 0, 5.25], "texture": "#0"},
				"up": {"uv": [0, 0, 2.75, 0], "texture": "#0"},
				"down": {"uv": [0, 0, 2.75, 0], "texture": "#0"}
			}
		},
		{
			"from": [21, 4, 7],
			"to": [32, 25, 7],
			"rotation": {"angle": -45, "axis": "z", "origin": [26, 17, 7]},
			"faces": {
				"north": {"uv": [13, 7.5, 10.25, 12.75], "texture": "#0"},
				"east": {"uv": [0, 0, 0, 5.25], "texture": "#0"},
				"south": {"uv": [10.25, 7.5, 13, 12.75], "texture": "#0"},
				"west": {"uv": [0, 0, 0, 5.25], "texture": "#0"},
				"up": {"uv": [2.75, 0, 0, 0], "texture": "#0"},
				"down": {"uv": [2.75, 0, 0, 0], "texture": "#0"}
			}
		},
		{
			"from": [7.4, 2.6, 9],
			"to": [12.4, 7.6, 10],
			"rotation": {"angle": -45, "axis": "z", "origin": [8, 7, 9]},
			"faces": {
				"north": {"uv": [5.25, 2, 6.5, 0.75], "rotation": 270, "texture": "#0"},
				"east": {"uv": [5, 0.5, 6.25, 0.75], "rotation": 270, "texture": "#0"},
				"south": {"uv": [5.25, 2, 6.5, 0.75], "rotation": 90, "texture": "#0"},
				"west": {"uv": [5.25, 0.75, 5, 2], "rotation": 180, "texture": "#0"},
				"up": {"uv": [5.25, 0.75, 5, 2], "rotation": 270, "texture": "#0"},
				"down": {"uv": [5, 0.75, 6.25, 0.5], "rotation": 180, "texture": "#0"}
			}
		},
		{
			"from": [-1.5, -2.1, 5],
			"to": [7, 6.4, 9],
			"rotation": {"angle": -45, "axis": "z", "origin": [8, -3.1, 7]},
			"faces": {
				"north": {"uv": [13.875, 3.25, 16, 5.375], "rotation": 90, "texture": "#0"},
				"east": {"uv": [11.5, 2.625, 12.5, 4.75], "rotation": 180, "texture": "#0"},
				"south": {"uv": [13.875, 3.25, 16, 5.375], "rotation": 270, "texture": "#0"},
				"west": {"uv": [11.5, 2.625, 12.5, 4.75], "rotation": 180, "texture": "#0"},
				"up": {"uv": [11.5, 2.625, 12.5, 4.75], "rotation": 270, "texture": "#0"},
				"down": {"uv": [11.5, 4.75, 12.5, 2.625], "rotation": 270, "texture": "#0"}
			}
		},
		{
			"from": [7.4, 2.6, 4],
			"to": [12.4, 7.6, 5],
			"rotation": {"angle": -45, "axis": "z", "origin": [8, 7, 7]},
			"faces": {
				"north": {"uv": [5.25, 0.75, 6.5, 2], "rotation": 90, "texture": "#0"},
				"east": {"uv": [5, 0.75, 6.25, 0.5], "rotation": 270, "texture": "#0"},
				"south": {"uv": [5.25, 0.75, 6.5, 2], "rotation": 270, "texture": "#0"},
				"west": {"uv": [5, 0.75, 5.25, 2], "rotation": 180, "texture": "#0"},
				"up": {"uv": [5, 0.75, 5.25, 2], "rotation": 270, "texture": "#0"},
				"down": {"uv": [5, 0.5, 6.25, 0.75], "rotation": 180, "texture": "#0"}
			}
		},
		{
			"from": [11.27639, 14.22026, 7],
			"to": [25.27639, 31.22026, 7],
			"rotation": {"angle": -22.5, "axis": "z", "origin": [18.27639, 22.72026, 7]},
			"faces": {
				"north": {"uv": [0, 0, 16, 14], "rotation": 90, "texture": "#1"},
				"east": {"uv": [7.5, 0, 7.5, 16], "rotation": 180, "texture": "#1"},
				"south": {"uv": [16, 0, 0, 14], "rotation": 270, "texture": "#1"},
				"west": {"uv": [6.875, 0, 6.875, 16], "texture": "#1"},
				"up": {"uv": [8.125, 2, 8.125, 16], "rotation": 270, "texture": "#1"},
				"down": {"uv": [8.125, 2, 8.125, 16], "rotation": 270, "texture": "#1"}
			}
		},
		{
			"from": [2.6, 0, 7],
			"to": [8.1, 16, 7],
			"rotation": {"angle": 22.5, "axis": "z", "origin": [1, 6, 7.25]},
			"faces": {
				"north": {"uv": [0, 1.375, 4, 0], "rotation": 270, "texture": "#0"},
				"east": {"uv": [0, 0, 0, 16], "texture": "#0"},
				"south": {"uv": [4, 1.375, 0, 0], "rotation": 90, "texture": "#0"},
				"west": {"uv": [0, 16, 0, 0], "rotation": 180, "texture": "#0"},
				"up": {"uv": [0, 5.5, 0, 0], "rotation": 90, "texture": "#0"},
				"down": {"uv": [0, 5.5, 0, 0], "rotation": 90, "texture": "#0"}
			}
		},
		{
			"from": [-9.27639, 14.22026, 7],
			"to": [4.72361, 31.22026, 7],
			"rotation": {"angle": 22.5, "axis": "z", "origin": [-2.27639, 22.72026, 7]},
			"faces": {
				"north": {"uv": [0, 14, 16, 0], "rotation": 90, "texture": "#1"},
				"east": {"uv": [6.875, 0, 6.875, 16], "texture": "#1"},
				"south": {"uv": [16, 14, 0, 0], "rotation": 270, "texture": "#1"},
				"west": {"uv": [7.5, 0, 7.5, 16], "rotation": 180, "texture": "#1"},
				"up": {"uv": [8.125, 16, 8.125, 2], "rotation": 270, "texture": "#1"},
				"down": {"uv": [8.125, 16, 8.125, 2], "rotation": 270, "texture": "#1"}
			}
		},
		{
			"from": [-7, 1, 10],
			"to": [8, 16, 10],
			"faces": {
				"north": {"uv": [1, 0, 16, 15], "texture": "#2"},
				"east": {"uv": [0, 0, 0, 16], "texture": "#2"},
				"south": {"uv": [16, 0, 1, 15], "texture": "#2"},
				"west": {"uv": [0, 0, 0, 16], "texture": "#2"},
				"up": {"uv": [0, 0, 0, 16], "rotation": 90, "texture": "#2"},
				"down": {"uv": [0, 0, 0, 16], "rotation": 270, "texture": "#2"}
			}
		},
		{
			"from": [8, 1, 10],
			"to": [23, 16, 10],
			"rotation": {"angle": 0, "axis": "y", "origin": [16, 0, 0]},
			"faces": {
				"north": {"uv": [16, 0, 1, 15], "texture": "#2"},
				"east": {"uv": [0, 0, 0, 16], "texture": "#2"},
				"south": {"uv": [1, 0, 16, 15], "texture": "#2"},
				"west": {"uv": [0, 0, 0, 16], "texture": "#2"},
				"up": {"uv": [0, 16, 0, 0], "rotation": 90, "texture": "#2"},
				"down": {"uv": [0, 16, 0, 0], "rotation": 270, "texture": "#2"}
			}
		}
	],
	"gui_light": "front",
	"display": {
		"thirdperson_righthand": {
			"rotation": [68.5, 0, 0],
			"translation": [0, 0.75, 0.75],
			"scale": [0.4, 0.4, 0.4]
		},
		"thirdperson_lefthand": {
			"rotation": [68.5, 0, 0],
			"translation": [-5.5, -6.75, 12],
			"scale": [0.85, 0.85, 0.85]
		},
		"firstperson_righthand": {
			"translation": [-1.75, 3, 1],
			"scale": [0.36914, 0.36914, 0.36914]
		},
		"firstperson_lefthand": {
			"rotation": [0, -92, 0],
			"translation": [0.5, 3, 2.25],
			"scale": [0, 0, 0]
		},
		"ground": {
			"rotation": [69, 0, 0],
			"translation": [0, 1.75, 0],
			"scale": [0.5, 0.5, 0.5]
		},
		"gui": {
			"translation": [0, -1.25, 0],
			"scale": [0.31148, 0.31148, 0.31148]
		},
		"head": {
			"translation": [0, -45, 5.75],
			"scale": [1.17, 1.17, 1.15438]
		},
		"fixed": {
			"rotation": [-180, -3, 180],
			"translation": [0, 1, -2],
			"scale": [1.01258, 1.01258, 1.01258]
		}
	},
	"groups": [
		{
			"name": "group",
			"origin": [16, 0, 0],
			"color": 0,
			"boneType": "",
			"children": [0, 1, 2, 3, 4, 5, 6, 7, 8, 9, 10, 11, 12, 13, 14, 15, 16, 17, 18, 19, 20, 21, 22, 23, 24, 25, 26, 27, 28, 29, 30, 31, 32]
		}
	]
}