{
	"credit": "Made with Blockbench",
	"texture_size": [128, 128],
	"textures": {
		"1": "item/hats/astronaut_helmet/astronaut",
		"2": "item/hats/astronaut_helmet/astronaut_animation",
		"particle": "item/hats/astronaut_helmet/astronaut_animation"
	},
	"elements": [
		{
			"from": [-1, 0, -1],
			"to": [17, 4, 17],
			"rotation": {"angle": 0, "axis": "y", "origin": [0, 0, -11]},
			"faces": {
				"north": {"uv": [4.5, 9.5, 6.75, 10], "texture": "#1"},
				"east": {"uv": [0, 9.875, 2.25, 10.375], "texture": "#1"},
				"south": {"uv": [4.5, 10, 6.75, 10.5], "texture": "#1"},
				"west": {"uv": [10, 5.625, 12.25, 6.125], "texture": "#1"},
				"up": {"uv": [4.75, 2.25, 2.5, 0], "texture": "#1"},
				"down": {"uv": [4.75, 2.25, 2.5, 4.5], "texture": "#1"}
			}
		},
		{
			"from": [-1, 4, 7],
			"to": [17, 19, 18],
			"rotation": {"angle": 0, "axis": "y", "origin": [0, 0, -11]},
			"faces": {
				"north": {"uv": [0, 4.5, 2.25, 6.375], "texture": "#1"},
				"east": {"uv": [8, 5.625, 9.375, 7.5], "texture": "#1"},
				"south": {"uv": [2.25, 4.5, 4.5, 6.375], "texture": "#1"},
				"west": {"uv": [8, 7.5, 9.375, 9.375], "texture": "#1"},
				"up": {"uv": [9, 1.375, 6.75, 0], "texture": "#1"},
				"down": {"uv": [9, 1.375, 6.75, 2.75], "texture": "#1"}
			}
		},
		{
			"from": [2, 2, 16],
			"to": [14, 12, 21],
			"rotation": {"angle": 0, "axis": "y", "origin": [0, 0, -11]},
			"faces": {
				"north": {"uv": [4.5, 8.25, 6, 9.5], "texture": "#1"},
				"east": {"uv": [6.75, 9.5, 7.375, 10.75], "texture": "#1"},
				"south": {"uv": [6, 8.25, 7.5, 9.5], "texture": "#1"},
				"west": {"uv": [10, 6.125, 10.625, 7.375], "texture": "#1"},
				"up": {"uv": [6.25, 4.375, 4.75, 3.75], "texture": "#1"},
				"down": {"uv": [8, 5.625, 6.5, 6.25], "texture": "#1"}
			}
		},
		{
			"from": [-2, 4, 9],
			"to": [18, 22, 17],
			"rotation": {"angle": -22.5, "axis": "x", "origin": [8, 3, 14]},
			"faces": {
				"north": {"uv": [0, 0, 2.5, 2.25], "texture": "#1"},
				"east": {"uv": [2.5, 8.25, 3.5, 10.5], "texture": "#1"},
				"south": {"uv": [0, 2.25, 2.5, 4.5], "texture": "#1"},
				"west": {"uv": [3.5, 8.25, 4.5, 10.5], "texture": "#1"},
				"up": {"uv": [9.25, 3.75, 6.75, 2.75], "texture": "#1"},
				"down": {"uv": [2.5, 8.25, 0, 9.25], "texture": "#1"}
			}
		},
		{
			"from": [0, 4, -1],
			"to": [16, 19, 4],
			"rotation": {"angle": -45, "axis": "x", "origin": [8, 19, 4]},
			"faces": {
				"north": {"uv": [4.75, 1.875, 6.75, 3.75], "texture": "#1"},
				"east": {"uv": [9.375, 5.625, 10, 7.5], "texture": "#1"},
				"south": {"uv": [0, 6.375, 2, 8.25], "texture": "#1"},
				"west": {"uv": [7.5, 9.375, 8.125, 11.25], "texture": "#1"},
				"up": {"uv": [10.5, 5.625, 8.5, 5], "texture": "#1"},
				"down": {"uv": [11, 0, 9, 0.625], "texture": "#1"}
			}
		},
		{
			"from": [0, 5.84507, -1.44895],
			"to": [16, 10.84507, 13.55105],
			"rotation": {"angle": 0, "axis": "y", "origin": [8, 19, 4]},
			"faces": {
				"north": {"uv": [9, 0.625, 11, 1.25], "texture": "#1"},
				"east": {"uv": [9.375, 7.5, 11.25, 8.125], "texture": "#1"},
				"south": {"uv": [9, 1.25, 11, 1.875], "texture": "#1"},
				"west": {"uv": [8.125, 9.375, 10, 10], "texture": "#1"},
				"up": {"uv": [4, 8.25, 2, 6.375], "texture": "#1"},
				"down": {"uv": [6, 6.375, 4, 8.25], "texture": "#1"}
			}
		},
		{
			"from": [0, 9.3806, 2.08658],
			"to": [16, 14.3806, 17.08658],
			"rotation": {"angle": 22.5, "axis": "x", "origin": [8, 19, 4]},
			"faces": {
				"north": {"uv": [8.5, 3.75, 10.5, 4.375], "texture": "#1"},
				"east": {"uv": [9.25, 2.5, 11.125, 3.125], "texture": "#1"},
				"south": {"uv": [8.5, 4.375, 10.5, 5], "texture": "#1"},
				"west": {"uv": [9.25, 3.125, 11.125, 3.75], "texture": "#1"},
				"up": {"uv": [6.5, 6.375, 4.5, 4.5], "texture": "#1"},
				"down": {"uv": [6.75, 0, 4.75, 1.875], "texture": "#1"}
			}
		},
		{
			"from": [0, 3.93165, -6.06835],
			"to": [16, 8.93165, 8.93165],
			"rotation": {"angle": -22.5, "axis": "x", "origin": [8, 19, 4]},
			"faces": {
				"north": {"uv": [9, 1.875, 11, 2.5], "texture": "#1"},
				"east": {"uv": [9.375, 8.125, 11.25, 8.75], "texture": "#1"},
				"south": {"uv": [0, 9.25, 2, 9.875], "texture": "#1"},
				"west": {"uv": [9.375, 8.75, 11.25, 9.375], "texture": "#1"},
				"up": {"uv": [8, 8.25, 6, 6.375], "texture": "#1"},
				"down": {"uv": [8.5, 3.75, 6.5, 5.625], "texture": "#1"}
			}
		},
		{
			"from": [-16, -1, 10],
			"to": [0, 15, 10],
			"faces": {
				"north": {"uv": [0, 0, 16, 16], "texture": "#2"},
				"east": {"uv": [0, 0, 0, 2], "texture": "#missing"},
				"south": {"uv": [16, 0, 0, 16], "texture": "#2"},
				"west": {"uv": [0, 0, 0, 2], "texture": "#missing"},
				"up": {"uv": [0, 0, 2, 0], "texture": "#missing"},
				"down": {"uv": [0, 0, 2, 0], "texture": "#missing"}
			}
		},
		{
			"from": [16, 15, 10],
			"to": [32, 31, 10],
			"rotation": {"angle": 0, "axis": "y", "origin": [16, 0, 0]},
			"faces": {
				"north": {"uv": [16, 0, 0, 16], "texture": "#2"},
				"east": {"uv": [0, 0, 0, 2], "texture": "#missing"},
				"south": {"uv": [0, 0, 16, 16], "texture": "#2"},
				"west": {"uv": [0, 0, 0, 2], "texture": "#missing"},
				"up": {"uv": [2, 0, 0, 0], "texture": "#missing"},
				"down": {"uv": [2, 0, 0, 0], "texture": "#missing"}
			}
		},
		{
			"from": [-15, 16, 18],
			"to": [1, 32, 18],
			"rotation": {"angle": 0, "axis": "y", "origin": [16, 0, 0]},
			"faces": {
				"north": {"uv": [16, 8, 8, 16], "texture": "#2"},
				"east": {"uv": [0, 0, 0, 2], "texture": "#missing"},
				"south": {"uv": [8, 8, 16, 16], "texture": "#2"},
				"west": {"uv": [0, 0, 0, 2], "texture": "#missing"},
				"up": {"uv": [2, 0, 0, 0], "texture": "#missing"},
				"down": {"uv": [2, 0, 0, 0], "texture": "#missing"}
			}
		},
		{
			"from": [16, -7, 6],
			"to": [32, 9, 6],
			"rotation": {"angle": 0, "axis": "y", "origin": [16, 0, 0]},
			"faces": {
				"north": {"uv": [8, 8, 16, 16], "texture": "#2"},
				"east": {"uv": [0, 0, 0, 2], "texture": "#missing"},
				"south": {"uv": [16, 8, 8, 16], "texture": "#2"},
				"west": {"uv": [0, 0, 0, 2], "texture": "#missing"},
				"up": {"uv": [2, 0, 0, 0], "texture": "#missing"},
				"down": {"uv": [2, 0, 0, 0], "texture": "#missing"}
			}
		}
	],
	"display": {
		"thirdperson_righthand": {
			"rotation": [0, 90, 0],
			"translation": [0, 2.25, 1.5],
			"scale": [0.3, 0.3, 0.3]
		},
		"thirdperson_lefthand": {
			"rotation": [0, 90, 0],
			"translation": [0, 2.25, 1.5],
			"scale": [0.3, 0.3, 0.3]
		},
		"firstperson_righthand": {
			"rotation": [0, 90, 0],
			"translation": [0, 2.25, 1.5],
			"scale": [0.3, 0.3, 0.3]
		},
		"firstperson_lefthand": {
			"rotation": [0, 90, 0],
			"translation": [0, 2.25, 1.5],
			"scale": [0.3, 0.3, 0.3]
		},
		"ground": {
			"translation": [0, 3, 0],
			"scale": [0.4, 0.4, 0.4]
		},
		"gui": {
			"rotation": [30, -135, 0],
			"translation": [0.5, -1, 0],
			"scale": [0.5, 0.5, 0.5]
		},
		"head": {
			"translation": [0, 0.5, 0],
			"scale": [0.9, 0.9, 0.9]
		},
		"fixed": {
			"translation": [-0.25, -1, -2],
			"scale": [0.5, 0.5, 0.5]
		}
	},
	"groups": [
		0,
		1,
		2,
		3,
		{
			"name": "group",
			"origin": [8, 19, 4],
			"color": 0,
			"children": [4, 5, 6, 7]
		},
		8,
		9,
		10,
		11
	]
}