{
	"credit": "Made with Blockbench",
	"textures": {
		"0": "item/hats/axe_blade/axeblade",
		"1": "item/hats/axe_blade/axe",
		"particle": "item/hats/axe_blade/axeblade"
	},
	"elements": [
		{
			"name": "axeblade_0",
			"from": [13.293, 14.457, 7.775],
			"to": [15.953, 24.717, 8.611],
			"rotation": {"angle": 0, "axis": "y", "origin": [11.868, 19.397, 8.193]},
			"faces": {
				"north": {"uv": [1.5, 1.5, 5, 15], "texture": "#0"},
				"east": {"uv": [2, 1.5, 1.5, 15], "texture": "#0"},
				"south": {"uv": [5, 1.5, 1.5, 15], "texture": "#0"},
				"west": {"uv": [5, 1.5, 4.5, 15], "texture": "#0"},
				"up": {"uv": [5, 1.5, 1.5, 2], "texture": "#0"},
				"down": {"uv": [5, 14.5, 1.5, 15], "texture": "#0"}
			}
		},
		{
			"name": "axeblade_1",
			"from": [12.913, 14.837, 7.775],
			"to": [13.293, 24.337, 8.611],
			"rotation": {"angle": 0, "axis": "y", "origin": [11.868, 19.397, 8.193]},
			"faces": {
				"north": {"uv": [5, 2, 5.5, 14.5], "texture": "#0"},
				"east": {"uv": [5.5, 2, 5, 14.5], "texture": "#0"},
				"south": {"uv": [5.5, 2, 5, 14.5], "texture": "#0"},
				"west": {"uv": [5.5, 2, 5, 14.5], "texture": "#0"},
				"up": {"uv": [5.5, 2, 5, 2.5], "texture": "#0"},
				"down": {"uv": [5.5, 14, 5, 14.5], "texture": "#0"}
			}
		},
		{
			"name": "axeblade_2",
			"from": [12.533, 15.217, 7.775],
			"to": [12.913, 23.957, 8.611],
			"rotation": {"angle": 0, "axis": "y", "origin": [11.868, 19.397, 8.193]},
			"faces": {
				"north": {"uv": [5.5, 2.5, 6, 14], "texture": "#0"},
				"east": {"uv": [6, 2.5, 5.5, 14], "texture": "#0"},
				"south": {"uv": [6, 2.5, 5.5, 14], "texture": "#0"},
				"west": {"uv": [6, 2.5, 5.5, 14], "texture": "#0"},
				"up": {"uv": [6, 2.5, 5.5, 3], "texture": "#0"},
				"down": {"uv": [6, 13.5, 5.5, 14], "texture": "#0"}
			}
		},
		{
			"name": "axeblade_3",
			"from": [12.153, 15.597, 7.775],
			"to": [12.533, 23.577, 8.611],
			"rotation": {"angle": 0, "axis": "y", "origin": [11.868, 19.397, 8.193]},
			"faces": {
				"north": {"uv": [6, 3, 6.5, 13.5], "texture": "#0"},
				"east": {"uv": [6.5, 3, 6, 13.5], "texture": "#0"},
				"south": {"uv": [6.5, 3, 6, 13.5], "texture": "#0"},
				"west": {"uv": [6.5, 3, 6, 13.5], "texture": "#0"},
				"up": {"uv": [6.5, 3, 6, 3.5], "texture": "#0"},
				"down": {"uv": [6.5, 13, 6, 13.5], "texture": "#0"}
			}
		},
		{
			"name": "axeblade_4",
			"from": [11.773, 15.977, 7.775],
			"to": [12.153, 23.197, 8.611],
			"rotation": {"angle": 0, "axis": "y", "origin": [11.868, 19.397, 8.193]},
			"faces": {
				"north": {"uv": [6.5, 3.5, 7, 13], "texture": "#0"},
				"east": {"uv": [7, 3.5, 6.5, 13], "texture": "#0"},
				"south": {"uv": [7, 3.5, 6.5, 13], "texture": "#0"},
				"west": {"uv": [7, 3.5, 6.5, 13], "texture": "#0"},
				"up": {"uv": [7, 3.5, 6.5, 4], "texture": "#0"},
				"down": {"uv": [7, 12.5, 6.5, 13], "texture": "#0"}
			}
		},
		{
			"name": "axeblade_5",
			"from": [11.393, 16.357, 7.775],
			"to": [11.773, 22.437, 8.611],
			"rotation": {"angle": 0, "axis": "y", "origin": [11.868, 19.397, 8.193]},
			"faces": {
				"north": {"uv": [7, 4.5, 7.5, 12.5], "texture": "#0"},
				"east": {"uv": [7.5, 4.5, 7, 12.5], "texture": "#0"},
				"south": {"uv": [7.5, 4.5, 7, 12.5], "texture": "#0"},
				"west": {"uv": [7.5, 4.5, 7, 12.5], "texture": "#0"},
				"up": {"uv": [7.5, 4.5, 7, 5], "texture": "#0"},
				"down": {"uv": [7.5, 12, 7, 12.5], "texture": "#0"}
			}
		},
		{
			"name": "axeblade_6",
			"from": [10.633, 16.737, 7.775],
			"to": [11.393, 22.057, 8.611],
			"rotation": {"angle": 0, "axis": "y", "origin": [11.868, 19.397, 8.193]},
			"faces": {
				"north": {"uv": [7.5, 5, 8.5, 12], "texture": "#0"},
				"east": {"uv": [8, 5, 7.5, 12], "texture": "#0"},
				"south": {"uv": [8.5, 5, 7.5, 12], "texture": "#0"},
				"west": {"uv": [8.5, 5, 8, 12], "texture": "#0"},
				"up": {"uv": [8.5, 5, 7.5, 5.5], "texture": "#0"},
				"down": {"uv": [8.5, 11.5, 7.5, 12], "texture": "#0"}
			}
		},
		{
			"name": "axeblade_7",
			"from": [7.593, 16.737, 7.775],
			"to": [10.633, 21.677, 8.611],
			"rotation": {"angle": 0, "axis": "y", "origin": [11.868, 19.397, 8.193]},
			"faces": {
				"north": {"uv": [8.5, 5.5, 12.5, 12], "texture": "#0"},
				"east": {"uv": [9, 5.5, 8.5, 12], "texture": "#0"},
				"south": {"uv": [12.5, 5.5, 8.5, 12], "texture": "#0"},
				"west": {"uv": [12.5, 5.5, 12, 12], "texture": "#0"},
				"up": {"uv": [12.5, 5.5, 8.5, 6], "texture": "#0"},
				"down": {"uv": [12.5, 11.5, 8.5, 12], "texture": "#0"}
			}
		},
		{
			"from": [7.3284, 0.25, 7.25],
			"to": [8.8284, 18, 8.75],
			"rotation": {"angle": 0, "axis": "y", "origin": [8, 9.775, 8]},
			"faces": {
				"north": {"uv": [0, 0, 0.75, 9], "texture": "#1"},
				"east": {"uv": [1, 0, 1.75, 9], "texture": "#1"},
				"south": {"uv": [2, 0, 2.75, 9], "texture": "#1"},
				"west": {"uv": [3, 0, 3.75, 9], "texture": "#1"},
				"up": {"uv": [5.75, 8.75, 5, 8], "texture": "#1"},
				"down": {"uv": [8.75, 5, 8, 5.75], "texture": "#1"}
			}
		},
		{
			"from": [7.1784, -0.7, 7],
			"to": [8.9784, 0.8, 9],
			"rotation": {"angle": 0, "axis": "y", "origin": [8, 9.775, 8]},
			"faces": {
				"north": {"uv": [7.5, 4, 8.5, 4.75], "texture": "#1"},
				"east": {"uv": [7.5, 7, 8.5, 7.75], "texture": "#1"},
				"south": {"uv": [8, 0, 9, 0.75], "texture": "#1"},
				"west": {"uv": [8, 1, 9, 1.75], "texture": "#1"},
				"up": {"uv": [8, 1, 7, 0], "texture": "#1"},
				"down": {"uv": [8, 1, 7, 2], "texture": "#1"}
			}
		},
		{
			"from": [6.9284, 16.95, 7],
			"to": [9.2284, 18.3, 9],
			"rotation": {"angle": 0, "axis": "y", "origin": [8, 9.775, 8]},
			"faces": {
				"north": {"uv": [6, 7, 7.25, 7.75], "texture": "#1"},
				"east": {"uv": [8, 2, 9, 2.75], "texture": "#1"},
				"south": {"uv": [7.5, 3, 8.75, 3.75], "texture": "#1"},
				"west": {"uv": [4, 8, 5, 8.75], "texture": "#1"},
				"up": {"uv": [7.75, 6, 6.5, 5], "texture": "#1"},
				"down": {"uv": [7.75, 6, 6.5, 7], "texture": "#1"}
			}
		},
		{
			"from": [6.9784, 17.75, 7],
			"to": [9.1784, 21.25, 9],
			"rotation": {"angle": 0, "axis": "y", "origin": [8, 9.775, 8]},
			"faces": {
				"north": {"uv": [5.5, 3, 6.5, 4.75], "texture": "#1"},
				"east": {"uv": [5.5, 5, 6.5, 6.75], "texture": "#1"},
				"south": {"uv": [4, 6, 5, 7.75], "texture": "#1"},
				"west": {"uv": [6.5, 3, 7.5, 4.75], "texture": "#1"},
				"up": {"uv": [8, 3, 7, 2], "texture": "#1"},
				"down": {"uv": [6, 7, 5, 8], "texture": "#1"}
			}
		},
		{
			"from": [6.6784, 17.6, 6.525],
			"to": [9.4784, 20.7, 9.475],
			"rotation": {"angle": 0, "axis": "y", "origin": [8, 9.775, 8]},
			"faces": {
				"north": {"uv": [4, 0, 5.5, 1.5], "texture": "#1"},
				"east": {"uv": [4, 1.5, 5.5, 3], "texture": "#1"},
				"south": {"uv": [4, 3, 5.5, 4.5], "texture": "#1"},
				"west": {"uv": [4, 4.5, 5.5, 6], "texture": "#1"},
				"up": {"uv": [7, 1.5, 5.5, 0], "texture": "#1"},
				"down": {"uv": [7, 1.5, 5.5, 3], "texture": "#1"}
			}
		}
	],
	"display": {
		"thirdperson_righthand": {
			"rotation": [0, 90, 0],
			"translation": [0, -0.25, 2],
			"scale": [0.69727, 0.69727, 0.69727]
		},
		"thirdperson_lefthand": {
			"rotation": [0, 90, 0],
			"translation": [0, -0.25, 1.25],
			"scale": [0.69727, 0.69727, 0.69727]
		},
		"firstperson_righthand": {
			"rotation": [-7.25, 90, 0],
			"scale": [0.74414, 0.74414, 0.74414]
		},
		"firstperson_lefthand": {
			"rotation": [-7.25, -90, 0],
			"scale": [0.74414, 0.74414, 0.74414]
		},
		"ground": {
			"translation": [0, 5, 0],
			"scale": [0.96484, 0.96484, 0.96484]
		},
		"gui": {
			"rotation": [0, 0, -24],
			"translation": [-2.25, -2.75, 0],
			"scale": [0.60547, 0.60547, 0.60547]
		},
		"head": {
			"rotation": [0, 0, -60.5],
			"translation": [-17.5, 5.25, 0]
		},
		"fixed": {
			"translation": [0, -3.5, 0],
			"scale": [0.625, 0.625, 0.625]
		}
	},
	"groups": [
		{
			"name": "axeblade",
			"origin": [8, 8, 8],
			"color": 0,
			"children": [0, 1, 2, 3, 4, 5, 6, 7]
		},
		8,
		9,
		10,
		11,
		12
	]
}