{
  "credit": "MadewithBlockbench",
  "texture_size": [
    32,
    32
  ],
  "textures": {
    "6": "item/hats/fox_hat"
  },
  "elements": [
    {
      "from": [
        5.1,
        3.4,
        6
      ],
      "to": [
        7.1,
        5.4,
        7
      ],
      "rotation": {
        "angle": -22.5,
        "axis": "x",
        "origin": [
          6,
          5,
          7.5
        ]
      },
      "faces": {
        "north": {
          "uv": [
            7.5,
            1,
            8.5,
            2
          ],
          "texture": "#6"
        },
        "east": {
          "uv": [
            7.5,
            8,
            8,
            9
          ],
          "texture": "#6"
        },
        "south": {
          "uv": [
            7.5,
            2,
            8.5,
            3
          ],
          "texture": "#6"
        },
        "west": {
          "uv": [
            8,
            7.5,
            8.5,
            8.5
          ],
          "texture": "#6"
        },
        "up": {
          "uv": [
            9.5,
            0.5,
            8.5,
            0
          ],
          "texture": "#6"
        },
        "down": {
          "uv": [
            9.5,
            0.5,
            8.5,
            1
          ],
          "texture": "#6"
        }
      }
    },
    {
      "from": [
        8.9,
        3.4,
        6
      ],
      "to": [
        10.9,
        5.4,
        7
      ],
      "rotation": {
        "angle": -22.5,
        "axis": "x",
        "origin": [
          10,
          5,
          7.5
        ]
      },
      "faces": {
        "north": {
          "uv": [
            8.5,
            1,
            7.5,
            2
          ],
          "texture": "#6"
        },
        "east": {
          "uv": [
            8.5,
            7.5,
            8,
            8.5
          ],
          "texture": "#6"
        },
        "south": {
          "uv": [
            8.5,
            2,
            7.5,
            3
          ],
          "texture": "#6"
        },
        "west": {
          "uv": [
            8,
            8,
            7.5,
            9
          ],
          "texture": "#6"
        },
        "up": {
          "uv": [
            8.5,
            0.5,
            9.5,
            0
          ],
          "texture": "#6"
        },
        "down": {
          "uv": [
            8.5,
            0.5,
            9.5,
            1
          ],
          "texture": "#6"
        }
      }
    },
    {
      "from": [
        5,
        0,
        5
      ],
      "to": [
        11,
        3.5,
        11
      ],
      "faces": {
        "north": {
          "uv": [
            3,
            0,
            6,
            1.75
          ],
          "texture": "#6"
        },
        "east": {
          "uv": [
            3,
            2,
            6,
            3.75
          ],
          "texture": "#6"
        },
        "south": {
          "uv": [
            3,
            4,
            6,
            5.75
          ],
          "texture": "#6"
        },
        "west": {
          "uv": [
            6,
            2,
            3,
            3.75
          ],
          "texture": "#6"
        },
        "up": {
          "uv": [
            3,
            3,
            0,
            0
          ],
          "texture": "#6"
        },
        "down": {
          "uv": [
            3,
            3,
            0,
            6
          ],
          "texture": "#6"
        }
      }
    },
    {
      "from": [
        5,
        -4,
        7
      ],
      "to": [
        5.5,
        0,
        8
      ],
      "rotation": {
        "angle": 0,
        "axis": "y",
        "origin": [
          5.25,
          0,
          5.5
        ]
      },
      "faces": {
        "north": {
          "uv": [
            1,
            8,
            1.25,
            10
          ],
          "texture": "#6"
        },
        "east": {
          "uv": [
            7,
            1,
            7.5,
            3
          ],
          "texture": "#6"
        },
        "south": {
          "uv": [
            1.5,
            8,
            1.75,
            10
          ],
          "texture": "#6"
        },
        "west": {
          "uv": [
            7,
            3,
            7.5,
            5
          ],
          "texture": "#6"
        },
        "up": {
          "uv": [
            8.75,
            1.5,
            8.5,
            1
          ],
          "texture": "#6"
        },
        "down": {
          "uv": [
            8.75,
            1.5,
            8.5,
            2
          ],
          "texture": "#6"
        }
      }
    },
    {
      "from": [
        10.5,
        -4,
        7
      ],
      "to": [
        11,
        0,
        8
      ],
      "rotation": {
        "angle": 0,
        "axis": "y",
        "origin": [
          10.75,
          0,
          5.5
        ]
      },
      "faces": {
        "north": {
          "uv": [
            1.25,
            8,
            1,
            10
          ],
          "texture": "#6"
        },
        "east": {
          "uv": [
            7.5,
            3,
            7,
            5
          ],
          "texture": "#6"
        },
        "south": {
          "uv": [
            1.75,
            8,
            1.5,
            10
          ],
          "texture": "#6"
        },
        "west": {
          "uv": [
            7.5,
            1,
            7,
            3
          ],
          "texture": "#6"
        },
        "up": {
          "uv": [
            8.5,
            1.5,
            8.75,
            1
          ],
          "texture": "#6"
        },
        "down": {
          "uv": [
            8.5,
            1.5,
            8.75,
            2
          ],
          "texture": "#6"
        }
      }
    },
    {
      "from": [
        6.5,
        0,
        3
      ],
      "to": [
        9.5,
        1.5,
        5
      ],
      "faces": {
        "north": {
          "uv": [
            6.5,
            6,
            8,
            6.75
          ],
          "texture": "#6"
        },
        "east": {
          "uv": [
            7.5,
            5,
            8.5,
            5.75
          ],
          "texture": "#6"
        },
        "south": {
          "uv": [
            7,
            0,
            8.5,
            0.75
          ],
          "texture": "#6"
        },
        "west": {
          "uv": [
            0,
            8,
            1,
            8.75
          ],
          "texture": "#6"
        },
        "up": {
          "uv": [
            6.5,
            7,
            5,
            6
          ],
          "texture": "#6"
        },
        "down": {
          "uv": [
            7.5,
            5,
            6,
            6
          ],
          "texture": "#6"
        }
      }
    }
  ],
  "gui_light": "front",
  "display": {
    "thirdperson_righthand": {
      "rotation": [
        52.5,
        0,
        0
      ],
      "translation": [
        0,
        6,
        3.75
      ]
    },
    "thirdperson_lefthand": {
      "rotation": [
        52.5,
        0,
        0
      ],
      "translation": [
        0,
        6,
        3.75
      ]
    },
    "firstperson_righthand": {
      "rotation": [
        0,
        113,
        0
      ],
      "translation": [
        1.5,
        11.75,
        -1.75
      ],
      "scale": [
        1.32031,
        1.32031,
        1.32031
      ]
    },
    "firstperson_lefthand": {
      "rotation": [
        0,
        113,
        0
      ],
      "translation": [
        1.5,
        11.75,
        -1.75
      ],
      "scale": [
        1.32031,
        1.32031,
        1.32031
      ]
    },
    "ground": {
      "translation": [
        0,
        9.5,
        0
      ],
      "scale": [
        1.52539,
        1.52539,
        1.52539
      ]
    },
    "gui": {
      "rotation": [
        30,
        225,
        0
      ],
      "translation": [
        0,
        9,
        0
      ],
      "scale": [
        1.41,
        1.41,
        1.41
      ]
    },
    "head": {
      "translation": [
        0,
        21.75,
        0
      ],
      "scale": [
        2.5,
        2.5,
        2.5
      ]
    },
    "fixed": {
      "rotation": [
        -90,
        0,
        0
      ],
      "translation": [
        0,
        -0.25,
        -33
      ],
      "scale": [
        4,
        4,
        4
      ]
    }
  }
}