{
	"credit": "Made with Blockbench",
	"ambientocclusion": false,
	"texture_size": [64, 64],
	"textures": {
		"0": "item/hats/frankestein",
		"particle": "item/hats/frankestein"
	},
	"elements": [
		{
			"name": "head",
			"from": [3, 1, 3],
			"to": [13, 14, 13],
			"shade": false,
			"rotation": {"angle": 0, "axis": "y", "origin": [8, -21, 8]},
			"faces": {
				"north": {"uv": [2.5, 2.5, 5, 5.75], "texture": "#0"},
				"east": {"uv": [0, 2.5, 2.5, 5.75], "texture": "#0"},
				"south": {"uv": [7.5, 2.5, 10, 5.75], "texture": "#0"},
				"west": {"uv": [5, 2.5, 7.5, 5.75], "texture": "#0"},
				"up": {"uv": [5, 2.5, 2.5, 0], "texture": "#0"},
				"down": {"uv": [7.5, 0, 5, 2.5], "texture": "#0"}
			}
		},
		{
			"name": "head",
			"from": [2, 0, 2],
			"to": [14, 4, 6],
			"shade": false,
			"rotation": {"angle": 0, "axis": "y", "origin": [8, -22, 8]},
			"faces": {
				"north": {"uv": [1, 6.75, 4, 7.75], "texture": "#0"},
				"east": {"uv": [0, 6.75, 1, 7.75], "texture": "#0"},
				"south": {"uv": [5, 6.75, 8, 7.75], "texture": "#0"},
				"west": {"uv": [4, 6.75, 5, 7.75], "texture": "#0"},
				"up": {"uv": [4, 6.75, 1, 5.75], "texture": "#0"},
				"down": {"uv": [7, 5.75, 4, 6.75], "texture": "#0"}
			}
		},
		{
			"name": "head",
			"from": [2, 4, 2],
			"to": [14, 6, 5],
			"shade": false,
			"rotation": {"angle": 0, "axis": "y", "origin": [8, -22, 8]},
			"faces": {
				"north": {"uv": [0.75, 11, 3.75, 11.5], "texture": "#0"},
				"east": {"uv": [0, 11, 0.75, 11.5], "texture": "#0"},
				"south": {"uv": [4.5, 11, 7.5, 11.5], "texture": "#0"},
				"west": {"uv": [3.75, 11, 4.5, 11.5], "texture": "#0"},
				"up": {"uv": [3.75, 11, 0.75, 10.25], "texture": "#0"},
				"down": {"uv": [6.75, 10.25, 3.75, 11], "texture": "#0"}
			}
		},
		{
			"name": "head",
			"from": [6.5, 2.75, -8.25],
			"to": [9.5, 6.75, -4.25],
			"shade": false,
			"rotation": {"angle": 22.5, "axis": "x", "origin": [7.5, -19.25, -2.25]},
			"faces": {
				"north": {"uv": [8, 7.75, 8.75, 8.75], "texture": "#0"},
				"east": {"uv": [7, 7.75, 8, 8.75], "texture": "#0"},
				"south": {"uv": [9.75, 7.75, 10.5, 8.75], "texture": "#0"},
				"west": {"uv": [8.75, 7.75, 9.75, 8.75], "texture": "#0"},
				"up": {"uv": [8.75, 7.75, 8, 6.75], "texture": "#0"},
				"down": {"uv": [9.5, 6.75, 8.75, 7.75], "texture": "#0"}
			}
		},
		{
			"name": "head",
			"from": [9, 8, 1],
			"to": [14, 10, 3],
			"shade": false,
			"rotation": {"angle": 0, "axis": "y", "origin": [9, -20, 8]},
			"faces": {
				"north": {"uv": [2.5, 8.25, 3.75, 8.75], "texture": "#0"},
				"east": {"uv": [2, 8.25, 2.5, 8.75], "texture": "#0"},
				"south": {"uv": [4.25, 8.25, 5.5, 8.75], "texture": "#0"},
				"west": {"uv": [3.75, 8.25, 4.25, 8.75], "texture": "#0"},
				"up": {"uv": [3.75, 8.25, 2.5, 7.75], "texture": "#0"},
				"down": {"uv": [5, 7.75, 3.75, 8.25], "texture": "#0"}
			}
		},
		{
			"name": "head",
			"from": [2, 8, 1],
			"to": [7, 10, 3],
			"shade": false,
			"rotation": {"angle": 0, "axis": "y", "origin": [2, -20, 8]},
			"faces": {
				"north": {"uv": [7.5, 6.25, 8.75, 6.75], "texture": "#0"},
				"east": {"uv": [7, 6.25, 7.5, 6.75], "texture": "#0"},
				"south": {"uv": [9.25, 6.25, 10.5, 6.75], "texture": "#0"},
				"west": {"uv": [8.75, 6.25, 9.25, 6.75], "texture": "#0"},
				"up": {"uv": [8.75, 6.25, 7.5, 5.75], "texture": "#0"},
				"down": {"uv": [10, 5.75, 8.75, 6.25], "texture": "#0"}
			}
		},
		{
			"name": "head",
			"from": [12.75, 4, 7],
			"to": [15.75, 8, 9],
			"shade": false,
			"rotation": {"angle": 0, "axis": "y", "origin": [7.75, -22, 8]},
			"faces": {
				"north": {"uv": [5.5, 8.75, 6.25, 9.75], "texture": "#0"},
				"east": {"uv": [5, 8.75, 5.5, 9.75], "texture": "#0"},
				"south": {"uv": [6.75, 8.75, 7.5, 9.75], "texture": "#0"},
				"west": {"uv": [6.25, 8.75, 6.75, 9.75], "texture": "#0"},
				"up": {"uv": [6.25, 8.75, 5.5, 8.25], "texture": "#0"},
				"down": {"uv": [7, 8.25, 6.25, 8.75], "texture": "#0"}
			}
		},
		{
			"name": "head",
			"from": [0.25, 4, 7],
			"to": [3.25, 8, 9],
			"shade": false,
			"rotation": {"angle": 0, "axis": "y", "origin": [-4.75, -22, 8]},
			"faces": {
				"north": {"uv": [0.5, 0.5, 1.25, 1.5], "texture": "#0"},
				"east": {"uv": [0, 0.5, 0.5, 1.5], "texture": "#0"},
				"south": {"uv": [1.75, 0.5, 2.5, 1.5], "texture": "#0"},
				"west": {"uv": [1.25, 0.5, 1.75, 1.5], "texture": "#0"},
				"up": {"uv": [1.25, 0.5, 0.5, 0], "texture": "#0"},
				"down": {"uv": [2, 0, 1.25, 0.5], "texture": "#0"}
			}
		},
		{
			"name": "head",
			"from": [2, 9, 8],
			"to": [3, 11, 10],
			"shade": false,
			"rotation": {"angle": 0, "axis": "y", "origin": [8, -20, 8]},
			"faces": {
				"north": {"uv": [3.5, 9.25, 3.75, 9.75], "texture": "#0"},
				"east": {"uv": [3, 9.25, 3.5, 9.75], "texture": "#0"},
				"south": {"uv": [4.25, 9.25, 4.5, 9.75], "texture": "#0"},
				"west": {"uv": [3.75, 9.25, 4.25, 9.75], "texture": "#0"},
				"up": {"uv": [3.75, 9.25, 3.5, 8.75], "texture": "#0"},
				"down": {"uv": [4, 8.75, 3.75, 9.25], "texture": "#0"}
			}
		},
		{
			"name": "head",
			"from": [14, 8, 7],
			"to": [16, 12, 11],
			"shade": false,
			"rotation": {"angle": 0, "axis": "y", "origin": [8, -20, 8]},
			"faces": {
				"north": {"uv": [1, 8.75, 1.5, 9.75], "texture": "#0"},
				"east": {"uv": [0, 8.75, 1, 9.75], "texture": "#0"},
				"south": {"uv": [2.5, 8.75, 3, 9.75], "texture": "#0"},
				"west": {"uv": [1.5, 8.75, 2.5, 9.75], "texture": "#0"},
				"up": {"uv": [1.5, 8.75, 1, 7.75], "texture": "#0"},
				"down": {"uv": [2, 7.75, 1.5, 8.75], "texture": "#0"}
			}
		},
		{
			"name": "head",
			"from": [13, 9, 8],
			"to": [14, 11, 10],
			"shade": false,
			"rotation": {"angle": 0, "axis": "y", "origin": [8, -20, 8]},
			"faces": {
				"north": {"uv": [0.5, 2, 0.75, 2.5], "texture": "#0"},
				"east": {"uv": [0, 2, 0.5, 2.5], "texture": "#0"},
				"south": {"uv": [1.25, 2, 1.5, 2.5], "texture": "#0"},
				"west": {"uv": [0.75, 2, 1.25, 2.5], "texture": "#0"},
				"up": {"uv": [0.75, 2, 0.5, 1.5], "texture": "#0"},
				"down": {"uv": [1, 1.5, 0.75, 2], "texture": "#0"}
			}
		},
		{
			"name": "head",
			"from": [0, 8, 7],
			"to": [2, 12, 11],
			"shade": false,
			"rotation": {"angle": 0, "axis": "y", "origin": [8, -20, 8]},
			"faces": {
				"north": {"uv": [8.5, 1, 9, 2], "texture": "#0"},
				"east": {"uv": [7.5, 1, 8.5, 2], "texture": "#0"},
				"south": {"uv": [10, 1, 10.5, 2], "texture": "#0"},
				"west": {"uv": [9, 1, 10, 2], "texture": "#0"},
				"up": {"uv": [9, 1, 8.5, 0], "texture": "#0"},
				"down": {"uv": [9.5, 0, 9, 1], "texture": "#0"}
			}
		}
	],
	"display": {
		"thirdperson_righthand": {
			"scale": [0.5, 0.5, 0.5]
		},
		"thirdperson_lefthand": {
			"scale": [0.5, 0.5, 0.5]
		},
		"firstperson_righthand": {
			"translation": [2.75, -1.25, 0]
		},
		"firstperson_lefthand": {
			"translation": [3.5, -1.5, 0]
		},
		"ground": {
			"scale": [0.5, 0.5, 0.5]
		},
		"gui": {
			"rotation": [30, -135, 0],
			"translation": [0, 0.5, 0],
			"scale": [0.7, 0.7, 0.7]
		},
		"head": {
			"translation": [0, 3, 0],
			"scale": [1.6, 1.6, 1.6]
		}
	},
	"groups": [
		{
			"name": "group",
			"origin": [8, -16, 8],
			"color": 0,
			"children": [0, 1, 2, 3, 4, 5, 6, 7, 8, 9, 10, 11]
		}
	]
}