{
    "display": {
        "thirdperson_righthand": {
            "translation": [0, -1.5, 1.75],
            "scale": [0.5, 0.5, 0.5]
        },
        "thirdperson_lefthand": {
            "translation": [0, -1.5, 1.75],
            "scale": [0.5, 0.5, 0.5]
        },
        "firstperson_righthand": {
            "scale": [0.5, 0.5, 0.5]
        },
        "firstperson_lefthand": {
            "scale": [0.5, 0.5, 0.5]
        },
        "ground": {
            "translation": [0, 3, 0],
            "scale": [0.5, 0.5, 0.5]
        },
        "gui": {
            "rotation": [30, 225, 0],
            "translation": [0, -5, 0],
            "scale": [0.8, 0.8, 0.8]
        },
        "head": {
            "scale": [1.7, 1.7, 1.7]
        },
        "fixed": {
            "rotation": [-90, 0, 0],
            "translation": [0, 0, 5],
            "scale": [2, 2, 2]
        }
    },
    "textures": {
        "0": "item/hats/goggle_hat",
        "particle": "item/hats/goggle_hat"
    },
    "elements": [{
        "from": [3.44, 10.19, 3.44],
        "to": [12.56, 21.06, 12.56],
        "rotation": {
            "angle": 0,
            "axis": "y",
            "origin": [3.44, 2.67, 3.44]
        },
        "faces": {
            "north": {
                "uv": [1, 4, 2, 5],
                "texture": "#0"
            },
            "east": {
                "uv": [1, 4, 2, 5],
                "texture": "#0"
            },
            "south": {
                "uv": [1, 4, 2, 5],
                "texture": "#0"
            },
            "west": {
                "uv": [1, 4, 2, 5],
                "texture": "#0"
            },
            "up": {
                "uv": [1, 4, 2, 5],
                "texture": "#0"
            },
            "down": {
                "uv": [1, 4, 2, 5],
                "texture": "#0"
            }
        }
    }, {
        "name": "hexadecagon",
        "from": [6.44848, 9.875, 0.2],
        "to": [9.55152, 10.875, 4.1],
        "rotation": {
            "angle": -45,
            "axis": "y",
            "origin": [8, 10.525, 8]
        },
        "faces": {
            "north": {
                "uv": [4, 1, 5, 2],
                "texture": "#0"
            },
            "east": {
                "uv": [4, 1, 5, 2],
                "texture": "#0"
            },
            "south": {
                "uv": [4, 1, 5, 2],
                "texture": "#0"
            },
            "west": {
                "uv": [4, 1, 5, 2],
                "texture": "#0"
            },
            "up": {
                "uv": [1, 1, 2, 2],
                "texture": "#0"
            },
            "down": {
                "uv": [1, 1, 2, 2],
                "texture": "#0"
            }
        }
    }, {
        "name": "hexadecagon",
        "from": [7.94848, 9.875, 0.2],
        "to": [9.55152, 10.875, 1.7],
        "rotation": {
            "angle": -22.5,
            "axis": "y",
            "origin": [8, 10.525, 8]
        },
        "faces": {
            "north": {
                "uv": [4, 1, 5, 2],
                "texture": "#0"
            },
            "east": {
                "uv": [4, 1, 5, 2],
                "texture": "#0"
            },
            "south": {
                "uv": [4, 1, 5, 2],
                "texture": "#0"
            },
            "west": {
                "uv": [4, 1, 5, 2],
                "texture": "#0"
            },
            "up": {
                "uv": [1, 1, 2, 2],
                "texture": "#0"
            },
            "down": {
                "uv": [1, 1, 2, 2],
                "texture": "#0"
            }
        }
    }, {
        "name": "hexadecagon",
        "from": [8.44848, 9.875, 1.05],
        "to": [9.55152, 10.875, 2.55],
        "rotation": {
            "angle": -22.5,
            "axis": "y",
            "origin": [8, 10.525, 8]
        },
        "faces": {
            "north": {
                "uv": [4, 1, 5, 2],
                "texture": "#0"
            },
            "east": {
                "uv": [4, 1, 5, 2],
                "texture": "#0"
            },
            "south": {
                "uv": [4, 1, 5, 2],
                "texture": "#0"
            },
            "west": {
                "uv": [4, 1, 5, 2],
                "texture": "#0"
            },
            "up": {
                "uv": [1, 1, 2, 2],
                "texture": "#0"
            },
            "down": {
                "uv": [1, 1, 2, 2],
                "texture": "#0"
            }
        }
    }, {
        "name": "hexadecagon",
        "from": [8.44848, 9.875, 13.45],
        "to": [9.55152, 10.875, 14.95],
        "rotation": {
            "angle": 22.5,
            "axis": "y",
            "origin": [8, 10.525, 8]
        },
        "faces": {
            "north": {
                "uv": [4, 1, 5, 2],
                "texture": "#0"
            },
            "east": {
                "uv": [4, 1, 5, 2],
                "texture": "#0"
            },
            "south": {
                "uv": [4, 1, 5, 2],
                "texture": "#0"
            },
            "west": {
                "uv": [4, 1, 5, 2],
                "texture": "#0"
            },
            "up": {
                "uv": [1, 1, 2, 2],
                "texture": "#0"
            },
            "down": {
                "uv": [1, 1, 2, 2],
                "texture": "#0"
            }
        }
    }, {
        "name": "hexadecagon",
        "from": [7.94848, 9.875, 14.3],
        "to": [9.55152, 10.875, 15.8],
        "rotation": {
            "angle": 22.5,
            "axis": "y",
            "origin": [8, 10.525, 8]
        },
        "faces": {
            "north": {
                "uv": [4, 1, 5, 2],
                "texture": "#0"
            },
            "east": {
                "uv": [4, 1, 5, 2],
                "texture": "#0"
            },
            "south": {
                "uv": [4, 1, 5, 2],
                "texture": "#0"
            },
            "west": {
                "uv": [4, 1, 5, 2],
                "texture": "#0"
            },
            "up": {
                "uv": [1, 1, 2, 2],
                "texture": "#0"
            },
            "down": {
                "uv": [1, 1, 2, 2],
                "texture": "#0"
            }
        }
    }, {
        "name": "hexadecagon",
        "from": [6.44848, 9.875, 11.9],
        "to": [9.55152, 10.875, 15.8],
        "rotation": {
            "angle": 45,
            "axis": "y",
            "origin": [8, 10.525, 8]
        },
        "faces": {
            "north": {
                "uv": [4, 1, 5, 2],
                "texture": "#0"
            },
            "east": {
                "uv": [4, 1, 5, 2],
                "texture": "#0"
            },
            "south": {
                "uv": [4, 1, 5, 2],
                "texture": "#0"
            },
            "west": {
                "uv": [4, 1, 5, 2],
                "texture": "#0"
            },
            "up": {
                "uv": [1, 1, 2, 2],
                "texture": "#0"
            },
            "down": {
                "uv": [1, 1, 2, 2],
                "texture": "#0"
            }
        }
    }, {
        "name": "hexadecagon",
        "from": [6.44848, 9.875, 0.2],
        "to": [8.05152, 10.875, 1.7],
        "rotation": {
            "angle": 22.5,
            "axis": "y",
            "origin": [8, 10.525, 8]
        },
        "faces": {
            "north": {
                "uv": [4, 1, 5, 2],
                "texture": "#0"
            },
            "east": {
                "uv": [4, 1, 5, 2],
                "texture": "#0"
            },
            "south": {
                "uv": [4, 1, 5, 2],
                "texture": "#0"
            },
            "west": {
                "uv": [4, 1, 5, 2],
                "texture": "#0"
            },
            "up": {
                "uv": [1, 1, 2, 2],
                "texture": "#0"
            },
            "down": {
                "uv": [1, 1, 2, 2],
                "texture": "#0"
            }
        }
    }, {
        "name": "hexadecagon",
        "from": [6.44848, 9.875, 0.2],
        "to": [9.55152, 10.875, 4.1],
        "rotation": {
            "angle": 45,
            "axis": "y",
            "origin": [8, 10.525, 8]
        },
        "faces": {
            "north": {
                "uv": [4, 1, 5, 2],
                "texture": "#0"
            },
            "east": {
                "uv": [4, 1, 5, 2],
                "texture": "#0"
            },
            "south": {
                "uv": [4, 1, 5, 2],
                "texture": "#0"
            },
            "west": {
                "uv": [4, 1, 5, 2],
                "texture": "#0"
            },
            "up": {
                "uv": [1, 1, 2, 2],
                "texture": "#0"
            },
            "down": {
                "uv": [1, 1, 2, 2],
                "texture": "#0"
            }
        }
    }, {
        "name": "hexadecagon",
        "from": [6.44848, 9.875, 1.05],
        "to": [7.55152, 10.875, 2.55],
        "rotation": {
            "angle": 22.5,
            "axis": "y",
            "origin": [8, 10.525, 8]
        },
        "faces": {
            "north": {
                "uv": [4, 1, 5, 2],
                "texture": "#0"
            },
            "east": {
                "uv": [4, 1, 5, 2],
                "texture": "#0"
            },
            "south": {
                "uv": [4, 1, 5, 2],
                "texture": "#0"
            },
            "west": {
                "uv": [4, 1, 5, 2],
                "texture": "#0"
            },
            "up": {
                "uv": [1, 1, 2, 2],
                "texture": "#0"
            },
            "down": {
                "uv": [1, 1, 2, 2],
                "texture": "#0"
            }
        }
    }, {
        "name": "hexadecagon",
        "from": [6.44848, 9.875, 14.3],
        "to": [8.05152, 10.875, 15.8],
        "rotation": {
            "angle": -22.5,
            "axis": "y",
            "origin": [8, 10.525, 8]
        },
        "faces": {
            "north": {
                "uv": [4, 1, 5, 2],
                "texture": "#0"
            },
            "east": {
                "uv": [4, 1, 5, 2],
                "texture": "#0"
            },
            "south": {
                "uv": [4, 1, 5, 2],
                "texture": "#0"
            },
            "west": {
                "uv": [4, 1, 5, 2],
                "texture": "#0"
            },
            "up": {
                "uv": [1, 1, 2, 2],
                "texture": "#0"
            },
            "down": {
                "uv": [1, 1, 2, 2],
                "texture": "#0"
            }
        }
    }, {
        "name": "hexadecagon",
        "from": [6.44848, 9.875, 11.9],
        "to": [9.55152, 10.875, 15.8],
        "rotation": {
            "angle": -45,
            "axis": "y",
            "origin": [8, 10.525, 8]
        },
        "faces": {
            "north": {
                "uv": [4, 1, 5, 2],
                "texture": "#0"
            },
            "east": {
                "uv": [4, 1, 5, 2],
                "texture": "#0"
            },
            "south": {
                "uv": [4, 1, 5, 2],
                "texture": "#0"
            },
            "west": {
                "uv": [4, 1, 5, 2],
                "texture": "#0"
            },
            "up": {
                "uv": [1, 1, 2, 2],
                "texture": "#0"
            },
            "down": {
                "uv": [1, 1, 2, 2],
                "texture": "#0"
            }
        }
    }, {
        "name": "hexadecagon",
        "from": [6.44848, 9.875, 13.45],
        "to": [7.55152, 10.875, 14.95],
        "rotation": {
            "angle": -22.5,
            "axis": "y",
            "origin": [8, 10.525, 8]
        },
        "faces": {
            "north": {
                "uv": [4, 1, 5, 2],
                "texture": "#0"
            },
            "east": {
                "uv": [4, 1, 5, 2],
                "texture": "#0"
            },
            "south": {
                "uv": [4, 1, 5, 2],
                "texture": "#0"
            },
            "west": {
                "uv": [4, 1, 5, 2],
                "texture": "#0"
            },
            "up": {
                "uv": [1, 1, 2, 2],
                "texture": "#0"
            },
            "down": {
                "uv": [1, 1, 2, 2],
                "texture": "#0"
            }
        }
    }, {
        "name": "hexadecagon",
        "from": [10.3343, 9.875, 0.77403],
        "to": [10.93734, 10.875, 15.22597],
        "rotation": {
            "angle": 0,
            "axis": "z",
            "origin": [9.38582, 10.375, 8.57403]
        },
        "faces": {
            "north": {
                "uv": [4, 1, 5, 2],
                "texture": "#0"
            },
            "east": {
                "uv": [4, 1, 5, 2],
                "texture": "#0"
            },
            "south": {
                "uv": [4, 1, 5, 2],
                "texture": "#0"
            },
            "west": {
                "uv": [4, 1, 5, 2],
                "texture": "#0"
            },
            "up": {
                "uv": [1, 1, 2, 2],
                "texture": "#0"
            },
            "down": {
                "uv": [1, 1, 2, 2],
                "texture": "#0"
            }
        }
    }, {
        "name": "hexadecagon",
        "from": [8.94556, 9.79767, 0.77403],
        "to": [10.5486, 10.79767, 15.22597],
        "rotation": {
            "angle": 22.5,
            "axis": "z",
            "origin": [10.24708, 10.29767, 8.57403]
        },
        "faces": {
            "north": {
                "uv": [4, 1, 5, 2],
                "texture": "#0"
            },
            "east": {
                "uv": [4, 1, 5, 2],
                "texture": "#0"
            },
            "south": {
                "uv": [4, 1, 5, 2],
                "texture": "#0"
            },
            "west": {
                "uv": [4, 1, 5, 2],
                "texture": "#0"
            },
            "up": {
                "uv": [1, 1, 2, 2],
                "texture": "#0"
            },
            "down": {
                "uv": [1, 1, 2, 2],
                "texture": "#0"
            }
        }
    }, {
        "name": "hexadecagon",
        "from": [6.76402, 9.33767, 0.77403],
        "to": [9.23598, 10.32435, 15.22597],
        "rotation": {
            "angle": 0,
            "axis": "z",
            "origin": [8.42375, 9.91185, 8.57403]
        },
        "faces": {
            "north": {
                "uv": [4, 1, 5, 2],
                "texture": "#0"
            },
            "east": {
                "uv": [4, 1, 5, 2],
                "texture": "#0"
            },
            "south": {
                "uv": [4, 1, 5, 2],
                "texture": "#0"
            },
            "west": {
                "uv": [4, 1, 5, 2],
                "texture": "#0"
            },
            "up": {
                "uv": [1, 1, 2, 2],
                "texture": "#0"
            },
            "down": {
                "uv": [1, 1, 2, 2],
                "texture": "#0"
            }
        }
    }, {
        "name": "hexadecagon",
        "from": [5.4514, 9.79767, 0.77403],
        "to": [7.05444, 10.79767, 15.22597],
        "rotation": {
            "angle": -22.5,
            "axis": "z",
            "origin": [5.75292, 10.29767, 8.57403]
        },
        "faces": {
            "north": {
                "uv": [4, 1, 5, 2],
                "texture": "#0"
            },
            "east": {
                "uv": [4, 1, 5, 2],
                "texture": "#0"
            },
            "south": {
                "uv": [4, 1, 5, 2],
                "texture": "#0"
            },
            "west": {
                "uv": [4, 1, 5, 2],
                "texture": "#0"
            },
            "up": {
                "uv": [1, 1, 2, 2],
                "texture": "#0"
            },
            "down": {
                "uv": [1, 1, 2, 2],
                "texture": "#0"
            }
        }
    }, {
        "name": "hexadecagon",
        "from": [5.06266, 9.875, 0.77403],
        "to": [5.6657, 10.875, 15.22597],
        "rotation": {
            "angle": 0,
            "axis": "z",
            "origin": [6.61418, 10.375, 8.57403]
        },
        "faces": {
            "north": {
                "uv": [4, 1, 5, 2],
                "texture": "#0"
            },
            "east": {
                "uv": [4, 1, 5, 2],
                "texture": "#0"
            },
            "south": {
                "uv": [4, 1, 5, 2],
                "texture": "#0"
            },
            "west": {
                "uv": [4, 1, 5, 2],
                "texture": "#0"
            },
            "up": {
                "uv": [1, 1, 2, 2],
                "texture": "#0"
            },
            "down": {
                "uv": [1, 1, 2, 2],
                "texture": "#0"
            }
        }
    }, {
        "name": "hexadecagon",
        "from": [0.2, 9.875, 6.44848],
        "to": [15.8, 10.875, 9.55152],
        "rotation": {
            "angle": -22.5,
            "axis": "y",
            "origin": [8, 10.525, 8]
        },
        "faces": {
            "north": {
                "uv": [4, 1, 5, 2],
                "texture": "#0"
            },
            "east": {
                "uv": [4, 1, 5, 2],
                "texture": "#0"
            },
            "south": {
                "uv": [4, 1, 5, 2],
                "texture": "#0"
            },
            "west": {
                "uv": [4, 1, 5, 2],
                "texture": "#0"
            },
            "up": {
                "uv": [1, 1, 2, 2],
                "texture": "#0"
            },
            "down": {
                "uv": [1, 1, 2, 2],
                "texture": "#0"
            }
        }
    }, {
        "name": "hexadecagon",
        "from": [0.2, 9.875, 6.44848],
        "to": [15.8, 10.875, 9.55152],
        "rotation": {
            "angle": 0,
            "axis": "y",
            "origin": [8, 10.525, 8]
        },
        "faces": {
            "north": {
                "uv": [4, 1, 5, 2],
                "texture": "#0"
            },
            "east": {
                "uv": [4, 1, 5, 2],
                "texture": "#0"
            },
            "south": {
                "uv": [4, 1, 5, 2],
                "texture": "#0"
            },
            "west": {
                "uv": [4, 1, 5, 2],
                "texture": "#0"
            },
            "up": {
                "uv": [1, 1, 2, 2],
                "texture": "#0"
            },
            "down": {
                "uv": [1, 1, 2, 2],
                "texture": "#0"
            }
        }
    }, {
        "name": "hexadecagon",
        "from": [0.2, 9.875, 6.44848],
        "to": [15.8, 10.875, 9.55152],
        "rotation": {
            "angle": 22.5,
            "axis": "y",
            "origin": [8, 10.525, 8]
        },
        "faces": {
            "north": {
                "uv": [4, 1, 5, 2],
                "texture": "#0"
            },
            "east": {
                "uv": [4, 1, 5, 2],
                "texture": "#0"
            },
            "south": {
                "uv": [4, 1, 5, 2],
                "texture": "#0"
            },
            "west": {
                "uv": [4, 1, 5, 2],
                "texture": "#0"
            },
            "up": {
                "uv": [1, 1, 2, 2],
                "texture": "#0"
            },
            "down": {
                "uv": [1, 1, 2, 2],
                "texture": "#0"
            }
        }
    }, {
        "from": [9.20077, 15.79212, 2.94],
        "to": [11.07077, 16.41212, 3.985],
        "rotation": {
            "angle": -22.5,
            "axis": "z",
            "origin": [8.00013, 13.36011, 8]
        },
        "faces": {
            "north": {
                "uv": [7, 1, 8, 2],
                "texture": "#0"
            },
            "east": {
                "uv": [7, 1, 8, 2],
                "texture": "#0"
            },
            "south": {
                "uv": [7, 1, 8, 2],
                "texture": "#0"
            },
            "west": {
                "uv": [7, 1, 8, 2],
                "texture": "#0"
            },
            "up": {
                "uv": [7, 1, 8, 2],
                "texture": "#0"
            },
            "down": {
                "uv": [7, 1, 8, 2],
                "texture": "#0"
            }
        }
    }, {
        "from": [9.1372, 14.04922, 2.94],
        "to": [11.0072, 14.66922, 3.985],
        "rotation": {
            "angle": 22.5,
            "axis": "z",
            "origin": [8.00013, 13.36011, 8]
        },
        "faces": {
            "north": {
                "uv": [7, 1, 8, 2],
                "texture": "#0"
            },
            "east": {
                "uv": [7, 1, 8, 2],
                "texture": "#0"
            },
            "south": {
                "uv": [7, 1, 8, 2],
                "texture": "#0"
            },
            "west": {
                "uv": [7, 1, 8, 2],
                "texture": "#0"
            },
            "up": {
                "uv": [7, 1, 8, 2],
                "texture": "#0"
            },
            "down": {
                "uv": [7, 1, 8, 2],
                "texture": "#0"
            }
        }
    }, {
        "from": [7.87848, 13.71983, 2.94],
        "to": [8.49848, 15.08983, 3.985],
        "rotation": {
            "angle": -22.5,
            "axis": "z",
            "origin": [8.00013, 13.36011, 8]
        },
        "faces": {
            "north": {
                "uv": [7, 1, 8, 2],
                "texture": "#0"
            },
            "east": {
                "uv": [7, 1, 8, 2],
                "texture": "#0"
            },
            "south": {
                "uv": [7, 1, 8, 2],
                "texture": "#0"
            },
            "west": {
                "uv": [7, 1, 8, 2],
                "texture": "#0"
            },
            "up": {
                "uv": [7, 1, 8, 2],
                "texture": "#0"
            },
            "down": {
                "uv": [7, 1, 8, 2],
                "texture": "#0"
            }
        }
    }, {
        "from": [7.88146, 11.63758, 2.94],
        "to": [8.50146, 13.00758, 3.985],
        "rotation": {
            "angle": 22.5,
            "axis": "z",
            "origin": [8.00013, 13.36011, 8]
        },
        "faces": {
            "north": {
                "uv": [7, 1, 8, 2],
                "texture": "#0"
            },
            "east": {
                "uv": [7, 1, 8, 2],
                "texture": "#0"
            },
            "south": {
                "uv": [7, 1, 8, 2],
                "texture": "#0"
            },
            "west": {
                "uv": [7, 1, 8, 2],
                "texture": "#0"
            },
            "up": {
                "uv": [7, 1, 8, 2],
                "texture": "#0"
            },
            "down": {
                "uv": [7, 1, 8, 2],
                "texture": "#0"
            }
        }
    }, {
        "from": [8.0254, 12.989, 2.94],
        "to": [8.6454, 13.739, 3.985],
        "rotation": {
            "angle": 0,
            "axis": "z",
            "origin": [8.00013, 13.36011, 8]
        },
        "faces": {
            "north": {
                "uv": [7, 1, 8, 2],
                "texture": "#0"
            },
            "east": {
                "uv": [7, 1, 8, 2],
                "texture": "#0"
            },
            "south": {
                "uv": [7, 1, 8, 2],
                "texture": "#0"
            },
            "west": {
                "uv": [7, 1, 8, 2],
                "texture": "#0"
            },
            "up": {
                "uv": [7, 1, 8, 2],
                "texture": "#0"
            },
            "down": {
                "uv": [7, 1, 8, 2],
                "texture": "#0"
            }
        }
    }, {
        "from": [9.13423, 12.05818, 2.94],
        "to": [11.00423, 12.67818, 3.985],
        "rotation": {
            "angle": -22.5,
            "axis": "z",
            "origin": [8.00013, 13.36011, 8]
        },
        "faces": {
            "north": {
                "uv": [7, 1, 8, 2],
                "texture": "#0"
            },
            "east": {
                "uv": [7, 1, 8, 2],
                "texture": "#0"
            },
            "south": {
                "uv": [7, 1, 8, 2],
                "texture": "#0"
            },
            "west": {
                "uv": [7, 1, 8, 2],
                "texture": "#0"
            },
            "up": {
                "uv": [7, 1, 8, 2],
                "texture": "#0"
            },
            "down": {
                "uv": [7, 1, 8, 2],
                "texture": "#0"
            }
        }
    }, {
        "from": [9.20375, 10.31529, 2.94],
        "to": [11.07375, 10.93529, 3.985],
        "rotation": {
            "angle": 22.5,
            "axis": "z",
            "origin": [8.00013, 13.36011, 8]
        },
        "faces": {
            "north": {
                "uv": [7, 1, 8, 2],
                "texture": "#0"
            },
            "east": {
                "uv": [7, 1, 8, 2],
                "texture": "#0"
            },
            "south": {
                "uv": [7, 1, 8, 2],
                "texture": "#0"
            },
            "west": {
                "uv": [7, 1, 8, 2],
                "texture": "#0"
            },
            "up": {
                "uv": [7, 1, 8, 2],
                "texture": "#0"
            },
            "down": {
                "uv": [7, 1, 8, 2],
                "texture": "#0"
            }
        }
    }, {
        "from": [11.70652, 13.38047, 2.94],
        "to": [12.32652, 14.75047, 3.985],
        "rotation": {
            "angle": -22.5,
            "axis": "z",
            "origin": [8.00013, 13.36011, 8]
        },
        "faces": {
            "north": {
                "uv": [7, 1, 8, 2],
                "texture": "#0"
            },
            "east": {
                "uv": [7, 1, 8, 2],
                "texture": "#0"
            },
            "south": {
                "uv": [7, 1, 8, 2],
                "texture": "#0"
            },
            "west": {
                "uv": [7, 1, 8, 2],
                "texture": "#0"
            },
            "up": {
                "uv": [7, 1, 8, 2],
                "texture": "#0"
            },
            "down": {
                "uv": [7, 1, 8, 2],
                "texture": "#0"
            }
        }
    }, {
        "from": [11.90926, 12.989, 2.94],
        "to": [12.52926, 13.739, 3.985],
        "rotation": {
            "angle": 0,
            "axis": "z",
            "origin": [8.00013, 13.36011, 8]
        },
        "faces": {
            "north": {
                "uv": [7, 1, 8, 2],
                "texture": "#0"
            },
            "east": {
                "uv": [7, 1, 8, 2],
                "texture": "#0"
            },
            "south": {
                "uv": [7, 1, 8, 2],
                "texture": "#0"
            },
            "west": {
                "uv": [7, 1, 8, 2],
                "texture": "#0"
            },
            "up": {
                "uv": [7, 1, 8, 2],
                "texture": "#0"
            },
            "down": {
                "uv": [7, 1, 8, 2],
                "texture": "#0"
            }
        }
    }, {
        "from": [11.70949, 11.97693, 2.94],
        "to": [12.32949, 13.34693, 3.985],
        "rotation": {
            "angle": 22.5,
            "axis": "z",
            "origin": [8.00013, 13.36011, 8]
        },
        "faces": {
            "north": {
                "uv": [7, 1, 8, 2],
                "texture": "#0"
            },
            "east": {
                "uv": [7, 1, 8, 2],
                "texture": "#0"
            },
            "south": {
                "uv": [7, 1, 8, 2],
                "texture": "#0"
            },
            "west": {
                "uv": [7, 1, 8, 2],
                "texture": "#0"
            },
            "up": {
                "uv": [7, 1, 8, 2],
                "texture": "#0"
            },
            "down": {
                "uv": [7, 1, 8, 2],
                "texture": "#0"
            }
        }
    }, {
        "from": [9.13423, 12.67818, 3.19],
        "to": [11.00423, 13.09818, 3.735],
        "rotation": {
            "angle": -22.5,
            "axis": "z",
            "origin": [8.00013, 13.36011, 8]
        },
        "faces": {
            "north": {
                "uv": [10, 1, 11, 2],
                "texture": "#0"
            },
            "east": {
                "uv": [10, 1, 11, 2],
                "texture": "#0"
            },
            "south": {
                "uv": [10, 1, 11, 2],
                "texture": "#0"
            },
            "west": {
                "uv": [10, 1, 11, 2],
                "texture": "#0"
            },
            "up": {
                "uv": [10, 1, 11, 2],
                "texture": "#0"
            },
            "down": {
                "uv": [10, 1, 11, 2],
                "texture": "#0"
            }
        }
    }, {
        "from": [8.84613, 11.92229, 3.34],
        "to": [11.56613, 14.64229, 3.585],
        "rotation": {
            "angle": 0,
            "axis": "z",
            "origin": [8.00013, 13.36011, 8]
        },
        "faces": {
            "north": {
                "uv": [4, 4, 5, 5],
                "texture": "#0"
            },
            "east": {
                "uv": [4, 4, 5, 5],
                "texture": "#0"
            },
            "south": {
                "uv": [4, 4, 5, 5],
                "texture": "#0"
            },
            "west": {
                "uv": [4, 4, 5, 5],
                "texture": "#0"
            },
            "up": {
                "uv": [4, 4, 5, 5],
                "texture": "#0"
            },
            "down": {
                "uv": [4, 4, 5, 5],
                "texture": "#0"
            }
        }
    }, {
        "from": [9.20375, 10.93529, 3.19],
        "to": [11.07375, 11.35529, 3.735],
        "rotation": {
            "angle": 22.5,
            "axis": "z",
            "origin": [8.00013, 13.36011, 8]
        },
        "faces": {
            "north": {
                "uv": [10, 1, 11, 2],
                "texture": "#0"
            },
            "east": {
                "uv": [10, 1, 11, 2],
                "texture": "#0"
            },
            "south": {
                "uv": [10, 1, 11, 2],
                "texture": "#0"
            },
            "west": {
                "uv": [10, 1, 11, 2],
                "texture": "#0"
            },
            "up": {
                "uv": [10, 1, 11, 2],
                "texture": "#0"
            },
            "down": {
                "uv": [10, 1, 11, 2],
                "texture": "#0"
            }
        }
    }, {
        "from": [9.1372, 13.62922, 3.19],
        "to": [11.0072, 14.04922, 3.735],
        "rotation": {
            "angle": 22.5,
            "axis": "z",
            "origin": [8.00013, 13.36011, 8]
        },
        "faces": {
            "north": {
                "uv": [10, 1, 11, 2],
                "texture": "#0"
            },
            "east": {
                "uv": [10, 1, 11, 2],
                "texture": "#0"
            },
            "south": {
                "uv": [10, 1, 11, 2],
                "texture": "#0"
            },
            "west": {
                "uv": [10, 1, 11, 2],
                "texture": "#0"
            },
            "up": {
                "uv": [10, 1, 11, 2],
                "texture": "#0"
            },
            "down": {
                "uv": [10, 1, 11, 2],
                "texture": "#0"
            }
        }
    }, {
        "from": [8.49848, 13.71983, 3.19],
        "to": [8.91848, 15.08983, 3.735],
        "rotation": {
            "angle": -22.5,
            "axis": "z",
            "origin": [8.00013, 13.36011, 8]
        },
        "faces": {
            "north": {
                "uv": [10, 1, 11, 2],
                "texture": "#0"
            },
            "east": {
                "uv": [10, 1, 11, 2],
                "texture": "#0"
            },
            "south": {
                "uv": [10, 1, 11, 2],
                "texture": "#0"
            },
            "west": {
                "uv": [10, 1, 11, 2],
                "texture": "#0"
            },
            "up": {
                "uv": [10, 1, 11, 2],
                "texture": "#0"
            },
            "down": {
                "uv": [10, 1, 11, 2],
                "texture": "#0"
            }
        }
    }, {
        "from": [8.6454, 12.989, 3.19],
        "to": [9.1154, 13.739, 3.735],
        "rotation": {
            "angle": 0,
            "axis": "z",
            "origin": [8.00013, 13.36011, 8]
        },
        "faces": {
            "north": {
                "uv": [10, 1, 11, 2],
                "texture": "#0"
            },
            "east": {
                "uv": [10, 1, 11, 2],
                "texture": "#0"
            },
            "south": {
                "uv": [10, 1, 11, 2],
                "texture": "#0"
            },
            "west": {
                "uv": [10, 1, 11, 2],
                "texture": "#0"
            },
            "up": {
                "uv": [10, 1, 11, 2],
                "texture": "#0"
            },
            "down": {
                "uv": [10, 1, 11, 2],
                "texture": "#0"
            }
        }
    }, {
        "from": [8.50146, 11.63758, 3.19],
        "to": [8.92146, 13.00758, 3.735],
        "rotation": {
            "angle": 22.5,
            "axis": "z",
            "origin": [8.00013, 13.36011, 8]
        },
        "faces": {
            "north": {
                "uv": [10, 1, 11, 2],
                "texture": "#0"
            },
            "east": {
                "uv": [10, 1, 11, 2],
                "texture": "#0"
            },
            "south": {
                "uv": [10, 1, 11, 2],
                "texture": "#0"
            },
            "west": {
                "uv": [10, 1, 11, 2],
                "texture": "#0"
            },
            "up": {
                "uv": [10, 1, 11, 2],
                "texture": "#0"
            },
            "down": {
                "uv": [10, 1, 11, 2],
                "texture": "#0"
            }
        }
    }, {
        "from": [11.28652, 13.38047, 3.19],
        "to": [11.70652, 14.75047, 3.735],
        "rotation": {
            "angle": -22.5,
            "axis": "z",
            "origin": [8.00013, 13.36011, 8]
        },
        "faces": {
            "north": {
                "uv": [10, 1, 11, 2],
                "texture": "#0"
            },
            "east": {
                "uv": [10, 1, 11, 2],
                "texture": "#0"
            },
            "south": {
                "uv": [10, 1, 11, 2],
                "texture": "#0"
            },
            "west": {
                "uv": [10, 1, 11, 2],
                "texture": "#0"
            },
            "up": {
                "uv": [10, 1, 11, 2],
                "texture": "#0"
            },
            "down": {
                "uv": [10, 1, 11, 2],
                "texture": "#0"
            }
        }
    }, {
        "from": [11.48926, 12.989, 3.19],
        "to": [11.90926, 13.739, 3.735],
        "rotation": {
            "angle": 0,
            "axis": "z",
            "origin": [8.00013, 13.36011, 8]
        },
        "faces": {
            "north": {
                "uv": [10, 1, 11, 2],
                "texture": "#0"
            },
            "east": {
                "uv": [10, 1, 11, 2],
                "texture": "#0"
            },
            "south": {
                "uv": [10, 1, 11, 2],
                "texture": "#0"
            },
            "west": {
                "uv": [10, 1, 11, 2],
                "texture": "#0"
            },
            "up": {
                "uv": [10, 1, 11, 2],
                "texture": "#0"
            },
            "down": {
                "uv": [10, 1, 11, 2],
                "texture": "#0"
            }
        }
    }, {
        "from": [11.28949, 11.97693, 3.19],
        "to": [11.70949, 13.34693, 3.735],
        "rotation": {
            "angle": 22.5,
            "axis": "z",
            "origin": [8.00013, 13.36011, 8]
        },
        "faces": {
            "north": {
                "uv": [10, 1, 11, 2],
                "texture": "#0"
            },
            "east": {
                "uv": [10, 1, 11, 2],
                "texture": "#0"
            },
            "south": {
                "uv": [10, 1, 11, 2],
                "texture": "#0"
            },
            "west": {
                "uv": [10, 1, 11, 2],
                "texture": "#0"
            },
            "up": {
                "uv": [10, 1, 11, 2],
                "texture": "#0"
            },
            "down": {
                "uv": [10, 1, 11, 2],
                "texture": "#0"
            }
        }
    }, {
        "from": [9.20077, 15.37212, 3.19],
        "to": [11.07077, 15.79212, 3.735],
        "rotation": {
            "angle": -22.5,
            "axis": "z",
            "origin": [8.00013, 13.36011, 8]
        },
        "faces": {
            "north": {
                "uv": [10, 1, 11, 2],
                "texture": "#0"
            },
            "east": {
                "uv": [10, 1, 11, 2],
                "texture": "#0"
            },
            "south": {
                "uv": [10, 1, 11, 2],
                "texture": "#0"
            },
            "west": {
                "uv": [10, 1, 11, 2],
                "texture": "#0"
            },
            "up": {
                "uv": [10, 1, 11, 2],
                "texture": "#0"
            },
            "down": {
                "uv": [10, 1, 11, 2],
                "texture": "#0"
            }
        }
    }, {
        "from": [4.99712, 14.05091, 2.94],
        "to": [6.86712, 14.67091, 3.985],
        "rotation": {
            "angle": -22.5,
            "axis": "z",
            "origin": [8.00013, 13.36011, 8]
        },
        "faces": {
            "north": {
                "uv": [7, 1, 8, 2],
                "texture": "#0"
            },
            "east": {
                "uv": [7, 1, 8, 2],
                "texture": "#0"
            },
            "south": {
                "uv": [7, 1, 8, 2],
                "texture": "#0"
            },
            "west": {
                "uv": [7, 1, 8, 2],
                "texture": "#0"
            },
            "up": {
                "uv": [7, 1, 8, 2],
                "texture": "#0"
            },
            "down": {
                "uv": [7, 1, 8, 2],
                "texture": "#0"
            }
        }
    }, {
        "from": [4.93355, 15.79043, 2.94],
        "to": [6.80355, 16.41043, 3.985],
        "rotation": {
            "angle": 22.5,
            "axis": "z",
            "origin": [8.00013, 13.36011, 8]
        },
        "faces": {
            "north": {
                "uv": [7, 1, 8, 2],
                "texture": "#0"
            },
            "east": {
                "uv": [7, 1, 8, 2],
                "texture": "#0"
            },
            "south": {
                "uv": [7, 1, 8, 2],
                "texture": "#0"
            },
            "west": {
                "uv": [7, 1, 8, 2],
                "texture": "#0"
            },
            "up": {
                "uv": [7, 1, 8, 2],
                "texture": "#0"
            },
            "down": {
                "uv": [7, 1, 8, 2],
                "texture": "#0"
            }
        }
    }, {
        "from": [3.67483, 11.97862, 2.94],
        "to": [4.29483, 13.34862, 3.985],
        "rotation": {
            "angle": -22.5,
            "axis": "z",
            "origin": [8.00013, 13.36011, 8]
        },
        "faces": {
            "north": {
                "uv": [7, 1, 8, 2],
                "texture": "#0"
            },
            "east": {
                "uv": [7, 1, 8, 2],
                "texture": "#0"
            },
            "south": {
                "uv": [7, 1, 8, 2],
                "texture": "#0"
            },
            "west": {
                "uv": [7, 1, 8, 2],
                "texture": "#0"
            },
            "up": {
                "uv": [7, 1, 8, 2],
                "texture": "#0"
            },
            "down": {
                "uv": [7, 1, 8, 2],
                "texture": "#0"
            }
        }
    }, {
        "from": [3.6778, 13.37879, 2.94],
        "to": [4.2978, 14.74879, 3.985],
        "rotation": {
            "angle": 22.5,
            "axis": "z",
            "origin": [8.00013, 13.36011, 8]
        },
        "faces": {
            "north": {
                "uv": [7, 1, 8, 2],
                "texture": "#0"
            },
            "east": {
                "uv": [7, 1, 8, 2],
                "texture": "#0"
            },
            "south": {
                "uv": [7, 1, 8, 2],
                "texture": "#0"
            },
            "west": {
                "uv": [7, 1, 8, 2],
                "texture": "#0"
            },
            "up": {
                "uv": [7, 1, 8, 2],
                "texture": "#0"
            },
            "down": {
                "uv": [7, 1, 8, 2],
                "texture": "#0"
            }
        }
    }, {
        "from": [3.4754, 12.989, 2.94],
        "to": [4.0954, 13.739, 3.985],
        "rotation": {
            "angle": 0,
            "axis": "z",
            "origin": [8.00013, 13.36011, 8]
        },
        "faces": {
            "north": {
                "uv": [7, 1, 8, 2],
                "texture": "#0"
            },
            "east": {
                "uv": [7, 1, 8, 2],
                "texture": "#0"
            },
            "south": {
                "uv": [7, 1, 8, 2],
                "texture": "#0"
            },
            "west": {
                "uv": [7, 1, 8, 2],
                "texture": "#0"
            },
            "up": {
                "uv": [7, 1, 8, 2],
                "texture": "#0"
            },
            "down": {
                "uv": [7, 1, 8, 2],
                "texture": "#0"
            }
        }
    }, {
        "from": [4.93057, 10.31697, 2.94],
        "to": [6.80057, 10.93697, 3.985],
        "rotation": {
            "angle": -22.5,
            "axis": "z",
            "origin": [8.00013, 13.36011, 8]
        },
        "faces": {
            "north": {
                "uv": [7, 1, 8, 2],
                "texture": "#0"
            },
            "east": {
                "uv": [7, 1, 8, 2],
                "texture": "#0"
            },
            "south": {
                "uv": [7, 1, 8, 2],
                "texture": "#0"
            },
            "west": {
                "uv": [7, 1, 8, 2],
                "texture": "#0"
            },
            "up": {
                "uv": [7, 1, 8, 2],
                "texture": "#0"
            },
            "down": {
                "uv": [7, 1, 8, 2],
                "texture": "#0"
            }
        }
    }, {
        "from": [5.00009, 12.0565, 2.94],
        "to": [6.87009, 12.6765, 3.985],
        "rotation": {
            "angle": 22.5,
            "axis": "z",
            "origin": [8.00013, 13.36011, 8]
        },
        "faces": {
            "north": {
                "uv": [7, 1, 8, 2],
                "texture": "#0"
            },
            "east": {
                "uv": [7, 1, 8, 2],
                "texture": "#0"
            },
            "south": {
                "uv": [7, 1, 8, 2],
                "texture": "#0"
            },
            "west": {
                "uv": [7, 1, 8, 2],
                "texture": "#0"
            },
            "up": {
                "uv": [7, 1, 8, 2],
                "texture": "#0"
            },
            "down": {
                "uv": [7, 1, 8, 2],
                "texture": "#0"
            }
        }
    }, {
        "from": [7.50286, 11.63926, 2.94],
        "to": [8.12286, 13.00926, 3.985],
        "rotation": {
            "angle": -22.5,
            "axis": "z",
            "origin": [8.00013, 13.36011, 8]
        },
        "faces": {
            "north": {
                "uv": [7, 1, 8, 2],
                "texture": "#0"
            },
            "east": {
                "uv": [7, 1, 8, 2],
                "texture": "#0"
            },
            "south": {
                "uv": [7, 1, 8, 2],
                "texture": "#0"
            },
            "west": {
                "uv": [7, 1, 8, 2],
                "texture": "#0"
            },
            "up": {
                "uv": [7, 1, 8, 2],
                "texture": "#0"
            },
            "down": {
                "uv": [7, 1, 8, 2],
                "texture": "#0"
            }
        }
    }, {
        "from": [7.35926, 12.989, 2.94],
        "to": [7.97926, 13.739, 3.985],
        "rotation": {
            "angle": 0,
            "axis": "z",
            "origin": [8.00013, 13.36011, 8]
        },
        "faces": {
            "north": {
                "uv": [7, 1, 8, 2],
                "texture": "#0"
            },
            "east": {
                "uv": [7, 1, 8, 2],
                "texture": "#0"
            },
            "south": {
                "uv": [7, 1, 8, 2],
                "texture": "#0"
            },
            "west": {
                "uv": [7, 1, 8, 2],
                "texture": "#0"
            },
            "up": {
                "uv": [7, 1, 8, 2],
                "texture": "#0"
            },
            "down": {
                "uv": [7, 1, 8, 2],
                "texture": "#0"
            }
        }
    }, {
        "from": [7.50584, 13.71814, 2.94],
        "to": [8.12584, 15.08814, 3.985],
        "rotation": {
            "angle": 22.5,
            "axis": "z",
            "origin": [8.00013, 13.36011, 8]
        },
        "faces": {
            "north": {
                "uv": [7, 1, 8, 2],
                "texture": "#0"
            },
            "east": {
                "uv": [7, 1, 8, 2],
                "texture": "#0"
            },
            "south": {
                "uv": [7, 1, 8, 2],
                "texture": "#0"
            },
            "west": {
                "uv": [7, 1, 8, 2],
                "texture": "#0"
            },
            "up": {
                "uv": [7, 1, 8, 2],
                "texture": "#0"
            },
            "down": {
                "uv": [7, 1, 8, 2],
                "texture": "#0"
            }
        }
    }, {
        "from": [4.93057, 10.93697, 3.19],
        "to": [6.80057, 11.35697, 3.735],
        "rotation": {
            "angle": -22.5,
            "axis": "z",
            "origin": [8.00013, 13.36011, 8]
        },
        "faces": {
            "north": {
                "uv": [10, 1, 11, 2],
                "texture": "#0"
            },
            "east": {
                "uv": [10, 1, 11, 2],
                "texture": "#0"
            },
            "south": {
                "uv": [10, 1, 11, 2],
                "texture": "#0"
            },
            "west": {
                "uv": [10, 1, 11, 2],
                "texture": "#0"
            },
            "up": {
                "uv": [10, 1, 11, 2],
                "texture": "#0"
            },
            "down": {
                "uv": [10, 1, 11, 2],
                "texture": "#0"
            }
        }
    }, {
        "from": [4.29613, 11.92229, 3.34],
        "to": [7.01613, 14.64229, 3.585],
        "rotation": {
            "angle": 0,
            "axis": "z",
            "origin": [8.00013, 13.36011, 8]
        },
        "faces": {
            "north": {
                "uv": [4, 4, 5, 5],
                "texture": "#0"
            },
            "east": {
                "uv": [4, 4, 5, 5],
                "texture": "#0"
            },
            "south": {
                "uv": [4, 4, 5, 5],
                "texture": "#0"
            },
            "west": {
                "uv": [4, 4, 5, 5],
                "texture": "#0"
            },
            "up": {
                "uv": [4, 4, 5, 5],
                "texture": "#0"
            },
            "down": {
                "uv": [4, 4, 5, 5],
                "texture": "#0"
            }
        }
    }, {
        "from": [5.00009, 12.6765, 3.19],
        "to": [6.87009, 13.0965, 3.735],
        "rotation": {
            "angle": 22.5,
            "axis": "z",
            "origin": [8.00013, 13.36011, 8]
        },
        "faces": {
            "north": {
                "uv": [10, 1, 11, 2],
                "texture": "#0"
            },
            "east": {
                "uv": [10, 1, 11, 2],
                "texture": "#0"
            },
            "south": {
                "uv": [10, 1, 11, 2],
                "texture": "#0"
            },
            "west": {
                "uv": [10, 1, 11, 2],
                "texture": "#0"
            },
            "up": {
                "uv": [10, 1, 11, 2],
                "texture": "#0"
            },
            "down": {
                "uv": [10, 1, 11, 2],
                "texture": "#0"
            }
        }
    }, {
        "from": [4.93355, 15.37043, 3.19],
        "to": [6.80355, 15.79043, 3.735],
        "rotation": {
            "angle": 22.5,
            "axis": "z",
            "origin": [8.00013, 13.36011, 8]
        },
        "faces": {
            "north": {
                "uv": [10, 1, 11, 2],
                "texture": "#0"
            },
            "east": {
                "uv": [10, 1, 11, 2],
                "texture": "#0"
            },
            "south": {
                "uv": [10, 1, 11, 2],
                "texture": "#0"
            },
            "west": {
                "uv": [10, 1, 11, 2],
                "texture": "#0"
            },
            "up": {
                "uv": [10, 1, 11, 2],
                "texture": "#0"
            },
            "down": {
                "uv": [10, 1, 11, 2],
                "texture": "#0"
            }
        }
    }, {
        "from": [4.29483, 11.97862, 3.19],
        "to": [4.71483, 13.34862, 3.735],
        "rotation": {
            "angle": -22.5,
            "axis": "z",
            "origin": [8.00013, 13.36011, 8]
        },
        "faces": {
            "north": {
                "uv": [10, 1, 11, 2],
                "texture": "#0"
            },
            "east": {
                "uv": [10, 1, 11, 2],
                "texture": "#0"
            },
            "south": {
                "uv": [10, 1, 11, 2],
                "texture": "#0"
            },
            "west": {
                "uv": [10, 1, 11, 2],
                "texture": "#0"
            },
            "up": {
                "uv": [10, 1, 11, 2],
                "texture": "#0"
            },
            "down": {
                "uv": [10, 1, 11, 2],
                "texture": "#0"
            }
        }
    }, {
        "from": [4.0954, 12.989, 3.19],
        "to": [4.5654, 13.739, 3.735],
        "rotation": {
            "angle": 0,
            "axis": "z",
            "origin": [8.00013, 13.36011, 8]
        },
        "faces": {
            "north": {
                "uv": [10, 1, 11, 2],
                "texture": "#0"
            },
            "east": {
                "uv": [10, 1, 11, 2],
                "texture": "#0"
            },
            "south": {
                "uv": [10, 1, 11, 2],
                "texture": "#0"
            },
            "west": {
                "uv": [10, 1, 11, 2],
                "texture": "#0"
            },
            "up": {
                "uv": [10, 1, 11, 2],
                "texture": "#0"
            },
            "down": {
                "uv": [10, 1, 11, 2],
                "texture": "#0"
            }
        }
    }, {
        "from": [4.2978, 13.37879, 3.19],
        "to": [4.7178, 14.74879, 3.735],
        "rotation": {
            "angle": 22.5,
            "axis": "z",
            "origin": [8.00013, 13.36011, 8]
        },
        "faces": {
            "north": {
                "uv": [10, 1, 11, 2],
                "texture": "#0"
            },
            "east": {
                "uv": [10, 1, 11, 2],
                "texture": "#0"
            },
            "south": {
                "uv": [10, 1, 11, 2],
                "texture": "#0"
            },
            "west": {
                "uv": [10, 1, 11, 2],
                "texture": "#0"
            },
            "up": {
                "uv": [10, 1, 11, 2],
                "texture": "#0"
            },
            "down": {
                "uv": [10, 1, 11, 2],
                "texture": "#0"
            }
        }
    }, {
        "from": [7.08286, 11.63926, 3.19],
        "to": [7.50286, 13.00926, 3.735],
        "rotation": {
            "angle": -22.5,
            "axis": "z",
            "origin": [8.00013, 13.36011, 8]
        },
        "faces": {
            "north": {
                "uv": [10, 1, 11, 2],
                "texture": "#0"
            },
            "east": {
                "uv": [10, 1, 11, 2],
                "texture": "#0"
            },
            "south": {
                "uv": [10, 1, 11, 2],
                "texture": "#0"
            },
            "west": {
                "uv": [10, 1, 11, 2],
                "texture": "#0"
            },
            "up": {
                "uv": [10, 1, 11, 2],
                "texture": "#0"
            },
            "down": {
                "uv": [10, 1, 11, 2],
                "texture": "#0"
            }
        }
    }, {
        "from": [6.93926, 12.989, 3.19],
        "to": [7.35926, 13.739, 3.735],
        "rotation": {
            "angle": 0,
            "axis": "z",
            "origin": [8.00013, 13.36011, 8]
        },
        "faces": {
            "north": {
                "uv": [10, 1, 11, 2],
                "texture": "#0"
            },
            "east": {
                "uv": [10, 1, 11, 2],
                "texture": "#0"
            },
            "south": {
                "uv": [10, 1, 11, 2],
                "texture": "#0"
            },
            "west": {
                "uv": [10, 1, 11, 2],
                "texture": "#0"
            },
            "up": {
                "uv": [10, 1, 11, 2],
                "texture": "#0"
            },
            "down": {
                "uv": [10, 1, 11, 2],
                "texture": "#0"
            }
        }
    }, {
        "from": [7.08584, 13.71814, 3.19],
        "to": [7.50584, 15.08814, 3.735],
        "rotation": {
            "angle": 22.5,
            "axis": "z",
            "origin": [8.00013, 13.36011, 8]
        },
        "faces": {
            "north": {
                "uv": [10, 1, 11, 2],
                "texture": "#0"
            },
            "east": {
                "uv": [10, 1, 11, 2],
                "texture": "#0"
            },
            "south": {
                "uv": [10, 1, 11, 2],
                "texture": "#0"
            },
            "west": {
                "uv": [10, 1, 11, 2],
                "texture": "#0"
            },
            "up": {
                "uv": [10, 1, 11, 2],
                "texture": "#0"
            },
            "down": {
                "uv": [10, 1, 11, 2],
                "texture": "#0"
            }
        }
    }, {
        "from": [4.99712, 13.63091, 3.19],
        "to": [6.86712, 14.05091, 3.735],
        "rotation": {
            "angle": -22.5,
            "axis": "z",
            "origin": [8.00013, 13.36011, 8]
        },
        "faces": {
            "north": {
                "uv": [10, 1, 11, 2],
                "texture": "#0"
            },
            "east": {
                "uv": [10, 1, 11, 2],
                "texture": "#0"
            },
            "south": {
                "uv": [10, 1, 11, 2],
                "texture": "#0"
            },
            "west": {
                "uv": [10, 1, 11, 2],
                "texture": "#0"
            },
            "up": {
                "uv": [10, 1, 11, 2],
                "texture": "#0"
            },
            "down": {
                "uv": [10, 1, 11, 2],
                "texture": "#0"
            }
        }
    }]
}