{
    "display": {
        "thirdperson_righthand": {
            "scale": [0.46, 0.48, 0.49]
        },
        "ground": {
            "translation": [0, 1.5, 0],
            "scale": [0.57, 0.56, 0.55]
        },
        "gui": {
            "rotation": [17, -35, 0],
            "translation": [0, 3, 0],
            "scale": [0.81, 0.81, 0.83]
        },
        "head": {
            "translation": [0, 13.75, -1.75],
            "scale": [1.63, 1.63, 1.69]
        },
        "fixed": {
            "translation": [0, 4.25, -0.75]
        }
    },
    "texture_size": [64, 64],
    "textures": {
        "0": "item/hats/jester_hat"
    },
    "elements": [{
        "name": "bipedHead",
        "from": [3.5, 1.1, 4.5],
        "to": [12.5, 4.1, 13.5],
        "rotation": {
            "angle": 0,
            "axis": "y",
            "origin": [0, -26, 0]
        },
        "faces": {
            "north": {
                "uv": [2.25, 10, 4.5, 10.75],
                "texture": "#0"
            },
            "east": {
                "uv": [0, 10, 2.25, 10.75],
                "texture": "#0"
            },
            "south": {
                "uv": [6.75, 10, 9, 10.75],
                "texture": "#0"
            },
            "west": {
                "uv": [4.5, 10, 6.75, 10.75],
                "texture": "#0"
            },
            "up": {
                "uv": [4.5, 10, 2.25, 7.75],
                "texture": "#0"
            },
            "down": {
                "uv": [6.75, 7.75, 4.5, 10],
                "texture": "#0"
            }
        }
    }, {
        "name": "bipedHead",
        "from": [5.5, 4.1, 7.5],
        "to": [10.5, 7.1, 10.5],
        "rotation": {
            "angle": 0,
            "axis": "y",
            "origin": [0, -26, 0]
        },
        "faces": {
            "north": {
                "uv": [0.75, 6.75, 2, 7.5],
                "texture": "#0"
            },
            "east": {
                "uv": [0, 6.75, 0.75, 7.5],
                "texture": "#0"
            },
            "south": {
                "uv": [2.75, 6.75, 4, 7.5],
                "texture": "#0"
            },
            "west": {
                "uv": [2, 6.75, 2.75, 7.5],
                "texture": "#0"
            },
            "up": {
                "uv": [2, 6.75, 0.75, 6],
                "texture": "#0"
            },
            "down": {
                "uv": [3.25, 6, 2, 6.75],
                "texture": "#0"
            }
        }
    }, {
        "name": "bipedHead",
        "from": [7, 6.1, 1.5],
        "to": [9, 8.1, 5.5],
        "rotation": {
            "angle": 0,
            "axis": "y",
            "origin": [0, -26, 0]
        },
        "faces": {
            "north": {
                "uv": [1, 1, 1.5, 1.5],
                "texture": "#0"
            },
            "east": {
                "uv": [0, 1, 1, 1.5],
                "texture": "#0"
            },
            "south": {
                "uv": [2.5, 1, 3, 1.5],
                "texture": "#0"
            },
            "west": {
                "uv": [1.5, 1, 2.5, 1.5],
                "texture": "#0"
            },
            "up": {
                "uv": [1.5, 1, 1, 0],
                "texture": "#0"
            },
            "down": {
                "uv": [2, 0, 1.5, 1],
                "texture": "#0"
            }
        }
    }, {
        "name": "bipedHead",
        "from": [6.8, 3.9, 0.4],
        "to": [9.2, 6.3, 2.8],
        "rotation": {
            "angle": 0,
            "axis": "y",
            "origin": [0, -26, 0]
        },
        "faces": {
            "north": {
                "uv": [0.5, 9.25, 1, 9.75],
                "texture": "#0"
            },
            "east": {
                "uv": [0, 9.25, 0.5, 9.75],
                "texture": "#0"
            },
            "south": {
                "uv": [1.5, 9.25, 2, 9.75],
                "texture": "#0"
            },
            "west": {
                "uv": [1, 9.25, 1.5, 9.75],
                "texture": "#0"
            },
            "up": {
                "uv": [1, 9.25, 0.5, 8.75],
                "texture": "#0"
            },
            "down": {
                "uv": [1.5, 8.75, 1, 9.25],
                "texture": "#0"
            }
        }
    }, {
        "name": "bipedHead",
        "from": [5.5, 4.1, 4.5],
        "to": [10.5, 7.1, 7.5],
        "rotation": {
            "angle": 0,
            "axis": "y",
            "origin": [0, -26, 0]
        },
        "faces": {
            "north": {
                "uv": [0.75, 11.5, 2, 12.25],
                "texture": "#0"
            },
            "east": {
                "uv": [0, 11.5, 0.75, 12.25],
                "texture": "#0"
            },
            "south": {
                "uv": [2.75, 11.5, 4, 12.25],
                "texture": "#0"
            },
            "west": {
                "uv": [2, 11.5, 2.75, 12.25],
                "texture": "#0"
            },
            "up": {
                "uv": [2, 11.5, 0.75, 10.75],
                "texture": "#0"
            },
            "down": {
                "uv": [3.25, 10.75, 2, 11.5],
                "texture": "#0"
            }
        }
    }, {
        "name": "bipedHead",
        "from": [7, 6.1, 12.5],
        "to": [9, 8.1, 16.5],
        "rotation": {
            "angle": 0,
            "axis": "y",
            "origin": [8, 5.93333, 13.7]
        },
        "faces": {
            "north": {
                "uv": [2.5, 1, 3, 1.5],
                "texture": "#0"
            },
            "east": {
                "uv": [1.5, 1, 2.5, 1.5],
                "texture": "#0"
            },
            "south": {
                "uv": [1, 1, 1.5, 1.5],
                "texture": "#0"
            },
            "west": {
                "uv": [0, 1, 1, 1.5],
                "texture": "#0"
            },
            "up": {
                "uv": [1.5, 1, 1, 0],
                "rotation": 180,
                "texture": "#0"
            },
            "down": {
                "uv": [2, 0, 1.5, 1],
                "rotation": 180,
                "texture": "#0"
            }
        }
    }, {
        "name": "bipedHead",
        "from": [6.8, 3.9, 15.2],
        "to": [9.2, 6.3, 17.6],
        "rotation": {
            "angle": 0,
            "axis": "y",
            "origin": [8, 5.93333, 13.7]
        },
        "faces": {
            "north": {
                "uv": [1.5, 9.25, 2, 9.75],
                "texture": "#0"
            },
            "east": {
                "uv": [1, 9.25, 1.5, 9.75],
                "texture": "#0"
            },
            "south": {
                "uv": [0.5, 9.25, 1, 9.75],
                "texture": "#0"
            },
            "west": {
                "uv": [0, 9.25, 0.5, 9.75],
                "texture": "#0"
            },
            "up": {
                "uv": [1, 9.25, 0.5, 8.75],
                "rotation": 180,
                "texture": "#0"
            },
            "down": {
                "uv": [1.5, 8.75, 1, 9.25],
                "rotation": 180,
                "texture": "#0"
            }
        }
    }, {
        "name": "bipedHead",
        "from": [5.5, 4.1, 10.5],
        "to": [10.5, 7.1, 13.5],
        "rotation": {
            "angle": 0,
            "axis": "y",
            "origin": [8, 5.93333, 13.7]
        },
        "faces": {
            "north": {
                "uv": [2.75, 11.5, 4, 12.25],
                "texture": "#0"
            },
            "east": {
                "uv": [2, 11.5, 2.75, 12.25],
                "texture": "#0"
            },
            "south": {
                "uv": [0.75, 11.5, 2, 12.25],
                "texture": "#0"
            },
            "west": {
                "uv": [0, 11.5, 0.75, 12.25],
                "texture": "#0"
            },
            "up": {
                "uv": [2, 11.5, 0.75, 10.75],
                "rotation": 180,
                "texture": "#0"
            },
            "down": {
                "uv": [3.25, 10.75, 2, 11.5],
                "rotation": 180,
                "texture": "#0"
            }
        }
    }, {
        "name": "bipedHead",
        "from": [0.56667, 6.1, 8.03333],
        "to": [4.56667, 8.1, 10.03333],
        "rotation": {
            "angle": 0,
            "axis": "y",
            "origin": [3, 5.93333, 8.53333]
        },
        "faces": {
            "north": {
                "uv": [0, 14.25, 1, 14.75],
                "texture": "#0"
            },
            "east": {
                "uv": [2.5, 14.25, 3, 14.75],
                "texture": "#0"
            },
            "south": {
                "uv": [1.5, 14.25, 2.5, 14.75],
                "texture": "#0"
            },
            "west": {
                "uv": [1, 14.25, 1.5, 14.75],
                "texture": "#0"
            },
            "up": {
                "uv": [1.5, 14.25, 1, 13.25],
                "rotation": 270,
                "texture": "#0"
            },
            "down": {
                "uv": [2, 13.25, 1.5, 14.25],
                "rotation": 90,
                "texture": "#0"
            }
        }
    }, {
        "name": "bipedHead",
        "from": [-0.53333, 3.9, 7.83333],
        "to": [1.86667, 6.3, 10.23333],
        "rotation": {
            "angle": 0,
            "axis": "y",
            "origin": [3, 5.93333, 8.53333]
        },
        "faces": {
            "north": {
                "uv": [0, 9.25, 0.5, 9.75],
                "texture": "#0"
            },
            "east": {
                "uv": [1.5, 9.25, 2, 9.75],
                "texture": "#0"
            },
            "south": {
                "uv": [1, 9.25, 1.5, 9.75],
                "texture": "#0"
            },
            "west": {
                "uv": [0.5, 9.25, 1, 9.75],
                "texture": "#0"
            },
            "up": {
                "uv": [1, 9.25, 0.5, 8.75],
                "rotation": 270,
                "texture": "#0"
            },
            "down": {
                "uv": [1.5, 8.75, 1, 9.25],
                "rotation": 90,
                "texture": "#0"
            }
        }
    }, {
        "name": "bipedHead",
        "from": [3.56667, 4.1, 6.53333],
        "to": [5.56667, 7.1, 11.53333],
        "rotation": {
            "angle": 0,
            "axis": "y",
            "origin": [3, 5.93333, 8.53333]
        },
        "faces": {
            "north": {
                "uv": [0, 15.25, 0.5, 16],
                "texture": "#0"
            },
            "east": {
                "uv": [2.25, 15.25, 3.5, 16],
                "texture": "#0"
            },
            "south": {
                "uv": [1.75, 15.25, 2.25, 16],
                "texture": "#0"
            },
            "west": {
                "uv": [0.5, 15.25, 1.75, 16],
                "texture": "#0"
            },
            "up": {
                "uv": [1.75, 15.25, 0.5, 14.75],
                "rotation": 270,
                "texture": "#0"
            },
            "down": {
                "uv": [3, 14.75, 1.75, 15.25],
                "rotation": 90,
                "texture": "#0"
            }
        }
    }, {
        "name": "bipedHead",
        "from": [11.43333, 6.1, 8.03333],
        "to": [15.43333, 8.1, 10.03333],
        "shade": false,
        "rotation": {
            "angle": 0,
            "axis": "y",
            "origin": [13, 5.93333, 8.53333]
        },
        "faces": {
            "north": {
                "uv": [1, 14.25, 0, 14.75],
                "texture": "#0"
            },
            "east": {
                "uv": [1.5, 14.25, 1, 14.75],
                "texture": "#0"
            },
            "south": {
                "uv": [2.5, 14.25, 1.5, 14.75],
                "texture": "#0"
            },
            "west": {
                "uv": [3, 14.25, 2.5, 14.75],
                "texture": "#0"
            },
            "up": {
                "uv": [1, 14.25, 1.5, 13.25],
                "rotation": 90,
                "texture": "#0"
            },
            "down": {
                "uv": [1.5, 13.25, 2, 14.25],
                "rotation": 270,
                "texture": "#0"
            }
        }
    }, {
        "name": "bipedHead",
        "from": [14.13333, 3.9, 7.83333],
        "to": [16.53333, 6.3, 10.23333],
        "shade": false,
        "rotation": {
            "angle": 0,
            "axis": "y",
            "origin": [13, 5.93333, 8.53333]
        },
        "faces": {
            "north": {
                "uv": [0.5, 9.25, 0, 9.75],
                "texture": "#0"
            },
            "east": {
                "uv": [1, 9.25, 0.5, 9.75],
                "texture": "#0"
            },
            "south": {
                "uv": [1.5, 9.25, 1, 9.75],
                "texture": "#0"
            },
            "west": {
                "uv": [2, 9.25, 1.5, 9.75],
                "texture": "#0"
            },
            "up": {
                "uv": [0.5, 9.25, 1, 8.75],
                "rotation": 90,
                "texture": "#0"
            },
            "down": {
                "uv": [1, 8.75, 1.5, 9.25],
                "rotation": 270,
                "texture": "#0"
            }
        }
    }, {
        "name": "bipedHead",
        "from": [10.43333, 4.1, 6.53333],
        "to": [12.43333, 7.1, 11.53333],
        "shade": false,
        "rotation": {
            "angle": 0,
            "axis": "y",
            "origin": [13, 5.93333, 8.53333]
        },
        "faces": {
            "north": {
                "uv": [0.5, 15.25, 0, 16],
                "texture": "#0"
            },
            "east": {
                "uv": [1.75, 15.25, 0.5, 16],
                "texture": "#0"
            },
            "south": {
                "uv": [2.25, 15.25, 1.75, 16],
                "texture": "#0"
            },
            "west": {
                "uv": [3.5, 15.25, 2.25, 16],
                "texture": "#0"
            },
            "up": {
                "uv": [0.5, 15.25, 1.75, 14.75],
                "rotation": 90,
                "texture": "#0"
            },
            "down": {
                "uv": [1.75, 14.75, 3, 15.25],
                "rotation": 270,
                "texture": "#0"
            }
        }
    }]
}