{
    "display": {
        "thirdperson_righthand": {
            "translation": [0, 2, 0],
            "scale": [0.25, 0.25, 0.25]
        },
        "thirdperson_lefthand": {
            "translation": [0, 2, 0],
            "scale": [0.25, 0.25, 0.25]
        },
        "firstperson_righthand": {
            "scale": [0.25, 0.25, 0.25]
        },
        "firstperson_lefthand": {
            "scale": [0.25, 0.25, 0.25]
        },
        "ground": {
            "scale": [0.25, 0.25, 0.25]
        },
        "gui": {
            "rotation": [30, 135, 0],
            "translation": [0, 3.75, 0]
        },
        "head": {
            "translation": [0, 13.75, 0],
            "scale": [1.55, 1.55, 1.55]
        },
        "fixed": {
            "translation": [0, 3.5, 0]
        }
    },
    "texture_size": [64, 64],
    "textures": {
        "0": "item/hats/love_beanie",
        "particle": "item/hats/love_beanie"
    },
    "elements": [{
        "from": [3, 0, 3],
        "to": [13, 3, 13],
        "faces": {
            "north": {
                "uv": [2.5, 8.5, 5, 9.25],
                "texture": "#0"
            },
            "east": {
                "uv": [0, 8.5, 2.5, 9.25],
                "texture": "#0"
            },
            "south": {
                "uv": [7.5, 8.5, 10, 9.25],
                "texture": "#0"
            },
            "west": {
                "uv": [5, 8.5, 7.5, 9.25],
                "texture": "#0"
            },
            "up": {
                "uv": [5, 8.5, 2.5, 6],
                "texture": "#0"
            },
            "down": {
                "uv": [7.5, 6, 5, 8.5],
                "texture": "#0"
            }
        }
    }, {
        "from": [0, 6.5, 6],
        "to": [3, 9.5, 10],
        "rotation": {
            "angle": -45,
            "axis": "z",
            "origin": [1.5, 5, 8]
        },
        "faces": {
            "north": {
                "uv": [13.5, 1, 14.25, 2],
                "texture": "#0"
            },
            "east": {
                "uv": [12.5, 1, 13.5, 2],
                "texture": "#0"
            },
            "south": {
                "uv": [15.25, 1, 16, 2],
                "texture": "#0"
            },
            "west": {
                "uv": [14.25, 1, 15.25, 2],
                "texture": "#0"
            },
            "up": {
                "uv": [14.25, 1, 13.5, 0],
                "texture": "#0"
            },
            "down": {
                "uv": [15, 0, 14.25, 1],
                "texture": "#0"
            }
        }
    }, {
        "from": [13, 6.5, 6],
        "to": [16, 9.5, 10],
        "rotation": {
            "angle": 45,
            "axis": "z",
            "origin": [14.5, 5, 8]
        },
        "faces": {
            "north": {
                "uv": [14.25, 1, 13.5, 2],
                "texture": "#0"
            },
            "east": {
                "uv": [15.25, 1, 14.25, 2],
                "texture": "#0"
            },
            "south": {
                "uv": [16, 1, 15.25, 2],
                "texture": "#0"
            },
            "west": {
                "uv": [13.5, 1, 12.5, 2],
                "texture": "#0"
            },
            "up": {
                "uv": [13.5, 1, 14.25, 0],
                "texture": "#0"
            },
            "down": {
                "uv": [14.25, 0, 15, 1],
                "texture": "#0"
            }
        }
    }, {
        "from": [3.5, 3, 3.5],
        "to": [12.5, 6, 12.5],
        "faces": {
            "north": {
                "uv": [2.25, 5, 4.5, 5.75],
                "texture": "#0"
            },
            "east": {
                "uv": [0, 5, 2.25, 5.75],
                "texture": "#0"
            },
            "south": {
                "uv": [6.75, 5, 9, 5.75],
                "texture": "#0"
            },
            "west": {
                "uv": [4.5, 5, 6.75, 5.75],
                "texture": "#0"
            },
            "up": {
                "uv": [4.5, 5, 2.25, 2.75],
                "texture": "#0"
            },
            "down": {
                "uv": [6.75, 2.75, 4.5, 5],
                "texture": "#0"
            }
        }
    }, {
        "from": [4.5, 6, 4.5],
        "to": [11.5, 7, 11.5],
        "faces": {
            "north": {
                "uv": [1.75, 1.75, 3.5, 2],
                "texture": "#0"
            },
            "east": {
                "uv": [0, 1.75, 1.75, 2],
                "texture": "#0"
            },
            "south": {
                "uv": [5.25, 1.75, 7, 2],
                "texture": "#0"
            },
            "west": {
                "uv": [3.5, 1.75, 5.25, 2],
                "texture": "#0"
            },
            "up": {
                "uv": [3.5, 1.75, 1.75, 0],
                "texture": "#0"
            },
            "down": {
                "uv": [5.25, 0, 3.5, 1.75],
                "texture": "#0"
            }
        }
    }]
}