{
    "display": {
        "thirdperson_righthand": {
            "translation": [0, -1.5, 1.75],
            "scale": [0.5, 0.5, 0.5]
        },
        "thirdperson_lefthand": {
            "translation": [0, -1.5, 1.75],
            "scale": [0.5, 0.5, 0.5]
        },
        "firstperson_righthand": {
            "scale": [0.5, 0.5, 0.5]
        },
        "firstperson_lefthand": {
            "scale": [0.5, 0.5, 0.5]
        },
        "ground": {
            "translation": [0, 3, 0],
            "scale": [0.5, 0.5, 0.5]
        },
        "gui": {
            "rotation": [30, 225, 0],
            "translation": [0, -3.25, 0],
            "scale": [0.75, 0.75, 0.7585]
        },
        "head": {
            "translation": [0, -4, 0],
            "scale": [1.7, 1.7, 1.7]
        },
        "fixed": {
            "rotation": [-90, 0, 0],
            "translation": [0, 0, 5],
            "scale": [2, 2, 2]
        }
    },
    "textures": {
        "0": "item/hats/straw_hat",
        "particle": "item/hats/straw_hat"
    },
    "elements": [{
        "from": [3.75, 11, 3.75],
        "to": [12.25, 16.5, 12.25],
        "rotation": {
            "angle": 0,
            "axis": "y",
            "origin": [4.75, 4, 4.75]
        },
        "faces": {
            "north": {
                "uv": [1, 4, 2, 5],
                "texture": "#0"
            },
            "east": {
                "uv": [1, 4, 2, 5],
                "texture": "#0"
            },
            "south": {
                "uv": [1, 4, 2, 5],
                "texture": "#0"
            },
            "west": {
                "uv": [1, 4, 2, 5],
                "texture": "#0"
            },
            "up": {
                "uv": [1, 4, 2, 5],
                "texture": "#0"
            },
            "down": {
                "uv": [1, 4, 2, 5],
                "texture": "#0"
            }
        }
    }, {
        "from": [3.512, 10.944, 3.512],
        "to": [12.488, 13.056, 12.488],
        "rotation": {
            "angle": 0,
            "axis": "y",
            "origin": [4.568, 3.552, 4.568]
        },
        "faces": {
            "north": {
                "uv": [7, 1, 8, 2],
                "texture": "#0"
            },
            "east": {
                "uv": [7, 1, 8, 2],
                "texture": "#0"
            },
            "south": {
                "uv": [7, 1, 8, 2],
                "texture": "#0"
            },
            "west": {
                "uv": [7, 1, 8, 2],
                "texture": "#0"
            },
            "up": {
                "uv": [7, 1, 8, 2],
                "texture": "#0"
            },
            "down": {
                "uv": [7, 1, 8, 2],
                "texture": "#0"
            }
        }
    }, {
        "from": [1.1904, 10.06, 1.1904],
        "to": [14.8096, 11.18, 14.8096],
        "rotation": {
            "angle": 0,
            "axis": "y",
            "origin": [8, 10.4856, 8]
        },
        "faces": {
            "north": {
                "uv": [4, 1, 5, 2],
                "texture": "#0"
            },
            "east": {
                "uv": [4, 1, 5, 2],
                "texture": "#0"
            },
            "south": {
                "uv": [4, 1, 5, 2],
                "texture": "#0"
            },
            "west": {
                "uv": [4, 1, 5, 2],
                "texture": "#0"
            },
            "up": {
                "uv": [1, 1, 2, 2],
                "texture": "#0"
            },
            "down": {
                "uv": [1, 1, 2, 2],
                "texture": "#0"
            }
        }
    }, {
        "from": [1.1904, 10.06, 1.1904],
        "to": [14.8096, 11.18, 14.8096],
        "rotation": {
            "angle": 22.5,
            "axis": "y",
            "origin": [8, 10.4856, 8]
        },
        "faces": {
            "north": {
                "uv": [4, 1, 5, 2],
                "texture": "#0"
            },
            "east": {
                "uv": [4, 1, 5, 2],
                "texture": "#0"
            },
            "south": {
                "uv": [4, 1, 5, 2],
                "texture": "#0"
            },
            "west": {
                "uv": [4, 1, 5, 2],
                "texture": "#0"
            },
            "up": {
                "uv": [1, 1, 2, 2],
                "texture": "#0"
            },
            "down": {
                "uv": [1, 1, 2, 2],
                "texture": "#0"
            }
        }
    }, {
        "from": [1.1904, 10.06, 1.1904],
        "to": [14.8096, 11.18, 14.8096],
        "rotation": {
            "angle": 45,
            "axis": "y",
            "origin": [8, 10.4856, 8]
        },
        "faces": {
            "north": {
                "uv": [4, 1, 5, 2],
                "texture": "#0"
            },
            "east": {
                "uv": [4, 1, 5, 2],
                "texture": "#0"
            },
            "south": {
                "uv": [4, 1, 5, 2],
                "texture": "#0"
            },
            "west": {
                "uv": [4, 1, 5, 2],
                "texture": "#0"
            },
            "up": {
                "uv": [1, 1, 2, 2],
                "texture": "#0"
            },
            "down": {
                "uv": [1, 1, 2, 2],
                "texture": "#0"
            }
        }
    }, {
        "from": [1.1904, 10.06, 1.1904],
        "to": [14.8096, 11.18, 14.8096],
        "rotation": {
            "angle": -22.5,
            "axis": "y",
            "origin": [8, 10.4856, 8]
        },
        "faces": {
            "north": {
                "uv": [4, 1, 5, 2],
                "texture": "#0"
            },
            "east": {
                "uv": [4, 1, 5, 2],
                "texture": "#0"
            },
            "south": {
                "uv": [4, 1, 5, 2],
                "texture": "#0"
            },
            "west": {
                "uv": [4, 1, 5, 2],
                "texture": "#0"
            },
            "up": {
                "uv": [1, 1, 2, 2],
                "texture": "#0"
            },
            "down": {
                "uv": [1, 1, 2, 2],
                "texture": "#0"
            }
        }
    }]
}