{
    "display": {
        "thirdperson_righthand": {
            "rotation": [21, 0, 0],
            "translation": [0, 2.25, 1],
            "scale": [0.42, 0.42, 0.42]
        },
        "thirdperson_lefthand": {
            "rotation": [21, 0, 0],
            "translation": [0, 2.25, 1.25],
            "scale": [0.42, 0.42, 0.42]
        },
        "firstperson_righthand": {
            "translation": [3.5, 1.5, 0]
        },
        "firstperson_lefthand": {
            "translation": [3.5, 1.5, 0]
        },
        "ground": {
            "translation": [0.25, 1.5, 0],
            "scale": [0.6, 0.6, 0.6]
        },
        "gui": {
            "rotation": [24, -141, 0],
            "translation": [0.25, 2, 0]
        },
        "head": {
            "translation": [0, 6.5, 0],
            "scale": [1.86, 1.86, 1.86]
        },
        "fixed": {
            "translation": [-0.25, 3.5, 0]
        }
    },
    "texture_size": [32, 32],
    "textures": {
        "2": "item/hats/scream_mask"
    },
    "elements": [{
        "from": [4, 1, 4],
        "to": [12, 9, 12],
        "rotation": {
            "angle": 0,
            "axis": "y",
            "origin": [4, 5, 4]
        },
        "faces": {
            "north": {
                "uv": [0, 0, 4, 4],
                "texture": "#2"
            },
            "east": {
                "uv": [8, 4, 4, 8],
                "texture": "#2"
            },
            "south": {
                "uv": [4, 0, 8, 4],
                "texture": "#2"
            },
            "west": {
                "uv": [4, 4, 8, 8],
                "texture": "#2"
            },
            "up": {
                "uv": [4, 12, 0, 8],
                "texture": "#2"
            },
            "down": {
                "uv": [12, 0, 8, 4],
                "texture": "#2"
            }
        }
    }, {
        "from": [4.99, -0.01, 3.99],
        "to": [11.01, 3.01, 4.01],
        "rotation": {
            "angle": 0,
            "axis": "y",
            "origin": [4, 5, 4]
        },
        "faces": {
            "north": {
                "uv": [8, 6, 11, 7.5],
                "texture": "#2"
            },
            "east": {
                "uv": [0, 0, 0, 1.5],
                "texture": "#2"
            },
            "south": {
                "uv": [7, 8, 10, 9.5],
                "texture": "#2"
            },
            "west": {
                "uv": [0, 0, 0, 1.5],
                "texture": "#2"
            },
            "up": {
                "uv": [3, 0, 0, 0],
                "texture": "#2"
            },
            "down": {
                "uv": [3, 0, 0, 0],
                "texture": "#2"
            }
        }
    }, {
        "from": [5, 7, 9],
        "to": [11, 10, 13],
        "rotation": {
            "angle": -22.5,
            "axis": "x",
            "origin": [8, 7.5, 11.5]
        },
        "faces": {
            "north": {
                "uv": [7, 9.5, 10, 11],
                "texture": "#2"
            },
            "east": {
                "uv": [10, 7.5, 12, 9],
                "texture": "#2"
            },
            "south": {
                "uv": [4, 10, 7, 11.5],
                "texture": "#2"
            },
            "west": {
                "uv": [10, 9, 12, 10.5],
                "texture": "#2"
            },
            "up": {
                "uv": [7, 10, 4, 8],
                "texture": "#2"
            },
            "down": {
                "uv": [11, 4, 8, 6],
                "texture": "#2"
            }
        }
    }, {
        "from": [5.9, 8.1, 11.9],
        "to": [10.1, 10.3, 15.1],
        "rotation": {
            "angle": 0,
            "axis": "y",
            "origin": [0, 1, 0]
        },
        "faces": {
            "north": {
                "uv": [7, 11, 9, 12],
                "texture": "#2"
            },
            "east": {
                "uv": [0, 12, 1.5, 13],
                "texture": "#2"
            },
            "south": {
                "uv": [4, 11.5, 6, 12.5],
                "texture": "#2"
            },
            "west": {
                "uv": [12, 0, 13.5, 1],
                "texture": "#2"
            },
            "up": {
                "uv": [12, 12, 10, 10.5],
                "texture": "#2"
            },
            "down": {
                "uv": [13, 4, 11, 5.5],
                "texture": "#2"
            }
        }
    }, {
        "from": [4, 8, 3],
        "to": [12, 9, 4],
        "faces": {
            "north": {
                "uv": [11, 5.5, 15, 6],
                "texture": "#2"
            },
            "east": {
                "uv": [8, 7.5, 8.5, 8],
                "texture": "#2"
            },
            "south": {
                "uv": [11, 6, 15, 6.5],
                "texture": "#2"
            },
            "west": {
                "uv": [8.5, 7.5, 9, 8],
                "texture": "#2"
            },
            "up": {
                "uv": [15, 7, 11, 6.5],
                "texture": "#2"
            },
            "down": {
                "uv": [15, 7, 11, 7.5],
                "texture": "#2"
            }
        }
    }, {
        "from": [11, 5, 3],
        "to": [12, 8, 4],
        "faces": {
            "north": {
                "uv": [9, 11, 9.5, 12.5],
                "texture": "#2"
            },
            "east": {
                "uv": [9.5, 11, 10, 12.5],
                "texture": "#2"
            },
            "south": {
                "uv": [6, 11.5, 6.5, 13],
                "texture": "#2"
            },
            "west": {
                "uv": [6.5, 11.5, 7, 13],
                "texture": "#2"
            },
            "up": {
                "uv": [9.5, 8, 9, 7.5],
                "texture": "#2"
            },
            "down": {
                "uv": [10, 7.5, 9.5, 8],
                "texture": "#2"
            }
        }
    }, {
        "from": [4, 5, 3],
        "to": [5, 8, 4],
        "faces": {
            "north": {
                "uv": [12, 1, 12.5, 2.5],
                "texture": "#2"
            },
            "east": {
                "uv": [1.5, 12, 2, 13.5],
                "texture": "#2"
            },
            "south": {
                "uv": [2, 12, 2.5, 13.5],
                "texture": "#2"
            },
            "west": {
                "uv": [2.5, 12, 3, 13.5],
                "texture": "#2"
            },
            "up": {
                "uv": [12.5, 3, 12, 2.5],
                "texture": "#2"
            },
            "down": {
                "uv": [3.5, 12, 3, 12.5],
                "texture": "#2"
            }
        }
    }]
}