{
	"credit": "Made with Blockbench",
	"texture_size": [32, 32],
	"textures": {
		"0": "item/hats/stpatrick_2024_hat",
		"particle": "item/hats/stpatrick_2024_hat"
	},
	"elements": [
		{
			"from": [3, 8, 3],
			"to": [13, 9, 13],
			"rotation": {"angle": 0, "axis": "y", "origin": [-0.5, 8, 3]},
			"faces": {
				"north": {"uv": [11, 11, 16, 11.5], "texture": "#0"},
				"east": {"uv": [3, 11.5, 8, 12], "texture": "#0"},
				"south": {"uv": [11, 11.5, 16, 12], "texture": "#0"},
				"west": {"uv": [3, 12, 8, 12.5], "texture": "#0"},
				"up": {"uv": [5, 5, 0, 0], "texture": "#0"},
				"down": {"uv": [5, 5, 0, 10], "texture": "#0"}
			}
		},
		{
			"from": [4.5, 10.5, 4.5],
			"to": [11.5, 16, 11.5],
			"rotation": {"angle": 0, "axis": "y", "origin": [7, 10, 7]},
			"faces": {
				"north": {"uv": [5, 7.5, 8.5, 10.25], "texture": "#0"},
				"east": {"uv": [8.5, 4, 12, 6.75], "texture": "#0"},
				"south": {"uv": [8.5, 7, 12, 9.75], "texture": "#0"},
				"west": {"uv": [9, 0, 12.5, 2.75], "texture": "#0"},
				"up": {"uv": [8.5, 7.5, 5, 4], "texture": "#0"}
			}
		},
		{
			"from": [7, 9, 3.5],
			"to": [9, 11, 4.5],
			"rotation": {"angle": 0, "axis": "y", "origin": [7, 9, 3.5]},
			"faces": {
				"north": {"uv": [7, 12.5, 8, 13.5], "texture": "#0"},
				"east": {"uv": [2.5, 13, 3, 14], "texture": "#0"},
				"west": {"uv": [9.5, 13, 10, 14], "texture": "#0"},
				"up": {"uv": [5, 10.5, 4, 10], "texture": "#0"}
			}
		},
		{
			"from": [4, 9, 4],
			"to": [12, 10.5, 12],
			"rotation": {"angle": 0, "axis": "y", "origin": [7, 8.75, 4]},
			"faces": {
				"north": {"uv": [9, 3, 13, 3.75], "texture": "#0"},
				"east": {"uv": [0, 10, 4, 10.75], "texture": "#0"},
				"south": {"uv": [8.5, 10, 12.5, 10.75], "texture": "#0"},
				"west": {"uv": [4, 10.5, 8, 11.25], "texture": "#0"},
				"up": {"uv": [9, 4, 5, 0], "texture": "#0"}
			}
		},
		{
			"from": [6.5, 0.05406, 2.4964],
			"to": [9.5, 3.97906, 4.1214],
			"rotation": {"angle": 22.5, "axis": "x", "origin": [6.5, 0.22906, 3.4964]},
			"faces": {
				"north": {"uv": [0, 11, 1.5, 13], "texture": "#0"},
				"east": {"uv": [11, 12, 11.75, 14], "texture": "#0"},
				"south": {"uv": [1.5, 11, 3, 13], "texture": "#0"},
				"west": {"uv": [12, 12, 12.75, 14], "texture": "#0"},
				"up": {"uv": [14, 2.75, 12.5, 2], "texture": "#0"},
				"down": {"uv": [5.5, 12.5, 4, 13.25], "texture": "#0"}
			}
		},
		{
			"from": [6.5, -0.1718, 4.00685],
			"to": [9.5, 4.0762, 5.25685],
			"rotation": {"angle": 0, "axis": "x", "origin": [6.5, 0.0782, 5.00685]},
			"faces": {
				"north": {"uv": [8, 11, 9.5, 13], "texture": "#0"},
				"east": {"uv": [12.5, 0, 13.25, 2], "texture": "#0"},
				"south": {"uv": [9.5, 11, 11, 13], "texture": "#0"},
				"west": {"uv": [3, 12.5, 3.75, 14.5], "texture": "#0"},
				"up": {"uv": [7, 13.25, 5.5, 12.5], "texture": "#0"},
				"down": {"uv": [14, 10, 12.5, 10.75], "texture": "#0"}
			}
		},
		{
			"from": [9.46194, 1.01954, 4.00685],
			"to": [11.96194, 4.01954, 5.25685],
			"rotation": {"angle": 22.5, "axis": "z", "origin": [9.96194, 0.01954, 5.00685]},
			"faces": {
				"north": {"uv": [12, 4, 13.25, 5.5], "texture": "#0"},
				"east": {"uv": [0, 13, 0.5, 14.5], "texture": "#0"},
				"south": {"uv": [12, 5.5, 13.25, 7], "texture": "#0"},
				"up": {"uv": [2.25, 13.5, 1, 13], "texture": "#0"},
				"down": {"uv": [14.25, 3, 13, 3.5], "texture": "#0"}
			}
		},
		{
			"from": [4.03806, 1.01954, 4.00685],
			"to": [6.53806, 4.01954, 5.25685],
			"rotation": {"angle": -22.5, "axis": "z", "origin": [6.03806, 0.01954, 5.00685]},
			"faces": {
				"north": {"uv": [12, 7, 13.25, 8.5], "texture": "#0"},
				"south": {"uv": [12, 8.5, 13.25, 10], "texture": "#0"},
				"west": {"uv": [0.5, 13, 1, 14.5], "texture": "#0"},
				"up": {"uv": [14.25, 4, 13, 3.5], "texture": "#0"},
				"down": {"uv": [9.25, 13, 8, 13.5], "texture": "#0"}
			}
		}
	],
	"gui_light": "front",
	"display": {
		"thirdperson_righthand": {
			"rotation": [63.25, 0, 0],
			"translation": [0, 1.25, -0.5],
			"scale": [0.55273, 0.55273, 0.55273]
		},
		"thirdperson_lefthand": {
			"rotation": [63.25, 0, 0],
			"translation": [0, 1.25, -0.5],
			"scale": [0.55273, 0.55273, 0.55273]
		},
		"firstperson_righthand": {
			"rotation": [156.25, 0, 180],
			"translation": [0, 0.5, 0],
			"scale": [0.6, 0.6, 0.6]
		},
		"firstperson_lefthand": {
			"rotation": [156.25, 0, 180],
			"translation": [0, 0.5, 0],
			"scale": [0.6, 0.6, 0.6]
		},
		"ground": {
			"rotation": [35, 0, 0],
			"translation": [0, 5, 0]
		},
		"gui": {
			"rotation": [35, 135, 0],
			"translation": [0, -0.25, 0],
			"scale": [0.85, 0.85, 0.85]
		},
		"head": {
			"translation": [0, 2.75, 0],
			"scale": [1.91211, 1.91211, 1.91211]
		},
		"fixed": {
			"rotation": [-90, 0, 0],
			"translation": [0, 0, -17],
			"scale": [2, 2, 2]
		}
	}
}