{
    "display": {
        "thirdperson_righthand": {
            "translation": [0, -1.5, 1.75],
            "scale": [0.5, 0.5, 0.5]
        },
        "thirdperson_lefthand": {
            "translation": [0, -1.5, 1.75],
            "scale": [0.5, 0.5, 0.5]
        },
        "firstperson_righthand": {
            "scale": [0.5, 0.5, 0.5]
        },
        "firstperson_lefthand": {
            "scale": [0.5, 0.5, 0.5]
        },
        "ground": {
            "translation": [0, 3, 0],
            "scale": [0.5, 0.5, 0.5]
        },
        "gui": {
            "rotation": [30, 225, 0],
            "translation": [-1.5, -4, 0]
        },
        "head": {
            "scale": [1.7, 1.7, 1.7]
        },
        "fixed": {
            "rotation": [-90, 0, 0],
            "translation": [0, 0, 5],
            "scale": [2, 2, 2]
        }
    },
    "textures": {
        "0": "item/hats/teddy_hat",
        "particle": "item/hats/teddy_hat"
    },
    "elements": [{
        "from": [3.5, 10, 0],
        "to": [12.5, 11, 3.5],
        "rotation": {
            "angle": 0,
            "axis": "y",
            "origin": [4, 4, 6]
        },
        "faces": {
            "north": {
                "uv": [1, 1, 2, 2],
                "texture": "#0"
            },
            "east": {
                "uv": [1, 1, 2, 2],
                "texture": "#0"
            },
            "south": {
                "uv": [1, 1, 2, 2],
                "texture": "#0"
            },
            "west": {
                "uv": [1, 1, 2, 2],
                "texture": "#0"
            },
            "up": {
                "uv": [1, 1, 2, 2],
                "texture": "#0"
            },
            "down": {
                "uv": [1, 1, 2, 2],
                "texture": "#0"
            }
        }
    }, {
        "from": [3.45, 9.95, 2.2],
        "to": [12.55, 11.05, 3.55],
        "rotation": {
            "angle": 0,
            "axis": "y",
            "origin": [8, 10.5, 2.875]
        },
        "faces": {
            "north": {
                "uv": [4, 1, 5, 2],
                "texture": "#0"
            },
            "east": {
                "uv": [4, 1, 5, 2],
                "texture": "#0"
            },
            "south": {
                "uv": [4, 1, 5, 2],
                "texture": "#0"
            },
            "west": {
                "uv": [4, 1, 5, 2],
                "texture": "#0"
            },
            "up": {
                "uv": [4, 1, 5, 2],
                "texture": "#0"
            },
            "down": {
                "uv": [4, 1, 5, 2],
                "texture": "#0"
            }
        }
    }, {
        "from": [9.25, 12.75, 3.75],
        "to": [10.5, 14, 4.75],
        "rotation": {
            "angle": 45,
            "axis": "z",
            "origin": [9.875, 13.375, 4.25]
        },
        "faces": {
            "north": {
                "uv": [10, 1, 11, 2],
                "texture": "#0"
            },
            "east": {
                "uv": [10, 1, 11, 2],
                "texture": "#0"
            },
            "south": {
                "uv": [10, 1, 11, 2],
                "texture": "#0"
            },
            "west": {
                "uv": [10, 1, 11, 2],
                "texture": "#0"
            },
            "up": {
                "uv": [10, 1, 11, 2],
                "texture": "#0"
            },
            "down": {
                "uv": [10, 1, 11, 2],
                "texture": "#0"
            }
        }
    }, {
        "from": [9.825, 13.25, 3.7],
        "to": [10.325, 13.75, 4.7],
        "rotation": {
            "angle": 45,
            "axis": "z",
            "origin": [9.875, 13.375, 4.25]
        },
        "faces": {
            "north": {
                "uv": [13, 1, 14, 2],
                "texture": "#0"
            },
            "east": {
                "uv": [13, 1, 14, 2],
                "texture": "#0"
            },
            "south": {
                "uv": [13, 1, 14, 2],
                "texture": "#0"
            },
            "west": {
                "uv": [13, 1, 14, 2],
                "texture": "#0"
            },
            "up": {
                "uv": [13, 1, 14, 2],
                "texture": "#0"
            },
            "down": {
                "uv": [13, 1, 14, 2],
                "texture": "#0"
            }
        }
    }, {
        "from": [5.675, 13.25, 3.7],
        "to": [6.175, 13.75, 4.7],
        "rotation": {
            "angle": -45,
            "axis": "z",
            "origin": [6.125, 13.375, 4.25]
        },
        "faces": {
            "north": {
                "uv": [14, 1, 13, 2],
                "texture": "#0"
            },
            "east": {
                "uv": [14, 1, 13, 2],
                "texture": "#0"
            },
            "south": {
                "uv": [14, 1, 13, 2],
                "texture": "#0"
            },
            "west": {
                "uv": [14, 1, 13, 2],
                "texture": "#0"
            },
            "up": {
                "uv": [14, 1, 13, 2],
                "texture": "#0"
            },
            "down": {
                "uv": [14, 1, 13, 2],
                "texture": "#0"
            }
        }
    }, {
        "from": [5.5, 12.75, 3.75],
        "to": [6.75, 14, 4.75],
        "rotation": {
            "angle": -45,
            "axis": "z",
            "origin": [6.125, 13.375, 4.25]
        },
        "faces": {
            "north": {
                "uv": [10, 1, 11, 2],
                "texture": "#0"
            },
            "east": {
                "uv": [10, 1, 11, 2],
                "texture": "#0"
            },
            "south": {
                "uv": [10, 1, 11, 2],
                "texture": "#0"
            },
            "west": {
                "uv": [10, 1, 11, 2],
                "texture": "#0"
            },
            "up": {
                "uv": [10, 1, 11, 2],
                "texture": "#0"
            },
            "down": {
                "uv": [10, 1, 11, 2],
                "texture": "#0"
            }
        }
    }, {
        "from": [3.5, 10, 3.5],
        "to": [12.5, 12.25, 12.5],
        "rotation": {
            "angle": 0,
            "axis": "y",
            "origin": [4, 4, 6]
        },
        "faces": {
            "north": {
                "uv": [1, 4, 2, 5],
                "texture": "#0"
            },
            "east": {
                "uv": [1, 4, 2, 5],
                "texture": "#0"
            },
            "south": {
                "uv": [1, 4, 2, 5],
                "texture": "#0"
            },
            "west": {
                "uv": [1, 4, 2, 5],
                "texture": "#0"
            },
            "up": {
                "uv": [1, 4, 2, 5],
                "texture": "#0"
            },
            "down": {
                "uv": [1, 4, 2, 5],
                "texture": "#0"
            }
        }
    }, {
        "from": [6.125, 11, 3.25],
        "to": [9.875, 12.5, 4],
        "rotation": {
            "angle": 0,
            "axis": "y",
            "origin": [4.625, 4, 6]
        },
        "faces": {
            "north": {
                "uv": [7, 1, 8, 2],
                "texture": "#0"
            },
            "east": {
                "uv": [7, 1, 8, 2],
                "texture": "#0"
            },
            "south": {
                "uv": [7, 1, 8, 2],
                "texture": "#0"
            },
            "west": {
                "uv": [7, 1, 8, 2],
                "texture": "#0"
            },
            "up": {
                "uv": [7, 1, 8, 2],
                "texture": "#0"
            },
            "down": {
                "uv": [7, 1, 8, 2],
                "texture": "#0"
            }
        }
    }, {
        "from": [7.125, 12.05, 3.15],
        "to": [8.875, 12.3, 3.4],
        "rotation": {
            "angle": 0,
            "axis": "y",
            "origin": [4.375, 3.9, 6]
        },
        "faces": {
            "north": {
                "uv": [10, 1, 11, 2],
                "texture": "#0"
            },
            "east": {
                "uv": [10, 1, 11, 2],
                "texture": "#0"
            },
            "south": {
                "uv": [10, 1, 11, 2],
                "texture": "#0"
            },
            "west": {
                "uv": [10, 1, 11, 2],
                "texture": "#0"
            },
            "up": {
                "uv": [10, 1, 11, 2],
                "texture": "#0"
            },
            "down": {
                "uv": [10, 1, 11, 2],
                "texture": "#0"
            }
        }
    }, {
        "from": [7.875, 11.3, 3.15],
        "to": [8.125, 12.175, 3.4],
        "rotation": {
            "angle": 45,
            "axis": "z",
            "origin": [8, 12.175, 3.275]
        },
        "faces": {
            "north": {
                "uv": [10, 1, 11, 2],
                "texture": "#0"
            },
            "east": {
                "uv": [10, 1, 11, 2],
                "texture": "#0"
            },
            "south": {
                "uv": [10, 1, 11, 2],
                "texture": "#0"
            },
            "west": {
                "uv": [10, 1, 11, 2],
                "texture": "#0"
            },
            "up": {
                "uv": [10, 1, 11, 2],
                "texture": "#0"
            },
            "down": {
                "uv": [10, 1, 11, 2],
                "texture": "#0"
            }
        }
    }, {
        "from": [7.875, 11.3, 3.15],
        "to": [8.125, 12.175, 3.4],
        "rotation": {
            "angle": -45,
            "axis": "z",
            "origin": [8, 12.175, 3.275]
        },
        "faces": {
            "north": {
                "uv": [10, 1, 11, 2],
                "texture": "#0"
            },
            "east": {
                "uv": [10, 1, 11, 2],
                "texture": "#0"
            },
            "south": {
                "uv": [10, 1, 11, 2],
                "texture": "#0"
            },
            "west": {
                "uv": [10, 1, 11, 2],
                "texture": "#0"
            },
            "up": {
                "uv": [10, 1, 11, 2],
                "texture": "#0"
            },
            "down": {
                "uv": [10, 1, 11, 2],
                "texture": "#0"
            }
        }
    }, {
        "from": [3.25, 10.5, 5.5],
        "to": [12.75, 11.75, 10.5],
        "rotation": {
            "angle": 0,
            "axis": "y",
            "origin": [4, 4, 6]
        },
        "faces": {
            "north": {
                "uv": [13, 4, 14, 5],
                "texture": "#0"
            },
            "east": {
                "uv": [13, 4, 14, 5],
                "texture": "#0"
            },
            "south": {
                "uv": [13, 4, 14, 5],
                "texture": "#0"
            },
            "west": {
                "uv": [13, 4, 14, 5],
                "texture": "#0"
            },
            "up": {
                "uv": [13, 4, 14, 5],
                "texture": "#0"
            },
            "down": {
                "uv": [13, 4, 14, 5],
                "texture": "#0"
            }
        }
    }, {
        "from": [3.58798, 10.44229, 4],
        "to": [8.58798, 12.19229, 12],
        "rotation": {
            "angle": -22.5,
            "axis": "z",
            "origin": [8.08798, 11.56729, 7.5]
        },
        "faces": {
            "north": {
                "uv": [4, 4, 5, 5],
                "texture": "#0"
            },
            "east": {
                "uv": [4, 4, 5, 5],
                "texture": "#0"
            },
            "south": {
                "uv": [4, 4, 5, 5],
                "texture": "#0"
            },
            "west": {
                "uv": [4, 4, 5, 5],
                "texture": "#0"
            },
            "up": {
                "uv": [4, 4, 5, 5],
                "texture": "#0"
            },
            "down": {
                "uv": [4, 4, 5, 5],
                "texture": "#0"
            }
        }
    }, {
        "from": [3.64717, 10.3553, 4.5],
        "to": [8.64717, 12.1053, 11.5],
        "rotation": {
            "angle": -45,
            "axis": "z",
            "origin": [8.14717, 11.4803, 7]
        },
        "faces": {
            "north": {
                "uv": [7, 4, 8, 5],
                "texture": "#0"
            },
            "east": {
                "uv": [7, 4, 8, 5],
                "texture": "#0"
            },
            "south": {
                "uv": [7, 4, 8, 5],
                "texture": "#0"
            },
            "west": {
                "uv": [7, 4, 8, 5],
                "texture": "#0"
            },
            "up": {
                "uv": [7, 4, 8, 5],
                "texture": "#0"
            },
            "down": {
                "uv": [7, 4, 8, 5],
                "texture": "#0"
            }
        }
    }, {
        "from": [5.40713, 12.4303, 5],
        "to": [10.59287, 15.10423, 11],
        "rotation": {
            "angle": 0,
            "axis": "z",
            "origin": [8.14717, 11.4803, 6.5]
        },
        "faces": {
            "north": {
                "uv": [10, 4, 11, 5],
                "texture": "#0"
            },
            "east": {
                "uv": [10, 4, 11, 5],
                "texture": "#0"
            },
            "south": {
                "uv": [10, 4, 11, 5],
                "texture": "#0"
            },
            "west": {
                "uv": [10, 4, 11, 5],
                "texture": "#0"
            },
            "up": {
                "uv": [10, 4, 11, 5],
                "texture": "#0"
            },
            "down": {
                "uv": [10, 4, 11, 5],
                "texture": "#0"
            }
        }
    }, {
        "from": [7.25, 13.4303, 4.75],
        "to": [8.75, 14.9303, 11.25],
        "rotation": {
            "angle": 45,
            "axis": "z",
            "origin": [8, 14.1803, 7.75]
        },
        "faces": {
            "north": {
                "uv": [10, 1, 11, 2],
                "texture": "#0"
            },
            "east": {
                "uv": [10, 1, 11, 2],
                "texture": "#0"
            },
            "south": {
                "uv": [10, 1, 11, 2],
                "texture": "#0"
            },
            "west": {
                "uv": [10, 1, 11, 2],
                "texture": "#0"
            },
            "up": {
                "uv": [10, 1, 11, 2],
                "texture": "#0"
            },
            "down": {
                "uv": [10, 1, 11, 2],
                "texture": "#0"
            }
        }
    }, {
        "from": [7.25, 14.2553, 4.75],
        "to": [8.75, 15.2553, 11.25],
        "rotation": {
            "angle": 0,
            "axis": "z",
            "origin": [8, 14.1803, 7.75]
        },
        "faces": {
            "north": {
                "uv": [10, 1, 11, 2],
                "texture": "#0"
            },
            "east": {
                "uv": [10, 1, 11, 2],
                "texture": "#0"
            },
            "south": {
                "uv": [10, 1, 11, 2],
                "texture": "#0"
            },
            "west": {
                "uv": [10, 1, 11, 2],
                "texture": "#0"
            },
            "up": {
                "uv": [10, 1, 11, 2],
                "texture": "#0"
            },
            "down": {
                "uv": [10, 1, 11, 2],
                "texture": "#0"
            }
        }
    }, {
        "from": [6.875, 14.5053, 6.875],
        "to": [9.125, 15.5053, 9.125],
        "rotation": {
            "angle": 0,
            "axis": "z",
            "origin": [8.125, 14.1803, 7.875]
        },
        "faces": {
            "north": {
                "uv": [10, 7, 11, 8],
                "texture": "#0"
            },
            "east": {
                "uv": [10, 7, 11, 8],
                "texture": "#0"
            },
            "south": {
                "uv": [10, 7, 11, 8],
                "texture": "#0"
            },
            "west": {
                "uv": [10, 7, 11, 8],
                "texture": "#0"
            },
            "up": {
                "uv": [10, 7, 11, 8],
                "texture": "#0"
            },
            "down": {
                "uv": [10, 7, 11, 8],
                "texture": "#0"
            }
        }
    }, {
        "from": [6.89905, 14.85626, 6.875],
        "to": [8.49004, 16.44725, 7.375],
        "rotation": {
            "angle": 45,
            "axis": "z",
            "origin": [8.02405, 15.94725, 8]
        },
        "faces": {
            "north": {
                "uv": [10, 7, 11, 8],
                "texture": "#0"
            },
            "east": {
                "uv": [10, 7, 11, 8],
                "texture": "#0"
            },
            "south": {
                "uv": [10, 7, 11, 8],
                "texture": "#0"
            },
            "west": {
                "uv": [10, 7, 11, 8],
                "texture": "#0"
            },
            "up": {
                "uv": [10, 7, 11, 8],
                "texture": "#0"
            },
            "down": {
                "uv": [10, 7, 11, 8],
                "texture": "#0"
            }
        }
    }, {
        "from": [6.89905, 14.85626, 8.625],
        "to": [8.49004, 16.44725, 9.125],
        "rotation": {
            "angle": 45,
            "axis": "z",
            "origin": [8.02405, 15.94725, 8]
        },
        "faces": {
            "north": {
                "uv": [10, 7, 11, 8],
                "texture": "#0"
            },
            "east": {
                "uv": [10, 7, 11, 8],
                "texture": "#0"
            },
            "south": {
                "uv": [10, 7, 11, 8],
                "texture": "#0"
            },
            "west": {
                "uv": [10, 7, 11, 8],
                "texture": "#0"
            },
            "up": {
                "uv": [10, 7, 11, 8],
                "texture": "#0"
            },
            "down": {
                "uv": [10, 7, 11, 8],
                "texture": "#0"
            }
        }
    }, {
        "from": [6.875, 14.70981, 7.2045],
        "to": [7.375, 16.3008, 8.7955],
        "rotation": {
            "angle": -45,
            "axis": "x",
            "origin": [8, 15.5053, 8]
        },
        "faces": {
            "north": {
                "uv": [10, 7, 11, 8],
                "texture": "#0"
            },
            "east": {
                "uv": [10, 7, 11, 8],
                "texture": "#0"
            },
            "south": {
                "uv": [10, 7, 11, 8],
                "texture": "#0"
            },
            "west": {
                "uv": [10, 7, 11, 8],
                "texture": "#0"
            },
            "up": {
                "uv": [10, 7, 11, 8],
                "texture": "#0"
            },
            "down": {
                "uv": [10, 7, 11, 8],
                "texture": "#0"
            }
        }
    }, {
        "from": [8.625, 14.70981, 7.2045],
        "to": [9.125, 16.3008, 8.7955],
        "rotation": {
            "angle": -45,
            "axis": "x",
            "origin": [8, 15.5053, 8]
        },
        "faces": {
            "north": {
                "uv": [10, 7, 11, 8],
                "texture": "#0"
            },
            "east": {
                "uv": [10, 7, 11, 8],
                "texture": "#0"
            },
            "south": {
                "uv": [10, 7, 11, 8],
                "texture": "#0"
            },
            "west": {
                "uv": [10, 7, 11, 8],
                "texture": "#0"
            },
            "up": {
                "uv": [10, 7, 11, 8],
                "texture": "#0"
            },
            "down": {
                "uv": [10, 7, 11, 8],
                "texture": "#0"
            }
        }
    }, {
        "from": [7.35283, 10.3553, 4.5],
        "to": [12.35283, 12.1053, 11.5],
        "rotation": {
            "angle": 45,
            "axis": "z",
            "origin": [7.85283, 11.4803, 7]
        },
        "faces": {
            "north": {
                "uv": [7, 4, 8, 5],
                "texture": "#0"
            },
            "east": {
                "uv": [7, 4, 8, 5],
                "texture": "#0"
            },
            "south": {
                "uv": [7, 4, 8, 5],
                "texture": "#0"
            },
            "west": {
                "uv": [7, 4, 8, 5],
                "texture": "#0"
            },
            "up": {
                "uv": [7, 4, 8, 5],
                "texture": "#0"
            },
            "down": {
                "uv": [7, 4, 8, 5],
                "texture": "#0"
            }
        }
    }, {
        "from": [7.41202, 10.44229, 4],
        "to": [12.41202, 12.19229, 12],
        "rotation": {
            "angle": 22.5,
            "axis": "z",
            "origin": [7.91202, 11.56729, 7.5]
        },
        "faces": {
            "north": {
                "uv": [4, 4, 5, 5],
                "texture": "#0"
            },
            "east": {
                "uv": [4, 4, 5, 5],
                "texture": "#0"
            },
            "south": {
                "uv": [4, 4, 5, 5],
                "texture": "#0"
            },
            "west": {
                "uv": [4, 4, 5, 5],
                "texture": "#0"
            },
            "up": {
                "uv": [4, 4, 5, 5],
                "texture": "#0"
            },
            "down": {
                "uv": [4, 4, 5, 5],
                "texture": "#0"
            }
        }
    }, {
        "from": [7.98959, 10, 1.64645],
        "to": [10.48959, 11, 4.14645],
        "rotation": {
            "angle": 45,
            "axis": "y",
            "origin": [6.48959, 10.5, -0.35355]
        },
        "faces": {
            "north": {
                "uv": [1, 1, 2, 2],
                "texture": "#0"
            },
            "east": {
                "uv": [1, 1, 2, 2],
                "texture": "#0"
            },
            "south": {
                "uv": [1, 1, 2, 2],
                "texture": "#0"
            },
            "west": {
                "uv": [1, 1, 2, 2],
                "texture": "#0"
            },
            "up": {
                "uv": [1, 1, 2, 2],
                "texture": "#0"
            },
            "down": {
                "uv": [1, 1, 2, 2],
                "texture": "#0"
            }
        }
    }, {
        "from": [5.51041, 10, 1.64645],
        "to": [8.01041, 11, 4.14645],
        "rotation": {
            "angle": -45,
            "axis": "y",
            "origin": [9.51041, 10.5, -0.35355]
        },
        "faces": {
            "north": {
                "uv": [1, 1, 2, 2],
                "texture": "#0"
            },
            "east": {
                "uv": [1, 1, 2, 2],
                "texture": "#0"
            },
            "south": {
                "uv": [1, 1, 2, 2],
                "texture": "#0"
            },
            "west": {
                "uv": [1, 1, 2, 2],
                "texture": "#0"
            },
            "up": {
                "uv": [1, 1, 2, 2],
                "texture": "#0"
            },
            "down": {
                "uv": [1, 1, 2, 2],
                "texture": "#0"
            }
        }
    }, {
        "from": [5.26777, 10, -1.76777],
        "to": [10.73223, 11, 0.73223],
        "rotation": {
            "angle": 0,
            "axis": "y",
            "origin": [10.26777, 10.5, 2.23223]
        },
        "faces": {
            "north": {
                "uv": [1, 1, 2, 2],
                "texture": "#0"
            },
            "east": {
                "uv": [1, 1, 2, 2],
                "texture": "#0"
            },
            "south": {
                "uv": [1, 1, 2, 2],
                "texture": "#0"
            },
            "west": {
                "uv": [1, 1, 2, 2],
                "texture": "#0"
            },
            "up": {
                "uv": [1, 1, 2, 2],
                "texture": "#0"
            },
            "down": {
                "uv": [1, 1, 2, 2],
                "texture": "#0"
            }
        }
    }, {
        "from": [5.0729, 15.45529, 7.26875],
        "to": [5.3229, 17.20529, 8.01875],
        "rotation": {
            "angle": 22.5,
            "axis": "z",
            "origin": [8, 15.25345, 8]
        },
        "faces": {
            "north": {
                "uv": [4, 7, 5, 8],
                "texture": "#0"
            },
            "east": {
                "uv": [4, 7, 5, 8],
                "texture": "#0"
            },
            "south": {
                "uv": [4, 7, 5, 8],
                "texture": "#0"
            },
            "west": {
                "uv": [4, 7, 5, 8],
                "texture": "#0"
            },
            "up": {
                "uv": [4, 7, 5, 8],
                "texture": "#0"
            },
            "down": {
                "uv": [4, 7, 5, 8],
                "texture": "#0"
            }
        }
    }, {
        "from": [5.53067, 15.41867, 7.51875],
        "to": [6.28067, 18.16867, 8.76875],
        "rotation": {
            "angle": 22.5,
            "axis": "z",
            "origin": [8, 15.25345, 8]
        },
        "faces": {
            "north": {
                "uv": [1, 7, 2, 8],
                "texture": "#0"
            },
            "east": {
                "uv": [1, 7, 2, 8],
                "texture": "#0"
            },
            "south": {
                "uv": [1, 7, 2, 8],
                "texture": "#0"
            },
            "west": {
                "uv": [1, 7, 2, 8],
                "texture": "#0"
            },
            "up": {
                "uv": [1, 7, 2, 8],
                "texture": "#0"
            },
            "down": {
                "uv": [1, 7, 2, 8],
                "texture": "#0"
            }
        }
    }, {
        "from": [5.1729, 15.45529, 7.51875],
        "to": [5.6229, 17.20529, 8.76875],
        "rotation": {
            "angle": 22.5,
            "axis": "z",
            "origin": [8, 15.25345, 8]
        },
        "faces": {
            "north": {
                "uv": [1, 7, 2, 8],
                "texture": "#0"
            },
            "east": {
                "uv": [1, 7, 2, 8],
                "texture": "#0"
            },
            "south": {
                "uv": [1, 7, 2, 8],
                "texture": "#0"
            },
            "west": {
                "uv": [1, 7, 2, 8],
                "texture": "#0"
            },
            "up": {
                "uv": [1, 7, 2, 8],
                "texture": "#0"
            },
            "down": {
                "uv": [1, 7, 2, 8],
                "texture": "#0"
            }
        }
    }, {
        "from": [2.67329, 14.63706, 7.51875],
        "to": [4.99829, 15.48706, 8.76875],
        "rotation": {
            "angle": -22.5,
            "axis": "z",
            "origin": [8, 15.25345, 8]
        },
        "faces": {
            "north": {
                "uv": [1, 7, 2, 8],
                "texture": "#0"
            },
            "east": {
                "uv": [1, 7, 2, 8],
                "texture": "#0"
            },
            "south": {
                "uv": [1, 7, 2, 8],
                "texture": "#0"
            },
            "west": {
                "uv": [1, 7, 2, 8],
                "texture": "#0"
            },
            "up": {
                "uv": [1, 7, 2, 8],
                "texture": "#0"
            },
            "down": {
                "uv": [1, 7, 2, 8],
                "texture": "#0"
            }
        }
    }, {
        "from": [2.2908, 17.9124, 7.51875],
        "to": [4.5908, 19.0624, 8.76875],
        "rotation": {
            "angle": 22.5,
            "axis": "z",
            "origin": [8, 15.25345, 8]
        },
        "faces": {
            "north": {
                "uv": [1, 7, 2, 8],
                "texture": "#0"
            },
            "east": {
                "uv": [1, 7, 2, 8],
                "texture": "#0"
            },
            "south": {
                "uv": [1, 7, 2, 8],
                "texture": "#0"
            },
            "west": {
                "uv": [1, 7, 2, 8],
                "texture": "#0"
            },
            "up": {
                "uv": [1, 7, 2, 8],
                "texture": "#0"
            },
            "down": {
                "uv": [1, 7, 2, 8],
                "texture": "#0"
            }
        }
    }, {
        "from": [1.54119, 12.15496, 7.51875],
        "to": [2.46619, 13.67996, 8.76875],
        "rotation": {
            "angle": -22.5,
            "axis": "z",
            "origin": [8, 15.25345, 8]
        },
        "faces": {
            "north": {
                "uv": [1, 7, 2, 8],
                "texture": "#0"
            },
            "east": {
                "uv": [1, 7, 2, 8],
                "texture": "#0"
            },
            "south": {
                "uv": [1, 7, 2, 8],
                "texture": "#0"
            },
            "west": {
                "uv": [1, 7, 2, 8],
                "texture": "#0"
            },
            "up": {
                "uv": [1, 7, 2, 8],
                "texture": "#0"
            },
            "down": {
                "uv": [1, 7, 2, 8],
                "texture": "#0"
            }
        }
    }, {
        "from": [1.38547, 16.03207, 7.51875],
        "to": [2.18547, 17.38207, 8.76875],
        "rotation": {
            "angle": 22.5,
            "axis": "z",
            "origin": [8, 15.25345, 8]
        },
        "faces": {
            "north": {
                "uv": [1, 7, 2, 8],
                "texture": "#0"
            },
            "east": {
                "uv": [1, 7, 2, 8],
                "texture": "#0"
            },
            "south": {
                "uv": [1, 7, 2, 8],
                "texture": "#0"
            },
            "west": {
                "uv": [1, 7, 2, 8],
                "texture": "#0"
            },
            "up": {
                "uv": [1, 7, 2, 8],
                "texture": "#0"
            },
            "down": {
                "uv": [1, 7, 2, 8],
                "texture": "#0"
            }
        }
    }, {
        "from": [4.65427, 9.75365, 7.51875],
        "to": [6.90427, 10.40365, 8.76875],
        "rotation": {
            "angle": -45,
            "axis": "z",
            "origin": [8, 15.25345, 8]
        },
        "faces": {
            "north": {
                "uv": [1, 7, 2, 8],
                "texture": "#0"
            },
            "east": {
                "uv": [1, 7, 2, 8],
                "texture": "#0"
            },
            "south": {
                "uv": [1, 7, 2, 8],
                "texture": "#0"
            },
            "west": {
                "uv": [1, 7, 2, 8],
                "texture": "#0"
            },
            "up": {
                "uv": [1, 7, 2, 8],
                "texture": "#0"
            },
            "down": {
                "uv": [1, 7, 2, 8],
                "texture": "#0"
            }
        }
    }, {
        "from": [3.24191, 10.50655, 7.51875],
        "to": [5.74191, 11.25655, 8.76875],
        "rotation": {
            "angle": -22.5,
            "axis": "z",
            "origin": [8, 15.25345, 8]
        },
        "faces": {
            "north": {
                "uv": [1, 7, 2, 8],
                "texture": "#0"
            },
            "east": {
                "uv": [1, 7, 2, 8],
                "texture": "#0"
            },
            "south": {
                "uv": [1, 7, 2, 8],
                "texture": "#0"
            },
            "west": {
                "uv": [1, 7, 2, 8],
                "texture": "#0"
            },
            "up": {
                "uv": [1, 7, 2, 8],
                "texture": "#0"
            },
            "down": {
                "uv": [1, 7, 2, 8],
                "texture": "#0"
            }
        }
    }, {
        "from": [3.67066, 9.04704, 7.51875],
        "to": [5.42066, 9.79704, 8.76875],
        "rotation": {
            "angle": -45,
            "axis": "z",
            "origin": [8, 15.25345, 8]
        },
        "faces": {
            "north": {
                "uv": [1, 7, 2, 8],
                "texture": "#0"
            },
            "east": {
                "uv": [1, 7, 2, 8],
                "texture": "#0"
            },
            "south": {
                "uv": [1, 7, 2, 8],
                "texture": "#0"
            },
            "west": {
                "uv": [1, 7, 2, 8],
                "texture": "#0"
            },
            "up": {
                "uv": [1, 7, 2, 8],
                "texture": "#0"
            },
            "down": {
                "uv": [1, 7, 2, 8],
                "texture": "#0"
            }
        }
    }, {
        "from": [0.5501, 13.92616, 7.51875],
        "to": [1.3001, 16.17616, 8.76875],
        "rotation": {
            "angle": 0,
            "axis": "z",
            "origin": [8, 15.25345, 8]
        },
        "faces": {
            "north": {
                "uv": [1, 7, 2, 8],
                "texture": "#0"
            },
            "east": {
                "uv": [1, 7, 2, 8],
                "texture": "#0"
            },
            "south": {
                "uv": [1, 7, 2, 8],
                "texture": "#0"
            },
            "west": {
                "uv": [1, 7, 2, 8],
                "texture": "#0"
            },
            "up": {
                "uv": [1, 7, 2, 8],
                "texture": "#0"
            },
            "down": {
                "uv": [1, 7, 2, 8],
                "texture": "#0"
            }
        }
    }, {
        "from": [2.07967, 10.63803, 7.51875],
        "to": [2.82967, 12.88803, 8.76875],
        "rotation": {
            "angle": -45,
            "axis": "z",
            "origin": [8, 15.25345, 8]
        },
        "faces": {
            "north": {
                "uv": [1, 7, 2, 8],
                "texture": "#0"
            },
            "east": {
                "uv": [1, 7, 2, 8],
                "texture": "#0"
            },
            "south": {
                "uv": [1, 7, 2, 8],
                "texture": "#0"
            },
            "west": {
                "uv": [1, 7, 2, 8],
                "texture": "#0"
            },
            "up": {
                "uv": [1, 7, 2, 8],
                "texture": "#0"
            },
            "down": {
                "uv": [1, 7, 2, 8],
                "texture": "#0"
            }
        }
    }, {
        "from": [2.14109, 17.01715, 7.51875],
        "to": [4.14109, 17.76715, 8.76875],
        "rotation": {
            "angle": 0,
            "axis": "z",
            "origin": [8, 15.25345, 8]
        },
        "faces": {
            "north": {
                "uv": [1, 7, 2, 8],
                "texture": "#0"
            },
            "east": {
                "uv": [1, 7, 2, 8],
                "texture": "#0"
            },
            "south": {
                "uv": [1, 7, 2, 8],
                "texture": "#0"
            },
            "west": {
                "uv": [1, 7, 2, 8],
                "texture": "#0"
            },
            "up": {
                "uv": [1, 7, 2, 8],
                "texture": "#0"
            },
            "down": {
                "uv": [1, 7, 2, 8],
                "texture": "#0"
            }
        }
    }, {
        "from": [3.47288, 15.34907, 7.51875],
        "to": [4.72288, 16.09907, 8.76875],
        "rotation": {
            "angle": -22.5,
            "axis": "z",
            "origin": [8, 15.25345, 8]
        },
        "faces": {
            "north": {
                "uv": [1, 7, 2, 8],
                "texture": "#0"
            },
            "east": {
                "uv": [1, 7, 2, 8],
                "texture": "#0"
            },
            "south": {
                "uv": [1, 7, 2, 8],
                "texture": "#0"
            },
            "west": {
                "uv": [1, 7, 2, 8],
                "texture": "#0"
            },
            "up": {
                "uv": [1, 7, 2, 8],
                "texture": "#0"
            },
            "down": {
                "uv": [1, 7, 2, 8],
                "texture": "#0"
            }
        }
    }, {
        "from": [9.71933, 15.41867, 7.51875],
        "to": [10.46933, 18.16867, 8.76875],
        "rotation": {
            "angle": -22.5,
            "axis": "z",
            "origin": [8, 15.25345, 8]
        },
        "faces": {
            "north": {
                "uv": [1, 7, 2, 8],
                "texture": "#0"
            },
            "east": {
                "uv": [1, 7, 2, 8],
                "texture": "#0"
            },
            "south": {
                "uv": [1, 7, 2, 8],
                "texture": "#0"
            },
            "west": {
                "uv": [1, 7, 2, 8],
                "texture": "#0"
            },
            "up": {
                "uv": [1, 7, 2, 8],
                "texture": "#0"
            },
            "down": {
                "uv": [1, 7, 2, 8],
                "texture": "#0"
            }
        }
    }, {
        "from": [11.27712, 15.34907, 7.51875],
        "to": [12.52712, 16.09907, 8.76875],
        "rotation": {
            "angle": 22.5,
            "axis": "z",
            "origin": [8, 15.25345, 8]
        },
        "faces": {
            "north": {
                "uv": [1, 7, 2, 8],
                "texture": "#0"
            },
            "east": {
                "uv": [1, 7, 2, 8],
                "texture": "#0"
            },
            "south": {
                "uv": [1, 7, 2, 8],
                "texture": "#0"
            },
            "west": {
                "uv": [1, 7, 2, 8],
                "texture": "#0"
            },
            "up": {
                "uv": [1, 7, 2, 8],
                "texture": "#0"
            },
            "down": {
                "uv": [1, 7, 2, 8],
                "texture": "#0"
            }
        }
    }, {
        "from": [10.3771, 15.45529, 7.51875],
        "to": [10.8271, 17.20529, 8.76875],
        "rotation": {
            "angle": -22.5,
            "axis": "z",
            "origin": [8, 15.25345, 8]
        },
        "faces": {
            "north": {
                "uv": [1, 7, 2, 8],
                "texture": "#0"
            },
            "east": {
                "uv": [1, 7, 2, 8],
                "texture": "#0"
            },
            "south": {
                "uv": [1, 7, 2, 8],
                "texture": "#0"
            },
            "west": {
                "uv": [1, 7, 2, 8],
                "texture": "#0"
            },
            "up": {
                "uv": [1, 7, 2, 8],
                "texture": "#0"
            },
            "down": {
                "uv": [1, 7, 2, 8],
                "texture": "#0"
            }
        }
    }, {
        "from": [10.6771, 15.45529, 7.26875],
        "to": [10.9271, 17.20529, 8.01875],
        "rotation": {
            "angle": -22.5,
            "axis": "z",
            "origin": [8, 15.25345, 8]
        },
        "faces": {
            "north": {
                "uv": [4, 7, 5, 8],
                "texture": "#0"
            },
            "east": {
                "uv": [4, 7, 5, 8],
                "texture": "#0"
            },
            "south": {
                "uv": [4, 7, 5, 8],
                "texture": "#0"
            },
            "west": {
                "uv": [4, 7, 5, 8],
                "texture": "#0"
            },
            "up": {
                "uv": [4, 7, 5, 8],
                "texture": "#0"
            },
            "down": {
                "uv": [4, 7, 5, 8],
                "texture": "#0"
            }
        }
    }, {
        "from": [11.27315, 14.49062, 7.26875],
        "to": [12.27315, 14.74062, 8.01875],
        "rotation": {
            "angle": 22.5,
            "axis": "z",
            "origin": [8, 15.25345, 8]
        },
        "faces": {
            "north": {
                "uv": [4, 7, 5, 8],
                "texture": "#0"
            },
            "east": {
                "uv": [4, 7, 5, 8],
                "texture": "#0"
            },
            "south": {
                "uv": [4, 7, 5, 8],
                "texture": "#0"
            },
            "west": {
                "uv": [4, 7, 5, 8],
                "texture": "#0"
            },
            "up": {
                "uv": [4, 7, 5, 8],
                "texture": "#0"
            },
            "down": {
                "uv": [4, 7, 5, 8],
                "texture": "#0"
            }
        }
    }, {
        "from": [11.3842, 17.6624, 7.26875],
        "to": [13.3842, 17.9124, 8.01875],
        "rotation": {
            "angle": -22.5,
            "axis": "z",
            "origin": [8, 15.25345, 8]
        },
        "faces": {
            "north": {
                "uv": [4, 7, 5, 8],
                "texture": "#0"
            },
            "east": {
                "uv": [4, 7, 5, 8],
                "texture": "#0"
            },
            "south": {
                "uv": [4, 7, 5, 8],
                "texture": "#0"
            },
            "west": {
                "uv": [4, 7, 5, 8],
                "texture": "#0"
            },
            "up": {
                "uv": [4, 7, 5, 8],
                "texture": "#0"
            },
            "down": {
                "uv": [4, 7, 5, 8],
                "texture": "#0"
            }
        }
    }, {
        "from": [11.85891, 17.01715, 7.51875],
        "to": [13.85891, 17.76715, 8.76875],
        "rotation": {
            "angle": 0,
            "axis": "z",
            "origin": [8, 15.25345, 8]
        },
        "faces": {
            "north": {
                "uv": [1, 7, 2, 8],
                "texture": "#0"
            },
            "east": {
                "uv": [1, 7, 2, 8],
                "texture": "#0"
            },
            "south": {
                "uv": [1, 7, 2, 8],
                "texture": "#0"
            },
            "west": {
                "uv": [1, 7, 2, 8],
                "texture": "#0"
            },
            "up": {
                "uv": [1, 7, 2, 8],
                "texture": "#0"
            },
            "down": {
                "uv": [1, 7, 2, 8],
                "texture": "#0"
            }
        }
    }, {
        "from": [11.00171, 14.63706, 7.51875],
        "to": [13.32671, 15.48706, 8.76875],
        "rotation": {
            "angle": 22.5,
            "axis": "z",
            "origin": [8, 15.25345, 8]
        },
        "faces": {
            "north": {
                "uv": [1, 7, 2, 8],
                "texture": "#0"
            },
            "east": {
                "uv": [1, 7, 2, 8],
                "texture": "#0"
            },
            "south": {
                "uv": [1, 7, 2, 8],
                "texture": "#0"
            },
            "west": {
                "uv": [1, 7, 2, 8],
                "texture": "#0"
            },
            "up": {
                "uv": [1, 7, 2, 8],
                "texture": "#0"
            },
            "down": {
                "uv": [1, 7, 2, 8],
                "texture": "#0"
            }
        }
    }, {
        "from": [11.4092, 17.9124, 7.51875],
        "to": [13.7092, 19.0624, 8.76875],
        "rotation": {
            "angle": -22.5,
            "axis": "z",
            "origin": [8, 15.25345, 8]
        },
        "faces": {
            "north": {
                "uv": [1, 7, 2, 8],
                "texture": "#0"
            },
            "east": {
                "uv": [1, 7, 2, 8],
                "texture": "#0"
            },
            "south": {
                "uv": [1, 7, 2, 8],
                "texture": "#0"
            },
            "west": {
                "uv": [1, 7, 2, 8],
                "texture": "#0"
            },
            "up": {
                "uv": [1, 7, 2, 8],
                "texture": "#0"
            },
            "down": {
                "uv": [1, 7, 2, 8],
                "texture": "#0"
            }
        }
    }, {
        "from": [13.17033, 10.63803, 7.51875],
        "to": [13.92033, 12.88803, 8.76875],
        "rotation": {
            "angle": 45,
            "axis": "z",
            "origin": [8, 15.25345, 8]
        },
        "faces": {
            "north": {
                "uv": [1, 7, 2, 8],
                "texture": "#0"
            },
            "east": {
                "uv": [1, 7, 2, 8],
                "texture": "#0"
            },
            "south": {
                "uv": [1, 7, 2, 8],
                "texture": "#0"
            },
            "west": {
                "uv": [1, 7, 2, 8],
                "texture": "#0"
            },
            "up": {
                "uv": [1, 7, 2, 8],
                "texture": "#0"
            },
            "down": {
                "uv": [1, 7, 2, 8],
                "texture": "#0"
            }
        }
    }, {
        "from": [13.53381, 12.15496, 7.51875],
        "to": [14.45881, 13.67996, 8.76875],
        "rotation": {
            "angle": 22.5,
            "axis": "z",
            "origin": [8, 15.25345, 8]
        },
        "faces": {
            "north": {
                "uv": [1, 7, 2, 8],
                "texture": "#0"
            },
            "east": {
                "uv": [1, 7, 2, 8],
                "texture": "#0"
            },
            "south": {
                "uv": [1, 7, 2, 8],
                "texture": "#0"
            },
            "west": {
                "uv": [1, 7, 2, 8],
                "texture": "#0"
            },
            "up": {
                "uv": [1, 7, 2, 8],
                "texture": "#0"
            },
            "down": {
                "uv": [1, 7, 2, 8],
                "texture": "#0"
            }
        }
    }, {
        "from": [14.6999, 13.92616, 7.51875],
        "to": [15.4499, 16.17616, 8.76875],
        "rotation": {
            "angle": 0,
            "axis": "z",
            "origin": [8, 15.25345, 8]
        },
        "faces": {
            "north": {
                "uv": [1, 7, 2, 8],
                "texture": "#0"
            },
            "east": {
                "uv": [1, 7, 2, 8],
                "texture": "#0"
            },
            "south": {
                "uv": [1, 7, 2, 8],
                "texture": "#0"
            },
            "west": {
                "uv": [1, 7, 2, 8],
                "texture": "#0"
            },
            "up": {
                "uv": [1, 7, 2, 8],
                "texture": "#0"
            },
            "down": {
                "uv": [1, 7, 2, 8],
                "texture": "#0"
            }
        }
    }, {
        "from": [10.57934, 9.04704, 7.51875],
        "to": [12.32934, 9.79704, 8.76875],
        "rotation": {
            "angle": 45,
            "axis": "z",
            "origin": [8, 15.25345, 8]
        },
        "faces": {
            "north": {
                "uv": [1, 7, 2, 8],
                "texture": "#0"
            },
            "east": {
                "uv": [1, 7, 2, 8],
                "texture": "#0"
            },
            "south": {
                "uv": [1, 7, 2, 8],
                "texture": "#0"
            },
            "west": {
                "uv": [1, 7, 2, 8],
                "texture": "#0"
            },
            "up": {
                "uv": [1, 7, 2, 8],
                "texture": "#0"
            },
            "down": {
                "uv": [1, 7, 2, 8],
                "texture": "#0"
            }
        }
    }, {
        "from": [13.81453, 16.03207, 7.51875],
        "to": [14.61453, 17.38207, 8.76875],
        "rotation": {
            "angle": -22.5,
            "axis": "z",
            "origin": [8, 15.25345, 8]
        },
        "faces": {
            "north": {
                "uv": [1, 7, 2, 8],
                "texture": "#0"
            },
            "east": {
                "uv": [1, 7, 2, 8],
                "texture": "#0"
            },
            "south": {
                "uv": [1, 7, 2, 8],
                "texture": "#0"
            },
            "west": {
                "uv": [1, 7, 2, 8],
                "texture": "#0"
            },
            "up": {
                "uv": [1, 7, 2, 8],
                "texture": "#0"
            },
            "down": {
                "uv": [1, 7, 2, 8],
                "texture": "#0"
            }
        }
    }, {
        "from": [9.09573, 9.75365, 7.51875],
        "to": [11.34573, 10.40365, 8.76875],
        "rotation": {
            "angle": 45,
            "axis": "z",
            "origin": [8, 15.25345, 8]
        },
        "faces": {
            "north": {
                "uv": [1, 7, 2, 8],
                "texture": "#0"
            },
            "east": {
                "uv": [1, 7, 2, 8],
                "texture": "#0"
            },
            "south": {
                "uv": [1, 7, 2, 8],
                "texture": "#0"
            },
            "west": {
                "uv": [1, 7, 2, 8],
                "texture": "#0"
            },
            "up": {
                "uv": [1, 7, 2, 8],
                "texture": "#0"
            },
            "down": {
                "uv": [1, 7, 2, 8],
                "texture": "#0"
            }
        }
    }, {
        "from": [10.25809, 10.50655, 7.51875],
        "to": [12.75809, 11.25655, 8.76875],
        "rotation": {
            "angle": 22.5,
            "axis": "z",
            "origin": [8, 15.25345, 8]
        },
        "faces": {
            "north": {
                "uv": [1, 7, 2, 8],
                "texture": "#0"
            },
            "east": {
                "uv": [1, 7, 2, 8],
                "texture": "#0"
            },
            "south": {
                "uv": [1, 7, 2, 8],
                "texture": "#0"
            },
            "west": {
                "uv": [1, 7, 2, 8],
                "texture": "#0"
            },
            "up": {
                "uv": [1, 7, 2, 8],
                "texture": "#0"
            },
            "down": {
                "uv": [1, 7, 2, 8],
                "texture": "#0"
            }
        }
    }, {
        "from": [9.28707, 10.31671, 7.26875],
        "to": [11.53707, 10.56671, 8.01875],
        "rotation": {
            "angle": 45,
            "axis": "z",
            "origin": [8, 15.25345, 8]
        },
        "faces": {
            "north": {
                "uv": [4, 7, 5, 8],
                "texture": "#0"
            },
            "east": {
                "uv": [4, 7, 5, 8],
                "texture": "#0"
            },
            "south": {
                "uv": [4, 7, 5, 8],
                "texture": "#0"
            },
            "west": {
                "uv": [4, 7, 5, 8],
                "texture": "#0"
            },
            "up": {
                "uv": [4, 7, 5, 8],
                "texture": "#0"
            },
            "down": {
                "uv": [4, 7, 5, 8],
                "texture": "#0"
            }
        }
    }, {
        "from": [13.66453, 16.63207, 7.26875],
        "to": [13.91453, 17.38207, 8.01875],
        "rotation": {
            "angle": -22.5,
            "axis": "z",
            "origin": [8, 15.25345, 8]
        },
        "faces": {
            "north": {
                "uv": [4, 7, 5, 8],
                "texture": "#0"
            },
            "east": {
                "uv": [4, 7, 5, 8],
                "texture": "#0"
            },
            "south": {
                "uv": [4, 7, 5, 8],
                "texture": "#0"
            },
            "west": {
                "uv": [4, 7, 5, 8],
                "texture": "#0"
            },
            "up": {
                "uv": [4, 7, 5, 8],
                "texture": "#0"
            },
            "down": {
                "uv": [4, 7, 5, 8],
                "texture": "#0"
            }
        }
    }, {
        "from": [13.43737, 12.5764, 7.26875],
        "to": [13.68737, 13.3264, 8.01875],
        "rotation": {
            "angle": 22.5,
            "axis": "z",
            "origin": [8, 15.25345, 8]
        },
        "faces": {
            "north": {
                "uv": [4, 7, 5, 8],
                "texture": "#0"
            },
            "east": {
                "uv": [4, 7, 5, 8],
                "texture": "#0"
            },
            "south": {
                "uv": [4, 7, 5, 8],
                "texture": "#0"
            },
            "west": {
                "uv": [4, 7, 5, 8],
                "texture": "#0"
            },
            "up": {
                "uv": [4, 7, 5, 8],
                "texture": "#0"
            },
            "down": {
                "uv": [4, 7, 5, 8],
                "texture": "#0"
            }
        }
    }, {
        "from": [9.09573, 10.35365, 7.76875],
        "to": [12.47073, 13.50365, 8.76875],
        "rotation": {
            "angle": 45,
            "axis": "z",
            "origin": [8, 15.25345, 8]
        },
        "faces": {
            "north": {
                "uv": [7, 7, 8, 8],
                "texture": "#0"
            },
            "east": {
                "uv": [1, 7, 2, 8],
                "texture": "#0"
            },
            "south": {
                "uv": [1, 7, 2, 8],
                "texture": "#0"
            },
            "west": {
                "uv": [1, 7, 2, 8],
                "texture": "#0"
            },
            "up": {
                "uv": [1, 7, 2, 8],
                "texture": "#0"
            },
            "down": {
                "uv": [1, 7, 2, 8],
                "texture": "#0"
            }
        }
    }, {
        "from": [3.72685, 14.49062, 7.26875],
        "to": [4.72685, 14.74062, 8.01875],
        "rotation": {
            "angle": -22.5,
            "axis": "z",
            "origin": [8, 15.25345, 8]
        },
        "faces": {
            "north": {
                "uv": [4, 7, 5, 8],
                "texture": "#0"
            },
            "east": {
                "uv": [4, 7, 5, 8],
                "texture": "#0"
            },
            "south": {
                "uv": [4, 7, 5, 8],
                "texture": "#0"
            },
            "west": {
                "uv": [4, 7, 5, 8],
                "texture": "#0"
            },
            "up": {
                "uv": [4, 7, 5, 8],
                "texture": "#0"
            },
            "down": {
                "uv": [4, 7, 5, 8],
                "texture": "#0"
            }
        }
    }, {
        "from": [2.6158, 17.6624, 7.26875],
        "to": [4.6158, 17.9124, 8.01875],
        "rotation": {
            "angle": 22.5,
            "axis": "z",
            "origin": [8, 15.25345, 8]
        },
        "faces": {
            "north": {
                "uv": [4, 7, 5, 8],
                "texture": "#0"
            },
            "east": {
                "uv": [4, 7, 5, 8],
                "texture": "#0"
            },
            "south": {
                "uv": [4, 7, 5, 8],
                "texture": "#0"
            },
            "west": {
                "uv": [4, 7, 5, 8],
                "texture": "#0"
            },
            "up": {
                "uv": [4, 7, 5, 8],
                "texture": "#0"
            },
            "down": {
                "uv": [4, 7, 5, 8],
                "texture": "#0"
            }
        }
    }, {
        "from": [2.31263, 12.5764, 7.26875],
        "to": [2.56263, 13.3264, 8.01875],
        "rotation": {
            "angle": -22.5,
            "axis": "z",
            "origin": [8, 15.25345, 8]
        },
        "faces": {
            "north": {
                "uv": [4, 7, 5, 8],
                "texture": "#0"
            },
            "east": {
                "uv": [4, 7, 5, 8],
                "texture": "#0"
            },
            "south": {
                "uv": [4, 7, 5, 8],
                "texture": "#0"
            },
            "west": {
                "uv": [4, 7, 5, 8],
                "texture": "#0"
            },
            "up": {
                "uv": [4, 7, 5, 8],
                "texture": "#0"
            },
            "down": {
                "uv": [4, 7, 5, 8],
                "texture": "#0"
            }
        }
    }, {
        "from": [2.08547, 16.63207, 7.26875],
        "to": [2.33547, 17.38207, 8.01875],
        "rotation": {
            "angle": 22.5,
            "axis": "z",
            "origin": [8, 15.25345, 8]
        },
        "faces": {
            "north": {
                "uv": [4, 7, 5, 8],
                "texture": "#0"
            },
            "east": {
                "uv": [4, 7, 5, 8],
                "texture": "#0"
            },
            "south": {
                "uv": [4, 7, 5, 8],
                "texture": "#0"
            },
            "west": {
                "uv": [4, 7, 5, 8],
                "texture": "#0"
            },
            "up": {
                "uv": [4, 7, 5, 8],
                "texture": "#0"
            },
            "down": {
                "uv": [4, 7, 5, 8],
                "texture": "#0"
            }
        }
    }, {
        "from": [3.52927, 10.35365, 7.76875],
        "to": [6.90427, 13.50365, 8.76875],
        "rotation": {
            "angle": -45,
            "axis": "z",
            "origin": [8, 15.25345, 8]
        },
        "faces": {
            "north": {
                "uv": [7, 7, 8, 8],
                "texture": "#0"
            },
            "east": {
                "uv": [1, 7, 2, 8],
                "texture": "#0"
            },
            "south": {
                "uv": [1, 7, 2, 8],
                "texture": "#0"
            },
            "west": {
                "uv": [1, 7, 2, 8],
                "texture": "#0"
            },
            "up": {
                "uv": [1, 7, 2, 8],
                "texture": "#0"
            },
            "down": {
                "uv": [1, 7, 2, 8],
                "texture": "#0"
            }
        }
    }, {
        "from": [4.46293, 10.31671, 7.26875],
        "to": [6.71293, 10.56671, 8.01875],
        "rotation": {
            "angle": -45,
            "axis": "z",
            "origin": [8, 15.25345, 8]
        },
        "faces": {
            "north": {
                "uv": [4, 7, 5, 8],
                "texture": "#0"
            },
            "east": {
                "uv": [4, 7, 5, 8],
                "texture": "#0"
            },
            "south": {
                "uv": [4, 7, 5, 8],
                "texture": "#0"
            },
            "west": {
                "uv": [4, 7, 5, 8],
                "texture": "#0"
            },
            "up": {
                "uv": [4, 7, 5, 8],
                "texture": "#0"
            },
            "down": {
                "uv": [4, 7, 5, 8],
                "texture": "#0"
            }
        }
    }]
}