{
	"credit": "Made by TiNYsx with Blockbench",
	"texture_size": [32, 32],
	"textures": {
		"0": "item/hats/tiny_mask_1",
		"particle": "item/hats/tiny_mask_1"
	},
	"elements": [
		{
			"from": [7, 6.57888, 7.94885],
			"to": [8, 12.57888, 8.94885],
			"rotation": {"angle": -45, "axis": "y", "origin": [8, 7.57888, 8.94885]},
			"faces": {
				"north": {"uv": [3.5, 9.5, 3, 12.5], "texture": "#0"},
				"west": {"uv": [3, 9.5, 3.5, 12.5], "texture": "#0"},
				"down": {"uv": [3, 9, 3.5, 9.5], "texture": "#0"}
			}
		},
		{
			"from": [5.11418, 6.57888, 8.51577],
			"to": [8.11418, 16.57888, 8.51577],
			"rotation": {"angle": 22.5, "axis": "y", "origin": [6.61418, 11.57888, 8.51577]},
			"faces": {
				"north": {"uv": [3.5, 8, 5, 13], "texture": "#0"},
				"south": {"uv": [5, 8, 3.5, 13], "texture": "#0"}
			}
		},
		{
			"from": [7.88582, 6.57888, 8.51577],
			"to": [10.88582, 16.57888, 8.51577],
			"rotation": {"angle": -22.5, "axis": "y", "origin": [9.38582, 11.57888, 8.51577]},
			"faces": {
				"north": {"uv": [1.5, 8, 3, 13], "texture": "#0"},
				"south": {"uv": [3, 8, 1.5, 13], "texture": "#0"}
			}
		},
		{
			"from": [10.3323, 6.57888, 10.15045],
			"to": [13.3323, 16.57888, 10.15045],
			"rotation": {"angle": -45, "axis": "y", "origin": [11.8323, 11.57888, 10.15045]},
			"faces": {
				"north": {"uv": [0, 8, 1.5, 13], "texture": "#0"},
				"south": {"uv": [1.5, 8, 0, 13], "texture": "#0"}
			}
		},
		{
			"from": [2.6677, 6.57888, 10.15045],
			"to": [5.6677, 16.57888, 10.15045],
			"rotation": {"angle": 45, "axis": "y", "origin": [4.1677, 11.57888, 10.15045]},
			"faces": {
				"north": {"uv": [5, 8, 6.5, 13], "texture": "#0"},
				"south": {"uv": [6.5, 8, 5, 13], "texture": "#0"}
			}
		},
		{
			"from": [4, 8.27795, 6.97286],
			"to": [12, 8.27795, 9.97286],
			"rotation": {"angle": -22.5, "axis": "x", "origin": [8, 8.57795, 9.47286]},
			"faces": {
				"up": {"uv": [5.25, 14.5, 1.25, 13], "texture": "#0"},
				"down": {"uv": [5.25, 13, 1.25, 14.5], "texture": "#0"}
			}
		},
		{
			"from": [5, 5.42112, 7.66026],
			"to": [11, 7.42112, 7.66026],
			"rotation": {"angle": -22.5, "axis": "x", "origin": [8, 6.42112, 7.66026]},
			"faces": {
				"north": {"uv": [1.75, 14.5, 4.75, 15.5], "texture": "#0"},
				"south": {"uv": [4.75, 14.5, 1.75, 15.5], "texture": "#0"}
			}
		}
	],
	"gui_light": "front",
	"display": {
		"thirdperson_lefthand": {
			"rotation": [68, 0, 0],
			"translation": [-5.5, 5.75, 10.5],
			"scale": [1.45, 1.45, 1.45]
		},
		"firstperson_righthand": {
			"rotation": [0, 133, 0],
			"translation": [0, 1.75, 0]
		},
		"firstperson_lefthand": {
			"rotation": [0, 133, 0],
			"translation": [0, 1.75, 0],
			"scale": [0, 0, 0]
		},
		"gui": {
			"rotation": [8, 152, 0],
			"translation": [-0.75, -3, 0],
			"scale": [1.4, 1.4, 1.4]
		},
		"head": {
			"translation": [0, -4.75, -10.25],
			"scale": [2.45, 2.45, 2.45]
		},
		"fixed": {
			"translation": [0, -4, -3],
			"scale": [2, 2, 2]
		}
	},
	"groups": [
		{
			"name": "group",
			"origin": [8, 14.57888, 8],
			"color": 0,
			"children": [0, 1, 2, 3, 4, 5, 6]
		}
	]
}