{
    "parent": "item/generated",
    "textures": {
        "layer0": "item/swords/pixels/voodoo_sword"
    },
	"display": {
		"thirdperson_righthand": {
			"rotation": [40, 90, 0],
			"translation": [0, 4.75, 1.25],
			"scale": [1, 1, 0.6]
		},
		"thirdperson_lefthand": {
			"rotation": [40, -90, 0],
			"translation": [0, 4.75, 1.25],
			"scale": [1, 1, 0.6]
		},
		"firstperson_righthand": {
			"rotation": [0, 90, 65],
			"translation": [2.5, 2.5, 0],
			"scale": [0.85, 0.85, 0.5]
		},
		"firstperson_lefthand": {
			"rotation": [0, -90, -65],
			"translation": [2.5, 2.5, 0],
			"scale": [0.85, 0.85, 0.5]
		},
		"ground": {
			"translation": [0, 1.75, 0],
			"scale": [0.8, 0.8, 0.8]
		}
	}
}