{
    "display": {
        "thirdperson_righthand": {
            "rotation": [0, 95, 0],
            "translation": [0, 0, 1.75],
            "scale": [0.6, 0.6, 0.6]
        },
        "thirdperson_lefthand": {
            "rotation": [0, 95, 0],
            "translation": [0, 0, 1.75],
            "scale": [0.6, 0.6, 0.6]
        },
        "firstperson_righthand": {
            "rotation": [0, 90, 20],
            "translation": [0.5, -1, 0.25],
            "scale": [0.5, 0.5, 0.5]
        },
        "firstperson_lefthand": {
            "rotation": [0, 90, 20],
            "translation": [0.5, -1, 0.25],
            "scale": [0.5, 0.5, 0.5]
        },
        "ground": {
            "translation": [0, 2, 0],
            "scale": [0.55, 0.55, 0.55]
        },
        "gui": {
            "rotation": [0, -180, 45],
            "translation": [-3, -3.5, -0.5],
            "scale": [0.6, 0.6, 0.6]
        },
        "fixed": {
            "rotation": [0, 0, 45],
            "translation": [2, -2, -0.5],
            "scale": [0.5, 0.5, 0.5]
        }
    },
    "texture_size": [64, 64],
    "textures": {
        "0": "item/pickaxes/doom_pickaxe",
        "particle": "item/pickaxes/doom_pickaxe"
    },
    "elements": [{
        "from": [7.025, 0, 7.025],
        "to": [9.025, 3.7, 9.025],
        "faces": {
            "north": {
                "uv": [0, 9, 1.25, 11.25],
                "texture": "#0"
            },
            "east": {
                "uv": [0, 9, 1.25, 11.25],
                "texture": "#0"
            },
            "south": {
                "uv": [0, 9, 1.25, 11.25],
                "texture": "#0"
            },
            "west": {
                "uv": [0, 9, 1.25, 11.25],
                "texture": "#0"
            },
            "up": {
                "uv": [1.25, 0, 2.5, 1.25],
                "texture": "#0"
            },
            "down": {
                "uv": [1.25, 1.25, 2.5, 2.5],
                "texture": "#0"
            }
        }
    }, {
        "from": [7.025, 15.3, 7.025],
        "to": [9.025, 18.2, 9.025],
        "faces": {
            "north": {
                "uv": [0, 0, 1.25, 1.75],
                "texture": "#0"
            },
            "east": {
                "uv": [0, 0, 1.25, 1.75],
                "texture": "#0"
            },
            "south": {
                "uv": [0, 0, 1.25, 1.75],
                "texture": "#0"
            },
            "west": {
                "uv": [0, 0, 1.25, 1.75],
                "texture": "#0"
            },
            "up": {
                "uv": [1.25, 0, 2.5, 1.25],
                "texture": "#0"
            },
            "down": {
                "uv": [1.25, 1.25, 2.5, 2.5],
                "texture": "#0"
            }
        }
    }, {
        "from": [9.325, 15.3, 8.025],
        "to": [21.325, 25.2, 8.025],
        "faces": {
            "north": {
                "uv": [8.75, 0, 2.5, 5],
                "texture": "#0"
            },
            "east": {
                "uv": [0, 0, 1.25, 1.75],
                "texture": "#0"
            },
            "south": {
                "uv": [2.5, 0, 8.75, 5],
                "texture": "#0"
            },
            "west": {
                "uv": [0, 0, 1.25, 1.75],
                "texture": "#0"
            },
            "up": {
                "uv": [1.25, 0, 2.5, 1.25],
                "texture": "#0"
            },
            "down": {
                "uv": [1.25, 1.25, 2.5, 2.5],
                "texture": "#0"
            }
        }
    }, {
        "from": [6.625, 22.3, 5.725],
        "to": [9.425, 25.3, 8.525],
        "rotation": {
            "angle": 0,
            "axis": "x",
            "origin": [8.025, 23.8, 8.025]
        },
        "faces": {
            "north": {
                "uv": [4.25, 7.5, 6, 9.25],
                "texture": "#0"
            },
            "east": {
                "uv": [6, 7.5, 7.75, 9.25],
                "texture": "#0"
            },
            "south": {
                "uv": [7.75, 7.5, 9.5, 9.25],
                "texture": "#0"
            },
            "west": {
                "uv": [6, 7.5, 7.75, 9.25],
                "texture": "#0"
            },
            "up": {
                "uv": [4.25, 10.25, 6, 12],
                "texture": "#0"
            },
            "down": {
                "uv": [2.5, 10.25, 4.25, 12],
                "texture": "#0"
            }
        }
    }, {
        "from": [7.425, 21.5, 5.725],
        "to": [8.625, 22.3, 6.525],
        "rotation": {
            "angle": 0,
            "axis": "x",
            "origin": [8.025, 23.8, 8.025]
        },
        "faces": {
            "north": {
                "uv": [4.75, 9.25, 5.5, 9.75],
                "texture": "#0"
            },
            "east": {
                "uv": [4.25, 9.75, 4.75, 10.25],
                "texture": "#0"
            },
            "south": {
                "uv": [5, 9.75, 5.75, 10.25],
                "texture": "#0"
            },
            "west": {
                "uv": [4.25, 9.75, 4.75, 10.25],
                "texture": "#0"
            },
            "up": {
                "uv": [4.25, 10.25, 6, 12],
                "texture": "#0"
            },
            "down": {
                "uv": [5, 9.75, 5.25, 10],
                "texture": "#0"
            }
        }
    }, {
        "from": [6.675, 18.05, 6.625],
        "to": [9.375, 22.15, 9.425],
        "faces": {
            "north": {
                "uv": [2.5, 7.5, 4.25, 10.25],
                "texture": "#0"
            },
            "east": {
                "uv": [2.5, 7.5, 4.25, 10.25],
                "texture": "#0"
            },
            "south": {
                "uv": [2.5, 7.5, 4.25, 10.25],
                "texture": "#0"
            },
            "west": {
                "uv": [2.5, 7.5, 4.25, 10.25],
                "texture": "#0"
            },
            "up": {
                "uv": [2.5, 7.5, 2.75, 7.75],
                "texture": "#0"
            },
            "down": {
                "uv": [2.5, 7.5, 2.75, 7.75],
                "texture": "#0"
            }
        }
    }, {
        "from": [6.375, 17.75, 6.325],
        "to": [9.675, 22.45, 9.725],
        "faces": {
            "north": {
                "uv": [7, 5, 9.25, 7.5],
                "texture": "#0"
            },
            "east": {
                "uv": [4.75, 5, 7, 7.5],
                "texture": "#0"
            },
            "south": {
                "uv": [2.5, 5, 4.75, 7.5],
                "texture": "#0"
            },
            "west": {
                "uv": [4.75, 5, 7, 7.5],
                "texture": "#0"
            },
            "up": {
                "uv": [2.75, 4, 3, 4.25],
                "texture": "#0"
            },
            "down": {
                "uv": [3.5, 3.5, 3.75, 3.75],
                "texture": "#0"
            }
        }
    }, {
        "from": [6.475, 22.45391, 9.04874],
        "to": [9.675, 24.55391, 9.04874],
        "rotation": {
            "angle": -45,
            "axis": "x",
            "origin": [8.075, 23.25391, 9.39874]
        },
        "faces": {
            "north": {
                "uv": [7, 5, 9.25, 7.5],
                "texture": "#0"
            },
            "east": {
                "uv": [4.75, 5, 7, 7.5],
                "texture": "#0"
            },
            "south": {
                "uv": [2.5, 6, 4.75, 7.5],
                "texture": "#0"
            },
            "west": {
                "uv": [4.75, 5, 7, 7.5],
                "texture": "#0"
            },
            "up": {
                "uv": [2.75, 4, 3, 4.25],
                "texture": "#0"
            },
            "down": {
                "uv": [3.5, 3.5, 3.75, 3.75],
                "texture": "#0"
            }
        }
    }, {
        "from": [7.025, 8.5, 7.025],
        "to": [9.025, 11.4, 9.025],
        "faces": {
            "north": {
                "uv": [0, 4.25, 1.25, 6],
                "texture": "#0"
            },
            "east": {
                "uv": [0, 4.25, 1.25, 6],
                "texture": "#0"
            },
            "south": {
                "uv": [0, 4.25, 1.25, 6],
                "texture": "#0"
            },
            "west": {
                "uv": [0, 4.25, 1.25, 6],
                "texture": "#0"
            },
            "up": {
                "uv": [1.25, 0, 2.5, 1.25],
                "texture": "#0"
            },
            "down": {
                "uv": [1.25, 1.25, 2.5, 2.5],
                "texture": "#0"
            }
        }
    }, {
        "from": [7.425, 3.7, 7.425],
        "to": [8.625, 8.5, 8.625],
        "faces": {
            "north": {
                "uv": [0.25, 6, 1, 9],
                "texture": "#0"
            },
            "east": {
                "uv": [0.25, 6, 1, 9],
                "texture": "#0"
            },
            "south": {
                "uv": [0.25, 6, 1, 9],
                "texture": "#0"
            },
            "west": {
                "uv": [0.25, 6, 1, 9],
                "texture": "#0"
            },
            "up": {
                "uv": [1.25, 0, 2.5, 1.25],
                "texture": "#0"
            },
            "down": {
                "uv": [1.25, 1.25, 2.5, 2.5],
                "texture": "#0"
            }
        }
    }, {
        "from": [7.425, 11.4, 7.425],
        "to": [8.625, 15.3, 8.625],
        "faces": {
            "north": {
                "uv": [0.25, 1.75, 1, 4.25],
                "texture": "#0"
            },
            "east": {
                "uv": [0.25, 1.75, 1, 4.25],
                "texture": "#0"
            },
            "south": {
                "uv": [0.25, 1.75, 1, 4.25],
                "texture": "#0"
            },
            "west": {
                "uv": [0.25, 1.75, 1, 4.25],
                "texture": "#0"
            },
            "up": {
                "uv": [1.25, 0, 2.5, 1.25],
                "texture": "#0"
            },
            "down": {
                "uv": [1.25, 1.25, 2.5, 2.5],
                "texture": "#0"
            }
        }
    }, {
        "from": [9.925, 22.9, 7.575],
        "to": [14.225, 23.8, 8.475],
        "rotation": {
            "angle": 45,
            "axis": "z",
            "origin": [11.875, 21.35, 8.025]
        },
        "faces": {
            "north": {
                "uv": [1.75, 2.5, 1.25, 5],
                "rotation": 90,
                "texture": "#0"
            },
            "east": {
                "uv": [1.25, 2.5, 1.75, 3],
                "rotation": 180,
                "texture": "#0"
            },
            "south": {
                "uv": [1.25, 2.5, 1.75, 5],
                "rotation": 270,
                "texture": "#0"
            },
            "west": {
                "uv": [1.25, 2.5, 1.75, 3],
                "texture": "#0"
            },
            "up": {
                "uv": [2, 2.5, 2.5, 5],
                "rotation": 270,
                "texture": "#0"
            },
            "down": {
                "uv": [1.25, 4.75, 1.5, 5],
                "rotation": 270,
                "texture": "#0"
            }
        }
    }, {
        "from": [11.225, 21.9, 7.575],
        "to": [17.125, 22.8, 8.475],
        "rotation": {
            "angle": -22.5,
            "axis": "z",
            "origin": [17.075, 21.35, 8.025]
        },
        "faces": {
            "north": {
                "uv": [2, 5.5, 2.5, 9],
                "rotation": 90,
                "texture": "#0"
            },
            "east": {
                "uv": [1.25, 2.5, 1.75, 3],
                "rotation": 180,
                "texture": "#0"
            },
            "south": {
                "uv": [2.5, 5.5, 2, 9],
                "rotation": 270,
                "texture": "#0"
            },
            "west": {
                "uv": [1.25, 2.5, 1.75, 3],
                "texture": "#0"
            },
            "up": {
                "uv": [1.25, 5.5, 1.75, 9],
                "rotation": 270,
                "texture": "#0"
            },
            "down": {
                "uv": [1.25, 4.75, 1.5, 5],
                "rotation": 270,
                "texture": "#0"
            }
        }
    }, {
        "from": [17.475, 20.35, 7.825],
        "to": [17.875, 22.95, 8.225],
        "rotation": {
            "angle": 22.5,
            "axis": "z",
            "origin": [18.825, 22.25, 8.025]
        },
        "faces": {
            "north": {
                "uv": [2, 9.5, 2.5, 11],
                "texture": "#0"
            },
            "east": {
                "uv": [1.25, 9.5, 1.75, 11],
                "texture": "#0"
            },
            "south": {
                "uv": [2.5, 9.5, 2, 11],
                "texture": "#0"
            },
            "west": {
                "uv": [1.25, 4.75, 1.5, 5],
                "texture": "#0"
            },
            "up": {
                "uv": [1.25, 2.5, 1.75, 3],
                "rotation": 90,
                "texture": "#0"
            },
            "down": {
                "uv": [1.25, 2.5, 1.75, 3],
                "rotation": 270,
                "texture": "#0"
            }
        }
    }, {
        "from": [-5.325, 15.3, 8.025],
        "to": [6.675, 25.2, 8.025],
        "rotation": {
            "angle": 0,
            "axis": "y",
            "origin": [16, 0, 0]
        },
        "faces": {
            "north": {
                "uv": [2.5, 0, 8.75, 5],
                "texture": "#0"
            },
            "east": {
                "uv": [1.25, 0, 0, 1.75],
                "texture": "#0"
            },
            "south": {
                "uv": [8.75, 0, 2.5, 5],
                "texture": "#0"
            },
            "west": {
                "uv": [1.25, 0, 0, 1.75],
                "texture": "#0"
            },
            "up": {
                "uv": [2.5, 0, 1.25, 1.25],
                "texture": "#0"
            },
            "down": {
                "uv": [2.5, 1.25, 1.25, 2.5],
                "texture": "#0"
            }
        }
    }, {
        "from": [-1.875, 20.35, 7.825],
        "to": [-1.475, 22.95, 8.225],
        "rotation": {
            "angle": -22.5,
            "axis": "z",
            "origin": [-2.825, 22.25, 8.025]
        },
        "faces": {
            "north": {
                "uv": [2.5, 9.5, 2, 11],
                "texture": "#0"
            },
            "east": {
                "uv": [1.5, 4.75, 1.25, 5],
                "texture": "#0"
            },
            "south": {
                "uv": [2, 9.5, 2.5, 11],
                "texture": "#0"
            },
            "west": {
                "uv": [1.75, 9.5, 1.25, 11],
                "texture": "#0"
            },
            "up": {
                "uv": [1.25, 3, 1.75, 2.5],
                "rotation": 90,
                "texture": "#0"
            },
            "down": {
                "uv": [1.25, 3, 1.75, 2.5],
                "rotation": 270,
                "texture": "#0"
            }
        }
    }, {
        "from": [-1.125, 21.9, 7.575],
        "to": [4.775, 22.8, 8.475],
        "rotation": {
            "angle": 22.5,
            "axis": "z",
            "origin": [-1.075, 21.35, 8.025]
        },
        "faces": {
            "north": {
                "uv": [2, 9, 2.5, 5.5],
                "rotation": 90,
                "texture": "#0"
            },
            "east": {
                "uv": [1.75, 2.5, 1.25, 3],
                "texture": "#0"
            },
            "south": {
                "uv": [2.5, 9, 2, 5.5],
                "rotation": 270,
                "texture": "#0"
            },
            "west": {
                "uv": [1.75, 2.5, 1.25, 3],
                "rotation": 180,
                "texture": "#0"
            },
            "up": {
                "uv": [1.25, 9, 1.75, 5.5],
                "rotation": 270,
                "texture": "#0"
            },
            "down": {
                "uv": [1.25, 5, 1.5, 4.75],
                "rotation": 270,
                "texture": "#0"
            }
        }
    }, {
        "from": [1.775, 22.9, 7.575],
        "to": [6.075, 23.8, 8.475],
        "rotation": {
            "angle": -45,
            "axis": "z",
            "origin": [4.125, 21.35, 8.025]
        },
        "faces": {
            "north": {
                "uv": [1.75, 5, 1.25, 2.5],
                "rotation": 90,
                "texture": "#0"
            },
            "east": {
                "uv": [1.75, 2.5, 1.25, 3],
                "texture": "#0"
            },
            "south": {
                "uv": [1.25, 5, 1.75, 2.5],
                "rotation": 270,
                "texture": "#0"
            },
            "west": {
                "uv": [1.75, 2.5, 1.25, 3],
                "rotation": 180,
                "texture": "#0"
            },
            "up": {
                "uv": [2, 5, 2.5, 2.5],
                "rotation": 270,
                "texture": "#0"
            },
            "down": {
                "uv": [1.25, 5, 1.5, 4.75],
                "rotation": 270,
                "texture": "#0"
            }
        }
    }]
}