{
	"credit": "Made with Blockbench",
	"texture_size": [64, 64],
	"textures": {
		"1": "item/pickaxes/dragon_claw_pickaxe/dragon_animation",
		"5": "item/pickaxes/dragon_claw_pickaxe/dragon_claw",
		"particle": "item/pickaxes/dragon_claw_pickaxe/dragon_animation"
	},
	"elements": [
		{
			"from": [7, -3, 7],
			"to": [9, 9, 9],
			"rotation": {"angle": 0, "axis": "y", "origin": [0, 18, 16]},
			"faces": {
				"north": {"uv": [1.5, 4.25, 2, 7.25], "texture": "#5"},
				"east": {"uv": [2, 4.25, 2.5, 7.25], "texture": "#5"},
				"south": {"uv": [2.5, 4.25, 3, 7.25], "texture": "#5"},
				"west": {"uv": [4.75, 3.5, 5.25, 6.5], "texture": "#5"},
				"up": {"uv": [7.25, 8, 6.75, 7.5], "texture": "#5"},
				"down": {"uv": [7.75, 7.5, 7.25, 8], "texture": "#5"}
			}
		},
		{
			"from": [6.5, 8, 6.5],
			"to": [9.5, 17, 9.5],
			"rotation": {"angle": 0, "axis": "y", "origin": [0, 18, 16]},
			"faces": {
				"north": {"uv": [1.75, 2, 2.5, 4.25], "texture": "#5"},
				"east": {"uv": [2.5, 2, 3.25, 4.25], "texture": "#5"},
				"south": {"uv": [0, 3, 0.75, 5.25], "texture": "#5"},
				"west": {"uv": [0.75, 3, 1.5, 5.25], "texture": "#5"},
				"up": {"uv": [3.75, 6.5, 3, 5.75], "texture": "#5"},
				"down": {"uv": [4.5, 5.75, 3.75, 6.5], "texture": "#5"}
			}
		},
		{
			"from": [6.25, 14, 6.25],
			"to": [9.75, 21, 9.75],
			"rotation": {"angle": 22.5, "axis": "x", "origin": [8, 14, 9.5]},
			"faces": {
				"north": {"uv": [1.75, 2, 2.5, 3.75], "texture": "#5"},
				"east": {"uv": [2.5, 2, 3.25, 3.75], "texture": "#5"},
				"south": {"uv": [0, 3, 0.75, 4.75], "texture": "#5"},
				"west": {"uv": [0.75, 3, 1.5, 4.75], "texture": "#5"},
				"up": {"uv": [3.75, 6.5, 3, 5.75], "texture": "#5"},
				"down": {"uv": [4.5, 5.75, 3.75, 6.5], "texture": "#5"}
			}
		},
		{
			"from": [6.5, -5, 6.5],
			"to": [9.5, -3, 9.5],
			"rotation": {"angle": 0, "axis": "y", "origin": [0, 9, 16]},
			"faces": {
				"north": {"uv": [7, 1.5, 7.75, 2], "texture": "#5"},
				"east": {"uv": [7, 2, 7.75, 2.5], "texture": "#5"},
				"south": {"uv": [7, 2.5, 7.75, 3], "texture": "#5"},
				"west": {"uv": [7, 6.5, 7.75, 7], "texture": "#5"},
				"up": {"uv": [1.5, 6.75, 0.75, 6], "texture": "#5"},
				"down": {"uv": [6.75, 5.75, 6, 6.5], "texture": "#5"}
			}
		},
		{
			"from": [7, -9, 6.75],
			"to": [9, -5, 8.75],
			"rotation": {"angle": -22.5, "axis": "z", "origin": [9, -5, 7.75]},
			"faces": {
				"north": {"uv": [6, 6.5, 6.5, 7.5], "texture": "#5"},
				"east": {"uv": [6.5, 6.5, 7, 7.5], "texture": "#5"},
				"south": {"uv": [0, 6.75, 0.5, 7.75], "texture": "#5"},
				"west": {"uv": [0.5, 6.75, 1, 7.75], "texture": "#5"},
				"up": {"uv": [5.5, 2, 5, 1.5], "texture": "#5"},
				"down": {"uv": [8, 3, 7.5, 3.5], "texture": "#5"}
			}
		},
		{
			"from": [8.63073, -11.69552, 6.85],
			"to": [10.43073, -8.69552, 8.65],
			"rotation": {"angle": -45, "axis": "z", "origin": [9, -5, 7.75]},
			"faces": {
				"north": {"uv": [5.25, 7.25, 5.75, 8], "texture": "#5"},
				"east": {"uv": [7.5, 0.5, 8, 1.25], "texture": "#5"},
				"south": {"uv": [5.75, 7.5, 6.25, 8.25], "texture": "#5"},
				"west": {"uv": [6.25, 7.5, 6.75, 8.25], "texture": "#5"},
				"up": {"uv": [8.25, 5.5, 7.75, 5], "texture": "#5"},
				"down": {"uv": [8.25, 5.5, 7.75, 6], "texture": "#5"}
			}
		},
		{
			"from": [7.5, -8, 8.25],
			"to": [8.5, -5, 9.25],
			"rotation": {"angle": 22.5, "axis": "z", "origin": [7.5, -5, 8.75]},
			"faces": {
				"north": {"uv": [1.5, 3, 1.75, 3.75], "texture": "#5"},
				"east": {"uv": [3, 4.25, 3.25, 5], "texture": "#5"},
				"south": {"uv": [3, 5, 3.25, 5.75], "texture": "#5"},
				"west": {"uv": [4.5, 5.75, 4.75, 6.5], "texture": "#5"},
				"up": {"uv": [6, 7.5, 5.75, 7.25], "texture": "#5"},
				"down": {"uv": [7.75, 1.25, 7.5, 1.5], "texture": "#5"}
			}
		},
		{
			"from": [6.35195, -9.77164, 8.25],
			"to": [7.35195, -7.77164, 9.25],
			"rotation": {"angle": 45, "axis": "z", "origin": [7.5, -5, 8.75]},
			"faces": {
				"north": {"uv": [7.75, 6.25, 8, 6.75], "texture": "#5"},
				"east": {"uv": [7.75, 6.75, 8, 7.25], "texture": "#5"},
				"south": {"uv": [7.75, 7.25, 8, 7.75], "texture": "#5"},
				"west": {"uv": [7.75, 7.75, 8, 8.25], "texture": "#5"},
				"up": {"uv": [8.25, 0.25, 8, 0], "texture": "#5"},
				"down": {"uv": [8.25, 0.25, 8, 0.5], "texture": "#5"}
			}
		},
		{
			"from": [4.5, 17, 3.5],
			"to": [6.5, 20, 5.5],
			"rotation": {"angle": 45, "axis": "y", "origin": [6.5, 18.5, 3.5]},
			"faces": {
				"north": {"uv": [2.25, 7.25, 2.75, 8], "texture": "#5"},
				"east": {"uv": [2.75, 7.25, 3.25, 8], "texture": "#5"},
				"south": {"uv": [3.25, 7.25, 3.75, 8], "texture": "#5"},
				"west": {"uv": [7.25, 3.5, 7.75, 4.25], "texture": "#5"},
				"up": {"uv": [1.5, 8.25, 1, 7.75], "texture": "#5"},
				"down": {"uv": [8.25, 1.25, 7.75, 1.75], "texture": "#5"}
			}
		},
		{
			"from": [9.5, 17, 3.5],
			"to": [11.5, 20, 5.5],
			"rotation": {"angle": -45, "axis": "y", "origin": [9.5, 18.5, 3.5]},
			"faces": {
				"north": {"uv": [2.75, 7.25, 2.25, 8], "texture": "#5"},
				"east": {"uv": [7.75, 3.5, 7.25, 4.25], "texture": "#5"},
				"south": {"uv": [3.75, 7.25, 3.25, 8], "texture": "#5"},
				"west": {"uv": [3.25, 7.25, 2.75, 8], "texture": "#5"},
				"up": {"uv": [1, 8.25, 1.5, 7.75], "texture": "#5"},
				"down": {"uv": [7.75, 1.25, 8.25, 1.75], "texture": "#5"}
			}
		},
		{
			"from": [6.5, 17, 3.5],
			"to": [9.5, 20, 12.5],
			"rotation": {"angle": -22.5, "axis": "x", "origin": [8, 17, 3.5]},
			"faces": {
				"north": {"uv": [5.25, 5.75, 6, 6.5], "texture": "#5"},
				"east": {"uv": [3.25, 2, 5.5, 2.75], "texture": "#5"},
				"south": {"uv": [0, 6, 0.75, 6.75], "texture": "#5"},
				"west": {"uv": [3.25, 2.75, 5.5, 3.5], "texture": "#5"},
				"up": {"uv": [4, 5.75, 3.25, 3.5], "texture": "#5"},
				"down": {"uv": [4.75, 3.5, 4, 5.75], "texture": "#5"}
			}
		},
		{
			"from": [4.5, 20, 6.5],
			"to": [11.5, 24, 12.5],
			"rotation": {"angle": 0, "axis": "y", "origin": [8, 21, 5.5]},
			"faces": {
				"north": {"uv": [1.75, 0, 3.5, 1], "texture": "#5"},
				"east": {"uv": [3.5, 0, 5, 1], "texture": "#5"},
				"south": {"uv": [1.75, 1, 3.5, 2], "texture": "#5"},
				"west": {"uv": [3.5, 1, 5, 2], "texture": "#5"},
				"up": {"uv": [1.75, 1.5, 0, 0], "texture": "#5"},
				"down": {"uv": [1.75, 1.5, 0, 3], "texture": "#5"}
			}
		},
		{
			"from": [2.5, 23, 5.5],
			"to": [6.5, 25, 7.5],
			"rotation": {"angle": 22.5, "axis": "y", "origin": [6.5, 24, 5.5]},
			"faces": {
				"north": {"uv": [5.5, 3, 6.5, 3.5], "texture": "#5"},
				"east": {"uv": [7.75, 2.25, 8.25, 2.75], "texture": "#5"},
				"south": {"uv": [6.5, 3, 7.5, 3.5], "texture": "#5"},
				"west": {"uv": [7.75, 3.5, 8.25, 4], "texture": "#5"},
				"up": {"uv": [7.75, 5.5, 6.75, 5], "texture": "#5"},
				"down": {"uv": [7.75, 5.5, 6.75, 6], "texture": "#5"}
			}
		},
		{
			"from": [3.5, 22, 10.5],
			"to": [5.5, 24, 14.5],
			"rotation": {"angle": -45, "axis": "x", "origin": [5.5, 24, 10.5]},
			"faces": {
				"north": {"uv": [7.75, 4, 8.25, 4.5], "texture": "#5"},
				"east": {"uv": [6.75, 6, 7.75, 6.5], "texture": "#5"},
				"south": {"uv": [7.75, 4.5, 8.25, 5], "texture": "#5"},
				"west": {"uv": [7, 0, 8, 0.5], "texture": "#5"},
				"up": {"uv": [1.5, 7.75, 1, 6.75], "texture": "#5"},
				"down": {"uv": [7.5, 0.5, 7, 1.5], "texture": "#5"}
			}
		},
		{
			"from": [9.5, 23, 5.5],
			"to": [13.5, 25, 7.5],
			"rotation": {"angle": -22.5, "axis": "y", "origin": [9.5, 24, 5.5]},
			"faces": {
				"north": {"uv": [6.5, 3, 5.5, 3.5], "texture": "#5"},
				"east": {"uv": [8.25, 3.5, 7.75, 4], "texture": "#5"},
				"south": {"uv": [7.5, 3, 6.5, 3.5], "texture": "#5"},
				"west": {"uv": [8.25, 2.25, 7.75, 2.75], "texture": "#5"},
				"up": {"uv": [6.75, 5.5, 7.75, 5], "texture": "#5"},
				"down": {"uv": [6.75, 5.5, 7.75, 6], "texture": "#5"}
			}
		},
		{
			"from": [10.5, 22, 10.5],
			"to": [12.5, 24, 14.5],
			"rotation": {"angle": -45, "axis": "x", "origin": [10.5, 24, 10.5]},
			"faces": {
				"north": {"uv": [8.25, 4, 7.75, 4.5], "texture": "#5"},
				"east": {"uv": [8, 0, 7, 0.5], "texture": "#5"},
				"south": {"uv": [8.25, 4.5, 7.75, 5], "texture": "#5"},
				"west": {"uv": [7.75, 6, 6.75, 6.5], "texture": "#5"},
				"up": {"uv": [1, 7.75, 1.5, 6.75], "texture": "#5"},
				"down": {"uv": [7, 0.5, 7.5, 1.5], "texture": "#5"}
			}
		},
		{
			"from": [0, 17, 6.5],
			"to": [8, 20, 9.5],
			"rotation": {"angle": 22.5, "axis": "z", "origin": [8, 17, 8]},
			"faces": {
				"north": {"uv": [5, 0, 7, 0.75], "texture": "#5"},
				"east": {"uv": [3, 6.5, 3.75, 7.25], "texture": "#5"},
				"south": {"uv": [5, 0.75, 7, 1.5], "texture": "#5"},
				"west": {"uv": [3.75, 6.5, 4.5, 7.25], "texture": "#5"},
				"up": {"uv": [7.25, 4.25, 5.25, 3.5], "texture": "#5"},
				"down": {"uv": [7.25, 4.25, 5.25, 5], "texture": "#5"}
			}
		},
		{
			"from": [-7.24299, 20.83311, 7.5],
			"to": [-4.24299, 22.83311, 8.5],
			"rotation": {"angle": 45, "axis": "z", "origin": [8, 17, 8]},
			"faces": {
				"north": {"uv": [7, 7, 7.75, 7.5], "texture": "#5"},
				"east": {"uv": [1.5, 3.75, 1.75, 4.25], "texture": "#5"},
				"south": {"uv": [1.5, 7.25, 2.25, 7.75], "texture": "#5"},
				"west": {"uv": [2, 7.75, 2.25, 8.25], "texture": "#5"},
				"up": {"uv": [8.5, 3, 7.75, 2.75], "texture": "#5"},
				"down": {"uv": [8.5, 6, 7.75, 6.25], "texture": "#5"}
			}
		},
		{
			"from": [-3.22233, 3.14955, 8],
			"to": [-1.22233, 5.14955, 8],
			"rotation": {"angle": -22.5, "axis": "z", "origin": [8, 17, 8]},
			"faces": {
				"north": {"uv": [0, 7.75, 0.5, 8.25], "rotation": 90, "texture": "#5"},
				"east": {"uv": [0.5, 0, 0, 0], "rotation": 270, "texture": "#5"},
				"south": {"uv": [0.5, 7.75, 0, 8.25], "rotation": 270, "texture": "#5"},
				"west": {"uv": [0.5, 0, 0, 0], "rotation": 270, "texture": "#5"},
				"up": {"uv": [0, 0, 0, 0.5], "rotation": 270, "texture": "#5"},
				"down": {"uv": [0, 0, 0, 0.5], "rotation": 270, "texture": "#5"}
			}
		},
		{
			"from": [-1.1504, 4.53851, 6.25],
			"to": [0.8496, 7.53851, 7.25],
			"rotation": {"angle": -22.5, "axis": "z", "origin": [8, 17, 8]},
			"faces": {
				"north": {"uv": [7, 7, 7.75, 7.5], "rotation": 90, "texture": "#5"},
				"east": {"uv": [8.5, 6, 7.75, 6.25], "rotation": 270, "texture": "#5"},
				"south": {"uv": [1.5, 7.25, 2.25, 7.75], "rotation": 270, "texture": "#5"},
				"west": {"uv": [8.5, 3, 7.75, 2.75], "rotation": 270, "texture": "#5"},
				"up": {"uv": [1.5, 3.75, 1.75, 4.25], "rotation": 270, "texture": "#5"},
				"down": {"uv": [2, 7.75, 2.25, 8.25], "rotation": 270, "texture": "#5"}
			}
		},
		{
			"from": [-5.22267, 6.98879, 6.75],
			"to": [-3.22267, 8.98879, 6.75],
			"rotation": {"angle": 0, "axis": "y", "origin": [8, 17, 8]},
			"faces": {
				"north": {"uv": [0, 7.75, 0.5, 8.25], "rotation": 90, "texture": "#5"},
				"east": {"uv": [0.5, 0, 0, 0], "rotation": 270, "texture": "#5"},
				"south": {"uv": [0.5, 7.75, 0, 8.25], "rotation": 270, "texture": "#5"},
				"west": {"uv": [0.5, 0, 0, 0], "rotation": 270, "texture": "#5"},
				"up": {"uv": [0, 0, 0, 0.5], "rotation": 270, "texture": "#5"},
				"down": {"uv": [0, 0, 0, 0.5], "rotation": 270, "texture": "#5"}
			}
		},
		{
			"from": [-4.07462, 8.76042, 8.75],
			"to": [-2.07462, 11.76042, 9.75],
			"rotation": {"angle": 0, "axis": "y", "origin": [8, 17, 8]},
			"faces": {
				"north": {"uv": [7, 7, 7.75, 7.5], "rotation": 90, "texture": "#5"},
				"east": {"uv": [8.5, 6, 7.75, 6.25], "rotation": 270, "texture": "#5"},
				"south": {"uv": [1.5, 7.25, 2.25, 7.75], "rotation": 270, "texture": "#5"},
				"west": {"uv": [8.5, 3, 7.75, 2.75], "rotation": 270, "texture": "#5"},
				"up": {"uv": [1.5, 3.75, 1.75, 4.25], "rotation": 270, "texture": "#5"},
				"down": {"uv": [2, 7.75, 2.25, 8.25], "rotation": 270, "texture": "#5"}
			}
		},
		{
			"from": [-6.30864, 12.00838, 9.25],
			"to": [-4.30864, 14.00838, 9.25],
			"rotation": {"angle": 22.5, "axis": "z", "origin": [8, 17, 8]},
			"faces": {
				"north": {"uv": [0, 7.75, 0.5, 8.25], "rotation": 90, "texture": "#5"},
				"east": {"uv": [0.5, 0, 0, 0], "rotation": 270, "texture": "#5"},
				"south": {"uv": [0.5, 7.75, 0, 8.25], "rotation": 270, "texture": "#5"},
				"west": {"uv": [0.5, 0, 0, 0], "rotation": 270, "texture": "#5"},
				"up": {"uv": [0, 0, 0, 0.5], "rotation": 270, "texture": "#5"},
				"down": {"uv": [0, 0, 0, 0.5], "rotation": 270, "texture": "#5"}
			}
		},
		{
			"from": [8, 17, 6.5],
			"to": [16, 20, 9.5],
			"rotation": {"angle": -22.5, "axis": "z", "origin": [8, 17, 8]},
			"faces": {
				"north": {"uv": [7, 0, 5, 0.75], "texture": "#5"},
				"east": {"uv": [4.5, 6.5, 3.75, 7.25], "texture": "#5"},
				"south": {"uv": [7, 0.75, 5, 1.5], "texture": "#5"},
				"west": {"uv": [3.75, 6.5, 3, 7.25], "texture": "#5"},
				"up": {"uv": [5.25, 4.25, 7.25, 3.5], "texture": "#5"},
				"down": {"uv": [5.25, 4.25, 7.25, 5], "texture": "#5"}
			}
		},
		{
			"from": [14.24299, 20.08311, 6.85],
			"to": [16.24299, 22.58311, 9.15],
			"rotation": {"angle": -45, "axis": "z", "origin": [8, 17, 8]},
			"faces": {
				"north": {"uv": [0.5, 5.25, 0, 5.875], "texture": "#5"},
				"east": {"uv": [5.825, 6.5, 5.25, 7.125], "texture": "#5"},
				"south": {"uv": [5.75, 5, 5.25, 5.625], "texture": "#5"},
				"west": {"uv": [5.075, 6.5, 4.5, 7.125], "texture": "#5"},
				"up": {"uv": [5.5, 2.075, 6, 1.5], "texture": "#5"},
				"down": {"uv": [5.5, 2.25, 6, 2.825], "texture": "#5"}
			}
		},
		{
			"from": [18.74299, 19.83311, 6.6],
			"to": [20.24299, 22.83311, 9.4],
			"rotation": {"angle": -45, "axis": "z", "origin": [8, 17, 8]},
			"faces": {
				"north": {"uv": [0.375, 5.25, 0, 6], "texture": "#5"},
				"east": {"uv": [5.95, 6.5, 5.25, 7.25], "texture": "#5"},
				"south": {"uv": [5.625, 5, 5.25, 5.75], "texture": "#5"},
				"west": {"uv": [5.2, 6.5, 4.5, 7.25], "texture": "#5"},
				"up": {"uv": [5.5, 2.2, 5.875, 1.5], "texture": "#5"},
				"down": {"uv": [5.5, 2.25, 5.875, 2.95], "texture": "#5"}
			}
		},
		{
			"from": [16.24299, 20.33311, 7.1],
			"to": [18.74299, 22.33311, 8.9],
			"rotation": {"angle": -45, "axis": "z", "origin": [8, 17, 8]},
			"faces": {
				"north": {"uv": [0.625, 5.25, 0, 5.75], "texture": "#5"},
				"east": {"uv": [5.7, 6.5, 5.25, 7], "texture": "#5"},
				"south": {"uv": [5.875, 5, 5.25, 5.5], "texture": "#5"},
				"west": {"uv": [4.95, 6.5, 4.5, 7], "texture": "#5"},
				"up": {"uv": [5.5, 1.95, 6.125, 1.5], "texture": "#5"},
				"down": {"uv": [5.5, 2.25, 6.125, 2.7], "texture": "#5"}
			}
		},
		{
			"from": [-0.24299, 20.08311, 6.85],
			"to": [1.75701, 22.58311, 9.15],
			"rotation": {"angle": 45, "axis": "z", "origin": [8, 17, 8]},
			"faces": {
				"north": {"uv": [0, 5.25, 0.5, 5.875], "texture": "#5"},
				"east": {"uv": [4.5, 6.5, 5.075, 7.125], "texture": "#5"},
				"south": {"uv": [5.25, 5, 5.75, 5.625], "texture": "#5"},
				"west": {"uv": [5.25, 6.5, 5.825, 7.125], "texture": "#5"},
				"up": {"uv": [6, 2.075, 5.5, 1.5], "texture": "#5"},
				"down": {"uv": [6, 2.25, 5.5, 2.825], "texture": "#5"}
			}
		},
		{
			"from": [-2.74299, 20.33311, 7.1],
			"to": [-0.24299, 22.33311, 8.9],
			"rotation": {"angle": 45, "axis": "z", "origin": [8, 17, 8]},
			"faces": {
				"north": {"uv": [0, 5.25, 0.625, 5.75], "texture": "#5"},
				"east": {"uv": [4.5, 6.5, 4.95, 7], "texture": "#5"},
				"south": {"uv": [5.25, 5, 5.875, 5.5], "texture": "#5"},
				"west": {"uv": [5.25, 6.5, 5.7, 7], "texture": "#5"},
				"up": {"uv": [6.125, 1.95, 5.5, 1.5], "texture": "#5"},
				"down": {"uv": [6.125, 2.25, 5.5, 2.7], "texture": "#5"}
			}
		},
		{
			"from": [-4.24299, 19.83311, 6.6],
			"to": [-2.74299, 22.83311, 9.4],
			"rotation": {"angle": 45, "axis": "z", "origin": [8, 17, 8]},
			"faces": {
				"north": {"uv": [0, 5.25, 0.375, 6], "texture": "#5"},
				"east": {"uv": [4.5, 6.5, 5.2, 7.25], "texture": "#5"},
				"south": {"uv": [5.25, 5, 5.625, 5.75], "texture": "#5"},
				"west": {"uv": [5.25, 6.5, 5.95, 7.25], "texture": "#5"},
				"up": {"uv": [5.875, 2.2, 5.5, 1.5], "texture": "#5"},
				"down": {"uv": [5.875, 2.25, 5.5, 2.95], "texture": "#5"}
			}
		},
		{
			"from": [20.24299, 20.83311, 7.5],
			"to": [23.24299, 22.83311, 8.5],
			"rotation": {"angle": -45, "axis": "z", "origin": [8, 17, 8]},
			"faces": {
				"north": {"uv": [7.75, 7, 7, 7.5], "texture": "#5"},
				"east": {"uv": [2.25, 7.75, 2, 8.25], "texture": "#5"},
				"south": {"uv": [2.25, 7.25, 1.5, 7.75], "texture": "#5"},
				"west": {"uv": [1.75, 3.75, 1.5, 4.25], "texture": "#5"},
				"up": {"uv": [7.75, 3, 8.5, 2.75], "texture": "#5"},
				"down": {"uv": [7.75, 6, 8.5, 6.25], "texture": "#5"}
			}
		},
		{
			"from": [17.22233, 3.14955, 8],
			"to": [19.22233, 5.14955, 8],
			"rotation": {"angle": 22.5, "axis": "z", "origin": [8, 17, 8]},
			"faces": {
				"north": {"uv": [0, 8.25, 0.5, 7.75], "rotation": 90, "texture": "#5"},
				"east": {"uv": [0.5, 0, 0, 0], "rotation": 270, "texture": "#5"},
				"south": {"uv": [0.5, 8.25, 0, 7.75], "rotation": 270, "texture": "#5"},
				"west": {"uv": [0.5, 0, 0, 0], "rotation": 270, "texture": "#5"},
				"up": {"uv": [0, 0.5, 0, 0], "rotation": 270, "texture": "#5"},
				"down": {"uv": [0, 0.5, 0, 0], "rotation": 270, "texture": "#5"}
			}
		},
		{
			"from": [15.1504, 4.53851, 6.25],
			"to": [17.1504, 7.53851, 7.25],
			"rotation": {"angle": 22.5, "axis": "z", "origin": [8, 17, 8]},
			"faces": {
				"north": {"uv": [7, 7.5, 7.75, 7], "rotation": 90, "texture": "#5"},
				"east": {"uv": [8.5, 2.75, 7.75, 3], "rotation": 270, "texture": "#5"},
				"south": {"uv": [1.5, 7.75, 2.25, 7.25], "rotation": 270, "texture": "#5"},
				"west": {"uv": [8.5, 6.25, 7.75, 6], "rotation": 270, "texture": "#5"},
				"up": {"uv": [1.5, 4.25, 1.75, 3.75], "rotation": 270, "texture": "#5"},
				"down": {"uv": [2, 8.25, 2.25, 7.75], "rotation": 270, "texture": "#5"}
			}
		},
		{
			"from": [19.22267, 6.98879, 6.75],
			"to": [21.22267, 8.98879, 6.75],
			"rotation": {"angle": 0, "axis": "y", "origin": [8, 17, 8]},
			"faces": {
				"north": {"uv": [0, 8.25, 0.5, 7.75], "rotation": 90, "texture": "#5"},
				"east": {"uv": [0.5, 0, 0, 0], "rotation": 270, "texture": "#5"},
				"south": {"uv": [0.5, 8.25, 0, 7.75], "rotation": 270, "texture": "#5"},
				"west": {"uv": [0.5, 0, 0, 0], "rotation": 270, "texture": "#5"},
				"up": {"uv": [0, 0.5, 0, 0], "rotation": 270, "texture": "#5"},
				"down": {"uv": [0, 0.5, 0, 0], "rotation": 270, "texture": "#5"}
			}
		},
		{
			"from": [18.07462, 8.76042, 8.75],
			"to": [20.07462, 11.76042, 9.75],
			"rotation": {"angle": 0, "axis": "y", "origin": [8, 17, 8]},
			"faces": {
				"north": {"uv": [7, 7.5, 7.75, 7], "rotation": 90, "texture": "#5"},
				"east": {"uv": [8.5, 2.75, 7.75, 3], "rotation": 270, "texture": "#5"},
				"south": {"uv": [1.5, 7.75, 2.25, 7.25], "rotation": 270, "texture": "#5"},
				"west": {"uv": [8.5, 6.25, 7.75, 6], "rotation": 270, "texture": "#5"},
				"up": {"uv": [1.5, 4.25, 1.75, 3.75], "rotation": 270, "texture": "#5"},
				"down": {"uv": [2, 8.25, 2.25, 7.75], "rotation": 270, "texture": "#5"}
			}
		},
		{
			"from": [20.30864, 12.00838, 9.25],
			"to": [22.30864, 14.00838, 9.25],
			"rotation": {"angle": -22.5, "axis": "z", "origin": [8, 17, 8]},
			"faces": {
				"north": {"uv": [0, 8.25, 0.5, 7.75], "rotation": 90, "texture": "#5"},
				"east": {"uv": [0.5, 0, 0, 0], "rotation": 270, "texture": "#5"},
				"south": {"uv": [0.5, 8.25, 0, 7.75], "rotation": 270, "texture": "#5"},
				"west": {"uv": [0.5, 0, 0, 0], "rotation": 270, "texture": "#5"},
				"up": {"uv": [0, 0.5, 0, 0], "rotation": 270, "texture": "#5"},
				"down": {"uv": [0, 0.5, 0, 0], "rotation": 270, "texture": "#5"}
			}
		},
		{
			"from": [8, 14.25, 8],
			"to": [24, 22.25, 8],
			"rotation": {"angle": -22.5, "axis": "z", "origin": [16, 18, 8]},
			"faces": {
				"north": {"uv": [0, 0, 7.5, 16], "rotation": 270, "texture": "#1"},
				"east": {"uv": [0, 0, 2, 0], "rotation": 90, "texture": "#missing"},
				"south": {"uv": [7.5, 0, 0, 16], "rotation": 90, "texture": "#1"},
				"west": {"uv": [0, 0, 2, 0], "rotation": 90, "texture": "#missing"},
				"up": {"uv": [0, 0, 0, 4], "rotation": 90, "texture": "#missing"},
				"down": {"uv": [0, 0, 0, 4], "rotation": 90, "texture": "#missing"}
			}
		},
		{
			"from": [-8, 14.25, 8],
			"to": [8, 22.25, 8],
			"rotation": {"angle": 22.5, "axis": "z", "origin": [0, 18, 8]},
			"faces": {
				"north": {"uv": [0, 16, 7.5, 0], "rotation": 270, "texture": "#1"},
				"east": {"uv": [0, 0, 2, 0], "rotation": 90, "texture": "#missing"},
				"south": {"uv": [7.5, 16, 0, 0], "rotation": 90, "texture": "#1"},
				"west": {"uv": [0, 0, 2, 0], "rotation": 90, "texture": "#missing"},
				"up": {"uv": [0, 4, 0, 0], "rotation": 90, "texture": "#missing"},
				"down": {"uv": [0, 4, 0, 0], "rotation": 90, "texture": "#missing"}
			}
		},
		{
			"from": [4, 11, 6],
			"to": [12, 19, 6],
			"faces": {
				"north": {"uv": [16, 0, 8, 8], "texture": "#1"},
				"east": {"uv": [0, 0, 0, 2], "texture": "#missing"},
				"south": {"uv": [8, 0, 16, 8], "texture": "#1"},
				"west": {"uv": [0, 0, 0, 2], "texture": "#missing"},
				"up": {"uv": [0, 0, 2, 0], "texture": "#missing"},
				"down": {"uv": [0, 0, 2, 0], "texture": "#missing"}
			}
		},
		{
			"from": [4, 9, 10],
			"to": [12, 17, 10],
			"rotation": {"angle": 0, "axis": "y", "origin": [0, 0, 16]},
			"faces": {
				"north": {"uv": [8, 0, 16, 8], "texture": "#1"},
				"east": {"uv": [0, 0, 0, 2], "texture": "#missing"},
				"south": {"uv": [16, 0, 8, 8], "texture": "#1"},
				"west": {"uv": [0, 0, 0, 2], "texture": "#missing"},
				"up": {"uv": [0, 0, 2, 0], "texture": "#missing"},
				"down": {"uv": [0, 0, 2, 0], "texture": "#missing"}
			}
		}
	],
	"display": {
		"thirdperson_righthand": {
			"rotation": [0, 90, 0],
			"translation": [0, 2.25, 1.75],
			"scale": [0.5, 0.5, 0.5]
		},
		"thirdperson_lefthand": {
			"rotation": [0, -90, 0],
			"translation": [0, 2.25, 1.75],
			"scale": [0.5, 0.5, 0.5]
		},
		"firstperson_righthand": {
			"rotation": [0, 90, 20],
			"translation": [0.5, 0.75, 0.25],
			"scale": [0.45, 0.45, 0.45]
		},
		"firstperson_lefthand": {
			"rotation": [0, -90, -20],
			"translation": [0.5, 0.75, 0.25],
			"scale": [0.45, 0.45, 0.45]
		},
		"ground": {
			"translation": [0, 5.25, 0],
			"scale": [0.5, 0.5, 0.5]
		},
		"gui": {
			"rotation": [0, -180, 45],
			"translation": [-0.25, -0.25, 0],
			"scale": [0.5, 0.5, 0.5]
		},
		"head": {
			"translation": [0, 14, 0],
			"scale": [0.5, 0.5, 0.5]
		},
		"fixed": {
			"rotation": [0, 0, -45],
			"translation": [-0.75, 0.25, 0],
			"scale": [0.45, 0.45, 0.45]
		}
	},
	"groups": [
		0,
		1,
		2,
		3,
		4,
		5,
		6,
		7,
		{
			"name": "group",
			"origin": [8, 21, 5.5],
			"color": 0,
			"children": [8, 9, 10, 11, 12, 13, 14, 15]
		},
		{
			"name": "group",
			"origin": [0, 18, 16],
			"color": 0,
			"children": [
				16,
				{
					"name": "group",
					"origin": [0, 18, 16],
					"color": 0,
					"children": [
						{
							"name": "group",
							"origin": [-7.5, 20, 8],
							"color": 0,
							"children": [17, 18]
						},
						{
							"name": "group",
							"origin": [-7.5, 19, 7],
							"color": 0,
							"children": [19, 20]
						},
						{
							"name": "group",
							"origin": [-7.5, 20, 8],
							"color": 0,
							"children": [21, 22]
						}
					]
				}
			]
		},
		{
			"name": "group",
			"origin": [0, 18, 16],
			"color": 0,
			"children": [
				23,
				{
					"name": "group",
					"origin": [0, 18, 16],
					"color": 0,
					"children": [
						24,
						25,
						26,
						27,
						28,
						29,
						{
							"name": "group",
							"origin": [-7.5, 20, 8],
							"color": 0,
							"children": [30, 31]
						},
						{
							"name": "group",
							"origin": [-7.5, 19, 7],
							"color": 0,
							"children": [32, 33]
						},
						{
							"name": "group",
							"origin": [-7.5, 20, 8],
							"color": 0,
							"children": [34, 35]
						}
					]
				}
			]
		},
		36,
		37,
		38,
		39
	]
}