{
	"credit": "Made with Blockbench",
	"texture_size": [64, 64],
	"textures": {
		"0": "item/pickaxes/dwarven_pickaxe/dwarven",
		"1": "item/pickaxes/dwarven_pickaxe/dwarven_animation",
		"particle": "item/pickaxes/dwarven_pickaxe/dwarven"
	},
	"elements": [
		{
			"from": [6, 12, 6],
			"to": [10, 15, 10],
			"rotation": {"angle": 0, "axis": "y", "origin": [0, 20, 16]},
			"faces": {
				"north": {"uv": [7, 5.25, 8, 6], "texture": "#0"},
				"east": {"uv": [3.5, 7.25, 4.5, 8], "texture": "#0"},
				"south": {"uv": [4.5, 7.25, 5.5, 8], "texture": "#0"},
				"west": {"uv": [5.5, 7.25, 6.5, 8], "texture": "#0"},
				"up": {"uv": [7.75, 4.25, 6.75, 3.25], "texture": "#0"},
				"down": {"uv": [8, 1, 7, 2], "texture": "#0"}
			}
		},
		{
			"from": [4, 15, 5.5],
			"to": [12, 21, 10.5],
			"rotation": {"angle": 0, "axis": "y", "origin": [0, 18, 16]},
			"faces": {
				"north": {"uv": [0, 0, 2, 1.5], "texture": "#0"},
				"east": {"uv": [3.5, 2.5, 4.75, 4], "texture": "#0"},
				"south": {"uv": [0, 1.5, 2, 3], "texture": "#0"},
				"west": {"uv": [1.5, 3.75, 2.75, 5.25], "texture": "#0"},
				"up": {"uv": [5.5, 1.25, 3.5, 0], "texture": "#0"},
				"down": {"uv": [5.5, 1.25, 3.5, 2.5], "texture": "#0"}
			}
		},
		{
			"from": [5, 16, 4.5],
			"to": [11, 20, 5.5],
			"rotation": {"angle": 0, "axis": "y", "origin": [0, 18, 16]},
			"faces": {
				"north": {"uv": [2.75, 5.25, 4.25, 6.25], "texture": "#0"},
				"east": {"uv": [7.75, 3.25, 8, 4.25], "texture": "#0"},
				"south": {"uv": [5.25, 3.75, 6.75, 4.75], "texture": "#0"},
				"west": {"uv": [2.25, 8.75, 2.5, 9.75], "texture": "#0"},
				"up": {"uv": [10, 2.75, 8.5, 2.5], "texture": "#0"},
				"down": {"uv": [10, 4.25, 8.5, 4.5], "texture": "#0"}
			}
		},
		{
			"from": [5, 16, 10.5],
			"to": [11, 20, 11.5],
			"rotation": {"angle": 0, "axis": "y", "origin": [0, 18, 0]},
			"faces": {
				"north": {"uv": [6.75, 3.75, 5.25, 4.75], "texture": "#0"},
				"east": {"uv": [8, 3.25, 7.75, 4.25], "texture": "#0"},
				"south": {"uv": [4.25, 5.25, 2.75, 6.25], "texture": "#0"},
				"west": {"uv": [2.5, 8.75, 2.25, 9.75], "texture": "#0"},
				"up": {"uv": [10, 2.5, 8.5, 2.75], "texture": "#0"},
				"down": {"uv": [10, 4.5, 8.5, 4.25], "texture": "#0"}
			}
		},
		{
			"from": [6.5, 21.5, 6.5],
			"to": [9.5, 24.5, 9.5],
			"rotation": {"angle": 45, "axis": "z", "origin": [8, 23, 8]},
			"faces": {
				"north": {"uv": [6.25, 8, 7, 8.75], "texture": "#0"},
				"east": {"uv": [8, 7.25, 8.75, 8], "texture": "#0"},
				"south": {"uv": [8, 8, 8.75, 8.75], "texture": "#0"},
				"west": {"uv": [1, 8.25, 1.75, 9], "texture": "#0"},
				"up": {"uv": [9, 6.75, 8.25, 6], "texture": "#0"},
				"down": {"uv": [9.25, 1.75, 8.5, 2.5], "texture": "#0"}
			}
		},
		{
			"from": [5.5, 21, 6],
			"to": [10.5, 23, 10],
			"rotation": {"angle": 0, "axis": "y", "origin": [0, 18, 16]},
			"faces": {
				"north": {"uv": [7.75, 0, 9, 0.5], "texture": "#0"},
				"east": {"uv": [8.75, 1, 9.75, 1.5], "texture": "#0"},
				"south": {"uv": [7.75, 0.5, 9, 1], "texture": "#0"},
				"west": {"uv": [4, 8.75, 5, 9.25], "texture": "#0"},
				"up": {"uv": [5.5, 6.25, 4.25, 5.25], "texture": "#0"},
				"down": {"uv": [6.75, 0, 5.5, 1], "texture": "#0"}
			}
		},
		{
			"from": [6, -7, 6],
			"to": [10, -3, 10],
			"rotation": {"angle": 0, "axis": "y", "origin": [0, 18, 16]},
			"faces": {
				"north": {"uv": [4.25, 6.25, 5.25, 7.25], "texture": "#0"},
				"east": {"uv": [5.25, 6.25, 6.25, 7.25], "texture": "#0"},
				"south": {"uv": [6.25, 6.25, 7.25, 7.25], "texture": "#0"},
				"west": {"uv": [1.5, 6.5, 2.5, 7.5], "texture": "#0"},
				"up": {"uv": [1, 7.75, 0, 6.75], "texture": "#0"},
				"down": {"uv": [7.75, 0, 6.75, 1], "texture": "#0"}
			}
		},
		{
			"from": [4.9, -9, 6.9],
			"to": [11.1, -6, 9.1],
			"rotation": {"angle": 0, "axis": "y", "origin": [0, 18, 16]},
			"faces": {
				"north": {"uv": [10, 13, 16, 16], "texture": "#1"},
				"east": {"uv": [8, 13, 10, 16], "texture": "#1"},
				"south": {"uv": [2, 13, 8, 16], "texture": "#1"},
				"west": {"uv": [0, 13, 2, 16], "texture": "#1"}
			}
		},
		{
			"from": [5, -9, 7],
			"to": [11, -6, 9],
			"rotation": {"angle": 0, "axis": "y", "origin": [0, 18, 16]},
			"faces": {
				"north": {"uv": [6, 2.5, 7.5, 3.25], "texture": "#0"},
				"east": {"uv": [1.5, 3, 2, 3.75], "texture": "#0"},
				"south": {"uv": [2.75, 6.25, 4.25, 7], "texture": "#0"},
				"west": {"uv": [1, 6.75, 1.5, 7.5], "texture": "#0"},
				"up": {"uv": [8.75, 7.25, 7.25, 6.75], "texture": "#0"},
				"down": {"uv": [9, 2.75, 7.5, 3.25], "texture": "#0"}
			}
		},
		{
			"from": [6.5, -3, 6.5],
			"to": [9.5, 12, 9.5],
			"rotation": {"angle": 0, "axis": "y", "origin": [0, 18, 16]},
			"faces": {
				"north": {"uv": [2, 0, 2.75, 3.75], "texture": "#0"},
				"east": {"uv": [2.75, 0, 3.5, 3.75], "texture": "#0"},
				"south": {"uv": [0, 3, 0.75, 6.75], "texture": "#0"},
				"west": {"uv": [0.75, 3, 1.5, 6.75], "texture": "#0"},
				"up": {"uv": [8.75, 6, 8, 5.25], "texture": "#0"},
				"down": {"uv": [6.25, 8, 5.5, 8.75], "texture": "#0"}
			}
		},
		{
			"from": [0, 16, 5.5],
			"to": [2, 21, 10.5],
			"rotation": {"angle": 22.5, "axis": "z", "origin": [2, 20, 8]},
			"faces": {
				"north": {"uv": [2.5, 8, 3, 9.25], "texture": "#0"},
				"east": {"uv": [4.75, 2.5, 6, 3.75], "texture": "#0"},
				"south": {"uv": [3, 8, 3.5, 9.25], "texture": "#0"},
				"west": {"uv": [1.5, 5.25, 2.75, 6.5], "texture": "#0"},
				"up": {"uv": [8.5, 4.5, 8, 3.25], "texture": "#0"},
				"down": {"uv": [4, 8, 3.5, 9.25], "texture": "#0"}
			}
		},
		{
			"from": [0, 15.9, 5.4],
			"to": [2, 21.1, 10.6],
			"rotation": {"angle": 22.5, "axis": "z", "origin": [2, 20, 8]},
			"faces": {
				"north": {"uv": [5, 14, 0, 16], "rotation": 90, "texture": "#1"},
				"south": {"uv": [8.5, 14, 13.5, 16], "rotation": 90, "texture": "#1"},
				"up": {"uv": [4.5, 14, 9.5, 16], "rotation": 90, "texture": "#1"}
			}
		},
		{
			"from": [14, 15.9, 5.4],
			"to": [16, 21.1, 10.6],
			"rotation": {"angle": -22.5, "axis": "z", "origin": [14, 20, 8]},
			"faces": {
				"north": {"uv": [5, 16, 0, 14], "rotation": 90, "texture": "#1"},
				"south": {"uv": [8.5, 16, 13.5, 14], "rotation": 90, "texture": "#1"},
				"up": {"uv": [4.5, 16, 9.5, 14], "rotation": 90, "texture": "#1"}
			}
		},
		{
			"from": [2, 16.5, 6],
			"to": [4, 20, 10],
			"rotation": {"angle": 0, "axis": "y", "origin": [4, 17, 8]},
			"faces": {
				"north": {"uv": [7.5, 8.5, 8, 9.375], "texture": "#0"},
				"east": {"uv": [2.5, 7, 3.5, 7.875], "texture": "#0"},
				"south": {"uv": [1.75, 8.75, 2.25, 9.625], "texture": "#0"},
				"west": {"uv": [7, 4.25, 8, 5.125], "texture": "#0"},
				"up": {"uv": [7.5, 9, 7, 8], "texture": "#0"},
				"down": {"uv": [9, 3.25, 8.5, 4.25], "texture": "#0"}
			}
		},
		{
			"from": [14, 17, 6.5],
			"to": [20, 20, 9.5],
			"rotation": {"angle": -22.5, "axis": "z", "origin": [14, 20, 8]},
			"faces": {
				"north": {"uv": [7, 1, 5.5, 1.75], "texture": "#0"},
				"east": {"uv": [4.75, 8, 4, 8.75], "texture": "#0"},
				"south": {"uv": [7, 1.75, 5.5, 2.5], "texture": "#0"},
				"west": {"uv": [8.75, 1, 8, 1.75], "texture": "#0"},
				"up": {"uv": [5.5, 5.5, 7, 4.75], "texture": "#0"},
				"down": {"uv": [5.5, 5.5, 7, 6.25], "texture": "#0"}
			}
		},
		{
			"from": [-4, 17, 6.5],
			"to": [2, 20, 9.5],
			"rotation": {"angle": 22.5, "axis": "z", "origin": [2, 20, 8]},
			"faces": {
				"north": {"uv": [5.5, 1, 7, 1.75], "texture": "#0"},
				"east": {"uv": [8, 1, 8.75, 1.75], "texture": "#0"},
				"south": {"uv": [5.5, 1.75, 7, 2.5], "texture": "#0"},
				"west": {"uv": [4, 8, 4.75, 8.75], "texture": "#0"},
				"up": {"uv": [7, 5.5, 5.5, 4.75], "texture": "#0"},
				"down": {"uv": [7, 5.5, 5.5, 6.25], "texture": "#0"}
			}
		},
		{
			"from": [14, 16, 5.5],
			"to": [16, 21, 10.5],
			"rotation": {"angle": -22.5, "axis": "z", "origin": [14, 20, 8]},
			"faces": {
				"north": {"uv": [3, 8, 2.5, 9.25], "texture": "#0"},
				"east": {"uv": [2.75, 5.25, 1.5, 6.5], "texture": "#0"},
				"south": {"uv": [3.5, 8, 3, 9.25], "texture": "#0"},
				"west": {"uv": [6, 2.5, 4.75, 3.75], "texture": "#0"},
				"up": {"uv": [8, 4.5, 8.5, 3.25], "texture": "#0"},
				"down": {"uv": [3.5, 8, 4, 9.25], "texture": "#0"}
			}
		},
		{
			"from": [12, 16.5, 6],
			"to": [14, 20, 10],
			"rotation": {"angle": 0, "axis": "y", "origin": [12, 17, 8]},
			"faces": {
				"north": {"uv": [8, 8.5, 7.5, 9.375], "texture": "#0"},
				"east": {"uv": [8, 4.25, 7, 5.125], "texture": "#0"},
				"south": {"uv": [2.25, 8.75, 1.75, 9.625], "texture": "#0"},
				"west": {"uv": [3.5, 7, 2.5, 7.875], "texture": "#0"},
				"up": {"uv": [7, 9, 7.5, 8], "texture": "#0"},
				"down": {"uv": [8.5, 3.25, 9, 4.25], "texture": "#0"}
			}
		},
		{
			"from": [18.79328, 19.0461, 5.975],
			"to": [20.79328, 23.0461, 9.975],
			"rotation": {"angle": -45, "axis": "z", "origin": [13.25, 20.25, 8]},
			"faces": {
				"north": {"uv": [2.5, 7.625, 2, 8.625], "texture": "#0"},
				"east": {"uv": [5.125, 4.125, 4.125, 5.125], "texture": "#0"},
				"south": {"uv": [8.125, 7.375, 7.625, 8.375], "texture": "#0"},
				"west": {"uv": [3.875, 4.125, 2.875, 5.125], "texture": "#0"},
				"up": {"uv": [0, 8.875, 0.5, 7.875], "texture": "#0"},
				"down": {"uv": [0.5, 7.875, 1, 8.875], "texture": "#0"}
			}
		},
		{
			"from": [18.79328, 18.4461, 5.375],
			"to": [20.79328, 23.6461, 10.575],
			"rotation": {"angle": -45, "axis": "z", "origin": [13.25, 20.25, 8]},
			"faces": {
				"north": {"uv": [5, 16, 0, 14], "rotation": 90, "texture": "#1"},
				"south": {"uv": [8.5, 16, 13.5, 14], "rotation": 90, "texture": "#1"},
				"up": {"uv": [4.5, 16, 9.5, 14], "rotation": 90, "texture": "#1"}
			}
		},
		{
			"from": [20.79328, 20.5461, 6.725],
			"to": [23.79328, 23.0461, 9.225],
			"rotation": {"angle": -45, "axis": "z", "origin": [13.25, 21, 8]},
			"faces": {
				"north": {"uv": [8, 6, 7.25, 6.625], "texture": "#0"},
				"east": {"uv": [5.375, 8, 4.75, 8.625], "texture": "#0"},
				"south": {"uv": [7.25, 7.25, 6.5, 7.875], "texture": "#0"},
				"west": {"uv": [8.625, 4.5, 8, 5.125], "texture": "#0"},
				"up": {"uv": [1, 8.125, 1.75, 7.5], "texture": "#0"},
				"down": {"uv": [7.5, 2, 8.25, 2.625], "texture": "#0"}
			}
		},
		{
			"from": [16.9461, 9.05672, 6.975],
			"to": [18.9461, 12.05672, 8.975],
			"rotation": {"angle": 22.5, "axis": "z", "origin": [13.25, 21, 8]},
			"faces": {
				"north": {"uv": [8, 6, 7.25, 6.5], "rotation": 270, "texture": "#0"},
				"east": {"uv": [1, 8, 1.75, 7.5], "rotation": 90, "texture": "#0"},
				"south": {"uv": [7.25, 7.25, 6.5, 7.75], "rotation": 90, "texture": "#0"},
				"west": {"uv": [7.5, 2, 8.25, 2.5], "rotation": 90, "texture": "#0"},
				"up": {"uv": [8.5, 4.5, 8, 5], "rotation": 90, "texture": "#0"},
				"down": {"uv": [5.25, 8, 4.75, 8.5], "rotation": 90, "texture": "#0"}
			}
		},
		{
			"from": [-4.79328, 19.0461, 5.975],
			"to": [-2.79328, 23.0461, 9.975],
			"rotation": {"angle": 45, "axis": "z", "origin": [2.75, 20.25, 8]},
			"faces": {
				"north": {"uv": [2, 7.625, 2.5, 8.625], "texture": "#0"},
				"east": {"uv": [2.875, 4.125, 3.875, 5.125], "texture": "#0"},
				"south": {"uv": [7.625, 7.375, 8.125, 8.375], "texture": "#0"},
				"west": {"uv": [4.125, 4.125, 5.125, 5.125], "texture": "#0"},
				"up": {"uv": [0.5, 8.875, 0, 7.875], "texture": "#0"},
				"down": {"uv": [1, 7.875, 0.5, 8.875], "texture": "#0"}
			}
		},
		{
			"from": [-7.79328, 20.5461, 6.725],
			"to": [-4.79328, 23.0461, 9.225],
			"rotation": {"angle": 45, "axis": "z", "origin": [2.75, 21, 8]},
			"faces": {
				"north": {"uv": [7.25, 6, 8, 6.625], "texture": "#0"},
				"east": {"uv": [8, 4.5, 8.625, 5.125], "texture": "#0"},
				"south": {"uv": [6.5, 7.25, 7.25, 7.875], "texture": "#0"},
				"west": {"uv": [4.75, 8, 5.375, 8.625], "texture": "#0"},
				"up": {"uv": [1.75, 8.125, 1, 7.5], "texture": "#0"},
				"down": {"uv": [8.25, 2, 7.5, 2.625], "texture": "#0"}
			}
		},
		{
			"from": [-4.79328, 18.4461, 5.375],
			"to": [-2.79328, 23.6461, 10.575],
			"rotation": {"angle": 45, "axis": "z", "origin": [2.75, 20.25, 8]},
			"faces": {
				"north": {"uv": [5, 14, 0, 16], "rotation": 90, "texture": "#1"},
				"south": {"uv": [8.5, 14, 13.5, 16], "rotation": 90, "texture": "#1"},
				"up": {"uv": [4.5, 14, 9.5, 16], "rotation": 90, "texture": "#1"}
			}
		},
		{
			"from": [-2.9461, 9.05672, 6.975],
			"to": [-0.9461, 12.05672, 8.975],
			"rotation": {"angle": -22.5, "axis": "z", "origin": [2.75, 21, 8]},
			"faces": {
				"north": {"uv": [8, 6.5, 7.25, 6], "rotation": 270, "texture": "#0"},
				"east": {"uv": [7.5, 2.5, 8.25, 2], "rotation": 90, "texture": "#0"},
				"south": {"uv": [7.25, 7.75, 6.5, 7.25], "rotation": 90, "texture": "#0"},
				"west": {"uv": [1, 7.5, 1.75, 8], "rotation": 90, "texture": "#0"},
				"up": {"uv": [8.5, 5, 8, 4.5], "rotation": 90, "texture": "#0"},
				"down": {"uv": [5.25, 8.5, 4.75, 8], "rotation": 90, "texture": "#0"}
			}
		}
	],
	"display": {
		"thirdperson_righthand": {
			"rotation": [0, 90, 0],
			"translation": [0, 1, 1.75],
			"scale": [0.5, 0.5, 0.5]
		},
		"thirdperson_lefthand": {
			"rotation": [0, -90, 0],
			"translation": [0, 1, 1.75],
			"scale": [0.5, 0.5, 0.5]
		},
		"firstperson_righthand": {
			"rotation": [0, 90, 20],
			"translation": [0.5, 0.75, 0.25],
			"scale": [0.45, 0.45, 0.45]
		},
		"firstperson_lefthand": {
			"rotation": [0, -90, -20],
			"translation": [0.5, 0.75, 0.25],
			"scale": [0.45, 0.45, 0.45]
		},
		"ground": {
			"translation": [0, 4.5, 0],
			"scale": [0.5, 0.5, 0.5]
		},
		"gui": {
			"rotation": [0, -180, 45],
			"translation": [-0.25, -0.5, 0],
			"scale": [0.55, 0.55, 0.55]
		},
		"head": {
			"translation": [0, 14, 0],
			"scale": [0.5, 0.5, 0.5]
		},
		"fixed": {
			"rotation": [0, 0, -45],
			"translation": [-0.75, 0.25, 0],
			"scale": [0.45, 0.45, 0.45]
		}
	},
	"groups": [
		0,
		1,
		2,
		3,
		4,
		5,
		6,
		7,
		8,
		9,
		{
			"name": "group",
			"origin": [0, 18, 16],
			"color": 0,
			"children": [
				10,
				11,
				12,
				13,
				{
					"name": "group",
					"origin": [0, 18, 16],
					"color": 0,
					"children": []
				}
			]
		},
		{
			"name": "group",
			"origin": [0, 18, 16],
			"color": 0,
			"children": [
				14,
				15,
				16,
				17,
				{
					"name": "group",
					"origin": [0, 18, 16],
					"color": 0,
					"children": [18, 19, 20, 21, 22, 23, 24, 25]
				}
			]
		}
	]
}