{
    "credit": "MadewithBlockbench",
    "texture_size": [64, 64],
    "textures": {
        "0": "item/multiple/horseman/pumkinsaw_01_texture",
        "3": "item/multiple/horseman/pumkinsaw_02_texture",
        "4": "item/multiple/horseman/pumkinsaw_animation_03_texture",
        "particle": "item/multiple/horseman/pumkinsaw_01_texture"
    },
    "elements": [{
        "from": [6, 11, 4],
        "to": [10, 17, 11],
        "rotation": {
            "angle": 0,
            "axis": "y",
            "origin": [0, 11, 0]
        },
        "faces": {
            "north": {
                "uv": [1.75, 0, 2.75, 1.5],
                "texture": "#3"
            },
            "east": {
                "uv": [0, 0, 1.75, 1.5],
                "texture": "#3"
            },
            "south": {
                "uv": [1.75, 0, 2.75, 1.5],
                "texture": "#3"
            },
            "west": {
                "uv": [0, 0, 1.75, 1.5],
                "texture": "#3"
            },
            "up": {
                "uv": [0, 1.5, 1, 3.25],
                "texture": "#3"
            },
            "down": {
                "uv": [0, 1.5, 1, 3.25],
                "texture": "#3"
            }
        }
    }, {
        "from": [8, -16, 4.5],
        "to": [8, -12, 10.5],
        "rotation": {
            "angle": 0,
            "axis": "y",
            "origin": [0, 1, 0]
        },
        "faces": {
            "north": {
                "uv": [1.75, 0, 2.75, 1.5],
                "texture": "#3"
            },
            "east": {
                "uv": [1.75, 3.25, 3.25, 4.25],
                "texture": "#3"
            },
            "south": {
                "uv": [1.75, 0, 2.75, 1.5],
                "texture": "#3"
            },
            "west": {
                "uv": [1.75, 3.25, 3.25, 4.25],
                "texture": "#3"
            },
            "up": {
                "uv": [0, 1.5, 1, 3.25],
                "texture": "#3"
            },
            "down": {
                "uv": [0, 1.5, 1, 3.25],
                "texture": "#3"
            }
        }
    }, {
        "from": [7.25, 16.5, 6.7],
        "to": [8.75, 18.5, 8.2],
        "rotation": {
            "angle": 0,
            "axis": "y",
            "origin": [0.2, 10.8, 0]
        },
        "faces": {
            "north": {
                "uv": [3.125, 4, 3.5, 4.5],
                "texture": "#0"
            },
            "east": {
                "uv": [3.125, 4, 2.75, 4.5],
                "texture": "#0"
            },
            "south": {
                "uv": [3.125, 4, 3.5, 4.5],
                "texture": "#0"
            },
            "west": {
                "uv": [2.75, 4, 3.125, 4.5],
                "texture": "#0"
            },
            "up": {
                "uv": [3.5, 4, 3.875, 4.375],
                "rotation": 270,
                "texture": "#0"
            },
            "down": {
                "uv": [3.5, 4, 3.875, 4.375],
                "rotation": 90,
                "texture": "#0"
            }
        }
    }, {
        "from": [7.5, 18, 6.8],
        "to": [8.8, 20, 8.1],
        "rotation": {
            "angle": 0,
            "axis": "y",
            "origin": [0.2, 10.8, 0]
        },
        "faces": {
            "north": {
                "uv": [2.8, 4.5, 3.125, 5],
                "texture": "#0"
            },
            "east": {
                "uv": [3.125, 4.5, 3.45, 5],
                "texture": "#0"
            },
            "south": {
                "uv": [3.125, 4.5, 2.8, 5],
                "texture": "#0"
            },
            "west": {
                "uv": [3.125, 4.5, 3.45, 5],
                "texture": "#0"
            },
            "up": {
                "uv": [3.5, 4.375, 3.825, 4.7],
                "texture": "#0"
            },
            "down": {
                "uv": [3.5, 4.375, 3.825, 4.7],
                "texture": "#0"
            }
        }
    }, {
        "from": [7.5, -9, 6],
        "to": [8.5, 1, 9],
        "rotation": {
            "angle": 0,
            "axis": "y",
            "origin": [0, 1, 0]
        },
        "faces": {
            "north": {
                "uv": [3.75, 0, 4, 2.5],
                "texture": "#3"
            },
            "east": {
                "uv": [3.75, 0, 3, 2.5],
                "texture": "#3"
            },
            "south": {
                "uv": [3.75, 0, 4, 2.5],
                "texture": "#3"
            },
            "west": {
                "uv": [3, 0, 3.75, 2.5],
                "texture": "#3"
            },
            "up": {
                "uv": [0, 0, 0.25, 0.75],
                "texture": "#3"
            },
            "down": {
                "uv": [0, 0, 0.25, 0.75],
                "texture": "#3"
            }
        }
    }, {
        "from": [7.5, 1, 6],
        "to": [8.5, 11, 9],
        "rotation": {
            "angle": 0,
            "axis": "y",
            "origin": [0, 1, 0]
        },
        "faces": {
            "north": {
                "uv": [3.75, 0, 4, 2.5],
                "texture": "#3"
            },
            "east": {
                "uv": [3.75, 0, 3, 2.5],
                "texture": "#3"
            },
            "south": {
                "uv": [3.75, 0, 4, 2.5],
                "texture": "#3"
            },
            "west": {
                "uv": [3, 0, 3.75, 2.5],
                "texture": "#3"
            },
            "up": {
                "uv": [0, 0, 0.25, 0.75],
                "texture": "#3"
            },
            "down": {
                "uv": [0, 0, 0.25, 0.75],
                "texture": "#3"
            }
        }
    }, {
        "from": [6.5, -11, 5],
        "to": [9.5, -8, 10],
        "rotation": {
            "angle": 0,
            "axis": "y",
            "origin": [0, 1, 0]
        },
        "faces": {
            "north": {
                "uv": [4, 1.75, 4.75, 2.5],
                "texture": "#3"
            },
            "east": {
                "uv": [3, 2.5, 4.25, 3.25],
                "texture": "#3"
            },
            "south": {
                "uv": [4, 1.75, 4.75, 2.5],
                "texture": "#3"
            },
            "west": {
                "uv": [3, 2.5, 4.25, 3.25],
                "texture": "#3"
            },
            "up": {
                "uv": [4, 0.5, 4.75, 1.75],
                "texture": "#3"
            },
            "down": {
                "uv": [4, 0.5, 4.75, 1.75],
                "texture": "#3"
            }
        }
    }, {
        "from": [7, -12, 6],
        "to": [9, -11, 9],
        "rotation": {
            "angle": 0,
            "axis": "y",
            "origin": [0, 1, 0]
        },
        "faces": {
            "north": {
                "uv": [4.75, 1.25, 5.25, 1.5],
                "texture": "#3"
            },
            "east": {
                "uv": [4, 0, 4.75, 0.25],
                "texture": "#3"
            },
            "south": {
                "uv": [4.75, 1.25, 5.25, 1.5],
                "texture": "#3"
            },
            "west": {
                "uv": [4, 0, 4.75, 0.25],
                "texture": "#3"
            },
            "up": {
                "uv": [4.75, 0.5, 5.25, 1.25],
                "texture": "#3"
            },
            "down": {
                "uv": [4.75, 0.5, 5.25, 1.25],
                "texture": "#3"
            }
        }
    }, {
        "from": [7, 7, 5.5],
        "to": [9, 9, 9.5],
        "rotation": {
            "angle": 0,
            "axis": "y",
            "origin": [0, 11, 0]
        },
        "faces": {
            "north": {
                "uv": [2.25, 2.5, 2.75, 3],
                "texture": "#3"
            },
            "east": {
                "uv": [1.25, 2.75, 2.25, 3.25],
                "texture": "#3"
            },
            "south": {
                "uv": [2.25, 2.5, 2.75, 3],
                "texture": "#3"
            },
            "west": {
                "uv": [1.25, 2.75, 2.25, 3.25],
                "texture": "#3"
            },
            "up": {
                "uv": [1.25, 3.25, 1.75, 4.25],
                "texture": "#3"
            },
            "down": {
                "uv": [1.25, 3.25, 1.75, 4.25],
                "texture": "#3"
            }
        }
    }, {
        "from": [6.5, 9, 5],
        "to": [9.5, 12, 10],
        "rotation": {
            "angle": 0,
            "axis": "y",
            "origin": [0, 11, 0]
        },
        "faces": {
            "north": {
                "uv": [1.25, 4.5, 2, 5.25],
                "texture": "#3"
            },
            "east": {
                "uv": [0, 4.25, 1.25, 5],
                "texture": "#3"
            },
            "south": {
                "uv": [1.25, 4.5, 2, 5.25],
                "texture": "#3"
            },
            "west": {
                "uv": [0, 4.25, 1.25, 5],
                "texture": "#3"
            },
            "up": {
                "uv": [0, 5, 0.75, 6.25],
                "texture": "#3"
            },
            "down": {
                "uv": [0, 5, 0.75, 6.25],
                "texture": "#3"
            }
        }
    }, {
        "from": [5, 12, 4],
        "to": [6, 16, 11],
        "rotation": {
            "angle": 0,
            "axis": "y",
            "origin": [0, 11, 0]
        },
        "faces": {
            "north": {
                "uv": [2.75, 1.75, 3, 2.75],
                "texture": "#3"
            },
            "east": {
                "uv": [1, 1.5, 2.75, 2.5],
                "texture": "#3"
            },
            "south": {
                "uv": [2.75, 1.75, 3, 2.75],
                "texture": "#3"
            },
            "west": {
                "uv": [1, 1.5, 2.75, 2.5],
                "texture": "#3"
            },
            "up": {
                "uv": [2.75, 0, 3, 1.75],
                "texture": "#3"
            },
            "down": {
                "uv": [2.75, 0, 3, 1.75],
                "texture": "#3"
            }
        }
    }, {
        "from": [3.4, 4, 5.5],
        "to": [3.4, 7, 9.5],
        "rotation": {
            "angle": -22.5,
            "axis": "z",
            "origin": [16, 0, 0]
        },
        "faces": {
            "north": {
                "uv": [9.25, 1.75, 10.25, 0],
                "rotation": 180,
                "texture": "#0"
            },
            "east": {
                "uv": [6.25, 3.75, 7.25, 4.5],
                "texture": "#0"
            },
            "south": {
                "uv": [9.25, 1.75, 10.25, 0],
                "rotation": 180,
                "texture": "#0"
            },
            "west": {
                "uv": [6.25, 4.5, 7.25, 3.75],
                "rotation": 180,
                "texture": "#0"
            },
            "up": {
                "uv": [9.25, 2.75, 10.25, 1.75],
                "rotation": 90,
                "texture": "#0"
            },
            "down": {
                "uv": [9.25, 2.75, 10.25, 1.75],
                "rotation": 270,
                "texture": "#0"
            }
        }
    }, {
        "from": [13, 5, 5.5],
        "to": [13, 8, 9.5],
        "rotation": {
            "angle": 22.5,
            "axis": "z",
            "origin": [0, 0, 0]
        },
        "faces": {
            "north": {
                "uv": [10.25, 1.75, 9.25, 0],
                "rotation": 180,
                "texture": "#0"
            },
            "east": {
                "uv": [7.25, 4.5, 6.25, 3.75],
                "rotation": 180,
                "texture": "#0"
            },
            "south": {
                "uv": [10.25, 1.75, 9.25, 0],
                "rotation": 180,
                "texture": "#0"
            },
            "west": {
                "uv": [7.25, 3.75, 6.25, 4.5],
                "texture": "#0"
            },
            "up": {
                "uv": [9.25, 1.75, 10.25, 2.75],
                "rotation": 90,
                "texture": "#0"
            },
            "down": {
                "uv": [9.25, 1.75, 10.25, 2.75],
                "rotation": 270,
                "texture": "#0"
            }
        }
    }, {
        "from": [10, 12, 4],
        "to": [11, 16, 11],
        "rotation": {
            "angle": 0,
            "axis": "y",
            "origin": [16, 11, 0]
        },
        "faces": {
            "north": {
                "uv": [3, 1.75, 2.75, 2.75],
                "texture": "#3"
            },
            "east": {
                "uv": [1, 1.5, 2.75, 2.5],
                "texture": "#3"
            },
            "south": {
                "uv": [3, 1.75, 2.75, 2.75],
                "texture": "#3"
            },
            "west": {
                "uv": [2.75, 1.5, 1, 2.5],
                "texture": "#3"
            },
            "up": {
                "uv": [3, 0, 2.75, 1.75],
                "texture": "#3"
            },
            "down": {
                "uv": [3, 0, 2.75, 1.75],
                "texture": "#3"
            }
        }
    }, {
        "from": [6, 12, 3],
        "to": [10, 16, 4],
        "rotation": {
            "angle": 0,
            "axis": "y",
            "origin": [0, 11, 16]
        },
        "faces": {
            "north": {
                "uv": [1, 3.25, 0, 4.25],
                "texture": "#3"
            },
            "east": {
                "uv": [1, 2.5, 1.25, 3.5],
                "texture": "#3"
            },
            "south": {
                "uv": [0, 3.25, 1, 4.25],
                "texture": "#3"
            },
            "west": {
                "uv": [1, 2.5, 1.25, 3.5],
                "texture": "#3"
            },
            "up": {
                "uv": [1.25, 2.5, 2.25, 2.75],
                "texture": "#3"
            },
            "down": {
                "uv": [1.25, 2.5, 2.25, 2.75],
                "texture": "#3"
            }
        }
    }, {
        "from": [6, 12, 11],
        "to": [10, 16, 12],
        "rotation": {
            "angle": 0,
            "axis": "y",
            "origin": [0, 11, 0]
        },
        "faces": {
            "north": {
                "uv": [1, 3.25, 0, 4.25],
                "texture": "#3"
            },
            "east": {
                "uv": [1.25, 2.5, 1, 3.5],
                "texture": "#3"
            },
            "south": {
                "uv": [1, 3.25, 0, 4.25],
                "texture": "#3"
            },
            "west": {
                "uv": [1.25, 2.5, 1, 3.5],
                "texture": "#3"
            },
            "up": {
                "uv": [1.25, 2.75, 2.25, 2.5],
                "texture": "#3"
            },
            "down": {
                "uv": [1.25, 2.75, 2.25, 2.5],
                "texture": "#3"
            }
        }
    }, {
        "from": [4.9, 11, 4],
        "to": [4.9, 17, 11],
        "rotation": {
            "angle": 0,
            "axis": "y",
            "origin": [0, 10, 0]
        },
        "faces": {
            "west": {
                "uv": [0, 0, 14, 12],
                "texture": "#4"
            }
        }
    }, {
        "from": [11.1, 11, 4],
        "to": [11.1, 17, 11],
        "rotation": {
            "angle": 0,
            "axis": "y",
            "origin": [16, 10, 0]
        },
        "faces": {
            "east": {
                "uv": [14, 0, 0, 12],
                "texture": "#4"
            }
        }
    }, {
        "from": [6.75, 12.2, 0],
        "to": [9.25, 16.2, 4],
        "rotation": {
            "angle": 0,
            "axis": "y",
            "origin": [-0.5, -2.3, 3]
        },
        "faces": {
            "north": {
                "uv": [9, 0, 9.625, 1],
                "texture": "#3"
            },
            "east": {
                "uv": [8.375, 0, 7.375, 1],
                "texture": "#3"
            },
            "south": {
                "uv": [9, 0, 9.625, 1],
                "texture": "#3"
            },
            "west": {
                "uv": [7.375, 0, 8.375, 1],
                "texture": "#3"
            },
            "up": {
                "uv": [8.375, 0, 9, 1],
                "texture": "#3"
            },
            "down": {
                "uv": [9, 1, 8.375, 0],
                "texture": "#3"
            }
        }
    }, {
        "from": [7, 12.4, 2.1],
        "to": [9, 15.4, 7.1],
        "rotation": {
            "angle": -22.5,
            "axis": "x",
            "origin": [-0.5, -2.3, 3]
        },
        "faces": {
            "north": {
                "uv": [8.625, 1, 9.125, 1.75],
                "texture": "#3"
            },
            "east": {
                "uv": [8.625, 1, 7.375, 1.75],
                "texture": "#3"
            },
            "south": {
                "uv": [8.625, 1, 9.125, 1.75],
                "texture": "#3"
            },
            "west": {
                "uv": [7.375, 1, 8.625, 1.75],
                "texture": "#3"
            },
            "up": {
                "uv": [9.625, 0, 10.125, 1.25],
                "texture": "#3"
            },
            "down": {
                "uv": [10.125, 1.25, 9.625, 0],
                "texture": "#3"
            }
        }
    }, {
        "from": [6.75, 12.2, 11],
        "to": [9.25, 16.2, 15],
        "rotation": {
            "angle": 0,
            "axis": "y",
            "origin": [-0.5, -2.3, 12]
        },
        "faces": {
            "north": {
                "uv": [9.625, 0, 9, 1],
                "texture": "#3"
            },
            "east": {
                "uv": [7.375, 0, 8.375, 1],
                "texture": "#3"
            },
            "south": {
                "uv": [9.625, 0, 9, 1],
                "texture": "#3"
            },
            "west": {
                "uv": [8.375, 0, 7.375, 1],
                "texture": "#3"
            },
            "up": {
                "uv": [8.375, 1, 9, 0],
                "texture": "#3"
            },
            "down": {
                "uv": [9, 0, 8.375, 1],
                "texture": "#3"
            }
        }
    }, {
        "from": [7, 12.3, 7.9],
        "to": [9, 15.3, 12.9],
        "rotation": {
            "angle": 22.5,
            "axis": "x",
            "origin": [-0.5, -2.3, 12]
        },
        "faces": {
            "north": {
                "uv": [9.125, 1, 8.625, 1.75],
                "texture": "#3"
            },
            "east": {
                "uv": [7.375, 1, 8.625, 1.75],
                "texture": "#3"
            },
            "south": {
                "uv": [9.125, 1, 8.625, 1.75],
                "texture": "#3"
            },
            "west": {
                "uv": [8.625, 1, 7.375, 1.75],
                "texture": "#3"
            },
            "up": {
                "uv": [9.625, 1.25, 10.125, 0],
                "texture": "#3"
            },
            "down": {
                "uv": [10.125, 0, 9.625, 1.25],
                "texture": "#3"
            }
        }
    }],
    "gui_light": "front",
    "display": {
        "thirdperson_righthand": {
            "translation": [0, 6.5, 2.25],
            "scale": [0.7, 0.7, 0.7]
        },
        "thirdperson_lefthand": {
            "translation": [0, 6.5, 2.25],
            "scale": [0.7, 0.7, 0.7]
        },
        "firstperson_righthand": {
            "translation": [20, 8, 2.25],
            "scale": [0.39063, 0.39063, 0.39063]
        },
        "firstperson_lefthand": {
            "translation": [20, 8, 2.25],
            "scale": [0.39063, 0.39063, 0.39063]
        },
        "ground": {
            "rotation": [-45, 0, 0],
            "translation": [0, 9, 0],
            "scale": [0.5, 0.5, 0.5]
        },
        "gui": {
            "rotation": [-90, -45, -90],
            "translation": [1, 1.25, 0],
            "scale": [0.50742, 0.50742, 0.50742]
        },
        "head": {
            "scale": [0, 0, 0]
        },
        "fixed": {
            "rotation": [0, -90, 0],
            "translation": [-0.75, 8, -2],
            "scale": [1.3, 1.3, 1.3]
        }
    }
}