{
	"credit": "Made with Blockbench",
	"texture_size": [64, 64],
	"textures": {
		"0": "item/pickaxes/paladin_pickaxe/paladin",
		"1": "item/pickaxes/paladin_pickaxe/paladin_animation",
		"2": "item/pickaxes/paladin_pickaxe/paladin_animation_2",
		"particle": "item/pickaxes/paladin_pickaxe/paladin"
	},
	"elements": [
		{
			"from": [6, 16, 6],
			"to": [10, 18, 10],
			"rotation": {"angle": 0, "axis": "y", "origin": [0, 23, 16]},
			"faces": {
				"north": {"uv": [7.75, 2.5, 8.75, 3], "texture": "#0"},
				"east": {"uv": [7.75, 3, 8.75, 3.5], "texture": "#0"},
				"south": {"uv": [8.75, 2.5, 7.75, 3], "texture": "#0"},
				"west": {"uv": [7.75, 6.5, 8.75, 7], "texture": "#0"},
				"up": {"uv": [7, 3.5, 6, 2.5], "texture": "#0"},
				"down": {"uv": [7.25, 5.5, 6.25, 6.5], "texture": "#0"}
			}
		},
		{
			"from": [5.5, 14, 5.5],
			"to": [10.5, 16, 10.5],
			"rotation": {"angle": 0, "axis": "y", "origin": [0, 23, 16]},
			"faces": {
				"north": {"uv": [6.75, 1, 8, 1.5], "texture": "#0"},
				"east": {"uv": [7.5, 1.5, 8.75, 2], "texture": "#0"},
				"south": {"uv": [7.5, 2, 8.75, 2.5], "texture": "#0"},
				"west": {"uv": [7.5, 3.5, 8.75, 4], "texture": "#0"},
				"up": {"uv": [4.75, 1.25, 3.5, 0], "texture": "#0"},
				"down": {"uv": [5.25, 1.25, 4, 2.5], "texture": "#0"}
			}
		},
		{
			"from": [4.5, 13, 7.5],
			"to": [6.5, 15, 8.5],
			"rotation": {"angle": 0, "axis": "y", "origin": [0, 23, 16]},
			"faces": {
				"north": {"uv": [8.25, 4.5, 8.75, 5], "texture": "#0"},
				"east": {"uv": [1.75, 7, 2, 7.5], "texture": "#0"},
				"south": {"uv": [8.75, 4.5, 8.25, 5], "texture": "#0"},
				"west": {"uv": [4.75, 7.75, 5, 8.25], "texture": "#0"},
				"up": {"uv": [8.75, 5.25, 8.25, 5], "texture": "#0"},
				"down": {"uv": [5.75, 8.25, 5.25, 8.5], "texture": "#0"}
			}
		},
		{
			"from": [9.5, 13, 7.5],
			"to": [11.5, 15, 8.5],
			"rotation": {"angle": 0, "axis": "y", "origin": [16, 23, 16]},
			"faces": {
				"north": {"uv": [8.75, 4.5, 8.25, 5], "texture": "#0"},
				"east": {"uv": [5, 7.75, 4.75, 8.25], "texture": "#0"},
				"south": {"uv": [8.25, 4.5, 8.75, 5], "texture": "#0"},
				"west": {"uv": [2, 7, 1.75, 7.5], "texture": "#0"},
				"up": {"uv": [8.25, 5.25, 8.75, 5], "texture": "#0"},
				"down": {"uv": [5.25, 8.25, 5.75, 8.5], "texture": "#0"}
			}
		},
		{
			"from": [4, 15, 6.5],
			"to": [6, 18, 9.5],
			"rotation": {"angle": 45, "axis": "z", "origin": [4, 18, 8]},
			"faces": {
				"north": {"uv": [6.25, 0, 6.75, 0.75], "texture": "#0"},
				"east": {"uv": [1.75, 7.75, 2.5, 8.5], "texture": "#0"},
				"south": {"uv": [6.75, 0, 6.25, 0.75], "texture": "#0"},
				"west": {"uv": [2.5, 7.75, 3.25, 8.5], "texture": "#0"},
				"up": {"uv": [1.5, 8.75, 1, 8], "texture": "#0"},
				"down": {"uv": [8.5, 8, 8, 8.75], "texture": "#0"}
			}
		},
		{
			"from": [10, 15, 6.5],
			"to": [12, 18, 9.5],
			"rotation": {"angle": -45, "axis": "z", "origin": [12, 18, 8]},
			"faces": {
				"north": {"uv": [6.75, 0, 6.25, 0.75], "texture": "#0"},
				"east": {"uv": [3.25, 7.75, 2.5, 8.5], "texture": "#0"},
				"south": {"uv": [6.25, 0, 6.75, 0.75], "texture": "#0"},
				"west": {"uv": [2.5, 7.75, 1.75, 8.5], "texture": "#0"},
				"up": {"uv": [1, 8.75, 1.5, 8], "texture": "#0"},
				"down": {"uv": [8, 8, 8.5, 8.75], "texture": "#0"}
			}
		},
		{
			"from": [4, 18, 5.5],
			"to": [12, 24, 10.5],
			"rotation": {"angle": 0, "axis": "y", "origin": [0, 21, 16]},
			"faces": {
				"north": {"uv": [0, 0, 2, 1.5], "texture": "#0"},
				"east": {"uv": [4.5, 3, 3.25, 4.5], "texture": "#0"},
				"south": {"uv": [2, 0, 0, 1.5], "texture": "#0"},
				"west": {"uv": [3.25, 3, 4.5, 4.5], "texture": "#0"},
				"up": {"uv": [4, 3, 2, 1.75], "texture": "#0"},
				"down": {"uv": [2, 3, 0, 4.25], "texture": "#0"}
			}
		},
		{
			"from": [6, 24, 6],
			"to": [10, 26, 10],
			"rotation": {"angle": 0, "axis": "y", "origin": [0, 21, 16]},
			"faces": {
				"north": {"uv": [8, 1, 9, 1.5], "texture": "#0"},
				"east": {"uv": [8, 5.5, 9, 6], "texture": "#0"},
				"south": {"uv": [9, 1, 8, 1.5], "texture": "#0"},
				"west": {"uv": [8, 7.5, 9, 8], "texture": "#0"},
				"up": {"uv": [7.5, 2.5, 6.5, 1.5], "texture": "#0"},
				"down": {"uv": [7.5, 3.5, 6.5, 4.5], "texture": "#0"}
			}
		},
		{
			"from": [1.5, 24, 6],
			"to": [6, 26, 10],
			"rotation": {"angle": 45, "axis": "z", "origin": [6, 26, 8]},
			"faces": {
				"north": {"uv": [7.75, 0, 8.875, 0.5], "texture": "#0"},
				"east": {"uv": [7.75, 7, 8.75, 7.5], "texture": "#0"},
				"south": {"uv": [8.875, 0, 7.75, 0.5], "texture": "#0"},
				"west": {"uv": [0, 8, 1, 8.5], "texture": "#0"},
				"up": {"uv": [6.375, 2.5, 5.25, 1.5], "texture": "#0"},
				"down": {"uv": [6.125, 5.5, 5, 6.5], "texture": "#0"}
			}
		},
		{
			"from": [10, 24, 6],
			"to": [14.5, 26, 10],
			"rotation": {"angle": -45, "axis": "z", "origin": [10, 26, 8]},
			"faces": {
				"north": {"uv": [8.875, 0, 7.75, 0.5], "texture": "#0"},
				"east": {"uv": [1, 8, 0, 8.5], "texture": "#0"},
				"south": {"uv": [7.75, 0, 8.875, 0.5], "texture": "#0"},
				"west": {"uv": [8.75, 7, 7.75, 7.5], "texture": "#0"},
				"up": {"uv": [5.25, 2.5, 6.375, 1.5], "texture": "#0"},
				"down": {"uv": [5, 5.5, 6.125, 6.5], "texture": "#0"}
			}
		},
		{
			"from": [6, -6, 6],
			"to": [10, -2, 10],
			"rotation": {"angle": 0, "axis": "y", "origin": [0, 21, 16]},
			"faces": {
				"north": {"uv": [6.5, 4.5, 7.5, 5.5], "texture": "#0"},
				"east": {"uv": [5, 6.5, 6, 7.5], "texture": "#0"},
				"south": {"uv": [6, 6.5, 7, 7.5], "texture": "#0"},
				"west": {"uv": [6.75, 0, 7.75, 1], "texture": "#0"},
				"up": {"uv": [3, 7.75, 2, 6.75], "texture": "#0"},
				"down": {"uv": [4, 6.75, 3, 7.75], "texture": "#0"}
			}
		},
		{
			"from": [7, -8, 7],
			"to": [9, -6, 9],
			"rotation": {"angle": 0, "axis": "y", "origin": [0, 21, 16]},
			"faces": {
				"north": {"uv": [3.5, 1.25, 4, 1.75], "texture": "#0"},
				"east": {"uv": [4, 2.5, 4.5, 3], "texture": "#0"},
				"south": {"uv": [4.5, 4, 5, 4.5], "texture": "#0"},
				"west": {"uv": [4.75, 0.75, 5.25, 1.25], "texture": "#0"},
				"up": {"uv": [6.5, 4, 6, 3.5], "texture": "#0"},
				"down": {"uv": [3.75, 8.25, 3.25, 8.75], "texture": "#0"}
			}
		},
		{
			"from": [6.5, 9, 6.5],
			"to": [9.5, 15, 9.5],
			"rotation": {"angle": 0, "axis": "y", "origin": [0, 21, 16]},
			"faces": {
				"north": {"uv": [2, 5.25, 2.75, 6.75], "texture": "#0"},
				"east": {"uv": [2.75, 5.25, 3.5, 6.75], "texture": "#0"},
				"south": {"uv": [3.5, 5.25, 4.25, 6.75], "texture": "#0"},
				"west": {"uv": [4.25, 5.25, 5, 6.75], "texture": "#0"},
				"up": {"uv": [7.25, 8.25, 6.5, 7.5], "texture": "#0"},
				"down": {"uv": [8, 7.5, 7.25, 8.25], "texture": "#0"}
			}
		},
		{
			"from": [7, -2, 7],
			"to": [9, 9, 9],
			"rotation": {"angle": 0, "axis": "y", "origin": [0, 21, 16]},
			"faces": {
				"north": {"uv": [0, 4.25, 0.5, 7], "texture": "#0"},
				"east": {"uv": [0.5, 4.25, 1, 7], "texture": "#0"},
				"south": {"uv": [1, 4.25, 1.5, 7], "texture": "#0"},
				"west": {"uv": [1.5, 4.25, 2, 7], "texture": "#0"},
				"up": {"uv": [4.25, 8.75, 3.75, 8.25], "texture": "#0"},
				"down": {"uv": [8.75, 4, 8.25, 4.5], "texture": "#0"}
			}
		},
		{
			"from": [15, 20, 6.5],
			"to": [21, 23, 9.5],
			"rotation": {"angle": -22.5, "axis": "z", "origin": [15, 23, 8]},
			"faces": {
				"north": {"uv": [3.5, 4.5, 2, 5.25], "texture": "#0"},
				"east": {"uv": [8.25, 4.75, 7.5, 5.5], "texture": "#0"},
				"south": {"uv": [2, 4.5, 3.5, 5.25], "texture": "#0"},
				"west": {"uv": [8.25, 4, 7.5, 4.75], "texture": "#0"},
				"up": {"uv": [4.5, 4, 6, 3.25], "texture": "#0"},
				"down": {"uv": [3.5, 4.5, 5, 5.25], "texture": "#0"}
			}
		},
		{
			"from": [12, 19.5, 6],
			"to": [15, 23, 10],
			"rotation": {"angle": 0, "axis": "y", "origin": [12, 20, 8]},
			"faces": {
				"north": {"uv": [7.75, 6.5, 7, 7.375], "texture": "#0"},
				"east": {"uv": [1, 7, 0, 7.875], "texture": "#0"},
				"south": {"uv": [7, 6.5, 7.75, 7.375], "texture": "#0"},
				"west": {"uv": [5, 6.75, 4, 7.625], "texture": "#0"},
				"up": {"uv": [1, 8, 1.75, 7], "texture": "#0"},
				"down": {"uv": [7, 2.5, 7.75, 3.5], "texture": "#0"}
			}
		},
		{
			"from": [20.63895, 22.56513, 6.725],
			"to": [25.63895, 25.06513, 9.225],
			"rotation": {"angle": -45, "axis": "z", "origin": [15, 23, 8]},
			"faces": {
				"north": {"uv": [6, 0, 4.75, 0.625], "texture": "#0"},
				"east": {"uv": [6.375, 7.5, 5.75, 8.125], "texture": "#0"},
				"south": {"uv": [4.75, 0, 6, 0.625], "texture": "#0"},
				"west": {"uv": [5.625, 7.5, 5, 8.125], "texture": "#0"},
				"up": {"uv": [5, 5.375, 6.25, 4.75], "texture": "#0"},
				"down": {"uv": [5.25, 0.75, 6.5, 1.375], "texture": "#0"}
			}
		},
		{
			"from": [19.01734, 9.76984, 7.225],
			"to": [20.51734, 13.76984, 8.725],
			"rotation": {"angle": 22.5, "axis": "z", "origin": [15, 23, 8]},
			"faces": {
				"north": {"uv": [5.75, 0, 4.75, 0.375], "rotation": 270, "texture": "#0"},
				"east": {"uv": [5.125, 5.375, 6.125, 5], "rotation": 90, "texture": "#0"},
				"south": {"uv": [4.75, 0, 5.75, 0.375], "rotation": 90, "texture": "#0"},
				"west": {"uv": [5.25, 0.75, 6.25, 1.125], "rotation": 90, "texture": "#0"},
				"up": {"uv": [5.375, 7.5, 5, 7.875], "rotation": 90, "texture": "#0"},
				"down": {"uv": [6.25, 7.625, 5.875, 8], "rotation": 90, "texture": "#0"}
			}
		},
		{
			"from": [9, 24, 8],
			"to": [15, 31, 8],
			"rotation": {"angle": 0, "axis": "y", "origin": [16, 21, 16]},
			"faces": {
				"north": {"uv": [3.5, 0, 2, 1.75], "texture": "#0"},
				"east": {"uv": [0, 0, 0, 1.75], "texture": "#0"},
				"south": {"uv": [2, 0, 3.5, 1.75], "texture": "#0"},
				"west": {"uv": [0, 0, 0, 1.75], "texture": "#0"},
				"up": {"uv": [0, 0, 1.5, 0], "texture": "#0"},
				"down": {"uv": [0, 0, 1.5, 0], "texture": "#0"}
			}
		},
		{
			"from": [-9, 4, 8],
			"to": [7, 20, 8],
			"faces": {
				"north": {"uv": [0, 0, 16, 16], "texture": "#1"},
				"east": {"uv": [0, 0, 0, 4], "texture": "#missing"},
				"south": {"uv": [16, 0, 0, 16], "texture": "#1"},
				"west": {"uv": [0, 0, 0, 4], "texture": "#missing"},
				"up": {"uv": [0, 0, 4, 0], "texture": "#missing"},
				"down": {"uv": [0, 0, 4, 0], "texture": "#missing"}
			}
		},
		{
			"from": [9, 4, 8],
			"to": [25, 20, 8],
			"rotation": {"angle": 0, "axis": "y", "origin": [16, 0, 0]},
			"faces": {
				"north": {"uv": [16, 0, 0, 16], "texture": "#1"},
				"east": {"uv": [0, 0, 0, 4], "texture": "#missing"},
				"south": {"uv": [0, 0, 16, 16], "texture": "#1"},
				"west": {"uv": [0, 0, 0, 4], "texture": "#missing"},
				"up": {"uv": [4, 0, 0, 0], "texture": "#missing"},
				"down": {"uv": [4, 0, 0, 0], "texture": "#missing"}
			}
		},
		{
			"from": [1, 19, 5],
			"to": [9, 27, 5],
			"faces": {
				"north": {"uv": [0, 0, 16, 16], "texture": "#2"},
				"east": {"uv": [0, 0, 0, 2], "texture": "#missing"},
				"south": {"uv": [16, 0, 0, 16], "texture": "#2"},
				"west": {"uv": [0, 0, 0, 2], "texture": "#missing"},
				"up": {"uv": [0, 0, 2, 0], "texture": "#missing"},
				"down": {"uv": [0, 0, 2, 0], "texture": "#missing"}
			}
		},
		{
			"from": [8, 18, 11],
			"to": [16, 26, 11],
			"faces": {
				"north": {"uv": [0, 0, 16, 16], "texture": "#2"},
				"east": {"uv": [0, 0, 0, 2], "texture": "#missing"},
				"south": {"uv": [16, 0, 0, 16], "texture": "#2"},
				"west": {"uv": [0, 0, 0, 2], "texture": "#missing"},
				"up": {"uv": [0, 0, 2, 0], "texture": "#missing"},
				"down": {"uv": [0, 0, 2, 0], "texture": "#missing"}
			}
		},
		{
			"from": [-5, 20, 6.5],
			"to": [1, 23, 9.5],
			"rotation": {"angle": 22.5, "axis": "z", "origin": [1, 23, 8]},
			"faces": {
				"north": {"uv": [2, 4.5, 3.5, 5.25], "texture": "#0"},
				"east": {"uv": [7.5, 4, 8.25, 4.75], "texture": "#0"},
				"south": {"uv": [3.5, 4.5, 2, 5.25], "texture": "#0"},
				"west": {"uv": [7.5, 4.75, 8.25, 5.5], "texture": "#0"},
				"up": {"uv": [6, 4, 4.5, 3.25], "texture": "#0"},
				"down": {"uv": [5, 4.5, 3.5, 5.25], "texture": "#0"}
			}
		},
		{
			"from": [1, 19.5, 6],
			"to": [4, 23, 10],
			"rotation": {"angle": 0, "axis": "y", "origin": [4, 20, 8]},
			"faces": {
				"north": {"uv": [7, 6.5, 7.75, 7.375], "texture": "#0"},
				"east": {"uv": [4, 6.75, 5, 7.625], "texture": "#0"},
				"south": {"uv": [7.75, 6.5, 7, 7.375], "texture": "#0"},
				"west": {"uv": [0, 7, 1, 7.875], "texture": "#0"},
				"up": {"uv": [1.75, 8, 1, 7], "texture": "#0"},
				"down": {"uv": [7.75, 2.5, 7, 3.5], "texture": "#0"}
			}
		},
		{
			"from": [-9.63895, 22.56513, 6.725],
			"to": [-4.63895, 25.06513, 9.225],
			"rotation": {"angle": 45, "axis": "z", "origin": [1, 23, 8]},
			"faces": {
				"north": {"uv": [4.75, 0, 6, 0.625], "texture": "#0"},
				"east": {"uv": [5, 7.5, 5.625, 8.125], "texture": "#0"},
				"south": {"uv": [6, 0, 4.75, 0.625], "texture": "#0"},
				"west": {"uv": [5.75, 7.5, 6.375, 8.125], "texture": "#0"},
				"up": {"uv": [6.25, 5.375, 5, 4.75], "texture": "#0"},
				"down": {"uv": [6.5, 0.75, 5.25, 1.375], "texture": "#0"}
			}
		},
		{
			"from": [-4.51734, 9.76984, 7.225],
			"to": [-3.01734, 13.76984, 8.725],
			"rotation": {"angle": -22.5, "axis": "z", "origin": [1, 23, 8]},
			"faces": {
				"north": {"uv": [5.75, 0.375, 4.75, 0], "rotation": 270, "texture": "#0"},
				"east": {"uv": [5.25, 1.125, 6.25, 0.75], "rotation": 90, "texture": "#0"},
				"south": {"uv": [4.75, 0.375, 5.75, 0], "rotation": 90, "texture": "#0"},
				"west": {"uv": [5.125, 5, 6.125, 5.375], "rotation": 90, "texture": "#0"},
				"up": {"uv": [5.375, 7.875, 5, 7.5], "rotation": 90, "texture": "#0"},
				"down": {"uv": [6.25, 8, 5.875, 7.625], "rotation": 90, "texture": "#0"}
			}
		},
		{
			"from": [1, 24, 8],
			"to": [7, 31, 8],
			"rotation": {"angle": 0, "axis": "y", "origin": [0, 21, 16]},
			"faces": {
				"north": {"uv": [2, 0, 3.5, 1.75], "texture": "#0"},
				"east": {"uv": [0, 0, 0, 1.75], "texture": "#0"},
				"south": {"uv": [3.5, 0, 2, 1.75], "texture": "#0"},
				"west": {"uv": [0, 0, 0, 1.75], "texture": "#0"},
				"up": {"uv": [1.5, 0, 0, 0], "texture": "#0"},
				"down": {"uv": [1.5, 0, 0, 0], "texture": "#0"}
			}
		}
	],
	"display": {
		"thirdperson_righthand": {
			"rotation": [0, 90, 0],
			"translation": [0, 0.75, 1.5],
			"scale": [0.5, 0.5, 0.5]
		},
		"thirdperson_lefthand": {
			"rotation": [0, -90, 0],
			"translation": [0, 0.75, 1.5],
			"scale": [0.5, 0.5, 0.5]
		},
		"firstperson_righthand": {
			"rotation": [0, 90, 20],
			"translation": [0, 0, 1.25],
			"scale": [0.4, 0.4, 0.4]
		},
		"firstperson_lefthand": {
			"rotation": [0, -90, -20],
			"translation": [0, 0, 1.25],
			"scale": [0.4, 0.4, 0.4]
		},
		"ground": {
			"translation": [0, 4, 0],
			"scale": [0.5, 0.5, 0.5]
		},
		"gui": {
			"rotation": [0, 0, -45],
			"translation": [-1.25, -1.5, 0],
			"scale": [0.5, 0.5, 0.5]
		},
		"head": {
			"translation": [0, 14, 0],
			"scale": [0.5, 0.5, 0.5]
		},
		"fixed": {
			"rotation": [0, 0, -45],
			"translation": [-1.25, -1.5, 0],
			"scale": [0.5, 0.5, 0.5]
		}
	},
	"groups": [
		0,
		1,
		2,
		3,
		4,
		5,
		6,
		7,
		8,
		9,
		10,
		11,
		12,
		13,
		{
			"name": "group",
			"origin": [0, 18, 16],
			"color": 0,
			"children": [
				14,
				15,
				{
					"name": "group",
					"origin": [0, 18, 16],
					"color": 0,
					"children": [16, 17]
				},
				18
			]
		},
		19,
		20,
		21,
		22,
		{
			"name": "group",
			"origin": [0, 18, 16],
			"color": 0,
			"children": [
				23,
				24,
				{
					"name": "group",
					"origin": [0, 18, 16],
					"color": 0,
					"children": [25, 26]
				},
				27
			]
		}
	]
}