{"parent":"item/generated","textures":{"layer0":"item/pickaxes/pixels/solar_flare_pickaxe"},"gui_light":"front","display":{"thirdperson_righthand":{"rotation":[0,-90,55],"translation":[0,4.0,0.5],"scale":[2.2,2.2,0.6]},"thirdperson_lefthand":{"rotation":[0,90,-55],"translation":[0,4.0,0.5],"scale":[2.2,2.2,0.6]},"firstperson_righthand":{"rotation":[0,-90,25],"translation":[1.13,3.2,1.13],"scale":[2.2,2.2,0.6]},"firstperson_lefthand":{"rotation":[0,90,-25],"translation":[1.13,3.2,1.13],"scale":[2.2,2.2,0.6]},"ground":{"scale":[1.75,1.75,0.4]},"fixed":{"scale":[3.0,3.0,1.5]},"gui":{"translation":[0,-0.5,0],"scale":[2.9,2.9,1.5]}}}