{
	"credit": "Polygony Creation Co.,Ltd.",
	"texture_size": [8, 8],
	"textures": {
		"0": "item/axes/lightning_power_axe/animations/animations_2",
		"1": "item/fishing_rods/lightning_power_fishing_rod",
		"particle": "item/fishing_rods/lightning_power_fishing_rod"
	},
	"elements": [
		{
			"from": [7.25, 0, 8.25],
			"to": [8.75, 1.5, 9.75],
			"rotation": {"angle": -45, "axis": "x", "origin": [7.25, -0.25, 8]},
			"faces": {
				"north": {"uv": [8, 4.66667, 9, 5.66667], "texture": "#1"},
				"east": {"uv": [6, 8, 7, 9], "texture": "#1"},
				"south": {"uv": [7.33333, 8, 8.33333, 9], "texture": "#1"},
				"west": {"uv": [1.33333, 8.66667, 2.33333, 9.66667], "texture": "#1"},
				"up": {"uv": [9.66667, 9, 8.66667, 8], "texture": "#1"},
				"down": {"uv": [1, 9.33333, 0, 10.33333], "texture": "#1"}
			}
		},
		{
			"from": [7.5, 1.57843, 7.5],
			"to": [8.5, 3.57843, 8.5],
			"rotation": {"angle": 0, "axis": "y", "origin": [7.5, 2.57843, 7.5]},
			"faces": {
				"north": {"uv": [11.33333, 6.66667, 12, 8], "texture": "#1"},
				"east": {"uv": [10.66667, 11.33333, 11.33333, 12.66667], "texture": "#1"},
				"south": {"uv": [11.33333, 11.33333, 12, 12.66667], "texture": "#1"},
				"west": {"uv": [0, 12, 0.66667, 13.33333], "texture": "#1"},
				"up": {"uv": [2, 8.66667, 1.33333, 8], "texture": "#1"}
			}
		},
		{
			"from": [7.6, 3.57843, 7.6],
			"to": [8.4, 5.57843, 8.4],
			"rotation": {"angle": 0, "axis": "y", "origin": [7.5, 4.57843, 7.5]},
			"faces": {
				"north": {"uv": [12, 0, 12.66667, 1.33333], "texture": "#1"},
				"east": {"uv": [0.66667, 12, 1.33333, 13.33333], "texture": "#1"},
				"south": {"uv": [2.66667, 12, 3.33333, 13.33333], "texture": "#1"},
				"west": {"uv": [12, 2.66667, 12.66667, 4], "texture": "#1"}
			}
		},
		{
			"from": [7.5, 5.57843, 7.5],
			"to": [8.5, 7.57843, 8.5],
			"rotation": {"angle": 0, "axis": "y", "origin": [7.5, 2.57843, 7.5]},
			"faces": {
				"north": {"uv": [3.33333, 12, 4, 13.33333], "texture": "#1"},
				"east": {"uv": [4, 12, 4.66667, 13.33333], "texture": "#1"},
				"south": {"uv": [12, 4, 12.66667, 5.33333], "texture": "#1"},
				"west": {"uv": [4.66667, 12, 5.33333, 13.33333], "texture": "#1"},
				"down": {"uv": [3.33333, 8.66667, 2.66667, 9.33333], "texture": "#1"}
			}
		},
		{
			"from": [7.5, 11.32843, 4.5],
			"to": [8.5, 12.32843, 5.5],
			"rotation": {"angle": 45, "axis": "x", "origin": [8, 9.82843, 3.5]},
			"faces": {
				"north": {"uv": [10, 2.66667, 10.66667, 3.33333], "texture": "#1"},
				"east": {"uv": [10, 8.66667, 10.66667, 9.33333], "texture": "#1"},
				"west": {"uv": [10.66667, 6.66667, 11.33333, 7.33333], "texture": "#1"},
				"up": {"uv": [1.33333, 14, 0.66667, 13.33333], "texture": "#1"},
				"down": {"uv": [14, 1.33333, 13.33333, 2], "texture": "#1"}
			}
		},
		{
			"from": [7.6, 10.28909, 5.11777],
			"to": [8.4, 11.08909, 5.91777],
			"rotation": {"angle": -22.5, "axis": "x", "origin": [8, 10.78909, 5.51777]},
			"faces": {
				"north": {"uv": [13.33333, 2, 14, 2.66667], "texture": "#1"},
				"east": {"uv": [2.66667, 13.33333, 3.33333, 14], "texture": "#1"},
				"south": {"uv": [13.33333, 2.66667, 14, 3.33333], "texture": "#1"},
				"west": {"uv": [3.33333, 13.33333, 4, 14], "texture": "#1"},
				"up": {"uv": [14, 4, 13.33333, 3.33333], "texture": "#1"}
			}
		},
		{
			"from": [7.35, 2.07843, 7.35],
			"to": [8.65, 2.57843, 8.65],
			"rotation": {"angle": 0, "axis": "y", "origin": [7.5, 2.07843, 7.5]},
			"faces": {
				"north": {"uv": [5.33333, 14, 6.33333, 14.33333], "texture": "#1"},
				"east": {"uv": [14, 5.33333, 15, 5.66667], "texture": "#1"},
				"south": {"uv": [14, 6, 15, 6.33333], "texture": "#1"},
				"west": {"uv": [6.66667, 14, 7.66667, 14.33333], "texture": "#1"},
				"up": {"uv": [3.66667, 10.33333, 2.66667, 9.33333], "texture": "#1"},
				"down": {"uv": [10.33333, 3.33333, 9.33333, 4.33333], "texture": "#1"}
			}
		},
		{
			"from": [7.35, 6.57843, 7.35],
			"to": [8.65, 7.07843, 8.65],
			"rotation": {"angle": 0, "axis": "y", "origin": [7.5, 6.57843, 7.5]},
			"faces": {
				"north": {"uv": [14, 6.66667, 15, 7], "texture": "#1"},
				"east": {"uv": [14, 7.33333, 15, 7.66667], "texture": "#1"},
				"south": {"uv": [14, 8, 15, 8.33333], "texture": "#1"},
				"west": {"uv": [8.66667, 14, 9.66667, 14.33333], "texture": "#1"},
				"up": {"uv": [5, 10.33333, 4, 9.33333], "texture": "#1"},
				"down": {"uv": [10.33333, 4.66667, 9.33333, 5.66667], "texture": "#1"}
			}
		},
		{
			"from": [7.2, 7.72843, 7.9],
			"to": [8.8, 9.92843, 10.1],
			"rotation": {"angle": -45, "axis": "x", "origin": [8.5, 7.82843, 8]},
			"faces": {
				"north": {"uv": [0, 8, 1, 9.33333], "texture": "#1"},
				"east": {"uv": [4.66667, 2, 6, 3.33333], "texture": "#1"},
				"south": {"uv": [3.33333, 8, 4.33333, 9.33333], "texture": "#1"},
				"west": {"uv": [4.66667, 3.33333, 6, 4.66667], "texture": "#1"},
				"up": {"uv": [9, 4.66667, 8, 3.33333], "texture": "#1"},
				"down": {"uv": [5.66667, 8, 4.66667, 9.33333], "texture": "#1"}
			}
		},
		{
			"from": [7.45, 6.97843, 8.15],
			"to": [8.55, 8.67843, 9.85],
			"rotation": {"angle": -45, "axis": "x", "origin": [8.5, 6.82843, 8]},
			"faces": {
				"north": {"uv": [9.33333, 12.66667, 10, 13.66667], "texture": "#1"},
				"east": {"uv": [5.33333, 9.33333, 6.33333, 10.33333], "texture": "#1"},
				"south": {"uv": [10.66667, 12.66667, 11.33333, 13.66667], "texture": "#1"},
				"west": {"uv": [9.33333, 6, 10.33333, 7], "texture": "#1"},
				"up": {"uv": [13.33333, 11.66667, 12.66667, 10.66667], "texture": "#1"},
				"down": {"uv": [12, 12.66667, 11.33333, 13.66667], "texture": "#1"}
			}
		},
		{
			"from": [7.25, 8.25, 5.75],
			"to": [8.75, 9.75, 8],
			"rotation": {"angle": -22.5, "axis": "x", "origin": [7.5, 8.25, 5.75]},
			"faces": {
				"north": {"uv": [6.66667, 9.33333, 7.66667, 10.33333], "texture": "#1"},
				"east": {"uv": [4.66667, 4.66667, 6.33333, 5.66667], "texture": "#1"},
				"south": {"uv": [8, 9.33333, 9, 10.33333], "texture": "#1"},
				"west": {"uv": [6, 0, 7.66667, 1], "texture": "#1"},
				"up": {"uv": [7, 3, 6, 1.33333], "texture": "#1"},
				"down": {"uv": [4.33333, 6, 3.33333, 7.66667], "texture": "#1"}
			}
		},
		{
			"from": [6.375, 8.71231, 5.91404],
			"to": [9.625, 9.46231, 6.66404],
			"rotation": {"angle": -45, "axis": "x", "origin": [6.375, 8.71231, 5.91404]},
			"faces": {
				"north": {"uv": [6.66667, 6.66667, 9, 7.33333], "texture": "#1"},
				"east": {"uv": [4, 13.33333, 4.66667, 14], "texture": "#1"},
				"south": {"uv": [7.33333, 1.33333, 9.66667, 2], "texture": "#1"},
				"west": {"uv": [13.33333, 4, 14, 4.66667], "texture": "#1"},
				"up": {"uv": [9.66667, 2.66667, 7.33333, 2], "texture": "#1"},
				"down": {"uv": [9.66667, 2.66667, 7.33333, 3.33333], "texture": "#1"}
			}
		},
		{
			"from": [6.93033, 8.96231, 6],
			"to": [7.43033, 9.46231, 10],
			"rotation": {"angle": 45, "axis": "z", "origin": [6.93033, 8.71231, 6]},
			"faces": {
				"north": {"uv": [14.66667, 2, 15, 2.33333], "texture": "#1"},
				"east": {"uv": [11.33333, 8, 14, 8.33333], "texture": "#1"},
				"south": {"uv": [2.66667, 14.66667, 3, 15], "texture": "#1"},
				"west": {"uv": [5.33333, 12, 8, 12.33333], "texture": "#1"},
				"up": {"uv": [12.33333, 8, 12, 5.33333], "texture": "#1"},
				"down": {"uv": [8.33333, 12, 8, 14.66667], "texture": "#1"}
			}
		},
		{
			"from": [8, 8.75, 9.5],
			"to": [9, 9.75, 11],
			"rotation": {"angle": 45, "axis": "z", "origin": [8, 8.75, 11.5]},
			"faces": {
				"north": {"uv": [4.66667, 13.33333, 5.33333, 14], "texture": "#1"},
				"east": {"uv": [12, 12.66667, 13, 13.33333], "texture": "#1"},
				"south": {"uv": [13.33333, 4.66667, 14, 5.33333], "texture": "#1"},
				"west": {"uv": [12.66667, 12, 13.66667, 12.66667], "texture": "#1"},
				"up": {"uv": [0.66667, 14.33333, 0, 13.33333], "texture": "#1"},
				"down": {"uv": [14, 0, 13.33333, 1], "texture": "#1"}
			}
		},
		{
			"from": [8.1, 8.85, 11],
			"to": [8.9, 9.65, 13],
			"rotation": {"angle": 45, "axis": "z", "origin": [8, 8.75, 13]},
			"faces": {
				"east": {"uv": [8, 6, 9.33333, 6.66667], "texture": "#1"},
				"south": {"uv": [13.33333, 5.33333, 14, 6], "texture": "#1"},
				"west": {"uv": [8.66667, 12, 10, 12.66667], "texture": "#1"},
				"up": {"uv": [12.66667, 10, 12, 8.66667], "texture": "#1"},
				"down": {"uv": [10.66667, 12, 10, 13.33333], "texture": "#1"}
			}
		},
		{
			"from": [7.4, 8.85711, 12.65],
			"to": [8.6, 10.05711, 13.85],
			"rotation": {"angle": -45, "axis": "x", "origin": [8, 9.45711, 13.25]},
			"faces": {
				"north": {"uv": [13.33333, 6, 14, 6.66667], "texture": "#1"},
				"east": {"uv": [13.33333, 6.66667, 14, 7.33333], "texture": "#1"},
				"south": {"uv": [13.33333, 7.33333, 14, 8], "texture": "#1"},
				"west": {"uv": [13.33333, 8.66667, 14, 9.33333], "texture": "#1"},
				"up": {"uv": [14, 10, 13.33333, 9.33333], "texture": "#1"},
				"down": {"uv": [10.66667, 13.33333, 10, 14], "texture": "#1"}
			}
		},
		{
			"from": [7.985, 5, 11],
			"to": [8.015, 9, 13],
			"rotation": {"angle": 0, "axis": "y", "origin": [7.985, 2, 13.5]},
			"faces": {
				"east": {"uv": [3.33333, 2, 2, 4.66667], "texture": "#1"},
				"west": {"uv": [2, 2, 3.33333, 4.66667], "texture": "#1"}
			}
		},
		{
			"from": [7.25, 8.25, 8],
			"to": [8.75, 9.75, 10.25],
			"rotation": {"angle": 22.5, "axis": "x", "origin": [7.5, 8.25, 10.25]},
			"faces": {
				"north": {"uv": [9.33333, 9.33333, 10.33333, 10.33333], "texture": "#1"},
				"east": {"uv": [6, 3.33333, 7.66667, 4.33333], "texture": "#1"},
				"south": {"uv": [1.33333, 10, 2.33333, 11], "texture": "#1"},
				"west": {"uv": [4.66667, 6, 6.33333, 7], "texture": "#1"},
				"up": {"uv": [3, 8.33333, 2, 6.66667], "texture": "#1"},
				"down": {"uv": [7.66667, 4.66667, 6.66667, 6.33333], "texture": "#1"}
			}
		},
		{
			"from": [7.5, 11.32843, 10.5],
			"to": [8.5, 12.32843, 11.5],
			"rotation": {"angle": -45, "axis": "x", "origin": [8, 9.82843, 12.5]},
			"faces": {
				"east": {"uv": [13.33333, 10.66667, 14, 11.33333], "texture": "#1"},
				"south": {"uv": [13.33333, 11.33333, 14, 12], "texture": "#1"},
				"west": {"uv": [12, 13.33333, 12.66667, 14], "texture": "#1"},
				"up": {"uv": [13.33333, 14, 12.66667, 13.33333], "texture": "#1"},
				"down": {"uv": [14, 12.66667, 13.33333, 13.33333], "texture": "#1"}
			}
		},
		{
			"from": [7.6, 10.28909, 10.08223],
			"to": [8.4, 11.08909, 10.88223],
			"rotation": {"angle": 22.5, "axis": "x", "origin": [8, 10.78909, 10.48223]},
			"faces": {
				"north": {"uv": [13.33333, 13.33333, 14, 14], "texture": "#1"},
				"east": {"uv": [14, 0, 14.66667, 0.66667], "texture": "#1"},
				"south": {"uv": [0.66667, 14, 1.33333, 14.66667], "texture": "#1"},
				"west": {"uv": [14, 0.66667, 14.66667, 1.33333], "texture": "#1"},
				"up": {"uv": [2, 14.66667, 1.33333, 14], "texture": "#1"}
			}
		},
		{
			"from": [6.375, 8.71231, 9.33596],
			"to": [9.625, 9.46231, 10.08596],
			"rotation": {"angle": 45, "axis": "x", "origin": [6.375, 8.71231, 10.08596]},
			"faces": {
				"north": {"uv": [4.66667, 7.33333, 7, 8], "texture": "#1"},
				"east": {"uv": [14, 1.33333, 14.66667, 2], "texture": "#1"},
				"south": {"uv": [7.33333, 7.33333, 9.66667, 8], "texture": "#1"},
				"west": {"uv": [2, 14, 2.66667, 14.66667], "texture": "#1"},
				"up": {"uv": [10.33333, 0.66667, 8, 0], "texture": "#1"},
				"down": {"uv": [10.33333, 0.66667, 8, 1.33333], "texture": "#1"}
			}
		},
		{
			"from": [6.737, 5.91409, 6.25],
			"to": [6.767, 8.91409, 9.75],
			"rotation": {"angle": 0, "axis": "y", "origin": [6.75355, 1.91409, 5.5]},
			"faces": {
				"east": {"uv": [4.33333, 0, 2, 2], "texture": "#1"},
				"west": {"uv": [2, 0, 4.33333, 2], "texture": "#1"}
			}
		},
		{
			"from": [8.56967, 8.96231, 6],
			"to": [9.06967, 9.46231, 10],
			"rotation": {"angle": -45, "axis": "z", "origin": [9.06967, 8.71231, 6]},
			"faces": {
				"north": {"uv": [15, 2, 14.66667, 2.33333], "texture": "#1"},
				"east": {"uv": [8, 12, 5.33333, 12.33333], "texture": "#1"},
				"south": {"uv": [3, 14.66667, 2.66667, 15], "texture": "#1"},
				"west": {"uv": [14, 8, 11.33333, 8.33333], "texture": "#1"},
				"up": {"uv": [12, 8, 12.33333, 5.33333], "texture": "#1"},
				"down": {"uv": [8, 12, 8.33333, 14.66667], "texture": "#1"}
			}
		},
		{
			"from": [9.233, 5.91409, 6.25],
			"to": [9.263, 8.91409, 9.75],
			"rotation": {"angle": 0, "axis": "y", "origin": [9.24645, 1.91409, 5.5]},
			"faces": {
				"east": {"uv": [4.33333, 0, 2, 2], "texture": "#1"},
				"west": {"uv": [2, 0, 4.33333, 2], "texture": "#1"}
			}
		},
		{
			"from": [7.25, 21.15, 8.25],
			"to": [8.75, 22.65, 9.75],
			"rotation": {"angle": 45, "axis": "x", "origin": [7.25, 22.9, 8]},
			"faces": {
				"north": {"uv": [10, 1.33333, 11, 2.33333], "texture": "#1"},
				"east": {"uv": [10, 7.33333, 11, 8.33333], "texture": "#1"},
				"south": {"uv": [0, 10.66667, 1, 11.66667], "texture": "#1"},
				"west": {"uv": [10.66667, 0, 11.66667, 1], "texture": "#1"},
				"up": {"uv": [3.66667, 11.66667, 2.66667, 10.66667], "texture": "#1"},
				"down": {"uv": [11.66667, 2.66667, 10.66667, 3.66667], "texture": "#1"}
			}
		},
		{
			"from": [7.5, 10.22843, 7.5],
			"to": [8.5, 12.22843, 8.5],
			"rotation": {"angle": 0, "axis": "y", "origin": [7.5, 11.22843, 7.5]},
			"faces": {
				"north": {"uv": [12, 10, 12.66667, 11.33333], "texture": "#1"},
				"east": {"uv": [12, 11.33333, 12.66667, 12.66667], "texture": "#1"},
				"south": {"uv": [12.66667, 0, 13.33333, 1.33333], "texture": "#1"},
				"west": {"uv": [1.33333, 12.66667, 2, 14], "texture": "#1"},
				"up": {"uv": [14.66667, 2.66667, 14, 2], "texture": "#1"}
			}
		},
		{
			"from": [7.6, 12.22843, 7.6],
			"to": [8.4, 14.22843, 8.4],
			"rotation": {"angle": 0, "axis": "y", "origin": [7.5, 13.22843, 7.5]},
			"faces": {
				"north": {"uv": [12.66667, 1.33333, 13.33333, 2.66667], "texture": "#1"},
				"east": {"uv": [2, 12.66667, 2.66667, 14], "texture": "#1"},
				"south": {"uv": [12.66667, 2.66667, 13.33333, 4], "texture": "#1"},
				"west": {"uv": [12.66667, 4, 13.33333, 5.33333], "texture": "#1"}
			}
		},
		{
			"from": [7.5, 14.22843, 7.5],
			"to": [8.5, 16.22843, 8.5],
			"rotation": {"angle": 0, "axis": "y", "origin": [7.5, 11.22843, 7.5]},
			"faces": {
				"north": {"uv": [5.33333, 12.66667, 6, 14], "texture": "#1"},
				"east": {"uv": [12.66667, 5.33333, 13.33333, 6.66667], "texture": "#1"},
				"south": {"uv": [6, 12.66667, 6.66667, 14], "texture": "#1"},
				"west": {"uv": [6.66667, 12.66667, 7.33333, 14], "texture": "#1"},
				"down": {"uv": [3.33333, 14, 2.66667, 14.66667], "texture": "#1"}
			}
		},
		{
			"from": [7.35, 10.72843, 7.35],
			"to": [8.65, 11.22843, 8.65],
			"rotation": {"angle": 0, "axis": "y", "origin": [7.5, 10.72843, 7.5]},
			"faces": {
				"north": {"uv": [14, 8.66667, 15, 9], "texture": "#1"},
				"east": {"uv": [14, 9.33333, 15, 9.66667], "texture": "#1"},
				"south": {"uv": [10, 14, 11, 14.33333], "texture": "#1"},
				"west": {"uv": [14, 10.66667, 15, 11], "texture": "#1"},
				"up": {"uv": [5, 11.66667, 4, 10.66667], "texture": "#1"},
				"down": {"uv": [11.66667, 4, 10.66667, 5], "texture": "#1"}
			}
		},
		{
			"from": [7.35, 15.22843, 7.35],
			"to": [8.65, 15.72843, 8.65],
			"rotation": {"angle": 0, "axis": "y", "origin": [7.5, 15.22843, 7.5]},
			"faces": {
				"north": {"uv": [11.33333, 14, 12.33333, 14.33333], "texture": "#1"},
				"east": {"uv": [14, 11.33333, 15, 11.66667], "texture": "#1"},
				"south": {"uv": [14, 12, 15, 12.33333], "texture": "#1"},
				"west": {"uv": [12.66667, 14, 13.66667, 14.33333], "texture": "#1"},
				"up": {"uv": [6.33333, 11.66667, 5.33333, 10.66667], "texture": "#1"},
				"down": {"uv": [11.66667, 5.33333, 10.66667, 6.33333], "texture": "#1"}
			}
		},
		{
			"from": [7.5, 19.22843, 7.5],
			"to": [8.5, 21.22843, 8.5],
			"rotation": {"angle": 0, "axis": "y", "origin": [7.5, 20.22843, 7.5]},
			"faces": {
				"north": {"uv": [12.66667, 6.66667, 13.33333, 8], "texture": "#1"},
				"east": {"uv": [7.33333, 12.66667, 8, 14], "texture": "#1"},
				"south": {"uv": [8.66667, 12.66667, 9.33333, 14], "texture": "#1"},
				"west": {"uv": [12.66667, 8.66667, 13.33333, 10], "texture": "#1"},
				"up": {"uv": [14.66667, 3.33333, 14, 2.66667], "texture": "#1"}
			}
		},
		{
			"from": [7.35, 19.72843, 7.35],
			"to": [8.65, 20.22843, 8.65],
			"rotation": {"angle": 0, "axis": "y", "origin": [7.5, 19.72843, 7.5]},
			"faces": {
				"north": {"uv": [14, 12.66667, 15, 13], "texture": "#1"},
				"east": {"uv": [14, 13.33333, 15, 13.66667], "texture": "#1"},
				"south": {"uv": [14, 14, 15, 14.33333], "texture": "#1"},
				"west": {"uv": [0, 14.66667, 1, 15], "texture": "#1"},
				"up": {"uv": [7.66667, 11.66667, 6.66667, 10.66667], "texture": "#1"},
				"down": {"uv": [9, 10.66667, 8, 11.66667], "texture": "#1"}
			}
		},
		{
			"from": [8, 16.22843, 6.93934],
			"to": [9.5, 19.22843, 8.43934],
			"rotation": {"angle": -45, "axis": "y", "origin": [8, 16.72843, 6.93934]},
			"faces": {
				"north": {"uv": [3.33333, 2, 4.33333, 4], "texture": "#1"},
				"east": {"uv": [3.33333, 4, 4.33333, 6], "texture": "#1"},
				"south": {"uv": [4.66667, 0, 5.66667, 2], "texture": "#1"},
				"west": {"uv": [2, 4.66667, 3, 6.66667], "texture": "#1"},
				"up": {"uv": [11.66667, 9.66667, 10.66667, 8.66667], "texture": "#1"},
				"down": {"uv": [10.33333, 10.66667, 9.33333, 11.66667], "texture": "#1"}
			}
		},
		{
			"from": [7.98, 10, 5.1],
			"to": [8.02, 21.5, 7.6],
			"rotation": {"angle": 0, "axis": "y", "origin": [7.98, 10, 4.6]},
			"faces": {
				"east": {"uv": [1.66667, 0, 0, 7.66667], "texture": "#1"},
				"west": {"uv": [0, 0, 1.66667, 7.66667], "texture": "#1"}
			}
		},
		{
			"from": [8.14645, 11.75, 5.5],
			"to": [9.64645, 12.25, 7],
			"rotation": {"angle": -45, "axis": "y", "origin": [7.64645, 11.75, 5.5]},
			"faces": {
				"north": {"uv": [14.66667, 0, 15.66667, 0.33333], "texture": "#1"},
				"east": {"uv": [14.66667, 0.66667, 15.66667, 1], "texture": "#1"},
				"south": {"uv": [1.33333, 14.66667, 2.33333, 15], "texture": "#1"},
				"west": {"uv": [14.66667, 1.33333, 15.66667, 1.66667], "texture": "#1"},
				"up": {"uv": [11.66667, 11, 10.66667, 10], "texture": "#1"},
				"down": {"uv": [2.33333, 11.33333, 1.33333, 12.33333], "texture": "#1"}
			}
		},
		{
			"from": [8.14645, 14.5, 5.5],
			"to": [9.64645, 15, 7],
			"rotation": {"angle": -45, "axis": "y", "origin": [7.64645, 14.5, 5.5]},
			"faces": {
				"north": {"uv": [14.66667, 0, 15.66667, 0.33333], "texture": "#1"},
				"east": {"uv": [14.66667, 0.66667, 15.66667, 1], "texture": "#1"},
				"south": {"uv": [1.33333, 14.66667, 2.33333, 15], "texture": "#1"},
				"west": {"uv": [14.66667, 1.33333, 15.66667, 1.66667], "texture": "#1"},
				"up": {"uv": [11.66667, 11, 10.66667, 10], "texture": "#1"},
				"down": {"uv": [2.33333, 11.33333, 1.33333, 12.33333], "texture": "#1"}
			}
		},
		{
			"from": [8.14645, 17, 5.5],
			"to": [9.64645, 17.5, 7],
			"rotation": {"angle": -45, "axis": "y", "origin": [7.64645, 17, 5.5]},
			"faces": {
				"north": {"uv": [14.66667, 0, 15.66667, 0.33333], "texture": "#1"},
				"east": {"uv": [14.66667, 0.66667, 15.66667, 1], "texture": "#1"},
				"south": {"uv": [1.33333, 14.66667, 2.33333, 15], "texture": "#1"},
				"west": {"uv": [14.66667, 1.33333, 15.66667, 1.66667], "texture": "#1"},
				"up": {"uv": [11.66667, 11, 10.66667, 10], "texture": "#1"},
				"down": {"uv": [2.33333, 11.33333, 1.33333, 12.33333], "texture": "#1"}
			}
		},
		{
			"from": [8.14645, 20, 5.5],
			"to": [9.64645, 20.5, 7],
			"rotation": {"angle": -45, "axis": "y", "origin": [7.64645, 20, 5.5]},
			"faces": {
				"north": {"uv": [14.66667, 0, 15.66667, 0.33333], "texture": "#1"},
				"east": {"uv": [14.66667, 0.66667, 15.66667, 1], "texture": "#1"},
				"south": {"uv": [1.33333, 14.66667, 2.33333, 15], "texture": "#1"},
				"west": {"uv": [14.66667, 1.33333, 15.66667, 1.66667], "texture": "#1"},
				"up": {"uv": [11.66667, 11, 10.66667, 10], "texture": "#1"},
				"down": {"uv": [2.33333, 11.33333, 1.33333, 12.33333], "texture": "#1"}
			}
		},
		{
			"from": [7.5, 16.96421, 3.41421],
			"to": [8.5, 17.96421, 4.41421],
			"rotation": {"angle": 0, "axis": "x", "origin": [7.5, 16.96421, 3.41421]},
			"faces": {
				"north": {"uv": [3.33333, 14, 4, 14.66667], "texture": "#1"},
				"east": {"uv": [14, 3.33333, 14.66667, 4], "texture": "#1"},
				"south": {"uv": [4, 14, 4.66667, 14.66667], "texture": "#1"},
				"west": {"uv": [14, 4, 14.66667, 4.66667], "texture": "#1"},
				"up": {"uv": [5.33333, 14.66667, 4.66667, 14], "texture": "#1"},
				"down": {"uv": [14.66667, 4.66667, 14, 5.33333], "texture": "#1"}
			}
		},
		{
			"from": [7.985, 15.90381, 4.71447],
			"to": [8.015, 16.40381, 8.71447],
			"rotation": {"angle": -45, "axis": "x", "origin": [7.985, 15.90381, 2.71447]},
			"faces": {
				"east": {"uv": [15.33333, 10, 12.66667, 10.33333], "texture": "#1"},
				"west": {"uv": [12.66667, 10, 15.33333, 10.33333], "texture": "#1"}
			}
		},
		{
			"from": [7.985, 15.46421, 3.06421],
			"to": [8.015, 16.96421, 4.56421],
			"rotation": {"angle": -45, "axis": "x", "origin": [7.985, 16.46421, 3.56421]},
			"faces": {
				"east": {"uv": [12.33333, 1.33333, 11.33333, 2.33333], "texture": "#1"},
				"west": {"uv": [11.33333, 1.33333, 12.33333, 2.33333], "texture": "#1"}
			}
		},
		{
			"from": [7.995, 10.23578, 8.5],
			"to": [8.005, 15.23578, 11.5],
			"rotation": {"angle": 0, "axis": "y", "origin": [8, 10.58578, 2]},
			"faces": {
				"east": {"uv": [10, 0, 0, 6], "rotation": 270, "texture": "#0"},
				"west": {"uv": [0, 0, 10, 6], "rotation": 90, "texture": "#0"}
			}
		},
		{
			"from": [5.43934, 18.72843, 7.99],
			"to": [7.43934, 21.72843, 8],
			"rotation": {"angle": 0, "axis": "y", "origin": [6.43934, 20.22843, 7.995]},
			"faces": {
				"north": {"uv": [0, 7, 6, 11], "rotation": 90, "texture": "#0"},
				"south": {"uv": [6, 7, 0, 11], "rotation": 270, "texture": "#0"}
			}
		},
		{
			"from": [9.01066, 17.22843, 7.99],
			"to": [10.01066, 19.22843, 8],
			"rotation": {"angle": 0, "axis": "x", "origin": [9.51066, 18.22843, 7.745]},
			"faces": {
				"north": {"uv": [11, 0, 15, 2], "rotation": 270, "texture": "#0"},
				"south": {"uv": [15, 0, 11, 2], "rotation": 90, "texture": "#0"}
			}
		}
	],
	"gui_light": "front",
	"display": {
		"thirdperson_righthand": {
			"translation": [0, 2.5, 1],
			"scale": [1.1, 1.1, 1.1]
		},
		"thirdperson_lefthand": {
			"translation": [0, 2.5, 1],
			"scale": [1.1, 1.1, 1.1]
		},
		"firstperson_righthand": {
			"rotation": [-10, 0, 0],
			"translation": [2, 1, 1.5],
			"scale": [0.8, 0.8, 0.8]
		},
		"firstperson_lefthand": {
			"rotation": [-10, 0, 0],
			"translation": [2, 1, 1.5],
			"scale": [0.8, 0.8, 0.8]
		},
		"ground": {
			"rotation": [-45, 0, 0],
			"translation": [0, 5, 0],
			"scale": [0.7, 0.7, 0.7]
		},
		"gui": {
			"rotation": [-90, 45, 90],
			"translation": [2, -2, 0],
			"scale": [0.9, 0.9, 0.9]
		},
		"head": {
			"rotation": [0, -90, 0]
		},
		"fixed": {
			"rotation": [0, -90, 0],
			"translation": [0, 0, -2.25],
			"scale": [2, 2, 2]
		}
	}
}