{
	"credit": "Made with Blockbench",
	"texture_size": [32, 32],
	"textures": {
		"0": "item/multiple/halloween_2024/animation_1",
		"1": "item/keys/halloween_2024_key",
		"particle": "item/keys/halloween_2024_key"
	},
	"elements": [
		{
			"from": [7.5, 8.25, 1.74112],
			"to": [8.5, 9.75, 3.24112],
			"rotation": {"angle": -45, "axis": "x", "origin": [8, 9, 2.49112]},
			"faces": {
				"north": {"uv": [0.5, 10.5, 0, 11.25], "rotation": 180, "texture": "#1"},
				"east": {"uv": [8, 7.5, 8.75, 8.25], "rotation": 270, "texture": "#1"},
				"south": {"uv": [7, 10.75, 6.5, 10], "texture": "#1"},
				"west": {"uv": [1.5, 8.5, 2.25, 9.25], "rotation": 90, "texture": "#1"},
				"up": {"uv": [4.5, 10, 5, 10.75], "rotation": 180, "texture": "#1"},
				"down": {"uv": [5.5, 10, 6, 10.75], "texture": "#1"}
			}
		},
		{
			"from": [7, 8, 2.99112],
			"to": [9, 10, 4.99112],
			"rotation": {"angle": 0, "axis": "y", "origin": [8, 9, 3.99112]},
			"faces": {
				"north": {"uv": [9, 0, 8, 1], "rotation": 180, "texture": "#1"},
				"east": {"uv": [6.5, 1.5, 7.5, 2.5], "rotation": 270, "texture": "#1"},
				"south": {"uv": [1, 8.5, 0, 7.5], "texture": "#1"},
				"west": {"uv": [6.5, 4.5, 7.5, 5.5], "rotation": 90, "texture": "#1"},
				"up": {"uv": [6.5, 0, 7.5, 1], "rotation": 180, "texture": "#1"},
				"down": {"uv": [6.5, 3, 7.5, 4], "texture": "#1"}
			}
		},
		{
			"from": [7.75, 8.31066, 4.99112],
			"to": [9.75, 10.31066, 5.49112],
			"rotation": {"angle": -45, "axis": "z", "origin": [8, 10.06066, 4.99112]},
			"faces": {
				"north": {"uv": [9, 3, 8, 4], "rotation": 180, "texture": "#1"},
				"east": {"uv": [10.5, 6.5, 11.5, 6.75], "rotation": 270, "texture": "#1"},
				"south": {"uv": [9, 2.5, 8, 1.5], "texture": "#1"},
				"west": {"uv": [10.5, 7.5, 11.5, 7.75], "rotation": 90, "texture": "#1"},
				"up": {"uv": [10.5, 5.5, 11.5, 5.75], "rotation": 180, "texture": "#1"},
				"down": {"uv": [7.5, 10.5, 8.5, 10.75], "texture": "#1"}
			}
		},
		{
			"from": [8, 8.56066, 5.49112],
			"to": [9.5, 10.06066, 6.49112],
			"rotation": {"angle": -45, "axis": "z", "origin": [8, 10.06066, 5.49112]},
			"faces": {
				"east": {"uv": [10.5, 2.5, 11.25, 3], "rotation": 270, "texture": "#1"},
				"south": {"uv": [3.75, 9.25, 3, 8.5], "texture": "#1"},
				"west": {"uv": [10.5, 4.5, 11.25, 5], "rotation": 90, "texture": "#1"},
				"up": {"uv": [10.5, 1.5, 11.25, 2], "rotation": 180, "texture": "#1"},
				"down": {"uv": [10.5, 3.5, 11.25, 4], "texture": "#1"}
			}
		},
		{
			"from": [8, 8.56066, 8.49112],
			"to": [9.5, 10.06066, 9.99112],
			"rotation": {"angle": -45, "axis": "z", "origin": [8, 10.06066, 10.49112]},
			"faces": {
				"north": {"uv": [10.25, 0, 9.5, 0.75], "rotation": 180, "texture": "#1"},
				"east": {"uv": [6, 8.5, 6.75, 9.25], "rotation": 270, "texture": "#1"},
				"south": {"uv": [9.75, 9.75, 9, 9], "texture": "#1"},
				"west": {"uv": [7.5, 9, 8.25, 9.75], "rotation": 90, "texture": "#1"},
				"up": {"uv": [4.5, 8.5, 5.25, 9.25], "rotation": 180, "texture": "#1"},
				"down": {"uv": [0, 9, 0.75, 9.75], "texture": "#1"}
			}
		},
		{
			"from": [7.75, 8.31066, 8.99112],
			"to": [9.75, 10.31066, 9.49112],
			"rotation": {"angle": -45, "axis": "z", "origin": [8, 10.06066, 9.49112]},
			"faces": {
				"north": {"uv": [9, 6, 8, 7], "rotation": 180, "texture": "#1"},
				"east": {"uv": [9, 10.5, 10, 10.75], "rotation": 270, "texture": "#1"},
				"south": {"uv": [9, 5.5, 8, 4.5], "texture": "#1"},
				"west": {"uv": [10.5, 10.5, 11.5, 10.75], "rotation": 90, "texture": "#1"},
				"up": {"uv": [10.5, 8.5, 11.5, 8.75], "rotation": 180, "texture": "#1"},
				"down": {"uv": [10.5, 9.5, 11.5, 9.75], "texture": "#1"}
			}
		},
		{
			"from": [8, 8.70711, 6.49112],
			"to": [9, 9.70711, 8.49112],
			"rotation": {"angle": -45, "axis": "z", "origin": [8, 9.70711, 5.49112]},
			"faces": {
				"east": {"uv": [9.5, 3, 10, 4], "rotation": 270, "texture": "#1"},
				"west": {"uv": [9.5, 6, 10, 7], "rotation": 90, "texture": "#1"},
				"up": {"uv": [9.5, 1.5, 10, 2.5], "rotation": 180, "texture": "#1"},
				"down": {"uv": [9.5, 4.5, 10, 5.5], "texture": "#1"}
			}
		},
		{
			"from": [8, 8.70711, 9.99112],
			"to": [9, 9.70711, 11.99112],
			"rotation": {"angle": -45, "axis": "z", "origin": [8, 9.70711, 9.49112]},
			"faces": {
				"east": {"uv": [1.5, 10, 2, 11], "rotation": 270, "texture": "#1"},
				"west": {"uv": [3.5, 10, 4, 11], "rotation": 90, "texture": "#1"},
				"up": {"uv": [9.5, 7.5, 10, 8.5], "rotation": 180, "texture": "#1"},
				"down": {"uv": [2.5, 10, 3, 11], "texture": "#1"}
			}
		},
		{
			"from": [6.75, 6, 11.24112],
			"to": [9.25, 9.5, 14.74112],
			"rotation": {"angle": -45, "axis": "x", "origin": [7.75, 9, 11.74112]},
			"faces": {
				"north": {"uv": [7.25, 6, 6, 7.75], "rotation": 180, "texture": "#1"},
				"east": {"uv": [0, 0, 1.75, 1.75], "rotation": 270, "texture": "#1"},
				"south": {"uv": [5.25, 7.75, 4, 6], "texture": "#1"},
				"west": {"uv": [0, 2.5, 1.75, 4.25], "rotation": 90, "texture": "#1"},
				"up": {"uv": [0, 5, 1.25, 6.75], "rotation": 180, "texture": "#1"},
				"down": {"uv": [2, 6, 3.25, 7.75], "texture": "#1"}
			}
		},
		{
			"from": [6.5, 7.5, 12.00888],
			"to": [9.5, 10.5, 15.00888],
			"rotation": {"angle": -45, "axis": "x", "origin": [8, 9, 13.50888]},
			"faces": {
				"north": {"uv": [2.5, 0, 4, 1.5], "texture": "#1"},
				"east": {"uv": [2.5, 2, 4, 3.5], "texture": "#1"},
				"south": {"uv": [2.5, 4, 4, 5.5], "texture": "#1"},
				"west": {"uv": [4.5, 0, 6, 1.5], "texture": "#1"},
				"up": {"uv": [6, 3.5, 4.5, 2], "texture": "#1"},
				"down": {"uv": [6, 4, 4.5, 5.5], "texture": "#1"}
			}
		},
		{
			"from": [6.4, 10.25, 3.25],
			"to": [6.43, 13.75, 10.75],
			"rotation": {"angle": -22.5, "axis": "x", "origin": [6.4, 12, 7]},
			"faces": {
				"west": {"uv": [0, 0, 7.5, 3.5], "texture": "#0"}
			}
		},
		{
			"from": [6.15, 5.5, 8.25],
			"to": [6.18, 9, 14.75],
			"rotation": {"angle": 22.5, "axis": "x", "origin": [6.15, 7.25, 11.5]},
			"faces": {
				"west": {"uv": [6, 5.5, 12.5, 9], "texture": "#0"}
			}
		},
		{
			"from": [9.57, 10.25, 3.25],
			"to": [9.6, 13.75, 10.75],
			"rotation": {"angle": -22.5, "axis": "x", "origin": [9.6, 12, 7]},
			"faces": {
				"east": {"uv": [7.5, 0, 0, 3.5], "texture": "#0"}
			}
		},
		{
			"from": [9.82, 5.5, 8.25],
			"to": [9.85, 9, 14.75],
			"rotation": {"angle": 22.5, "axis": "x", "origin": [9.85, 7.25, 11.5]},
			"faces": {
				"east": {"uv": [12.5, 5.5, 6, 9], "texture": "#0"}
			}
		},
		{
			"from": [7.75, 6, 3.24112],
			"to": [8.25, 8, 3.74112],
			"rotation": {"angle": 0, "axis": "y", "origin": [7.75, 9.75, 4.74112]},
			"faces": {
				"north": {"uv": [3.75, 11.5, 3.5, 12.5], "rotation": 180, "texture": "#1"},
				"east": {"uv": [11, 0, 12, 0.25], "rotation": 270, "texture": "#1"},
				"south": {"uv": [2.75, 12.5, 2.5, 11.5], "texture": "#1"},
				"west": {"uv": [1, 11.5, 2, 11.75], "rotation": 90, "texture": "#1"},
				"down": {"uv": [0, 12, 0.25, 12.25], "texture": "#1"}
			}
		},
		{
			"from": [7.75, 6, 4.24112],
			"to": [8.25, 8, 4.74112],
			"rotation": {"angle": 0, "axis": "y", "origin": [7.75, 9.75, 4.74112]},
			"faces": {
				"north": {"uv": [8.75, 11.5, 8.5, 12.5], "rotation": 180, "texture": "#1"},
				"east": {"uv": [4.5, 11.5, 5.5, 11.75], "rotation": 270, "texture": "#1"},
				"south": {"uv": [7.75, 12.5, 7.5, 11.5], "texture": "#1"},
				"west": {"uv": [6, 11.5, 7, 11.75], "rotation": 90, "texture": "#1"},
				"down": {"uv": [12, 2, 12.25, 2.25], "texture": "#1"}
			}
		},
		{
			"from": [7.75, 6.5, 3.74112],
			"to": [8.25, 8, 4.24112],
			"rotation": {"angle": 0, "axis": "y", "origin": [7.75, 9.75, 4.74112]},
			"faces": {
				"east": {"uv": [9.5, 11.5, 10.25, 11.75], "rotation": 270, "texture": "#1"},
				"west": {"uv": [11, 11.5, 11.75, 11.75], "rotation": 90, "texture": "#1"},
				"down": {"uv": [12, 1, 12.25, 1.25], "texture": "#1"}
			}
		}
	],
	"gui_light": "front",
	"display": {
		"thirdperson_righthand": {
			"rotation": [68, 0, 0],
			"translation": [0, 4.5, -2.5]
		},
		"thirdperson_lefthand": {
			"rotation": [68, 0, 0],
			"translation": [0, 4.5, -2.5]
		},
		"firstperson_righthand": {
			"rotation": [20, 0, -26],
			"translation": [-0.5, 4.5, 0.75],
			"scale": [0.7, 0.7, 0.7]
		},
		"firstperson_lefthand": {
			"rotation": [20, 0, -26],
			"translation": [-0.5, 4.5, 0.75],
			"scale": [0.7, 0.7, 0.7]
		},
		"ground": {
			"rotation": [45, 0, 0],
			"translation": [0, 3, 0],
			"scale": [0.7, 0.7, 0.7]
		},
		"gui": {
			"rotation": [-90, 135, 90],
			"translation": [-1.25, -0.5, 0],
			"scale": [1.2, 1.2, 1.2]
		},
		"head": {
			"rotation": [-90, -43.75, -90],
			"translation": [0, 10.25, 0]
		},
		"fixed": {
			"rotation": [0, -90, 0],
			"translation": [-0.25, -2, -1.5],
			"scale": [2, 2, 2]
		}
	}
}