{
	"credit": "Polygony Creation Co.,Ltd.",
	"texture_size": [8, 8],
	"textures": {
		"0": "item/axes/lightning_power_axe/animations/animations_2",
		"1": "item/keys/lightning_power_key",
		"particle": "item/keys/lightning_power_key"
	},
	"elements": [
		{
			"from": [7.25, 6.25, 2.32665],
			"to": [8.75, 7.75, 3.82665],
			"rotation": {"angle": -45, "axis": "x", "origin": [7.25, 8, 2.07665]},
			"faces": {
				"north": {"uv": [7, 5.33333, 6, 6.33333], "rotation": 180, "texture": "#1"},
				"east": {"uv": [6, 1.33333, 7, 2.33333], "rotation": 270, "texture": "#1"},
				"south": {"uv": [5.66667, 7, 4.66667, 6], "texture": "#1"},
				"west": {"uv": [6, 4, 7, 5], "rotation": 90, "texture": "#1"},
				"up": {"uv": [6, 0, 7, 1], "rotation": 180, "texture": "#1"},
				"down": {"uv": [6, 2.66667, 7, 3.66667], "texture": "#1"}
			}
		},
		{
			"from": [7.5, 7.5, 3.90508],
			"to": [8.5, 8.5, 5.90508],
			"rotation": {"angle": 0, "axis": "y", "origin": [7.5, 8.5, 4.90508]},
			"faces": {
				"east": {"uv": [5.33333, 7.33333, 6, 8.66667], "rotation": 270, "texture": "#1"},
				"south": {"uv": [4.66667, 7.33333, 4, 6.66667], "texture": "#1"},
				"west": {"uv": [1.33333, 8, 2, 9.33333], "rotation": 90, "texture": "#1"},
				"up": {"uv": [2.66667, 5.33333, 3.33333, 6.66667], "rotation": 180, "texture": "#1"},
				"down": {"uv": [7.33333, 6.66667, 8, 8], "texture": "#1"}
			}
		},
		{
			"from": [7.6, 7.6, 5.90508],
			"to": [8.4, 8.4, 7.90508],
			"rotation": {"angle": 0, "axis": "y", "origin": [7.5, 8.5, 6.90508]},
			"faces": {
				"east": {"uv": [2.66667, 8, 3.33333, 9.33333], "rotation": 270, "texture": "#1"},
				"west": {"uv": [6, 8, 6.66667, 9.33333], "rotation": 90, "texture": "#1"},
				"up": {"uv": [2, 8, 2.66667, 9.33333], "rotation": 180, "texture": "#1"},
				"down": {"uv": [3.33333, 8, 4, 9.33333], "texture": "#1"}
			}
		},
		{
			"from": [7.5, 7.5, 7.90508],
			"to": [8.5, 8.5, 9.90508],
			"rotation": {"angle": 0, "axis": "y", "origin": [7.5, 8.5, 4.90508]},
			"faces": {
				"north": {"uv": [9.33333, 8.66667, 8.66667, 9.33333], "rotation": 180, "texture": "#1"},
				"east": {"uv": [8, 6.66667, 8.66667, 8], "rotation": 270, "texture": "#1"},
				"west": {"uv": [8, 8, 8.66667, 9.33333], "rotation": 90, "texture": "#1"},
				"up": {"uv": [6.66667, 8, 7.33333, 9.33333], "rotation": 180, "texture": "#1"},
				"down": {"uv": [7.33333, 8, 8, 9.33333], "texture": "#1"}
			}
		},
		{
			"from": [7.5, 10.5, 13.65508],
			"to": [8.5, 11.5, 14.65508],
			"rotation": {"angle": 45, "axis": "x", "origin": [8, 12.5, 12.15508]},
			"faces": {
				"north": {"uv": [10, 1.33333, 9.33333, 2], "rotation": 180, "texture": "#1"},
				"east": {"uv": [0.66667, 9.33333, 1.33333, 10], "rotation": 270, "texture": "#1"},
				"south": {"uv": [2, 10, 1.33333, 9.33333], "texture": "#1"},
				"west": {"uv": [9.33333, 0.66667, 10, 1.33333], "rotation": 90, "texture": "#1"},
				"up": {"uv": [0, 9.33333, 0.66667, 10], "rotation": 180, "texture": "#1"}
			}
		},
		{
			"from": [7.6, 10.08223, 12.61574],
			"to": [8.4, 10.88223, 13.41574],
			"rotation": {"angle": -22.5, "axis": "x", "origin": [8, 10.48223, 13.11574]},
			"faces": {
				"east": {"uv": [9.33333, 2, 10, 2.66667], "rotation": 270, "texture": "#1"},
				"south": {"uv": [4, 10, 3.33333, 9.33333], "texture": "#1"},
				"west": {"uv": [9.33333, 2.66667, 10, 3.33333], "rotation": 90, "texture": "#1"},
				"up": {"uv": [2, 9.33333, 2.66667, 10], "rotation": 180, "texture": "#1"},
				"down": {"uv": [2.66667, 9.33333, 3.33333, 10], "texture": "#1"}
			}
		},
		{
			"from": [7.35, 7.35, 4.40508],
			"to": [8.65, 8.65, 4.90508],
			"rotation": {"angle": 0, "axis": "y", "origin": [7.5, 8.5, 4.40508]},
			"faces": {
				"north": {"uv": [3.66667, 6.66667, 2.66667, 7.66667], "rotation": 180, "texture": "#1"},
				"east": {"uv": [10, 6, 11, 6.33333], "rotation": 270, "texture": "#1"},
				"south": {"uv": [2.33333, 7.66667, 1.33333, 6.66667], "texture": "#1"},
				"west": {"uv": [7.33333, 10, 8.33333, 10.33333], "rotation": 90, "texture": "#1"},
				"up": {"uv": [6, 10, 7, 10.33333], "rotation": 180, "texture": "#1"},
				"down": {"uv": [10, 6.66667, 11, 7], "texture": "#1"}
			}
		},
		{
			"from": [7.35, 7.35, 8.90508],
			"to": [8.65, 8.65, 9.40508],
			"rotation": {"angle": 0, "axis": "y", "origin": [7.5, 8.5, 8.90508]},
			"faces": {
				"north": {"uv": [1, 7.33333, 0, 8.33333], "rotation": 180, "texture": "#1"},
				"east": {"uv": [10, 8, 11, 8.33333], "rotation": 270, "texture": "#1"},
				"south": {"uv": [7, 7.66667, 6, 6.66667], "texture": "#1"},
				"west": {"uv": [10, 8.66667, 11, 9], "rotation": 90, "texture": "#1"},
				"up": {"uv": [10, 7.33333, 11, 7.66667], "rotation": 180, "texture": "#1"},
				"down": {"uv": [8.66667, 10, 9.66667, 10.33333], "texture": "#1"}
			}
		},
		{
			"from": [7.2, 5.9, 10.05508],
			"to": [8.8, 8.1, 12.25508],
			"rotation": {"angle": -45, "axis": "x", "origin": [8.5, 8, 10.15508]},
			"faces": {
				"north": {"uv": [1, 6, 0, 7.33333], "rotation": 180, "texture": "#1"},
				"east": {"uv": [0, 2.66667, 1.33333, 4], "rotation": 270, "texture": "#1"},
				"south": {"uv": [2.33333, 6.66667, 1.33333, 5.33333], "texture": "#1"},
				"west": {"uv": [2.66667, 0, 4, 1.33333], "rotation": 90, "texture": "#1"},
				"up": {"uv": [4.66667, 3.33333, 5.66667, 4.66667], "rotation": 180, "texture": "#1"},
				"down": {"uv": [4.66667, 4.66667, 5.66667, 6], "texture": "#1"}
			}
		},
		{
			"from": [7.45, 6.15, 9.30508],
			"to": [8.55, 7.85, 11.00508],
			"rotation": {"angle": -45, "axis": "x", "origin": [8.5, 8, 9.15508]},
			"faces": {
				"north": {"uv": [9.33333, 4.66667, 8.66667, 5.66667], "rotation": 180, "texture": "#1"},
				"east": {"uv": [7.33333, 0, 8.33333, 1], "rotation": 270, "texture": "#1"},
				"south": {"uv": [5.33333, 9.66667, 4.66667, 8.66667], "texture": "#1"},
				"west": {"uv": [7.33333, 1.33333, 8.33333, 2.33333], "rotation": 90, "texture": "#1"},
				"up": {"uv": [8.66667, 3.33333, 9.33333, 4.33333], "rotation": 180, "texture": "#1"},
				"down": {"uv": [4, 8.66667, 4.66667, 9.66667], "texture": "#1"}
			}
		},
		{
			"from": [7.25, 8, 10.57665],
			"to": [8.75, 10.25, 12.07665],
			"rotation": {"angle": -22.5, "axis": "x", "origin": [7.5, 10.25, 10.57665]},
			"faces": {
				"north": {"uv": [1, 4, 0, 5.66667], "rotation": 180, "texture": "#1"},
				"east": {"uv": [1.33333, 2.66667, 3, 3.66667], "rotation": 270, "texture": "#1"},
				"south": {"uv": [4.33333, 4.33333, 3.33333, 2.66667], "texture": "#1"},
				"west": {"uv": [2.66667, 1.33333, 4.33333, 2.33333], "rotation": 90, "texture": "#1"},
				"up": {"uv": [7.33333, 2.66667, 8.33333, 3.66667], "rotation": 180, "texture": "#1"},
				"down": {"uv": [4, 7.33333, 5, 8.33333], "texture": "#1"}
			}
		},
		{
			"from": [8, 7.3, 12],
			"to": [9, 8.3, 13.5],
			"rotation": {"angle": 45, "axis": "z", "origin": [8, 7.3, 14]},
			"faces": {
				"north": {"uv": [9.33333, 3.33333, 10, 4], "texture": "#1"},
				"east": {"uv": [8.66667, 6, 9.66667, 6.66667], "texture": "#1"},
				"south": {"uv": [9.33333, 4, 10, 4.66667], "texture": "#1"},
				"west": {"uv": [8.66667, 6.66667, 9.66667, 7.33333], "texture": "#1"},
				"up": {"uv": [6, 9.66667, 5.33333, 8.66667], "texture": "#1"},
				"down": {"uv": [9.33333, 7.33333, 8.66667, 8.33333], "texture": "#1"}
			}
		},
		{
			"from": [8.1, 7.4, 13.5],
			"to": [8.9, 8.2, 15.5],
			"rotation": {"angle": 45, "axis": "z", "origin": [8, 7.3, 15.5]},
			"faces": {
				"east": {"uv": [0, 8.66667, 1.33333, 9.33333], "texture": "#1"},
				"south": {"uv": [9.33333, 4.66667, 10, 5.33333], "texture": "#1"},
				"west": {"uv": [8.66667, 0, 10, 0.66667], "texture": "#1"},
				"up": {"uv": [9.33333, 2, 8.66667, 0.66667], "texture": "#1"},
				"down": {"uv": [9.33333, 2, 8.66667, 3.33333], "texture": "#1"}
			}
		},
		{
			"from": [7.4, 7.40711, 15.15],
			"to": [8.6, 8.60711, 16.35],
			"rotation": {"angle": -45, "axis": "x", "origin": [8, 8.00711, 15.75]},
			"faces": {
				"north": {"uv": [9.33333, 5.33333, 10, 6], "texture": "#1"},
				"east": {"uv": [6, 9.33333, 6.66667, 10], "texture": "#1"},
				"south": {"uv": [6.66667, 9.33333, 7.33333, 10], "texture": "#1"},
				"west": {"uv": [7.33333, 9.33333, 8, 10], "texture": "#1"},
				"up": {"uv": [10, 8, 9.33333, 7.33333], "texture": "#1"},
				"down": {"uv": [8.66667, 9.33333, 8, 10], "texture": "#1"}
			}
		},
		{
			"from": [7.985, 3.55, 13.5],
			"to": [8.015, 7.55, 15.5],
			"rotation": {"angle": 0, "axis": "y", "origin": [7.985, 0.55, 16]},
			"faces": {
				"east": {"uv": [0, 0, 1.33333, 2.66667], "texture": "#1"},
				"west": {"uv": [1.33333, 0, 2.66667, 2.66667], "texture": "#1"}
			}
		},
		{
			"from": [7.25, 5.75, 10.57665],
			"to": [8.75, 8, 12.07665],
			"rotation": {"angle": 22.5, "axis": "x", "origin": [7.5, 5.75, 10.57665]},
			"faces": {
				"north": {"uv": [4.33333, 4.66667, 3.33333, 6.33333], "rotation": 180, "texture": "#1"},
				"east": {"uv": [4, 0, 5.66667, 1], "rotation": 270, "texture": "#1"},
				"south": {"uv": [5.66667, 3, 4.66667, 1.33333], "texture": "#1"},
				"west": {"uv": [1.33333, 4, 3, 5], "rotation": 90, "texture": "#1"},
				"up": {"uv": [7.33333, 4, 8.33333, 5], "rotation": 180, "texture": "#1"},
				"down": {"uv": [7.33333, 5.33333, 8.33333, 6.33333], "texture": "#1"}
			}
		},
		{
			"from": [7.5, 4.5, 13.65508],
			"to": [8.5, 5.5, 14.65508],
			"rotation": {"angle": -45, "axis": "x", "origin": [8, 3.5, 12.15508]},
			"faces": {
				"north": {"uv": [0.66667, 10, 0, 10.66667], "rotation": 180, "texture": "#1"},
				"east": {"uv": [9.33333, 8, 10, 8.66667], "rotation": 270, "texture": "#1"},
				"south": {"uv": [10, 10, 9.33333, 9.33333], "texture": "#1"},
				"west": {"uv": [9.33333, 8.66667, 10, 9.33333], "rotation": 90, "texture": "#1"},
				"down": {"uv": [8.66667, 9.33333, 9.33333, 10], "texture": "#1"}
			}
		},
		{
			"from": [7.6, 5.11777, 12.61574],
			"to": [8.4, 5.91777, 13.41574],
			"rotation": {"angle": 22.5, "axis": "x", "origin": [8, 5.51777, 13.11574]},
			"faces": {
				"east": {"uv": [0.66667, 10, 1.33333, 10.66667], "rotation": 270, "texture": "#1"},
				"south": {"uv": [10.66667, 2, 10, 1.33333], "texture": "#1"},
				"west": {"uv": [1.33333, 10, 2, 10.66667], "rotation": 90, "texture": "#1"},
				"up": {"uv": [10, 0, 10.66667, 0.66667], "rotation": 180, "texture": "#1"},
				"down": {"uv": [10, 0.66667, 10.66667, 1.33333], "texture": "#1"}
			}
		},
		{
			"from": [7.75, 5.875, 2.72665],
			"to": [8.25, 7.875, 3.22665],
			"rotation": {"angle": 0, "axis": "y", "origin": [7.75, 7.375, 2.72665]},
			"faces": {
				"north": {"uv": [3.66667, 10, 3.33333, 11.33333], "rotation": 180, "texture": "#1"},
				"east": {"uv": [2, 10, 3.33333, 10.33333], "rotation": 270, "texture": "#1"},
				"south": {"uv": [10.33333, 4, 10, 2.66667], "texture": "#1"},
				"west": {"uv": [10, 2, 11.33333, 2.33333], "rotation": 90, "texture": "#1"},
				"down": {"uv": [0, 10.66667, 0.33333, 11], "texture": "#1"}
			}
		},
		{
			"from": [7.75, 6.375, 3.22665],
			"to": [8.25, 7.875, 3.72665],
			"rotation": {"angle": 0, "axis": "y", "origin": [7.75, 7.375, 3.22665]},
			"faces": {
				"east": {"uv": [10, 9.33333, 11, 9.66667], "rotation": 270, "texture": "#1"},
				"west": {"uv": [10, 10, 11, 10.33333], "rotation": 90, "texture": "#1"},
				"down": {"uv": [10.66667, 0, 11, 0.33333], "texture": "#1"}
			}
		},
		{
			"from": [7.75, 5.875, 3.72665],
			"to": [8.25, 7.875, 4.22665],
			"rotation": {"angle": 0, "axis": "y", "origin": [7.75, 7.375, 3.72665]},
			"faces": {
				"north": {"uv": [5.66667, 10, 5.33333, 11.33333], "rotation": 180, "texture": "#1"},
				"east": {"uv": [4, 10, 5.33333, 10.33333], "rotation": 270, "texture": "#1"},
				"south": {"uv": [10.33333, 6, 10, 4.66667], "texture": "#1"},
				"west": {"uv": [10, 4, 11.33333, 4.33333], "rotation": 90, "texture": "#1"},
				"down": {"uv": [0.66667, 10.66667, 1, 11], "texture": "#1"}
			}
		},
		{
			"from": [7.995, 8.39218, 3.74031],
			"to": [8.005, 10.39218, 6.74031],
			"rotation": {"angle": 0, "axis": "x", "origin": [8, 3.8972, 1.42211]},
			"faces": {
				"east": {"uv": [0, 11, 6, 7], "rotation": 180, "texture": "#0"},
				"west": {"uv": [6, 11, 0, 7], "rotation": 180, "texture": "#0"}
			}
		},
		{
			"from": [7.5, 6.04289, 1.9302],
			"to": [8.51, 8.04289, 2.9302],
			"rotation": {"angle": -45, "axis": "x", "origin": [7.255, 7.29289, 2.4302]},
			"faces": {
				"east": {"uv": [11, 2, 15, 0], "rotation": 270, "texture": "#0"},
				"west": {"uv": [15, 2, 11, 0], "rotation": 90, "texture": "#0"}
			}
		}
	],
	"gui_light": "front",
	"display": {
		"thirdperson_righthand": {
			"rotation": [90, 0, 0],
			"translation": [0, 3.5, 0.5]
		},
		"thirdperson_lefthand": {
			"rotation": [90, 0, 0],
			"translation": [0, 3.5, 0.5]
		},
		"firstperson_righthand": {
			"rotation": [60, 0, -20],
			"translation": [1.25, 4.75, 0],
			"scale": [0.7, 0.7, 0.7]
		},
		"firstperson_lefthand": {
			"rotation": [60, 0, -20],
			"translation": [1.25, 4.75, 0],
			"scale": [0.7, 0.7, 0.7]
		},
		"ground": {
			"rotation": [45, 0, 0],
			"translation": [0, 5, 0],
			"scale": [0.7, 0.7, 0.7]
		},
		"gui": {
			"rotation": [-90, 135, 90],
			"translation": [-0.75, 0.75, 0],
			"scale": [1.6, 1.6, 1.6]
		},
		"head": {
			"rotation": [0, -90, 0]
		},
		"fixed": {
			"rotation": [90, -44, 90],
			"translation": [0, 0, -2],
			"scale": [2, 2, 2]
		}
	}
}