{
	"credit": "Made with Blockbench",
	"texture_size": [128, 128],
	"textures": {
		"0": "item/multiple/hw_phantom_2024/ghost_texture",
		"1": "item/multiple/hw_phantom_2024/ghost_animation",
		"2": "item/multiple/hw_phantom_2024/ghost_animation2",
		"particle": "item/multiple/hw_phantom_2024/ghost_texture"
	},
	"elements": [
		{
			"from": [5.5, -1.5, 2.75],
			"to": [6.5, 3, 5.25],
			"rotation": {"angle": 0, "axis": "y", "origin": [6.5, -0.25, 4]},
			"faces": {
				"north": {"uv": [1.0625, 4.5625, 1.1875, 5.125], "texture": "#0"},
				"east": {"uv": [0.75, 5.125, 1.0625, 4.5625], "texture": "#0"},
				"south": {"uv": [1.0625, 4.5625, 1.1875, 5.125], "texture": "#0"},
				"west": {"uv": [0.75, 5.125, 1.0625, 4.5625], "texture": "#0"},
				"up": {"uv": [1.375, 2.3125, 1.5, 2], "texture": "#0"},
				"down": {"uv": [1.375, 2.3125, 1.5, 2], "texture": "#0"}
			}
		},
		{
			"from": [6, -2.5, 2.25],
			"to": [8, 4, 5.75],
			"rotation": {"angle": 0, "axis": "y", "origin": [6.5, -0.75, 4]},
			"faces": {
				"north": {"uv": [0.75, 4.5625, 0.5, 5.375], "texture": "#0"},
				"east": {"uv": [0.0625, 5.375, 0.5, 4.5625], "texture": "#0"},
				"south": {"uv": [0.5, 4.5625, 0.75, 5.375], "texture": "#0"},
				"west": {"uv": [0.0625, 5.375, 0.5, 4.5625], "texture": "#0"},
				"up": {"uv": [1.375, 2, 1.625, 1.5625], "texture": "#0"},
				"down": {"uv": [1.375, 2.75, 1.625, 2.3125], "texture": "#0"}
			}
		},
		{
			"from": [8, -2.5, 2.25],
			"to": [10, 4, 5.75],
			"rotation": {"angle": 0, "axis": "y", "origin": [9.5, -0.75, 4]},
			"faces": {
				"north": {"uv": [0.5, 4.5625, 0.75, 5.375], "texture": "#0"},
				"east": {"uv": [0.5, 5.375, 0.0625, 4.5625], "texture": "#0"},
				"south": {"uv": [0.75, 4.5625, 0.5, 5.375], "texture": "#0"},
				"west": {"uv": [0.5, 5.375, 0.0625, 4.5625], "texture": "#0"},
				"up": {"uv": [1.625, 2, 1.375, 1.5625], "texture": "#0"},
				"down": {"uv": [1.625, 2.75, 1.375, 2.3125], "texture": "#0"}
			}
		},
		{
			"from": [9.5, -1.5, 2.75],
			"to": [10.5, 3, 5.25],
			"rotation": {"angle": 0, "axis": "y", "origin": [9.5, -0.25, 4]},
			"faces": {
				"north": {"uv": [1.1875, 4.5625, 1.0625, 5.125], "texture": "#0"},
				"east": {"uv": [1.0625, 5.125, 0.75, 4.5625], "texture": "#0"},
				"south": {"uv": [1.1875, 4.5625, 1.0625, 5.125], "texture": "#0"},
				"west": {"uv": [1.0625, 5.125, 0.75, 4.5625], "texture": "#0"},
				"up": {"uv": [1.5, 2.3125, 1.375, 2], "texture": "#0"},
				"down": {"uv": [1.5, 2.3125, 1.375, 2], "texture": "#0"}
			}
		},
		{
			"from": [6.5, 13, -1.5],
			"to": [9.5, 17.5, 9.5],
			"rotation": {"angle": 0, "axis": "y", "origin": [8, 7.88858, 4.0625]},
			"faces": {
				"north": {"uv": [1.4375, 3.8125, 1.8125, 3.25], "texture": "#0"},
				"east": {"uv": [0.0625, 3.8125, 1.4375, 3.25], "texture": "#0"},
				"south": {"uv": [1.4375, 3.8125, 1.8125, 3.25], "texture": "#0"},
				"west": {"uv": [0.0625, 3.8125, 1.4375, 3.25], "texture": "#0"},
				"up": {"uv": [0.0625, 3.8125, 1.4375, 4.1875], "rotation": 270, "texture": "#0"},
				"down": {"uv": [0.0625, 4.1875, 1.4375, 4.5625], "rotation": 270, "texture": "#0"}
			}
		},
		{
			"from": [7, 13.05, 8.4],
			"to": [9.1, 17.45, 10.5],
			"rotation": {"angle": -45, "axis": "y", "origin": [8, 15.25, 9.4]},
			"faces": {
				"north": {"uv": [1.8125, 4.375, 1.4375, 3.8125], "texture": "#0"},
				"east": {"uv": [1.4375, 4.375, 1.8125, 3.8125], "texture": "#0"},
				"south": {"uv": [1.8125, 4.375, 1.4375, 3.8125], "texture": "#0"},
				"west": {"uv": [1.8125, 4.375, 1.4375, 3.8125], "texture": "#0"},
				"up": {"uv": [1.625, 3, 1.375, 3.25], "rotation": 270, "texture": "#0"},
				"down": {"uv": [1.625, 2.75, 1.375, 3], "rotation": 270, "texture": "#0"}
			}
		},
		{
			"from": [7, 13.05, -2.5],
			"to": [9.1, 17.45, -0.4],
			"rotation": {"angle": 45, "axis": "y", "origin": [8, 15.25, -1.4]},
			"faces": {
				"north": {"uv": [1.4375, 4.375, 1.8125, 3.8125], "texture": "#0"},
				"east": {"uv": [1.8125, 4.375, 1.4375, 3.8125], "texture": "#0"},
				"south": {"uv": [1.4375, 4.375, 1.8125, 3.8125], "texture": "#0"},
				"west": {"uv": [1.4375, 4.375, 1.8125, 3.8125], "texture": "#0"},
				"up": {"uv": [1.375, 3, 1.625, 3.25], "rotation": 270, "texture": "#0"},
				"down": {"uv": [1.375, 2.75, 1.625, 3], "rotation": 270, "texture": "#0"}
			}
		},
		{
			"from": [7, -1.95, 6.4],
			"to": [9.1, 2.45, 8.5],
			"rotation": {"angle": -45, "axis": "y", "origin": [8, 0.25, 7.4]},
			"faces": {
				"north": {"uv": [1.8125, 4.375, 1.4375, 3.8125], "texture": "#0"},
				"east": {"uv": [1.4375, 4.375, 1.8125, 3.8125], "texture": "#0"},
				"south": {"uv": [1.8125, 4.375, 1.4375, 3.8125], "texture": "#0"},
				"west": {"uv": [1.8125, 4.375, 1.4375, 3.8125], "texture": "#0"},
				"up": {"uv": [1.625, 3, 1.375, 3.25], "rotation": 270, "texture": "#0"},
				"down": {"uv": [1.625, 2.75, 1.375, 3], "rotation": 270, "texture": "#0"}
			}
		},
		{
			"from": [6.5, -2, 0.5],
			"to": [9.5, 2.5, 7.5],
			"rotation": {"angle": 0, "axis": "y", "origin": [8, -7.11142, 4.0625]},
			"faces": {
				"north": {"uv": [1.4375, 3.25, 1.8125, 3.8125], "texture": "#0"},
				"east": {"uv": [1.8125, 4.5, 2.6875, 3.9375], "texture": "#0"},
				"south": {"uv": [1.4375, 3.25, 1.8125, 3.8125], "texture": "#0"},
				"west": {"uv": [1.8125, 4.5, 2.6875, 3.9375], "texture": "#0"},
				"up": {"uv": [0.3125, 3.8125, 1.1875, 4.1875], "rotation": 270, "texture": "#0"},
				"down": {"uv": [0.0625, 4.1875, 0.9375, 4.5625], "rotation": 270, "texture": "#0"}
			}
		},
		{
			"from": [7, -1.95, -0.5],
			"to": [9.1, 2.45, 1.6],
			"rotation": {"angle": 45, "axis": "y", "origin": [8, 0.25, 0.6]},
			"faces": {
				"north": {"uv": [1.4375, 4.375, 1.8125, 3.8125], "texture": "#0"},
				"east": {"uv": [1.8125, 4.375, 1.4375, 3.8125], "texture": "#0"},
				"south": {"uv": [1.4375, 4.375, 1.8125, 3.8125], "texture": "#0"},
				"west": {"uv": [1.4375, 4.375, 1.8125, 3.8125], "texture": "#0"},
				"up": {"uv": [1.375, 3, 1.625, 3.25], "rotation": 270, "texture": "#0"},
				"down": {"uv": [1.375, 2.75, 1.625, 3], "rotation": 270, "texture": "#0"}
			}
		},
		{
			"from": [6, 11.5, 2.25],
			"to": [8, 18, 5.75],
			"rotation": {"angle": 0, "axis": "y", "origin": [6.5, 13.25, 4]},
			"faces": {
				"north": {"uv": [0.75, 4.5625, 0.5, 5.375], "texture": "#0"},
				"east": {"uv": [0.0625, 5.375, 0.5, 4.5625], "texture": "#0"},
				"south": {"uv": [0.5, 4.5625, 0.75, 5.375], "texture": "#0"},
				"west": {"uv": [0.0625, 5.375, 0.5, 4.5625], "texture": "#0"},
				"up": {"uv": [1.375, 2, 1.625, 1.5625], "texture": "#0"},
				"down": {"uv": [1.375, 2.75, 1.625, 2.3125], "texture": "#0"}
			}
		},
		{
			"from": [5.5, 12.5, 2.75],
			"to": [6.5, 17, 5.25],
			"rotation": {"angle": 0, "axis": "y", "origin": [6.5, 13.75, 4]},
			"faces": {
				"north": {"uv": [1.0625, 4.5625, 1.1875, 5.125], "texture": "#0"},
				"east": {"uv": [0.75, 5.125, 1.0625, 4.5625], "texture": "#0"},
				"south": {"uv": [1.0625, 4.5625, 1.1875, 5.125], "texture": "#0"},
				"west": {"uv": [0.75, 5.125, 1.0625, 4.5625], "texture": "#0"},
				"up": {"uv": [1.375, 2.3125, 1.5, 2], "texture": "#0"},
				"down": {"uv": [1.375, 2.3125, 1.5, 2], "texture": "#0"}
			}
		},
		{
			"from": [8, 11.5, 2.25],
			"to": [10, 18, 5.75],
			"rotation": {"angle": 0, "axis": "y", "origin": [9.5, 13.25, 4]},
			"faces": {
				"north": {"uv": [0.5, 4.5625, 0.75, 5.375], "texture": "#0"},
				"east": {"uv": [0.5, 5.375, 0.0625, 4.5625], "texture": "#0"},
				"south": {"uv": [0.75, 4.5625, 0.5, 5.375], "texture": "#0"},
				"west": {"uv": [0.5, 5.375, 0.0625, 4.5625], "texture": "#0"},
				"up": {"uv": [1.625, 2, 1.375, 1.5625], "texture": "#0"},
				"down": {"uv": [1.625, 2.75, 1.375, 2.3125], "texture": "#0"}
			}
		},
		{
			"from": [9.5, 12.5, 2.75],
			"to": [10.5, 17, 5.25],
			"rotation": {"angle": 0, "axis": "y", "origin": [9.5, 13.75, 4]},
			"faces": {
				"north": {"uv": [1.1875, 4.5625, 1.0625, 5.125], "texture": "#0"},
				"east": {"uv": [1.0625, 5.125, 0.75, 4.5625], "texture": "#0"},
				"south": {"uv": [1.1875, 4.5625, 1.0625, 5.125], "texture": "#0"},
				"west": {"uv": [1.0625, 5.125, 0.75, 4.5625], "texture": "#0"},
				"up": {"uv": [1.5, 2.3125, 1.375, 2], "texture": "#0"},
				"down": {"uv": [1.5, 2.3125, 1.375, 2], "texture": "#0"}
			}
		},
		{
			"from": [6.5, -3.5, 2.5],
			"to": [9.5, -2, 5.5],
			"rotation": {"angle": 45, "axis": "y", "origin": [8, -3, 4]},
			"faces": {
				"north": {"uv": [2.1875, 1.75, 2.5625, 1.9375], "texture": "#0"},
				"east": {"uv": [2.5625, 1.75, 2.1875, 1.9375], "texture": "#0"},
				"south": {"uv": [2.1875, 1.75, 2.5625, 1.9375], "texture": "#0"},
				"west": {"uv": [2.5625, 1.75, 2.1875, 1.9375], "texture": "#0"},
				"up": {"uv": [2.1875, 1.375, 2.5625, 1.75], "rotation": 90, "texture": "#0"},
				"down": {"uv": [2.1875, 1.375, 2.5625, 1.75], "rotation": 90, "texture": "#0"}
			}
		},
		{
			"from": [6.75, 19, -2.25],
			"to": [9.25, 20.5, 0.25],
			"rotation": {"angle": 45, "axis": "y", "origin": [8, 18.5, -1]},
			"faces": {
				"north": {"uv": [2.1875, 1.9375, 2.5, 2.125], "texture": "#0"},
				"east": {"uv": [2.5, 1.9375, 2.1875, 2.125], "texture": "#0"},
				"south": {"uv": [2.1875, 1.9375, 2.5, 2.125], "texture": "#0"},
				"west": {"uv": [2.5, 1.9375, 2.1875, 2.125], "texture": "#0"},
				"up": {"uv": [2.1875, 5.6875, 2.5, 6], "texture": "#0"},
				"down": {"uv": [2.1875, 5.6875, 2.5, 6], "texture": "#0"}
			}
		},
		{
			"from": [4.9, 20.5, -1],
			"to": [10.9, 31.5, -1],
			"rotation": {"angle": 0, "axis": "y", "origin": [7.9, 26, -1]},
			"faces": {
				"north": {"uv": [6, 0, 0, 11], "texture": "#1"},
				"east": {"uv": [0, 0, 0, 8], "texture": "#1"},
				"south": {"uv": [0, 0, 6, 11], "texture": "#1"},
				"west": {"uv": [0, 0, 0, 8], "texture": "#1"},
				"up": {"uv": [0, 6, 0, 0], "rotation": 270, "texture": "#1"},
				"down": {"uv": [0, 0, 0, 6], "rotation": 90, "texture": "#1"}
			}
		},
		{
			"from": [6.25, 17.5, -2.75],
			"to": [9.75, 19, 0.75],
			"rotation": {"angle": 45, "axis": "y", "origin": [8, 18.25, -1]},
			"faces": {
				"north": {"uv": [2.1875, 2.6875, 2.625, 2.875], "texture": "#0"},
				"east": {"uv": [2.1875, 2.6875, 2.625, 2.875], "texture": "#0"},
				"south": {"uv": [2.1875, 2.6875, 2.625, 2.875], "texture": "#0"},
				"west": {"uv": [2.1875, 2.6875, 2.625, 2.875], "texture": "#0"},
				"up": {"uv": [2.1875, 2.875, 2.625, 3.3125], "texture": "#0"},
				"down": {"uv": [2.1875, 2.875, 2.625, 3.3125], "texture": "#0"}
			}
		},
		{
			"from": [7, -1, 3],
			"to": [9, 13, 5],
			"rotation": {"angle": 45, "axis": "y", "origin": [8, 7, 4]},
			"faces": {
				"north": {"uv": [2.1875, 1.375, 1.9375, 3.125], "texture": "#0"},
				"east": {"uv": [2.1875, 1.375, 1.9375, 3.125], "texture": "#0"},
				"south": {"uv": [2.1875, 1.375, 1.9375, 3.125], "texture": "#0"},
				"west": {"uv": [1.9375, 1.375, 2.1875, 3.125], "texture": "#0"},
				"up": {"uv": [2.1875, 3.125, 1.9375, 3.375], "texture": "#0"},
				"down": {"uv": [2.1875, 3.125, 1.9375, 3.375], "texture": "#0"}
			}
		},
		{
			"from": [8, 9.2, 15.5],
			"to": [8, 31.2, 28.5],
			"rotation": {"angle": -45, "axis": "x", "origin": [8, 20.2, 22]},
			"faces": {
				"north": {"uv": [0, 0, 0, 10], "rotation": 180, "texture": "#missing"},
				"east": {"uv": [6.5, 0, 0, 11], "rotation": 180, "texture": "#2"},
				"south": {"uv": [0, 0, 0, 10], "rotation": 180, "texture": "#missing"},
				"west": {"uv": [0, 0, 6.5, 11], "rotation": 180, "texture": "#2"},
				"up": {"uv": [0, 0, 0, 5], "texture": "#missing"},
				"down": {"uv": [0, 5, 0, 0], "texture": "#missing"}
			}
		},
		{
			"from": [6.05, 15.03417, 3.76583],
			"to": [9.95, 23.03417, 7.76583],
			"rotation": {"angle": 22.5, "axis": "x", "origin": [7.6, 24.06168, 7.28682]},
			"faces": {
				"north": {"uv": [7.6875, 3.5, 8.6875, 4], "rotation": 90, "texture": "#0"},
				"east": {"uv": [8.9375, 2.5625, 7.9375, 3.0625], "rotation": 90, "texture": "#0"},
				"south": {"uv": [7.6875, 4, 8.6875, 4.5], "rotation": 90, "texture": "#0"},
				"west": {"uv": [8.9375, 3.0625, 7.9375, 2.5625], "rotation": 90, "texture": "#0"},
				"up": {"uv": [7.5, 0.9375, 8, 1.4375], "rotation": 180, "texture": "#0"},
				"down": {"uv": [7.5, 0.9375, 8, 1.4375], "rotation": 180, "texture": "#0"}
			}
		},
		{
			"from": [6.05, -7.03417, 3.76583],
			"to": [9.95, 0.96583, 7.76583],
			"rotation": {"angle": -22.5, "axis": "x", "origin": [7.6, -8.06168, 7.28682]},
			"faces": {
				"north": {"uv": [8.6875, 3.5, 7.6875, 4], "rotation": 90, "texture": "#0"},
				"east": {"uv": [7.9375, 2.5625, 8.9375, 3.0625], "rotation": 90, "texture": "#0"},
				"south": {"uv": [8.875, 3.0625, 7.875, 3.5625], "rotation": 90, "texture": "#0"},
				"west": {"uv": [7.9375, 3.0625, 8.9375, 2.5625], "rotation": 90, "texture": "#0"},
				"up": {"uv": [7.5, 1.4375, 8, 0.9375], "rotation": 180, "texture": "#0"},
				"down": {"uv": [7.5, 1.4375, 8, 0.9375], "rotation": 180, "texture": "#0"}
			}
		},
		{
			"from": [6.25, 16.7, 3.5],
			"to": [9.75, 22.7, 6],
			"rotation": {"angle": 45, "axis": "x", "origin": [0.7, 18.7, 13]},
			"faces": {
				"north": {"uv": [7.8125, 2.1875, 8.25, 1.4375], "texture": "#0"},
				"east": {"uv": [7.5, 2.1875, 7.8125, 1.4375], "texture": "#0"},
				"south": {"uv": [7.8125, 2.1875, 8.25, 1.4375], "texture": "#0"},
				"west": {"uv": [7.5, 2.1875, 7.8125, 1.4375], "texture": "#0"},
				"up": {"uv": [7.8125, 2.5625, 8.25, 2.25], "texture": "#0"},
				"down": {"uv": [7.8125, 2.5625, 8.25, 2.25], "texture": "#0"}
			}
		},
		{
			"from": [6.75, 26.8, 12.6],
			"to": [9.25, 28.3, 17.1],
			"rotation": {"angle": -22.5, "axis": "x", "origin": [0.2, 19.8, 13.1]},
			"faces": {
				"north": {"uv": [0, 0, 0.3125, 0.1875], "rotation": 180, "texture": "#0"},
				"east": {"uv": [8, 1.4375, 8.1875, 0.875], "rotation": 90, "texture": "#0"},
				"south": {"uv": [0, 0, 0.3125, 0.1875], "rotation": 180, "texture": "#0"},
				"west": {"uv": [8, 1.4375, 8.1875, 0.875], "rotation": 90, "texture": "#0"},
				"up": {"uv": [8.25, 2.5625, 8.5625, 2], "rotation": 180, "texture": "#0"},
				"down": {"uv": [8.25, 2, 8.5625, 2.5625], "rotation": 180, "texture": "#0"}
			}
		},
		{
			"from": [6.25, 25.8, 17],
			"to": [9.75, 29.3, 19],
			"rotation": {"angle": -22.5, "axis": "x", "origin": [0.7, 19.8, 12]},
			"faces": {
				"north": {"uv": [7.25, 4, 7.6875, 3.5625], "rotation": 180, "texture": "#0"},
				"east": {"uv": [7.25, 4, 7.6875, 4.25], "rotation": 90, "texture": "#0"},
				"south": {"uv": [7.25, 4, 7.6875, 3.5625], "rotation": 180, "texture": "#0"},
				"west": {"uv": [7.25, 4.25, 7.6875, 4], "rotation": 90, "texture": "#0"},
				"up": {"uv": [7.25, 4.25, 7.6875, 4.5], "rotation": 180, "texture": "#0"},
				"down": {"uv": [7.25, 4.25, 7.6875, 4.5], "rotation": 180, "texture": "#0"}
			}
		},
		{
			"from": [6.25, -6.7, 3.5],
			"to": [9.75, -0.7, 6],
			"rotation": {"angle": -45, "axis": "x", "origin": [0.7, -2.7, 13]},
			"faces": {
				"north": {"uv": [7.8125, 1.4375, 8.25, 2.1875], "texture": "#0"},
				"east": {"uv": [7.5, 1.4375, 7.8125, 2.1875], "texture": "#0"},
				"south": {"uv": [7.8125, 1.4375, 8.25, 2.1875], "texture": "#0"},
				"west": {"uv": [7.5, 1.4375, 7.8125, 2.1875], "texture": "#0"},
				"up": {"uv": [7.8125, 2.25, 8.25, 2.5625], "texture": "#0"},
				"down": {"uv": [7.8125, 2.25, 8.25, 2.5625], "texture": "#0"}
			}
		},
		{
			"from": [6.75, -12.3, 12.6],
			"to": [9.25, -10.8, 17.1],
			"rotation": {"angle": 22.5, "axis": "x", "origin": [0.2, -3.8, 13.1]},
			"faces": {
				"north": {"uv": [0, 0.1875, 0.3125, 0], "rotation": 180, "texture": "#0"},
				"east": {"uv": [8.1875, 1.4375, 8, 0.875], "rotation": 90, "texture": "#0"},
				"south": {"uv": [0, 0.1875, 0.3125, 0], "rotation": 180, "texture": "#0"},
				"west": {"uv": [8.1875, 1.4375, 8, 0.875], "rotation": 90, "texture": "#0"},
				"up": {"uv": [8.25, 2, 8.5625, 2.5625], "rotation": 180, "texture": "#0"},
				"down": {"uv": [8.25, 2, 8.5625, 2.5625], "rotation": 180, "texture": "#0"}
			}
		},
		{
			"from": [6.25, -13.3, 17],
			"to": [9.75, -9.8, 19],
			"rotation": {"angle": 22.5, "axis": "x", "origin": [0.7, -3.8, 12]},
			"faces": {
				"north": {"uv": [7.25, 3.5625, 7.6875, 4], "rotation": 180, "texture": "#0"},
				"east": {"uv": [7.6875, 4.25, 7.25, 4], "rotation": 90, "texture": "#0"},
				"south": {"uv": [7.25, 3.5625, 7.6875, 4], "rotation": 180, "texture": "#0"},
				"west": {"uv": [7.6875, 4.25, 7.25, 4], "rotation": 90, "texture": "#0"},
				"up": {"uv": [7.25, 4.5, 7.6875, 4.25], "rotation": 180, "texture": "#0"},
				"down": {"uv": [7.25, 4.5, 7.6875, 4.25], "rotation": 180, "texture": "#0"}
			}
		},
		{
			"from": [7.75, 6.2, 13],
			"to": [8.25, 28, 13.5],
			"rotation": {"angle": -22.5, "axis": "x", "origin": [8, 28, 13.25]},
			"faces": {
				"north": {"uv": [0.75, 6.875, 0.8125, 9.375], "texture": "#0"},
				"east": {"uv": [0.75, 6.875, 0.8125, 9.375], "texture": "#0"},
				"south": {"uv": [0.75, 6.875, 0.8125, 9.375], "texture": "#0"},
				"west": {"uv": [0.75, 6.875, 0.8125, 9.375], "texture": "#0"},
				"up": {"uv": [0.75, 6.875, 0.8125, 6.9375], "texture": "#0"},
				"down": {"uv": [0.75, 6.875, 0.8125, 6.9375], "texture": "#0"}
			}
		},
		{
			"from": [8, 2.5, -9],
			"to": [8, 13, 21.5],
			"rotation": {"angle": 22.5, "axis": "z", "origin": [8, 7.75, 6.25]},
			"faces": {
				"north": {"uv": [0, 6.25, 0.0625, 8.4375], "rotation": 90, "texture": "#missing"},
				"east": {"uv": [14.6875, 0, 16, 3.8125], "rotation": 270, "texture": "#0"},
				"south": {"uv": [0, 6.25, 0.0625, 8.4375], "rotation": 270, "texture": "#missing"},
				"west": {"uv": [14.6875, 3.8125, 16, 0], "rotation": 270, "texture": "#0"},
				"up": {"uv": [0, 6.25, 0.0625, 8.4375], "rotation": 270, "texture": "#missing"},
				"down": {"uv": [0, 6.25, 0.0625, 8.4375], "rotation": 270, "texture": "#missing"}
			}
		},
		{
			"from": [8, 2.5, -9],
			"to": [8, 13, 21.5],
			"rotation": {"angle": -22.5, "axis": "z", "origin": [8, 7.75, 6.25]},
			"faces": {
				"north": {"uv": [0, 6.25, 0.0625, 8.4375], "rotation": 90, "texture": "#missing"},
				"east": {"uv": [14.6875, 0, 16, 3.8125], "rotation": 270, "texture": "#0"},
				"south": {"uv": [0, 6.25, 0.0625, 8.4375], "rotation": 270, "texture": "#missing"},
				"west": {"uv": [14.6875, 3.8125, 16, 0], "rotation": 270, "texture": "#0"},
				"up": {"uv": [0, 6.25, 0.0625, 8.4375], "rotation": 270, "texture": "#missing"},
				"down": {"uv": [0, 6.25, 0.0625, 8.4375], "rotation": 270, "texture": "#missing"}
			}
		},
		{
			"from": [7.75, -12, 13],
			"to": [8.25, 9.8, 13.5],
			"rotation": {"angle": 22.5, "axis": "x", "origin": [8, -12, 13.25]},
			"faces": {
				"north": {"uv": [0.75, 9.375, 0.8125, 6.875], "texture": "#0"},
				"east": {"uv": [0.75, 9.375, 0.8125, 6.875], "texture": "#0"},
				"south": {"uv": [0.75, 9.375, 0.8125, 6.875], "texture": "#0"},
				"west": {"uv": [0.75, 9.375, 0.8125, 6.875], "texture": "#0"},
				"up": {"uv": [0.75, 6.9375, 0.8125, 6.875], "texture": "#0"},
				"down": {"uv": [0.75, 6.9375, 0.8125, 6.875], "texture": "#0"}
			}
		},
		{
			"from": [7.5, 16, 5],
			"to": [8.5, 21, 8],
			"rotation": {"angle": -22.5, "axis": "x", "origin": [7.6, 18, 5]},
			"faces": {
				"north": {"uv": [3.625, 5.1875, 3.75, 5.8125], "texture": "#0"},
				"east": {"uv": [3.625, 5.1875, 3.25, 5.8125], "texture": "#0"},
				"south": {"uv": [3.625, 5.1875, 3.75, 5.8125], "texture": "#0"},
				"west": {"uv": [3.25, 5.1875, 3.625, 5.8125], "texture": "#0"},
				"up": {"uv": [0, 0, 0.125, 0.375], "texture": "#0"},
				"down": {"uv": [0, 0, 0.125, 0.375], "texture": "#0"}
			}
		},
		{
			"from": [7.5, -5, 5],
			"to": [8.5, 0, 8],
			"rotation": {"angle": 22.5, "axis": "x", "origin": [7.6, -2, 5]},
			"faces": {
				"north": {"uv": [3.625, 5.8125, 3.75, 5.1875], "texture": "#0"},
				"east": {"uv": [3.625, 5.8125, 3.25, 5.1875], "texture": "#0"},
				"south": {"uv": [3.625, 5.8125, 3.75, 5.1875], "texture": "#0"},
				"west": {"uv": [3.25, 5.8125, 3.625, 5.1875], "texture": "#0"},
				"up": {"uv": [0, 0.375, 0.125, 0], "texture": "#0"},
				"down": {"uv": [0, 0.375, 0.125, 0], "texture": "#0"}
			}
		}
	],
	"gui_light": "front",
	"display": {
		"thirdperson_righthand": {
			"rotation": [0, -3, 0],
			"translation": [-0.5, -2.25, 2.75],
			"scale": [0.45, 0.45, 0.45]
		},
		"thirdperson_lefthand": {
			"rotation": [0, -3, 0],
			"translation": [-0.5, -2.25, 2.75],
			"scale": [0.45, 0.45, 0.45]
		},
		"firstperson_righthand": {
			"rotation": [27, 31, 3],
			"translation": [4, 5.25, -9],
			"scale": [0.54883, 0.54883, 0.54883]
		},
		"firstperson_lefthand": {
			"rotation": [27, 31, 3],
			"translation": [4, 5.25, -9],
			"scale": [0.54883, 0.54883, 0.54883]
		},
		"ground": {
			"rotation": [94, 85, 0],
			"translation": [0, 2, 0.25],
			"scale": [0.4, 0.4, 0.4]
		},
		"gui": {
			"rotation": [-57, 135, 71],
			"translation": [-0.5, 0, 0],
			"scale": [0.36, 0.36, 0.36]
		},
		"head": {
			"rotation": [91, -1, 90],
			"translation": [0, 10.5, 0.25],
			"scale": [0.7, 0.7, 0.7]
		},
		"fixed": {
			"rotation": [0, 90, 0],
			"translation": [0.25, 0.25, -2.25],
			"scale": [1.2, 1.2, 1.2]
		}
	}
}