{"textures":{"0":"modelengine:entity/tractor1gray"},"elements":[{"from":[5.0834284,1.1942616,5.156885],"to":[11.52,4.0102615,10.788885],"rotation":{"angle":0.0,"axis":"y","origin":[8.301714,1.1942616,7.972885]},"faces":{"east":{"uv":[7.875,7.34375,8.21875,7.53125],"rotation":0,"texture":"#0","tintindex":0},"south":{"uv":[7.71875,4.75,8.125,4.9375],"rotation":0,"texture":"#0","tintindex":0},"north":{"uv":[7.71875,3.90625,8.125,4.09375],"rotation":0,"texture":"#0","tintindex":0},"west":{"uv":[7.90625,0.6875,8.25,0.875],"rotation":0,"texture":"#0","tintindex":0},"up":{"uv":[6.71875,0.34375,6.3125,0.0],"rotation":0,"texture":"#0","tintindex":0},"down":{"uv":[6.71875,0.34375,6.3125,0.6875],"rotation":0,"texture":"#0","tintindex":0}}},{"from":[7.094857,4.0102615,3.950028],"to":[10.313143,11.955404,12.398028],"rotation":{"angle":0.0,"axis":"y","origin":[8.301714,1.1942616,7.972885]},"faces":{"east":{"uv":[4.5,3.03125,5.03125,3.53125],"rotation":0,"texture":"#0","tintindex":0},"south":{"uv":[6.875,6.0,7.0625,6.5],"rotation":0,"texture":"#0","tintindex":0},"north":{"uv":[6.875,5.5,7.0625,6.0],"rotation":0,"texture":"#0","tintindex":0},"west":{"uv":[1.4375,4.5625,1.96875,5.0625],"rotation":0,"texture":"#0","tintindex":0},"up":{"uv":[6.90625,4.71875,6.71875,4.1875],"rotation":0,"texture":"#0","tintindex":0},"down":{"uv":[3.375,6.75,3.1875,7.28125],"rotation":0,"texture":"#0","tintindex":0}}},{"from":[6.2902856,5.820547,5.7603135],"to":[7.094857,10.24569,10.185457],"rotation":{"angle":0.0,"axis":"y","origin":[8.301714,1.1942616,7.972885]},"faces":{"east":{"uv":[5.59375,3.40625,5.875,3.6875],"rotation":0,"texture":"#0","tintindex":0},"south":{"uv":[3.625,8.28125,3.6875,8.5625],"rotation":0,"texture":"#0","tintindex":0},"north":{"uv":[0.78125,8.28125,0.84375,8.5625],"rotation":0,"texture":"#0","tintindex":0},"west":{"uv":[4.4375,5.65625,4.71875,5.9375],"rotation":0,"texture":"#0","tintindex":0},"up":{"uv":[3.75,8.5625,3.6875,8.28125],"rotation":0,"texture":"#0","tintindex":0},"down":{"uv":[3.8125,8.28125,3.75,8.5625],"rotation":0,"texture":"#0","tintindex":0}}},{"from":[5.5862856,7.027405,6.9671707],"to":[6.793143,9.038834,8.9786],"rotation":{"angle":0.0,"axis":"y","origin":[5.686857,8.033119,7.972885]},"faces":{"east":{"uv":[8.375,5.53125,8.5,5.65625],"rotation":0,"texture":"#0","tintindex":0},"south":{"uv":[3.21875,8.5,3.28125,8.625],"rotation":0,"texture":"#0","tintindex":0},"north":{"uv":[3.15625,8.5,3.21875,8.625],"rotation":0,"texture":"#0","tintindex":0},"west":{"uv":[8.375,5.65625,8.5,5.78125],"rotation":0,"texture":"#0","tintindex":0},"up":{"uv":[3.34375,8.625,3.28125,8.5],"rotation":0,"texture":"#0","tintindex":0},"down":{"uv":[3.40625,8.5,3.34375,8.625],"rotation":0,"texture":"#0","tintindex":0}}},{"from":[5.0834284,11.955404,5.156885],"to":[11.52,14.771405,10.829114],"rotation":{"angle":0.0,"axis":"y","origin":[8.301714,1.1942616,7.972885]},"faces":{"east":{"uv":[7.90625,1.4375,8.25,1.625],"rotation":0,"texture":"#0","tintindex":0},"south":{"uv":[7.71875,6.375,8.125,6.5625],"rotation":0,"texture":"#0","tintindex":0},"north":{"uv":[7.71875,6.1875,8.125,6.375],"rotation":0,"texture":"#0","tintindex":0},"west":{"uv":[7.90625,1.625,8.25,1.8125],"rotation":0,"texture":"#0","tintindex":0},"up":{"uv":[0.8125,6.65625,0.40625,6.3125],"rotation":0,"texture":"#0","tintindex":0},"down":{"uv":[6.71875,3.375,6.3125,3.71875],"rotation":0,"texture":"#0","tintindex":0}}},{"from":[5.0834284,5.1768904,1.1742563],"to":[11.52,10.80889,3.9902563],"rotation":{"angle":0.0,"axis":"y","origin":[8.301714,1.1942616,7.972885]},"faces":{"east":{"uv":[3.0,7.84375,3.1875,8.1875],"rotation":0,"texture":"#0","tintindex":0},"south":{"uv":[4.25,6.3125,4.65625,6.65625],"rotation":0,"texture":"#0","tintindex":0},"north":{"uv":[6.3125,3.71875,6.71875,4.0625],"rotation":0,"texture":"#0","tintindex":0},"west":{"uv":[1.5625,7.875,1.75,8.21875],"rotation":0,"texture":"#0","tintindex":0},"up":{"uv":[8.15625,0.6875,7.75,0.5],"rotation":0,"texture":"#0","tintindex":0},"down":{"uv":[0.40625,7.78125,0.0,7.96875],"rotation":0,"texture":"#0","tintindex":0}}},{"from":[5.0834284,5.1768904,11.975628],"to":[11.52,10.80889,14.791628],"rotation":{"angle":0.0,"axis":"y","origin":[8.301714,1.1942616,7.972885]},"faces":{"east":{"uv":[4.5,7.875,4.6875,8.21875],"rotation":0,"texture":"#0","tintindex":0},"south":{"uv":[5.0625,6.3125,5.46875,6.65625],"rotation":0,"texture":"#0","tintindex":0},"north":{"uv":[4.65625,6.3125,5.0625,6.65625],"rotation":0,"texture":"#0","tintindex":0},"west":{"uv":[6.6875,7.875,6.875,8.21875],"rotation":0,"texture":"#0","tintindex":0},"up":{"uv":[0.8125,7.96875,0.40625,7.78125],"rotation":0,"texture":"#0","tintindex":0},"down":{"uv":[1.21875,7.78125,0.8125,7.96875],"rotation":0,"texture":"#0","tintindex":0}}},{"from":[5.0834284,-0.37465286,8.9786],"to":[11.52,2.4413471,14.6105995],"rotation":{"angle":-45.0,"axis":"x","origin":[8.301714,2.6022615,7.972885]},"faces":{"east":{"uv":[7.90625,1.8125,8.25,2.0],"rotation":0,"texture":"#0","tintindex":0},"south":{"uv":[7.78125,2.0625,8.1875,2.25],"rotation":0,"texture":"#0","tintindex":0},"north":{"uv":[1.75,7.78125,2.15625,7.96875],"rotation":0,"texture":"#0","tintindex":0},"west":{"uv":[0.0,7.96875,0.34375,8.15625],"rotation":0,"texture":"#0","tintindex":0},"up":{"uv":[5.875,6.65625,5.46875,6.3125],"rotation":0,"texture":"#0","tintindex":0},"down":{"uv":[6.75,3.03125,6.34375,3.375],"rotation":0,"texture":"#0","tintindex":0}}},{"from":[5.0834284,10.386491,8.9786],"to":[11.52,13.20249,14.6105995],"rotation":{"angle":-45.0,"axis":"x","origin":[8.301714,2.6022615,7.972885]},"faces":{"east":{"uv":[0.34375,7.96875,0.6875,8.15625],"rotation":0,"texture":"#0","tintindex":0},"south":{"uv":[7.78125,5.125,8.1875,5.3125],"rotation":0,"texture":"#0","tintindex":0},"north":{"uv":[5.0,7.78125,5.40625,7.96875],"rotation":0,"texture":"#0","tintindex":0},"west":{"uv":[0.6875,7.96875,1.03125,8.15625],"rotation":0,"texture":"#0","tintindex":0},"up":{"uv":[6.78125,1.59375,6.375,1.25],"rotation":0,"texture":"#0","tintindex":0},"down":{"uv":[3.625,6.40625,3.21875,6.75],"rotation":0,"texture":"#0","tintindex":0}}},{"from":[5.0834284,-0.37465286,1.3351703],"to":[11.52,2.4413471,6.9671707],"rotation":{"angle":45.0,"axis":"x","origin":[8.301714,2.6022615,7.972885]},"faces":{"east":{"uv":[1.75,7.96875,2.09375,8.15625],"rotation":0,"texture":"#0","tintindex":0},"south":{"uv":[7.78125,6.9375,8.1875,7.125],"rotation":0,"texture":"#0","tintindex":0},"north":{"uv":[7.78125,6.75,8.1875,6.9375],"rotation":0,"texture":"#0","tintindex":0},"west":{"uv":[2.4375,7.96875,2.78125,8.15625],"rotation":0,"texture":"#0","tintindex":0},"up":{"uv":[4.03125,6.75,3.625,6.40625],"rotation":0,"texture":"#0","tintindex":0},"down":{"uv":[6.84375,5.53125,6.4375,5.875],"rotation":0,"texture":"#0","tintindex":0}}},{"from":[5.0834284,10.426719,1.3753991],"to":[11.52,13.24272,7.0073996],"rotation":{"angle":45.0,"axis":"x","origin":[8.301714,2.6022615,7.972885]},"faces":{"east":{"uv":[4.6875,7.96875,5.03125,8.15625],"rotation":0,"texture":"#0","tintindex":0},"south":{"uv":[5.59375,7.8125,6.0,8.0],"rotation":0,"texture":"#0","tintindex":0},"north":{"uv":[3.21875,7.8125,3.625,8.0],"rotation":0,"texture":"#0","tintindex":0},"west":{"uv":[5.03125,7.96875,5.375,8.15625],"rotation":0,"texture":"#0","tintindex":0},"up":{"uv":[6.875,6.21875,6.46875,5.875],"rotation":0,"texture":"#0","tintindex":0},"down":{"uv":[6.875,6.21875,6.46875,6.5625],"rotation":0,"texture":"#0","tintindex":0}}}],"display":{"head":{"translation":[0.0,-6.4,0.0],"scale":[4.0,4.0,4.0]}}}