{
	"credit": "Made with Blockbench",
	"texture_size": [128, 128],
	"textures": {
		"0": "item/multiple/hw_phantom_2024/ghost_texture",
		"1": "item/multiple/hw_phantom_2024/ghost_animation",
		"2": "item/multiple/hw_phantom_2024/ghost_animation2",
		"particle": "item/multiple/hw_phantom_2024/ghost_texture"
	},
	"elements": [
		{
			"from": [4.5, 4.5, 4],
			"to": [11.5, 8.5, 16],
			"rotation": {"angle": 0, "axis": "y", "origin": [8, 21.56168, 17.28682]},
			"faces": {
				"north": {"uv": [1.125, 11.5, 2, 12], "rotation": 180, "texture": "#0"},
				"east": {"uv": [8.3125, 9.0625, 6.8125, 8.5625], "rotation": 180, "texture": "#0"},
				"south": {"uv": [1.125, 11.5, 2, 12], "rotation": 180, "texture": "#0"},
				"west": {"uv": [8.3125, 9.0625, 6.8125, 8.5625], "rotation": 180, "texture": "#0"},
				"up": {"uv": [6.8125, 7.6875, 8.3125, 8.5625], "rotation": 270, "texture": "#0"},
				"down": {"uv": [6.8125, 9.0625, 8.3125, 9.9375], "rotation": 270, "texture": "#0"}
			}
		},
		{
			"from": [7.5, 5, 18.5],
			"to": [8.5, 10, 20.5],
			"rotation": {"angle": 45, "axis": "x", "origin": [8, 10.5, 18]},
			"faces": {
				"north": {"uv": [4.375, 9.50625, 4.5, 10.13125], "texture": "#0"},
				"east": {"uv": [8.8125, 12.44375, 8.5625, 13.06875], "texture": "#0"},
				"south": {"uv": [8.5, 11.81875, 8.625, 12.44375], "texture": "#0"},
				"west": {"uv": [8.5625, 12.44375, 8.8125, 13.06875], "texture": "#0"},
				"up": {"uv": [4.375, 10.125, 4.5, 10.375], "texture": "#0"},
				"down": {"uv": [4.375, 10.125, 4.5, 10.375], "texture": "#0"}
			}
		},
		{
			"from": [4.5, 1.5, -3.5],
			"to": [11.5, 8.5, 4],
			"rotation": {"angle": 0, "axis": "y", "origin": [8, 20.56168, 16.98682]},
			"faces": {
				"north": {"uv": [5.875, 8.5625, 6.75, 9.4375], "rotation": 180, "texture": "#0"},
				"east": {"uv": [6.8125, 10.3125, 5.875, 9.4375], "rotation": 180, "texture": "#0"},
				"south": {"uv": [5.875, 8.5625, 6.75, 9.4375], "rotation": 180, "texture": "#0"},
				"west": {"uv": [6.8125, 10.3125, 5.875, 9.4375], "rotation": 180, "texture": "#0"},
				"up": {"uv": [5.875, 7.6875, 6.8125, 8.5625], "rotation": 270, "texture": "#0"},
				"down": {"uv": [9.625, 13.875, 10.5625, 14.75], "rotation": 270, "texture": "#0"}
			}
		},
		{
			"from": [6.25, 1.5, -4.5],
			"to": [9.75, 8, -2.5],
			"rotation": {"angle": 0, "axis": "y", "origin": [8, 3.25, -4]},
			"faces": {
				"north": {"uv": [0.0625, 5.375, 0.5, 4.5625], "texture": "#0"},
				"east": {"uv": [0.75, 4.5625, 0.5, 5.375], "texture": "#0"},
				"south": {"uv": [0.0625, 5.375, 0.5, 4.5625], "texture": "#0"},
				"west": {"uv": [0.5, 4.5625, 0.75, 5.375], "texture": "#0"},
				"up": {"uv": [1.375, 2, 1.625, 1.5625], "rotation": 90, "texture": "#0"},
				"down": {"uv": [1.375, 2.75, 1.625, 2.3125], "rotation": 270, "texture": "#0"}
			}
		},
		{
			"from": [6.75, 2.5, -5],
			"to": [9.25, 7, -4],
			"rotation": {"angle": 0, "axis": "y", "origin": [8, 3.75, -4]},
			"faces": {
				"north": {"uv": [0.75, 5.125, 1.0625, 4.5625], "texture": "#0"},
				"east": {"uv": [1.0625, 4.5625, 1.1875, 5.125], "texture": "#0"},
				"south": {"uv": [0.75, 5.125, 1.0625, 4.5625], "texture": "#0"},
				"west": {"uv": [1.0625, 4.5625, 1.1875, 5.125], "texture": "#0"},
				"up": {"uv": [1.375, 2.3125, 1.5, 2], "rotation": 90, "texture": "#0"},
				"down": {"uv": [1.375, 2.3125, 1.5, 2], "rotation": 270, "texture": "#0"}
			}
		},
		{
			"from": [5.75, 4.5, 16],
			"to": [10.25, 8.5, 22],
			"rotation": {"angle": 0, "axis": "y", "origin": [8, 22.56168, 18.28682]},
			"faces": {
				"north": {"uv": [5.875, 12.4375, 6.4375, 12.9375], "rotation": 180, "texture": "#0"},
				"east": {"uv": [7.0625, 11.6875, 6.3125, 11.1875], "rotation": 180, "texture": "#0"},
				"south": {"uv": [5.875, 12.4375, 6.4375, 12.9375], "rotation": 180, "texture": "#0"},
				"west": {"uv": [6.3125, 11.6875, 7.0625, 11.1875], "rotation": 180, "texture": "#0"},
				"up": {"uv": [6.3125, 11.6875, 7.0625, 12.25], "rotation": 270, "texture": "#0"},
				"down": {"uv": [5.875, 12.9375, 6.625, 13.5], "rotation": 270, "texture": "#0"}
			}
		},
		{
			"from": [6.5, 4.55, 20.5],
			"to": [9.5, 8.45, 23.5],
			"rotation": {"angle": 45, "axis": "y", "origin": [8, 6.5, 22]},
			"faces": {
				"north": {"uv": [6.625, 13.6875, 7, 13.1875], "rotation": 180, "texture": "#0"},
				"east": {"uv": [6.625, 13.6875, 7, 13.1875], "rotation": 180, "texture": "#0"},
				"south": {"uv": [7, 13.6875, 6.625, 13.1875], "rotation": 180, "texture": "#0"},
				"west": {"uv": [6.625, 13.6875, 7, 13.1875], "rotation": 180, "texture": "#0"},
				"up": {"uv": [8.5625, 13.0625, 8.9375, 13.4375], "rotation": 270, "texture": "#0"},
				"down": {"uv": [8.9375, 13.0625, 8.5625, 13.4375], "rotation": 270, "texture": "#0"}
			}
		},
		{
			"from": [5.1, 4.55, 14.5],
			"to": [8.1, 8.45, 17.5],
			"rotation": {"angle": 45, "axis": "y", "origin": [6.6, 6.5, 16]},
			"faces": {
				"north": {"uv": [6.4375, 12.75, 6.8125, 12.25], "rotation": 180, "texture": "#0"},
				"east": {"uv": [6.4375, 12.75, 6.8125, 12.25], "rotation": 180, "texture": "#0"},
				"south": {"uv": [6.4375, 12.75, 6.8125, 12.25], "rotation": 180, "texture": "#0"},
				"west": {"uv": [6.4375, 12.75, 6.8125, 12.25], "rotation": 180, "texture": "#0"},
				"up": {"uv": [5.6875, 13.5, 6.0625, 13.875], "rotation": 270, "texture": "#0"},
				"down": {"uv": [6.0625, 13.5, 6.4375, 13.875], "rotation": 270, "texture": "#0"}
			}
		},
		{
			"from": [7.9, 4.55, 14.5],
			"to": [10.9, 8.45, 17.5],
			"rotation": {"angle": -45, "axis": "y", "origin": [9.4, 6.5, 16]},
			"faces": {
				"north": {"uv": [6.8125, 12.75, 6.4375, 12.25], "rotation": 180, "texture": "#0"},
				"east": {"uv": [6.8125, 12.75, 6.4375, 12.25], "rotation": 180, "texture": "#0"},
				"south": {"uv": [6.8125, 12.75, 6.4375, 12.25], "rotation": 180, "texture": "#0"},
				"west": {"uv": [6.8125, 12.75, 6.4375, 12.25], "rotation": 180, "texture": "#0"},
				"up": {"uv": [5.6875, 13.875, 6.0625, 13.5], "rotation": 270, "texture": "#0"},
				"down": {"uv": [6.0625, 13.875, 6.4375, 13.5], "rotation": 270, "texture": "#0"}
			}
		},
		{
			"from": [4, 1, -4],
			"to": [12, 3.5, 2],
			"rotation": {"angle": 0, "axis": "y", "origin": [0, 0.5, 0]},
			"faces": {
				"north": {"uv": [7.3125, 11.375, 8.3125, 11.6875], "texture": "#0"},
				"east": {"uv": [8.3125, 11.0625, 7.5625, 11.375], "texture": "#0"},
				"south": {"uv": [7.3125, 11.375, 8.3125, 11.6875], "texture": "#0"},
				"west": {"uv": [8.3125, 11.0625, 7.5625, 11.375], "texture": "#0"},
				"up": {"uv": [7.3125, 10.3125, 8.3125, 11.0625], "texture": "#0"},
				"down": {"uv": [7.3125, 10.3125, 8.3125, 11.0625], "texture": "#0"}
			}
		},
		{
			"from": [4.55, 1.55, 4],
			"to": [11.45, 4.55, 12],
			"rotation": {"angle": -22.5, "axis": "x", "origin": [8, 1.45, 4.05]},
			"faces": {
				"north": {"uv": [9.375, 6.5625, 10.2375, 6.9375], "texture": "#0"},
				"east": {"uv": [7.8125, 10.3125, 6.8125, 9.9375], "rotation": 180, "texture": "#0"},
				"south": {"uv": [9.375, 6.5625, 10.2375, 6.9375], "texture": "#0"},
				"west": {"uv": [7.8125, 10.3125, 6.8125, 9.9375], "rotation": 180, "texture": "#0"},
				"up": {"uv": [6.3125, 10.3125, 7.3125, 11.175], "rotation": 90, "texture": "#0"},
				"down": {"uv": [6.3125, 10.3125, 7.3125, 11.175], "rotation": 90, "texture": "#0"}
			}
		},
		{
			"from": [-8.7, 5.5, 0.9],
			"to": [-3.7, 9.5, 2.4],
			"rotation": {"angle": 22.5, "axis": "y", "origin": [5.1, 8.2, 8]},
			"faces": {
				"north": {"uv": [7.875, 7.5625, 8.375, 6.9375], "rotation": 90, "texture": "#0"},
				"east": {"uv": [7.375, 7.375, 6.875, 7.5625], "rotation": 90, "texture": "#0"},
				"south": {"uv": [7.875, 6.9375, 8.375, 7.5625], "rotation": 90, "texture": "#0"},
				"west": {"uv": [7.375, 7.375, 6.875, 7.5625], "rotation": 90, "texture": "#0"},
				"up": {"uv": [6.875, 7.375, 6.25, 7.5625], "rotation": 180, "texture": "#0"},
				"down": {"uv": [6.875, 7.375, 6.25, 7.5625], "rotation": 180, "texture": "#0"}
			}
		},
		{
			"from": [-10.54585, 5.55, 6.93671],
			"to": [-9.54585, 9.45, 7.93671],
			"rotation": {"angle": -22.5, "axis": "y", "origin": [-10.04585, 7.5, 7.43671]},
			"faces": {
				"north": {"uv": [7.375, 7.375, 7.875, 7.5], "rotation": 90, "texture": "#0"},
				"east": {"uv": [7.375, 7.375, 7.875, 7.5], "rotation": 90, "texture": "#0"},
				"south": {"uv": [7.375, 7.375, 7.875, 7.5], "rotation": 90, "texture": "#0"},
				"west": {"uv": [7.375, 7.375, 7.875, 7.5], "rotation": 90, "texture": "#0"},
				"up": {"uv": [6.0625, 7.4375, 5.9375, 7.5625], "rotation": 180, "texture": "#0"},
				"down": {"uv": [6.0625, 7.4375, 5.9375, 7.5625], "rotation": 180, "texture": "#0"}
			}
		},
		{
			"from": [-6.2, 5, 0.4],
			"to": [-4.7, 10, 2.9],
			"rotation": {"angle": 22.5, "axis": "y", "origin": [5.1, 7.7, 8]},
			"faces": {
				"north": {"uv": [8.9375, 5.1875, 9.5625, 5], "rotation": 90, "texture": "#0"},
				"east": {"uv": [9.5625, 4.6875, 8.9375, 5], "rotation": 90, "texture": "#0"},
				"south": {"uv": [8.9375, 5, 9.5625, 5.1875], "rotation": 90, "texture": "#0"},
				"west": {"uv": [9.5625, 4.6875, 8.9375, 5], "rotation": 90, "texture": "#0"},
				"up": {"uv": [6.25, 7.375, 6.0625, 7.6875], "rotation": 180, "texture": "#0"},
				"down": {"uv": [6.25, 7.375, 6.0625, 7.6875], "rotation": 180, "texture": "#0"}
			}
		},
		{
			"from": [-5.9, 5.05, 7.5],
			"to": [-3.4, 10.55, 14],
			"rotation": {"angle": -45, "axis": "y", "origin": [5.1, 8.9, 8]},
			"faces": {
				"north": {"uv": [8.5625, 6.625, 7.875, 6.9375], "rotation": 90, "texture": "#0"},
				"east": {"uv": [8.3125, 5.375, 9, 6.1875], "rotation": 90, "texture": "#0"},
				"south": {"uv": [8.5625, 6.625, 7.875, 6.9375], "rotation": 90, "texture": "#0"},
				"west": {"uv": [8.3125, 6.1875, 9, 5.375], "rotation": 90, "texture": "#0"},
				"up": {"uv": [7.875, 6.3125, 8.6875, 6.625], "rotation": 90, "texture": "#0"},
				"down": {"uv": [8.6875, 6.3125, 7.875, 6.625], "rotation": 90, "texture": "#0"}
			}
		},
		{
			"from": [1, 5, -2],
			"to": [8.5, 11, 1],
			"rotation": {"angle": 22.5, "axis": "y", "origin": [4, 8.8, 9]},
			"faces": {
				"north": {"uv": [7.0625, 12.625, 7.8125, 11.6875], "rotation": 90, "texture": "#0"},
				"east": {"uv": [7.8125, 13, 7.0625, 13.375], "rotation": 90, "texture": "#0"},
				"south": {"uv": [7.8125, 12.4375, 8.5625, 13.375], "rotation": 90, "texture": "#0"},
				"west": {"uv": [7.8125, 13, 7.0625, 13.375], "rotation": 90, "texture": "#0"},
				"up": {"uv": [6.875, 12.625, 7.8125, 13], "rotation": 180, "texture": "#0"},
				"down": {"uv": [6.875, 13, 7.8125, 12.625], "rotation": 180, "texture": "#0"}
			}
		},
		{
			"from": [7.5, 5, -2],
			"to": [15, 11, 1],
			"rotation": {"angle": -22.5, "axis": "y", "origin": [12, 8.8, 9]},
			"faces": {
				"north": {"uv": [7.0625, 11.6875, 7.8125, 12.625], "rotation": 90, "texture": "#0"},
				"east": {"uv": [7.8125, 13.375, 7.0625, 13], "rotation": 90, "texture": "#0"},
				"south": {"uv": [7.8125, 13.375, 8.5625, 12.4375], "rotation": 90, "texture": "#0"},
				"west": {"uv": [7.8125, 13.375, 7.0625, 13], "rotation": 90, "texture": "#0"},
				"up": {"uv": [7.8125, 12.625, 6.875, 13], "rotation": 180, "texture": "#0"},
				"down": {"uv": [7.8125, 13, 6.875, 12.625], "rotation": 180, "texture": "#0"}
			}
		},
		{
			"from": [19.4, 5.05, 7.5],
			"to": [21.9, 10.55, 14],
			"rotation": {"angle": 45, "axis": "y", "origin": [10.9, 8.9, 8]},
			"faces": {
				"north": {"uv": [8.5625, 6.9375, 7.875, 6.625], "rotation": 90, "texture": "#0"},
				"east": {"uv": [8.3125, 5.375, 9, 6.1875], "rotation": 90, "texture": "#0"},
				"south": {"uv": [8.5625, 6.9375, 7.875, 6.625], "rotation": 90, "texture": "#0"},
				"west": {"uv": [8.3125, 5.375, 9, 6.1875], "rotation": 90, "texture": "#0"},
				"up": {"uv": [7.875, 6.625, 8.6875, 6.3125], "rotation": 90, "texture": "#0"},
				"down": {"uv": [8.6875, 6.625, 7.875, 6.3125], "rotation": 90, "texture": "#0"}
			}
		},
		{
			"from": [20.7, 5, 0.4],
			"to": [22.2, 10, 2.9],
			"rotation": {"angle": -22.5, "axis": "y", "origin": [10.9, 7.7, 8]},
			"faces": {
				"north": {"uv": [8.9375, 5, 9.5625, 5.1875], "rotation": 90, "texture": "#0"},
				"east": {"uv": [9.5625, 5, 8.9375, 4.6875], "rotation": 90, "texture": "#0"},
				"south": {"uv": [8.9375, 5, 9.5625, 5.1875], "rotation": 90, "texture": "#0"},
				"west": {"uv": [9.5625, 5, 8.9375, 4.6875], "rotation": 90, "texture": "#0"},
				"up": {"uv": [6.0625, 7.375, 6.25, 7.6875], "rotation": 180, "texture": "#0"},
				"down": {"uv": [6.0625, 7.375, 6.25, 7.6875], "rotation": 180, "texture": "#0"}
			}
		},
		{
			"from": [19.7, 5.5, 0.9],
			"to": [24.7, 9.5, 2.4],
			"rotation": {"angle": -22.5, "axis": "y", "origin": [10.9, 8.2, 8]},
			"faces": {
				"north": {"uv": [7.875, 6.9375, 8.375, 7.5625], "rotation": 90, "texture": "#0"},
				"east": {"uv": [7.375, 7.5625, 6.875, 7.375], "rotation": 90, "texture": "#0"},
				"south": {"uv": [7.875, 7.5625, 8.375, 6.9375], "rotation": 90, "texture": "#0"},
				"west": {"uv": [7.375, 7.5625, 6.875, 7.375], "rotation": 90, "texture": "#0"},
				"up": {"uv": [6.25, 7.375, 6.875, 7.5625], "rotation": 180, "texture": "#0"},
				"down": {"uv": [6.25, 7.375, 6.875, 7.5625], "rotation": 180, "texture": "#0"}
			}
		},
		{
			"from": [25.54585, 5.55, 6.93671],
			"to": [26.54585, 9.45, 7.93671],
			"rotation": {"angle": 22.5, "axis": "y", "origin": [26.04585, 7.5, 7.43671]},
			"faces": {
				"north": {"uv": [7.375, 7.5, 7.875, 7.375], "rotation": 90, "texture": "#0"},
				"east": {"uv": [7.375, 7.5, 7.875, 7.375], "rotation": 90, "texture": "#0"},
				"south": {"uv": [7.375, 7.5, 7.875, 7.375], "rotation": 90, "texture": "#0"},
				"west": {"uv": [7.375, 7.5, 7.875, 7.375], "rotation": 90, "texture": "#0"},
				"up": {"uv": [5.9375, 7.4375, 6.0625, 7.5625], "rotation": 180, "texture": "#0"},
				"down": {"uv": [5.9375, 7.4375, 6.0625, 7.5625], "rotation": 180, "texture": "#0"}
			}
		},
		{
			"from": [-6.5, 8.5, 6],
			"to": [9.2, 9, 6.5],
			"rotation": {"angle": -22.5, "axis": "y", "origin": [-5.75, 8.75, 6.25]},
			"faces": {
				"north": {"uv": [0.75, 8.875, 0.8125, 7.0625], "rotation": 270, "texture": "#0"},
				"east": {"uv": [0.625, 7.375, 0.6875, 7.4375], "rotation": 270, "texture": "#0"},
				"south": {"uv": [0.75, 7.0625, 0.8125, 8.875], "rotation": 270, "texture": "#0"},
				"west": {"uv": [0.625, 7.375, 0.6875, 7.4375], "rotation": 270, "texture": "#0"},
				"up": {"uv": [0.75, 7.0625, 0.8125, 8.875], "rotation": 270, "texture": "#0"},
				"down": {"uv": [0.75, 7.0625, 0.8125, 8.875], "rotation": 270, "texture": "#0"}
			}
		},
		{
			"from": [6.8, 8.5, 6],
			"to": [22.5, 9, 6.5],
			"rotation": {"angle": 22.5, "axis": "y", "origin": [21.75, 8.75, 6.25]},
			"faces": {
				"north": {"uv": [0.75, 7.0625, 0.8125, 8.875], "rotation": 270, "texture": "#0"},
				"east": {"uv": [0.625, 7.6875, 0.6875, 7.625], "rotation": 270, "texture": "#0"},
				"south": {"uv": [0.75, 8.875, 0.8125, 7.0625], "rotation": 270, "texture": "#0"},
				"west": {"uv": [0.625, 7.6875, 0.6875, 7.625], "rotation": 270, "texture": "#0"},
				"up": {"uv": [0.75, 8.875, 0.8125, 7.0625], "rotation": 270, "texture": "#0"},
				"down": {"uv": [0.75, 8.875, 0.8125, 7.0625], "rotation": 270, "texture": "#0"}
			}
		},
		{
			"from": [2.5, -2, -10],
			"to": [4, 1, -2.5],
			"rotation": {"angle": -22.5, "axis": "x", "origin": [7, 4.5, -8.25]},
			"faces": {
				"north": {"uv": [8.3125, 11.125, 8.5, 11.5], "texture": "#0"},
				"east": {"uv": [8.375, 14.25, 9.3125, 14.625], "texture": "#0"},
				"south": {"uv": [8.3125, 11.125, 8.5, 11.5], "texture": "#0"},
				"west": {"uv": [8.375, 14.25, 9.3125, 14.625], "texture": "#0"},
				"up": {"uv": [8.3125, 11.5, 8.5, 12.4375], "texture": "#0"},
				"down": {"uv": [8.3125, 11.5, 8.5, 12.4375], "texture": "#0"}
			}
		},
		{
			"from": [12, -2, -10],
			"to": [13.5, 1, -2.5],
			"rotation": {"angle": -22.5, "axis": "x", "origin": [9, 4.5, -8.25]},
			"faces": {
				"north": {"uv": [8.5, 11.125, 8.3125, 11.5], "texture": "#0"},
				"east": {"uv": [9.3125, 14.25, 8.375, 14.625], "texture": "#0"},
				"south": {"uv": [8.5, 11.125, 8.3125, 11.5], "texture": "#0"},
				"west": {"uv": [9.3125, 14.25, 8.375, 14.625], "texture": "#0"},
				"up": {"uv": [8.5, 11.5, 8.3125, 12.4375], "texture": "#0"},
				"down": {"uv": [8.5, 11.5, 8.3125, 12.4375], "texture": "#0"}
			}
		},
		{
			"from": [3, 3.5, -4.5],
			"to": [6, 12, 2.5],
			"rotation": {"angle": 0, "axis": "y", "origin": [4.5, -1.61142, -0.9375]},
			"faces": {
				"north": {"uv": [6.25, 13.9375, 5.875, 15], "texture": "#0"},
				"east": {"uv": [7, 7.375, 7.875, 6.3125], "texture": "#0"},
				"south": {"uv": [6.25, 13.9375, 5.875, 15], "texture": "#0"},
				"west": {"uv": [7.875, 7.375, 7, 6.3125], "texture": "#0"},
				"up": {"uv": [6.125, 7.375, 7, 7], "rotation": 270, "texture": "#0"},
				"down": {"uv": [6.125, 7.375, 7, 7], "rotation": 270, "texture": "#0"}
			}
		},
		{
			"from": [3.05, 9.8, -2],
			"to": [5.95, 12.8, 1],
			"rotation": {"angle": -45, "axis": "x", "origin": [4.5, 10.8, -1]},
			"faces": {
				"north": {"uv": [8.1875, 12.0625, 7.8125, 12.4375], "texture": "#0"},
				"east": {"uv": [8.1875, 11.6875, 7.8125, 12.0625], "texture": "#0"},
				"south": {"uv": [8.1875, 12.4375, 7.8125, 12.0625], "texture": "#0"},
				"west": {"uv": [8.1875, 11.6875, 7.8125, 12.0625], "texture": "#0"},
				"up": {"uv": [8.1875, 12.0625, 7.8125, 12.4375], "texture": "#0"},
				"down": {"uv": [8.1875, 12.0625, 7.8125, 12.4375], "texture": "#0"}
			}
		},
		{
			"from": [10.05, 9.8, -2],
			"to": [12.95, 12.8, 1],
			"rotation": {"angle": -45, "axis": "x", "origin": [11.5, 10.8, -1]},
			"faces": {
				"north": {"uv": [7.8125, 12.0625, 8.1875, 12.4375], "texture": "#0"},
				"east": {"uv": [7.8125, 11.6875, 8.1875, 12.0625], "texture": "#0"},
				"south": {"uv": [7.8125, 12.4375, 8.1875, 12.0625], "texture": "#0"},
				"west": {"uv": [7.8125, 11.6875, 8.1875, 12.0625], "texture": "#0"},
				"up": {"uv": [7.8125, 12.0625, 8.1875, 12.4375], "texture": "#0"},
				"down": {"uv": [7.8125, 12.0625, 8.1875, 12.4375], "texture": "#0"}
			}
		},
		{
			"from": [3.4, 3.55, -5.5],
			"to": [5.5, 11.95, -3.4],
			"rotation": {"angle": -45, "axis": "y", "origin": [4.5, 5.75, -4.4]},
			"faces": {
				"north": {"uv": [5.875, 12.4375, 6.125, 11.375], "texture": "#0"},
				"east": {"uv": [6.125, 12.4375, 5.875, 11.375], "texture": "#0"},
				"south": {"uv": [6.125, 12.4375, 5.875, 11.375], "texture": "#0"},
				"west": {"uv": [6.125, 12.4375, 5.875, 11.375], "texture": "#0"},
				"up": {"uv": [6.25, 15.375, 6.5, 15.125], "rotation": 270, "texture": "#0"},
				"down": {"uv": [6.25, 15.375, 6.5, 15.125], "rotation": 270, "texture": "#0"}
			}
		},
		{
			"from": [3.4, 3.55, 1.4],
			"to": [5.5, 11.95, 3.5],
			"rotation": {"angle": 45, "axis": "y", "origin": [4.5, 5.75, 2.4]},
			"faces": {
				"north": {"uv": [5.875, 12.4375, 6.125, 11.375], "texture": "#0"},
				"east": {"uv": [5.875, 12.4375, 6.125, 11.375], "texture": "#0"},
				"south": {"uv": [5.875, 12.4375, 6.125, 11.375], "texture": "#0"},
				"west": {"uv": [5.875, 12.4375, 6.125, 11.375], "texture": "#0"},
				"up": {"uv": [6.5, 15.375, 6.25, 15.125], "rotation": 270, "texture": "#0"},
				"down": {"uv": [6.5, 15.375, 6.25, 15.125], "rotation": 270, "texture": "#0"}
			}
		},
		{
			"from": [10.5, 3.55, -5.5],
			"to": [12.6, 11.95, -3.4],
			"rotation": {"angle": 45, "axis": "y", "origin": [11.5, 5.75, -4.4]},
			"faces": {
				"north": {"uv": [6.125, 12.4375, 5.875, 11.375], "texture": "#0"},
				"east": {"uv": [5.875, 12.4375, 6.125, 11.375], "texture": "#0"},
				"south": {"uv": [5.875, 12.4375, 6.125, 11.375], "texture": "#0"},
				"west": {"uv": [5.875, 12.4375, 6.125, 11.375], "texture": "#0"},
				"up": {"uv": [6.25, 15.125, 6.5, 15.375], "rotation": 270, "texture": "#0"},
				"down": {"uv": [6.25, 15.125, 6.5, 15.375], "rotation": 270, "texture": "#0"}
			}
		},
		{
			"from": [10, 3.5, -4.5],
			"to": [13, 12, 2.5],
			"rotation": {"angle": 0, "axis": "y", "origin": [11.5, -1.61142, -0.9375]},
			"faces": {
				"north": {"uv": [5.875, 13.9375, 6.25, 15], "texture": "#0"},
				"east": {"uv": [7, 7.375, 7.875, 6.3125], "texture": "#0"},
				"south": {"uv": [5.875, 13.9375, 6.25, 15], "texture": "#0"},
				"west": {"uv": [7.875, 7.375, 7, 6.3125], "texture": "#0"},
				"up": {"uv": [6.125, 7, 7, 7.375], "rotation": 270, "texture": "#0"},
				"down": {"uv": [6.125, 7, 7, 7.375], "rotation": 270, "texture": "#0"}
			}
		},
		{
			"from": [10.5, 3.55, 1.4],
			"to": [12.6, 11.95, 3.5],
			"rotation": {"angle": -45, "axis": "y", "origin": [11.5, 5.75, 2.4]},
			"faces": {
				"north": {"uv": [6.125, 12.4375, 5.875, 11.375], "texture": "#0"},
				"east": {"uv": [6.125, 12.4375, 5.875, 11.375], "texture": "#0"},
				"south": {"uv": [6.125, 12.4375, 5.875, 11.375], "texture": "#0"},
				"west": {"uv": [6.125, 12.4375, 5.875, 11.375], "texture": "#0"},
				"up": {"uv": [6.5, 15.125, 6.25, 15.375], "rotation": 270, "texture": "#0"},
				"down": {"uv": [6.5, 15.125, 6.25, 15.375], "rotation": 270, "texture": "#0"}
			}
		},
		{
			"from": [4, -2.5, -10.5],
			"to": [12, 1.5, -8],
			"rotation": {"angle": -22.5, "axis": "x", "origin": [8, 4.5, -8.25]},
			"faces": {
				"north": {"uv": [8.375, 13.75, 9.375, 14.25], "texture": "#0"},
				"east": {"uv": [9.3125, 14.25, 9.625, 14.75], "texture": "#0"},
				"south": {"uv": [8.375, 13.75, 9.375, 14.25], "texture": "#0"},
				"west": {"uv": [9.3125, 14.25, 9.625, 14.75], "texture": "#0"},
				"up": {"uv": [8.375, 13.4375, 9.375, 13.75], "texture": "#0"},
				"down": {"uv": [8.375, 13.4375, 9.375, 13.75], "texture": "#0"}
			}
		},
		{
			"from": [5.1, 2, -6.1],
			"to": [11.1, 13, -6.1],
			"rotation": {"angle": 0, "axis": "y", "origin": [8.1, 7, -6]},
			"faces": {
				"north": {"uv": [0, 0, 6, 11], "texture": "#1"},
				"east": {"uv": [0, 0, 0, 8], "texture": "#1"},
				"south": {"uv": [6, 0, 0, 11], "texture": "#1"},
				"west": {"uv": [0, 0, 0, 8], "texture": "#1"},
				"up": {"uv": [0, 6, 0, 0], "rotation": 90, "texture": "#1"},
				"down": {"uv": [0, 0, 0, 6], "rotation": 270, "texture": "#1"}
			}
		},
		{
			"from": [21.5, -4.3, 5],
			"to": [21.5, 8.7, 27],
			"rotation": {"angle": 22.5, "axis": "x", "origin": [8, 2.2, 16]},
			"faces": {
				"north": {"uv": [0, 0, 0, 5], "rotation": 180, "texture": "#missing"},
				"east": {"uv": [6.5, 0, 0, 11], "rotation": 270, "texture": "#2"},
				"south": {"uv": [0, 5, 0, 0], "texture": "#missing"},
				"west": {"uv": [0, 0, 6.5, 11], "rotation": 90, "texture": "#2"},
				"up": {"uv": [0, 0, 0, 10], "rotation": 180, "texture": "#missing"},
				"down": {"uv": [0, 0, 0, 10], "texture": "#missing"}
			}
		},
		{
			"from": [-5.5, -4.3, 5],
			"to": [-5.5, 8.7, 27],
			"rotation": {"angle": 22.5, "axis": "x", "origin": [8, 2.2, 16]},
			"faces": {
				"north": {"uv": [0, 0, 0, 5], "rotation": 180, "texture": "#missing"},
				"east": {"uv": [6.5, 0, 0, 11], "rotation": 270, "texture": "#2"},
				"south": {"uv": [0, 5, 0, 0], "texture": "#missing"},
				"west": {"uv": [0, 0, 6.5, 11], "rotation": 90, "texture": "#2"},
				"up": {"uv": [0, 0, 0, 10], "rotation": 180, "texture": "#missing"},
				"down": {"uv": [0, 0, 0, 10], "texture": "#missing"}
			}
		}
	],
	"gui_light": "front",
	"display": {
		"thirdperson_righthand": {
			"translation": [0, 1.5, -1.5],
			"scale": [0.55, 0.55, 0.55]
		},
		"thirdperson_lefthand": {
			"translation": [0, 1.5, -1.5],
			"scale": [0.55, 0.55, 0.55]
		},
		"firstperson_righthand": {
			"rotation": [10.82, 3.97, 19],
			"translation": [11.5, 8.25, -14.5]
		},
		"firstperson_lefthand": {
			"rotation": [10.82, 3.97, 19.87],
			"translation": [8.75, 6.75, -9]
		},
		"ground": {
			"translation": [0, 6, 0],
			"scale": [0.4, 0.4, 0.4]
		},
		"gui": {
			"rotation": [48, 128, 0],
			"translation": [-1, 0.75, 0],
			"scale": [0.38, 0.38, 0.38]
		},
		"head": {
			"translation": [0, 14, 0]
		},
		"fixed": {
			"rotation": [-90, 0, 0],
			"translation": [0, 0, -12.5],
			"scale": [1.62305, 1.62305, 1.62305]
		}
	}
}