{"textures":{"0":"modelengine:entity/tractor1yellow"},"elements":[{"from":[7.1954284,0.7588568,7.446857],"to":[8.804571,2.3679996,9.056],"rotation":{"angle":0.0,"axis":"y","origin":[0.7588568,-18.148571,13.078857]},"faces":{"east":{"uv":[5.5,3.40625,5.59375,3.5],"rotation":0,"texture":"#0","tintindex":0},"south":{"uv":[7.21875,5.25,7.3125,5.34375],"rotation":0,"texture":"#0","tintindex":0},"north":{"uv":[4.90625,4.59375,5.0,4.6875],"rotation":0,"texture":"#0","tintindex":0},"west":{"uv":[7.5625,4.9375,7.65625,5.03125],"rotation":0,"texture":"#0","tintindex":0},"up":{"uv":[7.15625,8.5,7.0625,8.40625],"rotation":0,"texture":"#0","tintindex":0},"down":{"uv":[1.84375,8.4375,1.75,8.53125],"rotation":0,"texture":"#0","tintindex":0}}}],"display":{"head":{"translation":[0.0,-6.4,0.0],"scale":[4.0,4.0,4.0]}}}