{"textures":{"0":"modelengine:entity/tractor1yellow"},"elements":[{"from":[4.48,1.1942616,5.156885],"to":[10.916572,4.0102615,10.788885],"rotation":{"angle":0.0,"axis":"y","origin":[7.6982856,1.1942616,7.972885]},"faces":{"east":{"uv":[0.4375,5.375,0.78125,5.5625],"rotation":0,"texture":"#0","tintindex":0},"south":{"uv":[7.65625,2.40625,8.0625,2.59375],"rotation":0,"texture":"#0","tintindex":0},"north":{"uv":[7.40625,7.625,7.8125,7.8125],"rotation":0,"texture":"#0","tintindex":0},"west":{"uv":[6.0,7.8125,6.34375,8.0],"rotation":0,"texture":"#0","tintindex":0},"up":{"uv":[5.25,6.3125,4.84375,5.96875],"rotation":0,"texture":"#0","tintindex":0},"down":{"uv":[5.65625,5.96875,5.25,6.3125],"rotation":0,"texture":"#0","tintindex":0}}},{"from":[5.686857,4.0102615,3.950028],"to":[8.905143,11.955404,12.398028],"rotation":{"angle":0.0,"axis":"y","origin":[7.6982856,1.1942616,7.972885]},"faces":{"east":{"uv":[2.0,0.84375,2.53125,1.34375],"rotation":0,"texture":"#0","tintindex":0},"south":{"uv":[6.8125,6.6875,7.0,7.1875],"rotation":0,"texture":"#0","tintindex":0},"north":{"uv":[6.78125,1.0625,6.96875,1.5625],"rotation":0,"texture":"#0","tintindex":0},"west":{"uv":[2.9375,4.40625,3.46875,4.90625],"rotation":0,"texture":"#0","tintindex":0},"up":{"uv":[6.90625,0.6875,6.71875,0.15625],"rotation":0,"texture":"#0","tintindex":0},"down":{"uv":[6.90625,3.375,6.71875,3.90625],"rotation":0,"texture":"#0","tintindex":0}}},{"from":[8.905143,5.820547,5.7603135],"to":[9.709715,10.24569,10.185457],"rotation":{"angle":0.0,"axis":"y","origin":[7.6982856,1.1942616,7.972885]},"faces":{"east":{"uv":[3.84375,2.25,4.125,2.53125],"rotation":0,"texture":"#0","tintindex":0},"south":{"uv":[0.59375,8.28125,0.65625,8.5625],"rotation":0,"texture":"#0","tintindex":0},"north":{"uv":[0.53125,8.28125,0.59375,8.5625],"rotation":0,"texture":"#0","tintindex":0},"west":{"uv":[4.71875,5.25,5.0,5.53125],"rotation":0,"texture":"#0","tintindex":0},"up":{"uv":[0.71875,8.5625,0.65625,8.28125],"rotation":0,"texture":"#0","tintindex":0},"down":{"uv":[0.78125,8.28125,0.71875,8.5625],"rotation":0,"texture":"#0","tintindex":0}}},{"from":[9.206858,7.027405,6.9671707],"to":[10.413714,9.038834,8.9786],"rotation":{"angle":0.0,"axis":"y","origin":[10.313143,8.033119,7.972885]},"faces":{"east":{"uv":[8.375,5.125,8.5,5.25],"rotation":0,"texture":"#0","tintindex":0},"south":{"uv":[2.59375,8.5,2.65625,8.625],"rotation":0,"texture":"#0","tintindex":0},"north":{"uv":[2.53125,8.5,2.59375,8.625],"rotation":0,"texture":"#0","tintindex":0},"west":{"uv":[8.375,5.25,8.5,5.375],"rotation":0,"texture":"#0","tintindex":0},"up":{"uv":[2.71875,8.625,2.65625,8.5],"rotation":0,"texture":"#0","tintindex":0},"down":{"uv":[2.78125,8.5,2.71875,8.625],"rotation":0,"texture":"#0","tintindex":0}}},{"from":[4.48,11.955404,5.156885],"to":[10.916572,14.771405,10.829114],"rotation":{"angle":0.0,"axis":"y","origin":[7.6982856,1.1942616,7.972885]},"faces":{"east":{"uv":[7.0,7.8125,7.34375,8.0],"rotation":0,"texture":"#0","tintindex":0},"south":{"uv":[2.8125,7.65625,3.21875,7.84375],"rotation":0,"texture":"#0","tintindex":0},"north":{"uv":[7.65625,2.59375,8.0625,2.78125],"rotation":0,"texture":"#0","tintindex":0},"west":{"uv":[7.34375,7.8125,7.6875,8.0],"rotation":0,"texture":"#0","tintindex":0},"up":{"uv":[6.0625,6.3125,5.65625,5.96875],"rotation":0,"texture":"#0","tintindex":0},"down":{"uv":[6.4375,5.53125,6.03125,5.875],"rotation":0,"texture":"#0","tintindex":0}}},{"from":[4.48,5.1768904,1.1742563],"to":[10.916572,10.80889,3.9902563],"rotation":{"angle":0.0,"axis":"y","origin":[7.6982856,1.1942616,7.972885]},"faces":{"east":{"uv":[5.6875,0.0,5.875,0.34375],"rotation":0,"texture":"#0","tintindex":0},"south":{"uv":[3.84375,6.0625,4.25,6.40625],"rotation":0,"texture":"#0","tintindex":0},"north":{"uv":[3.4375,6.0625,3.84375,6.40625],"rotation":0,"texture":"#0","tintindex":0},"west":{"uv":[3.625,7.8125,3.8125,8.15625],"rotation":0,"texture":"#0","tintindex":0},"up":{"uv":[8.0625,3.15625,7.65625,2.96875],"rotation":0,"texture":"#0","tintindex":0},"down":{"uv":[8.0625,3.15625,7.65625,3.34375],"rotation":0,"texture":"#0","tintindex":0}}},{"from":[4.48,5.1768904,11.975628],"to":[10.916572,10.80889,14.791628],"rotation":{"angle":0.0,"axis":"y","origin":[7.6982856,1.1942616,7.972885]},"faces":{"east":{"uv":[7.8125,7.625,8.0,7.96875],"rotation":0,"texture":"#0","tintindex":0},"south":{"uv":[0.84375,6.15625,1.25,6.5],"rotation":0,"texture":"#0","tintindex":0},"north":{"uv":[6.0625,5.875,6.46875,6.21875],"rotation":0,"texture":"#0","tintindex":0},"west":{"uv":[2.8125,7.84375,3.0,8.1875],"rotation":0,"texture":"#0","tintindex":0},"up":{"uv":[8.0625,3.53125,7.65625,3.34375],"rotation":0,"texture":"#0","tintindex":0},"down":{"uv":[8.0625,4.1875,7.65625,4.375],"rotation":0,"texture":"#0","tintindex":0}}},{"from":[4.48,-0.37465286,8.9786],"to":[10.916572,2.4413471,14.6105995],"rotation":{"angle":-45.0,"axis":"x","origin":[7.6982856,2.6022615,7.972885]},"faces":{"east":{"uv":[7.84375,1.0,8.1875,1.1875],"rotation":0,"texture":"#0","tintindex":0},"south":{"uv":[7.65625,4.5625,8.0625,4.75],"rotation":0,"texture":"#0","tintindex":0},"north":{"uv":[7.65625,4.375,8.0625,4.5625],"rotation":0,"texture":"#0","tintindex":0},"west":{"uv":[7.875,0.0,8.21875,0.1875],"rotation":0,"texture":"#0","tintindex":0},"up":{"uv":[2.8125,6.5,2.40625,6.15625],"rotation":0,"texture":"#0","tintindex":0},"down":{"uv":[0.40625,6.1875,0.0,6.53125],"rotation":0,"texture":"#0","tintindex":0}}},{"from":[4.48,10.386491,8.9786],"to":[10.916572,13.20249,14.6105995],"rotation":{"angle":-45.0,"axis":"x","origin":[7.6982856,2.6022615,7.972885]},"faces":{"east":{"uv":[7.875,0.1875,8.21875,0.375],"rotation":0,"texture":"#0","tintindex":0},"south":{"uv":[1.34375,7.6875,1.75,7.875],"rotation":0,"texture":"#0","tintindex":0},"north":{"uv":[7.65625,4.9375,8.0625,5.125],"rotation":0,"texture":"#0","tintindex":0},"west":{"uv":[1.21875,7.875,1.5625,8.0625],"rotation":0,"texture":"#0","tintindex":0},"up":{"uv":[6.625,1.9375,6.21875,1.59375],"rotation":0,"texture":"#0","tintindex":0},"down":{"uv":[6.625,1.9375,6.21875,2.28125],"rotation":0,"texture":"#0","tintindex":0}}},{"from":[4.48,-0.37465286,1.3351703],"to":[10.916572,2.4413471,6.9671707],"rotation":{"angle":45.0,"axis":"x","origin":[7.6982856,2.6022615,7.972885]},"faces":{"east":{"uv":[7.875,2.78125,8.21875,2.96875],"rotation":0,"texture":"#0","tintindex":0},"south":{"uv":[4.34375,7.6875,4.75,7.875],"rotation":0,"texture":"#0","tintindex":0},"north":{"uv":[3.9375,7.6875,4.34375,7.875],"rotation":0,"texture":"#0","tintindex":0},"west":{"uv":[3.8125,7.875,4.15625,8.0625],"rotation":0,"texture":"#0","tintindex":0},"up":{"uv":[6.46875,6.5625,6.0625,6.21875],"rotation":0,"texture":"#0","tintindex":0},"down":{"uv":[3.21875,6.25,2.8125,6.59375],"rotation":0,"texture":"#0","tintindex":0}}},{"from":[4.48,10.426719,1.3753991],"to":[10.916572,13.24272,7.0073996],"rotation":{"angle":45.0,"axis":"x","origin":[7.6982856,2.6022615,7.972885]},"faces":{"east":{"uv":[4.15625,7.875,4.5,8.0625],"rotation":0,"texture":"#0","tintindex":0},"south":{"uv":[7.71875,3.71875,8.125,3.90625],"rotation":0,"texture":"#0","tintindex":0},"north":{"uv":[7.71875,3.53125,8.125,3.71875],"rotation":0,"texture":"#0","tintindex":0},"west":{"uv":[6.34375,7.875,6.6875,8.0625],"rotation":0,"texture":"#0","tintindex":0},"up":{"uv":[1.65625,6.625,1.25,6.28125],"rotation":0,"texture":"#0","tintindex":0},"down":{"uv":[2.0625,6.28125,1.65625,6.625],"rotation":0,"texture":"#0","tintindex":0}}}],"display":{"head":{"translation":[0.0,-6.4,0.0],"scale":[4.0,4.0,4.0]}}}