{"textures":{"0":"modelengine:entity/tractor2gray"},"elements":[{"from":[7.2685714,9.706667,5.7447615],"to":[8.731428,11.169524,9.03619],"rotation":{"angle":0.0,"axis":"y","origin":[1.4171424,-17.721905,12.693334]},"faces":{"east":{"uv":[4.5,3.5,4.875,3.6875],"rotation":0,"texture":"#0","tintindex":0},"south":{"uv":[9.0625,12.6875,9.25,12.875],"rotation":0,"texture":"#0","tintindex":0},"north":{"uv":[8.875,12.6875,9.0625,12.875],"rotation":0,"texture":"#0","tintindex":0},"west":{"uv":[7.3125,3.8125,7.6875,4.0],"rotation":0,"texture":"#0","tintindex":0},"up":{"uv":[6.4375,7.8125,6.25,7.4375],"rotation":0,"texture":"#0","tintindex":0},"down":{"uv":[6.625,7.4375,6.4375,7.8125],"rotation":0,"texture":"#0","tintindex":0}}},{"from":[7.2685714,8.24381,7.5733333],"to":[8.731428,9.706667,9.03619],"rotation":{"angle":0.0,"axis":"y","origin":[1.4171424,-17.721905,12.693334]},"faces":{"east":{"uv":[12.6875,6.375,12.875,6.5625],"rotation":0,"texture":"#0","tintindex":0},"south":{"uv":[12.6875,6.5625,12.875,6.75],"rotation":0,"texture":"#0","tintindex":0},"north":{"uv":[2.0,12.6875,2.1875,12.875],"rotation":0,"texture":"#0","tintindex":0},"west":{"uv":[12.6875,6.75,12.875,6.9375],"rotation":0,"texture":"#0","tintindex":0},"up":{"uv":[12.875,7.125,12.6875,6.9375],"rotation":0,"texture":"#0","tintindex":0},"down":{"uv":[8.4375,12.6875,8.25,12.875],"rotation":0,"texture":"#0","tintindex":0}}},{"from":[6.902857,0.92952347,7.207619],"to":[9.097143,8.24381,9.401905],"rotation":{"angle":0.0,"axis":"y","origin":[1.4171424,-17.721905,12.693334]},"faces":{"east":{"uv":[4.6875,11.0625,4.9375,11.875],"rotation":0,"texture":"#0","tintindex":0},"south":{"uv":[4.9375,11.0625,5.1875,11.875],"rotation":0,"texture":"#0","tintindex":0},"north":{"uv":[0.9375,11.0625,1.1875,11.875],"rotation":0,"texture":"#0","tintindex":0},"west":{"uv":[8.4375,11.0625,8.6875,11.875],"rotation":0,"texture":"#0","tintindex":0},"up":{"uv":[12.6875,10.0,12.4375,9.75],"rotation":0,"texture":"#0","tintindex":0},"down":{"uv":[10.25,12.4375,10.0,12.6875],"rotation":0,"texture":"#0","tintindex":0}}}],"display":{"head":{"translation":[0.0,-6.4,0.0],"scale":[4.0,4.0,4.0]}}}