{"textures":{"0":"modelengine:entity/tractor2gray"},"elements":[{"from":[5.3485713,1.8129649,5.41535],"to":[11.2,4.372965,10.535351],"rotation":{"angle":0.0,"axis":"y","origin":[8.274285,1.8129649,7.9753504]},"faces":{"east":{"uv":[1.4375,11.875,2.0,12.125],"rotation":0,"texture":"#0","tintindex":0},"south":{"uv":[6.375,10.8125,7.0,11.0625],"rotation":0,"texture":"#0","tintindex":0},"north":{"uv":[1.8125,5.5625,2.4375,5.8125],"rotation":0,"texture":"#0","tintindex":0},"west":{"uv":[3.0625,11.875,3.625,12.125],"rotation":0,"texture":"#0","tintindex":0},"up":{"uv":[9.625,8.6875,9.0,8.125],"rotation":0,"texture":"#0","tintindex":0},"down":{"uv":[4.75,9.0625,4.125,9.625],"rotation":0,"texture":"#0","tintindex":0}}},{"from":[7.1771426,4.372965,4.3182073],"to":[10.102858,11.595822,11.998207],"rotation":{"angle":0.0,"axis":"y","origin":[8.274285,1.8129649,7.9753504]},"faces":{"east":{"uv":[6.6875,0.6875,7.5,1.5],"rotation":0,"texture":"#0","tintindex":0},"south":{"uv":[4.1875,10.1875,4.5,11.0],"rotation":0,"texture":"#0","tintindex":0},"north":{"uv":[3.875,10.1875,4.1875,11.0],"rotation":0,"texture":"#0","tintindex":0},"west":{"uv":[6.75,5.5625,7.5625,6.375],"rotation":0,"texture":"#0","tintindex":0},"up":{"uv":[7.3125,11.0625,7.0,10.25],"rotation":0,"texture":"#0","tintindex":0},"down":{"uv":[7.625,10.25,7.3125,11.0625],"rotation":0,"texture":"#0","tintindex":0}}},{"from":[6.445714,6.0186796,5.9639215],"to":[7.1771426,10.041536,9.986778],"rotation":{"angle":0.0,"axis":"y","origin":[8.274285,1.8129649,7.9753504]},"faces":{"east":{"uv":[2.5,1.625,2.9375,2.0625],"rotation":0,"texture":"#0","tintindex":0},"south":{"uv":[8.875,3.8125,8.9375,4.25],"rotation":0,"texture":"#0","tintindex":0},"north":{"uv":[2.9375,1.625,3.0,2.0625],"rotation":0,"texture":"#0","tintindex":0},"west":{"uv":[8.4375,3.8125,8.875,4.25],"rotation":0,"texture":"#0","tintindex":0},"up":{"uv":[9.6875,10.375,9.625,9.9375],"rotation":0,"texture":"#0","tintindex":0},"down":{"uv":[1.25,10.0,1.1875,10.4375],"rotation":0,"texture":"#0","tintindex":0}}},{"from":[5.805714,7.1158223,7.0610642],"to":[6.902857,8.944394,8.889636],"rotation":{"angle":0.0,"axis":"y","origin":[5.8971424,8.030108,7.9753504]},"faces":{"east":{"uv":[1.375,12.625,1.5625,12.8125],"rotation":0,"texture":"#0","tintindex":0},"south":{"uv":[10.25,6.3125,10.375,6.5],"rotation":0,"texture":"#0","tintindex":0},"north":{"uv":[9.375,7.5625,9.5,7.75],"rotation":0,"texture":"#0","tintindex":0},"west":{"uv":[3.625,12.625,3.8125,12.8125],"rotation":0,"texture":"#0","tintindex":0},"up":{"uv":[1.875,12.5625,1.75,12.375],"rotation":0,"texture":"#0","tintindex":0},"down":{"uv":[4.625,12.375,4.5,12.5625],"rotation":0,"texture":"#0","tintindex":0}}},{"from":[5.3485713,11.595822,5.41535],"to":[11.2,14.155823,10.571921],"rotation":{"angle":0.0,"axis":"y","origin":[8.274285,1.8129649,7.9753504]},"faces":{"east":{"uv":[11.9375,4.5625,12.5,4.8125],"rotation":0,"texture":"#0","tintindex":0},"south":{"uv":[0.0,11.625,0.625,11.875],"rotation":0,"texture":"#0","tintindex":0},"north":{"uv":[10.75,11.5625,11.375,11.8125],"rotation":0,"texture":"#0","tintindex":0},"west":{"uv":[11.9375,6.25,12.5,6.5],"rotation":0,"texture":"#0","tintindex":0},"up":{"uv":[1.25,10.0,0.625,9.4375],"rotation":0,"texture":"#0","tintindex":0},"down":{"uv":[10.0625,2.5625,9.4375,3.125],"rotation":0,"texture":"#0","tintindex":0}}},{"from":[5.3485713,5.4335365,1.7947783],"to":[11.2,10.553536,4.354779],"rotation":{"angle":0.0,"axis":"y","origin":[8.274285,1.8129649,7.9753504]},"faces":{"east":{"uv":[5.5,6.875,5.75,7.4375],"rotation":0,"texture":"#0","tintindex":0},"south":{"uv":[5.9375,9.375,6.5625,9.9375],"rotation":0,"texture":"#0","tintindex":0},"north":{"uv":[2.0,9.3125,2.625,9.875],"rotation":0,"texture":"#0","tintindex":0},"west":{"uv":[2.0625,7.75,2.3125,8.3125],"rotation":0,"texture":"#0","tintindex":0},"up":{"uv":[12.1875,2.625,11.5625,2.375],"rotation":0,"texture":"#0","tintindex":0},"down":{"uv":[3.0625,11.5625,2.4375,11.8125],"rotation":0,"texture":"#0","tintindex":0}}},{"from":[5.3485713,5.4335365,11.614207],"to":[11.2,10.553536,14.174208],"rotation":{"angle":0.0,"axis":"y","origin":[8.274285,1.8129649,7.9753504]},"faces":{"east":{"uv":[5.1875,11.75,5.4375,12.3125],"rotation":0,"texture":"#0","tintindex":0},"south":{"uv":[7.1875,9.375,7.8125,9.9375],"rotation":0,"texture":"#0","tintindex":0},"north":{"uv":[6.5625,9.375,7.1875,9.9375],"rotation":0,"texture":"#0","tintindex":0},"west":{"uv":[5.4375,11.75,5.6875,12.3125],"rotation":0,"texture":"#0","tintindex":0},"up":{"uv":[12.1875,5.625,11.5625,5.375],"rotation":0,"texture":"#0","tintindex":0},"down":{"uv":[6.8125,11.5625,6.1875,11.8125],"rotation":0,"texture":"#0","tintindex":0}}},{"from":[5.3485713,0.38667917,8.889636],"to":[11.2,2.9466796,14.009636],"rotation":{"angle":-45.0,"axis":"x","origin":[8.274285,3.0929651,7.9753504]},"faces":{"east":{"uv":[11.875,9.375,12.4375,9.625],"rotation":0,"texture":"#0","tintindex":0},"south":{"uv":[11.5,10.75,12.125,11.0],"rotation":0,"texture":"#0","tintindex":0},"north":{"uv":[11.5,1.625,12.125,1.875],"rotation":0,"texture":"#0","tintindex":0},"west":{"uv":[11.875,9.625,12.4375,9.875],"rotation":0,"texture":"#0","tintindex":0},"up":{"uv":[3.875,9.75,3.25,9.1875],"rotation":0,"texture":"#0","tintindex":0},"down":{"uv":[2.0,9.3125,1.375,9.875],"rotation":0,"texture":"#0","tintindex":0}}},{"from":[5.3485713,10.169537,8.889636],"to":[11.2,12.729537,14.009636],"rotation":{"angle":-45.0,"axis":"x","origin":[8.274285,3.0929651,7.9753504]},"faces":{"east":{"uv":[11.875,10.375,12.4375,10.625],"rotation":0,"texture":"#0","tintindex":0},"south":{"uv":[10.125,11.5625,10.75,11.8125],"rotation":0,"texture":"#0","tintindex":0},"north":{"uv":[11.5625,7.75,12.1875,8.0],"rotation":0,"texture":"#0","tintindex":0},"west":{"uv":[11.9375,3.0,12.5,3.25],"rotation":0,"texture":"#0","tintindex":0},"up":{"uv":[9.6875,9.9375,9.0625,9.375],"rotation":0,"texture":"#0","tintindex":0},"down":{"uv":[0.625,9.4375,0.0,10.0],"rotation":0,"texture":"#0","tintindex":0}}},{"from":[5.3485713,0.38667917,1.9410644],"to":[11.2,2.9466796,7.0610642],"rotation":{"angle":45.0,"axis":"x","origin":[8.274285,3.0929651,7.9753504]},"faces":{"east":{"uv":[11.875,8.875,12.4375,9.125],"rotation":0,"texture":"#0","tintindex":0},"south":{"uv":[11.5,0.0,12.125,0.25],"rotation":0,"texture":"#0","tintindex":0},"north":{"uv":[11.375,11.4375,12.0,11.6875],"rotation":0,"texture":"#0","tintindex":0},"west":{"uv":[11.875,9.125,12.4375,9.375],"rotation":0,"texture":"#0","tintindex":0},"up":{"uv":[9.75,3.75,9.125,3.1875],"rotation":0,"texture":"#0","tintindex":0},"down":{"uv":[3.25,9.1875,2.625,9.75],"rotation":0,"texture":"#0","tintindex":0}}},{"from":[5.3485713,10.206108,1.9776359],"to":[11.2,12.766108,7.0976357],"rotation":{"angle":45.0,"axis":"x","origin":[8.274285,3.0929651,7.9753504]},"faces":{"east":{"uv":[11.875,9.875,12.4375,10.125],"rotation":0,"texture":"#0","tintindex":0},"south":{"uv":[7.4375,11.5625,8.0625,11.8125],"rotation":0,"texture":"#0","tintindex":0},"north":{"uv":[6.8125,11.5625,7.4375,11.8125],"rotation":0,"texture":"#0","tintindex":0},"west":{"uv":[11.875,10.125,12.4375,10.375],"rotation":0,"texture":"#0","tintindex":0},"up":{"uv":[8.4375,9.9375,7.8125,9.375],"rotation":0,"texture":"#0","tintindex":0},"down":{"uv":[9.0625,9.375,8.4375,9.9375],"rotation":0,"texture":"#0","tintindex":0}}}],"display":{"head":{"translation":[0.0,-6.4,0.0],"scale":[4.0,4.0,4.0]}}}