{"textures":{"0":"modelengine:entity/tractor1gray"},"elements":[{"from":[7.473934,2.676896,4.7817144],"to":[10.289934,13.53861,11.218286],"rotation":{"angle":0.0,"axis":"y","origin":[8.278505,0.2631817,8.0]},"faces":{"east":{"uv":[2.125,4.40625,2.53125,5.09375],"rotation":0,"texture":"#0","tintindex":0},"south":{"uv":[0.1875,6.53125,0.375,7.21875],"rotation":0,"texture":"#0","tintindex":0},"north":{"uv":[0.0,6.53125,0.1875,7.21875],"rotation":0,"texture":"#0","tintindex":0},"west":{"uv":[2.53125,4.40625,2.9375,5.09375],"rotation":0,"texture":"#0","tintindex":0},"up":{"uv":[5.0,7.90625,4.8125,7.5],"rotation":0,"texture":"#0","tintindex":0},"down":{"uv":[2.625,7.5625,2.4375,7.96875],"rotation":0,"texture":"#0","tintindex":0}}},{"from":[4.657934,-1.6476765,0.15542841],"to":[11.496792,1.5706105,6.592],"rotation":{"angle":45.0,"axis":"x","origin":[8.278505,1.4700384,8.0]},"faces":{"east":{"uv":[0.0,7.59375,0.40625,7.78125],"rotation":0,"texture":"#0","tintindex":0},"south":{"uv":[5.15625,7.21875,5.59375,7.40625],"rotation":0,"texture":"#0","tintindex":0},"north":{"uv":[7.21875,5.0625,7.65625,5.25],"rotation":0,"texture":"#0","tintindex":0},"west":{"uv":[0.75,7.59375,1.15625,7.78125],"rotation":0,"texture":"#0","tintindex":0},"up":{"uv":[2.125,5.9375,1.6875,5.53125],"rotation":0,"texture":"#0","tintindex":0},"down":{"uv":[2.5625,5.53125,2.125,5.9375],"rotation":0,"texture":"#0","tintindex":0}}},{"from":[4.657934,-1.6476765,9.408],"to":[11.496792,1.5706105,15.844572],"rotation":{"angle":-45.0,"axis":"x","origin":[8.278505,1.4700384,8.0]},"faces":{"east":{"uv":[5.0,7.59375,5.40625,7.78125],"rotation":0,"texture":"#0","tintindex":0},"south":{"uv":[2.875,7.28125,3.3125,7.46875],"rotation":0,"texture":"#0","tintindex":0},"north":{"uv":[7.15625,7.25,7.59375,7.4375],"rotation":0,"texture":"#0","tintindex":0},"west":{"uv":[7.59375,6.5625,8.0,6.75],"rotation":0,"texture":"#0","tintindex":0},"up":{"uv":[0.875,5.96875,0.4375,5.5625],"rotation":0,"texture":"#0","tintindex":0},"down":{"uv":[5.15625,5.5625,4.71875,5.96875],"rotation":0,"texture":"#0","tintindex":0}}},{"from":[4.657934,4.8291245,0.25599957],"to":[11.496792,11.265697,3.4742856],"rotation":{"angle":0.0,"axis":"y","origin":[8.278505,0.2631817,8.0]},"faces":{"east":{"uv":[2.625,7.5625,2.8125,7.96875],"rotation":0,"texture":"#0","tintindex":0},"south":{"uv":[5.59375,5.5625,6.03125,5.96875],"rotation":0,"texture":"#0","tintindex":0},"north":{"uv":[5.15625,5.5625,5.59375,5.96875],"rotation":0,"texture":"#0","tintindex":0},"west":{"uv":[2.25,7.59375,2.4375,8.0],"rotation":0,"texture":"#0","tintindex":0},"up":{"uv":[7.71875,4.0,7.28125,3.8125],"rotation":0,"texture":"#0","tintindex":0},"down":{"uv":[7.71875,4.0,7.28125,4.1875],"rotation":0,"texture":"#0","tintindex":0}}},{"from":[4.657934,4.8291245,12.525715],"to":[11.496792,11.265697,15.744],"rotation":{"angle":0.0,"axis":"y","origin":[8.278505,0.2631817,8.0]},"faces":{"east":{"uv":[5.40625,7.59375,5.59375,8.0],"rotation":0,"texture":"#0","tintindex":0},"south":{"uv":[4.0,5.65625,4.4375,6.0625],"rotation":0,"texture":"#0","tintindex":0},"north":{"uv":[3.5625,5.65625,4.0,6.0625],"rotation":0,"texture":"#0","tintindex":0},"west":{"uv":[7.59375,6.75,7.78125,7.15625],"rotation":0,"texture":"#0","tintindex":0},"up":{"uv":[7.71875,4.9375,7.28125,4.75],"rotation":0,"texture":"#0","tintindex":0},"down":{"uv":[7.0625,7.28125,6.625,7.46875],"rotation":0,"texture":"#0","tintindex":0}}},{"from":[4.657934,10.662268,0.115199566],"to":[11.496792,13.880553,6.551771],"rotation":{"angle":45.0,"axis":"x","origin":[8.278505,1.4700384,8.0]},"faces":{"east":{"uv":[7.59375,7.15625,8.0,7.34375],"rotation":0,"texture":"#0","tintindex":0},"south":{"uv":[7.34375,2.21875,7.78125,2.40625],"rotation":0,"texture":"#0","tintindex":0},"north":{"uv":[7.3125,0.625,7.75,0.8125],"rotation":0,"texture":"#0","tintindex":0},"west":{"uv":[7.625,1.25,8.03125,1.4375],"rotation":0,"texture":"#0","tintindex":0},"up":{"uv":[3.0,6.15625,2.5625,5.75],"rotation":0,"texture":"#0","tintindex":0},"down":{"uv":[0.4375,5.78125,0.0,6.1875],"rotation":0,"texture":"#0","tintindex":0}}},{"from":[4.657934,10.662268,9.448229],"to":[11.496792,13.880553,15.8848],"rotation":{"angle":-45.0,"axis":"x","origin":[8.278505,1.4700384,8.0]},"faces":{"east":{"uv":[3.53125,7.625,3.9375,7.8125],"rotation":0,"texture":"#0","tintindex":0},"south":{"uv":[2.4375,7.375,2.875,7.5625],"rotation":0,"texture":"#0","tintindex":0},"north":{"uv":[7.34375,5.25,7.78125,5.4375],"rotation":0,"texture":"#0","tintindex":0},"west":{"uv":[7.625,5.4375,8.03125,5.625],"rotation":0,"texture":"#0","tintindex":0},"up":{"uv":[6.21875,2.125,5.78125,1.71875],"rotation":0,"texture":"#0","tintindex":0},"down":{"uv":[6.21875,2.125,5.78125,2.53125],"rotation":0,"texture":"#0","tintindex":0}}},{"from":[4.657934,12.613354,4.7817144],"to":[11.496792,15.831639,11.218286],"rotation":{"angle":0.0,"axis":"y","origin":[8.278505,0.2631817,8.0]},"faces":{"east":{"uv":[7.625,5.625,8.03125,5.8125],"rotation":0,"texture":"#0","tintindex":0},"south":{"uv":[7.40625,1.0625,7.84375,1.25],"rotation":0,"texture":"#0","tintindex":0},"north":{"uv":[0.0,7.40625,0.4375,7.59375],"rotation":0,"texture":"#0","tintindex":0},"west":{"uv":[7.625,5.8125,8.03125,6.0],"rotation":0,"texture":"#0","tintindex":0},"up":{"uv":[6.3125,0.40625,5.875,0.0],"rotation":0,"texture":"#0","tintindex":0},"down":{"uv":[6.3125,0.40625,5.875,0.8125],"rotation":0,"texture":"#0","tintindex":0}}},{"from":[4.657934,0.2631817,4.7817144],"to":[11.496792,3.4814672,11.218286],"rotation":{"angle":0.0,"axis":"y","origin":[8.278505,0.2631817,8.0]},"faces":{"east":{"uv":[7.625,6.0,8.03125,6.1875],"rotation":0,"texture":"#0","tintindex":0},"south":{"uv":[7.4375,0.3125,7.875,0.5],"rotation":0,"texture":"#0","tintindex":0},"north":{"uv":[5.15625,7.40625,5.59375,7.59375],"rotation":0,"texture":"#0","tintindex":0},"west":{"uv":[7.0,7.625,7.40625,7.8125],"rotation":0,"texture":"#0","tintindex":0},"up":{"uv":[6.3125,3.8125,5.875,3.40625],"rotation":0,"texture":"#0","tintindex":0},"down":{"uv":[6.3125,3.8125,5.875,4.21875],"rotation":0,"texture":"#0","tintindex":0}}},{"from":[7.473934,3.1546102,2.3679996],"to":[10.289934,12.532896,4.7817144],"rotation":{"angle":0.0,"axis":"y","origin":[8.278505,0.2631817,8.0]},"faces":{"east":{"uv":[6.90625,4.1875,7.0625,4.78125],"rotation":0,"texture":"#0","tintindex":0},"south":{"uv":[3.0,6.59375,3.1875,7.1875],"rotation":0,"texture":"#0","tintindex":0},"north":{"uv":[2.8125,6.59375,3.0,7.1875],"rotation":0,"texture":"#0","tintindex":0},"west":{"uv":[7.0,6.6875,7.15625,7.28125],"rotation":0,"texture":"#0","tintindex":0},"up":{"uv":[2.96875,8.34375,2.78125,8.1875],"rotation":0,"texture":"#0","tintindex":0},"down":{"uv":[3.15625,8.1875,2.96875,8.34375],"rotation":0,"texture":"#0","tintindex":0}}},{"from":[7.473934,3.2300386,11.218286],"to":[10.289934,12.532896,13.632],"rotation":{"angle":0.0,"axis":"y","origin":[8.278505,0.2631817,8.0]},"faces":{"east":{"uv":[7.0625,2.96875,7.21875,3.5625],"rotation":0,"texture":"#0","tintindex":0},"south":{"uv":[1.375,6.625,1.5625,7.21875],"rotation":0,"texture":"#0","tintindex":0},"north":{"uv":[1.1875,6.625,1.375,7.21875],"rotation":0,"texture":"#0","tintindex":0},"west":{"uv":[3.375,7.0625,3.53125,7.65625],"rotation":0,"texture":"#0","tintindex":0},"up":{"uv":[8.375,5.28125,8.1875,5.125],"rotation":0,"texture":"#0","tintindex":0},"down":{"uv":[8.375,6.71875,8.1875,6.875],"rotation":0,"texture":"#0","tintindex":0}}},{"from":[6.267077,5.492896,5.5862856],"to":[7.8762197,10.320325,10.413714],"rotation":{"angle":0.0,"axis":"y","origin":[7.272791,7.9066105,8.0]},"faces":{"east":{"uv":[3.375,6.75,3.6875,7.0625],"rotation":0,"texture":"#0","tintindex":0},"south":{"uv":[0.9375,8.15625,1.03125,8.46875],"rotation":0,"texture":"#0","tintindex":0},"north":{"uv":[1.25,5.15625,1.34375,5.46875],"rotation":0,"texture":"#0","tintindex":0},"west":{"uv":[3.6875,6.75,4.0,7.0625],"rotation":0,"texture":"#0","tintindex":0},"up":{"uv":[2.03125,8.46875,1.9375,8.15625],"rotation":0,"texture":"#0","tintindex":0},"down":{"uv":[4.1875,8.15625,4.09375,8.46875],"rotation":0,"texture":"#0","tintindex":0}}},{"from":[4.657934,6.6997533,6.793143],"to":[6.6693625,9.113467,9.206858],"rotation":{"angle":0.0,"axis":"y","origin":[5.864791,7.9066105,8.0]},"faces":{"east":{"uv":[8.21875,5.53125,8.375,5.6875],"rotation":0,"texture":"#0","tintindex":0},"south":{"uv":[0.0,8.28125,0.125,8.4375],"rotation":0,"texture":"#0","tintindex":0},"north":{"uv":[6.875,8.25,7.0,8.40625],"rotation":0,"texture":"#0","tintindex":0},"west":{"uv":[8.21875,5.6875,8.375,5.84375],"rotation":0,"texture":"#0","tintindex":0},"up":{"uv":[0.25,8.4375,0.125,8.28125],"rotation":0,"texture":"#0","tintindex":0},"down":{"uv":[0.375,8.28125,0.25,8.4375],"rotation":0,"texture":"#0","tintindex":0}}}],"display":{"head":{"translation":[0.0,-6.4,0.0],"scale":[4.0,4.0,4.0]}}}