{
	"credit": "Made with Blockbench",
	"textures": {
		"0": "item/axes/little_crocodile_axe/little_crocodile",
		"1": "item/fishing_rods/little_crocodile_fishing_rod",
		"particle": "item/fishing_rods/little_crocodile_fishing_rod"
	},
	"elements": [
		{
			"from": [7.2, -0.05, 7.75],
			"to": [8.8, 1.45, 9.25],
			"rotation": {"angle": -45, "axis": "x", "origin": [7.5, 0.2, 8]},
			"faces": {
				"north": {"uv": [9.33333, 6.66667, 10.33333, 7.66667], "texture": "#1"},
				"east": {"uv": [9.33333, 9.33333, 10.33333, 10.33333], "texture": "#1"},
				"south": {"uv": [0, 10, 1, 11], "texture": "#1"},
				"west": {"uv": [10, 0, 11, 1], "texture": "#1"},
				"up": {"uv": [2.33333, 11, 1.33333, 10], "texture": "#1"},
				"down": {"uv": [11, 1.33333, 10, 2.33333], "texture": "#1"}
			}
		},
		{
			"from": [7.2, 18.80711, 5.35],
			"to": [8.8, 20.30711, 6.85],
			"rotation": {"angle": 0, "axis": "y", "origin": [8, 19.55711, 6.1]},
			"faces": {
				"north": {"uv": [4, 11.33333, 5, 12.33333], "texture": "#1"},
				"east": {"uv": [7.33333, 11.33333, 8.33333, 12.33333], "texture": "#1"},
				"south": {"uv": [11.33333, 8, 12.33333, 9], "texture": "#1"},
				"west": {"uv": [12, 2.66667, 13, 3.66667], "texture": "#1"},
				"up": {"uv": [13, 5, 12, 4], "texture": "#1"},
				"down": {"uv": [6.33333, 12, 5.33333, 13], "texture": "#1"}
			}
		},
		{
			"from": [7.25, 6, 7.5],
			"to": [8.75, 9, 10.5],
			"rotation": {"angle": -45, "axis": "x", "origin": [7.5, 6.5, 8]},
			"faces": {
				"north": {"uv": [8, 2.66667, 9, 4.66667], "texture": "#1"},
				"east": {"uv": [2.66667, 0, 4.66667, 2], "texture": "#1"},
				"south": {"uv": [3.33333, 8, 4.33333, 10], "texture": "#1"},
				"west": {"uv": [2.66667, 2, 4.66667, 4], "texture": "#1"},
				"up": {"uv": [5.66667, 10, 4.66667, 8], "texture": "#1"},
				"down": {"uv": [9, 4.66667, 8, 6.66667], "texture": "#1"}
			}
		},
		{
			"from": [7, 6.5, 8],
			"to": [9, 8.5, 10],
			"rotation": {"angle": -45, "axis": "x", "origin": [7.5, 6.5, 8]},
			"faces": {
				"north": {"uv": [6, 8, 7.33333, 9.33333], "texture": "#1"},
				"east": {"uv": [8, 6.66667, 9.33333, 8], "texture": "#1"},
				"south": {"uv": [7.33333, 8, 8.66667, 9.33333], "texture": "#1"},
				"west": {"uv": [0, 8.66667, 1.33333, 10], "texture": "#1"},
				"up": {"uv": [10, 1.33333, 8.66667, 0], "texture": "#1"},
				"down": {"uv": [2.66667, 8.66667, 1.33333, 10], "texture": "#1"}
			}
		},
		{
			"from": [7.35, 1.22132, 7.35],
			"to": [8.65, 2.52132, 8.65],
			"rotation": {"angle": 0, "axis": "y", "origin": [7.5, 1.37132, 7.5]},
			"faces": {
				"north": {"uv": [3.33333, 10, 4.33333, 11], "texture": "#1"},
				"east": {"uv": [4.66667, 10, 5.66667, 11], "texture": "#1"},
				"south": {"uv": [10, 8, 11, 9], "texture": "#1"},
				"west": {"uv": [10.66667, 2.66667, 11.66667, 3.66667], "texture": "#1"},
				"up": {"uv": [11.66667, 5, 10.66667, 4], "texture": "#1"},
				"down": {"uv": [11.66667, 5.33333, 10.66667, 6.33333], "texture": "#1"}
			}
		},
		{
			"from": [7.35, 5.22132, 7.35],
			"to": [8.65, 6.52132, 8.65],
			"rotation": {"angle": 0, "axis": "y", "origin": [7.5, 4.37132, 7.5]},
			"faces": {
				"north": {"uv": [6, 10.66667, 7, 11.66667], "texture": "#1"},
				"east": {"uv": [10.66667, 6.66667, 11.66667, 7.66667], "texture": "#1"},
				"south": {"uv": [9.33333, 10.66667, 10.33333, 11.66667], "texture": "#1"},
				"west": {"uv": [10.66667, 9.33333, 11.66667, 10.33333], "texture": "#1"},
				"up": {"uv": [11.66667, 11.66667, 10.66667, 10.66667], "texture": "#1"},
				"down": {"uv": [1, 11.33333, 0, 12.33333], "texture": "#1"}
			}
		},
		{
			"from": [7.35, 10.02132, 7.35],
			"to": [8.65, 15.57132, 8.65],
			"rotation": {"angle": 0, "axis": "y", "origin": [7.5, 6.17132, 7.5]},
			"faces": {
				"north": {"uv": [2.66667, 4, 3.66667, 7.66667], "texture": "#1"},
				"east": {"uv": [4, 4, 5, 7.66667], "texture": "#1"},
				"south": {"uv": [4.66667, 0, 5.66667, 3.66667], "texture": "#1"},
				"west": {"uv": [5.33333, 4, 6.33333, 7.66667], "texture": "#1"}
			}
		},
		{
			"from": [7.35, 15.89632, 6.65],
			"to": [8.65, 19.44632, 7.95],
			"rotation": {"angle": -22.5, "axis": "x", "origin": [8, 17.82132, 8]},
			"faces": {
				"north": {"uv": [6, 0, 7, 2.33333], "texture": "#1"},
				"east": {"uv": [6.66667, 2.66667, 7.66667, 5], "texture": "#1"},
				"south": {"uv": [6.66667, 5.33333, 7.66667, 7.66667], "texture": "#1"},
				"west": {"uv": [7.33333, 0, 8.33333, 2.33333], "texture": "#1"}
			}
		},
		{
			"from": [7.5, 2.52132, 7.5],
			"to": [8.5, 5.22132, 8.5],
			"rotation": {"angle": 0, "axis": "y", "origin": [7.5, 2.62132, 7.5]},
			"faces": {
				"north": {"uv": [2.66667, 8.66667, 3.33333, 10.33333], "texture": "#1"},
				"east": {"uv": [7.33333, 9.33333, 8, 11], "texture": "#1"},
				"south": {"uv": [8, 9.33333, 8.66667, 11], "texture": "#1"},
				"west": {"uv": [8.66667, 9.33333, 9.33333, 11], "texture": "#1"},
				"up": {"uv": [3.33333, 11.33333, 2.66667, 10.66667], "texture": "#1"},
				"down": {"uv": [6, 11.33333, 5.33333, 12], "texture": "#1"}
			}
		},
		{
			"from": [7.5, 7.27132, 4.75],
			"to": [8.5, 8.77132, 6.75],
			"rotation": {"angle": 22.5, "axis": "x", "origin": [7.5, 7.27132, 5.75]},
			"faces": {
				"north": {"uv": [10.66667, 12, 11.33333, 13], "texture": "#1"},
				"east": {"uv": [9.33333, 5.33333, 10.66667, 6.33333], "texture": "#1"},
				"south": {"uv": [11.33333, 12, 12, 13], "texture": "#1"},
				"west": {"uv": [6, 9.33333, 7.33333, 10.33333], "texture": "#1"},
				"up": {"uv": [6.66667, 4, 6, 2.66667], "texture": "#1"},
				"down": {"uv": [9.33333, 11.33333, 8.66667, 12.66667], "texture": "#1"}
			}
		},
		{
			"from": [7.4875, 7.32037, 3.15968],
			"to": [8.5125, 8.37037, 5.15968],
			"rotation": {"angle": -45, "axis": "x", "origin": [7.9875, 8.84537, 4.10968]},
			"faces": {
				"north": {"uv": [12, 11.33333, 12.66667, 12], "texture": "#1"},
				"east": {"uv": [9.33333, 12, 10.66667, 12.66667], "texture": "#1"},
				"south": {"uv": [12, 12, 12.66667, 12.66667], "texture": "#1"},
				"west": {"uv": [12, 9.33333, 13.33333, 10], "texture": "#1"},
				"up": {"uv": [7.33333, 13.33333, 6.66667, 12], "texture": "#1"},
				"down": {"uv": [12.66667, 10, 12, 11.33333], "texture": "#1"}
			}
		},
		{
			"from": [7.491, 7.34274, 2.86036],
			"to": [8.509, 8.31774, 3.86036],
			"rotation": {"angle": -22.5, "axis": "x", "origin": [7.991, 8.86774, 4.81036]},
			"faces": {
				"north": {"uv": [0, 12.66667, 0.66667, 13.33333], "texture": "#1"},
				"east": {"uv": [12.66667, 0, 13.33333, 0.66667], "texture": "#1"},
				"south": {"uv": [0.66667, 12.66667, 1.33333, 13.33333], "texture": "#1"},
				"west": {"uv": [12.66667, 0.66667, 13.33333, 1.33333], "texture": "#1"},
				"up": {"uv": [2, 13.33333, 1.33333, 12.66667], "texture": "#1"},
				"down": {"uv": [13.33333, 1.33333, 12.66667, 2], "texture": "#1"}
			}
		},
		{
			"from": [7.25, 15.52132, 7.25],
			"to": [8.75, 16.02132, 8.75],
			"rotation": {"angle": 0, "axis": "y", "origin": [8, 6.77132, 8]},
			"faces": {
				"north": {"uv": [12.66667, 10, 13.66667, 10.33333], "texture": "#1"},
				"east": {"uv": [12.66667, 10.66667, 13.66667, 11], "texture": "#1"},
				"south": {"uv": [12.66667, 11.33333, 13.66667, 11.66667], "texture": "#1"},
				"west": {"uv": [12, 12.66667, 13, 13], "texture": "#1"},
				"up": {"uv": [12.33333, 1, 11.33333, 0], "texture": "#1"},
				"down": {"uv": [2.33333, 11.33333, 1.33333, 12.33333], "texture": "#1"}
			}
		},
		{
			"from": [7.25, 19.92132, 5.725],
			"to": [8.75, 20.42132, 7.225],
			"rotation": {"angle": -45, "axis": "x", "origin": [8, 19.79632, 8]},
			"faces": {
				"north": {"uv": [12.66667, 12, 13.66667, 12.33333], "texture": "#1"},
				"east": {"uv": [0, 13.33333, 1, 13.66667], "texture": "#1"},
				"south": {"uv": [13.33333, 0, 14.33333, 0.33333], "texture": "#1"},
				"west": {"uv": [13.33333, 0.66667, 14.33333, 1], "texture": "#1"},
				"up": {"uv": [12.33333, 2.33333, 11.33333, 1.33333], "texture": "#1"},
				"down": {"uv": [3.66667, 11.33333, 2.66667, 12.33333], "texture": "#1"}
			}
		},
		{
			"from": [7, 9.52132, 7],
			"to": [9, 10.02132, 9],
			"rotation": {"angle": 0, "axis": "y", "origin": [8, 12.77132, 8]},
			"faces": {
				"north": {"uv": [2, 12.66667, 3.33333, 13], "texture": "#1"},
				"east": {"uv": [12.66667, 2, 14, 2.33333], "texture": "#1"},
				"south": {"uv": [3.33333, 12.66667, 4.66667, 13], "texture": "#1"},
				"west": {"uv": [7.33333, 12.66667, 8.66667, 13], "texture": "#1"},
				"up": {"uv": [10, 2.66667, 8.66667, 1.33333], "texture": "#1"},
				"down": {"uv": [10, 8, 8.66667, 9.33333], "texture": "#1"}
			}
		},
		{
			"from": [8.72, 10.27274, 10.79018],
			"to": [8.75, 14.27274, 11.29018],
			"rotation": {"angle": 0, "axis": "y", "origin": [8, 12.27274, 10.41518]},
			"faces": {
				"east": {"uv": [0, 10.66667, 2.66667, 11], "rotation": 270, "texture": "#0"},
				"west": {"uv": [10.66667, 6.66667, 13.33333, 7], "rotation": 90, "texture": "#0"}
			}
		},
		{
			"from": [8.72, 8.02274, 10.94018],
			"to": [8.75, 11.02274, 11.44018],
			"rotation": {"angle": -22.5, "axis": "x", "origin": [8, 9.52274, 10.69018]},
			"faces": {
				"east": {"uv": [0, 11.33333, 2, 11.66667], "rotation": 270, "texture": "#0"},
				"west": {"uv": [11.33333, 0, 13.33333, 0.33333], "rotation": 90, "texture": "#0"}
			}
		},
		{
			"from": [8.47, 5.72561, 11.34448],
			"to": [8.5, 8.22561, 11.84448],
			"rotation": {"angle": 0, "axis": "y", "origin": [8, 5.86338, 10.91006]},
			"faces": {
				"east": {"uv": [2.66667, 12, 3, 13.66667], "texture": "#0"},
				"west": {"uv": [3.33333, 12, 3.66667, 13.66667], "texture": "#0"}
			}
		},
		{
			"from": [8.22, 3.32391, 11.14629],
			"to": [8.25, 5.82391, 11.64629],
			"rotation": {"angle": 22.5, "axis": "x", "origin": [8, 5.86338, 10.91006]},
			"faces": {
				"east": {"uv": [4, 12, 4.33333, 13.66667], "texture": "#0"},
				"west": {"uv": [4.66667, 12, 5, 13.66667], "texture": "#0"}
			}
		},
		{
			"from": [9, 15.02274, 10.04018],
			"to": [10, 16.52274, 11.54018],
			"rotation": {"angle": 0, "axis": "y", "origin": [8.75, 11.77274, 9.41518]},
			"faces": {
				"north": {"uv": [12, 2, 11.33333, 3], "rotation": 180, "texture": "#0"},
				"east": {"uv": [10, 2, 11, 3], "rotation": 270, "texture": "#0"},
				"south": {"uv": [2.66667, 12.33333, 2, 11.33333], "texture": "#0"},
				"west": {"uv": [8.66667, 10, 9.66667, 11], "rotation": 90, "texture": "#0"},
				"up": {"uv": [2.66667, 10.66667, 3.33333, 11.66667], "rotation": 180, "texture": "#0"},
				"down": {"uv": [11.33333, 0.66667, 12, 1.66667], "texture": "#0"}
			}
		},
		{
			"from": [7.75, 3.32391, 11.14629],
			"to": [7.78, 5.82391, 11.64629],
			"rotation": {"angle": 22.5, "axis": "x", "origin": [8, 5.86338, 10.91006]},
			"faces": {
				"east": {"uv": [12, 4.66667, 12.33333, 6.33333], "texture": "#0"},
				"west": {"uv": [5.33333, 12, 5.66667, 13.66667], "texture": "#0"}
			}
		},
		{
			"from": [7.5, 5.72561, 11.34448],
			"to": [7.53, 8.22561, 11.84448],
			"rotation": {"angle": 0, "axis": "y", "origin": [8, 5.86338, 10.91006]},
			"faces": {
				"east": {"uv": [6, 12, 6.33333, 13.66667], "texture": "#0"},
				"west": {"uv": [6.66667, 12, 7, 13.66667], "texture": "#0"}
			}
		},
		{
			"from": [7.25, 8.02274, 10.94018],
			"to": [7.28, 11.02274, 11.44018],
			"rotation": {"angle": -22.5, "axis": "x", "origin": [8, 9.52274, 10.69018]},
			"faces": {
				"east": {"uv": [11.33333, 3.33333, 13.33333, 3.66667], "rotation": 270, "texture": "#0"},
				"west": {"uv": [11.33333, 4, 13.33333, 4.33333], "rotation": 90, "texture": "#0"}
			}
		},
		{
			"from": [7.25, 10.27274, 10.79018],
			"to": [7.28, 14.27274, 11.29018],
			"rotation": {"angle": 0, "axis": "y", "origin": [8, 12.27274, 10.41518]},
			"faces": {
				"east": {"uv": [10.66667, 7.33333, 13.33333, 7.66667], "rotation": 270, "texture": "#0"},
				"west": {"uv": [10.66667, 8, 13.33333, 8.33333], "rotation": 90, "texture": "#0"}
			}
		},
		{
			"from": [6.75, 8.02274, 9.44018],
			"to": [9.25, 11.02274, 10.94018],
			"rotation": {"angle": -22.5, "axis": "x", "origin": [8, 9.52274, 10.69018]},
			"faces": {
				"north": {"uv": [7, 5.33333, 5.33333, 7.33333], "rotation": 180, "texture": "#0"},
				"east": {"uv": [8, 2, 10, 3], "rotation": 270, "texture": "#0"},
				"south": {"uv": [7, 5.33333, 5.33333, 3.33333], "texture": "#0"},
				"west": {"uv": [4, 8.66667, 6, 9.66667], "rotation": 90, "texture": "#0"},
				"up": {"uv": [8, 8.66667, 9.66667, 9.66667], "rotation": 180, "texture": "#0"},
				"down": {"uv": [1.33333, 9.33333, 3, 10.33333], "texture": "#0"}
			}
		},
		{
			"from": [6, 15.02274, 10.04018],
			"to": [7, 16.52274, 11.54018],
			"rotation": {"angle": 0, "axis": "y", "origin": [7.25, 11.77274, 9.41518]},
			"faces": {
				"north": {"uv": [10, 11.33333, 9.33333, 12.33333], "rotation": 180, "texture": "#0"},
				"east": {"uv": [10, 8.66667, 11, 9.66667], "rotation": 270, "texture": "#0"},
				"south": {"uv": [12, 9.66667, 11.33333, 8.66667], "texture": "#0"},
				"west": {"uv": [10, 10, 11, 11], "rotation": 90, "texture": "#0"},
				"up": {"uv": [11.33333, 4.66667, 12, 5.66667], "rotation": 180, "texture": "#0"},
				"down": {"uv": [8.66667, 11.33333, 9.33333, 12.33333], "texture": "#0"}
			}
		},
		{
			"from": [6.75, 19.52274, 8.79018],
			"to": [9.25, 20.52274, 10.79018],
			"rotation": {"angle": 0, "axis": "y", "origin": [7.25, 11.77274, 9.66518]},
			"faces": {
				"north": {"uv": [11, 6, 9.33333, 6.66667], "rotation": 180, "texture": "#0"},
				"east": {"uv": [4.66667, 6, 5.33333, 7.33333], "rotation": 270, "texture": "#0"},
				"south": {"uv": [10.33333, 8.66667, 8.66667, 8], "texture": "#0"},
				"west": {"uv": [2, 6.66667, 2.66667, 8], "rotation": 90, "texture": "#0"},
				"up": {"uv": [6.66667, 7.33333, 8.33333, 8.66667], "rotation": 180, "texture": "#0"},
				"down": {"uv": [2, 8, 3.66667, 9.33333], "texture": "#0"}
			}
		},
		{
			"from": [6.75, 16.77274, 8.79018],
			"to": [9.25, 19.52274, 10.29018],
			"rotation": {"angle": 0, "axis": "y", "origin": [7.25, 11.77274, 9.66518]},
			"faces": {
				"north": {"uv": [1.66667, 6.66667, 0, 8.66667], "rotation": 180, "texture": "#0"},
				"east": {"uv": [6, 8.66667, 8, 9.66667], "rotation": 270, "texture": "#0"},
				"south": {"uv": [4.33333, 8, 2.66667, 6], "texture": "#0"},
				"west": {"uv": [8.66667, 6.66667, 10.66667, 7.66667], "rotation": 90, "texture": "#0"},
				"up": {"uv": [9.33333, 3.33333, 11, 4.33333], "rotation": 180, "texture": "#0"},
				"down": {"uv": [9.33333, 4.66667, 11, 5.66667], "texture": "#0"}
			}
		},
		{
			"from": [6.25, 14.27274, 8.79018],
			"to": [9.75, 16.77274, 11.29018],
			"rotation": {"angle": 0, "axis": "y", "origin": [7.25, 11.77274, 9.66518]},
			"faces": {
				"north": {"uv": [2.33333, 4.66667, 0, 6.33333], "rotation": 180, "texture": "#0"},
				"east": {"uv": [6.66667, 0, 8.33333, 1.66667], "rotation": 270, "texture": "#0"},
				"south": {"uv": [6.33333, 1.66667, 4, 0], "texture": "#0"},
				"west": {"uv": [7.33333, 3.33333, 9, 5], "rotation": 90, "texture": "#0"},
				"up": {"uv": [0, 2.66667, 2.33333, 4.33333], "rotation": 180, "texture": "#0"},
				"down": {"uv": [2.66667, 2.66667, 5, 4.33333], "texture": "#0"}
			}
		},
		{
			"from": [7.25, 3.32391, 10.64629],
			"to": [8.75, 5.82391, 11.14629],
			"rotation": {"angle": 22.5, "axis": "x", "origin": [8, 5.86338, 10.91006]},
			"faces": {
				"north": {"uv": [10, 0, 11, 1.66667], "texture": "#0"},
				"east": {"uv": [7.33333, 12, 7.66667, 13.66667], "texture": "#0"},
				"south": {"uv": [3.33333, 10, 4.33333, 11.66667], "texture": "#0"},
				"west": {"uv": [8, 12, 8.33333, 13.66667], "texture": "#0"},
				"up": {"uv": [10.33333, 13, 9.33333, 12.66667], "texture": "#0"},
				"down": {"uv": [13.66667, 9.33333, 12.66667, 9.66667], "texture": "#0"}
			}
		},
		{
			"from": [7, 5.72561, 10.34448],
			"to": [9, 8.22561, 11.34448],
			"rotation": {"angle": 0, "axis": "y", "origin": [8, 5.86338, 10.91006]},
			"faces": {
				"north": {"uv": [0, 8.66667, 1.33333, 10.33333], "texture": "#0"},
				"east": {"uv": [7.33333, 10, 8, 11.66667], "texture": "#0"},
				"south": {"uv": [8.66667, 0, 10, 1.66667], "texture": "#0"},
				"west": {"uv": [8, 10, 8.66667, 11.66667], "texture": "#0"},
				"up": {"uv": [5.33333, 2.66667, 4, 2], "texture": "#0"},
				"down": {"uv": [8.66667, 6.66667, 7.33333, 7.33333], "texture": "#0"}
			}
		},
		{
			"from": [6.5, 10.27274, 8.79018],
			"to": [9.5, 14.27274, 10.79018],
			"rotation": {"angle": 0, "axis": "y", "origin": [8, 12.27274, 10.41518]},
			"faces": {
				"north": {"uv": [4, 0, 2, 2.66667], "rotation": 180, "texture": "#0"},
				"east": {"uv": [2.66667, 4.66667, 5.33333, 6], "rotation": 270, "texture": "#0"},
				"south": {"uv": [2, 2.66667, 0, 0], "texture": "#0"},
				"west": {"uv": [5.33333, 2, 8, 3.33333], "rotation": 90, "texture": "#0"},
				"up": {"uv": [4.66667, 7.33333, 6.66667, 8.66667], "rotation": 180, "texture": "#0"},
				"down": {"uv": [7.33333, 5.33333, 9.33333, 6.66667], "texture": "#0"}
			}
		},
		{
			"from": [8.65, 13.02274, 7.94018],
			"to": [9.65, 14.52274, 8.44018],
			"rotation": {"angle": 22.5, "axis": "y", "origin": [9.15, 13.64774, 8.56518]},
			"faces": {
				"north": {"uv": [1.33333, 12, 0.66667, 13], "rotation": 180, "texture": "#0"},
				"east": {"uv": [12, 12.66667, 13, 13], "rotation": 270, "texture": "#0"},
				"south": {"uv": [0.66667, 13, 0, 12], "texture": "#0"},
				"west": {"uv": [12.66667, 12, 13.66667, 12.33333], "rotation": 90, "texture": "#0"},
				"up": {"uv": [13.33333, 2, 14, 2.33333], "rotation": 180, "texture": "#0"},
				"down": {"uv": [13.33333, 2.66667, 14, 3], "texture": "#0"}
			}
		},
		{
			"from": [8.65, 13.02274, 8.44018],
			"to": [9.65, 14.02274, 9.44018],
			"rotation": {"angle": 22.5, "axis": "y", "origin": [9.15, 13.64774, 8.56518]},
			"faces": {
				"east": {"uv": [12.66667, 1.33333, 13.33333, 2], "rotation": 270, "texture": "#0"},
				"south": {"uv": [13.33333, 3.33333, 12.66667, 2.66667], "texture": "#0"},
				"west": {"uv": [12.66667, 2, 13.33333, 2.66667], "rotation": 90, "texture": "#0"},
				"up": {"uv": [12.66667, 0.66667, 13.33333, 1.33333], "rotation": 180, "texture": "#0"},
				"down": {"uv": [2, 12.66667, 2.66667, 13.33333], "texture": "#0"}
			}
		},
		{
			"from": [6.35, 13.02274, 8.44018],
			"to": [7.35, 14.02274, 9.44018],
			"rotation": {"angle": -22.5, "axis": "y", "origin": [6.85, 13.64774, 8.56518]},
			"faces": {
				"east": {"uv": [12.66667, 5.33333, 13.33333, 6], "rotation": 270, "texture": "#0"},
				"south": {"uv": [13.33333, 9.33333, 12.66667, 8.66667], "texture": "#0"},
				"west": {"uv": [8.66667, 12.66667, 9.33333, 13.33333], "rotation": 90, "texture": "#0"},
				"up": {"uv": [12.66667, 4.66667, 13.33333, 5.33333], "rotation": 180, "texture": "#0"},
				"down": {"uv": [12.66667, 6, 13.33333, 6.66667], "texture": "#0"}
			}
		},
		{
			"from": [6.35, 13.02274, 7.94018],
			"to": [7.35, 14.52274, 8.44018],
			"rotation": {"angle": -22.5, "axis": "y", "origin": [6.85, 13.64774, 8.56518]},
			"faces": {
				"north": {"uv": [2, 12, 1.33333, 13], "rotation": 180, "texture": "#0"},
				"east": {"uv": [0, 13.33333, 1, 13.66667], "rotation": 270, "texture": "#0"},
				"south": {"uv": [12.66667, 1.66667, 12, 0.66667], "texture": "#0"},
				"west": {"uv": [13.33333, 0, 14.33333, 0.33333], "rotation": 90, "texture": "#0"},
				"up": {"uv": [13.33333, 3.33333, 14, 3.66667], "rotation": 180, "texture": "#0"},
				"down": {"uv": [13.33333, 4, 14, 4.33333], "texture": "#0"}
			}
		},
		{
			"from": [8.65, 10.02274, 7.94018],
			"to": [9.65, 11.52274, 8.44018],
			"rotation": {"angle": 22.5, "axis": "y", "origin": [9.15, 10.64774, 8.56518]},
			"faces": {
				"north": {"uv": [1.33333, 12, 0.66667, 13], "rotation": 180, "texture": "#0"},
				"east": {"uv": [12, 12.66667, 13, 13], "rotation": 270, "texture": "#0"},
				"south": {"uv": [0.66667, 13, 0, 12], "texture": "#0"},
				"west": {"uv": [12.66667, 12, 13.66667, 12.33333], "rotation": 90, "texture": "#0"},
				"up": {"uv": [13.33333, 2, 14, 2.33333], "rotation": 180, "texture": "#0"},
				"down": {"uv": [13.33333, 2.66667, 14, 3], "texture": "#0"}
			}
		},
		{
			"from": [8.65, 10.02274, 8.44018],
			"to": [9.65, 11.02274, 9.44018],
			"rotation": {"angle": 22.5, "axis": "y", "origin": [9.15, 10.64774, 8.56518]},
			"faces": {
				"east": {"uv": [12.66667, 1.33333, 13.33333, 2], "rotation": 270, "texture": "#0"},
				"south": {"uv": [13.33333, 3.33333, 12.66667, 2.66667], "texture": "#0"},
				"west": {"uv": [12.66667, 2, 13.33333, 2.66667], "rotation": 90, "texture": "#0"},
				"up": {"uv": [12.66667, 0.66667, 13.33333, 1.33333], "rotation": 180, "texture": "#0"},
				"down": {"uv": [2, 12.66667, 2.66667, 13.33333], "texture": "#0"}
			}
		},
		{
			"from": [6.35, 10.02274, 8.44018],
			"to": [7.35, 11.02274, 9.44018],
			"rotation": {"angle": -22.5, "axis": "y", "origin": [6.85, 10.64774, 8.56518]},
			"faces": {
				"east": {"uv": [12.66667, 5.33333, 13.33333, 6], "rotation": 270, "texture": "#0"},
				"south": {"uv": [13.33333, 9.33333, 12.66667, 8.66667], "texture": "#0"},
				"west": {"uv": [8.66667, 12.66667, 9.33333, 13.33333], "rotation": 90, "texture": "#0"},
				"up": {"uv": [12.66667, 4.66667, 13.33333, 5.33333], "rotation": 180, "texture": "#0"},
				"down": {"uv": [12.66667, 6, 13.33333, 6.66667], "texture": "#0"}
			}
		},
		{
			"from": [6.35, 10.02274, 7.94018],
			"to": [7.35, 11.52274, 8.44018],
			"rotation": {"angle": -22.5, "axis": "y", "origin": [6.85, 10.64774, 8.56518]},
			"faces": {
				"north": {"uv": [2, 12, 1.33333, 13], "rotation": 180, "texture": "#0"},
				"east": {"uv": [0, 13.33333, 1, 13.66667], "rotation": 270, "texture": "#0"},
				"south": {"uv": [12.66667, 1.66667, 12, 0.66667], "texture": "#0"},
				"west": {"uv": [13.33333, 0, 14.33333, 0.33333], "rotation": 90, "texture": "#0"},
				"up": {"uv": [13.33333, 3.33333, 14, 3.66667], "rotation": 180, "texture": "#0"},
				"down": {"uv": [13.33333, 4, 14, 4.33333], "texture": "#0"}
			}
		},
		{
			"from": [7.985, 8.05, 4],
			"to": [8.015, 20.05, 8],
			"rotation": {"angle": 0, "axis": "y", "origin": [7.985, 8.05, 4]},
			"faces": {
				"east": {"uv": [2.66667, 0, 0, 8], "texture": "#1"},
				"west": {"uv": [0, 0, 2.66667, 8], "texture": "#1"}
			}
		},
		{
			"from": [8.14645, 10.52132, 5.52157],
			"to": [9.64645, 11.02132, 7.02157],
			"rotation": {"angle": -45, "axis": "y", "origin": [7.64645, 10.52132, 5.52157]},
			"faces": {
				"north": {"uv": [1.33333, 13.33333, 2.33333, 13.66667], "texture": "#1"},
				"east": {"uv": [13.33333, 1.33333, 14.33333, 1.66667], "texture": "#1"},
				"south": {"uv": [2.66667, 13.33333, 3.66667, 13.66667], "texture": "#1"},
				"west": {"uv": [13.33333, 2.66667, 14.33333, 3], "texture": "#1"},
				"up": {"uv": [13, 6.33333, 12, 5.33333], "texture": "#1"},
				"down": {"uv": [13, 6.66667, 12, 7.66667], "texture": "#1"}
			}
		},
		{
			"from": [8.14645, 13.57132, 5.52157],
			"to": [9.64645, 14.07132, 7.02157],
			"rotation": {"angle": -45, "axis": "y", "origin": [7.64645, 13.57132, 5.52157]},
			"faces": {
				"north": {"uv": [1.33333, 13.33333, 2.33333, 13.66667], "texture": "#1"},
				"east": {"uv": [13.33333, 1.33333, 14.33333, 1.66667], "texture": "#1"},
				"south": {"uv": [2.66667, 13.33333, 3.66667, 13.66667], "texture": "#1"},
				"west": {"uv": [13.33333, 2.66667, 14.33333, 3], "texture": "#1"},
				"up": {"uv": [13, 6.33333, 12, 5.33333], "texture": "#1"},
				"down": {"uv": [13, 6.66667, 12, 7.66667], "texture": "#1"}
			}
		},
		{
			"from": [8.14645, 16.52132, 5.52157],
			"to": [9.64645, 17.02132, 7.02157],
			"rotation": {"angle": -45, "axis": "y", "origin": [7.64645, 16.52132, 5.52157]},
			"faces": {
				"north": {"uv": [1.33333, 13.33333, 2.33333, 13.66667], "texture": "#1"},
				"east": {"uv": [13.33333, 1.33333, 14.33333, 1.66667], "texture": "#1"},
				"south": {"uv": [2.66667, 13.33333, 3.66667, 13.66667], "texture": "#1"},
				"west": {"uv": [13.33333, 2.66667, 14.33333, 3], "texture": "#1"},
				"up": {"uv": [13, 6.33333, 12, 5.33333], "texture": "#1"},
				"down": {"uv": [13, 6.66667, 12, 7.66667], "texture": "#1"}
			}
		}
	],
	"gui_light": "front",
	"display": {
		"thirdperson_righthand": {
			"rotation": [12.25, 0, 0],
			"translation": [0, 2.75, 1.25],
			"scale": [1.15, 1.15, 1.15]
		},
		"thirdperson_lefthand": {
			"rotation": [12.25, 0, 0],
			"translation": [0, 2.75, 1.25],
			"scale": [1.15, 1.15, 1.15]
		},
		"firstperson_righthand": {
			"rotation": [-53, -4.8, -6.4],
			"translation": [4.5, 1.25, -2.5]
		},
		"firstperson_lefthand": {
			"rotation": [-53, -4.8, -6.4],
			"translation": [4.5, 1.25, -2.5]
		},
		"ground": {
			"rotation": [-45, 0, 0],
			"translation": [0, 5, 0]
		},
		"gui": {
			"rotation": [-90, 45, 90],
			"translation": [2, -2, 0],
			"scale": [0.88, 0.88, 0.88]
		},
		"head": {
			"rotation": [0, -90, 0]
		},
		"fixed": {
			"rotation": [0, -90, 0],
			"translation": [0, 0, -1.75],
			"scale": [2, 2, 2]
		}
	},
	"groups": [
		0,
		1,
		2,
		3,
		4,
		5,
		6,
		7,
		8,
		9,
		10,
		11,
		12,
		13,
		14,
		{
			"name": "crocodile",
			"origin": [6.85, 9.5, 7.65],
			"color": 0,
			"boneType": "",
			"children": [15, 16, 17, 18, 19, 20, 21, 22, 23, 24, 25, 26, 27, 28, 29, 30, 31, 32, 33, 34, 35, 36, 37, 38, 39]
		},
		40,
		41,
		42,
		43
	]
}