{
	"credit": "Made with Blockbench",
	"texture_size": [64, 64],
	"textures": {
		"0": "item/backpacks/electronic_keytar/electronic_keytar",
		"1": "item/backpacks/electronic_keytar/electronic_keytar_leds",
		"particle": "item/backpacks/electronic_keytar/electronic_keytar"
	},
	"elements": [
		{
			"from": [2, -9, 6],
			"to": [14, 16, 9],
			"rotation": {"angle": 0, "axis": "y", "origin": [8, 6.5, 8]},
			"faces": {
				"north": {"uv": [10.5, 3, 7.5, 9.25], "texture": "#0", "tintindex": 0},
				"east": {"uv": [11.5, 3, 10.75, 9.25], "texture": "#0", "tintindex": 0},
				"south": {"uv": [14.75, 3, 11.75, 9.25], "texture": "#0", "tintindex": 0},
				"west": {"uv": [6.25, 10.75, 0, 11.5], "rotation": 90, "texture": "#0", "tintindex": 0}
			}
		},
		{
			"from": [2, -9, 6],
			"to": [14, 16, 9],
			"rotation": {"angle": 0, "axis": "y", "origin": [8, 6.5, 8]},
			"faces": {
				"north": {"uv": [3, 3, 0, 9.25], "texture": "#0"},
				"east": {"uv": [4, 3, 3.25, 9.25], "texture": "#0"},
				"south": {"uv": [7.25, 3, 4.25, 9.25], "texture": "#0"},
				"west": {"uv": [6.25, 9.75, 0, 10.5], "rotation": 90, "texture": "#0"},
				"up": {"uv": [1.25, 2.75, 4.25, 2], "texture": "#0"},
				"down": {"uv": [4.5, 2.75, 7.5, 2], "texture": "#0"}
			}
		},
		{
			"from": [2, 16, 6],
			"to": [6, 27, 9],
			"rotation": {"angle": 0, "axis": "y", "origin": [2, 16, 10]},
			"faces": {
				"north": {"uv": [1, 0, 0, 2.75], "texture": "#0"},
				"east": {"uv": [8.5, 0, 7.75, 2.75], "texture": "#0"},
				"south": {"uv": [1, 0, 0, 2.75], "texture": "#0"},
				"west": {"uv": [8.5, 0, 7.75, 2.75], "texture": "#0"},
				"up": {"uv": [1.25, 0.75, 2.25, 0], "texture": "#0"},
				"down": {"uv": [1.25, 0.75, 2.25, 0], "texture": "#0"}
			}
		},
		{
			"from": [1.75, 4.5, 5.8],
			"to": [10, 6.5, 7.8],
			"rotation": {"angle": 0, "axis": "y", "origin": [2, 4.5, 7.8]},
			"faces": {
				"north": {"uv": [4.5, 0, 2.5, 0.5], "texture": "#0"},
				"east": {"uv": [4.5, 0, 4, 0.5], "texture": "#0"},
				"south": {"uv": [4.5, 0, 2.5, 0.5], "texture": "#0"},
				"west": {"uv": [3.5, 0, 4, 0.5], "texture": "#0"},
				"up": {"uv": [4.75, 0.5, 6.75, 0], "texture": "#0"},
				"down": {"uv": [4.75, 0, 6.75, 0.5], "texture": "#0"}
			}
		},
		{
			"from": [1.75, 2, 5.8],
			"to": [10, 4, 7.8],
			"rotation": {"angle": 0, "axis": "y", "origin": [2, 2, 7.8]},
			"faces": {
				"north": {"uv": [4.5, 0, 2.5, 0.5], "texture": "#0"},
				"east": {"uv": [4.5, 0, 4, 0.5], "texture": "#0"},
				"south": {"uv": [4.5, 0, 2.5, 0.5], "texture": "#0"},
				"west": {"uv": [3.5, 0, 4, 0.5], "texture": "#0"},
				"up": {"uv": [4.75, 0.5, 6.75, 0], "texture": "#0"},
				"down": {"uv": [4.75, 0, 6.75, 0.5], "texture": "#0"}
			}
		},
		{
			"from": [1.75, -3, 5.8],
			"to": [10, -1, 7.8],
			"rotation": {"angle": 0, "axis": "y", "origin": [2, -3, 7.8]},
			"faces": {
				"north": {"uv": [4.5, 0, 2.5, 0.5], "texture": "#0"},
				"east": {"uv": [4.5, 0, 4, 0.5], "texture": "#0"},
				"south": {"uv": [4.5, 0, 2.5, 0.5], "texture": "#0"},
				"west": {"uv": [3.5, 0, 4, 0.5], "texture": "#0"},
				"up": {"uv": [4.75, 0.5, 6.75, 0], "texture": "#0"},
				"down": {"uv": [4.75, 0, 6.75, 0.5], "texture": "#0"}
			}
		},
		{
			"from": [1.75, -0.5, 5.8],
			"to": [10, 1.5, 7.8],
			"rotation": {"angle": 0, "axis": "y", "origin": [2, -0.5, 7.8]},
			"faces": {
				"north": {"uv": [4.5, 0, 2.5, 0.5], "texture": "#0"},
				"east": {"uv": [4.5, 0, 4, 0.5], "texture": "#0"},
				"south": {"uv": [4.5, 0, 2.5, 0.5], "texture": "#0"},
				"west": {"uv": [3.5, 0, 4, 0.5], "texture": "#0"},
				"up": {"uv": [4.75, 0.5, 6.75, 0], "texture": "#0"},
				"down": {"uv": [4.75, 0, 6.75, 0.5], "texture": "#0"}
			}
		},
		{
			"from": [1.75, -5.5, 5.8],
			"to": [10, -3.5, 7.8],
			"rotation": {"angle": 0, "axis": "y", "origin": [2, -5.5, 7.8]},
			"faces": {
				"north": {"uv": [4.5, 0, 2.5, 0.5], "texture": "#0"},
				"east": {"uv": [4.5, 0, 4, 0.5], "texture": "#0"},
				"south": {"uv": [4.5, 0, 2.5, 0.5], "texture": "#0"},
				"west": {"uv": [3.5, 0, 4, 0.5], "texture": "#0"},
				"up": {"uv": [4.75, 0.5, 6.75, 0], "texture": "#0"},
				"down": {"uv": [4.75, 0, 6.75, 0.5], "texture": "#0"}
			}
		},
		{
			"from": [5.1, 3.25, 5.6],
			"to": [10.1, 5.25, 7.6],
			"rotation": {"angle": 0, "axis": "y", "origin": [5.1, 3.25, 7.7]},
			"faces": {
				"north": {"uv": [3.75, 0.75, 2.5, 1.25], "texture": "#0"},
				"east": {"uv": [3.75, 0.75, 3.25, 1.25], "texture": "#0"},
				"south": {"uv": [2.5, 0.75, 3.75, 1.25], "texture": "#0"},
				"west": {"uv": [3, 0.75, 2.5, 1.25], "texture": "#0"},
				"up": {"uv": [2.5, 1.25, 3.75, 0.75], "texture": "#0"},
				"down": {"uv": [2.5, 1.25, 3.75, 0.75], "texture": "#0"}
			}
		},
		{
			"from": [5.1, 0.75, 5.6],
			"to": [10.1, 2.75, 7.6],
			"rotation": {"angle": 0, "axis": "y", "origin": [5.1, 0.75, 7.7]},
			"faces": {
				"north": {"uv": [3.75, 0.75, 2.5, 1.25], "texture": "#0"},
				"east": {"uv": [3.75, 0.75, 3.25, 1.25], "texture": "#0"},
				"south": {"uv": [2.5, 0.75, 3.75, 1.25], "texture": "#0"},
				"west": {"uv": [3, 0.75, 2.5, 1.25], "texture": "#0"},
				"up": {"uv": [2.5, 1.25, 3.75, 0.75], "texture": "#0"},
				"down": {"uv": [2.5, 1.25, 3.75, 0.75], "texture": "#0"}
			}
		},
		{
			"from": [5.1, -1.75, 5.6],
			"to": [10.1, 0.25, 7.6],
			"rotation": {"angle": 0, "axis": "y", "origin": [5.1, -1.75, 7.7]},
			"faces": {
				"north": {"uv": [3.75, 0.75, 2.5, 1.25], "texture": "#0"},
				"east": {"uv": [3.75, 0.75, 3.25, 1.25], "texture": "#0"},
				"south": {"uv": [2.5, 0.75, 3.75, 1.25], "texture": "#0"},
				"west": {"uv": [3, 0.75, 2.5, 1.25], "texture": "#0"},
				"up": {"uv": [2.5, 1.25, 3.75, 0.75], "texture": "#0"},
				"down": {"uv": [2.5, 1.25, 3.75, 0.75], "texture": "#0"}
			}
		},
		{
			"from": [5.1, -4.25, 5.6],
			"to": [10.1, -2.25, 7.6],
			"rotation": {"angle": 0, "axis": "y", "origin": [5.1, -4.25, 7.7]},
			"faces": {
				"north": {"uv": [3.75, 0.75, 2.5, 1.25], "texture": "#0"},
				"east": {"uv": [3.75, 0.75, 3.25, 1.25], "texture": "#0"},
				"south": {"uv": [2.5, 0.75, 3.75, 1.25], "texture": "#0"},
				"west": {"uv": [3, 0.75, 2.5, 1.25], "texture": "#0"},
				"up": {"uv": [2.5, 1.25, 3.75, 0.75], "texture": "#0"},
				"down": {"uv": [2.5, 1.25, 3.75, 0.75], "texture": "#0"}
			}
		},
		{
			"from": [11, -5, 6],
			"to": [13, 12, 6],
			"rotation": {"angle": 0, "axis": "y", "origin": [0, 0, 16]},
			"faces": {
				"north": {"uv": [1, 0, 0, 8.5], "texture": "#1"},
				"east": {"uv": [0, 0, 0, 4.25], "texture": "#1"},
				"south": {"uv": [1, 0, 0, 8.5], "texture": "#1"},
				"west": {"uv": [0, 0, 0, 4.25], "texture": "#1"},
				"up": {"uv": [0, 0, 0.5, 0], "texture": "#1"},
				"down": {"uv": [0, 0, 0.5, 0], "texture": "#1"}
			}
		},
		{
			"from": [3.75, 7.75, 5.5],
			"to": [9.25, 13.25, 7],
			"rotation": {"angle": 0, "axis": "y", "origin": [0, 0, 16]},
			"faces": {
				"north": {"uv": [2.5, 10, 0, 12.5], "texture": "#1"},
				"east": {"uv": [2.5, 10, 2, 12.5], "texture": "#1"},
				"south": {"uv": [2.5, 10, 0, 12.5], "texture": "#1"},
				"west": {"uv": [0.5, 10, 0, 12.5], "texture": "#1"},
				"up": {"uv": [0, 10.5, 2.5, 10], "texture": "#1"},
				"down": {"uv": [0, 12.5, 2.5, 12], "texture": "#1"}
			}
		}
	],
	"display": {
		"thirdperson_righthand": {
			"rotation": [40, 15, 0],
			"scale": [0.3, 0.3, 0.3]
		},
		"thirdperson_lefthand": {
			"rotation": [40, 15, 0],
			"scale": [0.3, 0.3, 0.3]
		},
		"firstperson_righthand": {
			"rotation": [150, 35, -145],
			"translation": [2, 4, 0],
			"scale": [0.3, 0.3, 0.3]
		},
		"firstperson_lefthand": {
			"rotation": [150, 35, -145],
			"translation": [2, 4, 0],
			"scale": [0.3, 0.3, 0.3]
		},
		"ground": {
			"rotation": [85, 0, 0],
			"translation": [0, 3, 0],
			"scale": [0.5, 0.5, 0.5]
		},
		"gui": {
			"rotation": [25, -145, -40],
			"translation": [-0.75, -0.25, 0],
			"scale": [0.5, 0.5, 0.5]
		},
		"head": {
			"rotation": [7.5, 180, -75],
			"translation": [-6.5, -50, 5],
			"scale": [1.7, 1.7, 1.7]
		},
		"fixed": {
			"rotation": [-180, 180, 0],
			"translation": [0, 1.5, -3.25],
			"scale": [1.75, 1.75, 1.75]
		}
	}
}