{
    "parent": "minecraft:item/generated",
    "textures": {
        "layer0": "minecraft:item/leather_horse_armor"
    },
    "overrides": [{
        "predicate": {
            "custom_model_data": 1
        },
        "model": "modelengine:tractor1gray/e1"
    }, {
        "predicate": {
            "custom_model_data": 2
        },
        "model": "modelengine:tractor1gray/exhaust"
    }, {
        "predicate": {
            "custom_model_data": 3
        },
        "model": "modelengine:tractor1gray/body"
    }, {
        "predicate": {
            "custom_model_data": 4
        },
        "model": "modelengine:tractor1gray/wheel1"
    }, {
        "predicate": {
            "custom_model_data": 5
        },
        "model": "modelengine:tractor1gray/wheel2"
    }, {
        "predicate": {
            "custom_model_data": 6
        },
        "model": "modelengine:tractor1gray/wheel3"
    }, {
        "predicate": {
            "custom_model_data": 7
        },
        "model": "modelengine:tractor1gray/wheel4"
    }, {
        "predicate": {
            "custom_model_data": 8
        },
        "model": "modelengine:tractor1green/e1"
    }, {
        "predicate": {
            "custom_model_data": 9
        },
        "model": "modelengine:tractor1green/exhaust"
    }, {
        "predicate": {
            "custom_model_data": 10
        },
        "model": "modelengine:tractor1green/body"
    }, {
        "predicate": {
            "custom_model_data": 11
        },
        "model": "modelengine:tractor1green/wheel1"
    }, {
        "predicate": {
            "custom_model_data": 12
        },
        "model": "modelengine:tractor1green/wheel2"
    }, {
        "predicate": {
            "custom_model_data": 13
        },
        "model": "modelengine:tractor1green/wheel3"
    }, {
        "predicate": {
            "custom_model_data": 14
        },
        "model": "modelengine:tractor1green/wheel4"
    }, {
        "predicate": {
            "custom_model_data": 15
        },
        "model": "modelengine:tractor1orange/e1"
    }, {
        "predicate": {
            "custom_model_data": 16
        },
        "model": "modelengine:tractor1orange/exhaust"
    }, {
        "predicate": {
            "custom_model_data": 17
        },
        "model": "modelengine:tractor1orange/body"
    }, {
        "predicate": {
            "custom_model_data": 18
        },
        "model": "modelengine:tractor1orange/wheel1"
    }, {
        "predicate": {
            "custom_model_data": 19
        },
        "model": "modelengine:tractor1orange/wheel2"
    }, {
        "predicate": {
            "custom_model_data": 20
        },
        "model": "modelengine:tractor1orange/wheel3"
    }, {
        "predicate": {
            "custom_model_data": 21
        },
        "model": "modelengine:tractor1orange/wheel4"
    }, {
        "predicate": {
            "custom_model_data": 22
        },
        "model": "modelengine:tractor1red/e1"
    }, {
        "predicate": {
            "custom_model_data": 23
        },
        "model": "modelengine:tractor1red/exhaust"
    }, {
        "predicate": {
            "custom_model_data": 24
        },
        "model": "modelengine:tractor1red/body"
    }, {
        "predicate": {
            "custom_model_data": 25
        },
        "model": "modelengine:tractor1red/wheel1"
    }, {
        "predicate": {
            "custom_model_data": 26
        },
        "model": "modelengine:tractor1red/wheel2"
    }, {
        "predicate": {
            "custom_model_data": 27
        },
        "model": "modelengine:tractor1red/wheel3"
    }, {
        "predicate": {
            "custom_model_data": 28
        },
        "model": "modelengine:tractor1red/wheel4"
    }, {
        "predicate": {
            "custom_model_data": 29
        },
        "model": "modelengine:tractor1yellow/e1"
    }, {
        "predicate": {
            "custom_model_data": 30
        },
        "model": "modelengine:tractor1yellow/exhaust"
    }, {
        "predicate": {
            "custom_model_data": 31
        },
        "model": "modelengine:tractor1yellow/body"
    }, {
        "predicate": {
            "custom_model_data": 32
        },
        "model": "modelengine:tractor1yellow/wheel1"
    }, {
        "predicate": {
            "custom_model_data": 33
        },
        "model": "modelengine:tractor1yellow/wheel2"
    }, {
        "predicate": {
            "custom_model_data": 34
        },
        "model": "modelengine:tractor1yellow/wheel3"
    }, {
        "predicate": {
            "custom_model_data": 35
        },
        "model": "modelengine:tractor1yellow/wheel4"
    }, {
        "predicate": {
            "custom_model_data": 36
        },
        "model": "modelengine:tractor2gray/e1"
    }, {
        "predicate": {
            "custom_model_data": 37
        },
        "model": "modelengine:tractor2gray/exhaust"
    }, {
        "predicate": {
            "custom_model_data": 38
        },
        "model": "modelengine:tractor2gray/body"
    }, {
        "predicate": {
            "custom_model_data": 39
        },
        "model": "modelengine:tractor2gray/wheel1"
    }, {
        "predicate": {
            "custom_model_data": 40
        },
        "model": "modelengine:tractor2gray/wheel2"
    }, {
        "predicate": {
            "custom_model_data": 41
        },
        "model": "modelengine:tractor2gray/wheel3"
    }, {
        "predicate": {
            "custom_model_data": 42
        },
        "model": "modelengine:tractor2gray/wheel4"
    }]
}