{
  "parent": "minecraft:item/generated",
  "textures": {
    "layer0": "minecraft:item/leather_leggings",
    "layer1": "minecraft:item/leather_leggings_overlay"
  },
  "overrides": [
    {"model":"minecraft:item/leather_leggings_quartz_trim","predicate":{"trim_type":0.1}},
    {"model":"minecraft:item/leather_leggings_iron_trim","predicate":{"trim_type":0.2}},
    {"model":"minecraft:item/leather_leggings_netherite_trim","predicate":{"trim_type":0.3}},
    {"model":"minecraft:item/leather_leggings_redstone_trim","predicate":{"trim_type":0.4}},
    {"model":"minecraft:item/leather_leggings_copper_trim","predicate":{"trim_type":0.5}},
    {"model":"minecraft:item/leather_leggings_gold_trim","predicate":{"trim_type":0.6}},
    {"model":"minecraft:item/leather_leggings_emerald_trim","predicate":{"trim_type":0.7}},
    {"model":"minecraft:item/leather_leggings_diamond_trim","predicate":{"trim_type":0.8}},
    {"model":"minecraft:item/leather_leggings_lapis_trim","predicate":{"trim_type":0.9}},
    {"model":"minecraft:item/leather_leggings_amethyst_trim","predicate":{"trim_type":1.0}},

    {"predicate":{"custom_model_data":1},"model": "item/armor/valentine_2024/leggings"},
    {"predicate":{"custom_model_data":2},"model": "item/armor/inferno/leggings"},
    {"predicate":{"custom_model_data":3},"model": "item/armor/stpatrick_2024/leggings"},
    {"predicate":{"custom_model_data":4},"model": "item/armor/lightning_power/leggings"},
    {"predicate":{"custom_model_data":5},"model": "item/armor/little_crocodile/leggings"},
    {"predicate":{"custom_model_data":6},"model": "item/armor/heaven/leggings"},
    {"predicate":{"custom_model_data":7},"model": "item/armor/ender_dragon/leggings"},
    {"predicate":{"custom_model_data":8},"model": "item/armor/halloween_2024/leggings"},
    {"predicate":{"custom_model_data":9},"model": "item/armor/hw_phantom_2024/leggings"}
  ]
}