{
	"credit": "Made with Blockbench",
	"texture_size": [128, 128],
	"textures": {
		"1": "item/hats/aviator_hat/aviator_animation",
		"2": "item/hats/aviator_hat/aviator_hat",
		"particle": "item/hats/aviator_hat/aviator_hat"
	},
	"elements": [
		{
			"from": [0, 0, 0],
			"to": [16, 6, 16],
			"rotation": {"angle": 0, "axis": "y", "origin": [3.5, 6, 8]},
			"faces": {
				"north": {"uv": [4.25, 0.875, 6.25, 1.625], "texture": "#2"},
				"east": {"uv": [4.25, 1.625, 6.25, 2.375], "texture": "#2"},
				"south": {"uv": [4.25, 2.375, 6.25, 3.125], "texture": "#2"},
				"west": {"uv": [6.25, 1.625, 4.25, 2.375], "texture": "#2"},
				"up": {"uv": [4.25, 2, 2.25, 0], "texture": "#2"},
				"down": {"uv": [4.25, 2, 2.25, 4], "texture": "#2"}
			}
		},
		{
			"from": [0, 6, 15.1],
			"to": [16, 11, 15.1],
			"rotation": {"angle": 0, "axis": "y", "origin": [3.5, 6, 8]},
			"faces": {
				"north": {"uv": [11.125, 0, 9.125, 0.625], "texture": "#2"},
				"east": {"uv": [4.25, 1.625, 6.25, 2.375], "texture": "#2"},
				"south": {"uv": [9.125, 0, 11.125, 0.625], "texture": "#2"},
				"west": {"uv": [4.25, 3.125, 6.25, 3.875], "texture": "#2"},
				"up": {"uv": [4.25, 2, 2.25, 0], "texture": "#2"},
				"down": {"uv": [4.25, 2, 2.25, 4], "texture": "#2"}
			}
		},
		{
			"from": [0, 6, -0.1],
			"to": [16, 11, -0.1],
			"rotation": {"angle": 0, "axis": "y", "origin": [3.5, 6, 8]},
			"faces": {
				"north": {"uv": [11.125, 0, 9.125, 0.625], "texture": "#2"},
				"east": {"uv": [6.25, 1.625, 4.25, 2.375], "texture": "#2"},
				"south": {"uv": [9.125, 0, 11.125, 0.625], "texture": "#2"},
				"west": {"uv": [6.25, 3.125, 4.25, 3.875], "texture": "#2"},
				"up": {"uv": [4.25, 0, 2.25, 2], "texture": "#2"},
				"down": {"uv": [4.25, 4, 2.25, 2], "texture": "#2"}
			}
		},
		{
			"from": [15.5, 2, 3],
			"to": [17.5, 5, 6],
			"rotation": {"angle": 0, "axis": "y", "origin": [3.5, 6, 8]},
			"faces": {
				"north": {"uv": [0.625, 7.625, 0.375, 8], "texture": "#2"},
				"east": {"uv": [0.375, 8, 0, 8.375], "texture": "#2"},
				"south": {"uv": [0.625, 7.625, 0.875, 8], "texture": "#2"},
				"west": {"uv": [0.375, 7.625, 0, 8], "texture": "#2"},
				"up": {"uv": [0.25, 7.625, 0, 8], "texture": "#2"},
				"down": {"uv": [0.25, 7.625, 0, 8], "texture": "#2"}
			}
		},
		{
			"from": [-1, 3, -1],
			"to": [17, 4, 17],
			"rotation": {"angle": 0, "axis": "y", "origin": [3.5, 6, 8]},
			"faces": {
				"north": {"uv": [6.25, 3.75, 8.5, 3.875], "texture": "#2"},
				"east": {"uv": [6.875, 0, 9.125, 0.125], "texture": "#2"},
				"south": {"uv": [6.875, 0.125, 9.125, 0.25], "texture": "#2"},
				"west": {"uv": [6.875, 0.25, 9.125, 0.375], "texture": "#2"},
				"up": {"uv": [2.25, 2.25, 0, 0], "texture": "#2"},
				"down": {"uv": [2.25, 2.25, 0, 4.5], "texture": "#2"}
			}
		},
		{
			"from": [1, 0, 0],
			"to": [15, 7, 2],
			"rotation": {"angle": -22.5, "axis": "x", "origin": [8, 0, 0]},
			"faces": {
				"north": {"uv": [4, 4, 5.75, 4.875], "texture": "#2"},
				"east": {"uv": [1.875, 4.5, 2.125, 5.375], "texture": "#2"},
				"south": {"uv": [4.25, 0, 6, 0.875], "texture": "#2"},
				"west": {"uv": [2.125, 4.5, 1.875, 5.375], "texture": "#2"},
				"up": {"uv": [8, 3.75, 6.25, 3.5], "texture": "#2"}
			}
		},
		{
			"from": [1, -5, 15],
			"to": [15, 0, 16],
			"rotation": {"angle": 0, "axis": "y", "origin": [3.5, 6, 8]},
			"faces": {
				"north": {"uv": [5.875, 4.5, 7.625, 5.125], "texture": "#2"},
				"east": {"uv": [3.75, 7, 3.875, 7.625], "texture": "#2"},
				"south": {"uv": [5.875, 5.125, 7.625, 5.75], "texture": "#2"},
				"west": {"uv": [3.875, 7, 4, 7.625], "texture": "#2"},
				"up": {"uv": [8.625, 0.5, 6.875, 0.375], "texture": "#2"},
				"down": {"uv": [8.625, 0.5, 6.875, 0.625], "texture": "#2"}
			}
		},
		{
			"from": [7, 2, -2],
			"to": [9, 4, 0],
			"rotation": {"angle": 0, "axis": "y", "origin": [12.5, 6, 8]},
			"faces": {
				"north": {"uv": [1.875, 5.375, 2.125, 5.625], "texture": "#2"},
				"east": {"uv": [1.875, 5.625, 2.125, 5.875], "texture": "#2"},
				"south": {"uv": [3.75, 5.875, 4, 6.125], "texture": "#2"},
				"west": {"uv": [3.75, 6.125, 4, 6.375], "texture": "#2"},
				"up": {"uv": [4.625, 7.25, 4.375, 7], "texture": "#2"},
				"down": {"uv": [4.875, 7, 4.625, 7.25], "texture": "#2"}
			}
		},
		{
			"from": [10, 5, 0],
			"to": [17, 11, 15],
			"rotation": {"angle": -45, "axis": "z", "origin": [10, 11, 8]},
			"faces": {
				"north": {"uv": [0.875, 6, 1.75, 6.75], "texture": "#2"},
				"east": {"uv": [0, 5.25, 1.875, 6], "texture": "#2"},
				"south": {"uv": [6.25, 0.75, 7.125, 1.5], "texture": "#2"},
				"west": {"uv": [4, 5.625, 5.875, 6.375], "texture": "#2"},
				"up": {"uv": [4, 5.875, 3.125, 4], "texture": "#2"}
			}
		},
		{
			"from": [-1, 5, 0],
			"to": [6, 11, 15],
			"rotation": {"angle": 45, "axis": "z", "origin": [6, 11, 8]},
			"faces": {
				"north": {"uv": [1.75, 6, 0.875, 6.75], "texture": "#2"},
				"east": {"uv": [5.875, 5.625, 4, 6.375], "texture": "#2"},
				"south": {"uv": [7.125, 0.75, 6.25, 1.5], "texture": "#2"},
				"west": {"uv": [1.875, 5.25, 0, 6], "texture": "#2"},
				"up": {"uv": [3.125, 5.875, 4, 4], "texture": "#2"}
			}
		},
		{
			"from": [6, 6, 0],
			"to": [10, 11, 15],
			"rotation": {"angle": 0, "axis": "y", "origin": [12.5, 5, 8]},
			"faces": {
				"north": {"uv": [3.25, 6.5, 3.75, 7.125], "texture": "#2"},
				"east": {"uv": [5.75, 3.875, 7.625, 4.5], "texture": "#2"},
				"south": {"uv": [0, 6.75, 0.5, 7.375], "texture": "#2"},
				"west": {"uv": [1.875, 5.875, 3.75, 6.5], "texture": "#2"},
				"up": {"uv": [6.375, 7.625, 5.875, 5.75], "texture": "#2"}
			}
		},
		{
			"from": [15, -8, 0],
			"to": [16, 0, 5],
			"rotation": {"angle": 0, "axis": "y", "origin": [12.5, 6, 8]},
			"faces": {
				"north": {"uv": [2.125, 4.5, 2.25, 5.5], "texture": "#2"},
				"east": {"uv": [6.25, 1.5, 6.875, 2.5], "texture": "#2"},
				"south": {"uv": [5.75, 6.375, 5.875, 7.375], "texture": "#2"},
				"west": {"uv": [6.25, 2.5, 6.875, 3.5], "texture": "#2"},
				"up": {"uv": [4.125, 7.625, 4, 7], "texture": "#2"},
				"down": {"uv": [4.125, 7.625, 4, 7], "texture": "#2"}
			}
		},
		{
			"from": [15, -5, 8],
			"to": [16, 0, 16],
			"rotation": {"angle": 0, "axis": "y", "origin": [12.5, 6, 8]},
			"faces": {
				"north": {"uv": [4.125, 7, 4.25, 7.625], "texture": "#2"},
				"east": {"uv": [3.75, 6.375, 4.75, 7], "texture": "#2"},
				"south": {"uv": [4.25, 7, 4.375, 7.625], "texture": "#2"},
				"west": {"uv": [4.75, 6.375, 5.75, 7], "texture": "#2"},
				"up": {"uv": [7, 3.5, 6.875, 2.5], "texture": "#2"},
				"down": {"uv": [7.125, 2.5, 7, 3.5], "texture": "#2"}
			}
		},
		{
			"from": [0, -8, 0],
			"to": [1, 0, 5],
			"rotation": {"angle": 0, "axis": "y", "origin": [3.5, 6, 8]},
			"faces": {
				"north": {"uv": [2.25, 4.5, 2.125, 5.5], "texture": "#2"},
				"east": {"uv": [6.875, 2.5, 6.25, 3.5], "texture": "#2"},
				"south": {"uv": [5.875, 6.375, 5.75, 7.375], "texture": "#2"},
				"west": {"uv": [6.875, 1.5, 6.25, 2.5], "texture": "#2"},
				"up": {"uv": [4, 7.625, 4.125, 7], "texture": "#2"},
				"down": {"uv": [4, 7.625, 4.125, 7], "texture": "#2"}
			}
		},
		{
			"from": [0, -5, 8],
			"to": [1, 0, 16],
			"rotation": {"angle": 0, "axis": "y", "origin": [3.5, 6, 8]},
			"faces": {
				"north": {"uv": [4.25, 7, 4.125, 7.625], "texture": "#2"},
				"east": {"uv": [5.75, 6.375, 4.75, 7], "texture": "#2"},
				"south": {"uv": [4.375, 7, 4.25, 7.625], "texture": "#2"},
				"west": {"uv": [4.75, 6.375, 3.75, 7], "texture": "#2"},
				"up": {"uv": [6.875, 3.5, 7, 2.5], "texture": "#2"},
				"down": {"uv": [7, 2.5, 7.125, 3.5], "texture": "#2"}
			}
		},
		{
			"from": [9, -1, -3],
			"to": [15, 5, -1],
			"rotation": {"angle": -22.5, "axis": "x", "origin": [8, 2, -3]},
			"faces": {
				"north": {"uv": [2.5, 6.5, 3.25, 7.25], "texture": "#2"},
				"east": {"uv": [1.25, 6.75, 1.5, 7.5], "texture": "#2"},
				"south": {"uv": [6.375, 6.5, 7.125, 7.25], "texture": "#2"},
				"west": {"uv": [1.5, 6.75, 1.75, 7.5], "texture": "#2"},
				"up": {"uv": [7.625, 2.25, 6.875, 2], "texture": "#2"},
				"down": {"uv": [7.625, 2.25, 6.875, 2.5], "texture": "#2"}
			}
		},
		{
			"from": [1, -1, -3],
			"to": [7, 5, -1],
			"rotation": {"angle": -22.5, "axis": "x", "origin": [8, 2, -3]},
			"faces": {
				"north": {"uv": [2.5, 6.5, 3.25, 7.25], "texture": "#2"},
				"east": {"uv": [1.75, 6.75, 1.5, 7.5], "texture": "#2"},
				"south": {"uv": [7.125, 6.5, 6.375, 7.25], "texture": "#2"},
				"west": {"uv": [1.5, 6.75, 1.25, 7.5], "texture": "#2"},
				"up": {"uv": [6.875, 2.25, 7.625, 2], "texture": "#2"},
				"down": {"uv": [6.875, 2.25, 7.625, 2.5], "texture": "#2"}
			}
		},
		{
			"from": [-14, -3, 9],
			"to": [2, 13, 9],
			"rotation": {"angle": -22.5, "axis": "z", "origin": [-7, 3, 9]},
			"faces": {
				"north": {"uv": [16, 0, 0, 16], "texture": "#1"},
				"east": {"uv": [0, 0, 0, 2], "texture": "#missing"},
				"south": {"uv": [0, 0, 16, 16], "texture": "#1"},
				"west": {"uv": [0, 0, 0, 2], "texture": "#missing"},
				"up": {"uv": [2, 0, 0, 0], "texture": "#missing"},
				"down": {"uv": [2, 0, 0, 0], "texture": "#missing"}
			}
		},
		{
			"from": [12, -12, 11],
			"to": [28, 4, 11],
			"rotation": {"angle": 0, "axis": "y", "origin": [16, 0, 0]},
			"faces": {
				"north": {"uv": [16, 0, 0, 16], "texture": "#1"},
				"east": {"uv": [0, 0, 0, 2], "texture": "#missing"},
				"south": {"uv": [0, 0, 16, 16], "texture": "#1"},
				"west": {"uv": [0, 0, 0, 2], "texture": "#missing"},
				"up": {"uv": [2, 0, 0, 0], "texture": "#missing"},
				"down": {"uv": [2, 0, 0, 0], "texture": "#missing"}
			}
		}
	],
	"display": {
		"thirdperson_righthand": {
			"translation": [0, 3, 0],
			"scale": [0.29, 0.29, 0.29]
		},
		"thirdperson_lefthand": {
			"translation": [0, 2.75, 0],
			"scale": [0.29, 0.29, 0.29]
		},
		"ground": {
			"translation": [0, 3.75, 0],
			"scale": [0.45, 0.45, 0.45]
		},
		"gui": {
			"rotation": [30, -135, 0],
			"translation": [0.5, 4, 0],
			"scale": [0.6, 0.6, 0.6]
		},
		"head": {
			"translation": [0, 8.75, 0],
			"scale": [0.9125, 0.9125, 0.9125]
		},
		"fixed": {
			"translation": [0, 7.5, 0]
		}
	},
	"groups": [
		0,
		1,
		2,
		3,
		4,
		5,
		6,
		7,
		{
			"name": "group",
			"origin": [10, 12, 8],
			"color": 0,
			"children": []
		},
		{
			"name": "group",
			"origin": [10, 12, 8],
			"color": 0,
			"children": [8, 9, 10, 11, 12, 13, 14, 15, 16]
		},
		17,
		18
	]
}