{
    "display": {
        "thirdperson_righthand": {
            "translation": [0, -1.5, 1.75],
            "scale": [0.5, 0.5, 0.5]
        },
        "thirdperson_lefthand": {
            "translation": [0, -1.5, 1.75],
            "scale": [0.5, 0.5, 0.5]
        },
        "firstperson_righthand": {
            "scale": [0.5, 0.5, 0.5]
        },
        "firstperson_lefthand": {
            "scale": [0.5, 0.5, 0.5]
        },
        "ground": {
            "translation": [0, 3, 0],
            "scale": [0.5, 0.5, 0.5]
        },
        "gui": {
            "rotation": [30, 225, 0],
            "translation": [0, -6.25, 0],
            "scale": [1.3, 1.3, 1.3]
        },
        "head": {
            "translation": [0, -1, 0],
            "scale": [1.7, 1.7, 1.7]
        },
        "fixed": {
            "rotation": [-90, 0, 0],
            "translation": [0, 0, 5],
            "scale": [2, 2, 2]
        }
    },
    "textures": {
        "0": "item/hats/devil_horns",
        "particle": "item/hats/devil_horns"
    },
    "elements": [{
        "from": [10.12971, 14.56443, 7.1],
        "to": [12.28987, 15.28229, 8.9],
        "rotation": {
            "angle": -45,
            "axis": "z",
            "origin": [8, 12.82843, 8]
        },
        "faces": {
            "north": {
                "uv": [1, 1, 2, 2],
                "rotation": 180,
                "texture": "#0"
            },
            "east": {
                "uv": [1, 1, 2, 2],
                "rotation": 180,
                "texture": "#0"
            },
            "south": {
                "uv": [1, 1, 2, 2],
                "rotation": 180,
                "texture": "#0"
            },
            "west": {
                "uv": [1, 1, 2, 2],
                "rotation": 180,
                "texture": "#0"
            },
            "up": {
                "uv": [1, 1, 2, 2],
                "rotation": 270,
                "texture": "#0"
            },
            "down": {
                "uv": [1, 1, 2, 2],
                "rotation": 90,
                "texture": "#0"
            }
        }
    }, {
        "from": [11.08214, 10.35973, 7.28],
        "to": [12.97214, 11.79973, 8.72],
        "rotation": {
            "angle": 22.5,
            "axis": "z",
            "origin": [8, 12.82843, 8]
        },
        "faces": {
            "north": {
                "uv": [4, 1, 5, 2],
                "rotation": 180,
                "texture": "#0"
            },
            "east": {
                "uv": [4, 1, 5, 2],
                "rotation": 180,
                "texture": "#0"
            },
            "south": {
                "uv": [4, 1, 5, 2],
                "rotation": 180,
                "texture": "#0"
            },
            "west": {
                "uv": [4, 1, 5, 2],
                "rotation": 180,
                "texture": "#0"
            },
            "up": {
                "uv": [4, 1, 5, 2],
                "rotation": 270,
                "texture": "#0"
            },
            "down": {
                "uv": [4, 1, 5, 2],
                "rotation": 90,
                "texture": "#0"
            }
        }
    }, {
        "from": [12.06222, 9.18369, 7.64],
        "to": [13.36722, 10.00269, 8.36],
        "rotation": {
            "angle": 45,
            "axis": "z",
            "origin": [8, 12.82843, 8]
        },
        "faces": {
            "north": {
                "uv": [10, 1, 11, 2],
                "rotation": 180,
                "texture": "#0"
            },
            "east": {
                "uv": [10, 1, 11, 2],
                "rotation": 180,
                "texture": "#0"
            },
            "south": {
                "uv": [10, 1, 11, 2],
                "rotation": 180,
                "texture": "#0"
            },
            "west": {
                "uv": [10, 1, 11, 2],
                "rotation": 180,
                "texture": "#0"
            },
            "up": {
                "uv": [10, 1, 11, 2],
                "rotation": 270,
                "texture": "#0"
            },
            "down": {
                "uv": [10, 1, 11, 2],
                "rotation": 90,
                "texture": "#0"
            }
        }
    }, {
        "from": [12.54764, 16.35177, 7.82],
        "to": [12.92564, 17.37777, 8.18],
        "rotation": {
            "angle": -22.5,
            "axis": "z",
            "origin": [8, 12.82843, 8]
        },
        "faces": {
            "north": {
                "uv": [13, 1, 14, 2],
                "rotation": 180,
                "texture": "#0"
            },
            "east": {
                "uv": [13, 1, 14, 2],
                "rotation": 180,
                "texture": "#0"
            },
            "south": {
                "uv": [13, 1, 14, 2],
                "rotation": 180,
                "texture": "#0"
            },
            "west": {
                "uv": [13, 1, 14, 2],
                "rotation": 180,
                "texture": "#0"
            },
            "up": {
                "uv": [13, 1, 14, 2],
                "rotation": 270,
                "texture": "#0"
            },
            "down": {
                "uv": [13, 1, 14, 2],
                "rotation": 90,
                "texture": "#0"
            }
        }
    }, {
        "from": [13.92873, 15.22229, 7.82],
        "to": [14.10873, 15.65429, 8.18],
        "rotation": {
            "angle": 0,
            "axis": "x",
            "origin": [8, 12.82843, 8]
        },
        "faces": {
            "north": {
                "uv": [13, 1, 14, 2],
                "rotation": 180,
                "texture": "#0"
            },
            "east": {
                "uv": [13, 1, 14, 2],
                "rotation": 180,
                "texture": "#0"
            },
            "south": {
                "uv": [13, 1, 14, 2],
                "rotation": 180,
                "texture": "#0"
            },
            "west": {
                "uv": [13, 1, 14, 2],
                "rotation": 180,
                "texture": "#0"
            },
            "up": {
                "uv": [13, 1, 14, 2],
                "rotation": 270,
                "texture": "#0"
            },
            "down": {
                "uv": [13, 1, 14, 2],
                "rotation": 90,
                "texture": "#0"
            }
        }
    }, {
        "from": [14.54515, 12.05747, 7.82],
        "to": [14.72515, 13.10147, 8.18],
        "rotation": {
            "angle": 22.5,
            "axis": "z",
            "origin": [8, 12.82843, 8]
        },
        "faces": {
            "north": {
                "uv": [13, 1, 14, 2],
                "rotation": 180,
                "texture": "#0"
            },
            "east": {
                "uv": [13, 1, 14, 2],
                "rotation": 180,
                "texture": "#0"
            },
            "south": {
                "uv": [13, 1, 14, 2],
                "rotation": 180,
                "texture": "#0"
            },
            "west": {
                "uv": [13, 1, 14, 2],
                "rotation": 180,
                "texture": "#0"
            },
            "up": {
                "uv": [13, 1, 14, 2],
                "rotation": 270,
                "texture": "#0"
            },
            "down": {
                "uv": [13, 1, 14, 2],
                "rotation": 90,
                "texture": "#0"
            }
        }
    }, {
        "from": [14.18515, 12.05747, 7.82],
        "to": [14.54515, 12.51647, 8.18],
        "rotation": {
            "angle": 22.5,
            "axis": "z",
            "origin": [8, 12.82843, 8]
        },
        "faces": {
            "north": {
                "uv": [13, 1, 14, 2],
                "rotation": 180,
                "texture": "#0"
            },
            "east": {
                "uv": [13, 1, 14, 2],
                "rotation": 180,
                "texture": "#0"
            },
            "south": {
                "uv": [13, 1, 14, 2],
                "rotation": 180,
                "texture": "#0"
            },
            "west": {
                "uv": [13, 1, 14, 2],
                "rotation": 180,
                "texture": "#0"
            },
            "up": {
                "uv": [13, 1, 14, 2],
                "rotation": 270,
                "texture": "#0"
            },
            "down": {
                "uv": [13, 1, 14, 2],
                "rotation": 90,
                "texture": "#0"
            }
        }
    }, {
        "from": [13.72526, 13.14176, 7.64],
        "to": [14.50826, 14.68976, 8.36],
        "rotation": {
            "angle": 0,
            "axis": "x",
            "origin": [8, 12.82843, 8]
        },
        "faces": {
            "north": {
                "uv": [10, 1, 11, 2],
                "rotation": 180,
                "texture": "#0"
            },
            "east": {
                "uv": [10, 1, 11, 2],
                "rotation": 180,
                "texture": "#0"
            },
            "south": {
                "uv": [10, 1, 11, 2],
                "rotation": 180,
                "texture": "#0"
            },
            "west": {
                "uv": [10, 1, 11, 2],
                "rotation": 180,
                "texture": "#0"
            },
            "up": {
                "uv": [10, 1, 11, 2],
                "rotation": 270,
                "texture": "#0"
            },
            "down": {
                "uv": [10, 1, 11, 2],
                "rotation": 90,
                "texture": "#0"
            }
        }
    }, {
        "from": [12.27294, 14.43851, 7.46],
        "to": [13.89294, 15.60851, 8.54],
        "rotation": {
            "angle": -22.5,
            "axis": "z",
            "origin": [8, 12.82843, 8]
        },
        "faces": {
            "north": {
                "uv": [7, 1, 8, 2],
                "rotation": 180,
                "texture": "#0"
            },
            "east": {
                "uv": [7, 1, 8, 2],
                "rotation": 180,
                "texture": "#0"
            },
            "south": {
                "uv": [7, 1, 8, 2],
                "rotation": 180,
                "texture": "#0"
            },
            "west": {
                "uv": [7, 1, 8, 2],
                "rotation": 180,
                "texture": "#0"
            },
            "up": {
                "uv": [7, 1, 8, 2],
                "rotation": 270,
                "texture": "#0"
            },
            "down": {
                "uv": [7, 1, 8, 2],
                "rotation": 90,
                "texture": "#0"
            }
        }
    }, {
        "from": [11.56821, 15.40108, 7.46],
        "to": [12.82821, 16.57108, 8.54],
        "rotation": {
            "angle": -45,
            "axis": "z",
            "origin": [8, 12.82843, 8]
        },
        "faces": {
            "north": {
                "uv": [7, 1, 8, 2],
                "rotation": 180,
                "texture": "#0"
            },
            "east": {
                "uv": [7, 1, 8, 2],
                "rotation": 180,
                "texture": "#0"
            },
            "south": {
                "uv": [7, 1, 8, 2],
                "rotation": 180,
                "texture": "#0"
            },
            "west": {
                "uv": [7, 1, 8, 2],
                "rotation": 180,
                "texture": "#0"
            },
            "up": {
                "uv": [7, 1, 8, 2],
                "rotation": 270,
                "texture": "#0"
            },
            "down": {
                "uv": [7, 1, 8, 2],
                "rotation": 90,
                "texture": "#0"
            }
        }
    }, {
        "from": [11.1715, 9.35225, 7.28],
        "to": [12.2245, 10.97225, 8.72],
        "rotation": {
            "angle": 22.5,
            "axis": "z",
            "origin": [8, 12.82843, 8]
        },
        "faces": {
            "north": {
                "uv": [4, 1, 5, 2],
                "rotation": 180,
                "texture": "#0"
            },
            "east": {
                "uv": [4, 1, 5, 2],
                "rotation": 180,
                "texture": "#0"
            },
            "south": {
                "uv": [4, 1, 5, 2],
                "rotation": 180,
                "texture": "#0"
            },
            "west": {
                "uv": [4, 1, 5, 2],
                "rotation": 180,
                "texture": "#0"
            },
            "up": {
                "uv": [4, 1, 5, 2],
                "rotation": 270,
                "texture": "#0"
            },
            "down": {
                "uv": [4, 1, 5, 2],
                "rotation": 90,
                "texture": "#0"
            }
        }
    }, {
        "from": [11.86436, 10.83054, 7.1],
        "to": [12.26036, 11.37054, 8.9],
        "rotation": {
            "angle": 0,
            "axis": "x",
            "origin": [8, 12.82843, 8]
        },
        "faces": {
            "north": {
                "uv": [1, 1, 2, 2],
                "rotation": 180,
                "texture": "#0"
            },
            "east": {
                "uv": [1, 1, 2, 2],
                "rotation": 180,
                "texture": "#0"
            },
            "south": {
                "uv": [1, 1, 2, 2],
                "rotation": 180,
                "texture": "#0"
            },
            "west": {
                "uv": [1, 1, 2, 2],
                "rotation": 180,
                "texture": "#0"
            },
            "up": {
                "uv": [1, 1, 2, 2],
                "rotation": 270,
                "texture": "#0"
            },
            "down": {
                "uv": [1, 1, 2, 2],
                "rotation": 90,
                "texture": "#0"
            }
        }
    }, {
        "from": [11.93876, 12.46144, 7.1],
        "to": [12.33476, 13.36144, 8.9],
        "rotation": {
            "angle": -22.5,
            "axis": "z",
            "origin": [8, 12.82843, 8]
        },
        "faces": {
            "north": {
                "uv": [1, 1, 2, 2],
                "rotation": 180,
                "texture": "#0"
            },
            "east": {
                "uv": [1, 1, 2, 2],
                "rotation": 180,
                "texture": "#0"
            },
            "south": {
                "uv": [1, 1, 2, 2],
                "rotation": 180,
                "texture": "#0"
            },
            "west": {
                "uv": [1, 1, 2, 2],
                "rotation": 180,
                "texture": "#0"
            },
            "up": {
                "uv": [1, 1, 2, 2],
                "rotation": 270,
                "texture": "#0"
            },
            "down": {
                "uv": [1, 1, 2, 2],
                "rotation": 90,
                "texture": "#0"
            }
        }
    }, {
        "from": [11.07738, 13.99668, 7.1],
        "to": [11.77938, 14.89668, 8.9],
        "rotation": {
            "angle": -45,
            "axis": "z",
            "origin": [8, 12.82843, 8]
        },
        "faces": {
            "north": {
                "uv": [1, 1, 2, 2],
                "rotation": 180,
                "texture": "#0"
            },
            "east": {
                "uv": [1, 1, 2, 2],
                "rotation": 180,
                "texture": "#0"
            },
            "south": {
                "uv": [1, 1, 2, 2],
                "rotation": 180,
                "texture": "#0"
            },
            "west": {
                "uv": [1, 1, 2, 2],
                "rotation": 180,
                "texture": "#0"
            },
            "up": {
                "uv": [1, 1, 2, 2],
                "rotation": 270,
                "texture": "#0"
            },
            "down": {
                "uv": [1, 1, 2, 2],
                "rotation": 90,
                "texture": "#0"
            }
        }
    }, {
        "from": [10.25699, 10.43237, 7.1],
        "to": [10.79699, 11.13437, 8.9],
        "rotation": {
            "angle": 22.5,
            "axis": "z",
            "origin": [8, 12.82843, 8]
        },
        "faces": {
            "north": {
                "uv": [1, 1, 2, 2],
                "rotation": 180,
                "texture": "#0"
            },
            "east": {
                "uv": [1, 1, 2, 2],
                "rotation": 180,
                "texture": "#0"
            },
            "south": {
                "uv": [1, 1, 2, 2],
                "rotation": 180,
                "texture": "#0"
            },
            "west": {
                "uv": [1, 1, 2, 2],
                "rotation": 180,
                "texture": "#0"
            },
            "up": {
                "uv": [1, 1, 2, 2],
                "rotation": 270,
                "texture": "#0"
            },
            "down": {
                "uv": [1, 1, 2, 2],
                "rotation": 90,
                "texture": "#0"
            }
        }
    }, {
        "from": [10.73347, 12.12703, 7.1],
        "to": [11.27347, 12.55003, 8.9],
        "rotation": {
            "angle": 0,
            "axis": "x",
            "origin": [8, 12.82843, 8]
        },
        "faces": {
            "north": {
                "uv": [1, 1, 2, 2],
                "rotation": 180,
                "texture": "#0"
            },
            "east": {
                "uv": [1, 1, 2, 2],
                "rotation": 180,
                "texture": "#0"
            },
            "south": {
                "uv": [1, 1, 2, 2],
                "rotation": 180,
                "texture": "#0"
            },
            "west": {
                "uv": [1, 1, 2, 2],
                "rotation": 180,
                "texture": "#0"
            },
            "up": {
                "uv": [1, 1, 2, 2],
                "rotation": 270,
                "texture": "#0"
            },
            "down": {
                "uv": [1, 1, 2, 2],
                "rotation": 90,
                "texture": "#0"
            }
        }
    }, {
        "from": [3.71013, 14.56443, 7.1],
        "to": [5.87029, 15.28229, 8.9],
        "rotation": {
            "angle": 45,
            "axis": "z",
            "origin": [8, 12.82843, 8]
        },
        "faces": {
            "north": {
                "uv": [2, 1, 1, 2],
                "rotation": 180,
                "texture": "#0"
            },
            "east": {
                "uv": [2, 1, 1, 2],
                "rotation": 180,
                "texture": "#0"
            },
            "south": {
                "uv": [2, 1, 1, 2],
                "rotation": 180,
                "texture": "#0"
            },
            "west": {
                "uv": [2, 1, 1, 2],
                "rotation": 180,
                "texture": "#0"
            },
            "up": {
                "uv": [1, 2, 2, 1],
                "rotation": 270,
                "texture": "#0"
            },
            "down": {
                "uv": [1, 2, 2, 1],
                "rotation": 90,
                "texture": "#0"
            }
        }
    }, {
        "from": [3.02786, 10.35973, 7.28],
        "to": [4.91786, 11.79973, 8.72],
        "rotation": {
            "angle": -22.5,
            "axis": "z",
            "origin": [8, 12.82843, 8]
        },
        "faces": {
            "north": {
                "uv": [5, 1, 4, 2],
                "rotation": 180,
                "texture": "#0"
            },
            "east": {
                "uv": [5, 1, 4, 2],
                "rotation": 180,
                "texture": "#0"
            },
            "south": {
                "uv": [5, 1, 4, 2],
                "rotation": 180,
                "texture": "#0"
            },
            "west": {
                "uv": [5, 1, 4, 2],
                "rotation": 180,
                "texture": "#0"
            },
            "up": {
                "uv": [4, 2, 5, 1],
                "rotation": 270,
                "texture": "#0"
            },
            "down": {
                "uv": [4, 2, 5, 1],
                "rotation": 90,
                "texture": "#0"
            }
        }
    }, {
        "from": [2.63278, 9.18369, 7.64],
        "to": [3.93778, 10.00269, 8.36],
        "rotation": {
            "angle": -45,
            "axis": "z",
            "origin": [8, 12.82843, 8]
        },
        "faces": {
            "north": {
                "uv": [11, 1, 10, 2],
                "rotation": 180,
                "texture": "#0"
            },
            "east": {
                "uv": [11, 1, 10, 2],
                "rotation": 180,
                "texture": "#0"
            },
            "south": {
                "uv": [11, 1, 10, 2],
                "rotation": 180,
                "texture": "#0"
            },
            "west": {
                "uv": [11, 1, 10, 2],
                "rotation": 180,
                "texture": "#0"
            },
            "up": {
                "uv": [10, 2, 11, 1],
                "rotation": 270,
                "texture": "#0"
            },
            "down": {
                "uv": [10, 2, 11, 1],
                "rotation": 90,
                "texture": "#0"
            }
        }
    }, {
        "from": [3.07436, 16.35177, 7.82],
        "to": [3.45236, 17.37777, 8.18],
        "rotation": {
            "angle": 22.5,
            "axis": "z",
            "origin": [8, 12.82843, 8]
        },
        "faces": {
            "north": {
                "uv": [14, 1, 13, 2],
                "rotation": 180,
                "texture": "#0"
            },
            "east": {
                "uv": [14, 1, 13, 2],
                "rotation": 180,
                "texture": "#0"
            },
            "south": {
                "uv": [14, 1, 13, 2],
                "rotation": 180,
                "texture": "#0"
            },
            "west": {
                "uv": [14, 1, 13, 2],
                "rotation": 180,
                "texture": "#0"
            },
            "up": {
                "uv": [13, 2, 14, 1],
                "rotation": 270,
                "texture": "#0"
            },
            "down": {
                "uv": [13, 2, 14, 1],
                "rotation": 90,
                "texture": "#0"
            }
        }
    }, {
        "from": [1.89127, 15.22229, 7.82],
        "to": [2.07127, 15.65429, 8.18],
        "rotation": {
            "angle": 0,
            "axis": "x",
            "origin": [8, 12.82843, 8]
        },
        "faces": {
            "north": {
                "uv": [14, 1, 13, 2],
                "rotation": 180,
                "texture": "#0"
            },
            "east": {
                "uv": [14, 1, 13, 2],
                "rotation": 180,
                "texture": "#0"
            },
            "south": {
                "uv": [14, 1, 13, 2],
                "rotation": 180,
                "texture": "#0"
            },
            "west": {
                "uv": [14, 1, 13, 2],
                "rotation": 180,
                "texture": "#0"
            },
            "up": {
                "uv": [13, 2, 14, 1],
                "rotation": 270,
                "texture": "#0"
            },
            "down": {
                "uv": [13, 2, 14, 1],
                "rotation": 90,
                "texture": "#0"
            }
        }
    }, {
        "from": [1.27485, 12.05747, 7.82],
        "to": [1.45485, 13.10147, 8.18],
        "rotation": {
            "angle": -22.5,
            "axis": "z",
            "origin": [8, 12.82843, 8]
        },
        "faces": {
            "north": {
                "uv": [14, 1, 13, 2],
                "rotation": 180,
                "texture": "#0"
            },
            "east": {
                "uv": [14, 1, 13, 2],
                "rotation": 180,
                "texture": "#0"
            },
            "south": {
                "uv": [14, 1, 13, 2],
                "rotation": 180,
                "texture": "#0"
            },
            "west": {
                "uv": [14, 1, 13, 2],
                "rotation": 180,
                "texture": "#0"
            },
            "up": {
                "uv": [13, 2, 14, 1],
                "rotation": 270,
                "texture": "#0"
            },
            "down": {
                "uv": [13, 2, 14, 1],
                "rotation": 90,
                "texture": "#0"
            }
        }
    }, {
        "from": [1.45485, 12.05747, 7.82],
        "to": [1.81485, 12.51647, 8.18],
        "rotation": {
            "angle": -22.5,
            "axis": "z",
            "origin": [8, 12.82843, 8]
        },
        "faces": {
            "north": {
                "uv": [14, 1, 13, 2],
                "rotation": 180,
                "texture": "#0"
            },
            "east": {
                "uv": [14, 1, 13, 2],
                "rotation": 180,
                "texture": "#0"
            },
            "south": {
                "uv": [14, 1, 13, 2],
                "rotation": 180,
                "texture": "#0"
            },
            "west": {
                "uv": [14, 1, 13, 2],
                "rotation": 180,
                "texture": "#0"
            },
            "up": {
                "uv": [13, 2, 14, 1],
                "rotation": 270,
                "texture": "#0"
            },
            "down": {
                "uv": [13, 2, 14, 1],
                "rotation": 90,
                "texture": "#0"
            }
        }
    }, {
        "from": [1.49174, 13.14176, 7.64],
        "to": [2.27474, 14.68976, 8.36],
        "rotation": {
            "angle": 0,
            "axis": "x",
            "origin": [8, 12.82843, 8]
        },
        "faces": {
            "north": {
                "uv": [11, 1, 10, 2],
                "rotation": 180,
                "texture": "#0"
            },
            "east": {
                "uv": [11, 1, 10, 2],
                "rotation": 180,
                "texture": "#0"
            },
            "south": {
                "uv": [11, 1, 10, 2],
                "rotation": 180,
                "texture": "#0"
            },
            "west": {
                "uv": [11, 1, 10, 2],
                "rotation": 180,
                "texture": "#0"
            },
            "up": {
                "uv": [10, 2, 11, 1],
                "rotation": 270,
                "texture": "#0"
            },
            "down": {
                "uv": [10, 2, 11, 1],
                "rotation": 90,
                "texture": "#0"
            }
        }
    }, {
        "from": [2.10706, 14.43851, 7.46],
        "to": [3.72706, 15.60851, 8.54],
        "rotation": {
            "angle": 22.5,
            "axis": "z",
            "origin": [8, 12.82843, 8]
        },
        "faces": {
            "north": {
                "uv": [8, 1, 7, 2],
                "rotation": 180,
                "texture": "#0"
            },
            "east": {
                "uv": [8, 1, 7, 2],
                "rotation": 180,
                "texture": "#0"
            },
            "south": {
                "uv": [8, 1, 7, 2],
                "rotation": 180,
                "texture": "#0"
            },
            "west": {
                "uv": [8, 1, 7, 2],
                "rotation": 180,
                "texture": "#0"
            },
            "up": {
                "uv": [7, 2, 8, 1],
                "rotation": 270,
                "texture": "#0"
            },
            "down": {
                "uv": [7, 2, 8, 1],
                "rotation": 90,
                "texture": "#0"
            }
        }
    }, {
        "from": [3.17179, 15.40108, 7.46],
        "to": [4.43179, 16.57108, 8.54],
        "rotation": {
            "angle": 45,
            "axis": "z",
            "origin": [8, 12.82843, 8]
        },
        "faces": {
            "north": {
                "uv": [8, 1, 7, 2],
                "rotation": 180,
                "texture": "#0"
            },
            "east": {
                "uv": [8, 1, 7, 2],
                "rotation": 180,
                "texture": "#0"
            },
            "south": {
                "uv": [8, 1, 7, 2],
                "rotation": 180,
                "texture": "#0"
            },
            "west": {
                "uv": [8, 1, 7, 2],
                "rotation": 180,
                "texture": "#0"
            },
            "up": {
                "uv": [7, 2, 8, 1],
                "rotation": 270,
                "texture": "#0"
            },
            "down": {
                "uv": [7, 2, 8, 1],
                "rotation": 90,
                "texture": "#0"
            }
        }
    }, {
        "from": [3.7755, 9.35225, 7.28],
        "to": [4.8285, 10.97225, 8.72],
        "rotation": {
            "angle": -22.5,
            "axis": "z",
            "origin": [8, 12.82843, 8]
        },
        "faces": {
            "north": {
                "uv": [5, 1, 4, 2],
                "rotation": 180,
                "texture": "#0"
            },
            "east": {
                "uv": [5, 1, 4, 2],
                "rotation": 180,
                "texture": "#0"
            },
            "south": {
                "uv": [5, 1, 4, 2],
                "rotation": 180,
                "texture": "#0"
            },
            "west": {
                "uv": [5, 1, 4, 2],
                "rotation": 180,
                "texture": "#0"
            },
            "up": {
                "uv": [4, 2, 5, 1],
                "rotation": 270,
                "texture": "#0"
            },
            "down": {
                "uv": [4, 2, 5, 1],
                "rotation": 90,
                "texture": "#0"
            }
        }
    }, {
        "from": [3.73964, 10.83054, 7.1],
        "to": [4.13564, 11.37054, 8.9],
        "rotation": {
            "angle": 0,
            "axis": "x",
            "origin": [8, 12.82843, 8]
        },
        "faces": {
            "north": {
                "uv": [2, 1, 1, 2],
                "rotation": 180,
                "texture": "#0"
            },
            "east": {
                "uv": [2, 1, 1, 2],
                "rotation": 180,
                "texture": "#0"
            },
            "south": {
                "uv": [2, 1, 1, 2],
                "rotation": 180,
                "texture": "#0"
            },
            "west": {
                "uv": [2, 1, 1, 2],
                "rotation": 180,
                "texture": "#0"
            },
            "up": {
                "uv": [1, 2, 2, 1],
                "rotation": 270,
                "texture": "#0"
            },
            "down": {
                "uv": [1, 2, 2, 1],
                "rotation": 90,
                "texture": "#0"
            }
        }
    }, {
        "from": [3.66524, 12.46144, 7.1],
        "to": [4.06124, 13.36144, 8.9],
        "rotation": {
            "angle": 22.5,
            "axis": "z",
            "origin": [8, 12.82843, 8]
        },
        "faces": {
            "north": {
                "uv": [2, 1, 1, 2],
                "rotation": 180,
                "texture": "#0"
            },
            "east": {
                "uv": [2, 1, 1, 2],
                "rotation": 180,
                "texture": "#0"
            },
            "south": {
                "uv": [2, 1, 1, 2],
                "rotation": 180,
                "texture": "#0"
            },
            "west": {
                "uv": [2, 1, 1, 2],
                "rotation": 180,
                "texture": "#0"
            },
            "up": {
                "uv": [1, 2, 2, 1],
                "rotation": 270,
                "texture": "#0"
            },
            "down": {
                "uv": [1, 2, 2, 1],
                "rotation": 90,
                "texture": "#0"
            }
        }
    }, {
        "from": [4.22062, 13.99668, 7.1],
        "to": [4.92262, 14.89668, 8.9],
        "rotation": {
            "angle": 45,
            "axis": "z",
            "origin": [8, 12.82843, 8]
        },
        "faces": {
            "north": {
                "uv": [2, 1, 1, 2],
                "rotation": 180,
                "texture": "#0"
            },
            "east": {
                "uv": [2, 1, 1, 2],
                "rotation": 180,
                "texture": "#0"
            },
            "south": {
                "uv": [2, 1, 1, 2],
                "rotation": 180,
                "texture": "#0"
            },
            "west": {
                "uv": [2, 1, 1, 2],
                "rotation": 180,
                "texture": "#0"
            },
            "up": {
                "uv": [1, 2, 2, 1],
                "rotation": 270,
                "texture": "#0"
            },
            "down": {
                "uv": [1, 2, 2, 1],
                "rotation": 90,
                "texture": "#0"
            }
        }
    }, {
        "from": [5.20301, 10.43237, 7.1],
        "to": [5.74301, 11.13437, 8.9],
        "rotation": {
            "angle": -22.5,
            "axis": "z",
            "origin": [8, 12.82843, 8]
        },
        "faces": {
            "north": {
                "uv": [2, 1, 1, 2],
                "rotation": 180,
                "texture": "#0"
            },
            "east": {
                "uv": [2, 1, 1, 2],
                "rotation": 180,
                "texture": "#0"
            },
            "south": {
                "uv": [2, 1, 1, 2],
                "rotation": 180,
                "texture": "#0"
            },
            "west": {
                "uv": [2, 1, 1, 2],
                "rotation": 180,
                "texture": "#0"
            },
            "up": {
                "uv": [1, 2, 2, 1],
                "rotation": 270,
                "texture": "#0"
            },
            "down": {
                "uv": [1, 2, 2, 1],
                "rotation": 90,
                "texture": "#0"
            }
        }
    }, {
        "from": [4.72653, 12.12703, 7.1],
        "to": [5.26653, 12.55003, 8.9],
        "rotation": {
            "angle": 0,
            "axis": "x",
            "origin": [8, 12.82843, 8]
        },
        "faces": {
            "north": {
                "uv": [2, 1, 1, 2],
                "rotation": 180,
                "texture": "#0"
            },
            "east": {
                "uv": [2, 1, 1, 2],
                "rotation": 180,
                "texture": "#0"
            },
            "south": {
                "uv": [2, 1, 1, 2],
                "rotation": 180,
                "texture": "#0"
            },
            "west": {
                "uv": [2, 1, 1, 2],
                "rotation": 180,
                "texture": "#0"
            },
            "up": {
                "uv": [1, 2, 2, 1],
                "rotation": 270,
                "texture": "#0"
            },
            "down": {
                "uv": [1, 2, 2, 1],
                "rotation": 90,
                "texture": "#0"
            }
        }
    }]
}