{
	"credit": "Made with Blockbench",
	"texture_size": [64, 64],
	"textures": {
		"0": "item/hats/electronic_cat/electronic_cat",
		"1": "item/hats/electronic_cat/electronic_cat_fire",
		"2": "item/hats/electronic_cat/electronic_cat_face",
		"particle": "item/hats/electronic_cat/electronic_cat"
	},
	"elements": [
		{
			"from": [2.5, 5, -4.5],
			"to": [13.5, 13, 3.5],
			"rotation": {"angle": 0, "axis": "y", "origin": [2.5, 5, -4.5]},
			"faces": {
				"north": {"uv": [0, 0, 11, 8], "texture": "#2"},
				"east": {"uv": [0, 0, 2, 2], "texture": "#0"},
				"south": {"uv": [10.25, 0, 7.5, 2], "texture": "#0"},
				"west": {"uv": [5.25, 0, 7.25, 2], "texture": "#0"},
				"up": {"uv": [8, 4.25, 5.25, 2.25], "texture": "#0"},
				"down": {"uv": [2.25, 2.25, 5, 4.25], "texture": "#0"}
			}
		},
		{
			"from": [4, 5, 3.5],
			"to": [12, 12, 12.5],
			"rotation": {"angle": 0, "axis": "y", "origin": [8, 5, 3.5]},
			"faces": {
				"north": {"uv": [0, 4.5, 2, 6.25], "texture": "#0", "tintindex": 0},
				"east": {"uv": [4.5, 4.5, 2.25, 6.25], "texture": "#0", "tintindex": 0},
				"south": {"uv": [4.75, 4.5, 6.75, 6.25], "texture": "#0", "tintindex": 0},
				"west": {"uv": [2.25, 4.5, 4.5, 6.25], "texture": "#0", "tintindex": 0},
				"up": {"uv": [7, 4.5, 9, 6.75], "texture": "#0", "tintindex": 0},
				"down": {"uv": [9.5, 4.5, 11.5, 6.75], "texture": "#0", "tintindex": 0}
			}
		},
		{
			"from": [4.5, 5, -5.5],
			"to": [11.5, 9, -4.5],
			"rotation": {"angle": 0, "axis": "y", "origin": [8, 7, -5]},
			"faces": {
				"north": {"uv": [0.25, 2.25, 2, 3.25], "texture": "#0"},
				"east": {"uv": [0.25, 2.25, 0.5, 3.25], "texture": "#0"},
				"west": {"uv": [0.25, 2.25, 0.5, 3.25], "texture": "#0"},
				"up": {"uv": [0.25, 2.25, 2, 2.5], "texture": "#0"},
				"down": {"uv": [0.25, 3, 2, 3.25], "texture": "#0"}
			}
		},
		{
			"from": [3.5, 10.5, -1.5],
			"to": [7.5, 16.5, 0.5],
			"rotation": {"angle": 45, "axis": "z", "origin": [5.5, 10.5, -0.5]},
			"faces": {
				"north": {"uv": [10.5, 1.75, 11.5, 3.25], "texture": "#0"},
				"east": {"uv": [11.75, 1.75, 12.25, 3.25], "texture": "#0"},
				"south": {"uv": [13.5, 1.75, 12.5, 3.25], "texture": "#0"},
				"west": {"uv": [13.75, 1.75, 14.25, 3.25], "texture": "#0"},
				"up": {"uv": [14.5, 1.75, 15.5, 2.25], "texture": "#0"},
				"down": {"uv": [14.5, 2.5, 15.5, 3], "texture": "#0"}
			}
		},
		{
			"from": [8.5, 10.5, -1.5],
			"to": [12.5, 16.5, 0.5],
			"rotation": {"angle": -45, "axis": "z", "origin": [10.5, 10.5, -0.5]},
			"faces": {
				"north": {"uv": [11.5, 0, 10.5, 1.5], "texture": "#0"},
				"east": {"uv": [14.25, 0, 13.75, 1.5], "texture": "#0"},
				"south": {"uv": [12.5, 0, 13.5, 1.5], "texture": "#0"},
				"west": {"uv": [12.25, 0, 11.75, 1.5], "texture": "#0"},
				"up": {"uv": [15.5, 0, 14.5, 0.5], "texture": "#0"},
				"down": {"uv": [15.5, 0.75, 14.5, 1.25], "texture": "#0"}
			}
		},
		{
			"from": [-1.25, 7.15, -3.5],
			"to": [2.75, 11.15, -3.5],
			"rotation": {"angle": 22.5, "axis": "z", "origin": [2.75, 11, -3.5]},
			"faces": {
				"north": {"uv": [8.25, 2.25, 9.25, 3.25], "texture": "#0"},
				"east": {"uv": [0, 0, 0, 1], "texture": "#0"},
				"south": {"uv": [9.25, 2.25, 8.25, 3.25], "texture": "#0"},
				"west": {"uv": [0, 0, 0, 1], "texture": "#0"},
				"up": {"uv": [0, 0, 1, 0], "texture": "#0"},
				"down": {"uv": [0, 0, 1, 0], "texture": "#0"}
			}
		},
		{
			"from": [13.25, 7.15, -3.5],
			"to": [17.25, 11.15, -3.5],
			"rotation": {"angle": -22.5, "axis": "z", "origin": [13.25, 11, -3.5]},
			"faces": {
				"north": {"uv": [9.25, 3.25, 8.25, 4.25], "texture": "#0"},
				"east": {"uv": [0, 0, 0, 1], "texture": "#0"},
				"south": {"uv": [8.25, 3.25, 9.25, 4.25], "texture": "#0"},
				"west": {"uv": [0, 0, 0, 1], "texture": "#0"},
				"up": {"uv": [1, 0, 0, 0], "texture": "#0"},
				"down": {"uv": [1, 0, 0, 0], "texture": "#0"}
			}
		},
		{
			"from": [0, 5, 3.5],
			"to": [5, 8, 6.5],
			"rotation": {"angle": 45, "axis": "z", "origin": [5.5, 6.5, 5]},
			"faces": {
				"north": {"uv": [1.5, 9.75, 2.75, 10.5], "texture": "#0"},
				"south": {"uv": [2.75, 9.75, 1.5, 10.5], "texture": "#0"},
				"west": {"uv": [1.5, 11.75, 2.25, 12.5], "texture": "#0"},
				"up": {"uv": [2.75, 8.75, 1.5, 9.5], "texture": "#0"},
				"down": {"uv": [2.75, 10.75, 1.5, 11.5], "texture": "#0"}
			}
		},
		{
			"from": [0, 5, 3.5],
			"to": [5, 8, 6.5],
			"rotation": {"angle": 45, "axis": "z", "origin": [5.5, 6.5, 5]},
			"faces": {
				"north": {"uv": [0, 9.75, 1.25, 10.5], "texture": "#0", "tintindex": 0},
				"east": {"uv": [0, 11.75, 0.75, 12.5], "texture": "#0", "tintindex": 0},
				"south": {"uv": [1.25, 9.75, 0, 10.5], "texture": "#0", "tintindex": 0},
				"up": {"uv": [1.25, 8.75, 0, 9.5], "texture": "#0", "tintindex": 0},
				"down": {"uv": [1.25, 10.75, 0, 11.5], "texture": "#0", "tintindex": 0}
			}
		},
		{
			"from": [0, 5, 9.5],
			"to": [5, 8, 12.5],
			"rotation": {"angle": 45, "axis": "z", "origin": [5.5, 6.5, 5]},
			"faces": {
				"north": {"uv": [4.5, 9.75, 5.75, 10.5], "texture": "#0"},
				"south": {"uv": [5.75, 9.75, 4.5, 10.5], "texture": "#0"},
				"west": {"uv": [4.5, 11.75, 5.25, 12.5], "texture": "#0"},
				"up": {"uv": [5.75, 8.75, 4.5, 9.5], "texture": "#0"},
				"down": {"uv": [5.75, 10.75, 4.5, 11.5], "texture": "#0"}
			}
		},
		{
			"from": [0, 5, 9.5],
			"to": [5, 8, 12.5],
			"rotation": {"angle": 45, "axis": "z", "origin": [5.5, 6.5, 5]},
			"faces": {
				"north": {"uv": [0, 9.75, 1.25, 10.5], "texture": "#0", "tintindex": 0},
				"east": {"uv": [0, 11.75, 0.75, 12.5], "texture": "#0", "tintindex": 0},
				"south": {"uv": [1.25, 9.75, 0, 10.5], "texture": "#0", "tintindex": 0},
				"up": {"uv": [1.25, 8.75, 0, 9.5], "texture": "#0", "tintindex": 0},
				"down": {"uv": [1.25, 10.75, 0, 11.5], "texture": "#0", "tintindex": 0}
			}
		},
		{
			"from": [11, 5, 9.5],
			"to": [16, 8, 12.5],
			"rotation": {"angle": -45, "axis": "z", "origin": [10.5, 6.5, 5]},
			"faces": {
				"north": {"uv": [2.75, 9.75, 1.5, 10.5], "texture": "#0"},
				"east": {"uv": [2.25, 11.75, 1.5, 12.5], "texture": "#0"},
				"south": {"uv": [1.5, 9.75, 2.75, 10.5], "texture": "#0"},
				"up": {"uv": [1.5, 8.75, 2.75, 9.5], "texture": "#0"},
				"down": {"uv": [1.5, 10.75, 2.75, 11.5], "texture": "#0"}
			}
		},
		{
			"from": [11, 5, 9.5],
			"to": [16, 8, 12.5],
			"rotation": {"angle": -45, "axis": "z", "origin": [10.5, 6.5, 5]},
			"faces": {
				"north": {"uv": [1.25, 9.75, 0, 10.5], "texture": "#0", "tintindex": 0},
				"south": {"uv": [0, 9.75, 1.25, 10.5], "texture": "#0", "tintindex": 0},
				"west": {"uv": [0.75, 11.75, 0, 12.5], "texture": "#0", "tintindex": 0},
				"up": {"uv": [0, 8.75, 1.25, 9.5], "texture": "#0", "tintindex": 0},
				"down": {"uv": [0, 10.75, 1.25, 11.5], "texture": "#0", "tintindex": 0}
			}
		},
		{
			"from": [11, 5, 3.5],
			"to": [16, 8, 6.5],
			"rotation": {"angle": -45, "axis": "z", "origin": [10.5, 6.5, 5]},
			"faces": {
				"north": {"uv": [4.25, 9.75, 3, 10.5], "texture": "#0"},
				"east": {"uv": [3.75, 11.75, 3, 12.5], "texture": "#0"},
				"south": {"uv": [3, 9.75, 4.25, 10.5], "texture": "#0"},
				"up": {"uv": [3, 8.75, 4.25, 9.5], "texture": "#0"},
				"down": {"uv": [3, 10.75, 4.25, 11.5], "texture": "#0"}
			}
		},
		{
			"from": [11, 5, 3.5],
			"to": [16, 8, 6.5],
			"rotation": {"angle": -45, "axis": "z", "origin": [10.5, 6.5, 5]},
			"faces": {
				"north": {"uv": [1.25, 9.75, 0, 10.5], "texture": "#0", "tintindex": 0},
				"south": {"uv": [0, 9.75, 1.25, 10.5], "texture": "#0", "tintindex": 0},
				"west": {"uv": [0.75, 11.75, 0, 12.5], "texture": "#0", "tintindex": 0},
				"up": {"uv": [0, 8.75, 1.25, 9.5], "texture": "#0", "tintindex": 0},
				"down": {"uv": [0, 10.75, 1.25, 11.5], "texture": "#0", "tintindex": 0}
			}
		},
		{
			"from": [7, 10, 12.5],
			"to": [9, 12, 20.5],
			"rotation": {"angle": -22.5, "axis": "x", "origin": [7, 10, 12.5]},
			"faces": {
				"north": {"uv": [4.5, 7.25, 5, 7.75], "texture": "#0"},
				"east": {"uv": [4.25, 7.25, 2.25, 7.75], "texture": "#0"},
				"south": {"uv": [4.5, 6.5, 5, 7], "texture": "#0"},
				"west": {"uv": [2.25, 7.25, 4.25, 7.75], "texture": "#0"},
				"up": {"uv": [2.25, 6.5, 4.25, 7], "rotation": 90, "texture": "#0"},
				"down": {"uv": [4.25, 8.5, 2.25, 8], "rotation": 90, "texture": "#0"}
			}
		},
		{
			"from": [7, 10, 12.5],
			"to": [9, 12, 20.5],
			"rotation": {"angle": -22.5, "axis": "x", "origin": [7, 10, 12.5]},
			"faces": {
				"north": {"uv": [4.5, 8, 5, 8.5], "texture": "#0"},
				"east": {"uv": [2, 7.25, 0, 7.75], "texture": "#0", "tintindex": 0},
				"west": {"uv": [0, 7.25, 2, 7.75], "texture": "#0", "tintindex": 0},
				"up": {"uv": [0, 6.5, 2, 7], "rotation": 90, "texture": "#0", "tintindex": 0},
				"down": {"uv": [2, 8.5, 0, 8], "rotation": 90, "texture": "#0", "tintindex": 0}
			}
		},
		{
			"from": [3.5, 4.5, 6.5],
			"to": [12.5, 12.5, 9.5],
			"rotation": {"angle": 0, "axis": "y", "origin": [3.5, 4.5, 3.5]},
			"faces": {
				"north": {"uv": [11.75, 3.75, 14, 5.75], "texture": "#0"},
				"east": {"uv": [14.25, 3.75, 15, 5.75], "texture": "#0"},
				"south": {"uv": [11.75, 3.75, 14, 5.75], "texture": "#0"},
				"west": {"uv": [14.25, 3.75, 15, 5.75], "texture": "#0"},
				"up": {"uv": [11.75, 6, 14, 6.75], "texture": "#0"},
				"down": {"uv": [11.75, 7, 14, 7.75], "texture": "#0"}
			}
		},
		{
			"from": [11, 10, 5.5],
			"to": [18, 12, 10.5],
			"rotation": {"angle": 22.5, "axis": "z", "origin": [11, 10, 8]},
			"faces": {
				"north": {"uv": [7, 8.5, 8.75, 9], "texture": "#0"},
				"south": {"uv": [7, 8.5, 8.75, 9], "texture": "#0"},
				"up": {"uv": [7, 7, 8.75, 8.25], "texture": "#0"},
				"down": {"uv": [7, 9.25, 8.75, 10.5], "texture": "#0"}
			}
		},
		{
			"from": [11, 10, 5.5],
			"to": [18, 12, 10.5],
			"rotation": {"angle": 22.5, "axis": "z", "origin": [11, 10, 8]},
			"faces": {
				"north": {"uv": [10.75, 8.5, 9, 9], "texture": "#0", "tintindex": 0},
				"south": {"uv": [9, 8.5, 10.75, 9], "texture": "#0", "tintindex": 0},
				"up": {"uv": [9, 7, 10.75, 8.25], "texture": "#0", "tintindex": 0},
				"down": {"uv": [9, 9.25, 10.75, 10.5], "texture": "#0", "tintindex": 0}
			}
		},
		{
			"from": [18, 8, 4.5],
			"to": [24, 14, 12.5],
			"rotation": {"angle": 22.5, "axis": "z", "origin": [11, 10, 8]},
			"faces": {
				"north": {"uv": [6, 12.75, 4.5, 14.25], "texture": "#0", "tintindex": 0},
				"east": {"uv": [2, 12.75, 0, 14.25], "texture": "#0", "tintindex": 0},
				"south": {"uv": [4.5, 12.75, 6, 14.25], "texture": "#0", "tintindex": 0},
				"west": {"uv": [0, 12.75, 2, 14.25], "texture": "#0", "tintindex": 0},
				"up": {"uv": [2.25, 12.75, 4.25, 14.25], "rotation": 90, "texture": "#0", "tintindex": 0},
				"down": {"uv": [2, 14.5, 0, 16], "rotation": 90, "texture": "#0", "tintindex": 0}
			}
		},
		{
			"from": [18, 8, 2.5],
			"to": [24, 14, 4.5],
			"rotation": {"angle": 22.5, "axis": "z", "origin": [11, 10, 8]},
			"faces": {
				"north": {"uv": [3, 6, 9, 0], "rotation": 90, "texture": "#1"},
				"east": {"uv": [0, 0, 2, 6], "texture": "#1"},
				"south": {"uv": [8.5, 14.5, 10, 16], "texture": "#1"},
				"west": {"uv": [2, 6, 0, 0], "texture": "#1"},
				"up": {"uv": [2, 0, 0, 6], "rotation": 90, "texture": "#1"},
				"down": {"uv": [0, 6, 2, 0], "rotation": 90, "texture": "#1"}
			}
		},
		{
			"from": [18, 8, 12.5],
			"to": [24, 14, 14.5],
			"rotation": {"angle": 22.5, "axis": "z", "origin": [11, 10, 8]},
			"faces": {
				"north": {"uv": [6, 14.5, 4.5, 16], "texture": "#0"},
				"east": {"uv": [3.75, 14.5, 4.25, 16], "texture": "#0"},
				"south": {"uv": [10, 0, 16, 6], "texture": "#1"},
				"west": {"uv": [4.25, 14.5, 3.75, 16], "texture": "#0"},
				"up": {"uv": [2.75, 14.5, 2.25, 16], "rotation": 90, "texture": "#0"},
				"down": {"uv": [3, 14.5, 3.5, 16], "rotation": 90, "texture": "#0"}
			}
		},
		{
			"from": [17.4, 7.4, 5.9],
			"to": [24.6, 14.6, 10.1],
			"rotation": {"angle": 22.5, "axis": "z", "origin": [11, 10, 8]},
			"faces": {
				"north": {"uv": [16, 10, 14.25, 11.75], "texture": "#0"},
				"east": {"uv": [13.5, 8, 12.5, 9.75], "texture": "#0"},
				"south": {"uv": [14.25, 10, 16, 11.75], "texture": "#0"},
				"west": {"uv": [12.5, 8, 13.5, 9.75], "texture": "#0"},
				"up": {"uv": [13.75, 8, 14.75, 9.75], "rotation": 90, "texture": "#0"},
				"down": {"uv": [16, 8, 15, 9.75], "rotation": 90, "texture": "#0"}
			}
		},
		{
			"from": [19, 9, 14.5],
			"to": [23, 13, 26.5],
			"rotation": {"angle": 22.5, "axis": "z", "origin": [11, 10, 8]},
			"faces": {
				"north": {"uv": [13, 7, 16, 10], "texture": "#1"},
				"east": {"uv": [12, 11, 0, 7], "texture": "#1"},
				"south": {"uv": [13, 7, 16, 10], "texture": "#1"},
				"west": {"uv": [0, 7, 12, 11], "texture": "#1"},
				"up": {"uv": [0, 11, 12, 7], "rotation": 90, "texture": "#1"},
				"down": {"uv": [12, 7, 0, 11], "rotation": 90, "texture": "#1"}
			}
		},
		{
			"name": "cube_outline",
			"from": [23, 13, 26.5],
			"to": [19, 9, 14.5],
			"rotation": {"angle": 22.5, "axis": "z", "origin": [11, 10, 8]},
			"faces": {
				"north": {"uv": [13, 7, 16, 10], "rotation": 180, "texture": "#1"},
				"east": {"uv": [12, 7, 0, 11], "rotation": 180, "texture": "#1"},
				"south": {"uv": [13, 7, 16, 10], "rotation": 180, "texture": "#1"},
				"west": {"uv": [0, 11, 12, 7], "rotation": 180, "texture": "#1"},
				"up": {"uv": [12, 11, 0, 7], "rotation": 90, "texture": "#1"},
				"down": {"uv": [0, 7, 12, 11], "rotation": 90, "texture": "#1"}
			}
		},
		{
			"from": [18.5, 8.5, 15.25],
			"to": [23.5, 13.5, 28.25],
			"rotation": {"angle": 22.5, "axis": "z", "origin": [11, 10, 9.25]},
			"faces": {
				"north": {"uv": [13, 7, 16, 10], "texture": "#1"},
				"east": {"uv": [12, 15, 0, 11], "texture": "#1"},
				"south": {"uv": [13, 7, 16, 10], "texture": "#1"},
				"west": {"uv": [0, 11, 12, 15], "texture": "#1"},
				"up": {"uv": [0, 15, 12, 11], "rotation": 90, "texture": "#1"},
				"down": {"uv": [12, 11, 0, 15], "rotation": 90, "texture": "#1"}
			}
		},
		{
			"name": "cube_outline",
			"from": [23.5, 13.5, 28.25],
			"to": [18.5, 8.5, 15.25],
			"rotation": {"angle": 22.5, "axis": "z", "origin": [11, 10, 9.25]},
			"faces": {
				"north": {"uv": [13, 7, 16, 10], "rotation": 180, "texture": "#1"},
				"east": {"uv": [12, 11, 0, 15], "rotation": 180, "texture": "#1"},
				"south": {"uv": [13, 7, 16, 10], "rotation": 180, "texture": "#1"},
				"west": {"uv": [0, 15, 12, 11], "rotation": 180, "texture": "#1"},
				"up": {"uv": [12, 15, 0, 11], "rotation": 90, "texture": "#1"},
				"down": {"uv": [0, 11, 12, 15], "rotation": 90, "texture": "#1"}
			}
		},
		{
			"from": [-2, 10, 5.5],
			"to": [5, 12, 10.5],
			"rotation": {"angle": -22.5, "axis": "z", "origin": [5, 10, 8]},
			"faces": {
				"north": {"uv": [8.75, 8.5, 7, 9], "texture": "#0"},
				"south": {"uv": [8.75, 8.5, 7, 9], "texture": "#0"},
				"up": {"uv": [8.75, 7, 7, 8.25], "texture": "#0"},
				"down": {"uv": [8.75, 9.25, 7, 10.5], "texture": "#0"}
			}
		},
		{
			"from": [-2, 10, 5.5],
			"to": [5, 12, 10.5],
			"rotation": {"angle": -22.5, "axis": "z", "origin": [5, 10, 8]},
			"faces": {
				"north": {"uv": [9, 8.5, 10.75, 9], "texture": "#0", "tintindex": 0},
				"south": {"uv": [10.75, 8.5, 9, 9], "texture": "#0", "tintindex": 0},
				"up": {"uv": [10.75, 7, 9, 8.25], "texture": "#0", "tintindex": 0},
				"down": {"uv": [10.75, 9.25, 9, 10.5], "texture": "#0", "tintindex": 0}
			}
		},
		{
			"from": [-8, 8, 4.5],
			"to": [-2, 14, 12.5],
			"rotation": {"angle": -22.5, "axis": "z", "origin": [5, 10, 8]},
			"faces": {
				"north": {"uv": [4.5, 12.75, 6, 14.25], "texture": "#0", "tintindex": 0},
				"east": {"uv": [2, 12.75, 0, 14.25], "texture": "#0", "tintindex": 0},
				"south": {"uv": [6, 12.75, 4.5, 14.25], "texture": "#0", "tintindex": 0},
				"west": {"uv": [0, 12.75, 2, 14.25], "texture": "#0", "tintindex": 0},
				"up": {"uv": [2.25, 14.25, 4.25, 12.75], "rotation": 90, "texture": "#0", "tintindex": 0},
				"down": {"uv": [2, 16, 0, 14.5], "rotation": 90, "texture": "#0", "tintindex": 0}
			}
		},
		{
			"from": [-8, 8, 2.5],
			"to": [-2, 14, 4.5],
			"rotation": {"angle": -22.5, "axis": "z", "origin": [5, 10, 8]},
			"faces": {
				"north": {"uv": [3, 0, 9, 6], "rotation": 90, "texture": "#1"},
				"east": {"uv": [0, 6, 2, 0], "texture": "#1"},
				"south": {"uv": [10, 14.5, 8.5, 16], "texture": "#1"},
				"west": {"uv": [2, 0, 0, 6], "texture": "#1"},
				"up": {"uv": [2, 6, 0, 0], "rotation": 90, "texture": "#1"},
				"down": {"uv": [0, 0, 2, 6], "rotation": 90, "texture": "#1"}
			}
		},
		{
			"from": [-8, 8, 12.5],
			"to": [-2, 14, 14.5],
			"rotation": {"angle": -22.5, "axis": "z", "origin": [5, 10, 8]},
			"faces": {
				"north": {"uv": [4.5, 14.5, 6, 16], "texture": "#0"},
				"east": {"uv": [3.75, 14.5, 4.25, 16], "texture": "#0"},
				"south": {"uv": [16, 0, 10, 6], "texture": "#1"},
				"west": {"uv": [4.25, 14.5, 3.75, 16], "texture": "#0"},
				"up": {"uv": [2.75, 16, 2.25, 14.5], "rotation": 90, "texture": "#0"},
				"down": {"uv": [3, 16, 3.5, 14.5], "rotation": 90, "texture": "#0"}
			}
		},
		{
			"from": [-8.6, 7.4, 5.9],
			"to": [-1.4, 14.6, 10.1],
			"rotation": {"angle": -22.5, "axis": "z", "origin": [5, 10, 8]},
			"faces": {
				"north": {"uv": [14.25, 10, 16, 11.75], "texture": "#0"},
				"east": {"uv": [13.5, 8, 12.5, 9.75], "texture": "#0"},
				"south": {"uv": [16, 10, 14.25, 11.75], "texture": "#0"},
				"west": {"uv": [12.5, 8, 13.5, 9.75], "texture": "#0"},
				"up": {"uv": [13.75, 9.75, 14.75, 8], "rotation": 90, "texture": "#0"},
				"down": {"uv": [16, 9.75, 15, 8], "rotation": 90, "texture": "#0"}
			}
		},
		{
			"from": [-7, 9, 14.5],
			"to": [-3, 13, 26.5],
			"rotation": {"angle": -22.5, "axis": "z", "origin": [5, 10, 8]},
			"faces": {
				"north": {"uv": [16, 7, 13, 10], "texture": "#1"},
				"east": {"uv": [12, 7, 0, 11], "texture": "#1"},
				"south": {"uv": [16, 7, 13, 10], "texture": "#1"},
				"west": {"uv": [0, 11, 12, 7], "texture": "#1"},
				"up": {"uv": [0, 7, 12, 11], "rotation": 90, "texture": "#1"},
				"down": {"uv": [12, 11, 0, 7], "rotation": 90, "texture": "#1"}
			}
		},
		{
			"name": "cube_outline",
			"from": [-3, 13, 26.5],
			"to": [-7, 9, 14.5],
			"rotation": {"angle": -22.5, "axis": "z", "origin": [5, 10, 8]},
			"faces": {
				"north": {"uv": [16, 7, 13, 10], "rotation": 180, "texture": "#1"},
				"east": {"uv": [12, 11, 0, 7], "rotation": 180, "texture": "#1"},
				"south": {"uv": [16, 7, 13, 10], "rotation": 180, "texture": "#1"},
				"west": {"uv": [0, 7, 12, 11], "rotation": 180, "texture": "#1"},
				"up": {"uv": [12, 7, 0, 11], "rotation": 90, "texture": "#1"},
				"down": {"uv": [0, 11, 12, 7], "rotation": 90, "texture": "#1"}
			}
		},
		{
			"from": [-7.5, 8.5, 15.25],
			"to": [-2.5, 13.5, 28.25],
			"rotation": {"angle": -22.5, "axis": "z", "origin": [5, 10, 9.25]},
			"faces": {
				"north": {"uv": [16, 7, 13, 10], "texture": "#1"},
				"east": {"uv": [12, 11, 0, 15], "texture": "#1"},
				"south": {"uv": [16, 7, 13, 10], "texture": "#1"},
				"west": {"uv": [0, 15, 12, 11], "texture": "#1"},
				"up": {"uv": [0, 11, 12, 15], "rotation": 90, "texture": "#1"},
				"down": {"uv": [12, 15, 0, 11], "rotation": 90, "texture": "#1"}
			}
		},
		{
			"name": "cube_outline",
			"from": [-2.5, 13.5, 28.25],
			"to": [-7.5, 8.5, 15.25],
			"rotation": {"angle": -22.5, "axis": "z", "origin": [5, 10, 9.25]},
			"faces": {
				"north": {"uv": [16, 7, 13, 10], "rotation": 180, "texture": "#1"},
				"east": {"uv": [12, 15, 0, 11], "rotation": 180, "texture": "#1"},
				"south": {"uv": [16, 7, 13, 10], "rotation": 180, "texture": "#1"},
				"west": {"uv": [0, 11, 12, 15], "rotation": 180, "texture": "#1"},
				"up": {"uv": [12, 11, 0, 15], "rotation": 90, "texture": "#1"},
				"down": {"uv": [0, 15, 12, 11], "rotation": 90, "texture": "#1"}
			}
		}
	],
	"display": {
		"thirdperson_righthand": {
			"rotation": [67, 0, 0],
			"scale": [0.4, 0.4, 0.4]
		},
		"thirdperson_lefthand": {
			"rotation": [67, 0, 0],
			"scale": [0.4, 0.4, 0.4]
		},
		"firstperson_righthand": {
			"translation": [0, 1.5, 0],
			"scale": [0.4, 0.4, 0.4]
		},
		"firstperson_lefthand": {
			"translation": [0, 1.5, 0],
			"scale": [0.4, 0.4, 0.4]
		},
		"ground": {
			"translation": [0, 3, 0],
			"scale": [0.4, 0.4, 0.4]
		},
		"gui": {
			"rotation": [22.5, 135, 0],
			"translation": [-0.25, -1.5, 0],
			"scale": [0.45, 0.45, 0.45]
		},
		"head": {
			"translation": [0, -8.5, 0],
			"scale": [1.56641, 1.56641, 1.56641]
		},
		"fixed": {
			"rotation": [-90, 0, 0],
			"translation": [0, 1, -10],
			"scale": [2, 2, 2]
		}
	},
	"groups": [
		0,
		1,
		2,
		3,
		4,
		5,
		6,
		{
			"name": "group",
			"origin": [5.25, 6.5, 9.5],
			"color": 0,
			"boneType": "",
			"children": [7, 8, 9, 10, 11, 12, 13, 14]
		},
		15,
		16,
		17,
		{
			"name": "group",
			"origin": [11, 10, 7.5],
			"color": 0,
			"boneType": "",
			"children": [18, 19, 20, 21, 22, 23, 24, 25, 26, 27]
		},
		{
			"name": "group",
			"origin": [11, 10, 7.5],
			"color": 0,
			"boneType": "",
			"children": [28, 29, 30, 31, 32, 33, 34, 35, 36, 37]
		}
	]
}