{
    "display": {
        "head": {
            "rotation": [-1, 0, 0],
            "translation": [0, 14.75, 0],
            "scale": [1.6, 1.6, 1.6]
        },
        "gui": {
            "rotation": [25, -150, 0],
            "translation": [0, 5, 0],
            "scale": [1.05, 1.05, 1.05]
        }
    },
    "texture_size": [32, 32],
    "textures": {
        "0": "item/hats/ice_crown",
        "particle": "item/hats/ice_crown"
    },
    "elements": [{
        "from": [7, 6.3, 2.15],
        "to": [9, 7.3, 3.15],
        "rotation": {
            "angle": 0,
            "axis": "x",
            "origin": [8, 6.25, 4]
        },
        "faces": {
            "north": {
                "uv": [7, 1.5, 8, 2],
                "texture": "#0"
            },
            "east": {
                "uv": [6.5, 1.5, 7, 2],
                "texture": "#0"
            },
            "south": {
                "uv": [8.5, 1.5, 9.5, 2],
                "texture": "#0"
            },
            "west": {
                "uv": [8, 1.5, 8.5, 2],
                "texture": "#0"
            },
            "up": {
                "uv": [8, 1.5, 7, 1],
                "texture": "#0"
            },
            "down": {
                "uv": [9, 1, 8, 1.5],
                "texture": "#0"
            }
        }
    }, {
        "from": [3.51, 0.01, 3.51],
        "to": [12.49, 2.99, 12.49],
        "faces": {
            "north": {
                "uv": [9, 12.5, 13.5, 14],
                "texture": "#0"
            },
            "east": {
                "uv": [4.5, 12.5, 9, 14],
                "texture": "#0"
            },
            "south": {
                "uv": [4.5, 12.5, 9, 14],
                "texture": "#0"
            },
            "west": {
                "uv": [4.5, 12.5, 9, 14],
                "texture": "#0"
            },
            "up": {
                "uv": [9, 12.5, 4.5, 8],
                "texture": "#0"
            },
            "down": {
                "uv": [13.5, 8, 9, 12.5],
                "texture": "#0"
            }
        }
    }, {
        "from": [2.995, 2.72, 3.52],
        "to": [3.955, 5.68, 5.48],
        "rotation": {
            "angle": 22.5,
            "axis": "z",
            "origin": [4, 4.5, 4.5]
        },
        "faces": {
            "north": {
                "uv": [2.5, 5.5, 3, 7],
                "texture": "#0"
            },
            "east": {
                "uv": [1.5, 5.5, 2.5, 7],
                "texture": "#0"
            },
            "south": {
                "uv": [4, 5.5, 4.5, 7],
                "texture": "#0"
            },
            "west": {
                "uv": [3, 5.5, 4, 7],
                "texture": "#0"
            },
            "up": {
                "uv": [3, 5.5, 2.5, 4.5],
                "texture": "#0"
            },
            "down": {
                "uv": [3.5, 4.5, 3, 5.5],
                "texture": "#0"
            }
        }
    }, {
        "from": [2.995, 2.72, 10.52],
        "to": [3.955, 5.68, 12.48],
        "rotation": {
            "angle": 22.5,
            "axis": "z",
            "origin": [4, 4.5, 4.5]
        },
        "faces": {
            "north": {
                "uv": [2.5, 5.5, 3, 7],
                "texture": "#0"
            },
            "east": {
                "uv": [1.5, 5.5, 2.5, 7],
                "texture": "#0"
            },
            "south": {
                "uv": [4, 5.5, 4.5, 7],
                "texture": "#0"
            },
            "west": {
                "uv": [3, 5.5, 4, 7],
                "texture": "#0"
            },
            "up": {
                "uv": [3, 5.5, 2.5, 4.5],
                "texture": "#0"
            },
            "down": {
                "uv": [3.5, 4.5, 3, 5.5],
                "texture": "#0"
            }
        }
    }, {
        "from": [2.995, 2.72, 7.02],
        "to": [3.955, 5.68, 8.98],
        "rotation": {
            "angle": 22.5,
            "axis": "z",
            "origin": [4, 4.5, 4.5]
        },
        "faces": {
            "north": {
                "uv": [2.5, 5.5, 3, 7],
                "texture": "#0"
            },
            "east": {
                "uv": [1.5, 5.5, 2.5, 7],
                "texture": "#0"
            },
            "south": {
                "uv": [4, 5.5, 4.5, 7],
                "texture": "#0"
            },
            "west": {
                "uv": [3, 5.5, 4, 7],
                "texture": "#0"
            },
            "up": {
                "uv": [3, 5.5, 2.5, 4.5],
                "texture": "#0"
            },
            "down": {
                "uv": [3.5, 4.5, 3, 5.5],
                "texture": "#0"
            }
        }
    }, {
        "from": [12.07, 2.72, 10.52],
        "to": [13.03, 5.68, 12.48],
        "shade": false,
        "rotation": {
            "angle": -22.5,
            "axis": "z",
            "origin": [12, 4.5, 4.5]
        },
        "faces": {
            "north": {
                "uv": [3, 5.5, 2.5, 7],
                "texture": "#0"
            },
            "east": {
                "uv": [4, 5.5, 3, 7],
                "texture": "#0"
            },
            "south": {
                "uv": [4.5, 5.5, 4, 7],
                "texture": "#0"
            },
            "west": {
                "uv": [2.5, 5.5, 1.5, 7],
                "texture": "#0"
            },
            "up": {
                "uv": [2.5, 5.5, 3, 4.5],
                "texture": "#0"
            },
            "down": {
                "uv": [3, 4.5, 3.5, 5.5],
                "texture": "#0"
            }
        }
    }, {
        "from": [12.07, 2.72, 3.52],
        "to": [13.03, 5.68, 5.48],
        "shade": false,
        "rotation": {
            "angle": -22.5,
            "axis": "z",
            "origin": [12, 4.5, 4.5]
        },
        "faces": {
            "north": {
                "uv": [3, 5.5, 2.5, 7],
                "texture": "#0"
            },
            "east": {
                "uv": [4, 5.5, 3, 7],
                "texture": "#0"
            },
            "south": {
                "uv": [4.5, 5.5, 4, 7],
                "texture": "#0"
            },
            "west": {
                "uv": [2.5, 5.5, 1.5, 7],
                "texture": "#0"
            },
            "up": {
                "uv": [2.5, 5.5, 3, 4.5],
                "texture": "#0"
            },
            "down": {
                "uv": [3, 4.5, 3.5, 5.5],
                "texture": "#0"
            }
        }
    }, {
        "from": [3.52, 2.92, 3.02],
        "to": [5.48, 5.88, 3.98],
        "shade": false,
        "rotation": {
            "angle": -22.5,
            "axis": "x",
            "origin": [12, 4.5, 4.5]
        },
        "faces": {
            "north": {
                "uv": [1.5, 2, 0.5, 3.5],
                "texture": "#0"
            },
            "east": {
                "uv": [2, 2, 1.5, 3.5],
                "texture": "#0"
            },
            "south": {
                "uv": [3, 2, 2, 3.5],
                "texture": "#0"
            },
            "west": {
                "uv": [0.5, 2, 0, 3.5],
                "texture": "#0"
            },
            "up": {
                "uv": [0.5, 2, 1.5, 1.5],
                "texture": "#0"
            },
            "down": {
                "uv": [1.5, 1.5, 2.5, 2],
                "texture": "#0"
            }
        }
    }, {
        "from": [10.52, 2.92, 3.02],
        "to": [12.48, 5.88, 3.98],
        "shade": false,
        "rotation": {
            "angle": -22.5,
            "axis": "x",
            "origin": [12, 4.5, 4.5]
        },
        "faces": {
            "north": {
                "uv": [1.5, 2, 0.5, 3.5],
                "texture": "#0"
            },
            "east": {
                "uv": [2, 2, 1.5, 3.5],
                "texture": "#0"
            },
            "south": {
                "uv": [3, 2, 2, 3.5],
                "texture": "#0"
            },
            "west": {
                "uv": [0.5, 2, 0, 3.5],
                "texture": "#0"
            },
            "up": {
                "uv": [0.5, 2, 1.5, 1.5],
                "texture": "#0"
            },
            "down": {
                "uv": [1.5, 1.5, 2.5, 2],
                "texture": "#0"
            }
        }
    }, {
        "from": [7.02, 2.92, 12.02],
        "to": [8.98, 5.88, 12.98],
        "shade": false,
        "rotation": {
            "angle": 22.5,
            "axis": "x",
            "origin": [12, 4.5, 11.5]
        },
        "faces": {
            "north": {
                "uv": [1.5, 2, 0.5, 3.5],
                "texture": "#0"
            },
            "east": {
                "uv": [2, 2, 1.5, 3.5],
                "texture": "#0"
            },
            "south": {
                "uv": [3, 2, 2, 3.5],
                "texture": "#0"
            },
            "west": {
                "uv": [0.5, 2, 0, 3.5],
                "texture": "#0"
            },
            "up": {
                "uv": [0.5, 2, 1.5, 1.5],
                "texture": "#0"
            },
            "down": {
                "uv": [1.5, 1.5, 2.5, 2],
                "texture": "#0"
            }
        }
    }, {
        "from": [3.52, 2.92, 12.02],
        "to": [5.48, 5.88, 12.98],
        "shade": false,
        "rotation": {
            "angle": 22.5,
            "axis": "x",
            "origin": [12, 4.5, 11.5]
        },
        "faces": {
            "north": {
                "uv": [1.5, 2, 0.5, 3.5],
                "texture": "#0"
            },
            "east": {
                "uv": [2, 2, 1.5, 3.5],
                "texture": "#0"
            },
            "south": {
                "uv": [3, 2, 2, 3.5],
                "texture": "#0"
            },
            "west": {
                "uv": [0.5, 2, 0, 3.5],
                "texture": "#0"
            },
            "up": {
                "uv": [0.5, 2, 1.5, 1.5],
                "texture": "#0"
            },
            "down": {
                "uv": [1.5, 1.5, 2.5, 2],
                "texture": "#0"
            }
        }
    }, {
        "from": [10.52, 2.92, 12.02],
        "to": [12.48, 5.88, 12.98],
        "shade": false,
        "rotation": {
            "angle": 22.5,
            "axis": "x",
            "origin": [12, 4.5, 11.5]
        },
        "faces": {
            "north": {
                "uv": [1.5, 2, 0.5, 3.5],
                "texture": "#0"
            },
            "east": {
                "uv": [2, 2, 1.5, 3.5],
                "texture": "#0"
            },
            "south": {
                "uv": [3, 2, 2, 3.5],
                "texture": "#0"
            },
            "west": {
                "uv": [0.5, 2, 0, 3.5],
                "texture": "#0"
            },
            "up": {
                "uv": [0.5, 2, 1.5, 1.5],
                "texture": "#0"
            },
            "down": {
                "uv": [1.5, 1.5, 2.5, 2],
                "texture": "#0"
            }
        }
    }, {
        "from": [12.045, 2.72, 7.02],
        "to": [13.005, 5.68, 8.98],
        "shade": false,
        "rotation": {
            "angle": -22.5,
            "axis": "z",
            "origin": [12, 4.5, 4.5]
        },
        "faces": {
            "north": {
                "uv": [3, 5.5, 2.5, 7],
                "texture": "#0"
            },
            "east": {
                "uv": [4, 5.5, 3, 7],
                "texture": "#0"
            },
            "south": {
                "uv": [4.5, 5.5, 4, 7],
                "texture": "#0"
            },
            "west": {
                "uv": [2.5, 5.5, 1.5, 7],
                "texture": "#0"
            },
            "up": {
                "uv": [2.5, 5.5, 3, 4.5],
                "texture": "#0"
            },
            "down": {
                "uv": [3, 4.5, 3.5, 5.5],
                "texture": "#0"
            }
        }
    }, {
        "from": [6.5, 3, 2.3],
        "to": [9.5, 7, 3.3],
        "rotation": {
            "angle": -22.5,
            "axis": "x",
            "origin": [8, 6.25, 4]
        },
        "faces": {
            "north": {
                "uv": [12.5, 4.5, 14, 6.5],
                "texture": "#0"
            },
            "east": {
                "uv": [12, 4.5, 12.5, 6.5],
                "texture": "#0"
            },
            "south": {
                "uv": [14.5, 4.5, 16, 6.5],
                "texture": "#0"
            },
            "west": {
                "uv": [14, 4.5, 14.5, 6.5],
                "texture": "#0"
            },
            "up": {
                "uv": [14, 4.5, 12.5, 4],
                "texture": "#0"
            },
            "down": {
                "uv": [15.5, 4, 14, 4.5],
                "texture": "#0"
            }
        }
    }]
}