{
    "display": {
        "thirdperson_righthand": {
            "translation": [0, -1.5, 1.75],
            "scale": [0.5, 0.5, 0.5]
        },
        "thirdperson_lefthand": {
            "translation": [0, -1.5, 1.75],
            "scale": [0.5, 0.5, 0.5]
        },
        "firstperson_righthand": {
            "scale": [0.5, 0.5, 0.5]
        },
        "firstperson_lefthand": {
            "scale": [0.5, 0.5, 0.5]
        },
        "ground": {
            "translation": [0, 3, 0],
            "scale": [0.5, 0.5, 0.5]
        },
        "gui": {
            "rotation": [30, 225, 0],
            "translation": [0, -4.25, 0],
            "scale": [0.8, 0.8, 0.8]
        },
        "head": {
            "scale": [1.7, 1.7, 1.7]
        },
        "fixed": {
            "rotation": [-90, 0, 0],
            "translation": [0, 0, 5],
            "scale": [2, 2, 2]
        }
    },
    "textures": {
        "1": "item/hats/pirate_hat",
        "2": "item/hats/pirate_hat_decoration",
        "particle": "item/hats/pirate_hat"
    },
    "elements": [{
        "name": "Element",
        "from": [0.80072, 13.89383, 4.54054],
        "to": [4.33164, 13.97987, 11.75648],
        "rotation": {
            "angle": 22.5,
            "axis": "z",
            "origin": [5.6543, 13.16421, 7.99989]
        },
        "faces": {
            "north": {
                "uv": [4, 4, 5, 5],
                "texture": "#1"
            },
            "east": {
                "uv": [4, 4, 5, 5],
                "texture": "#1"
            },
            "south": {
                "uv": [4, 4, 5, 5],
                "texture": "#1"
            },
            "west": {
                "uv": [4, 4, 5, 5],
                "texture": "#1"
            },
            "up": {
                "uv": [4, 4, 5, 5],
                "texture": "#1"
            },
            "down": {
                "uv": [4, 4, 5, 5],
                "texture": "#1"
            }
        }
    }, {
        "name": "Element",
        "from": [1.64554, 8.55304, 4.54054],
        "to": [1.73157, 10.30897, 11.75648],
        "rotation": {
            "angle": -22.5,
            "axis": "z",
            "origin": [5.6543, 13.16421, 7.99989]
        },
        "faces": {
            "north": {
                "uv": [4, 4, 5, 5],
                "texture": "#1"
            },
            "east": {
                "uv": [4, 4, 5, 5],
                "texture": "#1"
            },
            "south": {
                "uv": [4, 4, 5, 5],
                "texture": "#1"
            },
            "west": {
                "uv": [4, 4, 5, 5],
                "texture": "#1"
            },
            "up": {
                "uv": [4, 4, 5, 5],
                "texture": "#1"
            },
            "down": {
                "uv": [4, 4, 5, 5],
                "texture": "#1"
            }
        }
    }, {
        "name": "Element",
        "from": [13.91131, 6.75772, 4.54054],
        "to": [13.99735, 8.51364, 11.75648],
        "rotation": {
            "angle": 22.5,
            "axis": "z",
            "origin": [5.6543, 13.16421, 7.99989]
        },
        "faces": {
            "north": {
                "uv": [4, 4, 5, 5],
                "texture": "#1"
            },
            "east": {
                "uv": [4, 4, 5, 5],
                "texture": "#1"
            },
            "south": {
                "uv": [4, 4, 5, 5],
                "texture": "#1"
            },
            "west": {
                "uv": [4, 4, 5, 5],
                "texture": "#1"
            },
            "up": {
                "uv": [4, 4, 5, 5],
                "texture": "#1"
            },
            "down": {
                "uv": [4, 4, 5, 5],
                "texture": "#1"
            }
        }
    }, {
        "name": "Element",
        "from": [11.31125, 15.68916, 4.54054],
        "to": [14.84217, 15.77519, 11.75648],
        "rotation": {
            "angle": -22.5,
            "axis": "z",
            "origin": [5.6543, 13.16421, 7.99989]
        },
        "faces": {
            "north": {
                "uv": [4, 4, 5, 5],
                "texture": "#1"
            },
            "east": {
                "uv": [4, 4, 5, 5],
                "texture": "#1"
            },
            "south": {
                "uv": [4, 4, 5, 5],
                "texture": "#1"
            },
            "west": {
                "uv": [4, 4, 5, 5],
                "texture": "#1"
            },
            "up": {
                "uv": [4, 4, 5, 5],
                "texture": "#1"
            },
            "down": {
                "uv": [4, 4, 5, 5],
                "texture": "#1"
            }
        }
    }, {
        "name": "Element",
        "from": [7.04076, 16.51044, 3.98547],
        "to": [9.53858, 19.52817, 4.54054],
        "rotation": {
            "angle": -22.5,
            "axis": "z",
            "origin": [5.6543, 13.16421, 7.99989]
        },
        "faces": {
            "north": {
                "uv": [4, 1, 5, 2],
                "texture": "#1"
            },
            "east": {
                "uv": [4, 1, 5, 2],
                "texture": "#1"
            },
            "south": {
                "uv": [4, 1, 5, 2],
                "texture": "#1"
            },
            "west": {
                "uv": [4, 1, 5, 2],
                "texture": "#1"
            },
            "up": {
                "uv": [4, 1, 5, 2],
                "texture": "#1"
            },
            "down": {
                "uv": [4, 1, 5, 2],
                "texture": "#1"
            }
        }
    }, {
        "name": "Element",
        "from": [6.10462, 14.76495, 3.98547],
        "to": [8.60246, 17.73272, 4.54054],
        "rotation": {
            "angle": 22.5,
            "axis": "z",
            "origin": [5.6543, 13.16421, 7.99989]
        },
        "faces": {
            "north": {
                "uv": [4, 1, 5, 2],
                "texture": "#1"
            },
            "east": {
                "uv": [4, 1, 5, 2],
                "texture": "#1"
            },
            "south": {
                "uv": [4, 1, 5, 2],
                "texture": "#1"
            },
            "west": {
                "uv": [4, 1, 5, 2],
                "texture": "#1"
            },
            "up": {
                "uv": [4, 1, 5, 2],
                "texture": "#1"
            },
            "down": {
                "uv": [4, 1, 5, 2],
                "texture": "#1"
            }
        }
    }, {
        "name": "Element",
        "from": [1.73498, 13.81468, 3.70793],
        "to": [8.67338, 16.3125, 4.81808],
        "rotation": {
            "angle": 45,
            "axis": "z",
            "origin": [5.6543, 13.16421, 7.99989]
        },
        "faces": {
            "north": {
                "uv": [1, 1, 2, 2],
                "texture": "#1"
            },
            "east": {
                "uv": [1, 1, 2, 2],
                "texture": "#1"
            },
            "south": {
                "uv": [1, 1, 2, 2],
                "texture": "#1"
            },
            "west": {
                "uv": [1, 1, 2, 2],
                "texture": "#1"
            },
            "up": {
                "uv": [1, 1, 2, 2],
                "texture": "#1"
            },
            "down": {
                "uv": [1, 1, 2, 2],
                "texture": "#1"
            }
        }
    }, {
        "name": "Element",
        "from": [3.75302, 10.94528, 3.70793],
        "to": [6.65809, 16.22282, 4.81808],
        "rotation": {
            "angle": -22.5,
            "axis": "z",
            "origin": [5.6543, 13.16421, 7.99989]
        },
        "faces": {
            "north": {
                "uv": [1, 1, 2, 2],
                "texture": "#1"
            },
            "east": {
                "uv": [1, 1, 2, 2],
                "texture": "#1"
            },
            "south": {
                "uv": [1, 1, 2, 2],
                "texture": "#1"
            },
            "west": {
                "uv": [1, 1, 2, 2],
                "texture": "#1"
            },
            "up": {
                "uv": [1, 1, 2, 2],
                "texture": "#1"
            },
            "down": {
                "uv": [1, 1, 2, 2],
                "texture": "#1"
            }
        }
    }, {
        "name": "Element",
        "from": [9.40455, 14.46461, 3.98547],
        "to": [9.95962, 15.39214, 4.54054],
        "rotation": {
            "angle": 22.5,
            "axis": "z",
            "origin": [5.6543, 13.16421, 7.99989]
        },
        "faces": {
            "north": {
                "uv": [4, 1, 5, 2],
                "texture": "#1"
            },
            "east": {
                "uv": [4, 1, 5, 2],
                "texture": "#1"
            },
            "south": {
                "uv": [4, 1, 5, 2],
                "texture": "#1"
            },
            "west": {
                "uv": [4, 1, 5, 2],
                "texture": "#1"
            },
            "up": {
                "uv": [4, 1, 5, 2],
                "texture": "#1"
            },
            "down": {
                "uv": [4, 1, 5, 2],
                "texture": "#1"
            }
        }
    }, {
        "name": "Element",
        "from": [5.68358, 16.06006, 3.98547],
        "to": [6.78866, 17.1876, 4.54054],
        "rotation": {
            "angle": -22.5,
            "axis": "z",
            "origin": [5.6543, 13.16421, 7.99989]
        },
        "faces": {
            "north": {
                "uv": [4, 1, 5, 2],
                "texture": "#1"
            },
            "east": {
                "uv": [4, 1, 5, 2],
                "texture": "#1"
            },
            "south": {
                "uv": [4, 1, 5, 2],
                "texture": "#1"
            },
            "west": {
                "uv": [4, 1, 5, 2],
                "texture": "#1"
            },
            "up": {
                "uv": [4, 1, 5, 2],
                "texture": "#1"
            },
            "down": {
                "uv": [4, 1, 5, 2],
                "texture": "#1"
            }
        }
    }, {
        "name": "Element",
        "from": [7.62827, 15.47668, 3.98547],
        "to": [8.67762, 16.67922, 4.54054],
        "rotation": {
            "angle": 0,
            "axis": "z",
            "origin": [5.6543, 13.16421, 7.99989]
        },
        "faces": {
            "north": {
                "uv": [4, 1, 5, 2],
                "texture": "#1"
            },
            "east": {
                "uv": [4, 1, 5, 2],
                "texture": "#1"
            },
            "south": {
                "uv": [4, 1, 5, 2],
                "texture": "#1"
            },
            "west": {
                "uv": [4, 1, 5, 2],
                "texture": "#1"
            },
            "up": {
                "uv": [4, 1, 5, 2],
                "texture": "#1"
            },
            "down": {
                "uv": [4, 1, 5, 2],
                "texture": "#1"
            }
        }
    }, {
        "name": "Element",
        "from": [1.2458, 8.51143, 3.70793],
        "to": [1.81442, 10.74803, 4.81808],
        "rotation": {
            "angle": -22.5,
            "axis": "z",
            "origin": [5.6543, 13.16421, 7.99989]
        },
        "faces": {
            "north": {
                "uv": [1, 1, 2, 2],
                "texture": "#1"
            },
            "east": {
                "uv": [1, 1, 2, 2],
                "texture": "#1"
            },
            "south": {
                "uv": [1, 1, 2, 2],
                "texture": "#1"
            },
            "west": {
                "uv": [1, 1, 2, 2],
                "texture": "#1"
            },
            "up": {
                "uv": [1, 1, 2, 2],
                "texture": "#1"
            },
            "down": {
                "uv": [1, 1, 2, 2],
                "texture": "#1"
            }
        }
    }, {
        "name": "Element",
        "from": [0.82316, 11.71773, 3.70793],
        "to": [15.23476, 12.28635, 4.81808],
        "rotation": {
            "angle": 0,
            "axis": "z",
            "origin": [5.6543, 13.16421, 7.99989]
        },
        "faces": {
            "north": {
                "uv": [1, 1, 2, 2],
                "texture": "#1"
            },
            "east": {
                "uv": [1, 1, 2, 2],
                "texture": "#1"
            },
            "south": {
                "uv": [1, 1, 2, 2],
                "texture": "#1"
            },
            "west": {
                "uv": [1, 1, 2, 2],
                "texture": "#1"
            },
            "up": {
                "uv": [1, 1, 2, 2],
                "texture": "#1"
            },
            "down": {
                "uv": [1, 1, 2, 2],
                "texture": "#1"
            }
        }
    }, {
        "name": "Element",
        "from": [5.95254, 17.132, 3.70793],
        "to": [12.89094, 19.62983, 4.81808],
        "rotation": {
            "angle": -45,
            "axis": "z",
            "origin": [5.6543, 13.16421, 7.99989]
        },
        "faces": {
            "north": {
                "uv": [1, 1, 2, 2],
                "texture": "#1"
            },
            "east": {
                "uv": [1, 1, 2, 2],
                "texture": "#1"
            },
            "south": {
                "uv": [1, 1, 2, 2],
                "texture": "#1"
            },
            "west": {
                "uv": [1, 1, 2, 2],
                "texture": "#1"
            },
            "up": {
                "uv": [1, 1, 2, 2],
                "texture": "#1"
            },
            "down": {
                "uv": [1, 1, 2, 2],
                "texture": "#1"
            }
        }
    }, {
        "name": "Element",
        "from": [13.75347, 6.71611, 3.70793],
        "to": [14.39709, 8.95271, 4.81808],
        "rotation": {
            "angle": 22.5,
            "axis": "z",
            "origin": [5.6543, 13.16421, 7.99989]
        },
        "faces": {
            "north": {
                "uv": [1, 1, 2, 2],
                "texture": "#1"
            },
            "east": {
                "uv": [1, 1, 2, 2],
                "texture": "#1"
            },
            "south": {
                "uv": [1, 1, 2, 2],
                "texture": "#1"
            },
            "west": {
                "uv": [1, 1, 2, 2],
                "texture": "#1"
            },
            "up": {
                "uv": [1, 1, 2, 2],
                "texture": "#1"
            },
            "down": {
                "uv": [1, 1, 2, 2],
                "texture": "#1"
            }
        }
    }, {
        "name": "Element",
        "from": [0.39923, 10.35874, 3.70793],
        "to": [15.56785, 11.92034, 4.81808],
        "rotation": {
            "angle": 0,
            "axis": "z",
            "origin": [5.6543, 13.16421, 7.99989]
        },
        "faces": {
            "north": {
                "uv": [1, 1, 2, 2],
                "texture": "#1"
            },
            "east": {
                "uv": [1, 1, 2, 2],
                "texture": "#1"
            },
            "south": {
                "uv": [1, 1, 2, 2],
                "texture": "#1"
            },
            "west": {
                "uv": [1, 1, 2, 2],
                "texture": "#1"
            },
            "up": {
                "uv": [1, 1, 2, 2],
                "texture": "#1"
            },
            "down": {
                "uv": [1, 1, 2, 2],
                "texture": "#1"
            }
        }
    }, {
        "name": "Element",
        "from": [8.9848, 8.89996, 3.70793],
        "to": [12.08987, 14.42749, 4.81808],
        "rotation": {
            "angle": 22.5,
            "axis": "z",
            "origin": [5.6543, 13.16421, 7.99989]
        },
        "faces": {
            "north": {
                "uv": [1, 1, 2, 2],
                "texture": "#1"
            },
            "east": {
                "uv": [1, 1, 2, 2],
                "texture": "#1"
            },
            "south": {
                "uv": [1, 1, 2, 2],
                "texture": "#1"
            },
            "west": {
                "uv": [1, 1, 2, 2],
                "texture": "#1"
            },
            "up": {
                "uv": [1, 1, 2, 2],
                "texture": "#1"
            },
            "down": {
                "uv": [1, 1, 2, 2],
                "texture": "#1"
            }
        }
    }, {
        "name": "Element",
        "from": [2.47608, 10.49407, 3.70793],
        "to": [13.52861, 14.34914, 4.81808],
        "rotation": {
            "angle": 0,
            "axis": "z",
            "origin": [5.6543, 13.16421, 7.99989]
        },
        "faces": {
            "north": {
                "uv": [1, 1, 2, 2],
                "texture": "#1"
            },
            "east": {
                "uv": [1, 1, 2, 2],
                "texture": "#1"
            },
            "south": {
                "uv": [1, 1, 2, 2],
                "texture": "#1"
            },
            "west": {
                "uv": [1, 1, 2, 2],
                "texture": "#1"
            },
            "up": {
                "uv": [1, 1, 2, 2],
                "texture": "#1"
            },
            "down": {
                "uv": [1, 1, 2, 2],
                "texture": "#1"
            }
        }
    }, {
        "name": "Element",
        "from": [6.71958, 13.82315, 3.70793],
        "to": [9.35508, 15.62569, 4.81808],
        "rotation": {
            "angle": 0,
            "axis": "z",
            "origin": [5.6543, 13.16421, 7.99989]
        },
        "faces": {
            "north": {
                "uv": [1, 1, 2, 2],
                "texture": "#1"
            },
            "east": {
                "uv": [1, 1, 2, 2],
                "texture": "#1"
            },
            "south": {
                "uv": [1, 1, 2, 2],
                "texture": "#1"
            },
            "west": {
                "uv": [1, 1, 2, 2],
                "texture": "#1"
            },
            "up": {
                "uv": [1, 1, 2, 2],
                "texture": "#1"
            },
            "down": {
                "uv": [1, 1, 2, 2],
                "texture": "#1"
            }
        }
    }, {
        "name": "Element",
        "from": [1.78274, 16.20534, 3.98547],
        "to": [7.8186, 17.21295, 4.54054],
        "rotation": {
            "angle": 45,
            "axis": "z",
            "origin": [5.6543, 13.16421, 7.99989]
        },
        "faces": {
            "north": {
                "uv": [4, 1, 5, 2],
                "texture": "#1"
            },
            "east": {
                "uv": [4, 1, 5, 2],
                "texture": "#1"
            },
            "south": {
                "uv": [4, 1, 5, 2],
                "texture": "#1"
            },
            "west": {
                "uv": [4, 1, 5, 2],
                "texture": "#1"
            },
            "up": {
                "uv": [4, 1, 5, 2],
                "texture": "#1"
            },
            "down": {
                "uv": [4, 1, 5, 2],
                "texture": "#1"
            }
        }
    }, {
        "name": "Element",
        "from": [0.43217, 8.52588, 3.98547],
        "to": [1.43978, 11.13674, 4.54054],
        "rotation": {
            "angle": -22.5,
            "axis": "z",
            "origin": [5.6543, 13.16421, 7.99989]
        },
        "faces": {
            "north": {
                "uv": [4, 1, 5, 2],
                "texture": "#1"
            },
            "east": {
                "uv": [4, 1, 5, 2],
                "texture": "#1"
            },
            "south": {
                "uv": [4, 1, 5, 2],
                "texture": "#1"
            },
            "west": {
                "uv": [4, 1, 5, 2],
                "texture": "#1"
            },
            "up": {
                "uv": [4, 1, 5, 2],
                "texture": "#1"
            },
            "down": {
                "uv": [4, 1, 5, 2],
                "texture": "#1"
            }
        }
    }, {
        "name": "Element",
        "from": [6.80731, 19.52266, 3.98547],
        "to": [12.84318, 20.53027, 4.54054],
        "rotation": {
            "angle": -45,
            "axis": "z",
            "origin": [5.6543, 13.16421, 7.99989]
        },
        "faces": {
            "north": {
                "uv": [4, 1, 5, 2],
                "texture": "#1"
            },
            "east": {
                "uv": [4, 1, 5, 2],
                "texture": "#1"
            },
            "south": {
                "uv": [4, 1, 5, 2],
                "texture": "#1"
            },
            "west": {
                "uv": [4, 1, 5, 2],
                "texture": "#1"
            },
            "up": {
                "uv": [4, 1, 5, 2],
                "texture": "#1"
            },
            "down": {
                "uv": [4, 1, 5, 2],
                "texture": "#1"
            }
        }
    }, {
        "name": "Element",
        "from": [14.20311, 6.73055, 3.98547],
        "to": [15.21072, 9.34142, 4.54054],
        "rotation": {
            "angle": 22.5,
            "axis": "z",
            "origin": [5.6543, 13.16421, 7.99989]
        },
        "faces": {
            "north": {
                "uv": [4, 1, 5, 2],
                "texture": "#1"
            },
            "east": {
                "uv": [4, 1, 5, 2],
                "texture": "#1"
            },
            "south": {
                "uv": [4, 1, 5, 2],
                "texture": "#1"
            },
            "west": {
                "uv": [4, 1, 5, 2],
                "texture": "#1"
            },
            "up": {
                "uv": [4, 1, 5, 2],
                "texture": "#1"
            },
            "down": {
                "uv": [4, 1, 5, 2],
                "texture": "#1"
            }
        }
    }, {
        "name": "Element",
        "from": [-0.19917, 10.28312, 3.70793],
        "to": [16.19917, 10.55266, 12.2655],
        "rotation": {
            "angle": 0,
            "axis": "z",
            "origin": [5.6543, 13.16421, 7.99989]
        },
        "faces": {
            "north": {
                "uv": [1, 1, 2, 2],
                "texture": "#1"
            },
            "east": {
                "uv": [1, 1, 2, 2],
                "texture": "#1"
            },
            "south": {
                "uv": [1, 1, 2, 2],
                "texture": "#1"
            },
            "west": {
                "uv": [1, 1, 2, 2],
                "texture": "#1"
            },
            "up": {
                "uv": [1, 1, 2, 2],
                "texture": "#1"
            },
            "down": {
                "uv": [1, 1, 2, 2],
                "texture": "#1"
            }
        }
    }, {
        "name": "Element",
        "from": [4.53097, 10.20264, 4.81808],
        "to": [11.19183, 16.8635, 11.47894],
        "rotation": {
            "angle": 0,
            "axis": "z",
            "origin": [5.6543, 13.16421, 7.99989]
        },
        "faces": {
            "north": {
                "uv": [7, 1, 8, 2],
                "texture": "#1"
            },
            "east": {
                "uv": [7, 1, 8, 2],
                "texture": "#1"
            },
            "south": {
                "uv": [7, 1, 8, 2],
                "texture": "#1"
            },
            "west": {
                "uv": [7, 1, 8, 2],
                "texture": "#1"
            },
            "up": {
                "uv": [7, 1, 8, 2],
                "texture": "#1"
            },
            "down": {
                "uv": [7, 1, 8, 2],
                "texture": "#1"
            }
        }
    }, {
        "name": "Element",
        "from": [10.14195, 7.35068, 4.81808],
        "to": [10.41949, 10.12604, 11.47894],
        "rotation": {
            "angle": 45,
            "axis": "z",
            "origin": [5.6543, 13.16421, 7.99989]
        },
        "faces": {
            "north": {
                "uv": [4, 4, 5, 5],
                "texture": "#1"
            },
            "east": {
                "uv": [4, 4, 5, 5],
                "texture": "#1"
            },
            "south": {
                "uv": [4, 4, 5, 5],
                "texture": "#1"
            },
            "west": {
                "uv": [4, 4, 5, 5],
                "texture": "#1"
            },
            "up": {
                "uv": [4, 4, 5, 5],
                "texture": "#1"
            },
            "down": {
                "uv": [4, 4, 5, 5],
                "texture": "#1"
            }
        }
    }, {
        "name": "Element",
        "from": [4.01042, 10.472, 4.81808],
        "to": [4.28796, 13.24736, 11.47894],
        "rotation": {
            "angle": -45,
            "axis": "z",
            "origin": [5.6543, 13.16421, 7.99989]
        },
        "faces": {
            "north": {
                "uv": [4, 4, 5, 5],
                "texture": "#1"
            },
            "east": {
                "uv": [4, 4, 5, 5],
                "texture": "#1"
            },
            "south": {
                "uv": [4, 4, 5, 5],
                "texture": "#1"
            },
            "west": {
                "uv": [4, 4, 5, 5],
                "texture": "#1"
            },
            "up": {
                "uv": [4, 4, 5, 5],
                "texture": "#1"
            },
            "down": {
                "uv": [4, 4, 5, 5],
                "texture": "#1"
            }
        }
    }, {
        "name": "Element",
        "from": [5.61232, 10.70046, 3.70516],
        "to": [10.38768, 15.47582, 3.70571],
        "rotation": {
            "angle": 0,
            "axis": "z",
            "origin": [5.6543, 13.16421, 7.99989]
        },
        "faces": {
            "north": {
                "uv": [0, 0, 16, 16],
                "texture": "#2"
            }
        }
    }, {
        "name": "Element",
        "from": [14.20311, 6.73055, 11.43289],
        "to": [15.21072, 9.34142, 11.98797],
        "rotation": {
            "angle": 22.5,
            "axis": "z",
            "origin": [5.6543, 13.16421, 7.99989]
        },
        "faces": {
            "north": {
                "uv": [4, 1, 5, 2],
                "texture": "#1"
            },
            "east": {
                "uv": [4, 1, 5, 2],
                "texture": "#1"
            },
            "south": {
                "uv": [4, 1, 5, 2],
                "texture": "#1"
            },
            "west": {
                "uv": [4, 1, 5, 2],
                "texture": "#1"
            },
            "up": {
                "uv": [4, 1, 5, 2],
                "texture": "#1"
            },
            "down": {
                "uv": [4, 1, 5, 2],
                "texture": "#1"
            }
        }
    }, {
        "name": "Element",
        "from": [6.80731, 19.52266, 11.43289],
        "to": [12.84318, 20.53027, 11.98797],
        "rotation": {
            "angle": -45,
            "axis": "z",
            "origin": [5.6543, 13.16421, 7.99989]
        },
        "faces": {
            "north": {
                "uv": [4, 1, 5, 2],
                "texture": "#1"
            },
            "east": {
                "uv": [4, 1, 5, 2],
                "texture": "#1"
            },
            "south": {
                "uv": [4, 1, 5, 2],
                "texture": "#1"
            },
            "west": {
                "uv": [4, 1, 5, 2],
                "texture": "#1"
            },
            "up": {
                "uv": [4, 1, 5, 2],
                "texture": "#1"
            },
            "down": {
                "uv": [4, 1, 5, 2],
                "texture": "#1"
            }
        }
    }, {
        "name": "Element",
        "from": [7.04076, 16.51044, 11.43289],
        "to": [9.53858, 19.52817, 11.98797],
        "rotation": {
            "angle": -22.5,
            "axis": "z",
            "origin": [5.6543, 13.16421, 7.99989]
        },
        "faces": {
            "north": {
                "uv": [4, 1, 5, 2],
                "texture": "#1"
            },
            "east": {
                "uv": [4, 1, 5, 2],
                "texture": "#1"
            },
            "south": {
                "uv": [4, 1, 5, 2],
                "texture": "#1"
            },
            "west": {
                "uv": [4, 1, 5, 2],
                "texture": "#1"
            },
            "up": {
                "uv": [4, 1, 5, 2],
                "texture": "#1"
            },
            "down": {
                "uv": [4, 1, 5, 2],
                "texture": "#1"
            }
        }
    }, {
        "name": "Element",
        "from": [7.62827, 15.47668, 11.43289],
        "to": [8.67762, 16.67922, 11.98797],
        "rotation": {
            "angle": 0,
            "axis": "z",
            "origin": [5.6543, 13.16421, 7.99989]
        },
        "faces": {
            "north": {
                "uv": [4, 1, 5, 2],
                "texture": "#1"
            },
            "east": {
                "uv": [4, 1, 5, 2],
                "texture": "#1"
            },
            "south": {
                "uv": [4, 1, 5, 2],
                "texture": "#1"
            },
            "west": {
                "uv": [4, 1, 5, 2],
                "texture": "#1"
            },
            "up": {
                "uv": [4, 1, 5, 2],
                "texture": "#1"
            },
            "down": {
                "uv": [4, 1, 5, 2],
                "texture": "#1"
            }
        }
    }, {
        "name": "Element",
        "from": [9.40455, 14.46461, 11.43289],
        "to": [9.95962, 15.39214, 11.98797],
        "rotation": {
            "angle": 22.5,
            "axis": "z",
            "origin": [5.6543, 13.16421, 7.99989]
        },
        "faces": {
            "north": {
                "uv": [4, 1, 5, 2],
                "texture": "#1"
            },
            "east": {
                "uv": [4, 1, 5, 2],
                "texture": "#1"
            },
            "south": {
                "uv": [4, 1, 5, 2],
                "texture": "#1"
            },
            "west": {
                "uv": [4, 1, 5, 2],
                "texture": "#1"
            },
            "up": {
                "uv": [4, 1, 5, 2],
                "texture": "#1"
            },
            "down": {
                "uv": [4, 1, 5, 2],
                "texture": "#1"
            }
        }
    }, {
        "name": "Element",
        "from": [5.68358, 16.06006, 11.43289],
        "to": [6.78866, 17.1876, 11.98797],
        "rotation": {
            "angle": -22.5,
            "axis": "z",
            "origin": [5.6543, 13.16421, 7.99989]
        },
        "faces": {
            "north": {
                "uv": [4, 1, 5, 2],
                "texture": "#1"
            },
            "east": {
                "uv": [4, 1, 5, 2],
                "texture": "#1"
            },
            "south": {
                "uv": [4, 1, 5, 2],
                "texture": "#1"
            },
            "west": {
                "uv": [4, 1, 5, 2],
                "texture": "#1"
            },
            "up": {
                "uv": [4, 1, 5, 2],
                "texture": "#1"
            },
            "down": {
                "uv": [4, 1, 5, 2],
                "texture": "#1"
            }
        }
    }, {
        "name": "Element",
        "from": [6.10462, 14.76495, 11.43289],
        "to": [8.60246, 17.73272, 11.98797],
        "rotation": {
            "angle": 22.5,
            "axis": "z",
            "origin": [5.6543, 13.16421, 7.99989]
        },
        "faces": {
            "north": {
                "uv": [4, 1, 5, 2],
                "texture": "#1"
            },
            "east": {
                "uv": [4, 1, 5, 2],
                "texture": "#1"
            },
            "south": {
                "uv": [4, 1, 5, 2],
                "texture": "#1"
            },
            "west": {
                "uv": [4, 1, 5, 2],
                "texture": "#1"
            },
            "up": {
                "uv": [4, 1, 5, 2],
                "texture": "#1"
            },
            "down": {
                "uv": [4, 1, 5, 2],
                "texture": "#1"
            }
        }
    }, {
        "name": "Element",
        "from": [1.78274, 16.20534, 11.43289],
        "to": [7.8186, 17.21295, 11.98797],
        "rotation": {
            "angle": 45,
            "axis": "z",
            "origin": [5.6543, 13.16421, 7.99989]
        },
        "faces": {
            "north": {
                "uv": [4, 1, 5, 2],
                "texture": "#1"
            },
            "east": {
                "uv": [4, 1, 5, 2],
                "texture": "#1"
            },
            "south": {
                "uv": [4, 1, 5, 2],
                "texture": "#1"
            },
            "west": {
                "uv": [4, 1, 5, 2],
                "texture": "#1"
            },
            "up": {
                "uv": [4, 1, 5, 2],
                "texture": "#1"
            },
            "down": {
                "uv": [4, 1, 5, 2],
                "texture": "#1"
            }
        }
    }, {
        "name": "Element",
        "from": [0.43217, 8.52588, 11.43289],
        "to": [1.43978, 11.13674, 11.98797],
        "rotation": {
            "angle": -22.5,
            "axis": "z",
            "origin": [5.6543, 13.16421, 7.99989]
        },
        "faces": {
            "north": {
                "uv": [4, 1, 5, 2],
                "texture": "#1"
            },
            "east": {
                "uv": [4, 1, 5, 2],
                "texture": "#1"
            },
            "south": {
                "uv": [4, 1, 5, 2],
                "texture": "#1"
            },
            "west": {
                "uv": [4, 1, 5, 2],
                "texture": "#1"
            },
            "up": {
                "uv": [4, 1, 5, 2],
                "texture": "#1"
            },
            "down": {
                "uv": [4, 1, 5, 2],
                "texture": "#1"
            }
        }
    }, {
        "name": "Element",
        "from": [1.2458, 8.51143, 11.15536],
        "to": [1.81442, 10.74803, 12.2655],
        "rotation": {
            "angle": -22.5,
            "axis": "z",
            "origin": [5.6543, 13.16421, 7.99989]
        },
        "faces": {
            "north": {
                "uv": [1, 1, 2, 2],
                "texture": "#1"
            },
            "east": {
                "uv": [1, 1, 2, 2],
                "texture": "#1"
            },
            "south": {
                "uv": [1, 1, 2, 2],
                "texture": "#1"
            },
            "west": {
                "uv": [1, 1, 2, 2],
                "texture": "#1"
            },
            "up": {
                "uv": [1, 1, 2, 2],
                "texture": "#1"
            },
            "down": {
                "uv": [1, 1, 2, 2],
                "texture": "#1"
            }
        }
    }, {
        "name": "Element",
        "from": [0.39923, 10.35874, 11.15536],
        "to": [15.56785, 11.92034, 12.2655],
        "rotation": {
            "angle": 0,
            "axis": "z",
            "origin": [5.6543, 13.16421, 7.99989]
        },
        "faces": {
            "north": {
                "uv": [1, 1, 2, 2],
                "texture": "#1"
            },
            "east": {
                "uv": [1, 1, 2, 2],
                "texture": "#1"
            },
            "south": {
                "uv": [1, 1, 2, 2],
                "texture": "#1"
            },
            "west": {
                "uv": [1, 1, 2, 2],
                "texture": "#1"
            },
            "up": {
                "uv": [1, 1, 2, 2],
                "texture": "#1"
            },
            "down": {
                "uv": [1, 1, 2, 2],
                "texture": "#1"
            }
        }
    }, {
        "name": "Element",
        "from": [0.82316, 11.71773, 11.15536],
        "to": [15.23476, 12.28635, 12.2655],
        "rotation": {
            "angle": 0,
            "axis": "z",
            "origin": [5.6543, 13.16421, 7.99989]
        },
        "faces": {
            "north": {
                "uv": [1, 1, 2, 2],
                "texture": "#1"
            },
            "east": {
                "uv": [1, 1, 2, 2],
                "texture": "#1"
            },
            "south": {
                "uv": [1, 1, 2, 2],
                "texture": "#1"
            },
            "west": {
                "uv": [1, 1, 2, 2],
                "texture": "#1"
            },
            "up": {
                "uv": [1, 1, 2, 2],
                "texture": "#1"
            },
            "down": {
                "uv": [1, 1, 2, 2],
                "texture": "#1"
            }
        }
    }, {
        "name": "Element",
        "from": [1.73498, 13.81468, 11.15536],
        "to": [8.67338, 16.3125, 12.2655],
        "rotation": {
            "angle": 45,
            "axis": "z",
            "origin": [5.6543, 13.16421, 7.99989]
        },
        "faces": {
            "north": {
                "uv": [1, 1, 2, 2],
                "texture": "#1"
            },
            "east": {
                "uv": [1, 1, 2, 2],
                "texture": "#1"
            },
            "south": {
                "uv": [1, 1, 2, 2],
                "texture": "#1"
            },
            "west": {
                "uv": [1, 1, 2, 2],
                "texture": "#1"
            },
            "up": {
                "uv": [1, 1, 2, 2],
                "texture": "#1"
            },
            "down": {
                "uv": [1, 1, 2, 2],
                "texture": "#1"
            }
        }
    }, {
        "name": "Element",
        "from": [8.9848, 8.89996, 11.15536],
        "to": [12.08987, 14.42749, 12.2655],
        "rotation": {
            "angle": 22.5,
            "axis": "z",
            "origin": [5.6543, 13.16421, 7.99989]
        },
        "faces": {
            "north": {
                "uv": [1, 1, 2, 2],
                "texture": "#1"
            },
            "east": {
                "uv": [1, 1, 2, 2],
                "texture": "#1"
            },
            "south": {
                "uv": [1, 1, 2, 2],
                "texture": "#1"
            },
            "west": {
                "uv": [1, 1, 2, 2],
                "texture": "#1"
            },
            "up": {
                "uv": [1, 1, 2, 2],
                "texture": "#1"
            },
            "down": {
                "uv": [1, 1, 2, 2],
                "texture": "#1"
            }
        }
    }, {
        "name": "Element",
        "from": [5.61232, 10.70046, 12.26772],
        "to": [10.38768, 15.47582, 12.26828],
        "rotation": {
            "angle": 0,
            "axis": "z",
            "origin": [5.6543, 13.16421, 7.99989]
        },
        "faces": {
            "south": {
                "uv": [0, 0, 16, 16],
                "texture": "#2"
            }
        }
    }, {
        "name": "Element",
        "from": [6.71958, 13.82315, 11.15536],
        "to": [9.35508, 15.62569, 12.2655],
        "rotation": {
            "angle": 0,
            "axis": "z",
            "origin": [5.6543, 13.16421, 7.99989]
        },
        "faces": {
            "north": {
                "uv": [1, 1, 2, 2],
                "texture": "#1"
            },
            "east": {
                "uv": [1, 1, 2, 2],
                "texture": "#1"
            },
            "south": {
                "uv": [1, 1, 2, 2],
                "texture": "#1"
            },
            "west": {
                "uv": [1, 1, 2, 2],
                "texture": "#1"
            },
            "up": {
                "uv": [1, 1, 2, 2],
                "texture": "#1"
            },
            "down": {
                "uv": [1, 1, 2, 2],
                "texture": "#1"
            }
        }
    }, {
        "name": "Element",
        "from": [13.75347, 6.71611, 11.15536],
        "to": [14.39709, 8.95271, 12.2655],
        "rotation": {
            "angle": 22.5,
            "axis": "z",
            "origin": [5.6543, 13.16421, 7.99989]
        },
        "faces": {
            "north": {
                "uv": [1, 1, 2, 2],
                "texture": "#1"
            },
            "east": {
                "uv": [1, 1, 2, 2],
                "texture": "#1"
            },
            "south": {
                "uv": [1, 1, 2, 2],
                "texture": "#1"
            },
            "west": {
                "uv": [1, 1, 2, 2],
                "texture": "#1"
            },
            "up": {
                "uv": [1, 1, 2, 2],
                "texture": "#1"
            },
            "down": {
                "uv": [1, 1, 2, 2],
                "texture": "#1"
            }
        }
    }, {
        "name": "Element",
        "from": [5.95254, 17.132, 11.15536],
        "to": [12.89094, 19.62983, 12.2655],
        "rotation": {
            "angle": -45,
            "axis": "z",
            "origin": [5.6543, 13.16421, 7.99989]
        },
        "faces": {
            "north": {
                "uv": [1, 1, 2, 2],
                "texture": "#1"
            },
            "east": {
                "uv": [1, 1, 2, 2],
                "texture": "#1"
            },
            "south": {
                "uv": [1, 1, 2, 2],
                "texture": "#1"
            },
            "west": {
                "uv": [1, 1, 2, 2],
                "texture": "#1"
            },
            "up": {
                "uv": [1, 1, 2, 2],
                "texture": "#1"
            },
            "down": {
                "uv": [1, 1, 2, 2],
                "texture": "#1"
            }
        }
    }, {
        "name": "Element",
        "from": [3.75302, 10.94528, 11.15536],
        "to": [6.65809, 16.22282, 12.2655],
        "rotation": {
            "angle": -22.5,
            "axis": "z",
            "origin": [5.6543, 13.16421, 7.99989]
        },
        "faces": {
            "north": {
                "uv": [1, 1, 2, 2],
                "texture": "#1"
            },
            "east": {
                "uv": [1, 1, 2, 2],
                "texture": "#1"
            },
            "south": {
                "uv": [1, 1, 2, 2],
                "texture": "#1"
            },
            "west": {
                "uv": [1, 1, 2, 2],
                "texture": "#1"
            },
            "up": {
                "uv": [1, 1, 2, 2],
                "texture": "#1"
            },
            "down": {
                "uv": [1, 1, 2, 2],
                "texture": "#1"
            }
        }
    }, {
        "name": "Element",
        "from": [2.47608, 10.49407, 11.15536],
        "to": [13.52861, 14.34914, 12.2655],
        "rotation": {
            "angle": 0,
            "axis": "z",
            "origin": [5.6543, 13.16421, 7.99989]
        },
        "faces": {
            "north": {
                "uv": [1, 1, 2, 2],
                "texture": "#1"
            },
            "east": {
                "uv": [1, 1, 2, 2],
                "texture": "#1"
            },
            "south": {
                "uv": [1, 1, 2, 2],
                "texture": "#1"
            },
            "west": {
                "uv": [1, 1, 2, 2],
                "texture": "#1"
            },
            "up": {
                "uv": [1, 1, 2, 2],
                "texture": "#1"
            },
            "down": {
                "uv": [1, 1, 2, 2],
                "texture": "#1"
            }
        }
    }, {
        "name": "hexadecagon",
        "from": [3.69223, 9.91266, 3.51172],
        "to": [4.02414, 10.16266, 3.91172],
        "rotation": {
            "angle": -45,
            "axis": "z",
            "origin": [5.6543, 13.16421, 7.99989]
        },
        "faces": {
            "north": {
                "uv": [4, 1, 5, 2],
                "texture": "#1"
            },
            "east": {
                "uv": [4, 1, 5, 2],
                "texture": "#1"
            },
            "south": {
                "uv": [4, 1, 5, 2],
                "texture": "#1"
            },
            "west": {
                "uv": [4, 1, 5, 2],
                "texture": "#1"
            },
            "up": {
                "uv": [4, 1, 5, 2],
                "texture": "#1"
            },
            "down": {
                "uv": [4, 1, 5, 2],
                "texture": "#1"
            }
        }
    }, {
        "name": "hexadecagon",
        "from": [2.90391, 10.78401, 3.51172],
        "to": [3.23582, 11.03401, 3.91172],
        "rotation": {
            "angle": -22.5,
            "axis": "z",
            "origin": [5.6543, 13.16421, 7.99989]
        },
        "faces": {
            "north": {
                "uv": [4, 1, 5, 2],
                "texture": "#1"
            },
            "east": {
                "uv": [4, 1, 5, 2],
                "texture": "#1"
            },
            "south": {
                "uv": [4, 1, 5, 2],
                "texture": "#1"
            },
            "west": {
                "uv": [4, 1, 5, 2],
                "texture": "#1"
            },
            "up": {
                "uv": [4, 1, 5, 2],
                "texture": "#1"
            },
            "down": {
                "uv": [4, 1, 5, 2],
                "texture": "#1"
            }
        }
    }, {
        "name": "hexadecagon",
        "from": [2.50905, 11.8907, 3.51172],
        "to": [2.84095, 12.1407, 3.91172],
        "rotation": {
            "angle": 0,
            "axis": "z",
            "origin": [5.6543, 13.16421, 7.99989]
        },
        "faces": {
            "north": {
                "uv": [4, 1, 5, 2],
                "texture": "#1"
            },
            "east": {
                "uv": [4, 1, 5, 2],
                "texture": "#1"
            },
            "south": {
                "uv": [4, 1, 5, 2],
                "texture": "#1"
            },
            "west": {
                "uv": [4, 1, 5, 2],
                "texture": "#1"
            },
            "up": {
                "uv": [4, 1, 5, 2],
                "texture": "#1"
            },
            "down": {
                "uv": [4, 1, 5, 2],
                "texture": "#1"
            }
        }
    }, {
        "name": "hexadecagon",
        "from": [2.50905, 15.78961, 4.26017],
        "to": [2.84095, 16.03961, 5.31017],
        "rotation": {
            "angle": -45,
            "axis": "x",
            "origin": [5.6543, 13.16421, 7.99989]
        },
        "faces": {
            "north": {
                "uv": [9, 1, 10, 2],
                "texture": "#1"
            },
            "east": {
                "uv": [9, 1, 10, 2],
                "texture": "#1"
            },
            "south": {
                "uv": [9, 1, 10, 2],
                "texture": "#1"
            },
            "west": {
                "uv": [9, 1, 10, 2],
                "texture": "#1"
            },
            "up": {
                "uv": [9, 1, 10, 2],
                "texture": "#1"
            },
            "down": {
                "uv": [9, 1, 10, 2],
                "texture": "#1"
            }
        }
    }, {
        "name": "hexadecagon",
        "from": [2.50905, 9.75953, 3.91223],
        "to": [2.84095, 10.80953, 4.16223],
        "rotation": {
            "angle": 22.5,
            "axis": "x",
            "origin": [5.6543, 13.16421, 7.99989]
        },
        "faces": {
            "north": {
                "uv": [9, 1, 10, 2],
                "texture": "#1"
            },
            "east": {
                "uv": [9, 1, 10, 2],
                "texture": "#1"
            },
            "south": {
                "uv": [9, 1, 10, 2],
                "texture": "#1"
            },
            "west": {
                "uv": [9, 1, 10, 2],
                "texture": "#1"
            },
            "up": {
                "uv": [9, 1, 10, 2],
                "texture": "#1"
            },
            "down": {
                "uv": [9, 1, 10, 2],
                "texture": "#1"
            }
        }
    }, {
        "name": "hexadecagon",
        "from": [2.50905, 9.53297, 2.92047],
        "to": [2.84095, 11.58297, 3.17047],
        "rotation": {
            "angle": 0,
            "axis": "x",
            "origin": [5.6543, 13.16421, 7.99989]
        },
        "faces": {
            "north": {
                "uv": [9, 1, 10, 2],
                "texture": "#1"
            },
            "east": {
                "uv": [9, 1, 10, 2],
                "texture": "#1"
            },
            "south": {
                "uv": [9, 1, 10, 2],
                "texture": "#1"
            },
            "west": {
                "uv": [9, 1, 10, 2],
                "texture": "#1"
            },
            "up": {
                "uv": [9, 1, 10, 2],
                "texture": "#1"
            },
            "down": {
                "uv": [9, 1, 10, 2],
                "texture": "#1"
            }
        }
    }, {
        "name": "hexadecagon",
        "from": [2.56775, 13.06426, 3.51172],
        "to": [2.89966, 13.31426, 3.91172],
        "rotation": {
            "angle": 22.5,
            "axis": "z",
            "origin": [5.6543, 13.16421, 7.99989]
        },
        "faces": {
            "north": {
                "uv": [4, 1, 5, 2],
                "texture": "#1"
            },
            "east": {
                "uv": [4, 1, 5, 2],
                "texture": "#1"
            },
            "south": {
                "uv": [4, 1, 5, 2],
                "texture": "#1"
            },
            "west": {
                "uv": [4, 1, 5, 2],
                "texture": "#1"
            },
            "up": {
                "uv": [4, 1, 5, 2],
                "texture": "#1"
            },
            "down": {
                "uv": [4, 1, 5, 2],
                "texture": "#1"
            }
        }
    }, {
        "name": "hexadecagon",
        "from": [3.07109, 14.12602, 3.51172],
        "to": [3.403, 14.37602, 3.91172],
        "rotation": {
            "angle": 45,
            "axis": "z",
            "origin": [5.6543, 13.16421, 7.99989]
        },
        "faces": {
            "north": {
                "uv": [4, 1, 5, 2],
                "texture": "#1"
            },
            "east": {
                "uv": [4, 1, 5, 2],
                "texture": "#1"
            },
            "south": {
                "uv": [4, 1, 5, 2],
                "texture": "#1"
            },
            "west": {
                "uv": [4, 1, 5, 2],
                "texture": "#1"
            },
            "up": {
                "uv": [4, 1, 5, 2],
                "texture": "#1"
            },
            "down": {
                "uv": [4, 1, 5, 2],
                "texture": "#1"
            }
        }
    }, {
        "name": "hexadecagon",
        "from": [3.69223, 11.33126, 3.51172],
        "to": [4.02414, 11.58126, 3.91172],
        "rotation": {
            "angle": -45,
            "axis": "z",
            "origin": [5.6543, 13.16421, 7.99989]
        },
        "faces": {
            "north": {
                "uv": [4, 1, 5, 2],
                "texture": "#1"
            },
            "east": {
                "uv": [4, 1, 5, 2],
                "texture": "#1"
            },
            "south": {
                "uv": [4, 1, 5, 2],
                "texture": "#1"
            },
            "west": {
                "uv": [4, 1, 5, 2],
                "texture": "#1"
            },
            "up": {
                "uv": [4, 1, 5, 2],
                "texture": "#1"
            },
            "down": {
                "uv": [4, 1, 5, 2],
                "texture": "#1"
            }
        }
    }, {
        "name": "hexadecagon",
        "from": [2.90391, 12.20261, 3.51172],
        "to": [3.23582, 12.45261, 3.91172],
        "rotation": {
            "angle": -22.5,
            "axis": "z",
            "origin": [5.6543, 13.16421, 7.99989]
        },
        "faces": {
            "north": {
                "uv": [4, 1, 5, 2],
                "texture": "#1"
            },
            "east": {
                "uv": [4, 1, 5, 2],
                "texture": "#1"
            },
            "south": {
                "uv": [4, 1, 5, 2],
                "texture": "#1"
            },
            "west": {
                "uv": [4, 1, 5, 2],
                "texture": "#1"
            },
            "up": {
                "uv": [4, 1, 5, 2],
                "texture": "#1"
            },
            "down": {
                "uv": [4, 1, 5, 2],
                "texture": "#1"
            }
        }
    }, {
        "name": "hexadecagon",
        "from": [2.50905, 13.3093, 3.51172],
        "to": [2.84095, 13.5593, 3.91172],
        "rotation": {
            "angle": 0,
            "axis": "z",
            "origin": [5.6543, 13.16421, 7.99989]
        },
        "faces": {
            "north": {
                "uv": [4, 1, 5, 2],
                "texture": "#1"
            },
            "east": {
                "uv": [4, 1, 5, 2],
                "texture": "#1"
            },
            "south": {
                "uv": [4, 1, 5, 2],
                "texture": "#1"
            },
            "west": {
                "uv": [4, 1, 5, 2],
                "texture": "#1"
            },
            "up": {
                "uv": [4, 1, 5, 2],
                "texture": "#1"
            },
            "down": {
                "uv": [4, 1, 5, 2],
                "texture": "#1"
            }
        }
    }, {
        "name": "hexadecagon",
        "from": [2.56775, 14.48286, 3.51172],
        "to": [2.89966, 14.73286, 3.91172],
        "rotation": {
            "angle": 22.5,
            "axis": "z",
            "origin": [5.6543, 13.16421, 7.99989]
        },
        "faces": {
            "north": {
                "uv": [4, 1, 5, 2],
                "texture": "#1"
            },
            "east": {
                "uv": [4, 1, 5, 2],
                "texture": "#1"
            },
            "south": {
                "uv": [4, 1, 5, 2],
                "texture": "#1"
            },
            "west": {
                "uv": [4, 1, 5, 2],
                "texture": "#1"
            },
            "up": {
                "uv": [4, 1, 5, 2],
                "texture": "#1"
            },
            "down": {
                "uv": [4, 1, 5, 2],
                "texture": "#1"
            }
        }
    }, {
        "name": "hexadecagon",
        "from": [3.07109, 15.54462, 3.51172],
        "to": [3.403, 15.79462, 3.91172],
        "rotation": {
            "angle": 45,
            "axis": "z",
            "origin": [5.6543, 13.16421, 7.99989]
        },
        "faces": {
            "north": {
                "uv": [4, 1, 5, 2],
                "texture": "#1"
            },
            "east": {
                "uv": [4, 1, 5, 2],
                "texture": "#1"
            },
            "south": {
                "uv": [4, 1, 5, 2],
                "texture": "#1"
            },
            "west": {
                "uv": [4, 1, 5, 2],
                "texture": "#1"
            },
            "up": {
                "uv": [4, 1, 5, 2],
                "texture": "#1"
            },
            "down": {
                "uv": [4, 1, 5, 2],
                "texture": "#1"
            }
        }
    }, {
        "name": "hexadecagon",
        "from": [2.23556, 11.45235, 3.51172],
        "to": [2.48556, 11.78426, 3.91172],
        "rotation": {
            "angle": -22.5,
            "axis": "z",
            "origin": [5.6543, 13.16421, 7.99989]
        },
        "faces": {
            "north": {
                "uv": [4, 1, 5, 2],
                "texture": "#1"
            },
            "east": {
                "uv": [4, 1, 5, 2],
                "texture": "#1"
            },
            "south": {
                "uv": [4, 1, 5, 2],
                "texture": "#1"
            },
            "west": {
                "uv": [4, 1, 5, 2],
                "texture": "#1"
            },
            "up": {
                "uv": [4, 1, 5, 2],
                "texture": "#1"
            },
            "down": {
                "uv": [4, 1, 5, 2],
                "texture": "#1"
            }
        }
    }, {
        "name": "hexadecagon",
        "from": [1.8407, 12.55905, 3.51172],
        "to": [2.0907, 12.89095, 3.91172],
        "rotation": {
            "angle": 0,
            "axis": "z",
            "origin": [5.6543, 13.16421, 7.99989]
        },
        "faces": {
            "north": {
                "uv": [4, 1, 5, 2],
                "texture": "#1"
            },
            "east": {
                "uv": [4, 1, 5, 2],
                "texture": "#1"
            },
            "south": {
                "uv": [4, 1, 5, 2],
                "texture": "#1"
            },
            "west": {
                "uv": [4, 1, 5, 2],
                "texture": "#1"
            },
            "up": {
                "uv": [4, 1, 5, 2],
                "texture": "#1"
            },
            "down": {
                "uv": [4, 1, 5, 2],
                "texture": "#1"
            }
        }
    }, {
        "name": "hexadecagon",
        "from": [1.89941, 13.73261, 3.51172],
        "to": [2.14941, 14.06451, 3.91172],
        "rotation": {
            "angle": 22.5,
            "axis": "z",
            "origin": [5.6543, 13.16421, 7.99989]
        },
        "faces": {
            "north": {
                "uv": [4, 1, 5, 2],
                "texture": "#1"
            },
            "east": {
                "uv": [4, 1, 5, 2],
                "texture": "#1"
            },
            "south": {
                "uv": [4, 1, 5, 2],
                "texture": "#1"
            },
            "west": {
                "uv": [4, 1, 5, 2],
                "texture": "#1"
            },
            "up": {
                "uv": [4, 1, 5, 2],
                "texture": "#1"
            },
            "down": {
                "uv": [4, 1, 5, 2],
                "texture": "#1"
            }
        }
    }, {
        "name": "hexadecagon",
        "from": [3.65416, 11.45235, 3.51172],
        "to": [3.90416, 11.78426, 3.91172],
        "rotation": {
            "angle": -22.5,
            "axis": "z",
            "origin": [5.6543, 13.16421, 7.99989]
        },
        "faces": {
            "north": {
                "uv": [4, 1, 5, 2],
                "texture": "#1"
            },
            "east": {
                "uv": [4, 1, 5, 2],
                "texture": "#1"
            },
            "south": {
                "uv": [4, 1, 5, 2],
                "texture": "#1"
            },
            "west": {
                "uv": [4, 1, 5, 2],
                "texture": "#1"
            },
            "up": {
                "uv": [4, 1, 5, 2],
                "texture": "#1"
            },
            "down": {
                "uv": [4, 1, 5, 2],
                "texture": "#1"
            }
        }
    }, {
        "name": "hexadecagon",
        "from": [3.2593, 12.55905, 3.51172],
        "to": [3.5093, 12.89095, 3.91172],
        "rotation": {
            "angle": 0,
            "axis": "z",
            "origin": [5.6543, 13.16421, 7.99989]
        },
        "faces": {
            "north": {
                "uv": [4, 1, 5, 2],
                "texture": "#1"
            },
            "east": {
                "uv": [4, 1, 5, 2],
                "texture": "#1"
            },
            "south": {
                "uv": [4, 1, 5, 2],
                "texture": "#1"
            },
            "west": {
                "uv": [4, 1, 5, 2],
                "texture": "#1"
            },
            "up": {
                "uv": [4, 1, 5, 2],
                "texture": "#1"
            },
            "down": {
                "uv": [4, 1, 5, 2],
                "texture": "#1"
            }
        }
    }, {
        "name": "hexadecagon",
        "from": [3.31801, 13.73261, 3.51172],
        "to": [3.56801, 14.06451, 3.91172],
        "rotation": {
            "angle": 22.5,
            "axis": "z",
            "origin": [5.6543, 13.16421, 7.99989]
        },
        "faces": {
            "north": {
                "uv": [4, 1, 5, 2],
                "texture": "#1"
            },
            "east": {
                "uv": [4, 1, 5, 2],
                "texture": "#1"
            },
            "south": {
                "uv": [4, 1, 5, 2],
                "texture": "#1"
            },
            "west": {
                "uv": [4, 1, 5, 2],
                "texture": "#1"
            },
            "up": {
                "uv": [4, 1, 5, 2],
                "texture": "#1"
            },
            "down": {
                "uv": [4, 1, 5, 2],
                "texture": "#1"
            }
        }
    }, {
        "name": "hexadecagon",
        "from": [2.50905, 9.53297, 12.80296],
        "to": [2.84095, 11.58297, 13.05296],
        "rotation": {
            "angle": 0,
            "axis": "x",
            "origin": [5.6543, 13.16421, 7.99989]
        },
        "faces": {
            "north": {
                "uv": [9, 1, 10, 2],
                "texture": "#1"
            },
            "east": {
                "uv": [9, 1, 10, 2],
                "texture": "#1"
            },
            "south": {
                "uv": [9, 1, 10, 2],
                "texture": "#1"
            },
            "west": {
                "uv": [9, 1, 10, 2],
                "texture": "#1"
            },
            "up": {
                "uv": [9, 1, 10, 2],
                "texture": "#1"
            },
            "down": {
                "uv": [9, 1, 10, 2],
                "texture": "#1"
            }
        }
    }, {
        "name": "hexadecagon",
        "from": [2.50905, 9.76961, 11.81321],
        "to": [2.84095, 10.81961, 12.06321],
        "rotation": {
            "angle": -22.5,
            "axis": "x",
            "origin": [5.6543, 13.16421, 7.99989]
        },
        "faces": {
            "north": {
                "uv": [9, 1, 10, 2],
                "texture": "#1"
            },
            "east": {
                "uv": [9, 1, 10, 2],
                "texture": "#1"
            },
            "south": {
                "uv": [9, 1, 10, 2],
                "texture": "#1"
            },
            "west": {
                "uv": [9, 1, 10, 2],
                "texture": "#1"
            },
            "up": {
                "uv": [9, 1, 10, 2],
                "texture": "#1"
            },
            "down": {
                "uv": [9, 1, 10, 2],
                "texture": "#1"
            }
        }
    }, {
        "name": "hexadecagon",
        "from": [2.50905, 15.77099, 10.67098],
        "to": [2.84095, 16.02099, 11.72098],
        "rotation": {
            "angle": 45,
            "axis": "x",
            "origin": [5.6543, 13.16421, 7.99989]
        },
        "faces": {
            "north": {
                "uv": [9, 1, 10, 2],
                "texture": "#1"
            },
            "east": {
                "uv": [9, 1, 10, 2],
                "texture": "#1"
            },
            "south": {
                "uv": [9, 1, 10, 2],
                "texture": "#1"
            },
            "west": {
                "uv": [9, 1, 10, 2],
                "texture": "#1"
            },
            "up": {
                "uv": [9, 1, 10, 2],
                "texture": "#1"
            },
            "down": {
                "uv": [9, 1, 10, 2],
                "texture": "#1"
            }
        }
    }, {
        "name": "hexadecagon",
        "from": [2.50905, 13.3093, 12.06172],
        "to": [2.84095, 13.5593, 12.46172],
        "rotation": {
            "angle": 0,
            "axis": "z",
            "origin": [5.6543, 13.16421, 7.99989]
        },
        "faces": {
            "north": {
                "uv": [4, 1, 5, 2],
                "texture": "#1"
            },
            "east": {
                "uv": [4, 1, 5, 2],
                "texture": "#1"
            },
            "south": {
                "uv": [4, 1, 5, 2],
                "texture": "#1"
            },
            "west": {
                "uv": [4, 1, 5, 2],
                "texture": "#1"
            },
            "up": {
                "uv": [4, 1, 5, 2],
                "texture": "#1"
            },
            "down": {
                "uv": [4, 1, 5, 2],
                "texture": "#1"
            }
        }
    }, {
        "name": "hexadecagon",
        "from": [2.90391, 12.20261, 12.06172],
        "to": [3.23582, 12.45261, 12.46172],
        "rotation": {
            "angle": -22.5,
            "axis": "z",
            "origin": [5.6543, 13.16421, 7.99989]
        },
        "faces": {
            "north": {
                "uv": [4, 1, 5, 2],
                "texture": "#1"
            },
            "east": {
                "uv": [4, 1, 5, 2],
                "texture": "#1"
            },
            "south": {
                "uv": [4, 1, 5, 2],
                "texture": "#1"
            },
            "west": {
                "uv": [4, 1, 5, 2],
                "texture": "#1"
            },
            "up": {
                "uv": [4, 1, 5, 2],
                "texture": "#1"
            },
            "down": {
                "uv": [4, 1, 5, 2],
                "texture": "#1"
            }
        }
    }, {
        "name": "hexadecagon",
        "from": [3.69223, 11.33126, 12.06172],
        "to": [4.02414, 11.58126, 12.46172],
        "rotation": {
            "angle": -45,
            "axis": "z",
            "origin": [5.6543, 13.16421, 7.99989]
        },
        "faces": {
            "north": {
                "uv": [4, 1, 5, 2],
                "texture": "#1"
            },
            "east": {
                "uv": [4, 1, 5, 2],
                "texture": "#1"
            },
            "south": {
                "uv": [4, 1, 5, 2],
                "texture": "#1"
            },
            "west": {
                "uv": [4, 1, 5, 2],
                "texture": "#1"
            },
            "up": {
                "uv": [4, 1, 5, 2],
                "texture": "#1"
            },
            "down": {
                "uv": [4, 1, 5, 2],
                "texture": "#1"
            }
        }
    }, {
        "name": "hexadecagon",
        "from": [3.31801, 13.73261, 12.06172],
        "to": [3.56801, 14.06451, 12.46172],
        "rotation": {
            "angle": 22.5,
            "axis": "z",
            "origin": [5.6543, 13.16421, 7.99989]
        },
        "faces": {
            "north": {
                "uv": [4, 1, 5, 2],
                "texture": "#1"
            },
            "east": {
                "uv": [4, 1, 5, 2],
                "texture": "#1"
            },
            "south": {
                "uv": [4, 1, 5, 2],
                "texture": "#1"
            },
            "west": {
                "uv": [4, 1, 5, 2],
                "texture": "#1"
            },
            "up": {
                "uv": [4, 1, 5, 2],
                "texture": "#1"
            },
            "down": {
                "uv": [4, 1, 5, 2],
                "texture": "#1"
            }
        }
    }, {
        "name": "hexadecagon",
        "from": [3.2593, 12.55905, 12.06172],
        "to": [3.5093, 12.89095, 12.46172],
        "rotation": {
            "angle": 0,
            "axis": "z",
            "origin": [5.6543, 13.16421, 7.99989]
        },
        "faces": {
            "north": {
                "uv": [4, 1, 5, 2],
                "texture": "#1"
            },
            "east": {
                "uv": [4, 1, 5, 2],
                "texture": "#1"
            },
            "south": {
                "uv": [4, 1, 5, 2],
                "texture": "#1"
            },
            "west": {
                "uv": [4, 1, 5, 2],
                "texture": "#1"
            },
            "up": {
                "uv": [4, 1, 5, 2],
                "texture": "#1"
            },
            "down": {
                "uv": [4, 1, 5, 2],
                "texture": "#1"
            }
        }
    }, {
        "name": "hexadecagon",
        "from": [3.65416, 11.45235, 12.06172],
        "to": [3.90416, 11.78426, 12.46172],
        "rotation": {
            "angle": -22.5,
            "axis": "z",
            "origin": [5.6543, 13.16421, 7.99989]
        },
        "faces": {
            "north": {
                "uv": [4, 1, 5, 2],
                "texture": "#1"
            },
            "east": {
                "uv": [4, 1, 5, 2],
                "texture": "#1"
            },
            "south": {
                "uv": [4, 1, 5, 2],
                "texture": "#1"
            },
            "west": {
                "uv": [4, 1, 5, 2],
                "texture": "#1"
            },
            "up": {
                "uv": [4, 1, 5, 2],
                "texture": "#1"
            },
            "down": {
                "uv": [4, 1, 5, 2],
                "texture": "#1"
            }
        }
    }, {
        "name": "hexadecagon",
        "from": [3.07109, 14.12602, 12.06172],
        "to": [3.403, 14.37602, 12.46172],
        "rotation": {
            "angle": 45,
            "axis": "z",
            "origin": [5.6543, 13.16421, 7.99989]
        },
        "faces": {
            "north": {
                "uv": [4, 1, 5, 2],
                "texture": "#1"
            },
            "east": {
                "uv": [4, 1, 5, 2],
                "texture": "#1"
            },
            "south": {
                "uv": [4, 1, 5, 2],
                "texture": "#1"
            },
            "west": {
                "uv": [4, 1, 5, 2],
                "texture": "#1"
            },
            "up": {
                "uv": [4, 1, 5, 2],
                "texture": "#1"
            },
            "down": {
                "uv": [4, 1, 5, 2],
                "texture": "#1"
            }
        }
    }, {
        "name": "hexadecagon",
        "from": [2.56775, 13.06426, 12.06172],
        "to": [2.89966, 13.31426, 12.46172],
        "rotation": {
            "angle": 22.5,
            "axis": "z",
            "origin": [5.6543, 13.16421, 7.99989]
        },
        "faces": {
            "north": {
                "uv": [4, 1, 5, 2],
                "texture": "#1"
            },
            "east": {
                "uv": [4, 1, 5, 2],
                "texture": "#1"
            },
            "south": {
                "uv": [4, 1, 5, 2],
                "texture": "#1"
            },
            "west": {
                "uv": [4, 1, 5, 2],
                "texture": "#1"
            },
            "up": {
                "uv": [4, 1, 5, 2],
                "texture": "#1"
            },
            "down": {
                "uv": [4, 1, 5, 2],
                "texture": "#1"
            }
        }
    }, {
        "name": "hexadecagon",
        "from": [2.56775, 14.48286, 12.06172],
        "to": [2.89966, 14.73286, 12.46172],
        "rotation": {
            "angle": 22.5,
            "axis": "z",
            "origin": [5.6543, 13.16421, 7.99989]
        },
        "faces": {
            "north": {
                "uv": [4, 1, 5, 2],
                "texture": "#1"
            },
            "east": {
                "uv": [4, 1, 5, 2],
                "texture": "#1"
            },
            "south": {
                "uv": [4, 1, 5, 2],
                "texture": "#1"
            },
            "west": {
                "uv": [4, 1, 5, 2],
                "texture": "#1"
            },
            "up": {
                "uv": [4, 1, 5, 2],
                "texture": "#1"
            },
            "down": {
                "uv": [4, 1, 5, 2],
                "texture": "#1"
            }
        }
    }, {
        "name": "hexadecagon",
        "from": [3.07109, 15.54462, 12.06172],
        "to": [3.403, 15.79462, 12.46172],
        "rotation": {
            "angle": 45,
            "axis": "z",
            "origin": [5.6543, 13.16421, 7.99989]
        },
        "faces": {
            "north": {
                "uv": [4, 1, 5, 2],
                "texture": "#1"
            },
            "east": {
                "uv": [4, 1, 5, 2],
                "texture": "#1"
            },
            "south": {
                "uv": [4, 1, 5, 2],
                "texture": "#1"
            },
            "west": {
                "uv": [4, 1, 5, 2],
                "texture": "#1"
            },
            "up": {
                "uv": [4, 1, 5, 2],
                "texture": "#1"
            },
            "down": {
                "uv": [4, 1, 5, 2],
                "texture": "#1"
            }
        }
    }, {
        "name": "hexadecagon",
        "from": [2.23556, 11.45235, 12.06172],
        "to": [2.48556, 11.78426, 12.46172],
        "rotation": {
            "angle": -22.5,
            "axis": "z",
            "origin": [5.6543, 13.16421, 7.99989]
        },
        "faces": {
            "north": {
                "uv": [4, 1, 5, 2],
                "texture": "#1"
            },
            "east": {
                "uv": [4, 1, 5, 2],
                "texture": "#1"
            },
            "south": {
                "uv": [4, 1, 5, 2],
                "texture": "#1"
            },
            "west": {
                "uv": [4, 1, 5, 2],
                "texture": "#1"
            },
            "up": {
                "uv": [4, 1, 5, 2],
                "texture": "#1"
            },
            "down": {
                "uv": [4, 1, 5, 2],
                "texture": "#1"
            }
        }
    }, {
        "name": "hexadecagon",
        "from": [1.8407, 12.55905, 12.06172],
        "to": [2.0907, 12.89095, 12.46172],
        "rotation": {
            "angle": 0,
            "axis": "z",
            "origin": [5.6543, 13.16421, 7.99989]
        },
        "faces": {
            "north": {
                "uv": [4, 1, 5, 2],
                "texture": "#1"
            },
            "east": {
                "uv": [4, 1, 5, 2],
                "texture": "#1"
            },
            "south": {
                "uv": [4, 1, 5, 2],
                "texture": "#1"
            },
            "west": {
                "uv": [4, 1, 5, 2],
                "texture": "#1"
            },
            "up": {
                "uv": [4, 1, 5, 2],
                "texture": "#1"
            },
            "down": {
                "uv": [4, 1, 5, 2],
                "texture": "#1"
            }
        }
    }, {
        "name": "hexadecagon",
        "from": [1.89941, 13.73261, 12.06172],
        "to": [2.14941, 14.06451, 12.46172],
        "rotation": {
            "angle": 22.5,
            "axis": "z",
            "origin": [5.6543, 13.16421, 7.99989]
        },
        "faces": {
            "north": {
                "uv": [4, 1, 5, 2],
                "texture": "#1"
            },
            "east": {
                "uv": [4, 1, 5, 2],
                "texture": "#1"
            },
            "south": {
                "uv": [4, 1, 5, 2],
                "texture": "#1"
            },
            "west": {
                "uv": [4, 1, 5, 2],
                "texture": "#1"
            },
            "up": {
                "uv": [4, 1, 5, 2],
                "texture": "#1"
            },
            "down": {
                "uv": [4, 1, 5, 2],
                "texture": "#1"
            }
        }
    }, {
        "name": "hexadecagon",
        "from": [3.69223, 9.91266, 12.06172],
        "to": [4.02414, 10.16266, 12.46172],
        "rotation": {
            "angle": -45,
            "axis": "z",
            "origin": [5.6543, 13.16421, 7.99989]
        },
        "faces": {
            "north": {
                "uv": [4, 1, 5, 2],
                "texture": "#1"
            },
            "east": {
                "uv": [4, 1, 5, 2],
                "texture": "#1"
            },
            "south": {
                "uv": [4, 1, 5, 2],
                "texture": "#1"
            },
            "west": {
                "uv": [4, 1, 5, 2],
                "texture": "#1"
            },
            "up": {
                "uv": [4, 1, 5, 2],
                "texture": "#1"
            },
            "down": {
                "uv": [4, 1, 5, 2],
                "texture": "#1"
            }
        }
    }, {
        "name": "hexadecagon",
        "from": [2.90391, 10.78401, 12.06172],
        "to": [3.23582, 11.03401, 12.46172],
        "rotation": {
            "angle": -22.5,
            "axis": "z",
            "origin": [5.6543, 13.16421, 7.99989]
        },
        "faces": {
            "north": {
                "uv": [4, 1, 5, 2],
                "texture": "#1"
            },
            "east": {
                "uv": [4, 1, 5, 2],
                "texture": "#1"
            },
            "south": {
                "uv": [4, 1, 5, 2],
                "texture": "#1"
            },
            "west": {
                "uv": [4, 1, 5, 2],
                "texture": "#1"
            },
            "up": {
                "uv": [4, 1, 5, 2],
                "texture": "#1"
            },
            "down": {
                "uv": [4, 1, 5, 2],
                "texture": "#1"
            }
        }
    }, {
        "name": "hexadecagon",
        "from": [2.50905, 11.8907, 12.06172],
        "to": [2.84095, 12.1407, 12.46172],
        "rotation": {
            "angle": 0,
            "axis": "z",
            "origin": [5.6543, 13.16421, 7.99989]
        },
        "faces": {
            "north": {
                "uv": [4, 1, 5, 2],
                "texture": "#1"
            },
            "east": {
                "uv": [4, 1, 5, 2],
                "texture": "#1"
            },
            "south": {
                "uv": [4, 1, 5, 2],
                "texture": "#1"
            },
            "west": {
                "uv": [4, 1, 5, 2],
                "texture": "#1"
            },
            "up": {
                "uv": [4, 1, 5, 2],
                "texture": "#1"
            },
            "down": {
                "uv": [4, 1, 5, 2],
                "texture": "#1"
            }
        }
    }]
}