{
    "display": {
        "thirdperson_righthand": {
            "translation": [0, -1.5, 1.75],
            "scale": [0.5, 0.5, 0.5]
        },
        "thirdperson_lefthand": {
            "translation": [0, -1.5, 1.75],
            "scale": [0.5, 0.5, 0.5]
        },
        "firstperson_righthand": {
            "rotation": [0, 125, 0],
            "scale": [0.5, 0.5, 0.5]
        },
        "firstperson_lefthand": {
            "rotation": [0, 125, 0],
            "scale": [0.5, 0.5, 0.5]
        },
        "ground": {
            "translation": [0, 3, 0],
            "scale": [0.5, 0.5, 0.5]
        },
        "gui": {
            "rotation": [30, 225, 0],
            "translation": [0, -4.5, 0]
        },
        "head": {
            "translation": [0, -0.25, 0],
            "scale": [1.7, 1.7, 1.7]
        },
        "fixed": {
            "rotation": [-90, 0, 0],
            "translation": [0, 0, 5],
            "scale": [2, 2, 2]
        }
    },
    "textures": {
        "0": "item/hats/scary_bear_hat",
        "particle": "item/hats/scary_bear_hat"
    },
    "elements": [{
        "from": [3, 8, 7.25],
        "to": [13, 9.5, 12.25],
        "rotation": {
            "angle": 0,
            "axis": "y",
            "origin": [7.9682, 13.57985, 6.18571]
        },
        "faces": {
            "north": {
                "uv": [7, 1, 8, 2],
                "texture": "#0"
            },
            "east": {
                "uv": [7, 1, 8, 2],
                "texture": "#0"
            },
            "south": {
                "uv": [7, 1, 8, 2],
                "texture": "#0"
            },
            "west": {
                "uv": [7, 1, 8, 2],
                "texture": "#0"
            },
            "up": {
                "uv": [7, 1, 8, 2],
                "texture": "#0"
            },
            "down": {
                "uv": [7, 1, 8, 2],
                "texture": "#0"
            }
        }
    }, {
        "from": [3, 7.38174, 2.99273],
        "to": [13, 8.88174, 4.66773],
        "rotation": {
            "angle": -45,
            "axis": "x",
            "origin": [7.9682, 13.57985, 6.18571]
        },
        "faces": {
            "north": {
                "uv": [7, 1, 8, 2],
                "texture": "#0"
            },
            "east": {
                "uv": [7, 1, 8, 2],
                "texture": "#0"
            },
            "south": {
                "uv": [7, 1, 8, 2],
                "texture": "#0"
            },
            "west": {
                "uv": [7, 1, 8, 2],
                "texture": "#0"
            },
            "up": {
                "uv": [7, 1, 8, 2],
                "texture": "#0"
            },
            "down": {
                "uv": [7, 1, 8, 2],
                "texture": "#0"
            }
        }
    }, {
        "from": [3, 12.4224, 12.74436],
        "to": [13, 13.9224, 14.41936],
        "rotation": {
            "angle": 45,
            "axis": "x",
            "origin": [7.9682, 13.57985, 6.18571]
        },
        "faces": {
            "north": {
                "uv": [7, 1, 8, 2],
                "texture": "#0"
            },
            "east": {
                "uv": [7, 1, 8, 2],
                "texture": "#0"
            },
            "south": {
                "uv": [7, 1, 8, 2],
                "texture": "#0"
            },
            "west": {
                "uv": [7, 1, 8, 2],
                "texture": "#0"
            },
            "up": {
                "uv": [7, 1, 8, 2],
                "texture": "#0"
            },
            "down": {
                "uv": [7, 1, 8, 2],
                "texture": "#0"
            }
        }
    }, {
        "from": [3, 6.93934, 8.31066],
        "to": [13, 8.43934, 11.18934],
        "rotation": {
            "angle": 0,
            "axis": "x",
            "origin": [7.9682, 13.57985, 6.18571]
        },
        "faces": {
            "north": {
                "uv": [7, 1, 8, 2],
                "texture": "#0"
            },
            "east": {
                "uv": [7, 1, 8, 2],
                "texture": "#0"
            },
            "south": {
                "uv": [7, 1, 8, 2],
                "texture": "#0"
            },
            "west": {
                "uv": [7, 1, 8, 2],
                "texture": "#0"
            },
            "up": {
                "uv": [7, 1, 8, 2],
                "texture": "#0"
            },
            "down": {
                "uv": [7, 1, 8, 2],
                "texture": "#0"
            }
        }
    }, {
        "from": [3, 9.5, 3],
        "to": [13, 12.5, 12.25],
        "rotation": {
            "angle": 0,
            "axis": "y",
            "origin": [7.9682, 13.57985, 6.18571]
        },
        "faces": {
            "north": {
                "uv": [7, 1, 8, 2],
                "texture": "#0"
            },
            "east": {
                "uv": [7, 1, 8, 2],
                "texture": "#0"
            },
            "south": {
                "uv": [7, 1, 8, 2],
                "texture": "#0"
            },
            "west": {
                "uv": [7, 1, 8, 2],
                "texture": "#0"
            },
            "up": {
                "uv": [7, 1, 8, 2],
                "texture": "#0"
            },
            "down": {
                "uv": [7, 1, 8, 2],
                "texture": "#0"
            }
        }
    }, {
        "from": [7, 11.89378, 1.72045],
        "to": [9, 13.49378, 3.37045],
        "rotation": {
            "angle": -22.5,
            "axis": "x",
            "origin": [7.9682, 13.57985, 6.18571]
        },
        "faces": {
            "north": {
                "uv": [4, 1, 5, 2],
                "texture": "#0"
            },
            "east": {
                "uv": [4, 1, 5, 2],
                "texture": "#0"
            },
            "south": {
                "uv": [4, 1, 5, 2],
                "texture": "#0"
            },
            "west": {
                "uv": [4, 1, 5, 2],
                "texture": "#0"
            },
            "up": {
                "uv": [4, 1, 5, 2],
                "texture": "#0"
            },
            "down": {
                "uv": [4, 1, 5, 2],
                "texture": "#0"
            }
        }
    }, {
        "from": [11.64938, 11.06575, 7.625],
        "to": [14.04938, 15.56575, 8.625],
        "rotation": {
            "angle": 22.5,
            "axis": "z",
            "origin": [7.9682, 13.57985, 6.18571]
        },
        "faces": {
            "north": {
                "uv": [10, 1, 11, 2],
                "texture": "#0"
            },
            "east": {
                "uv": [7, 4, 8, 5],
                "texture": "#0"
            },
            "south": {
                "uv": [7, 4, 8, 5],
                "texture": "#0"
            },
            "west": {
                "uv": [7, 4, 8, 5],
                "texture": "#0"
            },
            "up": {
                "uv": [7, 4, 8, 5],
                "texture": "#0"
            },
            "down": {
                "uv": [7, 4, 8, 5],
                "texture": "#0"
            }
        }
    }, {
        "from": [11.62438, 10.56575, 7.375],
        "to": [13.62438, 11.31575, 8.625],
        "rotation": {
            "angle": 22.5,
            "axis": "z",
            "origin": [7.9682, 13.57985, 6.18571]
        },
        "faces": {
            "north": {
                "uv": [7, 4, 8, 5],
                "texture": "#0"
            },
            "east": {
                "uv": [7, 4, 8, 5],
                "texture": "#0"
            },
            "south": {
                "uv": [7, 4, 8, 5],
                "texture": "#0"
            },
            "west": {
                "uv": [7, 4, 8, 5],
                "texture": "#0"
            },
            "up": {
                "uv": [7, 4, 8, 5],
                "texture": "#0"
            },
            "down": {
                "uv": [7, 4, 8, 5],
                "texture": "#0"
            }
        }
    }, {
        "from": [10.12676, 10.84291, 7.625],
        "to": [14.62676, 13.24291, 8.625],
        "rotation": {
            "angle": 45,
            "axis": "z",
            "origin": [7.9682, 13.57985, 6.18571]
        },
        "faces": {
            "north": {
                "uv": [10, 1, 11, 2],
                "texture": "#0"
            },
            "east": {
                "uv": [7, 4, 8, 5],
                "texture": "#0"
            },
            "south": {
                "uv": [7, 4, 8, 5],
                "texture": "#0"
            },
            "west": {
                "uv": [7, 4, 8, 5],
                "texture": "#0"
            },
            "up": {
                "uv": [7, 4, 8, 5],
                "texture": "#0"
            },
            "down": {
                "uv": [7, 4, 8, 5],
                "texture": "#0"
            }
        }
    }, {
        "from": [13.10389, 14.0788, 7.625],
        "to": [14.25389, 16.4788, 8.625],
        "rotation": {
            "angle": 0,
            "axis": "z",
            "origin": [7.9682, 13.57985, 6.18571]
        },
        "faces": {
            "north": {
                "uv": [10, 1, 11, 2],
                "texture": "#0"
            },
            "east": {
                "uv": [7, 4, 8, 5],
                "texture": "#0"
            },
            "south": {
                "uv": [7, 4, 8, 5],
                "texture": "#0"
            },
            "west": {
                "uv": [7, 4, 8, 5],
                "texture": "#0"
            },
            "up": {
                "uv": [7, 4, 8, 5],
                "texture": "#0"
            },
            "down": {
                "uv": [7, 4, 8, 5],
                "texture": "#0"
            }
        }
    }, {
        "from": [13.34901, 15.44808, 7.375],
        "to": [14.09901, 16.94808, 8.625],
        "rotation": {
            "angle": -22.5,
            "axis": "z",
            "origin": [7.9682, 13.57985, 6.18571]
        },
        "faces": {
            "north": {
                "uv": [7, 4, 8, 5],
                "texture": "#0"
            },
            "east": {
                "uv": [7, 4, 8, 5],
                "texture": "#0"
            },
            "south": {
                "uv": [7, 4, 8, 5],
                "texture": "#0"
            },
            "west": {
                "uv": [7, 4, 8, 5],
                "texture": "#0"
            },
            "up": {
                "uv": [7, 4, 8, 5],
                "texture": "#0"
            },
            "down": {
                "uv": [7, 4, 8, 5],
                "texture": "#0"
            }
        }
    }, {
        "from": [14.1713, 14.34553, 7.375],
        "to": [14.9213, 16.84553, 8.625],
        "rotation": {
            "angle": 0,
            "axis": "z",
            "origin": [7.9682, 13.57985, 6.18571]
        },
        "faces": {
            "north": {
                "uv": [7, 4, 8, 5],
                "texture": "#0"
            },
            "east": {
                "uv": [7, 4, 8, 5],
                "texture": "#0"
            },
            "south": {
                "uv": [7, 4, 8, 5],
                "texture": "#0"
            },
            "west": {
                "uv": [7, 4, 8, 5],
                "texture": "#0"
            },
            "up": {
                "uv": [7, 4, 8, 5],
                "texture": "#0"
            },
            "down": {
                "uv": [7, 4, 8, 5],
                "texture": "#0"
            }
        }
    }, {
        "from": [14.44397, 10.97245, 7.375],
        "to": [15.19397, 13.47245, 8.625],
        "rotation": {
            "angle": 45,
            "axis": "z",
            "origin": [7.9682, 13.57985, 6.18571]
        },
        "faces": {
            "north": {
                "uv": [7, 4, 8, 5],
                "texture": "#0"
            },
            "east": {
                "uv": [7, 4, 8, 5],
                "texture": "#0"
            },
            "south": {
                "uv": [7, 4, 8, 5],
                "texture": "#0"
            },
            "west": {
                "uv": [7, 4, 8, 5],
                "texture": "#0"
            },
            "up": {
                "uv": [7, 4, 8, 5],
                "texture": "#0"
            },
            "down": {
                "uv": [7, 4, 8, 5],
                "texture": "#0"
            }
        }
    }, {
        "from": [11.32626, 13.34507, 7.225],
        "to": [12.42626, 13.77007, 7.8],
        "rotation": {
            "angle": 22.5,
            "axis": "z",
            "origin": [7.9682, 13.57985, 6.18571]
        },
        "faces": {
            "north": {
                "uv": [1, 1, 2, 2],
                "texture": "#0"
            },
            "east": {
                "uv": [1, 1, 2, 2],
                "texture": "#0"
            },
            "south": {
                "uv": [1, 1, 2, 2],
                "texture": "#0"
            },
            "west": {
                "uv": [1, 1, 2, 2],
                "texture": "#0"
            },
            "up": {
                "uv": [1, 1, 2, 2],
                "texture": "#0"
            },
            "down": {
                "uv": [1, 1, 2, 2],
                "texture": "#0"
            }
        }
    }, {
        "from": [12.1027, 13.6697, 7.225],
        "to": [12.5277, 14.9697, 7.8],
        "rotation": {
            "angle": 0,
            "axis": "z",
            "origin": [7.9682, 13.57985, 6.18571]
        },
        "faces": {
            "north": {
                "uv": [1, 1, 2, 2],
                "texture": "#0"
            },
            "east": {
                "uv": [1, 1, 2, 2],
                "texture": "#0"
            },
            "south": {
                "uv": [1, 1, 2, 2],
                "texture": "#0"
            },
            "west": {
                "uv": [1, 1, 2, 2],
                "texture": "#0"
            },
            "up": {
                "uv": [1, 1, 2, 2],
                "texture": "#0"
            },
            "down": {
                "uv": [1, 1, 2, 2],
                "texture": "#0"
            }
        }
    }, {
        "from": [12.04243, 12.16236, 7.225],
        "to": [13.29243, 12.58736, 7.8],
        "rotation": {
            "angle": 22.5,
            "axis": "z",
            "origin": [7.9682, 13.57985, 6.18571]
        },
        "faces": {
            "north": {
                "uv": [1, 1, 2, 2],
                "texture": "#0"
            },
            "east": {
                "uv": [1, 1, 2, 2],
                "texture": "#0"
            },
            "south": {
                "uv": [1, 1, 2, 2],
                "texture": "#0"
            },
            "west": {
                "uv": [1, 1, 2, 2],
                "texture": "#0"
            },
            "up": {
                "uv": [1, 1, 2, 2],
                "texture": "#0"
            },
            "down": {
                "uv": [1, 1, 2, 2],
                "texture": "#0"
            }
        }
    }, {
        "from": [12.18503, 15.49581, 7.375],
        "to": [14.68503, 16.24581, 8.625],
        "rotation": {
            "angle": 22.5,
            "axis": "z",
            "origin": [7.9682, 13.57985, 6.18571]
        },
        "faces": {
            "north": {
                "uv": [7, 4, 8, 5],
                "texture": "#0"
            },
            "east": {
                "uv": [7, 4, 8, 5],
                "texture": "#0"
            },
            "south": {
                "uv": [7, 4, 8, 5],
                "texture": "#0"
            },
            "west": {
                "uv": [7, 4, 8, 5],
                "texture": "#0"
            },
            "up": {
                "uv": [7, 4, 8, 5],
                "texture": "#0"
            },
            "down": {
                "uv": [7, 4, 8, 5],
                "texture": "#0"
            }
        }
    }, {
        "from": [9.06484, 15.94672, 7.375],
        "to": [9.81484, 18.44672, 8.625],
        "rotation": {
            "angle": -22.5,
            "axis": "z",
            "origin": [7.9682, 13.57985, 6.18571]
        },
        "faces": {
            "north": {
                "uv": [7, 4, 8, 5],
                "texture": "#0"
            },
            "east": {
                "uv": [7, 4, 8, 5],
                "texture": "#0"
            },
            "south": {
                "uv": [7, 4, 8, 5],
                "texture": "#0"
            },
            "west": {
                "uv": [7, 4, 8, 5],
                "texture": "#0"
            },
            "up": {
                "uv": [7, 4, 8, 5],
                "texture": "#0"
            },
            "down": {
                "uv": [7, 4, 8, 5],
                "texture": "#0"
            }
        }
    }, {
        "from": [6.18032, 15.92238, 7.375],
        "to": [6.93032, 18.42238, 8.625],
        "rotation": {
            "angle": 22.5,
            "axis": "z",
            "origin": [7.9682, 13.57985, 6.18571]
        },
        "faces": {
            "north": {
                "uv": [7, 4, 8, 5],
                "texture": "#0"
            },
            "east": {
                "uv": [7, 4, 8, 5],
                "texture": "#0"
            },
            "south": {
                "uv": [7, 4, 8, 5],
                "texture": "#0"
            },
            "west": {
                "uv": [7, 4, 8, 5],
                "texture": "#0"
            },
            "up": {
                "uv": [7, 4, 8, 5],
                "texture": "#0"
            },
            "down": {
                "uv": [7, 4, 8, 5],
                "texture": "#0"
            }
        }
    }, {
        "from": [1.31013, 15.52015, 7.375],
        "to": [3.81013, 16.27015, 8.625],
        "rotation": {
            "angle": -22.5,
            "axis": "z",
            "origin": [7.9682, 13.57985, 6.18571]
        },
        "faces": {
            "north": {
                "uv": [7, 4, 8, 5],
                "texture": "#0"
            },
            "east": {
                "uv": [7, 4, 8, 5],
                "texture": "#0"
            },
            "south": {
                "uv": [7, 4, 8, 5],
                "texture": "#0"
            },
            "west": {
                "uv": [7, 4, 8, 5],
                "texture": "#0"
            },
            "up": {
                "uv": [7, 4, 8, 5],
                "texture": "#0"
            },
            "down": {
                "uv": [7, 4, 8, 5],
                "texture": "#0"
            }
        }
    }, {
        "from": [0.7874, 11.01742, 7.375],
        "to": [1.5374, 13.51742, 8.625],
        "rotation": {
            "angle": -45,
            "axis": "z",
            "origin": [7.9682, 13.57985, 6.18571]
        },
        "faces": {
            "north": {
                "uv": [7, 4, 8, 5],
                "texture": "#0"
            },
            "east": {
                "uv": [7, 4, 8, 5],
                "texture": "#0"
            },
            "south": {
                "uv": [7, 4, 8, 5],
                "texture": "#0"
            },
            "west": {
                "uv": [7, 4, 8, 5],
                "texture": "#0"
            },
            "up": {
                "uv": [7, 4, 8, 5],
                "texture": "#0"
            },
            "down": {
                "uv": [7, 4, 8, 5],
                "texture": "#0"
            }
        }
    }, {
        "from": [1.0787, 14.34553, 7.375],
        "to": [1.8287, 16.84553, 8.625],
        "rotation": {
            "angle": 0,
            "axis": "z",
            "origin": [7.9682, 13.57985, 6.18571]
        },
        "faces": {
            "north": {
                "uv": [7, 4, 8, 5],
                "texture": "#0"
            },
            "east": {
                "uv": [7, 4, 8, 5],
                "texture": "#0"
            },
            "south": {
                "uv": [7, 4, 8, 5],
                "texture": "#0"
            },
            "west": {
                "uv": [7, 4, 8, 5],
                "texture": "#0"
            },
            "up": {
                "uv": [7, 4, 8, 5],
                "texture": "#0"
            },
            "down": {
                "uv": [7, 4, 8, 5],
                "texture": "#0"
            }
        }
    }, {
        "from": [1.89614, 15.42374, 7.375],
        "to": [2.64614, 16.92374, 8.625],
        "rotation": {
            "angle": 22.5,
            "axis": "z",
            "origin": [7.9682, 13.57985, 6.18571]
        },
        "faces": {
            "north": {
                "uv": [7, 4, 8, 5],
                "texture": "#0"
            },
            "east": {
                "uv": [7, 4, 8, 5],
                "texture": "#0"
            },
            "south": {
                "uv": [7, 4, 8, 5],
                "texture": "#0"
            },
            "west": {
                "uv": [7, 4, 8, 5],
                "texture": "#0"
            },
            "up": {
                "uv": [7, 4, 8, 5],
                "texture": "#0"
            },
            "down": {
                "uv": [7, 4, 8, 5],
                "texture": "#0"
            }
        }
    }, {
        "from": [2.37078, 10.59009, 7.375],
        "to": [4.37078, 11.34009, 8.625],
        "rotation": {
            "angle": -22.5,
            "axis": "z",
            "origin": [7.9682, 13.57985, 6.18571]
        },
        "faces": {
            "north": {
                "uv": [7, 4, 8, 5],
                "texture": "#0"
            },
            "east": {
                "uv": [7, 4, 8, 5],
                "texture": "#0"
            },
            "south": {
                "uv": [7, 4, 8, 5],
                "texture": "#0"
            },
            "west": {
                "uv": [7, 4, 8, 5],
                "texture": "#0"
            },
            "up": {
                "uv": [7, 4, 8, 5],
                "texture": "#0"
            },
            "down": {
                "uv": [7, 4, 8, 5],
                "texture": "#0"
            }
        }
    }, {
        "from": [1.94578, 11.09009, 7.625],
        "to": [4.34578, 15.59009, 8.625],
        "rotation": {
            "angle": -22.5,
            "axis": "z",
            "origin": [7.9682, 13.57985, 6.18571]
        },
        "faces": {
            "north": {
                "uv": [10, 1, 11, 2],
                "texture": "#0"
            },
            "east": {
                "uv": [7, 4, 8, 5],
                "texture": "#0"
            },
            "south": {
                "uv": [7, 4, 8, 5],
                "texture": "#0"
            },
            "west": {
                "uv": [7, 4, 8, 5],
                "texture": "#0"
            },
            "up": {
                "uv": [7, 4, 8, 5],
                "texture": "#0"
            },
            "down": {
                "uv": [7, 4, 8, 5],
                "texture": "#0"
            }
        }
    }, {
        "from": [1.74611, 14.0788, 7.625],
        "to": [2.89611, 16.4788, 8.625],
        "rotation": {
            "angle": 0,
            "axis": "z",
            "origin": [7.9682, 13.57985, 6.18571]
        },
        "faces": {
            "north": {
                "uv": [10, 1, 11, 2],
                "texture": "#0"
            },
            "east": {
                "uv": [7, 4, 8, 5],
                "texture": "#0"
            },
            "south": {
                "uv": [7, 4, 8, 5],
                "texture": "#0"
            },
            "west": {
                "uv": [7, 4, 8, 5],
                "texture": "#0"
            },
            "up": {
                "uv": [7, 4, 8, 5],
                "texture": "#0"
            },
            "down": {
                "uv": [7, 4, 8, 5],
                "texture": "#0"
            }
        }
    }, {
        "from": [1.35462, 10.88788, 7.625],
        "to": [5.85462, 13.28788, 8.625],
        "rotation": {
            "angle": -45,
            "axis": "z",
            "origin": [7.9682, 13.57985, 6.18571]
        },
        "faces": {
            "north": {
                "uv": [10, 1, 11, 2],
                "texture": "#0"
            },
            "east": {
                "uv": [7, 4, 8, 5],
                "texture": "#0"
            },
            "south": {
                "uv": [7, 4, 8, 5],
                "texture": "#0"
            },
            "west": {
                "uv": [7, 4, 8, 5],
                "texture": "#0"
            },
            "up": {
                "uv": [7, 4, 8, 5],
                "texture": "#0"
            },
            "down": {
                "uv": [7, 4, 8, 5],
                "texture": "#0"
            }
        }
    }, {
        "from": [3.5689, 13.36941, 7.225],
        "to": [4.6689, 13.79441, 7.8],
        "rotation": {
            "angle": -22.5,
            "axis": "z",
            "origin": [7.9682, 13.57985, 6.18571]
        },
        "faces": {
            "north": {
                "uv": [1, 1, 2, 2],
                "texture": "#0"
            },
            "east": {
                "uv": [1, 1, 2, 2],
                "texture": "#0"
            },
            "south": {
                "uv": [1, 1, 2, 2],
                "texture": "#0"
            },
            "west": {
                "uv": [1, 1, 2, 2],
                "texture": "#0"
            },
            "up": {
                "uv": [1, 1, 2, 2],
                "texture": "#0"
            },
            "down": {
                "uv": [1, 1, 2, 2],
                "texture": "#0"
            }
        }
    }, {
        "from": [3.4723, 13.6697, 7.225],
        "to": [3.8973, 14.9697, 7.8],
        "rotation": {
            "angle": 0,
            "axis": "z",
            "origin": [7.9682, 13.57985, 6.18571]
        },
        "faces": {
            "north": {
                "uv": [1, 1, 2, 2],
                "texture": "#0"
            },
            "east": {
                "uv": [1, 1, 2, 2],
                "texture": "#0"
            },
            "south": {
                "uv": [1, 1, 2, 2],
                "texture": "#0"
            },
            "west": {
                "uv": [1, 1, 2, 2],
                "texture": "#0"
            },
            "up": {
                "uv": [1, 1, 2, 2],
                "texture": "#0"
            },
            "down": {
                "uv": [1, 1, 2, 2],
                "texture": "#0"
            }
        }
    }, {
        "from": [2.70273, 12.18669, 7.225],
        "to": [3.95273, 12.61169, 7.8],
        "rotation": {
            "angle": -22.5,
            "axis": "z",
            "origin": [7.9682, 13.57985, 6.18571]
        },
        "faces": {
            "north": {
                "uv": [1, 1, 2, 2],
                "texture": "#0"
            },
            "east": {
                "uv": [1, 1, 2, 2],
                "texture": "#0"
            },
            "south": {
                "uv": [1, 1, 2, 2],
                "texture": "#0"
            },
            "west": {
                "uv": [1, 1, 2, 2],
                "texture": "#0"
            },
            "up": {
                "uv": [1, 1, 2, 2],
                "texture": "#0"
            },
            "down": {
                "uv": [1, 1, 2, 2],
                "texture": "#0"
            }
        }
    }, {
        "from": [6.95374, 10.65661, 3.5],
        "to": [12.20374, 12.65661, 11.75],
        "rotation": {
            "angle": 22.5,
            "axis": "z",
            "origin": [7.9682, 13.57985, 6.18571]
        },
        "faces": {
            "north": {
                "uv": [1, 10, 2, 11],
                "texture": "#0"
            },
            "east": {
                "uv": [1, 10, 2, 11],
                "texture": "#0"
            },
            "south": {
                "uv": [1, 10, 2, 11],
                "texture": "#0"
            },
            "west": {
                "uv": [1, 10, 2, 11],
                "texture": "#0"
            },
            "up": {
                "uv": [1, 10, 2, 11],
                "texture": "#0"
            },
            "down": {
                "uv": [1, 10, 2, 11],
                "texture": "#0"
            }
        }
    }, {
        "from": [7.27802, 11.10602, 4],
        "to": [11.52802, 12.60602, 11.25],
        "rotation": {
            "angle": 45,
            "axis": "z",
            "origin": [7.9682, 13.57985, 6.18571]
        },
        "faces": {
            "north": {
                "uv": [1, 7, 2, 8],
                "texture": "#0"
            },
            "east": {
                "uv": [1, 7, 2, 8],
                "texture": "#0"
            },
            "south": {
                "uv": [1, 7, 2, 8],
                "texture": "#0"
            },
            "west": {
                "uv": [1, 7, 2, 8],
                "texture": "#0"
            },
            "up": {
                "uv": [1, 7, 2, 8],
                "texture": "#0"
            },
            "down": {
                "uv": [1, 7, 2, 8],
                "texture": "#0"
            }
        }
    }, {
        "from": [8.73019, 12.24603, 4.5],
        "to": [10.23019, 16.49603, 10.75],
        "rotation": {
            "angle": -22.5,
            "axis": "z",
            "origin": [7.9682, 13.57985, 6.18571]
        },
        "faces": {
            "north": {
                "uv": [1, 4, 2, 5],
                "texture": "#0"
            },
            "east": {
                "uv": [1, 4, 2, 5],
                "texture": "#0"
            },
            "south": {
                "uv": [1, 4, 2, 5],
                "texture": "#0"
            },
            "west": {
                "uv": [1, 4, 2, 5],
                "texture": "#0"
            },
            "up": {
                "uv": [1, 4, 2, 5],
                "texture": "#0"
            },
            "down": {
                "uv": [1, 4, 2, 5],
                "texture": "#0"
            }
        }
    }, {
        "from": [6.21185, 11.73244, 5],
        "to": [9.78815, 15.98244, 10.25],
        "rotation": {
            "angle": 0,
            "axis": "z",
            "origin": [7.9682, 13.57985, 6.18571]
        },
        "faces": {
            "north": {
                "uv": [1, 1, 2, 2],
                "texture": "#0"
            },
            "east": {
                "uv": [1, 1, 2, 2],
                "texture": "#0"
            },
            "south": {
                "uv": [1, 1, 2, 2],
                "texture": "#0"
            },
            "west": {
                "uv": [1, 1, 2, 2],
                "texture": "#0"
            },
            "up": {
                "uv": [1, 1, 2, 2],
                "texture": "#0"
            },
            "down": {
                "uv": [1, 1, 2, 2],
                "texture": "#0"
            }
        }
    }, {
        "from": [7.21185, 12.41894, 7.06026],
        "to": [8.78815, 15.91894, 11.31026],
        "rotation": {
            "angle": -45,
            "axis": "x",
            "origin": [7.9682, 13.57985, 6.18571]
        },
        "faces": {
            "north": {
                "uv": [4, 7, 5, 8],
                "texture": "#0"
            },
            "east": {
                "uv": [4, 7, 5, 8],
                "texture": "#0"
            },
            "south": {
                "uv": [4, 7, 5, 8],
                "texture": "#0"
            },
            "west": {
                "uv": [4, 7, 5, 8],
                "texture": "#0"
            },
            "up": {
                "uv": [4, 7, 5, 8],
                "texture": "#0"
            },
            "down": {
                "uv": [4, 7, 5, 8],
                "texture": "#0"
            }
        }
    }, {
        "from": [8.21185, 15.1315, 5.8708],
        "to": [9.78815, 19.8815, 8.3708],
        "rotation": {
            "angle": 22.5,
            "axis": "x",
            "origin": [7.9682, 13.57985, 6.18571]
        },
        "faces": {
            "north": {
                "uv": [4, 4, 5, 5],
                "texture": "#0"
            },
            "east": {
                "uv": [4, 4, 5, 5],
                "texture": "#0"
            },
            "south": {
                "uv": [4, 4, 5, 5],
                "texture": "#0"
            },
            "west": {
                "uv": [4, 4, 5, 5],
                "texture": "#0"
            },
            "up": {
                "uv": [4, 4, 5, 5],
                "texture": "#0"
            },
            "down": {
                "uv": [4, 4, 5, 5],
                "texture": "#0"
            }
        }
    }, {
        "from": [8.46185, 16.4544, 5.34663],
        "to": [9.53815, 18.9544, 10.09663],
        "rotation": {
            "angle": 45,
            "axis": "x",
            "origin": [7.9682, 13.57985, 6.18571]
        },
        "faces": {
            "north": {
                "uv": [4, 7, 5, 8],
                "texture": "#0"
            },
            "east": {
                "uv": [4, 7, 5, 8],
                "texture": "#0"
            },
            "south": {
                "uv": [4, 7, 5, 8],
                "texture": "#0"
            },
            "west": {
                "uv": [4, 7, 5, 8],
                "texture": "#0"
            },
            "up": {
                "uv": [4, 7, 5, 8],
                "texture": "#0"
            },
            "down": {
                "uv": [4, 7, 5, 8],
                "texture": "#0"
            }
        }
    }, {
        "from": [6.46185, 16.7044, 5.34663],
        "to": [7.53815, 19.2044, 10.09663],
        "rotation": {
            "angle": 45,
            "axis": "x",
            "origin": [7.9682, 13.57985, 6.18571]
        },
        "faces": {
            "north": {
                "uv": [4, 10, 5, 11],
                "texture": "#0"
            },
            "east": {
                "uv": [4, 10, 5, 11],
                "texture": "#0"
            },
            "south": {
                "uv": [4, 10, 5, 11],
                "texture": "#0"
            },
            "west": {
                "uv": [4, 10, 5, 11],
                "texture": "#0"
            },
            "up": {
                "uv": [4, 10, 5, 11],
                "texture": "#0"
            },
            "down": {
                "uv": [4, 10, 5, 11],
                "texture": "#0"
            }
        }
    }, {
        "from": [8.66475, 12.6838, 7.99004],
        "to": [9.74105, 16.1838, 12.24004],
        "rotation": {
            "angle": 45,
            "axis": "z",
            "origin": [7.9682, 13.57985, 6.18571]
        },
        "faces": {
            "north": {
                "uv": [4, 4, 5, 5],
                "texture": "#0"
            },
            "east": {
                "uv": [4, 4, 5, 5],
                "texture": "#0"
            },
            "south": {
                "uv": [4, 4, 5, 5],
                "texture": "#0"
            },
            "west": {
                "uv": [4, 4, 5, 5],
                "texture": "#0"
            },
            "up": {
                "uv": [4, 4, 5, 5],
                "texture": "#0"
            },
            "down": {
                "uv": [4, 4, 5, 5],
                "texture": "#0"
            }
        }
    }, {
        "from": [10.41475, 12.6838, 6.49004],
        "to": [11.49105, 16.1838, 7.49004],
        "rotation": {
            "angle": 45,
            "axis": "z",
            "origin": [7.9682, 13.57985, 6.18571]
        },
        "faces": {
            "north": {
                "uv": [4, 10, 5, 11],
                "texture": "#0"
            },
            "east": {
                "uv": [4, 10, 5, 11],
                "texture": "#0"
            },
            "south": {
                "uv": [4, 10, 5, 11],
                "texture": "#0"
            },
            "west": {
                "uv": [4, 10, 5, 11],
                "texture": "#0"
            },
            "up": {
                "uv": [4, 10, 5, 11],
                "texture": "#0"
            },
            "down": {
                "uv": [4, 10, 5, 11],
                "texture": "#0"
            }
        }
    }, {
        "from": [4.49032, 12.72877, 5.74004],
        "to": [5.56662, 16.22877, 6.74004],
        "rotation": {
            "angle": -45,
            "axis": "z",
            "origin": [7.9682, 13.57985, 6.18571]
        },
        "faces": {
            "north": {
                "uv": [4, 4, 5, 5],
                "texture": "#0"
            },
            "east": {
                "uv": [4, 4, 5, 5],
                "texture": "#0"
            },
            "south": {
                "uv": [4, 4, 5, 5],
                "texture": "#0"
            },
            "west": {
                "uv": [4, 4, 5, 5],
                "texture": "#0"
            },
            "up": {
                "uv": [4, 4, 5, 5],
                "texture": "#0"
            },
            "down": {
                "uv": [4, 4, 5, 5],
                "texture": "#0"
            }
        }
    }, {
        "from": [3.74032, 12.47877, 8.74004],
        "to": [4.81662, 14.97877, 9.74004],
        "rotation": {
            "angle": -45,
            "axis": "z",
            "origin": [7.9682, 13.57985, 6.18571]
        },
        "faces": {
            "north": {
                "uv": [4, 7, 5, 8],
                "texture": "#0"
            },
            "east": {
                "uv": [4, 7, 5, 8],
                "texture": "#0"
            },
            "south": {
                "uv": [4, 7, 5, 8],
                "texture": "#0"
            },
            "west": {
                "uv": [4, 7, 5, 8],
                "texture": "#0"
            },
            "up": {
                "uv": [4, 7, 5, 8],
                "texture": "#0"
            },
            "down": {
                "uv": [4, 7, 5, 8],
                "texture": "#0"
            }
        }
    }, {
        "from": [5.71185, 14.6315, 5.3708],
        "to": [7.28815, 19.3815, 7.8708],
        "rotation": {
            "angle": 22.5,
            "axis": "x",
            "origin": [7.9682, 13.57985, 6.18571]
        },
        "faces": {
            "north": {
                "uv": [4, 10, 5, 11],
                "texture": "#0"
            },
            "east": {
                "uv": [4, 10, 5, 11],
                "texture": "#0"
            },
            "south": {
                "uv": [4, 10, 5, 11],
                "texture": "#0"
            },
            "west": {
                "uv": [4, 10, 5, 11],
                "texture": "#0"
            },
            "up": {
                "uv": [4, 10, 5, 11],
                "texture": "#0"
            },
            "down": {
                "uv": [4, 10, 5, 11],
                "texture": "#0"
            }
        }
    }, {
        "from": [5.76497, 12.22169, 4.5],
        "to": [7.26497, 16.47169, 10.75],
        "rotation": {
            "angle": 22.5,
            "axis": "z",
            "origin": [7.9682, 13.57985, 6.18571]
        },
        "faces": {
            "north": {
                "uv": [1, 4, 2, 5],
                "texture": "#0"
            },
            "east": {
                "uv": [1, 4, 2, 5],
                "texture": "#0"
            },
            "south": {
                "uv": [1, 4, 2, 5],
                "texture": "#0"
            },
            "west": {
                "uv": [1, 4, 2, 5],
                "texture": "#0"
            },
            "up": {
                "uv": [1, 4, 2, 5],
                "texture": "#0"
            },
            "down": {
                "uv": [1, 4, 2, 5],
                "texture": "#0"
            }
        }
    }, {
        "from": [4.45335, 11.15099, 4],
        "to": [8.70335, 12.65099, 11.25],
        "rotation": {
            "angle": -45,
            "axis": "z",
            "origin": [7.9682, 13.57985, 6.18571]
        },
        "faces": {
            "north": {
                "uv": [1, 7, 2, 8],
                "texture": "#0"
            },
            "east": {
                "uv": [1, 7, 2, 8],
                "texture": "#0"
            },
            "south": {
                "uv": [1, 7, 2, 8],
                "texture": "#0"
            },
            "west": {
                "uv": [1, 7, 2, 8],
                "texture": "#0"
            },
            "up": {
                "uv": [1, 7, 2, 8],
                "texture": "#0"
            },
            "down": {
                "uv": [1, 7, 2, 8],
                "texture": "#0"
            }
        }
    }, {
        "from": [3.79142, 10.68095, 3.5],
        "to": [9.04142, 12.68095, 11.75],
        "rotation": {
            "angle": -22.5,
            "axis": "z",
            "origin": [7.9682, 13.57985, 6.18571]
        },
        "faces": {
            "north": {
                "uv": [1, 10, 2, 11],
                "texture": "#0"
            },
            "east": {
                "uv": [1, 10, 2, 11],
                "texture": "#0"
            },
            "south": {
                "uv": [1, 10, 2, 11],
                "texture": "#0"
            },
            "west": {
                "uv": [1, 10, 2, 11],
                "texture": "#0"
            },
            "up": {
                "uv": [1, 10, 2, 11],
                "texture": "#0"
            },
            "down": {
                "uv": [1, 10, 2, 11],
                "texture": "#0"
            }
        }
    }, {
        "from": [1.6747, 12.89824, 3.5],
        "to": [2.9247, 14.14824, 4.25],
        "rotation": {
            "angle": 45,
            "axis": "z",
            "origin": [7.9682, 13.57985, 6.18571]
        },
        "faces": {
            "north": {
                "uv": [13, 1, 14, 2],
                "texture": "#0"
            },
            "east": {
                "uv": [13, 1, 14, 2],
                "texture": "#0"
            },
            "south": {
                "uv": [13, 1, 14, 2],
                "texture": "#0"
            },
            "west": {
                "uv": [13, 1, 14, 2],
                "texture": "#0"
            },
            "up": {
                "uv": [13, 1, 14, 2],
                "texture": "#0"
            },
            "down": {
                "uv": [13, 1, 14, 2],
                "texture": "#0"
            }
        }
    }, {
        "from": [3.08892, 11.48403, 3.5],
        "to": [4.33892, 12.73403, 4.25],
        "rotation": {
            "angle": 45,
            "axis": "z",
            "origin": [7.9682, 13.57985, 6.18571]
        },
        "faces": {
            "north": {
                "uv": [13, 1, 14, 2],
                "texture": "#0"
            },
            "east": {
                "uv": [13, 1, 14, 2],
                "texture": "#0"
            },
            "south": {
                "uv": [13, 1, 14, 2],
                "texture": "#0"
            },
            "west": {
                "uv": [13, 1, 14, 2],
                "texture": "#0"
            },
            "up": {
                "uv": [13, 1, 14, 2],
                "texture": "#0"
            },
            "down": {
                "uv": [13, 1, 14, 2],
                "texture": "#0"
            }
        }
    }, {
        "from": [4.50313, 10.06982, 3.5],
        "to": [5.75313, 11.31982, 4.25],
        "rotation": {
            "angle": 45,
            "axis": "z",
            "origin": [7.9682, 13.57985, 6.18571]
        },
        "faces": {
            "north": {
                "uv": [13, 1, 14, 2],
                "texture": "#0"
            },
            "east": {
                "uv": [13, 1, 14, 2],
                "texture": "#0"
            },
            "south": {
                "uv": [13, 1, 14, 2],
                "texture": "#0"
            },
            "west": {
                "uv": [13, 1, 14, 2],
                "texture": "#0"
            },
            "up": {
                "uv": [13, 1, 14, 2],
                "texture": "#0"
            },
            "down": {
                "uv": [13, 1, 14, 2],
                "texture": "#0"
            }
        }
    }, {
        "from": [5.91734, 8.6556, 3.5],
        "to": [7.16734, 9.9056, 4.25],
        "rotation": {
            "angle": 45,
            "axis": "z",
            "origin": [7.9682, 13.57985, 6.18571]
        },
        "faces": {
            "north": {
                "uv": [13, 1, 14, 2],
                "texture": "#0"
            },
            "east": {
                "uv": [13, 1, 14, 2],
                "texture": "#0"
            },
            "south": {
                "uv": [13, 1, 14, 2],
                "texture": "#0"
            },
            "west": {
                "uv": [13, 1, 14, 2],
                "texture": "#0"
            },
            "up": {
                "uv": [13, 1, 14, 2],
                "texture": "#0"
            },
            "down": {
                "uv": [13, 1, 14, 2],
                "texture": "#0"
            }
        }
    }, {
        "from": [7.33156, 7.24139, 3.5],
        "to": [8.58156, 8.49139, 4.25],
        "rotation": {
            "angle": 45,
            "axis": "z",
            "origin": [7.9682, 13.57985, 6.18571]
        },
        "faces": {
            "north": {
                "uv": [13, 1, 14, 2],
                "texture": "#0"
            },
            "east": {
                "uv": [13, 1, 14, 2],
                "texture": "#0"
            },
            "south": {
                "uv": [13, 1, 14, 2],
                "texture": "#0"
            },
            "west": {
                "uv": [13, 1, 14, 2],
                "texture": "#0"
            },
            "up": {
                "uv": [13, 1, 14, 2],
                "texture": "#0"
            },
            "down": {
                "uv": [13, 1, 14, 2],
                "texture": "#0"
            }
        }
    }, {
        "from": [11.825, 11.35033, 1.44012],
        "to": [12.575, 12.60033, 2.69012],
        "rotation": {
            "angle": -45,
            "axis": "x",
            "origin": [7.9682, 13.57985, 6.18571]
        },
        "faces": {
            "north": {
                "uv": [13, 1, 14, 2],
                "texture": "#0"
            },
            "east": {
                "uv": [13, 1, 14, 2],
                "texture": "#0"
            },
            "south": {
                "uv": [13, 1, 14, 2],
                "texture": "#0"
            },
            "west": {
                "uv": [13, 1, 14, 2],
                "texture": "#0"
            },
            "up": {
                "uv": [13, 1, 14, 2],
                "texture": "#0"
            },
            "down": {
                "uv": [13, 1, 14, 2],
                "texture": "#0"
            }
        }
    }, {
        "from": [11.825, 9.93612, 2.85434],
        "to": [12.575, 11.18612, 4.10434],
        "rotation": {
            "angle": -45,
            "axis": "x",
            "origin": [7.9682, 13.57985, 6.18571]
        },
        "faces": {
            "north": {
                "uv": [13, 1, 14, 2],
                "texture": "#0"
            },
            "east": {
                "uv": [13, 1, 14, 2],
                "texture": "#0"
            },
            "south": {
                "uv": [13, 1, 14, 2],
                "texture": "#0"
            },
            "west": {
                "uv": [13, 1, 14, 2],
                "texture": "#0"
            },
            "up": {
                "uv": [13, 1, 14, 2],
                "texture": "#0"
            },
            "down": {
                "uv": [13, 1, 14, 2],
                "texture": "#0"
            }
        }
    }, {
        "from": [3.425, 11.35033, 1.44012],
        "to": [4.175, 12.60033, 2.69012],
        "rotation": {
            "angle": -45,
            "axis": "x",
            "origin": [7.9682, 13.57985, 6.18571]
        },
        "faces": {
            "north": {
                "uv": [13, 1, 14, 2],
                "texture": "#0"
            },
            "east": {
                "uv": [13, 1, 14, 2],
                "texture": "#0"
            },
            "south": {
                "uv": [13, 1, 14, 2],
                "texture": "#0"
            },
            "west": {
                "uv": [13, 1, 14, 2],
                "texture": "#0"
            },
            "up": {
                "uv": [13, 1, 14, 2],
                "texture": "#0"
            },
            "down": {
                "uv": [13, 1, 14, 2],
                "texture": "#0"
            }
        }
    }, {
        "from": [3.425, 9.93612, 2.85434],
        "to": [4.175, 11.18612, 4.10434],
        "rotation": {
            "angle": -45,
            "axis": "x",
            "origin": [7.9682, 13.57985, 6.18571]
        },
        "faces": {
            "north": {
                "uv": [13, 1, 14, 2],
                "texture": "#0"
            },
            "east": {
                "uv": [13, 1, 14, 2],
                "texture": "#0"
            },
            "south": {
                "uv": [13, 1, 14, 2],
                "texture": "#0"
            },
            "west": {
                "uv": [13, 1, 14, 2],
                "texture": "#0"
            },
            "up": {
                "uv": [13, 1, 14, 2],
                "texture": "#0"
            },
            "down": {
                "uv": [13, 1, 14, 2],
                "texture": "#0"
            }
        }
    }, {
        "name": "hexadecagon",
        "from": [5.93905, 11.13166, 3.45],
        "to": [6.33687, 13.13166, 4.7],
        "rotation": {
            "angle": -45,
            "axis": "z",
            "origin": [7.9682, 13.57985, 6.18571]
        },
        "faces": {
            "north": {
                "uv": [10, 4, 11, 5],
                "texture": "#0"
            },
            "east": {
                "uv": [10, 4, 11, 5],
                "texture": "#0"
            },
            "south": {
                "uv": [10, 4, 11, 5],
                "texture": "#0"
            },
            "west": {
                "uv": [10, 4, 11, 5],
                "texture": "#0"
            },
            "up": {
                "uv": [10, 4, 11, 5],
                "texture": "#0"
            },
            "down": {
                "uv": [10, 4, 11, 5],
                "texture": "#0"
            }
        }
    }, {
        "name": "hexadecagon",
        "from": [5.52417, 11.9423, 3.45],
        "to": [5.92199, 13.9423, 4.7],
        "rotation": {
            "angle": -22.5,
            "axis": "z",
            "origin": [7.9682, 13.57985, 6.18571]
        },
        "faces": {
            "north": {
                "uv": [10, 4, 11, 5],
                "texture": "#0"
            },
            "east": {
                "uv": [10, 4, 11, 5],
                "texture": "#0"
            },
            "south": {
                "uv": [10, 4, 11, 5],
                "texture": "#0"
            },
            "west": {
                "uv": [10, 4, 11, 5],
                "texture": "#0"
            },
            "up": {
                "uv": [10, 4, 11, 5],
                "texture": "#0"
            },
            "down": {
                "uv": [10, 4, 11, 5],
                "texture": "#0"
            }
        }
    }, {
        "name": "hexadecagon",
        "from": [5.45109, 12.85, 3.45],
        "to": [5.84891, 14.85, 4.7],
        "rotation": {
            "angle": 0,
            "axis": "z",
            "origin": [7.9682, 13.57985, 6.18571]
        },
        "faces": {
            "north": {
                "uv": [10, 4, 11, 5],
                "texture": "#0"
            },
            "east": {
                "uv": [10, 4, 11, 5],
                "texture": "#0"
            },
            "south": {
                "uv": [10, 4, 11, 5],
                "texture": "#0"
            },
            "west": {
                "uv": [10, 4, 11, 5],
                "texture": "#0"
            },
            "up": {
                "uv": [10, 4, 11, 5],
                "texture": "#0"
            },
            "down": {
                "uv": [10, 4, 11, 5],
                "texture": "#0"
            }
        }
    }, {
        "name": "hexadecagon",
        "from": [5.73093, 13.71657, 3.45],
        "to": [6.12875, 15.71657, 4.7],
        "rotation": {
            "angle": 22.5,
            "axis": "z",
            "origin": [7.9682, 13.57985, 6.18571]
        },
        "faces": {
            "north": {
                "uv": [10, 4, 11, 5],
                "texture": "#0"
            },
            "east": {
                "uv": [10, 4, 11, 5],
                "texture": "#0"
            },
            "south": {
                "uv": [10, 4, 11, 5],
                "texture": "#0"
            },
            "west": {
                "uv": [10, 4, 11, 5],
                "texture": "#0"
            },
            "up": {
                "uv": [10, 4, 11, 5],
                "texture": "#0"
            },
            "down": {
                "uv": [10, 4, 11, 5],
                "texture": "#0"
            }
        }
    }, {
        "name": "hexadecagon",
        "from": [6.3211, 14.41009, 3.45],
        "to": [6.71892, 16.41009, 4.7],
        "rotation": {
            "angle": 45,
            "axis": "z",
            "origin": [7.9682, 13.57985, 6.18571]
        },
        "faces": {
            "north": {
                "uv": [10, 4, 11, 5],
                "texture": "#0"
            },
            "east": {
                "uv": [10, 4, 11, 5],
                "texture": "#0"
            },
            "south": {
                "uv": [10, 4, 11, 5],
                "texture": "#0"
            },
            "west": {
                "uv": [10, 4, 11, 5],
                "texture": "#0"
            },
            "up": {
                "uv": [10, 4, 11, 5],
                "texture": "#0"
            },
            "down": {
                "uv": [10, 4, 11, 5],
                "texture": "#0"
            }
        }
    }, {
        "name": "hexadecagon",
        "from": [4.72308, 12.74339, 3.45],
        "to": [6.72308, 13.14121, 4.7],
        "rotation": {
            "angle": -22.5,
            "axis": "z",
            "origin": [7.9682, 13.57985, 6.18571]
        },
        "faces": {
            "north": {
                "uv": [10, 4, 11, 5],
                "texture": "#0"
            },
            "east": {
                "uv": [10, 4, 11, 5],
                "texture": "#0"
            },
            "south": {
                "uv": [10, 4, 11, 5],
                "texture": "#0"
            },
            "west": {
                "uv": [10, 4, 11, 5],
                "texture": "#0"
            },
            "up": {
                "uv": [10, 4, 11, 5],
                "texture": "#0"
            },
            "down": {
                "uv": [10, 4, 11, 5],
                "texture": "#0"
            }
        }
    }, {
        "name": "hexadecagon",
        "from": [4.65, 13.65109, 3.45],
        "to": [6.65, 14.04891, 4.7],
        "rotation": {
            "angle": 0,
            "axis": "z",
            "origin": [7.9682, 13.57985, 6.18571]
        },
        "faces": {
            "north": {
                "uv": [10, 4, 11, 5],
                "texture": "#0"
            },
            "east": {
                "uv": [10, 4, 11, 5],
                "texture": "#0"
            },
            "south": {
                "uv": [10, 4, 11, 5],
                "texture": "#0"
            },
            "west": {
                "uv": [10, 4, 11, 5],
                "texture": "#0"
            },
            "up": {
                "uv": [10, 4, 11, 5],
                "texture": "#0"
            },
            "down": {
                "uv": [10, 4, 11, 5],
                "texture": "#0"
            }
        }
    }, {
        "name": "hexadecagon",
        "from": [4.92984, 14.51766, 3.45],
        "to": [6.92984, 14.91548, 4.7],
        "rotation": {
            "angle": 22.5,
            "axis": "z",
            "origin": [7.9682, 13.57985, 6.18571]
        },
        "faces": {
            "north": {
                "uv": [10, 4, 11, 5],
                "texture": "#0"
            },
            "east": {
                "uv": [10, 4, 11, 5],
                "texture": "#0"
            },
            "south": {
                "uv": [10, 4, 11, 5],
                "texture": "#0"
            },
            "west": {
                "uv": [10, 4, 11, 5],
                "texture": "#0"
            },
            "up": {
                "uv": [10, 4, 11, 5],
                "texture": "#0"
            },
            "down": {
                "uv": [10, 4, 11, 5],
                "texture": "#0"
            }
        }
    }, {
        "name": "hexadecagon",
        "from": [9.6445, 11.08669, 3.45],
        "to": [10.04232, 13.08669, 4.7],
        "rotation": {
            "angle": 45,
            "axis": "z",
            "origin": [7.9682, 13.57985, 6.18571]
        },
        "faces": {
            "north": {
                "uv": [10, 4, 11, 5],
                "texture": "#0"
            },
            "east": {
                "uv": [10, 4, 11, 5],
                "texture": "#0"
            },
            "south": {
                "uv": [10, 4, 11, 5],
                "texture": "#0"
            },
            "west": {
                "uv": [10, 4, 11, 5],
                "texture": "#0"
            },
            "up": {
                "uv": [10, 4, 11, 5],
                "texture": "#0"
            },
            "down": {
                "uv": [10, 4, 11, 5],
                "texture": "#0"
            }
        }
    }, {
        "name": "hexadecagon",
        "from": [10.07317, 11.91796, 3.45],
        "to": [10.47099, 13.91796, 4.7],
        "rotation": {
            "angle": 22.5,
            "axis": "z",
            "origin": [7.9682, 13.57985, 6.18571]
        },
        "faces": {
            "north": {
                "uv": [10, 4, 11, 5],
                "texture": "#0"
            },
            "east": {
                "uv": [10, 4, 11, 5],
                "texture": "#0"
            },
            "south": {
                "uv": [10, 4, 11, 5],
                "texture": "#0"
            },
            "west": {
                "uv": [10, 4, 11, 5],
                "texture": "#0"
            },
            "up": {
                "uv": [10, 4, 11, 5],
                "texture": "#0"
            },
            "down": {
                "uv": [10, 4, 11, 5],
                "texture": "#0"
            }
        }
    }, {
        "name": "hexadecagon",
        "from": [10.15109, 12.85, 3.45],
        "to": [10.54891, 14.85, 4.7],
        "rotation": {
            "angle": 0,
            "axis": "z",
            "origin": [7.9682, 13.57985, 6.18571]
        },
        "faces": {
            "north": {
                "uv": [10, 4, 11, 5],
                "texture": "#0"
            },
            "east": {
                "uv": [10, 4, 11, 5],
                "texture": "#0"
            },
            "south": {
                "uv": [10, 4, 11, 5],
                "texture": "#0"
            },
            "west": {
                "uv": [10, 4, 11, 5],
                "texture": "#0"
            },
            "up": {
                "uv": [10, 4, 11, 5],
                "texture": "#0"
            },
            "down": {
                "uv": [10, 4, 11, 5],
                "texture": "#0"
            }
        }
    }, {
        "name": "hexadecagon",
        "from": [9.86641, 13.74091, 3.45],
        "to": [10.26423, 15.74091, 4.7],
        "rotation": {
            "angle": -22.5,
            "axis": "z",
            "origin": [7.9682, 13.57985, 6.18571]
        },
        "faces": {
            "north": {
                "uv": [10, 4, 11, 5],
                "texture": "#0"
            },
            "east": {
                "uv": [10, 4, 11, 5],
                "texture": "#0"
            },
            "south": {
                "uv": [10, 4, 11, 5],
                "texture": "#0"
            },
            "west": {
                "uv": [10, 4, 11, 5],
                "texture": "#0"
            },
            "up": {
                "uv": [10, 4, 11, 5],
                "texture": "#0"
            },
            "down": {
                "uv": [10, 4, 11, 5],
                "texture": "#0"
            }
        }
    }, {
        "name": "hexadecagon",
        "from": [9.26245, 14.45506, 3.45],
        "to": [9.66027, 16.45506, 4.7],
        "rotation": {
            "angle": -45,
            "axis": "z",
            "origin": [7.9682, 13.57985, 6.18571]
        },
        "faces": {
            "north": {
                "uv": [10, 4, 11, 5],
                "texture": "#0"
            },
            "east": {
                "uv": [10, 4, 11, 5],
                "texture": "#0"
            },
            "south": {
                "uv": [10, 4, 11, 5],
                "texture": "#0"
            },
            "west": {
                "uv": [10, 4, 11, 5],
                "texture": "#0"
            },
            "up": {
                "uv": [10, 4, 11, 5],
                "texture": "#0"
            },
            "down": {
                "uv": [10, 4, 11, 5],
                "texture": "#0"
            }
        }
    }, {
        "name": "hexadecagon",
        "from": [9.27208, 12.71905, 3.45],
        "to": [11.27208, 13.11687, 4.7],
        "rotation": {
            "angle": 22.5,
            "axis": "z",
            "origin": [7.9682, 13.57985, 6.18571]
        },
        "faces": {
            "north": {
                "uv": [10, 4, 11, 5],
                "texture": "#0"
            },
            "east": {
                "uv": [10, 4, 11, 5],
                "texture": "#0"
            },
            "south": {
                "uv": [10, 4, 11, 5],
                "texture": "#0"
            },
            "west": {
                "uv": [10, 4, 11, 5],
                "texture": "#0"
            },
            "up": {
                "uv": [10, 4, 11, 5],
                "texture": "#0"
            },
            "down": {
                "uv": [10, 4, 11, 5],
                "texture": "#0"
            }
        }
    }, {
        "name": "hexadecagon",
        "from": [9.35, 13.65109, 3.45],
        "to": [11.35, 14.04891, 4.7],
        "rotation": {
            "angle": 0,
            "axis": "z",
            "origin": [7.9682, 13.57985, 6.18571]
        },
        "faces": {
            "north": {
                "uv": [10, 4, 11, 5],
                "texture": "#0"
            },
            "east": {
                "uv": [10, 4, 11, 5],
                "texture": "#0"
            },
            "south": {
                "uv": [10, 4, 11, 5],
                "texture": "#0"
            },
            "west": {
                "uv": [10, 4, 11, 5],
                "texture": "#0"
            },
            "up": {
                "uv": [10, 4, 11, 5],
                "texture": "#0"
            },
            "down": {
                "uv": [10, 4, 11, 5],
                "texture": "#0"
            }
        }
    }, {
        "name": "hexadecagon",
        "from": [9.06532, 14.542, 3.45],
        "to": [11.06532, 14.93982, 4.7],
        "rotation": {
            "angle": -22.5,
            "axis": "z",
            "origin": [7.9682, 13.57985, 6.18571]
        },
        "faces": {
            "north": {
                "uv": [10, 4, 11, 5],
                "texture": "#0"
            },
            "east": {
                "uv": [10, 4, 11, 5],
                "texture": "#0"
            },
            "south": {
                "uv": [10, 4, 11, 5],
                "texture": "#0"
            },
            "west": {
                "uv": [10, 4, 11, 5],
                "texture": "#0"
            },
            "up": {
                "uv": [10, 4, 11, 5],
                "texture": "#0"
            },
            "down": {
                "uv": [10, 4, 11, 5],
                "texture": "#0"
            }
        }
    }, {
        "name": "hexadecagon",
        "from": [9.53404, 11.77508, 3.325],
        "to": [9.69316, 12.57508, 3.825],
        "rotation": {
            "angle": 45,
            "axis": "z",
            "origin": [7.9682, 13.57985, 6.18571]
        },
        "faces": {
            "north": {
                "uv": [13, 4, 14, 5],
                "texture": "#0"
            },
            "east": {
                "uv": [13, 4, 14, 5],
                "texture": "#0"
            },
            "south": {
                "uv": [13, 4, 14, 5],
                "texture": "#0"
            },
            "west": {
                "uv": [13, 4, 14, 5],
                "texture": "#0"
            },
            "up": {
                "uv": [13, 4, 14, 5],
                "texture": "#0"
            },
            "down": {
                "uv": [13, 4, 14, 5],
                "texture": "#0"
            }
        }
    }, {
        "name": "hexadecagon",
        "from": [9.94638, 12.51168, 3.325],
        "to": [10.1055, 13.31168, 3.825],
        "rotation": {
            "angle": 22.5,
            "axis": "z",
            "origin": [7.9682, 13.57985, 6.18571]
        },
        "faces": {
            "north": {
                "uv": [13, 4, 14, 5],
                "texture": "#0"
            },
            "east": {
                "uv": [13, 4, 14, 5],
                "texture": "#0"
            },
            "south": {
                "uv": [13, 4, 14, 5],
                "texture": "#0"
            },
            "west": {
                "uv": [13, 4, 14, 5],
                "texture": "#0"
            },
            "up": {
                "uv": [13, 4, 14, 5],
                "texture": "#0"
            },
            "down": {
                "uv": [13, 4, 14, 5],
                "texture": "#0"
            }
        }
    }, {
        "name": "hexadecagon",
        "from": [10.04544, 13.35, 3.325],
        "to": [10.20456, 14.15, 3.825],
        "rotation": {
            "angle": 0,
            "axis": "z",
            "origin": [7.9682, 13.57985, 6.18571]
        },
        "faces": {
            "north": {
                "uv": [13, 4, 14, 5],
                "texture": "#0"
            },
            "east": {
                "uv": [13, 4, 14, 5],
                "texture": "#0"
            },
            "south": {
                "uv": [13, 4, 14, 5],
                "texture": "#0"
            },
            "west": {
                "uv": [13, 4, 14, 5],
                "texture": "#0"
            },
            "up": {
                "uv": [13, 4, 14, 5],
                "texture": "#0"
            },
            "down": {
                "uv": [13, 4, 14, 5],
                "texture": "#0"
            }
        }
    }, {
        "name": "hexadecagon",
        "from": [9.81615, 14.16242, 3.325],
        "to": [9.97527, 14.96242, 3.825],
        "rotation": {
            "angle": -22.5,
            "axis": "z",
            "origin": [7.9682, 13.57985, 6.18571]
        },
        "faces": {
            "north": {
                "uv": [13, 4, 14, 5],
                "texture": "#0"
            },
            "east": {
                "uv": [13, 4, 14, 5],
                "texture": "#0"
            },
            "south": {
                "uv": [13, 4, 14, 5],
                "texture": "#0"
            },
            "west": {
                "uv": [13, 4, 14, 5],
                "texture": "#0"
            },
            "up": {
                "uv": [13, 4, 14, 5],
                "texture": "#0"
            },
            "down": {
                "uv": [13, 4, 14, 5],
                "texture": "#0"
            }
        }
    }, {
        "name": "hexadecagon",
        "from": [9.29342, 14.82525, 3.325],
        "to": [9.45254, 15.62525, 3.825],
        "rotation": {
            "angle": -45,
            "axis": "z",
            "origin": [7.9682, 13.57985, 6.18571]
        },
        "faces": {
            "north": {
                "uv": [13, 4, 14, 5],
                "texture": "#0"
            },
            "east": {
                "uv": [13, 4, 14, 5],
                "texture": "#0"
            },
            "south": {
                "uv": [13, 4, 14, 5],
                "texture": "#0"
            },
            "west": {
                "uv": [13, 4, 14, 5],
                "texture": "#0"
            },
            "up": {
                "uv": [13, 4, 14, 5],
                "texture": "#0"
            },
            "down": {
                "uv": [13, 4, 14, 5],
                "texture": "#0"
            }
        }
    }, {
        "name": "hexadecagon",
        "from": [9.62594, 12.83212, 3.325],
        "to": [10.42594, 12.99124, 3.825],
        "rotation": {
            "angle": 22.5,
            "axis": "z",
            "origin": [7.9682, 13.57985, 6.18571]
        },
        "faces": {
            "north": {
                "uv": [13, 4, 14, 5],
                "texture": "#0"
            },
            "east": {
                "uv": [13, 4, 14, 5],
                "texture": "#0"
            },
            "south": {
                "uv": [13, 4, 14, 5],
                "texture": "#0"
            },
            "west": {
                "uv": [13, 4, 14, 5],
                "texture": "#0"
            },
            "up": {
                "uv": [13, 4, 14, 5],
                "texture": "#0"
            },
            "down": {
                "uv": [13, 4, 14, 5],
                "texture": "#0"
            }
        }
    }, {
        "name": "hexadecagon",
        "from": [9.49571, 14.48286, 3.325],
        "to": [10.29571, 14.64198, 3.825],
        "rotation": {
            "angle": -22.5,
            "axis": "z",
            "origin": [7.9682, 13.57985, 6.18571]
        },
        "faces": {
            "north": {
                "uv": [13, 4, 14, 5],
                "texture": "#0"
            },
            "east": {
                "uv": [13, 4, 14, 5],
                "texture": "#0"
            },
            "south": {
                "uv": [13, 4, 14, 5],
                "texture": "#0"
            },
            "west": {
                "uv": [13, 4, 14, 5],
                "texture": "#0"
            },
            "up": {
                "uv": [13, 4, 14, 5],
                "texture": "#0"
            },
            "down": {
                "uv": [13, 4, 14, 5],
                "texture": "#0"
            }
        }
    }, {
        "name": "hexadecagon",
        "from": [9.725, 13.67044, 3.325],
        "to": [10.525, 13.82956, 3.825],
        "rotation": {
            "angle": 0,
            "axis": "z",
            "origin": [7.9682, 13.57985, 6.18571]
        },
        "faces": {
            "north": {
                "uv": [13, 4, 14, 5],
                "texture": "#0"
            },
            "east": {
                "uv": [13, 4, 14, 5],
                "texture": "#0"
            },
            "south": {
                "uv": [13, 4, 14, 5],
                "texture": "#0"
            },
            "west": {
                "uv": [13, 4, 14, 5],
                "texture": "#0"
            },
            "up": {
                "uv": [13, 4, 14, 5],
                "texture": "#0"
            },
            "down": {
                "uv": [13, 4, 14, 5],
                "texture": "#0"
            }
        }
    }, {
        "name": "hexadecagon",
        "from": [6.28821, 11.82005, 3.325],
        "to": [6.44733, 12.62005, 3.825],
        "rotation": {
            "angle": -45,
            "axis": "z",
            "origin": [7.9682, 13.57985, 6.18571]
        },
        "faces": {
            "north": {
                "uv": [13, 4, 14, 5],
                "texture": "#0"
            },
            "east": {
                "uv": [13, 4, 14, 5],
                "texture": "#0"
            },
            "south": {
                "uv": [13, 4, 14, 5],
                "texture": "#0"
            },
            "west": {
                "uv": [13, 4, 14, 5],
                "texture": "#0"
            },
            "up": {
                "uv": [13, 4, 14, 5],
                "texture": "#0"
            },
            "down": {
                "uv": [13, 4, 14, 5],
                "texture": "#0"
            }
        }
    }, {
        "name": "hexadecagon",
        "from": [5.88966, 12.53601, 3.325],
        "to": [6.04878, 13.33601, 3.825],
        "rotation": {
            "angle": -22.5,
            "axis": "z",
            "origin": [7.9682, 13.57985, 6.18571]
        },
        "faces": {
            "north": {
                "uv": [13, 4, 14, 5],
                "texture": "#0"
            },
            "east": {
                "uv": [13, 4, 14, 5],
                "texture": "#0"
            },
            "south": {
                "uv": [13, 4, 14, 5],
                "texture": "#0"
            },
            "west": {
                "uv": [13, 4, 14, 5],
                "texture": "#0"
            },
            "up": {
                "uv": [13, 4, 14, 5],
                "texture": "#0"
            },
            "down": {
                "uv": [13, 4, 14, 5],
                "texture": "#0"
            }
        }
    }, {
        "name": "hexadecagon",
        "from": [5.79544, 13.35, 3.325],
        "to": [5.95456, 14.15, 3.825],
        "rotation": {
            "angle": 0,
            "axis": "z",
            "origin": [7.9682, 13.57985, 6.18571]
        },
        "faces": {
            "north": {
                "uv": [13, 4, 14, 5],
                "texture": "#0"
            },
            "east": {
                "uv": [13, 4, 14, 5],
                "texture": "#0"
            },
            "south": {
                "uv": [13, 4, 14, 5],
                "texture": "#0"
            },
            "west": {
                "uv": [13, 4, 14, 5],
                "texture": "#0"
            },
            "up": {
                "uv": [13, 4, 14, 5],
                "texture": "#0"
            },
            "down": {
                "uv": [13, 4, 14, 5],
                "texture": "#0"
            }
        }
    }, {
        "name": "hexadecagon",
        "from": [6.01989, 14.13808, 3.325],
        "to": [6.17901, 14.93808, 3.825],
        "rotation": {
            "angle": 22.5,
            "axis": "z",
            "origin": [7.9682, 13.57985, 6.18571]
        },
        "faces": {
            "north": {
                "uv": [13, 4, 14, 5],
                "texture": "#0"
            },
            "east": {
                "uv": [13, 4, 14, 5],
                "texture": "#0"
            },
            "south": {
                "uv": [13, 4, 14, 5],
                "texture": "#0"
            },
            "west": {
                "uv": [13, 4, 14, 5],
                "texture": "#0"
            },
            "up": {
                "uv": [13, 4, 14, 5],
                "texture": "#0"
            },
            "down": {
                "uv": [13, 4, 14, 5],
                "texture": "#0"
            }
        }
    }, {
        "name": "hexadecagon",
        "from": [6.52884, 14.78028, 3.325],
        "to": [6.68796, 15.58028, 3.825],
        "rotation": {
            "angle": 45,
            "axis": "z",
            "origin": [7.9682, 13.57985, 6.18571]
        },
        "faces": {
            "north": {
                "uv": [13, 4, 14, 5],
                "texture": "#0"
            },
            "east": {
                "uv": [13, 4, 14, 5],
                "texture": "#0"
            },
            "south": {
                "uv": [13, 4, 14, 5],
                "texture": "#0"
            },
            "west": {
                "uv": [13, 4, 14, 5],
                "texture": "#0"
            },
            "up": {
                "uv": [13, 4, 14, 5],
                "texture": "#0"
            },
            "down": {
                "uv": [13, 4, 14, 5],
                "texture": "#0"
            }
        }
    }, {
        "name": "hexadecagon",
        "from": [5.56922, 12.85645, 3.325],
        "to": [6.36922, 13.01557, 3.825],
        "rotation": {
            "angle": -22.5,
            "axis": "z",
            "origin": [7.9682, 13.57985, 6.18571]
        },
        "faces": {
            "north": {
                "uv": [13, 4, 14, 5],
                "texture": "#0"
            },
            "east": {
                "uv": [13, 4, 14, 5],
                "texture": "#0"
            },
            "south": {
                "uv": [13, 4, 14, 5],
                "texture": "#0"
            },
            "west": {
                "uv": [13, 4, 14, 5],
                "texture": "#0"
            },
            "up": {
                "uv": [13, 4, 14, 5],
                "texture": "#0"
            },
            "down": {
                "uv": [13, 4, 14, 5],
                "texture": "#0"
            }
        }
    }, {
        "name": "hexadecagon",
        "from": [5.69945, 14.45852, 3.325],
        "to": [6.49945, 14.61764, 3.825],
        "rotation": {
            "angle": 22.5,
            "axis": "z",
            "origin": [7.9682, 13.57985, 6.18571]
        },
        "faces": {
            "north": {
                "uv": [13, 4, 14, 5],
                "texture": "#0"
            },
            "east": {
                "uv": [13, 4, 14, 5],
                "texture": "#0"
            },
            "south": {
                "uv": [13, 4, 14, 5],
                "texture": "#0"
            },
            "west": {
                "uv": [13, 4, 14, 5],
                "texture": "#0"
            },
            "up": {
                "uv": [13, 4, 14, 5],
                "texture": "#0"
            },
            "down": {
                "uv": [13, 4, 14, 5],
                "texture": "#0"
            }
        }
    }, {
        "name": "hexadecagon",
        "from": [5.475, 13.67044, 3.325],
        "to": [6.275, 13.82956, 3.825],
        "rotation": {
            "angle": 0,
            "axis": "z",
            "origin": [7.9682, 13.57985, 6.18571]
        },
        "faces": {
            "north": {
                "uv": [13, 4, 14, 5],
                "texture": "#0"
            },
            "east": {
                "uv": [13, 4, 14, 5],
                "texture": "#0"
            },
            "south": {
                "uv": [13, 4, 14, 5],
                "texture": "#0"
            },
            "west": {
                "uv": [13, 4, 14, 5],
                "texture": "#0"
            },
            "up": {
                "uv": [13, 4, 14, 5],
                "texture": "#0"
            },
            "down": {
                "uv": [13, 4, 14, 5],
                "texture": "#0"
            }
        }
    }]
}