{
	"credit": "Made with Blockbench",
	"texture_size": [128, 128],
	"textures": {
		"1": "item/hats/wizard_hat/wizard_hat",
		"2": "item/hats/wizard_hat/wizard_animation",
		"particle": "item/hats/wizard_hat/wizard_animation"
	},
	"elements": [
		{
			"from": [-5, -4, -5],
			"to": [21, -2, 21],
			"rotation": {"angle": 0, "axis": "y", "origin": [0, 12, 0]},
			"faces": {
				"north": {"uv": [5.75, 0.75, 9, 1], "texture": "#1"},
				"east": {"uv": [5.75, 1, 9, 1.25], "texture": "#1"},
				"south": {"uv": [5.75, 1.25, 9, 1.5], "texture": "#1"},
				"west": {"uv": [5.75, 1.5, 9, 1.75], "texture": "#1"},
				"up": {"uv": [3.25, 3.25, 0, 0], "texture": "#1"},
				"down": {"uv": [3.25, 3.25, 0, 6.5], "texture": "#1"}
			}
		},
		{
			"from": [3, 1, 3],
			"to": [13, 7, 13],
			"rotation": {"angle": 22.5, "axis": "x", "origin": [8, 1, 3]},
			"faces": {
				"north": {"uv": [3.25, 5.5, 4.5, 6.25], "texture": "#1"},
				"east": {"uv": [5.5, 4.25, 6.75, 5], "texture": "#1"},
				"south": {"uv": [5.5, 5, 6.75, 5.75], "texture": "#1"},
				"west": {"uv": [5.75, 0, 7, 0.75], "texture": "#1"},
				"up": {"uv": [4.5, 4.25, 3.25, 3], "texture": "#1"},
				"down": {"uv": [4.5, 4.25, 3.25, 5.5], "texture": "#1"}
			}
		},
		{
			"from": [2, -2, 2],
			"to": [14, 1, 14],
			"rotation": {"angle": 0, "axis": "y", "origin": [0, 9, 0]},
			"faces": {
				"north": {"uv": [6.375, 5.75, 7.875, 6.125], "texture": "#1"},
				"east": {"uv": [6.375, 6.125, 7.875, 6.5], "texture": "#1"},
				"south": {"uv": [0, 6.5, 1.5, 6.875], "texture": "#1"},
				"west": {"uv": [1.5, 6.5, 3, 6.875], "texture": "#1"},
				"up": {"uv": [4.75, 1.5, 3.25, 0], "texture": "#1"},
				"down": {"uv": [4.75, 1.5, 3.25, 3], "texture": "#1"}
			}
		},
		{
			"from": [7, -2, 1.75],
			"to": [13.5, 1, 1.75],
			"rotation": {"angle": 0, "axis": "y", "origin": [0, 9, 0]},
			"faces": {
				"north": {"uv": [0, 13.125, 6, 16], "texture": "#2"},
				"east": {"uv": [6.375, 6.125, 7.875, 6.5], "texture": "#1"},
				"south": {"uv": [6, 13.125, 0, 16], "texture": "#2"},
				"west": {"uv": [1.5, 6.5, 3, 6.875], "texture": "#1"}
			}
		},
		{
			"from": [2.5, -2, 1.75],
			"to": [9, 1, 1.75],
			"rotation": {"angle": 0, "axis": "y", "origin": [16, 9, 0]},
			"faces": {
				"north": {"uv": [6, 13.125, 0, 16], "texture": "#2"},
				"east": {"uv": [3, 6.5, 1.5, 6.875], "texture": "#1"},
				"south": {"uv": [0, 13.125, 6, 16], "texture": "#2"},
				"west": {"uv": [7.875, 6.125, 6.375, 6.5], "texture": "#1"}
			}
		},
		{
			"from": [4, 6.92596, 1.62778],
			"to": [12, 14.92596, 9.62778],
			"rotation": {"angle": 45, "axis": "x", "origin": [8, 1, 3]},
			"faces": {
				"north": {"uv": [4.5, 3, 5.5, 4], "texture": "#1"},
				"east": {"uv": [4.5, 4, 5.5, 5], "texture": "#1"},
				"south": {"uv": [4.75, 0, 5.75, 1], "texture": "#1"},
				"west": {"uv": [4.75, 1, 5.75, 2], "texture": "#1"},
				"up": {"uv": [5.75, 3, 4.75, 2], "texture": "#1"},
				"down": {"uv": [5.5, 5, 4.5, 6], "texture": "#1"}
			}
		},
		{
			"from": [5, 0.67312, 15.72347],
			"to": [11, 6.67312, 22.72347],
			"rotation": {"angle": -22.5, "axis": "x", "origin": [8, 1, 3]},
			"faces": {
				"north": {"uv": [3.25, 6.25, 4, 7], "texture": "#1"},
				"east": {"uv": [5.75, 1.75, 6.625, 2.5], "texture": "#1"},
				"south": {"uv": [6.25, 3.375, 7, 4.125], "texture": "#1"},
				"west": {"uv": [5.5, 5.75, 6.375, 6.5], "texture": "#1"},
				"up": {"uv": [5.25, 6.875, 4.5, 6], "texture": "#1"},
				"down": {"uv": [7, 2.5, 6.25, 3.375], "texture": "#1"}
			}
		},
		{
			"from": [6, 8.86525, 19.43378],
			"to": [10, 12.86525, 27.43378],
			"rotation": {"angle": 0, "axis": "y", "origin": [8, 1, 3]},
			"faces": {
				"north": {"uv": [5.75, 2.5, 6.25, 3], "texture": "#1"},
				"east": {"uv": [5.25, 6.5, 6.25, 7], "texture": "#1"},
				"south": {"uv": [6.625, 1.75, 7.125, 2.25], "texture": "#1"},
				"west": {"uv": [6.25, 6.5, 7.25, 7], "texture": "#1"},
				"up": {"uv": [4.5, 7.25, 4, 6.25], "texture": "#1"},
				"down": {"uv": [7.25, 4.125, 6.75, 5.125], "texture": "#1"}
			}
		},
		{
			"from": [8, -1, 21.25],
			"to": [8, 9, 27.25],
			"rotation": {"angle": 0, "axis": "y", "origin": [8, 7, 4]},
			"faces": {
				"north": {"uv": [0, 0, 0, 1.25], "texture": "#1"},
				"east": {"uv": [6, 0, 0, 10], "texture": "#2"},
				"south": {"uv": [0, 0, 0, 1.25], "texture": "#1"},
				"west": {"uv": [0, 0, 6, 10], "texture": "#2"},
				"up": {"uv": [0, 0.75, 0, 0], "texture": "#1"},
				"down": {"uv": [0, 0, 0, 0.75], "texture": "#1"}
			}
		}
	],
	"display": {
		"thirdperson_righthand": {
			"translation": [0, 4, 1.75],
			"scale": [0.33, 0.33, 0.33]
		},
		"thirdperson_lefthand": {
			"translation": [0, 4, 1.75],
			"scale": [0.33, 0.33, 0.33]
		},
		"firstperson_righthand": {
			"translation": [0, 4, 1.75],
			"scale": [0.33, 0.33, 0.33]
		},
		"firstperson_lefthand": {
			"translation": [0, 4, 1.75],
			"scale": [0.33, 0.33, 0.33]
		},
		"ground": {
			"translation": [0, 4.5, 0],
			"scale": [0.5, 0.5, 0.5]
		},
		"gui": {
			"rotation": [30, -135, 0],
			"translation": [0, 1.5, -1.5],
			"scale": [0.45, 0.45, 0.45]
		},
		"head": {
			"translation": [0, 17, 0],
			"scale": [0.9, 0.9, 0.9]
		},
		"fixed": {
			"translation": [0, 3.25, -2.5],
			"scale": [0.6, 0.6, 0.6]
		}
	}
}