{
	"credit": "Made with Blockbench",
	"texture_size": [64, 64],
	"textures": {
		"0": "item/pickaxes/ifrit_pickaxe/tex1",
		"1": "item/pickaxes/ifrit_pickaxe/hornfire",
		"particle": "item/pickaxes/ifrit_pickaxe/tex1"
	},
	"elements": [
		{
			"from": [6.95, -10, 7.05],
			"to": [8.95, 3, 9.05],
			"rotation": {"angle": 0, "axis": "y", "origin": [7.95, 2.53104, 8]},
			"faces": {
				"north": {"uv": [10.125, 5.25, 10.625, 8.5], "texture": "#0"},
				"east": {"uv": [9.625, 6.75, 10.125, 10], "texture": "#0"},
				"south": {"uv": [9.625, 3.5, 10.125, 6.75], "texture": "#0"},
				"west": {"uv": [10.125, 2, 10.625, 5.25], "texture": "#0"},
				"up": {"uv": [9.125, 8, 9.625, 8.5], "rotation": 90, "texture": "#0"},
				"down": {"uv": [9.125, 8, 9.625, 8.5], "rotation": 270, "texture": "#0"}
			}
		},
		{
			"from": [6.95, 3, 7.05],
			"to": [8.95, 16, 9.05],
			"rotation": {"angle": 0, "axis": "y", "origin": [7.95, 2.53104, 8]},
			"faces": {
				"north": {"uv": [10.125, 6.75, 9.625, 3.5], "texture": "#0"},
				"east": {"uv": [10.125, 10, 9.625, 6.75], "texture": "#0"},
				"south": {"uv": [10.625, 8.5, 10.125, 5.25], "texture": "#0"},
				"west": {"uv": [10.625, 5.25, 10.125, 2], "texture": "#0"},
				"up": {"uv": [9.625, 8.5, 9.125, 8], "rotation": 90, "texture": "#0"},
				"down": {"uv": [9.625, 8.5, 9.125, 8], "rotation": 270, "texture": "#0"}
			}
		},
		{
			"from": [6.45, -9.07221, -3.53253],
			"to": [9.45, -5.07221, 0.46747],
			"rotation": {"angle": -45, "axis": "x", "origin": [7.95, 2.53104, 8]},
			"faces": {
				"north": {"uv": [7.875, 7.25, 6.875, 8], "rotation": 90, "texture": "#0"},
				"east": {"uv": [8.625, 7, 9.625, 8], "rotation": 270, "texture": "#0"},
				"south": {"uv": [7.875, 7, 8.625, 8], "texture": "#0"},
				"west": {"uv": [8.625, 7, 9.625, 8], "texture": "#0"},
				"up": {"uv": [7.875, 7, 8.625, 8], "rotation": 180, "texture": "#0"},
				"down": {"uv": [6.875, 7.25, 7.875, 8], "rotation": 270, "texture": "#0"}
			}
		},
		{
			"from": [7.7, 1.00741, 9.0976],
			"to": [8.2, 5.00741, 10.5976],
			"rotation": {"angle": 0, "axis": "y", "origin": [7.95, 2.53104, 8]},
			"faces": {
				"north": {"uv": [4.5, 3.625, 4.625, 4.625], "texture": "#0"},
				"east": {"uv": [4.625, 3.25, 5.625, 3.625], "rotation": 90, "texture": "#0"},
				"south": {"uv": [4.625, 3.625, 4.75, 4.625], "rotation": 180, "texture": "#0"},
				"west": {"uv": [5.625, 3.25, 4.625, 3.625], "rotation": 270, "texture": "#0"},
				"up": {"uv": [4.5, 3.25, 4.625, 3.625], "texture": "#0"},
				"down": {"uv": [4.5, 3.25, 4.625, 3.625], "rotation": 180, "texture": "#0"}
			}
		},
		{
			"from": [7.45, 5.22824, 8.03129],
			"to": [8.45, 9.22824, 9.53129],
			"rotation": {"angle": 22.5, "axis": "x", "origin": [7.95, 2.53104, 8]},
			"faces": {
				"north": {"uv": [4, 3.375, 4.25, 4.375], "texture": "#0"},
				"east": {"uv": [4.5, 2.75, 5.5, 3.125], "rotation": 90, "texture": "#0"},
				"south": {"uv": [4.25, 3.5, 4.5, 4.5], "rotation": 180, "texture": "#0"},
				"west": {"uv": [5.5, 2.75, 4.5, 3.125], "rotation": 270, "texture": "#0"},
				"up": {"uv": [4.25, 3.125, 4.5, 3.5], "texture": "#0"},
				"down": {"uv": [4.25, 2.75, 4.5, 3.125], "rotation": 180, "texture": "#0"}
			}
		},
		{
			"from": [7.2, 8.12941, 9.98186],
			"to": [8.7, 11.12941, 11.98186],
			"rotation": {"angle": 0, "axis": "y", "origin": [7.95, 2.53104, 8]},
			"faces": {
				"north": {"uv": [2.375, 5.125, 2.75, 5.875], "texture": "#0"},
				"east": {"uv": [1.625, 5.125, 2.375, 5.625], "rotation": 90, "texture": "#0"},
				"south": {"uv": [2.75, 5.375, 3.125, 6.125], "rotation": 180, "texture": "#0"},
				"west": {"uv": [2.375, 5.125, 1.625, 5.625], "rotation": 270, "texture": "#0"},
				"up": {"uv": [1.25, 5.125, 1.625, 5.625], "texture": "#0"},
				"down": {"uv": [1.25, 5.125, 1.625, 5.625], "rotation": 180, "texture": "#0"}
			}
		},
		{
			"from": [6.95, 8.97203, 12.49434],
			"to": [8.95, 11.97203, 14.99434],
			"rotation": {"angle": -22.5, "axis": "x", "origin": [7.95, 2.53104, 8]},
			"faces": {
				"north": {"uv": [2.75, 4.625, 3.25, 5.375], "texture": "#0"},
				"east": {"uv": [3.25, 4, 4, 4.625], "rotation": 90, "texture": "#0"},
				"south": {"uv": [3.25, 4.625, 3.75, 5.375], "rotation": 180, "texture": "#0"},
				"west": {"uv": [4, 4, 3.25, 4.625], "rotation": 270, "texture": "#0"},
				"up": {"uv": [2.75, 4, 3.25, 4.625], "texture": "#0"},
				"down": {"uv": [3.5, 3.375, 4, 4], "rotation": 180, "texture": "#0"}
			}
		},
		{
			"from": [7.95, -16, 3.05],
			"to": [7.95, -10, 7.05],
			"rotation": {"angle": 0, "axis": "y", "origin": [7.95, 2.53104, 8]},
			"faces": {
				"north": {"uv": [0, 0, 1.25, 0], "rotation": 270, "texture": "#0"},
				"east": {"uv": [14.125, 0, 15.625, 1], "rotation": 90, "texture": "#0"},
				"south": {"uv": [0, 0, 1.25, 0], "rotation": 270, "texture": "#0"},
				"west": {"uv": [15.625, 0, 14.125, 1], "rotation": 270, "texture": "#0"},
				"up": {"uv": [0, 0, 0, 1], "texture": "#0"},
				"down": {"uv": [0, 0, 0, 1], "rotation": 180, "texture": "#0"}
			}
		},
		{
			"from": [7.95, -16, 9.05],
			"to": [7.95, -10, 13.05],
			"rotation": {"angle": 0, "axis": "y", "origin": [7.95, 2.53104, 8]},
			"faces": {
				"north": {"uv": [0, 0, 1.25, 0], "rotation": 270, "texture": "#0"},
				"east": {"uv": [14.125, 1, 15.625, 0], "rotation": 90, "texture": "#0"},
				"south": {"uv": [0, 0, 1.25, 0], "rotation": 270, "texture": "#0"},
				"west": {"uv": [15.625, 1, 14.125, 0], "rotation": 270, "texture": "#0"},
				"up": {"uv": [0, 1, 0, 0], "texture": "#0"},
				"down": {"uv": [0, 1, 0, 0], "rotation": 180, "texture": "#0"}
			}
		},
		{
			"from": [6.95, 9.0103, 1.09805],
			"to": [8.95, 12.0103, 3.59805],
			"rotation": {"angle": 22.5, "axis": "x", "origin": [7.95, 2.53104, 8]},
			"faces": {
				"north": {"uv": [3.75, 4.625, 3.25, 5.375], "rotation": 180, "texture": "#0"},
				"east": {"uv": [3.25, 4.625, 4, 4], "rotation": 90, "texture": "#0"},
				"south": {"uv": [3.25, 4.625, 2.75, 5.375], "texture": "#0"},
				"west": {"uv": [4, 4.625, 3.25, 4], "rotation": 270, "texture": "#0"},
				"up": {"uv": [2.75, 4.625, 3.25, 4], "texture": "#0"},
				"down": {"uv": [3.5, 4, 4, 3.375], "rotation": 180, "texture": "#0"}
			}
		},
		{
			"from": [7.2, 8.12941, 4.11814],
			"to": [8.7, 11.12941, 6.11814],
			"rotation": {"angle": 0, "axis": "y", "origin": [7.95, 2.53104, 8]},
			"faces": {
				"north": {"uv": [3.125, 5.375, 2.75, 6.125], "rotation": 180, "texture": "#0"},
				"east": {"uv": [1.625, 5.625, 2.375, 5.125], "rotation": 90, "texture": "#0"},
				"south": {"uv": [2.75, 5.125, 2.375, 5.875], "texture": "#0"},
				"west": {"uv": [2.375, 5.625, 1.625, 5.125], "rotation": 270, "texture": "#0"},
				"up": {"uv": [1.25, 5.625, 1.625, 5.125], "texture": "#0"},
				"down": {"uv": [1.25, 5.625, 1.625, 5.125], "rotation": 180, "texture": "#0"}
			}
		},
		{
			"from": [7.45, 5.18997, 6.5611],
			"to": [8.45, 9.18997, 8.0611],
			"rotation": {"angle": -22.5, "axis": "x", "origin": [7.95, 2.53104, 8]},
			"faces": {
				"north": {"uv": [4.5, 3.5, 4.25, 4.5], "rotation": 180, "texture": "#0"},
				"east": {"uv": [4.5, 3.125, 5.5, 2.75], "rotation": 90, "texture": "#0"},
				"south": {"uv": [4.25, 3.375, 4, 4.375], "texture": "#0"},
				"west": {"uv": [5.5, 3.125, 4.5, 2.75], "rotation": 270, "texture": "#0"},
				"up": {"uv": [4.25, 3.5, 4.5, 3.125], "texture": "#0"},
				"down": {"uv": [4.25, 3.125, 4.5, 2.75], "rotation": 180, "texture": "#0"}
			}
		},
		{
			"from": [7.7, 1.00741, 5.5024],
			"to": [8.2, 5.00741, 7.0024],
			"rotation": {"angle": 0, "axis": "y", "origin": [7.95, 2.53104, 8]},
			"faces": {
				"north": {"uv": [4.75, 3.625, 4.625, 4.625], "rotation": 180, "texture": "#0"},
				"east": {"uv": [4.625, 3.625, 5.625, 3.25], "rotation": 90, "texture": "#0"},
				"south": {"uv": [4.625, 3.625, 4.5, 4.625], "texture": "#0"},
				"west": {"uv": [5.625, 3.625, 4.625, 3.25], "rotation": 270, "texture": "#0"},
				"up": {"uv": [4.5, 3.625, 4.625, 3.25], "texture": "#0"},
				"down": {"uv": [4.5, 3.625, 4.625, 3.25], "rotation": 180, "texture": "#0"}
			}
		},
		{
			"from": [6.45, 0, 6.55],
			"to": [9.45, 1, 9.55],
			"rotation": {"angle": 0, "axis": "y", "origin": [7.95, 2.53104, 8]},
			"faces": {
				"north": {"uv": [5.625, 3.75, 6.375, 4], "texture": "#0"},
				"east": {"uv": [5.625, 2.75, 6.375, 3], "texture": "#0"},
				"south": {"uv": [5.625, 3.75, 6.375, 4], "texture": "#0"},
				"west": {"uv": [5.625, 2.75, 6.375, 3], "texture": "#0"},
				"up": {"uv": [5.625, 3, 6.375, 3.75], "rotation": 90, "texture": "#0"},
				"down": {"uv": [5.625, 4, 6.375, 4.75], "rotation": 270, "texture": "#0"}
			}
		},
		{
			"from": [6.45, -6, 6.55],
			"to": [9.45, -5, 9.55],
			"rotation": {"angle": 0, "axis": "y", "origin": [7.95, 2.53104, 8]},
			"faces": {
				"north": {"uv": [5.625, 3.75, 6.375, 4], "texture": "#0"},
				"east": {"uv": [5.625, 2.75, 6.375, 3], "texture": "#0"},
				"south": {"uv": [5.625, 3.75, 6.375, 4], "texture": "#0"},
				"west": {"uv": [5.625, 2.75, 6.375, 3], "texture": "#0"},
				"up": {"uv": [5.625, 3, 6.375, 3.75], "rotation": 90, "texture": "#0"},
				"down": {"uv": [5.625, 4, 6.375, 4.75], "rotation": 270, "texture": "#0"}
			}
		},
		{
			"from": [6.95, 13.87073, 5.58321],
			"to": [8.95, 16.87073, 8.58321],
			"rotation": {"angle": -22.5, "axis": "x", "origin": [7.95, 2.53104, 8]},
			"faces": {
				"north": {"uv": [3.125, 5.875, 3.875, 5.375], "rotation": 270, "texture": "#0"},
				"east": {"uv": [3.875, 6.125, 4.625, 5.375], "rotation": 90, "texture": "#0"},
				"south": {"uv": [3.125, 5.875, 3.875, 5.375], "rotation": 270, "texture": "#0"},
				"west": {"uv": [4.625, 6.125, 3.875, 5.375], "rotation": 270, "texture": "#0"},
				"up": {"uv": [5.125, 6.125, 5.625, 5.375], "texture": "#0"},
				"down": {"uv": [4.625, 6.125, 5.125, 5.375], "rotation": 180, "texture": "#0"}
			}
		},
		{
			"from": [7.2, 1.23475, -6.14894],
			"to": [8.7, 5.73475, -3.64894],
			"rotation": {"angle": 45, "axis": "x", "origin": [7.95, 2.53104, 8]},
			"faces": {
				"north": {"uv": [3, 6.875, 4.125, 6.5], "rotation": 90, "texture": "#0"},
				"east": {"uv": [4.125, 6.125, 5.25, 6.75], "rotation": 90, "texture": "#0"},
				"south": {"uv": [3, 6.5, 4.125, 6.125], "rotation": 90, "texture": "#0"},
				"west": {"uv": [4.125, 6.75, 5.25, 6.125], "rotation": 90, "texture": "#0"},
				"up": {"uv": [5.25, 6.75, 5.625, 6.125], "rotation": 180, "texture": "#0"},
				"down": {"uv": [5.25, 6.75, 5.625, 6.125], "texture": "#0"}
			}
		},
		{
			"from": [7.45, 2.22065, -5.55874],
			"to": [8.45, 6.72065, -4.05874],
			"rotation": {"angle": 22.5, "axis": "x", "origin": [7.95, 2.53104, 8]},
			"faces": {
				"north": {"uv": [1, 6.875, 2.125, 6.625], "rotation": 90, "texture": "#0"},
				"east": {"uv": [1.25, 6.875, 2.375, 7.25], "rotation": 90, "texture": "#0"},
				"south": {"uv": [2.375, 7.25, 3.5, 7], "rotation": 90, "texture": "#0"},
				"west": {"uv": [1.25, 7.25, 2.375, 6.875], "rotation": 90, "texture": "#0"},
				"up": {"uv": [1, 7.25, 1.25, 6.875], "rotation": 180, "texture": "#0"},
				"down": {"uv": [1, 7.25, 1.25, 6.875], "texture": "#0"}
			}
		},
		{
			"from": [7.2, 1.23475, 19.64894],
			"to": [8.7, 5.73475, 22.14894],
			"rotation": {"angle": -45, "axis": "x", "origin": [7.95, 2.53104, 8]},
			"faces": {
				"north": {"uv": [3, 6.125, 4.125, 6.5], "rotation": 90, "texture": "#0"},
				"east": {"uv": [4.125, 6.75, 5.25, 6.125], "rotation": 90, "texture": "#0"},
				"south": {"uv": [3, 6.5, 4.125, 6.875], "rotation": 90, "texture": "#0"},
				"west": {"uv": [4.125, 6.125, 5.25, 6.75], "rotation": 90, "texture": "#0"},
				"up": {"uv": [5.25, 6.125, 5.625, 6.75], "rotation": 180, "texture": "#0"},
				"down": {"uv": [5.25, 6.125, 5.625, 6.75], "texture": "#0"}
			}
		},
		{
			"from": [7.45, 2.22065, 20.05874],
			"to": [8.45, 6.72065, 21.55874],
			"rotation": {"angle": -22.5, "axis": "x", "origin": [7.95, 2.53104, 8]},
			"faces": {
				"north": {"uv": [2.375, 7, 3.5, 7.25], "rotation": 90, "texture": "#0"},
				"east": {"uv": [1.25, 7.25, 2.375, 6.875], "rotation": 90, "texture": "#0"},
				"south": {"uv": [1, 6.625, 2.125, 6.875], "rotation": 90, "texture": "#0"},
				"west": {"uv": [1.25, 6.875, 2.375, 7.25], "rotation": 90, "texture": "#0"},
				"up": {"uv": [1, 6.875, 1.25, 7.25], "rotation": 180, "texture": "#0"},
				"down": {"uv": [1, 6.875, 1.25, 7.25], "texture": "#0"}
			}
		},
		{
			"from": [6.95, 13.87073, 7.41679],
			"to": [8.95, 16.87073, 10.41679],
			"rotation": {"angle": 22.5, "axis": "x", "origin": [7.95, 2.53104, 8]},
			"faces": {
				"north": {"uv": [3.125, 5.375, 3.875, 5.875], "rotation": 270, "texture": "#0"},
				"east": {"uv": [3.875, 5.375, 4.625, 6.125], "rotation": 90, "texture": "#0"},
				"south": {"uv": [3.125, 5.375, 3.875, 5.875], "rotation": 270, "texture": "#0"},
				"west": {"uv": [4.625, 5.375, 3.875, 6.125], "rotation": 270, "texture": "#0"},
				"up": {"uv": [5.125, 5.375, 5.625, 6.125], "texture": "#0"},
				"down": {"uv": [4.625, 5.375, 5.125, 6.125], "rotation": 180, "texture": "#0"}
			}
		},
		{
			"from": [6.4, 9.86718, 8.6017],
			"to": [9.4, 16.86718, 11.1017],
			"rotation": {"angle": -22.5, "axis": "x", "origin": [7.95, 2.53104, 8]},
			"faces": {
				"north": {"uv": [2, 3.375, 1.25, 5.125], "texture": "#0"},
				"east": {"uv": [4.25, 2.75, 2.5, 3.375], "rotation": 90, "texture": "#0"},
				"south": {"uv": [2.75, 3.375, 2, 5.125], "rotation": 180, "texture": "#0"},
				"west": {"uv": [2.5, 2.75, 4.25, 3.375], "rotation": 270, "texture": "#0"},
				"up": {"uv": [2.5, 2.75, 1.75, 3.375], "texture": "#0"},
				"down": {"uv": [3.5, 3.375, 2.75, 4], "rotation": 180, "texture": "#0"}
			}
		},
		{
			"from": [5.95, 9.29749, -3.69575],
			"to": [6.95, 14.29749, 1.30425],
			"rotation": {"angle": 45, "axis": "x", "origin": [7.95, 2.53104, 8]},
			"faces": {
				"north": {"uv": [5.25, 0.75, 5, 2], "rotation": 180, "texture": "#0"},
				"east": {"uv": [6.5, 0.75, 5.25, 2], "rotation": 180, "texture": "#0"},
				"south": {"uv": [5, 0.75, 6.25, 0.5], "rotation": 270, "texture": "#0"},
				"west": {"uv": [5.25, 2, 6.5, 0.75], "rotation": 90, "texture": "#0"},
				"up": {"uv": [5.25, 0.75, 5, 2], "texture": "#0"},
				"down": {"uv": [5, 0.75, 6.25, 0.5], "rotation": 90, "texture": "#0"}
			}
		},
		{
			"from": [6.95, 9.29749, -3.69575],
			"to": [8.95, 14.29749, 1.30425],
			"rotation": {"angle": 45, "axis": "x", "origin": [7.95, 2.53104, 8]},
			"faces": {
				"north": {"uv": [6.125, 5.375, 5.625, 6.625], "rotation": 180, "texture": "#0"},
				"east": {"uv": [5.625, 5.375, 4.375, 6.625], "rotation": 180, "texture": "#0"},
				"south": {"uv": [3.125, 5.875, 4.375, 5.375], "rotation": 270, "texture": "#0"},
				"west": {"uv": [4.375, 6.625, 5.625, 5.375], "rotation": 90, "texture": "#0"},
				"up": {"uv": [6.125, 6.625, 5.625, 5.375], "texture": "#0"},
				"down": {"uv": [3.125, 5.875, 4.375, 5.375], "rotation": 90, "texture": "#0"}
			}
		},
		{
			"from": [8.95, 9.29749, -3.69575],
			"to": [9.95, 14.29749, 1.30425],
			"rotation": {"angle": 45, "axis": "x", "origin": [7.95, 2.53104, 8]},
			"faces": {
				"north": {"uv": [5, 0.75, 5.25, 2], "rotation": 180, "texture": "#0"},
				"east": {"uv": [5.25, 0.75, 6.5, 2], "rotation": 90, "texture": "#0"},
				"south": {"uv": [5, 0.75, 6.25, 0.5], "rotation": 270, "texture": "#0"},
				"west": {"uv": [5.25, 0.75, 6.5, 2], "rotation": 180, "texture": "#0"},
				"up": {"uv": [5, 0.75, 5.25, 2], "texture": "#0"},
				"down": {"uv": [5, 0.5, 6.25, 0.75], "rotation": 90, "texture": "#0"}
			}
		},
		{
			"from": [7.95, 16.15033, 1.62374],
			"to": [7.95, 20.15033, 8.62374],
			"rotation": {"angle": 22.5, "axis": "x", "origin": [7.95, 2.53104, 8]},
			"faces": {
				"north": {"uv": [13, 12.25, 13, 13.25], "texture": "#0"},
				"east": {"uv": [14.125, 0, 15.875, 1], "texture": "#0"},
				"south": {"uv": [13, 12.25, 13, 13.25], "texture": "#0"},
				"west": {"uv": [15.875, 0, 14.125, 1], "texture": "#0"},
				"up": {"uv": [15, 9.5, 15, 13], "rotation": 180, "texture": "#0"},
				"down": {"uv": [14, 10.25, 14, 13.75], "rotation": 180, "texture": "#0"}
			}
		},
		{
			"from": [7.95, 11.43353, 5.85451],
			"to": [7.95, 15.43353, 12.85451],
			"rotation": {"angle": 45, "axis": "x", "origin": [7.95, 2.53104, 8]},
			"faces": {
				"north": {"uv": [13, 13.25, 13, 12.25], "texture": "#0"},
				"east": {"uv": [12.375, 1, 14.125, 0], "texture": "#0"},
				"south": {"uv": [13, 13.25, 13, 12.25], "texture": "#0"},
				"west": {"uv": [14.125, 1, 12.375, 0], "texture": "#0"},
				"up": {"uv": [14, 10.25, 14, 13.75], "texture": "#0"},
				"down": {"uv": [15, 9.5, 15, 13], "texture": "#0"}
			}
		},
		{
			"from": [7.95, 11.36282, 3.2162],
			"to": [7.95, 15.36282, 10.2162],
			"rotation": {"angle": -45, "axis": "x", "origin": [7.95, 2.53104, 8]},
			"faces": {
				"north": {"uv": [13, 13.25, 13, 12.25], "texture": "#0"},
				"east": {"uv": [14.125, 1, 12.375, 0], "texture": "#0"},
				"south": {"uv": [13, 13.25, 13, 12.25], "texture": "#0"},
				"west": {"uv": [12.375, 1, 14.125, 0], "texture": "#0"},
				"up": {"uv": [14, 13.75, 14, 10.25], "texture": "#0"},
				"down": {"uv": [15, 13, 15, 9.5], "texture": "#0"}
			}
		},
		{
			"from": [7.95, 16.11206, 7.46864],
			"to": [7.95, 20.11206, 14.46864],
			"rotation": {"angle": -22.5, "axis": "x", "origin": [7.95, 2.53104, 8]},
			"faces": {
				"north": {"uv": [13, 12.25, 13, 13.25], "texture": "#0"},
				"east": {"uv": [15.875, 0, 14.125, 1], "texture": "#0"},
				"south": {"uv": [13, 12.25, 13, 13.25], "texture": "#0"},
				"west": {"uv": [14.125, 0, 15.875, 1], "texture": "#0"},
				"up": {"uv": [15, 13, 15, 9.5], "rotation": 180, "texture": "#0"},
				"down": {"uv": [14, 13.75, 14, 10.25], "rotation": 180, "texture": "#0"}
			}
		},
		{
			"from": [7.95, -4, 5.05],
			"to": [7.95, 13, 19.05],
			"rotation": {"angle": 0, "axis": "y", "origin": [7.95, 2.53104, 8]},
			"faces": {
				"north": {"uv": [7.5, 16, 7.5, 0], "rotation": 180, "texture": "#1"},
				"east": {"uv": [16, 14, 0, 0], "rotation": 90, "texture": "#1"},
				"south": {"uv": [6.875, 16, 6.875, 0], "texture": "#1"},
				"west": {"uv": [0, 14, 16, 0], "rotation": 270, "texture": "#1"},
				"up": {"uv": [8.125, 16, 8.125, 2], "texture": "#1"},
				"down": {"uv": [8.125, 16, 8.125, 2], "rotation": 180, "texture": "#1"}
			}
		},
		{
			"from": [7.95, -4, -2.95],
			"to": [7.95, 13, 11.05],
			"rotation": {"angle": 0, "axis": "y", "origin": [7.95, 2.53104, 8]},
			"faces": {
				"north": {"uv": [6.875, 16, 6.875, 0], "texture": "#1"},
				"east": {"uv": [16, 0, 0, 14], "rotation": 90, "texture": "#1"},
				"south": {"uv": [7.5, 16, 7.5, 0], "rotation": 180, "texture": "#1"},
				"west": {"uv": [0, 0, 16, 14], "rotation": 270, "texture": "#1"},
				"up": {"uv": [8.125, 2, 8.125, 16], "texture": "#1"},
				"down": {"uv": [8.125, 2, 8.125, 16], "rotation": 180, "texture": "#1"}
			}
		},
		{
			"from": [6.4, 9.88631, 4.9445],
			"to": [9.4, 16.88631, 7.4445],
			"rotation": {"angle": 22.5, "axis": "x", "origin": [7.95, 2.53104, 8]},
			"faces": {
				"north": {"uv": [2, 3.375, 2.75, 5.125], "rotation": 180, "texture": "#0"},
				"east": {"uv": [4.25, 3.375, 2.5, 2.75], "rotation": 90, "texture": "#0"},
				"south": {"uv": [1.25, 3.375, 2, 5.125], "texture": "#0"},
				"west": {"uv": [2.5, 3.375, 4.25, 2.75], "rotation": 270, "texture": "#0"},
				"up": {"uv": [2.5, 3.375, 1.75, 2.75], "texture": "#0"},
				"down": {"uv": [3.5, 4, 2.75, 3.375], "rotation": 180, "texture": "#0"}
			}
		}
	],
	"gui_light": "front",
	"display": {
		"thirdperson_righthand": {
			"translation": [0, 7, 1],
			"scale": [0.7, 0.7, 0.7]
		},
		"thirdperson_lefthand": {
			"translation": [0, 7, 1],
			"scale": [0.7, 0.7, 0.7]
		},
		"firstperson_righthand": {
			"rotation": [20, 15, 3],
			"translation": [1, 4.5, 1],
			"scale": [0.4, 0.4, 0.4]
		},
		"firstperson_lefthand": {
			"rotation": [20, 15, 3],
			"translation": [1, 4.5, 1],
			"scale": [0.4, 0.4, 0.4]
		},
		"ground": {
			"rotation": [0, 0, 90],
			"translation": [-4.75, 0.25, 0],
			"scale": [0.5, 0.5, 0.5]
		},
		"gui": {
			"rotation": [-90, -45, -90],
            "translation": [2, 1.5, 0],
            "scale": [0.45, 0.45, 0.45]
		},
		"head": {
			"rotation": [90, -168, 90],
			"translation": [-0.5, 11.75, 0],
			"scale": [0.56, 0.56, 0.56]
		},
		"fixed": {
			"rotation": [0, 90, 0],
			"translation": [0, 3, -2.25],
			"scale": [1.07898, 1.07898, 1.07898]
		}
	}
}