{
    "display": {
        "thirdperson_righthand": {
            "translation": [0, -2, 2],
            "scale": [0.9, 0.9, 0.9]
        },
        "thirdperson_lefthand": {
            "translation": [0, -2, 2],
            "scale": [0.9, 0.9, 0.9]
        },
        "firstperson_righthand": {
            "rotation": [15, 0, 2.5],
            "translation": [1.75, -2.25, 0],
            "scale": [0.85, 0.85, 0.85]
        },
        "firstperson_lefthand": {
            "rotation": [-25.5, 0, 0],
            "translation": [3.75, -2.25, 0]
        },
        "ground": {
            "scale": [0.65, 0.65, 0.65]
        },
        "gui": {
            "rotation": [46.99, 42.89, -57.64],
            "translation": [-3.5, -4, 0],
            "scale": [0.85, 0.85, 0.85]
        },
        "fixed": {
            "rotation": [0, 0, 45],
            "translation": [2, -2, -0.5],
            "scale": [0.5, 0.5, 0.5]
        }
    },
    "ambientocclusion": false,
    "texture_size": [64, 64],
    "textures": {
        "0": "item/pickaxes/soulless_pickaxe",
        "particle": "item/pickaxes/soulless_pickaxe"
    },
    "elements": [{
        "from": [8, 4, 7],
        "to": [9, 14, 8],
        "rotation": {
            "angle": 0,
            "axis": "y",
            "origin": [0, 4, 0]
        },
        "faces": {
            "north": {
                "uv": [11, 9.75, 11.75, 15.25],
                "texture": "#0"
            },
            "east": {
                "uv": [11, 9.75, 11.75, 15.25],
                "texture": "#0"
            },
            "south": {
                "uv": [11, 9.75, 11.75, 15.25],
                "texture": "#0"
            },
            "west": {
                "uv": [11, 9.75, 11.75, 15.25],
                "texture": "#0"
            },
            "up": {
                "uv": [9.5, 8.75, 10.25, 9.75],
                "texture": "#0"
            },
            "down": {
                "uv": [10.25, 8.75, 9.5, 9.75],
                "texture": "#0"
            }
        }
    }, {
        "from": [8.5, 2.95, 5.55],
        "to": [8.5, 13, 7],
        "rotation": {
            "angle": 0,
            "axis": "y",
            "origin": [0, 4, 0]
        },
        "faces": {
            "north": {
                "uv": [11, 9.75, 11.75, 15.25],
                "texture": "#0"
            },
            "east": {
                "uv": [12, 10, 13, 16],
                "texture": "#0"
            },
            "south": {
                "uv": [11, 9.75, 11.75, 15.25],
                "texture": "#0"
            },
            "west": {
                "uv": [9.75, 10.025, 10.75, 16],
                "texture": "#0"
            },
            "up": {
                "uv": [9.5, 8.75, 10.25, 9.75],
                "texture": "#0"
            },
            "down": {
                "uv": [10.25, 8.75, 9.5, 9.75],
                "texture": "#0"
            }
        }
    }, {
        "from": [8.5, 2.95, 8.05],
        "to": [8.5, 13, 9.55],
        "rotation": {
            "angle": 0,
            "axis": "y",
            "origin": [0, 4, 0]
        },
        "faces": {
            "north": {
                "uv": [11, 9.75, 11.75, 15.25],
                "texture": "#0"
            },
            "east": {
                "uv": [9.75, 10, 10.75, 16],
                "texture": "#0"
            },
            "south": {
                "uv": [11, 9.75, 11.75, 15.25],
                "texture": "#0"
            },
            "west": {
                "uv": [12, 10.025, 13, 16],
                "texture": "#0"
            },
            "up": {
                "uv": [9.5, 8.75, 10.25, 9.75],
                "texture": "#0"
            },
            "down": {
                "uv": [10.25, 8.75, 9.5, 9.75],
                "texture": "#0"
            }
        }
    }, {
        "from": [8, 3.7, 7],
        "to": [9, 4, 8],
        "rotation": {
            "angle": 0,
            "axis": "y",
            "origin": [0, 4, 0]
        },
        "faces": {
            "north": {
                "uv": [11, 15.5, 11.75, 15.75],
                "texture": "#0"
            },
            "east": {
                "uv": [11, 15.5, 11.75, 15.75],
                "texture": "#0"
            },
            "south": {
                "uv": [11, 15.5, 11.75, 15.75],
                "texture": "#0"
            },
            "west": {
                "uv": [11, 15.5, 11.75, 15.75],
                "texture": "#0"
            },
            "up": {
                "uv": [9.5, 8.75, 10.25, 9.75],
                "texture": "#0"
            },
            "down": {
                "uv": [10.25, 8.75, 9.5, 9.75],
                "texture": "#0"
            }
        }
    }, {
        "from": [8, 3.4, 7],
        "to": [9, 3.7, 7.3],
        "rotation": {
            "angle": 0,
            "axis": "y",
            "origin": [0, 4, 0]
        },
        "faces": {
            "north": {
                "uv": [11, 15.75, 11.75, 15.5],
                "texture": "#0"
            },
            "east": {
                "uv": [11, 15.75, 11.25, 16],
                "texture": "#0"
            },
            "south": {
                "uv": [12.75, 9.25, 13.5, 9.5],
                "texture": "#0"
            },
            "west": {
                "uv": [11, 15.75, 11.25, 16],
                "texture": "#0"
            },
            "up": {
                "uv": [9.5, 8.75, 10.25, 9.75],
                "texture": "#0"
            },
            "down": {
                "uv": [10.25, 8.75, 9.5, 9.75],
                "texture": "#0"
            }
        }
    }, {
        "from": [8, 3.4, 7.7],
        "to": [9, 3.7, 8],
        "rotation": {
            "angle": 0,
            "axis": "y",
            "origin": [0, 4, 0]
        },
        "faces": {
            "north": {
                "uv": [12.75, 9.25, 13.5, 9.5],
                "texture": "#0"
            },
            "east": {
                "uv": [11, 15.75, 11.25, 16],
                "texture": "#0"
            },
            "south": {
                "uv": [11, 15.5, 11.75, 15.75],
                "texture": "#0"
            },
            "west": {
                "uv": [11, 15.75, 11.25, 16],
                "texture": "#0"
            },
            "up": {
                "uv": [9.5, 8.75, 10.25, 9.75],
                "texture": "#0"
            },
            "down": {
                "uv": [10.25, 8.75, 9.5, 9.75],
                "texture": "#0"
            }
        }
    }, {
        "from": [8, 14, 6.6],
        "to": [9, 15.3, 8.4],
        "rotation": {
            "angle": 0,
            "axis": "y",
            "origin": [0, 4, 0]
        },
        "faces": {
            "north": {
                "uv": [9.5, 8.75, 10.25, 9.75],
                "texture": "#0"
            },
            "east": {
                "uv": [11, 8.5, 12.25, 9.5],
                "texture": "#0"
            },
            "south": {
                "uv": [9.5, 8.75, 10.25, 9.75],
                "texture": "#0"
            },
            "west": {
                "uv": [11, 8.525, 12.25, 9.5],
                "texture": "#0"
            },
            "up": {
                "uv": [9.5, 8.75, 10.25, 9.75],
                "texture": "#0"
            },
            "down": {
                "uv": [10.25, 8.75, 9.5, 9.75],
                "texture": "#0"
            }
        }
    }, {
        "from": [8, 15.3, 6.3],
        "to": [9, 16.9, 8.7],
        "rotation": {
            "angle": 0,
            "axis": "y",
            "origin": [0, 4, 0]
        },
        "faces": {
            "north": {
                "uv": [9.5, 8.75, 10.25, 9.75],
                "texture": "#0"
            },
            "east": {
                "uv": [10.5, 7.025, 12.5, 8.25],
                "texture": "#0"
            },
            "south": {
                "uv": [9.5, 8.75, 10.25, 9.75],
                "texture": "#0"
            },
            "west": {
                "uv": [10.5, 7.025, 12.5, 8.25],
                "texture": "#0"
            },
            "up": {
                "uv": [9.5, 8.75, 10.25, 9.75],
                "texture": "#0"
            },
            "down": {
                "uv": [10.25, 8.75, 9.5, 9.75],
                "texture": "#0"
            }
        }
    }, {
        "from": [8.6, 16.65, 6.3],
        "to": [9.6, 19, 8.7],
        "rotation": {
            "angle": -22.5,
            "axis": "z",
            "origin": [9.5, 18.1, 7.5]
        },
        "faces": {
            "north": {
                "uv": [3.75, 5.75, 5, 8.25],
                "texture": "#0"
            },
            "east": {
                "uv": [10.5, 4.525, 12.5, 7],
                "texture": "#0"
            },
            "south": {
                "uv": [4.5, 5.75, 5.75, 8.25],
                "texture": "#0"
            },
            "west": {
                "uv": [10.5, 7.025, 12.5, 8.25],
                "texture": "#0"
            },
            "up": {
                "uv": [4.5, 6, 5.75, 8],
                "texture": "#0"
            },
            "down": {
                "uv": [8.25, 8.75, 7.5, 9.75],
                "texture": "#0"
            }
        }
    }, {
        "from": [7.17745, 16.58937, 6.3],
        "to": [8.17745, 18.93937, 8.7],
        "rotation": {
            "angle": 22.5,
            "axis": "z",
            "origin": [7.17745, 18.76437, 7.5]
        },
        "faces": {
            "north": {
                "uv": [4.5, 5.75, 5.75, 8.25],
                "texture": "#0"
            },
            "east": {
                "uv": [10.5, 4.525, 12.5, 6.75],
                "texture": "#0"
            },
            "south": {
                "uv": [3.75, 5.75, 5, 8.25],
                "texture": "#0"
            },
            "west": {
                "uv": [10.5, 4.525, 12.5, 7],
                "texture": "#0"
            },
            "up": {
                "uv": [3.75, 5.75, 5, 8],
                "texture": "#0"
            },
            "down": {
                "uv": [8.5, 8.75, 7.75, 9.75],
                "texture": "#0"
            }
        }
    }, {
        "from": [8.5, 15.05, 4.5],
        "to": [8.5, 16.9, 6.35],
        "rotation": {
            "angle": 0,
            "axis": "y",
            "origin": [0, 4, 0]
        },
        "faces": {
            "north": {
                "uv": [9.5, 8.75, 10.25, 9.75],
                "texture": "#0"
            },
            "east": {
                "uv": [12.75, 7.025, 14.25, 8.5],
                "texture": "#0"
            },
            "south": {
                "uv": [9.5, 8.75, 10.25, 9.75],
                "texture": "#0"
            },
            "west": {
                "uv": [8.75, 7.025, 10.25, 8.5],
                "texture": "#0"
            },
            "up": {
                "uv": [9.5, 8.75, 10.25, 9.75],
                "texture": "#0"
            },
            "down": {
                "uv": [10.25, 8.75, 9.5, 9.75],
                "texture": "#0"
            }
        }
    }, {
        "from": [8.5, 15.05, 8.7],
        "to": [8.5, 16.9, 10.55],
        "rotation": {
            "angle": 0,
            "axis": "y",
            "origin": [0, 4, 0]
        },
        "faces": {
            "north": {
                "uv": [9.5, 8.75, 10.25, 9.75],
                "texture": "#0"
            },
            "east": {
                "uv": [8.75, 7.025, 10.25, 8.5],
                "texture": "#0"
            },
            "south": {
                "uv": [9.5, 8.75, 10.25, 9.75],
                "texture": "#0"
            },
            "west": {
                "uv": [12.75, 7.025, 14.25, 8.5],
                "texture": "#0"
            },
            "up": {
                "uv": [9.5, 8.75, 10.25, 9.75],
                "texture": "#0"
            },
            "down": {
                "uv": [10.25, 8.75, 9.5, 9.75],
                "texture": "#0"
            }
        }
    }, {
        "from": [8, 16.9, 5.1],
        "to": [9, 19.6, 9.9],
        "rotation": {
            "angle": 0,
            "axis": "y",
            "origin": [0, 4, 0]
        },
        "faces": {
            "north": {
                "uv": [9.5, 8.75, 10.25, 9.75],
                "texture": "#0"
            },
            "east": {
                "uv": [9.5, 4.525, 13.5, 6.75],
                "texture": "#0"
            },
            "south": {
                "uv": [9.5, 8.75, 10.25, 9.75],
                "texture": "#0"
            },
            "west": {
                "uv": [9.5, 4.525, 13.5, 6.75],
                "texture": "#0"
            },
            "up": {
                "uv": [9.5, 8.75, 10.25, 9.75],
                "texture": "#0"
            },
            "down": {
                "uv": [10.25, 8.75, 9.5, 9.75],
                "texture": "#0"
            }
        }
    }, {
        "from": [8.5, 16.9, 9.9],
        "to": [8.5, 19.6, 16.7],
        "rotation": {
            "angle": 0,
            "axis": "y",
            "origin": [0, 4, 0]
        },
        "faces": {
            "north": {
                "uv": [9.5, 8.75, 10.25, 9.75],
                "texture": "#0"
            },
            "east": {
                "uv": [2, 0.525, 7.25, 2.75],
                "texture": "#0"
            },
            "south": {
                "uv": [9.5, 8.75, 10.25, 9.75],
                "texture": "#0"
            },
            "west": {
                "uv": [8.5, 0.525, 13.75, 2.75],
                "texture": "#0"
            },
            "up": {
                "uv": [9.5, 8.75, 10.25, 9.75],
                "texture": "#0"
            },
            "down": {
                "uv": [10.25, 8.75, 9.5, 9.75],
                "texture": "#0"
            }
        }
    }, {
        "from": [8.5, 16.9, -1.7],
        "to": [8.5, 19.6, 5.1],
        "rotation": {
            "angle": 0,
            "axis": "y",
            "origin": [0, 4, 0]
        },
        "faces": {
            "north": {
                "uv": [9.5, 8.75, 10.25, 9.75],
                "texture": "#0"
            },
            "east": {
                "uv": [8.5, 0.525, 13.75, 2.75],
                "texture": "#0"
            },
            "south": {
                "uv": [9.5, 8.75, 10.25, 9.75],
                "texture": "#0"
            },
            "west": {
                "uv": [2, 0.525, 7.25, 2.75],
                "texture": "#0"
            },
            "up": {
                "uv": [9.5, 8.75, 10.25, 9.75],
                "texture": "#0"
            },
            "down": {
                "uv": [10.25, 8.75, 9.5, 9.75],
                "texture": "#0"
            }
        }
    }, {
        "from": [8.5, 15.6, -2.7],
        "to": [8.5, 16.9, 0.6],
        "rotation": {
            "angle": 0,
            "axis": "y",
            "origin": [0, 4, 0]
        },
        "faces": {
            "north": {
                "uv": [9.5, 8.75, 10.25, 9.75],
                "texture": "#0"
            },
            "east": {
                "uv": [4.25, 3.025, 6.75, 4],
                "texture": "#0"
            },
            "south": {
                "uv": [9.5, 8.75, 10.25, 9.75],
                "texture": "#0"
            },
            "west": {
                "uv": [1.25, 3.025, 3.75, 4],
                "texture": "#0"
            },
            "up": {
                "uv": [9.5, 8.75, 10.25, 9.75],
                "texture": "#0"
            },
            "down": {
                "uv": [10.25, 8.75, 9.5, 9.75],
                "texture": "#0"
            }
        }
    }, {
        "from": [8.5, 15.6, 14.45],
        "to": [8.5, 16.9, 17.65],
        "rotation": {
            "angle": 0,
            "axis": "y",
            "origin": [0, 4, 0]
        },
        "faces": {
            "north": {
                "uv": [9.5, 8.75, 10.25, 9.75],
                "texture": "#0"
            },
            "east": {
                "uv": [1.25, 3.025, 3.75, 4],
                "texture": "#0"
            },
            "south": {
                "uv": [9.5, 8.75, 10.25, 9.75],
                "texture": "#0"
            },
            "west": {
                "uv": [4.25, 3.025, 6.75, 4],
                "texture": "#0"
            },
            "up": {
                "uv": [9.5, 8.75, 10.25, 9.75],
                "texture": "#0"
            },
            "down": {
                "uv": [10.25, 8.75, 9.5, 9.75],
                "texture": "#0"
            }
        }
    }, {
        "from": [8.5, 19.6, 5.6],
        "to": [8.5, 20.5, 9.3],
        "rotation": {
            "angle": 0,
            "axis": "y",
            "origin": [0, 4, 0]
        },
        "faces": {
            "north": {
                "uv": [9.5, 8.75, 10.25, 9.75],
                "texture": "#0"
            },
            "east": {
                "uv": [10, 3.525, 13, 4.25],
                "texture": "#0"
            },
            "south": {
                "uv": [9.5, 8.75, 10.25, 9.75],
                "texture": "#0"
            },
            "west": {
                "uv": [10, 3.525, 13, 4.25],
                "texture": "#0"
            },
            "up": {
                "uv": [9.5, 8.75, 10.25, 9.75],
                "texture": "#0"
            },
            "down": {
                "uv": [10.25, 8.75, 9.5, 9.75],
                "texture": "#0"
            }
        }
    }]
}