{
  "parent": "item/generated",
  "textures": {
    "layer0": "item/bow"
  },
  "display": {
    "thirdperson_righthand": {
      "rotation": [-80, 260, -40],
      "translation": [-1, -2, 2.5],
      "scale": [0.9, 0.9, 0.9]
    },
    "thirdperson_lefthand": {
      "rotation": [-80, -280, 40],
      "translation": [-1, -2, 2.5],
      "scale": [0.9, 0.9, 0.9]
    },
    "firstperson_righthand": {
      "rotation": [0, -90, 25],
      "translation": [1.13, 3.2, 1.13],
      "scale": [0.68, 0.68, 0.68]
    },
    "firstperson_lefthand": {
      "rotation": [0, 90, -25],
      "translation": [1.13, 3.2, 1.13],
      "scale": [0.68, 0.68, 0.68]
    }
  },
  "overrides": [
    {"predicate":{"pulling":1},"model":"item/bow_pulling_0"},
    {"predicate":{"pulling":1,"pull": 0.65},"model":"item/bow_pulling_1"},
    {"predicate":{"pulling":1,"pull": 0.9},"model":"item/bow_pulling_2"},

    {"predicate":{"custom_model_data":1},"model":"item/bows/valentine_2024_bow/bow"},
    {"predicate":{"custom_model_data":1,"pulling":1},"model":"item/bows/valentine_2024_bow/bow_0"},
    {"predicate":{"custom_model_data":1,"pulling":1,"pull":0.65},"model":"item/bows/valentine_2024_bow/bow_1"},
    {"predicate":{"custom_model_data":1,"pulling":1,"pull":0.9},"model":"item/bows/valentine_2024_bow/bow_2"},

    {"predicate":{"custom_model_data":2},"model":"item/bows/inferno_bow/bow"},
    {"predicate":{"custom_model_data":2,"pulling":1},"model":"item/bows/inferno_bow/bow_0"},
    {"predicate":{"custom_model_data":2,"pulling":1,"pull":0.65},"model":"item/bows/inferno_bow/bow_1"},
    {"predicate":{"custom_model_data":2,"pulling":1,"pull":0.9},"model":"item/bows/inferno_bow/bow_2"},

    {"predicate":{"custom_model_data":3},"model":"item/bows/stpatrick_2024_bow/bow"},
    {"predicate":{"custom_model_data":3,"pulling":1},"model":"item/bows/stpatrick_2024_bow/bow_0"},
    {"predicate":{"custom_model_data":3,"pulling":1,"pull":0.65},"model":"item/bows/stpatrick_2024_bow/bow_1"},
    {"predicate":{"custom_model_data":3,"pulling":1,"pull":0.9},"model":"item/bows/stpatrick_2024_bow/bow_2"},

    {"predicate":{"custom_model_data":4},"model":"item/bows/lightning_power_bow/bow"},
    {"predicate":{"custom_model_data":4,"pulling":1},"model":"item/bows/lightning_power_bow/bow_0"},
    {"predicate":{"custom_model_data":4,"pulling":1,"pull":0.65},"model":"item/bows/lightning_power_bow/bow_1"},
    {"predicate":{"custom_model_data":4,"pulling":1,"pull":0.9},"model":"item/bows/lightning_power_bow/bow_2"},

    {"predicate":{"custom_model_data":5},"model":"item/bows/little_crocodile_bow/bow"},
    {"predicate":{"custom_model_data":5,"pulling":1},"model":"item/bows/little_crocodile_bow/bow_0"},
    {"predicate":{"custom_model_data":5,"pulling":1,"pull":0.65},"model":"item/bows/little_crocodile_bow/bow_1"},
    {"predicate":{"custom_model_data":5,"pulling":1,"pull":0.9},"model":"item/bows/little_crocodile_bow/bow_2"},

    {"predicate":{"custom_model_data":6},"model":"item/bows/heaven_bow/bow"},
    {"predicate":{"custom_model_data":6,"pulling":1},"model":"item/bows/heaven_bow/bow_0"},
    {"predicate":{"custom_model_data":6,"pulling":1,"pull":0.65},"model":"item/bows/heaven_bow/bow_1"},
    {"predicate":{"custom_model_data":6,"pulling":1,"pull":0.9},"model":"item/bows/heaven_bow/bow_2"},

    {"predicate":{"custom_model_data":7},"model":"item/bows/ender_dragon_bow/bow"},
    {"predicate":{"custom_model_data":7,"pulling":1},"model":"item/bows/ender_dragon_bow/bow_0"},
    {"predicate":{"custom_model_data":7,"pulling":1,"pull":0.65},"model":"item/bows/ender_dragon_bow/bow_1"},
    {"predicate":{"custom_model_data":7,"pulling":1,"pull":0.9},"model":"item/bows/ender_dragon_bow/bow_2"},

    {"predicate":{"custom_model_data":8},"model":"item/bows/halloween_2024/bow"},
    {"predicate":{"custom_model_data":8,"pulling":1},"model":"item/bows/halloween_2024/bow_0"},
    {"predicate":{"custom_model_data":8,"pulling":1,"pull":0.65},"model":"item/bows/halloween_2024/bow_1"},
    {"predicate":{"custom_model_data":8,"pulling":1,"pull":0.9},"model":"item/bows/halloween_2024/bow_2"},

    {"predicate":{"custom_model_data":9},"model":"item/bows/hw_phantom_2024/bow"},
    {"predicate":{"custom_model_data":9,"pulling":1},"model":"item/bows/hw_phantom_2024/bow_0"},
    {"predicate":{"custom_model_data":9,"pulling":1,"pull":0.65},"model":"item/bows/hw_phantom_2024/bow_1"},
    {"predicate":{"custom_model_data":9,"pulling":1,"pull":0.9},"model":"item/bows/hw_phantom_2024/bow_2"}




  ]
}
