{
  "parent": "minecraft:item/handheld",
  "textures": {
    "layer0": "minecraft:item/netherite_hoe"
  },
  "overrides": [
    {"predicate":{"custom_model_data":1},"model":"item/hoes/christmas_hoe"},
    {"predicate":{"custom_model_data":2},"model":"item/hoes/winter_hoe"},
    {"predicate":{"custom_model_data":3},"model":"item/hoes/newyear_hoe"},
    {"predicate":{"custom_model_data":4},"model":"item/hoes/penguin_hoe"},
    {"predicate":{"custom_model_data":5},"model":"item/hoes/ifrit_hoe"},
    {"predicate":{"custom_model_data":6},"model":"item/hoes/inferno_hoe"},
    {"predicate":{"custom_model_data":7},"model":"item/hoes/sakura_hoe"},
    {"predicate":{"custom_model_data":8},"model":"item/hoes/fiend_hoe"},
    {"predicate":{"custom_model_data":9},"model":"item/hoes/cupid_hoe"},
    {"predicate":{"custom_model_data":10},"model":"item/hoes/sweet_hoe"}
  ]
}
