{
  "parent": "minecraft:item/handheld",
  "textures": {
    "layer0": "minecraft:item/netherite_axe"
  },
  "overrides": [
    {"predicate":{"custom_model_data":1},"model":"item/axes/cherry_axe"},
    {"predicate":{"custom_model_data":2},"model":"item/axes/jade_axe"},
    {"predicate":{"custom_model_data":3},"model":"item/axes/japanese_axe"},
    {"predicate":{"custom_model_data":4},"model":"item/axes/holy_axe"},
    {"predicate":{"custom_model_data":5},"model":"item/axes/unholy_axe"},
    {"predicate":{"custom_model_data":6},"model":"item/axes/elf_axe"}
  ]
}
