{
  "parent": "minecraft:item/handheld",
  "textures": {
    "layer0": "minecraft:item/blaze_rod"
  },
  "overrides": [
    {"predicate":{"custom_model_data":1},"model":"item/wands/fire_wand"},
	{"predicate":{"custom_model_data":2},"model":"item/wands/earth_wand"},
	{"predicate":{"custom_model_data":3},"model":"item/wands/lightning_wand"},
	{"predicate":{"custom_model_data":4},"model":"item/wands/money_wand"},
    {"predicate":{"custom_model_data":5},"model":"item/rpg/common_rpg"},
    {"predicate":{"custom_model_data":6},"model":"item/rpg/rare_rpg"},
    {"predicate":{"custom_model_data":7},"model":"item/rpg/legendary_rpg"}
  ]
}
