{
   "parent":"builtin/entity",
   "textures":{
      "particle":"block/oak_planks"
   },
   "display":{
      "gui":{
         "rotation":[30, 45, 0],
         "scale":[0.625, 0.625, 0.625]
      },
      "ground":{
         "translation":[0, 3, 0],
         "scale":[0.25, 0.25, 0.25]
      },
      "head":{
         "rotation":[0, 180, 0],
         "scale":[1, 1, 1]
      },
      "fixed":{
         "rotation":[0, 180, 0],
         "scale":[0.5, 0.5, 0.5]
      },
      "thirdperson_righthand":{
         "rotation":[75, 315, 0],
         "translation":[0, 2.5, 0],
         "scale":[0.375, 0.375, 0.375]
      },
      "firstperson_righthand":{
         "rotation":[0, 315, 0],
         "scale":[0.4, 0.4, 0.4]
      }
   },
   "overrides":[
    {"predicate":{"custom_model_data":1},"model":"item/backpacks/shark_backpack"},
    {"predicate":{"custom_model_data":2},"model":"item/backpacks/shark_tail"},
    {"predicate":{"custom_model_data":3},"model":"item/backpacks/penguin_backpack"},
    {"predicate":{"custom_model_data":4},"model":"item/backpacks/swim_tube"},
    {"predicate":{"custom_model_data":5},"model":"item/backpacks/christmas_backpack"},
    {"predicate":{"custom_model_data":6},"model":"item/backpacks/christmas_wings"},
    {"predicate":{"custom_model_data":7},"model":"item/backpacks/winter_backpack"},
    {"predicate":{"custom_model_data":8},"model":"item/backpacks/winter_wings"},
    {"predicate":{"custom_model_data":9},"model":"item/backpacks/newyear_backpack"},
    {"predicate":{"custom_model_data":10},"model":"item/backpacks/ifrit_wings"},
    {"predicate":{"custom_model_data":11},"model":"item/backpacks/inferno_backpack"},
    {"predicate":{"custom_model_data":12},"model":"item/backpacks/inferno_wings"},
    {"predicate":{"custom_model_data":13},"model":"item/backpacks/sakura_wings"},
    {"predicate":{"custom_model_data":14},"model":"item/backpacks/fiend_backpack"},
    {"predicate":{"custom_model_data":15},"model":"item/backpacks/cupid_wings"},
    {"predicate":{"custom_model_data":16},"model":"item/backpacks/sweet_wings"}
   ]
}