{
	"credit": "Made by PolygonMC",
	"textures": {
		"0": "item/bows/inferno_bow/bow",
		"1": "item/bows/inferno_bow/animations/animations_2",
		"particle": "item/bows/inferno_bow/bow"
	},
	"elements": [
		{
			"from": [7.5, 10, 7.5],
			"to": [8.5, 11, 8.5],
			"rotation": {"angle": 0, "axis": "y", "origin": [7.5, 10, 7.5]},
			"faces": {
				"north": {"uv": [13.33333, 2.66667, 14, 3.33333], "texture": "#0"},
				"east": {"uv": [3.33333, 13.33333, 4, 14], "texture": "#0"},
				"south": {"uv": [13.33333, 3.33333, 14, 4], "texture": "#0"},
				"west": {"uv": [4, 13.33333, 4.66667, 14], "texture": "#0"}
			}
		},
		{
			"from": [7.6, 6.5, 7.6],
			"to": [8.4, 9.5, 8.4],
			"rotation": {"angle": 45, "axis": "y", "origin": [8, 7.5, 8]},
			"faces": {
				"north": {"uv": [10.66667, 9.33333, 11.16667, 11.33333], "texture": "#0"},
				"east": {"uv": [4, 11.33333, 4.5, 13.33333], "texture": "#0"},
				"south": {"uv": [4.66667, 11.33333, 5.16667, 13.33333], "texture": "#0"},
				"west": {"uv": [11.33333, 9.33333, 11.83333, 11.33333], "texture": "#0"},
				"up": {"uv": [11.16667, 14.5, 10.66667, 14], "texture": "#0"},
				"down": {"uv": [14.5, 12, 14, 12.5], "texture": "#0"}
			}
		},
		{
			"from": [7.35, 6, 7.35],
			"to": [8.65, 6.5, 8.65],
			"rotation": {"angle": 0, "axis": "y", "origin": [7.5, 6, 7.5]},
			"faces": {
				"north": {"uv": [14, 6.66667, 14.83333, 7], "texture": "#0"},
				"east": {"uv": [14, 7.33333, 14.83333, 7.66667], "texture": "#0"},
				"south": {"uv": [8, 14, 8.83333, 14.33333], "texture": "#0"},
				"west": {"uv": [14, 8, 14.83333, 8.33333], "texture": "#0"},
				"up": {"uv": [7.5, 12.83333, 6.66667, 12], "texture": "#0"},
				"down": {"uv": [12.83333, 7.33333, 12, 8.16667], "texture": "#0"}
			}
		},
		{
			"from": [7.35, 9.5, 7.35],
			"to": [8.65, 10, 8.65],
			"rotation": {"angle": 0, "axis": "y", "origin": [7.5, 9.5, 7.5]},
			"faces": {
				"north": {"uv": [14, 8.66667, 14.83333, 9], "texture": "#0"},
				"east": {"uv": [14, 10, 14.83333, 10.33333], "texture": "#0"},
				"south": {"uv": [14, 10.66667, 14.83333, 11], "texture": "#0"},
				"west": {"uv": [14, 11.33333, 14.83333, 11.66667], "texture": "#0"},
				"up": {"uv": [8.83333, 12.83333, 8, 12], "texture": "#0"},
				"down": {"uv": [12.83333, 8.66667, 12, 9.5], "texture": "#0"}
			}
		},
		{
			"from": [7.75, 12.3818, 7.48424],
			"to": [8.25, 14.1318, 7.98424],
			"rotation": {"angle": 45, "axis": "x", "origin": [8, 14.05852, 8.36537]},
			"faces": {
				"north": {"uv": [4, 14, 4.33333, 15.16667], "texture": "#0"},
				"east": {"uv": [14, 4, 14.33333, 5.16667], "texture": "#0"},
				"west": {"uv": [4.66667, 14, 5, 15.16667], "texture": "#0"}
			}
		},
		{
			"from": [7.75, 13.76987, 8.09647],
			"to": [8.25, 14.76987, 9.09647],
			"rotation": {"angle": -22.5, "axis": "x", "origin": [8, 14.05852, 8.36537]},
			"faces": {
				"east": {"uv": [13.33333, 4, 14, 4.66667], "texture": "#0"},
				"west": {"uv": [4.66667, 13.33333, 5.33333, 14], "texture": "#0"},
				"down": {"uv": [0.33333, 14.66667, 0, 15.33333], "texture": "#0"}
			}
		},
		{
			"from": [7.5, 12.76987, 6.24648],
			"to": [8.5, 14.26987, 8.24648],
			"rotation": {"angle": -22.5, "axis": "x", "origin": [8, 14.05852, 8.36537]},
			"faces": {
				"north": {"uv": [9.33333, 12, 10, 13], "texture": "#0"},
				"east": {"uv": [9.33333, 6.66667, 10.66667, 7.66667], "texture": "#0"},
				"south": {"uv": [10, 12, 10.66667, 13], "texture": "#0"},
				"west": {"uv": [8, 9.33333, 9.33333, 10.33333], "texture": "#0"},
				"up": {"uv": [12.66667, 1.33333, 12, 0], "texture": "#0"},
				"down": {"uv": [2, 12, 1.33333, 13.33333], "texture": "#0"}
			}
		},
		{
			"from": [7.5035, 13.28597, 7.54091],
			"to": [8.4965, 15.28597, 8.54091],
			"rotation": {"angle": 0, "axis": "y", "origin": [8, 14.05852, 8.36537]},
			"faces": {
				"north": {"uv": [12, 1.33333, 12.66667, 2.66667], "texture": "#0"},
				"east": {"uv": [2, 12, 2.66667, 13.33333], "texture": "#0"},
				"south": {"uv": [2.66667, 12, 3.33333, 13.33333], "texture": "#0"},
				"west": {"uv": [12, 2.66667, 12.66667, 4], "texture": "#0"},
				"up": {"uv": [14, 5.33333, 13.33333, 4.66667], "texture": "#0"}
			}
		},
		{
			"from": [7.507, 14.50804, 8.0734],
			"to": [8.493, 15.50804, 10.0734],
			"rotation": {"angle": -22.5, "axis": "x", "origin": [8, 14.05852, 8.36537]},
			"faces": {
				"east": {"uv": [12, 4, 13.33333, 4.66667], "texture": "#0"},
				"south": {"uv": [5.33333, 13.33333, 6, 14], "texture": "#0"},
				"west": {"uv": [12, 4.66667, 13.33333, 5.33333], "texture": "#0"},
				"up": {"uv": [4, 13.33333, 3.33333, 12], "texture": "#0"},
				"down": {"uv": [6, 12, 5.33333, 13.33333], "texture": "#0"}
			}
		},
		{
			"from": [7.507, 13.50805, 9.0734],
			"to": [8.493, 14.50805, 10.0734],
			"rotation": {"angle": -22.5, "axis": "x", "origin": [8, 14.05852, 8.36537]},
			"faces": {
				"north": {"uv": [13.33333, 5.33333, 14, 6], "texture": "#0"},
				"east": {"uv": [13.33333, 6, 14, 6.66667], "texture": "#0"},
				"south": {"uv": [6.66667, 13.33333, 7.33333, 14], "texture": "#0"},
				"west": {"uv": [7.33333, 13.33333, 8, 14], "texture": "#0"},
				"down": {"uv": [14, 7.33333, 13.33333, 8], "texture": "#0"}
			}
		},
		{
			"from": [7.65, 13.34029, 4.33649],
			"to": [8.35, 13.84029, 6.58649],
			"rotation": {"angle": 22.5, "axis": "x", "origin": [7.5, 11.84029, 3.48649]},
			"faces": {
				"north": {"uv": [14.66667, 4, 15.16667, 4.33333], "texture": "#0"},
				"east": {"uv": [13.33333, 0, 14.83333, 0.33333], "texture": "#0"},
				"west": {"uv": [13.33333, 0.66667, 14.83333, 1], "texture": "#0"},
				"up": {"uv": [12.5, 6.83333, 12, 5.33333], "texture": "#0"},
				"down": {"uv": [6.5, 12, 6, 13.5], "texture": "#0"}
			}
		},
		{
			"from": [7.9925, 9.08162, 4.23558],
			"to": [8.0225, 12.58162, 5.48558],
			"rotation": {"angle": 22.5, "axis": "x", "origin": [8, 11.08162, 5.31808]},
			"faces": {
				"east": {"uv": [6.66667, 0, 7.5, 2.33333], "texture": "#0"},
				"west": {"uv": [6.66667, 2.66667, 7.5, 5], "texture": "#0"}
			}
		},
		{
			"from": [7.3675, 9.08162, 4.86058],
			"to": [8.6175, 12.58162, 4.89058],
			"rotation": {"angle": 22.5, "axis": "x", "origin": [8, 11.08162, 5.31808]},
			"faces": {
				"north": {"uv": [6.66667, 5.33333, 7.5, 7.66667], "texture": "#0"},
				"south": {"uv": [4, 7.33333, 4.83333, 9.66667], "texture": "#0"}
			}
		},
		{
			"from": [7.3675, 12.27286, 6.49917],
			"to": [8.6175, 15.77286, 6.52917],
			"rotation": {"angle": 45, "axis": "x", "origin": [8, 14.02286, 6.50667]},
			"faces": {
				"north": {"uv": [8, 0, 8.83333, 2.33333], "texture": "#0"},
				"south": {"uv": [8, 2.66667, 8.83333, 5], "texture": "#0"}
			}
		},
		{
			"from": [7.9925, 12.27286, 5.87417],
			"to": [8.0225, 15.77286, 7.12417],
			"rotation": {"angle": 45, "axis": "x", "origin": [8, 14.02286, 6.50667]},
			"faces": {
				"east": {"uv": [5.33333, 8, 6.16667, 10.33333], "texture": "#0"},
				"west": {"uv": [8, 5.33333, 8.83333, 7.66667], "texture": "#0"}
			}
		},
		{
			"from": [7.25, 10.51695, 5.75391],
			"to": [8.75, 11.51695, 7.25391],
			"rotation": {"angle": -22.5, "axis": "x", "origin": [8, 10.41898, 7.42236]},
			"faces": {
				"north": {"uv": [13.33333, 0, 12.66667, 1], "rotation": 90, "texture": "#0"},
				"east": {"uv": [12, 10, 12.66667, 11], "rotation": 270, "texture": "#0"},
				"west": {"uv": [12, 11.33333, 12.66667, 12.33333], "rotation": 90, "texture": "#0"},
				"up": {"uv": [0, 12, 1, 13], "rotation": 180, "texture": "#0"},
				"down": {"uv": [10.66667, 11.33333, 11.66667, 12.33333], "texture": "#0"}
			}
		},
		{
			"from": [7, 10.51695, 7.25391],
			"to": [9, 12.51695, 9.25391],
			"rotation": {"angle": -22.5, "axis": "x", "origin": [8, 10.41898, 7.42236]},
			"faces": {
				"north": {"uv": [8, 9.33333, 6.66667, 10.66667], "rotation": 90, "texture": "#0"},
				"east": {"uv": [9.33333, 0, 10.66667, 1.33333], "rotation": 270, "texture": "#0"},
				"south": {"uv": [10.66667, 6.66667, 9.33333, 5.33333], "rotation": 90, "texture": "#0"},
				"west": {"uv": [9.33333, 2.66667, 10.66667, 4], "rotation": 90, "texture": "#0"},
				"up": {"uv": [9.33333, 4, 10.66667, 5.33333], "rotation": 180, "texture": "#0"},
				"down": {"uv": [9.33333, 1.33333, 10.66667, 2.66667], "texture": "#0"}
			}
		},
		{
			"from": [8.50282, 11.39223, 8.495],
			"to": [10.00282, 12.39223, 9.495],
			"rotation": {"angle": -22.5, "axis": "x", "origin": [8, 10.41898, 7.42236]},
			"faces": {
				"north": {"uv": [13.33333, 5.33333, 12.66667, 6.33333], "rotation": 90, "texture": "#0"},
				"east": {"uv": [8, 13.33333, 8.66667, 14], "rotation": 270, "texture": "#0"},
				"south": {"uv": [13.33333, 3.66667, 12.66667, 2.66667], "rotation": 90, "texture": "#0"},
				"west": {"uv": [13.33333, 8, 14, 8.66667], "rotation": 90, "texture": "#0"},
				"up": {"uv": [12.66667, 2, 13.66667, 2.66667], "rotation": 180, "texture": "#0"},
				"down": {"uv": [12.66667, 1.33333, 13.66667, 2], "texture": "#0"}
			}
		},
		{
			"from": [9.72182, 11.60455, 8.605],
			"to": [10.89182, 12.38455, 9.385],
			"rotation": {"angle": -22.5, "axis": "x", "origin": [8, 10.41898, 7.42236]},
			"faces": {
				"north": {"uv": [13.83333, 13.33333, 13.33333, 14.16667], "rotation": 90, "texture": "#0"},
				"east": {"uv": [12.66667, 14, 13.16667, 14.5], "rotation": 270, "texture": "#0"},
				"south": {"uv": [12.5, 14.16667, 12, 13.33333], "rotation": 90, "texture": "#0"},
				"up": {"uv": [13.33333, 12.66667, 14.16667, 13.16667], "rotation": 180, "texture": "#0"},
				"down": {"uv": [13.33333, 9.33333, 14.16667, 9.83333], "texture": "#0"}
			}
		},
		{
			"from": [10.31462, 12.38455, 8.70781],
			"to": [10.89182, 13.25035, 9.28501],
			"rotation": {"angle": -22.5, "axis": "x", "origin": [8, 10.41898, 7.42236]},
			"faces": {
				"north": {"uv": [7.16667, 14.66667, 6.66667, 15], "rotation": 90, "texture": "#0"},
				"east": {"uv": [14.66667, 4.66667, 15.16667, 5], "rotation": 270, "texture": "#0"},
				"south": {"uv": [6.5, 15, 6, 14.66667], "rotation": 90, "texture": "#0"},
				"west": {"uv": [5.33333, 14.66667, 5.83333, 15], "rotation": 90, "texture": "#0"},
				"up": {"uv": [12, 14.66667, 12.33333, 15], "rotation": 180, "texture": "#0"}
			}
		},
		{
			"from": [5.99718, 11.39223, 8.495],
			"to": [7.49718, 12.39223, 9.495],
			"rotation": {"angle": -22.5, "axis": "x", "origin": [8, 10.41898, 7.42236]},
			"faces": {
				"north": {"uv": [13.33333, 10.66667, 12.66667, 11.66667], "rotation": 90, "texture": "#0"},
				"east": {"uv": [8.66667, 13.33333, 9.33333, 14], "rotation": 270, "texture": "#0"},
				"south": {"uv": [11.33333, 13.66667, 10.66667, 12.66667], "rotation": 90, "texture": "#0"},
				"west": {"uv": [13.33333, 8.66667, 14, 9.33333], "rotation": 90, "texture": "#0"},
				"up": {"uv": [12.66667, 10, 13.66667, 10.66667], "rotation": 180, "texture": "#0"},
				"down": {"uv": [12.66667, 6.66667, 13.66667, 7.33333], "texture": "#0"}
			}
		},
		{
			"from": [5.10818, 11.60455, 8.605],
			"to": [6.27818, 12.38455, 9.385],
			"rotation": {"angle": -22.5, "axis": "x", "origin": [8, 10.41898, 7.42236]},
			"faces": {
				"north": {"uv": [3.83333, 14, 3.33333, 14.83333], "rotation": 90, "texture": "#0"},
				"south": {"uv": [14.5, 3.5, 14, 2.66667], "rotation": 90, "texture": "#0"},
				"west": {"uv": [14, 13.33333, 14.5, 13.83333], "rotation": 90, "texture": "#0"},
				"up": {"uv": [14, 2, 14.83333, 2.5], "rotation": 180, "texture": "#0"},
				"down": {"uv": [14, 1.33333, 14.83333, 1.83333], "texture": "#0"}
			}
		},
		{
			"from": [5.10818, 12.38455, 8.70781],
			"to": [5.68538, 13.25035, 9.28501],
			"rotation": {"angle": -22.5, "axis": "x", "origin": [8, 10.41898, 7.42236]},
			"faces": {
				"north": {"uv": [9.83333, 14.66667, 9.33333, 15], "rotation": 90, "texture": "#0"},
				"east": {"uv": [7.33333, 14.66667, 7.83333, 15], "rotation": 270, "texture": "#0"},
				"south": {"uv": [9.16667, 15, 8.66667, 14.66667], "rotation": 90, "texture": "#0"},
				"west": {"uv": [8, 14.66667, 8.5, 15], "rotation": 90, "texture": "#0"},
				"up": {"uv": [14.66667, 12, 15, 12.33333], "rotation": 180, "texture": "#0"}
			}
		},
		{
			"from": [7.5, 11.33694, 5.25392],
			"to": [8.5, 11.36694, 5.75392],
			"rotation": {"angle": -22.5, "axis": "x", "origin": [8, 10.41898, 7.42236]},
			"faces": {
				"up": {"uv": [14.66667, 3.33333, 15.33333, 3.66667], "rotation": 180, "texture": "#0"},
				"down": {"uv": [14.66667, 2.66667, 15.33333, 3], "texture": "#0"}
			}
		},
		{
			"from": [6, 11.58695, 5.75392],
			"to": [10, 11.61695, 7.75392],
			"rotation": {"angle": -22.5, "axis": "x", "origin": [8, 10.41898, 7.42236]},
			"faces": {
				"up": {"uv": [0, 0, 16, 7.98929], "rotation": 180, "texture": "#1"},
				"down": {"uv": [16, 0, 0, 7.98929], "texture": "#1"}
			}
		},
		{
			"from": [7.25, 8.75, 3.25],
			"to": [8.75, 9.25, 5.25],
			"rotation": {"angle": 45, "axis": "z", "origin": [8, 8, 4.25]},
			"faces": {
				"north": {"uv": [5.33333, 14, 6.33333, 14.33333], "texture": "#0"},
				"south": {"uv": [14, 5.33333, 15, 5.66667], "texture": "#0"},
				"up": {"uv": [10.33333, 9.33333, 9.33333, 8], "texture": "#0"},
				"down": {"uv": [10.33333, 9.33333, 9.33333, 10.66667], "texture": "#0"}
			}
		},
		{
			"from": [6.75, 6.75, 3.25],
			"to": [7.25, 9.25, 5.25],
			"rotation": {"angle": 45, "axis": "z", "origin": [8, 8, 4.25]},
			"faces": {
				"north": {"uv": [0.66667, 13.33333, 1, 15], "texture": "#0"},
				"east": {"uv": [5.33333, 0, 6.66667, 1.66667], "texture": "#0"},
				"south": {"uv": [1.33333, 13.33333, 1.66667, 15], "texture": "#0"},
				"west": {"uv": [5.33333, 2, 6.66667, 3.66667], "texture": "#0"},
				"up": {"uv": [9.66667, 14.66667, 9.33333, 13.33333], "texture": "#0"},
				"down": {"uv": [10.33333, 13.33333, 10, 14.66667], "texture": "#0"}
			}
		},
		{
			"from": [8.75, 6.75, 3.25],
			"to": [9.25, 9.25, 5.25],
			"rotation": {"angle": 45, "axis": "z", "origin": [8, 8, 4.25]},
			"faces": {
				"north": {"uv": [2, 13.33333, 2.33333, 15], "texture": "#0"},
				"east": {"uv": [5.33333, 4, 6.66667, 5.66667], "texture": "#0"},
				"south": {"uv": [2.66667, 13.33333, 3, 15], "texture": "#0"},
				"west": {"uv": [5.33333, 6, 6.66667, 7.66667], "texture": "#0"},
				"up": {"uv": [13.66667, 12, 13.33333, 10.66667], "texture": "#0"},
				"down": {"uv": [11.66667, 13.33333, 11.33333, 14.66667], "texture": "#0"}
			}
		},
		{
			"from": [7.25, 6.75, 3.25],
			"to": [8.75, 7.25, 5.25],
			"rotation": {"angle": 45, "axis": "z", "origin": [8, 8, 4.25]},
			"faces": {
				"north": {"uv": [14, 6, 15, 6.33333], "texture": "#0"},
				"south": {"uv": [6.66667, 14, 7.66667, 14.33333], "texture": "#0"},
				"up": {"uv": [5, 11.33333, 4, 10], "texture": "#0"},
				"down": {"uv": [11.66667, 0, 10.66667, 1.33333], "texture": "#0"}
			}
		},
		{
			"from": [7.6, 15.96985, 8.73309],
			"to": [8.4, 16.76985, 10.73309],
			"rotation": {"angle": -45, "axis": "x", "origin": [7.5, 15.21985, 9.98309]},
			"faces": {
				"east": {"uv": [11.33333, 12.66667, 12.66667, 13.16667], "texture": "#0"},
				"south": {"uv": [14, 14, 14.5, 14.5], "texture": "#0"},
				"west": {"uv": [12.66667, 12, 14, 12.5], "texture": "#0"},
				"up": {"uv": [13.16667, 14, 12.66667, 12.66667], "texture": "#0"},
				"down": {"uv": [0.5, 13.33333, 0, 14.66667], "texture": "#0"}
			}
		},
		{
			"from": [7.692, 16.4089, 9.4188],
			"to": [8.308, 17.0249, 10.1888],
			"rotation": {"angle": -22.5, "axis": "x", "origin": [8, 16.9169, 10.0538]},
			"faces": {
				"east": {"uv": [14.66667, 9.33333, 15.16667, 9.66667], "texture": "#0"},
				"south": {"uv": [12.66667, 14.66667, 13, 15], "texture": "#0"},
				"west": {"uv": [10, 14.66667, 10.5, 15], "texture": "#0"},
				"up": {"uv": [11, 15.16667, 10.66667, 14.66667], "texture": "#0"},
				"down": {"uv": [11.66667, 14.66667, 11.33333, 15.16667], "texture": "#0"}
			}
		},
		{
			"from": [7.77208, 16.55742, 10.1373],
			"to": [8.22792, 17.01326, 10.7071],
			"rotation": {"angle": 0, "axis": "y", "origin": [8, 16.76034, 10.5222]},
			"faces": {
				"east": {"uv": [14.66667, 12.66667, 15, 13], "texture": "#0"},
				"south": {"uv": [13.33333, 14.66667, 13.66667, 15], "texture": "#0"},
				"west": {"uv": [14.66667, 13.33333, 15, 13.66667], "texture": "#0"},
				"up": {"uv": [14.33333, 15, 14, 14.66667], "texture": "#0"},
				"down": {"uv": [15, 14, 14.66667, 14.33333], "texture": "#0"}
			}
		},
		{
			"from": [7.985, -0.75, 10.15],
			"to": [8.015, 16.75, 16.15],
			"rotation": {"angle": 0, "axis": "y", "origin": [7.985, 1.5, -0.1]},
			"faces": {
				"east": {"uv": [4, 0, 0, 11.66667], "texture": "#0"},
				"west": {"uv": [0, 0, 4, 11.66667], "texture": "#0"}
			}
		},
		{
			"from": [7.125, 7.985, -0.15],
			"to": [8.875, 8.015, 10.35],
			"rotation": {"angle": 45, "axis": "z", "origin": [8, 8, 5.1]},
			"faces": {
				"up": {"uv": [5.16667, 7, 4, 0], "texture": "#0"},
				"down": {"uv": [5.16667, 0, 4, 7], "texture": "#0"}
			}
		},
		{
			"from": [7.77208, -1.01326, 10.1373],
			"to": [8.22792, -0.55742, 10.7071],
			"rotation": {"angle": 0, "axis": "y", "origin": [8, -0.76034, 10.5222]},
			"faces": {
				"east": {"uv": [14.66667, 13, 15, 12.66667], "texture": "#0"},
				"south": {"uv": [13.33333, 15, 13.66667, 14.66667], "texture": "#0"},
				"west": {"uv": [14.66667, 13.66667, 15, 13.33333], "texture": "#0"},
				"up": {"uv": [15, 14.33333, 14.66667, 14], "texture": "#0"},
				"down": {"uv": [14.33333, 14.66667, 14, 15], "texture": "#0"}
			}
		},
		{
			"from": [7.692, -1.0249, 9.4188],
			"to": [8.308, -0.4089, 10.1888],
			"rotation": {"angle": 22.5, "axis": "x", "origin": [8, -0.9169, 10.0538]},
			"faces": {
				"east": {"uv": [14.66667, 9.66667, 15.16667, 9.33333], "texture": "#0"},
				"south": {"uv": [12.66667, 15, 13, 14.66667], "texture": "#0"},
				"west": {"uv": [10, 15, 10.5, 14.66667], "texture": "#0"},
				"up": {"uv": [11.66667, 15.16667, 11.33333, 14.66667], "texture": "#0"},
				"down": {"uv": [11, 14.66667, 10.66667, 15.16667], "texture": "#0"}
			}
		},
		{
			"from": [7.6, -0.76985, 8.73309],
			"to": [8.4, 0.03015, 10.73309],
			"rotation": {"angle": 45, "axis": "x", "origin": [7.5, 0.78015, 9.98309]},
			"faces": {
				"east": {"uv": [11.33333, 13.16667, 12.66667, 12.66667], "texture": "#0"},
				"south": {"uv": [14, 14.5, 14.5, 14], "texture": "#0"},
				"west": {"uv": [12.66667, 12.5, 14, 12], "texture": "#0"},
				"up": {"uv": [0.5, 14.66667, 0, 13.33333], "texture": "#0"},
				"down": {"uv": [13.16667, 12.66667, 12.66667, 14], "texture": "#0"}
			}
		},
		{
			"from": [7.4, 3.08934, 7],
			"to": [8.6, 5.08934, 9],
			"rotation": {"angle": 45, "axis": "x", "origin": [8, 4.08934, 8]},
			"faces": {
				"north": {"uv": [10.66667, 6.66667, 11.5, 5.33333], "texture": "#0"},
				"east": {"uv": [6.66667, 9.33333, 8, 8], "texture": "#0"},
				"south": {"uv": [6.66667, 12, 7.5, 10.66667], "texture": "#0"},
				"west": {"uv": [8, 9.33333, 9.33333, 8], "texture": "#0"},
				"up": {"uv": [8.83333, 12, 8, 10.66667], "texture": "#0"},
				"down": {"uv": [11.5, 6.66667, 10.66667, 8], "texture": "#0"}
			}
		},
		{
			"from": [7.9925, 0.22714, 5.87417],
			"to": [8.0225, 3.72714, 7.12417],
			"rotation": {"angle": -45, "axis": "x", "origin": [8, 1.97714, 6.50667]},
			"faces": {
				"east": {"uv": [5.33333, 10.33333, 6.16667, 8], "texture": "#0"},
				"west": {"uv": [8, 7.66667, 8.83333, 5.33333], "texture": "#0"}
			}
		},
		{
			"from": [7.3675, 0.22714, 6.49917],
			"to": [8.6175, 3.72714, 6.52917],
			"rotation": {"angle": -45, "axis": "x", "origin": [8, 1.97714, 6.50667]},
			"faces": {
				"north": {"uv": [8, 2.33333, 8.83333, 0], "texture": "#0"},
				"south": {"uv": [8, 5, 8.83333, 2.66667], "texture": "#0"}
			}
		},
		{
			"from": [7.3675, 3.41838, 4.86058],
			"to": [8.6175, 6.91838, 4.89058],
			"rotation": {"angle": -22.5, "axis": "x", "origin": [8, 4.91838, 5.31808]},
			"faces": {
				"north": {"uv": [6.66667, 7.66667, 7.5, 5.33333], "texture": "#0"},
				"south": {"uv": [4, 9.66667, 4.83333, 7.33333], "texture": "#0"}
			}
		},
		{
			"from": [7.9925, 3.41838, 4.23558],
			"to": [8.0225, 6.91838, 5.48558],
			"rotation": {"angle": -22.5, "axis": "x", "origin": [8, 4.91838, 5.31808]},
			"faces": {
				"east": {"uv": [6.66667, 2.33333, 7.5, 0], "texture": "#0"},
				"west": {"uv": [6.66667, 5, 7.5, 2.66667], "texture": "#0"}
			}
		},
		{
			"from": [7.65, 2.15971, 4.33649],
			"to": [8.35, 2.65971, 6.58649],
			"rotation": {"angle": -22.5, "axis": "x", "origin": [7.5, 4.15971, 3.48649]},
			"faces": {
				"north": {"uv": [14.66667, 4.33333, 15.16667, 4], "texture": "#0"},
				"east": {"uv": [13.33333, 0.33333, 14.83333, 0], "texture": "#0"},
				"west": {"uv": [13.33333, 1, 14.83333, 0.66667], "texture": "#0"},
				"up": {"uv": [6.5, 13.5, 6, 12], "texture": "#0"},
				"down": {"uv": [12.5, 5.33333, 12, 6.83333], "texture": "#0"}
			}
		},
		{
			"from": [7.507, 1.49195, 9.0734],
			"to": [8.493, 2.49195, 10.0734],
			"rotation": {"angle": 22.5, "axis": "x", "origin": [8, 1.94148, 8.36537]},
			"faces": {
				"north": {"uv": [13.33333, 6, 14, 5.33333], "texture": "#0"},
				"east": {"uv": [13.33333, 6.66667, 14, 6], "texture": "#0"},
				"south": {"uv": [6.66667, 14, 7.33333, 13.33333], "texture": "#0"},
				"west": {"uv": [7.33333, 14, 8, 13.33333], "texture": "#0"},
				"up": {"uv": [14, 8, 13.33333, 7.33333], "texture": "#0"}
			}
		},
		{
			"from": [7.507, 0.49196, 8.0734],
			"to": [8.493, 1.49196, 10.0734],
			"rotation": {"angle": 22.5, "axis": "x", "origin": [8, 1.94148, 8.36537]},
			"faces": {
				"east": {"uv": [12, 4.66667, 13.33333, 4], "texture": "#0"},
				"south": {"uv": [5.33333, 14, 6, 13.33333], "texture": "#0"},
				"west": {"uv": [12, 5.33333, 13.33333, 4.66667], "texture": "#0"},
				"up": {"uv": [6, 13.33333, 5.33333, 12], "texture": "#0"},
				"down": {"uv": [4, 12, 3.33333, 13.33333], "texture": "#0"}
			}
		},
		{
			"from": [7.5035, 0.71403, 7.54091],
			"to": [8.4965, 2.71403, 8.54091],
			"rotation": {"angle": 0, "axis": "y", "origin": [8, 1.94148, 8.36537]},
			"faces": {
				"north": {"uv": [12, 2.66667, 12.66667, 1.33333], "texture": "#0"},
				"east": {"uv": [2, 13.33333, 2.66667, 12], "texture": "#0"},
				"south": {"uv": [2.66667, 13.33333, 3.33333, 12], "texture": "#0"},
				"west": {"uv": [12, 4, 12.66667, 2.66667], "texture": "#0"},
				"down": {"uv": [14, 4.66667, 13.33333, 5.33333], "texture": "#0"}
			}
		},
		{
			"from": [7.5, 1.73013, 6.24648],
			"to": [8.5, 3.23013, 8.24648],
			"rotation": {"angle": 22.5, "axis": "x", "origin": [8, 1.94148, 8.36537]},
			"faces": {
				"north": {"uv": [9.33333, 13, 10, 12], "texture": "#0"},
				"east": {"uv": [9.33333, 7.66667, 10.66667, 6.66667], "texture": "#0"},
				"south": {"uv": [10, 13, 10.66667, 12], "texture": "#0"},
				"west": {"uv": [8, 10.33333, 9.33333, 9.33333], "texture": "#0"},
				"up": {"uv": [2, 13.33333, 1.33333, 12], "texture": "#0"},
				"down": {"uv": [12.66667, 0, 12, 1.33333], "texture": "#0"}
			}
		},
		{
			"from": [7.75, 1.23013, 8.09647],
			"to": [8.25, 2.23013, 9.09647],
			"rotation": {"angle": 22.5, "axis": "x", "origin": [8, 1.94148, 8.36537]},
			"faces": {
				"east": {"uv": [13.33333, 4.66667, 14, 4], "texture": "#0"},
				"west": {"uv": [4.66667, 14, 5.33333, 13.33333], "texture": "#0"},
				"up": {"uv": [0.33333, 15.33333, 0, 14.66667], "texture": "#0"}
			}
		},
		{
			"from": [7.75, 1.8682, 7.48424],
			"to": [8.25, 3.6182, 7.98424],
			"rotation": {"angle": -45, "axis": "x", "origin": [8, 1.94148, 8.36537]},
			"faces": {
				"north": {"uv": [4, 15.16667, 4.33333, 14], "texture": "#0"},
				"east": {"uv": [14, 5.16667, 14.33333, 4], "texture": "#0"},
				"west": {"uv": [4.66667, 15.16667, 5, 14], "texture": "#0"}
			}
		},
		{
			"from": [7.15, 3.75, 8.25],
			"to": [8.85, 5.25, 9.75],
			"rotation": {"angle": 45, "axis": "x", "origin": [7.5, 5.5, 8]},
			"faces": {
				"north": {"uv": [10.66667, 2.33333, 11.83333, 1.33333], "texture": "#0"},
				"east": {"uv": [10.66667, 9, 11.66667, 8], "texture": "#0"},
				"south": {"uv": [10.66667, 3.66667, 11.83333, 2.66667], "texture": "#0"},
				"west": {"uv": [9.33333, 11.66667, 10.33333, 10.66667], "texture": "#0"},
				"up": {"uv": [6.5, 11.66667, 5.33333, 10.66667], "texture": "#0"},
				"down": {"uv": [11.83333, 4, 10.66667, 5], "texture": "#0"}
			}
		},
		{
			"from": [7.5, 5, 7.5],
			"to": [8.5, 6, 8.5],
			"rotation": {"angle": 0, "axis": "y", "origin": [7.5, 6, 7.5]},
			"faces": {
				"north": {"uv": [13.33333, 3.33333, 14, 2.66667], "texture": "#0"},
				"east": {"uv": [3.33333, 14, 4, 13.33333], "texture": "#0"},
				"south": {"uv": [13.33333, 4, 14, 3.33333], "texture": "#0"},
				"west": {"uv": [4, 14, 4.66667, 13.33333], "texture": "#0"}
			}
		},
		{
			"from": [7.125, 7.985, -0.15],
			"to": [8.875, 8.015, 10.35],
			"rotation": {"angle": -45, "axis": "z", "origin": [8, 8, 5.1]},
			"faces": {
				"up": {"uv": [5.16667, 7, 4, 0], "texture": "#0"},
				"down": {"uv": [5.16667, 0, 4, 7], "texture": "#0"}
			}
		}
	],
	"gui_light": "front",
	"display": {
		"thirdperson_righthand": {
			"translation": [0, -1.75, 1]
		},
		"thirdperson_lefthand": {
			"translation": [0, -1.75, 1]
		},
		"firstperson_righthand": {
			"rotation": [20, 19, 0],
			"translation": [2.5, 2.75, -1.25]
		},
		"firstperson_lefthand": {
			"rotation": [20, -20, 0],
			"translation": [4, 2.25, 0.75]
		},
		"ground": {
			"rotation": [45, 0, 0],
			"translation": [0, 4.5, 0],
			"scale": [0.6, 0.6, 0.6]
		},
		"gui": {
			"rotation": [-90, 135, 90],
			"translation": [-1.25, 1.25, 0]
		},
		"head": {
			"rotation": [90, -45, 90]
		},
		"fixed": {
			"rotation": [0, -90, 0],
			"translation": [0, 0, -1.5],
			"scale": [2.5, 2.5, 2.5]
		}
	},
	"groups": [
		{
			"name": "bow_0",
			"origin": [8, 8, 5.1],
			"color": 0,
			"boneType": "",
			"children": [
				0,
				1,
				2,
				3,
				4,
				5,
				6,
				7,
				8,
				9,
				10,
				11,
				12,
				13,
				14,
				15,
				16,
				17,
				18,
				19,
				20,
				21,
				22,
				23,
				24,
				25,
				26,
				27,
				28,
				29,
				30,
				31,
				32,
				33,
				34,
				35,
				36,
				37,
				38,
				39,
				40,
				41,
				42,
				43,
				44,
				45,
				46,
				47,
				48,
				49,
				50,
				51
			]
		}
	]
}