{
    "parent": "item/generated",
    "textures": {
        "layer0": "item/swords/pixels/star_blade"
    },
    "gui_light": "front",
    "display": {
        "thirdperson_righthand": {
            "rotation": [0, -90, 55],
            "translation": [0, 3.0, 1],
            "scale": [3.0, 3.0, 0.5]
        },
        "thirdperson_lefthand": {
            "rotation": [0, 90, -55],
            "translation": [0, 3.0, 1],
            "scale": [3.0, 3.0, 0.5]
        },
        "firstperson_righthand": {
            "rotation": [0, -90, 25],
            "translation": [1.13, 3.2, 1.13],
            "scale": [2, 2, 0.5]
        },
        "firstperson_lefthand": {
            "rotation": [0, 90, -25],
            "translation": [1.13, 3.2, 1.13],
            "scale": [2, 2, 0.5]
        },
        "ground": {
            "scale": [2.0, 2.0, 0.5]
        },
        "fixed": {
            "scale": [4.0, 4.0, 1.5]
        },
        "gui": {
            "translation": [-1, -1, 0],
            "scale": [3.5, 3.5, 3.5]
        }
    }
}