{"textures":{"0":"modelengine:entity/tractor1orange"},"elements":[{"from":[5.710066,2.6362805,4.7817144],"to":[8.526066,13.497995,11.218286],"rotation":{"angle":0.0,"axis":"y","origin":[6.1123514,0.22256613,8.0]},"faces":{"east":{"uv":[3.65625,4.375,4.0625,5.0625],"rotation":0,"texture":"#0","tintindex":0},"south":{"uv":[2.625,6.5,2.8125,7.1875],"rotation":0,"texture":"#0","tintindex":0},"north":{"uv":[2.4375,6.5,2.625,7.1875],"rotation":0,"texture":"#0","tintindex":0},"west":{"uv":[0.0,4.40625,0.40625,5.09375],"rotation":0,"texture":"#0","tintindex":0},"up":{"uv":[1.53125,7.625,1.34375,7.21875],"rotation":0,"texture":"#0","tintindex":0},"down":{"uv":[5.78125,7.25,5.59375,7.65625],"rotation":0,"texture":"#0","tintindex":0}}},{"from":[4.5032086,-1.6882906,0.15542841],"to":[11.342066,1.5299945,6.592],"rotation":{"angle":45.0,"axis":"x","origin":[7.7214947,1.4294233,8.0]},"faces":{"east":{"uv":[7.0625,7.4375,7.46875,7.625],"rotation":0,"texture":"#0","tintindex":0},"south":{"uv":[7.15625,6.875,7.59375,7.0625],"rotation":0,"texture":"#0","tintindex":0},"north":{"uv":[7.15625,6.6875,7.59375,6.875],"rotation":0,"texture":"#0","tintindex":0},"west":{"uv":[7.46875,0.0,7.875,0.1875],"rotation":0,"texture":"#0","tintindex":0},"up":{"uv":[1.25,5.5625,0.8125,5.15625],"rotation":0,"texture":"#0","tintindex":0},"down":{"uv":[5.4375,5.15625,5.0,5.5625],"rotation":0,"texture":"#0","tintindex":0}}},{"from":[4.5032086,-1.6882906,9.408],"to":[11.342066,1.5299945,15.844572],"rotation":{"angle":-45.0,"axis":"x","origin":[7.7214947,1.4294233,8.0]},"faces":{"east":{"uv":[7.46875,2.78125,7.875,2.96875],"rotation":0,"texture":"#0","tintindex":0},"south":{"uv":[2.4375,7.1875,2.875,7.375],"rotation":0,"texture":"#0","tintindex":0},"north":{"uv":[7.15625,7.0625,7.59375,7.25],"rotation":0,"texture":"#0","tintindex":0},"west":{"uv":[2.875,7.46875,3.28125,7.65625],"rotation":0,"texture":"#0","tintindex":0},"up":{"uv":[4.28125,5.65625,3.84375,5.25],"rotation":0,"texture":"#0","tintindex":0},"down":{"uv":[4.71875,5.25,4.28125,5.65625],"rotation":0,"texture":"#0","tintindex":0}}},{"from":[4.5032086,4.7885094,0.25599957],"to":[11.342066,11.2250805,3.4742856],"rotation":{"angle":0.0,"axis":"y","origin":[7.7214947,0.22256613,8.0]},"faces":{"east":{"uv":[2.0625,7.375,2.25,7.78125],"rotation":0,"texture":"#0","tintindex":0},"south":{"uv":[2.6875,5.34375,3.125,5.75],"rotation":0,"texture":"#0","tintindex":0},"north":{"uv":[5.34375,2.1875,5.78125,2.59375],"rotation":0,"texture":"#0","tintindex":0},"west":{"uv":[5.78125,7.40625,5.96875,7.8125],"rotation":0,"texture":"#0","tintindex":0},"up":{"uv":[7.625,5.6875,7.1875,5.5],"rotation":0,"texture":"#0","tintindex":0},"down":{"uv":[7.625,5.6875,7.1875,5.875],"rotation":0,"texture":"#0","tintindex":0}}},{"from":[4.5032086,4.7885094,12.525715],"to":[11.342066,11.2250805,15.744],"rotation":{"angle":0.0,"axis":"y","origin":[7.7214947,0.22256613,8.0]},"faces":{"east":{"uv":[6.625,7.46875,6.8125,7.875],"rotation":0,"texture":"#0","tintindex":0},"south":{"uv":[5.4375,5.15625,5.875,5.5625],"rotation":0,"texture":"#0","tintindex":0},"north":{"uv":[0.0,5.375,0.4375,5.78125],"rotation":0,"texture":"#0","tintindex":0},"west":{"uv":[6.8125,7.46875,7.0,7.875],"rotation":0,"texture":"#0","tintindex":0},"up":{"uv":[7.625,6.0625,7.1875,5.875],"rotation":0,"texture":"#0","tintindex":0},"down":{"uv":[0.4375,7.21875,0.0,7.40625],"rotation":0,"texture":"#0","tintindex":0}}},{"from":[4.5032086,10.621653,0.115199566],"to":[11.342066,13.839938,6.551771],"rotation":{"angle":45.0,"axis":"x","origin":[7.7214947,1.4294233,8.0]},"faces":{"east":{"uv":[7.46875,7.4375,7.875,7.625],"rotation":0,"texture":"#0","tintindex":0},"south":{"uv":[7.21875,2.59375,7.65625,2.78125],"rotation":0,"texture":"#0","tintindex":0},"north":{"uv":[7.21875,2.40625,7.65625,2.59375],"rotation":0,"texture":"#0","tintindex":0},"west":{"uv":[7.5,0.8125,7.90625,1.0],"rotation":0,"texture":"#0","tintindex":0},"up":{"uv":[5.90625,1.3125,5.46875,0.90625],"rotation":0,"texture":"#0","tintindex":0},"down":{"uv":[5.90625,4.28125,5.46875,4.6875],"rotation":0,"texture":"#0","tintindex":0}}},{"from":[4.5032086,10.621653,9.448229],"to":[11.342066,13.839938,15.8848],"rotation":{"angle":-45.0,"axis":"x","origin":[7.7214947,1.4294233,8.0]},"faces":{"east":{"uv":[7.5,1.5,7.90625,1.6875],"rotation":0,"texture":"#0","tintindex":0},"south":{"uv":[7.21875,3.15625,7.65625,3.34375],"rotation":0,"texture":"#0","tintindex":0},"north":{"uv":[7.21875,2.96875,7.65625,3.15625],"rotation":0,"texture":"#0","tintindex":0},"west":{"uv":[1.53125,7.5,1.9375,7.6875],"rotation":0,"texture":"#0","tintindex":0},"up":{"uv":[5.90625,5.09375,5.46875,4.6875],"rotation":0,"texture":"#0","tintindex":0},"down":{"uv":[1.6875,5.5,1.25,5.90625],"rotation":0,"texture":"#0","tintindex":0}}},{"from":[4.5032086,12.572739,4.7817144],"to":[11.342066,15.791024,11.218286],"rotation":{"angle":0.0,"axis":"y","origin":[7.7214947,0.22256613,8.0]},"faces":{"east":{"uv":[7.5,1.6875,7.90625,1.875],"rotation":0,"texture":"#0","tintindex":0},"south":{"uv":[7.21875,4.1875,7.65625,4.375],"rotation":0,"texture":"#0","tintindex":0},"north":{"uv":[7.21875,3.34375,7.65625,3.53125],"rotation":0,"texture":"#0","tintindex":0},"west":{"uv":[7.5,1.875,7.90625,2.0625],"rotation":0,"texture":"#0","tintindex":0},"up":{"uv":[5.9375,3.0,5.5,2.59375],"rotation":0,"texture":"#0","tintindex":0},"down":{"uv":[5.9375,3.0,5.5,3.40625],"rotation":0,"texture":"#0","tintindex":0}}},{"from":[4.5032086,0.22256613,4.7817144],"to":[11.342066,3.4408517,11.218286],"rotation":{"angle":0.0,"axis":"y","origin":[7.7214947,0.22256613,8.0]},"faces":{"east":{"uv":[4.0,7.5,4.40625,7.6875],"rotation":0,"texture":"#0","tintindex":0},"south":{"uv":[7.21875,4.5625,7.65625,4.75],"rotation":0,"texture":"#0","tintindex":0},"north":{"uv":[7.21875,4.375,7.65625,4.5625],"rotation":0,"texture":"#0","tintindex":0},"west":{"uv":[4.40625,7.5,4.8125,7.6875],"rotation":0,"texture":"#0","tintindex":0},"up":{"uv":[3.5625,5.90625,3.125,5.5],"rotation":0,"texture":"#0","tintindex":0},"down":{"uv":[5.96875,1.3125,5.53125,1.71875],"rotation":0,"texture":"#0","tintindex":0}}},{"from":[5.710066,3.6168518,2.3679996],"to":[8.526066,12.995138,4.7817144],"rotation":{"angle":0.0,"axis":"y","origin":[6.1123514,0.22256613,8.0]},"faces":{"east":{"uv":[5.71875,6.65625,5.875,7.25],"rotation":0,"texture":"#0","tintindex":0},"south":{"uv":[6.4375,6.5625,6.625,7.15625],"rotation":0,"texture":"#0","tintindex":0},"north":{"uv":[3.46875,4.40625,3.65625,5.0],"rotation":0,"texture":"#0","tintindex":0},"west":{"uv":[6.90625,3.28125,7.0625,3.875],"rotation":0,"texture":"#0","tintindex":0},"up":{"uv":[3.5625,8.3125,3.375,8.15625],"rotation":0,"texture":"#0","tintindex":0},"down":{"uv":[6.28125,8.15625,6.09375,8.3125],"rotation":0,"texture":"#0","tintindex":0}}},{"from":[5.710066,3.2899947,11.218286],"to":[8.526066,12.592852,13.632],"rotation":{"angle":0.0,"axis":"y","origin":[6.1123514,0.22256613,8.0]},"faces":{"east":{"uv":[3.84375,7.0625,4.0,7.625],"rotation":0,"texture":"#0","tintindex":0},"south":{"uv":[6.625,6.6875,6.8125,7.25],"rotation":0,"texture":"#0","tintindex":0},"north":{"uv":[5.53125,6.65625,5.71875,7.21875],"rotation":0,"texture":"#0","tintindex":0},"west":{"uv":[7.0625,4.1875,7.21875,4.75],"rotation":0,"texture":"#0","tintindex":0},"up":{"uv":[8.375,1.1875,8.1875,1.03125],"rotation":0,"texture":"#0","tintindex":0},"down":{"uv":[8.375,2.0625,8.1875,2.21875],"rotation":0,"texture":"#0","tintindex":0}}},{"from":[8.12378,5.452281,5.5862856],"to":[9.7329235,10.279709,10.413714],"rotation":{"angle":0.0,"axis":"y","origin":[5.106637,7.865995,8.0]},"faces":{"east":{"uv":[0.875,5.5625,1.1875,5.875],"rotation":0,"texture":"#0","tintindex":0},"south":{"uv":[4.0625,4.375,4.15625,4.6875],"rotation":0,"texture":"#0","tintindex":0},"north":{"uv":[2.4375,2.875,2.53125,3.1875],"rotation":0,"texture":"#0","tintindex":0},"west":{"uv":[6.75,2.96875,7.0625,3.28125],"rotation":0,"texture":"#0","tintindex":0},"up":{"uv":[1.4375,4.90625,1.34375,4.59375],"rotation":0,"texture":"#0","tintindex":0},"down":{"uv":[5.0,4.28125,4.90625,4.59375],"rotation":0,"texture":"#0","tintindex":0}}},{"from":[9.330637,6.6591377,6.793143],"to":[11.342066,9.072852,9.206858],"rotation":{"angle":0.0,"axis":"y","origin":[10.336351,7.865995,8.0]},"faces":{"east":{"uv":[3.375,7.65625,3.53125,7.8125],"rotation":0,"texture":"#0","tintindex":0},"south":{"uv":[8.25,4.28125,8.375,4.4375],"rotation":0,"texture":"#0","tintindex":0},"north":{"uv":[8.25,2.40625,8.375,2.5625],"rotation":0,"texture":"#0","tintindex":0},"west":{"uv":[1.53125,8.21875,1.6875,8.375],"rotation":0,"texture":"#0","tintindex":0},"up":{"uv":[8.375,5.0625,8.25,4.90625],"rotation":0,"texture":"#0","tintindex":0},"down":{"uv":[6.65625,8.25,6.53125,8.40625],"rotation":0,"texture":"#0","tintindex":0}}}],"display":{"head":{"translation":[0.0,-6.4,0.0],"scale":[4.0,4.0,4.0]}}}