{
    "display": {
        "thirdperson_righthand": {
            "rotation": [0, 90, 0],
            "translation": [0, 3.5, 1.25],
            "scale": [0.45, 0.45, 0.45]
        },
        "thirdperson_lefthand": {
            "rotation": [0, 90, 0],
            "translation": [0, 3.5, 1.25],
            "scale": [0.45, 0.45, 0.45]
        },
        "firstperson_righthand": {
            "rotation": [0, -90, -20],
            "translation": [1, 3, 1],
            "scale": [0.35, 0.35, 0.35]
        },
        "firstperson_lefthand": {
            "rotation": [0, -90, -20],
            "translation": [1, 3, 1],
            "scale": [0.35, 0.35, 0.35]
        },
        "ground": {
            "translation": [0, 4, 0],
            "scale": [0.5, 0.5, 0.5]
        },
        "gui": {
            "rotation": [0, 0, -45],
            "translation": [-1, -1, 0],
            "scale": [0.45, 0.45, 0.45]
        },
        "fixed": {
            "translation": [0, 2.25, 0]
        }
    },
    "texture_size": [64, 64],
    "textures": {
        "1": "item/pickaxes/angelic_pickaxe",
        "particle": "item/pickaxes/angelic_pickaxe"
    },
    "elements": [{
        "from": [6.5, -11.5, 6.5],
        "to": [9.5, -8.5, 9.5],
        "rotation": {
            "angle": 45,
            "axis": "z",
            "origin": [8, -10, 8]
        },
        "faces": {
            "north": {
                "uv": [3.758, 5.758, 4.492, 6.492],
                "texture": "#1"
            },
            "east": {
                "uv": [4.758, 6.508, 5.492, 7.242],
                "texture": "#1"
            },
            "south": {
                "uv": [3.758, 6.758, 4.492, 7.492],
                "texture": "#1"
            },
            "west": {
                "uv": [5.758, 6.758, 6.492, 7.492],
                "texture": "#1"
            },
            "up": {
                "uv": [7.492, 7.492, 6.758, 6.758],
                "texture": "#1"
            },
            "down": {
                "uv": [7.992, 3.758, 7.258, 4.492],
                "texture": "#1"
            }
        }
    }, {
        "from": [6.5, -1.5, 6.5],
        "to": [9.5, 0.5, 9.5],
        "rotation": {
            "angle": 0,
            "axis": "z",
            "origin": [8, -8, 8]
        },
        "faces": {
            "north": {
                "uv": [6.508, 8.758, 7.242, 9.242],
                "texture": "#1"
            },
            "east": {
                "uv": [8.758, 6.758, 9.492, 7.242],
                "texture": "#1"
            },
            "south": {
                "uv": [7.508, 8.758, 8.242, 9.242],
                "texture": "#1"
            },
            "west": {
                "uv": [8.758, 7.508, 9.492, 7.992],
                "texture": "#1"
            },
            "up": {
                "uv": [7.992, 5.492, 7.258, 4.758],
                "texture": "#1"
            },
            "down": {
                "uv": [7.992, 5.758, 7.258, 6.492],
                "texture": "#1"
            }
        }
    }, {
        "from": [6, 7.5, 6],
        "to": [10, 11.5, 10],
        "rotation": {
            "angle": 0,
            "axis": "z",
            "origin": [8, -8, 8]
        },
        "faces": {
            "north": {
                "uv": [0.008, 4.508, 0.992, 5.492],
                "texture": "#1"
            },
            "east": {
                "uv": [1.258, 4.508, 2.242, 5.492],
                "texture": "#1"
            },
            "south": {
                "uv": [2.508, 4.508, 3.492, 5.492],
                "texture": "#1"
            },
            "west": {
                "uv": [3.758, 4.508, 4.742, 5.492],
                "texture": "#1"
            },
            "up": {
                "uv": [5.992, 0.992, 5.008, 0.008],
                "texture": "#1"
            },
            "down": {
                "uv": [5.992, 1.258, 5.008, 2.242],
                "texture": "#1"
            }
        }
    }, {
        "from": [14, 14.05, 6.5],
        "to": [17, 17.05, 9.5],
        "rotation": {
            "angle": 45,
            "axis": "z",
            "origin": [15.5, 15.55, 8]
        },
        "faces": {
            "north": {
                "uv": [4.758, 7.508, 5.492, 8.242],
                "texture": "#1"
            },
            "east": {
                "uv": [0.008, 7.758, 0.742, 8.492],
                "texture": "#1"
            },
            "south": {
                "uv": [7.758, 0.008, 8.492, 0.742],
                "texture": "#1"
            },
            "west": {
                "uv": [1.008, 7.758, 1.742, 8.492],
                "texture": "#1"
            },
            "up": {
                "uv": [8.492, 1.742, 7.758, 1.008],
                "texture": "#1"
            },
            "down": {
                "uv": [2.742, 7.758, 2.008, 8.492],
                "texture": "#1"
            }
        }
    }, {
        "from": [16.62132, 14.67132, 8],
        "to": [20.62132, 16.67132, 8],
        "rotation": {
            "angle": 0,
            "axis": "z",
            "origin": [18.62132, 15.17132, 8.5]
        },
        "faces": {
            "north": {
                "uv": [8.008, 3.008, 8.992, 3.492],
                "texture": "#1"
            },
            "east": {
                "uv": [4.758, 5.758, 4.758, 6.242],
                "texture": "#1"
            },
            "south": {
                "uv": [8.258, 3.758, 9.242, 4.242],
                "texture": "#1"
            },
            "west": {
                "uv": [3.008, 10.258, 3.008, 10.742],
                "texture": "#1"
            },
            "up": {
                "uv": [10.742, 8.758, 9.758, 8.758],
                "texture": "#1"
            },
            "down": {
                "uv": [10.992, 6.258, 10.008, 6.258],
                "texture": "#1"
            }
        }
    }, {
        "from": [20.62132, 15.67132, 8],
        "to": [22.62132, 16.67132, 8],
        "rotation": {
            "angle": 0,
            "axis": "z",
            "origin": [18.62132, 15.17132, 8.5]
        },
        "faces": {
            "north": {
                "uv": [1.508, 10.258, 1.992, 10.492],
                "texture": "#1"
            },
            "east": {
                "uv": [8.758, 1.508, 8.758, 1.742],
                "texture": "#1"
            },
            "south": {
                "uv": [2.258, 10.258, 2.742, 10.492],
                "texture": "#1"
            },
            "west": {
                "uv": [3.758, 8.758, 3.758, 8.992],
                "texture": "#1"
            },
            "up": {
                "uv": [10.742, 5.008, 10.258, 5.008],
                "texture": "#1"
            },
            "down": {
                "uv": [8.242, 10.258, 7.758, 10.258],
                "texture": "#1"
            }
        }
    }, {
        "from": [21.62132, 16.08553, 8],
        "to": [24.62132, 17.08553, 8],
        "rotation": {
            "angle": 45,
            "axis": "z",
            "origin": [22.62132, 17.08553, 8.5]
        },
        "faces": {
            "north": {
                "uv": [8.508, 9.758, 9.242, 9.992],
                "texture": "#1"
            },
            "east": {
                "uv": [3.508, 9.508, 3.508, 9.742],
                "texture": "#1"
            },
            "south": {
                "uv": [9.508, 9.758, 10.242, 9.992],
                "texture": "#1"
            },
            "west": {
                "uv": [3.258, 10.258, 3.258, 10.492],
                "texture": "#1"
            },
            "up": {
                "uv": [9.242, 10.258, 8.508, 10.258],
                "texture": "#1"
            },
            "down": {
                "uv": [10.992, 9.008, 10.258, 9.008],
                "texture": "#1"
            }
        }
    }, {
        "from": [10.52605, 7.00428, 7],
        "to": [12.52605, 14.00428, 9],
        "rotation": {
            "angle": -22.5,
            "axis": "z",
            "origin": [13.69619, 14.03634, 8]
        },
        "faces": {
            "north": {
                "uv": [5.008, 2.508, 5.492, 4.242],
                "texture": "#1"
            },
            "east": {
                "uv": [5.008, 4.508, 5.492, 6.242],
                "texture": "#1"
            },
            "south": {
                "uv": [0.008, 5.758, 0.492, 7.492],
                "texture": "#1"
            },
            "west": {
                "uv": [0.758, 5.758, 1.242, 7.492],
                "texture": "#1"
            },
            "up": {
                "uv": [6.992, 4.242, 6.508, 3.758],
                "texture": "#1"
            },
            "down": {
                "uv": [4.492, 7.758, 4.008, 8.242],
                "texture": "#1"
            }
        }
    }, {
        "from": [11.43189, 14.25529, 7],
        "to": [16.43189, 16.25529, 9],
        "rotation": {
            "angle": 22.5,
            "axis": "z",
            "origin": [13.69619, 14.03634, 8]
        },
        "faces": {
            "north": {
                "uv": [5.758, 4.508, 6.992, 4.992],
                "texture": "#1"
            },
            "east": {
                "uv": [9.258, 3.008, 9.742, 3.492],
                "texture": "#1"
            },
            "south": {
                "uv": [5.758, 5.258, 6.992, 5.742],
                "texture": "#1"
            },
            "west": {
                "uv": [3.758, 9.258, 4.242, 9.742],
                "texture": "#1"
            },
            "up": {
                "uv": [6.992, 6.492, 5.758, 6.008],
                "texture": "#1"
            },
            "down": {
                "uv": [7.492, 0.008, 6.258, 0.492],
                "texture": "#1"
            }
        }
    }, {
        "from": [10.25823, 9.71778, 8],
        "to": [13.25823, 17.71778, 8],
        "rotation": {
            "angle": -22.5,
            "axis": "z",
            "origin": [11.75823, 16.71778, 8.5]
        },
        "faces": {
            "north": {
                "uv": [3.008, 0.008, 3.742, 1.992],
                "texture": "#1"
            },
            "east": {
                "uv": [9.508, 10.258, 9.508, 12.242],
                "texture": "#1"
            },
            "south": {
                "uv": [3.008, 2.258, 3.742, 4.242],
                "texture": "#1"
            },
            "west": {
                "uv": [9.758, 10.258, 9.758, 12.242],
                "texture": "#1"
            },
            "up": {
                "uv": [10.992, 9.258, 10.258, 9.258],
                "texture": "#1"
            },
            "down": {
                "uv": [10.992, 9.508, 10.258, 9.508],
                "texture": "#1"
            }
        }
    }, {
        "from": [11.30756, 19.22921, 8],
        "to": [12.30756, 23.22921, 8],
        "rotation": {
            "angle": 22.5,
            "axis": "z",
            "origin": [11.68872, 19.96777, 8.5]
        },
        "faces": {
            "north": {
                "uv": [4.508, 9.258, 4.742, 10.242],
                "texture": "#1"
            },
            "east": {
                "uv": [10.008, 10.258, 10.008, 11.242],
                "texture": "#1"
            },
            "south": {
                "uv": [0.008, 9.508, 0.242, 10.492],
                "texture": "#1"
            },
            "west": {
                "uv": [10.258, 10.258, 10.258, 11.242],
                "texture": "#1"
            },
            "up": {
                "uv": [5.492, 8.508, 5.258, 8.508],
                "texture": "#1"
            },
            "down": {
                "uv": [10.742, 1.008, 10.508, 1.008],
                "texture": "#1"
            }
        }
    }, {
        "from": [17.49494, 11.71831, 7],
        "to": [21.49494, 13.71831, 9],
        "rotation": {
            "angle": -45,
            "axis": "z",
            "origin": [19.24494, 14.71831, 8]
        },
        "faces": {
            "north": {
                "uv": [8.258, 4.508, 9.242, 4.992],
                "texture": "#1"
            },
            "east": {
                "uv": [0.508, 9.508, 0.992, 9.992],
                "texture": "#1"
            },
            "south": {
                "uv": [8.258, 5.258, 9.242, 5.742],
                "texture": "#1"
            },
            "west": {
                "uv": [1.258, 9.508, 1.742, 9.992],
                "texture": "#1"
            },
            "up": {
                "uv": [9.242, 6.492, 8.258, 6.008],
                "texture": "#1"
            },
            "down": {
                "uv": [4.992, 8.508, 4.008, 8.992],
                "texture": "#1"
            }
        }
    }, {
        "from": [21.49494, 12.71831, 7],
        "to": [24.49494, 13.71831, 9],
        "rotation": {
            "angle": -45,
            "axis": "z",
            "origin": [19.24494, 14.71831, 8]
        },
        "faces": {
            "north": {
                "uv": [10.008, 0.008, 10.742, 0.242],
                "texture": "#1"
            },
            "east": {
                "uv": [10.258, 3.508, 10.742, 3.742],
                "texture": "#1"
            },
            "south": {
                "uv": [10.008, 0.508, 10.742, 0.742],
                "texture": "#1"
            },
            "west": {
                "uv": [10.258, 4.008, 10.742, 4.242],
                "texture": "#1"
            },
            "up": {
                "uv": [9.492, 8.742, 8.758, 8.258],
                "texture": "#1"
            },
            "down": {
                "uv": [9.742, 1.508, 9.008, 1.992],
                "texture": "#1"
            }
        }
    }, {
        "from": [11.49666, 17.99177, 8],
        "to": [13.49666, 19.99177, 8],
        "rotation": {
            "angle": -22.5,
            "axis": "z",
            "origin": [11.68872, 19.96777, 8.5]
        },
        "faces": {
            "north": {
                "uv": [2.008, 9.508, 2.492, 9.992],
                "texture": "#1"
            },
            "east": {
                "uv": [10.508, 1.258, 10.508, 1.742],
                "texture": "#1"
            },
            "south": {
                "uv": [2.758, 9.508, 3.242, 9.992],
                "texture": "#1"
            },
            "west": {
                "uv": [10.508, 2.008, 10.508, 2.492],
                "texture": "#1"
            },
            "up": {
                "uv": [10.992, 2.758, 10.508, 2.758],
                "texture": "#1"
            },
            "down": {
                "uv": [10.992, 6.508, 10.508, 6.508],
                "texture": "#1"
            }
        }
    }, {
        "from": [10.49666, 15.99177, 8],
        "to": [11.49666, 18.99177, 8],
        "rotation": {
            "angle": -22.5,
            "axis": "z",
            "origin": [11.68872, 19.96777, 8.5]
        },
        "faces": {
            "north": {
                "uv": [10.008, 1.008, 10.242, 1.742],
                "texture": "#1"
            },
            "east": {
                "uv": [4.508, 10.508, 4.508, 11.242],
                "texture": "#1"
            },
            "south": {
                "uv": [10.008, 2.008, 10.242, 2.742],
                "texture": "#1"
            },
            "west": {
                "uv": [4.758, 10.508, 4.758, 11.242],
                "texture": "#1"
            },
            "up": {
                "uv": [10.742, 6.758, 10.508, 6.758],
                "texture": "#1"
            },
            "down": {
                "uv": [10.742, 7.008, 10.508, 7.008],
                "texture": "#1"
            }
        }
    }, {
        "from": [3.47395, 7.00428, 7],
        "to": [5.47395, 14.00428, 9],
        "rotation": {
            "angle": 22.5,
            "axis": "z",
            "origin": [2.30381, 14.03634, 8]
        },
        "faces": {
            "north": {
                "uv": [1.508, 5.758, 1.992, 7.492],
                "texture": "#1"
            },
            "east": {
                "uv": [2.258, 5.758, 2.742, 7.492],
                "texture": "#1"
            },
            "south": {
                "uv": [5.758, 2.508, 6.242, 4.242],
                "texture": "#1"
            },
            "west": {
                "uv": [3.008, 5.758, 3.492, 7.492],
                "texture": "#1"
            },
            "up": {
                "uv": [9.992, 4.242, 9.508, 3.758],
                "texture": "#1"
            },
            "down": {
                "uv": [9.992, 4.508, 9.508, 4.992],
                "texture": "#1"
            }
        }
    }, {
        "from": [2.74177, 9.71778, 8],
        "to": [5.74177, 17.71778, 8],
        "rotation": {
            "angle": 22.5,
            "axis": "z",
            "origin": [4.24177, 16.71778, 8.5]
        },
        "faces": {
            "north": {
                "uv": [4.008, 0.008, 4.742, 1.992],
                "texture": "#1"
            },
            "east": {
                "uv": [7.758, 10.508, 7.758, 12.492],
                "texture": "#1"
            },
            "south": {
                "uv": [4.008, 2.258, 4.742, 4.242],
                "texture": "#1"
            },
            "west": {
                "uv": [8.008, 10.508, 8.008, 12.492],
                "texture": "#1"
            },
            "up": {
                "uv": [11.242, 7.258, 10.508, 7.258],
                "texture": "#1"
            },
            "down": {
                "uv": [11.242, 7.508, 10.508, 7.508],
                "texture": "#1"
            }
        }
    }, {
        "from": [3.69244, 19.22921, 8],
        "to": [4.69244, 23.22921, 8],
        "rotation": {
            "angle": -22.5,
            "axis": "z",
            "origin": [4.31128, 19.96777, 8.5]
        },
        "faces": {
            "north": {
                "uv": [5.008, 9.508, 5.242, 10.492],
                "texture": "#1"
            },
            "east": {
                "uv": [8.258, 10.508, 8.258, 11.492],
                "texture": "#1"
            },
            "south": {
                "uv": [9.508, 5.258, 9.742, 6.242],
                "texture": "#1"
            },
            "west": {
                "uv": [8.508, 10.508, 8.508, 11.492],
                "texture": "#1"
            },
            "up": {
                "uv": [10.742, 7.758, 10.508, 7.758],
                "texture": "#1"
            },
            "down": {
                "uv": [10.742, 8.008, 10.508, 8.008],
                "texture": "#1"
            }
        }
    }, {
        "from": [4.50334, 15.99177, 8],
        "to": [5.50334, 18.99177, 8],
        "rotation": {
            "angle": 22.5,
            "axis": "z",
            "origin": [4.31128, 19.96777, 8.5]
        },
        "faces": {
            "north": {
                "uv": [3.508, 10.008, 3.742, 10.742],
                "texture": "#1"
            },
            "east": {
                "uv": [8.758, 10.508, 8.758, 11.242],
                "texture": "#1"
            },
            "south": {
                "uv": [4.008, 10.008, 4.242, 10.742],
                "texture": "#1"
            },
            "west": {
                "uv": [9.008, 10.508, 9.008, 11.242],
                "texture": "#1"
            },
            "up": {
                "uv": [10.742, 8.258, 10.508, 8.258],
                "texture": "#1"
            },
            "down": {
                "uv": [10.742, 8.508, 10.508, 8.508],
                "texture": "#1"
            }
        }
    }, {
        "from": [2.50334, 17.99177, 8],
        "to": [4.50334, 19.99177, 8],
        "rotation": {
            "angle": 22.5,
            "axis": "z",
            "origin": [4.31128, 19.96777, 8.5]
        },
        "faces": {
            "north": {
                "uv": [5.508, 9.508, 5.992, 9.992],
                "texture": "#1"
            },
            "east": {
                "uv": [9.258, 10.508, 9.258, 10.992],
                "texture": "#1"
            },
            "south": {
                "uv": [6.258, 9.508, 6.742, 9.992],
                "texture": "#1"
            },
            "west": {
                "uv": [10.508, 9.758, 10.508, 10.242],
                "texture": "#1"
            },
            "up": {
                "uv": [10.992, 10.508, 10.508, 10.508],
                "texture": "#1"
            },
            "down": {
                "uv": [0.492, 10.758, 0.008, 10.758],
                "texture": "#1"
            }
        }
    }, {
        "from": [-0.43189, 14.25529, 7],
        "to": [4.56811, 16.25529, 9],
        "rotation": {
            "angle": -22.5,
            "axis": "z",
            "origin": [2.30381, 14.03634, 8]
        },
        "faces": {
            "north": {
                "uv": [6.258, 0.758, 7.492, 1.242],
                "texture": "#1"
            },
            "east": {
                "uv": [7.008, 9.508, 7.492, 9.992],
                "texture": "#1"
            },
            "south": {
                "uv": [6.258, 1.508, 7.492, 1.992],
                "texture": "#1"
            },
            "west": {
                "uv": [7.758, 9.508, 8.242, 9.992],
                "texture": "#1"
            },
            "up": {
                "uv": [7.742, 2.742, 6.508, 2.258],
                "texture": "#1"
            },
            "down": {
                "uv": [7.742, 3.008, 6.508, 3.492],
                "texture": "#1"
            }
        }
    }, {
        "from": [-1, 14.05, 6.5],
        "to": [2, 17.05, 9.5],
        "rotation": {
            "angle": -45,
            "axis": "z",
            "origin": [0.5, 15.55, 8]
        },
        "faces": {
            "north": {
                "uv": [3.008, 7.758, 3.742, 8.492],
                "texture": "#1"
            },
            "east": {
                "uv": [5.758, 7.758, 6.492, 8.492],
                "texture": "#1"
            },
            "south": {
                "uv": [6.758, 7.758, 7.492, 8.492],
                "texture": "#1"
            },
            "west": {
                "uv": [7.758, 6.758, 8.492, 7.492],
                "texture": "#1"
            },
            "up": {
                "uv": [8.492, 8.492, 7.758, 7.758],
                "texture": "#1"
            },
            "down": {
                "uv": [8.742, 2.008, 8.008, 2.742],
                "texture": "#1"
            }
        }
    }, {
        "from": [-8.49494, 12.71831, 7],
        "to": [-5.49494, 13.71831, 9],
        "rotation": {
            "angle": 45,
            "axis": "z",
            "origin": [-3.24494, 14.71831, 8]
        },
        "faces": {
            "north": {
                "uv": [10.008, 3.008, 10.742, 3.242],
                "texture": "#1"
            },
            "east": {
                "uv": [10.258, 4.508, 10.742, 4.742],
                "texture": "#1"
            },
            "south": {
                "uv": [10.008, 5.258, 10.742, 5.492],
                "texture": "#1"
            },
            "west": {
                "uv": [5.508, 10.258, 5.992, 10.492],
                "texture": "#1"
            },
            "up": {
                "uv": [9.742, 2.742, 9.008, 2.258],
                "texture": "#1"
            },
            "down": {
                "uv": [9.242, 9.008, 8.508, 9.492],
                "texture": "#1"
            }
        }
    }, {
        "from": [-5.49494, 11.71831, 7],
        "to": [-1.49494, 13.71831, 9],
        "rotation": {
            "angle": 45,
            "axis": "z",
            "origin": [-3.24494, 14.71831, 8]
        },
        "faces": {
            "north": {
                "uv": [0.008, 8.758, 0.992, 9.242],
                "texture": "#1"
            },
            "east": {
                "uv": [9.508, 9.008, 9.992, 9.492],
                "texture": "#1"
            },
            "south": {
                "uv": [8.758, 0.008, 9.742, 0.492],
                "texture": "#1"
            },
            "west": {
                "uv": [9.758, 6.508, 10.242, 6.992],
                "texture": "#1"
            },
            "up": {
                "uv": [9.742, 1.242, 8.758, 0.758],
                "texture": "#1"
            },
            "down": {
                "uv": [2.242, 8.758, 1.258, 9.242],
                "texture": "#1"
            }
        }
    }, {
        "from": [-6.62132, 15.67132, 8],
        "to": [-4.62132, 16.67132, 8],
        "rotation": {
            "angle": 0,
            "axis": "z",
            "origin": [-2.62132, 15.17132, 8.5]
        },
        "faces": {
            "north": {
                "uv": [6.258, 10.258, 6.742, 10.492],
                "texture": "#1"
            },
            "east": {
                "uv": [0.758, 10.758, 0.758, 10.992],
                "texture": "#1"
            },
            "south": {
                "uv": [7.008, 10.258, 7.492, 10.492],
                "texture": "#1"
            },
            "west": {
                "uv": [1.008, 10.758, 1.008, 10.992],
                "texture": "#1"
            },
            "up": {
                "uv": [1.742, 10.758, 1.258, 10.758],
                "texture": "#1"
            },
            "down": {
                "uv": [11.242, 1.258, 10.758, 1.258],
                "texture": "#1"
            }
        }
    }, {
        "from": [-4.62132, 14.67132, 8],
        "to": [-0.62132, 16.67132, 8],
        "rotation": {
            "angle": 0,
            "axis": "z",
            "origin": [-2.62132, 15.17132, 8.5]
        },
        "faces": {
            "north": {
                "uv": [2.508, 8.758, 3.492, 9.242],
                "texture": "#1"
            },
            "east": {
                "uv": [10.758, 1.508, 10.758, 1.992],
                "texture": "#1"
            },
            "south": {
                "uv": [5.258, 8.758, 6.242, 9.242],
                "texture": "#1"
            },
            "west": {
                "uv": [2.008, 10.758, 2.008, 11.242],
                "texture": "#1"
            },
            "up": {
                "uv": [11.742, 2.258, 10.758, 2.258],
                "texture": "#1"
            },
            "down": {
                "uv": [11.742, 2.508, 10.758, 2.508],
                "texture": "#1"
            }
        }
    }, {
        "from": [-8.62132, 16.08553, 8],
        "to": [-5.62132, 17.08553, 8],
        "rotation": {
            "angle": -45,
            "axis": "z",
            "origin": [-6.62132, 17.08553, 8.5]
        },
        "faces": {
            "north": {
                "uv": [10.008, 5.758, 10.742, 5.992],
                "texture": "#1"
            },
            "east": {
                "uv": [2.258, 10.758, 2.258, 10.992],
                "texture": "#1"
            },
            "south": {
                "uv": [0.508, 10.258, 1.242, 10.492],
                "texture": "#1"
            },
            "west": {
                "uv": [2.508, 10.758, 2.508, 10.992],
                "texture": "#1"
            },
            "up": {
                "uv": [5.742, 10.758, 5.008, 10.758],
                "texture": "#1"
            },
            "down": {
                "uv": [6.742, 10.758, 6.008, 10.758],
                "texture": "#1"
            }
        }
    }, {
        "from": [7, -9.5, 7],
        "to": [9, 7.5, 9],
        "rotation": {
            "angle": 45,
            "axis": "y",
            "origin": [8, -1, 8]
        },
        "faces": {
            "north": {
                "uv": [0.008, 0.008, 0.492, 4.242],
                "texture": "#1"
            },
            "east": {
                "uv": [0.758, 0.008, 1.242, 4.242],
                "texture": "#1"
            },
            "south": {
                "uv": [1.508, 0.008, 1.992, 4.242],
                "texture": "#1"
            },
            "west": {
                "uv": [2.258, 0.008, 2.742, 4.242],
                "texture": "#1"
            },
            "up": {
                "uv": [10.242, 7.742, 9.758, 7.258],
                "texture": "#1"
            },
            "down": {
                "uv": [10.242, 8.008, 9.758, 8.492],
                "texture": "#1"
            }
        }
    }]
}