{
    "display": {
        "thirdperson_righthand": {
            "translation": [0, 1.5, 0.5],
            "scale": [1.2, 1.2, 1.2]
        },
        "thirdperson_lefthand": {
            "translation": [0, 1.5, 0.5],
            "scale": [1.2, 1.2, 1.2]
        },
        "firstperson_righthand": {
            "rotation": [20, 0, 0],
            "translation": [0, 1, 1.25],
            "scale": [0.8, 0.8, 0.8]
        },
        "firstperson_lefthand": {
            "rotation": [20, 0, 0],
            "translation": [0, 1, 1.25],
            "scale": [0.8, 0.8, 0.8]
        },
        "ground": {
            "translation": [0, 3, 0]
        },
        "gui": {
            "rotation": [-90, -45, -90],
            "translation": [-0.25, -0.75, 0],
            "scale": [1.2, 1.2, 1.2]
        },
        "fixed": {
            "rotation": [90, -45.75, 90],
            "translation": [0.75, -0.25, -1]
        }
    },
    "texture_size": [64, 64],
    "textures": {
        "0": "item/pickaxes/christmas_tree_pickaxe",
        "particle": "item/pickaxes/christmas_tree_pickaxe"
    },
    "elements": [{
        "from": [7.5, 0.4, 7.5],
        "to": [9.5, 2.2, 9.5],
        "faces": {
            "north": {
                "uv": [7.5, 12, 8.75, 13.25],
                "texture": "#0"
            },
            "east": {
                "uv": [7.5, 12, 8.75, 13.25],
                "texture": "#0"
            },
            "south": {
                "uv": [7.5, 12, 8.75, 13.25],
                "texture": "#0"
            },
            "west": {
                "uv": [7.5, 12, 8.75, 13.25],
                "texture": "#0"
            },
            "up": {
                "uv": [7.5, 13, 8.75, 13.25],
                "texture": "#0"
            },
            "down": {
                "uv": [7.5, 13, 8.75, 13.25],
                "texture": "#0"
            }
        }
    }, {
        "from": [7.9, 8.3, 7.1],
        "to": [9.1, 8.65, 9.1],
        "faces": {
            "north": {
                "uv": [7.25, 7.5, 7.5, 7.75],
                "texture": "#0"
            },
            "east": {
                "uv": [7.25, 7.5, 8.5, 7.75],
                "texture": "#0"
            },
            "south": {
                "uv": [8.25, 7.5, 8.5, 7.75],
                "texture": "#0"
            },
            "west": {
                "uv": [7.25, 7.5, 8.5, 7.75],
                "texture": "#0"
            },
            "up": {
                "uv": [7.25, 7.5, 8.5, 7.75],
                "rotation": 90,
                "texture": "#0"
            },
            "down": {
                "uv": [8.5, 7.5, 7.25, 7.75],
                "rotation": 90,
                "texture": "#0"
            }
        }
    }, {
        "from": [7.9, 8.3, 6.3],
        "to": [9.1, 8.65, 6.7],
        "faces": {
            "north": {
                "uv": [6.75, 7.5, 7, 7.75],
                "texture": "#0"
            },
            "east": {
                "uv": [6.75, 7.5, 7, 7.75],
                "texture": "#0"
            },
            "south": {
                "uv": [6.75, 7.5, 7, 7.75],
                "texture": "#0"
            },
            "west": {
                "uv": [6.75, 7.5, 7, 7.75],
                "texture": "#0"
            },
            "up": {
                "uv": [6.75, 7.5, 7, 7.75],
                "rotation": 90,
                "texture": "#0"
            },
            "down": {
                "uv": [7, 7.5, 6.75, 7.75],
                "rotation": 90,
                "texture": "#0"
            }
        }
    }, {
        "from": [7.9, 8.3, 5.9],
        "to": [9.1, 8.65, 6.3],
        "faces": {
            "north": {
                "uv": [6.5, 7.5, 6.75, 7.75],
                "texture": "#0"
            },
            "east": {
                "uv": [6.5, 7.5, 6.75, 7.75],
                "texture": "#0"
            },
            "south": {
                "uv": [6.5, 7.5, 6.75, 7.75],
                "texture": "#0"
            },
            "west": {
                "uv": [6.5, 7.5, 6.75, 7.75],
                "texture": "#0"
            },
            "up": {
                "uv": [6.5, 7.5, 6.75, 7.75],
                "rotation": 90,
                "texture": "#0"
            },
            "down": {
                "uv": [6.75, 7.5, 6.5, 7.75],
                "rotation": 90,
                "texture": "#0"
            }
        }
    }, {
        "from": [7.9, 8.65, 5.5],
        "to": [9.1, 9, 5.9],
        "faces": {
            "north": {
                "uv": [6.5, 7.5, 6.75, 7.75],
                "texture": "#0"
            },
            "east": {
                "uv": [6.5, 7.5, 6.75, 7.75],
                "texture": "#0"
            },
            "south": {
                "uv": [6.5, 7.5, 6.75, 7.75],
                "texture": "#0"
            },
            "west": {
                "uv": [6.5, 7.5, 6.75, 7.75],
                "texture": "#0"
            },
            "up": {
                "uv": [6.5, 7.5, 6.75, 7.75],
                "rotation": 90,
                "texture": "#0"
            },
            "down": {
                "uv": [6.75, 7.5, 6.5, 7.75],
                "rotation": 90,
                "texture": "#0"
            }
        }
    }, {
        "from": [7.9, 11.1, 6.3],
        "to": [9.1, 11.45, 6.7],
        "faces": {
            "north": {
                "uv": [6.75, 5.5, 7, 5.75],
                "texture": "#0"
            },
            "east": {
                "uv": [6.75, 5.5, 7, 5.75],
                "texture": "#0"
            },
            "south": {
                "uv": [6.75, 5.5, 7, 5.75],
                "texture": "#0"
            },
            "west": {
                "uv": [6.75, 5.5, 7, 5.75],
                "texture": "#0"
            },
            "up": {
                "uv": [6.75, 5.5, 7, 5.75],
                "rotation": 90,
                "texture": "#0"
            },
            "down": {
                "uv": [7, 5.5, 6.75, 5.75],
                "rotation": 90,
                "texture": "#0"
            }
        }
    }, {
        "from": [7.9, 12.85, 7.1],
        "to": [9.1, 13.2, 7.5],
        "faces": {
            "north": {
                "uv": [7.25, 4.25, 7.5, 4.5],
                "texture": "#0"
            },
            "east": {
                "uv": [7.25, 4.25, 7.5, 4.5],
                "texture": "#0"
            },
            "south": {
                "uv": [7.25, 4.25, 7.5, 4.5],
                "texture": "#0"
            },
            "west": {
                "uv": [7.25, 4.25, 7.5, 4.5],
                "texture": "#0"
            },
            "up": {
                "uv": [7.25, 4.25, 7.5, 4.5],
                "rotation": 90,
                "texture": "#0"
            },
            "down": {
                "uv": [7.5, 4.25, 7.25, 4.5],
                "rotation": 90,
                "texture": "#0"
            }
        }
    }, {
        "from": [7.9, 13.55, 7.1],
        "to": [9.1, 13.9, 7.5],
        "faces": {
            "north": {
                "uv": [7.25, 3.75, 7.5, 4],
                "texture": "#0"
            },
            "east": {
                "uv": [7.25, 3.75, 7.5, 4],
                "texture": "#0"
            },
            "south": {
                "uv": [7.25, 3.75, 7.5, 4],
                "texture": "#0"
            },
            "west": {
                "uv": [7.25, 3.75, 7.5, 4],
                "texture": "#0"
            },
            "up": {
                "uv": [7.25, 3.75, 7.5, 4],
                "rotation": 90,
                "texture": "#0"
            },
            "down": {
                "uv": [7.5, 3.75, 7.25, 4],
                "rotation": 90,
                "texture": "#0"
            }
        }
    }, {
        "from": [7.9, 15.3, 7.1],
        "to": [9.1, 15.65, 7.5],
        "faces": {
            "north": {
                "uv": [7.25, 2.5, 7.5, 2.75],
                "texture": "#0"
            },
            "east": {
                "uv": [7.25, 2.5, 7.5, 2.75],
                "texture": "#0"
            },
            "south": {
                "uv": [7.25, 2.5, 7.5, 2.75],
                "texture": "#0"
            },
            "west": {
                "uv": [7.25, 2.5, 7.5, 2.75],
                "rotation": 180,
                "texture": "#0"
            },
            "up": {
                "uv": [7.25, 2.5, 7.5, 2.75],
                "rotation": 90,
                "texture": "#0"
            },
            "down": {
                "uv": [7.5, 2.5, 7.25, 2.75],
                "rotation": 90,
                "texture": "#0"
            }
        }
    }, {
        "from": [7.9, 15.3, 9.5],
        "to": [9.1, 15.65, 9.9],
        "faces": {
            "north": {
                "uv": [8.75, 2.5, 9, 2.75],
                "texture": "#0"
            },
            "east": {
                "uv": [8.75, 2.5, 9, 2.75],
                "texture": "#0"
            },
            "south": {
                "uv": [8.75, 2.5, 9, 2.75],
                "texture": "#0"
            },
            "west": {
                "uv": [8.75, 2.5, 9, 2.75],
                "rotation": 180,
                "texture": "#0"
            },
            "up": {
                "uv": [8.75, 2.5, 9, 2.75],
                "rotation": 90,
                "texture": "#0"
            },
            "down": {
                "uv": [9, 2.5, 8.75, 2.75],
                "rotation": 90,
                "texture": "#0"
            }
        }
    }, {
        "from": [7.9, 17.05, 8.3],
        "to": [9.1, 17.4, 8.7],
        "faces": {
            "north": {
                "uv": [8, 1.25, 8.25, 1.5],
                "texture": "#0"
            },
            "east": {
                "uv": [8, 1.25, 8.25, 1.5],
                "texture": "#0"
            },
            "south": {
                "uv": [8, 1.25, 8.25, 1.5],
                "texture": "#0"
            },
            "west": {
                "uv": [8, 1.25, 8.25, 1.5],
                "rotation": 180,
                "texture": "#0"
            },
            "up": {
                "uv": [8, 1.25, 8.25, 1.5],
                "rotation": 90,
                "texture": "#0"
            },
            "down": {
                "uv": [8.25, 1.25, 8, 1.5],
                "rotation": 90,
                "texture": "#0"
            }
        }
    }, {
        "from": [7.9, 8.3, 9.5],
        "to": [9.1, 8.65, 9.9],
        "faces": {
            "north": {
                "uv": [8.75, 7.5, 9, 7.75],
                "texture": "#0"
            },
            "east": {
                "uv": [8.75, 7.5, 9, 7.75],
                "texture": "#0"
            },
            "south": {
                "uv": [8.75, 7.5, 9, 7.75],
                "texture": "#0"
            },
            "west": {
                "uv": [8.75, 7.5, 9, 7.75],
                "texture": "#0"
            },
            "up": {
                "uv": [8.75, 7.5, 9, 7.75],
                "rotation": 90,
                "texture": "#0"
            },
            "down": {
                "uv": [9, 7.5, 8.75, 7.75],
                "rotation": 90,
                "texture": "#0"
            }
        }
    }, {
        "from": [7.9, 8.3, 10.3],
        "to": [9.1, 8.65, 10.7],
        "faces": {
            "north": {
                "uv": [9.25, 7.5, 9.5, 7.75],
                "texture": "#0"
            },
            "east": {
                "uv": [9.25, 7.5, 9.5, 7.75],
                "texture": "#0"
            },
            "south": {
                "uv": [9.25, 7.5, 9.5, 7.75],
                "texture": "#0"
            },
            "west": {
                "uv": [9.25, 7.5, 9.5, 7.75],
                "texture": "#0"
            },
            "up": {
                "uv": [9.25, 7.5, 9.5, 7.75],
                "rotation": 90,
                "texture": "#0"
            },
            "down": {
                "uv": [9.5, 7.5, 9.25, 7.75],
                "rotation": 90,
                "texture": "#0"
            }
        }
    }, {
        "from": [7.9, 9, 11.5],
        "to": [9.1, 9.35, 11.9],
        "faces": {
            "north": {
                "uv": [10, 7, 10.25, 7.25],
                "texture": "#0"
            },
            "east": {
                "uv": [10, 7, 10.25, 7.25],
                "texture": "#0"
            },
            "south": {
                "uv": [10, 7, 10.25, 7.25],
                "texture": "#0"
            },
            "west": {
                "uv": [10, 7, 10.25, 7.25],
                "texture": "#0"
            },
            "up": {
                "uv": [10, 7, 10.25, 7.25],
                "rotation": 90,
                "texture": "#0"
            },
            "down": {
                "uv": [10.25, 7, 10, 7.25],
                "rotation": 90,
                "texture": "#0"
            }
        }
    }, {
        "from": [7.9, 11.8, 9.9],
        "to": [9.1, 12.15, 10.3],
        "faces": {
            "north": {
                "uv": [9, 5, 9.25, 5.25],
                "texture": "#0"
            },
            "east": {
                "uv": [9, 5, 9.25, 5.25],
                "texture": "#0"
            },
            "south": {
                "uv": [9, 5, 9.25, 5.25],
                "texture": "#0"
            },
            "west": {
                "uv": [9, 5, 9.25, 5.25],
                "texture": "#0"
            },
            "up": {
                "uv": [9, 5, 9.25, 5.25],
                "rotation": 90,
                "texture": "#0"
            },
            "down": {
                "uv": [9.25, 5, 9, 5.25],
                "rotation": 90,
                "texture": "#0"
            }
        }
    }, {
        "from": [7.9, 10.75, 13.1],
        "to": [9.1, 11.1, 13.5],
        "faces": {
            "north": {
                "uv": [9, 5, 9.25, 5.25],
                "texture": "#0"
            },
            "east": {
                "uv": [9, 5, 9.25, 5.25],
                "texture": "#0"
            },
            "south": {
                "uv": [9, 5, 9.25, 5.25],
                "texture": "#0"
            },
            "west": {
                "uv": [9, 5, 9.25, 5.25],
                "texture": "#0"
            },
            "up": {
                "uv": [9, 5, 9.25, 5.25],
                "rotation": 90,
                "texture": "#0"
            },
            "down": {
                "uv": [9.25, 5, 9, 5.25],
                "rotation": 90,
                "texture": "#0"
            }
        }
    }, {
        "from": [8, 11.1, 13.1],
        "to": [9, 11.45, 13.5],
        "faces": {
            "north": {
                "uv": [11, 5.5, 11.25, 5.75],
                "texture": "#0"
            },
            "east": {
                "uv": [11, 5.5, 11.25, 5.75],
                "texture": "#0"
            },
            "south": {
                "uv": [11, 5.5, 11.25, 5.75],
                "texture": "#0"
            },
            "west": {
                "uv": [11, 5.5, 11.25, 5.75],
                "texture": "#0"
            },
            "up": {
                "uv": [11, 5.5, 11.25, 5.75],
                "rotation": 90,
                "texture": "#0"
            },
            "down": {
                "uv": [11.25, 5.5, 11, 5.75],
                "rotation": 90,
                "texture": "#0"
            }
        }
    }, {
        "from": [8, 10.4, 13.1],
        "to": [9, 10.75, 13.5],
        "faces": {
            "north": {
                "uv": [11, 6, 11.25, 6.25],
                "texture": "#0"
            },
            "east": {
                "uv": [11, 6, 11.25, 6.25],
                "texture": "#0"
            },
            "south": {
                "uv": [11, 6, 11.25, 6.25],
                "texture": "#0"
            },
            "west": {
                "uv": [11, 6, 11.25, 6.25],
                "texture": "#0"
            },
            "up": {
                "uv": [11, 6, 11.25, 6.25],
                "rotation": 90,
                "texture": "#0"
            },
            "down": {
                "uv": [11.25, 6, 11, 6.25],
                "rotation": 90,
                "texture": "#0"
            }
        }
    }, {
        "from": [8, 10.4, 13.5],
        "to": [9, 10.75, 13.9],
        "faces": {
            "north": {
                "uv": [11.25, 6, 11.5, 6.25],
                "texture": "#0"
            },
            "east": {
                "uv": [11.25, 6, 11.5, 6.25],
                "texture": "#0"
            },
            "south": {
                "uv": [11.25, 6, 11.5, 6.25],
                "texture": "#0"
            },
            "west": {
                "uv": [11.25, 6, 11.5, 6.25],
                "texture": "#0"
            },
            "up": {
                "uv": [11.25, 6, 11.5, 6.25],
                "rotation": 90,
                "texture": "#0"
            },
            "down": {
                "uv": [11.5, 6, 11.25, 6.25],
                "rotation": 90,
                "texture": "#0"
            }
        }
    }, {
        "from": [8.1, 10.4, 13.9],
        "to": [8.9, 10.75, 14.3],
        "faces": {
            "north": {
                "uv": [11.25, 6, 11.5, 6.25],
                "texture": "#0"
            },
            "east": {
                "uv": [11.25, 6, 11.5, 6.25],
                "texture": "#0"
            },
            "south": {
                "uv": [11.25, 6, 11.5, 6.25],
                "texture": "#0"
            },
            "west": {
                "uv": [11.25, 6, 11.5, 6.25],
                "texture": "#0"
            },
            "up": {
                "uv": [11.25, 6, 11.5, 6.25],
                "rotation": 90,
                "texture": "#0"
            },
            "down": {
                "uv": [11.5, 6, 11.25, 6.25],
                "rotation": 90,
                "texture": "#0"
            }
        }
    }, {
        "from": [8, 10.75, 13.5],
        "to": [9, 11.1, 13.9],
        "faces": {
            "north": {
                "uv": [11.25, 5.75, 11.5, 6],
                "texture": "#0"
            },
            "east": {
                "uv": [11.25, 5.75, 11.5, 6],
                "texture": "#0"
            },
            "south": {
                "uv": [11.25, 5.75, 11.5, 6],
                "texture": "#0"
            },
            "west": {
                "uv": [11.25, 5.75, 11.5, 6],
                "texture": "#0"
            },
            "up": {
                "uv": [11.25, 5.75, 11.5, 6],
                "rotation": 90,
                "texture": "#0"
            },
            "down": {
                "uv": [11.5, 5.75, 11.25, 6],
                "rotation": 90,
                "texture": "#0"
            }
        }
    }, {
        "from": [8, 10.05, 12.7],
        "to": [9, 10.4, 13.1],
        "faces": {
            "north": {
                "uv": [10.75, 6.25, 11, 6.5],
                "texture": "#0"
            },
            "east": {
                "uv": [10.75, 6.25, 11, 6.5],
                "texture": "#0"
            },
            "south": {
                "uv": [10.75, 6.25, 11, 6.5],
                "texture": "#0"
            },
            "west": {
                "uv": [10.75, 6.25, 11, 6.5],
                "texture": "#0"
            },
            "up": {
                "uv": [10.75, 6.25, 11, 6.5],
                "rotation": 90,
                "texture": "#0"
            },
            "down": {
                "uv": [11, 6.25, 10.75, 6.5],
                "rotation": 90,
                "texture": "#0"
            }
        }
    }, {
        "from": [8, 10.05, 13.1],
        "to": [9, 10.4, 13.5],
        "faces": {
            "north": {
                "uv": [11, 6.25, 11.25, 6.5],
                "texture": "#0"
            },
            "east": {
                "uv": [11, 6.25, 11.25, 6.5],
                "texture": "#0"
            },
            "south": {
                "uv": [11, 6.25, 11.25, 6.5],
                "texture": "#0"
            },
            "west": {
                "uv": [11, 6.25, 11.25, 6.5],
                "texture": "#0"
            },
            "up": {
                "uv": [11, 6.25, 11.25, 6.5],
                "rotation": 90,
                "texture": "#0"
            },
            "down": {
                "uv": [11.25, 6.25, 11, 6.5],
                "rotation": 90,
                "texture": "#0"
            }
        }
    }, {
        "from": [8.1, 9.7, 13.1],
        "to": [8.9, 10.05, 13.5],
        "faces": {
            "north": {
                "uv": [11, 6.5, 11.25, 6.75],
                "texture": "#0"
            },
            "east": {
                "uv": [11, 6.5, 11.25, 6.75],
                "texture": "#0"
            },
            "south": {
                "uv": [11, 6.5, 11.25, 6.75],
                "texture": "#0"
            },
            "west": {
                "uv": [11, 6.5, 11.25, 6.75],
                "texture": "#0"
            },
            "up": {
                "uv": [11, 6.5, 11.25, 6.75],
                "rotation": 90,
                "texture": "#0"
            },
            "down": {
                "uv": [11.25, 6.5, 11, 6.75],
                "rotation": 90,
                "texture": "#0"
            }
        }
    }, {
        "from": [8.1, 9.7, 13.5],
        "to": [8.9, 10.05, 13.9],
        "faces": {
            "north": {
                "uv": [11.25, 6.5, 11.5, 6.75],
                "texture": "#0"
            },
            "east": {
                "uv": [11.25, 6.5, 11.5, 6.75],
                "texture": "#0"
            },
            "south": {
                "uv": [11.25, 6.5, 11.5, 6.75],
                "texture": "#0"
            },
            "west": {
                "uv": [11.25, 6.5, 11.5, 6.75],
                "texture": "#0"
            },
            "up": {
                "uv": [11.25, 6.5, 11.5, 6.75],
                "rotation": 90,
                "texture": "#0"
            },
            "down": {
                "uv": [11.5, 6.5, 11.25, 6.75],
                "rotation": 90,
                "texture": "#0"
            }
        }
    }, {
        "from": [8.2, 9.7, 13.9],
        "to": [8.8, 10.05, 14.3],
        "faces": {
            "north": {
                "uv": [11.5, 6.5, 11.75, 6.75],
                "texture": "#0"
            },
            "east": {
                "uv": [11.5, 6.5, 11.75, 6.75],
                "texture": "#0"
            },
            "south": {
                "uv": [11.5, 6.5, 11.75, 6.75],
                "texture": "#0"
            },
            "west": {
                "uv": [11.5, 6.5, 11.75, 6.75],
                "rotation": 90,
                "texture": "#0"
            },
            "up": {
                "uv": [11.5, 6.5, 11.75, 6.75],
                "rotation": 90,
                "texture": "#0"
            },
            "down": {
                "uv": [11.75, 6.5, 11.5, 6.75],
                "rotation": 90,
                "texture": "#0"
            }
        }
    }, {
        "from": [8.2, 9.35, 13.9],
        "to": [8.8, 9.7, 14.3],
        "faces": {
            "north": {
                "uv": [11.5, 6.75, 11.75, 7],
                "texture": "#0"
            },
            "east": {
                "uv": [11.5, 6.75, 11.75, 7],
                "texture": "#0"
            },
            "south": {
                "uv": [11.5, 6.75, 11.75, 7],
                "texture": "#0"
            },
            "west": {
                "uv": [11.5, 6.75, 11.75, 7],
                "texture": "#0"
            },
            "up": {
                "uv": [11.5, 6.75, 11.75, 7],
                "rotation": 90,
                "texture": "#0"
            },
            "down": {
                "uv": [11.75, 6.75, 11.5, 7],
                "rotation": 90,
                "texture": "#0"
            }
        }
    }, {
        "from": [8.3, 9.35, 14.3],
        "to": [8.7, 9.7, 14.7],
        "faces": {
            "north": {
                "uv": [11.75, 6.75, 12, 7],
                "texture": "#0"
            },
            "east": {
                "uv": [11.75, 6.75, 12, 7],
                "texture": "#0"
            },
            "south": {
                "uv": [11.75, 6.75, 12, 7],
                "texture": "#0"
            },
            "west": {
                "uv": [11.75, 6.75, 12, 7],
                "texture": "#0"
            },
            "up": {
                "uv": [11.75, 6.75, 12, 7],
                "rotation": 90,
                "texture": "#0"
            },
            "down": {
                "uv": [12, 6.75, 11.75, 7],
                "rotation": 90,
                "texture": "#0"
            }
        }
    }, {
        "from": [8.4, 9, 14.3],
        "to": [8.6, 9.35, 14.7],
        "faces": {
            "north": {
                "uv": [11.75, 7, 12, 7.25],
                "texture": "#0"
            },
            "east": {
                "uv": [11.75, 7, 12, 7.25],
                "texture": "#0"
            },
            "south": {
                "uv": [11.75, 7, 12, 7.25],
                "texture": "#0"
            },
            "west": {
                "uv": [11.75, 7, 12, 7.25],
                "texture": "#0"
            },
            "up": {
                "uv": [11.75, 7, 12, 7.25],
                "rotation": 90,
                "texture": "#0"
            },
            "down": {
                "uv": [12, 7, 11.75, 7.25],
                "rotation": 90,
                "texture": "#0"
            }
        }
    }, {
        "from": [8.2, 9.7, 14.3],
        "to": [8.8, 10.05, 14.7],
        "faces": {
            "north": {
                "uv": [11.75, 6.5, 12, 6.75],
                "texture": "#0"
            },
            "east": {
                "uv": [11.75, 6.5, 12, 6.75],
                "texture": "#0"
            },
            "south": {
                "uv": [11.75, 6.5, 12, 6.75],
                "texture": "#0"
            },
            "west": {
                "uv": [11.75, 6.5, 12, 6.75],
                "texture": "#0"
            },
            "up": {
                "uv": [11.75, 6.5, 12, 6.75],
                "rotation": 90,
                "texture": "#0"
            },
            "down": {
                "uv": [12, 6.5, 11.75, 6.75],
                "rotation": 90,
                "texture": "#0"
            }
        }
    }, {
        "from": [8.1, 10.05, 13.5],
        "to": [8.9, 10.4, 13.9],
        "faces": {
            "north": {
                "uv": [11.5, 6.25, 11.25, 6.5],
                "texture": "#0"
            },
            "east": {
                "uv": [11.5, 6.25, 11.25, 6.5],
                "texture": "#0"
            },
            "south": {
                "uv": [11.5, 6.25, 11.25, 6.5],
                "texture": "#0"
            },
            "west": {
                "uv": [11.5, 6.25, 11.25, 6.5],
                "texture": "#0"
            },
            "up": {
                "uv": [11.5, 6.25, 11.25, 6.5],
                "rotation": 90,
                "texture": "#0"
            },
            "down": {
                "uv": [11.25, 6.25, 11.5, 6.5],
                "rotation": 90,
                "texture": "#0"
            }
        }
    }, {
        "from": [8.1, 10.05, 13.9],
        "to": [8.9, 10.4, 14.3],
        "faces": {
            "north": {
                "uv": [11.5, 6.25, 11.75, 6.5],
                "texture": "#0"
            },
            "east": {
                "uv": [11.5, 6.25, 11.75, 6.5],
                "texture": "#0"
            },
            "south": {
                "uv": [11.5, 6.25, 11.75, 6.5],
                "texture": "#0"
            },
            "west": {
                "uv": [11.5, 6.25, 11.75, 6.5],
                "texture": "#0"
            },
            "up": {
                "uv": [11.5, 6.25, 11.75, 6.5],
                "rotation": 90,
                "texture": "#0"
            },
            "down": {
                "uv": [11.75, 6.25, 11.5, 6.5],
                "rotation": 90,
                "texture": "#0"
            }
        }
    }, {
        "from": [8.2, 10.05, 14.3],
        "to": [8.8, 10.4, 14.7],
        "faces": {
            "north": {
                "uv": [11.75, 6.25, 12, 6.5],
                "texture": "#0"
            },
            "east": {
                "uv": [11.75, 6.25, 12, 6.5],
                "texture": "#0"
            },
            "south": {
                "uv": [11.75, 6.25, 12, 6.5],
                "texture": "#0"
            },
            "west": {
                "uv": [11.75, 6.25, 12, 6.5],
                "texture": "#0"
            },
            "up": {
                "uv": [11.75, 6.25, 12, 6.5],
                "rotation": 90,
                "texture": "#0"
            },
            "down": {
                "uv": [12, 6.25, 11.75, 6.5],
                "rotation": 90,
                "texture": "#0"
            }
        }
    }, {
        "from": [7.9, 8.65, 6.3],
        "to": [9.1, 9, 10.7],
        "faces": {
            "north": {
                "uv": [6.75, 7.25, 7, 7.5],
                "texture": "#0"
            },
            "east": {
                "uv": [9.5, 7.25, 6.75, 7.5],
                "texture": "#0"
            },
            "south": {
                "uv": [9.25, 7.25, 9.5, 7.5],
                "texture": "#0"
            },
            "west": {
                "uv": [6.75, 7.25, 9.5, 7.5],
                "texture": "#0"
            },
            "up": {
                "uv": [6.75, 7.25, 9.5, 7.5],
                "rotation": 90,
                "texture": "#0"
            },
            "down": {
                "uv": [6.75, 7.25, 9.5, 7.5],
                "rotation": 90,
                "texture": "#0"
            }
        }
    }, {
        "from": [7.9, 9, 5.5],
        "to": [9.1, 9.35, 11.1],
        "faces": {
            "north": {
                "uv": [6.25, 7, 6.5, 7.25],
                "texture": "#0"
            },
            "east": {
                "uv": [9.75, 7, 6.25, 7.25],
                "texture": "#0"
            },
            "south": {
                "uv": [9.5, 7, 9.75, 7.25],
                "texture": "#0"
            },
            "west": {
                "uv": [6.25, 7, 9.75, 7.25],
                "texture": "#0"
            },
            "up": {
                "uv": [6.25, 7, 9.75, 7.25],
                "rotation": 90,
                "texture": "#0"
            },
            "down": {
                "uv": [6.25, 7, 9.75, 7.25],
                "rotation": 90,
                "texture": "#0"
            }
        }
    }, {
        "from": [7.9, 9.7, 5.5],
        "to": [9.1, 10.05, 11.5],
        "faces": {
            "north": {
                "uv": [6.25, 6.5, 6.5, 6.75],
                "texture": "#0"
            },
            "east": {
                "uv": [10, 6.5, 6.25, 6.75],
                "texture": "#0"
            },
            "south": {
                "uv": [9.75, 6.5, 10, 6.75],
                "texture": "#0"
            },
            "west": {
                "uv": [6.25, 6.5, 10, 6.75],
                "texture": "#0"
            },
            "up": {
                "uv": [6.25, 6.5, 10, 6.75],
                "rotation": 90,
                "texture": "#0"
            },
            "down": {
                "uv": [6.25, 6.5, 10, 6.75],
                "rotation": 90,
                "texture": "#0"
            }
        }
    }, {
        "from": [7.9, 10.05, 5.9],
        "to": [9.1, 10.4, 11.1],
        "faces": {
            "north": {
                "uv": [6.5, 6.25, 6.75, 6.5],
                "texture": "#0"
            },
            "east": {
                "uv": [9.75, 6.25, 6.5, 6.5],
                "texture": "#0"
            },
            "south": {
                "uv": [9.5, 6.25, 9.75, 6.5],
                "texture": "#0"
            },
            "west": {
                "uv": [6.5, 6.25, 9.75, 6.5],
                "texture": "#0"
            },
            "up": {
                "uv": [6.5, 6.25, 9.75, 6.5],
                "rotation": 90,
                "texture": "#0"
            },
            "down": {
                "uv": [6.5, 6.25, 9.75, 6.5],
                "rotation": 90,
                "texture": "#0"
            }
        }
    }, {
        "from": [7.9, 13.9, 7.9],
        "to": [9.1, 14.25, 9.1],
        "faces": {
            "north": {
                "uv": [7.75, 3.5, 8, 3.75],
                "texture": "#0"
            },
            "east": {
                "uv": [8.5, 3.5, 7.75, 3.75],
                "texture": "#0"
            },
            "south": {
                "uv": [8.25, 3.5, 8.5, 3.75],
                "texture": "#0"
            },
            "west": {
                "uv": [7.75, 3.5, 8.5, 3.75],
                "texture": "#0"
            },
            "up": {
                "uv": [7.75, 3.5, 8.5, 3.75],
                "rotation": 90,
                "texture": "#0"
            },
            "down": {
                "uv": [7.75, 3.5, 8.5, 3.75],
                "rotation": 90,
                "texture": "#0"
            }
        }
    }, {
        "from": [7.9, 10.4, 6.3],
        "to": [9.1, 11.1, 10.7],
        "faces": {
            "north": {
                "uv": [6.75, 5.75, 7, 6.25],
                "texture": "#0"
            },
            "east": {
                "uv": [9.5, 5.75, 6.75, 6.25],
                "texture": "#0"
            },
            "south": {
                "uv": [9.25, 5.75, 9.5, 6.25],
                "texture": "#0"
            },
            "west": {
                "uv": [6.75, 5.75, 9.5, 6.25],
                "texture": "#0"
            },
            "up": {
                "uv": [6.75, 5.75, 9.5, 6],
                "rotation": 90,
                "texture": "#0"
            },
            "down": {
                "uv": [6.75, 6, 9.5, 6.25],
                "rotation": 90,
                "texture": "#0"
            }
        }
    }, {
        "from": [7.9, 11.1, 6.7],
        "to": [9.1, 11.8, 10.3],
        "faces": {
            "north": {
                "uv": [7, 5.25, 7.25, 5.75],
                "texture": "#0"
            },
            "east": {
                "uv": [9.25, 5.25, 7, 5.75],
                "texture": "#0"
            },
            "south": {
                "uv": [9, 5.25, 9.25, 5.75],
                "texture": "#0"
            },
            "west": {
                "uv": [7, 5.25, 9.25, 5.75],
                "texture": "#0"
            },
            "up": {
                "uv": [7, 5.25, 9.25, 5.5],
                "rotation": 90,
                "texture": "#0"
            },
            "down": {
                "uv": [7, 5.5, 9.25, 5.75],
                "rotation": 90,
                "texture": "#0"
            }
        }
    }, {
        "from": [7.9, 11.8, 7.1],
        "to": [9.1, 12.85, 9.9],
        "faces": {
            "north": {
                "uv": [7.25, 4.5, 7.5, 5.25],
                "texture": "#0"
            },
            "east": {
                "uv": [9, 4.5, 7.25, 5.25],
                "texture": "#0"
            },
            "south": {
                "uv": [8.75, 4.5, 9, 5.25],
                "texture": "#0"
            },
            "west": {
                "uv": [7.25, 4.5, 9, 5.25],
                "texture": "#0"
            },
            "up": {
                "uv": [7.25, 4.5, 9, 4.75],
                "rotation": 90,
                "texture": "#0"
            },
            "down": {
                "uv": [7.25, 5, 9, 5.25],
                "rotation": 90,
                "texture": "#0"
            }
        }
    }, {
        "from": [7.9, 11.1, 10.3],
        "to": [9.1, 12.15, 11.9],
        "faces": {
            "north": {
                "uv": [9.25, 5, 9.5, 5.75],
                "texture": "#0"
            },
            "east": {
                "uv": [10.25, 5, 9.25, 5.75],
                "texture": "#0"
            },
            "south": {
                "uv": [10, 5, 10.25, 5.75],
                "texture": "#0"
            },
            "west": {
                "uv": [9.25, 5, 10.25, 5.75],
                "texture": "#0"
            },
            "up": {
                "uv": [9.25, 5, 10.25, 5.25],
                "rotation": 90,
                "texture": "#0"
            },
            "down": {
                "uv": [9.25, 5.5, 10.25, 5.75],
                "rotation": 90,
                "texture": "#0"
            }
        }
    }, {
        "from": [7.9, 10.4, 11.5],
        "to": [9.1, 10.75, 13.1],
        "faces": {
            "north": {
                "uv": [10, 6, 10.25, 6.25],
                "texture": "#0"
            },
            "east": {
                "uv": [11, 6, 10, 6.25],
                "texture": "#0"
            },
            "south": {
                "uv": [10.75, 6, 11, 6.25],
                "texture": "#0"
            },
            "west": {
                "uv": [10, 6, 11, 6.25],
                "texture": "#0"
            },
            "up": {
                "uv": [10, 6, 11, 6.25],
                "rotation": 90,
                "texture": "#0"
            },
            "down": {
                "uv": [10, 6, 11, 6.25],
                "rotation": 90,
                "texture": "#0"
            }
        }
    }, {
        "from": [7.9, 10.75, 11.9],
        "to": [9.1, 11.8, 13.1],
        "faces": {
            "north": {
                "uv": [10.25, 5.25, 10.5, 6],
                "texture": "#0"
            },
            "east": {
                "uv": [11, 5.25, 10.25, 6],
                "texture": "#0"
            },
            "south": {
                "uv": [10.75, 5.25, 11, 6],
                "texture": "#0"
            },
            "west": {
                "uv": [10.25, 5.25, 11, 6],
                "texture": "#0"
            },
            "up": {
                "uv": [10.25, 5.25, 11, 5.5],
                "rotation": 90,
                "texture": "#0"
            },
            "down": {
                "uv": [10.25, 5.75, 11, 6],
                "rotation": 90,
                "texture": "#0"
            }
        }
    }, {
        "from": [7.9, 10.75, 10.7],
        "to": [9.1, 11.1, 11.9],
        "faces": {
            "north": {
                "uv": [9.5, 5.75, 9.75, 6],
                "texture": "#0"
            },
            "east": {
                "uv": [10.25, 5.75, 9.5, 6],
                "texture": "#0"
            },
            "south": {
                "uv": [10, 5.75, 10.25, 6],
                "texture": "#0"
            },
            "west": {
                "uv": [9.5, 5.75, 10.25, 6],
                "texture": "#0"
            },
            "up": {
                "uv": [9.5, 5.75, 10.25, 6],
                "rotation": 90,
                "texture": "#0"
            },
            "down": {
                "uv": [9.5, 5.75, 10.25, 6],
                "rotation": 90,
                "texture": "#0"
            }
        }
    }, {
        "from": [7.9, 12.15, 11.1],
        "to": [9.1, 12.5, 11.9],
        "faces": {
            "north": {
                "uv": [9.75, 4.75, 10, 5],
                "texture": "#0"
            },
            "east": {
                "uv": [10.25, 4.75, 9.75, 5],
                "texture": "#0"
            },
            "south": {
                "uv": [10, 4.75, 10.25, 5],
                "texture": "#0"
            },
            "west": {
                "uv": [9.75, 4.75, 10.25, 5],
                "texture": "#0"
            },
            "up": {
                "uv": [9.75, 4.75, 10.25, 5],
                "rotation": 90,
                "texture": "#0"
            },
            "down": {
                "uv": [10.25, 4.75, 9.75, 5],
                "rotation": 90,
                "texture": "#0"
            }
        }
    }, {
        "from": [7.9, 11.8, 12.3],
        "to": [9.1, 12.15, 13.1],
        "faces": {
            "north": {
                "uv": [9.75, 4.75, 10, 5],
                "texture": "#0"
            },
            "east": {
                "uv": [10.25, 4.75, 9.75, 5],
                "texture": "#0"
            },
            "south": {
                "uv": [10, 4.75, 10.25, 5],
                "texture": "#0"
            },
            "west": {
                "uv": [9.75, 4.75, 10.25, 5],
                "texture": "#0"
            },
            "up": {
                "uv": [9.75, 4.75, 10.25, 5],
                "rotation": 90,
                "texture": "#0"
            },
            "down": {
                "uv": [10.25, 4.75, 9.75, 5],
                "rotation": 90,
                "texture": "#0"
            }
        }
    }, {
        "from": [7.9, 12.15, 5.1],
        "to": [9.1, 12.5, 5.9],
        "faces": {
            "north": {
                "uv": [6, 4.75, 6.25, 5],
                "texture": "#0"
            },
            "east": {
                "uv": [6.5, 4.75, 6, 5],
                "texture": "#0"
            },
            "south": {
                "uv": [6.25, 4.75, 6.5, 5],
                "texture": "#0"
            },
            "west": {
                "uv": [6, 4.75, 6.5, 5],
                "texture": "#0"
            },
            "up": {
                "uv": [6, 4.75, 6.5, 5],
                "rotation": 90,
                "texture": "#0"
            },
            "down": {
                "uv": [6.5, 4.75, 6, 5],
                "rotation": 90,
                "texture": "#0"
            }
        }
    }, {
        "from": [7.9, 10.75, 3.9],
        "to": [9.1, 11.8, 5.1],
        "faces": {
            "north": {
                "uv": [5.25, 5.25, 5.5, 6],
                "texture": "#0"
            },
            "east": {
                "uv": [6, 5.25, 5.25, 6],
                "texture": "#0"
            },
            "south": {
                "uv": [5.75, 5.25, 6, 6],
                "texture": "#0"
            },
            "west": {
                "uv": [5.25, 5.25, 6, 6],
                "texture": "#0"
            },
            "up": {
                "uv": [5.25, 5.25, 6, 5.5],
                "rotation": 90,
                "texture": "#0"
            },
            "down": {
                "uv": [5.25, 5.75, 6, 6],
                "rotation": 90,
                "texture": "#0"
            }
        }
    }, {
        "from": [7.9, 10.75, 5.1],
        "to": [9.1, 12.15, 6.3],
        "faces": {
            "north": {
                "uv": [6, 5, 6.25, 6],
                "texture": "#0"
            },
            "east": {
                "uv": [6.75, 5, 6, 6],
                "texture": "#0"
            },
            "south": {
                "uv": [6.5, 5, 6.75, 6],
                "texture": "#0"
            },
            "west": {
                "uv": [6, 5, 6.75, 6],
                "texture": "#0"
            },
            "up": {
                "uv": [6, 5, 6.75, 5.25],
                "rotation": 90,
                "texture": "#0"
            },
            "down": {
                "uv": [6, 5.75, 6.75, 6],
                "rotation": 90,
                "texture": "#0"
            }
        }
    }, {
        "from": [7.9, 11.8, 3.9],
        "to": [9.1, 12.15, 4.7],
        "faces": {
            "north": {
                "uv": [5.25, 5, 5.5, 5.25],
                "texture": "#0"
            },
            "east": {
                "uv": [5.75, 5, 5.25, 5.25],
                "texture": "#0"
            },
            "south": {
                "uv": [5.5, 5, 5.75, 5.25],
                "texture": "#0"
            },
            "west": {
                "uv": [5.25, 5, 5.75, 5.25],
                "texture": "#0"
            },
            "up": {
                "uv": [5.25, 5, 5.75, 5.25],
                "rotation": 90,
                "texture": "#0"
            },
            "down": {
                "uv": [5.75, 5, 5.25, 5.25],
                "rotation": 90,
                "texture": "#0"
            }
        }
    }, {
        "from": [7.9, 10.75, 3.5],
        "to": [9.1, 11.1, 3.9],
        "faces": {
            "north": {
                "uv": [9, 5, 9.25, 5.25],
                "texture": "#0"
            },
            "east": {
                "uv": [9, 5, 9.25, 5.25],
                "texture": "#0"
            },
            "south": {
                "uv": [9, 5, 9.25, 5.25],
                "texture": "#0"
            },
            "west": {
                "uv": [9, 5, 9.25, 5.25],
                "texture": "#0"
            },
            "up": {
                "uv": [9, 5, 9.25, 5.25],
                "rotation": 90,
                "texture": "#0"
            },
            "down": {
                "uv": [9.25, 5, 9, 5.25],
                "rotation": 90,
                "texture": "#0"
            }
        }
    }, {
        "from": [7.9, 10.4, 3.9],
        "to": [9.1, 10.75, 5.5],
        "faces": {
            "north": {
                "uv": [5.25, 6, 5.5, 6.25],
                "texture": "#0"
            },
            "east": {
                "uv": [6.25, 6, 5.25, 6.25],
                "texture": "#0"
            },
            "south": {
                "uv": [6, 6, 6.25, 6.25],
                "texture": "#0"
            },
            "west": {
                "uv": [5.25, 6, 6.25, 6.25],
                "texture": "#0"
            },
            "up": {
                "uv": [5.25, 6, 6.25, 6.25],
                "rotation": 90,
                "texture": "#0"
            },
            "down": {
                "uv": [5.25, 6, 6.25, 6.25],
                "rotation": 90,
                "texture": "#0"
            }
        }
    }, {
        "from": [8, 11.1, 3.5],
        "to": [9, 11.45, 3.9],
        "faces": {
            "north": {
                "uv": [11, 5.5, 11.25, 5.75],
                "texture": "#0"
            },
            "east": {
                "uv": [11, 5.5, 11.25, 5.75],
                "texture": "#0"
            },
            "south": {
                "uv": [11, 5.5, 11.25, 5.75],
                "texture": "#0"
            },
            "west": {
                "uv": [11, 5.5, 11.25, 5.75],
                "texture": "#0"
            },
            "up": {
                "uv": [11, 5.5, 11.25, 5.75],
                "rotation": 90,
                "texture": "#0"
            },
            "down": {
                "uv": [11.25, 5.5, 11, 5.75],
                "rotation": 90,
                "texture": "#0"
            }
        }
    }, {
        "from": [8, 10.4, 3.5],
        "to": [9, 10.75, 3.9],
        "faces": {
            "north": {
                "uv": [11, 6, 11.25, 6.25],
                "texture": "#0"
            },
            "east": {
                "uv": [11, 6, 11.25, 6.25],
                "texture": "#0"
            },
            "south": {
                "uv": [11, 6, 11.25, 6.25],
                "texture": "#0"
            },
            "west": {
                "uv": [11, 6, 11.25, 6.25],
                "texture": "#0"
            },
            "up": {
                "uv": [11, 6, 11.25, 6.25],
                "rotation": 90,
                "texture": "#0"
            },
            "down": {
                "uv": [11.25, 6, 11, 6.25],
                "rotation": 90,
                "texture": "#0"
            }
        }
    }, {
        "from": [8, 10.05, 3.9],
        "to": [9, 10.4, 4.3],
        "faces": {
            "north": {
                "uv": [10.75, 6.25, 11, 6.5],
                "texture": "#0"
            },
            "east": {
                "uv": [10.75, 6.25, 11, 6.5],
                "texture": "#0"
            },
            "south": {
                "uv": [10.75, 6.25, 11, 6.5],
                "texture": "#0"
            },
            "west": {
                "uv": [10.75, 6.25, 11, 6.5],
                "texture": "#0"
            },
            "up": {
                "uv": [10.75, 6.25, 11, 6.5],
                "rotation": 90,
                "texture": "#0"
            },
            "down": {
                "uv": [11, 6.25, 10.75, 6.5],
                "rotation": 90,
                "texture": "#0"
            }
        }
    }, {
        "from": [8, 10.05, 3.5],
        "to": [9, 10.4, 3.9],
        "faces": {
            "north": {
                "uv": [11, 6.25, 11.25, 6.5],
                "texture": "#0"
            },
            "east": {
                "uv": [11, 6.25, 11.25, 6.5],
                "texture": "#0"
            },
            "south": {
                "uv": [11, 6.25, 11.25, 6.5],
                "texture": "#0"
            },
            "west": {
                "uv": [11, 6.25, 11.25, 6.5],
                "texture": "#0"
            },
            "up": {
                "uv": [11, 6.25, 11.25, 6.5],
                "rotation": 90,
                "texture": "#0"
            },
            "down": {
                "uv": [11.25, 6.25, 11, 6.5],
                "rotation": 90,
                "texture": "#0"
            }
        }
    }, {
        "from": [8, 10.4, 3.1],
        "to": [9, 10.75, 3.5],
        "faces": {
            "north": {
                "uv": [11.25, 6, 11.5, 6.25],
                "texture": "#0"
            },
            "east": {
                "uv": [11.25, 6, 11.5, 6.25],
                "texture": "#0"
            },
            "south": {
                "uv": [11.25, 6, 11.5, 6.25],
                "texture": "#0"
            },
            "west": {
                "uv": [11.25, 6, 11.5, 6.25],
                "texture": "#0"
            },
            "up": {
                "uv": [11.25, 6, 11.5, 6.25],
                "rotation": 90,
                "texture": "#0"
            },
            "down": {
                "uv": [11.5, 6, 11.25, 6.25],
                "rotation": 90,
                "texture": "#0"
            }
        }
    }, {
        "from": [8, 10.75, 3.1],
        "to": [9, 11.1, 3.5],
        "faces": {
            "north": {
                "uv": [11.25, 5.75, 11.5, 6],
                "texture": "#0"
            },
            "east": {
                "uv": [11.25, 5.75, 11.5, 6],
                "texture": "#0"
            },
            "south": {
                "uv": [11.25, 5.75, 11.5, 6],
                "texture": "#0"
            },
            "west": {
                "uv": [11.25, 5.75, 11.5, 6],
                "texture": "#0"
            },
            "up": {
                "uv": [11.25, 5.75, 11.5, 6],
                "rotation": 90,
                "texture": "#0"
            },
            "down": {
                "uv": [11.5, 5.75, 11.25, 6],
                "rotation": 90,
                "texture": "#0"
            }
        }
    }, {
        "from": [8.1, 9.7, 3.5],
        "to": [8.9, 10.05, 3.9],
        "faces": {
            "north": {
                "uv": [11, 6.5, 11.25, 6.75],
                "texture": "#0"
            },
            "east": {
                "uv": [11, 6.5, 11.25, 6.75],
                "texture": "#0"
            },
            "south": {
                "uv": [11, 6.5, 11.25, 6.75],
                "texture": "#0"
            },
            "west": {
                "uv": [11, 6.5, 11.25, 6.75],
                "texture": "#0"
            },
            "up": {
                "uv": [11, 6.5, 11.25, 6.75],
                "rotation": 90,
                "texture": "#0"
            },
            "down": {
                "uv": [11.25, 6.5, 11, 6.75],
                "rotation": 90,
                "texture": "#0"
            }
        }
    }, {
        "from": [8.1, 9.7, 3.1],
        "to": [8.9, 10.05, 3.5],
        "faces": {
            "north": {
                "uv": [11.25, 6.5, 11.5, 6.75],
                "texture": "#0"
            },
            "east": {
                "uv": [11.25, 6.5, 11.5, 6.75],
                "texture": "#0"
            },
            "south": {
                "uv": [11.25, 6.5, 11.5, 6.75],
                "texture": "#0"
            },
            "west": {
                "uv": [11.25, 6.5, 11.5, 6.75],
                "texture": "#0"
            },
            "up": {
                "uv": [11.25, 6.5, 11.5, 6.75],
                "rotation": 90,
                "texture": "#0"
            },
            "down": {
                "uv": [11.5, 6.5, 11.25, 6.75],
                "rotation": 90,
                "texture": "#0"
            }
        }
    }, {
        "from": [8.1, 10.05, 3.1],
        "to": [8.9, 10.4, 3.5],
        "faces": {
            "north": {
                "uv": [11.5, 6.25, 11.25, 6.5],
                "texture": "#0"
            },
            "east": {
                "uv": [11.5, 6.25, 11.25, 6.5],
                "texture": "#0"
            },
            "south": {
                "uv": [11.5, 6.25, 11.25, 6.5],
                "texture": "#0"
            },
            "west": {
                "uv": [11.5, 6.25, 11.25, 6.5],
                "texture": "#0"
            },
            "up": {
                "uv": [11.5, 6.25, 11.25, 6.5],
                "rotation": 90,
                "texture": "#0"
            },
            "down": {
                "uv": [11.25, 6.25, 11.5, 6.5],
                "rotation": 90,
                "texture": "#0"
            }
        }
    }, {
        "from": [8.1, 10.4, 2.7],
        "to": [8.9, 10.75, 3.1],
        "faces": {
            "north": {
                "uv": [11.25, 6, 11.5, 6.25],
                "texture": "#0"
            },
            "east": {
                "uv": [11.25, 6, 11.5, 6.25],
                "texture": "#0"
            },
            "south": {
                "uv": [11.25, 6, 11.5, 6.25],
                "texture": "#0"
            },
            "west": {
                "uv": [11.25, 6, 11.5, 6.25],
                "texture": "#0"
            },
            "up": {
                "uv": [11.25, 6, 11.5, 6.25],
                "rotation": 90,
                "texture": "#0"
            },
            "down": {
                "uv": [11.5, 6, 11.25, 6.25],
                "rotation": 90,
                "texture": "#0"
            }
        }
    }, {
        "from": [8.1, 10.05, 2.7],
        "to": [8.9, 10.4, 3.1],
        "faces": {
            "north": {
                "uv": [11.5, 6.25, 11.75, 6.5],
                "texture": "#0"
            },
            "east": {
                "uv": [11.5, 6.25, 11.75, 6.5],
                "texture": "#0"
            },
            "south": {
                "uv": [11.5, 6.25, 11.75, 6.5],
                "texture": "#0"
            },
            "west": {
                "uv": [11.5, 6.25, 11.75, 6.5],
                "texture": "#0"
            },
            "up": {
                "uv": [11.5, 6.25, 11.75, 6.5],
                "rotation": 90,
                "texture": "#0"
            },
            "down": {
                "uv": [11.75, 6.25, 11.5, 6.5],
                "rotation": 90,
                "texture": "#0"
            }
        }
    }, {
        "from": [8.2, 10.05, 2.3],
        "to": [8.8, 10.4, 2.7],
        "faces": {
            "north": {
                "uv": [11.75, 6.25, 12, 6.5],
                "texture": "#0"
            },
            "east": {
                "uv": [11.75, 6.25, 12, 6.5],
                "texture": "#0"
            },
            "south": {
                "uv": [11.75, 6.25, 12, 6.5],
                "texture": "#0"
            },
            "west": {
                "uv": [11.75, 6.25, 12, 6.5],
                "texture": "#0"
            },
            "up": {
                "uv": [11.75, 6.25, 12, 6.5],
                "rotation": 90,
                "texture": "#0"
            },
            "down": {
                "uv": [12, 6.25, 11.75, 6.5],
                "rotation": 90,
                "texture": "#0"
            }
        }
    }, {
        "from": [8.2, 9.7, 2.7],
        "to": [8.8, 10.05, 3.1],
        "faces": {
            "north": {
                "uv": [11.5, 6.5, 11.75, 6.75],
                "texture": "#0"
            },
            "east": {
                "uv": [11.5, 6.5, 11.75, 6.75],
                "texture": "#0"
            },
            "south": {
                "uv": [11.5, 6.5, 11.75, 6.75],
                "texture": "#0"
            },
            "west": {
                "uv": [11.5, 6.5, 11.75, 6.75],
                "rotation": 90,
                "texture": "#0"
            },
            "up": {
                "uv": [11.5, 6.5, 11.75, 6.75],
                "rotation": 90,
                "texture": "#0"
            },
            "down": {
                "uv": [11.75, 6.5, 11.5, 6.75],
                "rotation": 90,
                "texture": "#0"
            }
        }
    }, {
        "from": [8.2, 9.7, 2.3],
        "to": [8.8, 10.05, 2.7],
        "faces": {
            "north": {
                "uv": [11.75, 6.5, 12, 6.75],
                "texture": "#0"
            },
            "east": {
                "uv": [11.75, 6.5, 12, 6.75],
                "texture": "#0"
            },
            "south": {
                "uv": [11.75, 6.5, 12, 6.75],
                "texture": "#0"
            },
            "west": {
                "uv": [11.75, 6.5, 12, 6.75],
                "texture": "#0"
            },
            "up": {
                "uv": [11.75, 6.5, 12, 6.75],
                "rotation": 90,
                "texture": "#0"
            },
            "down": {
                "uv": [12, 6.5, 11.75, 6.75],
                "rotation": 90,
                "texture": "#0"
            }
        }
    }, {
        "from": [8.2, 9.35, 2.7],
        "to": [8.8, 9.7, 3.1],
        "faces": {
            "north": {
                "uv": [11.5, 6.75, 11.75, 7],
                "texture": "#0"
            },
            "east": {
                "uv": [11.5, 6.75, 11.75, 7],
                "texture": "#0"
            },
            "south": {
                "uv": [11.5, 6.75, 11.75, 7],
                "texture": "#0"
            },
            "west": {
                "uv": [11.5, 6.75, 11.75, 7],
                "texture": "#0"
            },
            "up": {
                "uv": [11.5, 6.75, 11.75, 7],
                "rotation": 90,
                "texture": "#0"
            },
            "down": {
                "uv": [11.75, 6.75, 11.5, 7],
                "rotation": 90,
                "texture": "#0"
            }
        }
    }, {
        "from": [8.3, 9.35, 2.3],
        "to": [8.7, 9.7, 2.7],
        "faces": {
            "north": {
                "uv": [11.75, 6.75, 12, 7],
                "texture": "#0"
            },
            "east": {
                "uv": [11.75, 6.75, 12, 7],
                "texture": "#0"
            },
            "south": {
                "uv": [11.75, 6.75, 12, 7],
                "texture": "#0"
            },
            "west": {
                "uv": [11.75, 6.75, 12, 7],
                "texture": "#0"
            },
            "up": {
                "uv": [11.75, 6.75, 12, 7],
                "rotation": 90,
                "texture": "#0"
            },
            "down": {
                "uv": [12, 6.75, 11.75, 7],
                "rotation": 90,
                "texture": "#0"
            }
        }
    }, {
        "from": [8.4, 9, 2.3],
        "to": [8.6, 9.35, 2.7],
        "faces": {
            "north": {
                "uv": [11.75, 7, 12, 7.25],
                "texture": "#0"
            },
            "east": {
                "uv": [11.75, 7, 12, 7.25],
                "texture": "#0"
            },
            "south": {
                "uv": [11.75, 7, 12, 7.25],
                "texture": "#0"
            },
            "west": {
                "uv": [11.75, 7, 12, 7.25],
                "texture": "#0"
            },
            "up": {
                "uv": [11.75, 7, 12, 7.25],
                "rotation": 90,
                "texture": "#0"
            },
            "down": {
                "uv": [12, 7, 11.75, 7.25],
                "rotation": 90,
                "texture": "#0"
            }
        }
    }, {
        "from": [7.9, 11.8, 6.7],
        "to": [9.1, 12.15, 7.1],
        "faces": {
            "north": {
                "uv": [7, 5, 7.25, 5.25],
                "texture": "#0"
            },
            "east": {
                "uv": [7, 5, 7.25, 5.25],
                "texture": "#0"
            },
            "south": {
                "uv": [7, 5, 7.25, 5.25],
                "texture": "#0"
            },
            "west": {
                "uv": [7, 5, 7.25, 5.25],
                "texture": "#0"
            },
            "up": {
                "uv": [7, 5, 7.25, 5.25],
                "rotation": 90,
                "texture": "#0"
            },
            "down": {
                "uv": [7.25, 5, 7, 5.25],
                "rotation": 90,
                "texture": "#0"
            }
        }
    }, {
        "from": [7.9, 11.8, 6.3],
        "to": [9.1, 12.15, 6.7],
        "faces": {
            "north": {
                "uv": [6.75, 5, 7, 5.25],
                "texture": "#0"
            },
            "east": {
                "uv": [6.75, 5, 7, 5.25],
                "texture": "#0"
            },
            "south": {
                "uv": [6.75, 5, 7, 5.25],
                "texture": "#0"
            },
            "west": {
                "uv": [6.75, 5, 7, 5.25],
                "texture": "#0"
            },
            "up": {
                "uv": [6.75, 5, 7, 5.25],
                "rotation": 90,
                "texture": "#0"
            },
            "down": {
                "uv": [7, 5, 6.75, 5.25],
                "rotation": 90,
                "texture": "#0"
            }
        }
    }, {
        "from": [7.9, 11.45, 6.3],
        "to": [9.1, 11.8, 6.7],
        "faces": {
            "north": {
                "uv": [6.75, 5.25, 7, 5.5],
                "texture": "#0"
            },
            "east": {
                "uv": [6.75, 5.25, 7, 5.5],
                "texture": "#0"
            },
            "south": {
                "uv": [6.75, 5.25, 7, 5.5],
                "texture": "#0"
            },
            "west": {
                "uv": [6.75, 5.25, 7, 5.5],
                "texture": "#0"
            },
            "up": {
                "uv": [6.75, 5.25, 7, 5.5],
                "rotation": 90,
                "texture": "#0"
            },
            "down": {
                "uv": [7, 5.25, 6.75, 5.5],
                "rotation": 90,
                "texture": "#0"
            }
        }
    }, {
        "from": [7.9, 14.25, 7.1],
        "to": [9.1, 14.95, 9.9],
        "faces": {
            "north": {
                "uv": [7.25, 3, 7.5, 3.5],
                "texture": "#0"
            },
            "east": {
                "uv": [9, 3, 7.25, 3.5],
                "texture": "#0"
            },
            "south": {
                "uv": [8.75, 3, 9, 3.5],
                "texture": "#0"
            },
            "west": {
                "uv": [7.25, 3, 9, 3.5],
                "texture": "#0"
            },
            "up": {
                "uv": [7.25, 3, 9, 3.25],
                "rotation": 90,
                "texture": "#0"
            },
            "down": {
                "uv": [7.25, 3.25, 9, 3.5],
                "rotation": 90,
                "texture": "#0"
            }
        }
    }, {
        "from": [7.9, 14.95, 7.5],
        "to": [9.1, 15.65, 9.5],
        "faces": {
            "north": {
                "uv": [7.5, 2.5, 7.75, 3],
                "texture": "#0"
            },
            "east": {
                "uv": [8.75, 2.5, 7.5, 3],
                "texture": "#0"
            },
            "south": {
                "uv": [8.5, 2.5, 8.75, 3],
                "texture": "#0"
            },
            "west": {
                "uv": [7.5, 2.5, 8.75, 3],
                "texture": "#0"
            },
            "up": {
                "uv": [7.5, 2.5, 8.75, 2.75],
                "rotation": 90,
                "texture": "#0"
            },
            "down": {
                "uv": [7.5, 2.75, 8.75, 3],
                "rotation": 90,
                "texture": "#0"
            }
        }
    }, {
        "from": [7.9, 16.35, 7.9],
        "to": [9.1, 17.05, 9.1],
        "faces": {
            "north": {
                "uv": [7.75, 1.5, 8, 2],
                "texture": "#0"
            },
            "east": {
                "uv": [8.5, 1.5, 7.75, 2],
                "texture": "#0"
            },
            "south": {
                "uv": [8.25, 1.5, 8.5, 2],
                "texture": "#0"
            },
            "west": {
                "uv": [7.75, 1.5, 8.5, 2],
                "texture": "#0"
            },
            "up": {
                "uv": [7.75, 1.5, 8.5, 1.75],
                "rotation": 90,
                "texture": "#0"
            },
            "down": {
                "uv": [7.75, 1.75, 8.5, 2],
                "rotation": 90,
                "texture": "#0"
            }
        }
    }, {
        "from": [7.9, 15.65, 6.7],
        "to": [9.1, 16.35, 10.3],
        "faces": {
            "north": {
                "uv": [7, 2, 7.25, 2.5],
                "texture": "#0"
            },
            "east": {
                "uv": [9.25, 2, 7, 2.5],
                "texture": "#0"
            },
            "south": {
                "uv": [9, 2, 9.25, 2.5],
                "texture": "#0"
            },
            "west": {
                "uv": [7, 2, 9.25, 2.5],
                "texture": "#0"
            },
            "up": {
                "uv": [7, 2, 9.25, 2.25],
                "rotation": 90,
                "texture": "#0"
            },
            "down": {
                "uv": [7, 2.25, 9.25, 2.5],
                "rotation": 90,
                "texture": "#0"
            }
        }
    }, {
        "from": [7.9, 12.85, 7.5],
        "to": [9.1, 13.9, 9.5],
        "faces": {
            "north": {
                "uv": [7.5, 3.75, 7.75, 4.5],
                "texture": "#0"
            },
            "east": {
                "uv": [8.75, 3.75, 7.5, 4.5],
                "texture": "#0"
            },
            "south": {
                "uv": [8.5, 3.75, 8.75, 4.5],
                "texture": "#0"
            },
            "west": {
                "uv": [7.5, 3.75, 8.75, 4.5],
                "texture": "#0"
            },
            "up": {
                "uv": [7.5, 3.75, 8.75, 4],
                "rotation": 90,
                "texture": "#0"
            },
            "down": {
                "uv": [7.5, 4.25, 8.75, 4.5],
                "rotation": 90,
                "texture": "#0"
            }
        }
    }, {
        "from": [7.9, 9.35, 5.1],
        "to": [9.1, 9.7, 11.5],
        "faces": {
            "north": {
                "uv": [6, 6.75, 6.25, 7],
                "texture": "#0"
            },
            "east": {
                "uv": [10, 6.75, 6, 7],
                "texture": "#0"
            },
            "south": {
                "uv": [10, 6.75, 9.75, 7],
                "texture": "#0"
            },
            "west": {
                "uv": [6, 6.75, 10, 7],
                "texture": "#0"
            },
            "up": {
                "uv": [6, 6.75, 10, 7],
                "rotation": 90,
                "texture": "#0"
            },
            "down": {
                "uv": [6, 6.75, 10, 7],
                "rotation": 90,
                "texture": "#0"
            }
        }
    }, {
        "from": [7.9, 2.2, 7.9],
        "to": [9.1, 8.3, 9.1],
        "faces": {
            "north": {
                "uv": [7.75, 7.75, 8.5, 12],
                "texture": "#0"
            },
            "east": {
                "uv": [7.75, 7.75, 8.5, 12],
                "texture": "#0"
            },
            "south": {
                "uv": [7.75, 7.75, 8.5, 12],
                "texture": "#0"
            },
            "west": {
                "uv": [7.75, 7.75, 8.5, 12],
                "texture": "#0"
            },
            "up": {
                "uv": [7.75, 11.25, 8.5, 12],
                "texture": "#0"
            },
            "down": {
                "uv": [7.75, 11.25, 8.5, 12],
                "texture": "#0"
            }
        }
    }]
}