{
	"credit": "Made with Blockbench",
	"texture_size": [64, 64],
	"textures": {
		"0": "item/multiple/fireworks_2023/firework_texture",
		"1": "item/multiple/fireworks_2023/firework_animation_2",
		"particle": "item/multiple/fireworks_2023/firework_texture"
	},
	"elements": [
		{
			"from": [5.5, 11, 6.5],
			"to": [10.5, 14, 9.5],
			"rotation": {"angle": 0, "axis": "y", "origin": [8, 12, 15]},
			"faces": {
				"north": {"uv": [1.25, 0.75, 2.5, 1.5], "texture": "#0"},
				"east": {"uv": [0, 1.5, 0.75, 2.25], "texture": "#0"},
				"south": {"uv": [1.25, 0, 2.5, 0.75], "texture": "#0"},
				"west": {"uv": [0.75, 1.5, 1.5, 2.25], "texture": "#0"},
				"up": {"uv": [0, 0, 1.25, 0.75], "texture": "#0"},
				"down": {"uv": [0, 0.75, 1.25, 1.5], "texture": "#0"}
			}
		},
		{
			"from": [11.5, 12.25, 7.25],
			"to": [15.5, 13.75, 8.75],
			"rotation": {"angle": 22.5, "axis": "z", "origin": [10.5, 12, 8]},
			"faces": {
				"north": {"uv": [1, 2.625, 2, 3], "texture": "#0"},
				"east": {"uv": [0, 3, 0.375, 3.375], "texture": "#0"},
				"south": {"uv": [1, 2.25, 2, 2.625], "texture": "#0"},
				"west": {"uv": [0.375, 3, 0.75, 3.375], "texture": "#0"},
				"up": {"uv": [0, 2.25, 1, 2.625], "texture": "#0"},
				"down": {"uv": [0, 2.625, 1, 3], "texture": "#0"}
			}
		},
		{
			"from": [10.5, 12, 7],
			"to": [11.5, 14, 9],
			"rotation": {"angle": 22.5, "axis": "z", "origin": [10.5, 12, 8]},
			"faces": {
				"north": {"uv": [3.25, 0.5, 3.5, 1], "texture": "#0"},
				"east": {"uv": [3, 1.5, 3.5, 2], "texture": "#0"},
				"south": {"uv": [3.25, 0, 3.5, 0.5], "texture": "#0"},
				"west": {"uv": [3, 1, 3.5, 1.5], "texture": "#0"},
				"up": {"uv": [3, 0, 3.25, 0.5], "texture": "#0"},
				"down": {"uv": [3, 0.5, 3.25, 1], "texture": "#0"}
			}
		},
		{
			"from": [0.5, 12.25, 7.25],
			"to": [4.5, 13.75, 8.75],
			"rotation": {"angle": -22.5, "axis": "z", "origin": [5.5, 12, 8]},
			"faces": {
				"north": {"uv": [2, 2.625, 1, 3], "texture": "#0"},
				"east": {"uv": [0.75, 3, 0.375, 3.375], "texture": "#0"},
				"south": {"uv": [2, 2.25, 1, 2.625], "texture": "#0"},
				"west": {"uv": [0.375, 3, 0, 3.375], "texture": "#0"},
				"up": {"uv": [1, 2.25, 0, 2.625], "texture": "#0"},
				"down": {"uv": [1, 2.625, 0, 3], "texture": "#0"}
			}
		},
		{
			"from": [7.25, 14, 7.25],
			"to": [8.75, 18, 8.75],
			"rotation": {"angle": 0, "axis": "y", "origin": [5.5, 12, 8]},
			"faces": {
				"north": {"uv": [2, 2.625, 1, 3], "rotation": 270, "texture": "#0"},
				"east": {"uv": [1, 2.25, 0, 2.625], "rotation": 90, "texture": "#0"},
				"south": {"uv": [2, 2.25, 1, 2.625], "rotation": 90, "texture": "#0"},
				"west": {"uv": [1, 2.625, 0, 3], "rotation": 90, "texture": "#0"},
				"up": {"uv": [0.375, 3, 0, 3.375], "rotation": 90, "texture": "#0"},
				"down": {"uv": [0.75, 3, 0.375, 3.375], "rotation": 90, "texture": "#0"}
			}
		},
		{
			"from": [4.5, 12, 7],
			"to": [5.5, 14, 9],
			"rotation": {"angle": -22.5, "axis": "z", "origin": [5.5, 12, 8]},
			"faces": {
				"north": {"uv": [3.5, 0.5, 3.25, 1], "texture": "#0"},
				"east": {"uv": [3.5, 1, 3, 1.5], "texture": "#0"},
				"south": {"uv": [3.5, 0, 3.25, 0.5], "texture": "#0"},
				"west": {"uv": [3.5, 1.5, 3, 2], "texture": "#0"},
				"up": {"uv": [3.25, 0, 3, 0.5], "texture": "#0"},
				"down": {"uv": [3.25, 0.5, 3, 1], "texture": "#0"}
			}
		},
		{
			"from": [7, -13, 7],
			"to": [9, -2, 9],
			"rotation": {"angle": 0, "axis": "y", "origin": [8, 12, 15]},
			"faces": {
				"north": {"uv": [14, 5.25, 14.5, 8], "texture": "#0"},
				"east": {"uv": [14.5, 5.25, 15, 8], "texture": "#0"},
				"south": {"uv": [15, 5.25, 15.5, 8], "texture": "#0"},
				"west": {"uv": [15.5, 5.25, 16, 8], "texture": "#0"},
				"up": {"uv": [14, 6.25, 13.5, 5.75], "texture": "#0"},
				"down": {"uv": [14, 5.25, 13.5, 5.75], "texture": "#0"}
			}
		},
		{
			"from": [7, 0, 7],
			"to": [9, 11, 9],
			"rotation": {"angle": 0, "axis": "y", "origin": [8, 12, 15]},
			"faces": {
				"north": {"uv": [14, 5.25, 14.5, 8], "texture": "#0"},
				"east": {"uv": [14.5, 5.25, 15, 8], "texture": "#0"},
				"south": {"uv": [15, 5.25, 15.5, 8], "texture": "#0"},
				"west": {"uv": [15.5, 5.25, 16, 8], "texture": "#0"},
				"up": {"uv": [14, 6.25, 13.5, 5.75], "texture": "#0"},
				"down": {"uv": [14, 5.25, 13.5, 5.75], "texture": "#0"}
			}
		},
		{
			"from": [6.5, -15, 6.5],
			"to": [9.5, -13, 9.5],
			"rotation": {"angle": 0, "axis": "y", "origin": [8, 12, 15]},
			"faces": {
				"north": {"uv": [0, 7.25, 0.75, 7.75], "texture": "#0"},
				"east": {"uv": [7.25, 1.25, 8, 1.75], "texture": "#0"},
				"south": {"uv": [4.75, 7.25, 5.5, 7.75], "texture": "#0"},
				"west": {"uv": [7.5, 0, 8.25, 0.5], "texture": "#0"},
				"up": {"uv": [7, 2, 6.25, 1.25], "texture": "#0"},
				"down": {"uv": [4.5, 6.5, 3.75, 7.25], "texture": "#0"}
			}
		},
		{
			"from": [6.5, -2, 6.5],
			"to": [9.5, 0, 9.5],
			"rotation": {"angle": 0, "axis": "y", "origin": [8, 12, 15]},
			"faces": {
				"north": {"uv": [0, 7.25, 0.75, 7.75], "texture": "#0"},
				"east": {"uv": [7.25, 1.25, 8, 1.75], "texture": "#0"},
				"south": {"uv": [4.75, 7.25, 5.5, 7.75], "texture": "#0"},
				"west": {"uv": [7.5, 0, 8.25, 0.5], "texture": "#0"},
				"up": {"uv": [7, 2, 6.25, 1.25], "texture": "#0"},
				"down": {"uv": [4.5, 6.5, 3.75, 7.25], "texture": "#0"}
			}
		},
		{
			"from": [6.25, -16, 6.25],
			"to": [9.75, -15, 9.75],
			"rotation": {"angle": 0, "axis": "y", "origin": [8, 12, 15]},
			"faces": {
				"north": {"uv": [9.75, 0, 10.625, 0.25], "texture": "#0"},
				"east": {"uv": [9.75, 0, 10.625, 0.25], "texture": "#0"},
				"south": {"uv": [9.75, 0, 10.625, 0.25], "texture": "#0"},
				"west": {"uv": [9.75, 0, 10.625, 0.25], "texture": "#0"},
				"up": {"uv": [9.75, 0.25, 10.625, 1.125], "texture": "#0"},
				"down": {"uv": [9.75, 0.25, 10.625, 1.125], "texture": "#0"}
			}
		},
		{
			"from": [-7, 14.5, 8],
			"to": [9, 30.5, 8],
			"rotation": {"angle": 0, "axis": "y", "origin": [1, 7.5, 8]},
			"faces": {
				"north": {"uv": [16, 0, 0, 16], "texture": "#1"},
				"east": {"uv": [5.5, 8.75, 5, 9.125], "texture": "#missing"},
				"south": {"uv": [0, 0, 16, 16], "texture": "#1"},
				"west": {"uv": [9.25, 0.5, 8.75, 0.875], "texture": "#missing"},
				"up": {"uv": [8.25, 1.75, 9, 1.25], "texture": "#missing"},
				"down": {"uv": [5.5, 8.25, 6.25, 8.75], "texture": "#missing"}
			}
		},
		{
			"from": [7, 14.5, 8],
			"to": [23, 30.5, 8],
			"rotation": {"angle": 0, "axis": "y", "origin": [15, 7.5, 8]},
			"faces": {
				"north": {"uv": [0, 0, 16, 16], "texture": "#1"},
				"east": {"uv": [8.75, 0.5, 9.25, 0.875], "texture": "#missing"},
				"south": {"uv": [16, 0, 0, 16], "texture": "#1"},
				"west": {"uv": [5, 8.75, 5.5, 9.125], "texture": "#missing"},
				"up": {"uv": [9, 1.75, 8.25, 1.25], "texture": "#missing"},
				"down": {"uv": [6.25, 8.25, 5.5, 8.75], "texture": "#missing"}
			}
		},
		{
			"from": [0, 18.5, 8],
			"to": [16, 26.5, 8],
			"rotation": {"angle": 0, "axis": "y", "origin": [15, 7.5, 8]},
			"faces": {
				"north": {"uv": [0, 8, 16, 16], "texture": "#1"},
				"east": {"uv": [8.75, 0.5, 9.25, 0.875], "texture": "#missing"},
				"south": {"uv": [16, 8, 0, 16], "texture": "#1"},
				"west": {"uv": [5, 8.75, 5.5, 9.125], "texture": "#missing"},
				"up": {"uv": [9, 1.75, 8.25, 1.25], "texture": "#missing"},
				"down": {"uv": [6.25, 8.25, 5.5, 8.75], "texture": "#missing"}
			}
		},
		{
			"from": [9, 9, 6],
			"to": [13, 13, 10],
			"rotation": {"angle": 0, "axis": "y", "origin": [14, 12, 8]},
			"faces": {
				"north": {"uv": [0, 13, 1, 14], "texture": "#0"},
				"east": {"uv": [0, 15, 1, 16], "texture": "#0"},
				"south": {"uv": [1, 13, 0, 14], "texture": "#0"},
				"west": {"uv": [0, 15, 1, 16], "texture": "#0"},
				"up": {"uv": [1, 14, 0, 15], "texture": "#0"},
				"down": {"uv": [0, 14, 1, 15], "texture": "#0"}
			}
		},
		{
			"from": [13, 9.5, 6.5],
			"to": [18, 12.5, 9.5],
			"rotation": {"angle": -22.5, "axis": "z", "origin": [13, 12.5, 8]},
			"faces": {
				"north": {"uv": [1, 13.75, 2.25, 14.5], "texture": "#0"},
				"east": {"uv": [1, 15.25, 1.75, 16], "texture": "#0"},
				"south": {"uv": [2.25, 13.75, 1, 14.5], "texture": "#0"},
				"west": {"uv": [1, 15.25, 1.75, 16], "texture": "#0"},
				"up": {"uv": [1, 14.5, 2.25, 15.25], "texture": "#0"},
				"down": {"uv": [2.25, 14.5, 1, 15.25], "texture": "#0"}
			}
		},
		{
			"from": [17.6194, 11.51342, 6.6],
			"to": [22.6194, 14.31342, 9.4],
			"rotation": {"angle": -45, "axis": "z", "origin": [13, 12.5, 8]},
			"faces": {
				"north": {"uv": [2.25, 13.75, 3.5, 14.5], "texture": "#0"},
				"east": {"uv": [2.25, 15.25, 3, 16], "texture": "#0"},
				"south": {"uv": [3.5, 13.75, 2.25, 14.5], "texture": "#0"},
				"west": {"uv": [2.25, 15.25, 3, 16], "texture": "#0"},
				"up": {"uv": [2.25, 14.5, 3.5, 15.25], "texture": "#0"},
				"down": {"uv": [3.5, 14.5, 2.25, 15.25], "texture": "#0"}
			}
		},
		{
			"from": [3, 9, 6],
			"to": [7, 13, 10],
			"rotation": {"angle": 0, "axis": "y", "origin": [2, 12, 8]},
			"faces": {
				"north": {"uv": [1, 13, 0, 14], "texture": "#0"},
				"east": {"uv": [1, 15, 0, 16], "texture": "#0"},
				"south": {"uv": [0, 13, 1, 14], "texture": "#0"},
				"west": {"uv": [1, 15, 0, 16], "texture": "#0"},
				"up": {"uv": [0, 14, 1, 15], "texture": "#0"},
				"down": {"uv": [1, 14, 0, 15], "texture": "#0"}
			}
		},
		{
			"from": [-2, 9.5, 6.5],
			"to": [3, 12.5, 9.5],
			"rotation": {"angle": 22.5, "axis": "z", "origin": [3, 12.5, 8]},
			"faces": {
				"north": {"uv": [2.25, 13.75, 1, 14.5], "texture": "#0"},
				"east": {"uv": [1.75, 15.25, 1, 16], "texture": "#0"},
				"south": {"uv": [1, 13.75, 2.25, 14.5], "texture": "#0"},
				"west": {"uv": [1.75, 15.25, 1, 16], "texture": "#0"},
				"up": {"uv": [2.25, 14.5, 1, 15.25], "texture": "#0"},
				"down": {"uv": [1, 14.5, 2.25, 15.25], "texture": "#0"}
			}
		},
		{
			"from": [-6.6194, 11.51342, 6.6],
			"to": [-1.6194, 14.31342, 9.4],
			"rotation": {"angle": 45, "axis": "z", "origin": [3, 12.5, 8]},
			"faces": {
				"north": {"uv": [3.5, 13.75, 2.25, 14.5], "texture": "#0"},
				"east": {"uv": [3, 15.25, 2.25, 16], "texture": "#0"},
				"south": {"uv": [2.25, 13.75, 3.5, 14.5], "texture": "#0"},
				"west": {"uv": [3, 15.25, 2.25, 16], "texture": "#0"},
				"up": {"uv": [3.5, 14.5, 2.25, 15.25], "texture": "#0"},
				"down": {"uv": [2.25, 14.5, 3.5, 15.25], "texture": "#0"}
			}
		}
	],
	"display": {
		"thirdperson_righthand": {
			"rotation": [0, 90, 0],
			"translation": [0, 7, 1.75],
			"scale": [0.6, 0.6, 0.6]
		},
		"thirdperson_lefthand": {
			"rotation": [0, -90, 0],
			"translation": [0, 7, 1.75],
			"scale": [0.6, 0.6, 0.6]
		},
		"firstperson_righthand": {
			"rotation": [0, 90, 20],
			"translation": [0.5, 2.5, 0.25],
			"scale": [0.5, 0.5, 0.5]
		},
		"firstperson_lefthand": {
			"rotation": [0, 90, 20],
			"translation": [0.5, 2.5, 0.25],
			"scale": [0.5, 0.5, 0.5]
		},
		"ground": {
			"translation": [0, 4, 0],
			"scale": [0.45, 0.45, 0.45]
		},
		"gui": {
			"rotation": [0, 0, -45],
			"translation": [2, 1.75, 0],
			"scale": [0.55, 0.55, 0.55]
		}
	},
	"groups": [
		{
			"name": "group",
			"origin": [8, -8, 8],
			"color": 0,
			"children": [
				0,
				{
					"name": "group",
					"origin": [10.5, 5, 8],
					"color": 0,
					"children": [1, 2]
				},
				{
					"name": "group",
					"origin": [10.5, 5, 8],
					"color": 0,
					"children": [3, 4, 5]
				},
				6,
				7,
				8,
				9,
				10
			]
		},
		11,
		12,
		13,
		{
			"name": "group",
			"origin": [13, 12.5, 8],
			"color": 0,
			"children": [14, 15, 16]
		},
		{
			"name": "group",
			"origin": [13, 12.5, 8],
			"color": 0,
			"children": [17, 18, 19]
		}
	]
}