{
    "parent": "item/handheld_rod",
    "textures": {
        "layer0": "item/fishing_rod"
    },
    "overrides": [
        {"predicate":{"cast":1},"model":"item/fishing_rod_cast"},

        {"predicate":{"custom_model_data":1},"model":"item/fishing_rods/valentine_2024_rod"},
        {"predicate":{"custom_model_data":1,"cast":1},"model":"item/fishing_rods/valentine_2024_rod_cast"},

        {"predicate":{"custom_model_data":2},"model":"item/fishing_rods/inferno_fishing_rod"},
        {"predicate":{"custom_model_data":2,"cast":1},"model":"item/fishing_rods/inferno_fishing_rod_cast"},

        {"predicate":{"custom_model_data":3},"model":"item/fishing_rods/stpatrick_2024_fishing_rod"},
        {"predicate":{"custom_model_data":3,"cast":1},"model":"item/fishing_rods/stpatrick_2024_fishing_rod_cast"},

        {"predicate":{"custom_model_data":4},"model":"item/fishing_rods/lightning_power_fishing_rod"},
        {"predicate":{"custom_model_data":4,"cast":1},"model":"item/fishing_rods/lightning_power_fishing_rod_cast"},

        {"predicate":{"custom_model_data":5},"model":"item/fishing_rods/little_crocodile_fishing_rod"},
        {"predicate":{"custom_model_data":5,"cast":1},"model":"item/fishing_rods/little_crocodile_fishing_rod_cast"},

        {"predicate":{"custom_model_data":6},"model":"item/fishing_rods/heaven_fishing_rod"},
        {"predicate":{"custom_model_data":6,"cast":1},"model":"item/fishing_rods/heaven_fishing_rod_cast"},

        {"predicate":{"custom_model_data":7},"model":"item/fishing_rods/ender_dragon_fishing_rod"},
        {"predicate":{"custom_model_data":7,"cast":1},"model":"item/fishing_rods/ender_dragon_fishing_rod_cast"},

        {"predicate":{"custom_model_data":8},"model":"item/fishing_rods/halloween_2024_rod"},
        {"predicate":{"custom_model_data":8,"cast":1},"model":"item/fishing_rods/halloween_2024_rod_cast"},

        {"predicate":{"custom_model_data":9},"model":"item/fishing_rods/hw_phantom_2024_rod"},
        {"predicate":{"custom_model_data":9,"cast":1},"model":"item/fishing_rods/hw_phantom_2024_rod_cast"}

    ]
}
