{
  "parent": "minecraft:item/handheld",
  "textures": {
    "layer0": "minecraft:item/netherite_sword"
  },
  "overrides": [
    {"predicate":{"custom_model_data":1},"model":"item/swords/ninja_sword"},
    {"predicate":{"custom_model_data":2},"model":"item/swords/doom_axe"},
    {"predicate":{"custom_model_data":3},"model":"item/swords/pumpkin_sword"},
    {"predicate":{"custom_model_data":4},"model":"item/swords/adventure_sword"},
    {"predicate":{"custom_model_data":5},"model":"item/swords/deem_sword"},
    {"predicate":{"custom_model_data":6},"model":"item/swords/vassal_sword"},
    {"predicate":{"custom_model_data":7},"model":"item/swords/rune_sword"},
    {"predicate":{"custom_model_data":8},"model":"item/swords/king_sword"},
    {"predicate":{"custom_model_data":9},"model":"item/swords/skull_schife"},
    {"predicate":{"custom_model_data":10},"model":"item/swords/soulless_sword"},
    {"predicate":{"custom_model_data":11},"model":"item/swords/neptune_sword"},
    {"predicate":{"custom_model_data":12},"model":"item/swords/candy_sword"},
    {"predicate":{"custom_model_data":13},"model":"item/swords/christmas_tree"},
    {"predicate":{"custom_model_data":14},"model":"item/swords/thunderstorm_sword"},
    {"predicate":{"custom_model_data":15},"model":"item/swords/chaotics_sword"},
    {"predicate":{"custom_model_data":16},"model":"item/swords/necrodius_sword"},
    {"predicate":{"custom_model_data":17},"model":"item/swords/chocolate_sword"},
    {"predicate":{"custom_model_data":18},"model":"item/swords/cookie_sword"},
    {"predicate":{"custom_model_data":19},"model":"item/swords/golden_tree_sword"},
    {"predicate":{"custom_model_data":20},"model":"item/swords/magic_stone_sword"},
    {"predicate":{"custom_model_data":21},"model":"item/swords/antler_sword"},
    {"predicate":{"custom_model_data":22},"model":"item/swords/firework_sword_2023"},
    {"predicate":{"custom_model_data":23},"model":"item/swords/gift_sword_2023"},
    {"predicate":{"custom_model_data":24},"model":"item/swords/music_joy_sword"},
    {"predicate":{"custom_model_data":25},"model":"item/swords/dragon_roar_sword"},
    {"predicate":{"custom_model_data":26},"model":"item/swords/frostbite_sword"},
    {"predicate":{"custom_model_data":27},"model":"item/swords/inferno_edge_sword"},
    {"predicate":{"custom_model_data":28},"model":"item/swords/ocean_fury_sword"},
    {"predicate":{"custom_model_data":29},"model":"item/swords/phantom_slice_sword"},
    {"predicate":{"custom_model_data":30},"model":"item/swords/shadow_assassin_sword"},
    {"predicate":{"custom_model_data":31},"model":"item/swords/shadow_strike_sword"},
    {"predicate":{"custom_model_data":32},"model":"item/swords/sky_talon_sword"},
    {"predicate":{"custom_model_data":33},"model":"item/swords/thunder_fury_sword"},
    {"predicate":{"custom_model_data":34},"model":"item/swords/bone_blade"},
    {"predicate":{"custom_model_data":35},"model":"item/swords/devil_trident"},
    {"predicate":{"custom_model_data":36},"model":"item/swords/magma_blade"},
    {"predicate":{"custom_model_data":37},"model":"item/swords/ghost_blade"},
    {"predicate":{"custom_model_data":38},"model":"item/swords/scarecrow_sword"},
    {"predicate":{"custom_model_data":39},"model":"item/swords/skeleton_sword"},
    {"predicate":{"custom_model_data":40},"model":"item/swords/shark_sword"},
    {"predicate":{"custom_model_data":41},"model":"item/swords/shark_trident"},
    {"predicate":{"custom_model_data":42},"model":"item/swords/shark_axe"},
    {"predicate":{"custom_model_data":43},"model":"item/swords/penguin_sword"},
    {"predicate":{"custom_model_data":44},"model":"item/swords/penguin_axe"},
    {"predicate":{"custom_model_data":45},"model":"item/swords/penguin_hammer"},
    {"predicate":{"custom_model_data":46},"model":"item/swords/christmas_sword"},
    {"predicate":{"custom_model_data":47},"model":"item/swords/winter_sword"},
    {"predicate":{"custom_model_data":48},"model":"item/swords/newyear_axe"},
    {"predicate":{"custom_model_data":49},"model":"item/swords/newyear_sword"},
    {"predicate":{"custom_model_data":50},"model":"item/swords/ifrit_sword"},
    {"predicate":{"custom_model_data":51},"model":"item/swords/ifrit_axe"},
    {"predicate":{"custom_model_data":52},"model":"item/swords/inferno_sword"},
    {"predicate":{"custom_model_data":53},"model":"item/swords/inferno_axe"},
    {"predicate":{"custom_model_data":54},"model":"item/swords/sakura_axe"},
    {"predicate":{"custom_model_data":55},"model":"item/swords/sakura_greatsword"},
    {"predicate":{"custom_model_data":56},"model":"item/swords/sakura_sword"},
    {"predicate":{"custom_model_data":57},"model":"item/swords/fiend_sword"},
    {"predicate":{"custom_model_data":58},"model":"item/swords/fiend_axe"},
    {"predicate":{"custom_model_data":59},"model":"item/swords/cupid_axe"},
    {"predicate":{"custom_model_data":60},"model":"item/swords/cupid_sword"},
    {"predicate":{"custom_model_data":61},"model":"item/swords/sweet_axe"},
    {"predicate":{"custom_model_data":62},"model":"item/swords/sweet_sword"},
    {"predicate":{"custom_model_data":63},"model":"item/swords/stpatrick_2024_hammer"},
    {"predicate":{"custom_model_data":64},"model":"item/swords/stpatrick_2024_knife"},
    {"predicate":{"custom_model_data":65},"model":"item/swords/stpatrick_2024_spear"},
    {"predicate":{"custom_model_data":66},"model":"item/swords/stpatrick_2024_staff"},
    {"predicate":{"custom_model_data":67},"model":"item/swords/stpatrick_2024_sword"},
    {"predicate":{"custom_model_data":68},"model":"item/swords/stpatrick_2024_trident"},
    {"predicate":{"custom_model_data":69},"model":"item/swords/lightning_power_hammer"},
    {"predicate":{"custom_model_data":70},"model":"item/swords/lightning_power_knife"},
    {"predicate":{"custom_model_data":71},"model":"item/swords/lightning_power_spear"},
    {"predicate":{"custom_model_data":72},"model":"item/swords/lightning_power_staff"},
    {"predicate":{"custom_model_data":73},"model":"item/swords/lightning_power_sword"},
    {"predicate":{"custom_model_data":74},"model":"item/swords/lightning_power_trident"},
    {"predicate":{"custom_model_data":75},"model":"item/swords/little_crocodile_hammer"},
    {"predicate":{"custom_model_data":76},"model":"item/swords/little_crocodile_knife"},
    {"predicate":{"custom_model_data":77},"model":"item/swords/little_crocodile_spear"},
    {"predicate":{"custom_model_data":78},"model":"item/swords/little_crocodile_staff"},
    {"predicate":{"custom_model_data":79},"model":"item/swords/little_crocodile_sword"},
    {"predicate":{"custom_model_data":80},"model":"item/swords/little_crocodile_trident"},
    {"predicate":{"custom_model_data":81},"model":"item/swords/heaven_greatsword"},
    {"predicate":{"custom_model_data":82},"model":"item/swords/heaven_spear"},
    {"predicate":{"custom_model_data":83},"model":"item/swords/heaven_staff"},
    {"predicate":{"custom_model_data":84},"model":"item/swords/heaven_sword"},
    {"predicate":{"custom_model_data":85},"model":"item/swords/heaven_trident"},
    {"predicate":{"custom_model_data":86},"model":"item/swords/ender_dragon_gauntlet"},
    {"predicate":{"custom_model_data":87},"model":"item/swords/ender_dragon_spear"},
    {"predicate":{"custom_model_data":88},"model":"item/swords/ender_dragon_staff"},
    {"predicate":{"custom_model_data":89},"model":"item/swords/ender_dragon_sword"},
    {"predicate":{"custom_model_data":90},"model":"item/swords/ender_dragon_trident"},
    {"predicate":{"custom_model_data":91},"model":"item/swords/halloween_2024_greatsword"},
    {"predicate":{"custom_model_data":92},"model":"item/swords/halloween_2024_spear"},
    {"predicate":{"custom_model_data":93},"model":"item/swords/halloween_2024_staff"},
    {"predicate":{"custom_model_data":94},"model":"item/swords/halloween_2024_sword"},
    {"predicate":{"custom_model_data":95},"model":"item/swords/halloween_2024_trident"},
    {"predicate":{"custom_model_data":96},"model":"item/swords/hw_phantom_2024_dagger"},
    {"predicate":{"custom_model_data":97},"model":"item/swords/hw_phantom_2024_greatsword"},
    {"predicate":{"custom_model_data":98},"model":"item/swords/hw_phantom_2024_spear"},
    {"predicate":{"custom_model_data":99},"model":"item/swords/hw_phantom_2024_staff"},
    {"predicate":{"custom_model_data":100},"model":"item/swords/hw_phantom_2024_sword"},
    
    {"predicate":{"custom_model_data":10000},"model":"item/swords/pixels/ice_blade"},
    {"predicate":{"custom_model_data":10001},"model":"item/swords/pixels/night_blade"},
    {"predicate":{"custom_model_data":10002},"model":"item/swords/pixels/star_blade"},
    {"predicate":{"custom_model_data":10003},"model":"item/swords/pixels/emerald_blade"},
    {"predicate":{"custom_model_data":10004},"model":"item/swords/pixels/royal_sword"},
    {"predicate":{"custom_model_data":10005},"model":"item/swords/pixels/demon_sword"},
    {"predicate":{"custom_model_data":10006},"model":"item/swords/pixels/terror_sword"},
    {"predicate":{"custom_model_data":10007},"model":"item/swords/pixels/frozen_sword"},
    {"predicate":{"custom_model_data":10008},"model":"item/swords/pixels/magma_sword"},
    {"predicate":{"custom_model_data":10009},"model":"item/swords/pixels/ender_sword"},
    {"predicate":{"custom_model_data":100010},"model":"item/swords/pixels/bone_sword"},
    {"predicate":{"custom_model_data":100011},"model":"item/swords/pixels/wrath_sword"},
    {"predicate":{"custom_model_data":100012},"model":"item/swords/pixels/crystal_sword"},
    {"predicate":{"custom_model_data":100013},"model":"item/swords/pixels/lava_sword"},
    {"predicate":{"custom_model_data":100014},"model":"item/swords/pixels/hatred_sword"},
    {"predicate":{"custom_model_data":100015},"model":"item/swords/pixels/sinister_sword"},
    {"predicate":{"custom_model_data":100016},"model":"item/swords/pixels/poison_sword"},
    {"predicate":{"custom_model_data":100017},"model":"item/swords/pixels/aura_sword"},
    {"predicate":{"custom_model_data":100018},"model":"item/swords/pixels/doom_sword"},
    {"predicate":{"custom_model_data":100019},"model":"item/swords/pixels/undead_sword"},
    {"predicate":{"custom_model_data":100020},"model":"item/swords/pixels/heavy_sword"},
    {"predicate":{"custom_model_data":100021},"model":"item/swords/pixels/sun_sword"},
    {"predicate":{"custom_model_data":100022},"model":"item/swords/pixels/absolute_sword"},
    {"predicate":{"custom_model_data":100023},"model":"item/swords/pixels/void_sword"},
    {"predicate":{"custom_model_data":100024},"model":"item/swords/pixels/vampire_sword"},
    {"predicate":{"custom_model_data":100025},"model":"item/swords/pixels/gatekeeper_sword"},
    {"predicate":{"custom_model_data":100026},"model":"item/swords/pixels/voodoo_sword"},
    {"predicate":{"custom_model_data":100027},"model":"item/swords/pixels/devil_sword"},
    {"predicate":{"custom_model_data":100028},"model":"item/swords/pixels/shadowfang_sword"},
    {"predicate":{"custom_model_data":100029},"model":"item/swords/pixels/moon_sword"},
    {"predicate":{"custom_model_data":100030},"model":"item/swords/pixels/deathbringer_sword"},
    {"predicate":{"custom_model_data":100031},"model":"item/swords/pixels/legion_sword"},
    {"predicate":{"custom_model_data":100032},"model":"item/swords/pixels/fortune_sword"},
    {"predicate":{"custom_model_data":100033},"model":"item/swords/pixels/emptiness_sword"},
    {"predicate":{"custom_model_data":100034},"model":"item/swords/pixels/dragon_sword"},
    {"predicate":{"custom_model_data":100035},"model":"item/swords/pixels/pinkipalities_sword"},
    {"predicate":{"custom_model_data":100036},"model":"item/swords/pixels/pink_dragon_ninja"},
    {"predicate":{"custom_model_data":100037},"model":"item/swords/pixels/apotheosis_sword"},
    {"predicate":{"custom_model_data":100038},"model":"item/swords/pixels/infernal_sword"},
    {"predicate":{"custom_model_data":100039},"model":"item/swords/pixels/savior_sword"},
    {"predicate":{"custom_model_data":100040},"model":"item/swords/pixels/hanshi_sword"},
    {"predicate":{"custom_model_data":100041},"model":"item/swords/pixels/freeze_sword"},
    {"predicate":{"custom_model_data":100042},"model":"item/swords/pixels/snow_tank_sword"},
    {"predicate":{"custom_model_data":100043},"model":"item/swords/pixels/flake_sword"},
    {"predicate":{"custom_model_data":100044},"model":"item/swords/pixels/timeless_sword"},
    {"predicate":{"custom_model_data":100045},"model":"item/swords/pixels/infected_sword"},
    {"predicate":{"custom_model_data":100046},"model":"item/swords/pixels/power_sword"},
    {"predicate":{"custom_model_data":100047},"model":"item/swords/pixels/steam_sword"},
    {"predicate":{"custom_model_data":100048},"model":"item/swords/pixels/rebel_sword"},
    {"predicate":{"custom_model_data":100049},"model":"item/swords/pixels/demonite_sword"},
    {"predicate":{"custom_model_data":100050},"model":"item/swords/pixels/black_dragon_sword"},
    {"predicate":{"custom_model_data":100051},"model":"item/swords/pixels/soul_feeder_sword"},
    {"predicate":{"custom_model_data":100052},"model":"item/swords/pixels/cyborg_sword"},
    {"predicate":{"custom_model_data":100053},"model":"item/swords/pixels/archfiend_sword"},
    {"predicate":{"custom_model_data":100054},"model":"item/swords/pixels/transcended_sword"},
    {"predicate":{"custom_model_data":100055},"model":"item/swords/pixels/dead_chaos_sword"},
    {"predicate":{"custom_model_data":100056},"model":"item/swords/pixels/chaorupter_sword"},
    {"predicate":{"custom_model_data":100057},"model":"item/swords/pixels/chaos_shogun_sword"},
    {"predicate":{"custom_model_data":100058},"model":"item/swords/pixels/necrotic_sword"},
    {"predicate":{"custom_model_data":100059},"model":"item/swords/pixels/cryptic_sword"},
    {"predicate":{"custom_model_data":100060},"model":"item/swords/pixels/soul_reaper_sword"},
    {"predicate":{"custom_model_data":100061},"model":"item/swords/pixels/vile_sword"},
    {"predicate":{"custom_model_data":100062},"model":"item/swords/pixels/blemon_sword"},
    {"predicate":{"custom_model_data":100063},"model":"item/swords/pixels/blood_ray_sword"},
    {"predicate":{"custom_model_data":100064},"model":"item/swords/pixels/sharp_light_sword"},
    {"predicate":{"custom_model_data":100065},"model":"item/swords/pixels/glowing_desert_sword"},
    {"predicate":{"custom_model_data":100066},"model":"item/swords/pixels/off_steam_sword"},
    {"predicate":{"custom_model_data":100067},"model":"item/swords/pixels/spitting_dragon"},
    {"predicate":{"custom_model_data":100068},"model":"item/swords/pixels/noxious_sword"},
    {"predicate":{"custom_model_data":100069},"model":"item/swords/pixels/blood_void_sword"},
    {"predicate":{"custom_model_data":100070},"model":"item/swords/pixels/emerald_darkness_sword"},
    {"predicate":{"custom_model_data":100071},"model":"item/swords/pixels/chaotics_sword"},
    {"predicate":{"custom_model_data":100072},"model":"item/swords/pixels/paragons_sword"},
    {"predicate":{"custom_model_data":100073},"model":"item/swords/pixels/chaosmagus_sword"},
    {"predicate":{"custom_model_data":100074},"model":"item/swords/pixels/astravian_sword"},
    {"predicate":{"custom_model_data":100075},"model":"item/swords/pixels/undead_edge_sword"},
    {"predicate":{"custom_model_data":100076},"model":"item/swords/pixels/purple_star_sword"},
    {"predicate":{"custom_model_data":100077},"model":"item/swords/pixels/frozen_claymore_sword"},
    {"predicate":{"custom_model_data":100078},"model":"item/swords/pixels/eternity_sword"},
    {"predicate":{"custom_model_data":100079},"model":"item/swords/pixels/depths_sword"},
    {"predicate":{"custom_model_data":100080},"model":"item/swords/pixels/everlasting_chaos_sword"},
    {"predicate":{"custom_model_data":100081},"model":"item/swords/pixels/frost_warlord_sword"},
    {"predicate":{"custom_model_data":100082},"model":"item/swords/pixels/galaxy_door_sword"},
    {"predicate":{"custom_model_data":100083},"model":"item/swords/pixels/juggernaut_sword"},
    {"predicate":{"custom_model_data":100084},"model":"item/swords/pixels/cherry_sword"},
    {"predicate":{"custom_model_data":100085},"model":"item/swords/pixels/jade_sword"},
    {"predicate":{"custom_model_data":100086},"model":"item/swords/pixels/japanese_katana"},
    {"predicate":{"custom_model_data":100087},"model":"item/swords/pixels/holy_sword"},
    {"predicate":{"custom_model_data":100088},"model":"item/swords/pixels/unholy_sword"},
    {"predicate":{"custom_model_data":100089},"model":"item/swords/pixels/elf_sword"},
    {"predicate":{"custom_model_data":100090},"model":"item/swords/pixels/common_1_sword"},
    {"predicate":{"custom_model_data":100091},"model":"item/swords/pixels/common_2_sword"},
    {"predicate":{"custom_model_data":100092},"model":"item/swords/pixels/common_3_sword"},
    {"predicate":{"custom_model_data":100093},"model":"item/swords/pixels/common_4_sword"},
    {"predicate":{"custom_model_data":100094},"model":"item/swords/pixels/epic_1_sword"},
    {"predicate":{"custom_model_data":100095},"model":"item/swords/pixels/epic_2_sword"},
    {"predicate":{"custom_model_data":100096},"model":"item/swords/pixels/epic_3_sword"},
    {"predicate":{"custom_model_data":100097},"model":"item/swords/pixels/epic_4_sword"},
    {"predicate":{"custom_model_data":100098},"model":"item/swords/pixels/legendary_1_sword"},
    {"predicate":{"custom_model_data":100099},"model":"item/swords/pixels/legendary_2_sword"},
    {"predicate":{"custom_model_data":100100},"model":"item/swords/pixels/legendary_3_sword"},
    {"predicate":{"custom_model_data":100101},"model":"item/swords/pixels/legendary_4_sword"},
    {"predicate":{"custom_model_data":100102},"model":"item/swords/pixels/mythic_sword"},
    {"predicate":{"custom_model_data":100103},"model":"item/swords/pixels/rare_1_sword"},
    {"predicate":{"custom_model_data":100104},"model":"item/swords/pixels/rare_2_sword"},
    {"predicate":{"custom_model_data":100105},"model":"item/swords/pixels/rare_3_sword"},
    {"predicate":{"custom_model_data":100106},"model":"item/swords/pixels/rare_4_sword"}
  ]
}
