{
	"credit": "Made by PolygonMC",
	"texture_size": [40, 40],
	"textures": {
		"2": "item/chests/christmas_chest"
	},
	"elements": [
		{
			"from": [2.1189, 2.47807, 12.44864],
			"to": [3.0689, 6.27807, 13.39864],
			"rotation": {"angle": -45, "axis": "y", "origin": [3.0939, 5.09057, 13.63614]},
			"faces": {
				"north": {"uv": [14.4, 3.6, 14, 5.2], "texture": "#2"},
				"east": {"uv": [14, 9.2, 13.6, 10.8], "texture": "#2"},
				"south": {"uv": [6, 13.2, 5.6, 14.8], "texture": "#2"},
				"west": {"uv": [9.6, 14, 9.2, 15.6], "texture": "#2"},
				"up": {"uv": [4, 15.2, 3.6, 15.6], "texture": "#2"},
				"down": {"uv": [15.6, 4, 15.2, 3.6], "texture": "#2"}
			}
		},
		{
			"from": [3, 0.5, 3],
			"to": [13, 1.5, 13],
			"rotation": {"angle": 0, "axis": "y", "origin": [16, 0, 0]},
			"faces": {
				"north": {"uv": [11.6, 1.6, 15.6, 2], "texture": "#2"},
				"east": {"uv": [11.6, 2, 15.6, 2.4], "texture": "#2"},
				"south": {"uv": [11.6, 2.4, 15.6, 2.8], "texture": "#2"},
				"west": {"uv": [11.6, 2.8, 15.6, 3.2], "texture": "#2"},
				"up": {"uv": [4, 4, 0, 0], "texture": "#2"},
				"down": {"uv": [4, 4, 0, 8], "texture": "#2"}
			}
		},
		{
			"from": [3.5, 1.5, 3.5],
			"to": [12.5, 4.5, 12.5],
			"rotation": {"angle": 0, "axis": "y", "origin": [16, 0, 0]},
			"faces": {
				"north": {"uv": [8, 5.2, 11.6, 6.4], "texture": "#2"},
				"east": {"uv": [6.4, 8, 10, 9.2], "texture": "#2"},
				"south": {"uv": [8, 6.4, 11.6, 7.6], "texture": "#2"},
				"west": {"uv": [6.4, 9.2, 10, 10.4], "texture": "#2"},
				"up": {"uv": [3.6, 11.6, 0, 8], "texture": "#2"}
			}
		},
		{
			"from": [2.5, 0, 2.5],
			"to": [4, 1, 4],
			"faces": {
				"north": {"uv": [14.4, 14, 15, 14.4], "texture": "#2"},
				"east": {"uv": [14.4, 14.4, 15, 14.8], "texture": "#2"},
				"south": {"uv": [14.8, 1.2, 15.4, 1.6], "texture": "#2"},
				"west": {"uv": [14.8, 6, 15.4, 6.4], "texture": "#2"},
				"up": {"uv": [15, 1, 14.4, 0.4], "texture": "#2"},
				"down": {"uv": [2.2, 14.4, 1.6, 15], "texture": "#2"}
			}
		},
		{
			"from": [12, 0, 2.5],
			"to": [13.5, 1, 4],
			"rotation": {"angle": 0, "axis": "y", "origin": [16, 0, 0]},
			"faces": {
				"north": {"uv": [14.8, 6.4, 15.4, 6.8], "texture": "#2"},
				"east": {"uv": [14.8, 6.8, 15.4, 7.2], "texture": "#2"},
				"south": {"uv": [14.8, 7.2, 15.4, 7.6], "texture": "#2"},
				"west": {"uv": [10.8, 14.8, 11.4, 15.2], "texture": "#2"},
				"up": {"uv": [3, 15, 2.4, 14.4], "texture": "#2"},
				"down": {"uv": [3.8, 14.4, 3.2, 15], "texture": "#2"}
			}
		},
		{
			"from": [3, 1.5, 3],
			"to": [4, 5, 4],
			"rotation": {"angle": 0, "axis": "y", "origin": [4, 1.5, 3]},
			"faces": {
				"north": {"uv": [9.6, 14, 10, 15.4], "texture": "#2"},
				"east": {"uv": [10, 14, 10.4, 15.4], "texture": "#2"},
				"south": {"uv": [10.4, 14, 10.8, 15.4], "texture": "#2"},
				"west": {"uv": [14, 11.6, 14.4, 13], "texture": "#2"},
				"up": {"uv": [10, 8, 9.6, 7.6], "texture": "#2"}
			}
		},
		{
			"from": [12, 1.5, 3],
			"to": [13, 5, 4],
			"rotation": {"angle": 0, "axis": "y", "origin": [12, 1.5, 3]},
			"faces": {
				"north": {"uv": [10, 14, 9.6, 15.4], "texture": "#2"},
				"east": {"uv": [14.4, 11.6, 14, 13], "texture": "#2"},
				"south": {"uv": [10.8, 14, 10.4, 15.4], "texture": "#2"},
				"west": {"uv": [10.4, 14, 10, 15.4], "texture": "#2"},
				"up": {"uv": [9.6, 8, 10, 7.6], "texture": "#2"}
			}
		},
		{
			"from": [12, 1.5, 12],
			"to": [13, 5, 13],
			"rotation": {"angle": 0, "axis": "y", "origin": [12, 1.5, 13]},
			"faces": {
				"north": {"uv": [10.4, 14, 10.8, 15.4], "texture": "#2"},
				"east": {"uv": [14, 11.6, 14.4, 13], "texture": "#2"},
				"south": {"uv": [9.6, 14, 10, 15.4], "texture": "#2"},
				"west": {"uv": [10, 14, 10.4, 15.4], "texture": "#2"},
				"up": {"uv": [9.6, 7.6, 10, 8], "texture": "#2"}
			}
		},
		{
			"from": [12, 0, 12],
			"to": [13.5, 1, 13.5],
			"rotation": {"angle": 0, "axis": "y", "origin": [16, 0, 16]},
			"faces": {
				"north": {"uv": [15.4, 7.2, 14.8, 7.6], "texture": "#2"},
				"east": {"uv": [15.4, 6.8, 14.8, 7.2], "texture": "#2"},
				"south": {"uv": [15.4, 6.4, 14.8, 6.8], "texture": "#2"},
				"west": {"uv": [11.4, 14.8, 10.8, 15.2], "texture": "#2"},
				"up": {"uv": [3, 14.4, 2.4, 15], "texture": "#2"},
				"down": {"uv": [3.8, 15, 3.2, 14.4], "texture": "#2"}
			}
		},
		{
			"from": [3, 1.5, 12],
			"to": [4, 5, 13],
			"rotation": {"angle": 0, "axis": "y", "origin": [4, 1.5, 13]},
			"faces": {
				"north": {"uv": [10.8, 14, 10.4, 15.4], "texture": "#2"},
				"east": {"uv": [10.4, 14, 10, 15.4], "texture": "#2"},
				"south": {"uv": [10, 14, 9.6, 15.4], "texture": "#2"},
				"west": {"uv": [14.4, 11.6, 14, 13], "texture": "#2"},
				"up": {"uv": [10, 7.6, 9.6, 8], "texture": "#2"}
			}
		},
		{
			"from": [2.5, 0, 12],
			"to": [4, 1, 13.5],
			"rotation": {"angle": 0, "axis": "y", "origin": [0, 0, 16]},
			"faces": {
				"north": {"uv": [14.8, 7.2, 15.4, 7.6], "texture": "#2"},
				"east": {"uv": [10.8, 14.8, 11.4, 15.2], "texture": "#2"},
				"south": {"uv": [14.8, 6.4, 15.4, 6.8], "texture": "#2"},
				"west": {"uv": [14.8, 6.8, 15.4, 7.2], "texture": "#2"},
				"up": {"uv": [2.4, 14.4, 3, 15], "texture": "#2"},
				"down": {"uv": [3.2, 15, 3.8, 14.4], "texture": "#2"}
			}
		},
		{
			"from": [4, 4, 3],
			"to": [12, 5, 4],
			"rotation": {"angle": 0, "axis": "y", "origin": [5, 4, 3]},
			"faces": {
				"north": {"uv": [11.6, 6.8, 14.8, 7.2], "texture": "#2"},
				"south": {"uv": [11.6, 7.2, 14.8, 7.6], "texture": "#2"},
				"up": {"uv": [13.2, 12.4, 10, 12], "texture": "#2"},
				"down": {"uv": [13.2, 12.4, 10, 12.8], "texture": "#2"}
			}
		},
		{
			"from": [3, 4, 4],
			"to": [4, 5, 12],
			"rotation": {"angle": 0, "axis": "y", "origin": [8, 4.5, 8]},
			"faces": {
				"east": {"uv": [8.4, 12.8, 11.6, 13.2], "texture": "#2"},
				"west": {"uv": [12.8, 11.2, 16, 11.6], "texture": "#2"},
				"up": {"uv": [6.4, 15.2, 6, 12], "texture": "#2"},
				"down": {"uv": [6.8, 12, 6.4, 15.2], "texture": "#2"}
			}
		},
		{
			"from": [4, 4, 12],
			"to": [12, 5, 13],
			"rotation": {"angle": 0, "axis": "y", "origin": [8, 4.5, 12.5]},
			"faces": {
				"north": {"uv": [8.4, 12.8, 11.6, 13.2], "texture": "#2"},
				"south": {"uv": [12.8, 11.2, 16, 11.6], "texture": "#2"},
				"up": {"uv": [6.4, 15.2, 6, 12], "rotation": 270, "texture": "#2"},
				"down": {"uv": [6.8, 12, 6.4, 15.2], "rotation": 90, "texture": "#2"}
			}
		},
		{
			"from": [12, 4, 4],
			"to": [13, 5, 12],
			"rotation": {"angle": 0, "axis": "y", "origin": [8, 4.5, 8]},
			"faces": {
				"east": {"uv": [16, 11.2, 12.8, 11.6], "texture": "#2"},
				"west": {"uv": [11.6, 12.8, 8.4, 13.2], "texture": "#2"},
				"up": {"uv": [6, 15.2, 6.4, 12], "texture": "#2"},
				"down": {"uv": [6.4, 12, 6.8, 15.2], "texture": "#2"}
			}
		},
		{
			"from": [6.75, 3, 2.5],
			"to": [9.25, 5.5, 3.5],
			"rotation": {"angle": 0, "axis": "y", "origin": [6.75, 0, 0]},
			"faces": {
				"north": {"uv": [4.4, 13.2, 5.4, 14.2], "texture": "#2"},
				"east": {"uv": [6.8, 12, 7.2, 13], "texture": "#2"},
				"south": {"uv": [6.8, 13.2, 7.8, 14.2], "texture": "#2"},
				"west": {"uv": [14, 13.2, 14.4, 14.2], "texture": "#2"},
				"up": {"uv": [15, 10.8, 14, 10.4], "texture": "#2"},
				"down": {"uv": [15.4, 0, 14.4, 0.4], "texture": "#2"}
			}
		},
		{
			"from": [9.09057, 2.57556, 2.6125],
			"to": [10.36557, 3.85056, 3.8875],
			"rotation": {"angle": 22.5, "axis": "z", "origin": [8.75, 3.08694, 3.25]},
			"faces": {
				"north": {"uv": [7.6, 14.4, 8.2, 15], "texture": "#2"},
				"east": {"uv": [14.4, 4.4, 15, 5], "texture": "#2"},
				"south": {"uv": [4.8, 14.4, 5.4, 15], "texture": "#2"},
				"west": {"uv": [6.8, 14.4, 7.4, 15], "texture": "#2"},
				"up": {"uv": [15, 8.2, 14.4, 7.6], "rotation": 90, "texture": "#2"}
			}
		},
		{
			"from": [8.87807, 1.72556, 2.4],
			"to": [10.57807, 2.57556, 4.1],
			"rotation": {"angle": 22.5, "axis": "z", "origin": [8.75, 3.08694, 3.25]},
			"faces": {
				"north": {"uv": [14.8, 12.4, 15.4, 12.8], "texture": "#2"},
				"east": {"uv": [14.8, 11.6, 15.4, 12], "texture": "#2"},
				"south": {"uv": [12, 14.8, 12.6, 15.2], "texture": "#2"},
				"west": {"uv": [14.8, 12, 15.4, 12.4], "texture": "#2"},
				"up": {"uv": [9, 15, 8.4, 14.4], "rotation": 90, "texture": "#2"},
				"down": {"uv": [15, 8.4, 14.4, 9], "rotation": 270, "texture": "#2"}
			}
		},
		{
			"from": [5.63443, 2.57556, 2.6125],
			"to": [6.90943, 3.85056, 3.8875],
			"rotation": {"angle": -22.5, "axis": "z", "origin": [7.25, 3.08694, 3.25]},
			"faces": {
				"north": {"uv": [8.2, 14.4, 7.6, 15], "texture": "#2"},
				"east": {"uv": [7.4, 14.4, 6.8, 15], "texture": "#2"},
				"south": {"uv": [5.4, 14.4, 4.8, 15], "texture": "#2"},
				"west": {"uv": [15, 4.4, 14.4, 5], "texture": "#2"},
				"up": {"uv": [15, 7.6, 14.4, 8.2], "rotation": 90, "texture": "#2"}
			}
		},
		{
			"from": [5.42193, 1.72556, 2.4],
			"to": [7.12193, 2.57556, 4.1],
			"rotation": {"angle": -22.5, "axis": "z", "origin": [7.25, 3.08694, 3.25]},
			"faces": {
				"north": {"uv": [15.4, 12.4, 14.8, 12.8], "texture": "#2"},
				"east": {"uv": [15.4, 12, 14.8, 12.4], "texture": "#2"},
				"south": {"uv": [12.6, 14.8, 12, 15.2], "texture": "#2"},
				"west": {"uv": [15.4, 11.6, 14.8, 12], "texture": "#2"},
				"up": {"uv": [9, 14.4, 8.4, 15], "rotation": 90, "texture": "#2"},
				"down": {"uv": [15, 9, 14.4, 8.4], "rotation": 270, "texture": "#2"}
			}
		},
		{
			"from": [2.61, 1.29575, 6.25],
			"to": [2.61, 4.79575, 9.75],
			"rotation": {"angle": 0, "axis": "y", "origin": [2.625, 4.89351, 8.34645]},
			"faces": {
				"west": {"uv": [1.6, 11.6, 3, 13], "texture": "#2"}
			}
		},
		{
			"from": [13.39, 1.29575, 6.25],
			"to": [13.39, 4.79575, 9.75],
			"rotation": {"angle": 0, "axis": "y", "origin": [13.375, 4.89351, 8.34645]},
			"faces": {
				"east": {"uv": [3, 11.6, 1.6, 13], "texture": "#2"}
			}
		},
		{
			"from": [2.1189, 5.32807, 2.12636],
			"to": [3.0689, 6.27807, 2.60136],
			"rotation": {"angle": 45, "axis": "y", "origin": [3.0939, 5.09057, 2.36386]},
			"faces": {
				"east": {"uv": [6, 15.2, 6.2, 15.6], "texture": "#2"},
				"west": {"uv": [6.4, 15.2, 6.6, 15.6], "texture": "#2"},
				"up": {"uv": [7.2, 15.4, 6.8, 15.2], "texture": "#2"},
				"down": {"uv": [7.6, 15.2, 7.2, 15.4], "texture": "#2"}
			}
		},
		{
			"from": [2.1189, 2.47807, 2.60136],
			"to": [3.0689, 6.27807, 3.55136],
			"rotation": {"angle": 45, "axis": "y", "origin": [3.0939, 5.09057, 2.36386]},
			"faces": {
				"north": {"uv": [5.6, 13.2, 6, 14.8], "texture": "#2"},
				"east": {"uv": [13.6, 9.2, 14, 10.8], "texture": "#2"},
				"south": {"uv": [14, 3.6, 14.4, 5.2], "texture": "#2"},
				"west": {"uv": [9.2, 14, 9.6, 15.6], "texture": "#2"},
				"up": {"uv": [4, 15.6, 3.6, 15.2], "texture": "#2"},
				"down": {"uv": [15.6, 3.6, 15.2, 4], "texture": "#2"}
			}
		},
		{
			"from": [2.1189, 4.37807, 1.17636],
			"to": [3.0689, 6.27807, 2.12636],
			"rotation": {"angle": 45, "axis": "y", "origin": [3.0939, 5.09057, 2.36386]},
			"faces": {
				"north": {"uv": [14.4, 11.6, 14.8, 12.4], "texture": "#2"},
				"east": {"uv": [14.4, 12.4, 14.8, 13.2], "texture": "#2"},
				"south": {"uv": [14.4, 13.2, 14.8, 14], "texture": "#2"},
				"west": {"uv": [14, 14.4, 14.4, 15.2], "texture": "#2"},
				"up": {"uv": [4.4, 15.6, 4, 15.2], "texture": "#2"},
				"down": {"uv": [15.6, 4, 15.2, 4.4], "texture": "#2"}
			}
		},
		{
			"from": [12.9311, 5.32807, 2.12636],
			"to": [13.8811, 6.27807, 2.60136],
			"rotation": {"angle": -45, "axis": "y", "origin": [12.9061, 5.09057, 2.36386]},
			"faces": {
				"east": {"uv": [6.6, 15.2, 6.4, 15.6], "texture": "#2"},
				"west": {"uv": [6.2, 15.2, 6, 15.6], "texture": "#2"},
				"up": {"uv": [6.8, 15.4, 7.2, 15.2], "texture": "#2"},
				"down": {"uv": [7.2, 15.2, 7.6, 15.4], "texture": "#2"}
			}
		},
		{
			"from": [12.9311, 2.47807, 2.60136],
			"to": [13.8811, 6.27807, 3.55136],
			"rotation": {"angle": -45, "axis": "y", "origin": [12.9061, 5.09057, 2.36386]},
			"faces": {
				"north": {"uv": [6, 13.2, 5.6, 14.8], "texture": "#2"},
				"east": {"uv": [9.6, 14, 9.2, 15.6], "texture": "#2"},
				"south": {"uv": [14.4, 3.6, 14, 5.2], "texture": "#2"},
				"west": {"uv": [14, 9.2, 13.6, 10.8], "texture": "#2"},
				"up": {"uv": [3.6, 15.6, 4, 15.2], "texture": "#2"},
				"down": {"uv": [15.2, 3.6, 15.6, 4], "texture": "#2"}
			}
		},
		{
			"from": [12.9311, 4.37807, 1.17636],
			"to": [13.8811, 6.27807, 2.12636],
			"rotation": {"angle": -45, "axis": "y", "origin": [12.9061, 5.09057, 2.36386]},
			"faces": {
				"north": {"uv": [14.8, 11.6, 14.4, 12.4], "texture": "#2"},
				"east": {"uv": [14.4, 14.4, 14, 15.2], "texture": "#2"},
				"south": {"uv": [14.8, 13.2, 14.4, 14], "texture": "#2"},
				"west": {"uv": [14.8, 12.4, 14.4, 13.2], "texture": "#2"},
				"up": {"uv": [4, 15.6, 4.4, 15.2], "texture": "#2"},
				"down": {"uv": [15.2, 4, 15.6, 4.4], "texture": "#2"}
			}
		},
		{
			"from": [12.9311, 5.32807, 13.39864],
			"to": [13.8811, 6.27807, 13.87364],
			"rotation": {"angle": 45, "axis": "y", "origin": [12.9061, 5.09057, 13.63614]},
			"faces": {
				"east": {"uv": [6.4, 15.2, 6.6, 15.6], "texture": "#2"},
				"west": {"uv": [6, 15.2, 6.2, 15.6], "texture": "#2"},
				"up": {"uv": [6.8, 15.2, 7.2, 15.4], "texture": "#2"},
				"down": {"uv": [7.2, 15.4, 7.6, 15.2], "texture": "#2"}
			}
		},
		{
			"from": [12.9311, 2.47807, 12.44864],
			"to": [13.8811, 6.27807, 13.39864],
			"rotation": {"angle": 45, "axis": "y", "origin": [12.9061, 5.09057, 13.63614]},
			"faces": {
				"north": {"uv": [14, 3.6, 14.4, 5.2], "texture": "#2"},
				"east": {"uv": [9.2, 14, 9.6, 15.6], "texture": "#2"},
				"south": {"uv": [5.6, 13.2, 6, 14.8], "texture": "#2"},
				"west": {"uv": [13.6, 9.2, 14, 10.8], "texture": "#2"},
				"up": {"uv": [3.6, 15.2, 4, 15.6], "texture": "#2"},
				"down": {"uv": [15.2, 4, 15.6, 3.6], "texture": "#2"}
			}
		},
		{
			"from": [12.9311, 4.37807, 13.87364],
			"to": [13.8811, 6.27807, 14.82364],
			"rotation": {"angle": 45, "axis": "y", "origin": [12.9061, 5.09057, 13.63614]},
			"faces": {
				"north": {"uv": [14.4, 13.2, 14.8, 14], "texture": "#2"},
				"east": {"uv": [14, 14.4, 14.4, 15.2], "texture": "#2"},
				"south": {"uv": [14.4, 11.6, 14.8, 12.4], "texture": "#2"},
				"west": {"uv": [14.4, 12.4, 14.8, 13.2], "texture": "#2"},
				"up": {"uv": [4, 15.2, 4.4, 15.6], "texture": "#2"},
				"down": {"uv": [15.2, 4.4, 15.6, 4], "texture": "#2"}
			}
		},
		{
			"from": [2.1189, 4.37807, 13.87364],
			"to": [3.0689, 6.27807, 14.82364],
			"rotation": {"angle": -45, "axis": "y", "origin": [3.0939, 5.09057, 13.63614]},
			"faces": {
				"north": {"uv": [14.8, 13.2, 14.4, 14], "texture": "#2"},
				"east": {"uv": [14.8, 12.4, 14.4, 13.2], "texture": "#2"},
				"south": {"uv": [14.8, 11.6, 14.4, 12.4], "texture": "#2"},
				"west": {"uv": [14.4, 14.4, 14, 15.2], "texture": "#2"},
				"up": {"uv": [4.4, 15.2, 4, 15.6], "texture": "#2"},
				"down": {"uv": [15.6, 4.4, 15.2, 4], "texture": "#2"}
			}
		},
		{
			"from": [2.1189, 5.32807, 13.39864],
			"to": [3.0689, 6.27807, 13.87364],
			"rotation": {"angle": -45, "axis": "y", "origin": [3.0939, 5.09057, 13.63614]},
			"faces": {
				"east": {"uv": [6.2, 15.2, 6, 15.6], "texture": "#2"},
				"west": {"uv": [6.6, 15.2, 6.4, 15.6], "texture": "#2"},
				"up": {"uv": [7.2, 15.2, 6.8, 15.4], "texture": "#2"},
				"down": {"uv": [7.6, 15.4, 7.2, 15.2], "texture": "#2"}
			}
		},
		{
			"from": [3.5, 6, 3.5],
			"to": [12.5, 9, 12.5],
			"rotation": {"angle": 0, "axis": "y", "origin": [16, 13, 0]},
			"faces": {
				"north": {"uv": [10, 7.6, 13.6, 8.8], "texture": "#2"},
				"east": {"uv": [10, 8.8, 13.6, 10], "texture": "#2"},
				"south": {"uv": [10, 10, 13.6, 11.2], "texture": "#2"},
				"west": {"uv": [6.4, 10.4, 10, 11.6], "texture": "#2"},
				"up": {"uv": [11.6, 3.6, 8, 0], "texture": "#2"}
			}
		},
		{
			"from": [3, 5, 3],
			"to": [13, 6, 13],
			"rotation": {"angle": 0, "axis": "y", "origin": [5, 9, 3]},
			"faces": {
				"north": {"uv": [3.2, 11.6, 7.2, 12], "texture": "#2"},
				"east": {"uv": [11.6, 3.2, 15.6, 3.6], "texture": "#2"},
				"south": {"uv": [11.6, 5.2, 15.6, 5.6], "texture": "#2"},
				"west": {"uv": [11.6, 5.6, 15.6, 6], "texture": "#2"},
				"up": {"uv": [8, 4, 4, 0], "texture": "#2"},
				"down": {"uv": [8, 4, 4, 8], "texture": "#2"}
			}
		},
		{
			"from": [4.5, 9, 4.5],
			"to": [11.5, 11, 11.5],
			"rotation": {"angle": 0, "axis": "y", "origin": [4, 2, 4]},
			"faces": {
				"north": {"uv": [3.6, 10.8, 6.4, 11.6], "texture": "#2"},
				"east": {"uv": [11.2, 3.6, 14, 4.4], "texture": "#2"},
				"south": {"uv": [11.2, 4.4, 14, 5.2], "texture": "#2"},
				"west": {"uv": [10, 11.2, 12.8, 12], "texture": "#2"},
				"up": {"uv": [6.4, 10.8, 3.6, 8], "texture": "#2"}
			}
		},
		{
			"from": [11.39035, 11.9197, 6.375],
			"to": [11.42035, 13.2197, 9.625],
			"rotation": {"angle": 0, "axis": "y", "origin": [11.39035, 10.6197, 7.025]},
			"faces": {
				"east": {"uv": [9.2, 13.2, 10.6, 13.8], "texture": "#2"},
				"west": {"uv": [10.6, 13.2, 9.2, 13.8], "texture": "#2"}
			}
		},
		{
			"from": [10.50111, 11.00046, 6.375],
			"to": [11.80111, 11.03046, 9.625],
			"rotation": {"angle": 45, "axis": "z", "origin": [10.50111, 11.00046, 7.025]},
			"faces": {
				"up": {"uv": [11.4, 14.6, 10.8, 13.2], "texture": "#2"},
				"down": {"uv": [11.4, 13.2, 10.8, 14.6], "texture": "#2"}
			}
		},
		{
			"from": [9.20111, 14.10894, 6.375],
			"to": [10.50111, 14.13894, 9.625],
			"rotation": {"angle": 0, "axis": "y", "origin": [10.40615, 13.87968, 8]},
			"faces": {
				"up": {"uv": [13.8, 13, 13.2, 11.6], "texture": "#2"},
				"down": {"uv": [13.8, 11.6, 13.2, 13], "texture": "#2"}
			}
		},
		{
			"from": [10.28905, 14.11773, 6.375],
			"to": [11.58905, 14.14773, 9.625],
			"rotation": {"angle": -45, "axis": "z", "origin": [10.38447, 13.88736, 8]},
			"faces": {
				"up": {"uv": [13.8, 14.6, 13.2, 13.2], "texture": "#2"},
				"down": {"uv": [13.8, 13.2, 13.2, 14.6], "texture": "#2"}
			}
		},
		{
			"from": [8.11317, 14.11773, 6.375],
			"to": [9.41317, 14.14773, 9.625],
			"rotation": {"angle": 45, "axis": "z", "origin": [9.31775, 13.88736, 8]},
			"faces": {
				"up": {"uv": [14.2, 9, 13.6, 7.6], "texture": "#2"},
				"down": {"uv": [14.2, 7.6, 13.6, 9], "texture": "#2"}
			}
		},
		{
			"from": [8.28187, 10.9447, 6.375],
			"to": [8.31187, 13.2197, 9.625],
			"rotation": {"angle": 0, "axis": "y", "origin": [8.28187, 10.6197, 7.025]},
			"faces": {
				"east": {"uv": [5.8, 12, 4.4, 13], "texture": "#2"},
				"west": {"uv": [4.4, 12, 5.8, 13], "texture": "#2"}
			}
		},
		{
			"from": [11.37001, 12.16738, 5.4],
			"to": [12.67001, 12.19738, 10.6],
			"rotation": {"angle": 22.5, "axis": "z", "origin": [12.02001, 12.16738, 6.7]},
			"faces": {
				"up": {"uv": [12.2, 14.8, 11.6, 12.8], "texture": "#2"},
				"down": {"uv": [12.2, 12.8, 11.6, 14.8], "texture": "#2"}
			}
		},
		{
			"from": [12.60905, 12.41384, 5.4],
			"to": [13.90905, 12.44384, 10.6],
			"rotation": {"angle": 0, "axis": "y", "origin": [11.30905, 12.41384, 6.7]},
			"faces": {
				"up": {"uv": [13, 14.8, 12.4, 12.8], "texture": "#2"},
				"down": {"uv": [13, 12.8, 12.4, 14.8], "texture": "#2"}
			}
		},
		{
			"from": [13.82335, 12.04301, 5.4],
			"to": [15.12335, 12.07301, 10.6],
			"rotation": {"angle": -22.5, "axis": "z", "origin": [14.79835, 12.04301, 8]},
			"faces": {
				"up": {"uv": [0.6, 15.2, 0, 13.2], "texture": "#2"},
				"down": {"uv": [0.6, 13.2, 0, 15.2], "texture": "#2"}
			}
		},
		{
			"from": [15.77831, 10.26071, 5.4],
			"to": [15.80831, 12.21071, 10.6],
			"rotation": {"angle": 45, "axis": "z", "origin": [15.77831, 11.23571, 8]},
			"faces": {
				"east": {"uv": [11.6, 6, 13.6, 6.8], "texture": "#2"},
				"west": {"uv": [13.6, 6, 11.6, 6.8], "texture": "#2"}
			}
		},
		{
			"from": [8.125, 6.15, 2.155],
			"to": [9.125, 7.15, 3.155],
			"rotation": {"angle": 0, "axis": "y", "origin": [8, 7.7045, 2.925]},
			"faces": {
				"north": {"uv": [13.2, 14.8, 13.6, 15.2], "texture": "#2"},
				"east": {"uv": [12.8, 11.6, 13.2, 12], "texture": "#2"},
				"south": {"uv": [12.8, 14.8, 13.2, 15.2], "texture": "#2"},
				"west": {"uv": [14.8, 12.8, 15.2, 13.2], "texture": "#2"},
				"up": {"uv": [15.2, 13.6, 14.8, 13.2], "rotation": 90, "texture": "#2"},
				"down": {"uv": [14, 14.8, 13.6, 15.2], "rotation": 270, "texture": "#2"}
			}
		},
		{
			"from": [6.75, 7.75, 2.805],
			"to": [9.25, 11.75, 2.835],
			"rotation": {"angle": 0, "axis": "y", "origin": [8, 7.7045, 2.825]},
			"faces": {
				"north": {"uv": [7.2, 11.6, 8.2, 13.2], "texture": "#2"},
				"south": {"uv": [8.2, 11.6, 7.2, 13.2], "texture": "#2"}
			}
		},
		{
			"from": [6.92862, 6.63312, 2.755],
			"to": [8.42862, 8.13312, 3.755],
			"rotation": {"angle": 45, "axis": "z", "origin": [8, 7.7045, 2.925]},
			"faces": {
				"north": {"uv": [4, 14.4, 4.6, 15], "texture": "#2"},
				"east": {"uv": [4.4, 15.2, 4.6, 15.8], "texture": "#2"},
				"south": {"uv": [14.4, 3.6, 15, 4.2], "texture": "#2"},
				"west": {"uv": [15.2, 4.4, 15.4, 5], "texture": "#2"},
				"up": {"uv": [5, 15.8, 4.8, 15.2], "rotation": 90, "texture": "#2"},
				"down": {"uv": [5.4, 15.2, 5.2, 15.8], "rotation": 270, "texture": "#2"}
			}
		},
		{
			"from": [4, 6.25, 2.98],
			"to": [12, 10.25, 3.01],
			"rotation": {"angle": 0, "axis": "y", "origin": [8, 7.7045, 2.725]},
			"faces": {
				"north": {"uv": [8, 3.6, 11.2, 5.2], "texture": "#2"}
			}
		},
		{
			"from": [6.875, 6.15, 2.155],
			"to": [7.875, 7.15, 3.155],
			"rotation": {"angle": 0, "axis": "y", "origin": [8, 7.7045, 2.925]},
			"faces": {
				"north": {"uv": [0, 15.2, 0.4, 15.6], "texture": "#2"},
				"east": {"uv": [14.8, 13.6, 15.2, 14], "texture": "#2"},
				"south": {"uv": [14.4, 14.8, 14.8, 15.2], "texture": "#2"},
				"west": {"uv": [14.8, 14.8, 15.2, 15.2], "texture": "#2"},
				"up": {"uv": [0.8, 15.6, 0.4, 15.2], "rotation": 90, "texture": "#2"},
				"down": {"uv": [15.6, 0.4, 15.2, 0.8], "rotation": 270, "texture": "#2"}
			}
		},
		{
			"from": [7.5, 7.4, 2.155],
			"to": [8.5, 8.4, 3.155],
			"rotation": {"angle": 0, "axis": "y", "origin": [8, 7.7045, 2.925]},
			"faces": {
				"north": {"uv": [2.4, 15.2, 2.8, 15.6], "texture": "#2"},
				"east": {"uv": [15.2, 0.8, 15.6, 1.2], "texture": "#2"},
				"south": {"uv": [1.6, 15.2, 2, 15.6], "texture": "#2"},
				"west": {"uv": [2, 15.2, 2.4, 15.6], "texture": "#2"},
				"up": {"uv": [3.2, 15.6, 2.8, 15.2], "rotation": 90, "texture": "#2"},
				"down": {"uv": [3.6, 15.2, 3.2, 15.6], "rotation": 270, "texture": "#2"}
			}
		},
		{
			"from": [8.57139, 6.13312, 2.805],
			"to": [12.57139, 8.63312, 2.835],
			"rotation": {"angle": -45, "axis": "z", "origin": [8, 7.7045, 2.825]},
			"faces": {
				"north": {"uv": [8.4, 11.6, 10, 12.6], "texture": "#2"},
				"south": {"uv": [10, 11.6, 8.4, 12.6], "texture": "#2"}
			}
		},
		{
			"from": [3.26, 6.49127, 6.75],
			"to": [3.29, 8.99127, 9.25],
			"rotation": {"angle": 0, "axis": "y", "origin": [3.275, 5.89351, 7.65354]},
			"faces": {
				"west": {"uv": [8, 13.2, 9, 14.2], "texture": "#2"}
			}
		},
		{
			"from": [0.19169, 10.26071, 5.4],
			"to": [0.22169, 12.21071, 10.6],
			"rotation": {"angle": -45, "axis": "z", "origin": [0.22169, 11.23571, 8]},
			"faces": {
				"east": {"uv": [11.6, 6, 13.6, 6.8], "texture": "#2"},
				"west": {"uv": [13.6, 6, 11.6, 6.8], "texture": "#2"}
			}
		},
		{
			"from": [0.87665, 12.04301, 5.4],
			"to": [2.17665, 12.07301, 10.6],
			"rotation": {"angle": 22.5, "axis": "z", "origin": [1.20165, 12.04301, 8]},
			"faces": {
				"up": {"uv": [0, 15.2, 0.6, 13.2], "texture": "#2"},
				"down": {"uv": [0, 13.2, 0.6, 15.2], "texture": "#2"}
			}
		},
		{
			"from": [2.09095, 12.41384, 5.4],
			"to": [3.39095, 12.44384, 10.6],
			"rotation": {"angle": 0, "axis": "y", "origin": [4.69095, 12.41384, 6.7]},
			"faces": {
				"up": {"uv": [12.4, 14.8, 13, 12.8], "texture": "#2"},
				"down": {"uv": [12.4, 12.8, 13, 14.8], "texture": "#2"}
			}
		},
		{
			"from": [3.32999, 12.16738, 5.4],
			"to": [4.62999, 12.19738, 10.6],
			"rotation": {"angle": -22.5, "axis": "z", "origin": [3.97999, 12.16738, 6.7]},
			"faces": {
				"up": {"uv": [11.6, 14.8, 12.2, 12.8], "texture": "#2"},
				"down": {"uv": [11.6, 12.8, 12.2, 14.8], "texture": "#2"}
			}
		},
		{
			"from": [7.68813, 10.9447, 6.375],
			"to": [7.71813, 13.2197, 9.625],
			"rotation": {"angle": 0, "axis": "y", "origin": [7.71813, 10.6197, 7.025]},
			"faces": {
				"east": {"uv": [5.8, 12, 4.4, 13], "texture": "#2"},
				"west": {"uv": [4.4, 12, 5.8, 13], "texture": "#2"}
			}
		},
		{
			"from": [6.58683, 14.11773, 6.375],
			"to": [7.88683, 14.14773, 9.625],
			"rotation": {"angle": -45, "axis": "z", "origin": [6.68225, 13.88736, 8]},
			"faces": {
				"up": {"uv": [13.6, 9, 14.2, 7.6], "texture": "#2"},
				"down": {"uv": [13.6, 7.6, 14.2, 9], "texture": "#2"}
			}
		},
		{
			"from": [4.41095, 14.11773, 6.375],
			"to": [5.71095, 14.14773, 9.625],
			"rotation": {"angle": 45, "axis": "z", "origin": [5.61553, 13.88736, 8]},
			"faces": {
				"up": {"uv": [13.2, 14.6, 13.8, 13.2], "texture": "#2"},
				"down": {"uv": [13.2, 13.2, 13.8, 14.6], "texture": "#2"}
			}
		},
		{
			"from": [5.49889, 14.10894, 6.375],
			"to": [6.79889, 14.13894, 9.625],
			"rotation": {"angle": 0, "axis": "y", "origin": [5.59385, 13.87968, 8]},
			"faces": {
				"up": {"uv": [13.2, 13, 13.8, 11.6], "texture": "#2"},
				"down": {"uv": [13.2, 11.6, 13.8, 13], "texture": "#2"}
			}
		},
		{
			"from": [4.19889, 11.00046, 6.375],
			"to": [5.49889, 11.03046, 9.625],
			"rotation": {"angle": -45, "axis": "z", "origin": [5.49889, 11.00046, 7.025]},
			"faces": {
				"up": {"uv": [10.8, 14.6, 11.4, 13.2], "texture": "#2"},
				"down": {"uv": [10.8, 13.2, 11.4, 14.6], "texture": "#2"}
			}
		},
		{
			"from": [4.57965, 11.9197, 6.375],
			"to": [4.60965, 13.2197, 9.625],
			"rotation": {"angle": 0, "axis": "y", "origin": [4.60965, 10.6197, 7.025]},
			"faces": {
				"east": {"uv": [9.2, 13.2, 10.6, 13.8], "texture": "#2"},
				"west": {"uv": [10.6, 13.2, 9.2, 13.8], "texture": "#2"}
			}
		},
		{
			"from": [3.42861, 6.13312, 2.805],
			"to": [7.42861, 8.63312, 2.835],
			"rotation": {"angle": 45, "axis": "z", "origin": [8, 7.7045, 2.825]},
			"faces": {
				"north": {"uv": [10, 11.6, 8.4, 12.6], "texture": "#2"},
				"south": {"uv": [8.4, 11.6, 10, 12.6], "texture": "#2"}
			}
		},
		{
			"from": [12.71, 6.49127, 6.75],
			"to": [12.74, 8.99127, 9.25],
			"rotation": {"angle": 0, "axis": "y", "origin": [12.725, 5.89351, 7.65354]},
			"faces": {
				"east": {"uv": [9, 13.2, 8, 14.2], "texture": "#2"}
			}
		}
	],
	"gui_light": "front",
	"display": {
		"thirdperson_righthand": {
			"rotation": [54, 0, 0],
			"translation": [0, 6.5, 3.5],
			"scale": [0.8, 0.8, 0.8]
		},
		"thirdperson_lefthand": {
			"rotation": [54, 0, 0],
			"translation": [0, 6.5, 3.5],
			"scale": [0.8, 0.8, 0.8]
		},
		"firstperson_righthand": {
			"rotation": [-26.25, 180, 0],
			"translation": [-1.5, 5.25, 0],
			"scale": [0.74414, 0.74414, 0.74414]
		},
		"firstperson_lefthand": {
			"rotation": [-26.25, 180, 0],
			"translation": [-1.5, 5.25, 0],
			"scale": [0.74414, 0.74414, 0.74414]
		},
		"ground": {
			"translation": [0, 5.5, 0],
			"scale": [0.7, 0.7, 0.7]
		},
		"gui": {
			"rotation": [0, 135, 0],
			"translation": [-0.25, 1, 0],
			"scale": [1.02929, 1.02929, 1.02929]
		},
		"head": {
			"rotation": [0, 180, 0],
			"translation": [0, -26.5, 0],
			"scale": [2.5, 2.5, 2.5]
		},
		"fixed": {
			"rotation": [-90, 0, 0],
			"translation": [0, 0, -23.25],
			"scale": [2.92188, 2.92188, 2.92188]
		}
	},
	"groups": [
		{
			"name": "group",
			"origin": [3.0939, 5.09057, 13.63614],
			"color": 0,
			"boneType": "",
			"children": [0, 1, 2, 3, 4, 5, 6, 7, 8, 9, 10, 11, 12, 13, 14, 15, 16, 17, 18, 19, 20, 21, 22, 23, 24, 25, 26, 27, 28, 29, 30, 31, 32]
		},
		{
			"name": "group",
			"origin": [12.725, 12.89351, 7.65354],
			"color": 0,
			"boneType": "",
			"children": [33, 34, 35, 36, 37, 38, 39, 40, 41, 42, 43, 44, 45, 46, 47, 48, 49, 50, 51, 52, 53, 54, 55, 56, 57, 58, 59, 60, 61, 62, 63, 64, 65]
		}
	]
}