{
    "display": {
        "thirdperson_righthand": {
            "rotation": [0, -90, 0],
            "translation": [0, 9.25, 1.75],
            "scale": [0.75, 0.75, 0.75]
        },
        "thirdperson_lefthand": {
            "rotation": [0, -90, 0],
            "translation": [0, 8.75, 1.25],
            "scale": [0.75, 0.75, 0.75]
        },
        "firstperson_righthand": {
            "rotation": [0, -90, -20],
            "translation": [0.5, 4, 0.25],
            "scale": [0.4, 0.4, 0.4]
        },
        "firstperson_lefthand": {
            "rotation": [0, -90, -20],
            "translation": [0.5, 4, 0.25],
            "scale": [0.4, 0.4, 0.4]
        },
        "ground": {
            "translation": [0, 10.25, 0],
            "scale": [0.5, 0.5, 0.5]
        },
        "gui": {
            "rotation": [22, 7, -50],
            "translation": [0.25, 0, 0],
            "scale": [0.36, 0.36, 0.36]
        },
        "fixed": {
            "rotation": [0, 0, 45],
            "translation": [0, 0, -0.75],
            "scale": [0.47, 0.47, 0.47]
        }
    },
    "texture_size": [64, 64],
    "textures": {
        "0": "item/swords/deem_sword",
        "particle": "item/swords/deem_sword"
    },
    "elements": [{
        "from": [7, -9, 7],
        "to": [9, 0, 9],
        "rotation": {
            "angle": 0,
            "axis": "y",
            "origin": [0, -9, 0]
        },
        "faces": {
            "north": {
                "uv": [4.5, 6, 5, 8.25],
                "texture": "#0"
            },
            "east": {
                "uv": [4, 6, 4.5, 8.25],
                "texture": "#0"
            },
            "south": {
                "uv": [5.5, 6, 6, 8.25],
                "texture": "#0"
            },
            "west": {
                "uv": [5, 6, 5.5, 8.25],
                "texture": "#0"
            },
            "up": {
                "uv": [5, 6, 4.5, 5.5],
                "texture": "#0"
            },
            "down": {
                "uv": [5.5, 5.5, 5, 6],
                "texture": "#0"
            }
        }
    }, {
        "from": [4, -16, 8],
        "to": [12, -7, 8],
        "rotation": {
            "angle": 0,
            "axis": "y",
            "origin": [0, -9, 0]
        },
        "faces": {
            "north": {
                "uv": [4, 2.25, 6, 4.5],
                "texture": "#0"
            },
            "east": {
                "uv": [4, 2.25, 4, 4.5],
                "texture": "#0"
            },
            "south": {
                "uv": [4, 2.25, 6, 4.5],
                "texture": "#0"
            },
            "west": {
                "uv": [6, 2.25, 6, 4.5],
                "texture": "#0"
            },
            "up": {
                "uv": [6, 2.25, 4, 2.25],
                "texture": "#0"
            },
            "down": {
                "uv": [8, 2.25, 6, 2.25],
                "texture": "#0"
            }
        }
    }, {
        "from": [5, 0, 7],
        "to": [11, 2, 9],
        "rotation": {
            "angle": 0,
            "axis": "y",
            "origin": [0, -9, 0]
        },
        "faces": {
            "north": {
                "uv": [4.5, 5, 6, 5.5],
                "texture": "#0"
            },
            "east": {
                "uv": [4, 5, 4.5, 5.5],
                "texture": "#0"
            },
            "south": {
                "uv": [6.5, 5, 8, 5.5],
                "texture": "#0"
            },
            "west": {
                "uv": [6, 5, 6.5, 5.5],
                "texture": "#0"
            },
            "up": {
                "uv": [6, 5, 4.5, 4.5],
                "texture": "#0"
            },
            "down": {
                "uv": [7.5, 4.5, 6, 5],
                "texture": "#0"
            }
        }
    }, {
        "from": [6, 0, 5],
        "to": [10, 4, 7],
        "rotation": {
            "angle": 0,
            "axis": "y",
            "origin": [0, -9, 0]
        },
        "faces": {
            "north": {
                "uv": [6.5, 6, 7.5, 7],
                "texture": "#0"
            },
            "east": {
                "uv": [6, 6, 6.5, 7],
                "texture": "#0"
            },
            "south": {
                "uv": [8, 6, 9, 7],
                "texture": "#0"
            },
            "west": {
                "uv": [7.5, 6, 8, 7],
                "texture": "#0"
            },
            "up": {
                "uv": [7.5, 6, 6.5, 5.5],
                "texture": "#0"
            },
            "down": {
                "uv": [8.5, 5.5, 7.5, 6],
                "texture": "#0"
            }
        }
    }, {
        "from": [3, 1, 6],
        "to": [13, 10, 6],
        "rotation": {
            "angle": 0,
            "axis": "y",
            "origin": [0, -9, 0]
        },
        "faces": {
            "north": {
                "uv": [4, 0, 6.5, 2.25],
                "texture": "#0"
            },
            "east": {
                "uv": [4, 0, 4, 2.25],
                "texture": "#0"
            },
            "south": {
                "uv": [4, 0, 6.5, 2.25],
                "texture": "#0"
            },
            "west": {
                "uv": [6.5, 0, 6.5, 2.25],
                "texture": "#0"
            },
            "up": {
                "uv": [6.5, 0, 4, 0],
                "texture": "#0"
            },
            "down": {
                "uv": [9, 0, 6.5, 0],
                "texture": "#0"
            }
        }
    }, {
        "from": [6.5, -1.1, 5],
        "to": [9.5, 0.9, 6],
        "rotation": {
            "angle": -22.5,
            "axis": "x",
            "origin": [8, -0.6, 6]
        },
        "faces": {
            "north": {
                "uv": [6, 8.25, 6.75, 8.75],
                "texture": "#0"
            },
            "east": {
                "uv": [5.75, 8.25, 6, 8.75],
                "texture": "#0"
            },
            "south": {
                "uv": [7, 8.25, 7.75, 8.75],
                "texture": "#0"
            },
            "west": {
                "uv": [6.75, 8.25, 7, 8.75],
                "texture": "#0"
            },
            "up": {
                "uv": [6.75, 8.25, 6, 8],
                "texture": "#0"
            },
            "down": {
                "uv": [7.5, 8, 6.75, 8.25],
                "texture": "#0"
            }
        }
    }, {
        "from": [9, -4.1, 7.3],
        "to": [13, -0.1, 7.3],
        "rotation": {
            "angle": 22.5,
            "axis": "x",
            "origin": [8, -2.1, 8]
        },
        "faces": {
            "north": {
                "uv": [8, 2.25, 9, 3.25],
                "texture": "#0"
            },
            "east": {
                "uv": [8, 2.25, 8, 3.25],
                "texture": "#0"
            },
            "south": {
                "uv": [9, 2.25, 8, 3.25],
                "texture": "#0"
            },
            "west": {
                "uv": [9, 2.25, 9, 3.25],
                "texture": "#0"
            },
            "up": {
                "uv": [9, 2.25, 8, 2.25],
                "texture": "#0"
            },
            "down": {
                "uv": [10, 2.25, 9, 2.25],
                "texture": "#0"
            }
        }
    }, {
        "from": [3, -4.1, 7.3],
        "to": [7, -0.1, 7.3],
        "rotation": {
            "angle": 22.5,
            "axis": "x",
            "origin": [8, -2.1, 8]
        },
        "faces": {
            "north": {
                "uv": [2, 8, 3, 9],
                "texture": "#0"
            },
            "east": {
                "uv": [2, 8, 2, 9],
                "texture": "#0"
            },
            "south": {
                "uv": [3, 8, 2, 9],
                "texture": "#0"
            },
            "west": {
                "uv": [3, 8, 3, 9],
                "texture": "#0"
            },
            "up": {
                "uv": [3, 8, 2, 8],
                "texture": "#0"
            },
            "down": {
                "uv": [4, 8, 3, 8],
                "texture": "#0"
            }
        }
    }, {
        "from": [2, 2.575, 6.875],
        "to": [6, 6.575, 6.875],
        "rotation": {
            "angle": -22.5,
            "axis": "x",
            "origin": [8, 4.1, 7.9]
        },
        "faces": {
            "north": {
                "uv": [7, 8, 6, 7],
                "texture": "#0"
            },
            "east": {
                "uv": [0, 8, 0, 9],
                "texture": "#0"
            },
            "south": {
                "uv": [6, 8, 7, 7],
                "texture": "#0"
            },
            "west": {
                "uv": [1, 8, 1, 9],
                "texture": "#0"
            },
            "up": {
                "uv": [1, 8, 0, 8],
                "texture": "#0"
            },
            "down": {
                "uv": [2, 8, 1, 8],
                "texture": "#0"
            }
        }
    }, {
        "from": [10, 2.575, 6.875],
        "to": [14, 6.575, 6.875],
        "rotation": {
            "angle": -22.5,
            "axis": "x",
            "origin": [8, 4.1, 7.9]
        },
        "faces": {
            "north": {
                "uv": [6, 8, 7, 7],
                "texture": "#0"
            },
            "east": {
                "uv": [1, 8, 1, 9],
                "texture": "#0"
            },
            "south": {
                "uv": [7, 8, 6, 7],
                "texture": "#0"
            },
            "west": {
                "uv": [0, 8, 0, 9],
                "texture": "#0"
            },
            "up": {
                "uv": [0, 8, 1, 8],
                "texture": "#0"
            },
            "down": {
                "uv": [1, 8, 2, 8],
                "texture": "#0"
            }
        }
    }, {
        "from": [1.9, 0.4, 7.4],
        "to": [5.1, 1.6, 8.6],
        "rotation": {
            "angle": 0,
            "axis": "y",
            "origin": [3.5, 1, 8]
        },
        "faces": {
            "north": {
                "uv": [8, 8.5, 8.75, 8.75],
                "texture": "#0"
            },
            "east": {
                "uv": [7.75, 8.5, 8, 8.75],
                "texture": "#0"
            },
            "south": {
                "uv": [9, 8.5, 9.75, 8.75],
                "texture": "#0"
            },
            "west": {
                "uv": [8.75, 8.5, 9, 8.75],
                "texture": "#0"
            },
            "up": {
                "uv": [8.75, 8.5, 8, 8.25],
                "texture": "#0"
            },
            "down": {
                "uv": [9.5, 8.25, 8.75, 8.5],
                "texture": "#0"
            }
        }
    }, {
        "from": [0.5, 0.1, 7.7],
        "to": [2.1, 0.7, 8.3],
        "rotation": {
            "angle": 45,
            "axis": "z",
            "origin": [1, 1.1, 8]
        },
        "faces": {
            "north": {
                "uv": [8.75, 5.75, 9.25, 6],
                "texture": "#0"
            },
            "east": {
                "uv": [8.5, 5.75, 8.75, 6],
                "texture": "#0"
            },
            "south": {
                "uv": [9.5, 5.75, 10, 6],
                "texture": "#0"
            },
            "west": {
                "uv": [9.25, 5.75, 9.5, 6],
                "texture": "#0"
            },
            "up": {
                "uv": [9.25, 5.75, 8.75, 5.5],
                "texture": "#0"
            },
            "down": {
                "uv": [9.75, 5.5, 9.25, 5.75],
                "texture": "#0"
            }
        }
    }, {
        "from": [10.9, 0.4, 7.4],
        "to": [14.1, 1.6, 8.6],
        "rotation": {
            "angle": 0,
            "axis": "y",
            "origin": [12.5, 1, 8]
        },
        "faces": {
            "north": {
                "uv": [8.25, 7.25, 9, 7.5],
                "texture": "#0"
            },
            "east": {
                "uv": [8, 7.25, 8.25, 7.5],
                "texture": "#0"
            },
            "south": {
                "uv": [9.25, 7.25, 10, 7.5],
                "texture": "#0"
            },
            "west": {
                "uv": [9, 7.25, 9.25, 7.5],
                "texture": "#0"
            },
            "up": {
                "uv": [9, 7.25, 8.25, 7],
                "texture": "#0"
            },
            "down": {
                "uv": [9.75, 7, 9, 7.25],
                "texture": "#0"
            }
        }
    }, {
        "from": [13.9, 0.1, 7.7],
        "to": [15.5, 0.7, 8.3],
        "rotation": {
            "angle": -45,
            "axis": "z",
            "origin": [15, 1.1, 8]
        },
        "faces": {
            "north": {
                "uv": [4.25, 8.5, 4.75, 8.75],
                "texture": "#0"
            },
            "east": {
                "uv": [4, 8.5, 4.25, 8.75],
                "texture": "#0"
            },
            "south": {
                "uv": [5, 8.5, 5.5, 8.75],
                "texture": "#0"
            },
            "west": {
                "uv": [4.75, 8.5, 5, 8.75],
                "texture": "#0"
            },
            "up": {
                "uv": [4.75, 8.5, 4.25, 8.25],
                "texture": "#0"
            },
            "down": {
                "uv": [5.25, 8.25, 4.75, 8.5],
                "texture": "#0"
            }
        }
    }, {
        "from": [14.48071, -0.1264, 7.71],
        "to": [15.06071, 0.4536, 8.29],
        "rotation": {
            "angle": 0,
            "axis": "y",
            "origin": [14.77071, 0.6636, 8]
        },
        "faces": {
            "north": {
                "uv": [4, 9, 4.25, 9.25],
                "texture": "#0"
            },
            "east": {
                "uv": [3.75, 9, 4, 9.25],
                "texture": "#0"
            },
            "south": {
                "uv": [4.5, 9, 4.75, 9.25],
                "texture": "#0"
            },
            "west": {
                "uv": [4.25, 9, 4.5, 9.25],
                "texture": "#0"
            },
            "up": {
                "uv": [4.25, 9, 4, 8.75],
                "texture": "#0"
            },
            "down": {
                "uv": [4.5, 8.75, 4.25, 9],
                "texture": "#0"
            }
        }
    }, {
        "from": [0.93929, -0.1264, 7.71],
        "to": [1.51929, 0.4536, 8.29],
        "rotation": {
            "angle": 0,
            "axis": "y",
            "origin": [15.22929, 0.6636, 8]
        },
        "faces": {
            "north": {
                "uv": [5.75, 5.75, 6, 6],
                "texture": "#0"
            },
            "east": {
                "uv": [5.5, 5.75, 5.75, 6],
                "texture": "#0"
            },
            "south": {
                "uv": [6.25, 5.75, 6.5, 6],
                "texture": "#0"
            },
            "west": {
                "uv": [6, 5.75, 6.25, 6],
                "texture": "#0"
            },
            "up": {
                "uv": [6, 5.75, 5.75, 5.5],
                "texture": "#0"
            },
            "down": {
                "uv": [6.25, 5.5, 6, 5.75],
                "texture": "#0"
            }
        }
    }, {
        "from": [4, 0, 8],
        "to": [12, 32, 8],
        "rotation": {
            "angle": 0,
            "axis": "y",
            "origin": [0, -9, 0]
        },
        "faces": {
            "north": {
                "uv": [2, 0, 0, 8],
                "texture": "#0"
            },
            "east": {
                "uv": [0, 0, 0, 8],
                "texture": "#0"
            },
            "south": {
                "uv": [0, 0, 2, 8],
                "texture": "#0"
            },
            "west": {
                "uv": [2, 0, 2, 8],
                "texture": "#0"
            },
            "up": {
                "uv": [2, 0, 0, 0],
                "texture": "#0"
            },
            "down": {
                "uv": [4, 0, 2, 0],
                "texture": "#0"
            }
        }
    }, {
        "from": [6.8, -8.2, 6.8],
        "to": [9.2, -6.8, 9.2],
        "rotation": {
            "angle": 0,
            "axis": "y",
            "origin": [0, -9, 0]
        },
        "faces": {
            "north": {
                "uv": [8.5, 5.25, 9, 5.5],
                "texture": "#0"
            },
            "east": {
                "uv": [8, 5.25, 8.5, 5.5],
                "texture": "#0"
            },
            "south": {
                "uv": [9.5, 5.25, 10, 5.5],
                "texture": "#0"
            },
            "west": {
                "uv": [9, 5.25, 9.5, 5.5],
                "texture": "#0"
            },
            "up": {
                "uv": [9, 5.25, 8.5, 4.75],
                "texture": "#0"
            },
            "down": {
                "uv": [9.5, 4.75, 9, 5.25],
                "texture": "#0"
            }
        }
    }, {
        "from": [6.8, -6.2, 6.8],
        "to": [9.2, -4.8, 9.2],
        "rotation": {
            "angle": 0,
            "axis": "y",
            "origin": [0, -9, 0]
        },
        "faces": {
            "north": {
                "uv": [8.5, 3.75, 9, 4],
                "texture": "#0"
            },
            "east": {
                "uv": [8, 3.75, 8.5, 4],
                "texture": "#0"
            },
            "south": {
                "uv": [9.5, 3.75, 10, 4],
                "texture": "#0"
            },
            "west": {
                "uv": [9, 3.75, 9.5, 4],
                "texture": "#0"
            },
            "up": {
                "uv": [9, 3.75, 8.5, 3.25],
                "texture": "#0"
            },
            "down": {
                "uv": [9.5, 3.25, 9, 3.75],
                "texture": "#0"
            }
        }
    }, {
        "from": [6.8, -4.2, 6.8],
        "to": [9.2, -2.8, 9.2],
        "rotation": {
            "angle": 0,
            "axis": "y",
            "origin": [0, -9, 0]
        },
        "faces": {
            "north": {
                "uv": [8, 8, 8.5, 8.25],
                "texture": "#0"
            },
            "east": {
                "uv": [7.5, 8, 8, 8.25],
                "texture": "#0"
            },
            "south": {
                "uv": [9, 8, 9.5, 8.25],
                "texture": "#0"
            },
            "west": {
                "uv": [8.5, 8, 9, 8.25],
                "texture": "#0"
            },
            "up": {
                "uv": [8.5, 8, 8, 7.5],
                "texture": "#0"
            },
            "down": {
                "uv": [9, 7.5, 8.5, 8],
                "texture": "#0"
            }
        }
    }, {
        "from": [6.8, -2.2, 6.8],
        "to": [9.2, -0.8, 9.2],
        "rotation": {
            "angle": 0,
            "axis": "y",
            "origin": [0, -9, 0]
        },
        "faces": {
            "north": {
                "uv": [8, 4.5, 8.5, 4.75],
                "texture": "#0"
            },
            "east": {
                "uv": [7.5, 4.5, 8, 4.75],
                "texture": "#0"
            },
            "south": {
                "uv": [9, 4.5, 9.5, 4.75],
                "texture": "#0"
            },
            "west": {
                "uv": [8.5, 4.5, 9, 4.75],
                "texture": "#0"
            },
            "up": {
                "uv": [8.5, 4.5, 8, 4],
                "texture": "#0"
            },
            "down": {
                "uv": [9, 4, 8.5, 4.5],
                "texture": "#0"
            }
        }
    }]
}