{
    "credit": "MadewithBlockbench",
    "texture_size": [128, 128],
    "textures": {
        "0": "item/multiple/ghostly/casperghost_texture_01",
        "1": "item/multiple/ghostly/casperghost_animation_01",
        "2": "item/multiple/ghostly/casperghost_animation_02",
        "3": "item/multiple/ghostly/casperghost_animation_03",
        "particle": "item/multiple/ghostly/casperghost_texture_01"
    },
    "elements": [{
        "from": [6.75, -15.4, 6.75],
        "to": [9.25, -12.9, 9.25],
        "rotation": {
            "angle": 0,
            "axis": "y",
            "origin": [7, 5.5, 8]
        },
        "faces": {
            "north": {
                "uv": [0.25, 0.6875, 0.5625, 1],
                "texture": "#0"
            },
            "east": {
                "uv": [0.25, 0.6875, 0.5625, 1],
                "texture": "#0"
            },
            "south": {
                "uv": [0.25, 0.6875, 0.5625, 1],
                "texture": "#0"
            },
            "west": {
                "uv": [0.25, 0.6875, 0.5625, 1],
                "texture": "#0"
            },
            "up": {
                "uv": [0.25, 1, 0.5625, 1.3125],
                "texture": "#0"
            },
            "down": {
                "uv": [0.25, 1, 0.5625, 1.3125],
                "texture": "#0"
            }
        }
    }, {
        "from": [6.5, -13.5, 6.5],
        "to": [9.5, -11, 9.5],
        "rotation": {
            "angle": 0,
            "axis": "y",
            "origin": [7, 5.5, 8]
        },
        "faces": {
            "north": {
                "uv": [0.25, 0, 0.625, 0.3125],
                "texture": "#0"
            },
            "east": {
                "uv": [0.25, 0, 0.625, 0.3125],
                "texture": "#0"
            },
            "south": {
                "uv": [0.25, 0, 0.625, 0.3125],
                "texture": "#0"
            },
            "west": {
                "uv": [0.25, 0, 0.625, 0.3125],
                "texture": "#0"
            },
            "up": {
                "uv": [0.25, 0.3125, 0.625, 0.6875],
                "texture": "#0"
            },
            "down": {
                "uv": [0.25, 0.3125, 0.625, 0.6875],
                "texture": "#0"
            }
        }
    }, {
        "from": [6, -2, 2.5],
        "to": [10, 1.5, 13.5],
        "rotation": {
            "angle": 0,
            "axis": "y",
            "origin": [7, 3.5, 8]
        },
        "faces": {
            "north": {
                "uv": [0.9375, 0.875, 1.4375, 1.3125],
                "texture": "#0"
            },
            "east": {
                "uv": [0, 1.5, 1.375, 1.9375],
                "texture": "#0"
            },
            "south": {
                "uv": [0.9375, 0.875, 1.4375, 1.3125],
                "texture": "#0"
            },
            "west": {
                "uv": [0, 1.5, 1.375, 1.9375],
                "texture": "#0"
            },
            "up": {
                "uv": [1.625, 0, 2.125, 1.375],
                "texture": "#0"
            },
            "down": {
                "uv": [1.625, 0, 2.125, 1.375],
                "texture": "#0"
            }
        }
    }, {
        "from": [6.5, -3, 4.5],
        "to": [9.5, -2, 11.5],
        "rotation": {
            "angle": 0,
            "axis": "y",
            "origin": [7, 5.5, 8]
        },
        "faces": {
            "north": {
                "uv": [0.5625, 0.875, 0.9375, 1],
                "texture": "#0"
            },
            "east": {
                "uv": [0.25, 1.3125, 1.125, 1.4375],
                "texture": "#0"
            },
            "south": {
                "uv": [0.5625, 0.875, 0.9375, 1],
                "texture": "#0"
            },
            "west": {
                "uv": [0.25, 1.3125, 1.125, 1.4375],
                "texture": "#0"
            },
            "up": {
                "uv": [1.25, 0, 1.625, 0.875],
                "texture": "#0"
            },
            "down": {
                "uv": [1.25, 0, 1.625, 0.875],
                "texture": "#0"
            }
        }
    }, {
        "from": [6.75, 1.5, 3.5],
        "to": [9.25, 2.5, 12.5],
        "rotation": {
            "angle": 0,
            "axis": "y",
            "origin": [7, 3.5, 8]
        },
        "faces": {
            "north": {
                "uv": [1.125, 1.3125, 1.4375, 1.4375],
                "texture": "#0"
            },
            "east": {
                "uv": [0, 1.9375, 1.125, 2.0625],
                "texture": "#0"
            },
            "south": {
                "uv": [1.125, 1.3125, 1.4375, 1.4375],
                "texture": "#0"
            },
            "west": {
                "uv": [0, 1.9375, 1.125, 2.0625],
                "texture": "#0"
            },
            "up": {
                "uv": [4.0625, 0, 4.375, 1.125],
                "texture": "#0"
            },
            "down": {
                "uv": [4.0625, 0, 4.375, 1.125],
                "texture": "#0"
            }
        }
    }, {
        "from": [6.75, 2.5, 6.5],
        "to": [9.25, 6, 9.5],
        "rotation": {
            "angle": 0,
            "axis": "y",
            "origin": [7, 3.5, 8]
        },
        "faces": {
            "north": {
                "uv": [1.75, 1.5, 2.0625, 1.9375],
                "texture": "#0"
            },
            "east": {
                "uv": [1.375, 1.5, 1.75, 1.9375],
                "texture": "#0"
            },
            "south": {
                "uv": [1.75, 1.5, 2.0625, 1.9375],
                "texture": "#0"
            },
            "west": {
                "uv": [1.375, 1.5, 1.75, 1.9375],
                "texture": "#0"
            },
            "up": {
                "uv": [2.125, 0.875, 2.4375, 1.25],
                "texture": "#0"
            },
            "down": {
                "uv": [2.125, 0.875, 2.4375, 1.25],
                "texture": "#0"
            }
        }
    }, {
        "from": [7, -11, 7],
        "to": [9, -1, 9],
        "faces": {
            "north": {
                "uv": [0.25, 0, 0, 1.25],
                "texture": "#0"
            },
            "east": {
                "uv": [0, 0, 0.25, 1.25],
                "texture": "#0"
            },
            "south": {
                "uv": [0.25, 0, 0, 1.25],
                "texture": "#0"
            },
            "west": {
                "uv": [0, 0, 0.25, 1.25],
                "texture": "#0"
            },
            "up": {
                "uv": [0, 1.25, 0.25, 1.5],
                "texture": "#0"
            },
            "down": {
                "uv": [0, 1.25, 0.25, 1.5],
                "texture": "#0"
            }
        }
    }, {
        "from": [7.5, 2, 6],
        "to": [8.5, 12, 10],
        "rotation": {
            "angle": 0,
            "axis": "y",
            "origin": [0, -2, 0]
        },
        "faces": {
            "north": {
                "uv": [2.9375, 0, 3.0625, 1.25],
                "texture": "#0"
            },
            "east": {
                "uv": [2.9375, 0.125, 2.4375, 1.375],
                "texture": "#0"
            },
            "south": {
                "uv": [2.9375, 0, 3.0625, 1.25],
                "texture": "#0"
            },
            "west": {
                "uv": [2.4375, 0.125, 2.9375, 1.375],
                "texture": "#0"
            },
            "up": {
                "uv": [1.5, 0.875, 1.625, 1.375],
                "texture": "#0"
            },
            "down": {
                "uv": [1.5, 0.875, 1.625, 1.375],
                "texture": "#0"
            }
        }
    }, {
        "from": [8, 2, 4],
        "to": [8, 30, 12],
        "rotation": {
            "angle": 0,
            "axis": "y",
            "origin": [0, -2, 0]
        },
        "faces": {
            "north": {
                "uv": [0, 0, 0, 3.5],
                "texture": "#0"
            },
            "east": {
                "uv": [14.75, 0, 13.75, 3.5],
                "texture": "#0"
            },
            "south": {
                "uv": [0, 0, 0, 3.5],
                "texture": "#0"
            },
            "west": {
                "uv": [13.75, 0, 14.75, 3.5],
                "texture": "#0"
            },
            "up": {
                "uv": [0, 0, 0, 1.25],
                "texture": "#0"
            },
            "down": {
                "uv": [0, 0, 0, 1.25],
                "texture": "#0"
            }
        }
    }, {
        "from": [7.5, 12, 6],
        "to": [8.5, 22, 10],
        "rotation": {
            "angle": 0,
            "axis": "y",
            "origin": [0, -4, 0]
        },
        "faces": {
            "north": {
                "uv": [3.8125, 0, 3.9375, 1.25],
                "texture": "#0"
            },
            "east": {
                "uv": [3.5625, 0, 3.0625, 1.25],
                "texture": "#0"
            },
            "south": {
                "uv": [3.8125, 0, 3.9375, 1.25],
                "texture": "#0"
            },
            "west": {
                "uv": [3.0625, 0, 3.5625, 1.25],
                "texture": "#0"
            },
            "up": {
                "uv": [3.9375, 0, 4.0625, 0.5],
                "texture": "#0"
            },
            "down": {
                "uv": [3.9375, 0, 4.0625, 0.5],
                "texture": "#0"
            }
        }
    }, {
        "from": [7.6, 20.6, 6.6],
        "to": [8.4, 23.4, 9.4],
        "rotation": {
            "angle": -45,
            "axis": "x",
            "origin": [8, 22, 8]
        },
        "faces": {
            "north": {
                "uv": [2.5625, 1.4375, 2.6625, 1.8],
                "rotation": 180,
                "texture": "#0"
            },
            "east": {
                "uv": [2.0625, 1.8, 2.425, 1.4375],
                "rotation": 90,
                "texture": "#0"
            },
            "south": {
                "uv": [2.5625, 1.4375, 2.6625, 1.8],
                "rotation": 180,
                "texture": "#0"
            },
            "west": {
                "uv": [2.0625, 1.4375, 2.425, 1.8],
                "rotation": 90,
                "texture": "#0"
            },
            "up": {
                "uv": [2.5625, 1.4375, 2.6625, 1.8],
                "rotation": 180,
                "texture": "#0"
            },
            "down": {
                "uv": [2.5625, 1.4375, 2.6625, 1.8],
                "rotation": 180,
                "texture": "#0"
            }
        }
    }, {
        "from": [5, -1.5, 6.5],
        "to": [6, 1.5, 9.5],
        "rotation": {
            "angle": 0,
            "axis": "y",
            "origin": [0, -2.5, 0]
        },
        "faces": {
            "north": {
                "uv": [3.3125, 1.5, 3.4375, 1.875],
                "texture": "#0"
            },
            "east": {
                "uv": [2.9375, 1.5, 3.3125, 1.875],
                "texture": "#0"
            },
            "south": {
                "uv": [3.4375, 1.5, 3.3125, 1.875],
                "texture": "#0"
            },
            "west": {
                "uv": [2.9375, 1.5, 3.3125, 1.875],
                "texture": "#0"
            },
            "up": {
                "uv": [3.4375, 1.375, 3.5625, 1.75],
                "texture": "#0"
            },
            "down": {
                "uv": [3.4375, 1.375, 3.5625, 1.75],
                "texture": "#0"
            }
        }
    }, {
        "from": [5.1, 0.5, 7],
        "to": [5.9, 2.5, 9],
        "rotation": {
            "angle": 45,
            "axis": "x",
            "origin": [5.5, 1.5, 8]
        },
        "faces": {
            "north": {
                "uv": [0.5625, 1.0625, 0.6875, 1.3125],
                "texture": "#0"
            },
            "east": {
                "uv": [0.6875, 1.0625, 0.9375, 1.3125],
                "texture": "#0"
            },
            "south": {
                "uv": [0.5625, 1.0625, 0.6875, 1.3125],
                "texture": "#0"
            },
            "west": {
                "uv": [0.6875, 1.0625, 0.9375, 1.3125],
                "texture": "#0"
            },
            "up": {
                "uv": [0.5625, 1.0625, 0.6875, 1.3125],
                "texture": "#0"
            },
            "down": {
                "uv": [0.5625, 1.0625, 0.6875, 1.3125],
                "texture": "#0"
            }
        }
    }, {
        "from": [4.5, -2.5, 6.25],
        "to": [6.5, -1.5, 9.75],
        "rotation": {
            "angle": 0,
            "axis": "y",
            "origin": [0, -2.5, 0]
        },
        "faces": {
            "north": {
                "uv": [3.125, 1.375, 3.375, 1.5],
                "texture": "#0"
            },
            "east": {
                "uv": [2.6875, 1.375, 3.125, 1.5],
                "texture": "#0"
            },
            "south": {
                "uv": [3.125, 1.375, 3.375, 1.5],
                "texture": "#0"
            },
            "west": {
                "uv": [2.6875, 1.375, 3.125, 1.5],
                "texture": "#0"
            },
            "up": {
                "uv": [2.6875, 1.5, 2.9375, 1.9375],
                "texture": "#0"
            },
            "down": {
                "uv": [2.6875, 1.5, 2.9375, 1.9375],
                "texture": "#0"
            }
        }
    }, {
        "from": [10.1, 0.5, 7],
        "to": [10.9, 2.5, 9],
        "rotation": {
            "angle": 45,
            "axis": "x",
            "origin": [10.5, 1.5, 8]
        },
        "faces": {
            "north": {
                "uv": [0.6875, 1.0625, 0.5625, 1.3125],
                "texture": "#0"
            },
            "east": {
                "uv": [0.9375, 1.0625, 0.6875, 1.3125],
                "texture": "#0"
            },
            "south": {
                "uv": [0.6875, 1.0625, 0.5625, 1.3125],
                "texture": "#0"
            },
            "west": {
                "uv": [0.9375, 1.0625, 0.6875, 1.3125],
                "texture": "#0"
            },
            "up": {
                "uv": [0.6875, 1.0625, 0.5625, 1.3125],
                "texture": "#0"
            },
            "down": {
                "uv": [0.6875, 1.0625, 0.5625, 1.3125],
                "texture": "#0"
            }
        }
    }, {
        "from": [10, -1.5, 6.5],
        "to": [11, 1.5, 9.5],
        "rotation": {
            "angle": 0,
            "axis": "y",
            "origin": [16, -2.5, 0]
        },
        "faces": {
            "north": {
                "uv": [3.4375, 1.5, 3.3125, 1.875],
                "texture": "#0"
            },
            "east": {
                "uv": [3.3125, 1.5, 2.9375, 1.875],
                "texture": "#0"
            },
            "south": {
                "uv": [3.3125, 1.5, 3.4375, 1.875],
                "texture": "#0"
            },
            "west": {
                "uv": [3.3125, 1.5, 2.9375, 1.875],
                "texture": "#0"
            },
            "up": {
                "uv": [3.5625, 1.375, 3.4375, 1.75],
                "texture": "#0"
            },
            "down": {
                "uv": [3.5625, 1.375, 3.4375, 1.75],
                "texture": "#0"
            }
        }
    }, {
        "from": [9.5, -2.5, 6.25],
        "to": [11.5, -1.5, 9.75],
        "rotation": {
            "angle": 0,
            "axis": "y",
            "origin": [16, -2.5, 0]
        },
        "faces": {
            "north": {
                "uv": [3.375, 1.375, 3.125, 1.5],
                "texture": "#0"
            },
            "east": {
                "uv": [3.125, 1.375, 2.6875, 1.5],
                "texture": "#0"
            },
            "south": {
                "uv": [3.375, 1.375, 3.125, 1.5],
                "texture": "#0"
            },
            "west": {
                "uv": [3.125, 1.375, 2.6875, 1.5],
                "texture": "#0"
            },
            "up": {
                "uv": [2.9375, 1.5, 2.6875, 1.9375],
                "texture": "#0"
            },
            "down": {
                "uv": [2.9375, 1.5, 2.6875, 1.9375],
                "texture": "#0"
            }
        }
    }, {
        "from": [4.8, -2, 2],
        "to": [4.8, 14, 13],
        "rotation": {
            "angle": 0,
            "axis": "y",
            "origin": [0, -2, 0]
        },
        "faces": {
            "north": {
                "uv": [0, 0, 0, 16],
                "texture": "#1"
            },
            "east": {
                "uv": [11, 0, 0, 16],
                "texture": "#1"
            },
            "south": {
                "uv": [0, 0, 0, 16],
                "texture": "#1"
            },
            "west": {
                "uv": [0, 0, 11, 16],
                "texture": "#1"
            },
            "up": {
                "uv": [0, 10, 0, 0],
                "texture": "#1"
            },
            "down": {
                "uv": [0, 0, 0, 10],
                "texture": "#1"
            }
        }
    }, {
        "from": [8, 13, 6],
        "to": [8, 18, 11],
        "rotation": {
            "angle": -22.5,
            "axis": "x",
            "origin": [0, -2, 0]
        },
        "faces": {
            "north": {
                "uv": [0, 0, 0, 14],
                "texture": "#2"
            },
            "east": {
                "uv": [0, 0, 14, 14],
                "texture": "#2"
            },
            "south": {
                "uv": [0, 0, 0, 14],
                "texture": "#2"
            },
            "west": {
                "uv": [0, 0, 14, 14],
                "texture": "#2"
            },
            "up": {
                "uv": [0, 14, 0, 0],
                "texture": "#2"
            },
            "down": {
                "uv": [0, 0, 0, 14],
                "texture": "#2"
            }
        }
    }, {
        "from": [8, 6, 7],
        "to": [8, 11, 12],
        "rotation": {
            "angle": 22.5,
            "axis": "x",
            "origin": [0, -2, 16]
        },
        "faces": {
            "north": {
                "uv": [0, 0, 0, 14],
                "texture": "#2"
            },
            "east": {
                "uv": [0, 0, 14, 14],
                "texture": "#2"
            },
            "south": {
                "uv": [0, 0, 0, 14],
                "texture": "#2"
            },
            "west": {
                "uv": [14, 0, 0, 14],
                "texture": "#2"
            },
            "up": {
                "uv": [0, 0, 0, 14],
                "texture": "#2"
            },
            "down": {
                "uv": [0, 14, 0, 0],
                "texture": "#2"
            }
        }
    }, {
        "from": [9, 16, 2],
        "to": [9, 21, 6],
        "rotation": {
            "angle": 22.5,
            "axis": "x",
            "origin": [0, -2, 16]
        },
        "faces": {
            "north": {
                "uv": [0, 0, 0, 10],
                "texture": "#3"
            },
            "east": {
                "uv": [0, 0, 8, 10],
                "texture": "#3"
            },
            "south": {
                "uv": [0, 0, 0, 10],
                "texture": "#3"
            },
            "west": {
                "uv": [8, 0, 0, 10],
                "texture": "#3"
            },
            "up": {
                "uv": [0, 0, 0, 8],
                "texture": "#3"
            },
            "down": {
                "uv": [0, 8, 0, 0],
                "texture": "#3"
            }
        }
    }, {
        "from": [7, 3, 4],
        "to": [7, 8, 8],
        "rotation": {
            "angle": -22.5,
            "axis": "x",
            "origin": [0, -2, 0]
        },
        "faces": {
            "north": {
                "uv": [0, 0, 0, 10],
                "texture": "#3"
            },
            "east": {
                "uv": [8, 0, 0, 10],
                "texture": "#3"
            },
            "south": {
                "uv": [0, 0, 0, 10],
                "texture": "#3"
            },
            "west": {
                "uv": [0, 0, 8, 10],
                "texture": "#3"
            },
            "up": {
                "uv": [0, 8, 0, 0],
                "texture": "#3"
            },
            "down": {
                "uv": [0, 0, 0, 8],
                "texture": "#3"
            }
        }
    }],
    "gui_light": "front",
    "display": {
        "thirdperson_righthand": {
            "translation": [0, 8.5, 1.75],
            "scale": [0.7, 0.7, 0.7]
        },
        "thirdperson_lefthand": {
            "translation": [0, 8.5, 1.75],
            "scale": [0.7, 0.7, 0.7]
        },
        "firstperson_righthand": {
            "rotation": [20, 0, 0],
            "translation": [4.5, 4.5, 0],
            "scale": [0.36094, 0.36094, 0.36094]
        },
        "firstperson_lefthand": {
            "rotation": [20, 0, 0],
            "translation": [4.5, 4.5, 0],
            "scale": [0.36094, 0.36094, 0.36094]
        },
        "ground": {
            "rotation": [-45, 0, 0],
            "translation": [0, 11, 0],
            "scale": [0.5, 0.5, 0.5]
        },
        "gui": {
			"rotation": [-90, -45, -90],
			"translation": [0.75, 0.5, -1.5],
			"scale": [0.4, 0.4, 0.4]
		},
        "head": {
            "scale": [0, 0, 0]
        },
        "fixed": {
            "rotation": [0, 90, 0],
            "translation": [0, 12, -2.25],
            "scale": [1.5, 1.5, 1.5]
        }
    }
}