{
	"credit": "Made with Blockbench",
	"texture_size": [32, 32],
	"textures": {
		"1": "item/swords/shadow_strike_sword/shadow_strike_animation",
		"2": "item/swords/shadow_strike_sword/shadow_strike",
		"particle": "item/swords/shadow_strike_sword/shadow_strike"
	},
	"elements": [
		{
			"from": [8, -6.5, 7],
			"to": [10, -2.5, 9],
			"rotation": {"angle": 0, "axis": "y", "origin": [21, 10.5, -4]},
			"faces": {
				"north": {"uv": [9, 1.5, 8, 3.5], "texture": "#2"},
				"east": {"uv": [6, 8.5, 5, 10.5], "texture": "#2"},
				"south": {"uv": [5, 8.5, 4, 10.5], "texture": "#2"},
				"west": {"uv": [9, 3.5, 8, 5.5], "texture": "#2"},
				"up": {"uv": [10.5, 3, 11.5, 2], "texture": "#2"},
				"down": {"uv": [10.5, 3, 11.5, 4], "texture": "#2"}
			}
		},
		{
			"from": [8, -2.5, 7],
			"to": [10, 1.5, 9],
			"rotation": {"angle": 22.5, "axis": "z", "origin": [10, -2.5, 8]},
			"faces": {
				"north": {"uv": [9.5, 5.5, 8.5, 7.5], "texture": "#2"},
				"east": {"uv": [9.5, 7.5, 8.5, 9.5], "texture": "#2"},
				"south": {"uv": [8, 8.5, 7, 10.5], "texture": "#2"},
				"west": {"uv": [7, 8.5, 6, 10.5], "texture": "#2"},
				"up": {"uv": [7, 11.5, 8, 10.5], "texture": "#2"},
				"down": {"uv": [8, 10.5, 9, 11.5], "texture": "#2"}
			}
		},
		{
			"from": [7.5, 1.5, 6.5],
			"to": [10.5, 3.5, 9.5],
			"rotation": {"angle": 22.5, "axis": "z", "origin": [10, -2.5, 8]},
			"faces": {
				"north": {"uv": [10.5, 1.5, 9, 2.5], "texture": "#2"},
				"east": {"uv": [10.5, 4.5, 9, 5.5], "texture": "#2"},
				"south": {"uv": [10.5, 3.5, 9, 4.5], "texture": "#2"},
				"west": {"uv": [10.5, 2.5, 9, 3.5], "texture": "#2"},
				"up": {"uv": [7, 8.5, 8.5, 7], "texture": "#2"},
				"down": {"uv": [8, 0, 9.5, 1.5], "texture": "#2"}
			}
		},
		{
			"from": [7.75, 1, 7],
			"to": [10.75, 3, 9],
			"rotation": {"angle": 0, "axis": "y", "origin": [10, -2.5, 8]},
			"faces": {
				"north": {"uv": [11, 0, 9.5, 1], "texture": "#2"},
				"east": {"uv": [11, 10.5, 10, 11.5], "texture": "#2"},
				"south": {"uv": [11, 5.5, 9.5, 6.5], "texture": "#2"},
				"west": {"uv": [10, 10.5, 9, 11.5], "texture": "#2"},
				"up": {"uv": [9.5, 7.5, 11, 6.5], "texture": "#2"},
				"down": {"uv": [9.5, 7.5, 11, 8.5], "texture": "#2"}
			}
		},
		{
			"from": [7.75, 3, 7.5],
			"to": [9.75, 13, 8.5],
			"rotation": {"angle": 0, "axis": "y", "origin": [10, -2.5, 8]},
			"faces": {
				"north": {"uv": [5, 2, 4, 7], "texture": "#2"},
				"east": {"uv": [7.5, 2, 7, 7], "texture": "#2"},
				"south": {"uv": [7, 2, 6, 7], "texture": "#2"},
				"west": {"uv": [5.5, 2, 5, 7], "texture": "#2"},
				"up": {"uv": [0, 11.5, 1, 11], "texture": "#2"},
				"down": {"uv": [11, 0, 12, 0.5], "texture": "#2"}
			}
		},
		{
			"from": [4.75, 1, 8],
			"to": [12.75, 23, 8],
			"rotation": {"angle": 0, "axis": "y", "origin": [10, -2.5, 8]},
			"faces": {
				"north": {"uv": [0, 0, 4, 11], "texture": "#2"},
				"east": {"uv": [0, 0, 0, 11], "texture": "#2"},
				"south": {"uv": [4, 0, 0, 11], "texture": "#2"},
				"west": {"uv": [0, 0, 0, 11], "texture": "#2"},
				"up": {"uv": [0, 0, 4, 0], "texture": "#2"},
				"down": {"uv": [0, 0, 4, 0], "texture": "#2"}
			}
		},
		{
			"from": [-1.25, -2, 8.5],
			"to": [6.75, 2, 8.5],
			"rotation": {"angle": 0, "axis": "y", "origin": [10, -2.5, 8]},
			"faces": {
				"north": {"uv": [4, 0, 8, 2], "texture": "#2"},
				"east": {"uv": [0, 0, 0, 2], "texture": "#2"},
				"south": {"uv": [8, 0, 4, 2], "texture": "#2"},
				"west": {"uv": [0, 0, 0, 2], "texture": "#2"},
				"up": {"uv": [0, 0, 4, 0], "texture": "#2"},
				"down": {"uv": [0, 0, 4, 0], "texture": "#2"}
			}
		},
		{
			"from": [7.5, -8, 6.5],
			"to": [10.5, -6.5, 9.5],
			"rotation": {"angle": 0, "axis": "y", "origin": [21, 10.5, -4]},
			"faces": {
				"north": {"uv": [9.5, 9.5, 8, 10.25], "texture": "#2"},
				"east": {"uv": [12, 1, 10.5, 1.75], "texture": "#2"},
				"south": {"uv": [11, 9.5, 9.5, 10.25], "texture": "#2"},
				"west": {"uv": [11, 8.5, 9.5, 9.25], "texture": "#2"},
				"up": {"uv": [4, 8.5, 5.5, 7], "texture": "#2"},
				"down": {"uv": [5.5, 7, 7, 8.5], "texture": "#2"}
			}
		},
		{
			"from": [8, -9.5, 7],
			"to": [10, -8, 9],
			"rotation": {"angle": -22.5, "axis": "z", "origin": [10, -8, 8]},
			"faces": {
				"north": {"uv": [2, 11, 1, 11.75], "texture": "#2"},
				"east": {"uv": [12, 5, 11, 5.75], "texture": "#2"},
				"south": {"uv": [4, 11, 3, 11.75], "texture": "#2"},
				"west": {"uv": [3, 11, 2, 11.75], "texture": "#2"},
				"up": {"uv": [4, 11.5, 5, 10.5], "texture": "#2"},
				"down": {"uv": [10.5, 4, 11.5, 5], "texture": "#2"}
			}
		},
		{
			"from": [8.59903, -10.88582, 7.025],
			"to": [10.54903, -9.38582, 8.975],
			"rotation": {"angle": -45, "axis": "z", "origin": [10, -8, 8]},
			"faces": {
				"north": {"uv": [12, 6, 11, 6.75], "texture": "#2"},
				"east": {"uv": [12, 9, 11, 9.75], "texture": "#2"},
				"south": {"uv": [12, 8, 11, 8.75], "texture": "#2"},
				"west": {"uv": [12, 7, 11, 7.75], "texture": "#2"},
				"up": {"uv": [5, 11.5, 6, 10.5], "texture": "#2"},
				"down": {"uv": [6, 10.5, 7, 11.5], "texture": "#2"}
			}
		},
		{
			"from": [4, 1, 3],
			"to": [14, 3, 3],
			"rotation": {"angle": 0, "axis": "y", "origin": [0, -2, 0]},
			"faces": {
				"north": {"uv": [0, 14, 9, 16], "texture": "#1"},
				"east": {"uv": [0, 8, 9, 10], "texture": "#1"},
				"south": {"uv": [9, 14, 0, 16], "texture": "#1"},
				"west": {"uv": [0, 12, 9, 14], "texture": "#1"}
			}
		},
		{
			"from": [4, 1, 13],
			"to": [14, 3, 13],
			"rotation": {"angle": 0, "axis": "y", "origin": [0, -2, 0]},
			"faces": {
				"north": {"uv": [9, 10, 0, 12], "texture": "#1"},
				"east": {"uv": [0, 8, 9, 10], "texture": "#1"},
				"south": {"uv": [0, 10, 9, 12], "texture": "#1"},
				"west": {"uv": [0, 12, 9, 14], "texture": "#1"}
			}
		},
		{
			"from": [14, 1, 3],
			"to": [14, 3, 13],
			"rotation": {"angle": 0, "axis": "y", "origin": [0, -2, 0]},
			"faces": {
				"north": {"uv": [0, 14, 9, 16], "texture": "#1"},
				"east": {"uv": [0, 8, 9, 10], "texture": "#1"},
				"south": {"uv": [0, 10, 9, 12], "texture": "#1"},
				"west": {"uv": [9, 8, 0, 10], "texture": "#1"}
			}
		},
		{
			"from": [4, 1, 3],
			"to": [4, 3, 13],
			"rotation": {"angle": 0, "axis": "y", "origin": [0, -2, 0]},
			"faces": {
				"north": {"uv": [0, 14, 9, 16], "texture": "#1"},
				"east": {"uv": [9, 12, 0, 14], "texture": "#1"},
				"south": {"uv": [9, 14, 0, 16], "texture": "#1"},
				"west": {"uv": [0, 12, 9, 14], "texture": "#1"}
			}
		},
		{
			"from": [4, 4, 13],
			"to": [14, 6, 13],
			"rotation": {"angle": -45, "axis": "y", "origin": [9, 5, 8]},
			"faces": {
				"north": {"uv": [9, 14, 0, 16], "texture": "#1"},
				"east": {"uv": [0, 12, 9, 14], "texture": "#1"},
				"south": {"uv": [0, 14, 9, 16], "texture": "#1"},
				"west": {"uv": [0, 8, 9, 10], "texture": "#1"}
			}
		},
		{
			"from": [4, 4, 3],
			"to": [14, 6, 3],
			"rotation": {"angle": -45, "axis": "y", "origin": [9, 5, 8]},
			"faces": {
				"north": {"uv": [0, 10, 9, 12], "texture": "#1"},
				"east": {"uv": [0, 12, 9, 14], "texture": "#1"},
				"south": {"uv": [9, 10, 0, 12], "texture": "#1"},
				"west": {"uv": [0, 8, 9, 10], "texture": "#1"}
			}
		},
		{
			"from": [4, 4, 3],
			"to": [4, 6, 13],
			"rotation": {"angle": -45, "axis": "y", "origin": [9, 5, 8]},
			"faces": {
				"north": {"uv": [0, 10, 9, 12], "texture": "#1"},
				"east": {"uv": [9, 8, 0, 10], "texture": "#1"},
				"south": {"uv": [0, 14, 9, 16], "texture": "#1"},
				"west": {"uv": [0, 8, 9, 10], "texture": "#1"}
			}
		},
		{
			"from": [14, 4, 3],
			"to": [14, 6, 13],
			"rotation": {"angle": -45, "axis": "y", "origin": [9, 5, 8]},
			"faces": {
				"north": {"uv": [9, 14, 0, 16], "texture": "#1"},
				"east": {"uv": [0, 12, 9, 14], "texture": "#1"},
				"south": {"uv": [0, 14, 9, 16], "texture": "#1"},
				"west": {"uv": [9, 12, 0, 14], "texture": "#1"}
			}
		}
	],
	"display": {
		"thirdperson_righthand": {
			"rotation": [0, 90, 0],
			"translation": [0, 5.75, 1.5],
			"scale": [0.7, 0.7, 0.7]
		},
		"thirdperson_lefthand": {
			"rotation": [0, -90, 0],
			"translation": [0, 5.75, 1.5],
			"scale": [0.7, 0.7, 0.7]
		},
		"firstperson_righthand": {
			"rotation": [0, 90, 20],
			"translation": [1.25, 3, 0],
			"scale": [0.6, 0.6, 0.6]
		},
		"firstperson_lefthand": {
			"rotation": [0, -90, -20],
			"translation": [1.25, 3, 0],
			"scale": [0.6, 0.6, 0.6]
		},
		"ground": {
			"translation": [0, 5.5, 0],
			"scale": [0.5, 0.5, 0.5]
		},
		"gui": {
			"rotation": [0, 0, -45],
			"translation": [0.75, 0.5, -0.25],
			"scale": [0.6, 0.6, 0.6]
		},
		"head": {
			"translation": [0, 26.75, 0]
		},
		"fixed": {
			"rotation": [0, 0, -45],
			"translation": [0.75, 0.5, -0.25],
			"scale": [0.6, 0.6, 0.6]
		}
	},
	"groups": [
		{
			"name": "group",
			"origin": [8, 4, 8],
			"color": 0,
			"children": []
		},
		0,
		1,
		2,
		3,
		4,
		5,
		6,
		7,
		8,
		9,
		{
			"name": "group",
			"origin": [0, 0, 0],
			"color": 0,
			"children": [10, 11, 12, 13]
		},
		{
			"name": "group",
			"origin": [0, 0, 0],
			"color": 0,
			"children": [14, 15, 16, 17]
		}
	]
}