{
	"credit": "Made with Blockbench",
	"textures": {
		"0": "item/swords/sickle",
		"particle": "item/swords/sickle"
	},
	"elements": [
		{
			"name": "sickle_0",
			"from": [4.60375, 17.295, 7.46375],
			"to": [10.32375, 18.01, 8.53625],
			"rotation": {"angle": 0, "axis": "y", "origin": [8, 7.285, 8]},
			"faces": {
				"north": {"uv": [10.5, 1, 6.5, 1.5], "texture": "#0"},
				"east": {"uv": [10, 1, 10.5, 1.5], "texture": "#0"},
				"south": {"uv": [6.5, 1, 10.5, 1.5], "texture": "#0"},
				"west": {"uv": [6.5, 1, 7, 1.5], "texture": "#0"},
				"up": {"uv": [6.5, 1, 10.5, 1.5], "texture": "#0"},
				"down": {"uv": [6.5, 1, 10.5, 1.5], "texture": "#0"}
			}
		},
		{
			"name": "sickle_1",
			"from": [3.88875, 16.58, 7.46375],
			"to": [11.75375, 17.295, 8.53625],
			"rotation": {"angle": 0, "axis": "y", "origin": [8, 7.285, 8]},
			"faces": {
				"north": {"uv": [11.5, 1.5, 6, 2], "texture": "#0"},
				"east": {"uv": [11, 1.5, 11.5, 2], "texture": "#0"},
				"south": {"uv": [6, 1.5, 11.5, 2], "texture": "#0"},
				"west": {"uv": [6, 1.5, 6.5, 2], "texture": "#0"},
				"up": {"uv": [6, 1.5, 11.5, 2], "texture": "#0"},
				"down": {"uv": [6, 1.5, 11.5, 2], "texture": "#0"}
			}
		},
		{
			"name": "sickle_2",
			"from": [3.17375, 15.865, 7.46375],
			"to": [6.03375, 16.58, 8.53625],
			"rotation": {"angle": 0, "axis": "y", "origin": [8, 7.285, 8]},
			"faces": {
				"north": {"uv": [7.5, 2, 5.5, 2.5], "texture": "#0"},
				"east": {"uv": [7, 2, 7.5, 2.5], "texture": "#0"},
				"south": {"uv": [5.5, 2, 7.5, 2.5], "texture": "#0"},
				"west": {"uv": [5.5, 2, 6, 2.5], "texture": "#0"},
				"up": {"uv": [5.5, 2, 7.5, 2.5], "texture": "#0"},
				"down": {"uv": [5.5, 2, 7.5, 2.5], "texture": "#0"}
			}
		},
		{
			"name": "sickle_3",
			"from": [8.89375, 15.865, 7.571],
			"to": [12.46875, 16.58, 8.429],
			"rotation": {"angle": 0, "axis": "y", "origin": [8, 7.285, 8]},
			"faces": {
				"north": {"uv": [12, 2, 9.5, 2.5], "texture": "#0"},
				"east": {"uv": [11.5, 2, 12, 2.5], "texture": "#0"},
				"south": {"uv": [9.5, 2, 12, 2.5], "texture": "#0"},
				"west": {"uv": [9.5, 2, 10, 2.5], "texture": "#0"},
				"up": {"uv": [9.5, 2, 12, 2.5], "texture": "#0"},
				"down": {"uv": [9.5, 2, 12, 2.5], "texture": "#0"}
			}
		},
		{
			"name": "sickle_4",
			"from": [2.45875, 15.15, 7.46375],
			"to": [4.60375, 15.865, 8.53625],
			"rotation": {"angle": 0, "axis": "y", "origin": [8, 7.285, 8]},
			"faces": {
				"north": {"uv": [6.5, 2.5, 5, 3], "texture": "#0"},
				"east": {"uv": [6, 2.5, 6.5, 3], "texture": "#0"},
				"south": {"uv": [5, 2.5, 6.5, 3], "texture": "#0"},
				"west": {"uv": [5, 2.5, 5.5, 3], "texture": "#0"},
				"up": {"uv": [5, 2.5, 6.5, 3], "texture": "#0"},
				"down": {"uv": [5, 2.5, 6.5, 3], "texture": "#0"}
			}
		},
		{
			"name": "sickle_5",
			"from": [11.03875, 15.15, 7.571],
			"to": [13.18375, 15.865, 8.429],
			"rotation": {"angle": 0, "axis": "y", "origin": [8, 7.285, 8]},
			"faces": {
				"north": {"uv": [12.5, 2.5, 11, 3], "texture": "#0"},
				"east": {"uv": [12, 2.5, 12.5, 3], "texture": "#0"},
				"south": {"uv": [11, 2.5, 12.5, 3], "texture": "#0"},
				"west": {"uv": [11, 2.5, 11.5, 3], "texture": "#0"},
				"up": {"uv": [11, 2.5, 12.5, 3], "texture": "#0"},
				"down": {"uv": [11, 2.5, 12.5, 3], "texture": "#0"}
			}
		},
		{
			"name": "sickle_6",
			"from": [2.45875, 14.435, 7.285],
			"to": [4.60375, 15.15, 8.715],
			"rotation": {"angle": 0, "axis": "y", "origin": [8, 7.285, 8]},
			"faces": {
				"north": {"uv": [6.5, 3, 5, 3.5], "texture": "#0"},
				"east": {"uv": [6, 3, 6.5, 3.5], "texture": "#0"},
				"south": {"uv": [5, 3, 6.5, 3.5], "texture": "#0"},
				"west": {"uv": [5, 3, 5.5, 3.5], "texture": "#0"},
				"up": {"uv": [5, 3, 6.5, 3.5], "texture": "#0"},
				"down": {"uv": [5, 3, 6.5, 3.5], "texture": "#0"}
			}
		},
		{
			"name": "sickle_7",
			"from": [11.75375, 14.435, 7.571],
			"to": [13.89875, 15.15, 8.429],
			"rotation": {"angle": 0, "axis": "y", "origin": [8, 7.285, 8]},
			"faces": {
				"north": {"uv": [13, 3, 11.5, 3.5], "texture": "#0"},
				"east": {"uv": [12.5, 3, 13, 3.5], "texture": "#0"},
				"south": {"uv": [11.5, 3, 13, 3.5], "texture": "#0"},
				"west": {"uv": [11.5, 3, 12, 3.5], "texture": "#0"},
				"up": {"uv": [11.5, 3, 13, 3.5], "texture": "#0"},
				"down": {"uv": [11.5, 3, 13, 3.5], "texture": "#0"}
			}
		},
		{
			"name": "sickle_8",
			"from": [1.74375, 13.72, 7.285],
			"to": [3.88875, 14.435, 8.715],
			"rotation": {"angle": 0, "axis": "y", "origin": [8, 7.285, 8]},
			"faces": {
				"north": {"uv": [6, 3.5, 4.5, 4], "texture": "#0"},
				"east": {"uv": [5.5, 3.5, 6, 4], "texture": "#0"},
				"south": {"uv": [4.5, 3.5, 6, 4], "texture": "#0"},
				"west": {"uv": [4.5, 3.5, 5, 4], "texture": "#0"},
				"up": {"uv": [4.5, 3.5, 6, 4], "texture": "#0"},
				"down": {"uv": [4.5, 3.5, 6, 4], "texture": "#0"}
			}
		},
		{
			"name": "sickle_9",
			"from": [12.46875, 13.72, 7.6425],
			"to": [13.89875, 14.435, 8.3575],
			"rotation": {"angle": 0, "axis": "y", "origin": [8, 7.285, 8]},
			"faces": {
				"north": {"uv": [13, 3.5, 12, 4], "texture": "#0"},
				"east": {"uv": [12.5, 3.5, 13, 4], "texture": "#0"},
				"south": {"uv": [12, 3.5, 13, 4], "texture": "#0"},
				"west": {"uv": [12, 3.5, 12.5, 4], "texture": "#0"},
				"up": {"uv": [12, 3.5, 13, 4], "texture": "#0"},
				"down": {"uv": [12, 3.5, 13, 4], "texture": "#0"}
			}
		},
		{
			"name": "sickle_10",
			"from": [1.74375, 13.005, 7.285],
			"to": [3.88875, 13.72, 8.715],
			"rotation": {"angle": 0, "axis": "y", "origin": [8, 7.285, 8]},
			"faces": {
				"north": {"uv": [6, 4, 4.5, 4.5], "texture": "#0"},
				"east": {"uv": [5.5, 4, 6, 4.5], "texture": "#0"},
				"south": {"uv": [4.5, 4, 6, 4.5], "texture": "#0"},
				"west": {"uv": [4.5, 4, 5, 4.5], "texture": "#0"},
				"up": {"uv": [4.5, 4, 6, 4.5], "texture": "#0"},
				"down": {"uv": [4.5, 4, 6, 4.5], "texture": "#0"}
			}
		},
		{
			"name": "sickle_11",
			"from": [13.18375, 13.005, 7.6425],
			"to": [13.89875, 13.72, 8.3575],
			"rotation": {"angle": 0, "axis": "y", "origin": [8, 7.285, 8]},
			"faces": {
				"north": {"uv": [13, 4, 12.5, 4.5], "texture": "#0"},
				"east": {"uv": [12.5, 4, 13, 4.5], "texture": "#0"},
				"south": {"uv": [12.5, 4, 13, 4.5], "texture": "#0"},
				"west": {"uv": [12.5, 4, 13, 4.5], "texture": "#0"},
				"up": {"uv": [12.5, 4, 13, 4.5], "texture": "#0"},
				"down": {"uv": [12.5, 4, 13, 4.5], "texture": "#0"}
			}
		},
		{
			"name": "sickle_12",
			"from": [1.74375, 12.29, 7.285],
			"to": [3.17375, 13.005, 8.715],
			"rotation": {"angle": 0, "axis": "y", "origin": [8, 7.285, 8]},
			"faces": {
				"north": {"uv": [5.5, 4.5, 4.5, 5], "texture": "#0"},
				"east": {"uv": [5, 4.5, 5.5, 5], "texture": "#0"},
				"south": {"uv": [4.5, 4.5, 5.5, 5], "texture": "#0"},
				"west": {"uv": [4.5, 4.5, 5, 5], "texture": "#0"},
				"up": {"uv": [4.5, 4.5, 5.5, 5], "texture": "#0"},
				"down": {"uv": [4.5, 4.5, 5.5, 5], "texture": "#0"}
			}
		},
		{
			"name": "sickle_13",
			"from": [13.18375, 12.29, 7.6425],
			"to": [13.89875, 13.005, 8.3575],
			"rotation": {"angle": 0, "axis": "y", "origin": [8, 7.285, 8]},
			"faces": {
				"north": {"uv": [13, 4.5, 12.5, 5], "texture": "#0"},
				"east": {"uv": [12.5, 4.5, 13, 5], "texture": "#0"},
				"south": {"uv": [12.5, 4.5, 13, 5], "texture": "#0"},
				"west": {"uv": [12.5, 4.5, 13, 5], "texture": "#0"},
				"up": {"uv": [12.5, 4.5, 13, 5], "texture": "#0"},
				"down": {"uv": [12.5, 4.5, 13, 5], "texture": "#0"}
			}
		},
		{
			"name": "sickle_14",
			"from": [1.74375, 11.575, 7.285],
			"to": [3.17375, 12.29, 8.715],
			"rotation": {"angle": 0, "axis": "y", "origin": [8, 7.285, 8]},
			"faces": {
				"north": {"uv": [5.5, 5, 4.5, 5.5], "texture": "#0"},
				"east": {"uv": [5, 5, 5.5, 5.5], "texture": "#0"},
				"south": {"uv": [4.5, 5, 5.5, 5.5], "texture": "#0"},
				"west": {"uv": [4.5, 5, 5, 5.5], "texture": "#0"},
				"up": {"uv": [4.5, 5, 5.5, 5.5], "texture": "#0"},
				"down": {"uv": [4.5, 5, 5.5, 5.5], "texture": "#0"}
			}
		},
		{
			"name": "sickle_15",
			"from": [1.74375, 10.86, 7.285],
			"to": [3.17375, 11.575, 8.715],
			"rotation": {"angle": 0, "axis": "y", "origin": [8, 7.285, 8]},
			"faces": {
				"north": {"uv": [5.5, 5.5, 4.5, 6], "texture": "#0"},
				"east": {"uv": [5, 5.5, 5.5, 6], "texture": "#0"},
				"south": {"uv": [4.5, 5.5, 5.5, 6], "texture": "#0"},
				"west": {"uv": [4.5, 5.5, 5, 6], "texture": "#0"},
				"up": {"uv": [4.5, 5.5, 5.5, 6], "texture": "#0"},
				"down": {"uv": [4.5, 5.5, 5.5, 6], "texture": "#0"}
			}
		},
		{
			"name": "sickle_16",
			"from": [1.74375, 10.145, 7.285],
			"to": [3.88875, 10.86, 8.715],
			"rotation": {"angle": 0, "axis": "y", "origin": [8, 7.285, 8]},
			"faces": {
				"north": {"uv": [6, 6, 4.5, 6.5], "texture": "#0"},
				"east": {"uv": [5.5, 6, 6, 6.5], "texture": "#0"},
				"south": {"uv": [4.5, 6, 6, 6.5], "texture": "#0"},
				"west": {"uv": [4.5, 6, 5, 6.5], "texture": "#0"},
				"up": {"uv": [4.5, 6, 6, 6.5], "texture": "#0"},
				"down": {"uv": [4.5, 6, 6, 6.5], "texture": "#0"}
			}
		},
		{
			"name": "sickle_17",
			"from": [1.74375, 9.43, 7.285],
			"to": [3.88875, 10.145, 8.715],
			"rotation": {"angle": 0, "axis": "y", "origin": [8, 7.285, 8]},
			"faces": {
				"north": {"uv": [6, 6.5, 4.5, 7], "texture": "#0"},
				"east": {"uv": [5.5, 6.5, 6, 7], "texture": "#0"},
				"south": {"uv": [4.5, 6.5, 6, 7], "texture": "#0"},
				"west": {"uv": [4.5, 6.5, 5, 7], "texture": "#0"},
				"up": {"uv": [4.5, 6.5, 6, 7], "texture": "#0"},
				"down": {"uv": [4.5, 6.5, 6, 7], "texture": "#0"}
			}
		},
		{
			"name": "sickle_18",
			"from": [2.45875, 8.715, 7.285],
			"to": [4.60375, 9.43, 8.715],
			"rotation": {"angle": 0, "axis": "y", "origin": [8, 7.285, 8]},
			"faces": {
				"north": {"uv": [6.5, 7, 5, 7.5], "texture": "#0"},
				"east": {"uv": [6, 7, 6.5, 7.5], "texture": "#0"},
				"south": {"uv": [5, 7, 6.5, 7.5], "texture": "#0"},
				"west": {"uv": [5, 7, 5.5, 7.5], "texture": "#0"},
				"up": {"uv": [5, 7, 6.5, 7.5], "texture": "#0"},
				"down": {"uv": [5, 7, 6.5, 7.5], "texture": "#0"}
			}
		},
		{
			"name": "sickle_19",
			"from": [2.45875, 8, 7.46375],
			"to": [5.31875, 8.715, 8.53625],
			"rotation": {"angle": 0, "axis": "y", "origin": [8, 7.285, 8]},
			"faces": {
				"north": {"uv": [7, 7.5, 5, 8], "texture": "#0"},
				"east": {"uv": [6.5, 7.5, 7, 8], "texture": "#0"},
				"south": {"uv": [5, 7.5, 7, 8], "texture": "#0"},
				"west": {"uv": [5, 7.5, 5.5, 8], "texture": "#0"},
				"up": {"uv": [5, 7.5, 7, 8], "texture": "#0"},
				"down": {"uv": [5, 7.5, 7, 8], "texture": "#0"}
			}
		},
		{
			"name": "sickle_20",
			"from": [3.17375, 7.285, 7.46375],
			"to": [6.03375, 8, 8.53625],
			"rotation": {"angle": 0, "axis": "y", "origin": [8, 7.285, 8]},
			"faces": {
				"north": {"uv": [7.5, 8, 5.5, 8.5], "texture": "#0"},
				"east": {"uv": [7, 8, 7.5, 8.5], "texture": "#0"},
				"south": {"uv": [5.5, 8, 7.5, 8.5], "texture": "#0"},
				"west": {"uv": [5.5, 8, 6, 8.5], "texture": "#0"},
				"up": {"uv": [5.5, 8, 7.5, 8.5], "texture": "#0"},
				"down": {"uv": [5.5, 8, 7.5, 8.5], "texture": "#0"}
			}
		},
		{
			"name": "sickle_21",
			"from": [3.88875, 6.57, 7.46375],
			"to": [6.74875, 7.285, 8.53625],
			"rotation": {"angle": 0, "axis": "y", "origin": [8, 7.285, 8]},
			"faces": {
				"north": {"uv": [8, 8.5, 6, 9], "texture": "#0"},
				"east": {"uv": [7.5, 8.5, 8, 9], "texture": "#0"},
				"south": {"uv": [6, 8.5, 8, 9], "texture": "#0"},
				"west": {"uv": [6, 8.5, 6.5, 9], "texture": "#0"},
				"up": {"uv": [6, 8.5, 8, 9], "texture": "#0"},
				"down": {"uv": [6, 8.5, 8, 9], "texture": "#0"}
			}
		},
		{
			"name": "sickle_22",
			"from": [4.60375, 5.855, 7.46375],
			"to": [6.74875, 6.57, 8.53625],
			"rotation": {"angle": 0, "axis": "y", "origin": [8, 7.285, 8]},
			"faces": {
				"north": {"uv": [8, 9, 6.5, 9.5], "texture": "#0"},
				"east": {"uv": [7.5, 9, 8, 9.5], "texture": "#0"},
				"south": {"uv": [6.5, 9, 8, 9.5], "texture": "#0"},
				"west": {"uv": [6.5, 9, 7, 9.5], "texture": "#0"},
				"up": {"uv": [6.5, 9, 8, 9.5], "texture": "#0"},
				"down": {"uv": [6.5, 9, 8, 9.5], "texture": "#0"}
			}
		},
		{
			"name": "sickle_23",
			"from": [5.31875, 5.14, 7.46375],
			"to": [7.46375, 5.855, 8.53625],
			"rotation": {"angle": 0, "axis": "y", "origin": [8, 7.285, 8]},
			"faces": {
				"north": {"uv": [8.5, 9.5, 7, 10], "texture": "#0"},
				"east": {"uv": [8, 9.5, 8.5, 10], "texture": "#0"},
				"south": {"uv": [7, 9.5, 8.5, 10], "texture": "#0"},
				"west": {"uv": [7, 9.5, 7.5, 10], "texture": "#0"},
				"up": {"uv": [7, 9.5, 8.5, 10], "texture": "#0"},
				"down": {"uv": [7, 9.5, 8.5, 10], "texture": "#0"}
			}
		},
		{
			"name": "sickle_24",
			"from": [6.03375, 4.425, 7.46375],
			"to": [8.17875, 5.14, 8.53625],
			"rotation": {"angle": 0, "axis": "y", "origin": [8, 7.285, 8]},
			"faces": {
				"north": {"uv": [9, 10, 7.5, 10.5], "texture": "#0"},
				"east": {"uv": [8.5, 10, 9, 10.5], "texture": "#0"},
				"south": {"uv": [7.5, 10, 9, 10.5], "texture": "#0"},
				"west": {"uv": [7.5, 10, 8, 10.5], "texture": "#0"},
				"up": {"uv": [7.5, 10, 9, 10.5], "texture": "#0"},
				"down": {"uv": [7.5, 10, 9, 10.5], "texture": "#0"}
			}
		},
		{
			"name": "sickle_25",
			"from": [6.03375, 3.71, 7.46375],
			"to": [8.89375, 4.425, 8.53625],
			"rotation": {"angle": 0, "axis": "y", "origin": [8, 7.285, 8]},
			"faces": {
				"north": {"uv": [9.5, 10.5, 7.5, 11], "texture": "#0"},
				"east": {"uv": [9, 10.5, 9.5, 11], "texture": "#0"},
				"south": {"uv": [7.5, 10.5, 9.5, 11], "texture": "#0"},
				"west": {"uv": [7.5, 10.5, 8, 11], "texture": "#0"},
				"up": {"uv": [7.5, 10.5, 9.5, 11], "texture": "#0"},
				"down": {"uv": [7.5, 10.5, 9.5, 11], "texture": "#0"}
			}
		},
		{
			"name": "sickle_26",
			"from": [6.74875, 2.995, 7.46375],
			"to": [8.89375, 3.71, 8.53625],
			"rotation": {"angle": 0, "axis": "y", "origin": [8, 7.285, 8]},
			"faces": {
				"north": {"uv": [9.5, 11, 8, 11.5], "texture": "#0"},
				"east": {"uv": [9, 11, 9.5, 11.5], "texture": "#0"},
				"south": {"uv": [8, 11, 9.5, 11.5], "texture": "#0"},
				"west": {"uv": [8, 11, 8.5, 11.5], "texture": "#0"},
				"up": {"uv": [8, 11, 9.5, 11.5], "texture": "#0"},
				"down": {"uv": [8, 11, 9.5, 11.5], "texture": "#0"}
			}
		},
		{
			"name": "sickle_27",
			"from": [6.03375, 2.28, 7.03475],
			"to": [9.60875, 2.995, 8.96525],
			"rotation": {"angle": 0, "axis": "y", "origin": [8, 7.285, 8]},
			"faces": {
				"north": {"uv": [10, 11.5, 7.5, 12], "texture": "#0"},
				"east": {"uv": [9.5, 11.5, 10, 12], "texture": "#0"},
				"south": {"uv": [7.5, 11.5, 10, 12], "texture": "#0"},
				"west": {"uv": [7.5, 11.5, 8, 12], "texture": "#0"},
				"up": {"uv": [7.5, 11.5, 10, 12], "texture": "#0"},
				"down": {"uv": [7.5, 11.5, 10, 12], "texture": "#0"}
			}
		},
		{
			"name": "sickle_28",
			"from": [6.03375, 1.565, 7.03475],
			"to": [9.60875, 2.28, 8.96525],
			"rotation": {"angle": 0, "axis": "y", "origin": [8, 7.285, 8]},
			"faces": {
				"north": {"uv": [10, 12, 7.5, 12.5], "texture": "#0"},
				"east": {"uv": [9.5, 12, 10, 12.5], "texture": "#0"},
				"south": {"uv": [7.5, 12, 10, 12.5], "texture": "#0"},
				"west": {"uv": [7.5, 12, 8, 12.5], "texture": "#0"},
				"up": {"uv": [7.5, 12, 10, 12.5], "texture": "#0"},
				"down": {"uv": [7.5, 12, 10, 12.5], "texture": "#0"}
			}
		},
		{
			"name": "sickle_29",
			"from": [6.74875, 0.85, 7.46375],
			"to": [8.89375, 1.565, 8.53625],
			"rotation": {"angle": 0, "axis": "y", "origin": [8, 7.285, 8]},
			"faces": {
				"north": {"uv": [9.5, 12.5, 8, 13], "texture": "#0"},
				"east": {"uv": [9, 12.5, 9.5, 13], "texture": "#0"},
				"south": {"uv": [8, 12.5, 9.5, 13], "texture": "#0"},
				"west": {"uv": [8, 12.5, 8.5, 13], "texture": "#0"},
				"up": {"uv": [8, 12.5, 9.5, 13], "texture": "#0"},
				"down": {"uv": [8, 12.5, 9.5, 13], "texture": "#0"}
			}
		},
		{
			"name": "sickle_30",
			"from": [6.74875, 0.135, 7.46375],
			"to": [8.89375, 0.85, 8.53625],
			"rotation": {"angle": 0, "axis": "y", "origin": [8, 7.285, 8]},
			"faces": {
				"north": {"uv": [9.5, 13, 8, 13.5], "texture": "#0"},
				"east": {"uv": [9, 13, 9.5, 13.5], "texture": "#0"},
				"south": {"uv": [8, 13, 9.5, 13.5], "texture": "#0"},
				"west": {"uv": [8, 13, 8.5, 13.5], "texture": "#0"},
				"up": {"uv": [8, 13, 9.5, 13.5], "texture": "#0"},
				"down": {"uv": [8, 13, 9.5, 13.5], "texture": "#0"}
			}
		},
		{
			"name": "sickle_31",
			"from": [6.74875, -0.58, 7.46375],
			"to": [8.89375, 0.135, 8.53625],
			"rotation": {"angle": 0, "axis": "y", "origin": [8, 7.285, 8]},
			"faces": {
				"north": {"uv": [9.5, 13.5, 8, 14], "texture": "#0"},
				"east": {"uv": [9, 13.5, 9.5, 14], "texture": "#0"},
				"south": {"uv": [8, 13.5, 9.5, 14], "texture": "#0"},
				"west": {"uv": [8, 13.5, 8.5, 14], "texture": "#0"},
				"up": {"uv": [8, 13.5, 9.5, 14], "texture": "#0"},
				"down": {"uv": [8, 13.5, 9.5, 14], "texture": "#0"}
			}
		},
		{
			"name": "sickle_32",
			"from": [6.74875, -1.295, 7.46375],
			"to": [8.89375, -0.58, 8.53625],
			"rotation": {"angle": 0, "axis": "y", "origin": [8, 7.285, 8]},
			"faces": {
				"north": {"uv": [9.5, 14, 8, 14.5], "texture": "#0"},
				"east": {"uv": [9, 14, 9.5, 14.5], "texture": "#0"},
				"south": {"uv": [8, 14, 9.5, 14.5], "texture": "#0"},
				"west": {"uv": [8, 14, 8.5, 14.5], "texture": "#0"},
				"up": {"uv": [8, 14, 9.5, 14.5], "texture": "#0"},
				"down": {"uv": [8, 14, 9.5, 14.5], "texture": "#0"}
			}
		},
		{
			"name": "sickle_33",
			"from": [6.74875, -2.01, 7.46375],
			"to": [8.89375, -1.295, 8.53625],
			"rotation": {"angle": 0, "axis": "y", "origin": [8, 7.285, 8]},
			"faces": {
				"north": {"uv": [9.5, 14.5, 8, 15], "texture": "#0"},
				"east": {"uv": [9, 14.5, 9.5, 15], "texture": "#0"},
				"south": {"uv": [8, 14.5, 9.5, 15], "texture": "#0"},
				"west": {"uv": [8, 14.5, 8.5, 15], "texture": "#0"},
				"up": {"uv": [8, 14.5, 9.5, 15], "texture": "#0"},
				"down": {"uv": [8, 14.5, 9.5, 15], "texture": "#0"}
			}
		},
		{
			"name": "sickle_34",
			"from": [6.74875, -2.725, 7.46375],
			"to": [8.89375, -2.01, 8.53625],
			"rotation": {"angle": 0, "axis": "y", "origin": [8, 7.285, 8]},
			"faces": {
				"north": {"uv": [9.5, 15, 8, 15.5], "texture": "#0"},
				"east": {"uv": [9, 15, 9.5, 15.5], "texture": "#0"},
				"south": {"uv": [8, 15, 9.5, 15.5], "texture": "#0"},
				"west": {"uv": [8, 15, 8.5, 15.5], "texture": "#0"},
				"up": {"uv": [8, 15, 9.5, 15.5], "texture": "#0"},
				"down": {"uv": [8, 15, 9.5, 15.5], "texture": "#0"}
			}
		},
		{
			"name": "sickle_35",
			"from": [6.74875, -3.44, 7.46375],
			"to": [8.89375, -2.725, 8.53625],
			"rotation": {"angle": 0, "axis": "y", "origin": [8, 7.285, 8]},
			"faces": {
				"north": {"uv": [9.5, 15.5, 8, 16], "texture": "#0"},
				"east": {"uv": [9, 15.5, 9.5, 16], "texture": "#0"},
				"south": {"uv": [8, 15.5, 9.5, 16], "texture": "#0"},
				"west": {"uv": [8, 15.5, 8.5, 16], "texture": "#0"},
				"up": {"uv": [8, 15.5, 9.5, 16], "texture": "#0"},
				"down": {"uv": [8, 15.5, 9.5, 16], "texture": "#0"}
			}
		}
	],
	"display": {
		"thirdperson_righthand": {
			"rotation": [0, 90, 0],
			"translation": [0, 4.75, 1.75],
			"scale": [0.7, 0.7, 0.7]
		},
		"thirdperson_lefthand": {
			"rotation": [0, -90, 0],
			"translation": [0, 4.75, 1.75],
			"scale": [0.7, 0.7, 0.7]
		},
		"firstperson_righthand": {
			"rotation": [20, 90, 0],
			"translation": [0.25, 2.75, 0],
			"scale": [0.6, 0.6, 0.6]
		},
		"firstperson_lefthand": {
			"rotation": [20, -90, 0],
			"translation": [0.25, 2.75, 0],
			"scale": [0.6, 0.6, 0.6]
		},
		"ground": {
			"translation": [0, 5.5, 0],
			"scale": [0.6, 0.6, 0.6]
		},
		"gui": {
			"rotation": [0, 0, -45],
			"translation": [0, -0.25, 0],
			"scale": [0.8, 0.8, 0.8]
		},
		"fixed": {
			"rotation": [0, 180, -45]
		}
	},
	"groups": [
		{
			"name": "sickle",
			"origin": [8, 8, 8],
			"color": 0,
			"children": [0, 1, 2, 3, 4, 5, 6, 7, 8, 9, 10, 11, 12, 13, 14, 15, 16, 17, 18, 19, 20, 21, 22, 23, 24, 25, 26, 27, 28, 29, 30, 31, 32, 33, 34, 35]
		}
	]
}