{
	"credit": "Made with Blockbench",
	"texture_size": [32, 32],
	"textures": {
		"1": "item/swords/sky_talon_sword/sky_talon_animation",
		"2": "item/swords/sky_talon_sword/sky_talon",
		"particle": "item/swords/sky_talon_sword/sky_talon"
	},
	"elements": [
		{
			"from": [5.5, 3, 6.5],
			"to": [10.5, 5, 9.5],
			"rotation": {"angle": 0, "axis": "y", "origin": [-4, 9.5, -4]},
			"faces": {
				"north": {"uv": [5.5, 1.5, 8, 2.5], "texture": "#2"},
				"east": {"uv": [5.5, 3.5, 7, 4.5], "texture": "#2"},
				"south": {"uv": [5.5, 2.5, 8, 3.5], "texture": "#2"},
				"west": {"uv": [7, 5, 8.5, 6], "texture": "#2"},
				"up": {"uv": [7, 6, 4.5, 4.5], "texture": "#2"},
				"down": {"uv": [8, 0, 5.5, 1.5], "texture": "#2"}
			}
		},
		{
			"from": [7, 1, 6.5],
			"to": [9, 3, 9.5],
			"rotation": {"angle": 0, "axis": "y", "origin": [-4, 9.5, -4]},
			"faces": {
				"north": {"uv": [7.5, 9.5, 8.5, 10.5], "texture": "#2"},
				"east": {"uv": [5.5, 7.5, 7, 8.5], "texture": "#2"},
				"south": {"uv": [10, 0, 11, 1], "texture": "#2"},
				"west": {"uv": [8, 2, 9.5, 3], "texture": "#2"},
				"up": {"uv": [8, 9.5, 7, 8], "texture": "#2"},
				"down": {"uv": [9, 8, 8, 9.5], "texture": "#2"}
			}
		},
		{
			"from": [7, -8, 7],
			"to": [9, 1, 9],
			"rotation": {"angle": 0, "axis": "y", "origin": [-4, 9.5, -4]},
			"faces": {
				"north": {"uv": [1.5, 4, 2.5, 8.5], "texture": "#2"},
				"east": {"uv": [2.5, 4, 3.5, 8.5], "texture": "#2"},
				"south": {"uv": [3.5, 4, 4.5, 8.5], "texture": "#2"},
				"west": {"uv": [4.5, 0, 5.5, 4.5], "texture": "#2"},
				"up": {"uv": [4.5, 9.5, 3.5, 8.5], "texture": "#2"},
				"down": {"uv": [10, 6, 9, 7], "texture": "#2"}
			}
		},
		{
			"from": [6.75, -10, 6.75],
			"to": [9.25, -8, 9.25],
			"rotation": {"angle": 0, "axis": "y", "origin": [-4, 7.5, -4]},
			"faces": {
				"north": {"uv": [8.5, 3, 9.75, 4], "texture": "#2"},
				"east": {"uv": [8.5, 4, 9.75, 5], "texture": "#2"},
				"south": {"uv": [8.5, 5, 9.75, 6], "texture": "#2"},
				"west": {"uv": [5.5, 8.5, 6.75, 9.5], "texture": "#2"},
				"up": {"uv": [6.75, 7.25, 5.5, 6], "texture": "#2"},
				"down": {"uv": [8.25, 3.5, 7, 4.75], "texture": "#2"}
			}
		},
		{
			"from": [8.5, 1, 7],
			"to": [10.5, 3, 9],
			"rotation": {"angle": -45, "axis": "z", "origin": [10.5, 3, 8]},
			"faces": {
				"north": {"uv": [9, 9, 10, 10], "texture": "#2"},
				"east": {"uv": [0, 9.5, 1, 10.5], "texture": "#2"},
				"south": {"uv": [9.5, 2, 10.5, 3], "texture": "#2"},
				"west": {"uv": [3.5, 9.5, 4.5, 10.5], "texture": "#2"},
				"up": {"uv": [6.5, 10.5, 5.5, 9.5], "texture": "#2"},
				"down": {"uv": [7.5, 9.5, 6.5, 10.5], "texture": "#2"}
			}
		},
		{
			"from": [5.5, 1, 7],
			"to": [7.5, 3, 9],
			"rotation": {"angle": 45, "axis": "z", "origin": [5.5, 3, 8]},
			"faces": {
				"north": {"uv": [10, 9, 9, 10], "texture": "#2"},
				"east": {"uv": [4.5, 9.5, 3.5, 10.5], "texture": "#2"},
				"south": {"uv": [10.5, 2, 9.5, 3], "texture": "#2"},
				"west": {"uv": [1, 9.5, 0, 10.5], "texture": "#2"},
				"up": {"uv": [5.5, 10.5, 6.5, 9.5], "texture": "#2"},
				"down": {"uv": [6.5, 9.5, 7.5, 10.5], "texture": "#2"}
			}
		},
		{
			"from": [6.5, 5, 7.5],
			"to": [9.5, 13, 8.5],
			"rotation": {"angle": 0, "axis": "y", "origin": [-4, 9.5, -4]},
			"faces": {
				"north": {"uv": [1.5, 0, 3, 4], "texture": "#2"},
				"east": {"uv": [4.5, 6, 5, 10], "texture": "#2"},
				"south": {"uv": [3, 0, 1.5, 4], "texture": "#2"},
				"west": {"uv": [5, 6, 5.5, 10], "texture": "#2"},
				"up": {"uv": [11.5, 5, 10, 4.5], "texture": "#2"},
				"down": {"uv": [11.5, 5, 10, 5.5], "texture": "#2"}
			}
		},
		{
			"from": [6.5, 13, 8],
			"to": [9.5, 32, 8],
			"rotation": {"angle": 0, "axis": "y", "origin": [-4, 9.5, -4]},
			"faces": {
				"north": {"uv": [0, 0, 1.5, 9.5], "texture": "#2"},
				"east": {"uv": [0, 0, 0, 9.5], "texture": "#2"},
				"south": {"uv": [1.5, 0, 0, 9.5], "texture": "#2"},
				"west": {"uv": [0, 0, 0, 9.5], "texture": "#2"},
				"up": {"uv": [1.5, 0, 0, 0], "texture": "#2"},
				"down": {"uv": [1.5, 0, 0, 0], "texture": "#2"}
			}
		},
		{
			"from": [7, 12, 7.525],
			"to": [9, 14, 8.475],
			"rotation": {"angle": -45, "axis": "z", "origin": [8, 13, 8]},
			"faces": {
				"north": {"uv": [1, 10, 2, 11], "texture": "#2"},
				"east": {"uv": [10, 9.5, 10.5, 10.5], "texture": "#2"},
				"south": {"uv": [1, 10, 2, 11], "rotation": 270, "texture": "#2"},
				"west": {"uv": [0, 10.5, 0.5, 11.5], "texture": "#2"},
				"up": {"uv": [11.5, 2.5, 10.5, 2], "texture": "#2"},
				"down": {"uv": [11.5, 2.5, 10.5, 3], "texture": "#2"}
			}
		},
		{
			"from": [10.5, 3.5, 7.5],
			"to": [14.5, 5, 8.5],
			"rotation": {"angle": -22.5, "axis": "z", "origin": [10.5, 5, 8]},
			"faces": {
				"north": {"uv": [7, 6, 9, 6.75], "texture": "#2"},
				"east": {"uv": [0.5, 10.5, 1, 11.25], "texture": "#2"},
				"south": {"uv": [9, 6, 7, 6.75], "texture": "#2"},
				"west": {"uv": [3.5, 10.5, 4, 11.25], "texture": "#2"},
				"up": {"uv": [11, 7.5, 9, 7], "texture": "#2"},
				"down": {"uv": [11, 7.5, 9, 8], "texture": "#2"}
			}
		},
		{
			"from": [13.62149, 2.08345, 7.5],
			"to": [17.62149, 3.58345, 8.5],
			"rotation": {"angle": 0, "axis": "y", "origin": [10.5, 5, 8]},
			"faces": {
				"north": {"uv": [8, 0, 10, 0.75], "texture": "#2"},
				"east": {"uv": [4, 10.5, 4.5, 11.25], "texture": "#2"},
				"south": {"uv": [10, 0, 8, 0.75], "texture": "#2"},
				"west": {"uv": [5.5, 10.5, 6, 11.25], "texture": "#2"},
				"up": {"uv": [11, 8.5, 9, 8], "texture": "#2"},
				"down": {"uv": [11, 8.5, 9, 9], "texture": "#2"}
			}
		},
		{
			"from": [17.62149, 2.08345, 7.5],
			"to": [19.62149, 4.58345, 8.5],
			"rotation": {"angle": 0, "axis": "y", "origin": [10.5, 5, 8]},
			"faces": {
				"north": {"uv": [1.5, 8.5, 2.5, 9.75], "texture": "#2"},
				"east": {"uv": [8.5, 9.5, 9, 10.75], "texture": "#2"},
				"south": {"uv": [2.5, 8.5, 1.5, 9.75], "texture": "#2"},
				"west": {"uv": [3, 10, 3.5, 11.25], "texture": "#2"},
				"up": {"uv": [11, 7, 10, 6.5], "texture": "#2"},
				"down": {"uv": [11, 9, 10, 9.5], "texture": "#2"}
			}
		},
		{
			"from": [1.5, 3.5, 7.5],
			"to": [5.5, 5, 8.5],
			"rotation": {"angle": 22.5, "axis": "z", "origin": [5.5, 5, 8]},
			"faces": {
				"north": {"uv": [9, 6, 7, 6.75], "texture": "#2"},
				"east": {"uv": [4, 10.5, 3.5, 11.25], "texture": "#2"},
				"south": {"uv": [7, 6, 9, 6.75], "texture": "#2"},
				"west": {"uv": [1, 10.5, 0.5, 11.25], "texture": "#2"},
				"up": {"uv": [9, 7.5, 11, 7], "texture": "#2"},
				"down": {"uv": [9, 7.5, 11, 8], "texture": "#2"}
			}
		},
		{
			"from": [-1.62149, 2.08345, 7.5],
			"to": [2.37851, 3.58345, 8.5],
			"rotation": {"angle": 0, "axis": "y", "origin": [5.5, 5, 8]},
			"faces": {
				"north": {"uv": [10, 0, 8, 0.75], "texture": "#2"},
				"east": {"uv": [6, 10.5, 5.5, 11.25], "texture": "#2"},
				"south": {"uv": [8, 0, 10, 0.75], "texture": "#2"},
				"west": {"uv": [4.5, 10.5, 4, 11.25], "texture": "#2"},
				"up": {"uv": [9, 8.5, 11, 8], "texture": "#2"},
				"down": {"uv": [9, 8.5, 11, 9], "texture": "#2"}
			}
		},
		{
			"from": [-3.62149, 2.08345, 7.5],
			"to": [-1.62149, 4.58345, 8.5],
			"rotation": {"angle": 0, "axis": "y", "origin": [5.5, 5, 8]},
			"faces": {
				"north": {"uv": [2.5, 8.5, 1.5, 9.75], "texture": "#2"},
				"east": {"uv": [3.5, 10, 3, 11.25], "texture": "#2"},
				"south": {"uv": [1.5, 8.5, 2.5, 9.75], "texture": "#2"},
				"west": {"uv": [9, 9.5, 8.5, 10.75], "texture": "#2"},
				"up": {"uv": [10, 7, 11, 6.5], "texture": "#2"},
				"down": {"uv": [10, 9, 11, 9.5], "texture": "#2"}
			}
		},
		{
			"from": [7.25, -9, 10.25],
			"to": [8.75, -8, 11.75],
			"rotation": {"angle": -22.5, "axis": "x", "origin": [8, -10, 9.25]},
			"faces": {
				"north": {"uv": [11.25, 10, 10.5, 10.5], "texture": "#2"},
				"east": {"uv": [10.75, 10.5, 10, 11], "texture": "#2"},
				"south": {"uv": [11.25, 9.5, 10.5, 10], "texture": "#2"},
				"west": {"uv": [11.75, 0, 11, 0.5], "texture": "#2"},
				"up": {"uv": [5.25, 10, 4.5, 10.75], "texture": "#2"},
				"down": {"uv": [9.75, 10.75, 9, 10], "texture": "#2"}
			}
		},
		{
			"from": [7.25, -10, 9.25],
			"to": [8.75, -9, 11.75],
			"rotation": {"angle": -22.5, "axis": "x", "origin": [8, -10, 9.25]},
			"faces": {
				"north": {"uv": [7.75, 10.5, 7, 11], "texture": "#2"},
				"east": {"uv": [11.25, 5.5, 10, 6], "texture": "#2"},
				"south": {"uv": [6.75, 10.5, 6, 11], "texture": "#2"},
				"west": {"uv": [11.25, 6, 10, 6.5], "texture": "#2"},
				"up": {"uv": [2.75, 10, 2, 11.25], "texture": "#2"},
				"down": {"uv": [10.75, 4.25, 10, 3], "texture": "#2"}
			}
		},
		{
			"from": [7.25, -10, 4.25],
			"to": [8.75, -9, 6.75],
			"rotation": {"angle": 22.5, "axis": "x", "origin": [8, -10, 6.75]},
			"faces": {
				"north": {"uv": [6, 10.5, 6.75, 11], "texture": "#2"},
				"east": {"uv": [10, 5.5, 11.25, 6], "texture": "#2"},
				"south": {"uv": [7, 10.5, 7.75, 11], "texture": "#2"},
				"west": {"uv": [10, 6, 11.25, 6.5], "texture": "#2"},
				"up": {"uv": [2.75, 11.25, 2, 10], "texture": "#2"},
				"down": {"uv": [10.75, 3, 10, 4.25], "texture": "#2"}
			}
		},
		{
			"from": [7.25, -9, 4.25],
			"to": [8.75, -8, 5.75],
			"rotation": {"angle": 22.5, "axis": "x", "origin": [8, -10, 6.75]},
			"faces": {
				"north": {"uv": [10.5, 9.5, 11.25, 10], "texture": "#2"},
				"east": {"uv": [10, 10.5, 10.75, 11], "texture": "#2"},
				"south": {"uv": [10.5, 10, 11.25, 10.5], "texture": "#2"},
				"west": {"uv": [11, 0, 11.75, 0.5], "texture": "#2"},
				"up": {"uv": [5.25, 10.75, 4.5, 10], "texture": "#2"},
				"down": {"uv": [9.75, 10, 9, 10.75], "texture": "#2"}
			}
		},
		{
			"from": [4.25, -9, 7.25],
			"to": [5.75, -8, 8.75],
			"rotation": {"angle": -22.5, "axis": "z", "origin": [6.75, -10, 8]},
			"faces": {
				"north": {"uv": [11.75, 0, 11, 0.5], "texture": "#2"},
				"east": {"uv": [11.25, 10, 10.5, 10.5], "texture": "#2"},
				"south": {"uv": [10.75, 10.5, 10, 11], "texture": "#2"},
				"west": {"uv": [11.25, 9.5, 10.5, 10], "texture": "#2"},
				"up": {"uv": [5.25, 10, 4.5, 10.75], "rotation": 90, "texture": "#2"},
				"down": {"uv": [9.75, 10.75, 9, 10], "rotation": 270, "texture": "#2"}
			}
		},
		{
			"from": [4.25, -10, 7.25],
			"to": [6.75, -9, 8.75],
			"rotation": {"angle": -22.5, "axis": "z", "origin": [6.75, -10, 8]},
			"faces": {
				"north": {"uv": [11.25, 6, 10, 6.5], "texture": "#2"},
				"east": {"uv": [7.75, 10.5, 7, 11], "texture": "#2"},
				"south": {"uv": [11.25, 5.5, 10, 6], "texture": "#2"},
				"west": {"uv": [6.75, 10.5, 6, 11], "texture": "#2"},
				"up": {"uv": [2.75, 10, 2, 11.25], "rotation": 90, "texture": "#2"},
				"down": {"uv": [10.75, 4.25, 10, 3], "rotation": 270, "texture": "#2"}
			}
		},
		{
			"from": [9.25, -10, 7.25],
			"to": [11.75, -9, 8.75],
			"rotation": {"angle": 22.5, "axis": "z", "origin": [9.25, -10, 8]},
			"faces": {
				"north": {"uv": [10, 6, 11.25, 6.5], "texture": "#2"},
				"east": {"uv": [6, 10.5, 6.75, 11], "texture": "#2"},
				"south": {"uv": [10, 5.5, 11.25, 6], "texture": "#2"},
				"west": {"uv": [7, 10.5, 7.75, 11], "texture": "#2"},
				"up": {"uv": [2.75, 11.25, 2, 10], "rotation": 90, "texture": "#2"},
				"down": {"uv": [10.75, 3, 10, 4.25], "rotation": 270, "texture": "#2"}
			}
		},
		{
			"from": [10.25, -9, 7.25],
			"to": [11.75, -8, 8.75],
			"rotation": {"angle": 22.5, "axis": "z", "origin": [9.25, -10, 8]},
			"faces": {
				"north": {"uv": [11, 0, 11.75, 0.5], "texture": "#2"},
				"east": {"uv": [10.5, 9.5, 11.25, 10], "texture": "#2"},
				"south": {"uv": [10, 10.5, 10.75, 11], "texture": "#2"},
				"west": {"uv": [10.5, 10, 11.25, 10.5], "texture": "#2"},
				"up": {"uv": [5.25, 10.75, 4.5, 10], "rotation": 90, "texture": "#2"},
				"down": {"uv": [9.75, 10, 9, 10.75], "rotation": 270, "texture": "#2"}
			}
		},
		{
			"from": [8, -6.25, 8],
			"to": [16, 1.75, 8],
			"rotation": {"angle": -22.5, "axis": "z", "origin": [14, -1, 8]},
			"faces": {
				"north": {"uv": [0, 8, 8, 16], "texture": "#1"},
				"east": {"uv": [0, 0, 0, 8], "texture": "#missing"},
				"south": {"uv": [8, 8, 0, 16], "texture": "#1"},
				"west": {"uv": [0, 0, 0, 8], "texture": "#missing"},
				"up": {"uv": [0, 0, 8, 0], "texture": "#missing"},
				"down": {"uv": [0, 0, 8, 0], "texture": "#missing"}
			}
		},
		{
			"from": [0, -6.25, 8],
			"to": [8, 1.75, 8],
			"rotation": {"angle": 22.5, "axis": "z", "origin": [2, -1, 8]},
			"faces": {
				"north": {"uv": [8, 8, 0, 16], "texture": "#1"},
				"east": {"uv": [0, 0, 0, 8], "texture": "#missing"},
				"south": {"uv": [0, 8, 8, 16], "texture": "#1"},
				"west": {"uv": [0, 0, 0, 8], "texture": "#missing"},
				"up": {"uv": [8, 0, 0, 0], "texture": "#missing"},
				"down": {"uv": [8, 0, 0, 0], "texture": "#missing"}
			}
		},
		{
			"from": [3.5, 6, 9],
			"to": [11.5, 22, 9],
			"rotation": {"angle": 0, "axis": "y", "origin": [7.5, 13, 8]},
			"faces": {
				"north": {"uv": [8, 0, 16, 16], "texture": "#1"},
				"east": {"uv": [0, 0, 0, 8], "texture": "#missing"},
				"south": {"uv": [16, 0, 8, 16], "texture": "#1"},
				"west": {"uv": [0, 0, 0, 8], "texture": "#missing"},
				"up": {"uv": [0, 0, 8, 0], "texture": "#missing"},
				"down": {"uv": [0, 0, 8, 0], "texture": "#missing"}
			}
		},
		{
			"from": [3.5, 3, 7],
			"to": [11.5, 19, 7],
			"rotation": {"angle": 0, "axis": "y", "origin": [7.5, 13, 8]},
			"faces": {
				"north": {"uv": [16, 0, 8, 16], "texture": "#1"},
				"east": {"uv": [0, 0, 0, 8], "texture": "#missing"},
				"south": {"uv": [8, 0, 16, 16], "texture": "#1"},
				"west": {"uv": [0, 0, 0, 8], "texture": "#missing"},
				"up": {"uv": [0, 0, 8, 0], "texture": "#missing"},
				"down": {"uv": [0, 0, 8, 0], "texture": "#missing"}
			}
		}
	],
	"display": {
		"thirdperson_righthand": {
			"rotation": [0, 90, 0],
			"translation": [0, 5, 1.5],
			"scale": [0.6, 0.6, 0.6]
		},
		"thirdperson_lefthand": {
			"rotation": [0, -90, 0],
			"translation": [0, 5, 1.5],
			"scale": [0.6, 0.6, 0.6]
		},
		"firstperson_righthand": {
			"rotation": [0, 90, 20],
			"translation": [1.25, 3, 0],
			"scale": [0.4, 0.4, 0.4]
		},
		"firstperson_lefthand": {
			"rotation": [0, -90, -20],
			"translation": [1.25, 3, 0],
			"scale": [0.4, 0.4, 0.4]
		},
		"ground": {
			"translation": [0, 5, 0],
			"scale": [0.5, 0.5, 0.5]
		},
		"gui": {
			"rotation": [0, 0, -45],
			"translation": [-0.75, -0.75, -0.25],
			"scale": [0.5, 0.5, 0.5]
		},
		"head": {
			"translation": [0, 26.75, 0]
		},
		"fixed": {
			"rotation": [0, 0, -45],
			"translation": [-1, -0.5, -0.25],
			"scale": [0.5, 0.5, 0.5]
		}
	},
	"groups": [
		0,
		1,
		2,
		3,
		4,
		5,
		6,
		7,
		8,
		{
			"name": "group",
			"origin": [14.5, 5, 8],
			"color": 0,
			"children": [9, 10, 11]
		},
		{
			"name": "group",
			"origin": [14.5, 5, 8],
			"color": 0,
			"children": [12, 13, 14]
		},
		{
			"name": "group",
			"origin": [-4, 9.5, -4],
			"color": 0,
			"children": [15, 16, 17, 18]
		},
		{
			"name": "group",
			"origin": [-4, 9.5, -4],
			"color": 0,
			"children": [19, 20, 21, 22]
		},
		23,
		24,
		25,
		26
	]
}