{"textures":{"0":"modelengine:entity/tractor1yellow"},"elements":[{"from":[7.1954284,9.877334,5.519238],"to":[8.804571,11.486476,9.13981],"rotation":{"angle":0.0,"axis":"y","origin":[0.7588568,-20.294098,13.162667]},"faces":{"east":{"uv":[5.96875,1.59375,6.1875,1.6875],"rotation":0,"texture":"#0","tintindex":0},"south":{"uv":[1.9375,8.46875,2.03125,8.5625],"rotation":0,"texture":"#0","tintindex":0},"north":{"uv":[8.46875,1.90625,8.5625,2.0],"rotation":0,"texture":"#0","tintindex":0},"west":{"uv":[1.25,6.15625,1.46875,6.25],"rotation":0,"texture":"#0","tintindex":0},"up":{"uv":[2.4375,3.78125,2.34375,3.5625],"rotation":0,"texture":"#0","tintindex":0},"down":{"uv":[2.65625,5.53125,2.5625,5.75],"rotation":0,"texture":"#0","tintindex":0}}},{"from":[7.1954284,8.26819,7.530667],"to":[8.804571,9.877334,9.13981],"rotation":{"angle":0.0,"axis":"y","origin":[0.7588568,-20.294098,13.162667]},"faces":{"east":{"uv":[8.4375,8.21875,8.53125,8.3125],"rotation":0,"texture":"#0","tintindex":0},"south":{"uv":[8.4375,8.3125,8.53125,8.40625],"rotation":0,"texture":"#0","tintindex":0},"north":{"uv":[6.0625,8.4375,6.15625,8.53125],"rotation":0,"texture":"#0","tintindex":0},"west":{"uv":[0.375,8.46875,0.46875,8.5625],"rotation":0,"texture":"#0","tintindex":0},"up":{"uv":[8.5625,0.46875,8.46875,0.375],"rotation":0,"texture":"#0","tintindex":0},"down":{"uv":[1.03125,8.46875,0.9375,8.5625],"rotation":0,"texture":"#0","tintindex":0}}},{"from":[6.793143,0.222476,7.128381],"to":[9.206858,8.26819,9.542095],"rotation":{"angle":0.0,"axis":"y","origin":[0.7588568,-20.294098,13.162667]},"faces":{"east":{"uv":[0.4375,7.21875,0.59375,7.71875],"rotation":0,"texture":"#0","tintindex":0},"south":{"uv":[0.59375,7.21875,0.75,7.71875],"rotation":0,"texture":"#0","tintindex":0},"north":{"uv":[1.96875,4.5625,2.125,5.0625],"rotation":0,"texture":"#0","tintindex":0},"west":{"uv":[1.1875,7.21875,1.34375,7.71875],"rotation":0,"texture":"#0","tintindex":0},"up":{"uv":[0.5625,4.5625,0.40625,4.40625],"rotation":0,"texture":"#0","tintindex":0},"down":{"uv":[2.5625,5.9375,2.40625,6.09375],"rotation":0,"texture":"#0","tintindex":0}}}],"display":{"head":{"translation":[0.0,-6.4,0.0],"scale":[4.0,4.0,4.0]}}}