{
	"credit": "Pologony Creation Co.,Ltd.",
	"textures": {
		"1": "item/multiple/ender_dragon/fire_eyes",
		"3": "item/multiple/ender_dragon/dragon_head",
		"4": "item/shovels/ender_dragon_shovel",
		"particle": "item/shovels/ender_dragon_shovel"
	},
	"elements": [
		{
			"from": [7.5, 0, 5.5],
			"to": [8.5, 1.25, 7.5],
			"rotation": {"angle": 22.5, "axis": "x", "origin": [6.5, -0.25, 4.5]},
			"faces": {
				"north": {"uv": [13, 4.5, 13.5, 5.125], "texture": "#4"},
				"east": {"uv": [4, 10.5, 5, 11.125], "texture": "#4"},
				"south": {"uv": [13, 6, 13.5, 6.625], "texture": "#4"},
				"west": {"uv": [10.5, 4.5, 11.5, 5.125], "texture": "#4"},
				"up": {"uv": [12.5, 4.5, 12, 3.5], "texture": "#4"},
				"down": {"uv": [5, 12, 4.5, 13], "texture": "#4"}
			}
		},
		{
			"from": [7.625, -1.5566, 5.3227],
			"to": [8.375, 1.0934, 6.4477],
			"rotation": {"angle": -22.5, "axis": "x", "origin": [7.975, 0.6434, 5.5602]},
			"faces": {
				"north": {"uv": [2.5, 12, 2.875, 13.375], "texture": "#4"},
				"east": {"uv": [5.5, 9, 6.125, 10.375], "texture": "#4"},
				"south": {"uv": [3.5, 12, 3.875, 13.375], "texture": "#4"},
				"west": {"uv": [9, 5.5, 9.625, 6.875], "texture": "#4"},
				"up": {"uv": [3.375, 14.625, 3, 14], "texture": "#4"},
				"down": {"uv": [14.375, 3, 14, 3.625], "texture": "#4"}
			}
		},
		{
			"from": [7.25, -1.5, 8],
			"to": [8.75, 0.5, 10],
			"rotation": {"angle": -45, "axis": "x", "origin": [7.5, -1.5, 8]},
			"faces": {
				"north": {"uv": [7, 9, 7.75, 10], "texture": "#4"},
				"east": {"uv": [6, 6, 7, 7], "texture": "#4"},
				"south": {"uv": [9, 7.5, 9.75, 8.5], "texture": "#4"},
				"west": {"uv": [7, 0, 8, 1], "texture": "#4"},
				"up": {"uv": [9.25, 10, 8.5, 9], "texture": "#4"},
				"down": {"uv": [0.75, 10, 0, 11], "texture": "#4"}
			}
		},
		{
			"from": [7.75, -2.5, 8],
			"to": [8.25, -0.5, 10],
			"rotation": {"angle": -45, "axis": "x", "origin": [7.5, -2.5, 8]},
			"faces": {
				"north": {"uv": [10, 13.5, 10.25, 14.5], "texture": "#4"},
				"east": {"uv": [7, 1.5, 8, 2.5], "texture": "#4"},
				"west": {"uv": [7.5, 3, 8.5, 4], "texture": "#4"},
				"down": {"uv": [11.25, 13.5, 11, 14.5], "texture": "#4"}
			}
		},
		{
			"from": [7.11612, 1.07843, 7.92678],
			"to": [8.61612, 1.57843, 9.42678],
			"rotation": {"angle": 45, "axis": "y", "origin": [7.11612, 1.07843, 8.17678]},
			"faces": {
				"north": {"uv": [14, 4.5, 14.75, 4.75], "texture": "#4"},
				"east": {"uv": [5.5, 14, 6.25, 14.25], "texture": "#4"},
				"south": {"uv": [14, 5.5, 14.75, 5.75], "texture": "#4"},
				"west": {"uv": [14, 6.5, 14.75, 6.75], "texture": "#4"},
				"up": {"uv": [11.25, 8.25, 10.5, 7.5], "texture": "#4"},
				"down": {"uv": [9.25, 10.5, 8.5, 11.25], "texture": "#4"}
			}
		},
		{
			"from": [7.11612, 5.57843, 7.92678],
			"to": [8.61612, 6.07843, 9.42678],
			"rotation": {"angle": 45, "axis": "y", "origin": [7.11612, -0.42157, 8.17678]},
			"faces": {
				"north": {"uv": [14, 7.5, 14.75, 7.75], "texture": "#4"},
				"east": {"uv": [14, 8.5, 14.75, 8.75], "texture": "#4"},
				"south": {"uv": [14, 9.5, 14.75, 9.75], "texture": "#4"},
				"west": {"uv": [14, 10.5, 14.75, 10.75], "texture": "#4"},
				"up": {"uv": [6.25, 11.75, 5.5, 11], "texture": "#4"},
				"down": {"uv": [11.75, 9, 11, 9.75], "texture": "#4"}
			}
		},
		{
			"from": [7.11612, 3.32843, 8],
			"to": [8.36612, 3.82843, 9.25],
			"rotation": {"angle": 45, "axis": "y", "origin": [7.11612, 0.32843, 8]},
			"faces": {
				"north": {"uv": [14, 13, 14.625, 13.25], "texture": "#4"},
				"east": {"uv": [14, 14, 14.625, 14.25], "texture": "#4"},
				"south": {"uv": [14.5, 11.5, 15.125, 11.75], "texture": "#4"},
				"west": {"uv": [12, 14.5, 12.625, 14.75], "texture": "#4"},
				"up": {"uv": [6.125, 13.125, 5.5, 12.5], "texture": "#4"},
				"down": {"uv": [13.125, 8, 12.5, 8.625], "texture": "#4"}
			}
		},
		{
			"from": [7.29289, 0.57843, 8],
			"to": [8.29289, 6.57843, 9],
			"rotation": {"angle": 45, "axis": "y", "origin": [7.29289, 0.07843, 8]},
			"faces": {
				"north": {"uv": [4, 5, 4.5, 8], "texture": "#4"},
				"east": {"uv": [5, 5, 5.5, 8], "texture": "#4"},
				"south": {"uv": [0, 6, 0.5, 9], "texture": "#4"},
				"west": {"uv": [6, 0, 6.5, 3], "texture": "#4"},
				"up": {"uv": [12.5, 14, 12, 13.5], "texture": "#4"},
				"down": {"uv": [14, 12, 13.5, 12.5], "texture": "#4"}
			}
		},
		{
			"from": [7.25, 10.25, 5.5],
			"to": [8.75, 12.75, 8],
			"rotation": {"angle": 45, "axis": "x", "origin": [7.5, 10.25, 8]},
			"faces": {
				"north": {"uv": [2.5, 8.5, 3.25, 9.75], "texture": "#4"},
				"east": {"uv": [0, 4, 1.25, 5.25], "texture": "#4"},
				"south": {"uv": [4, 8.5, 4.75, 9.75], "texture": "#4"},
				"west": {"uv": [4, 3, 5.25, 4.25], "texture": "#4"},
				"up": {"uv": [9.75, 2.75, 9, 1.5], "texture": "#4"},
				"down": {"uv": [9.75, 3.5, 9, 4.75], "texture": "#4"}
			}
		},
		{
			"from": [7, 10.5, 5.75],
			"to": [9, 12.5, 7.75],
			"rotation": {"angle": 45, "axis": "x", "origin": [7.5, 10.25, 8]},
			"faces": {
				"north": {"uv": [7.5, 4.5, 8.5, 5.5], "texture": "#4"},
				"east": {"uv": [6, 7.5, 7, 8.5], "texture": "#4"},
				"south": {"uv": [7.5, 6, 8.5, 7], "texture": "#4"},
				"west": {"uv": [7.5, 7.5, 8.5, 8.5], "texture": "#4"},
				"up": {"uv": [9.5, 1, 8.5, 0], "texture": "#4"},
				"down": {"uv": [2, 8.5, 1, 9.5], "texture": "#4"}
			}
		},
		{
			"from": [7.985, -3.27092, 5.83435],
			"to": [8.015, 1.47908, 8.08435],
			"rotation": {"angle": -22.5, "axis": "x", "origin": [7.985, -2.52092, 4.58435]},
			"faces": {
				"east": {"uv": [3.625, 0, 2.5, 2.375], "texture": "#4"},
				"west": {"uv": [2.5, 0, 3.625, 2.375], "texture": "#4"}
			}
		},
		{
			"from": [7.5, 0, 8.5],
			"to": [8.5, 1.25, 10.5],
			"rotation": {"angle": -22.5, "axis": "x", "origin": [6.5, -0.25, 11.5]},
			"faces": {
				"north": {"uv": [13.5, 6, 13, 6.625], "texture": "#4"},
				"east": {"uv": [5, 10.5, 4, 11.125], "texture": "#4"},
				"south": {"uv": [13.5, 4.5, 13, 5.125], "texture": "#4"},
				"west": {"uv": [11.5, 4.5, 10.5, 5.125], "texture": "#4"},
				"up": {"uv": [12.5, 3.5, 12, 4.5], "texture": "#4"},
				"down": {"uv": [5, 13, 4.5, 12], "texture": "#4"}
			}
		},
		{
			"from": [7.625, -1.5566, 9.5523],
			"to": [8.375, 1.0934, 10.6773],
			"rotation": {"angle": 22.5, "axis": "x", "origin": [7.975, 0.6434, 10.4398]},
			"faces": {
				"north": {"uv": [3.875, 12, 3.5, 13.375], "texture": "#4"},
				"east": {"uv": [6.125, 9, 5.5, 10.375], "texture": "#4"},
				"south": {"uv": [2.875, 12, 2.5, 13.375], "texture": "#4"},
				"west": {"uv": [9.625, 5.5, 9, 6.875], "texture": "#4"},
				"up": {"uv": [3.375, 14, 3, 14.625], "texture": "#4"},
				"down": {"uv": [14.375, 3.625, 14, 3], "texture": "#4"}
			}
		},
		{
			"from": [7.985, -3.27092, 7.91565],
			"to": [8.015, 1.47908, 10.16565],
			"rotation": {"angle": 22.5, "axis": "x", "origin": [7.985, -2.52092, 11.41565]},
			"faces": {
				"east": {"uv": [2.5, 0, 3.625, 2.375], "texture": "#4"},
				"west": {"uv": [3.625, 0, 2.5, 2.375], "texture": "#4"}
			}
		},
		{
			"from": [7.04289, 6.57843, 7.75],
			"to": [8.54289, 10.07843, 9.25],
			"rotation": {"angle": 45, "axis": "y", "origin": [7.29289, 8.82843, 8]},
			"faces": {
				"north": {"uv": [4.5, 0, 5.25, 1.75], "texture": "#4"},
				"east": {"uv": [1, 6, 1.75, 7.75], "texture": "#4"},
				"south": {"uv": [2.5, 6, 3.25, 7.75], "texture": "#4"},
				"west": {"uv": [6, 3.5, 6.75, 5.25], "texture": "#4"},
				"up": {"uv": [10.75, 11.75, 10, 11], "texture": "#4"},
				"down": {"uv": [0.75, 11.5, 0, 12.25], "texture": "#4"}
			}
		},
		{
			"from": [7.29289, 10.07843, 8],
			"to": [8.29289, 11.07843, 9],
			"rotation": {"angle": 45, "axis": "y", "origin": [7.29289, 10.07843, 8]},
			"faces": {
				"north": {"uv": [13, 13.5, 13.5, 14], "texture": "#4"},
				"east": {"uv": [14, 0, 14.5, 0.5], "texture": "#4"},
				"south": {"uv": [1, 14, 1.5, 14.5], "texture": "#4"},
				"west": {"uv": [14, 1, 14.5, 1.5], "texture": "#4"}
			}
		},
		{
			"from": [7.5, 11.64043, 9.68792],
			"to": [8.5, 13.64043, 11.18792],
			"rotation": {"angle": 45, "axis": "x", "origin": [8, 13.53488, 10.93685]},
			"faces": {
				"north": {"uv": [12, 12, 11.5, 13], "rotation": 180, "texture": "#4"},
				"east": {"uv": [2.5, 10.5, 3.5, 11.25], "rotation": 270, "texture": "#4"},
				"south": {"uv": [9.5, 13, 9, 12], "texture": "#4"},
				"west": {"uv": [10.5, 3, 11.5, 3.75], "rotation": 90, "texture": "#4"},
				"up": {"uv": [13, 1.5, 13.5, 2.25], "rotation": 180, "texture": "#4"},
				"down": {"uv": [13, 3, 13.5, 3.75], "texture": "#4"}
			}
		},
		{
			"from": [7.5035, 13.53632, 9.70921],
			"to": [8.4965, 15.53632, 11.20921],
			"rotation": {"angle": 22.5, "axis": "x", "origin": [8, 13.53488, 10.93685]},
			"faces": {
				"north": {"uv": [8.5, 12, 8, 13], "rotation": 180, "texture": "#4"},
				"east": {"uv": [10, 0, 11, 0.75], "rotation": 270, "texture": "#4"},
				"south": {"uv": [7.5, 13, 7, 12], "texture": "#4"},
				"west": {"uv": [10.5, 1.5, 11.5, 2.25], "rotation": 90, "texture": "#4"},
				"up": {"uv": [13, 0, 13.5, 0.75], "rotation": 180, "texture": "#4"}
			}
		},
		{
			"from": [7.5085, 14.60377, 10.56856],
			"to": [8.4915, 15.85377, 12.56856],
			"rotation": {"angle": 0, "axis": "x", "origin": [8, 13.53488, 10.93685]},
			"faces": {
				"east": {"uv": [10.5, 6, 11.5, 6.625], "rotation": 180, "texture": "#4"},
				"south": {"uv": [13, 10.5, 13.5, 11.125], "rotation": 180, "texture": "#4"},
				"west": {"uv": [7, 10.5, 8, 11.125], "rotation": 180, "texture": "#4"},
				"up": {"uv": [12.5, 6.5, 12, 7.5], "texture": "#4"},
				"down": {"uv": [12.5, 6, 12, 5], "texture": "#4"}
			}
		},
		{
			"from": [7.5, 11.14044, 11.18792],
			"to": [8.5, 12.64044, 12.18792],
			"rotation": {"angle": 45, "axis": "x", "origin": [8, 13.53488, 10.93685]},
			"faces": {
				"north": {"uv": [0.5, 13, 0, 13.75], "rotation": 180, "texture": "#4"},
				"east": {"uv": [12.5, 9.5, 13.25, 10], "rotation": 270, "texture": "#4"},
				"south": {"uv": [13, 12.75, 12.5, 12], "texture": "#4"},
				"west": {"uv": [10, 12.5, 10.75, 13], "rotation": 90, "texture": "#4"},
				"up": {"uv": [2, 14, 2.5, 14.5], "rotation": 180, "texture": "#4"},
				"down": {"uv": [14, 2, 14.5, 2.5], "texture": "#4"}
			}
		},
		{
			"from": [7.625, 13, 8.25],
			"to": [8.375, 14.5, 9.75],
			"rotation": {"angle": -45, "axis": "x", "origin": [7.625, 12.75, 8]},
			"faces": {
				"north": {"uv": [4.5, 13.5, 4.875, 14.25], "texture": "#4"},
				"east": {"uv": [11.5, 0, 12.25, 0.75], "texture": "#4"},
				"south": {"uv": [7, 13.5, 7.375, 14.25], "texture": "#4"},
				"west": {"uv": [11.5, 10.5, 12.25, 11.25], "texture": "#4"},
				"up": {"uv": [8.375, 14.25, 8, 13.5], "texture": "#4"},
				"down": {"uv": [9.375, 13.5, 9, 14.25], "texture": "#4"}
			}
		},
		{
			"from": [7.625, 16.55861, 8.25205],
			"to": [8.375, 17.26861, 8.96205],
			"rotation": {"angle": -45, "axis": "x", "origin": [8.375, 16.30861, 8.00205]},
			"faces": {
				"north": {"uv": [0, 14.5, 0.375, 14.875], "texture": "#4"},
				"east": {"uv": [15, 0, 15.375, 0.375], "texture": "#4"},
				"south": {"uv": [1, 15, 1.375, 15.375], "texture": "#4"},
				"west": {"uv": [15, 1, 15.375, 1.375], "texture": "#4"},
				"up": {"uv": [2.375, 15.375, 2, 15], "texture": "#4"},
				"down": {"uv": [15.375, 2, 15, 2.375], "texture": "#4"}
			}
		},
		{
			"from": [7.63, 14.16421, 7.5],
			"to": [8.37, 17.16421, 8.5],
			"rotation": {"angle": 0, "axis": "y", "origin": [8.005, 15.16421, 8]},
			"faces": {
				"north": {"uv": [1.5, 12, 1.875, 13.5], "texture": "#4"},
				"east": {"uv": [1.5, 10, 2, 11.5], "texture": "#4"},
				"south": {"uv": [12, 1.5, 12.375, 3], "texture": "#4"},
				"west": {"uv": [10, 9, 10.5, 10.5], "texture": "#4"}
			}
		},
		{
			"from": [7.985, 14.16421, 7.125],
			"to": [8.015, 19.16421, 8.875],
			"rotation": {"angle": 0, "axis": "y", "origin": [7.985, 14.16421, 7.125]},
			"faces": {
				"east": {"uv": [3.375, 3, 2.5, 5.5], "texture": "#4"},
				"west": {"uv": [2.5, 3, 3.375, 5.5], "texture": "#4"}
			}
		},
		{
			"from": [4.1695, 13.43805, 5.25],
			"to": [6.6695, 13.46805, 10.75],
			"rotation": {"angle": 45, "axis": "z", "origin": [4.4195, 12.93805, 5]},
			"faces": {
				"up": {"uv": [5, 11, 0, 0], "texture": "#1"},
				"down": {"uv": [5, 0, 0, 11], "texture": "#1"}
			}
		},
		{
			"from": [5.28855, 10.66126, 6.875],
			"to": [6.28855, 12.66126, 9.125],
			"rotation": {"angle": -45, "axis": "z", "origin": [5.18865, 13.8499, 8.125]},
			"faces": {
				"north": {"uv": [4, 8, 4.57143, 9.14286], "texture": "#3"},
				"east": {"uv": [5.14286, 0, 6.42857, 1.14286], "texture": "#3"},
				"south": {"uv": [1.71429, 9.14286, 2.28571, 10.28571], "texture": "#3"},
				"west": {"uv": [5.71429, 4, 7, 5.14286], "texture": "#3"},
				"down": {"uv": [8.57143, 2.28571, 8, 3.57143], "texture": "#3"}
			}
		},
		{
			"from": [5.03855, 10.41126, 7.25],
			"to": [6.03855, 11.41126, 8.75],
			"rotation": {"angle": -45, "axis": "z", "origin": [5.18865, 13.8499, 8]},
			"faces": {
				"north": {"uv": [9.14286, 10.85714, 9.71429, 11.42857], "texture": "#3"},
				"east": {"uv": [10.28571, 4.57143, 11.14286, 5.14286], "texture": "#3"},
				"south": {"uv": [10.85714, 9.14286, 11.42857, 9.71429], "texture": "#3"},
				"west": {"uv": [10.28571, 5.71429, 11.14286, 6.28571], "texture": "#3"},
				"up": {"uv": [3.42857, 11.14286, 2.85714, 10.28571], "texture": "#3"},
				"down": {"uv": [11.42857, 0, 10.85714, 0.85714], "texture": "#3"}
			}
		},
		{
			"from": [5.99995, 10.33082, 6.875],
			"to": [6.99995, 12.83082, 9.125],
			"rotation": {"angle": -22.5, "axis": "z", "origin": [5.18865, 13.8499, 8.125]},
			"faces": {
				"north": {"uv": [6.28571, 7.42857, 6.85714, 8.85714], "texture": "#3"},
				"east": {"uv": [1.71429, 4.57143, 3, 6], "texture": "#3"},
				"south": {"uv": [8, 0, 8.57143, 1.42857], "texture": "#3"},
				"west": {"uv": [4.57143, 1.71429, 5.85714, 3.14286], "texture": "#3"},
				"down": {"uv": [3.42857, 8, 2.85714, 9.28571], "texture": "#3"}
			}
		},
		{
			"from": [5.28855, 13.66126, 6.375],
			"to": [7.28855, 15.66126, 9.625],
			"rotation": {"angle": -45, "axis": "z", "origin": [5.18865, 13.8499, 8.125]},
			"faces": {
				"north": {"uv": [5.71429, 5.71429, 6.85714, 6.85714], "texture": "#3"},
				"east": {"uv": [0, 2.28571, 1.85714, 3.42857], "texture": "#3"},
				"south": {"uv": [0, 6.85714, 1.14286, 8], "texture": "#3"},
				"west": {"uv": [2.28571, 0, 4.14286, 1.14286], "texture": "#3"},
				"up": {"uv": [4, 3.57143, 2.85714, 1.71429], "texture": "#3"},
				"down": {"uv": [1.14286, 4, 0, 5.85714], "texture": "#3"}
			}
		},
		{
			"from": [5.28855, 12.66126, 6.625],
			"to": [7.28855, 13.66126, 9.375],
			"rotation": {"angle": -45, "axis": "z", "origin": [5.18865, 13.8499, 8.125]},
			"faces": {
				"north": {"uv": [9.14286, 3.42857, 10.28571, 4], "texture": "#3"},
				"east": {"uv": [2.85714, 6.85714, 4.42857, 7.42857], "texture": "#3"},
				"south": {"uv": [9.14286, 8, 10.28571, 8.57143], "texture": "#3"},
				"down": {"uv": [5.14286, 4.57143, 4, 6.14286], "texture": "#3"}
			}
		},
		{
			"from": [4.28855, 12.66126, 6.625],
			"to": [5.28855, 15.66126, 9.375],
			"rotation": {"angle": -45, "axis": "z", "origin": [5.18865, 13.8499, 8.125]},
			"faces": {
				"north": {"uv": [1.71429, 6.85714, 2.28571, 8.57143], "texture": "#3"},
				"south": {"uv": [6.85714, 1.71429, 7.42857, 3.42857], "texture": "#3"},
				"west": {"uv": [0, 0, 1.57143, 1.71429], "texture": "#3"},
				"up": {"uv": [5.71429, 9, 5.14286, 7.42857], "texture": "#3"},
				"down": {"uv": [8, 5.71429, 7.42857, 7.28571], "texture": "#3"}
			}
		},
		{
			"from": [4.18711, 14.79224, 6.25],
			"to": [5.68711, 16.29224, 7.75],
			"rotation": {"angle": -22.5, "axis": "z", "origin": [5.18865, 13.8499, 8.25]},
			"faces": {
				"north": {"uv": [7.42857, 8, 8.28571, 8.85714], "texture": "#3"},
				"east": {"uv": [0, 8.57143, 0.85714, 9.42857], "texture": "#3"},
				"south": {"uv": [8.57143, 4.57143, 9.42857, 5.42857], "texture": "#3"},
				"west": {"uv": [8.57143, 6.28571, 9.42857, 7.14286], "texture": "#3"},
				"up": {"uv": [10, 0.85714, 9.14286, 0], "texture": "#3"},
				"down": {"uv": [10, 1.71429, 9.14286, 2.57143], "texture": "#3"}
			}
		},
		{
			"from": [5.2838, 15.91557, 6.375],
			"to": [6.5338, 17.16557, 7.625],
			"rotation": {"angle": 0, "axis": "y", "origin": [5.18865, 13.8499, 8.25]},
			"faces": {
				"north": {"uv": [9.14286, 9.14286, 9.85714, 9.85714], "texture": "#3"},
				"east": {"uv": [4, 9.71429, 4.71429, 10.42857], "texture": "#3"},
				"south": {"uv": [5.71429, 9.71429, 6.42857, 10.42857], "texture": "#3"},
				"west": {"uv": [7.42857, 9.71429, 8.14286, 10.42857], "texture": "#3"},
				"up": {"uv": [0.71429, 11, 0, 10.28571], "texture": "#3"}
			}
		},
		{
			"from": [6.60768, 16.39598, 6.5],
			"to": [7.60768, 17.39598, 7.5],
			"rotation": {"angle": 22.5, "axis": "z", "origin": [5.18865, 13.8499, 8.25]},
			"faces": {
				"north": {"uv": [10.28571, 10.85714, 10.85714, 11.42857], "texture": "#3"},
				"east": {"uv": [4, 11.42857, 4.57143, 12], "texture": "#3"},
				"south": {"uv": [5.14286, 11.42857, 5.71429, 12], "texture": "#3"},
				"west": {"uv": [6.28571, 11.42857, 6.85714, 12], "texture": "#3"},
				"up": {"uv": [8, 12, 7.42857, 11.42857], "texture": "#3"}
			}
		},
		{
			"from": [6.60768, 16.39598, 8.5],
			"to": [7.60768, 17.39598, 9.5],
			"rotation": {"angle": 22.5, "axis": "z", "origin": [5.18865, 13.8499, 7.75]},
			"faces": {
				"north": {"uv": [5.71429, 11.42857, 5.14286, 12], "texture": "#3"},
				"east": {"uv": [4.57143, 11.42857, 4, 12], "texture": "#3"},
				"south": {"uv": [10.85714, 10.85714, 10.28571, 11.42857], "texture": "#3"},
				"west": {"uv": [6.85714, 11.42857, 6.28571, 12], "texture": "#3"},
				"up": {"uv": [8, 11.42857, 7.42857, 12], "texture": "#3"}
			}
		},
		{
			"from": [5.2838, 15.91557, 8.375],
			"to": [6.5338, 17.16557, 9.625],
			"rotation": {"angle": 0, "axis": "y", "origin": [5.18865, 13.8499, 7.75]},
			"faces": {
				"north": {"uv": [6.42857, 9.71429, 5.71429, 10.42857], "texture": "#3"},
				"east": {"uv": [4.71429, 9.71429, 4, 10.42857], "texture": "#3"},
				"south": {"uv": [9.85714, 9.14286, 9.14286, 9.85714], "texture": "#3"},
				"west": {"uv": [8.14286, 9.71429, 7.42857, 10.42857], "texture": "#3"},
				"up": {"uv": [0.71429, 10.28571, 0, 11], "texture": "#3"}
			}
		},
		{
			"from": [4.18711, 14.79224, 8.25],
			"to": [5.68711, 16.29224, 9.75],
			"rotation": {"angle": -22.5, "axis": "z", "origin": [5.18865, 13.8499, 7.75]},
			"faces": {
				"north": {"uv": [9.42857, 4.57143, 8.57143, 5.42857], "texture": "#3"},
				"east": {"uv": [0.85714, 8.57143, 0, 9.42857], "texture": "#3"},
				"south": {"uv": [8.28571, 8, 7.42857, 8.85714], "texture": "#3"},
				"west": {"uv": [9.42857, 6.28571, 8.57143, 7.14286], "texture": "#3"},
				"up": {"uv": [10, 0, 9.14286, 0.85714], "texture": "#3"},
				"down": {"uv": [10, 2.57143, 9.14286, 1.71429], "texture": "#3"}
			}
		},
		{
			"from": [5.51538, 9.90554, 7.5],
			"to": [6.26538, 10.90554, 8.5],
			"rotation": {"angle": 0, "axis": "y", "origin": [6.01538, 9.90554, 7.5]},
			"faces": {
				"north": {"uv": [0, 12, 0.42857, 12.57143], "texture": "#3"},
				"east": {"uv": [11.42857, 10.28571, 12, 10.85714], "texture": "#3"},
				"south": {"uv": [12, 0, 12.42857, 0.57143], "texture": "#3"},
				"up": {"uv": [12.42857, 1.71429, 12, 1.14286], "texture": "#3"},
				"down": {"uv": [12.42857, 2.28571, 12, 2.85714], "texture": "#3"}
			}
		},
		{
			"from": [6.16538, 10.20554, 7.625],
			"to": [6.91538, 10.95554, 8.375],
			"rotation": {"angle": 22.5, "axis": "z", "origin": [6.79038, 10.28054, 7.875]},
			"faces": {
				"north": {"uv": [2.85714, 12, 3.28571, 12.42857], "texture": "#3"},
				"east": {"uv": [12, 3.42857, 12.42857, 3.85714], "texture": "#3"},
				"south": {"uv": [12, 4.57143, 12.42857, 5], "texture": "#3"},
				"up": {"uv": [12.42857, 6.14286, 12, 5.71429], "texture": "#3"},
				"down": {"uv": [12.42857, 6.85714, 12, 7.28571], "texture": "#3"}
			}
		},
		{
			"from": [5.49995, 10.48082, 7.025],
			"to": [5.99995, 12.83082, 7.055],
			"rotation": {"angle": -22.5, "axis": "z", "origin": [5.18865, 13.8499, 7.875]},
			"faces": {
				"north": {"uv": [1.71429, 10.85714, 2, 12.14286], "texture": "#3"},
				"south": {"uv": [2, 10.85714, 1.71429, 12.14286], "texture": "#3"}
			}
		},
		{
			"from": [5.49995, 10.48082, 8.945],
			"to": [5.99995, 12.83082, 8.975],
			"rotation": {"angle": -22.5, "axis": "z", "origin": [5.18865, 13.8499, 8.125]},
			"faces": {
				"north": {"uv": [1.71429, 10.85714, 2, 12.14286], "texture": "#3"},
				"south": {"uv": [2, 10.85714, 1.71429, 12.14286], "texture": "#3"}
			}
		},
		{
			"from": [4.16793, 10.52248, 7.025],
			"to": [4.66793, 10.55248, 8.975],
			"rotation": {"angle": -22.5, "axis": "z", "origin": [4.41793, 10.52248, 8.2]},
			"faces": {
				"up": {"uv": [11.71429, 12.57143, 11.42857, 11.42857], "texture": "#3"},
				"down": {"uv": [11.71429, 11.42857, 11.42857, 12.57143], "texture": "#3"}
			}
		},
		{
			"from": [4.05388, 10.61859, 6.925],
			"to": [4.55388, 10.64859, 9.075],
			"rotation": {"angle": -45, "axis": "z", "origin": [4.30388, 11.05609, 8]},
			"faces": {
				"up": {"uv": [11.14286, 1.71429, 10.85714, 3], "texture": "#3"},
				"down": {"uv": [11.14286, 1.71429, 10.85714, 3], "texture": "#3"}
			}
		},
		{
			"from": [4.05388, 10.61859, 6.925],
			"to": [4.55388, 12.96859, 6.955],
			"rotation": {"angle": -45, "axis": "z", "origin": [4.30388, 11.05609, 8]},
			"faces": {
				"north": {"uv": [10.85714, 6.85714, 11.14286, 8.14286], "texture": "#3"},
				"south": {"uv": [11.14286, 6.85714, 10.85714, 8.14286], "texture": "#3"}
			}
		},
		{
			"from": [4.05388, 10.61859, 9.045],
			"to": [4.55388, 12.96859, 9.075],
			"rotation": {"angle": -45, "axis": "z", "origin": [4.30388, 11.05609, 10.12]},
			"faces": {
				"north": {"uv": [10.85714, 6.85714, 11.14286, 8.14286], "texture": "#3"},
				"south": {"uv": [11.14286, 6.85714, 10.85714, 8.14286], "texture": "#3"}
			}
		},
		{
			"from": [9.3305, 13.43805, 5.25],
			"to": [11.8305, 13.46805, 10.75],
			"rotation": {"angle": -45, "axis": "z", "origin": [11.5805, 12.93805, 5]},
			"faces": {
				"up": {"uv": [0, 11, 5, 0], "texture": "#1"},
				"down": {"uv": [0, 0, 5, 11], "texture": "#1"}
			}
		},
		{
			"from": [9.71145, 10.66126, 6.875],
			"to": [10.71145, 12.66126, 9.125],
			"rotation": {"angle": 45, "axis": "z", "origin": [10.81135, 13.8499, 8.125]},
			"faces": {
				"north": {"uv": [4.57143, 8, 4, 9.14286], "texture": "#3"},
				"east": {"uv": [7, 4, 5.71429, 5.14286], "texture": "#3"},
				"south": {"uv": [2.28571, 9.14286, 1.71429, 10.28571], "texture": "#3"},
				"west": {"uv": [6.42857, 0, 5.14286, 1.14286], "texture": "#3"},
				"down": {"uv": [8, 2.28571, 8.57143, 3.57143], "texture": "#3"}
			}
		},
		{
			"from": [9.96145, 10.41126, 7.25],
			"to": [10.96145, 11.41126, 8.75],
			"rotation": {"angle": 45, "axis": "z", "origin": [10.81135, 13.8499, 8]},
			"faces": {
				"north": {"uv": [9.71429, 10.85714, 9.14286, 11.42857], "texture": "#3"},
				"east": {"uv": [11.14286, 5.71429, 10.28571, 6.28571], "texture": "#3"},
				"south": {"uv": [11.42857, 9.14286, 10.85714, 9.71429], "texture": "#3"},
				"west": {"uv": [11.14286, 4.57143, 10.28571, 5.14286], "texture": "#3"},
				"up": {"uv": [2.85714, 11.14286, 3.42857, 10.28571], "texture": "#3"},
				"down": {"uv": [10.85714, 0, 11.42857, 0.85714], "texture": "#3"}
			}
		},
		{
			"from": [9.00005, 10.33082, 6.875],
			"to": [10.00005, 12.83082, 9.125],
			"rotation": {"angle": 22.5, "axis": "z", "origin": [10.81135, 13.8499, 8.125]},
			"faces": {
				"north": {"uv": [6.85714, 7.42857, 6.28571, 8.85714], "texture": "#3"},
				"east": {"uv": [5.85714, 1.71429, 4.57143, 3.14286], "texture": "#3"},
				"south": {"uv": [8.57143, 0, 8, 1.42857], "texture": "#3"},
				"west": {"uv": [3, 4.57143, 1.71429, 6], "texture": "#3"},
				"down": {"uv": [2.85714, 8, 3.42857, 9.28571], "texture": "#3"}
			}
		},
		{
			"from": [8.71145, 13.66126, 6.375],
			"to": [10.71145, 15.66126, 9.625],
			"rotation": {"angle": 45, "axis": "z", "origin": [10.81135, 13.8499, 8.125]},
			"faces": {
				"north": {"uv": [6.85714, 5.71429, 5.71429, 6.85714], "texture": "#3"},
				"east": {"uv": [4.14286, 0, 2.28571, 1.14286], "texture": "#3"},
				"south": {"uv": [1.14286, 6.85714, 0, 8], "texture": "#3"},
				"west": {"uv": [1.85714, 2.28571, 0, 3.42857], "texture": "#3"},
				"up": {"uv": [2.85714, 3.57143, 4, 1.71429], "texture": "#3"},
				"down": {"uv": [0, 4, 1.14286, 5.85714], "texture": "#3"}
			}
		},
		{
			"from": [8.71145, 12.66126, 6.625],
			"to": [10.71145, 13.66126, 9.375],
			"rotation": {"angle": 45, "axis": "z", "origin": [10.81135, 13.8499, 8.125]},
			"faces": {
				"north": {"uv": [10.28571, 3.42857, 9.14286, 4], "texture": "#3"},
				"south": {"uv": [10.28571, 8, 9.14286, 8.57143], "texture": "#3"},
				"west": {"uv": [4.42857, 6.85714, 2.85714, 7.42857], "texture": "#3"},
				"down": {"uv": [4, 4.57143, 5.14286, 6.14286], "texture": "#3"}
			}
		},
		{
			"from": [10.71145, 12.66126, 6.625],
			"to": [11.71145, 15.66126, 9.375],
			"rotation": {"angle": 45, "axis": "z", "origin": [10.81135, 13.8499, 8.125]},
			"faces": {
				"north": {"uv": [2.28571, 6.85714, 1.71429, 8.57143], "texture": "#3"},
				"east": {"uv": [1.57143, 0, 0, 1.71429], "texture": "#3"},
				"south": {"uv": [7.42857, 1.71429, 6.85714, 3.42857], "texture": "#3"},
				"up": {"uv": [5.14286, 9, 5.71429, 7.42857], "texture": "#3"},
				"down": {"uv": [7.42857, 5.71429, 8, 7.28571], "texture": "#3"}
			}
		},
		{
			"from": [10.31289, 14.79224, 6.25],
			"to": [11.81289, 16.29224, 7.75],
			"rotation": {"angle": 22.5, "axis": "z", "origin": [10.81135, 13.8499, 8.25]},
			"faces": {
				"north": {"uv": [8.28571, 8, 7.42857, 8.85714], "texture": "#3"},
				"east": {"uv": [9.42857, 6.28571, 8.57143, 7.14286], "texture": "#3"},
				"south": {"uv": [9.42857, 4.57143, 8.57143, 5.42857], "texture": "#3"},
				"west": {"uv": [0.85714, 8.57143, 0, 9.42857], "texture": "#3"},
				"up": {"uv": [9.14286, 0.85714, 10, 0], "texture": "#3"},
				"down": {"uv": [9.14286, 1.71429, 10, 2.57143], "texture": "#3"}
			}
		},
		{
			"from": [9.4662, 15.91557, 6.375],
			"to": [10.7162, 17.16557, 7.625],
			"rotation": {"angle": 0, "axis": "y", "origin": [10.81135, 13.8499, 8.25]},
			"faces": {
				"north": {"uv": [9.85714, 9.14286, 9.14286, 9.85714], "texture": "#3"},
				"east": {"uv": [8.14286, 9.71429, 7.42857, 10.42857], "texture": "#3"},
				"south": {"uv": [6.42857, 9.71429, 5.71429, 10.42857], "texture": "#3"},
				"west": {"uv": [4.71429, 9.71429, 4, 10.42857], "texture": "#3"},
				"up": {"uv": [0, 11, 0.71429, 10.28571], "texture": "#3"}
			}
		},
		{
			"from": [8.39232, 16.39598, 6.5],
			"to": [9.39232, 17.39598, 7.5],
			"rotation": {"angle": -22.5, "axis": "z", "origin": [10.81135, 13.8499, 8.25]},
			"faces": {
				"north": {"uv": [10.85714, 10.85714, 10.28571, 11.42857], "texture": "#3"},
				"east": {"uv": [6.85714, 11.42857, 6.28571, 12], "texture": "#3"},
				"south": {"uv": [5.71429, 11.42857, 5.14286, 12], "texture": "#3"},
				"west": {"uv": [4.57143, 11.42857, 4, 12], "texture": "#3"},
				"up": {"uv": [7.42857, 12, 8, 11.42857], "texture": "#3"}
			}
		},
		{
			"from": [8.39232, 16.39598, 8.5],
			"to": [9.39232, 17.39598, 9.5],
			"rotation": {"angle": -22.5, "axis": "z", "origin": [10.81135, 13.8499, 7.75]},
			"faces": {
				"north": {"uv": [5.14286, 11.42857, 5.71429, 12], "texture": "#3"},
				"east": {"uv": [6.28571, 11.42857, 6.85714, 12], "texture": "#3"},
				"south": {"uv": [10.28571, 10.85714, 10.85714, 11.42857], "texture": "#3"},
				"west": {"uv": [4, 11.42857, 4.57143, 12], "texture": "#3"},
				"up": {"uv": [7.42857, 11.42857, 8, 12], "texture": "#3"}
			}
		},
		{
			"from": [9.4662, 15.91557, 8.375],
			"to": [10.7162, 17.16557, 9.625],
			"rotation": {"angle": 0, "axis": "y", "origin": [10.81135, 13.8499, 7.75]},
			"faces": {
				"north": {"uv": [5.71429, 9.71429, 6.42857, 10.42857], "texture": "#3"},
				"east": {"uv": [7.42857, 9.71429, 8.14286, 10.42857], "texture": "#3"},
				"south": {"uv": [9.14286, 9.14286, 9.85714, 9.85714], "texture": "#3"},
				"west": {"uv": [4, 9.71429, 4.71429, 10.42857], "texture": "#3"},
				"up": {"uv": [0, 10.28571, 0.71429, 11], "texture": "#3"}
			}
		},
		{
			"from": [10.31289, 14.79224, 8.25],
			"to": [11.81289, 16.29224, 9.75],
			"rotation": {"angle": 22.5, "axis": "z", "origin": [10.81135, 13.8499, 7.75]},
			"faces": {
				"north": {"uv": [8.57143, 4.57143, 9.42857, 5.42857], "texture": "#3"},
				"east": {"uv": [8.57143, 6.28571, 9.42857, 7.14286], "texture": "#3"},
				"south": {"uv": [7.42857, 8, 8.28571, 8.85714], "texture": "#3"},
				"west": {"uv": [0, 8.57143, 0.85714, 9.42857], "texture": "#3"},
				"up": {"uv": [9.14286, 0, 10, 0.85714], "texture": "#3"},
				"down": {"uv": [9.14286, 2.57143, 10, 1.71429], "texture": "#3"}
			}
		},
		{
			"from": [9.73462, 9.90554, 7.5],
			"to": [10.48462, 10.90554, 8.5],
			"rotation": {"angle": 0, "axis": "y", "origin": [9.98462, 9.90554, 7.5]},
			"faces": {
				"north": {"uv": [0.42857, 12, 0, 12.57143], "texture": "#3"},
				"south": {"uv": [12.42857, 0, 12, 0.57143], "texture": "#3"},
				"west": {"uv": [12, 10.28571, 11.42857, 10.85714], "texture": "#3"},
				"up": {"uv": [12, 1.71429, 12.42857, 1.14286], "texture": "#3"},
				"down": {"uv": [12, 2.28571, 12.42857, 2.85714], "texture": "#3"}
			}
		},
		{
			"from": [9.08462, 10.20554, 7.625],
			"to": [9.83462, 10.95554, 8.375],
			"rotation": {"angle": -22.5, "axis": "z", "origin": [9.20962, 10.28054, 7.875]},
			"faces": {
				"north": {"uv": [3.28571, 12, 2.85714, 12.42857], "texture": "#3"},
				"south": {"uv": [12.42857, 4.57143, 12, 5], "texture": "#3"},
				"west": {"uv": [12.42857, 3.42857, 12, 3.85714], "texture": "#3"},
				"up": {"uv": [12, 6.14286, 12.42857, 5.71429], "texture": "#3"},
				"down": {"uv": [12, 6.85714, 12.42857, 7.28571], "texture": "#3"}
			}
		},
		{
			"from": [10.00005, 10.48082, 7.025],
			"to": [10.50005, 12.83082, 7.055],
			"rotation": {"angle": 22.5, "axis": "z", "origin": [10.81135, 13.8499, 7.875]},
			"faces": {
				"north": {"uv": [2, 10.85714, 1.71429, 12.14286], "texture": "#3"},
				"south": {"uv": [1.71429, 10.85714, 2, 12.14286], "texture": "#3"}
			}
		},
		{
			"from": [10.00005, 10.48082, 8.945],
			"to": [10.50005, 12.83082, 8.975],
			"rotation": {"angle": 22.5, "axis": "z", "origin": [10.81135, 13.8499, 8.125]},
			"faces": {
				"north": {"uv": [2, 10.85714, 1.71429, 12.14286], "texture": "#3"},
				"south": {"uv": [1.71429, 10.85714, 2, 12.14286], "texture": "#3"}
			}
		},
		{
			"from": [11.33207, 10.52248, 7.025],
			"to": [11.83207, 10.55248, 8.975],
			"rotation": {"angle": 22.5, "axis": "z", "origin": [11.58207, 10.52248, 8.2]},
			"faces": {
				"up": {"uv": [11.42857, 12.57143, 11.71429, 11.42857], "texture": "#3"},
				"down": {"uv": [11.42857, 11.42857, 11.71429, 12.57143], "texture": "#3"}
			}
		},
		{
			"from": [11.44612, 10.61859, 6.925],
			"to": [11.94612, 10.64859, 9.075],
			"rotation": {"angle": 45, "axis": "z", "origin": [11.69612, 11.05609, 8]},
			"faces": {
				"up": {"uv": [10.85714, 1.71429, 11.14286, 3], "texture": "#3"},
				"down": {"uv": [10.85714, 1.71429, 11.14286, 3], "texture": "#3"}
			}
		},
		{
			"from": [11.44612, 10.61859, 6.925],
			"to": [11.94612, 12.96859, 6.955],
			"rotation": {"angle": 45, "axis": "z", "origin": [11.69612, 11.05609, 8]},
			"faces": {
				"north": {"uv": [11.14286, 6.85714, 10.85714, 8.14286], "texture": "#3"},
				"south": {"uv": [10.85714, 6.85714, 11.14286, 8.14286], "texture": "#3"}
			}
		},
		{
			"from": [11.44612, 10.61859, 9.045],
			"to": [11.94612, 12.96859, 9.075],
			"rotation": {"angle": 45, "axis": "z", "origin": [11.69612, 11.05609, 10.12]},
			"faces": {
				"north": {"uv": [11.14286, 6.85714, 10.85714, 8.14286], "texture": "#3"},
				"south": {"uv": [10.85714, 6.85714, 11.14286, 8.14286], "texture": "#3"}
			}
		},
		{
			"from": [8, 13.07843, 8.71415],
			"to": [8, 20.07843, 12.46415],
			"rotation": {"angle": 0, "axis": "y", "origin": [5, 13.07843, 8.71415]},
			"faces": {
				"east": {"uv": [1.875, 0, 0, 3.5], "texture": "#4"},
				"west": {"uv": [0, 0, 1.875, 3.5], "texture": "#4"}
			}
		},
		{
			"from": [7.5, 11.14044, 3.81208],
			"to": [8.5, 12.64044, 4.81208],
			"rotation": {"angle": -45, "axis": "x", "origin": [8, 13.53488, 5.06315]},
			"faces": {
				"north": {"uv": [12.5, 12.75, 13, 12], "texture": "#4"},
				"east": {"uv": [12.5, 10, 13.25, 9.5], "rotation": 270, "texture": "#4"},
				"south": {"uv": [0, 13, 0.5, 13.75], "rotation": 180, "texture": "#4"},
				"west": {"uv": [10, 13, 10.75, 12.5], "rotation": 90, "texture": "#4"},
				"up": {"uv": [2, 14.5, 2.5, 14], "rotation": 180, "texture": "#4"},
				"down": {"uv": [14, 2.5, 14.5, 2], "texture": "#4"}
			}
		},
		{
			"from": [7.5085, 14.60377, 3.43144],
			"to": [8.4915, 15.85377, 5.43144],
			"rotation": {"angle": 0, "axis": "x", "origin": [8, 13.53488, 5.06315]},
			"faces": {
				"north": {"uv": [13.5, 10.5, 13, 11.125], "rotation": 180, "texture": "#4"},
				"east": {"uv": [11.5, 6, 10.5, 6.625], "rotation": 180, "texture": "#4"},
				"west": {"uv": [8, 10.5, 7, 11.125], "rotation": 180, "texture": "#4"},
				"up": {"uv": [12.5, 7.5, 12, 6.5], "texture": "#4"},
				"down": {"uv": [12.5, 5, 12, 6], "texture": "#4"}
			}
		},
		{
			"from": [7.5035, 13.53632, 4.79079],
			"to": [8.4965, 15.53632, 6.29079],
			"rotation": {"angle": -22.5, "axis": "x", "origin": [8, 13.53488, 5.06315]},
			"faces": {
				"north": {"uv": [7, 13, 7.5, 12], "texture": "#4"},
				"east": {"uv": [10, 0.75, 11, 0], "rotation": 270, "texture": "#4"},
				"south": {"uv": [8, 12, 8.5, 13], "rotation": 180, "texture": "#4"},
				"west": {"uv": [10.5, 2.25, 11.5, 1.5], "rotation": 90, "texture": "#4"},
				"up": {"uv": [13, 0.75, 13.5, 0], "rotation": 180, "texture": "#4"}
			}
		},
		{
			"from": [8, 13.07843, 3.53585],
			"to": [8, 20.07843, 7.28585],
			"rotation": {"angle": 0, "axis": "y", "origin": [5, 13.07843, 7.28585]},
			"faces": {
				"east": {"uv": [0, 0, 1.875, 3.5], "texture": "#4"},
				"west": {"uv": [1.875, 0, 0, 3.5], "texture": "#4"}
			}
		},
		{
			"from": [7.5, 11.64043, 4.81208],
			"to": [8.5, 13.64043, 6.31208],
			"rotation": {"angle": -45, "axis": "x", "origin": [8, 13.53488, 5.06315]},
			"faces": {
				"north": {"uv": [9, 13, 9.5, 12], "texture": "#4"},
				"east": {"uv": [2.5, 11.25, 3.5, 10.5], "rotation": 270, "texture": "#4"},
				"south": {"uv": [11.5, 12, 12, 13], "rotation": 180, "texture": "#4"},
				"west": {"uv": [10.5, 3.75, 11.5, 3], "rotation": 90, "texture": "#4"},
				"up": {"uv": [13, 2.25, 13.5, 1.5], "rotation": 180, "texture": "#4"},
				"down": {"uv": [13, 3.75, 13.5, 3], "texture": "#4"}
			}
		}
	],
	"gui_light": "front",
	"display": {
		"thirdperson_righthand": {
			"translation": [0, 2.5, 0.75]
		},
		"thirdperson_lefthand": {
			"translation": [0, 2.5, 0.75]
		},
		"firstperson_righthand": {
			"rotation": [12, 0, 0],
			"translation": [4, 1.5, -1.25],
			"scale": [0.8, 0.8, 0.8]
		},
		"firstperson_lefthand": {
			"rotation": [12, 0, 0],
			"translation": [4, 1.5, -1.25],
			"scale": [0.8, 0.8, 0.8]
		},
		"ground": {
			"rotation": [-45, 0, 0],
			"translation": [0, 3, 0],
			"scale": [0.7, 0.7, 0.7]
		},
		"gui": {
			"rotation": [-90, 45, 90],
			"translation": [0.75, -0.75, 0],
			"scale": [0.7, 0.7, 0.7]
		},
		"head": {
			"rotation": [0, -90, 0]
		},
		"fixed": {
			"rotation": [0, -90, 0],
			"translation": [0, 0, -1.5],
			"scale": [2, 2, 2]
		}
	}
}