{
    "credit": "Pologony Creation Co.,Ltd.",
    "texture_size": [
        24,
        24
    ],
    "textures": {
        "0": "item/shovels/heaven_shovel",
        "1": "item/multiple/heaven/animation_1",
        "particle": "item/shovels/heaven_shovel"
    },
    "elements": [
        {
            "from": [
                7.5,
                1,
                6.38425
            ],
            "to": [
                8.5,
                2,
                7.88425
            ],
            "rotation": {
                "angle": -22.5,
                "axis": "x",
                "origin": [
                    7.5,
                    1,
                    7.88425
                ]
            },
            "faces": {
                "east": {
                    "uv": [
                        11,
                        9.66667,
                        12,
                        10.33333
                    ],
                    "texture": "#0"
                },
                "south": {
                    "uv": [
                        6.33333,
                        7.66667,
                        7,
                        8.33333
                    ],
                    "texture": "#0"
                },
                "west": {
                    "uv": [
                        10.33333,
                        11,
                        11.33333,
                        11.66667
                    ],
                    "texture": "#0"
                },
                "up": {
                    "uv": [
                        12.33333,
                        1.33333,
                        11.66667,
                        0.33333
                    ],
                    "texture": "#0"
                },
                "down": {
                    "uv": [
                        2.33333,
                        11.66667,
                        1.66667,
                        12.66667
                    ],
                    "texture": "#0"
                }
            }
        },
        {
            "from": [
                7.625,
                1.28701,
                5.69134
            ],
            "to": [
                8.375,
                2.53701,
                7.19134
            ],
            "rotation": {
                "angle": -22.5,
                "axis": "x",
                "origin": [
                    7.375,
                    1.28701,
                    7.19134
                ]
            },
            "faces": {
                "north": {
                    "uv": [
                        9.66667,
                        13,
                        10.16667,
                        13.83333
                    ],
                    "texture": "#0"
                },
                "east": {
                    "uv": [
                        11,
                        4.33333,
                        12,
                        5.16667
                    ],
                    "texture": "#0"
                },
                "west": {
                    "uv": [
                        11,
                        8.33333,
                        12,
                        9.16667
                    ],
                    "texture": "#0"
                },
                "up": {
                    "uv": [
                        3.5,
                        12.66667,
                        3,
                        11.66667
                    ],
                    "texture": "#0"
                }
            }
        },
        {
            "from": [
                7.25,
                0.31179,
                6.32246
            ],
            "to": [
                8.75,
                2.31179,
                7.07246
            ],
            "rotation": {
                "angle": 22.5,
                "axis": "x",
                "origin": [
                    7.5,
                    1.81179,
                    7.07246
                ]
            },
            "faces": {
                "north": {
                    "uv": [
                        9.66667,
                        1.66667,
                        10.66667,
                        3
                    ],
                    "texture": "#0"
                },
                "east": {
                    "uv": [
                        11.66667,
                        1.66667,
                        12.16667,
                        3
                    ],
                    "texture": "#0"
                },
                "south": {
                    "uv": [
                        9.66667,
                        3,
                        10.66667,
                        4.33333
                    ],
                    "texture": "#0"
                },
                "west": {
                    "uv": [
                        2.33333,
                        11.66667,
                        2.83333,
                        13
                    ],
                    "texture": "#0"
                },
                "up": {
                    "uv": [
                        12,
                        10.83333,
                        11,
                        10.33333
                    ],
                    "texture": "#0"
                },
                "down": {
                    "uv": [
                        12.66667,
                        3,
                        11.66667,
                        3.5
                    ],
                    "texture": "#0"
                }
            }
        },
        {
            "from": [
                7.5,
                1,
                8.11575
            ],
            "to": [
                8.5,
                2,
                9.61575
            ],
            "rotation": {
                "angle": 22.5,
                "axis": "x",
                "origin": [
                    7.5,
                    1,
                    8.11575
                ]
            },
            "faces": {
                "north": {
                    "uv": [
                        7,
                        7.66667,
                        6.33333,
                        8.33333
                    ],
                    "texture": "#0"
                },
                "east": {
                    "uv": [
                        12,
                        9.66667,
                        11,
                        10.33333
                    ],
                    "texture": "#0"
                },
                "west": {
                    "uv": [
                        11.33333,
                        11,
                        10.33333,
                        11.66667
                    ],
                    "texture": "#0"
                },
                "up": {
                    "uv": [
                        12.33333,
                        0.33333,
                        11.66667,
                        1.33333
                    ],
                    "texture": "#0"
                },
                "down": {
                    "uv": [
                        2.33333,
                        12.66667,
                        1.66667,
                        11.66667
                    ],
                    "texture": "#0"
                }
            }
        },
        {
            "from": [
                7.625,
                1.28701,
                8.80866
            ],
            "to": [
                8.375,
                2.53701,
                10.30866
            ],
            "rotation": {
                "angle": 22.5,
                "axis": "x",
                "origin": [
                    7.375,
                    1.28701,
                    8.80866
                ]
            },
            "faces": {
                "east": {
                    "uv": [
                        12,
                        4.33333,
                        11,
                        5.16667
                    ],
                    "texture": "#0"
                },
                "south": {
                    "uv": [
                        10.16667,
                        13,
                        9.66667,
                        13.83333
                    ],
                    "texture": "#0"
                },
                "west": {
                    "uv": [
                        12,
                        8.33333,
                        11,
                        9.16667
                    ],
                    "texture": "#0"
                },
                "up": {
                    "uv": [
                        3.5,
                        11.66667,
                        3,
                        12.66667
                    ],
                    "texture": "#0"
                }
            }
        },
        {
            "from": [
                7.25,
                0.31179,
                8.92754
            ],
            "to": [
                8.75,
                2.31179,
                9.67754
            ],
            "rotation": {
                "angle": -22.5,
                "axis": "x",
                "origin": [
                    7.5,
                    1.81179,
                    8.92754
                ]
            },
            "faces": {
                "north": {
                    "uv": [
                        10.66667,
                        3,
                        9.66667,
                        4.33333
                    ],
                    "texture": "#0"
                },
                "east": {
                    "uv": [
                        12.16667,
                        1.66667,
                        11.66667,
                        3
                    ],
                    "texture": "#0"
                },
                "south": {
                    "uv": [
                        10.66667,
                        1.66667,
                        9.66667,
                        3
                    ],
                    "texture": "#0"
                },
                "west": {
                    "uv": [
                        2.83333,
                        11.66667,
                        2.33333,
                        13
                    ],
                    "texture": "#0"
                },
                "up": {
                    "uv": [
                        12,
                        10.33333,
                        11,
                        10.83333
                    ],
                    "texture": "#0"
                },
                "down": {
                    "uv": [
                        12.66667,
                        3.5,
                        11.66667,
                        3
                    ],
                    "texture": "#0"
                }
            }
        },
        {
            "from": [
                7.25,
                0.25,
                7.75
            ],
            "to": [
                8.75,
                1.75,
                9.25
            ],
            "rotation": {
                "angle": -45,
                "axis": "x",
                "origin": [
                    7.5,
                    0.5,
                    8
                ]
            },
            "faces": {
                "north": {
                    "uv": [
                        9.66667,
                        4.33333,
                        10.66667,
                        5.33333
                    ],
                    "texture": "#0"
                },
                "east": {
                    "uv": [
                        10.33333,
                        0.33333,
                        11.33333,
                        1.33333
                    ],
                    "texture": "#0"
                },
                "south": {
                    "uv": [
                        1.66667,
                        10.33333,
                        2.66667,
                        11.33333
                    ],
                    "texture": "#0"
                },
                "west": {
                    "uv": [
                        5,
                        10.33333,
                        6,
                        11.33333
                    ],
                    "texture": "#0"
                },
                "up": {
                    "uv": [
                        11.33333,
                        6.66667,
                        10.33333,
                        5.66667
                    ],
                    "texture": "#0"
                },
                "down": {
                    "uv": [
                        11.33333,
                        7,
                        10.33333,
                        8
                    ],
                    "texture": "#0"
                }
            }
        },
        {
            "from": [
                6.68934,
                1.76777,
                6.25
            ],
            "to": [
                8.68934,
                2.26777,
                8.25
            ],
            "rotation": {
                "angle": -45,
                "axis": "y",
                "origin": [
                    6.93934,
                    1.76777,
                    8
                ]
            },
            "faces": {
                "north": {
                    "uv": [
                        11.66667,
                        11.66667,
                        13,
                        12
                    ],
                    "texture": "#0"
                },
                "east": {
                    "uv": [
                        0.33333,
                        12.33333,
                        1.66667,
                        12.66667
                    ],
                    "texture": "#0"
                },
                "south": {
                    "uv": [
                        12.33333,
                        0.33333,
                        13.66667,
                        0.66667
                    ],
                    "texture": "#0"
                },
                "west": {
                    "uv": [
                        12.33333,
                        1,
                        13.66667,
                        1.33333
                    ],
                    "texture": "#0"
                },
                "up": {
                    "uv": [
                        9,
                        1.66667,
                        7.66667,
                        0.33333
                    ],
                    "texture": "#0"
                },
                "down": {
                    "uv": [
                        9,
                        1.66667,
                        7.66667,
                        3
                    ],
                    "texture": "#0"
                }
            }
        },
        {
            "from": [
                6.93934,
                2.26777,
                6.5
            ],
            "to": [
                8.43934,
                3.01777,
                8
            ],
            "rotation": {
                "angle": -45,
                "axis": "y",
                "origin": [
                    6.93934,
                    1.76777,
                    8
                ]
            },
            "faces": {
                "north": {
                    "uv": [
                        3.66667,
                        11.66667,
                        4.66667,
                        12.16667
                    ],
                    "texture": "#0"
                },
                "east": {
                    "uv": [
                        11.66667,
                        3.66667,
                        12.66667,
                        4.16667
                    ],
                    "texture": "#0"
                },
                "south": {
                    "uv": [
                        5,
                        11.66667,
                        6,
                        12.16667
                    ],
                    "texture": "#0"
                },
                "west": {
                    "uv": [
                        11.66667,
                        5.66667,
                        12.66667,
                        6.16667
                    ],
                    "texture": "#0"
                }
            }
        },
        {
            "from": [
                7.18934,
                3.51777,
                6.75
            ],
            "to": [
                8.18934,
                7.01777,
                7.75
            ],
            "rotation": {
                "angle": -45,
                "axis": "y",
                "origin": [
                    6.93934,
                    3.01777,
                    8
                ]
            },
            "faces": {
                "north": {
                    "uv": [
                        9,
                        1.66667,
                        9.66667,
                        4
                    ],
                    "texture": "#0"
                },
                "east": {
                    "uv": [
                        3,
                        9,
                        3.66667,
                        11.33333
                    ],
                    "texture": "#0"
                },
                "south": {
                    "uv": [
                        3.66667,
                        9,
                        4.33333,
                        11.33333
                    ],
                    "texture": "#0"
                },
                "west": {
                    "uv": [
                        4.33333,
                        9,
                        5,
                        11.33333
                    ],
                    "texture": "#0"
                }
            }
        },
        {
            "from": [
                6.68934,
                3.01777,
                6.25
            ],
            "to": [
                8.68934,
                3.51777,
                8.25
            ],
            "rotation": {
                "angle": -45,
                "axis": "y",
                "origin": [
                    6.93934,
                    3.01777,
                    8
                ]
            },
            "faces": {
                "north": {
                    "uv": [
                        12.33333,
                        1.66667,
                        13.66667,
                        2
                    ],
                    "texture": "#0"
                },
                "east": {
                    "uv": [
                        12.33333,
                        2.33333,
                        13.66667,
                        2.66667
                    ],
                    "texture": "#0"
                },
                "south": {
                    "uv": [
                        3.66667,
                        12.33333,
                        5,
                        12.66667
                    ],
                    "texture": "#0"
                },
                "west": {
                    "uv": [
                        12.33333,
                        4.33333,
                        13.66667,
                        4.66667
                    ],
                    "texture": "#0"
                },
                "up": {
                    "uv": [
                        3.66667,
                        9,
                        2.33333,
                        7.66667
                    ],
                    "texture": "#0"
                },
                "down": {
                    "uv": [
                        9,
                        3,
                        7.66667,
                        4.33333
                    ],
                    "texture": "#0"
                }
            }
        },
        {
            "from": [
                6.68934,
                8.26777,
                6.25
            ],
            "to": [
                8.68934,
                8.76777,
                8.25
            ],
            "rotation": {
                "angle": -45,
                "axis": "y",
                "origin": [
                    6.93934,
                    8.26777,
                    8
                ]
            },
            "faces": {
                "north": {
                    "uv": [
                        5,
                        12.33333,
                        6.33333,
                        12.66667
                    ],
                    "texture": "#0"
                },
                "east": {
                    "uv": [
                        12.33333,
                        5,
                        13.66667,
                        5.33333
                    ],
                    "texture": "#0"
                },
                "south": {
                    "uv": [
                        6.33333,
                        12.33333,
                        7.66667,
                        12.66667
                    ],
                    "texture": "#0"
                },
                "west": {
                    "uv": [
                        7.66667,
                        12.33333,
                        9,
                        12.66667
                    ],
                    "texture": "#0"
                },
                "up": {
                    "uv": [
                        5,
                        9,
                        3.66667,
                        7.66667
                    ],
                    "texture": "#0"
                },
                "down": {
                    "uv": [
                        6.33333,
                        7.66667,
                        5,
                        9
                    ],
                    "texture": "#0"
                }
            }
        },
        {
            "from": [
                6.93934,
                7.51777,
                6.5
            ],
            "to": [
                8.43934,
                8.26777,
                8
            ],
            "rotation": {
                "angle": -45,
                "axis": "y",
                "origin": [
                    6.93934,
                    7.01777,
                    8
                ]
            },
            "faces": {
                "north": {
                    "uv": [
                        6.33333,
                        11.66667,
                        7.33333,
                        12.16667
                    ],
                    "texture": "#0"
                },
                "east": {
                    "uv": [
                        11.66667,
                        6.33333,
                        12.66667,
                        6.83333
                    ],
                    "texture": "#0"
                },
                "south": {
                    "uv": [
                        11.66667,
                        7,
                        12.66667,
                        7.5
                    ],
                    "texture": "#0"
                },
                "west": {
                    "uv": [
                        7.66667,
                        11.66667,
                        8.66667,
                        12.16667
                    ],
                    "texture": "#0"
                }
            }
        },
        {
            "from": [
                6.68934,
                7.01777,
                6.25
            ],
            "to": [
                8.68934,
                7.51777,
                8.25
            ],
            "rotation": {
                "angle": -45,
                "axis": "y",
                "origin": [
                    6.93934,
                    7.01777,
                    8
                ]
            },
            "faces": {
                "north": {
                    "uv": [
                        12.33333,
                        8.33333,
                        13.66667,
                        8.66667
                    ],
                    "texture": "#0"
                },
                "east": {
                    "uv": [
                        9,
                        12.33333,
                        10.33333,
                        12.66667
                    ],
                    "texture": "#0"
                },
                "south": {
                    "uv": [
                        12.33333,
                        9,
                        13.66667,
                        9.33333
                    ],
                    "texture": "#0"
                },
                "west": {
                    "uv": [
                        12.33333,
                        9.66667,
                        13.66667,
                        10
                    ],
                    "texture": "#0"
                },
                "up": {
                    "uv": [
                        9.66667,
                        5.66667,
                        8.33333,
                        4.33333
                    ],
                    "texture": "#0"
                },
                "down": {
                    "uv": [
                        7.66667,
                        8.33333,
                        6.33333,
                        9.66667
                    ],
                    "texture": "#0"
                }
            }
        },
        {
            "from": [
                6.68934,
                12.26777,
                6.25
            ],
            "to": [
                8.68934,
                12.76777,
                8.25
            ],
            "rotation": {
                "angle": -45,
                "axis": "y",
                "origin": [
                    6.93934,
                    12.26777,
                    8
                ]
            },
            "faces": {
                "north": {
                    "uv": [
                        10.33333,
                        12.33333,
                        11.66667,
                        12.66667
                    ],
                    "texture": "#0"
                },
                "east": {
                    "uv": [
                        12.33333,
                        10.33333,
                        13.66667,
                        10.66667
                    ],
                    "texture": "#0"
                },
                "south": {
                    "uv": [
                        11.66667,
                        12.33333,
                        13,
                        12.66667
                    ],
                    "texture": "#0"
                },
                "west": {
                    "uv": [
                        0.33333,
                        13,
                        1.66667,
                        13.33333
                    ],
                    "texture": "#0"
                },
                "up": {
                    "uv": [
                        9,
                        9.66667,
                        7.66667,
                        8.33333
                    ],
                    "texture": "#0"
                },
                "down": {
                    "uv": [
                        1.66667,
                        9,
                        0.33333,
                        10.33333
                    ],
                    "texture": "#0"
                }
            }
        },
        {
            "from": [
                6.93934,
                11.51777,
                6.5
            ],
            "to": [
                8.43934,
                12.26777,
                8
            ],
            "rotation": {
                "angle": -45,
                "axis": "y",
                "origin": [
                    6.93934,
                    11.01777,
                    8
                ]
            },
            "faces": {
                "north": {
                    "uv": [
                        11.66667,
                        7.66667,
                        12.66667,
                        8.16667
                    ],
                    "texture": "#0"
                },
                "east": {
                    "uv": [
                        9,
                        11.66667,
                        10,
                        12.16667
                    ],
                    "texture": "#0"
                },
                "south": {
                    "uv": [
                        10.33333,
                        11.66667,
                        11.33333,
                        12.16667
                    ],
                    "texture": "#0"
                },
                "west": {
                    "uv": [
                        11.66667,
                        11,
                        12.66667,
                        11.5
                    ],
                    "texture": "#0"
                }
            }
        },
        {
            "from": [
                6.68934,
                11.01777,
                6.25
            ],
            "to": [
                8.68934,
                11.51777,
                8.25
            ],
            "rotation": {
                "angle": -45,
                "axis": "y",
                "origin": [
                    6.93934,
                    11.01777,
                    8
                ]
            },
            "faces": {
                "north": {
                    "uv": [
                        1.66667,
                        13,
                        3,
                        13.33333
                    ],
                    "texture": "#0"
                },
                "east": {
                    "uv": [
                        3,
                        13,
                        4.33333,
                        13.33333
                    ],
                    "texture": "#0"
                },
                "south": {
                    "uv": [
                        13,
                        3,
                        14.33333,
                        3.33333
                    ],
                    "texture": "#0"
                },
                "west": {
                    "uv": [
                        13,
                        3.66667,
                        14.33333,
                        4
                    ],
                    "texture": "#0"
                },
                "up": {
                    "uv": [
                        10.33333,
                        1.66667,
                        9,
                        0.33333
                    ],
                    "texture": "#0"
                },
                "down": {
                    "uv": [
                        3,
                        9,
                        1.66667,
                        10.33333
                    ],
                    "texture": "#0"
                }
            }
        },
        {
            "from": [
                7,
                13.5,
                5.25
            ],
            "to": [
                9,
                15.75,
                7.5
            ],
            "rotation": {
                "angle": -45,
                "axis": "x",
                "origin": [
                    8,
                    16.25,
                    8
                ]
            },
            "faces": {
                "north": {
                    "uv": [
                        4.33333,
                        5.66667,
                        5.66667,
                        7.16667
                    ],
                    "texture": "#0"
                },
                "east": {
                    "uv": [
                        0.33333,
                        5.66667,
                        1.83333,
                        7.16667
                    ],
                    "texture": "#0"
                },
                "south": {
                    "uv": [
                        5.66667,
                        5.66667,
                        7,
                        7.16667
                    ],
                    "texture": "#0"
                },
                "west": {
                    "uv": [
                        2.33333,
                        5.66667,
                        3.83333,
                        7.16667
                    ],
                    "texture": "#0"
                },
                "up": {
                    "uv": [
                        7.66667,
                        1.83333,
                        6.33333,
                        0.33333
                    ],
                    "texture": "#0"
                },
                "down": {
                    "uv": [
                        7.66667,
                        2.33333,
                        6.33333,
                        3.83333
                    ],
                    "texture": "#0"
                }
            }
        },
        {
            "from": [
                6.75,
                13.75,
                5.5
            ],
            "to": [
                9.25,
                15.5,
                7.25
            ],
            "rotation": {
                "angle": -45,
                "axis": "x",
                "origin": [
                    8,
                    16.25,
                    8
                ]
            },
            "faces": {
                "north": {
                    "uv": [
                        6.33333,
                        4.33333,
                        8,
                        5.5
                    ],
                    "texture": "#0"
                },
                "east": {
                    "uv": [
                        5,
                        9,
                        6.16667,
                        10.16667
                    ],
                    "texture": "#0"
                },
                "south": {
                    "uv": [
                        7,
                        5.66667,
                        8.66667,
                        6.83333
                    ],
                    "texture": "#0"
                },
                "west": {
                    "uv": [
                        9,
                        5.66667,
                        10.16667,
                        6.83333
                    ],
                    "texture": "#0"
                },
                "up": {
                    "uv": [
                        8.66667,
                        8.16667,
                        7,
                        7
                    ],
                    "texture": "#0"
                },
                "down": {
                    "uv": [
                        2,
                        7.66667,
                        0.33333,
                        8.83333
                    ],
                    "texture": "#0"
                }
            }
        },
        {
            "from": [
                7.04289,
                8.76777,
                6.92678
            ],
            "to": [
                8.29289,
                11.01777,
                8.17678
            ],
            "rotation": {
                "angle": -45,
                "axis": "y",
                "origin": [
                    7.29289,
                    8.01777,
                    8.17678
                ]
            },
            "faces": {
                "north": {
                    "uv": [
                        6.33333,
                        9.66667,
                        7.16667,
                        11.16667
                    ],
                    "texture": "#0"
                },
                "east": {
                    "uv": [
                        7.66667,
                        9.66667,
                        8.5,
                        11.16667
                    ],
                    "texture": "#0"
                },
                "south": {
                    "uv": [
                        9,
                        9.66667,
                        9.83333,
                        11.16667
                    ],
                    "texture": "#0"
                },
                "west": {
                    "uv": [
                        0.33333,
                        10.33333,
                        1.16667,
                        11.83333
                    ],
                    "texture": "#0"
                }
            }
        },
        {
            "from": [
                7.7585,
                15.22972,
                5.13119
            ],
            "to": [
                8.2415,
                16.17972,
                6.23119
            ],
            "rotation": {
                "angle": 45,
                "axis": "x",
                "origin": [
                    7.7585,
                    15.22972,
                    5.13119
                ]
            },
            "faces": {
                "east": {
                    "uv": [
                        4.33333,
                        13,
                        5,
                        13.66667
                    ],
                    "texture": "#0"
                },
                "south": {
                    "uv": [
                        12.33333,
                        13,
                        12.66667,
                        13.66667
                    ],
                    "texture": "#0"
                },
                "west": {
                    "uv": [
                        5,
                        13,
                        5.66667,
                        13.66667
                    ],
                    "texture": "#0"
                },
                "up": {
                    "uv": [
                        13.33333,
                        13,
                        13,
                        12.33333
                    ],
                    "texture": "#0"
                },
                "down": {
                    "uv": [
                        13.33333,
                        13,
                        13,
                        13.66667
                    ],
                    "texture": "#0"
                }
            }
        },
        {
            "from": [
                7.7535,
                15.14599,
                4.71024
            ],
            "to": [
                8.2465,
                16.24599,
                5.73524
            ],
            "rotation": {
                "angle": -22.5,
                "axis": "x",
                "origin": [
                    7.7535,
                    16.24599,
                    4.71024
                ]
            },
            "faces": {
                "north": {
                    "uv": [
                        0.33333,
                        13.66667,
                        0.66667,
                        14.33333
                    ],
                    "texture": "#0"
                },
                "east": {
                    "uv": [
                        5.66667,
                        13,
                        6.33333,
                        13.66667
                    ],
                    "texture": "#0"
                },
                "south": {
                    "uv": [
                        13.66667,
                        0.33333,
                        14,
                        1
                    ],
                    "texture": "#0"
                },
                "west": {
                    "uv": [
                        13,
                        5.66667,
                        13.66667,
                        6.33333
                    ],
                    "texture": "#0"
                },
                "down": {
                    "uv": [
                        1.33333,
                        13.66667,
                        1,
                        14.33333
                    ],
                    "texture": "#0"
                }
            }
        },
        {
            "from": [
                7.75,
                16.24599,
                4.71024
            ],
            "to": [
                8.25,
                17.34599,
                5.81024
            ],
            "rotation": {
                "angle": 0,
                "axis": "y",
                "origin": [
                    7.75,
                    17.34599,
                    4.71024
                ]
            },
            "faces": {
                "north": {
                    "uv": [
                        13.66667,
                        1,
                        14,
                        1.66667
                    ],
                    "texture": "#0"
                },
                "east": {
                    "uv": [
                        6.33333,
                        13,
                        7,
                        13.66667
                    ],
                    "texture": "#0"
                },
                "south": {
                    "uv": [
                        1.66667,
                        13.66667,
                        2,
                        14.33333
                    ],
                    "texture": "#0"
                },
                "west": {
                    "uv": [
                        13,
                        6.33333,
                        13.66667,
                        7
                    ],
                    "texture": "#0"
                },
                "up": {
                    "uv": [
                        14,
                        2.33333,
                        13.66667,
                        1.66667
                    ],
                    "texture": "#0"
                },
                "down": {
                    "uv": [
                        2.66667,
                        13.66667,
                        2.33333,
                        14.33333
                    ],
                    "texture": "#0"
                }
            }
        },
        {
            "from": [
                7.7585,
                18.33602,
                5.47823
            ],
            "to": [
                8.2415,
                19.28602,
                6.57823
            ],
            "rotation": {
                "angle": -45,
                "axis": "x",
                "origin": [
                    8,
                    18.40522,
                    6.4198
                ]
            },
            "faces": {
                "east": {
                    "uv": [
                        7,
                        13,
                        7.66667,
                        13.66667
                    ],
                    "texture": "#0"
                },
                "south": {
                    "uv": [
                        13.66667,
                        2.33333,
                        14,
                        3
                    ],
                    "texture": "#0"
                },
                "west": {
                    "uv": [
                        13,
                        7,
                        13.66667,
                        7.66667
                    ],
                    "texture": "#0"
                },
                "up": {
                    "uv": [
                        3.33333,
                        14.33333,
                        3,
                        13.66667
                    ],
                    "texture": "#0"
                },
                "down": {
                    "uv": [
                        4,
                        13.66667,
                        3.66667,
                        14.33333
                    ],
                    "texture": "#0"
                }
            }
        },
        {
            "from": [
                7.7535,
                16.7724,
                5.24572
            ],
            "to": [
                8.2465,
                17.8724,
                6.27072
            ],
            "rotation": {
                "angle": 22.5,
                "axis": "x",
                "origin": [
                    8,
                    18.40522,
                    6.4198
                ]
            },
            "faces": {
                "north": {
                    "uv": [
                        4.33333,
                        13.66667,
                        4.66667,
                        14.33333
                    ],
                    "texture": "#0"
                },
                "east": {
                    "uv": [
                        7.66667,
                        13,
                        8.33333,
                        13.66667
                    ],
                    "texture": "#0"
                },
                "south": {
                    "uv": [
                        13.66667,
                        4.33333,
                        14,
                        5
                    ],
                    "texture": "#0"
                },
                "west": {
                    "uv": [
                        13,
                        7.66667,
                        13.66667,
                        8.33333
                    ],
                    "texture": "#0"
                },
                "up": {
                    "uv": [
                        5.33333,
                        14.33333,
                        5,
                        13.66667
                    ],
                    "texture": "#0"
                }
            }
        },
        {
            "from": [
                7.7585,
                15.22972,
                9.76881
            ],
            "to": [
                8.2415,
                16.17972,
                10.86881
            ],
            "rotation": {
                "angle": -45,
                "axis": "x",
                "origin": [
                    7.7585,
                    15.22972,
                    10.86881
                ]
            },
            "faces": {
                "north": {
                    "uv": [
                        12.66667,
                        13,
                        12.33333,
                        13.66667
                    ],
                    "texture": "#0"
                },
                "east": {
                    "uv": [
                        5,
                        13,
                        4.33333,
                        13.66667
                    ],
                    "texture": "#0"
                },
                "west": {
                    "uv": [
                        5.66667,
                        13,
                        5,
                        13.66667
                    ],
                    "texture": "#0"
                },
                "up": {
                    "uv": [
                        13.33333,
                        12.33333,
                        13,
                        13
                    ],
                    "texture": "#0"
                },
                "down": {
                    "uv": [
                        13.33333,
                        13.66667,
                        13,
                        13
                    ],
                    "texture": "#0"
                }
            }
        },
        {
            "from": [
                7.7535,
                15.14599,
                10.26476
            ],
            "to": [
                8.2465,
                16.24599,
                11.28976
            ],
            "rotation": {
                "angle": 22.5,
                "axis": "x",
                "origin": [
                    7.7535,
                    16.24599,
                    11.28976
                ]
            },
            "faces": {
                "north": {
                    "uv": [
                        14,
                        0.33333,
                        13.66667,
                        1
                    ],
                    "texture": "#0"
                },
                "east": {
                    "uv": [
                        6.33333,
                        13,
                        5.66667,
                        13.66667
                    ],
                    "texture": "#0"
                },
                "south": {
                    "uv": [
                        0.66667,
                        13.66667,
                        0.33333,
                        14.33333
                    ],
                    "texture": "#0"
                },
                "west": {
                    "uv": [
                        13.66667,
                        5.66667,
                        13,
                        6.33333
                    ],
                    "texture": "#0"
                },
                "down": {
                    "uv": [
                        1.33333,
                        14.33333,
                        1,
                        13.66667
                    ],
                    "texture": "#0"
                }
            }
        },
        {
            "from": [
                7.75,
                16.24599,
                10.18976
            ],
            "to": [
                8.25,
                17.34599,
                11.28976
            ],
            "rotation": {
                "angle": 0,
                "axis": "y",
                "origin": [
                    7.75,
                    17.34599,
                    11.28976
                ]
            },
            "faces": {
                "north": {
                    "uv": [
                        2,
                        13.66667,
                        1.66667,
                        14.33333
                    ],
                    "texture": "#0"
                },
                "east": {
                    "uv": [
                        7,
                        13,
                        6.33333,
                        13.66667
                    ],
                    "texture": "#0"
                },
                "south": {
                    "uv": [
                        14,
                        1,
                        13.66667,
                        1.66667
                    ],
                    "texture": "#0"
                },
                "west": {
                    "uv": [
                        13.66667,
                        6.33333,
                        13,
                        7
                    ],
                    "texture": "#0"
                },
                "up": {
                    "uv": [
                        14,
                        1.66667,
                        13.66667,
                        2.33333
                    ],
                    "texture": "#0"
                },
                "down": {
                    "uv": [
                        2.66667,
                        14.33333,
                        2.33333,
                        13.66667
                    ],
                    "texture": "#0"
                }
            }
        },
        {
            "from": [
                7.7585,
                18.33602,
                9.42177
            ],
            "to": [
                8.2415,
                19.28602,
                10.52177
            ],
            "rotation": {
                "angle": 45,
                "axis": "x",
                "origin": [
                    8,
                    18.40522,
                    9.5802
                ]
            },
            "faces": {
                "north": {
                    "uv": [
                        14,
                        2.33333,
                        13.66667,
                        3
                    ],
                    "texture": "#0"
                },
                "east": {
                    "uv": [
                        7.66667,
                        13,
                        7,
                        13.66667
                    ],
                    "texture": "#0"
                },
                "west": {
                    "uv": [
                        13.66667,
                        7,
                        13,
                        7.66667
                    ],
                    "texture": "#0"
                },
                "up": {
                    "uv": [
                        3.33333,
                        13.66667,
                        3,
                        14.33333
                    ],
                    "texture": "#0"
                },
                "down": {
                    "uv": [
                        4,
                        14.33333,
                        3.66667,
                        13.66667
                    ],
                    "texture": "#0"
                }
            }
        },
        {
            "from": [
                7.7535,
                16.7724,
                9.72928
            ],
            "to": [
                8.2465,
                17.8724,
                10.75428
            ],
            "rotation": {
                "angle": -22.5,
                "axis": "x",
                "origin": [
                    8,
                    18.40522,
                    9.5802
                ]
            },
            "faces": {
                "north": {
                    "uv": [
                        14,
                        4.33333,
                        13.66667,
                        5
                    ],
                    "texture": "#0"
                },
                "east": {
                    "uv": [
                        8.33333,
                        13,
                        7.66667,
                        13.66667
                    ],
                    "texture": "#0"
                },
                "south": {
                    "uv": [
                        4.66667,
                        13.66667,
                        4.33333,
                        14.33333
                    ],
                    "texture": "#0"
                },
                "west": {
                    "uv": [
                        13.66667,
                        7.66667,
                        13,
                        8.33333
                    ],
                    "texture": "#0"
                },
                "up": {
                    "uv": [
                        5.33333,
                        13.66667,
                        5,
                        14.33333
                    ],
                    "texture": "#0"
                }
            }
        },
        {
            "from": [
                7.745,
                15.57322,
                8.25
            ],
            "to": [
                8.255,
                17.32322,
                10
            ],
            "rotation": {
                "angle": -45,
                "axis": "x",
                "origin": [
                    7.745,
                    15.32322,
                    8
                ]
            },
            "faces": {
                "north": {
                    "uv": [
                        10.33333,
                        13,
                        10.66667,
                        14.16667
                    ],
                    "texture": "#0"
                },
                "east": {
                    "uv": [
                        9,
                        7,
                        10.16667,
                        8.16667
                    ],
                    "texture": "#0"
                },
                "south": {
                    "uv": [
                        11,
                        13,
                        11.33333,
                        14.16667
                    ],
                    "texture": "#0"
                },
                "west": {
                    "uv": [
                        9,
                        8.33333,
                        10.16667,
                        9.5
                    ],
                    "texture": "#0"
                },
                "up": {
                    "uv": [
                        13.33333,
                        12.16667,
                        13,
                        11
                    ],
                    "texture": "#0"
                },
                "down": {
                    "uv": [
                        12,
                        13,
                        11.66667,
                        14.16667
                    ],
                    "texture": "#0"
                }
            }
        },
        {
            "from": [
                7.745,
                19.66468,
                8
            ],
            "to": [
                8.255,
                20.72468,
                9.06
            ],
            "rotation": {
                "angle": -45,
                "axis": "x",
                "origin": [
                    7.745,
                    19.66468,
                    8
                ]
            },
            "faces": {
                "north": {
                    "uv": [
                        13.66667,
                        5,
                        14,
                        5.66667
                    ],
                    "texture": "#0"
                },
                "east": {
                    "uv": [
                        8.33333,
                        13,
                        9,
                        13.66667
                    ],
                    "texture": "#0"
                },
                "south": {
                    "uv": [
                        5.66667,
                        13.66667,
                        6,
                        14.33333
                    ],
                    "texture": "#0"
                },
                "west": {
                    "uv": [
                        9,
                        13,
                        9.66667,
                        13.66667
                    ],
                    "texture": "#0"
                },
                "up": {
                    "uv": [
                        14,
                        6.33333,
                        13.66667,
                        5.66667
                    ],
                    "texture": "#0"
                },
                "down": {
                    "uv": [
                        6.66667,
                        13.66667,
                        6.33333,
                        14.33333
                    ],
                    "texture": "#0"
                }
            }
        },
        {
            "from": [
                7.75,
                16.91421,
                7.25
            ],
            "to": [
                8.25,
                20.91421,
                8.75
            ],
            "rotation": {
                "angle": 0,
                "axis": "y",
                "origin": [
                    8.25,
                    17.91421,
                    8
                ]
            },
            "faces": {
                "north": {
                    "uv": [
                        10.33333,
                        8.33333,
                        10.66667,
                        11
                    ],
                    "texture": "#0"
                },
                "east": {
                    "uv": [
                        5,
                        0.33333,
                        6,
                        3
                    ],
                    "texture": "#0"
                },
                "south": {
                    "uv": [
                        11,
                        1.66667,
                        11.33333,
                        4.33333
                    ],
                    "texture": "#0"
                },
                "west": {
                    "uv": [
                        5,
                        3,
                        6,
                        5.66667
                    ],
                    "texture": "#0"
                }
            }
        },
        {
            "from": [
                6.9,
                10.825,
                4.875
            ],
            "to": [
                6.9,
                17.075,
                11.125
            ],
            "rotation": {
                "angle": 0,
                "axis": "y",
                "origin": [
                    0,
                    4,
                    5.125
                ]
            },
            "faces": {
                "west": {
                    "uv": [
                        0,
                        0,
                        12.5,
                        12.5
                    ],
                    "texture": "#1"
                }
            }
        },
        {
            "from": [
                9.1,
                10.825,
                4.875
            ],
            "to": [
                9.1,
                17.075,
                11.125
            ],
            "rotation": {
                "angle": 0,
                "axis": "y",
                "origin": [
                    16,
                    4,
                    5.125
                ]
            },
            "faces": {
                "east": {
                    "uv": [
                        12.5,
                        0,
                        0,
                        12.5
                    ],
                    "texture": "#1"
                }
            }
        },
        {
            "from": [
                7.985,
                15,
                4.5
            ],
            "to": [
                8.015,
                23,
                11.5
            ],
            "rotation": {
                "angle": 0,
                "axis": "y",
                "origin": [
                    7.985,
                    -1,
                    0.5
                ]
            },
            "faces": {
                "east": {
                    "uv": [
                        4.66667,
                        0,
                        0,
                        5.33333
                    ],
                    "texture": "#0"
                },
                "west": {
                    "uv": [
                        0,
                        0,
                        4.66667,
                        5.33333
                    ],
                    "texture": "#0"
                }
            }
        }
    ],
    "gui_light": "front",
    "display": {
        "thirdperson_righthand": {
            "translation": [
                0,
                0.75,
                1
            ]
        },
        "thirdperson_lefthand": {
            "translation": [
                0,
                0.75,
                1
            ]
        },
        "firstperson_righthand": {
            "rotation": [
                5,
                0,
                0
            ],
            "translation": [
                2.75,
                0.25,
                0
            ],
            "scale": [
                0.7,
                0.7,
                0.7
            ]
        },
        "firstperson_lefthand": {
            "rotation": [
                5,
                0,
                0
            ],
            "translation": [
                2.75,
                0.25,
                0
            ],
            "scale": [
                0.7,
                0.7,
                0.7
            ]
        },
        "ground": {
            "rotation": [
                45,
                0,
                0
            ],
            "translation": [
                0,
                3,
                0
            ],
            "scale": [
                0.7,
                0.7,
                0.7
            ]
        },
        "gui": {
            "rotation": [
                90,
                -45,
                90
            ],
            "translation": [
                2,
                -2.25,
                0
            ],
            "scale": [
                0.7,
                0.7,
                0.7
            ]
        },
        "head": {
            "rotation": [
                0,
                90,
                0
            ]
        },
        "fixed": {
            "rotation": [
                0,
                90,
                0
            ],
            "translation": [
                0,
                0,
                -1.75
            ],
            "scale": [
                2,
                2,
                2
            ]
        }
    }
}