{
	"credit": "Made with Blockbench",
	"texture_size": [128, 128],
	"textures": {
		"0": "item/multiple/hw_phantom_2024/ghost_texture",
		"2": "item/multiple/hw_phantom_2024/ghost_animation2",
		"particle": "item/multiple/hw_phantom_2024/ghost_texture"
	},
	"elements": [
		{
			"from": [8, 8.5, 6.25],
			"to": [10, 15, 9.75],
			"rotation": {"angle": 0, "axis": "y", "origin": [9.5, 10.25, 8]},
			"faces": {
				"north": {"uv": [0.75, 4.5625, 0.5, 5.375], "texture": "#0"},
				"east": {"uv": [0.5, 5.375, 0.0625, 4.5625], "texture": "#0"},
				"south": {"uv": [0.75, 4.5625, 0.5, 5.375], "texture": "#0"},
				"west": {"uv": [0.5, 5.375, 0.0625, 4.5625], "texture": "#0"},
				"up": {"uv": [1.625, 2, 1.375, 1.5625], "texture": "#0"},
				"down": {"uv": [1.625, 2.75, 1.375, 2.3125], "texture": "#0"}
			}
		},
		{
			"from": [9.5, 9.5, 6.75],
			"to": [10.5, 14, 9.25],
			"rotation": {"angle": 0, "axis": "y", "origin": [9.5, 10.75, 8]},
			"faces": {
				"north": {"uv": [1.1875, 4.5625, 1.0625, 5.125], "texture": "#0"},
				"east": {"uv": [1.0625, 5.125, 0.75, 4.5625], "texture": "#0"},
				"south": {"uv": [1.1875, 4.5625, 1.0625, 5.125], "texture": "#0"},
				"west": {"uv": [1.0625, 5.125, 0.75, 4.5625], "texture": "#0"},
				"up": {"uv": [1.5, 2.3125, 1.375, 2], "texture": "#0"},
				"down": {"uv": [1.5, 2.3125, 1.375, 2], "texture": "#0"}
			}
		},
		{
			"from": [6, 8.5, 6.25],
			"to": [8, 15, 9.75],
			"rotation": {"angle": 0, "axis": "y", "origin": [6.5, 10.25, 8]},
			"faces": {
				"north": {"uv": [0.5, 4.5625, 0.75, 5.375], "texture": "#0"},
				"east": {"uv": [0.0625, 5.375, 0.5, 4.5625], "texture": "#0"},
				"south": {"uv": [0.5, 4.5625, 0.75, 5.375], "texture": "#0"},
				"west": {"uv": [0.0625, 5.375, 0.5, 4.5625], "texture": "#0"},
				"up": {"uv": [1.375, 2, 1.625, 1.5625], "texture": "#0"},
				"down": {"uv": [1.375, 2.75, 1.625, 2.3125], "texture": "#0"}
			}
		},
		{
			"from": [5.5, 9.5, 6.75],
			"to": [6.5, 14, 9.25],
			"rotation": {"angle": 0, "axis": "y", "origin": [6.5, 10.75, 8]},
			"faces": {
				"north": {"uv": [1.0625, 4.5625, 1.1875, 5.125], "texture": "#0"},
				"east": {"uv": [0.75, 5.125, 1.0625, 4.5625], "texture": "#0"},
				"south": {"uv": [1.0625, 4.5625, 1.1875, 5.125], "texture": "#0"},
				"west": {"uv": [0.75, 5.125, 1.0625, 4.5625], "texture": "#0"},
				"up": {"uv": [1.375, 2.3125, 1.5, 2], "texture": "#0"},
				"down": {"uv": [1.375, 2.3125, 1.5, 2], "texture": "#0"}
			}
		},
		{
			"from": [6.5, -3.5, 6.5],
			"to": [9.5, -2, 9.5],
			"rotation": {"angle": 45, "axis": "y", "origin": [8, -3, 8]},
			"faces": {
				"north": {"uv": [2.1875, 1.75, 2.5625, 1.9375], "texture": "#0"},
				"east": {"uv": [2.5625, 1.75, 2.1875, 1.9375], "texture": "#0"},
				"south": {"uv": [2.1875, 1.75, 2.5625, 1.9375], "texture": "#0"},
				"west": {"uv": [2.5625, 1.75, 2.1875, 1.9375], "texture": "#0"},
				"up": {"uv": [2.5625, 1.375, 2.1875, 1.75], "rotation": 90, "texture": "#0"},
				"down": {"uv": [2.1875, 1.375, 2.5625, 1.75], "rotation": 90, "texture": "#0"}
			}
		},
		{
			"from": [6.5, 7.5, 6.5],
			"to": [9.5, 9, 9.5],
			"rotation": {"angle": 45, "axis": "y", "origin": [8, 8, 8]},
			"faces": {
				"north": {"uv": [2.1875, 1.75, 2.5625, 1.9375], "texture": "#0"},
				"east": {"uv": [2.5625, 1.75, 2.1875, 1.9375], "texture": "#0"},
				"south": {"uv": [2.1875, 1.75, 2.5625, 1.9375], "texture": "#0"},
				"west": {"uv": [2.5625, 1.75, 2.1875, 1.9375], "texture": "#0"},
				"up": {"uv": [2.5625, 1.375, 2.1875, 1.75], "rotation": 90, "texture": "#0"},
				"down": {"uv": [2.1875, 1.375, 2.5625, 1.75], "rotation": 90, "texture": "#0"}
			}
		},
		{
			"from": [6.75, -14, 6.75],
			"to": [9.25, -12.5, 9.25],
			"rotation": {"angle": 45, "axis": "y", "origin": [8, -14.5, 8]},
			"faces": {
				"north": {"uv": [2.1875, 1.9375, 2.5, 2.125], "texture": "#0"},
				"east": {"uv": [2.5, 1.9375, 2.1875, 2.125], "texture": "#0"},
				"south": {"uv": [2.1875, 1.9375, 2.5, 2.125], "texture": "#0"},
				"west": {"uv": [2.5, 1.9375, 2.1875, 2.125], "texture": "#0"}
			}
		},
		{
			"from": [6.5, -12.5, 6.5],
			"to": [9.5, -11, 9.5],
			"rotation": {"angle": 45, "axis": "y", "origin": [8, -11.5, 8]},
			"faces": {
				"north": {"uv": [2.1875, 2.5, 2.5625, 2.6875], "texture": "#0"},
				"east": {"uv": [2.1875, 2.5, 2.5625, 2.6875], "texture": "#0"},
				"south": {"uv": [2.1875, 2.5, 2.5625, 2.6875], "texture": "#0"},
				"west": {"uv": [2.1875, 2.5, 2.5625, 2.6875], "texture": "#0"},
				"up": {"uv": [2.1875, 2.125, 2.5625, 2.5], "texture": "#0"},
				"down": {"uv": [2.1875, 2.125, 2.5625, 2.5], "texture": "#0"}
			}
		},
		{
			"from": [6.25, -15.5, 6.25],
			"to": [9.75, -14, 9.75],
			"rotation": {"angle": 45, "axis": "y", "origin": [8, -14.75, 8]},
			"faces": {
				"north": {"uv": [2.1875, 2.6875, 2.625, 2.875], "texture": "#0"},
				"east": {"uv": [2.1875, 2.6875, 2.625, 2.875], "texture": "#0"},
				"south": {"uv": [2.1875, 2.6875, 2.625, 2.875], "texture": "#0"},
				"west": {"uv": [2.1875, 2.6875, 2.625, 2.875], "texture": "#0"},
				"up": {"uv": [2.1875, 2.875, 2.625, 3.3125], "texture": "#0"},
				"down": {"uv": [2.1875, 2.875, 2.625, 3.3125], "texture": "#0"}
			}
		},
		{
			"from": [7, -16, 7],
			"to": [9, 10, 9],
			"rotation": {"angle": 45, "axis": "y", "origin": [8, 4, 8]},
			"faces": {
				"north": {"uv": [2.875, 0, 2.625, 3.25], "texture": "#0"},
				"east": {"uv": [2.625, 0, 2.875, 3.25], "texture": "#0"},
				"south": {"uv": [2.875, 0, 2.625, 3.25], "texture": "#0"},
				"west": {"uv": [2.625, 0, 2.875, 3.25], "texture": "#0"},
				"up": {"uv": [2.1875, 3.125, 1.9375, 3.375], "texture": "#0"},
				"down": {"uv": [2.1875, 3.125, 1.9375, 3.375], "texture": "#0"}
			}
		},
		{
			"from": [7, 15, 7],
			"to": [9, 17.5, 9],
			"rotation": {"angle": 45, "axis": "y", "origin": [8, 12, 8]},
			"faces": {
				"north": {"uv": [4.25, 0, 4.5, 0.3125], "texture": "#0"},
				"east": {"uv": [4.5, 0, 4.25, 0.3125], "texture": "#0"},
				"south": {"uv": [4.25, 0, 4.5, 0.3125], "texture": "#0"},
				"west": {"uv": [4.5, 0, 4.25, 0.3125], "texture": "#0"},
				"up": {"uv": [4.5, 0.3125, 4.25, 0.5625], "texture": "#0"},
				"down": {"uv": [4.5, 0.3125, 4.25, 0.5625], "texture": "#0"}
			}
		},
		{
			"from": [7.3, 19, 5],
			"to": [8.7, 23.9, 9.9],
			"rotation": {"angle": 45, "axis": "x", "origin": [8, 20.9, 8]},
			"faces": {
				"north": {"uv": [8.425, 1.375, 8.25, 2], "texture": "#0"},
				"east": {"uv": [9.8125, 1.9375, 9.1875, 2.5625], "texture": "#0"},
				"south": {"uv": [7.3125, 2.875, 7.4875, 3.5], "texture": "#0"},
				"west": {"uv": [9.1875, 1.9375, 8.5625, 2.5625], "texture": "#0"},
				"up": {"uv": [8.25, 1.375, 8.425, 2], "texture": "#0"},
				"down": {"uv": [7.3125, 2.875, 7.4875, 3.5], "texture": "#0"}
			}
		},
		{
			"from": [7.25, 14.7, 4.5],
			"to": [8.75, 21.7, 11.5],
			"rotation": {"angle": 0, "axis": "y", "origin": [16, 2.7, 0]},
			"faces": {
				"north": {"uv": [8.75, 3.5625, 8.9375, 4.4375], "texture": "#0"},
				"east": {"uv": [7.875, 4.5, 7, 5.375], "texture": "#0"},
				"south": {"uv": [8.9375, 3.5625, 8.75, 4.4375], "texture": "#0"},
				"west": {"uv": [8.75, 4.5, 7.875, 5.375], "texture": "#0"},
				"up": {"uv": [8.9375, 4.4375, 8.75, 5.3125], "texture": "#0"},
				"down": {"uv": [2.9375, 6.3125, 2.75, 7.1875], "texture": "#0"}
			}
		},
		{
			"from": [7, 9.05, 3.5],
			"to": [9.1, 13.45, 5.6],
			"rotation": {"angle": 45, "axis": "y", "origin": [8, 11.25, 4.6]},
			"faces": {
				"north": {"uv": [1.4375, 4.375, 1.8125, 3.8125], "texture": "#0"},
				"east": {"uv": [1.8125, 4.375, 1.4375, 3.8125], "texture": "#0"},
				"south": {"uv": [1.4375, 4.375, 1.8125, 3.8125], "texture": "#0"},
				"west": {"uv": [1.4375, 4.375, 1.8125, 3.8125], "texture": "#0"},
				"up": {"uv": [1.375, 3, 1.625, 3.25], "rotation": 270, "texture": "#0"},
				"down": {"uv": [1.375, 2.75, 1.625, 3], "rotation": 270, "texture": "#0"}
			}
		},
		{
			"from": [7, 9.05, 10.4],
			"to": [9.1, 13.45, 12.5],
			"rotation": {"angle": -45, "axis": "y", "origin": [8, 11.25, 11.4]},
			"faces": {
				"north": {"uv": [1.8125, 4.375, 1.4375, 3.8125], "texture": "#0"},
				"east": {"uv": [1.4375, 4.375, 1.8125, 3.8125], "texture": "#0"},
				"south": {"uv": [1.8125, 4.375, 1.4375, 3.8125], "texture": "#0"},
				"west": {"uv": [1.8125, 4.375, 1.4375, 3.8125], "texture": "#0"},
				"up": {"uv": [1.625, 3, 1.375, 3.25], "rotation": 270, "texture": "#0"},
				"down": {"uv": [1.625, 2.75, 1.375, 3], "rotation": 270, "texture": "#0"}
			}
		},
		{
			"from": [6.5, 9, 4.5],
			"to": [9.5, 13.5, 11.5],
			"rotation": {"angle": 0, "axis": "y", "origin": [8, 3.88858, 8.0625]},
			"faces": {
				"north": {"uv": [1.4375, 3.25, 1.8125, 3.8125], "texture": "#0"},
				"east": {"uv": [1.8125, 4.5, 2.6875, 3.9375], "texture": "#0"},
				"south": {"uv": [1.4375, 3.25, 1.8125, 3.8125], "texture": "#0"},
				"west": {"uv": [1.8125, 4.5, 2.6875, 3.9375], "texture": "#0"},
				"up": {"uv": [0.3125, 3.8125, 1.1875, 4.1875], "rotation": 270, "texture": "#0"},
				"down": {"uv": [0.0625, 4.1875, 0.9375, 4.5625], "rotation": 270, "texture": "#0"}
			}
		},
		{
			"from": [8, -10.8, -4.5],
			"to": [8, 11.2, 8.5],
			"rotation": {"angle": 22.5, "axis": "x", "origin": [8, 0.2, 2]},
			"faces": {
				"north": {"uv": [0, 0, 0, 10], "rotation": 180, "texture": "#missing"},
				"east": {"uv": [0, 0, 6.5, 11], "rotation": 180, "texture": "#2"},
				"south": {"uv": [0, 0, 0, 10], "rotation": 180, "texture": "#missing"},
				"west": {"uv": [6.5, 0, 0, 11], "rotation": 180, "texture": "#2"},
				"up": {"uv": [0, 5, 0, 0], "texture": "#missing"},
				"down": {"uv": [0, 0, 0, 5], "texture": "#missing"}
			}
		}
	],
	"gui_light": "front",
	"display": {
		"thirdperson_righthand": {
			"translation": [0, 5, 1],
			"scale": [0.6, 0.6, 0.6]
		},
		"thirdperson_lefthand": {
			"translation": [0, 5, 1],
			"scale": [0.6, 0.6, 0.6]
		},
		"firstperson_righthand": {
			"rotation": [10, 0, -2],
			"translation": [3.5, 2.5, -0.75],
			"scale": [0.5, 0.5, 0.5]
		},
		"firstperson_lefthand": {
			"rotation": [10, -180, -2],
			"translation": [3.5, 2.5, -0.75],
			"scale": [0.5, 0.5, 0.5]
		},
		"ground": {
			"rotation": [180, 0, 90],
			"translation": [-4.75, 1, 0],
			"scale": [0.5, 0.5, 0.5]
		},
		"gui": {
			"rotation": [90, 135, -90],
			"translation": [-1.25, 1.75, -1.25],
			"scale": [0.45, 0.45, 0.45]
		},
		"head": {
			"rotation": [90, -168, 90],
			"translation": [2, 11.75, 0],
			"scale": [0.56, 0.56, 0.56]
		},
		"fixed": {
			"rotation": [0, -90, 0],
			"translation": [0, 4.25, -2.25],
			"scale": [1.07898, 1.07898, 1.07898]
		}
	}
}