{
	"credit": "Made with Blockbench",
	"texture_size": [24, 24],
	"textures": {
		"0": "item/axes/stpatrick_2024_axe/animations/animation_1",
		"1": "item/shovels/stpatrick_2024_shovel",
		"particle": "item/shovels/stpatrick_2024_shovel"
	},
	"elements": [
		{
			"from": [6.25, 11.67132, 7.5],
			"to": [7.25, 12.67132, 8.5],
			"rotation": {"angle": -45, "axis": "x", "origin": [6.75, 12.17132, 8]},
			"faces": {
				"north": {"uv": [3.33333, 6.66667, 4, 7.33333], "texture": "#1"},
				"south": {"uv": [6, 6.66667, 6.66667, 7.33333], "texture": "#1"},
				"west": {"uv": [7.33333, 2, 8, 2.66667], "texture": "#1"},
				"up": {"uv": [8, 3.33333, 7.33333, 2.66667], "texture": "#1"},
				"down": {"uv": [3.33333, 8.66667, 2.66667, 9.33333], "texture": "#1"}
			}
		},
		{
			"from": [6.5, 12.2493, 8.07798],
			"to": [7, 13.2493, 9.07798],
			"rotation": {"angle": -45, "axis": "x", "origin": [6.75, 12.17132, 8]},
			"faces": {
				"north": {"uv": [7.33333, 10, 7.66667, 10.66667], "texture": "#1"},
				"east": {"uv": [9.33333, 1.33333, 10, 2], "texture": "#1"},
				"west": {"uv": [4, 9.33333, 4.66667, 10], "texture": "#1"},
				"down": {"uv": [10.33333, 7.33333, 10, 8], "texture": "#1"}
			}
		},
		{
			"from": [6.5, 11.89575, 9.22443],
			"to": [7, 12.89575, 10.22443],
			"rotation": {"angle": -45, "axis": "x", "origin": [6.75, 11.81777, 7.64645]},
			"faces": {
				"east": {"uv": [4.66667, 9.33333, 5.33333, 10], "texture": "#1"},
				"south": {"uv": [8, 10, 8.33333, 10.66667], "texture": "#1"},
				"west": {"uv": [5.33333, 9.33333, 6, 10], "texture": "#1"},
				"up": {"uv": [10.33333, 8.66667, 10, 8], "texture": "#1"},
				"down": {"uv": [9, 10, 8.66667, 10.66667], "texture": "#1"}
			}
		},
		{
			"from": [6.5, 13.39575, 8.43153],
			"to": [7, 14.39575, 9.43153],
			"rotation": {"angle": -45, "axis": "x", "origin": [6.75, 11.81777, 8.35355]},
			"faces": {
				"north": {"uv": [10, 8.66667, 10.33333, 9.33333], "texture": "#1"},
				"east": {"uv": [6, 9.33333, 6.66667, 10], "texture": "#1"},
				"south": {"uv": [9.33333, 10, 9.66667, 10.66667], "texture": "#1"},
				"west": {"uv": [9.33333, 6, 10, 6.66667], "texture": "#1"},
				"up": {"uv": [10.33333, 10, 10, 9.33333], "texture": "#1"}
			}
		},
		{
			"from": [6.5, 10.32554, 6.73996],
			"to": [7, 11.32554, 7.73996],
			"rotation": {"angle": 22.5, "axis": "x", "origin": [6.75, 11.57554, 6.98996]},
			"faces": {
				"north": {"uv": [10, 10, 10.33333, 10.66667], "texture": "#1"},
				"east": {"uv": [6.66667, 9.33333, 7.33333, 10], "texture": "#1"},
				"south": {"uv": [0, 10.66667, 0.33333, 11.33333], "texture": "#1"},
				"west": {"uv": [9.33333, 6.66667, 10, 7.33333], "texture": "#1"},
				"down": {"uv": [11, 0, 10.66667, 0.66667], "texture": "#1"}
			}
		},
		{
			"from": [6.5, 11.32554, 6.73996],
			"to": [7, 12.32554, 7.73996],
			"rotation": {"angle": 22.5, "axis": "x", "origin": [6.75, 11.57554, 6.98996]},
			"faces": {
				"east": {"uv": [7.33333, 9.33333, 8, 10], "texture": "#1"},
				"south": {"uv": [0.66667, 10.66667, 1, 11.33333], "texture": "#1"},
				"west": {"uv": [8, 9.33333, 8.66667, 10], "texture": "#1"},
				"up": {"uv": [11, 1.33333, 10.66667, 0.66667], "texture": "#1"}
			}
		},
		{
			"from": [6.5, 11.32554, 5.73995],
			"to": [7, 12.32554, 6.73995],
			"rotation": {"angle": 22.5, "axis": "x", "origin": [6.75, 11.57554, 6.98996]},
			"faces": {
				"north": {"uv": [1.33333, 10.66667, 1.66667, 11.33333], "texture": "#1"},
				"east": {"uv": [0, 10, 0.66667, 10.66667], "texture": "#1"},
				"west": {"uv": [0.66667, 10, 1.33333, 10.66667], "texture": "#1"},
				"up": {"uv": [11, 2, 10.66667, 1.33333], "texture": "#1"},
				"down": {"uv": [2.33333, 10.66667, 2, 11.33333], "texture": "#1"}
			}
		},
		{
			"from": [6.5, 11.32554, 9.26005],
			"to": [7, 12.32554, 10.26005],
			"rotation": {"angle": -22.5, "axis": "x", "origin": [6.75, 11.57554, 9.01004]},
			"faces": {
				"east": {"uv": [1.33333, 10, 2, 10.66667], "texture": "#1"},
				"south": {"uv": [10.66667, 2, 11, 2.66667], "texture": "#1"},
				"west": {"uv": [10, 1.33333, 10.66667, 2], "texture": "#1"},
				"up": {"uv": [3, 11.33333, 2.66667, 10.66667], "texture": "#1"},
				"down": {"uv": [11, 2.66667, 10.66667, 3.33333], "texture": "#1"}
			}
		},
		{
			"from": [6.5, 11.32554, 8.26004],
			"to": [7, 12.32554, 9.26004],
			"rotation": {"angle": -22.5, "axis": "x", "origin": [6.75, 11.57554, 9.01004]},
			"faces": {
				"north": {"uv": [3.33333, 10.66667, 3.66667, 11.33333], "texture": "#1"},
				"east": {"uv": [10, 2, 10.66667, 2.66667], "texture": "#1"},
				"west": {"uv": [10, 2.66667, 10.66667, 3.33333], "texture": "#1"},
				"up": {"uv": [11, 4, 10.66667, 3.33333], "texture": "#1"}
			}
		},
		{
			"from": [6.5, 10.32554, 8.26004],
			"to": [7, 11.32554, 9.26004],
			"rotation": {"angle": -22.5, "axis": "x", "origin": [6.75, 11.57554, 9.01004]},
			"faces": {
				"north": {"uv": [4, 10.66667, 4.33333, 11.33333], "texture": "#1"},
				"east": {"uv": [10, 3.33333, 10.66667, 4], "texture": "#1"},
				"south": {"uv": [10.66667, 4, 11, 4.66667], "texture": "#1"},
				"west": {"uv": [4, 10, 4.66667, 10.66667], "texture": "#1"},
				"down": {"uv": [5, 10.66667, 4.66667, 11.33333], "texture": "#1"}
			}
		},
		{
			"from": [8.75, 11.67132, 7.5],
			"to": [9.75, 12.67132, 8.5],
			"rotation": {"angle": -45, "axis": "x", "origin": [9.25, 12.17132, 8]},
			"faces": {
				"north": {"uv": [4, 6.66667, 3.33333, 7.33333], "texture": "#1"},
				"east": {"uv": [8, 2, 7.33333, 2.66667], "texture": "#1"},
				"south": {"uv": [6.66667, 6.66667, 6, 7.33333], "texture": "#1"},
				"up": {"uv": [7.33333, 3.33333, 8, 2.66667], "texture": "#1"},
				"down": {"uv": [2.66667, 8.66667, 3.33333, 9.33333], "texture": "#1"}
			}
		},
		{
			"from": [9, 12.2493, 8.07798],
			"to": [9.5, 13.2493, 9.07798],
			"rotation": {"angle": -45, "axis": "x", "origin": [9.25, 12.17132, 8]},
			"faces": {
				"north": {"uv": [7.66667, 10, 7.33333, 10.66667], "texture": "#1"},
				"east": {"uv": [4.66667, 9.33333, 4, 10], "texture": "#1"},
				"west": {"uv": [10, 1.33333, 9.33333, 2], "texture": "#1"},
				"down": {"uv": [10, 7.33333, 10.33333, 8], "texture": "#1"}
			}
		},
		{
			"from": [9, 11.89575, 9.22443],
			"to": [9.5, 12.89575, 10.22443],
			"rotation": {"angle": -45, "axis": "x", "origin": [9.25, 11.81777, 7.64645]},
			"faces": {
				"east": {"uv": [6, 9.33333, 5.33333, 10], "texture": "#1"},
				"south": {"uv": [8.33333, 10, 8, 10.66667], "texture": "#1"},
				"west": {"uv": [5.33333, 9.33333, 4.66667, 10], "texture": "#1"},
				"up": {"uv": [10, 8.66667, 10.33333, 8], "texture": "#1"},
				"down": {"uv": [8.66667, 10, 9, 10.66667], "texture": "#1"}
			}
		},
		{
			"from": [9, 13.39575, 8.43153],
			"to": [9.5, 14.39575, 9.43153],
			"rotation": {"angle": -45, "axis": "x", "origin": [9.25, 11.81777, 8.35355]},
			"faces": {
				"north": {"uv": [10.33333, 8.66667, 10, 9.33333], "texture": "#1"},
				"east": {"uv": [10, 6, 9.33333, 6.66667], "texture": "#1"},
				"south": {"uv": [9.66667, 10, 9.33333, 10.66667], "texture": "#1"},
				"west": {"uv": [6.66667, 9.33333, 6, 10], "texture": "#1"},
				"up": {"uv": [10, 10, 10.33333, 9.33333], "texture": "#1"}
			}
		},
		{
			"from": [9, 10.32554, 6.73996],
			"to": [9.5, 11.32554, 7.73996],
			"rotation": {"angle": 22.5, "axis": "x", "origin": [9.25, 11.57554, 6.98996]},
			"faces": {
				"north": {"uv": [10.33333, 10, 10, 10.66667], "texture": "#1"},
				"east": {"uv": [10, 6.66667, 9.33333, 7.33333], "texture": "#1"},
				"south": {"uv": [0.33333, 10.66667, 0, 11.33333], "texture": "#1"},
				"west": {"uv": [7.33333, 9.33333, 6.66667, 10], "texture": "#1"},
				"down": {"uv": [10.66667, 0, 11, 0.66667], "texture": "#1"}
			}
		},
		{
			"from": [9, 11.32554, 6.73996],
			"to": [9.5, 12.32554, 7.73996],
			"rotation": {"angle": 22.5, "axis": "x", "origin": [9.25, 11.57554, 6.98996]},
			"faces": {
				"east": {"uv": [8.66667, 9.33333, 8, 10], "texture": "#1"},
				"south": {"uv": [1, 10.66667, 0.66667, 11.33333], "texture": "#1"},
				"west": {"uv": [8, 9.33333, 7.33333, 10], "texture": "#1"},
				"up": {"uv": [10.66667, 1.33333, 11, 0.66667], "texture": "#1"}
			}
		},
		{
			"from": [9, 11.32554, 5.73995],
			"to": [9.5, 12.32554, 6.73995],
			"rotation": {"angle": 22.5, "axis": "x", "origin": [9.25, 11.57554, 6.98996]},
			"faces": {
				"north": {"uv": [1.66667, 10.66667, 1.33333, 11.33333], "texture": "#1"},
				"east": {"uv": [1.33333, 10, 0.66667, 10.66667], "texture": "#1"},
				"west": {"uv": [0.66667, 10, 0, 10.66667], "texture": "#1"},
				"up": {"uv": [10.66667, 2, 11, 1.33333], "texture": "#1"},
				"down": {"uv": [2, 10.66667, 2.33333, 11.33333], "texture": "#1"}
			}
		},
		{
			"from": [9, 11.32554, 9.26005],
			"to": [9.5, 12.32554, 10.26005],
			"rotation": {"angle": -22.5, "axis": "x", "origin": [9.25, 11.57554, 9.01004]},
			"faces": {
				"east": {"uv": [10.66667, 1.33333, 10, 2], "texture": "#1"},
				"south": {"uv": [11, 2, 10.66667, 2.66667], "texture": "#1"},
				"west": {"uv": [2, 10, 1.33333, 10.66667], "texture": "#1"},
				"up": {"uv": [2.66667, 11.33333, 3, 10.66667], "texture": "#1"},
				"down": {"uv": [10.66667, 2.66667, 11, 3.33333], "texture": "#1"}
			}
		},
		{
			"from": [9, 11.32554, 8.26004],
			"to": [9.5, 12.32554, 9.26004],
			"rotation": {"angle": -22.5, "axis": "x", "origin": [9.25, 11.57554, 9.01004]},
			"faces": {
				"north": {"uv": [3.66667, 10.66667, 3.33333, 11.33333], "texture": "#1"},
				"east": {"uv": [10.66667, 2.66667, 10, 3.33333], "texture": "#1"},
				"west": {"uv": [10.66667, 2, 10, 2.66667], "texture": "#1"},
				"up": {"uv": [10.66667, 4, 11, 3.33333], "texture": "#1"}
			}
		},
		{
			"from": [9, 10.32554, 8.26004],
			"to": [9.5, 11.32554, 9.26004],
			"rotation": {"angle": -22.5, "axis": "x", "origin": [9.25, 11.57554, 9.01004]},
			"faces": {
				"north": {"uv": [4.33333, 10.66667, 4, 11.33333], "texture": "#1"},
				"east": {"uv": [4.66667, 10, 4, 10.66667], "texture": "#1"},
				"south": {"uv": [11, 4, 10.66667, 4.66667], "texture": "#1"},
				"west": {"uv": [10.66667, 3.33333, 10, 4], "texture": "#1"},
				"down": {"uv": [4.66667, 10.66667, 5, 11.33333], "texture": "#1"}
			}
		},
		{
			"from": [7.35, -0.15, 7.85],
			"to": [8.65, 1.15, 9.15],
			"rotation": {"angle": -45, "axis": "x", "origin": [7.5, 0, 8]},
			"faces": {
				"north": {"uv": [8, 6, 9, 7], "texture": "#1"},
				"east": {"uv": [8.66667, 2, 9.66667, 3], "texture": "#1"},
				"south": {"uv": [8.66667, 3.33333, 9.66667, 4.33333], "texture": "#1"},
				"west": {"uv": [8.66667, 4.66667, 9.66667, 5.66667], "texture": "#1"},
				"up": {"uv": [9.66667, 8.33333, 8.66667, 7.33333], "texture": "#1"},
				"down": {"uv": [9.66667, 8.66667, 8.66667, 9.66667], "texture": "#1"}
			}
		},
		{
			"from": [7.4, 0.9, 7.4],
			"to": [8.6, 2.1, 8.6],
			"rotation": {"angle": 0, "axis": "y", "origin": [7.5, 1, 7.5]},
			"faces": {
				"north": {"uv": [10, 4, 10.66667, 4.66667], "texture": "#1"},
				"east": {"uv": [4.66667, 10, 5.33333, 10.66667], "texture": "#1"},
				"south": {"uv": [10, 4.66667, 10.66667, 5.33333], "texture": "#1"},
				"west": {"uv": [5.33333, 10, 6, 10.66667], "texture": "#1"},
				"up": {"uv": [10.66667, 6, 10, 5.33333], "texture": "#1"}
			}
		},
		{
			"from": [7.4, 10.1, 7.4],
			"to": [8.6, 11.3, 8.6],
			"rotation": {"angle": 0, "axis": "y", "origin": [7.5, 10.2, 7.5]},
			"faces": {
				"north": {"uv": [6, 10, 6.66667, 10.66667], "texture": "#1"},
				"east": {"uv": [10, 6, 10.66667, 6.66667], "texture": "#1"},
				"south": {"uv": [6.66667, 10, 7.33333, 10.66667], "texture": "#1"},
				"west": {"uv": [10, 6.66667, 10.66667, 7.33333], "texture": "#1"}
			}
		},
		{
			"from": [7.5, 2.1, 7.5],
			"to": [8.5, 7.1, 8.5],
			"rotation": {"angle": 0, "axis": "y", "origin": [7.5, 2.1, 7.5]},
			"faces": {
				"north": {"uv": [6, 3.33333, 6.66667, 6.66667], "texture": "#1"},
				"east": {"uv": [0, 6.66667, 0.66667, 10], "texture": "#1"},
				"south": {"uv": [0.66667, 6.66667, 1.33333, 10], "texture": "#1"},
				"west": {"uv": [1.33333, 6.66667, 2, 10], "texture": "#1"}
			}
		},
		{
			"from": [7.25, 10.50711, 7.75],
			"to": [8.75, 13.00711, 10.25],
			"rotation": {"angle": -45, "axis": "x", "origin": [7.5, 10.75711, 8]},
			"faces": {
				"north": {"uv": [3.33333, 7.33333, 4.33333, 9], "texture": "#1"},
				"east": {"uv": [2, 4.66667, 3.66667, 6.33333], "texture": "#1"},
				"south": {"uv": [4.66667, 7.33333, 5.66667, 9], "texture": "#1"},
				"west": {"uv": [4, 5.33333, 5.66667, 7], "texture": "#1"},
				"up": {"uv": [7, 9, 6, 7.33333], "texture": "#1"},
				"down": {"uv": [8.33333, 7.33333, 7.33333, 9], "texture": "#1"}
			}
		},
		{
			"from": [7.985, -1.5, 5.75],
			"to": [8.015, 3, 10.25],
			"rotation": {"angle": 0, "axis": "y", "origin": [7.985, -1, 6.25]},
			"faces": {
				"east": {"uv": [14.33333, 0, 11.33333, 3], "texture": "#1"},
				"west": {"uv": [11.33333, 0, 14.33333, 3], "texture": "#1"}
			}
		},
		{
			"from": [6.1, 7.75, 4.25],
			"to": [6.1, 15.75, 12.25],
			"rotation": {"angle": 0, "axis": "y", "origin": [6.1, 7.75, 4.25]},
			"faces": {
				"west": {"uv": [0, 0, 16, 16], "texture": "#0"}
			}
		},
		{
			"from": [9.9, 7.75, 4.25],
			"to": [9.9, 15.75, 12.25],
			"rotation": {"angle": 0, "axis": "y", "origin": [9.9, 7.75, 4.25]},
			"faces": {
				"east": {"uv": [16, 0, 0, 16], "texture": "#0"}
			}
		},
		{
			"from": [7.3, 7.1, 7.3],
			"to": [8.7, 10.1, 8.7],
			"rotation": {"angle": 0, "axis": "y", "origin": [7.5, 7.1, 7.5]},
			"faces": {
				"north": {"uv": [2, 6.66667, 3, 8.66667], "texture": "#1"},
				"east": {"uv": [6.66667, 3.33333, 7.66667, 5.33333], "texture": "#1"},
				"south": {"uv": [6.66667, 5.33333, 7.66667, 7.33333], "texture": "#1"},
				"west": {"uv": [7.33333, 0, 8.33333, 2], "texture": "#1"},
				"up": {"uv": [10.33333, 1, 9.33333, 0], "texture": "#1"},
				"down": {"uv": [3.66667, 9.33333, 2.66667, 10.33333], "texture": "#1"}
			}
		},
		{
			"from": [7.5, 12.17132, 8],
			"to": [8.5, 15.17132, 11],
			"rotation": {"angle": -45, "axis": "x", "origin": [7.5, 12.17132, 8]},
			"faces": {
				"north": {"uv": [8, 2, 8.66667, 4], "texture": "#1"},
				"east": {"uv": [4, 3.33333, 6, 5.33333], "texture": "#1"},
				"south": {"uv": [8, 4, 8.66667, 6], "texture": "#1"},
				"west": {"uv": [0, 4.66667, 2, 6.66667], "texture": "#1"},
				"up": {"uv": [9.33333, 2, 8.66667, 0], "texture": "#1"},
				"down": {"uv": [2.66667, 8.66667, 2, 10.66667], "texture": "#1"}
			}
		},
		{
			"from": [7.985, 13.29264, 5],
			"to": [8.015, 19.79264, 11],
			"rotation": {"angle": 0, "axis": "y", "origin": [7.985, 13.29264, 5.5]},
			"faces": {
				"east": {"uv": [4, 0, 0, 4.33333], "texture": "#1"},
				"west": {"uv": [0, 0, 4, 4.33333], "texture": "#1"}
			}
		}
	],
	"gui_light": "front",
	"display": {
		"thirdperson_righthand": {
			"translation": [0, 1.25, 1]
		},
		"thirdperson_lefthand": {
			"translation": [0, 1.25, 1]
		},
		"firstperson_righthand": {
			"rotation": [20, -15, 0],
			"translation": [1, 1.25, 0],
			"scale": [0.75, 0.75, 0.75]
		},
		"firstperson_lefthand": {
			"rotation": [20, -15, 0],
			"translation": [1, 1.25, 0],
			"scale": [0.75, 0.75, 0.75]
		},
		"ground": {
			"rotation": [-45, 0, 0],
			"translation": [0, 5, 0],
			"scale": [0.7, 0.7, 0.7]
		},
		"gui": {
			"rotation": [-90, 45, 90],
			"translation": [0.25, -0.5, 0],
			"scale": [0.7, 0.7, 0.7]
		},
		"head": {
			"rotation": [0, -90, 0]
		},
		"fixed": {
			"rotation": [0, -90, 0],
			"translation": [0, 0, -1.5],
			"scale": [2, 2, 2]
		}
	}
}