{
	"credit": "Made by PolygonMC",
	"texture_size": [24, 24],
	"textures": {
		"1": "item/shovels/valentine_2024_shovel/animations_1",
		"2": "item/shovels/valentine_2024_shovel/shovel",
		"particle": "item/shovels/valentine_2024_shovel/shovel"
	},
	"elements": [
		{
			"from": [7.4, 1.4, 7.4],
			"to": [8.6, 3.65, 8.6],
			"rotation": {"angle": 45, "axis": "y", "origin": [8, 4.4, 8]},
			"faces": {
				"north": {"uv": [7.33333, 8.66667, 8, 10.33333], "texture": "#2"},
				"east": {"uv": [8, 8.66667, 8.66667, 10.33333], "texture": "#2"},
				"south": {"uv": [8.66667, 8.66667, 9.33333, 10.33333], "texture": "#2"},
				"west": {"uv": [0.66667, 9.33333, 1.33333, 11], "texture": "#2"},
				"up": {"uv": [3.33333, 8.66667, 2.66667, 8], "texture": "#2"}
			}
		},
		{
			"from": [7.4, 5.15, 7.4],
			"to": [8.6, 7.9, 8.6],
			"rotation": {"angle": 45, "axis": "y", "origin": [8, 4.4, 8]},
			"faces": {
				"north": {"uv": [4.66667, 8.66667, 5.33333, 10.66667], "texture": "#2"},
				"east": {"uv": [5.33333, 8.66667, 6, 10.66667], "texture": "#2"},
				"south": {"uv": [6, 8.66667, 6.66667, 10.66667], "texture": "#2"},
				"west": {"uv": [6.66667, 8.66667, 7.33333, 10.66667], "texture": "#2"},
				"down": {"uv": [4.66667, 10, 4, 10.66667], "texture": "#2"}
			}
		},
		{
			"from": [7.4, 11.4, 7.4],
			"to": [8.6, 12.4, 8.6],
			"rotation": {"angle": 45, "axis": "y", "origin": [8, 9.9, 8]},
			"faces": {
				"north": {"uv": [11.33333, 10, 12, 10.66667], "texture": "#2"},
				"east": {"uv": [10.66667, 11.33333, 11.33333, 12], "texture": "#2"},
				"south": {"uv": [11.33333, 10.66667, 12, 11.33333], "texture": "#2"},
				"west": {"uv": [11.33333, 11.33333, 12, 12], "texture": "#2"}
			}
		},
		{
			"from": [7.5, 3.65, 7.5],
			"to": [8.5, 5.15, 8.5],
			"rotation": {"angle": 45, "axis": "y", "origin": [8, 4.4, 8]},
			"faces": {
				"north": {"uv": [11.33333, 7.33333, 12, 8.33333], "texture": "#2"},
				"east": {"uv": [11.33333, 8.66667, 12, 9.66667], "texture": "#2"},
				"south": {"uv": [9.33333, 11.33333, 10, 12.33333], "texture": "#2"},
				"west": {"uv": [10, 11.33333, 10.66667, 12.33333], "texture": "#2"}
			}
		},
		{
			"from": [7.25, 2.7, 7.25],
			"to": [8.75, 3.2, 8.75],
			"rotation": {"angle": 45, "axis": "y", "origin": [8, 3.95, 8]},
			"faces": {
				"north": {"uv": [1.33333, 12, 2.33333, 12.33333], "texture": "#2"},
				"east": {"uv": [12, 1.33333, 13, 1.66667], "texture": "#2"},
				"south": {"uv": [12, 2, 13, 2.33333], "texture": "#2"},
				"west": {"uv": [12, 2.66667, 13, 3], "texture": "#2"},
				"up": {"uv": [9.66667, 5.66667, 8.66667, 4.66667], "texture": "#2"},
				"down": {"uv": [2.33333, 9.33333, 1.33333, 10.33333], "texture": "#2"}
			}
		},
		{
			"from": [7.25, 5.6, 7.25],
			"to": [8.75, 6.1, 8.75],
			"rotation": {"angle": 45, "axis": "y", "origin": [8, 6.85, 8]},
			"faces": {
				"north": {"uv": [12, 3.33333, 13, 3.66667], "texture": "#2"},
				"east": {"uv": [4, 12, 5, 12.33333], "texture": "#2"},
				"south": {"uv": [12, 4, 13, 4.33333], "texture": "#2"},
				"west": {"uv": [12, 4.66667, 13, 5], "texture": "#2"},
				"up": {"uv": [10.33333, 7, 9.33333, 6], "texture": "#2"},
				"down": {"uv": [10.33333, 8.66667, 9.33333, 9.66667], "texture": "#2"}
			}
		},
		{
			"from": [7.25, 6.5, 7.25],
			"to": [8.75, 7, 8.75],
			"rotation": {"angle": 45, "axis": "y", "origin": [8, 7.75, 8]},
			"faces": {
				"north": {"uv": [5.33333, 12, 6.33333, 12.33333], "texture": "#2"},
				"east": {"uv": [12, 5.33333, 13, 5.66667], "texture": "#2"},
				"south": {"uv": [12, 6, 13, 6.33333], "texture": "#2"},
				"west": {"uv": [6.66667, 12, 7.66667, 12.33333], "texture": "#2"},
				"up": {"uv": [3.66667, 11, 2.66667, 10], "texture": "#2"},
				"down": {"uv": [11, 4.66667, 10, 5.66667], "texture": "#2"}
			}
		},
		{
			"from": [6.85, 12.75, 7.08579],
			"to": [9.15, 14.25, 8.58579],
			"rotation": {"angle": 45, "axis": "x", "origin": [7.5, 12.75, 6.58579]},
			"faces": {
				"east": {"uv": [10, 7.33333, 11, 8.33333], "texture": "#2"},
				"south": {"uv": [6, 7.33333, 7.66667, 8.33333], "texture": "#2"},
				"west": {"uv": [9.33333, 10, 10.33333, 11], "texture": "#2"},
				"down": {"uv": [9, 6, 7.33333, 7], "texture": "#2"}
			}
		},
		{
			"from": [6.85, 14.39645, 6.73223],
			"to": [9.15, 15.89645, 8.23223],
			"rotation": {"angle": 45, "axis": "x", "origin": [7.5, 12.39645, 6.23223]},
			"faces": {
				"north": {"uv": [0.66667, 8, 2.33333, 9], "texture": "#2"},
				"east": {"uv": [10.66667, 0.66667, 11.66667, 1.66667], "texture": "#2"},
				"south": {"uv": [8, 7.33333, 9.66667, 8.33333], "texture": "#2"},
				"west": {"uv": [1.33333, 10.66667, 2.33333, 11.66667], "texture": "#2"},
				"up": {"uv": [10.33333, 1.66667, 8.66667, 0.66667], "texture": "#2"}
			}
		},
		{
			"from": [6.85, 12.39645, 5.43934],
			"to": [9.15, 13.89645, 6.93934],
			"rotation": {"angle": 45, "axis": "x", "origin": [7.5, 12.39645, 6.93934]},
			"faces": {
				"north": {"uv": [8.66667, 2, 10.33333, 3], "texture": "#2"},
				"east": {"uv": [10.66667, 2, 11.66667, 3], "texture": "#2"},
				"west": {"uv": [10.66667, 3.33333, 11.66667, 4.33333], "texture": "#2"},
				"up": {"uv": [4.33333, 9.66667, 2.66667, 8.66667], "texture": "#2"},
				"down": {"uv": [10.33333, 3.33333, 8.66667, 4.33333], "texture": "#2"}
			}
		},
		{
			"from": [7.085, 0.335, 7.085],
			"to": [8.915, 2.165, 8.915],
			"rotation": {"angle": -45, "axis": "x", "origin": [8, 1.25, 8]},
			"faces": {
				"north": {"uv": [6, 3.33333, 7.33333, 4.66667], "texture": "#2"},
				"east": {"uv": [4.66667, 6, 6, 7.33333], "texture": "#2"},
				"south": {"uv": [6, 4.66667, 7.33333, 6], "texture": "#2"},
				"west": {"uv": [6, 6, 7.33333, 7.33333], "texture": "#2"},
				"up": {"uv": [8.66667, 2, 7.33333, 0.66667], "texture": "#2"},
				"down": {"uv": [8.66667, 2, 7.33333, 3.33333], "texture": "#2"}
			}
		},
		{
			"from": [6.5, 9, 4.25],
			"to": [6.5, 17, 12.25],
			"rotation": {"angle": 0, "axis": "y", "origin": [6.5, 9, 4.25]},
			"faces": {
				"west": {"uv": [0, 0, 16, 16], "texture": "#1"}
			}
		},
		{
			"from": [9.5, 9, 4.25],
			"to": [9.5, 17, 12.25],
			"rotation": {"angle": 0, "axis": "y", "origin": [9.5, 9, 4.25]},
			"faces": {
				"east": {"uv": [16, 0, 0, 16], "texture": "#1"}
			}
		},
		{
			"from": [6.83579, 7.9, 8.25],
			"to": [8.33579, 11.4, 9.75],
			"rotation": {"angle": 45, "axis": "y", "origin": [6.58579, 7.9, 8]},
			"faces": {
				"north": {"uv": [4.66667, 0.66667, 5.66667, 3], "texture": "#2"},
				"east": {"uv": [3.33333, 4.66667, 4.33333, 7], "texture": "#2"},
				"south": {"uv": [4.66667, 3.33333, 5.66667, 5.66667], "texture": "#2"},
				"west": {"uv": [6, 0.66667, 7, 3], "texture": "#2"},
				"up": {"uv": [5, 11.66667, 4, 10.66667], "texture": "#2"},
				"down": {"uv": [6.33333, 10.66667, 5.33333, 11.66667], "texture": "#2"}
			}
		},
		{
			"from": [7.5, 11.73801, 9.19906],
			"to": [8.5, 13.73801, 11.19906],
			"rotation": {"angle": 22.5, "axis": "x", "origin": [8, 13.75946, 10.79372]},
			"faces": {
				"north": {"uv": [10.66667, 6, 11.33333, 7.33333], "texture": "#2"},
				"east": {"uv": [3.33333, 7.33333, 4.66667, 8.66667], "texture": "#2"},
				"south": {"uv": [6.66667, 10.66667, 7.33333, 12], "texture": "#2"},
				"west": {"uv": [7.33333, 3.33333, 8.66667, 4.66667], "texture": "#2"},
				"up": {"uv": [8, 12, 7.33333, 10.66667], "texture": "#2"},
				"down": {"uv": [8.66667, 10.66667, 8, 12], "texture": "#2"}
			}
		},
		{
			"from": [7.5, 13.73801, 10.19906],
			"to": [8.5, 15.73801, 11.19906],
			"rotation": {"angle": 22.5, "axis": "x", "origin": [8, 13.75946, 10.79372]},
			"faces": {
				"north": {"uv": [8.66667, 10.66667, 9.33333, 12], "texture": "#2"},
				"east": {"uv": [10.66667, 8.66667, 11.33333, 10], "texture": "#2"},
				"south": {"uv": [10.66667, 10, 11.33333, 11.33333], "texture": "#2"},
				"west": {"uv": [0.66667, 11.33333, 1.33333, 12.66667], "texture": "#2"},
				"up": {"uv": [12.66667, 1.33333, 12, 0.66667], "texture": "#2"}
			}
		},
		{
			"from": [7.985, 13.73801, 5],
			"to": [8.015, 19.73801, 11],
			"rotation": {"angle": 0, "axis": "x", "origin": [8, 14.75946, 10.59467]},
			"faces": {
				"east": {"uv": [4, 0, 0, 4], "texture": "#2"},
				"west": {"uv": [0, 0, 4, 4], "texture": "#2"}
			}
		},
		{
			"from": [7.995, 11.73801, 10.69905],
			"to": [8.005, 16.73801, 14.69905],
			"rotation": {"angle": 22.5, "axis": "x", "origin": [8, 13.75946, 10.79372]},
			"faces": {
				"east": {"uv": [3, 4.33333, 0.33333, 7.66667], "texture": "#2"},
				"west": {"uv": [0.33333, 4.33333, 3, 7.66667], "texture": "#2"}
			}
		},
		{
			"from": [7.5, 13.73801, 4.80094],
			"to": [8.5, 15.73801, 5.80094],
			"rotation": {"angle": -22.5, "axis": "x", "origin": [8, 13.75946, 5.20628]},
			"faces": {
				"north": {"uv": [11.33333, 10, 10.66667, 11.33333], "texture": "#2"},
				"east": {"uv": [11.33333, 8.66667, 10.66667, 10], "texture": "#2"},
				"south": {"uv": [9.33333, 10.66667, 8.66667, 12], "texture": "#2"},
				"west": {"uv": [1.33333, 11.33333, 0.66667, 12.66667], "texture": "#2"},
				"up": {"uv": [12.66667, 0.66667, 12, 1.33333], "texture": "#2"}
			}
		},
		{
			"from": [7.5, 11.73801, 4.80094],
			"to": [8.5, 13.73801, 6.80094],
			"rotation": {"angle": -22.5, "axis": "x", "origin": [8, 13.75946, 5.20628]},
			"faces": {
				"north": {"uv": [7.33333, 10.66667, 6.66667, 12], "texture": "#2"},
				"east": {"uv": [4.66667, 7.33333, 3.33333, 8.66667], "texture": "#2"},
				"south": {"uv": [11.33333, 6, 10.66667, 7.33333], "texture": "#2"},
				"west": {"uv": [8.66667, 3.33333, 7.33333, 4.66667], "texture": "#2"},
				"up": {"uv": [8, 10.66667, 7.33333, 12], "texture": "#2"},
				"down": {"uv": [8.66667, 12, 8, 10.66667], "texture": "#2"}
			}
		},
		{
			"from": [7.995, 11.73801, 1.30095],
			"to": [8.005, 16.73801, 5.30095],
			"rotation": {"angle": -22.5, "axis": "x", "origin": [8, 13.75946, 5.20628]},
			"faces": {
				"east": {"uv": [0.33333, 4.33333, 3, 7.66667], "texture": "#2"},
				"west": {"uv": [3, 4.33333, 0.33333, 7.66667], "texture": "#2"}
			}
		},
		{
			"from": [7.5, 13.45711, 8],
			"to": [8.5, 15.45711, 10],
			"rotation": {"angle": -45, "axis": "x", "origin": [7.5, 13.45711, 8]},
			"faces": {
				"north": {"uv": [2.66667, 11.33333, 3.33333, 12.66667], "texture": "#2"},
				"east": {"uv": [4.66667, 7.33333, 6, 8.66667], "texture": "#2"},
				"south": {"uv": [3.33333, 11.33333, 4, 12.66667], "texture": "#2"},
				"west": {"uv": [7.33333, 4.66667, 8.66667, 6], "texture": "#2"},
				"up": {"uv": [12, 6, 11.33333, 4.66667], "texture": "#2"},
				"down": {"uv": [12, 6, 11.33333, 7.33333], "texture": "#2"}
			}
		}
	],
	"gui_light": "front",
	"display": {
		"thirdperson_righthand": {
			"translation": [0, 1, 1]
		},
		"thirdperson_lefthand": {
			"translation": [0, 1, 1]
		},
		"firstperson_righthand": {
			"rotation": [-10, 0, 0],
			"translation": [1.25, 1.75, -1.25]
		},
		"firstperson_lefthand": {
			"rotation": [-10, 0, 0],
			"translation": [1.25, 1.75, -1.25]
		},
		"ground": {
			"rotation": [-45, 0, 0],
			"translation": [0, 5, 0],
			"scale": [0.7, 0.7, 0.7]
		},
		"gui": {
			"rotation": [-90, 45, 90],
			"translation": [1.75, -1.75, 0],
			"scale": [0.8, 0.8, 0.8]
		},
		"head": {
			"rotation": [0, -90, 0]
		},
		"fixed": {
			"rotation": [0, -90, 0],
			"translation": [0, 0, -2],
			"scale": [2, 2, 2]
		}
	}
}