{
	"credit": "Made with Blockbench",
	"textures": {
		"0": "item/axes/little_crocodile_axe/little_crocodile",
		"1": "item/keys/little_crocodile_key",
		"particle": "item/keys/little_crocodile_key"
	},
	"elements": [
		{
			"from": [7.2, 6.43776, 1.01946],
			"to": [8.8, 7.93776, 2.51946],
			"rotation": {"angle": -45, "axis": "x", "origin": [7.5, 7.68776, 1.26946]},
			"faces": {
				"north": {"uv": [10.5, 0, 9, 1.5], "rotation": 180, "texture": "#1"},
				"east": {"uv": [4, 8, 5.5, 9.5], "rotation": 270, "texture": "#1"},
				"south": {"uv": [9.5, 9.5, 8, 8], "texture": "#1"},
				"west": {"uv": [8, 6, 9.5, 7.5], "rotation": 90, "texture": "#1"},
				"up": {"uv": [7, 4, 8.5, 5.5], "rotation": 180, "texture": "#1"},
				"down": {"uv": [6, 8, 7.5, 9.5], "texture": "#1"}
			}
		},
		{
			"from": [7.25, 5.18776, 7.06946],
			"to": [8.75, 8.18776, 10.06946],
			"rotation": {"angle": -45, "axis": "x", "origin": [7.5, 7.68776, 7.56946]},
			"faces": {
				"north": {"uv": [6.5, 3, 5, 6], "rotation": 180, "texture": "#1"},
				"east": {"uv": [0, 0, 3, 3], "rotation": 270, "texture": "#1"},
				"south": {"uv": [6.5, 3, 5, 0], "texture": "#1"},
				"west": {"uv": [0, 3, 3, 6], "rotation": 90, "texture": "#1"},
				"up": {"uv": [3, 0, 4.5, 3], "rotation": 180, "texture": "#1"},
				"down": {"uv": [3, 3, 4.5, 6], "texture": "#1"}
			}
		},
		{
			"from": [7, 6.68776, 7.98367],
			"to": [9, 8.68776, 9.98367],
			"rotation": {"angle": -45, "axis": "x", "origin": [8, 7.68776, 8.98367]},
			"faces": {
				"north": {"uv": [0, 6, 2, 8], "texture": "#1"},
				"east": {"uv": [2, 6, 4, 8], "texture": "#1"},
				"south": {"uv": [4, 6, 6, 8], "texture": "#1"},
				"west": {"uv": [6, 6, 8, 8], "texture": "#1"},
				"up": {"uv": [9, 2, 7, 0], "texture": "#1"},
				"down": {"uv": [9, 2, 7, 4], "texture": "#1"}
			}
		},
		{
			"from": [7.35, 7.03776, 2.29078],
			"to": [8.65, 8.33776, 3.59078],
			"rotation": {"angle": 0, "axis": "y", "origin": [7.5, 8.18776, 2.44078]},
			"faces": {
				"north": {"uv": [9.5, 10, 8, 11.5], "rotation": 180, "texture": "#1"},
				"east": {"uv": [9, 4, 10.5, 5.5], "rotation": 270, "texture": "#1"},
				"south": {"uv": [11.5, 7.5, 10, 6], "texture": "#1"},
				"west": {"uv": [6, 10, 7.5, 11.5], "rotation": 90, "texture": "#1"},
				"up": {"uv": [9, 2, 10.5, 3.5], "rotation": 180, "texture": "#1"},
				"down": {"uv": [4, 10, 5.5, 11.5], "texture": "#1"}
			}
		},
		{
			"from": [7.35, 7.03776, 6.29078],
			"to": [8.65, 8.33776, 7.59078],
			"rotation": {"angle": 0, "axis": "y", "origin": [7.5, 8.18776, 5.44078]},
			"faces": {
				"north": {"uv": [12.5, 2, 11, 3.5], "rotation": 180, "texture": "#1"},
				"east": {"uv": [10, 10, 11.5, 11.5], "rotation": 270, "texture": "#1"},
				"south": {"uv": [3.5, 12.5, 2, 11], "texture": "#1"},
				"west": {"uv": [11, 0, 12.5, 1.5], "rotation": 90, "texture": "#1"},
				"up": {"uv": [10, 8, 11.5, 9.5], "rotation": 180, "texture": "#1"},
				"down": {"uv": [0, 11, 1.5, 12.5], "texture": "#1"}
			}
		},
		{
			"from": [7.5, 7.18776, 3.59078],
			"to": [8.5, 8.18776, 6.29078],
			"rotation": {"angle": 0, "axis": "y", "origin": [7.5, 8.18776, 3.69078]},
			"faces": {
				"north": {"uv": [12, 5, 11, 6], "rotation": 180, "texture": "#1"},
				"east": {"uv": [1, 8, 2, 10.5], "rotation": 270, "texture": "#1"},
				"south": {"uv": [12, 5, 11, 4], "texture": "#1"},
				"west": {"uv": [3, 8, 4, 10.5], "rotation": 90, "texture": "#1"},
				"up": {"uv": [0, 8, 1, 10.5], "rotation": 180, "texture": "#1"},
				"down": {"uv": [2, 8, 3, 10.5], "texture": "#1"}
			}
		},
		{
			"from": [8.72, 9.91502, 6.72928],
			"to": [8.75, 10.41502, 10.72928],
			"rotation": {"angle": 22.5, "axis": "x", "origin": [8, 7.7563, 12.18574]},
			"faces": {
				"east": {"uv": [0, 10.66667, 2.66667, 11], "texture": "#0"},
				"west": {"uv": [10.66667, 6.66667, 13.33333, 7], "texture": "#0"}
			}
		},
		{
			"from": [8.72, 9.10176, 9.99063],
			"to": [8.75, 9.60176, 12.99063],
			"rotation": {"angle": 45, "axis": "x", "origin": [8, 7.7563, 12.18574]},
			"faces": {
				"east": {"uv": [0, 11.33333, 2, 11.66667], "texture": "#0"},
				"west": {"uv": [11.33333, 0, 13.33333, 0.33333], "texture": "#0"}
			}
		},
		{
			"from": [8.47, 4.9839, 13.54056],
			"to": [8.5, 7.4839, 14.04056],
			"rotation": {"angle": -22.5, "axis": "x", "origin": [8, 7.7563, 12.18574]},
			"faces": {
				"east": {"uv": [2.66667, 12, 3, 13.66667], "texture": "#0"},
				"west": {"uv": [3.33333, 12, 3.66667, 13.66667], "texture": "#0"}
			}
		},
		{
			"from": [8.22, 3.13498, 14.28054],
			"to": [8.25, 5.63498, 14.78054],
			"rotation": {"angle": 0, "axis": "y", "origin": [8, 7.7563, 12.18574]},
			"faces": {
				"east": {"uv": [4, 12, 4.33333, 13.66667], "texture": "#0"},
				"west": {"uv": [4.66667, 12, 5, 13.66667], "texture": "#0"}
			}
		},
		{
			"from": [9, 10.86502, 5.77928],
			"to": [10, 12.36502, 7.27928],
			"rotation": {"angle": 0, "axis": "y", "origin": [8.75, 10.24002, 10.52928]},
			"faces": {
				"north": {"uv": [2.66667, 10.66667, 3.33333, 11.66667], "texture": "#0"},
				"east": {"uv": [10, 2, 11, 3], "texture": "#0"},
				"south": {"uv": [11.33333, 0.66667, 12, 1.66667], "texture": "#0"},
				"west": {"uv": [8.66667, 10, 9.66667, 11], "texture": "#0"},
				"up": {"uv": [2.66667, 12.33333, 2, 11.33333], "texture": "#0"},
				"down": {"uv": [12, 2, 11.33333, 3], "texture": "#0"}
			}
		},
		{
			"from": [7.75, 3.13498, 14.28054],
			"to": [7.78, 5.63498, 14.78054],
			"rotation": {"angle": 0, "axis": "y", "origin": [8, 7.7563, 12.18574]},
			"faces": {
				"east": {"uv": [12, 4.66667, 12.33333, 6.33333], "texture": "#0"},
				"west": {"uv": [5.33333, 12, 5.66667, 13.66667], "texture": "#0"}
			}
		},
		{
			"from": [7.5, 4.9839, 13.54056],
			"to": [7.53, 7.4839, 14.04056],
			"rotation": {"angle": -22.5, "axis": "x", "origin": [8, 7.7563, 12.18574]},
			"faces": {
				"east": {"uv": [6, 12, 6.33333, 13.66667], "texture": "#0"},
				"west": {"uv": [6.66667, 12, 7, 13.66667], "texture": "#0"}
			}
		},
		{
			"from": [7.25, 9.10176, 9.99063],
			"to": [7.28, 9.60176, 12.99063],
			"rotation": {"angle": 45, "axis": "x", "origin": [8, 7.7563, 12.18574]},
			"faces": {
				"east": {"uv": [11.33333, 3.33333, 13.33333, 3.66667], "texture": "#0"},
				"west": {"uv": [11.33333, 4, 13.33333, 4.33333], "texture": "#0"}
			}
		},
		{
			"from": [7.25, 9.91502, 6.72928],
			"to": [7.28, 10.41502, 10.72928],
			"rotation": {"angle": 22.5, "axis": "x", "origin": [8, 7.7563, 12.18574]},
			"faces": {
				"east": {"uv": [10.66667, 7.33333, 13.33333, 7.66667], "texture": "#0"},
				"west": {"uv": [10.66667, 8, 13.33333, 8.33333], "texture": "#0"}
			}
		},
		{
			"from": [6.75, 7.60176, 9.99063],
			"to": [9.25, 9.10176, 12.99063],
			"rotation": {"angle": 45, "axis": "x", "origin": [8, 7.7563, 12.18574]},
			"faces": {
				"north": {"uv": [8, 8.66667, 9.66667, 9.66667], "texture": "#0"},
				"east": {"uv": [8, 2, 10, 3], "texture": "#0"},
				"south": {"uv": [1.33333, 9.33333, 3, 10.33333], "texture": "#0"},
				"west": {"uv": [4, 8.66667, 6, 9.66667], "texture": "#0"},
				"up": {"uv": [7, 5.33333, 5.33333, 3.33333], "texture": "#0"},
				"down": {"uv": [7, 5.33333, 5.33333, 7.33333], "texture": "#0"}
			}
		},
		{
			"from": [6, 10.86502, 5.77928],
			"to": [7, 12.36502, 7.27928],
			"rotation": {"angle": 0, "axis": "y", "origin": [7.25, 10.24002, 10.52928]},
			"faces": {
				"north": {"uv": [11.33333, 4.66667, 12, 5.66667], "texture": "#0"},
				"east": {"uv": [10, 8.66667, 11, 9.66667], "texture": "#0"},
				"south": {"uv": [8.66667, 11.33333, 9.33333, 12.33333], "texture": "#0"},
				"west": {"uv": [10, 10, 11, 11], "texture": "#0"},
				"up": {"uv": [12, 9.66667, 11.33333, 8.66667], "texture": "#0"},
				"down": {"uv": [10, 11.33333, 9.33333, 12.33333], "texture": "#0"}
			}
		},
		{
			"from": [6.75, 9.61502, 1.77928],
			"to": [9.25, 11.61502, 2.77928],
			"rotation": {"angle": 0, "axis": "y", "origin": [7.25, 10.49002, 10.52928]},
			"faces": {
				"north": {"uv": [6.66667, 7.33333, 8.33333, 8.66667], "texture": "#0"},
				"east": {"uv": [4.66667, 6, 5.33333, 7.33333], "texture": "#0"},
				"south": {"uv": [2, 8, 3.66667, 9.33333], "texture": "#0"},
				"west": {"uv": [2, 6.66667, 2.66667, 8], "texture": "#0"},
				"up": {"uv": [10.33333, 8.66667, 8.66667, 8], "texture": "#0"},
				"down": {"uv": [11, 6, 9.33333, 6.66667], "texture": "#0"}
			}
		},
		{
			"from": [6.75, 9.61502, 2.77928],
			"to": [9.25, 11.11502, 5.52928],
			"rotation": {"angle": 0, "axis": "y", "origin": [7.25, 10.49002, 10.52928]},
			"faces": {
				"north": {"uv": [9.33333, 3.33333, 11, 4.33333], "texture": "#0"},
				"east": {"uv": [6, 8.66667, 8, 9.66667], "texture": "#0"},
				"south": {"uv": [9.33333, 4.66667, 11, 5.66667], "texture": "#0"},
				"west": {"uv": [8.66667, 6.66667, 10.66667, 7.66667], "texture": "#0"},
				"up": {"uv": [4.33333, 8, 2.66667, 6], "texture": "#0"},
				"down": {"uv": [1.66667, 6.66667, 0, 8.66667], "texture": "#0"}
			}
		},
		{
			"from": [6.25, 9.61502, 5.52928],
			"to": [9.75, 12.11502, 8.02928],
			"rotation": {"angle": 0, "axis": "y", "origin": [7.25, 10.49002, 10.52928]},
			"faces": {
				"north": {"uv": [0, 2.66667, 2.33333, 4.33333], "texture": "#0"},
				"east": {"uv": [6.66667, 0, 8.33333, 1.66667], "texture": "#0"},
				"south": {"uv": [2.66667, 2.66667, 5, 4.33333], "texture": "#0"},
				"west": {"uv": [7.33333, 3.33333, 9, 5], "texture": "#0"},
				"up": {"uv": [6.33333, 1.66667, 4, 0], "texture": "#0"},
				"down": {"uv": [2.33333, 4.66667, 0, 6.33333], "texture": "#0"}
			}
		},
		{
			"from": [7.25, 3.13498, 13.78054],
			"to": [8.75, 5.63498, 14.28054],
			"rotation": {"angle": 0, "axis": "y", "origin": [8, 7.7563, 12.18574]},
			"faces": {
				"north": {"uv": [10, 0, 11, 1.66667], "texture": "#0"},
				"east": {"uv": [7.33333, 12, 7.66667, 13.66667], "texture": "#0"},
				"south": {"uv": [3.33333, 10, 4.33333, 11.66667], "texture": "#0"},
				"west": {"uv": [8, 12, 8.33333, 13.66667], "texture": "#0"},
				"up": {"uv": [10.33333, 13, 9.33333, 12.66667], "texture": "#0"},
				"down": {"uv": [13.66667, 9.33333, 12.66667, 9.66667], "texture": "#0"}
			}
		},
		{
			"from": [7, 4.9839, 12.54056],
			"to": [9, 7.4839, 13.54056],
			"rotation": {"angle": -22.5, "axis": "x", "origin": [8, 7.7563, 12.18574]},
			"faces": {
				"north": {"uv": [0, 8.66667, 1.33333, 10.33333], "texture": "#0"},
				"east": {"uv": [7.33333, 10, 8, 11.66667], "texture": "#0"},
				"south": {"uv": [8.66667, 0, 10, 1.66667], "texture": "#0"},
				"west": {"uv": [8, 10, 8.66667, 11.66667], "texture": "#0"},
				"up": {"uv": [5.33333, 2.66667, 4, 2], "texture": "#0"},
				"down": {"uv": [8.66667, 6.66667, 7.33333, 7.33333], "texture": "#0"}
			}
		},
		{
			"from": [6.5, 7.91502, 6.72928],
			"to": [9.5, 9.91502, 10.72928],
			"rotation": {"angle": 22.5, "axis": "x", "origin": [8, 7.7563, 12.18574]},
			"faces": {
				"north": {"uv": [4.66667, 7.33333, 6.66667, 8.66667], "texture": "#0"},
				"east": {"uv": [2.66667, 4.66667, 5.33333, 6], "texture": "#0"},
				"south": {"uv": [7.33333, 5.33333, 9.33333, 6.66667], "texture": "#0"},
				"west": {"uv": [5.33333, 2, 8, 3.33333], "texture": "#0"},
				"up": {"uv": [2, 2.66667, 0, 0], "texture": "#0"},
				"down": {"uv": [4, 0, 2, 2.66667], "texture": "#0"}
			}
		},
		{
			"from": [6.35, 8.01502, 10.27928],
			"to": [7.35, 9.01502, 11.27928],
			"rotation": {"angle": 45, "axis": "z", "origin": [6.85, 8.14002, 10.65428]},
			"faces": {
				"north": {"uv": [3.33333, 9.33333, 4, 10], "texture": "#0"},
				"east": {"uv": [11.33333, 6, 12, 6.66667], "texture": "#0"},
				"south": {"uv": [12, 2, 12.66667, 2.66667], "texture": "#0"},
				"west": {"uv": [12, 2.66667, 12.66667, 3.33333], "texture": "#0"},
				"up": {"uv": [12.66667, 9.33333, 12, 8.66667], "texture": "#0"}
			}
		},
		{
			"from": [6.35, 7.51502, 9.77928],
			"to": [7.35, 8.01502, 11.27928],
			"rotation": {"angle": 45, "axis": "z", "origin": [6.85, 8.14002, 10.65428]},
			"faces": {
				"north": {"uv": [13.33333, 0.66667, 14, 1], "texture": "#0"},
				"east": {"uv": [12.66667, 10, 13.66667, 10.33333], "texture": "#0"},
				"south": {"uv": [1.33333, 13.33333, 2, 13.66667], "texture": "#0"},
				"west": {"uv": [10.66667, 12.66667, 11.66667, 13], "texture": "#0"},
				"up": {"uv": [10.66667, 12.33333, 10, 11.33333], "texture": "#0"},
				"down": {"uv": [12, 10, 11.33333, 11], "texture": "#0"}
			}
		},
		{
			"from": [8.65, 8.01502, 10.27928],
			"to": [9.65, 9.01502, 11.27928],
			"rotation": {"angle": -45, "axis": "z", "origin": [9.15, 8.14002, 10.65428]},
			"faces": {
				"north": {"uv": [12, 9.33333, 12.66667, 10], "texture": "#0"},
				"east": {"uv": [12, 10, 12.66667, 10.66667], "texture": "#0"},
				"south": {"uv": [12, 10.66667, 12.66667, 11.33333], "texture": "#0"},
				"west": {"uv": [12, 11.33333, 12.66667, 12], "texture": "#0"},
				"up": {"uv": [12.66667, 12.66667, 12, 12], "texture": "#0"}
			}
		},
		{
			"from": [8.65, 7.51502, 9.77928],
			"to": [9.65, 8.01502, 11.27928],
			"rotation": {"angle": -45, "axis": "z", "origin": [9.15, 8.14002, 10.65428]},
			"faces": {
				"north": {"uv": [13.33333, 1.33333, 14, 1.66667], "texture": "#0"},
				"east": {"uv": [12.66667, 10.66667, 13.66667, 11], "texture": "#0"},
				"south": {"uv": [2, 13.33333, 2.66667, 13.66667], "texture": "#0"},
				"west": {"uv": [12.66667, 11.33333, 13.66667, 11.66667], "texture": "#0"},
				"up": {"uv": [11.33333, 12.33333, 10.66667, 11.33333], "texture": "#0"},
				"down": {"uv": [12, 11.33333, 11.33333, 12.33333], "texture": "#0"}
			}
		},
		{
			"from": [8.65, 8.76502, 7.77928],
			"to": [9.65, 9.26502, 9.27928],
			"rotation": {"angle": -22.5, "axis": "z", "origin": [9.15, 9.39002, 8.65428]},
			"faces": {
				"north": {"uv": [13.33333, 2, 14, 2.33333], "texture": "#0"},
				"east": {"uv": [12, 12.66667, 13, 13], "texture": "#0"},
				"south": {"uv": [13.33333, 2.66667, 14, 3], "texture": "#0"},
				"west": {"uv": [12.66667, 12, 13.66667, 12.33333], "texture": "#0"},
				"up": {"uv": [0.66667, 13, 0, 12], "texture": "#0"},
				"down": {"uv": [1.33333, 12, 0.66667, 13], "texture": "#0"}
			}
		},
		{
			"from": [8.65, 9.26502, 8.27928],
			"to": [9.65, 10.26502, 9.27928],
			"rotation": {"angle": -22.5, "axis": "z", "origin": [9.15, 9.39002, 8.65428]},
			"faces": {
				"north": {"uv": [12.66667, 0.66667, 13.33333, 1.33333], "texture": "#0"},
				"east": {"uv": [12.66667, 1.33333, 13.33333, 2], "texture": "#0"},
				"south": {"uv": [2, 12.66667, 2.66667, 13.33333], "texture": "#0"},
				"west": {"uv": [12.66667, 2, 13.33333, 2.66667], "texture": "#0"},
				"up": {"uv": [13.33333, 3.33333, 12.66667, 2.66667], "texture": "#0"}
			}
		},
		{
			"from": [6.35, 9.26502, 8.27928],
			"to": [7.35, 10.26502, 9.27928],
			"rotation": {"angle": 22.5, "axis": "z", "origin": [6.85, 9.39002, 8.65428]},
			"faces": {
				"north": {"uv": [12.66667, 4.66667, 13.33333, 5.33333], "texture": "#0"},
				"east": {"uv": [12.66667, 5.33333, 13.33333, 6], "texture": "#0"},
				"south": {"uv": [12.66667, 6, 13.33333, 6.66667], "texture": "#0"},
				"west": {"uv": [8.66667, 12.66667, 9.33333, 13.33333], "texture": "#0"},
				"up": {"uv": [13.33333, 9.33333, 12.66667, 8.66667], "texture": "#0"}
			}
		},
		{
			"from": [6.35, 8.76502, 7.77928],
			"to": [7.35, 9.26502, 9.27928],
			"rotation": {"angle": 22.5, "axis": "z", "origin": [6.85, 9.39002, 8.65428]},
			"faces": {
				"north": {"uv": [13.33333, 3.33333, 14, 3.66667], "texture": "#0"},
				"east": {"uv": [0, 13.33333, 1, 13.66667], "texture": "#0"},
				"south": {"uv": [13.33333, 4, 14, 4.33333], "texture": "#0"},
				"west": {"uv": [13.33333, 0, 14.33333, 0.33333], "texture": "#0"},
				"up": {"uv": [12.66667, 1.66667, 12, 0.66667], "texture": "#0"},
				"down": {"uv": [2, 12, 1.33333, 13], "texture": "#0"}
			}
		},
		{
			"from": [7.75, 5.68776, 1.21946],
			"to": [8.25, 7.68776, 1.71946],
			"rotation": {"angle": 0, "axis": "y", "origin": [7.75, 7.18776, 1.21946]},
			"faces": {
				"north": {"uv": [6.5, 12, 6, 14], "rotation": 180, "texture": "#1"},
				"east": {"uv": [4, 12, 6, 12.5], "rotation": 270, "texture": "#1"},
				"south": {"uv": [12.5, 7, 12, 5], "texture": "#1"},
				"west": {"uv": [12, 4, 14, 4.5], "rotation": 90, "texture": "#1"},
				"down": {"uv": [12, 11, 12.5, 11.5], "texture": "#1"}
			}
		},
		{
			"from": [7.75, 6.18776, 1.71946],
			"to": [8.25, 7.68776, 2.21946],
			"rotation": {"angle": 0, "axis": "y", "origin": [7.75, 7.18776, 1.71946]},
			"faces": {
				"east": {"uv": [10, 12, 11.5, 12.5], "rotation": 270, "texture": "#1"},
				"west": {"uv": [12, 10, 13.5, 10.5], "rotation": 90, "texture": "#1"},
				"down": {"uv": [12, 12, 12.5, 12.5], "texture": "#1"}
			}
		},
		{
			"from": [7.75, 5.68776, 2.21946],
			"to": [8.25, 7.68776, 2.71946],
			"rotation": {"angle": 0, "axis": "y", "origin": [7.75, 7.18776, 2.21946]},
			"faces": {
				"north": {"uv": [9.5, 12, 9, 14], "rotation": 180, "texture": "#1"},
				"east": {"uv": [7, 12, 9, 12.5], "rotation": 270, "texture": "#1"},
				"south": {"uv": [12.5, 10, 12, 8], "texture": "#1"},
				"west": {"uv": [12, 7, 14, 7.5], "rotation": 90, "texture": "#1"},
				"down": {"uv": [0, 13, 0.5, 13.5], "texture": "#1"}
			}
		}
	],
	"gui_light": "front",
	"display": {
		"thirdperson_righthand": {
			"rotation": [68, 0, 0],
			"translation": [0, 1, -1],
			"scale": [1.1, 1.1, 1.1]
		},
		"thirdperson_lefthand": {
			"rotation": [68, 0, 0],
			"translation": [0, 1, -1],
			"scale": [1.1, 1.1, 1.1]
		},
		"firstperson_righthand": {
			"rotation": [0, 5, 0],
			"translation": [4.5, 1, -2.5]
		},
		"firstperson_lefthand": {
			"rotation": [0, 5, 0],
			"translation": [4.5, 1, -2.5]
		},
		"ground": {
			"rotation": [25, 0, 0],
			"translation": [0, 5, 0]
		},
		"gui": {
			"rotation": [-90, 135, 90],
			"translation": [0.5, 0.5, 0],
			"scale": [1.05, 1.05, 1.05]
		},
		"head": {
			"rotation": [0, -90, 0]
		},
		"fixed": {
			"rotation": [90, -45, 90],
			"translation": [0, -0.25, -1.75],
			"scale": [2, 2, 2]
		}
	},
	"groups": [
		0,
		1,
		2,
		3,
		4,
		5,
		{
			"name": "crocodile",
			"origin": [6.85, 9.5, 7.65],
			"color": 0,
			"boneType": "",
			"children": [6, 7, 8, 9, 10, 11, 12, 13, 14, 15, 16, 17, 18, 19, 20, 21, 22, 23, 24, 25, 26, 27, 28, 29, 30]
		},
		31,
		32,
		33
	]
}