{
	"credit": "Made with Blockbench",
	"texture_size": [64, 64],
	"textures": {
		"0": "item/multiple/chaotics",
		"particle": "item/multiple/chaotics"
	},
	"elements": [
		{
			"from": [6.25, -10, 7],
			"to": [8.25, -2, 9],
			"rotation": {"angle": 0, "axis": "y", "origin": [8, -17, 8]},
			"faces": {
				"north": {"uv": [4.75, 7, 5.25, 9], "texture": "#0"},
				"east": {"uv": [7.75, 4, 8.25, 6], "texture": "#0"},
				"south": {"uv": [7.75, 6, 8.25, 8], "texture": "#0"},
				"west": {"uv": [6.5, 7.75, 7, 9.75], "texture": "#0"},
				"up": {"uv": [9.75, 7, 9.25, 6.5], "texture": "#0"},
				"down": {"uv": [7.5, 9.25, 7, 9.75], "texture": "#0"}
			}
		},
		{
			"from": [6, -2, 7],
			"to": [10, 8, 9],
			"rotation": {"angle": 0, "axis": "y", "origin": [8, -17, 8]},
			"faces": {
				"north": {"uv": [5.5, 3, 6.5, 5.5], "texture": "#0"},
				"east": {"uv": [3.75, 7, 4.25, 9.5], "texture": "#0"},
				"south": {"uv": [5.5, 5.5, 6.5, 8], "texture": "#0"},
				"west": {"uv": [4.25, 7, 4.75, 9.5], "texture": "#0"},
				"up": {"uv": [9.5, 3, 8.5, 2.5], "texture": "#0"},
				"down": {"uv": [9.75, 0, 8.75, 0.5], "texture": "#0"}
			}
		},
		{
			"from": [8.75, -10, 7.5],
			"to": [9.75, -2, 8.5],
			"rotation": {"angle": 0, "axis": "y", "origin": [8, -10, 8]},
			"faces": {
				"north": {"uv": [5.25, 6, 5.5, 8], "texture": "#0"},
				"east": {"uv": [6.25, 8, 6.5, 10], "texture": "#0"},
				"south": {"uv": [2, 8.75, 2.25, 10.75], "texture": "#0"},
				"west": {"uv": [2.25, 8.75, 2.5, 10.75], "texture": "#0"},
				"up": {"uv": [10, 4.25, 9.75, 4], "texture": "#0"},
				"down": {"uv": [4.5, 9.75, 4.25, 10], "texture": "#0"}
			}
		},
		{
			"from": [3, 8, 8],
			"to": [15, 32, 8],
			"rotation": {"angle": 0, "axis": "y", "origin": [8, -17, 8]},
			"faces": {
				"north": {"uv": [0, 0, 3, 6], "texture": "#0"},
				"east": {"uv": [0, 0, 0, 6], "texture": "#0"},
				"south": {"uv": [3, 0, 0, 6], "texture": "#0"},
				"west": {"uv": [0, 0, 0, 6], "texture": "#0"},
				"up": {"uv": [3, 0, 0, 0], "texture": "#0"}
			}
		},
		{
			"from": [3, 8, 7.75],
			"to": [15, 32, 7.75],
			"rotation": {"angle": 0, "axis": "y", "origin": [8, -17, 8]},
			"faces": {
				"north": {"uv": [13, 0, 16, 6], "texture": "#0"},
				"east": {"uv": [0, 0, 0, 6], "texture": "#0"},
				"south": {"uv": [16, 0, 13, 6], "texture": "#0"},
				"west": {"uv": [0, 0, 0, 6], "texture": "#0"},
				"up": {"uv": [3, 0, 0, 0], "texture": "#0"}
			}
		},
		{
			"from": [3, 8, 8.25],
			"to": [15, 32, 8.25],
			"rotation": {"angle": 0, "axis": "y", "origin": [8, -17, 8]},
			"faces": {
				"north": {"uv": [13, 0, 16, 6], "texture": "#0"},
				"east": {"uv": [0, 0, 0, 6], "texture": "#0"},
				"south": {"uv": [16, 0, 13, 6], "texture": "#0"},
				"west": {"uv": [0, 0, 0, 6], "texture": "#0"},
				"up": {"uv": [3, 0, 0, 0], "texture": "#0"}
			}
		},
		{
			"from": [6, -15, 7],
			"to": [10, -14, 9],
			"rotation": {"angle": 0, "axis": "y", "origin": [8, -17, 8]},
			"faces": {
				"north": {"uv": [9.25, 7, 10.25, 7.25], "texture": "#0"},
				"east": {"uv": [9.5, 7.75, 10, 8], "texture": "#0"},
				"south": {"uv": [9.25, 7.25, 10.25, 7.5], "texture": "#0"},
				"west": {"uv": [9.75, 0, 10.25, 0.25], "texture": "#0"},
				"up": {"uv": [9.5, 2, 8.5, 1.5], "texture": "#0"},
				"down": {"uv": [9.5, 2, 8.5, 2.5], "texture": "#0"}
			}
		},
		{
			"from": [10, -14, 5.9],
			"to": [11.5, -12.5, 9],
			"rotation": {"angle": 45, "axis": "z", "origin": [10, -14, 8]},
			"faces": {
				"north": {"uv": [9.5, 9.25, 9.875, 9.625], "texture": "#0"},
				"east": {"uv": [1.25, 9.25, 2, 9.625], "texture": "#0"},
				"south": {"uv": [0, 9.75, 0.375, 10.125], "texture": "#0"},
				"west": {"uv": [2.5, 9.25, 3.25, 9.625], "texture": "#0"},
				"up": {"uv": [9.625, 5.75, 9.25, 5], "texture": "#0"},
				"down": {"uv": [9.625, 5.75, 9.25, 6.5], "texture": "#0"}
			}
		},
		{
			"from": [4.5, -14, 5.9],
			"to": [6, -12.5, 9],
			"rotation": {"angle": -45, "axis": "z", "origin": [6, -14, 8]},
			"faces": {
				"north": {"uv": [9.875, 9.25, 9.5, 9.625], "texture": "#0"},
				"east": {"uv": [3.25, 9.25, 2.5, 9.625], "texture": "#0"},
				"south": {"uv": [0.375, 9.75, 0, 10.125], "texture": "#0"},
				"west": {"uv": [2, 9.25, 1.25, 9.625], "texture": "#0"},
				"up": {"uv": [9.25, 5.75, 9.625, 5], "texture": "#0"},
				"down": {"uv": [9.25, 5.75, 9.625, 6.5], "texture": "#0"}
			}
		},
		{
			"from": [9.5, -16, 7.5],
			"to": [10.5, -14, 8.5],
			"rotation": {"angle": 45, "axis": "z", "origin": [10, -14, 8]},
			"faces": {
				"north": {"uv": [1.25, 9.75, 1.5, 10.25], "texture": "#0"},
				"east": {"uv": [1.5, 9.75, 1.75, 10.25], "texture": "#0"},
				"south": {"uv": [1.75, 9.75, 2, 10.25], "texture": "#0"},
				"west": {"uv": [2.5, 9.75, 2.75, 10.25], "texture": "#0"},
				"up": {"uv": [10, 0.5, 9.75, 0.25], "texture": "#0"},
				"down": {"uv": [4.25, 9.75, 4, 10], "texture": "#0"}
			}
		},
		{
			"from": [5.5, -16, 7.5],
			"to": [6.5, -14, 8.5],
			"rotation": {"angle": -45, "axis": "z", "origin": [6, -14, 8]},
			"faces": {
				"north": {"uv": [1.5, 9.75, 1.25, 10.25], "texture": "#0"},
				"east": {"uv": [2.75, 9.75, 2.5, 10.25], "texture": "#0"},
				"south": {"uv": [2, 9.75, 1.75, 10.25], "texture": "#0"},
				"west": {"uv": [1.75, 9.75, 1.5, 10.25], "texture": "#0"},
				"up": {"uv": [9.75, 0.5, 10, 0.25], "texture": "#0"},
				"down": {"uv": [4, 9.75, 4.25, 10], "texture": "#0"}
			}
		},
		{
			"from": [6.5, -16, 6],
			"to": [9.5, -14, 7],
			"rotation": {"angle": 0, "axis": "y", "origin": [8, -17, 8]},
			"faces": {
				"north": {"uv": [2.5, 8.75, 3.25, 9.25], "texture": "#0"},
				"east": {"uv": [0.5, 9.75, 0.75, 10.25], "texture": "#0"},
				"south": {"uv": [4.75, 9, 5.5, 9.5], "texture": "#0"},
				"west": {"uv": [9.75, 1, 10, 1.5], "texture": "#0"},
				"up": {"uv": [7.75, 8, 7, 7.75], "texture": "#0"},
				"down": {"uv": [5, 9.5, 4.25, 9.75], "texture": "#0"}
			}
		},
		{
			"from": [6, -14, 6],
			"to": [10, -10, 10],
			"rotation": {"angle": 0, "axis": "y", "origin": [8, -17, 8]},
			"faces": {
				"north": {"uv": [7.5, 2, 8.5, 3], "texture": "#0"},
				"east": {"uv": [5.25, 8, 6.25, 9], "texture": "#0"},
				"south": {"uv": [7, 8, 8, 9], "texture": "#0"},
				"west": {"uv": [8, 8, 9, 9], "texture": "#0"},
				"up": {"uv": [1, 9.25, 0, 8.25], "texture": "#0"},
				"down": {"uv": [2, 8.25, 1, 9.25], "texture": "#0"}
			}
		},
		{
			"from": [10, -14, 8],
			"to": [14, -10, 8],
			"rotation": {"angle": 0, "axis": "y", "origin": [8, -17, 8]},
			"faces": {
				"north": {"uv": [7.5, 1, 8.5, 2], "texture": "#0"},
				"east": {"uv": [0, 0, 0, 1], "texture": "#0"},
				"south": {"uv": [8.5, 1, 7.5, 2], "texture": "#0"},
				"west": {"uv": [0, 0, 0, 1], "texture": "#0"},
				"up": {"uv": [1, 0, 0, 0], "texture": "#0"}
			}
		},
		{
			"from": [2, -14, 8],
			"to": [6, -10, 8],
			"rotation": {"angle": 0, "axis": "y", "origin": [8, -17, 8]},
			"faces": {
				"north": {"uv": [8.5, 1, 7.5, 2], "texture": "#0"},
				"east": {"uv": [0, 0, 0, 1], "texture": "#0"},
				"south": {"uv": [7.5, 1, 8.5, 2], "texture": "#0"},
				"west": {"uv": [0, 0, 0, 1], "texture": "#0"},
				"up": {"uv": [0, 0, 1, 0], "texture": "#0"}
			}
		},
		{
			"from": [10, 6, 7.5],
			"to": [17, 8, 8.5],
			"rotation": {"angle": 45, "axis": "z", "origin": [10, 6, 8]},
			"faces": {
				"north": {"uv": [2, 8.25, 3.75, 8.75], "texture": "#0"},
				"east": {"uv": [2.75, 9.75, 3, 10.25], "texture": "#0"},
				"south": {"uv": [8.25, 3, 10, 3.5], "texture": "#0"},
				"west": {"uv": [3, 9.75, 3.25, 10.25], "texture": "#0"},
				"up": {"uv": [10.5, 0.75, 8.75, 0.5], "texture": "#0"},
				"down": {"uv": [10.5, 0.75, 8.75, 1], "texture": "#0"}
			}
		},
		{
			"from": [10, 1.5, 7.5],
			"to": [15, 3.5, 8.5],
			"rotation": {"angle": 0, "axis": "y", "origin": [10, 1, 8]},
			"faces": {
				"north": {"uv": [8.25, 7.5, 9.5, 8], "texture": "#0"},
				"east": {"uv": [9.75, 3.5, 10, 4], "texture": "#0"},
				"south": {"uv": [8.5, 1, 9.75, 1.5], "texture": "#0"},
				"west": {"uv": [3.75, 9.75, 4, 10.25], "texture": "#0"},
				"up": {"uv": [10.5, 4.75, 9.25, 4.5], "texture": "#0"},
				"down": {"uv": [10.5, 4.75, 9.25, 5], "texture": "#0"}
			}
		},
		{
			"from": [10.1, -2.8, 7.6],
			"to": [16.9, 1, 8.4],
			"rotation": {"angle": -22.5, "axis": "z", "origin": [10, 1, 8]},
			"faces": {
				"north": {"uv": [0, 6, 1.75, 7], "texture": "#0"},
				"east": {"uv": [7.5, 9.25, 7.75, 10.25], "texture": "#0"},
				"south": {"uv": [1.75, 6, 3.5, 7], "texture": "#0"},
				"west": {"uv": [7.75, 9.25, 8, 10.25], "texture": "#0"},
				"up": {"uv": [8.75, 9.25, 7, 9], "texture": "#0"},
				"down": {"uv": [10.75, 8, 9, 8.25], "texture": "#0"}
			}
		},
		{
			"from": [-0.9, -2.05, 7.6],
			"to": [5.9, 1.75, 8.4],
			"rotation": {"angle": -22.5, "axis": "z", "origin": [6, -2, 8]},
			"faces": {
				"north": {"uv": [1.75, 6, 0, 7], "texture": "#0"},
				"east": {"uv": [8, 9.25, 7.75, 10.25], "texture": "#0"},
				"south": {"uv": [3.5, 6, 1.75, 7], "texture": "#0"},
				"west": {"uv": [7.75, 9.25, 7.5, 10.25], "texture": "#0"},
				"up": {"uv": [7, 9.25, 8.75, 9], "texture": "#0"},
				"down": {"uv": [9, 8, 10.75, 8.25], "texture": "#0"}
			}
		},
		{
			"from": [10, 3.75, 7.5],
			"to": [16, 5.75, 8.5],
			"rotation": {"angle": 22.5, "axis": "z", "origin": [10, 3.75, 8]},
			"faces": {
				"north": {"uv": [8.25, 3.5, 9.75, 4], "texture": "#0"},
				"east": {"uv": [3.25, 9.75, 3.5, 10.25], "texture": "#0"},
				"south": {"uv": [8.25, 4, 9.75, 4.5], "texture": "#0"},
				"west": {"uv": [3.5, 9.75, 3.75, 10.25], "texture": "#0"},
				"up": {"uv": [10.25, 9.25, 8.75, 9], "texture": "#0"},
				"down": {"uv": [10.5, 8.75, 9, 9], "texture": "#0"}
			}
		},
		{
			"from": [6, 1, 4],
			"to": [10, 2, 7],
			"rotation": {"angle": 0, "axis": "y", "origin": [8, 4, 5.5]},
			"faces": {
				"north": {"uv": [8.5, 9.5, 9.5, 9.25], "texture": "#0"},
				"east": {"uv": [5, 9.75, 5.75, 9.5], "texture": "#0"},
				"south": {"uv": [9.5, 1.75, 10.5, 1.5], "texture": "#0"},
				"west": {"uv": [9.5, 7.75, 10.25, 7.5], "texture": "#0"},
				"up": {"uv": [9.25, 6, 8.25, 5.25], "texture": "#0"},
				"down": {"uv": [9.25, 4.5, 8.25, 5.25], "texture": "#0"}
			}
		},
		{
			"from": [10.5, -1, 3.5],
			"to": [12.5, 1, 6.5],
			"rotation": {"angle": -45, "axis": "z", "origin": [10.5, 1, 5.5]},
			"faces": {
				"north": {"uv": [9.5, 2.25, 10, 1.75], "texture": "#0"},
				"east": {"uv": [5.5, 9.5, 6.25, 9], "texture": "#0"},
				"south": {"uv": [9.5, 2.75, 10, 2.25], "texture": "#0"},
				"west": {"uv": [0, 9.75, 0.75, 9.25], "texture": "#0"},
				"up": {"uv": [1.25, 10, 0.75, 9.25], "texture": "#0"},
				"down": {"uv": [3.75, 8.75, 3.25, 9.5], "texture": "#0"}
			}
		},
		{
			"from": [9.5, 1, 4.5],
			"to": [10.5, 4, 5.5],
			"rotation": {"angle": -45, "axis": "z", "origin": [10, 1, 5.5]},
			"faces": {
				"north": {"uv": [5.75, 10.25, 6, 9.5], "texture": "#0"},
				"east": {"uv": [6, 10.25, 6.25, 9.5], "texture": "#0"},
				"south": {"uv": [8.5, 10.25, 8.75, 9.5], "texture": "#0"},
				"west": {"uv": [8.75, 10.25, 9, 9.5], "texture": "#0"},
				"up": {"uv": [4.75, 10, 4.5, 9.75], "texture": "#0"},
				"down": {"uv": [10, 4.25, 9.75, 4.5], "texture": "#0"}
			}
		},
		{
			"from": [5.5, 1, 4.5],
			"to": [6.5, 4, 5.5],
			"rotation": {"angle": 45, "axis": "z", "origin": [6, 1, 5.5]},
			"faces": {
				"north": {"uv": [6, 10.25, 5.75, 9.5], "texture": "#0"},
				"east": {"uv": [9, 10.25, 8.75, 9.5], "texture": "#0"},
				"south": {"uv": [8.75, 10.25, 8.5, 9.5], "texture": "#0"},
				"west": {"uv": [6.25, 10.25, 6, 9.5], "texture": "#0"},
				"up": {"uv": [4.5, 10, 4.75, 9.75], "texture": "#0"},
				"down": {"uv": [9.75, 4.25, 10, 4.5], "texture": "#0"}
			}
		},
		{
			"from": [3.5, -1, 3.5],
			"to": [5.5, 1, 6.5],
			"rotation": {"angle": 45, "axis": "z", "origin": [5.5, 1, 5.5]},
			"faces": {
				"north": {"uv": [10, 2.25, 9.5, 1.75], "texture": "#0"},
				"east": {"uv": [0.75, 9.75, 0, 9.25], "texture": "#0"},
				"south": {"uv": [10, 2.75, 9.5, 2.25], "texture": "#0"},
				"west": {"uv": [6.25, 9.5, 5.5, 9], "texture": "#0"},
				"up": {"uv": [0.75, 10, 1.25, 9.25], "texture": "#0"},
				"down": {"uv": [3.25, 8.75, 3.75, 9.5], "texture": "#0"}
			}
		},
		{
			"from": [6, 1, 3],
			"to": [10, 4, 4],
			"rotation": {"angle": 0, "axis": "y", "origin": [8, 4, 5.5]},
			"faces": {
				"north": {"uv": [8.25, 6.75, 9.25, 6], "texture": "#0"},
				"east": {"uv": [9, 10.25, 9.25, 9.5], "texture": "#0"},
				"south": {"uv": [8.25, 7.5, 9.25, 6.75], "texture": "#0"},
				"west": {"uv": [9.25, 10.25, 9.5, 9.5], "texture": "#0"},
				"up": {"uv": [4.25, 9.75, 3.25, 9.5], "texture": "#0"},
				"down": {"uv": [10.5, 2.75, 9.5, 3], "texture": "#0"}
			}
		},
		{
			"from": [5.5, -4, 3],
			"to": [10.5, 1, 8],
			"rotation": {"angle": 0, "axis": "y", "origin": [8, 4, 5.5]},
			"faces": {
				"north": {"uv": [6.5, 5.25, 7.75, 4], "texture": "#0"},
				"east": {"uv": [6.5, 6.5, 7.75, 5.25], "texture": "#0"},
				"south": {"uv": [6.5, 7.75, 7.75, 6.5], "texture": "#0"},
				"west": {"uv": [0, 8.25, 1.25, 7], "texture": "#0"},
				"up": {"uv": [3.75, 8.25, 2.5, 7], "texture": "#0"},
				"down": {"uv": [2.5, 7, 1.25, 8.25], "texture": "#0"}
			}
		},
		{
			"from": [10, -4, 5.5],
			"to": [15, 0, 5.5],
			"rotation": {"angle": 0, "axis": "y", "origin": [8, 4, 5.5]},
			"faces": {
				"north": {"uv": [7.5, 1, 8.75, 0], "texture": "#0"},
				"east": {"uv": [0, 1, 0, 0], "texture": "#0"},
				"west": {"uv": [0, 1, 0, 0], "texture": "#0"},
				"down": {"uv": [1.25, 0, 0, 0], "texture": "#0"}
			}
		},
		{
			"from": [1, -4, 5.5],
			"to": [6, 0, 5.5],
			"rotation": {"angle": 0, "axis": "y", "origin": [-18, 4, 5.5]},
			"faces": {
				"north": {"uv": [8.75, 1, 7.5, 0], "texture": "#0"},
				"east": {"uv": [0, 1, 0, 0], "texture": "#0"},
				"west": {"uv": [0, 1, 0, 0], "texture": "#0"},
				"down": {"uv": [0, 0, 1.25, 0], "texture": "#0"}
			}
		},
		{
			"from": [4, 3, 8],
			"to": [12, 9, 8],
			"rotation": {"angle": 45, "axis": "x", "origin": [8, 6, 8]},
			"faces": {
				"north": {"uv": [5.5, 0, 7.5, 1.5], "texture": "#0"},
				"east": {"uv": [0, 0, 0, 1.5], "texture": "#0"},
				"south": {"uv": [7.5, 0, 5.5, 1.5], "texture": "#0"},
				"west": {"uv": [0, 0, 0, 1.5], "texture": "#0"},
				"up": {"uv": [2, 0, 0, 0], "texture": "#0"}
			}
		},
		{
			"from": [4, 4, 6],
			"to": [12, 4, 12],
			"rotation": {"angle": 22.5, "axis": "x", "origin": [8, 4, 6]},
			"faces": {
				"north": {"uv": [0, 0, 2, 0], "texture": "#0"},
				"east": {"uv": [0, 0, 1.5, 0], "texture": "#0"},
				"south": {"uv": [0, 0, 2, 0], "texture": "#0"},
				"west": {"uv": [0, 0, 1.5, 0], "texture": "#0"},
				"up": {"uv": [7.5, 3, 5.5, 1.5], "texture": "#0"},
				"down": {"uv": [7.5, 1.5, 5.5, 3], "texture": "#0"}
			}
		},
		{
			"from": [3, 1, 4],
			"to": [13, 1, 12],
			"rotation": {"angle": -22.5, "axis": "x", "origin": [8, 1, 8]},
			"faces": {
				"north": {"uv": [0, 0, 2.5, 0], "texture": "#0"},
				"east": {"uv": [0, 0, 2, 0], "texture": "#0"},
				"south": {"uv": [0, 0, 2.5, 0], "texture": "#0"},
				"west": {"uv": [0, 0, 2, 0], "texture": "#0"},
				"up": {"uv": [5.5, 2, 3, 0], "texture": "#0"},
				"down": {"uv": [5.5, 0, 3, 2], "texture": "#0"}
			}
		},
		{
			"from": [3, -1.75, 4],
			"to": [13, -1.75, 12],
			"rotation": {"angle": 22.5, "axis": "x", "origin": [8, -1.25, 8]},
			"faces": {
				"north": {"uv": [0, 0, 2.5, 0], "texture": "#0"},
				"east": {"uv": [0, 0, 2, 0], "texture": "#0"},
				"south": {"uv": [0, 0, 2.5, 0], "texture": "#0"},
				"west": {"uv": [0, 0, 2, 0], "texture": "#0"},
				"up": {"uv": [5.5, 6, 3, 4], "texture": "#0"},
				"down": {"uv": [5.5, 4, 3, 6], "texture": "#0"}
			}
		},
		{
			"from": [3, -10.1, 7.925],
			"to": [13, -2.1, 7.925],
			"rotation": {"angle": 22.5, "axis": "x", "origin": [8, -6, 8]},
			"faces": {
				"north": {"uv": [3, 2, 5.5, 4], "texture": "#0"},
				"east": {"uv": [0, 0, 0, 2], "texture": "#0"},
				"south": {"uv": [5.5, 2, 3, 4], "texture": "#0"},
				"west": {"uv": [0, 0, 0, 2], "texture": "#0"},
				"up": {"uv": [2.5, 0, 0, 0], "texture": "#0"}
			}
		},
		{
			"from": [1, 6, 4.75],
			"to": [5, 7, 6.75],
			"rotation": {"angle": 22.5, "axis": "z", "origin": [5, 10, 6.75]},
			"faces": {
				"north": {"uv": [9.25, 7.25, 10.25, 7], "texture": "#0"},
				"east": {"uv": [9.5, 8, 10, 7.75], "texture": "#0"},
				"south": {"uv": [9.25, 7.5, 10.25, 7.25], "texture": "#0"},
				"west": {"uv": [9.75, 0.25, 10.25, 0], "texture": "#0"},
				"up": {"uv": [9.5, 2.5, 8.5, 2], "texture": "#0"},
				"down": {"uv": [9.5, 1.5, 8.5, 2], "texture": "#0"}
			}
		},
		{
			"from": [1.5, 6, 3.75],
			"to": [4.5, 8, 4.75],
			"rotation": {"angle": 22.5, "axis": "z", "origin": [5, 10, 6.75]},
			"faces": {
				"north": {"uv": [2.5, 9.25, 3.25, 8.75], "texture": "#0"},
				"east": {"uv": [0.5, 10.25, 0.75, 9.75], "texture": "#0"},
				"south": {"uv": [4.75, 9.5, 5.5, 9], "texture": "#0"},
				"west": {"uv": [9.75, 1.5, 10, 1], "texture": "#0"},
				"up": {"uv": [5, 9.75, 4.25, 9.5], "texture": "#0"},
				"down": {"uv": [7.75, 7.75, 7, 8], "texture": "#0"}
			}
		},
		{
			"from": [1, 2, 3.75],
			"to": [5, 6, 7.75],
			"rotation": {"angle": 22.5, "axis": "z", "origin": [5, 10, 6.75]},
			"faces": {
				"north": {"uv": [7.5, 3, 8.5, 2], "texture": "#0"},
				"east": {"uv": [5.25, 9, 6.25, 8], "texture": "#0"},
				"south": {"uv": [7, 9, 8, 8], "texture": "#0"},
				"west": {"uv": [8, 9, 9, 8], "texture": "#0"},
				"up": {"uv": [2, 9.25, 1, 8.25], "texture": "#0"},
				"down": {"uv": [1, 8.25, 0, 9.25], "texture": "#0"}
			}
		},
		{
			"from": [5, 2, 5.75],
			"to": [9, 6, 5.75],
			"rotation": {"angle": 22.5, "axis": "z", "origin": [5, 10, 6.75]},
			"faces": {
				"north": {"uv": [7.5, 2, 8.5, 1], "texture": "#0"},
				"east": {"uv": [0, 1, 0, 0], "texture": "#0"},
				"south": {"uv": [8.5, 2, 7.5, 1], "texture": "#0"},
				"west": {"uv": [0, 1, 0, 0], "texture": "#0"},
				"down": {"uv": [1, 0, 0, 0], "texture": "#0"}
			}
		},
		{
			"from": [-3, 2, 5.75],
			"to": [1, 6, 5.75],
			"rotation": {"angle": 22.5, "axis": "z", "origin": [5, 10, 6.75]},
			"faces": {
				"north": {"uv": [8.5, 2, 7.5, 1], "texture": "#0"},
				"east": {"uv": [0, 1, 0, 0], "texture": "#0"},
				"south": {"uv": [7.5, 2, 8.5, 1], "texture": "#0"},
				"west": {"uv": [0, 1, 0, 0], "texture": "#0"},
				"down": {"uv": [0, 0, 1, 0], "texture": "#0"}
			}
		},
		{
			"from": [6, 3, 9],
			"to": [10, 4, 11],
			"rotation": {"angle": 0, "axis": "y", "origin": [8, 6, 10]},
			"faces": {
				"north": {"uv": [10.25, 7.5, 9.25, 7.25], "texture": "#0"},
				"east": {"uv": [10, 8, 9.5, 7.75], "texture": "#0"},
				"south": {"uv": [10.25, 7.25, 9.25, 7], "texture": "#0"},
				"west": {"uv": [10.25, 0.25, 9.75, 0], "texture": "#0"},
				"up": {"uv": [9.5, 2, 8.5, 2.5], "texture": "#0"},
				"down": {"uv": [9.5, 2, 8.5, 1.5], "texture": "#0"}
			}
		},
		{
			"from": [10, 1.5, 9],
			"to": [11.5, 3, 12.1],
			"rotation": {"angle": -45, "axis": "z", "origin": [10, 3, 10]},
			"faces": {
				"north": {"uv": [0.375, 10.125, 0, 9.75], "texture": "#0"},
				"east": {"uv": [2, 9.625, 1.25, 9.25], "texture": "#0"},
				"south": {"uv": [9.875, 9.625, 9.5, 9.25], "texture": "#0"},
				"west": {"uv": [3.25, 9.625, 2.5, 9.25], "texture": "#0"},
				"up": {"uv": [9.625, 5.75, 9.25, 6.5], "texture": "#0"},
				"down": {"uv": [9.625, 5.75, 9.25, 5], "texture": "#0"}
			}
		},
		{
			"from": [4.5, 1.5, 9],
			"to": [6, 3, 12.1],
			"rotation": {"angle": 45, "axis": "z", "origin": [6, 3, 10]},
			"faces": {
				"north": {"uv": [0, 10.125, 0.375, 9.75], "texture": "#0"},
				"east": {"uv": [2.5, 9.625, 3.25, 9.25], "texture": "#0"},
				"south": {"uv": [9.5, 9.625, 9.875, 9.25], "texture": "#0"},
				"west": {"uv": [1.25, 9.625, 2, 9.25], "texture": "#0"},
				"up": {"uv": [9.25, 5.75, 9.625, 6.5], "texture": "#0"},
				"down": {"uv": [9.25, 5.75, 9.625, 5], "texture": "#0"}
			}
		},
		{
			"from": [9.5, 3, 9.5],
			"to": [10.5, 5, 10.5],
			"rotation": {"angle": -45, "axis": "z", "origin": [10, 3, 10]},
			"faces": {
				"north": {"uv": [2, 10.25, 1.75, 9.75], "texture": "#0"},
				"east": {"uv": [1.75, 10.25, 1.5, 9.75], "texture": "#0"},
				"south": {"uv": [1.5, 10.25, 1.25, 9.75], "texture": "#0"},
				"west": {"uv": [2.75, 10.25, 2.5, 9.75], "texture": "#0"},
				"up": {"uv": [4.25, 9.75, 4, 10], "texture": "#0"},
				"down": {"uv": [10, 0.5, 9.75, 0.25], "texture": "#0"}
			}
		},
		{
			"from": [5.5, 3, 9.5],
			"to": [6.5, 5, 10.5],
			"rotation": {"angle": 45, "axis": "z", "origin": [6, 3, 10]},
			"faces": {
				"north": {"uv": [1.75, 10.25, 2, 9.75], "texture": "#0"},
				"east": {"uv": [2.5, 10.25, 2.75, 9.75], "texture": "#0"},
				"south": {"uv": [1.25, 10.25, 1.5, 9.75], "texture": "#0"},
				"west": {"uv": [1.5, 10.25, 1.75, 9.75], "texture": "#0"},
				"up": {"uv": [4, 9.75, 4.25, 10], "texture": "#0"},
				"down": {"uv": [9.75, 0.5, 10, 0.25], "texture": "#0"}
			}
		},
		{
			"from": [6.5, 3, 11],
			"to": [9.5, 5, 12],
			"rotation": {"angle": 0, "axis": "y", "origin": [8, 6, 10]},
			"faces": {
				"north": {"uv": [5.5, 9.5, 4.75, 9], "texture": "#0"},
				"east": {"uv": [0.75, 10.25, 0.5, 9.75], "texture": "#0"},
				"south": {"uv": [3.25, 9.25, 2.5, 8.75], "texture": "#0"},
				"west": {"uv": [10, 1.5, 9.75, 1], "texture": "#0"},
				"up": {"uv": [5, 9.5, 4.25, 9.75], "texture": "#0"},
				"down": {"uv": [7.75, 8, 7, 7.75], "texture": "#0"}
			}
		},
		{
			"from": [6, -1, 9],
			"to": [10, 3, 12],
			"rotation": {"angle": 0, "axis": "y", "origin": [8, 6, 10]},
			"faces": {
				"north": {"uv": [8, 9, 7, 8], "texture": "#0"},
				"east": {"uv": [6, 9, 5.25, 8], "texture": "#0"},
				"south": {"uv": [8.5, 3, 7.5, 2], "texture": "#0"},
				"west": {"uv": [8.75, 9, 8, 8], "texture": "#0"},
				"up": {"uv": [2, 8.25, 1, 9], "texture": "#0"},
				"down": {"uv": [1, 9, 0, 8.25], "texture": "#0"}
			}
		},
		{
			"from": [10, -1, 10],
			"to": [14, 3, 10],
			"rotation": {"angle": 0, "axis": "y", "origin": [8, 6, 10]},
			"faces": {
				"north": {"uv": [7.5, 2, 8.5, 1], "texture": "#0"},
				"east": {"uv": [0, 1, 0, 0], "texture": "#0"},
				"south": {"uv": [8.5, 2, 7.5, 1], "texture": "#0"},
				"west": {"uv": [0, 1, 0, 0], "texture": "#0"},
				"down": {"uv": [1, 0, 0, 0], "texture": "#0"}
			}
		},
		{
			"from": [2, -1, 10],
			"to": [6, 3, 10],
			"rotation": {"angle": 0, "axis": "y", "origin": [8, 6, 10]},
			"faces": {
				"north": {"uv": [8.5, 2, 7.5, 1], "texture": "#0"},
				"east": {"uv": [0, 1, 0, 0], "texture": "#0"},
				"south": {"uv": [7.5, 2, 8.5, 1], "texture": "#0"},
				"west": {"uv": [0, 1, 0, 0], "texture": "#0"},
				"down": {"uv": [0, 0, 1, 0], "texture": "#0"}
			}
		},
		{
			"from": [9, 10, 5.75],
			"to": [13, 11, 7.75],
			"rotation": {"angle": -22.5, "axis": "z", "origin": [5, 10, 6.75]},
			"faces": {
				"north": {"uv": [9.25, 7.25, 10.25, 7], "texture": "#0"},
				"east": {"uv": [9.5, 8, 10, 7.75], "texture": "#0"},
				"south": {"uv": [9.25, 7.5, 10.25, 7.25], "texture": "#0"},
				"west": {"uv": [9.75, 0.25, 10.25, 0], "texture": "#0"},
				"up": {"uv": [9.5, 2.5, 8.5, 2], "texture": "#0"},
				"down": {"uv": [9.5, 1.5, 8.5, 2], "texture": "#0"}
			}
		},
		{
			"from": [9.5, 10, 4.75],
			"to": [12.5, 12, 5.75],
			"rotation": {"angle": -22.5, "axis": "z", "origin": [5, 10, 6.75]},
			"faces": {
				"north": {"uv": [2.5, 9.25, 3.25, 8.75], "texture": "#0"},
				"east": {"uv": [0.5, 10.25, 0.75, 9.75], "texture": "#0"},
				"south": {"uv": [4.75, 9.5, 5.5, 9], "texture": "#0"},
				"west": {"uv": [9.75, 1.5, 10, 1], "texture": "#0"},
				"up": {"uv": [5, 9.75, 4.25, 9.5], "texture": "#0"},
				"down": {"uv": [7.75, 7.75, 7, 8], "texture": "#0"}
			}
		},
		{
			"from": [9, 6, 4.75],
			"to": [13, 10, 8.75],
			"rotation": {"angle": -22.5, "axis": "z", "origin": [5, 10, 6.75]},
			"faces": {
				"north": {"uv": [7.5, 3, 8.5, 2], "texture": "#0"},
				"east": {"uv": [5.25, 9, 6.25, 8], "texture": "#0"},
				"south": {"uv": [7, 9, 8, 8], "texture": "#0"},
				"west": {"uv": [8, 9, 9, 8], "texture": "#0"},
				"up": {"uv": [2, 9.25, 1, 8.25], "texture": "#0"},
				"down": {"uv": [1, 8.25, 0, 9.25], "texture": "#0"}
			}
		},
		{
			"from": [13, 6, 5.75],
			"to": [17, 10, 5.75],
			"rotation": {"angle": -22.5, "axis": "z", "origin": [5, 10, 6.75]},
			"faces": {
				"north": {"uv": [7.5, 2, 8.5, 1], "texture": "#0"},
				"east": {"uv": [0, 1, 0, 0], "texture": "#0"},
				"south": {"uv": [8.5, 2, 7.5, 1], "texture": "#0"},
				"west": {"uv": [0, 1, 0, 0], "texture": "#0"},
				"down": {"uv": [1, 0, 0, 0], "texture": "#0"}
			}
		},
		{
			"from": [5, 6, 5.75],
			"to": [9, 10, 5.75],
			"rotation": {"angle": -22.5, "axis": "z", "origin": [5, 10, 6.75]},
			"faces": {
				"north": {"uv": [8.5, 2, 7.5, 1], "texture": "#0"},
				"east": {"uv": [0, 1, 0, 0], "texture": "#0"},
				"south": {"uv": [7.5, 2, 8.5, 1], "texture": "#0"},
				"west": {"uv": [0, 1, 0, 0], "texture": "#0"},
				"down": {"uv": [0, 0, 1, 0], "texture": "#0"}
			}
		}
	],
	"display": {
		"thirdperson_righthand": {
			"rotation": [0, -90, 0],
			"translation": [0, 5.75, 1.75],
			"scale": [0.5, 0.5, 0.5]
		},
		"thirdperson_lefthand": {
			"rotation": [0, 90, 0],
			"translation": [0, 5.75, 1.75],
			"scale": [0.5, 0.5, 0.5]
		},
		"firstperson_righthand": {
			"rotation": [0, -90, -20],
			"translation": [1.25, 2.75, 0],
			"scale": [0.4, 0.4, 0.4]
		},
		"firstperson_lefthand": {
			"rotation": [0, 90, 20],
			"translation": [1.25, 2.75, 0],
			"scale": [0.4, 0.4, 0.4]
		},
		"ground": {
			"translation": [0, 8, 0],
			"scale": [0.5, 0.5, 0.5]
		},
		"gui": {
			"rotation": [0, 0, -45],
			"translation": [-0.5, 0.5, 0],
			"scale": [0.435, 0.435, 0.435]
		},
		"head": {
			"rotation": [-180, -90, 0],
			"translation": [0, 14.5, 1.75],
			"scale": [0.6, 0.6, 0.6]
		},
		"fixed": {
			"rotation": [0, 0, -45],
			"translation": [0, 0, -1.5],
			"scale": [0.6, 0.6, 0.6]
		}
	},
	"groups": [
		0,
		1,
		2,
		3,
		4,
		5,
		{
			"name": "group",
			"origin": [8, -16, 8],
			"color": 0,
			"children": [6, 7, 8, 9, 10, 11, 12, 13, 14]
		},
		{
			"name": "group",
			"origin": [10, 6, 8],
			"color": 0,
			"children": [15, 16, 17, 18, 19]
		},
		{
			"name": "group",
			"origin": [8, -16, 8],
			"color": 0,
			"children": [20, 21, 22, 23, 24, 25, 26, 27, 28]
		},
		{
			"name": "group",
			"origin": [8, -6, 8],
			"color": 0,
			"children": [29, 30, 31, 32, 33]
		},
		{
			"name": "group",
			"origin": [8, -16, 8],
			"color": 0,
			"children": [34, 35, 36, 37, 38]
		},
		{
			"name": "group",
			"origin": [8, -16, 8],
			"color": 0,
			"children": [39, 40, 41, 42, 43, 44, 45, 46, 47]
		},
		{
			"name": "group",
			"origin": [8, -16, 8],
			"color": 0,
			"children": [48, 49, 50, 51, 52]
		}
	]
}