{
    "display": {
        "thirdperson_righthand": {
            "translation": [0, 2.75, 0.25]
        },
        "thirdperson_lefthand": {
            "translation": [0, 2.75, 0.25]
        },
        "firstperson_righthand": {
            "rotation": [20, 0, 0],
            "translation": [-1, 1, 1.5],
            "scale": [0.5, 0.5, 0.5]
        },
        "firstperson_lefthand": {
            "rotation": [20, 0, 0],
            "translation": [-1, 1, 1.5],
            "scale": [0.5, 0.5, 0.5]
        },
        "ground": {
            "translation": [0, 1, 0],
            "scale": [0.8, 0.8, 0.8]
        },
        "gui": {
            "rotation": [-90, -45, -90],
            "translation": [-2.25, -3.5, 0],
            "scale": [0.8, 0.8, 0.8]
        },
        "fixed": {
            "rotation": [90.68, -43.49, 90.46],
            "translation": [3.5, -2.25, 0],
            "scale": [0.8, 0.8, 0.8]
        }
    },
    "texture_size": [64, 64],
    "textures": {
        "0": "item/swords/christmas_tree",
        "particle": "item/swords/christmas_tree"
    },
    "elements": [{
        "from": [7, 0.4, 8],
        "to": [9, 2.4, 10],
        "faces": {
            "north": {
                "uv": [7.25, 14.75, 8.5, 16],
                "texture": "#0"
            },
            "east": {
                "uv": [7.25, 14.75, 8.5, 16],
                "texture": "#0"
            },
            "south": {
                "uv": [7.25, 14.75, 8.5, 16],
                "texture": "#0"
            },
            "west": {
                "uv": [7.25, 14.75, 8.5, 16],
                "texture": "#0"
            },
            "up": {
                "uv": [7.25, 15.75, 8.5, 16],
                "texture": "#0"
            },
            "down": {
                "uv": [7.25, 15.75, 8.5, 16],
                "texture": "#0"
            }
        }
    }, {
        "from": [7.4, 2.4, 8.4],
        "to": [8.6, 7.6, 9.6],
        "faces": {
            "north": {
                "uv": [7.5, 11.5, 8.25, 14.75],
                "texture": "#0"
            },
            "east": {
                "uv": [7.5, 11.5, 8.25, 14.75],
                "texture": "#0"
            },
            "south": {
                "uv": [7.5, 11.5, 8.25, 14.75],
                "texture": "#0"
            },
            "west": {
                "uv": [7.5, 11.5, 8.25, 14.75],
                "texture": "#0"
            },
            "up": {
                "uv": [7.5, 12.75, 8.25, 13.5],
                "texture": "#0"
            },
            "down": {
                "uv": [7.5, 12.75, 8.25, 13.5],
                "texture": "#0"
            }
        }
    }, {
        "from": [7.4, 7.6, 8],
        "to": [8.6, 8.4, 10],
        "faces": {
            "north": {
                "uv": [7.5, 11.5, 8.25, 12],
                "texture": "#0"
            },
            "east": {
                "uv": [8.5, 11, 7.25, 11.5],
                "texture": "#0"
            },
            "south": {
                "uv": [8.25, 11, 8.5, 11.5],
                "texture": "#0"
            },
            "west": {
                "uv": [7.25, 11, 8.5, 11.5],
                "texture": "#0"
            },
            "up": {
                "uv": [7.25, 11, 8.5, 11.25],
                "rotation": 90,
                "texture": "#0"
            },
            "down": {
                "uv": [7.5, 11.5, 8.25, 12],
                "texture": "#0"
            }
        }
    }, {
        "from": [7.8, 4.8, 9.6],
        "to": [8.2, 6, 10],
        "faces": {
            "north": {
                "uv": [8.25, 12.5, 8.5, 13.25],
                "texture": "#0"
            },
            "east": {
                "uv": [8.25, 12.5, 8.5, 13.25],
                "texture": "#0"
            },
            "south": {
                "uv": [8.25, 12.5, 8.5, 13.25],
                "texture": "#0"
            },
            "west": {
                "uv": [8.25, 12.5, 8.5, 13.25],
                "texture": "#0"
            },
            "up": {
                "uv": [8.25, 12.5, 8.5, 12.75],
                "texture": "#0"
            },
            "down": {
                "uv": [8.25, 13, 8.5, 13.25],
                "texture": "#0"
            }
        }
    }, {
        "from": [7.8, 5.2, 10],
        "to": [8.2, 6.4, 10.8],
        "faces": {
            "north": {
                "uv": [8.5, 12.25, 8.75, 13],
                "texture": "#0"
            },
            "east": {
                "uv": [9, 12.25, 8.5, 13],
                "texture": "#0"
            },
            "south": {
                "uv": [8.75, 12.25, 9, 13],
                "texture": "#0"
            },
            "west": {
                "uv": [8.5, 12.25, 9, 13],
                "texture": "#0"
            },
            "up": {
                "uv": [8.5, 12.25, 9, 12.5],
                "rotation": 90,
                "texture": "#0"
            },
            "down": {
                "uv": [8.5, 12.75, 9, 13],
                "rotation": 90,
                "texture": "#0"
            }
        }
    }, {
        "from": [7.8, 6.4, 10.8],
        "to": [8.2, 7.2, 11.2],
        "faces": {
            "north": {
                "uv": [9, 11.75, 9.25, 12.25],
                "texture": "#0"
            },
            "east": {
                "uv": [9.25, 11.75, 9, 12.25],
                "texture": "#0"
            },
            "south": {
                "uv": [9.25, 11.75, 9, 12.25],
                "texture": "#0"
            },
            "west": {
                "uv": [9, 11.75, 9.25, 12.25],
                "texture": "#0"
            },
            "up": {
                "uv": [9, 11.75, 9.25, 12],
                "rotation": 90,
                "texture": "#0"
            },
            "down": {
                "uv": [9, 12, 9.25, 12.25],
                "rotation": 90,
                "texture": "#0"
            }
        }
    }, {
        "from": [7.8, 4.8, 10.4],
        "to": [8.2, 5.2, 11.2],
        "faces": {
            "north": {
                "uv": [8.75, 13, 9, 13.25],
                "texture": "#0"
            },
            "east": {
                "uv": [9.25, 13, 8.75, 13.25],
                "texture": "#0"
            },
            "south": {
                "uv": [9, 13, 9.25, 13.25],
                "texture": "#0"
            },
            "west": {
                "uv": [8.75, 13, 9.25, 13.25],
                "texture": "#0"
            },
            "up": {
                "uv": [8.75, 13.25, 9.25, 13],
                "rotation": 90,
                "texture": "#0"
            },
            "down": {
                "uv": [9.25, 13, 8.75, 13.25],
                "rotation": 90,
                "texture": "#0"
            }
        }
    }, {
        "from": [7.8, 5.6, 10.8],
        "to": [8.2, 6.4, 12.4],
        "faces": {
            "north": {
                "uv": [9, 12.25, 9.25, 12.75],
                "texture": "#0"
            },
            "east": {
                "uv": [10, 12.25, 9, 12.75],
                "texture": "#0"
            },
            "south": {
                "uv": [9.75, 12.25, 10, 12.75],
                "texture": "#0"
            },
            "west": {
                "uv": [9, 12.25, 10, 12.75],
                "texture": "#0"
            },
            "up": {
                "uv": [9, 12.5, 10, 12.25],
                "rotation": 90,
                "texture": "#0"
            },
            "down": {
                "uv": [10, 12.5, 9, 12.75],
                "rotation": 90,
                "texture": "#0"
            }
        }
    }, {
        "from": [7.8, 6.4, 11.6],
        "to": [8.2, 6.8, 12.8],
        "faces": {
            "north": {
                "uv": [9.5, 12, 9.75, 12.25],
                "texture": "#0"
            },
            "east": {
                "uv": [10.25, 12, 9.5, 12.25],
                "texture": "#0"
            },
            "south": {
                "uv": [10, 12, 10.25, 12.25],
                "texture": "#0"
            },
            "west": {
                "uv": [9.5, 12, 10.25, 12.25],
                "texture": "#0"
            },
            "up": {
                "uv": [9.5, 12.25, 10.25, 12],
                "rotation": 90,
                "texture": "#0"
            },
            "down": {
                "uv": [10.25, 12, 9.5, 12.25],
                "rotation": 90,
                "texture": "#0"
            }
        }
    }, {
        "from": [7.8, 5.6, 12.4],
        "to": [8.2, 6, 12.8],
        "faces": {
            "north": {
                "uv": [10, 12.5, 10.25, 12.75],
                "texture": "#0"
            },
            "east": {
                "uv": [10.25, 12.5, 10, 12.75],
                "texture": "#0"
            },
            "south": {
                "uv": [10, 12.5, 10.25, 12.75],
                "texture": "#0"
            },
            "west": {
                "uv": [10, 12.5, 10.25, 12.75],
                "texture": "#0"
            },
            "up": {
                "uv": [10, 12.75, 10.25, 12.5],
                "rotation": 90,
                "texture": "#0"
            },
            "down": {
                "uv": [10.25, 12.5, 10, 12.75],
                "rotation": 90,
                "texture": "#0"
            }
        }
    }, {
        "from": [7.8, 6.8, 11.6],
        "to": [8.2, 7.2, 12],
        "faces": {
            "north": {
                "uv": [9.5, 11.75, 9.75, 12],
                "texture": "#0"
            },
            "east": {
                "uv": [9.75, 11.75, 9.5, 12],
                "texture": "#0"
            },
            "south": {
                "uv": [9.5, 11.75, 9.75, 12],
                "texture": "#0"
            },
            "west": {
                "uv": [9.5, 11.75, 9.75, 12],
                "texture": "#0"
            },
            "up": {
                "uv": [9.5, 12, 9.75, 11.75],
                "rotation": 90,
                "texture": "#0"
            },
            "down": {
                "uv": [9.75, 11.75, 9.5, 12],
                "rotation": 90,
                "texture": "#0"
            }
        }
    }, {
        "from": [7.8, 4.8, 8],
        "to": [8.2, 6, 8.4],
        "faces": {
            "north": {
                "uv": [8.25, 12.5, 8.5, 13.25],
                "texture": "#0"
            },
            "east": {
                "uv": [8.5, 12.5, 8.25, 13.25],
                "texture": "#0"
            },
            "south": {
                "uv": [8.25, 12.5, 8.5, 13.25],
                "texture": "#0"
            },
            "west": {
                "uv": [8.25, 12.5, 8.5, 13.25],
                "texture": "#0"
            },
            "up": {
                "uv": [8.25, 12.5, 8.5, 12.75],
                "texture": "#0"
            },
            "down": {
                "uv": [8.25, 13, 8.5, 13.25],
                "texture": "#0"
            }
        }
    }, {
        "from": [7.8, 5.2, 7.2],
        "to": [8.2, 6.4, 8],
        "faces": {
            "north": {
                "uv": [8.5, 12.25, 8.75, 13],
                "texture": "#0"
            },
            "east": {
                "uv": [8.5, 12.25, 9, 13],
                "texture": "#0"
            },
            "south": {
                "uv": [8.75, 12.25, 9, 13],
                "texture": "#0"
            },
            "west": {
                "uv": [8.5, 12.25, 9, 13],
                "texture": "#0"
            },
            "up": {
                "uv": [8.5, 12.25, 9, 12.5],
                "rotation": 90,
                "texture": "#0"
            },
            "down": {
                "uv": [8.5, 12.75, 9, 13],
                "rotation": 90,
                "texture": "#0"
            }
        }
    }, {
        "from": [7.8, 4.8, 6.8],
        "to": [8.2, 5.2, 7.6],
        "faces": {
            "north": {
                "uv": [8.75, 13, 9, 13.25],
                "texture": "#0"
            },
            "east": {
                "uv": [8.75, 13, 9.25, 13.25],
                "texture": "#0"
            },
            "south": {
                "uv": [9, 13, 9.25, 13.25],
                "texture": "#0"
            },
            "west": {
                "uv": [8.75, 13, 9.25, 13.25],
                "texture": "#0"
            },
            "up": {
                "uv": [8.75, 13.25, 9.25, 13],
                "rotation": 90,
                "texture": "#0"
            },
            "down": {
                "uv": [9.25, 13, 8.75, 13.25],
                "rotation": 90,
                "texture": "#0"
            }
        }
    }, {
        "from": [7.8, 5.6, 5.6],
        "to": [8.2, 6.4, 7.2],
        "faces": {
            "north": {
                "uv": [9, 12.25, 9.25, 12.75],
                "texture": "#0"
            },
            "east": {
                "uv": [9, 12.25, 10, 12.75],
                "texture": "#0"
            },
            "south": {
                "uv": [9.75, 12.25, 10, 12.75],
                "texture": "#0"
            },
            "west": {
                "uv": [9, 12.25, 10, 12.75],
                "texture": "#0"
            },
            "up": {
                "uv": [9, 12.5, 10, 12.25],
                "rotation": 90,
                "texture": "#0"
            },
            "down": {
                "uv": [10, 12.5, 9, 12.75],
                "rotation": 90,
                "texture": "#0"
            }
        }
    }, {
        "from": [7.8, 6.4, 6.8],
        "to": [8.2, 7.2, 7.2],
        "faces": {
            "north": {
                "uv": [9, 11.75, 9.25, 12.25],
                "texture": "#0"
            },
            "east": {
                "uv": [9, 11.75, 9.25, 12.25],
                "texture": "#0"
            },
            "south": {
                "uv": [9.25, 11.75, 9, 12.25],
                "texture": "#0"
            },
            "west": {
                "uv": [9, 11.75, 9.25, 12.25],
                "texture": "#0"
            },
            "up": {
                "uv": [9, 11.75, 9.25, 12],
                "rotation": 90,
                "texture": "#0"
            },
            "down": {
                "uv": [9, 12, 9.25, 12.25],
                "rotation": 90,
                "texture": "#0"
            }
        }
    }, {
        "from": [7.8, 6.8, 6],
        "to": [8.2, 7.2, 6.4],
        "faces": {
            "north": {
                "uv": [9.5, 11.75, 9.75, 12],
                "texture": "#0"
            },
            "east": {
                "uv": [9.75, 11.75, 9.5, 12],
                "texture": "#0"
            },
            "south": {
                "uv": [9.5, 11.75, 9.75, 12],
                "texture": "#0"
            },
            "west": {
                "uv": [9.5, 11.75, 9.75, 12],
                "texture": "#0"
            },
            "up": {
                "uv": [9.5, 12, 9.75, 11.75],
                "rotation": 90,
                "texture": "#0"
            },
            "down": {
                "uv": [9.75, 11.75, 9.5, 12],
                "rotation": 90,
                "texture": "#0"
            }
        }
    }, {
        "from": [7.4, 7.6, 6.8],
        "to": [8.6, 8, 7.2],
        "faces": {
            "north": {
                "uv": [6.5, 11.25, 6.75, 11.5],
                "texture": "#0"
            },
            "east": {
                "uv": [6.75, 11.25, 6.5, 11.5],
                "texture": "#0"
            },
            "south": {
                "uv": [6.5, 11.25, 6.75, 11.5],
                "texture": "#0"
            },
            "west": {
                "uv": [6.5, 11.25, 6.75, 11.5],
                "texture": "#0"
            },
            "up": {
                "uv": [6.5, 11.5, 6.75, 11.25],
                "rotation": 90,
                "texture": "#0"
            },
            "down": {
                "uv": [6.75, 11.25, 6.5, 11.5],
                "rotation": 90,
                "texture": "#0"
            }
        }
    }, {
        "from": [7.4, 8, 10.4],
        "to": [8.6, 8.4, 10.8],
        "faces": {
            "north": {
                "uv": [8.75, 11, 9, 11.25],
                "texture": "#0"
            },
            "east": {
                "uv": [9, 11, 8.75, 11.25],
                "texture": "#0"
            },
            "south": {
                "uv": [8.75, 11, 9, 11.25],
                "texture": "#0"
            },
            "west": {
                "uv": [8.75, 11, 9, 11.25],
                "texture": "#0"
            },
            "up": {
                "uv": [8.75, 11.25, 9, 11],
                "rotation": 90,
                "texture": "#0"
            },
            "down": {
                "uv": [9, 11, 8.75, 11.25],
                "rotation": 90,
                "texture": "#0"
            }
        }
    }, {
        "from": [7.4, 8, 11.2],
        "to": [8.6, 8.4, 11.6],
        "faces": {
            "north": {
                "uv": [9.25, 11, 9.5, 11.25],
                "texture": "#0"
            },
            "east": {
                "uv": [9.5, 11, 9.25, 11.25],
                "texture": "#0"
            },
            "south": {
                "uv": [9.25, 11, 9.5, 11.25],
                "texture": "#0"
            },
            "west": {
                "uv": [9.25, 11, 9.5, 11.25],
                "texture": "#0"
            },
            "up": {
                "uv": [9.25, 11.25, 9.5, 11],
                "rotation": 90,
                "texture": "#0"
            },
            "down": {
                "uv": [9.5, 11, 9.25, 11.25],
                "rotation": 90,
                "texture": "#0"
            }
        }
    }, {
        "from": [7.4, 8.4, 12.4],
        "to": [8.6, 8.8, 12.8],
        "faces": {
            "north": {
                "uv": [10, 10.75, 10.25, 11],
                "texture": "#0"
            },
            "east": {
                "uv": [10.25, 10.75, 10, 11],
                "texture": "#0"
            },
            "south": {
                "uv": [10, 10.75, 10.25, 11],
                "texture": "#0"
            },
            "west": {
                "uv": [10, 10.75, 10.25, 11],
                "texture": "#0"
            },
            "up": {
                "uv": [10, 11, 10.25, 10.75],
                "rotation": 90,
                "texture": "#0"
            },
            "down": {
                "uv": [10.25, 10.75, 10, 11],
                "rotation": 90,
                "texture": "#0"
            }
        }
    }, {
        "from": [7.4, 8.4, 13.2],
        "to": [8.6, 8.8, 13.6],
        "faces": {
            "north": {
                "uv": [10.5, 10.75, 10.75, 11],
                "texture": "#0"
            },
            "east": {
                "uv": [10.75, 10.75, 10.5, 11],
                "texture": "#0"
            },
            "south": {
                "uv": [10.5, 10.75, 10.75, 11],
                "texture": "#0"
            },
            "west": {
                "uv": [10.5, 10.75, 10.75, 11],
                "texture": "#0"
            },
            "up": {
                "uv": [10.5, 11, 10.75, 10.75],
                "rotation": 90,
                "texture": "#0"
            },
            "down": {
                "uv": [10.75, 10.75, 10.5, 11],
                "rotation": 90,
                "texture": "#0"
            }
        }
    }, {
        "from": [7.4, 8, 12.4],
        "to": [8.6, 8.4, 12.8],
        "faces": {
            "north": {
                "uv": [10, 11, 10.25, 11.25],
                "texture": "#0"
            },
            "east": {
                "uv": [10.25, 11, 10, 11.25],
                "texture": "#0"
            },
            "south": {
                "uv": [10, 11, 10.25, 11.25],
                "texture": "#0"
            },
            "west": {
                "uv": [10, 11, 10.25, 11.25],
                "texture": "#0"
            },
            "up": {
                "uv": [10, 11.25, 10.25, 11],
                "rotation": 90,
                "texture": "#0"
            },
            "down": {
                "uv": [10.25, 11, 10, 11.25],
                "rotation": 90,
                "texture": "#0"
            }
        }
    }, {
        "from": [7.4, 7.6, 11.6],
        "to": [8.6, 8, 12],
        "faces": {
            "north": {
                "uv": [9.5, 11.25, 9.75, 11.5],
                "texture": "#0"
            },
            "east": {
                "uv": [9.75, 11.25, 9.5, 11.5],
                "texture": "#0"
            },
            "south": {
                "uv": [9.5, 11.25, 9.75, 11.5],
                "texture": "#0"
            },
            "west": {
                "uv": [9.5, 11.25, 9.75, 11.5],
                "texture": "#0"
            },
            "up": {
                "uv": [9.5, 11.5, 9.75, 11.25],
                "rotation": 90,
                "texture": "#0"
            },
            "down": {
                "uv": [9.75, 11.25, 9.5, 11.5],
                "rotation": 90,
                "texture": "#0"
            }
        }
    }, {
        "from": [7.4, 12.4, 12],
        "to": [8.6, 12.8, 12.4],
        "faces": {
            "north": {
                "uv": [9.75, 8.25, 10, 8.5],
                "texture": "#0"
            },
            "east": {
                "uv": [10, 8.25, 9.75, 8.5],
                "texture": "#0"
            },
            "south": {
                "uv": [9.75, 8.25, 10, 8.5],
                "texture": "#0"
            },
            "west": {
                "uv": [9.75, 8.25, 10, 8.5],
                "texture": "#0"
            },
            "up": {
                "uv": [9.75, 8.5, 10, 8.25],
                "rotation": 90,
                "texture": "#0"
            },
            "down": {
                "uv": [10, 8.25, 9.75, 8.5],
                "rotation": 90,
                "texture": "#0"
            }
        }
    }, {
        "from": [7.4, 12.8, 11.6],
        "to": [8.6, 13.2, 12],
        "faces": {
            "north": {
                "uv": [9.5, 8, 9.75, 8.25],
                "texture": "#0"
            },
            "east": {
                "uv": [9.75, 8, 9.5, 8.25],
                "texture": "#0"
            },
            "south": {
                "uv": [9.5, 8, 9.75, 8.25],
                "texture": "#0"
            },
            "west": {
                "uv": [9.5, 8, 9.75, 8.25],
                "texture": "#0"
            },
            "up": {
                "uv": [9.5, 8.25, 9.75, 8],
                "rotation": 90,
                "texture": "#0"
            },
            "down": {
                "uv": [9.75, 8, 9.5, 8.25],
                "rotation": 90,
                "texture": "#0"
            }
        }
    }, {
        "from": [7.4, 13.2, 11.2],
        "to": [8.6, 13.6, 11.6],
        "faces": {
            "north": {
                "uv": [9.25, 7.75, 9.5, 8],
                "texture": "#0"
            },
            "east": {
                "uv": [9.5, 7.75, 9.25, 8],
                "texture": "#0"
            },
            "south": {
                "uv": [9.25, 7.75, 9.5, 8],
                "texture": "#0"
            },
            "west": {
                "uv": [9.25, 7.75, 9.5, 8],
                "texture": "#0"
            },
            "up": {
                "uv": [9.25, 8, 9.5, 7.75],
                "rotation": 90,
                "texture": "#0"
            },
            "down": {
                "uv": [9.5, 7.75, 9.25, 8],
                "rotation": 90,
                "texture": "#0"
            }
        }
    }, {
        "from": [7.4, 15.2, 10.8],
        "to": [8.6, 15.6, 11.2],
        "faces": {
            "north": {
                "uv": [9, 6.5, 9.25, 6.75],
                "texture": "#0"
            },
            "east": {
                "uv": [9.25, 6.5, 9, 6.75],
                "texture": "#0"
            },
            "south": {
                "uv": [9, 6.5, 9.25, 6.75],
                "texture": "#0"
            },
            "west": {
                "uv": [9, 6.5, 9.25, 6.75],
                "texture": "#0"
            },
            "up": {
                "uv": [9, 6.75, 9.25, 6.5],
                "rotation": 90,
                "texture": "#0"
            },
            "down": {
                "uv": [9.25, 6.5, 9, 6.75],
                "rotation": 90,
                "texture": "#0"
            }
        }
    }, {
        "from": [7.4, 16.8, 11.6],
        "to": [8.6, 17.2, 12],
        "faces": {
            "north": {
                "uv": [9.5, 5.5, 9.75, 5.75],
                "texture": "#0"
            },
            "east": {
                "uv": [9.75, 5.5, 9.5, 5.75],
                "texture": "#0"
            },
            "south": {
                "uv": [9.5, 5.5, 9.75, 5.75],
                "texture": "#0"
            },
            "west": {
                "uv": [9.5, 5.5, 9.75, 5.75],
                "texture": "#0"
            },
            "up": {
                "uv": [9.5, 5.75, 9.75, 5.5],
                "rotation": 90,
                "texture": "#0"
            },
            "down": {
                "uv": [9.75, 5.5, 9.5, 5.75],
                "rotation": 90,
                "texture": "#0"
            }
        }
    }, {
        "from": [7.4, 19.2, 10.4],
        "to": [8.6, 19.6, 10.8],
        "faces": {
            "north": {
                "uv": [8.75, 4, 9, 4.25],
                "texture": "#0"
            },
            "east": {
                "uv": [9, 4, 8.75, 4.25],
                "texture": "#0"
            },
            "south": {
                "uv": [8.75, 4, 9, 4.25],
                "texture": "#0"
            },
            "west": {
                "uv": [8.75, 4, 9, 4.25],
                "texture": "#0"
            },
            "up": {
                "uv": [8.75, 4.25, 9, 4],
                "rotation": 90,
                "texture": "#0"
            },
            "down": {
                "uv": [9, 4, 8.75, 4.25],
                "rotation": 90,
                "texture": "#0"
            }
        }
    }, {
        "from": [7.4, 16.4, 11.6],
        "to": [8.6, 16.8, 12],
        "faces": {
            "north": {
                "uv": [9.5, 5.75, 9.75, 6],
                "texture": "#0"
            },
            "east": {
                "uv": [9.75, 5.75, 9.5, 6],
                "texture": "#0"
            },
            "south": {
                "uv": [9.5, 5.75, 9.75, 6],
                "texture": "#0"
            },
            "west": {
                "uv": [9.5, 5.75, 9.75, 6],
                "texture": "#0"
            },
            "up": {
                "uv": [9.5, 6, 9.75, 5.75],
                "rotation": 90,
                "texture": "#0"
            },
            "down": {
                "uv": [9.75, 5.75, 9.5, 6],
                "rotation": 90,
                "texture": "#0"
            }
        }
    }, {
        "from": [7.4, 16, 12],
        "to": [8.6, 16.4, 12.4],
        "faces": {
            "north": {
                "uv": [9.75, 6, 10, 6.25],
                "texture": "#0"
            },
            "east": {
                "uv": [10, 6, 9.75, 6.25],
                "texture": "#0"
            },
            "south": {
                "uv": [9.75, 6, 10, 6.25],
                "texture": "#0"
            },
            "west": {
                "uv": [9.75, 6, 10, 6.25],
                "texture": "#0"
            },
            "up": {
                "uv": [9.75, 6.25, 10, 6],
                "rotation": 90,
                "texture": "#0"
            },
            "down": {
                "uv": [10, 6, 9.75, 6.25],
                "rotation": 90,
                "texture": "#0"
            }
        }
    }, {
        "from": [7.4, 8, 5.6],
        "to": [8.6, 8.4, 6],
        "faces": {
            "north": {
                "uv": [5.75, 11, 6, 11.25],
                "texture": "#0"
            },
            "east": {
                "uv": [6, 11, 5.75, 11.25],
                "texture": "#0"
            },
            "south": {
                "uv": [5.75, 11, 6, 11.25],
                "texture": "#0"
            },
            "west": {
                "uv": [5.75, 11, 6, 11.25],
                "texture": "#0"
            },
            "up": {
                "uv": [5.75, 11.25, 6, 11],
                "rotation": 90,
                "texture": "#0"
            },
            "down": {
                "uv": [6, 11, 5.75, 11.25],
                "rotation": 90,
                "texture": "#0"
            }
        }
    }, {
        "from": [7.4, 8.4, 4.8],
        "to": [8.6, 8.8, 5.2],
        "faces": {
            "north": {
                "uv": [5.25, 10.75, 5.5, 11],
                "texture": "#0"
            },
            "east": {
                "uv": [5.5, 10.75, 5.25, 11],
                "texture": "#0"
            },
            "south": {
                "uv": [5.25, 10.75, 5.5, 11],
                "texture": "#0"
            },
            "west": {
                "uv": [5.25, 10.75, 5.5, 11],
                "texture": "#0"
            },
            "up": {
                "uv": [5.25, 11, 5.5, 10.75],
                "rotation": 90,
                "texture": "#0"
            },
            "down": {
                "uv": [5.5, 10.75, 5.25, 11],
                "rotation": 90,
                "texture": "#0"
            }
        }
    }, {
        "from": [7.4, 11.6, 5.2],
        "to": [8.6, 12, 5.6],
        "faces": {
            "north": {
                "uv": [5.5, 8.75, 5.75, 9],
                "texture": "#0"
            },
            "east": {
                "uv": [5.75, 8.75, 5.5, 9],
                "texture": "#0"
            },
            "south": {
                "uv": [5.5, 8.75, 5.75, 9],
                "texture": "#0"
            },
            "west": {
                "uv": [5.5, 8.75, 5.75, 9],
                "texture": "#0"
            },
            "up": {
                "uv": [5.5, 9, 5.75, 8.75],
                "rotation": 90,
                "texture": "#0"
            },
            "down": {
                "uv": [5.75, 8.75, 5.5, 9],
                "rotation": 90,
                "texture": "#0"
            }
        }
    }, {
        "from": [7.4, 12, 5.6],
        "to": [8.6, 12.4, 6],
        "faces": {
            "north": {
                "uv": [5.75, 8.5, 6, 8.75],
                "texture": "#0"
            },
            "east": {
                "uv": [6, 8.5, 5.75, 8.75],
                "texture": "#0"
            },
            "south": {
                "uv": [5.75, 8.5, 6, 8.75],
                "texture": "#0"
            },
            "west": {
                "uv": [5.75, 8.5, 6, 8.75],
                "texture": "#0"
            },
            "up": {
                "uv": [5.75, 8.75, 6, 8.5],
                "rotation": 90,
                "texture": "#0"
            },
            "down": {
                "uv": [6, 8.5, 5.75, 8.75],
                "rotation": 90,
                "texture": "#0"
            }
        }
    }, {
        "from": [7.4, 12.4, 6],
        "to": [8.6, 12.8, 6.4],
        "faces": {
            "north": {
                "uv": [6, 8.25, 6.25, 8.5],
                "texture": "#0"
            },
            "east": {
                "uv": [6.25, 8.25, 6, 8.5],
                "texture": "#0"
            },
            "south": {
                "uv": [6, 8.25, 6.25, 8.5],
                "texture": "#0"
            },
            "west": {
                "uv": [6, 8.25, 6.25, 8.5],
                "texture": "#0"
            },
            "up": {
                "uv": [6, 8.5, 6.25, 8.25],
                "rotation": 90,
                "texture": "#0"
            },
            "down": {
                "uv": [6.25, 8.25, 6, 8.5],
                "rotation": 90,
                "texture": "#0"
            }
        }
    }, {
        "from": [7.4, 13.2, 6.4],
        "to": [8.6, 13.6, 6.8],
        "faces": {
            "north": {
                "uv": [6.25, 7.75, 6.5, 8],
                "texture": "#0"
            },
            "east": {
                "uv": [6.5, 7.75, 6.25, 8],
                "texture": "#0"
            },
            "south": {
                "uv": [6.25, 7.75, 6.5, 8],
                "texture": "#0"
            },
            "west": {
                "uv": [6.25, 7.75, 6.5, 8],
                "texture": "#0"
            },
            "up": {
                "uv": [6.25, 8, 6.5, 7.75],
                "rotation": 90,
                "texture": "#0"
            },
            "down": {
                "uv": [6.5, 7.75, 6.25, 8],
                "rotation": 90,
                "texture": "#0"
            }
        }
    }, {
        "from": [7.4, 13.2, 6],
        "to": [8.6, 13.6, 6.4],
        "faces": {
            "north": {
                "uv": [6, 7.75, 6.25, 8],
                "texture": "#0"
            },
            "east": {
                "uv": [6.25, 7.75, 6, 8],
                "texture": "#0"
            },
            "south": {
                "uv": [6, 7.75, 6.25, 8],
                "texture": "#0"
            },
            "west": {
                "uv": [6, 7.75, 6.25, 8],
                "texture": "#0"
            },
            "up": {
                "uv": [6, 8, 6.25, 7.75],
                "rotation": 90,
                "texture": "#0"
            },
            "down": {
                "uv": [6.25, 7.75, 6, 8],
                "rotation": 90,
                "texture": "#0"
            }
        }
    }, {
        "from": [7.4, 15.2, 6.8],
        "to": [8.6, 15.6, 7.2],
        "faces": {
            "north": {
                "uv": [6.5, 6.5, 6.75, 6.75],
                "texture": "#0"
            },
            "east": {
                "uv": [6.75, 6.5, 6.5, 6.75],
                "texture": "#0"
            },
            "south": {
                "uv": [6.5, 6.5, 6.75, 6.75],
                "texture": "#0"
            },
            "west": {
                "uv": [6.5, 6.5, 6.75, 6.75],
                "texture": "#0"
            },
            "up": {
                "uv": [6.5, 6.75, 6.75, 6.5],
                "rotation": 90,
                "texture": "#0"
            },
            "down": {
                "uv": [6.75, 6.5, 6.5, 6.75],
                "rotation": 90,
                "texture": "#0"
            }
        }
    }, {
        "from": [7.4, 15.2, 6.4],
        "to": [8.6, 15.6, 6.8],
        "faces": {
            "north": {
                "uv": [6.25, 6.5, 6.5, 6.75],
                "texture": "#0"
            },
            "east": {
                "uv": [6.5, 6.5, 6.25, 6.75],
                "texture": "#0"
            },
            "south": {
                "uv": [6.25, 6.5, 6.5, 6.75],
                "texture": "#0"
            },
            "west": {
                "uv": [6.25, 6.5, 6.5, 6.75],
                "texture": "#0"
            },
            "up": {
                "uv": [6.25, 6.75, 6.5, 6.5],
                "rotation": 90,
                "texture": "#0"
            },
            "down": {
                "uv": [6.5, 6.5, 6.25, 6.75],
                "rotation": 90,
                "texture": "#0"
            }
        }
    }, {
        "from": [7.4, 16.4, 5.6],
        "to": [8.6, 16.8, 6],
        "faces": {
            "north": {
                "uv": [5.75, 5.75, 6, 6],
                "texture": "#0"
            },
            "east": {
                "uv": [6, 5.75, 5.75, 6],
                "texture": "#0"
            },
            "south": {
                "uv": [5.75, 5.75, 6, 6],
                "texture": "#0"
            },
            "west": {
                "uv": [5.75, 5.75, 6, 6],
                "texture": "#0"
            },
            "up": {
                "uv": [5.75, 6, 6, 5.75],
                "rotation": 90,
                "texture": "#0"
            },
            "down": {
                "uv": [6, 5.75, 5.75, 6],
                "rotation": 90,
                "texture": "#0"
            }
        }
    }, {
        "from": [7.4, 18.4, 6.8],
        "to": [8.6, 18.8, 7.2],
        "faces": {
            "north": {
                "uv": [6.5, 4.5, 6.75, 4.75],
                "texture": "#0"
            },
            "east": {
                "uv": [6.75, 4.5, 6.5, 4.75],
                "texture": "#0"
            },
            "south": {
                "uv": [6.5, 4.5, 6.75, 4.75],
                "texture": "#0"
            },
            "west": {
                "uv": [6.5, 4.5, 6.75, 4.75],
                "texture": "#0"
            },
            "up": {
                "uv": [6.5, 4.75, 6.75, 4.5],
                "rotation": 90,
                "texture": "#0"
            },
            "down": {
                "uv": [6.75, 4.5, 6.5, 4.75],
                "rotation": 90,
                "texture": "#0"
            }
        }
    }, {
        "from": [7.4, 20.4, 7.6],
        "to": [8.6, 20.8, 8],
        "faces": {
            "north": {
                "uv": [7, 3.25, 7.25, 3.5],
                "texture": "#0"
            },
            "east": {
                "uv": [7.25, 3.25, 7, 3.5],
                "texture": "#0"
            },
            "south": {
                "uv": [7, 3.25, 7.25, 3.5],
                "texture": "#0"
            },
            "west": {
                "uv": [7, 3.25, 7.25, 3.5],
                "texture": "#0"
            },
            "up": {
                "uv": [7, 3.5, 7.25, 3.25],
                "rotation": 90,
                "texture": "#0"
            },
            "down": {
                "uv": [7.25, 3.25, 7, 3.5],
                "rotation": 90,
                "texture": "#0"
            }
        }
    }, {
        "from": [7.4, 21.2, 7.6],
        "to": [8.6, 21.6, 8],
        "faces": {
            "north": {
                "uv": [7, 2.75, 7.25, 3],
                "texture": "#0"
            },
            "east": {
                "uv": [7.25, 2.75, 7, 3],
                "texture": "#0"
            },
            "south": {
                "uv": [7, 2.75, 7.25, 3],
                "texture": "#0"
            },
            "west": {
                "uv": [7, 2.75, 7.25, 3],
                "texture": "#0"
            },
            "up": {
                "uv": [7, 3, 7.25, 2.75],
                "rotation": 90,
                "texture": "#0"
            },
            "down": {
                "uv": [7.25, 2.75, 7, 3],
                "rotation": 90,
                "texture": "#0"
            }
        }
    }, {
        "from": [7.4, 23.2, 7.6],
        "to": [8.6, 23.6, 8],
        "faces": {
            "north": {
                "uv": [7, 1.5, 7.25, 1.75],
                "texture": "#0"
            },
            "east": {
                "uv": [7.25, 1.5, 7, 1.75],
                "texture": "#0"
            },
            "south": {
                "uv": [7, 1.5, 7.25, 1.75],
                "texture": "#0"
            },
            "west": {
                "uv": [7, 1.5, 7.25, 1.75],
                "texture": "#0"
            },
            "up": {
                "uv": [7, 1.75, 7.25, 1.5],
                "rotation": 90,
                "texture": "#0"
            },
            "down": {
                "uv": [7.25, 1.5, 7, 1.75],
                "rotation": 90,
                "texture": "#0"
            }
        }
    }, {
        "from": [7.4, 25.2, 8.8],
        "to": [8.6, 25.6, 9.2],
        "faces": {
            "north": {
                "uv": [7.75, 0.25, 8, 0.5],
                "texture": "#0"
            },
            "east": {
                "uv": [8, 0.25, 7.75, 0.5],
                "texture": "#0"
            },
            "south": {
                "uv": [7.75, 0.25, 8, 0.5],
                "texture": "#0"
            },
            "west": {
                "uv": [7.75, 0.25, 8, 0.5],
                "texture": "#0"
            },
            "up": {
                "uv": [7.75, 0.5, 8, 0.25],
                "rotation": 90,
                "texture": "#0"
            },
            "down": {
                "uv": [8, 0.25, 7.75, 0.5],
                "rotation": 90,
                "texture": "#0"
            }
        }
    }, {
        "from": [7.4, 23.2, 10],
        "to": [8.6, 23.6, 10.4],
        "faces": {
            "north": {
                "uv": [8.5, 1.5, 8.75, 1.75],
                "texture": "#0"
            },
            "east": {
                "uv": [8.75, 1.5, 8.5, 1.75],
                "texture": "#0"
            },
            "south": {
                "uv": [8.5, 1.5, 8.75, 1.75],
                "texture": "#0"
            },
            "west": {
                "uv": [8.5, 1.5, 8.75, 1.75],
                "texture": "#0"
            },
            "up": {
                "uv": [8.5, 1.75, 8.75, 1.5],
                "rotation": 90,
                "texture": "#0"
            },
            "down": {
                "uv": [8.75, 1.5, 8.5, 1.75],
                "rotation": 90,
                "texture": "#0"
            }
        }
    }, {
        "from": [7.4, 15.6, 6],
        "to": [8.6, 16, 6.4],
        "faces": {
            "north": {
                "uv": [6, 6.25, 6.25, 6.5],
                "texture": "#0"
            },
            "east": {
                "uv": [6.25, 6.25, 6, 6.5],
                "texture": "#0"
            },
            "south": {
                "uv": [6, 6.25, 6.25, 6.5],
                "texture": "#0"
            },
            "west": {
                "uv": [6, 6.25, 6.25, 6.5],
                "texture": "#0"
            },
            "up": {
                "uv": [6, 6.5, 6.25, 6.25],
                "rotation": 90,
                "texture": "#0"
            },
            "down": {
                "uv": [6.25, 6.25, 6, 6.5],
                "rotation": 90,
                "texture": "#0"
            }
        }
    }, {
        "from": [7.4, 14.4, 6.8],
        "to": [8.6, 14.8, 7.2],
        "faces": {
            "north": {
                "uv": [6.5, 7, 6.75, 7.25],
                "texture": "#0"
            },
            "east": {
                "uv": [6.75, 7, 6.5, 7.25],
                "texture": "#0"
            },
            "south": {
                "uv": [6.5, 7, 6.75, 7.25],
                "texture": "#0"
            },
            "west": {
                "uv": [6.5, 7, 6.75, 7.25],
                "texture": "#0"
            },
            "up": {
                "uv": [6.5, 7.25, 6.75, 7],
                "rotation": 90,
                "texture": "#0"
            },
            "down": {
                "uv": [6.75, 7, 6.5, 7.25],
                "rotation": 90,
                "texture": "#0"
            }
        }
    }, {
        "from": [7.8, 6.4, 5.2],
        "to": [8.2, 6.8, 6.4],
        "faces": {
            "north": {
                "uv": [9.5, 12, 9.75, 12.25],
                "texture": "#0"
            },
            "east": {
                "uv": [9.5, 12, 10.25, 12.25],
                "texture": "#0"
            },
            "south": {
                "uv": [10, 12, 10.25, 12.25],
                "texture": "#0"
            },
            "west": {
                "uv": [9.5, 12, 10.25, 12.25],
                "texture": "#0"
            },
            "up": {
                "uv": [9.5, 12.25, 10.25, 12],
                "rotation": 90,
                "texture": "#0"
            },
            "down": {
                "uv": [10.25, 12, 9.5, 12.25],
                "rotation": 90,
                "texture": "#0"
            }
        }
    }, {
        "from": [7.4, 8, 6.4],
        "to": [8.6, 8.4, 7.6],
        "faces": {
            "north": {
                "uv": [6.25, 11, 6.5, 11.25],
                "texture": "#0"
            },
            "east": {
                "uv": [7, 11, 6.25, 11.25],
                "texture": "#0"
            },
            "south": {
                "uv": [6.75, 11, 7, 11.25],
                "texture": "#0"
            },
            "west": {
                "uv": [6.25, 11, 7, 11.25],
                "texture": "#0"
            },
            "up": {
                "uv": [6.25, 11.25, 7, 11],
                "rotation": 90,
                "texture": "#0"
            },
            "down": {
                "uv": [7, 11, 6.25, 11.25],
                "rotation": 90,
                "texture": "#0"
            }
        }
    }, {
        "from": [7.4, 8.4, 5.6],
        "to": [8.6, 8.8, 12],
        "faces": {
            "north": {
                "uv": [5.75, 10.75, 6, 11],
                "texture": "#0"
            },
            "east": {
                "uv": [9.75, 10.75, 5.75, 11],
                "texture": "#0"
            },
            "south": {
                "uv": [9.5, 10.75, 9.75, 11],
                "texture": "#0"
            },
            "west": {
                "uv": [5.75, 10.75, 9.75, 11],
                "texture": "#0"
            },
            "up": {
                "uv": [5.75, 11, 9.75, 10.75],
                "rotation": 90,
                "texture": "#0"
            },
            "down": {
                "uv": [9.75, 10.75, 5.75, 11],
                "rotation": 90,
                "texture": "#0"
            }
        }
    }, {
        "from": [7.4, 8.8, 4.8],
        "to": [8.6, 9.2, 13.6],
        "faces": {
            "north": {
                "uv": [5.25, 10.5, 5.5, 10.75],
                "texture": "#0"
            },
            "east": {
                "uv": [10.75, 10.5, 5.25, 10.75],
                "texture": "#0"
            },
            "south": {
                "uv": [10.5, 10.5, 10.75, 10.75],
                "texture": "#0"
            },
            "west": {
                "uv": [5.25, 10.5, 10.75, 10.75],
                "texture": "#0"
            },
            "up": {
                "uv": [5.25, 10.75, 10.75, 10.5],
                "rotation": 90,
                "texture": "#0"
            },
            "down": {
                "uv": [10.75, 10.5, 5.25, 10.75],
                "rotation": 90,
                "texture": "#0"
            }
        }
    }, {
        "from": [7.4, 9.6, 4.8],
        "to": [8.6, 10, 13.2],
        "faces": {
            "north": {
                "uv": [5.25, 10, 5.5, 10.25],
                "texture": "#0"
            },
            "east": {
                "uv": [10.5, 10, 5.25, 10.25],
                "texture": "#0"
            },
            "south": {
                "uv": [10.25, 10, 10.5, 10.25],
                "texture": "#0"
            },
            "west": {
                "uv": [5.25, 10, 10.5, 10.25],
                "texture": "#0"
            },
            "up": {
                "uv": [5.25, 10.25, 10.5, 10],
                "rotation": 90,
                "texture": "#0"
            },
            "down": {
                "uv": [10.5, 10, 5.25, 10.25],
                "rotation": 90,
                "texture": "#0"
            }
        }
    }, {
        "from": [7.4, 10, 4.4],
        "to": [8.6, 10.4, 13.2],
        "faces": {
            "north": {
                "uv": [5, 9.75, 5.25, 10],
                "texture": "#0"
            },
            "east": {
                "uv": [10.5, 9.75, 5, 10],
                "texture": "#0"
            },
            "south": {
                "uv": [10.25, 9.75, 10.5, 10],
                "texture": "#0"
            },
            "west": {
                "uv": [5, 9.75, 10.5, 10],
                "texture": "#0"
            },
            "up": {
                "uv": [5, 10, 10.5, 9.75],
                "rotation": 90,
                "texture": "#0"
            },
            "down": {
                "uv": [10.5, 9.75, 5, 10],
                "rotation": 90,
                "texture": "#0"
            }
        }
    }, {
        "from": [7.4, 11.2, 5.6],
        "to": [8.6, 11.6, 12.4],
        "faces": {
            "north": {
                "uv": [5.75, 9, 6, 9.25],
                "texture": "#0"
            },
            "east": {
                "uv": [10, 9, 5.75, 9.25],
                "texture": "#0"
            },
            "south": {
                "uv": [9.75, 9, 10, 9.25],
                "texture": "#0"
            },
            "west": {
                "uv": [5.75, 9, 10, 9.25],
                "texture": "#0"
            },
            "up": {
                "uv": [5.75, 9.25, 10, 9],
                "rotation": 90,
                "texture": "#0"
            },
            "down": {
                "uv": [10, 9, 5.75, 9.25],
                "rotation": 90,
                "texture": "#0"
            }
        }
    }, {
        "from": [7.4, 15.6, 6.8],
        "to": [8.6, 16, 11.2],
        "faces": {
            "north": {
                "uv": [6.5, 6.25, 6.75, 6.5],
                "texture": "#0"
            },
            "east": {
                "uv": [9.25, 6.25, 6.5, 6.5],
                "texture": "#0"
            },
            "south": {
                "uv": [9, 6.25, 9.25, 6.5],
                "texture": "#0"
            },
            "west": {
                "uv": [6.5, 6.25, 9.25, 6.5],
                "texture": "#0"
            },
            "up": {
                "uv": [6.5, 6.5, 9.25, 6.25],
                "rotation": 90,
                "texture": "#0"
            },
            "down": {
                "uv": [9.25, 6.25, 6.5, 6.5],
                "rotation": 90,
                "texture": "#0"
            }
        }
    }, {
        "from": [7.4, 17.2, 6.4],
        "to": [8.6, 17.6, 11.6],
        "faces": {
            "north": {
                "uv": [6.25, 5.25, 6.5, 5.5],
                "texture": "#0"
            },
            "east": {
                "uv": [9.5, 5.25, 6.25, 5.5],
                "texture": "#0"
            },
            "south": {
                "uv": [9.25, 5.25, 9.5, 5.5],
                "texture": "#0"
            },
            "west": {
                "uv": [6.25, 5.25, 9.5, 5.5],
                "texture": "#0"
            },
            "up": {
                "uv": [6.25, 5.5, 9.5, 5.25],
                "rotation": 90,
                "texture": "#0"
            },
            "down": {
                "uv": [9.5, 5.25, 6.25, 5.5],
                "rotation": 90,
                "texture": "#0"
            }
        }
    }, {
        "from": [7.4, 21.6, 8.4],
        "to": [8.6, 22, 9.6],
        "faces": {
            "north": {
                "uv": [7.5, 2.5, 7.75, 2.75],
                "texture": "#0"
            },
            "east": {
                "uv": [8.25, 2.5, 7.5, 2.75],
                "texture": "#0"
            },
            "south": {
                "uv": [8, 2.5, 8.25, 2.75],
                "texture": "#0"
            },
            "west": {
                "uv": [7.5, 2.5, 8.25, 2.75],
                "texture": "#0"
            },
            "up": {
                "uv": [7.5, 2.75, 8.25, 2.5],
                "rotation": 90,
                "texture": "#0"
            },
            "down": {
                "uv": [8.25, 2.5, 7.5, 2.75],
                "rotation": 90,
                "texture": "#0"
            }
        }
    }, {
        "from": [7.4, 24.4, 8.4],
        "to": [8.6, 25.2, 9.6],
        "faces": {
            "north": {
                "uv": [7.5, 0.5, 7.75, 1],
                "texture": "#0"
            },
            "east": {
                "uv": [8.25, 0.5, 7.5, 1],
                "texture": "#0"
            },
            "south": {
                "uv": [8, 0.5, 8.25, 1],
                "texture": "#0"
            },
            "west": {
                "uv": [7.5, 0.5, 8.25, 1],
                "texture": "#0"
            },
            "up": {
                "uv": [7.5, 0.75, 8.25, 0.5],
                "rotation": 90,
                "texture": "#0"
            },
            "down": {
                "uv": [8.25, 0.75, 7.5, 1],
                "rotation": 90,
                "texture": "#0"
            }
        }
    }, {
        "from": [7.4, 16, 6],
        "to": [8.6, 17.2, 11.6],
        "faces": {
            "north": {
                "uv": [6, 5.5, 6.25, 6.25],
                "texture": "#0"
            },
            "east": {
                "uv": [9.5, 5.5, 6, 6.25],
                "texture": "#0"
            },
            "south": {
                "uv": [9.25, 5.5, 9.5, 6.25],
                "texture": "#0"
            },
            "west": {
                "uv": [6, 5.5, 9.5, 6.25],
                "texture": "#0"
            },
            "up": {
                "uv": [6, 6.25, 9.5, 5.5],
                "rotation": 90,
                "texture": "#0"
            },
            "down": {
                "uv": [9.5, 5.5, 6, 6.25],
                "rotation": 90,
                "texture": "#0"
            }
        }
    }, {
        "from": [7.4, 19.2, 7.6],
        "to": [8.6, 20.4, 10.4],
        "faces": {
            "north": {
                "uv": [7, 3.5, 7.25, 4.25],
                "texture": "#0"
            },
            "east": {
                "uv": [8.75, 3.5, 7, 4.25],
                "texture": "#0"
            },
            "south": {
                "uv": [8.5, 3.5, 8.75, 4.25],
                "texture": "#0"
            },
            "west": {
                "uv": [7, 3.5, 8.75, 4.25],
                "texture": "#0"
            },
            "up": {
                "uv": [7, 4.25, 8.75, 3.5],
                "rotation": 90,
                "texture": "#0"
            },
            "down": {
                "uv": [8.75, 3.5, 7, 4.25],
                "rotation": 90,
                "texture": "#0"
            }
        }
    }, {
        "from": [7.4, 20.4, 8],
        "to": [8.6, 21.6, 10],
        "faces": {
            "north": {
                "uv": [7.25, 2.75, 7.5, 3.5],
                "texture": "#0"
            },
            "east": {
                "uv": [8.5, 2.75, 7.25, 3.5],
                "texture": "#0"
            },
            "south": {
                "uv": [8.25, 2.75, 8.5, 3.5],
                "texture": "#0"
            },
            "west": {
                "uv": [7.25, 2.75, 8.5, 3.5],
                "texture": "#0"
            },
            "up": {
                "uv": [7.25, 3, 8.5, 2.75],
                "rotation": 90,
                "texture": "#0"
            },
            "down": {
                "uv": [8.5, 3.25, 7.25, 3.5],
                "rotation": 90,
                "texture": "#0"
            }
        }
    }, {
        "from": [7.4, 11.6, 6],
        "to": [8.6, 12.4, 12],
        "faces": {
            "north": {
                "uv": [6, 8.5, 6.25, 9],
                "texture": "#0"
            },
            "east": {
                "uv": [9.75, 8.5, 6, 9],
                "texture": "#0"
            },
            "south": {
                "uv": [9.5, 8.5, 9.75, 9],
                "texture": "#0"
            },
            "west": {
                "uv": [6, 8.5, 9.75, 9],
                "texture": "#0"
            },
            "up": {
                "uv": [6, 8.75, 9.75, 8.5],
                "rotation": 90,
                "texture": "#0"
            },
            "down": {
                "uv": [9.75, 8.75, 6, 9],
                "rotation": 90,
                "texture": "#0"
            }
        }
    }, {
        "from": [7.4, 12.4, 6.4],
        "to": [8.6, 13.2, 11.6],
        "faces": {
            "north": {
                "uv": [6.25, 8, 6.5, 8.5],
                "texture": "#0"
            },
            "east": {
                "uv": [9.5, 8, 6.25, 8.5],
                "texture": "#0"
            },
            "south": {
                "uv": [9.25, 8, 9.5, 8.5],
                "texture": "#0"
            },
            "west": {
                "uv": [6.25, 8, 9.5, 8.5],
                "texture": "#0"
            },
            "up": {
                "uv": [6.25, 8.25, 9.5, 8],
                "rotation": 90,
                "texture": "#0"
            },
            "down": {
                "uv": [9.5, 8.25, 6.25, 8.5],
                "rotation": 90,
                "texture": "#0"
            }
        }
    }, {
        "from": [7.4, 13.2, 6.8],
        "to": [8.6, 14, 11.2],
        "faces": {
            "north": {
                "uv": [6.5, 7.5, 6.75, 8],
                "texture": "#0"
            },
            "east": {
                "uv": [9.25, 7.5, 6.5, 8],
                "texture": "#0"
            },
            "south": {
                "uv": [9, 7.5, 9.25, 8],
                "texture": "#0"
            },
            "west": {
                "uv": [6.5, 7.5, 9.25, 8],
                "texture": "#0"
            },
            "up": {
                "uv": [6.5, 7.75, 9.25, 7.5],
                "rotation": 90,
                "texture": "#0"
            },
            "down": {
                "uv": [9.25, 7.75, 6.5, 8],
                "rotation": 90,
                "texture": "#0"
            }
        }
    }, {
        "from": [7.4, 14, 7.2],
        "to": [8.6, 14.8, 10.8],
        "faces": {
            "north": {
                "uv": [6.75, 7, 7, 7.5],
                "texture": "#0"
            },
            "east": {
                "uv": [9, 7, 6.75, 7.5],
                "texture": "#0"
            },
            "south": {
                "uv": [8.75, 7, 9, 7.5],
                "texture": "#0"
            },
            "west": {
                "uv": [6.75, 7, 9, 7.5],
                "texture": "#0"
            },
            "up": {
                "uv": [6.75, 7.25, 9, 7],
                "rotation": 90,
                "texture": "#0"
            },
            "down": {
                "uv": [9, 7.25, 6.75, 7.5],
                "rotation": 90,
                "texture": "#0"
            }
        }
    }, {
        "from": [7.4, 14.8, 7.6],
        "to": [8.6, 15.6, 10.4],
        "faces": {
            "north": {
                "uv": [7, 6.5, 7.25, 7],
                "texture": "#0"
            },
            "east": {
                "uv": [8.75, 6.5, 7, 7],
                "texture": "#0"
            },
            "south": {
                "uv": [8.5, 6.5, 8.75, 7],
                "texture": "#0"
            },
            "west": {
                "uv": [7, 6.5, 8.75, 7],
                "texture": "#0"
            },
            "up": {
                "uv": [7, 6.75, 8.75, 6.5],
                "rotation": 90,
                "texture": "#0"
            },
            "down": {
                "uv": [8.75, 6.75, 7, 7],
                "rotation": 90,
                "texture": "#0"
            }
        }
    }, {
        "from": [7.4, 17.6, 6.8],
        "to": [8.6, 18.4, 11.2],
        "faces": {
            "north": {
                "uv": [6.5, 4.75, 6.75, 5.25],
                "texture": "#0"
            },
            "east": {
                "uv": [9.25, 4.75, 6.5, 5.25],
                "texture": "#0"
            },
            "south": {
                "uv": [9, 4.75, 9.25, 5.25],
                "texture": "#0"
            },
            "west": {
                "uv": [6.5, 4.75, 9.25, 5.25],
                "texture": "#0"
            },
            "up": {
                "uv": [6.5, 5, 9.25, 4.75],
                "rotation": 90,
                "texture": "#0"
            },
            "down": {
                "uv": [9.25, 5, 6.5, 5.25],
                "rotation": 90,
                "texture": "#0"
            }
        }
    }, {
        "from": [7.4, 18.4, 7.2],
        "to": [8.6, 19.2, 10.8],
        "faces": {
            "north": {
                "uv": [6.75, 4.25, 7, 4.75],
                "texture": "#0"
            },
            "east": {
                "uv": [9, 4.25, 6.75, 4.75],
                "texture": "#0"
            },
            "south": {
                "uv": [8.75, 4.25, 9, 4.75],
                "texture": "#0"
            },
            "west": {
                "uv": [6.75, 4.25, 9, 4.75],
                "texture": "#0"
            },
            "up": {
                "uv": [6.75, 4.5, 9, 4.25],
                "rotation": 90,
                "texture": "#0"
            },
            "down": {
                "uv": [9, 4.5, 6.75, 4.75],
                "rotation": 90,
                "texture": "#0"
            }
        }
    }, {
        "from": [7.4, 22, 7.6],
        "to": [8.6, 22.8, 10.4],
        "faces": {
            "north": {
                "uv": [7, 2, 7.25, 2.5],
                "texture": "#0"
            },
            "east": {
                "uv": [8.75, 2, 7, 2.5],
                "texture": "#0"
            },
            "south": {
                "uv": [8.5, 2, 8.75, 2.5],
                "texture": "#0"
            },
            "west": {
                "uv": [7, 2, 8.75, 2.5],
                "texture": "#0"
            },
            "up": {
                "uv": [7, 2.25, 8.75, 2],
                "rotation": 90,
                "texture": "#0"
            },
            "down": {
                "uv": [8.75, 2.25, 7, 2.5],
                "rotation": 90,
                "texture": "#0"
            }
        }
    }, {
        "from": [7.4, 23.6, 7.2],
        "to": [8.6, 24.4, 10.8],
        "faces": {
            "north": {
                "uv": [6.75, 1, 7, 1.5],
                "texture": "#0"
            },
            "east": {
                "uv": [9, 1, 6.75, 1.5],
                "texture": "#0"
            },
            "south": {
                "uv": [8.75, 1, 9, 1.5],
                "texture": "#0"
            },
            "west": {
                "uv": [6.75, 1, 9, 1.5],
                "texture": "#0"
            },
            "up": {
                "uv": [6.75, 1.25, 9, 1],
                "rotation": 90,
                "texture": "#0"
            },
            "down": {
                "uv": [9, 1.25, 6.75, 1.5],
                "rotation": 90,
                "texture": "#0"
            }
        }
    }, {
        "from": [7.4, 22.8, 8],
        "to": [8.6, 23.6, 10],
        "faces": {
            "north": {
                "uv": [7.25, 1.5, 7.5, 2],
                "texture": "#0"
            },
            "east": {
                "uv": [8.5, 1.5, 7.25, 2],
                "texture": "#0"
            },
            "south": {
                "uv": [8.25, 1.5, 8.5, 2],
                "texture": "#0"
            },
            "west": {
                "uv": [7.25, 1.5, 8.5, 2],
                "texture": "#0"
            },
            "up": {
                "uv": [7.25, 1.75, 8.5, 1.5],
                "rotation": 90,
                "texture": "#0"
            },
            "down": {
                "uv": [8.5, 1.75, 7.25, 2],
                "rotation": 90,
                "texture": "#0"
            }
        }
    }, {
        "from": [7.4, 10.4, 5.2],
        "to": [8.6, 11.2, 12.8],
        "faces": {
            "north": {
                "uv": [5.5, 9.25, 5.75, 9.75],
                "texture": "#0"
            },
            "east": {
                "uv": [10.25, 9.25, 5.5, 9.75],
                "texture": "#0"
            },
            "south": {
                "uv": [10, 9.25, 10.25, 9.75],
                "texture": "#0"
            },
            "west": {
                "uv": [5.5, 9.25, 10.25, 9.75],
                "texture": "#0"
            },
            "up": {
                "uv": [5.5, 9.5, 10.25, 9.25],
                "rotation": 90,
                "texture": "#0"
            },
            "down": {
                "uv": [10.25, 9.5, 5.5, 9.75],
                "rotation": 90,
                "texture": "#0"
            }
        }
    }, {
        "from": [7.4, 9.2, 4.4],
        "to": [8.6, 9.6, 13.6],
        "faces": {
            "north": {
                "uv": [5, 10.25, 5.25, 10.5],
                "texture": "#0"
            },
            "east": {
                "uv": [10.75, 10.25, 5, 10.5],
                "texture": "#0"
            },
            "south": {
                "uv": [10.5, 10.25, 10.75, 10.5],
                "texture": "#0"
            },
            "west": {
                "uv": [5, 10.25, 10.75, 10.5],
                "texture": "#0"
            },
            "up": {
                "uv": [5, 10.5, 10.75, 10.25],
                "rotation": 90,
                "texture": "#0"
            },
            "down": {
                "uv": [10.75, 10.25, 5, 10.5],
                "rotation": 90,
                "texture": "#0"
            }
        }
    }, {
        "from": [7.8, 5.6, 5.2],
        "to": [8.2, 6, 5.6],
        "faces": {
            "north": {
                "uv": [10, 12.5, 10.25, 12.75],
                "texture": "#0"
            },
            "east": {
                "uv": [10.25, 12.5, 10, 12.75],
                "texture": "#0"
            },
            "south": {
                "uv": [10, 12.5, 10.25, 12.75],
                "texture": "#0"
            },
            "west": {
                "uv": [10, 12.5, 10.25, 12.75],
                "texture": "#0"
            },
            "up": {
                "uv": [10, 12.75, 10.25, 12.5],
                "rotation": 90,
                "texture": "#0"
            },
            "down": {
                "uv": [10.25, 12.5, 10, 12.75],
                "rotation": 90,
                "texture": "#0"
            }
        }
    }]
}