{
	"credit": "Made with Blockbench",
	"texture_size": [64, 64],
	"textures": {
		"0": "item/multiple/xmas_cookie/cookie_texture",
		"1": "item/multiple/xmas_cookie/cookie_animation_1texture",
		"2": "item/multiple/xmas_cookie/cookie_animation_2texture",
		"3": "item/multiple/xmas_cookie/cookie_animation_3texture",
		"particle": "item/multiple/xmas_cookie/cookie_texture"
	},
	"elements": [
		{
			"from": [7, -5, 7],
			"to": [9, 2, 9],
			"rotation": {"angle": 0, "axis": "y", "origin": [16, 5, 0]},
			"faces": {
				"north": {"uv": [0, 4.5, 0.5, 6.25], "texture": "#0"},
				"east": {"uv": [0.5, 4.5, 1, 6.25], "texture": "#0"},
				"south": {"uv": [1, 4.5, 1.5, 6.25], "texture": "#0"},
				"west": {"uv": [4.25, 4.5, 4.75, 6.25], "texture": "#0"},
				"up": {"uv": [0.5, 6.75, 0, 6.25], "texture": "#0"},
				"down": {"uv": [1, 6.25, 0.5, 6.75], "texture": "#0"}
			}
		},
		{
			"from": [6.5, 3, 6.5],
			"to": [9.5, 5, 9.5],
			"rotation": {"angle": 0, "axis": "y", "origin": [16, 5, 0]},
			"faces": {
				"north": {"uv": [1.75, 3.75, 2.5, 4.25], "texture": "#0"},
				"east": {"uv": [6, 0.25, 6.75, 0.75], "texture": "#0"},
				"south": {"uv": [6, 0.75, 6.75, 1.25], "texture": "#0"},
				"west": {"uv": [6, 2, 6.75, 2.5], "texture": "#0"},
				"up": {"uv": [6, 2.75, 5.25, 2], "texture": "#0"},
				"down": {"uv": [3, 5.25, 2.25, 6], "texture": "#0"}
			}
		},
		{
			"from": [1, 5, 8],
			"to": [6, 7, 8],
			"rotation": {"angle": 45, "axis": "z", "origin": [7, 6, 8]},
			"faces": {
				"north": {"uv": [5.25, 1.5, 6.5, 2], "texture": "#0"},
				"east": {"uv": [0, 0, 0, 0.5], "texture": "#0"},
				"south": {"uv": [6.5, 1.5, 5.25, 2], "texture": "#0"},
				"west": {"uv": [0, 0, 0, 0.5], "texture": "#0"},
				"up": {"uv": [1.25, 0, 0, 0], "texture": "#0"},
				"down": {"uv": [1.25, 0, 0, 0], "texture": "#0"}
			}
		},
		{
			"from": [10, 5, 8],
			"to": [15, 7, 8],
			"rotation": {"angle": -45, "axis": "z", "origin": [9, 6, 8]},
			"faces": {
				"north": {"uv": [6.5, 1.5, 5.25, 2], "texture": "#0"},
				"east": {"uv": [0, 0, 0, 0.5], "texture": "#0"},
				"south": {"uv": [5.25, 1.5, 6.5, 2], "texture": "#0"},
				"west": {"uv": [0, 0, 0, 0.5], "texture": "#0"},
				"up": {"uv": [0, 0, 1.25, 0], "texture": "#0"},
				"down": {"uv": [0, 0, 1.25, 0], "texture": "#0"}
			}
		},
		{
			"from": [4.5, 5, 4.5],
			"to": [11.5, 8, 11.5],
			"rotation": {"angle": 0, "axis": "y", "origin": [16, 5, 0]},
			"faces": {
				"north": {"uv": [2.5, 3.5, 4.25, 4.25], "texture": "#0"},
				"east": {"uv": [0, 3.75, 1.75, 4.5], "texture": "#0"},
				"south": {"uv": [2.5, 3.5, 4.25, 4.25], "texture": "#0"},
				"west": {"uv": [4.25, 0.75, 6, 1.5], "texture": "#0"},
				"up": {"uv": [4.25, 1.75, 2.5, 0], "texture": "#0"},
				"down": {"uv": [4.25, 1.75, 2.5, 3.5], "texture": "#0"}
			}
		},
		{
			"from": [4.5, 8, 7],
			"to": [11.5, 9, 9],
			"rotation": {"angle": 0, "axis": "y", "origin": [16, 5, 0]},
			"faces": {
				"north": {"uv": [5.75, 4.25, 7.5, 4.5], "texture": "#0"},
				"south": {"uv": [6, 0, 7.75, 0.25], "texture": "#0"},
				"up": {"uv": [6.5, 5, 4.75, 4.5], "texture": "#0"},
				"down": {"uv": [6.5, 5, 4.75, 5.5], "texture": "#0"}
			}
		},
		{
			"from": [5.5, 9, 7.5],
			"to": [10.5, 24, 8.5],
			"rotation": {"angle": 0, "axis": "y", "origin": [8, 13, 8]},
			"faces": {
				"north": {"uv": [0, 0, 1.25, 3.75], "texture": "#0"},
				"east": {"uv": [3.75, 4.25, 4, 8], "texture": "#0"},
				"south": {"uv": [1.25, 0, 2.5, 3.75], "texture": "#0"},
				"west": {"uv": [4, 4.25, 4.25, 8], "texture": "#0"},
				"up": {"uv": [7.25, 1.5, 6, 1.25], "texture": "#0"},
				"down": {"uv": [6.5, 6, 5.25, 6.25], "texture": "#0"}
			}
		},
		{
			"from": [10.5, 12, 7.75],
			"to": [26.5, 28, 7.75],
			"rotation": {"angle": 0, "axis": "y", "origin": [8, 13, 8]},
			"faces": {
				"north": {"uv": [0, 0, 16, 16], "texture": "#1"},
				"east": {"uv": [3.75, 4.25, 4, 8], "texture": "#0"},
				"south": {"uv": [16, 0, 0, 16], "texture": "#1"},
				"west": {"uv": [4, 4.25, 4.25, 8], "texture": "#0"},
				"up": {"uv": [7.25, 1.5, 6, 1.25], "texture": "#0"},
				"down": {"uv": [6.5, 6, 5.25, 6.25], "texture": "#0"}
			}
		},
		{
			"from": [-10.5, 8, 7.75],
			"to": [5.5, 24, 7.75],
			"rotation": {"angle": 0, "axis": "y", "origin": [8, 13, 8]},
			"faces": {
				"north": {"uv": [16, 0, 0, 16], "texture": "#1"},
				"east": {"uv": [4.25, 4.25, 4, 8], "texture": "#0"},
				"south": {"uv": [0, 0, 16, 16], "texture": "#1"},
				"west": {"uv": [4, 4.25, 3.75, 8], "texture": "#0"},
				"up": {"uv": [6, 1.5, 7.25, 1.25], "texture": "#0"},
				"down": {"uv": [5.25, 6, 6.5, 6.25], "texture": "#0"}
			}
		},
		{
			"from": [10.5, 6, 8.25],
			"to": [18.5, 22, 8.25],
			"rotation": {"angle": 22.5, "axis": "y", "origin": [8, 13, 8]},
			"faces": {
				"north": {"uv": [0, 0, 8, 16], "texture": "#2"},
				"east": {"uv": [3.75, 4.25, 4, 8], "texture": "#0"},
				"south": {"uv": [8, 0, 0, 16], "texture": "#2"},
				"west": {"uv": [4, 4.25, 4.25, 8], "texture": "#0"},
				"up": {"uv": [7.25, 1.5, 6, 1.25], "texture": "#0"},
				"down": {"uv": [6.5, 6, 5.25, 6.25], "texture": "#0"}
			}
		},
		{
			"from": [-2.5, 6, 8.25],
			"to": [5.5, 22, 8.25],
			"rotation": {"angle": 22.5, "axis": "y", "origin": [8, 13, 8]},
			"faces": {
				"north": {"uv": [8, 0, 0, 16], "texture": "#2"},
				"east": {"uv": [4.25, 4.25, 4, 8], "texture": "#0"},
				"south": {"uv": [0, 0, 8, 16], "texture": "#2"},
				"west": {"uv": [4, 4.25, 3.75, 8], "texture": "#0"},
				"up": {"uv": [6, 1.5, 7.25, 1.25], "texture": "#0"},
				"down": {"uv": [5.25, 6, 6.5, 6.25], "texture": "#0"}
			}
		},
		{
			"from": [4.5, 14, 7],
			"to": [6.5, 17, 8],
			"rotation": {"angle": 0, "axis": "y", "origin": [8, 13, 8]},
			"faces": {
				"north": {"uv": [0, 0, 0.5, 0.75], "texture": "#0"},
				"east": {"uv": [3.75, 4.25, 4, 5], "texture": "#0"},
				"south": {"uv": [1.25, 0, 1.75, 0.75], "texture": "#0"},
				"west": {"uv": [4, 4.25, 4.25, 5], "texture": "#0"},
				"up": {"uv": [6.5, 1.5, 6, 1.25], "texture": "#0"},
				"down": {"uv": [5.75, 6, 5.25, 6.25], "texture": "#0"}
			}
		},
		{
			"from": [9.5, 19, 8],
			"to": [11.5, 22, 9],
			"rotation": {"angle": 0, "axis": "y", "origin": [8, 13, 8]},
			"faces": {
				"north": {"uv": [0.5, 1.5, 1, 2.25], "texture": "#0"},
				"east": {"uv": [3.75, 4.25, 4, 5], "texture": "#0"},
				"south": {"uv": [1.375, 1, 1.875, 1.75], "texture": "#0"},
				"west": {"uv": [4, 4.25, 4.25, 5], "texture": "#0"},
				"up": {"uv": [6.5, 1.5, 6, 1.25], "texture": "#0"},
				"down": {"uv": [5.75, 6, 5.25, 6.25], "texture": "#0"}
			}
		},
		{
			"from": [9.25, 8, 4.75],
			"to": [11.25, 9, 6.75],
			"rotation": {"angle": 0, "axis": "y", "origin": [16, 5, 0]},
			"faces": {
				"north": {"uv": [6.5, 4.5, 7, 4.75], "texture": "#0"},
				"east": {"uv": [4.75, 6.5, 5.25, 6.75], "texture": "#0"},
				"south": {"uv": [6.5, 4.75, 7, 5], "texture": "#0"},
				"west": {"uv": [6.5, 5, 7, 5.25], "texture": "#0"},
				"up": {"uv": [4.75, 6.75, 4.25, 6.25], "texture": "#0"},
				"down": {"uv": [6.75, 6.25, 6.25, 6.75], "texture": "#0"}
			}
		},
		{
			"from": [4.75, 8, 4.75],
			"to": [6.75, 9, 6.75],
			"rotation": {"angle": 0, "axis": "y", "origin": [16, 5, 0]},
			"faces": {
				"north": {"uv": [5.25, 6.5, 5.75, 6.75], "texture": "#0"},
				"east": {"uv": [6.5, 5.25, 7, 5.5], "texture": "#0"},
				"south": {"uv": [5.75, 6.5, 6.25, 6.75], "texture": "#0"},
				"west": {"uv": [6.5, 6, 7, 6.25], "texture": "#0"},
				"up": {"uv": [1.5, 7, 1, 6.5], "texture": "#0"},
				"down": {"uv": [2, 6.5, 1.5, 7], "texture": "#0"}
			}
		},
		{
			"from": [7, 8, 4.75],
			"to": [9, 9, 6.75],
			"rotation": {"angle": 0, "axis": "y", "origin": [16, 5, 0]},
			"faces": {
				"north": {"uv": [0, 6.75, 0.5, 7], "texture": "#0"},
				"east": {"uv": [6.75, 0.25, 7.25, 0.5], "texture": "#0"},
				"south": {"uv": [0.5, 6.75, 1, 7], "texture": "#0"},
				"west": {"uv": [6.75, 0.5, 7.25, 0.75], "texture": "#0"},
				"up": {"uv": [7, 2, 6.5, 1.5], "texture": "#0"},
				"down": {"uv": [2.5, 6.5, 2, 7], "texture": "#0"}
			}
		},
		{
			"from": [9.25, 8, 9.25],
			"to": [11.25, 9, 11.25],
			"rotation": {"angle": 0, "axis": "y", "origin": [0, 5, 16]},
			"faces": {
				"north": {"uv": [5.75, 6.5, 6.25, 6.75], "texture": "#0"},
				"east": {"uv": [6.5, 6, 7, 6.25], "texture": "#0"},
				"south": {"uv": [5.25, 6.5, 5.75, 6.75], "texture": "#0"},
				"west": {"uv": [6.5, 5.25, 7, 5.5], "texture": "#0"},
				"up": {"uv": [1, 6.5, 1.5, 7], "texture": "#0"},
				"down": {"uv": [1.5, 7, 2, 6.5], "texture": "#0"}
			}
		},
		{
			"from": [7, 8, 9.25],
			"to": [9, 9, 11.25],
			"rotation": {"angle": 0, "axis": "y", "origin": [0, 5, 16]},
			"faces": {
				"north": {"uv": [0.5, 6.75, 1, 7], "texture": "#0"},
				"east": {"uv": [6.75, 0.5, 7.25, 0.75], "texture": "#0"},
				"south": {"uv": [0, 6.75, 0.5, 7], "texture": "#0"},
				"west": {"uv": [6.75, 0.25, 7.25, 0.5], "texture": "#0"},
				"up": {"uv": [6.5, 1.5, 7, 2], "texture": "#0"},
				"down": {"uv": [2, 7, 2.5, 6.5], "texture": "#0"}
			}
		},
		{
			"from": [4.75, 8, 9.25],
			"to": [6.75, 9, 11.25],
			"rotation": {"angle": 0, "axis": "y", "origin": [0, 5, 16]},
			"faces": {
				"north": {"uv": [6.5, 4.75, 7, 5], "texture": "#0"},
				"east": {"uv": [6.5, 5, 7, 5.25], "texture": "#0"},
				"south": {"uv": [6.5, 4.5, 7, 4.75], "texture": "#0"},
				"west": {"uv": [4.75, 6.5, 5.25, 6.75], "texture": "#0"},
				"up": {"uv": [4.25, 6.25, 4.75, 6.75], "texture": "#0"},
				"down": {"uv": [6.25, 6.75, 6.75, 6.25], "texture": "#0"}
			}
		},
		{
			"from": [4.5, 8, 4.5],
			"to": [11.5, 9, 4.5],
			"rotation": {"angle": 0, "axis": "y", "origin": [16, 5, 0]},
			"faces": {
				"north": {"uv": [5.75, 4, 7.5, 4.25], "texture": "#0"},
				"south": {"uv": [7.5, 4, 5.75, 4.25], "texture": "#0"}
			}
		},
		{
			"from": [4.5, 8, 11.5],
			"to": [11.5, 9, 11.5],
			"rotation": {"angle": 0, "axis": "y", "origin": [16, 5, 16]},
			"faces": {
				"north": {"uv": [5.75, 4, 7.5, 4.25], "texture": "#0"},
				"south": {"uv": [7.5, 4, 5.75, 4.25], "texture": "#0"}
			}
		},
		{
			"from": [4.5, 8, 4.5],
			"to": [4.5, 9, 11.5],
			"rotation": {"angle": 0, "axis": "y", "origin": [16, 5, 16]},
			"faces": {
				"east": {"uv": [5.75, 4, 7.5, 4.25], "texture": "#0"},
				"west": {"uv": [7.5, 4, 5.75, 4.25], "texture": "#0"}
			}
		},
		{
			"from": [11.5, 8, 4.5],
			"to": [11.5, 9, 11.5],
			"rotation": {"angle": 0, "axis": "y", "origin": [32, 5, 16]},
			"faces": {
				"east": {"uv": [5.75, 4, 7.5, 4.25], "texture": "#0"},
				"west": {"uv": [7.5, 4, 5.75, 4.25], "texture": "#0"}
			}
		},
		{
			"from": [6, 2, 6],
			"to": [10, 3, 10],
			"rotation": {"angle": 0, "axis": "y", "origin": [16, 5, 0]},
			"faces": {
				"north": {"uv": [1, 6.25, 2, 6.5], "texture": "#0"},
				"east": {"uv": [5.25, 6.25, 6.25, 6.5], "texture": "#0"},
				"south": {"uv": [6.25, 5.5, 7.25, 5.75], "texture": "#0"},
				"west": {"uv": [6.25, 5.75, 7.25, 6], "texture": "#0"},
				"up": {"uv": [5.25, 2.5, 4.25, 1.5], "texture": "#0"},
				"down": {"uv": [2.75, 4.25, 1.75, 5.25], "texture": "#0"}
			}
		},
		{
			"from": [6, -8, 6],
			"to": [10, -7, 10],
			"rotation": {"angle": 0, "axis": "y", "origin": [16, 5, 0]},
			"faces": {
				"north": {"uv": [1, 6.25, 2, 6.5], "texture": "#0"},
				"east": {"uv": [5.25, 6.25, 6.25, 6.5], "texture": "#0"},
				"south": {"uv": [6.25, 5.5, 7.25, 5.75], "texture": "#0"},
				"west": {"uv": [6.25, 5.75, 7.25, 6], "texture": "#0"},
				"up": {"uv": [5.25, 2.5, 4.25, 1.5], "texture": "#0"},
				"down": {"uv": [2.75, 4.25, 1.75, 5.25], "texture": "#0"}
			}
		},
		{
			"from": [6.5, -7, 6.5],
			"to": [9.5, -5, 9.5],
			"rotation": {"angle": 0, "axis": "y", "origin": [16, 5, 0]},
			"faces": {
				"north": {"uv": [2.25, 6, 3, 6.5], "texture": "#0"},
				"east": {"uv": [6, 2.5, 6.75, 3], "texture": "#0"},
				"south": {"uv": [3, 6, 3.75, 6.5], "texture": "#0"},
				"west": {"uv": [6, 3, 6.75, 3.5], "texture": "#0"},
				"up": {"uv": [6, 3.5, 5.25, 2.75], "texture": "#0"},
				"down": {"uv": [3.75, 5.25, 3, 6], "texture": "#0"}
			}
		},
		{
			"from": [6, 22, 7],
			"to": [10, 26, 9],
			"rotation": {"angle": 45, "axis": "z", "origin": [8, 24, 8]},
			"faces": {
				"north": {"uv": [2.75, 4.25, 3.75, 5.25], "texture": "#0"},
				"east": {"uv": [5.25, 3.5, 5.75, 4.5], "texture": "#0"},
				"south": {"uv": [4.25, 3.5, 5.25, 4.5], "texture": "#0"},
				"west": {"uv": [4.75, 5.5, 5.25, 6.5], "texture": "#0"},
				"up": {"uv": [6.25, 6, 5.25, 5.5], "texture": "#0"},
				"down": {"uv": [6.75, 3.5, 5.75, 4], "texture": "#0"}
			}
		},
		{
			"from": [4, 20, 8],
			"to": [14, 30, 8],
			"rotation": {"angle": 45, "axis": "z", "origin": [8, 24, 8]},
			"faces": {
				"north": {"uv": [7.75, 2.5, 10.25, 0], "rotation": 180, "texture": "#0"},
				"east": {"uv": [5.25, 3.5, 5.25, 5.25], "texture": "#0"},
				"south": {"uv": [7.75, 0, 10.25, 2.5], "texture": "#0"},
				"west": {"uv": [4.75, 5.5, 4.75, 7.25], "texture": "#0"},
				"up": {"uv": [7, 5.5, 5.25, 5.5], "texture": "#0"},
				"down": {"uv": [7.5, 3.5, 5.75, 3.5], "texture": "#0"}
			}
		},
		{
			"from": [6, 20, 8.5],
			"to": [7, 21, 9],
			"rotation": {"angle": 0, "axis": "y", "origin": [8, 23.5, 9.25]},
			"faces": {
				"north": {"uv": [1.5, 4.5, 1.75, 4.75], "texture": "#0"},
				"east": {"uv": [3.5, 6.5, 3.625, 6.75], "texture": "#0"},
				"south": {"uv": [1.5, 4.75, 1.75, 5], "texture": "#0"},
				"west": {"uv": [6.75, 0.75, 6.875, 1], "texture": "#0"},
				"up": {"uv": [7, 1.125, 6.75, 1], "texture": "#0"},
				"down": {"uv": [7, 2, 6.75, 2.125], "texture": "#0"}
			}
		},
		{
			"from": [8.5, 18, 8.5],
			"to": [9.5, 19, 9],
			"rotation": {"angle": -45, "axis": "z", "origin": [9, 18.5, 8.75]},
			"faces": {
				"north": {"uv": [1.5, 4.5, 1.75, 4.75], "texture": "#0"},
				"east": {"uv": [3.5, 6.5, 3.625, 6.75], "texture": "#0"},
				"south": {"uv": [1.5, 4.75, 1.75, 5], "texture": "#0"},
				"west": {"uv": [6.75, 0.75, 6.875, 1], "texture": "#0"},
				"up": {"uv": [7, 1.125, 6.75, 1], "texture": "#0"},
				"down": {"uv": [7, 2, 6.75, 2.125], "texture": "#0"}
			}
		},
		{
			"from": [7, 15, 8.5],
			"to": [8, 16, 9],
			"rotation": {"angle": -22.5, "axis": "z", "origin": [7.5, 15.5, 8.75]},
			"faces": {
				"north": {"uv": [1.5, 4.5, 1.75, 4.75], "texture": "#0"},
				"east": {"uv": [3.5, 6.5, 3.625, 6.75], "texture": "#0"},
				"south": {"uv": [1.5, 4.75, 1.75, 5], "texture": "#0"},
				"west": {"uv": [6.75, 0.75, 6.875, 1], "texture": "#0"},
				"up": {"uv": [7, 1.125, 6.75, 1], "texture": "#0"},
				"down": {"uv": [7, 2, 6.75, 2.125], "texture": "#0"}
			}
		},
		{
			"from": [8, 12, 8.5],
			"to": [9, 13, 9],
			"rotation": {"angle": 0, "axis": "y", "origin": [8, 23.5, 9.25]},
			"faces": {
				"north": {"uv": [1.5, 4.5, 1.75, 4.75], "texture": "#0"},
				"east": {"uv": [3.5, 6.5, 3.625, 6.75], "texture": "#0"},
				"south": {"uv": [1.5, 4.75, 1.75, 5], "texture": "#0"},
				"west": {"uv": [6.75, 0.75, 6.875, 1], "texture": "#0"},
				"up": {"uv": [7, 1.125, 6.75, 1], "texture": "#0"},
				"down": {"uv": [7, 2, 6.75, 2.125], "texture": "#0"}
			}
		},
		{
			"from": [9, 20, 7],
			"to": [10, 21, 7.5],
			"rotation": {"angle": 0, "axis": "y", "origin": [8, 23.5, 6.75]},
			"faces": {
				"north": {"uv": [1.5, 4.75, 1.75, 5], "texture": "#0"},
				"east": {"uv": [6.75, 0.75, 6.875, 1], "texture": "#0"},
				"south": {"uv": [1.5, 4.5, 1.75, 4.75], "texture": "#0"},
				"west": {"uv": [3.5, 6.5, 3.625, 6.75], "texture": "#0"},
				"up": {"uv": [6.75, 1, 7, 1.125], "texture": "#0"},
				"down": {"uv": [6.75, 2.125, 7, 2], "texture": "#0"}
			}
		},
		{
			"from": [6.5, 18, 7],
			"to": [7.5, 19, 7.5],
			"rotation": {"angle": 45, "axis": "z", "origin": [7, 18.5, 7.25]},
			"faces": {
				"north": {"uv": [1.5, 4.75, 1.75, 5], "texture": "#0"},
				"east": {"uv": [6.75, 0.75, 6.875, 1], "texture": "#0"},
				"south": {"uv": [1.5, 4.5, 1.75, 4.75], "texture": "#0"},
				"west": {"uv": [3.5, 6.5, 3.625, 6.75], "texture": "#0"},
				"up": {"uv": [6.75, 1, 7, 1.125], "texture": "#0"},
				"down": {"uv": [6.75, 2.125, 7, 2], "texture": "#0"}
			}
		},
		{
			"from": [8, 15, 7],
			"to": [9, 16, 7.5],
			"rotation": {"angle": 22.5, "axis": "z", "origin": [8.5, 15.5, 7.25]},
			"faces": {
				"north": {"uv": [1.5, 4.75, 1.75, 5], "texture": "#0"},
				"east": {"uv": [6.75, 0.75, 6.875, 1], "texture": "#0"},
				"south": {"uv": [1.5, 4.5, 1.75, 4.75], "texture": "#0"},
				"west": {"uv": [3.5, 6.5, 3.625, 6.75], "texture": "#0"},
				"up": {"uv": [6.75, 1, 7, 1.125], "texture": "#0"},
				"down": {"uv": [6.75, 2.125, 7, 2], "texture": "#0"}
			}
		},
		{
			"from": [7, 12, 7],
			"to": [8, 13, 7.5],
			"rotation": {"angle": 0, "axis": "y", "origin": [8, 23.5, 6.75]},
			"faces": {
				"north": {"uv": [1.5, 4.75, 1.75, 5], "texture": "#0"},
				"east": {"uv": [6.75, 0.75, 6.875, 1], "texture": "#0"},
				"south": {"uv": [1.5, 4.5, 1.75, 4.75], "texture": "#0"},
				"west": {"uv": [3.5, 6.5, 3.625, 6.75], "texture": "#0"},
				"up": {"uv": [6.75, 1, 7, 1.125], "texture": "#0"},
				"down": {"uv": [6.75, 2.125, 7, 2], "texture": "#0"}
			}
		},
		{
			"from": [6.5, 23, 9],
			"to": [7.5, 24, 9.5],
			"rotation": {"angle": 0, "axis": "y", "origin": [8, 23.5, 9.25]},
			"faces": {
				"north": {"uv": [1.5, 4.5, 1.75, 4.75], "texture": "#0"},
				"east": {"uv": [3.5, 6.5, 3.625, 6.75], "texture": "#0"},
				"south": {"uv": [1.5, 4.75, 1.75, 5], "texture": "#0"},
				"west": {"uv": [6.75, 0.75, 6.875, 1], "texture": "#0"},
				"up": {"uv": [7, 1.125, 6.75, 1], "texture": "#0"},
				"down": {"uv": [7, 2, 6.75, 2.125], "texture": "#0"}
			}
		},
		{
			"from": [7.5, 25, 9],
			"to": [8.5, 26, 9.5],
			"rotation": {"angle": -22.5, "axis": "z", "origin": [8, 25.5, 9.25]},
			"faces": {
				"north": {"uv": [1.5, 4.5, 1.75, 4.75], "texture": "#0"},
				"east": {"uv": [3.5, 6.5, 3.625, 6.75], "texture": "#0"},
				"south": {"uv": [1.5, 4.75, 1.75, 5], "texture": "#0"},
				"west": {"uv": [6.75, 0.75, 6.875, 1], "texture": "#0"},
				"up": {"uv": [7, 1.125, 6.75, 1], "texture": "#0"},
				"down": {"uv": [7, 2, 6.75, 2.125], "texture": "#0"}
			}
		},
		{
			"from": [8.5, 23, 6.5],
			"to": [9.5, 24, 7],
			"rotation": {"angle": 0, "axis": "y", "origin": [8, 23.5, 6.75]},
			"faces": {
				"north": {"uv": [1.5, 4.75, 1.75, 5], "texture": "#0"},
				"east": {"uv": [6.75, 0.75, 6.875, 1], "texture": "#0"},
				"south": {"uv": [1.5, 4.5, 1.75, 4.75], "texture": "#0"},
				"west": {"uv": [3.5, 6.5, 3.625, 6.75], "texture": "#0"},
				"up": {"uv": [6.75, 1, 7, 1.125], "texture": "#0"},
				"down": {"uv": [6.75, 2.125, 7, 2], "texture": "#0"}
			}
		},
		{
			"from": [7.5, 25, 6.5],
			"to": [8.5, 26, 7],
			"rotation": {"angle": 22.5, "axis": "z", "origin": [8, 25.5, 6.75]},
			"faces": {
				"north": {"uv": [1.5, 4.75, 1.75, 5], "texture": "#0"},
				"east": {"uv": [6.75, 0.75, 6.875, 1], "texture": "#0"},
				"south": {"uv": [1.5, 4.5, 1.75, 4.75], "texture": "#0"},
				"west": {"uv": [3.5, 6.5, 3.625, 6.75], "texture": "#0"},
				"up": {"uv": [6.75, 1, 7, 1.125], "texture": "#0"},
				"down": {"uv": [6.75, 2.125, 7, 2], "texture": "#0"}
			}
		},
		{
			"from": [7.5, 26, 7.25],
			"to": [8.5, 26.5, 8.25],
			"rotation": {"angle": -45, "axis": "z", "origin": [8, 24, 8]},
			"faces": {
				"north": {"uv": [7, 2.25, 6.75, 2.375], "texture": "#0"},
				"east": {"uv": [3, 6.75, 2.75, 6.875], "texture": "#0"},
				"south": {"uv": [7, 2.5, 6.75, 2.625], "texture": "#0"},
				"west": {"uv": [2.75, 6.75, 2.5, 6.875], "texture": "#0"},
				"up": {"uv": [1.5, 5.25, 1.75, 5], "texture": "#0"},
				"down": {"uv": [2, 6.25, 2.25, 6.5], "texture": "#0"}
			}
		},
		{
			"from": [6.5, 26, 7.75],
			"to": [7.5, 26.5, 8.75],
			"rotation": {"angle": 45, "axis": "z", "origin": [8, 24, 8]},
			"faces": {
				"north": {"uv": [6.75, 2.25, 7, 2.375], "texture": "#0"},
				"east": {"uv": [2.5, 6.75, 2.75, 6.875], "texture": "#0"},
				"south": {"uv": [6.75, 2.5, 7, 2.625], "texture": "#0"},
				"west": {"uv": [2.75, 6.75, 3, 6.875], "texture": "#0"},
				"up": {"uv": [1.75, 5.25, 1.5, 5], "texture": "#0"},
				"down": {"uv": [2.25, 6.25, 2, 6.5], "texture": "#0"}
			}
		},
		{
			"from": [1.67157, 10.82843, 6],
			"to": [1.67157, 13.82843, 10],
			"rotation": {"angle": 0, "axis": "y", "origin": [4.5, 8, 8]},
			"faces": {
				"north": {"uv": [0.75, 0, 0, 0], "rotation": 90, "texture": "#0"},
				"east": {"uv": [1.5, 5.25, 2.25, 6.25], "rotation": 270, "texture": "#0"},
				"south": {"uv": [0.75, 0, 0, 0], "rotation": 270, "texture": "#0"},
				"west": {"uv": [1.5, 6.25, 2.25, 5.25], "rotation": 270, "texture": "#0"},
				"up": {"uv": [1, 0, 0, 0], "rotation": 270, "texture": "#0"},
				"down": {"uv": [1, 0, 0, 0], "rotation": 270, "texture": "#0"}
			}
		},
		{
			"from": [0.5, 8, 6],
			"to": [4.5, 8, 10],
			"rotation": {"angle": -45, "axis": "z", "origin": [4.5, 8, 8]},
			"faces": {
				"north": {"uv": [0, 0, 0, 1], "rotation": 90, "texture": "#0"},
				"east": {"uv": [0, 0, 0, 1], "rotation": 270, "texture": "#0"},
				"south": {"uv": [0, 0, 0, 1], "rotation": 270, "texture": "#0"},
				"west": {"uv": [0, 1, 0, 0], "rotation": 270, "texture": "#0"},
				"up": {"uv": [4.25, 2.5, 5.25, 3.5], "rotation": 270, "texture": "#0"},
				"down": {"uv": [5.25, 2.5, 4.25, 3.5], "rotation": 270, "texture": "#0"}
			}
		},
		{
			"from": [14.32843, 0.17157, 6],
			"to": [14.32843, 3.17157, 10],
			"rotation": {"angle": 22.5, "axis": "z", "origin": [11.5, 6, 8]},
			"faces": {
				"north": {"uv": [0.75, 0, 0, 0], "rotation": 270, "texture": "#0"},
				"east": {"uv": [1.5, 6.25, 2.25, 5.25], "rotation": 90, "texture": "#0"},
				"south": {"uv": [0.75, 0, 0, 0], "rotation": 90, "texture": "#0"},
				"west": {"uv": [1.5, 5.25, 2.25, 6.25], "rotation": 90, "texture": "#0"},
				"up": {"uv": [1, 0, 0, 0], "rotation": 90, "texture": "#0"},
				"down": {"uv": [1, 0, 0, 0], "rotation": 90, "texture": "#0"}
			}
		},
		{
			"from": [11.5, 6, 6],
			"to": [15.5, 6, 10],
			"rotation": {"angle": -22.5, "axis": "z", "origin": [11.5, 6, 8]},
			"faces": {
				"north": {"uv": [0, 0, 0, 1], "rotation": 270, "texture": "#0"},
				"east": {"uv": [0, 1, 0, 0], "rotation": 90, "texture": "#0"},
				"south": {"uv": [0, 0, 0, 1], "rotation": 90, "texture": "#0"},
				"west": {"uv": [0, 0, 0, 1], "rotation": 90, "texture": "#0"},
				"up": {"uv": [5.25, 2.5, 4.25, 3.5], "rotation": 90, "texture": "#0"},
				"down": {"uv": [4.25, 2.5, 5.25, 3.5], "rotation": 90, "texture": "#0"}
			}
		},
		{
			"from": [0, 3.5, 1.5],
			"to": [0, 11.5, 17.5],
			"rotation": {"angle": 0, "axis": "y", "origin": [16, 5, 0]},
			"faces": {
				"north": {"uv": [0, 0, 16, 8], "texture": "#3"},
				"east": {"uv": [16, 8, 0, 16], "texture": "#3"},
				"south": {"uv": [0, 0, 16, 8], "texture": "#3"},
				"west": {"uv": [0, 8, 16, 16], "texture": "#3"}
			}
		},
		{
			"from": [16, 3.5, -1.5],
			"to": [16, 11.5, 14.5],
			"rotation": {"angle": 0, "axis": "y", "origin": [0, 5, 0]},
			"faces": {
				"north": {"uv": [16, 0, 0, 8], "texture": "#3"},
				"east": {"uv": [0, 8, 16, 16], "texture": "#3"},
				"south": {"uv": [16, 0, 0, 8], "texture": "#3"},
				"west": {"uv": [0, 8, 16, 16], "texture": "#3"}
			}
		},
		{
			"from": [0, 3, 1.5],
			"to": [16, 11, 1.5],
			"rotation": {"angle": 0, "axis": "y", "origin": [16, 5, 0]},
			"faces": {
				"north": {"uv": [0, 0, 16, 8], "texture": "#3"},
				"east": {"uv": [0, 0, 16, 8], "texture": "#3"},
				"south": {"uv": [16, 0, 0, 8], "texture": "#3"},
				"west": {"uv": [0, 8, 16, 16], "texture": "#3"}
			}
		},
		{
			"from": [0, 3, 14.5],
			"to": [16, 11, 14.5],
			"rotation": {"angle": 0, "axis": "y", "origin": [16, 5, 16]},
			"faces": {
				"north": {"uv": [16, 0, 0, 8], "texture": "#3"},
				"east": {"uv": [16, 0, 0, 8], "texture": "#3"},
				"south": {"uv": [0, 0, 16, 8], "texture": "#3"},
				"west": {"uv": [16, 8, 0, 16], "texture": "#3"}
			}
		}
	],
	"display": {
		"thirdperson_righthand": {
			"rotation": [0, 90, 0],
			"translation": [0, 3, 1.75],
			"scale": [0.65, 0.65, 0.65]
		},
		"thirdperson_lefthand": {
			"rotation": [0, -90, 0],
			"translation": [0, 3, 1.75],
			"scale": [0.65, 0.65, 0.65]
		},
		"firstperson_righthand": {
			"rotation": [0, 90, 20],
			"translation": [1.25, 1, 0],
			"scale": [0.4, 0.4, 0.4]
		},
		"firstperson_lefthand": {
			"rotation": [0, -90, -20],
			"translation": [1.25, 1, 0],
			"scale": [0.4, 0.4, 0.4]
		},
		"ground": {
			"translation": [0, 6, 0],
			"scale": [0.5, 0.5, 0.5]
		},
		"gui": {
			"rotation": [0, 0, -45],
			"translation": [-1.5, -1.5, 0],
			"scale": [0.5, 0.5, 0.5]
		},
		"head": {
			"rotation": [-180, -90, 0],
			"translation": [0, 14.5, 1.75],
			"scale": [0.6, 0.6, 0.6]
		},
		"fixed": {
			"rotation": [0, 0, -45],
			"translation": [0, 0, -1.5],
			"scale": [0.6, 0.6, 0.6]
		}
	},
	"groups": [
		0,
		1,
		2,
		3,
		4,
		5,
		6,
		7,
		8,
		9,
		10,
		11,
		12,
		13,
		14,
		15,
		16,
		17,
		18,
		19,
		20,
		21,
		22,
		23,
		24,
		25,
		{
			"name": "group",
			"origin": [9.25, 21.5, 8],
			"color": 0,
			"children": [
				26,
				27,
				{
					"name": "group",
					"origin": [8, 28, 8],
					"color": 0,
					"children": [28, 29, 30, 31, 32, 33, 34, 35, 36, 37, 38, 39, 40, 41]
				}
			]
		},
		{
			"name": "group",
			"origin": [8, 13, 9],
			"color": 0,
			"children": [42, 43]
		},
		{
			"name": "group",
			"origin": [8, 13, 9],
			"color": 0,
			"children": [44, 45]
		},
		{
			"name": "group",
			"origin": [16, 5, 0],
			"color": 0,
			"children": [46, 47, 48, 49]
		}
	]
}