{
	"credit": "Made with Blockbench",
	"texture_size": [64, 64],
	"textures": {
		"0": "item/swords/dragon_roar_sword/dragon_roar",
		"1": "item/swords/dragon_roar_sword/dragon_roar_animation",
		"2": "item/swords/dragon_roar_sword/dragon_animation",
		"particle": "item/swords/dragon_roar_sword/dragon_roar"
	},
	"elements": [
		{
			"from": [6.875, -10, 6.875],
			"to": [9.125, 2.5, 9.125],
			"rotation": {"angle": 0, "axis": "y", "origin": [8, -3.75, 8]},
			"faces": {
				"north": {"uv": [3, 3.25, 3.625, 6.375], "texture": "#0"},
				"east": {"uv": [0, 4.75, 0.625, 7.875], "texture": "#0"},
				"south": {"uv": [5.125, 3.25, 4.5, 6.375], "texture": "#0"},
				"west": {"uv": [0, 4.75, 0.625, 7.875], "texture": "#0"},
				"up": {"uv": [7.125, 7.875, 6.5, 7.25], "texture": "#0"},
				"down": {"uv": [7.875, 7.25, 7.25, 7.875], "texture": "#0"}
			}
		},
		{
			"from": [5.5, 2, 5.5],
			"to": [10.5, 5, 10.5],
			"rotation": {"angle": 0, "axis": "y", "origin": [-4, 9.5, -4]},
			"faces": {
				"north": {"uv": [6, 6, 7.25, 6.75], "texture": "#0"},
				"east": {"uv": [6.25, 0, 7.5, 0.75], "texture": "#0"},
				"south": {"uv": [6.25, 0.75, 7.5, 1.5], "texture": "#0"},
				"west": {"uv": [6.25, 1.5, 7.5, 2.25], "texture": "#0"},
				"up": {"uv": [6, 3.25, 4.75, 2], "texture": "#0"},
				"down": {"uv": [6.25, 0, 5, 1.25], "texture": "#0"}
			}
		},
		{
			"from": [4.5, -0.5, 5.5],
			"to": [11.5, 4.5, 5.5],
			"rotation": {"angle": 22.5, "axis": "x", "origin": [8, 4, 5.5]},
			"faces": {
				"north": {"uv": [4.75, 3.25, 3, 2], "rotation": 180, "texture": "#0"},
				"east": {"uv": [0, 0, 1.25, 0], "rotation": 90, "texture": "#0"},
				"south": {"uv": [4.75, 2, 3, 3.25], "texture": "#0"},
				"west": {"uv": [0, 0, 1.25, 0], "rotation": 270, "texture": "#0"},
				"up": {"uv": [0, 0, 1.75, 0], "texture": "#0"},
				"down": {"uv": [0, 0, 1.75, 0], "rotation": 180, "texture": "#0"}
			}
		},
		{
			"from": [11, -0.5, 4],
			"to": [11, 4.5, 11],
			"rotation": {"angle": 45, "axis": "z", "origin": [11, 4.5, 8.5]},
			"faces": {
				"north": {"uv": [0, 0, 1.25, 0], "rotation": 270, "texture": "#0"},
				"east": {"uv": [4.75, 3.25, 3, 2], "rotation": 180, "texture": "#0"},
				"south": {"uv": [0, 0, 1.25, 0], "rotation": 90, "texture": "#0"},
				"west": {"uv": [4.75, 2, 3, 3.25], "texture": "#0"},
				"up": {"uv": [0, 0, 1.75, 0], "rotation": 90, "texture": "#0"},
				"down": {"uv": [0, 0, 1.75, 0], "rotation": 90, "texture": "#0"}
			}
		},
		{
			"from": [4.5, -0.5, 10.5],
			"to": [11.5, 4.5, 10.5],
			"rotation": {"angle": -22.5, "axis": "x", "origin": [8, 4, 10.5]},
			"faces": {
				"north": {"uv": [4.75, 3.25, 3, 2], "rotation": 180, "texture": "#0"},
				"east": {"uv": [1.25, 0, 0, 0], "rotation": 270, "texture": "#0"},
				"south": {"uv": [4.75, 2, 3, 3.25], "texture": "#0"},
				"west": {"uv": [1.25, 0, 0, 0], "rotation": 90, "texture": "#0"},
				"up": {"uv": [1.75, 0, 0, 0], "rotation": 180, "texture": "#0"},
				"down": {"uv": [1.75, 0, 0, 0], "texture": "#0"}
			}
		},
		{
			"from": [9.5, 3, 7],
			"to": [12.5, 8, 9],
			"rotation": {"angle": 0, "axis": "y", "origin": [10.5, 3, 8]},
			"faces": {
				"north": {"uv": [6.25, 2.25, 7, 3.5], "texture": "#0"},
				"east": {"uv": [2.25, 6.5, 2.75, 7.75], "texture": "#0"},
				"south": {"uv": [7, 2.25, 6.25, 3.5], "texture": "#0"},
				"west": {"uv": [4.5, 6.5, 5, 7.75], "texture": "#0"},
				"up": {"uv": [8, 5.5, 7.25, 5], "texture": "#0"},
				"down": {"uv": [8.25, 0, 7.5, 0.5], "texture": "#0"}
			}
		},
		{
			"from": [4.5, 10, 6],
			"to": [7.5, 13, 10],
			"rotation": {"angle": 22.5, "axis": "z", "origin": [7.5, 10, 8]},
			"faces": {
				"north": {"uv": [5.75, 7.25, 6.5, 8], "texture": "#0"},
				"east": {"uv": [5, 1.25, 6, 2], "texture": "#0"},
				"south": {"uv": [6.5, 7.25, 5.75, 8], "texture": "#0"},
				"west": {"uv": [6.25, 4.75, 7.25, 5.5], "texture": "#0"},
				"up": {"uv": [1.5, 7.5, 0.75, 6.5], "texture": "#0"},
				"down": {"uv": [2.25, 6.5, 1.5, 7.5], "texture": "#0"}
			}
		},
		{
			"from": [4.5, 3, 6],
			"to": [7.5, 10, 10],
			"rotation": {"angle": 0, "axis": "y", "origin": [10.5, 3, 8]},
			"faces": {
				"north": {"uv": [5.25, 3.25, 6, 5], "texture": "#0"},
				"east": {"uv": [0.75, 4.75, 1.75, 6.5], "texture": "#0"},
				"south": {"uv": [6, 3.25, 5.25, 5], "texture": "#0"},
				"west": {"uv": [1.75, 4.75, 2.75, 6.5], "texture": "#0"},
				"up": {"uv": [3.75, 7.5, 3, 6.5], "texture": "#0"},
				"down": {"uv": [4.5, 6.5, 3.75, 7.5], "texture": "#0"}
			}
		},
		{
			"from": [9.5, 8, 7],
			"to": [12.5, 11, 9],
			"rotation": {"angle": -22.5, "axis": "z", "origin": [9.5, 8, 8]},
			"faces": {
				"north": {"uv": [7.25, 4.25, 8, 5], "texture": "#0"},
				"east": {"uv": [7.5, 0.75, 8, 1.5], "texture": "#0"},
				"south": {"uv": [8, 4.25, 7.25, 5], "texture": "#0"},
				"west": {"uv": [7.5, 1.5, 8, 2.25], "texture": "#0"},
				"up": {"uv": [3.75, 8, 3, 7.5], "texture": "#0"},
				"down": {"uv": [4.5, 7.5, 3.75, 8], "texture": "#0"}
			}
		},
		{
			"from": [6.5, -11, 6.5],
			"to": [9.5, -10, 9.5],
			"rotation": {"angle": 0, "axis": "y", "origin": [8, -11.5, 8]},
			"faces": {
				"north": {"uv": [8, 0.75, 8.75, 1], "texture": "#0"},
				"east": {"uv": [8, 1, 8.75, 1.25], "texture": "#0"},
				"south": {"uv": [8, 1.25, 8.75, 1.5], "texture": "#0"},
				"west": {"uv": [8, 1.5, 8.75, 1.75], "texture": "#0"},
				"up": {"uv": [7.75, 3.5, 7, 2.75], "texture": "#0"},
				"down": {"uv": [7.75, 3.5, 7, 4.25], "texture": "#0"}
			}
		},
		{
			"from": [5.5, -12, 7.5],
			"to": [10.5, -11, 8.5],
			"rotation": {"angle": 0, "axis": "y", "origin": [8, -11.5, 8]},
			"faces": {
				"north": {"uv": [7.5, 5.5, 8.75, 5.75], "texture": "#0"},
				"east": {"uv": [5, 6.5, 5.25, 6.75], "texture": "#0"},
				"south": {"uv": [7.5, 5.75, 8.75, 6], "texture": "#0"},
				"west": {"uv": [7, 4.25, 7.25, 4.5], "texture": "#0"},
				"up": {"uv": [8.75, 7, 7.5, 6.75], "texture": "#0"},
				"down": {"uv": [8.75, 7, 7.5, 7.25], "texture": "#0"}
			}
		},
		{
			"from": [6.5, -16, 7.5],
			"to": [9.5, -15, 8.5],
			"rotation": {"angle": 0, "axis": "y", "origin": [8, -11.5, 8]},
			"faces": {
				"north": {"uv": [8, 1.75, 8.75, 2], "texture": "#0"},
				"east": {"uv": [4.25, 8, 4.5, 8.25], "texture": "#0"},
				"south": {"uv": [8, 2, 8.75, 2.25], "texture": "#0"},
				"west": {"uv": [8, 4.25, 8.25, 4.5], "texture": "#0"},
				"up": {"uv": [8.75, 3, 8, 2.75], "texture": "#0"},
				"down": {"uv": [3.75, 8, 3, 8.25], "texture": "#0"}
			}
		},
		{
			"from": [9.5, -16, 7.5],
			"to": [10.5, -12, 8.5],
			"rotation": {"angle": 0, "axis": "y", "origin": [8, -11.5, 8]},
			"faces": {
				"north": {"uv": [7.75, 2.75, 8, 3.75], "texture": "#0"},
				"east": {"uv": [4.5, 7.75, 4.75, 8.75], "texture": "#0"},
				"south": {"uv": [4.75, 7.75, 5, 8.75], "texture": "#0"},
				"west": {"uv": [0, 8, 0.25, 9], "texture": "#0"},
				"up": {"uv": [7.25, 4.75, 7, 4.5], "texture": "#0"},
				"down": {"uv": [8.25, 3.5, 8, 3.75], "texture": "#0"}
			}
		},
		{
			"from": [5.5, -16, 7.5],
			"to": [6.5, -12, 8.5],
			"rotation": {"angle": 0, "axis": "y", "origin": [8, -11.5, 8]},
			"faces": {
				"north": {"uv": [8, 2.75, 7.75, 3.75], "texture": "#0"},
				"east": {"uv": [0.25, 8, 0, 9], "texture": "#0"},
				"south": {"uv": [5, 7.75, 4.75, 8.75], "texture": "#0"},
				"west": {"uv": [4.75, 7.75, 4.5, 8.75], "texture": "#0"},
				"up": {"uv": [7, 4.75, 7.25, 4.5], "texture": "#0"},
				"down": {"uv": [8, 3.5, 8.25, 3.75], "texture": "#0"}
			}
		},
		{
			"from": [5.125, 5, 7.625],
			"to": [11.125, 24, 8.375],
			"rotation": {"angle": 0, "axis": "y", "origin": [-5, 14.75, -4]},
			"faces": {
				"north": {"uv": [0, 0, 1.5, 4.75], "texture": "#0"},
				"east": {"uv": [2.75, 4.75, 3, 9.5], "texture": "#0"},
				"south": {"uv": [1.5, 0, 0, 4.75], "texture": "#0"},
				"west": {"uv": [6, 1.25, 6.25, 6], "texture": "#0"},
				"up": {"uv": [9, 0.75, 7.5, 0.5], "texture": "#0"},
				"down": {"uv": [2.25, 7.5, 0.75, 7.75], "texture": "#0"}
			}
		},
		{
			"from": [3.125, 24, 8],
			"to": [11.125, 32, 8],
			"rotation": {"angle": 0, "axis": "y", "origin": [-5, 14.75, -4]},
			"faces": {
				"north": {"uv": [3, 0, 5, 2], "texture": "#0"},
				"east": {"uv": [0, 0, 0, 2], "texture": "#0"},
				"south": {"uv": [5, 0, 3, 2], "texture": "#0"},
				"west": {"uv": [0, 0, 0, 2], "texture": "#0"},
				"up": {"uv": [2, 0, 0, 0], "texture": "#0"},
				"down": {"uv": [2, 0, 0, 0], "texture": "#0"}
			}
		},
		{
			"from": [0.5, 3, 5.75],
			"to": [5.5, 5, 7.75],
			"rotation": {"angle": 22.5, "axis": "z", "origin": [5.5, 5, 6.5]},
			"faces": {
				"north": {"uv": [6.25, 5.5, 7.5, 6], "texture": "#0"},
				"east": {"uv": [7.75, 3.75, 8.25, 4.25], "texture": "#0"},
				"south": {"uv": [7.5, 5.5, 6.25, 6], "texture": "#0"},
				"west": {"uv": [0.25, 8, 0.75, 8.5], "texture": "#0"},
				"up": {"uv": [7.5, 7.25, 6.25, 6.75], "texture": "#0"},
				"down": {"uv": [8.25, 2.25, 7, 2.75], "texture": "#0"}
			}
		},
		{
			"from": [3.83658, -3.6194, 6],
			"to": [5.33658, 0.3806, 7.5],
			"rotation": {"angle": -45, "axis": "z", "origin": [5.5, 5, 6.5]},
			"faces": {
				"north": {"uv": [0.75, 7.75, 1.125, 8.75], "texture": "#0"},
				"east": {"uv": [1.25, 7.75, 1.625, 8.75], "texture": "#0"},
				"south": {"uv": [1.125, 7.75, 0.75, 8.75], "texture": "#0"},
				"west": {"uv": [2.25, 7.75, 2.625, 8.75], "texture": "#0"},
				"up": {"uv": [8.375, 3.375, 8, 3], "texture": "#0"},
				"down": {"uv": [4.125, 8, 3.75, 8.375], "texture": "#0"}
			}
		},
		{
			"from": [0.5, 3, 8.25],
			"to": [5.5, 5, 10.25],
			"rotation": {"angle": 0, "axis": "y", "origin": [5.5, 5, 9.5]},
			"faces": {
				"north": {"uv": [6.25, 5.5, 7.5, 6], "texture": "#0"},
				"east": {"uv": [8.25, 3.75, 7.75, 4.25], "texture": "#0"},
				"south": {"uv": [7.5, 5.5, 6.25, 6], "texture": "#0"},
				"west": {"uv": [0.75, 8, 0.25, 8.5], "texture": "#0"},
				"up": {"uv": [7.5, 6.75, 6.25, 7.25], "texture": "#0"},
				"down": {"uv": [8.25, 2.75, 7, 2.25], "texture": "#0"}
			}
		},
		{
			"from": [-3.1194, 5.16342, 8.5],
			"to": [0.8806, 6.66342, 10],
			"rotation": {"angle": 22.5, "axis": "z", "origin": [5.5, 5, 9.5]},
			"faces": {
				"north": {"uv": [0.75, 7.75, 1.125, 8.75], "rotation": 270, "texture": "#0"},
				"east": {"uv": [8.375, 3, 8, 3.375], "rotation": 90, "texture": "#0"},
				"south": {"uv": [1.125, 7.75, 0.75, 8.75], "rotation": 90, "texture": "#0"},
				"west": {"uv": [4.125, 8.375, 3.75, 8], "rotation": 90, "texture": "#0"},
				"up": {"uv": [2.625, 7.75, 2.25, 8.75], "rotation": 90, "texture": "#0"},
				"down": {"uv": [1.625, 7.75, 1.25, 8.75], "rotation": 90, "texture": "#0"}
			}
		},
		{
			"from": [4, 5, 6.5],
			"to": [12, 21, 6.5],
			"faces": {
				"north": {"uv": [8, 0, 16, 16], "texture": "#1"},
				"east": {"uv": [0, 0, 0.5, 4], "texture": "#missing"},
				"south": {"uv": [16, 0, 8, 16], "texture": "#1"},
				"west": {"uv": [0, 0, 0.5, 4], "texture": "#missing"},
				"up": {"uv": [0, 0, 2, 0.5], "texture": "#missing"},
				"down": {"uv": [0, 0, 2, 0.5], "texture": "#missing"}
			}
		},
		{
			"from": [9, 9, 7.75],
			"to": [17, 25, 7.75],
			"faces": {
				"north": {"uv": [8, 0, 0, 16], "texture": "#2"},
				"east": {"uv": [0, 0, 0.5, 4], "texture": "#missing"},
				"south": {"uv": [0, 0, 8, 16], "texture": "#2"},
				"west": {"uv": [0, 0, 0.5, 4], "texture": "#missing"},
				"up": {"uv": [0, 0, 2, 0.5], "texture": "#missing"},
				"down": {"uv": [0, 0, 2, 0.5], "texture": "#missing"}
			}
		},
		{
			"from": [4, 5, 9.5],
			"to": [12, 21, 9.5],
			"rotation": {"angle": 0, "axis": "y", "origin": [0, 0, 16]},
			"faces": {
				"north": {"uv": [8, 0, 16, 16], "texture": "#1"},
				"east": {"uv": [0.5, 0, 0, 4], "texture": "#missing"},
				"south": {"uv": [16, 0, 8, 16], "texture": "#1"},
				"west": {"uv": [0.5, 0, 0, 4], "texture": "#missing"},
				"up": {"uv": [0, 0.5, 2, 0], "texture": "#missing"},
				"down": {"uv": [0, 0.5, 2, 0], "texture": "#missing"}
			}
		}
	],
	"display": {
		"thirdperson_righthand": {
			"rotation": [0, 90, 0],
			"translation": [0, 4.75, 1.75],
			"scale": [0.5, 0.5, 0.5]
		},
		"thirdperson_lefthand": {
			"rotation": [0, -90, 0],
			"translation": [0, 4.75, 1.75],
			"scale": [0.5, 0.5, 0.5]
		},
		"firstperson_righthand": {
			"rotation": [0, 90, 20],
			"translation": [1.25, 2.75, 0],
			"scale": [0.4, 0.4, 0.4]
		},
		"firstperson_lefthand": {
			"rotation": [0, -90, -20],
			"translation": [1.25, 2.75, 0],
			"scale": [0.4, 0.4, 0.4]
		},
		"ground": {
			"translation": [0, 8.5, 0],
			"scale": [0.5, 0.5, 0.5]
		},
		"gui": {
			"rotation": [0, 0, -45],
			"translation": [0.25, 0, 0],
			"scale": [0.4, 0.4, 0.4]
		},
		"head": {
			"translation": [0, 26.75, 0]
		},
		"fixed": {
			"rotation": [0, 0, -45],
			"translation": [0, 0, -1.5],
			"scale": [0.5, 0.5, 0.5]
		}
	},
	"groups": [
		0,
		1,
		2,
		3,
		4,
		5,
		6,
		7,
		8,
		9,
		10,
		11,
		12,
		13,
		{
			"name": "group",
			"origin": [8, 4, 8],
			"color": 0,
			"children": [14, 15]
		},
		{
			"name": "group",
			"origin": [5.5, 5, 6.5],
			"color": 0,
			"children": [16, 17]
		},
		{
			"name": "group",
			"origin": [5.5, 5, 6.5],
			"color": 0,
			"children": [18, 19]
		},
		20,
		21,
		22
	]
}