{
	"credit": "Made with Blockbench",
	"texture_size": [32, 32],
	"textures": {
		"1": "item/swords/frostbite_sword/frostbite_animation",
		"2": "item/swords/frostbite_sword/frostbite",
		"particle": "item/swords/frostbite_sword/frostbite"
	},
	"elements": [
		{
			"from": [7, -10, 7],
			"to": [9, 0.5, 9],
			"rotation": {"angle": 0, "axis": "y", "origin": [-4, 9.5, -4]},
			"faces": {
				"north": {"uv": [2, 4, 3, 9.25], "texture": "#2"},
				"east": {"uv": [3, 4, 4, 9.25], "texture": "#2"},
				"south": {"uv": [3, 4, 2, 9.25], "texture": "#2"},
				"west": {"uv": [5, 4, 6, 9.25], "texture": "#2"},
				"up": {"uv": [5.5, 10.5, 4.5, 9.5], "texture": "#2"},
				"down": {"uv": [10.5, 9, 9.5, 10], "texture": "#2"}
			}
		},
		{
			"from": [6.75, -12.5, 6.75],
			"to": [9.25, -10, 9.25],
			"rotation": {"angle": 0, "axis": "y", "origin": [-4, 9.5, -4]},
			"faces": {
				"north": {"uv": [8.5, 4, 9.75, 5.25], "texture": "#2"},
				"east": {"uv": [8.5, 5.5, 9.75, 6.75], "texture": "#2"},
				"south": {"uv": [9, 0, 10.25, 1.25], "texture": "#2"},
				"west": {"uv": [9, 1.5, 10.25, 2.75], "texture": "#2"},
				"up": {"uv": [9.25, 10.25, 8, 9], "texture": "#2"},
				"down": {"uv": [2.75, 9.5, 1.5, 10.75], "texture": "#2"}
			}
		},
		{
			"from": [5.75, -16, 8],
			"to": [10.25, -12.5, 8],
			"rotation": {"angle": 0, "axis": "y", "origin": [-4, 9.5, -4]},
			"faces": {
				"north": {"uv": [6, 0, 8.25, 1.75], "texture": "#2"},
				"east": {"uv": [0, 0, 0, 1.75], "texture": "#2"},
				"south": {"uv": [8.25, 0, 6, 1.75], "texture": "#2"},
				"west": {"uv": [0, 0, 0, 1.75], "texture": "#2"},
				"up": {"uv": [2.25, 0, 0, 0], "texture": "#2"},
				"down": {"uv": [2.25, 0, 0, 0], "texture": "#2"}
			}
		},
		{
			"from": [5.5, 0.5, 6.5],
			"to": [10.5, 2.5, 9.5],
			"rotation": {"angle": 0, "axis": "y", "origin": [-4, 9.5, -4]},
			"faces": {
				"north": {"uv": [8, 7, 10.5, 8], "texture": "#2"},
				"east": {"uv": [9, 3, 10.5, 4], "texture": "#2"},
				"south": {"uv": [8, 8, 10.5, 9], "texture": "#2"},
				"west": {"uv": [3, 9.5, 4.5, 10.5], "texture": "#2"},
				"up": {"uv": [8.5, 5.5, 6, 4], "texture": "#2"},
				"down": {"uv": [8.5, 5.5, 6, 7], "texture": "#2"}
			}
		},
		{
			"from": [9.5, -0.5, 8],
			"to": [14.5, 4.5, 8],
			"rotation": {"angle": 0, "axis": "y", "origin": [-4, 9.5, -4]},
			"faces": {
				"north": {"uv": [0, 13.5, 2.5, 16], "texture": "#2"},
				"east": {"uv": [9, 3, 10.5, 4], "texture": "#2"},
				"south": {"uv": [2.5, 13.5, 0, 16], "texture": "#2"},
				"west": {"uv": [3, 9.5, 3, 12], "texture": "#2"},
				"up": {"uv": [8.5, 5.5, 6, 4], "texture": "#2"},
				"down": {"uv": [8.5, 5.5, 6, 7], "texture": "#2"}
			}
		},
		{
			"from": [1.5, -0.5, 8],
			"to": [6.5, 4.5, 8],
			"rotation": {"angle": 0, "axis": "y", "origin": [20, 9.5, -4]},
			"faces": {
				"north": {"uv": [2.5, 13.5, 0, 16], "texture": "#2"},
				"east": {"uv": [3, 9.5, 3, 12], "texture": "#2"},
				"south": {"uv": [0, 13.5, 2.5, 16], "texture": "#2"},
				"west": {"uv": [10.5, 3, 9, 4], "texture": "#2"},
				"up": {"uv": [6, 5.5, 8.5, 4], "texture": "#2"},
				"down": {"uv": [6, 5.5, 8.5, 7], "texture": "#2"}
			}
		},
		{
			"from": [6.125, 2, 7.625],
			"to": [10.125, 10, 8.375],
			"rotation": {"angle": 0, "axis": "y", "origin": [-5, 14.75, -4]},
			"faces": {
				"north": {"uv": [2, 0, 4, 4], "texture": "#2"},
				"east": {"uv": [0, 8.5, 0.5, 12.5], "texture": "#2"},
				"south": {"uv": [4, 0, 2, 4], "texture": "#2"},
				"west": {"uv": [8.5, 0, 9, 4], "texture": "#2"},
				"up": {"uv": [12, 4.5, 10, 4], "texture": "#2"},
				"down": {"uv": [12, 4.5, 10, 5], "texture": "#2"}
			}
		},
		{
			"from": [7.125, 10, 7.625],
			"to": [9.125, 17, 8.375],
			"rotation": {"angle": 0, "axis": "y", "origin": [-5, 14.75, -4]},
			"faces": {
				"north": {"uv": [6, 7, 7, 10.5], "texture": "#2"},
				"east": {"uv": [0.5, 8.5, 1, 12], "texture": "#2"},
				"south": {"uv": [7, 7, 6, 10.5], "texture": "#2"},
				"west": {"uv": [1, 8.5, 1.5, 12], "texture": "#2"},
				"up": {"uv": [4, 11, 3, 10.5], "texture": "#2"},
				"down": {"uv": [11.5, 3, 10.5, 3.5], "texture": "#2"}
			}
		},
		{
			"from": [6.125, 10, 8],
			"to": [10.125, 27, 8],
			"rotation": {"angle": 0, "axis": "y", "origin": [-5, 14.75, -4]},
			"faces": {
				"north": {"uv": [0, 0, 2, 8.5], "texture": "#2"},
				"east": {"uv": [0, 0, 0, 8.5], "texture": "#2"},
				"south": {"uv": [2, 0, 0, 8.5], "texture": "#2"},
				"west": {"uv": [0, 0, 0, 8.5], "texture": "#2"},
				"up": {"uv": [2, 0, 0, 0], "texture": "#2"},
				"down": {"uv": [2, 0, 0, 0], "texture": "#2"}
			}
		},
		{
			"from": [1, 7, 8],
			"to": [5, 13, 8],
			"faces": {
				"north": {"uv": [1.5, 0, 5.5, 6], "texture": "#1"},
				"east": {"uv": [0, 0, 0, 8], "texture": "#missing"},
				"south": {"uv": [5.5, 0, 1.5, 6], "texture": "#1"},
				"west": {"uv": [0, 0, 0, 8], "texture": "#missing"},
				"up": {"uv": [0, 0, 4, 0], "texture": "#missing"},
				"down": {"uv": [0, 0, 4, 0], "texture": "#missing"}
			}
		},
		{
			"from": [10, 14, 8],
			"to": [14.5, 20.5, 8],
			"faces": {
				"north": {"uv": [5.5, 9.5, 1, 16], "texture": "#1"},
				"east": {"uv": [0, 0, 0, 8], "texture": "#missing"},
				"south": {"uv": [1, 9.5, 5.5, 16], "texture": "#1"},
				"west": {"uv": [0, 0, 0, 8], "texture": "#missing"},
				"up": {"uv": [0, 0, 4, 0], "texture": "#missing"},
				"down": {"uv": [0, 0, 4, 0], "texture": "#missing"}
			}
		},
		{
			"from": [10, -7, 7.75],
			"to": [18, 9, 7.75],
			"faces": {
				"north": {"uv": [16, 0, 8, 16], "texture": "#1"},
				"east": {"uv": [0, 0, 0, 8], "texture": "#missing"},
				"south": {"uv": [8, 0, 16, 16], "texture": "#1"},
				"west": {"uv": [0, 0, 0, 8], "texture": "#missing"},
				"up": {"uv": [0, 0, 4, 0], "texture": "#missing"},
				"down": {"uv": [0, 0, 4, 0], "texture": "#missing"}
			}
		},
		{
			"from": [-2, -7, 7.75],
			"to": [6, 9, 7.75],
			"rotation": {"angle": 0, "axis": "y", "origin": [16, 0, 0]},
			"faces": {
				"north": {"uv": [8, 0, 16, 16], "texture": "#1"},
				"east": {"uv": [0, 0, 0, 8], "texture": "#missing"},
				"south": {"uv": [16, 0, 8, 16], "texture": "#1"},
				"west": {"uv": [0, 0, 0, 8], "texture": "#missing"},
				"up": {"uv": [4, 0, 0, 0], "texture": "#missing"},
				"down": {"uv": [4, 0, 0, 0], "texture": "#missing"}
			}
		},
		{
			"from": [8, 1.5, 6.25],
			"to": [9.5, 3.5, 7.75],
			"rotation": {"angle": 0, "axis": "y", "origin": [-4, 9.5, -4]},
			"faces": {
				"north": {"uv": [10, 5, 10.75, 6], "texture": "#2"},
				"east": {"uv": [10, 6, 10.75, 7], "texture": "#2"},
				"south": {"uv": [9.5, 10, 10.25, 11], "texture": "#2"},
				"west": {"uv": [10.5, 0, 11.25, 1], "texture": "#2"},
				"up": {"uv": [11.25, 1.75, 10.5, 1], "texture": "#2"},
				"down": {"uv": [11.25, 2, 10.5, 2.75], "texture": "#2"}
			}
		},
		{
			"from": [8.25, 3.5, 6.5],
			"to": [9.25, 5.5, 7.5],
			"rotation": {"angle": 0, "axis": "y", "origin": [-4, 9.5, -4]},
			"faces": {
				"north": {"uv": [1.5, 8.5, 2, 9.5], "texture": "#2"},
				"east": {"uv": [5.5, 9.5, 6, 10.5], "texture": "#2"},
				"south": {"uv": [4, 10.5, 4.5, 11.5], "texture": "#2"},
				"west": {"uv": [4.5, 10.5, 5, 11.5], "texture": "#2"},
				"up": {"uv": [11, 4, 10.5, 3.5], "texture": "#2"},
				"down": {"uv": [7.5, 10.5, 7, 11], "texture": "#2"}
			}
		},
		{
			"from": [10.25, 1.5, 7.5],
			"to": [11.25, 3.5, 8.5],
			"rotation": {"angle": -22.5, "axis": "z", "origin": [10.75, 3.5, 8]},
			"faces": {
				"north": {"uv": [5, 10.5, 5.5, 11.5], "texture": "#2"},
				"east": {"uv": [5.5, 10.5, 6, 11.5], "texture": "#2"},
				"south": {"uv": [6, 10.5, 6.5, 11.5], "texture": "#2"},
				"west": {"uv": [6.5, 10.5, 7, 11.5], "texture": "#2"},
				"up": {"uv": [11, 7.5, 10.5, 7], "texture": "#2"},
				"down": {"uv": [8, 10.5, 7.5, 11], "texture": "#2"}
			}
		},
		{
			"from": [10.5, 3.5, 7.75],
			"to": [11, 5.5, 8.25],
			"rotation": {"angle": -22.5, "axis": "z", "origin": [10.75, 3.5, 8]},
			"faces": {
				"north": {"uv": [10.5, 7.5, 10.75, 8.5], "texture": "#2"},
				"east": {"uv": [8, 10.5, 8.25, 11.5], "texture": "#2"},
				"south": {"uv": [8.5, 10.5, 8.75, 11.5], "texture": "#2"},
				"west": {"uv": [10.5, 8.5, 10.75, 9.5], "texture": "#2"},
				"up": {"uv": [9.25, 10.75, 9, 10.5], "texture": "#2"},
				"down": {"uv": [10.75, 9.5, 10.5, 9.75], "texture": "#2"}
			}
		},
		{
			"from": [5, 1.5, 7],
			"to": [6, 3.5, 8],
			"rotation": {"angle": 22.5, "axis": "z", "origin": [5.5, 3.5, 7.5]},
			"faces": {
				"north": {"uv": [5, 10.5, 5.5, 11.5], "texture": "#2"},
				"east": {"uv": [5.5, 10.5, 6, 11.5], "texture": "#2"},
				"south": {"uv": [6, 10.5, 6.5, 11.5], "texture": "#2"},
				"west": {"uv": [6.5, 10.5, 7, 11.5], "texture": "#2"},
				"up": {"uv": [11, 7.5, 10.5, 7], "texture": "#2"},
				"down": {"uv": [8, 10.5, 7.5, 11], "texture": "#2"}
			}
		},
		{
			"from": [5.25, 3.5, 7.25],
			"to": [5.75, 5.5, 7.75],
			"rotation": {"angle": 22.5, "axis": "z", "origin": [5.5, 3.5, 7.5]},
			"faces": {
				"north": {"uv": [10.5, 7.5, 10.75, 8.5], "texture": "#2"},
				"east": {"uv": [8, 10.5, 8.25, 11.5], "texture": "#2"},
				"south": {"uv": [8.5, 10.5, 8.75, 11.5], "texture": "#2"},
				"west": {"uv": [10.5, 8.5, 10.75, 9.5], "texture": "#2"},
				"up": {"uv": [9.25, 10.75, 9, 10.5], "texture": "#2"},
				"down": {"uv": [10.75, 9.5, 10.5, 9.75], "texture": "#2"}
			}
		},
		{
			"from": [6.5, 1.5, 9],
			"to": [7.5, 3.5, 10],
			"rotation": {"angle": 22.5, "axis": "x", "origin": [7, 3.5, 9.5]},
			"faces": {
				"north": {"uv": [5, 10.5, 5.5, 11.5], "texture": "#2"},
				"east": {"uv": [5.5, 10.5, 6, 11.5], "texture": "#2"},
				"south": {"uv": [6, 10.5, 6.5, 11.5], "texture": "#2"},
				"west": {"uv": [6.5, 10.5, 7, 11.5], "texture": "#2"},
				"up": {"uv": [11, 7.5, 10.5, 7], "texture": "#2"},
				"down": {"uv": [8, 10.5, 7.5, 11], "texture": "#2"}
			}
		},
		{
			"from": [6.75, 3.5, 9.25],
			"to": [7.25, 5.5, 9.75],
			"rotation": {"angle": 22.5, "axis": "x", "origin": [7, 3.5, 9.5]},
			"faces": {
				"north": {"uv": [10.5, 7.5, 10.75, 8.5], "texture": "#2"},
				"east": {"uv": [8, 10.5, 8.25, 11.5], "texture": "#2"},
				"south": {"uv": [8.5, 10.5, 8.75, 11.5], "texture": "#2"},
				"west": {"uv": [10.5, 8.5, 10.75, 9.5], "texture": "#2"},
				"up": {"uv": [9.25, 10.75, 9, 10.5], "texture": "#2"},
				"down": {"uv": [10.75, 9.5, 10.5, 9.75], "texture": "#2"}
			}
		},
		{
			"from": [8, 1, 8.25],
			"to": [9.5, 3, 9.75],
			"rotation": {"angle": 0, "axis": "y", "origin": [-4, 9.5, -4]},
			"faces": {
				"north": {"uv": [10, 5, 10.75, 6], "texture": "#2"},
				"east": {"uv": [10, 6, 10.75, 7], "texture": "#2"},
				"south": {"uv": [9.5, 10, 10.25, 11], "texture": "#2"},
				"west": {"uv": [10.5, 0, 11.25, 1], "texture": "#2"},
				"up": {"uv": [11.25, 1.75, 10.5, 1], "texture": "#2"},
				"down": {"uv": [11.25, 2, 10.5, 2.75], "texture": "#2"}
			}
		},
		{
			"from": [8.25, 3, 8.5],
			"to": [9.25, 5, 9.5],
			"rotation": {"angle": 0, "axis": "y", "origin": [-4, 9.5, -4]},
			"faces": {
				"north": {"uv": [1.5, 8.5, 2, 9.5], "texture": "#2"},
				"east": {"uv": [5.5, 9.5, 6, 10.5], "texture": "#2"},
				"south": {"uv": [4, 10.5, 4.5, 11.5], "texture": "#2"},
				"west": {"uv": [4.5, 10.5, 5, 11.5], "texture": "#2"},
				"up": {"uv": [11, 4, 10.5, 3.5], "texture": "#2"},
				"down": {"uv": [7.5, 10.5, 7, 11], "texture": "#2"}
			}
		},
		{
			"from": [6.5, 1.5, 6],
			"to": [7.5, 3.5, 7],
			"rotation": {"angle": -22.5, "axis": "x", "origin": [7, 3.5, 6.5]},
			"faces": {
				"north": {"uv": [6.5, 10.5, 6, 11.5], "texture": "#2"},
				"east": {"uv": [6, 10.5, 5.5, 11.5], "texture": "#2"},
				"south": {"uv": [5.5, 10.5, 5, 11.5], "texture": "#2"},
				"west": {"uv": [7, 10.5, 6.5, 11.5], "texture": "#2"},
				"up": {"uv": [11, 7, 10.5, 7.5], "texture": "#2"},
				"down": {"uv": [8, 11, 7.5, 10.5], "texture": "#2"}
			}
		},
		{
			"from": [6.75, 3.5, 6.25],
			"to": [7.25, 5.5, 6.75],
			"rotation": {"angle": -22.5, "axis": "x", "origin": [7, 3.5, 6.5]},
			"faces": {
				"north": {"uv": [8.75, 10.5, 8.5, 11.5], "texture": "#2"},
				"east": {"uv": [8.25, 10.5, 8, 11.5], "texture": "#2"},
				"south": {"uv": [10.75, 7.5, 10.5, 8.5], "texture": "#2"},
				"west": {"uv": [10.75, 8.5, 10.5, 9.5], "texture": "#2"},
				"up": {"uv": [9.25, 10.5, 9, 10.75], "texture": "#2"},
				"down": {"uv": [10.75, 9.75, 10.5, 9.5], "texture": "#2"}
			}
		},
		{
			"from": [4.25, 0.5, 7.5],
			"to": [5.25, 2.5, 8.5],
			"rotation": {"angle": 22.5, "axis": "z", "origin": [10.75, 12.5, 8]},
			"faces": {
				"north": {"uv": [5, 11.5, 5.5, 10.5], "texture": "#2"},
				"east": {"uv": [5.5, 11.5, 6, 10.5], "texture": "#2"},
				"south": {"uv": [6, 11.5, 6.5, 10.5], "texture": "#2"},
				"west": {"uv": [6.5, 11.5, 7, 10.5], "texture": "#2"},
				"up": {"uv": [8, 11, 7.5, 10.5], "texture": "#2"},
				"down": {"uv": [11, 7, 10.5, 7.5], "texture": "#2"}
			}
		},
		{
			"from": [4.5, -1.5, 7.75],
			"to": [5, 0.5, 8.25],
			"rotation": {"angle": 22.5, "axis": "z", "origin": [10.75, 12.5, 8]},
			"faces": {
				"north": {"uv": [10.5, 8.5, 10.75, 7.5], "texture": "#2"},
				"east": {"uv": [8, 11.5, 8.25, 10.5], "texture": "#2"},
				"south": {"uv": [8.5, 11.5, 8.75, 10.5], "texture": "#2"},
				"west": {"uv": [10.5, 9.5, 10.75, 8.5], "texture": "#2"},
				"up": {"uv": [10.75, 9.75, 10.5, 9.5], "texture": "#2"},
				"down": {"uv": [9.25, 10.5, 9, 10.75], "texture": "#2"}
			}
		},
		{
			"from": [10.75, 0.5, 7.5],
			"to": [11.75, 2.5, 8.5],
			"rotation": {"angle": -22.5, "axis": "z", "origin": [5.25, 12.5, 8]},
			"faces": {
				"north": {"uv": [5.5, 11.5, 5, 10.5], "texture": "#2"},
				"east": {"uv": [7, 11.5, 6.5, 10.5], "texture": "#2"},
				"south": {"uv": [6.5, 11.5, 6, 10.5], "texture": "#2"},
				"west": {"uv": [6, 11.5, 5.5, 10.5], "texture": "#2"},
				"up": {"uv": [7.5, 11, 8, 10.5], "texture": "#2"},
				"down": {"uv": [10.5, 7, 11, 7.5], "texture": "#2"}
			}
		},
		{
			"from": [11, -1.5, 7.75],
			"to": [11.5, 0.5, 8.25],
			"rotation": {"angle": -22.5, "axis": "z", "origin": [5.25, 12.5, 8]},
			"faces": {
				"north": {"uv": [10.75, 8.5, 10.5, 7.5], "texture": "#2"},
				"east": {"uv": [10.75, 9.5, 10.5, 8.5], "texture": "#2"},
				"south": {"uv": [8.75, 11.5, 8.5, 10.5], "texture": "#2"},
				"west": {"uv": [8.25, 11.5, 8, 10.5], "texture": "#2"},
				"up": {"uv": [10.5, 9.75, 10.75, 9.5], "texture": "#2"},
				"down": {"uv": [9, 10.5, 9.25, 10.75], "texture": "#2"}
			}
		}
	],
	"display": {
		"thirdperson_righthand": {
			"rotation": [0, 90, 0],
			"translation": [0, 7, 1.75],
			"scale": [0.7, 0.7, 0.7]
		},
		"thirdperson_lefthand": {
			"rotation": [0, -90, 0],
			"translation": [0, 7, 1.75],
			"scale": [0.7, 0.7, 0.7]
		},
		"firstperson_righthand": {
			"rotation": [0, 90, 20],
			"translation": [1.25, 2.75, 0.5],
			"scale": [0.45, 0.45, 0.45]
		},
		"firstperson_lefthand": {
			"rotation": [0, -90, -20],
			"translation": [1.25, 2.75, 0.5],
			"scale": [0.45, 0.45, 0.45]
		},
		"ground": {
			"translation": [0, 8.5, 0],
			"scale": [0.5, 0.5, 0.5]
		},
		"gui": {
			"rotation": [0, 0, -45],
			"translation": [0.75, 1, 0],
			"scale": [0.5, 0.5, 0.5]
		},
		"head": {
			"translation": [0, 26.75, 0]
		},
		"fixed": {
			"rotation": [0, 0, -45],
			"translation": [0.75, 0.75, -1.5],
			"scale": [0.6, 0.6, 0.6]
		}
	},
	"groups": [
		0,
		1,
		2,
		3,
		4,
		5,
		{
			"name": "group",
			"origin": [8, 4, 8],
			"color": 0,
			"children": [6, 7, 8, 9, 10, 11, 12]
		},
		{
			"name": "group",
			"origin": [-4, 9.5, -4],
			"color": 0,
			"children": [13, 14]
		},
		{
			"name": "group",
			"origin": [-4, 9.5, -4],
			"color": 0,
			"children": [15, 16]
		},
		{
			"name": "group",
			"origin": [-4, 9.5, -4],
			"color": 0,
			"children": [17, 18]
		},
		{
			"name": "group",
			"origin": [-4, 9.5, -4],
			"color": 0,
			"children": [19, 20]
		},
		{
			"name": "group",
			"origin": [-4, 9.5, -4],
			"color": 0,
			"children": [21, 22]
		},
		{
			"name": "group",
			"origin": [-4, 9.5, -4],
			"color": 0,
			"children": [23, 24]
		},
		{
			"name": "group",
			"origin": [-4, 9.5, -4],
			"color": 0,
			"children": [25, 26]
		},
		{
			"name": "group",
			"origin": [-4, 9.5, -4],
			"color": 0,
			"children": [27, 28]
		}
	]
}