{
	"credit": "Made with Blockbench",
	"textures": {
		"0": "item/multiple/xmas_golden_tree/golden_tree",
		"1": "item/multiple/xmas_golden_tree/golden_tree_animation_1texture",
		"particle": "item/multiple/xmas_golden_tree/golden_tree"
	},
	"elements": [
		{
			"from": [7, -6, 7],
			"to": [9, -2, 9],
			"faces": {
				"north": {"uv": [5.25, 2, 5.75, 3], "texture": "#0"},
				"east": {"uv": [5.25, 3, 5.75, 4], "texture": "#0"},
				"south": {"uv": [0, 5.5, 0.5, 6.5], "texture": "#0"},
				"west": {"uv": [5.5, 0.75, 6, 1.75], "texture": "#0"},
				"up": {"uv": [3, 3.75, 2.5, 3.25], "texture": "#0"},
				"down": {"uv": [7.25, 6.75, 6.75, 7.25], "texture": "#0"}
			}
		},
		{
			"from": [6.5, -2, 6.5],
			"to": [9.5, 0, 9.5],
			"faces": {
				"north": {"uv": [5.75, 6, 6.5, 6.5], "texture": "#0"},
				"east": {"uv": [6.25, 4, 7, 4.5], "texture": "#0"},
				"south": {"uv": [6.25, 5.5, 7, 6], "texture": "#0"},
				"west": {"uv": [0, 6.5, 0.75, 7], "texture": "#0"},
				"up": {"uv": [5.5, 5.5, 4.75, 4.75], "texture": "#0"},
				"down": {"uv": [2.25, 5, 1.5, 5.75], "texture": "#0"}
			}
		},
		{
			"from": [6.5, -8, 6.5],
			"to": [9.5, -6, 9.5],
			"faces": {
				"north": {"uv": [0.75, 6.5, 1.5, 7], "texture": "#0"},
				"east": {"uv": [3.5, 6.5, 4.25, 7], "texture": "#0"},
				"south": {"uv": [4.25, 6.5, 5, 7], "texture": "#0"},
				"west": {"uv": [6.5, 4.5, 7.25, 5], "texture": "#0"},
				"up": {"uv": [6, 0.75, 5.25, 0], "texture": "#0"},
				"down": {"uv": [1.5, 5.25, 0.75, 6], "texture": "#0"}
			}
		},
		{
			"from": [6, 0, 6],
			"to": [10, 2, 10],
			"faces": {
				"north": {"uv": [5.25, 4, 6.25, 4.5], "texture": "#0"},
				"east": {"uv": [2.25, 5.5, 3.25, 6], "texture": "#0"},
				"south": {"uv": [3.25, 5.5, 4.25, 6], "texture": "#0"},
				"west": {"uv": [4.25, 5.5, 5.25, 6], "texture": "#0"},
				"up": {"uv": [1, 4.5, 0, 3.5], "texture": "#0"},
				"down": {"uv": [4.5, 0, 3.5, 1], "texture": "#0"}
			}
		},
		{
			"from": [6, -10, 6],
			"to": [10, -8, 10],
			"faces": {
				"north": {"uv": [5.25, 5.5, 6.25, 6], "texture": "#0"},
				"east": {"uv": [5.75, 1.75, 6.75, 2.25], "texture": "#0"},
				"south": {"uv": [5.75, 2.25, 6.75, 2.75], "texture": "#0"},
				"west": {"uv": [5.75, 2.75, 6.75, 3.25], "texture": "#0"},
				"up": {"uv": [3.5, 4.75, 2.5, 3.75], "texture": "#0"},
				"down": {"uv": [4.5, 3.75, 3.5, 4.75], "texture": "#0"}
			}
		},
		{
			"from": [6.5, -12, 6.5],
			"to": [9.5, -10, 9.5],
			"faces": {
				"north": {"uv": [6, 1.25, 6.75, 1.75], "texture": "#0"},
				"east": {"uv": [3.5, 6, 4.25, 6.5], "texture": "#0"},
				"south": {"uv": [4.25, 6, 5, 6.5], "texture": "#0"},
				"west": {"uv": [5, 6, 5.75, 6.5], "texture": "#0"},
				"up": {"uv": [4, 5.5, 3.25, 4.75], "texture": "#0"},
				"down": {"uv": [4.75, 4.75, 4, 5.5], "texture": "#0"}
			}
		},
		{
			"from": [4, 14, 8.6],
			"to": [12, 24, 8.6],
			"rotation": {"angle": 0, "axis": "y", "origin": [16, 0, 0]},
			"faces": {
				"north": {"uv": [8, 0, 0, 10], "texture": "#1"},
				"east": {"uv": [0, 0, 0, 10], "texture": "#1"},
				"south": {"uv": [0, 0, 8, 10], "texture": "#1"},
				"west": {"uv": [0, 0, 0, 10], "texture": "#1"},
				"up": {"uv": [0, 8, 0, 0], "rotation": 270, "texture": "#1"},
				"down": {"uv": [0, 8, 0, 0], "rotation": 90, "texture": "#1"}
			}
		},
		{
			"from": [4, 14, 7.4],
			"to": [12, 24, 7.4],
			"rotation": {"angle": 0, "axis": "y", "origin": [16, 0, 16]},
			"faces": {
				"north": {"uv": [8, 0, 0, 10], "texture": "#1"},
				"east": {"uv": [0, 0, 0, 10], "texture": "#1"},
				"south": {"uv": [0, 0, 8, 10], "texture": "#1"},
				"west": {"uv": [0, 0, 0, 10], "texture": "#1"},
				"up": {"uv": [0, 8, 0, 0], "rotation": 270, "texture": "#1"},
				"down": {"uv": [0, 8, 0, 0], "rotation": 90, "texture": "#1"}
			}
		},
		{
			"from": [-2, -8, 8],
			"to": [6, 2, 8],
			"rotation": {"angle": 0, "axis": "y", "origin": [16, 0, 0]},
			"faces": {
				"north": {"uv": [8, 0, 0, 10], "texture": "#1"},
				"east": {"uv": [0, 0, 0, 10], "texture": "#1"},
				"south": {"uv": [0, 0, 8, 10], "texture": "#1"},
				"west": {"uv": [0, 0, 0, 10], "texture": "#1"},
				"up": {"uv": [0, 8, 0, 0], "rotation": 270, "texture": "#1"},
				"down": {"uv": [0, 8, 0, 0], "rotation": 90, "texture": "#1"}
			}
		},
		{
			"from": [10, -8, 8],
			"to": [18, 2, 8],
			"faces": {
				"north": {"uv": [0, 0, 8, 10], "texture": "#1"},
				"east": {"uv": [0, 0, 0, 10], "texture": "#1"},
				"south": {"uv": [8, 0, 0, 10], "texture": "#1"},
				"west": {"uv": [0, 0, 0, 10], "texture": "#1"},
				"up": {"uv": [0, 0, 0, 8], "rotation": 270, "texture": "#1"},
				"down": {"uv": [0, 0, 0, 8], "rotation": 90, "texture": "#1"}
			}
		},
		{
			"from": [4, 2, 6],
			"to": [12, 4, 10],
			"faces": {
				"north": {"uv": [3.5, 1, 5.5, 1.5], "texture": "#0"},
				"east": {"uv": [5.5, 4.5, 6.5, 5], "texture": "#0"},
				"south": {"uv": [3.5, 1.5, 5.5, 2], "texture": "#0"},
				"west": {"uv": [5.5, 5, 6.5, 5.5], "texture": "#0"},
				"up": {"uv": [3.5, 1, 1.5, 0.125], "texture": "#0"},
				"down": {"uv": [3.5, 1, 1.5, 2], "texture": "#0"}
			}
		},
		{
			"from": [5, 4, 7.5],
			"to": [11, 9, 8.5],
			"faces": {
				"north": {"uv": [1.5, 2, 3, 3.25], "texture": "#0"},
				"east": {"uv": [6.25, 6.5, 6.5, 7.75], "texture": "#0"},
				"south": {"uv": [0, 2.25, 1.5, 3.5], "texture": "#0"},
				"west": {"uv": [6.75, 1.25, 7, 2.5], "texture": "#0"},
				"up": {"uv": [7.25, 4, 5.75, 3.75], "texture": "#0"},
				"down": {"uv": [7.5, 1, 6, 1.25], "texture": "#0"}
			}
		},
		{
			"from": [6, 9, 7.5],
			"to": [10, 16, 8.5],
			"faces": {
				"north": {"uv": [3, 2, 4, 3.75], "texture": "#0"},
				"east": {"uv": [2.5, 6, 2.75, 7.75], "texture": "#0"},
				"south": {"uv": [1.5, 3.25, 2.5, 5], "texture": "#0"},
				"west": {"uv": [2.75, 6, 3, 7.75], "texture": "#0"},
				"up": {"uv": [8, 0.5, 7, 0.25], "texture": "#0"},
				"down": {"uv": [8, 0.5, 7, 0.75], "texture": "#0"}
			}
		},
		{
			"from": [10, 9, 8],
			"to": [13, 16, 8],
			"faces": {
				"north": {"uv": [7.25, 6.25, 8, 8], "texture": "#0"},
				"east": {"uv": [5, 12, 5.5, 15.5], "texture": "#0"},
				"south": {"uv": [8, 6.25, 7.25, 8], "texture": "#0"},
				"west": {"uv": [5.5, 12, 6, 15.5], "texture": "#0"},
				"up": {"uv": [16, 1, 14, 0.5], "texture": "#0"},
				"down": {"uv": [16, 1, 14, 1.5], "texture": "#0"}
			}
		},
		{
			"from": [11, 4, 8],
			"to": [14, 11, 8],
			"faces": {
				"north": {"uv": [7.25, 6.25, 8, 8], "texture": "#0"},
				"east": {"uv": [5, 12, 5.5, 15.5], "texture": "#0"},
				"south": {"uv": [8, 6.25, 7.25, 8], "texture": "#0"},
				"west": {"uv": [5.5, 12, 6, 15.5], "texture": "#0"},
				"up": {"uv": [16, 1, 14, 0.5], "texture": "#0"},
				"down": {"uv": [16, 1, 14, 1.5], "texture": "#0"}
			}
		},
		{
			"from": [9, 16, 8],
			"to": [12, 22, 8],
			"faces": {
				"north": {"uv": [7.25, 6.25, 8, 7.75], "texture": "#0"},
				"east": {"uv": [2.5, 6, 2.75, 7.75], "texture": "#0"},
				"south": {"uv": [8, 6.25, 7.25, 7.75], "texture": "#0"},
				"west": {"uv": [2.75, 6, 3, 7.75], "texture": "#0"},
				"up": {"uv": [8, 0.5, 7, 0.25], "texture": "#0"},
				"down": {"uv": [8, 0.5, 7, 0.75], "texture": "#0"}
			}
		},
		{
			"from": [4, 16, 8],
			"to": [7, 22, 8],
			"rotation": {"angle": 0, "axis": "y", "origin": [16, 0, 0]},
			"faces": {
				"north": {"uv": [8, 6.25, 7.25, 7.75], "texture": "#0"},
				"east": {"uv": [3, 6, 2.75, 7.75], "texture": "#0"},
				"south": {"uv": [7.25, 6.25, 8, 7.75], "texture": "#0"},
				"west": {"uv": [2.75, 6, 2.5, 7.75], "texture": "#0"},
				"up": {"uv": [7, 0.5, 8, 0.25], "texture": "#0"},
				"down": {"uv": [7, 0.5, 8, 0.75], "texture": "#0"}
			}
		},
		{
			"from": [3, 9, 8],
			"to": [6, 16, 8],
			"rotation": {"angle": 0, "axis": "y", "origin": [16, 0, 0]},
			"faces": {
				"north": {"uv": [8, 6.25, 7.25, 8], "texture": "#0"},
				"east": {"uv": [6, 12, 5.5, 15.5], "texture": "#0"},
				"south": {"uv": [7.25, 6.25, 8, 8], "texture": "#0"},
				"west": {"uv": [5.5, 12, 5, 15.5], "texture": "#0"},
				"up": {"uv": [14, 1, 16, 0.5], "texture": "#0"},
				"down": {"uv": [14, 1, 16, 1.5], "texture": "#0"}
			}
		},
		{
			"from": [2, 4, 8],
			"to": [5, 11, 8],
			"rotation": {"angle": 0, "axis": "y", "origin": [16, 0, 0]},
			"faces": {
				"north": {"uv": [8, 6.25, 7.25, 8], "texture": "#0"},
				"east": {"uv": [6, 12, 5.5, 15.5], "texture": "#0"},
				"south": {"uv": [7.25, 6.25, 8, 8], "texture": "#0"},
				"west": {"uv": [5.5, 12, 5, 15.5], "texture": "#0"},
				"up": {"uv": [14, 1, 16, 0.5], "texture": "#0"},
				"down": {"uv": [14, 1, 16, 1.5], "texture": "#0"}
			}
		},
		{
			"from": [7, 16, 7.5],
			"to": [9, 23, 8.5],
			"faces": {
				"north": {"uv": [1, 3.5, 1.5, 5.25], "texture": "#0"},
				"east": {"uv": [3, 6, 3.25, 7.75], "texture": "#0"},
				"south": {"uv": [4, 2, 4.5, 3.75], "texture": "#0"},
				"west": {"uv": [3.25, 6, 3.5, 7.75], "texture": "#0"},
				"up": {"uv": [7.5, 1, 7, 0.75], "texture": "#0"},
				"down": {"uv": [4.25, 7, 3.75, 7.25], "texture": "#0"}
			}
		},
		{
			"from": [5, 23, 8],
			"to": [11, 32, 8],
			"rotation": {"angle": 0, "axis": "y", "origin": [0, -2, 0]},
			"faces": {
				"north": {"uv": [0, 0, 1.5, 2.25], "texture": "#0"},
				"east": {"uv": [0, 0, 0, 4.5], "texture": "#0"},
				"south": {"uv": [1.5, 0, 0, 2.25], "texture": "#0"},
				"west": {"uv": [0, 0, 0, 4.5], "texture": "#0"},
				"up": {"uv": [3, 0, 0, 0], "texture": "#0"},
				"down": {"uv": [3, 0, 0, 0], "texture": "#0"}
			}
		},
		{
			"from": [7.5, 23, 7.5],
			"to": [8.5, 28, 8.5],
			"rotation": {"angle": -45, "axis": "y", "origin": [8, 27.5, 8]},
			"faces": {
				"north": {"uv": [1.5, 6.75, 1.75, 8], "texture": "#0"},
				"east": {"uv": [1.75, 6.75, 2, 8], "texture": "#0"},
				"south": {"uv": [6.75, 2.5, 7, 3.75], "texture": "#0"},
				"west": {"uv": [6.5, 6.75, 6.75, 8], "texture": "#0"},
				"up": {"uv": [5.5, 1, 5.25, 0.75], "texture": "#0"},
				"down": {"uv": [5.5, 4.5, 5.25, 4.75], "texture": "#0"}
			}
		},
		{
			"from": [6.5, 4, 6.5],
			"to": [9.5, 8, 9.5],
			"rotation": {"angle": -45, "axis": "y", "origin": [8, 6, 8]},
			"faces": {
				"north": {"uv": [0, 4.5, 0.75, 5.5], "texture": "#0"},
				"east": {"uv": [4.5, 0, 5.25, 1], "texture": "#0"},
				"south": {"uv": [4.5, 2, 5.25, 3], "texture": "#0"},
				"west": {"uv": [4.5, 3, 5.25, 4], "texture": "#0"},
				"up": {"uv": [5.25, 4.75, 4.5, 4], "texture": "#0"},
				"down": {"uv": [3.25, 4.75, 2.5, 5.5], "texture": "#0"}
			}
		},
		{
			"from": [6.9, 5.69552, 3.36927],
			"to": [9.1, 7.69552, 6.56927],
			"rotation": {"angle": -22.5, "axis": "x", "origin": [8, 2, 6]},
			"faces": {
				"north": {"uv": [7, 1.75, 7.5, 2.25], "texture": "#0"},
				"east": {"uv": [5, 6.5, 5.75, 7], "texture": "#0"},
				"south": {"uv": [2, 7, 2.5, 7.5], "texture": "#0"},
				"west": {"uv": [6.5, 5, 7.25, 5.5], "texture": "#0"},
				"up": {"uv": [6.25, 7.25, 5.75, 6.5], "texture": "#0"},
				"down": {"uv": [7, 6, 6.5, 6.75], "texture": "#0"}
			}
		},
		{
			"from": [7, 2, 2],
			"to": [9, 4, 6],
			"rotation": {"angle": 45, "axis": "x", "origin": [8, 2, 6]},
			"faces": {
				"north": {"uv": [1, 7, 1.5, 7.5], "texture": "#0"},
				"east": {"uv": [0.5, 6, 1.5, 6.5], "texture": "#0"},
				"south": {"uv": [7, 1.25, 7.5, 1.75], "texture": "#0"},
				"west": {"uv": [6, 0.5, 7, 1], "texture": "#0"},
				"up": {"uv": [2, 6.75, 1.5, 5.75], "texture": "#0"},
				"down": {"uv": [2.5, 6, 2, 7], "texture": "#0"}
			}
		},
		{
			"from": [12, 2, 7.5],
			"to": [16, 4, 8.5],
			"rotation": {"angle": 22.5, "axis": "z", "origin": [12, 2, 8]},
			"faces": {
				"north": {"uv": [5.75, 3.25, 6.75, 3.75], "texture": "#0"},
				"east": {"uv": [2.25, 5, 2.5, 5.5], "texture": "#0"},
				"south": {"uv": [6, 0, 7, 0.5], "texture": "#0"},
				"west": {"uv": [0.5, 5.5, 0.75, 6], "texture": "#0"},
				"up": {"uv": [1, 7.25, 0, 7], "texture": "#0"},
				"down": {"uv": [8, 0, 7, 0.25], "texture": "#0"}
			}
		},
		{
			"from": [10, -1, 8],
			"to": [16, 3, 8],
			"rotation": {"angle": 22.5, "axis": "z", "origin": [12, 2, 8]},
			"faces": {
				"north": {"uv": [4.25, 7, 5.75, 8], "texture": "#0"},
				"east": {"uv": [4.5, 10, 5, 11], "texture": "#0"},
				"south": {"uv": [5.75, 7, 4.25, 8], "texture": "#0"},
				"west": {"uv": [1, 11, 1.5, 12], "texture": "#0"},
				"up": {"uv": [2, 14.5, 0, 14], "texture": "#0"},
				"down": {"uv": [16, 0, 14, 0.5], "texture": "#0"}
			}
		},
		{
			"from": [16, 1, 7.5],
			"to": [17, 4, 8.5],
			"rotation": {"angle": 22.5, "axis": "z", "origin": [12, 2, 8]},
			"faces": {
				"north": {"uv": [0.75, 4.5, 1, 5.25], "texture": "#0"},
				"east": {"uv": [7, 2.25, 7.25, 3], "texture": "#0"},
				"south": {"uv": [7, 3, 7.25, 3.75], "texture": "#0"},
				"west": {"uv": [3.5, 7, 3.75, 7.75], "texture": "#0"},
				"up": {"uv": [5.75, 2, 5.5, 1.75], "texture": "#0"},
				"down": {"uv": [2.25, 5.75, 2, 6], "texture": "#0"}
			}
		},
		{
			"from": [9, -1, 6],
			"to": [12, 2, 6],
			"rotation": {"angle": 22.5, "axis": "x", "origin": [10.5, 2, 6]},
			"faces": {
				"north": {"uv": [8, 6.25, 7.25, 5.5], "rotation": 180, "texture": "#0"},
				"east": {"uv": [11, 9, 12.5, 9], "rotation": 90, "texture": "#0"},
				"south": {"uv": [8, 5.5, 7.25, 6.25], "texture": "#0"},
				"west": {"uv": [11, 10, 12.5, 10], "rotation": 270, "texture": "#0"},
				"up": {"uv": [7, 3, 11, 3], "texture": "#0"},
				"down": {"uv": [7, 2, 11, 2], "rotation": 180, "texture": "#0"}
			}
		},
		{
			"from": [9, -1, 10],
			"to": [12, 2, 10],
			"rotation": {"angle": -22.5, "axis": "x", "origin": [10.5, 2, 10]},
			"faces": {
				"north": {"uv": [7.25, 5.5, 8, 6.25], "texture": "#0"},
				"east": {"uv": [11, 9, 12.5, 9], "rotation": 90, "texture": "#0"},
				"south": {"uv": [7.25, 6.25, 8, 5.5], "rotation": 180, "texture": "#0"},
				"west": {"uv": [11, 10, 12.5, 10], "rotation": 270, "texture": "#0"},
				"up": {"uv": [7, 3, 11, 3], "texture": "#0"},
				"down": {"uv": [7, 2, 11, 2], "rotation": 180, "texture": "#0"}
			}
		},
		{
			"from": [6.9, 5.69552, 9.43073],
			"to": [9.1, 7.69552, 12.63073],
			"rotation": {"angle": 22.5, "axis": "x", "origin": [8, 2, 10]},
			"faces": {
				"north": {"uv": [2.5, 7, 2, 7.5], "texture": "#0"},
				"east": {"uv": [5.75, 6.5, 5, 7], "texture": "#0"},
				"south": {"uv": [7.5, 1.75, 7, 2.25], "texture": "#0"},
				"west": {"uv": [7.25, 5, 6.5, 5.5], "texture": "#0"},
				"up": {"uv": [6.25, 6.5, 5.75, 7.25], "texture": "#0"},
				"down": {"uv": [7, 6.75, 6.5, 6], "texture": "#0"}
			}
		},
		{
			"from": [7, 2, 10],
			"to": [9, 4, 14],
			"rotation": {"angle": -45, "axis": "x", "origin": [8, 2, 10]},
			"faces": {
				"north": {"uv": [7.5, 1.25, 7, 1.75], "texture": "#0"},
				"east": {"uv": [1.5, 6, 0.5, 6.5], "texture": "#0"},
				"south": {"uv": [1.5, 7, 1, 7.5], "texture": "#0"},
				"west": {"uv": [7, 0.5, 6, 1], "texture": "#0"},
				"up": {"uv": [2, 5.75, 1.5, 6.75], "texture": "#0"},
				"down": {"uv": [2.5, 7, 2, 6], "texture": "#0"}
			}
		},
		{
			"from": [0, 2, 7.5],
			"to": [4, 4, 8.5],
			"rotation": {"angle": -22.5, "axis": "z", "origin": [4, 2, 8]},
			"faces": {
				"north": {"uv": [6.75, 3.25, 5.75, 3.75], "texture": "#0"},
				"east": {"uv": [0.75, 5.5, 0.5, 6], "texture": "#0"},
				"south": {"uv": [7, 0, 6, 0.5], "texture": "#0"},
				"west": {"uv": [2.5, 5, 2.25, 5.5], "texture": "#0"},
				"up": {"uv": [0, 7.25, 1, 7], "texture": "#0"},
				"down": {"uv": [7, 0, 8, 0.25], "texture": "#0"}
			}
		},
		{
			"from": [0, -1, 8],
			"to": [6, 3, 8],
			"rotation": {"angle": -22.5, "axis": "z", "origin": [4, 2, 8]},
			"faces": {
				"north": {"uv": [5.75, 7, 4.25, 8], "texture": "#0"},
				"east": {"uv": [1.5, 11, 1, 12], "texture": "#0"},
				"south": {"uv": [4.25, 7, 5.75, 8], "texture": "#0"},
				"west": {"uv": [5, 10, 4.5, 11], "texture": "#0"},
				"up": {"uv": [0, 14.5, 2, 14], "texture": "#0"},
				"down": {"uv": [14, 0, 16, 0.5], "texture": "#0"}
			}
		},
		{
			"from": [-1, 1, 7.5],
			"to": [0, 4, 8.5],
			"rotation": {"angle": -22.5, "axis": "z", "origin": [4, 2, 8]},
			"faces": {
				"north": {"uv": [1, 4.5, 0.75, 5.25], "texture": "#0"},
				"east": {"uv": [3.75, 7, 3.5, 7.75], "texture": "#0"},
				"south": {"uv": [7.25, 3, 7, 3.75], "texture": "#0"},
				"west": {"uv": [7.25, 2.25, 7, 3], "texture": "#0"},
				"up": {"uv": [5.5, 2, 5.75, 1.75], "texture": "#0"},
				"down": {"uv": [2, 5.75, 2.25, 6], "texture": "#0"}
			}
		},
		{
			"from": [4, -1, 6],
			"to": [7, 2, 6],
			"rotation": {"angle": 22.5, "axis": "x", "origin": [5.5, 2, 6]},
			"faces": {
				"north": {"uv": [7.25, 6.25, 8, 5.5], "rotation": 180, "texture": "#0"},
				"east": {"uv": [11, 10, 12.5, 10], "rotation": 270, "texture": "#0"},
				"south": {"uv": [7.25, 5.5, 8, 6.25], "texture": "#0"},
				"west": {"uv": [11, 9, 12.5, 9], "rotation": 90, "texture": "#0"},
				"up": {"uv": [11, 3, 7, 3], "texture": "#0"},
				"down": {"uv": [11, 2, 7, 2], "rotation": 180, "texture": "#0"}
			}
		},
		{
			"from": [4, -1, 10],
			"to": [7, 2, 10],
			"rotation": {"angle": -22.5, "axis": "x", "origin": [5.5, 2, 10]},
			"faces": {
				"north": {"uv": [8, 5.5, 7.25, 6.25], "texture": "#0"},
				"east": {"uv": [11, 10, 12.5, 10], "rotation": 270, "texture": "#0"},
				"south": {"uv": [8, 6.25, 7.25, 5.5], "rotation": 180, "texture": "#0"},
				"west": {"uv": [11, 9, 12.5, 9], "rotation": 90, "texture": "#0"},
				"up": {"uv": [11, 3, 7, 3], "texture": "#0"},
				"down": {"uv": [11, 2, 7, 2], "rotation": 180, "texture": "#0"}
			}
		}
	],
	"display": {
		"thirdperson_righthand": {
			"rotation": [0, 90, 0],
			"translation": [0, 5, 1.75],
			"scale": [0.65, 0.65, 0.65]
		},
		"thirdperson_lefthand": {
			"rotation": [0, -90, 0],
			"translation": [0, 5, 1.75],
			"scale": [0.65, 0.65, 0.65]
		},
		"firstperson_righthand": {
			"rotation": [0, 90, 20],
			"translation": [1.25, 1, 0],
			"scale": [0.4, 0.4, 0.4]
		},
		"firstperson_lefthand": {
			"rotation": [0, -90, -20],
			"translation": [1.25, 1, 0],
			"scale": [0.4, 0.4, 0.4]
		},
		"ground": {
			"translation": [0, 6, 0],
			"scale": [0.5, 0.5, 0.5]
		},
		"gui": {
			"rotation": [0, 0, -45],
			"translation": [-0.5, -0.75, 0],
			"scale": [0.475, 0.475, 0.475]
		},
		"head": {
			"rotation": [-180, -90, 0],
			"translation": [0, 14.5, 1.75],
			"scale": [0.6, 0.6, 0.6]
		},
		"fixed": {
			"rotation": [0, 0, -45],
			"translation": [0, 0, -1.5],
			"scale": [0.6, 0.6, 0.6]
		}
	},
	"groups": [
		0,
		1,
		2,
		3,
		4,
		5,
		6,
		7,
		8,
		9,
		10,
		11,
		12,
		13,
		14,
		15,
		16,
		17,
		18,
		19,
		20,
		21,
		22,
		{
			"name": "group",
			"origin": [8, 3, 4],
			"color": 0,
			"children": [23, 24]
		},
		{
			"name": "group",
			"origin": [12, 2, 8],
			"color": 0,
			"children": [
				{
					"name": "group",
					"origin": [12, 2, 8],
					"color": 0,
					"children": [25, 26, 27]
				},
				{
					"name": "group",
					"origin": [10.5, 2, 6],
					"color": 0,
					"children": [28, 29]
				}
			]
		},
		{
			"name": "group",
			"origin": [8, 3, 4],
			"color": 0,
			"children": [30, 31]
		},
		{
			"name": "group",
			"origin": [12, 2, 8],
			"color": 0,
			"children": [
				{
					"name": "group",
					"origin": [12, 2, 8],
					"color": 0,
					"children": [32, 33, 34]
				},
				{
					"name": "group",
					"origin": [10.5, 2, 6],
					"color": 0,
					"children": [35, 36]
				}
			]
		}
	]
}