{
	"credit": "Made with Blockbench",
	"texture_size": [32, 32],
	"textures": {
		"0": "item/swords/inferno_edge_sword/inferno_edge",
		"1": "item/swords/inferno_edge_sword/inferno_animation",
		"particle": "item/swords/inferno_edge_sword/inferno_edge"
	},
	"elements": [
		{
			"from": [7, -12.5, 7],
			"to": [9, -5, 9],
			"rotation": {"angle": 0, "axis": "y", "origin": [-4, 9.5, -4]},
			"faces": {
				"north": {"uv": [9, 5, 10, 8.75], "texture": "#0"},
				"east": {"uv": [9, 9, 10, 12.75], "texture": "#0"},
				"south": {"uv": [10, 5, 11, 8.75], "texture": "#0"},
				"west": {"uv": [10, 9, 11, 12.75], "texture": "#0"},
				"up": {"uv": [12.5, 5, 11.5, 4], "texture": "#0"},
				"down": {"uv": [1, 13, 0, 14], "texture": "#0"}
			}
		},
		{
			"from": [10, -1.5, 7],
			"to": [12, 1, 9],
			"rotation": {"angle": 0, "axis": "y", "origin": [-4, 9.5, -4]},
			"faces": {
				"north": {"uv": [9, 5, 10, 6.25], "texture": "#0"},
				"east": {"uv": [9, 9, 10, 10.25], "texture": "#0"},
				"south": {"uv": [10, 5, 11, 6.25], "texture": "#0"},
				"west": {"uv": [10, 9, 11, 10.25], "texture": "#0"},
				"up": {"uv": [12.5, 5, 11.5, 4], "texture": "#0"},
				"down": {"uv": [1, 13, 0, 14], "texture": "#0"}
			}
		},
		{
			"from": [8, -0.5, 6],
			"to": [10, 2, 8],
			"rotation": {"angle": 0, "axis": "y", "origin": [-4, 9.5, -4]},
			"faces": {
				"north": {"uv": [9, 6.25, 10, 7.5], "texture": "#0"},
				"east": {"uv": [9, 9, 10, 10.25], "texture": "#0"},
				"south": {"uv": [10, 6.25, 11, 7.5], "texture": "#0"},
				"west": {"uv": [10, 9, 11, 10.25], "texture": "#0"},
				"up": {"uv": [12.5, 5, 11.5, 4], "texture": "#0"},
				"down": {"uv": [1, 13, 0, 14], "texture": "#0"}
			}
		},
		{
			"from": [7, -1.5, 5],
			"to": [9, 1, 7],
			"rotation": {"angle": 0, "axis": "y", "origin": [-4, 9.5, -4]},
			"faces": {
				"north": {"uv": [9, 9.5, 10, 10.75], "texture": "#0"},
				"east": {"uv": [9, 11, 10, 12.25], "texture": "#0"},
				"south": {"uv": [10, 9.5, 11, 10.75], "texture": "#0"},
				"west": {"uv": [10, 11, 11, 12.25], "texture": "#0"},
				"up": {"uv": [12.5, 5, 11.5, 4], "texture": "#0"},
				"down": {"uv": [1, 13, 0, 14], "texture": "#0"}
			}
		},
		{
			"from": [7, -0.5, 8],
			"to": [9, 2, 10],
			"rotation": {"angle": 0, "axis": "y", "origin": [-4, 9.5, -4]},
			"faces": {
				"north": {"uv": [9, 6.25, 10, 7.5], "texture": "#0"},
				"east": {"uv": [9, 9, 10, 10.25], "texture": "#0"},
				"south": {"uv": [10, 6.25, 11, 7.5], "texture": "#0"},
				"west": {"uv": [10, 9, 11, 10.25], "texture": "#0"},
				"up": {"uv": [12.5, 5, 11.5, 4], "texture": "#0"},
				"down": {"uv": [1, 13, 0, 14], "texture": "#0"}
			}
		},
		{
			"from": [4.5, -1.5, 6.5],
			"to": [6.5, 1, 9.5],
			"rotation": {"angle": 0, "axis": "y", "origin": [-4, 9.5, -4]},
			"faces": {
				"north": {"uv": [9, 6.25, 10, 7.5], "texture": "#0"},
				"east": {"uv": [9, 9, 10.5, 10.25], "texture": "#0"},
				"south": {"uv": [10, 6.25, 11, 7.5], "texture": "#0"},
				"west": {"uv": [9.5, 9, 11, 10.25], "texture": "#0"},
				"up": {"uv": [11, 7.25, 10, 5.75], "texture": "#0"},
				"down": {"uv": [10.25, 8.25, 9.25, 9.75], "texture": "#0"}
			}
		},
		{
			"from": [5.125, -1, 7.125],
			"to": [8.125, 20, 8.875],
			"rotation": {"angle": 0, "axis": "y", "origin": [-5, 14.75, -4]},
			"faces": {
				"north": {"uv": [3, 0, 4.5, 10.5], "texture": "#0"},
				"east": {"uv": [6, 0, 6.875, 10.5], "texture": "#0"},
				"south": {"uv": [4.5, 0, 6, 10.5], "texture": "#0"},
				"west": {"uv": [7, 0, 7.875, 10.5], "texture": "#0"},
				"up": {"uv": [9.25, 14.875, 7.75, 14], "texture": "#0"},
				"down": {"uv": [14, 12.5, 12.5, 13.375], "texture": "#0"}
			}
		},
		{
			"from": [8.125, -1, 7.625],
			"to": [11.125, 22, 8.375],
			"rotation": {"angle": 0, "axis": "y", "origin": [-5, 14.75, -4]},
			"faces": {
				"north": {"uv": [0, 0, 1.5, 11.5], "texture": "#0"},
				"east": {"uv": [8, 0, 8.375, 11.5], "texture": "#0"},
				"south": {"uv": [1.5, 0, 3, 11.5], "texture": "#0"},
				"west": {"uv": [8.5, 0, 8.875, 11.5], "texture": "#0"},
				"up": {"uv": [11, 13.375, 9.5, 13], "texture": "#0"},
				"down": {"uv": [12.5, 13, 11, 13.375], "texture": "#0"}
			}
		},
		{
			"from": [5.5, -2.5, 5.5],
			"to": [10.5, -0.5, 10.5],
			"rotation": {"angle": 0, "axis": "y", "origin": [-4, 9.5, -4]},
			"faces": {
				"north": {"uv": [11.5, 0, 14, 1], "texture": "#0"},
				"east": {"uv": [11.5, 1, 14, 2], "texture": "#0"},
				"south": {"uv": [11.5, 2, 14, 3], "texture": "#0"},
				"west": {"uv": [11.5, 3, 14, 4], "texture": "#0"},
				"up": {"uv": [11.5, 2.5, 9, 0], "texture": "#0"},
				"down": {"uv": [11.5, 2.5, 9, 5], "texture": "#0"}
			}
		},
		{
			"from": [6.5, -16, 6.5],
			"to": [9.5, -12.5, 9.5],
			"rotation": {"angle": 0, "axis": "y", "origin": [-4, 9.5, -4]},
			"faces": {
				"north": {"uv": [11, 5, 12.5, 6.75], "texture": "#0"},
				"east": {"uv": [11, 7, 12.5, 8.75], "texture": "#0"},
				"south": {"uv": [11, 9, 12.5, 10.75], "texture": "#0"},
				"west": {"uv": [11, 11, 12.5, 12.75], "texture": "#0"},
				"up": {"uv": [4.5, 13.5, 3, 12], "texture": "#0"},
				"down": {"uv": [6, 12, 4.5, 13.5], "texture": "#0"}
			}
		},
		{
			"from": [6.75, -5, 6.75],
			"to": [9.25, -2.5, 9.25],
			"rotation": {"angle": 0, "axis": "y", "origin": [-4, 9.5, -4]},
			"faces": {
				"north": {"uv": [6, 12, 7.25, 13.25], "texture": "#0"},
				"east": {"uv": [12.5, 4, 13.75, 5.25], "texture": "#0"},
				"south": {"uv": [12.5, 5.5, 13.75, 6.75], "texture": "#0"},
				"west": {"uv": [12.5, 7, 13.75, 8.25], "texture": "#0"},
				"up": {"uv": [13.75, 9.75, 12.5, 8.5], "texture": "#0"},
				"down": {"uv": [13.75, 10, 12.5, 11.25], "texture": "#0"}
			}
		},
		{
			"from": [-3, 16, 8],
			"to": [13, 32, 8],
			"rotation": {"angle": 22.5, "axis": "z", "origin": [6, 24, 8]},
			"faces": {
				"north": {"uv": [0, 0, 16, 16], "texture": "#1"},
				"east": {"uv": [0, 0, 1, 8], "texture": "#missing"},
				"south": {"uv": [16, 0, 0, 16], "texture": "#1"},
				"west": {"uv": [0, 0, 1, 8], "texture": "#missing"},
				"up": {"uv": [0, 0, 8, 1], "texture": "#missing"},
				"down": {"uv": [0, 0, 8, 1], "texture": "#missing"}
			}
		},
		{
			"from": [2, 1, 8],
			"to": [18, 17, 8],
			"rotation": {"angle": 0, "axis": "y", "origin": [6, 24, 8]},
			"faces": {
				"north": {"uv": [16, 0, 0, 16], "texture": "#1"},
				"east": {"uv": [0, 0, 1, 8], "texture": "#missing"},
				"south": {"uv": [0, 0, 16, 16], "texture": "#1"},
				"west": {"uv": [0, 0, 1, 8], "texture": "#missing"},
				"up": {"uv": [0, 0, 8, 1], "texture": "#missing"},
				"down": {"uv": [0, 0, 8, 1], "texture": "#missing"}
			}
		}
	],
	"display": {
		"thirdperson_righthand": {
			"rotation": [0, 90, 0],
			"translation": [0, 7.5, 1.5],
			"scale": [0.65, 0.65, 0.65]
		},
		"thirdperson_lefthand": {
			"rotation": [0, -90, 0],
			"translation": [0, 7.5, 1.5],
			"scale": [0.65, 0.65, 0.65]
		},
		"firstperson_righthand": {
			"rotation": [0, 90, 20],
			"translation": [1.25, 3, 0],
			"scale": [0.4, 0.4, 0.4]
		},
		"firstperson_lefthand": {
			"rotation": [0, -90, -20],
			"translation": [1.25, 3, 0],
			"scale": [0.4, 0.4, 0.4]
		},
		"ground": {
			"translation": [0, 8, 0],
			"scale": [0.5, 0.5, 0.5]
		},
		"gui": {
			"rotation": [0, 0, -45],
			"translation": [0.75, -0.25, -0.25],
			"scale": [0.425, 0.425, 0.425]
		},
		"head": {
			"translation": [0, 26.75, 0]
		},
		"fixed": {
			"rotation": [0, 0, -45],
			"translation": [0.75, -0.25, -0.25],
			"scale": [0.5, 0.5, 0.5]
		}
	},
	"groups": [
		{
			"name": "group",
			"origin": [8, 4, 8],
			"color": 0,
			"children": []
		},
		0,
		1,
		2,
		3,
		4,
		5,
		6,
		7,
		8,
		9,
		10,
		11,
		12
	]
}