{
    "display": {
        "thirdperson_righthand": {
            "rotation": [0, 90, 0],
            "translation": [0, 4.75, 1.5]
        },
        "thirdperson_lefthand": {
            "rotation": [0, 90, 0],
            "translation": [0, 4.75, 1.5]
        },
        "firstperson_righthand": {
            "rotation": [0, 90, 20],
            "translation": [7.5, -2, -8.5]
        },
        "firstperson_lefthand": {
            "rotation": [0, 90, 20],
            "translation": [7.5, -2, -8.5]
        },
        "ground": {
            "translation": [0, 5, 0],
            "scale": [0.5, 0.5, 0.5]
        },
        "gui": {
            "rotation": [0, 0, -45],
            "translation": [-1.5, -1.75, -0.75],
            "scale": [0.75, 0.75, 0.75]
        },
        "head": {
            "rotation": [-180, 0, 0],
            "translation": [0, 14.75, 0]
        },
        "fixed": {
            "translation": [0, -2.25, -0.75],
            "scale": [0.7, 0.7, 0.7]
        }
    },
    "texture_size": [32, 32],
    "textures": {
        "0": "item/swords/king_sword",
        "particle": "item/swords/king_sword"
    },
    "elements": [{
        "from": [7, -2, 7],
        "to": [9, 0, 9],
        "faces": {
            "north": {
                "uv": [11, 2, 12, 3],
                "texture": "#0"
            },
            "east": {
                "uv": [11, 3, 12, 4],
                "texture": "#0"
            },
            "south": {
                "uv": [11, 4, 12, 5],
                "texture": "#0"
            },
            "west": {
                "uv": [11, 6, 12, 7],
                "texture": "#0"
            },
            "up": {
                "uv": [12, 8, 11, 7],
                "texture": "#0"
            },
            "down": {
                "uv": [12, 8, 11, 9],
                "texture": "#0"
            }
        }
    }, {
        "from": [6.5, 4, 6.5],
        "to": [9.5, 5, 9.5],
        "faces": {
            "north": {
                "uv": [11, 10, 12.5, 10.5],
                "texture": "#0"
            },
            "east": {
                "uv": [10.5, 11, 12, 11.5],
                "texture": "#0"
            },
            "south": {
                "uv": [11, 10.5, 12.5, 11],
                "texture": "#0"
            },
            "west": {
                "uv": [10.5, 11.5, 12, 12],
                "texture": "#0"
            },
            "up": {
                "uv": [11, 3.5, 9.5, 2],
                "texture": "#0"
            },
            "down": {
                "uv": [11, 3.5, 9.5, 5],
                "texture": "#0"
            }
        }
    }, {
        "from": [7, 5, 7],
        "to": [9, 8, 9],
        "faces": {
            "north": {
                "uv": [9.5, 5, 10.5, 6.5],
                "texture": "#0"
            },
            "east": {
                "uv": [9.5, 6.5, 10.5, 8],
                "texture": "#0"
            },
            "south": {
                "uv": [9.5, 8, 10.5, 9.5],
                "texture": "#0"
            },
            "west": {
                "uv": [9.5, 9.5, 10.5, 11],
                "texture": "#0"
            },
            "up": {
                "uv": [12, 10, 11, 9],
                "texture": "#0"
            },
            "down": {
                "uv": [10.5, 11, 9.5, 12],
                "texture": "#0"
            }
        }
    }, {
        "from": [7, 8, 7.5],
        "to": [9, 18, 8.5],
        "faces": {
            "north": {
                "uv": [8, 0, 9, 5],
                "texture": "#0"
            },
            "east": {
                "uv": [9, 2, 9.5, 7],
                "texture": "#0"
            },
            "south": {
                "uv": [8, 5, 9, 10],
                "texture": "#0"
            },
            "west": {
                "uv": [9, 7, 9.5, 12],
                "texture": "#0"
            },
            "up": {
                "uv": [13, 2.5, 12, 2],
                "texture": "#0"
            },
            "down": {
                "uv": [13, 2.5, 12, 3],
                "texture": "#0"
            }
        }
    }, {
        "from": [7.5, 18, 7.5],
        "to": [8.5, 19, 8.5],
        "faces": {
            "north": {
                "uv": [11.5, 12, 12, 12.5],
                "texture": "#0"
            },
            "east": {
                "uv": [12, 11.5, 12.5, 12],
                "texture": "#0"
            },
            "south": {
                "uv": [12, 12, 12.5, 12.5],
                "texture": "#0"
            },
            "west": {
                "uv": [12.5, 0, 13, 0.5],
                "texture": "#0"
            },
            "up": {
                "uv": [13, 1, 12.5, 0.5],
                "texture": "#0"
            },
            "down": {
                "uv": [13, 1, 12.5, 1.5],
                "texture": "#0"
            }
        }
    }, {
        "from": [5, 5, 7.5],
        "to": [11, 7, 8.5],
        "faces": {
            "north": {
                "uv": [9, 0, 12, 1],
                "texture": "#0"
            },
            "east": {
                "uv": [12, 0, 12.5, 1],
                "texture": "#0"
            },
            "south": {
                "uv": [9, 1, 12, 2],
                "texture": "#0"
            },
            "west": {
                "uv": [12, 1, 12.5, 2],
                "texture": "#0"
            },
            "up": {
                "uv": [13.5, 5.5, 10.5, 5],
                "texture": "#0"
            },
            "down": {
                "uv": [13.5, 5.5, 10.5, 6],
                "texture": "#0"
            }
        }
    }, {
        "from": [4, 4, 8],
        "to": [12, 32, 8],
        "faces": {
            "north": {
                "uv": [0, 0, 4, 14],
                "texture": "#0"
            },
            "east": {
                "uv": [0, 0, 0, 14],
                "texture": "#0"
            },
            "south": {
                "uv": [4, 0, 8, 14],
                "texture": "#0"
            },
            "west": {
                "uv": [0, 0, 0, 14],
                "texture": "#0"
            },
            "up": {
                "uv": [4, 0, 0, 0],
                "texture": "#0"
            },
            "down": {
                "uv": [4, 0, 0, 0],
                "texture": "#0"
            }
        }
    }, {
        "from": [7.5, 0, 7.5],
        "to": [8.5, 5, 8.5],
        "faces": {
            "north": {
                "uv": [8, 10, 8.5, 12.5],
                "texture": "#0"
            },
            "east": {
                "uv": [8.5, 10, 9, 12.5],
                "texture": "#0"
            },
            "south": {
                "uv": [10.5, 6, 11, 8.5],
                "texture": "#0"
            },
            "west": {
                "uv": [10.5, 8.5, 11, 11],
                "texture": "#0"
            },
            "up": {
                "uv": [12.5, 10, 12, 9.5],
                "texture": "#0"
            },
            "down": {
                "uv": [12.5, 11, 12, 11.5],
                "texture": "#0"
            }
        }
    }, {
        "from": [8.5, 9, 7.25],
        "to": [9.5, 10, 8.75],
        "rotation": {
            "angle": 45,
            "axis": "z",
            "origin": [8, 8.5, 7.5]
        },
        "faces": {
            "north": {
                "uv": [12.5, 1.5, 13, 2],
                "texture": "#0"
            },
            "east": {
                "uv": [12, 3, 12.75, 3.5],
                "texture": "#0"
            },
            "south": {
                "uv": [12.5, 4, 13, 4.5],
                "texture": "#0"
            },
            "west": {
                "uv": [12, 3.5, 12.75, 4],
                "texture": "#0"
            },
            "up": {
                "uv": [12.5, 4.75, 12, 4],
                "texture": "#0"
            },
            "down": {
                "uv": [12.5, 6, 12, 6.75],
                "texture": "#0"
            }
        }
    }, {
        "from": [10.5, 11, 7.25],
        "to": [11.5, 12, 8.75],
        "rotation": {
            "angle": 45,
            "axis": "z",
            "origin": [8, 8.5, 7.5]
        },
        "faces": {
            "north": {
                "uv": [12.5, 4.5, 13, 5],
                "texture": "#0"
            },
            "east": {
                "uv": [12, 7, 12.75, 7.5],
                "texture": "#0"
            },
            "south": {
                "uv": [12.5, 6, 13, 6.5],
                "texture": "#0"
            },
            "west": {
                "uv": [12, 7.5, 12.75, 8],
                "texture": "#0"
            },
            "up": {
                "uv": [12.5, 8.75, 12, 8],
                "texture": "#0"
            },
            "down": {
                "uv": [9.5, 12, 9, 12.75],
                "texture": "#0"
            }
        }
    }, {
        "from": [12.5, 13, 7.25],
        "to": [13.5, 14, 8.75],
        "rotation": {
            "angle": 45,
            "axis": "z",
            "origin": [8, 8.5, 7.5]
        },
        "faces": {
            "north": {
                "uv": [12.5, 6.5, 13, 7],
                "texture": "#0"
            },
            "east": {
                "uv": [12, 9, 12.75, 9.5],
                "texture": "#0"
            },
            "south": {
                "uv": [8, 12.5, 8.5, 13],
                "texture": "#0"
            },
            "west": {
                "uv": [9.5, 12, 10.25, 12.5],
                "texture": "#0"
            },
            "up": {
                "uv": [11, 12.75, 10.5, 12],
                "texture": "#0"
            },
            "down": {
                "uv": [11.5, 12, 11, 12.75],
                "texture": "#0"
            }
        }
    }]
}