{
	"credit": "Made with Blockbench",
	"texture_size": [128, 128],
	"textures": {
		"1": "item/multiple/music_joy/music_joy_texture",
		"2": "item/multiple/music_joy/music_animation",
		"3": "item/multiple/music_joy/music_animation_2",
		"particle": "item/multiple/music_joy/music_animation"
	},
	"elements": [
		{
			"from": [6, 8, 6],
			"to": [10, 23, 10],
			"rotation": {"angle": 0, "axis": "y", "origin": [7.75, 15.5, 8]},
			"faces": {
				"north": {"uv": [1, 3.5, 1.5, 5.375], "texture": "#1"},
				"east": {"uv": [3.5, 3.625, 4, 5.5], "texture": "#1"},
				"south": {"uv": [1.5, 3.5, 1, 5.375], "texture": "#1"},
				"west": {"uv": [2.5, 3.75, 2, 5.625], "texture": "#1"},
				"up": {"uv": [7.5, 8.25, 7, 7.75], "texture": "#1"},
				"down": {"uv": [8.25, 7.5, 7.75, 7], "texture": "#1"}
			}
		},
		{
			"from": [9, 8, 7],
			"to": [11, 23, 9],
			"rotation": {"angle": 45, "axis": "y", "origin": [10, 15.5, 8]},
			"faces": {
				"north": {"uv": [12.875, 2.625, 12.625, 4.5], "texture": "#1"},
				"east": {"uv": [13.625, 2.625, 13.375, 4.5], "texture": "#1"},
				"south": {"uv": [13.375, 2.625, 13.125, 4.5], "texture": "#1"},
				"west": {"uv": [13.125, 2.625, 12.875, 4.5], "texture": "#1"},
				"up": {"uv": [12.25, 2.5, 12, 2.75], "texture": "#1"},
				"down": {"uv": [12, 2.5, 11.75, 2.75], "texture": "#1"}
			}
		},
		{
			"from": [5, 8, 7],
			"to": [7, 23, 9],
			"rotation": {"angle": -45, "axis": "y", "origin": [6, 15.5, 8]},
			"faces": {
				"north": {"uv": [12.625, 2.625, 12.875, 4.5], "texture": "#1"},
				"east": {"uv": [12.875, 2.625, 13.125, 4.5], "texture": "#1"},
				"south": {"uv": [13.125, 2.625, 13.375, 4.5], "texture": "#1"},
				"west": {"uv": [13.375, 2.625, 13.625, 4.5], "texture": "#1"},
				"up": {"uv": [12, 2.5, 12.25, 2.75], "texture": "#1"},
				"down": {"uv": [11.75, 2.5, 12, 2.75], "texture": "#1"}
			}
		},
		{
			"from": [10, 8, 8],
			"to": [14, 26, 8],
			"rotation": {"angle": 0, "axis": "y", "origin": [7.75, 15.5, 8]},
			"faces": {
				"north": {"uv": [15.5, 0, 16, 2.25], "texture": "#1"},
				"east": {"uv": [3.5, 3.625, 4, 5.5], "texture": "#1"},
				"south": {"uv": [16, 0, 15.5, 2.25], "texture": "#1"},
				"west": {"uv": [2.5, 3.75, 2, 5.625], "texture": "#1"},
				"up": {"uv": [7.5, 8.25, 7, 7.75], "texture": "#1"},
				"down": {"uv": [8.25, 7.5, 7.75, 7], "texture": "#1"}
			}
		},
		{
			"from": [4, 23, 8],
			"to": [12, 32, 8],
			"rotation": {"angle": 0, "axis": "y", "origin": [7.75, 15.5, 8]},
			"faces": {
				"north": {"uv": [14.5, 0, 15.5, 1.125], "texture": "#1"},
				"east": {"uv": [3.5, 3.625, 4, 5.5], "texture": "#1"},
				"south": {"uv": [15.5, 0, 14.5, 1.125], "texture": "#1"},
				"west": {"uv": [2.5, 3.75, 2, 5.625], "texture": "#1"},
				"up": {"uv": [7.5, 8.25, 7, 7.75], "texture": "#1"},
				"down": {"uv": [8.25, 7.5, 7.75, 7], "texture": "#1"}
			}
		},
		{
			"from": [8, 23, 7],
			"to": [10, 26, 9],
			"rotation": {"angle": -45, "axis": "z", "origin": [8, 23, 8]},
			"faces": {
				"north": {"uv": [11, 1.75, 10.75, 2.125], "texture": "#1"},
				"east": {"uv": [11.25, 1.75, 11, 2.125], "texture": "#1"},
				"south": {"uv": [11.5, 1.75, 11.25, 2.125], "texture": "#1"},
				"west": {"uv": [11.75, 1.75, 11.5, 2.125], "texture": "#1"},
				"up": {"uv": [10.5, 1.5, 10.25, 1.75], "texture": "#1"},
				"down": {"uv": [10.75, 1.5, 10.5, 1.75], "texture": "#1"}
			}
		},
		{
			"from": [2, 8, 8],
			"to": [6, 26, 8],
			"rotation": {"angle": 0, "axis": "y", "origin": [8.25, 15.5, 8]},
			"faces": {
				"north": {"uv": [16, 0, 15.5, 2.25], "texture": "#1"},
				"east": {"uv": [2, 3.75, 2.5, 5.625], "texture": "#1"},
				"south": {"uv": [15.5, 0, 16, 2.25], "texture": "#1"},
				"west": {"uv": [4, 3.625, 3.5, 5.5], "texture": "#1"},
				"up": {"uv": [7, 8.25, 7.5, 7.75], "texture": "#1"},
				"down": {"uv": [7.75, 7.5, 8.25, 7], "texture": "#1"}
			}
		},
		{
			"from": [6, 23, 7],
			"to": [8, 26, 9],
			"rotation": {"angle": 45, "axis": "z", "origin": [8, 23, 8]},
			"faces": {
				"north": {"uv": [10.75, 1.75, 11, 2.125], "texture": "#1"},
				"east": {"uv": [11.5, 1.75, 11.75, 2.125], "texture": "#1"},
				"south": {"uv": [11.25, 1.75, 11.5, 2.125], "texture": "#1"},
				"west": {"uv": [11, 1.75, 11.25, 2.125], "texture": "#1"},
				"up": {"uv": [10.25, 1.5, 10.5, 1.75], "texture": "#1"},
				"down": {"uv": [10.5, 1.5, 10.75, 1.75], "texture": "#1"}
			}
		},
		{
			"from": [5.01808, -7.73029, 5],
			"to": [11.01808, -5.73029, 11],
			"rotation": {"angle": 0, "axis": "y", "origin": [1.69518, -1.96404, 2.75]},
			"faces": {
				"north": {"uv": [0.75, 8.5, 0, 8.25], "texture": "#1"},
				"east": {"uv": [0.75, 8.5, 0, 8.25], "texture": "#1"},
				"south": {"uv": [0.75, 8.5, 0, 8.25], "texture": "#1"},
				"west": {"uv": [1.5, 8.5, 0.75, 8.25], "texture": "#1"},
				"up": {"uv": [0.75, 9.25, 0, 8.5], "texture": "#1"},
				"down": {"uv": [1.5, 9.25, 0.75, 8.5], "texture": "#1"}
			}
		},
		{
			"from": [4, 7, 4],
			"to": [12, 8, 12],
			"rotation": {"angle": 0, "axis": "y", "origin": [8, 7.5, 8]},
			"faces": {
				"north": {"uv": [8.625, 2.75, 8.75, 4.5], "rotation": 90, "texture": "#1"},
				"east": {"uv": [9, 2.75, 9.125, 4.5], "rotation": 270, "texture": "#1"},
				"south": {"uv": [8.75, 2.75, 8.875, 4.5], "rotation": 270, "texture": "#1"},
				"west": {"uv": [8.875, 2.75, 9, 4.5], "rotation": 270, "texture": "#1"},
				"up": {"uv": [9.125, 2.75, 10.875, 4.5], "rotation": 270, "texture": "#1"},
				"down": {"uv": [10.875, 2.75, 12.625, 4.5], "rotation": 270, "texture": "#1"}
			}
		},
		{
			"from": [19, 6.5, 7.5],
			"to": [22, 7.5, 8.5],
			"rotation": {"angle": 22.5, "axis": "z", "origin": [11, 6, 8]},
			"faces": {
				"north": {"uv": [10.25, 6.25, 10.375, 6.625], "rotation": 270, "texture": "#1"},
				"east": {"uv": [10.125, 5.75, 10.25, 5.875], "rotation": 270, "texture": "#1"},
				"south": {"uv": [10.125, 6.25, 10.25, 6.625], "rotation": 270, "texture": "#1"},
				"west": {"uv": [10.25, 5.75, 10.375, 5.875], "rotation": 270, "texture": "#1"},
				"up": {"uv": [10.25, 5.875, 10.375, 6.25], "rotation": 270, "texture": "#1"},
				"down": {"uv": [10.125, 5.875, 10.25, 6.25], "rotation": 270, "texture": "#1"}
			}
		},
		{
			"from": [22, 5.5, 6.5],
			"to": [23, 8.5, 9.5],
			"rotation": {"angle": 22.5, "axis": "z", "origin": [11, 6, 8]},
			"faces": {
				"north": {"uv": [11.25, 6.625, 11.625, 6.75], "rotation": 270, "texture": "#1"},
				"east": {"uv": [10.375, 6.25, 10.75, 6.625], "rotation": 270, "texture": "#1"},
				"south": {"uv": [10.875, 6.625, 11.25, 6.75], "rotation": 270, "texture": "#1"},
				"west": {"uv": [10.75, 6.25, 11.125, 6.625], "rotation": 270, "texture": "#1"},
				"up": {"uv": [10.5, 6.625, 10.875, 6.75], "rotation": 270, "texture": "#1"},
				"down": {"uv": [10.125, 6.625, 10.5, 6.75], "rotation": 270, "texture": "#1"}
			}
		},
		{
			"from": [9, 1, 8],
			"to": [22, 7, 8],
			"rotation": {"angle": 22.5, "axis": "z", "origin": [11, 5, 8]},
			"faces": {
				"north": {"uv": [10.75, 0, 12.375, 0.75], "texture": "#1"},
				"east": {"uv": [6.5, 7, 6, 7.75], "texture": "#1"},
				"south": {"uv": [12.375, 0, 10.75, 0.75], "texture": "#1"},
				"west": {"uv": [1, 7, 0.5, 7.75], "texture": "#1"},
				"up": {"uv": [2.375, 7.875, 2.875, 7.375], "texture": "#1"},
				"down": {"uv": [4, 7.5, 4.5, 8], "texture": "#1"}
			}
		},
		{
			"from": [11, 6, 7],
			"to": [19, 8, 9],
			"rotation": {"angle": 22.5, "axis": "z", "origin": [11, 6, 8]},
			"faces": {
				"north": {"uv": [11.125, 5.25, 11.375, 6.25], "rotation": 270, "texture": "#1"},
				"east": {"uv": [10.125, 5.25, 10.375, 5.5], "rotation": 270, "texture": "#1"},
				"south": {"uv": [10.875, 5.25, 11.125, 6.25], "rotation": 270, "texture": "#1"},
				"west": {"uv": [10.125, 5.5, 10.375, 5.75], "rotation": 270, "texture": "#1"},
				"up": {"uv": [10.625, 5.25, 10.875, 6.25], "rotation": 270, "texture": "#1"},
				"down": {"uv": [10.375, 5.25, 10.625, 6.25], "rotation": 270, "texture": "#1"}
			}
		},
		{
			"from": [-6, 6.5, 7.5],
			"to": [-3, 7.5, 8.5],
			"rotation": {"angle": -22.5, "axis": "z", "origin": [5, 6, 8]},
			"faces": {
				"north": {"uv": [10.25, 6.625, 10.375, 6.25], "rotation": 270, "texture": "#1"},
				"east": {"uv": [10.25, 5.875, 10.375, 5.75], "rotation": 270, "texture": "#1"},
				"south": {"uv": [10.125, 6.625, 10.25, 6.25], "rotation": 270, "texture": "#1"},
				"west": {"uv": [10.125, 5.875, 10.25, 5.75], "rotation": 270, "texture": "#1"},
				"up": {"uv": [10.25, 6.25, 10.375, 5.875], "rotation": 270, "texture": "#1"},
				"down": {"uv": [10.125, 6.25, 10.25, 5.875], "rotation": 270, "texture": "#1"}
			}
		},
		{
			"from": [-7, 5.5, 6.5],
			"to": [-6, 8.5, 9.5],
			"rotation": {"angle": -22.5, "axis": "z", "origin": [5, 6, 8]},
			"faces": {
				"north": {"uv": [11.25, 6.75, 11.625, 6.625], "rotation": 270, "texture": "#1"},
				"east": {"uv": [10.75, 6.625, 11.125, 6.25], "rotation": 270, "texture": "#1"},
				"south": {"uv": [10.875, 6.75, 11.25, 6.625], "rotation": 270, "texture": "#1"},
				"west": {"uv": [10.375, 6.625, 10.75, 6.25], "rotation": 270, "texture": "#1"},
				"up": {"uv": [10.5, 6.75, 10.875, 6.625], "rotation": 270, "texture": "#1"},
				"down": {"uv": [10.125, 6.75, 10.5, 6.625], "rotation": 270, "texture": "#1"}
			}
		},
		{
			"from": [-6, 1, 8],
			"to": [7, 7, 8],
			"rotation": {"angle": -22.5, "axis": "z", "origin": [5, 5, 8]},
			"faces": {
				"north": {"uv": [12.375, 0, 10.75, 0.75], "texture": "#1"},
				"east": {"uv": [0.5, 7, 1, 7.75], "texture": "#1"},
				"south": {"uv": [10.75, 0, 12.375, 0.75], "texture": "#1"},
				"west": {"uv": [6, 7, 6.5, 7.75], "texture": "#1"},
				"up": {"uv": [2.875, 7.875, 2.375, 7.375], "texture": "#1"},
				"down": {"uv": [4.5, 7.5, 4, 8], "texture": "#1"}
			}
		},
		{
			"from": [-3, 6, 7],
			"to": [5, 8, 9],
			"rotation": {"angle": -22.5, "axis": "z", "origin": [5, 6, 8]},
			"faces": {
				"north": {"uv": [11.125, 6.25, 11.375, 5.25], "rotation": 270, "texture": "#1"},
				"east": {"uv": [10.125, 5.75, 10.375, 5.5], "rotation": 270, "texture": "#1"},
				"south": {"uv": [10.875, 6.25, 11.125, 5.25], "rotation": 270, "texture": "#1"},
				"west": {"uv": [10.125, 5.5, 10.375, 5.25], "rotation": 270, "texture": "#1"},
				"up": {"uv": [10.625, 6.25, 10.875, 5.25], "rotation": 270, "texture": "#1"},
				"down": {"uv": [10.375, 6.25, 10.625, 5.25], "rotation": 270, "texture": "#1"}
			}
		},
		{
			"from": [5, 5, 5],
			"to": [11, 7, 11],
			"rotation": {"angle": 0, "axis": "y", "origin": [8, 6, 8]},
			"faces": {
				"north": {"uv": [8.625, 0.75, 8.875, 1.75], "rotation": 90, "texture": "#1"},
				"east": {"uv": [9.375, 0.75, 9.625, 1.75], "rotation": 270, "texture": "#1"},
				"south": {"uv": [8.875, 0.75, 9.125, 1.75], "rotation": 270, "texture": "#1"},
				"west": {"uv": [9.125, 0.75, 9.375, 1.75], "rotation": 270, "texture": "#1"},
				"up": {"uv": [8.75, 1.75, 9.75, 2.75], "rotation": 270, "texture": "#1"},
				"down": {"uv": [9.75, 1.75, 10.75, 2.75], "rotation": 270, "texture": "#1"}
			}
		},
		{
			"from": [6.1, -6, 6],
			"to": [10.1, -2, 10],
			"rotation": {"angle": 0, "axis": "y", "origin": [0.1, 0, 0]},
			"faces": {
				"north": {"uv": [0.5, 7.75, 1, 8.25], "texture": "#1"},
				"east": {"uv": [1, 7.75, 1.5, 8.25], "texture": "#1"},
				"south": {"uv": [7.75, 1.625, 8.25, 2.125], "texture": "#1"},
				"west": {"uv": [3.375, 7.75, 3.875, 8.25], "texture": "#1"},
				"up": {"uv": [8.25, 4.625, 7.75, 4.125], "texture": "#1"},
				"down": {"uv": [8.25, 4.625, 7.75, 5.125], "texture": "#1"}
			}
		},
		{
			"from": [7.35, -16, 7],
			"to": [9.35, -6, 9],
			"rotation": {"angle": -22.5, "axis": "z", "origin": [9.35, -7.75, 8]},
			"faces": {
				"north": {"uv": [0.5, 5.5, 0.75, 6.75], "texture": "#1"},
				"east": {"uv": [3, 6.375, 3.25, 7.625], "texture": "#1"},
				"south": {"uv": [6.5, 7, 6.75, 8.25], "texture": "#1"},
				"west": {"uv": [6.75, 7, 7, 8.25], "texture": "#1"},
				"up": {"uv": [1.5, 6.125, 1.25, 5.875], "texture": "#1"},
				"down": {"uv": [0.75, 6.75, 0.5, 7], "texture": "#1"}
			}
		},
		{
			"from": [6.19286, -15.37201, 7],
			"to": [12.19286, -13.37201, 9],
			"rotation": {"angle": 0, "axis": "y", "origin": [9.35, -7.75, 8]},
			"faces": {
				"north": {"uv": [7, 2, 7.75, 2.25], "texture": "#1"},
				"east": {"uv": [3.25, 7.125, 3.5, 7.375], "texture": "#1"},
				"south": {"uv": [7.75, 7.5, 8.5, 7.75], "texture": "#1"},
				"west": {"uv": [3.25, 7.375, 3.5, 7.625], "texture": "#1"},
				"up": {"uv": [8.75, 0.75, 8, 0.5], "texture": "#1"},
				"down": {"uv": [8.75, 2.5, 8, 2.75], "texture": "#1"}
			}
		},
		{
			"from": [7.43658, -12.3694, 7.25],
			"to": [12.43658, -10.8694, 8.75],
			"rotation": {"angle": 0, "axis": "y", "origin": [9.35, -7.75, 8]},
			"faces": {
				"north": {"uv": [8, 3.875, 8.625, 4.0625], "texture": "#1"},
				"east": {"uv": [1.5, 7.75, 1.6875, 7.9375], "texture": "#1"},
				"south": {"uv": [5, 8, 5.625, 8.1875], "texture": "#1"},
				"west": {"uv": [1.5, 8, 1.6875, 8.1875], "texture": "#1"},
				"up": {"uv": [8.625, 6.8125, 8, 6.625], "texture": "#1"},
				"down": {"uv": [8.625, 7.75, 8, 7.9375], "texture": "#1"}
			}
		},
		{
			"from": [7, -3, 7],
			"to": [9, 5, 9],
			"rotation": {"angle": 0, "axis": "y", "origin": [8, 1, 8]},
			"faces": {
				"north": {"uv": [1.5, 8.375, 1.75, 9.375], "texture": "#1"},
				"east": {"uv": [1.75, 8.375, 2, 9.375], "texture": "#1"},
				"south": {"uv": [2, 8.375, 2.25, 9.375], "texture": "#1"},
				"west": {"uv": [2.25, 8.375, 2.5, 9.375], "texture": "#1"},
				"up": {"uv": [2.75, 8.375, 2.5, 8.125], "texture": "#1"},
				"down": {"uv": [8.5, 0.25, 8.25, 0.5], "texture": "#1"}
			}
		},
		{
			"from": [11, 8, 8],
			"to": [27, 24, 8],
			"rotation": {"angle": 0, "axis": "y", "origin": [10, 22, 8]},
			"faces": {
				"north": {"uv": [0, 0, 16, 16], "texture": "#2"},
				"east": {"uv": [0, 0, 0, 2], "texture": "#missing"},
				"south": {"uv": [16, 0, 0, 16], "texture": "#2"},
				"west": {"uv": [0, 0, 0, 2], "texture": "#missing"},
				"up": {"uv": [0, 0, 2, 0], "texture": "#missing"},
				"down": {"uv": [0, 0, 2, 0], "texture": "#missing"}
			}
		},
		{
			"from": [-11, 8, 8],
			"to": [5, 24, 8],
			"rotation": {"angle": 0, "axis": "y", "origin": [4, 14, 8]},
			"faces": {
				"north": {"uv": [16, 0, 0, 16], "texture": "#2"},
				"east": {"uv": [0, 0, 0, 2], "texture": "#missing"},
				"south": {"uv": [0, 0, 16, 16], "texture": "#2"},
				"west": {"uv": [0, 0, 0, 2], "texture": "#missing"},
				"up": {"uv": [2, 0, 0, 0], "texture": "#missing"},
				"down": {"uv": [2, 0, 0, 0], "texture": "#missing"}
			}
		},
		{
			"from": [0, -7, 8],
			"to": [16, 9, 8],
			"rotation": {"angle": 0, "axis": "y", "origin": [10, 22, 8]},
			"faces": {
				"north": {"uv": [0, 0, 16, 16], "texture": "#3"},
				"east": {"uv": [0, 0, 0, 2], "texture": "#missing"},
				"south": {"uv": [16, 0, 0, 16], "texture": "#3"},
				"west": {"uv": [0, 0, 0, 2], "texture": "#missing"},
				"up": {"uv": [0, 0, 2, 0], "texture": "#missing"},
				"down": {"uv": [0, 0, 2, 0], "texture": "#missing"}
			}
		}
	],
	"display": {
		"thirdperson_righthand": {
			"rotation": [0, 90, 0],
			"translation": [0, 3, 1.75],
			"scale": [0.55, 0.55, 0.55]
		},
		"thirdperson_lefthand": {
			"rotation": [0, -90, 0],
			"translation": [0, 3, 1.75],
			"scale": [0.55, 0.55, 0.55]
		},
		"firstperson_righthand": {
			"rotation": [0, 90, 20],
			"translation": [1.25, 1, 0],
			"scale": [0.4, 0.4, 0.4]
		},
		"firstperson_lefthand": {
			"rotation": [0, -90, -20],
			"translation": [1.25, 1, 0],
			"scale": [0.4, 0.4, 0.4]
		},
		"ground": {
			"translation": [0, 6, 0],
			"scale": [0.5, 0.5, 0.5]
		},
		"gui": {
			"rotation": [0, 0, -45],
			"translation": [-0.25, 0.25, -0.25],
			"scale": [0.425, 0.425, 0.425]
		},
		"head": {
			"rotation": [-180, -90, 0],
			"translation": [0, 14.5, 1.75],
			"scale": [0.6, 0.6, 0.6]
		},
		"fixed": {
			"rotation": [0, 0, -45],
			"translation": [0, 0, -1.5],
			"scale": [0.6, 0.6, 0.6]
		}
	},
	"groups": [
		{
			"name": "group",
			"origin": [12, 21.5, 17],
			"color": 0,
			"children": [
				0,
				1,
				2,
				{
					"name": "group",
					"origin": [8, 23, 8],
					"color": 0,
					"children": [3, 4, 5]
				},
				{
					"name": "group",
					"origin": [8, 23, 8],
					"color": 0,
					"children": [6, 7]
				},
				{
					"name": "group",
					"origin": [-8, -4, 1],
					"color": 0,
					"children": [
						{
							"name": "group",
							"origin": [12, 9, 17],
							"color": 0,
							"children": [
								8,
								{
									"name": "group",
									"origin": [12.75, 25, 8],
									"color": 0,
									"children": [
										9,
										{
											"name": "group",
											"origin": [11, 6, 8],
											"color": 0,
											"children": [10, 11, 12, 13]
										},
										{
											"name": "group",
											"origin": [11, 6, 8],
											"color": 0,
											"children": [14, 15, 16, 17]
										},
										18,
										{
											"name": "group",
											"origin": [17, 0.75, 8],
											"color": 0,
											"children": [19, 20, 21, 22]
										}
									]
								},
								23
							]
						}
					]
				}
			]
		},
		24,
		25,
		26
	]
}