{
	"credit": "Made with Blockbench",
	"texture_size": [64, 64],
	"textures": {
		"1": "item/swords/ocean_fury_sword/ocean_fury_animation",
		"2": "item/swords/ocean_fury_sword/ocean_fury",
		"particle": "item/swords/ocean_fury_sword/ocean_fury"
	},
	"elements": [
		{
			"from": [7, -10.5, 7],
			"to": [9, -2.5, 9],
			"rotation": {"angle": 0, "axis": "y", "origin": [-4, 9.5, -4]},
			"faces": {
				"north": {"uv": [5, 0, 4.5, 2], "texture": "#2"},
				"east": {"uv": [4.25, 3.5, 4.75, 5.5], "texture": "#2"},
				"south": {"uv": [4.5, 0, 5, 2], "texture": "#2"},
				"west": {"uv": [2, 4.5, 2.5, 6.5], "texture": "#2"},
				"up": {"uv": [6.5, 4.5, 6, 4], "texture": "#2"},
				"down": {"uv": [5, 6, 4.5, 6.5], "texture": "#2"}
			}
		},
		{
			"from": [6, 0.5, 6],
			"to": [10, 2.5, 10],
			"rotation": {"angle": 0, "axis": "y", "origin": [-4, 9.5, -4]},
			"faces": {
				"north": {"uv": [4.5, 5.5, 5.5, 6], "texture": "#2"},
				"east": {"uv": [5.5, 5.5, 6.5, 6], "texture": "#2"},
				"south": {"uv": [0, 5.75, 1, 6.25], "texture": "#2"},
				"west": {"uv": [5.75, 2, 6.75, 2.5], "texture": "#2"},
				"up": {"uv": [5.75, 3, 4.75, 2], "texture": "#2"},
				"down": {"uv": [5.75, 3, 4.75, 4], "texture": "#2"}
			}
		},
		{
			"from": [5.5, -1.5, 5.5],
			"to": [10.5, 0.5, 10.5],
			"rotation": {"angle": 0, "axis": "y", "origin": [-4, 9.5, -4]},
			"faces": {
				"north": {"uv": [5, 1, 6.25, 1.5], "texture": "#2"},
				"east": {"uv": [5, 1.5, 6.25, 2], "texture": "#2"},
				"south": {"uv": [4.75, 5, 6, 5.5], "texture": "#2"},
				"west": {"uv": [0, 5.25, 1.25, 5.75], "texture": "#2"},
				"up": {"uv": [4.5, 2.5, 3.25, 1.25], "texture": "#2"},
				"down": {"uv": [3.25, 3.25, 2, 4.5], "texture": "#2"}
			}
		},
		{
			"from": [6.5, -2.5, 6.5],
			"to": [9.5, -1.5, 9.5],
			"rotation": {"angle": 0, "axis": "y", "origin": [-4, 9.5, -4]},
			"faces": {
				"north": {"uv": [6.25, 0, 7, 0.25], "texture": "#2"},
				"east": {"uv": [6.25, 0.25, 7, 0.5], "texture": "#2"},
				"south": {"uv": [6.25, 0.5, 7, 0.75], "texture": "#2"},
				"west": {"uv": [6.25, 0.75, 7, 1], "texture": "#2"},
				"up": {"uv": [3.25, 6, 2.5, 5.25], "texture": "#2"},
				"down": {"uv": [4.5, 5.5, 3.75, 6.25], "texture": "#2"}
			}
		},
		{
			"from": [6, 2.5, 7.5],
			"to": [10, 23, 8.5],
			"rotation": {"angle": 0, "axis": "y", "origin": [-4, 9.5, -4]},
			"faces": {
				"north": {"uv": [0, 0, 1, 5.125], "texture": "#2"},
				"east": {"uv": [3.25, 3.5, 3.5, 8.625], "texture": "#2"},
				"south": {"uv": [1, 0, 0, 5.125], "texture": "#2"},
				"west": {"uv": [3.5, 3.5, 3.75, 8.625], "texture": "#2"},
				"up": {"uv": [7, 6.25, 6, 6], "texture": "#2"},
				"down": {"uv": [1, 6.25, 0, 6.5], "texture": "#2"}
			}
		},
		{
			"from": [10, 15.5, 8],
			"to": [14, 23, 8],
			"rotation": {"angle": 0, "axis": "y", "origin": [-4, 9.5, -4]},
			"faces": {
				"north": {"uv": [2, 0, 3, 1.875], "texture": "#2"},
				"east": {"uv": [0, 0, 0, 1.875], "texture": "#2"},
				"south": {"uv": [3, 0, 2, 1.875], "texture": "#2"},
				"west": {"uv": [0, 0, 0, 1.875], "texture": "#2"},
				"up": {"uv": [1, 0, 0, 0], "texture": "#2"},
				"down": {"uv": [1, 0, 0, 0], "texture": "#2"}
			}
		},
		{
			"from": [2, 15.5, 8],
			"to": [6, 23, 8],
			"rotation": {"angle": 0, "axis": "y", "origin": [20, 9.5, -4]},
			"faces": {
				"north": {"uv": [3, 0, 2, 1.875], "texture": "#2"},
				"east": {"uv": [0, 0, 0, 1.875], "texture": "#2"},
				"south": {"uv": [2, 0, 3, 1.875], "texture": "#2"},
				"west": {"uv": [0, 0, 0, 1.875], "texture": "#2"},
				"up": {"uv": [0, 0, 1, 0], "texture": "#2"},
				"down": {"uv": [0, 0, 1, 0], "texture": "#2"}
			}
		},
		{
			"from": [6, 20, 7.75],
			"to": [11, 25, 8.25],
			"rotation": {"angle": -45, "axis": "z", "origin": [8, 23, 8]},
			"faces": {
				"north": {"uv": [2, 2, 3.25, 3.25], "texture": "#2"},
				"east": {"uv": [4.25, 0, 4.375, 1.25], "texture": "#2"},
				"south": {"uv": [3, 0, 4.25, 1.25], "texture": "#2"},
				"west": {"uv": [1.75, 6, 1.875, 7.25], "texture": "#2"},
				"up": {"uv": [7.5, 1.125, 6.25, 1], "texture": "#2"},
				"down": {"uv": [7.5, 1.25, 6.25, 1.375], "texture": "#2"}
			}
		},
		{
			"from": [6.5, -13, 6.5],
			"to": [9.5, -10.5, 9.5],
			"rotation": {"angle": 0, "axis": "y", "origin": [-4, 9.5, -4]},
			"faces": {
				"north": {"uv": [5.75, 2.5, 6.5, 3.125], "texture": "#2"},
				"east": {"uv": [5.75, 3.25, 6.5, 3.875], "texture": "#2"},
				"south": {"uv": [1, 6, 1.75, 6.625], "texture": "#2"},
				"west": {"uv": [2.5, 6, 3.25, 6.625], "texture": "#2"},
				"up": {"uv": [3.25, 5.25, 2.5, 4.5], "texture": "#2"},
				"down": {"uv": [2, 5.25, 1.25, 6], "texture": "#2"}
			}
		},
		{
			"from": [13, -0.5, 7],
			"to": [15, 0.5, 9],
			"rotation": {"angle": 22.5, "axis": "z", "origin": [10, 0.5, 8]},
			"faces": {
				"north": {"uv": [6.25, 1.5, 6.75, 1.75], "texture": "#2"},
				"east": {"uv": [6.25, 1.75, 6.75, 2], "texture": "#2"},
				"south": {"uv": [3.75, 6.25, 4.25, 6.5], "texture": "#2"},
				"west": {"uv": [6, 6.25, 6.5, 6.5], "texture": "#2"},
				"up": {"uv": [6.5, 5.5, 6, 5], "texture": "#2"},
				"down": {"uv": [6, 6, 5.5, 6.5], "texture": "#2"}
			}
		},
		{
			"from": [10, 0.5, 7],
			"to": [15, 2.5, 9],
			"rotation": {"angle": 22.5, "axis": "z", "origin": [10, 0.5, 8]},
			"faces": {
				"north": {"uv": [4.75, 4, 6, 4.5], "texture": "#2"},
				"east": {"uv": [6, 4.5, 6.5, 5], "texture": "#2"},
				"south": {"uv": [4.75, 4.5, 6, 5], "texture": "#2"},
				"west": {"uv": [5, 6, 5.5, 6.5], "texture": "#2"},
				"up": {"uv": [6.25, 0.5, 5, 0], "texture": "#2"},
				"down": {"uv": [6.25, 0.5, 5, 1], "texture": "#2"}
			}
		},
		{
			"from": [7, -0.5, 13],
			"to": [9, 0.5, 15],
			"rotation": {"angle": -22.5, "axis": "x", "origin": [8, 0.5, 10]},
			"faces": {
				"north": {"uv": [6, 6.25, 6.5, 6.5], "texture": "#2"},
				"east": {"uv": [6.25, 1.5, 6.75, 1.75], "texture": "#2"},
				"south": {"uv": [6.25, 1.75, 6.75, 2], "texture": "#2"},
				"west": {"uv": [3.75, 6.25, 4.25, 6.5], "texture": "#2"},
				"up": {"uv": [6.5, 5.5, 6, 5], "rotation": 90, "texture": "#2"},
				"down": {"uv": [6, 6, 5.5, 6.5], "rotation": 270, "texture": "#2"}
			}
		},
		{
			"from": [7, 0.5, 10],
			"to": [9, 2.5, 15],
			"rotation": {"angle": -22.5, "axis": "x", "origin": [8, 0.5, 10]},
			"faces": {
				"north": {"uv": [5, 6, 5.5, 6.5], "texture": "#2"},
				"east": {"uv": [4.75, 4, 6, 4.5], "texture": "#2"},
				"south": {"uv": [6, 4.5, 6.5, 5], "texture": "#2"},
				"west": {"uv": [4.75, 4.5, 6, 5], "texture": "#2"},
				"up": {"uv": [6.25, 0.5, 5, 0], "rotation": 90, "texture": "#2"},
				"down": {"uv": [6.25, 0.5, 5, 1], "rotation": 270, "texture": "#2"}
			}
		},
		{
			"from": [1, -0.5, 7],
			"to": [3, 0.5, 9],
			"rotation": {"angle": -22.5, "axis": "z", "origin": [6, 0.5, 8]},
			"faces": {
				"north": {"uv": [6.75, 1.5, 6.25, 1.75], "texture": "#2"},
				"east": {"uv": [6.5, 6.25, 6, 6.5], "texture": "#2"},
				"south": {"uv": [4.25, 6.25, 3.75, 6.5], "texture": "#2"},
				"west": {"uv": [6.75, 1.75, 6.25, 2], "texture": "#2"},
				"up": {"uv": [6, 5.5, 6.5, 5], "texture": "#2"},
				"down": {"uv": [5.5, 6, 6, 6.5], "texture": "#2"}
			}
		},
		{
			"from": [1, 0.5, 7],
			"to": [6, 2.5, 9],
			"rotation": {"angle": -22.5, "axis": "z", "origin": [6, 0.5, 8]},
			"faces": {
				"north": {"uv": [6, 4, 4.75, 4.5], "texture": "#2"},
				"east": {"uv": [5.5, 6, 5, 6.5], "texture": "#2"},
				"south": {"uv": [6, 4.5, 4.75, 5], "texture": "#2"},
				"west": {"uv": [6.5, 4.5, 6, 5], "texture": "#2"},
				"up": {"uv": [5, 0.5, 6.25, 0], "texture": "#2"},
				"down": {"uv": [5, 0.5, 6.25, 1], "texture": "#2"}
			}
		},
		{
			"from": [7, -0.5, 1],
			"to": [9, 0.5, 3],
			"rotation": {"angle": 22.5, "axis": "x", "origin": [8, 0.5, 6]},
			"faces": {
				"north": {"uv": [6.75, 1.75, 6.25, 2], "texture": "#2"},
				"east": {"uv": [6.75, 1.5, 6.25, 1.75], "texture": "#2"},
				"south": {"uv": [6.5, 6.25, 6, 6.5], "texture": "#2"},
				"west": {"uv": [4.25, 6.25, 3.75, 6.5], "texture": "#2"},
				"up": {"uv": [6, 5.5, 6.5, 5], "rotation": 90, "texture": "#2"},
				"down": {"uv": [5.5, 6, 6, 6.5], "rotation": 270, "texture": "#2"}
			}
		},
		{
			"from": [7, 0.5, 1],
			"to": [9, 2.5, 6],
			"rotation": {"angle": 22.5, "axis": "x", "origin": [8, 0.5, 6]},
			"faces": {
				"north": {"uv": [6.5, 4.5, 6, 5], "texture": "#2"},
				"east": {"uv": [6, 4, 4.75, 4.5], "texture": "#2"},
				"south": {"uv": [5.5, 6, 5, 6.5], "texture": "#2"},
				"west": {"uv": [6, 4.5, 4.75, 5], "texture": "#2"},
				"up": {"uv": [5, 0.5, 6.25, 0], "rotation": 90, "texture": "#2"},
				"down": {"uv": [5, 0.5, 6.25, 1], "rotation": 270, "texture": "#2"}
			}
		},
		{
			"from": [10, 2, 7.75],
			"to": [18, 10, 7.75],
			"faces": {
				"north": {"uv": [0, 8, 8, 16], "texture": "#1"},
				"east": {"uv": [0, 0, 0, 2], "texture": "#missing"},
				"south": {"uv": [8, 8, 0, 16], "texture": "#1"},
				"west": {"uv": [0, 0, 0, 2], "texture": "#missing"},
				"up": {"uv": [0, 0, 2, 0], "texture": "#missing"},
				"down": {"uv": [0, 0, 2, 0], "texture": "#missing"}
			}
		},
		{
			"from": [4.25, -16, 8],
			"to": [12.25, -13, 8],
			"rotation": {"angle": 0, "axis": "y", "origin": [8.25, -14.5, 8]},
			"faces": {
				"north": {"uv": [8, 8, 16, 11], "texture": "#1"},
				"east": {"uv": [0, 0, 0, 2], "texture": "#missing"},
				"south": {"uv": [16, 8, 8, 11], "texture": "#1"},
				"west": {"uv": [0, 0, 0, 2], "texture": "#missing"},
				"up": {"uv": [0, 0, 2, 0], "texture": "#missing"},
				"down": {"uv": [0, 0, 2, 0], "texture": "#missing"}
			}
		},
		{
			"from": [8.25, -16, 4],
			"to": [8.25, -13, 12],
			"rotation": {"angle": 0, "axis": "y", "origin": [8.25, -14.5, 8]},
			"faces": {
				"north": {"uv": [0, 0, 0, 2], "texture": "#missing"},
				"east": {"uv": [8, 8, 16, 11], "texture": "#1"},
				"south": {"uv": [0, 0, 0, 2], "texture": "#missing"},
				"west": {"uv": [16, 8, 8, 11], "texture": "#1"},
				"up": {"uv": [0, 0, 2, 0], "rotation": 90, "texture": "#missing"},
				"down": {"uv": [0, 0, 2, 0], "rotation": 270, "texture": "#missing"}
			}
		},
		{
			"from": [8, 12, 7.75],
			"to": [16, 20, 7.75],
			"faces": {
				"north": {"uv": [0, 0, 8, 8], "texture": "#1"},
				"east": {"uv": [0, 0, 0, 2], "texture": "#missing"},
				"south": {"uv": [8, 0, 0, 8], "texture": "#1"},
				"west": {"uv": [0, 0, 0, 2], "texture": "#missing"},
				"up": {"uv": [0, 0, 2, 0], "texture": "#missing"},
				"down": {"uv": [0, 0, 2, 0], "texture": "#missing"}
			}
		},
		{
			"from": [-2, 2, 7.75],
			"to": [6, 10, 7.75],
			"rotation": {"angle": 0, "axis": "y", "origin": [16, 0, 0]},
			"faces": {
				"north": {"uv": [8, 8, 0, 16], "texture": "#1"},
				"east": {"uv": [0, 0, 0, 2], "texture": "#missing"},
				"south": {"uv": [0, 8, 8, 16], "texture": "#1"},
				"west": {"uv": [0, 0, 0, 2], "texture": "#missing"},
				"up": {"uv": [2, 0, 0, 0], "texture": "#missing"},
				"down": {"uv": [2, 0, 0, 0], "texture": "#missing"}
			}
		},
		{
			"from": [0, 12, 7.75],
			"to": [8, 20, 7.75],
			"rotation": {"angle": 0, "axis": "y", "origin": [16, 0, 0]},
			"faces": {
				"north": {"uv": [8, 0, 0, 8], "texture": "#1"},
				"east": {"uv": [0, 0, 0, 2], "texture": "#missing"},
				"south": {"uv": [0, 0, 8, 8], "texture": "#1"},
				"west": {"uv": [0, 0, 0, 2], "texture": "#missing"},
				"up": {"uv": [2, 0, 0, 0], "texture": "#missing"},
				"down": {"uv": [2, 0, 0, 0], "texture": "#missing"}
			}
		}
	],
	"display": {
		"thirdperson_righthand": {
			"rotation": [0, 90, 0],
			"translation": [0, 8, 1.5],
			"scale": [0.7, 0.7, 0.7]
		},
		"thirdperson_lefthand": {
			"rotation": [0, -90, 0],
			"translation": [0, 8, 1.5],
			"scale": [0.7, 0.7, 0.7]
		},
		"firstperson_righthand": {
			"rotation": [0, 90, 20],
			"translation": [1.25, 3, 0],
			"scale": [0.5, 0.5, 0.5]
		},
		"firstperson_lefthand": {
			"rotation": [0, -90, -20],
			"translation": [1.25, 3, 0],
			"scale": [0.5, 0.5, 0.5]
		},
		"ground": {
			"translation": [0, 7.5, 0],
			"scale": [0.5, 0.5, 0.5]
		},
		"gui": {
			"rotation": [0, 0, -45],
			"translation": [0.75, 1, -0.25],
			"scale": [0.5, 0.5, 0.5]
		},
		"head": {
			"translation": [0, 26.75, 0]
		},
		"fixed": {
			"rotation": [0, 0, -45],
			"translation": [0.75, 1, -0.25],
			"scale": [0.5, 0.5, 0.5]
		}
	},
	"groups": [
		{
			"name": "group",
			"origin": [8, 4, 8],
			"color": 0,
			"children": []
		},
		0,
		1,
		2,
		3,
		4,
		5,
		6,
		7,
		8,
		{
			"name": "group",
			"origin": [-4, 9.5, -4],
			"color": 0,
			"children": [9, 10, 11, 12]
		},
		{
			"name": "group",
			"origin": [-4, 9.5, -4],
			"color": 0,
			"children": [13, 14, 15, 16]
		},
		{
			"name": "group",
			"origin": [0, 0, 0],
			"color": 0,
			"children": [17, 18, 19, 20, 21, 22]
		}
	]
}