{
    "credit": "MadebyPolygonMC",
    "texture_size": [24, 24],
    "textures": {
        "1": "item/swords/penguin_axe"
    },
    "elements": [{
        "from": [7.25, 0.25, 7.25],
        "to": [8.75, 1.75, 8.75],
        "rotation": {
            "angle": -45,
            "axis": "x",
            "origin": [8, 1, 8]
        },
        "faces": {
            "north": {
                "uv": [11.33333, 12, 12.33333, 13],
                "texture": "#1"
            },
            "east": {
                "uv": [12.66667, 0, 13.66667, 1],
                "texture": "#1"
            },
            "south": {
                "uv": [6.66667, 12.66667, 7.66667, 13.66667],
                "texture": "#1"
            },
            "west": {
                "uv": [8, 12.66667, 9, 13.66667],
                "texture": "#1"
            },
            "up": {
                "uv": [10.33333, 13.66667, 9.33333, 12.66667],
                "texture": "#1"
            },
            "down": {
                "uv": [13.66667, 12, 12.66667, 13],
                "texture": "#1"
            }
        }
    }, {
        "from": [7.5, 1.5, 7.5],
        "to": [8.5, 2.5, 8.5],
        "rotation": {
            "angle": 0,
            "axis": "y",
            "origin": [6.5, 1.5, 6.5]
        },
        "faces": {
            "north": {
                "uv": [6.66667, 12, 7.33333, 12.66667],
                "texture": "#1"
            },
            "east": {
                "uv": [12.66667, 1.33333, 13.33333, 2],
                "texture": "#1"
            },
            "south": {
                "uv": [8.66667, 14, 9.33333, 14.66667],
                "texture": "#1"
            },
            "west": {
                "uv": [9.33333, 14, 10, 14.66667],
                "texture": "#1"
            },
            "up": {
                "uv": [10.66667, 14.66667, 10, 14],
                "texture": "#1"
            }
        }
    }, {
        "from": [7.5, 5.5, 7.5],
        "to": [8.5, 6.5, 8.5],
        "rotation": {
            "angle": 0,
            "axis": "y",
            "origin": [6.5, 5.5, 6.5]
        },
        "faces": {
            "north": {
                "uv": [14, 10, 14.66667, 10.66667],
                "texture": "#1"
            },
            "east": {
                "uv": [14, 12, 14.66667, 12.66667],
                "texture": "#1"
            },
            "south": {
                "uv": [14, 12.66667, 14.66667, 13.33333],
                "texture": "#1"
            },
            "west": {
                "uv": [14, 13.33333, 14.66667, 14],
                "texture": "#1"
            },
            "up": {
                "uv": [14.66667, 14.66667, 14, 14],
                "texture": "#1"
            }
        }
    }, {
        "from": [7.6, 3, 7.6],
        "to": [8.4, 5, 8.4],
        "rotation": {
            "angle": 0,
            "axis": "y",
            "origin": [6.5, 3, 6.5]
        },
        "faces": {
            "north": {
                "uv": [3.33333, 5.33333, 4, 6.66667],
                "texture": "#1"
            },
            "east": {
                "uv": [2.66667, 7.33333, 3.33333, 8.66667],
                "texture": "#1"
            },
            "south": {
                "uv": [2, 12, 2.66667, 13.33333],
                "texture": "#1"
            },
            "west": {
                "uv": [4, 13.33333, 4.66667, 14.66667],
                "texture": "#1"
            },
            "up": {
                "uv": [0.66667, 15.33333, 0, 14.66667],
                "texture": "#1"
            }
        }
    }, {
        "from": [7.4, 2.5, 7.4],
        "to": [8.6, 3, 8.6],
        "rotation": {
            "angle": 0,
            "axis": "y",
            "origin": [7, -3, 7]
        },
        "faces": {
            "north": {
                "uv": [14.66667, 11.33333, 15.33333, 11.66667],
                "texture": "#1"
            },
            "east": {
                "uv": [14.66667, 12, 15.33333, 12.33333],
                "texture": "#1"
            },
            "south": {
                "uv": [14.66667, 12.66667, 15.33333, 13],
                "texture": "#1"
            },
            "west": {
                "uv": [14.66667, 13.33333, 15.33333, 13.66667],
                "texture": "#1"
            },
            "up": {
                "uv": [15.33333, 0.66667, 14.66667, 0],
                "texture": "#1"
            },
            "down": {
                "uv": [1.33333, 14.66667, 0.66667, 15.33333],
                "texture": "#1"
            }
        }
    }, {
        "from": [7.4, 5, 7.4],
        "to": [8.6, 5.5, 8.6],
        "rotation": {
            "angle": 0,
            "axis": "y",
            "origin": [7, -0.5, 7]
        },
        "faces": {
            "north": {
                "uv": [14, 14.66667, 14.66667, 15],
                "texture": "#1"
            },
            "east": {
                "uv": [14.66667, 14, 15.33333, 14.33333],
                "texture": "#1"
            },
            "south": {
                "uv": [14.66667, 14.66667, 15.33333, 15],
                "texture": "#1"
            },
            "west": {
                "uv": [0, 15.33333, 0.66667, 15.66667],
                "texture": "#1"
            },
            "up": {
                "uv": [15.33333, 1.33333, 14.66667, 0.66667],
                "texture": "#1"
            },
            "down": {
                "uv": [2, 14.66667, 1.33333, 15.33333],
                "texture": "#1"
            }
        }
    }, {
        "from": [7.5, 12, 7.5],
        "to": [8.5, 13, 8.5],
        "rotation": {
            "angle": 0,
            "axis": "y",
            "origin": [6.5, 5.5, 6.5]
        },
        "faces": {
            "north": {
                "uv": [14.66667, 8, 15.33333, 8.66667],
                "texture": "#1"
            },
            "east": {
                "uv": [8.66667, 14.66667, 9.33333, 15.33333],
                "texture": "#1"
            },
            "south": {
                "uv": [14.66667, 8.66667, 15.33333, 9.33333],
                "texture": "#1"
            },
            "west": {
                "uv": [9.33333, 14.66667, 10, 15.33333],
                "texture": "#1"
            },
            "up": {
                "uv": [15.33333, 10, 14.66667, 9.33333],
                "texture": "#1"
            }
        }
    }, {
        "from": [7.4, 11.5, 7.4],
        "to": [8.6, 12, 8.6],
        "rotation": {
            "angle": 0,
            "axis": "y",
            "origin": [7, -0.5, 7]
        },
        "faces": {
            "north": {
                "uv": [15.33333, 1.33333, 16, 1.66667],
                "texture": "#1"
            },
            "east": {
                "uv": [2, 15.33333, 2.66667, 15.66667],
                "texture": "#1"
            },
            "south": {
                "uv": [15.33333, 2, 16, 2.33333],
                "texture": "#1"
            },
            "west": {
                "uv": [2.66667, 15.33333, 3.33333, 15.66667],
                "texture": "#1"
            },
            "up": {
                "uv": [15.33333, 7.33333, 14.66667, 6.66667],
                "texture": "#1"
            },
            "down": {
                "uv": [15.33333, 7.33333, 14.66667, 8],
                "texture": "#1"
            }
        }
    }, {
        "from": [7.6, 9.5, 7.6],
        "to": [8.4, 11.5, 8.4],
        "rotation": {
            "angle": 0,
            "axis": "y",
            "origin": [6.5, 3, 6.5]
        },
        "faces": {
            "north": {
                "uv": [4.66667, 13.33333, 5.33333, 14.66667],
                "texture": "#1"
            },
            "east": {
                "uv": [5.33333, 13.33333, 6, 14.66667],
                "texture": "#1"
            },
            "south": {
                "uv": [6, 13.33333, 6.66667, 14.66667],
                "texture": "#1"
            },
            "west": {
                "uv": [13.33333, 6, 14, 7.33333],
                "texture": "#1"
            },
            "up": {
                "uv": [15.33333, 6.66667, 14.66667, 6],
                "texture": "#1"
            }
        }
    }, {
        "from": [7.4, 9, 7.4],
        "to": [8.6, 9.5, 8.6],
        "rotation": {
            "angle": 0,
            "axis": "y",
            "origin": [7, -3, 7]
        },
        "faces": {
            "north": {
                "uv": [15.33333, 0, 16, 0.33333],
                "texture": "#1"
            },
            "east": {
                "uv": [0.66667, 15.33333, 1.33333, 15.66667],
                "texture": "#1"
            },
            "south": {
                "uv": [15.33333, 0.66667, 16, 1],
                "texture": "#1"
            },
            "west": {
                "uv": [1.33333, 15.33333, 2, 15.66667],
                "texture": "#1"
            },
            "up": {
                "uv": [15.33333, 6, 14.66667, 5.33333],
                "texture": "#1"
            },
            "down": {
                "uv": [6.66667, 14.66667, 6, 15.33333],
                "texture": "#1"
            }
        }
    }, {
        "from": [7.5, 8, 7.5],
        "to": [8.5, 9, 8.5],
        "rotation": {
            "angle": 0,
            "axis": "y",
            "origin": [6.5, 1.5, 6.5]
        },
        "faces": {
            "north": {
                "uv": [4, 14.66667, 4.66667, 15.33333],
                "texture": "#1"
            },
            "east": {
                "uv": [14.66667, 4, 15.33333, 4.66667],
                "texture": "#1"
            },
            "south": {
                "uv": [4.66667, 14.66667, 5.33333, 15.33333],
                "texture": "#1"
            },
            "west": {
                "uv": [14.66667, 4.66667, 15.33333, 5.33333],
                "texture": "#1"
            },
            "up": {
                "uv": [6, 15.33333, 5.33333, 14.66667],
                "texture": "#1"
            }
        }
    }, {
        "from": [7.25, 6.25, 7],
        "to": [8.75, 8.25, 9],
        "rotation": {
            "angle": -45,
            "axis": "x",
            "origin": [8, 7.25, 8]
        },
        "faces": {
            "north": {
                "uv": [12, 2, 13, 3.33333],
                "texture": "#1"
            },
            "east": {
                "uv": [5.33333, 8.66667, 6.66667, 10],
                "texture": "#1"
            },
            "south": {
                "uv": [12, 3.33333, 13, 4.66667],
                "texture": "#1"
            },
            "west": {
                "uv": [4, 10.66667, 5.33333, 12],
                "texture": "#1"
            },
            "up": {
                "uv": [5, 13.33333, 4, 12],
                "texture": "#1"
            },
            "down": {
                "uv": [13, 4.66667, 12, 6],
                "texture": "#1"
            }
        }
    }, {
        "from": [7, 6.5, 7.25],
        "to": [9, 8, 8.75],
        "rotation": {
            "angle": -45,
            "axis": "x",
            "origin": [8, 7.25, 8]
        },
        "faces": {
            "north": {
                "uv": [5.33333, 12, 6.66667, 13],
                "texture": "#1"
            },
            "east": {
                "uv": [0, 13.33333, 1, 14.33333],
                "texture": "#1"
            },
            "south": {
                "uv": [12, 6, 13.33333, 7],
                "texture": "#1"
            },
            "west": {
                "uv": [1.33333, 13.33333, 2.33333, 14.33333],
                "texture": "#1"
            },
            "up": {
                "uv": [13.33333, 8.33333, 12, 7.33333],
                "texture": "#1"
            },
            "down": {
                "uv": [13.33333, 8.66667, 12, 9.66667],
                "texture": "#1"
            }
        }
    }, {
        "from": [6.13, 16.97278, 5.6506],
        "to": [9.87, 20.03278, 10.4106],
        "rotation": {
            "angle": 0,
            "axis": "x",
            "origin": [6.75793, 19.50795, 7.4782]
        },
        "faces": {
            "north": {
                "uv": [6.66667, 4, 9, 6],
                "texture": "#1"
            },
            "east": {
                "uv": [0, 5.33333, 3.33333, 7.33333],
                "texture": "#1"
            },
            "south": {
                "uv": [6.66667, 6, 9, 8],
                "texture": "#1"
            },
            "west": {
                "uv": [6.66667, 0, 10, 2],
                "texture": "#1"
            },
            "up": {
                "uv": [6.33333, 3.33333, 4, 0],
                "texture": "#1"
            },
            "down": {
                "uv": [6.33333, 3.33333, 4, 6.66667],
                "texture": "#1"
            }
        }
    }, {
        "from": [6.81, 17.80486, 9.92283],
        "to": [9.19, 17.80486, 11.28283],
        "rotation": {
            "angle": -45,
            "axis": "x",
            "origin": [6.75793, 19.50795, 7.4782]
        },
        "faces": {
            "north": {
                "uv": [0, 0, 1.66667, 0],
                "texture": "#1"
            },
            "east": {
                "uv": [0, 0, 1, 0],
                "texture": "#1"
            },
            "south": {
                "uv": [0, 0, 1.66667, 0],
                "texture": "#1"
            },
            "west": {
                "uv": [0, 0, 1, 0],
                "texture": "#1"
            },
            "up": {
                "uv": [13, 11.66667, 11.33333, 10.66667],
                "texture": "#1"
            },
            "down": {
                "uv": [1.66667, 12, 0, 13],
                "texture": "#1"
            }
        }
    }, {
        "from": [5.44384, 17.31278, 6.30287],
        "to": [5.81784, 19.69278, 9.70287],
        "rotation": {
            "angle": -22.5,
            "axis": "y",
            "origin": [5.63084, 18.50278, 8.00287]
        },
        "faces": {
            "north": {
                "uv": [6.66667, 14, 7, 15.66667],
                "texture": "#1"
            },
            "east": {
                "uv": [9.33333, 4, 11.66667, 5.66667],
                "texture": "#1"
            },
            "south": {
                "uv": [7.33333, 14, 7.66667, 15.66667],
                "texture": "#1"
            },
            "west": {
                "uv": [9.33333, 6, 11.66667, 7.66667],
                "texture": "#1"
            },
            "up": {
                "uv": [13, 15.66667, 12.66667, 13.33333],
                "texture": "#1"
            },
            "down": {
                "uv": [13.66667, 13.33333, 13.33333, 15.66667],
                "texture": "#1"
            }
        }
    }, {
        "from": [10.18216, 17.31278, 6.30287],
        "to": [10.55616, 19.69278, 9.70287],
        "rotation": {
            "angle": 22.5,
            "axis": "y",
            "origin": [10.36916, 18.50278, 8.00287]
        },
        "faces": {
            "north": {
                "uv": [7, 14, 6.66667, 15.66667],
                "texture": "#1"
            },
            "east": {
                "uv": [11.66667, 6, 9.33333, 7.66667],
                "texture": "#1"
            },
            "south": {
                "uv": [7.66667, 14, 7.33333, 15.66667],
                "texture": "#1"
            },
            "west": {
                "uv": [11.66667, 4, 9.33333, 5.66667],
                "texture": "#1"
            },
            "up": {
                "uv": [12.66667, 15.66667, 13, 13.33333],
                "texture": "#1"
            },
            "down": {
                "uv": [13.33333, 13.33333, 13.66667, 15.66667],
                "texture": "#1"
            }
        }
    }, {
        "from": [6.3, 18.54528, 3.5681],
        "to": [9.7, 21.26528, 6.7981],
        "rotation": {
            "angle": 0,
            "axis": "x",
            "origin": [6.75793, 19.50795, 7.4782]
        },
        "faces": {
            "north": {
                "uv": [9.33333, 8, 11.66667, 9.66667],
                "texture": "#1"
            },
            "east": {
                "uv": [10, 2, 12, 3.66667],
                "texture": "#1"
            },
            "south": {
                "uv": [10, 0, 12.33333, 1.66667],
                "texture": "#1"
            },
            "west": {
                "uv": [5.33333, 10, 7.33333, 11.66667],
                "texture": "#1"
            },
            "up": {
                "uv": [2.33333, 9.33333, 0, 7.33333],
                "texture": "#1"
            },
            "down": {
                "uv": [9, 8, 6.66667, 10],
                "texture": "#1"
            }
        }
    }, {
        "from": [7.388, 18.90228, 2.5481],
        "to": [8.612, 19.79828, 3.5681],
        "rotation": {
            "angle": 0,
            "axis": "x",
            "origin": [6.75793, 19.50795, 7.4782]
        },
        "faces": {
            "north": {
                "uv": [14.66667, 1.33333, 15.33333, 2],
                "texture": "#1"
            },
            "east": {
                "uv": [2, 14.66667, 2.66667, 15.33333],
                "texture": "#1"
            },
            "west": {
                "uv": [14.66667, 2, 15.33333, 2.66667],
                "texture": "#1"
            },
            "up": {
                "uv": [3.33333, 15.33333, 2.66667, 14.66667],
                "texture": "#1"
            },
            "down": {
                "uv": [15.33333, 2.66667, 14.66667, 3.33333],
                "texture": "#1"
            }
        }
    }, {
        "from": [6.64, 17.62991, 9.85413],
        "to": [7.41, 17.62991, 10.96413],
        "rotation": {
            "angle": -22.5,
            "axis": "x",
            "origin": [6.75793, 19.50795, 7.4782]
        },
        "faces": {
            "north": {
                "uv": [0, 0, 0.66667, 0],
                "texture": "#1"
            },
            "east": {
                "uv": [0, 0, 0.66667, 0],
                "texture": "#1"
            },
            "south": {
                "uv": [0, 0, 0.66667, 0],
                "texture": "#1"
            },
            "west": {
                "uv": [0, 0, 0.66667, 0],
                "texture": "#1"
            },
            "up": {
                "uv": [4, 15.33333, 3.33333, 14.66667],
                "texture": "#1"
            },
            "down": {
                "uv": [15.33333, 3.33333, 14.66667, 4],
                "texture": "#1"
            }
        }
    }, {
        "from": [6.64, 16.43887, 9.98007],
        "to": [7.41, 16.43887, 11.34007],
        "rotation": {
            "angle": -45,
            "axis": "x",
            "origin": [6.75793, 19.50795, 7.4782]
        },
        "faces": {
            "north": {
                "uv": [0, 0, 0.66667, 0],
                "texture": "#1"
            },
            "east": {
                "uv": [0, 0, 1, 0],
                "texture": "#1"
            },
            "south": {
                "uv": [0, 0, 0.66667, 0],
                "texture": "#1"
            },
            "west": {
                "uv": [0, 0, 1, 0],
                "texture": "#1"
            },
            "up": {
                "uv": [14.66667, 1, 14, 0],
                "texture": "#1"
            },
            "down": {
                "uv": [14.66667, 2.66667, 14, 3.66667],
                "texture": "#1"
            }
        }
    }, {
        "from": [8.59, 16.43887, 9.98007],
        "to": [9.36, 16.43887, 11.34007],
        "rotation": {
            "angle": -45,
            "axis": "x",
            "origin": [9.24208, 19.50795, 7.4782]
        },
        "faces": {
            "north": {
                "uv": [0.66667, 0, 0, 0],
                "texture": "#1"
            },
            "east": {
                "uv": [1, 0, 0, 0],
                "texture": "#1"
            },
            "south": {
                "uv": [0.66667, 0, 0, 0],
                "texture": "#1"
            },
            "west": {
                "uv": [1, 0, 0, 0],
                "texture": "#1"
            },
            "up": {
                "uv": [14, 1, 14.66667, 0],
                "texture": "#1"
            },
            "down": {
                "uv": [14, 2.66667, 14.66667, 3.66667],
                "texture": "#1"
            }
        }
    }, {
        "from": [8.59, 17.62991, 9.85413],
        "to": [9.36, 17.62991, 10.96413],
        "rotation": {
            "angle": -22.5,
            "axis": "x",
            "origin": [9.24208, 19.50795, 7.4782]
        },
        "faces": {
            "north": {
                "uv": [0.66667, 0, 0, 0],
                "texture": "#1"
            },
            "east": {
                "uv": [0.66667, 0, 0, 0],
                "texture": "#1"
            },
            "south": {
                "uv": [0.66667, 0, 0, 0],
                "texture": "#1"
            },
            "west": {
                "uv": [0.66667, 0, 0, 0],
                "texture": "#1"
            },
            "up": {
                "uv": [3.33333, 15.33333, 4, 14.66667],
                "texture": "#1"
            },
            "down": {
                "uv": [14.66667, 3.33333, 15.33333, 4],
                "texture": "#1"
            }
        }
    }, {
        "from": [7.25, 13, 7.25],
        "to": [8.75, 17, 8.75],
        "rotation": {
            "angle": 0,
            "axis": "y",
            "origin": [7, 0, 7]
        },
        "faces": {
            "north": {
                "uv": [7.33333, 10, 8.33333, 12.66667],
                "texture": "#1"
            },
            "east": {
                "uv": [8.66667, 10, 9.66667, 12.66667],
                "texture": "#1"
            },
            "south": {
                "uv": [10, 10, 11, 12.66667],
                "texture": "#1"
            },
            "west": {
                "uv": [2.66667, 10.66667, 3.66667, 13.33333],
                "texture": "#1"
            },
            "up": {
                "uv": [14.33333, 2.33333, 13.33333, 1.33333],
                "texture": "#1"
            },
            "down": {
                "uv": [3.66667, 13.33333, 2.66667, 14.33333],
                "texture": "#1"
            }
        }
    }, {
        "from": [7.75, 16, 3.25],
        "to": [8.25, 17, 7.25],
        "rotation": {
            "angle": 0,
            "axis": "x",
            "origin": [8, 16.5, 3.25]
        },
        "faces": {
            "north": {
                "uv": [15.33333, 2.66667, 15.66667, 3.33333],
                "texture": "#1"
            },
            "east": {
                "uv": [0, 11.33333, 2.66667, 12],
                "texture": "#1"
            },
            "south": {
                "uv": [3.33333, 15.33333, 3.66667, 16],
                "texture": "#1"
            },
            "west": {
                "uv": [11.33333, 10, 14, 10.66667],
                "texture": "#1"
            },
            "up": {
                "uv": [13.66667, 10, 13.33333, 7.33333],
                "texture": "#1"
            },
            "down": {
                "uv": [11.66667, 13.33333, 11.33333, 16],
                "texture": "#1"
            }
        }
    }, {
        "from": [7.755, 16.56066, 1.89645],
        "to": [8.245, 17.27066, 3.89645],
        "rotation": {
            "angle": 45,
            "axis": "x",
            "origin": [8.005, 17.06066, 2.89645]
        },
        "faces": {
            "north": {
                "uv": [15.33333, 3.33333, 15.66667, 4],
                "texture": "#1"
            },
            "east": {
                "uv": [13.33333, 10.66667, 14.66667, 11.33333],
                "texture": "#1"
            },
            "south": {
                "uv": [4, 15.33333, 4.33333, 16],
                "texture": "#1"
            },
            "west": {
                "uv": [13.33333, 11.33333, 14.66667, 12],
                "texture": "#1"
            },
            "up": {
                "uv": [10.33333, 16, 10, 14.66667],
                "texture": "#1"
            },
            "down": {
                "uv": [15, 10, 14.66667, 11.33333],
                "texture": "#1"
            }
        }
    }, {
        "from": [7.76, 14.5, 3.6],
        "to": [8.24, 17.5, 7.85],
        "rotation": {
            "angle": 0,
            "axis": "y",
            "origin": [7.76, 15.5, 0.6]
        },
        "faces": {
            "north": {
                "uv": [14, 4, 14.33333, 6],
                "texture": "#1"
            },
            "east": {
                "uv": [6.66667, 2, 9.66667, 4],
                "texture": "#1"
            },
            "south": {
                "uv": [14, 6, 14.33333, 8],
                "texture": "#1"
            },
            "west": {
                "uv": [3.33333, 6.66667, 6.33333, 8.66667],
                "texture": "#1"
            },
            "up": {
                "uv": [11, 15.66667, 10.66667, 12.66667],
                "texture": "#1"
            },
            "down": {
                "uv": [13.66667, 2.66667, 13.33333, 5.66667],
                "texture": "#1"
            }
        }
    }, {
        "from": [7.765, 13.48723, 3.94566],
        "to": [8.235, 15.76223, 7.44566],
        "rotation": {
            "angle": -22.5,
            "axis": "x",
            "origin": [8.005, 14.26223, 6.94566]
        },
        "faces": {
            "north": {
                "uv": [8, 14, 8.33333, 15.66667],
                "texture": "#1"
            },
            "east": {
                "uv": [2.66667, 8.66667, 5.33333, 10.33333],
                "texture": "#1"
            },
            "south": {
                "uv": [14, 8, 14.33333, 9.66667],
                "texture": "#1"
            },
            "west": {
                "uv": [0, 9.33333, 2.66667, 11],
                "texture": "#1"
            },
            "down": {
                "uv": [12.33333, 13.33333, 12, 16],
                "texture": "#1"
            }
        }
    }, {
        "from": [8, 10, 2],
        "to": [8, 17.5, 7.25],
        "rotation": {
            "angle": 0,
            "axis": "y",
            "origin": [8, 15.5, 2]
        },
        "faces": {
            "north": {
                "uv": [0, 0, 0, 5],
                "texture": "#1"
            },
            "east": {
                "uv": [3.66667, 0, 0, 5],
                "texture": "#1"
            },
            "south": {
                "uv": [0, 0, 0, 5],
                "texture": "#1"
            },
            "west": {
                "uv": [0, 0, 3.66667, 5],
                "texture": "#1"
            },
            "up": {
                "uv": [0, 3.66667, 0, 0],
                "texture": "#1"
            },
            "down": {
                "uv": [0, 0, 0, 3.66667],
                "texture": "#1"
            }
        }
    }, {
        "from": [7.75, 16, 8.75],
        "to": [8.25, 17, 12.75],
        "rotation": {
            "angle": 0,
            "axis": "x",
            "origin": [8, 16.5, 12.75]
        },
        "faces": {
            "north": {
                "uv": [3.66667, 15.33333, 3.33333, 16],
                "texture": "#1"
            },
            "east": {
                "uv": [2.66667, 11.33333, 0, 12],
                "texture": "#1"
            },
            "south": {
                "uv": [15.66667, 2.66667, 15.33333, 3.33333],
                "texture": "#1"
            },
            "west": {
                "uv": [14, 10, 11.33333, 10.66667],
                "texture": "#1"
            },
            "up": {
                "uv": [13.66667, 7.33333, 13.33333, 10],
                "texture": "#1"
            },
            "down": {
                "uv": [11.66667, 16, 11.33333, 13.33333],
                "texture": "#1"
            }
        }
    }, {
        "from": [7.755, 16.56066, 12.10355],
        "to": [8.245, 17.27066, 14.10355],
        "rotation": {
            "angle": -45,
            "axis": "x",
            "origin": [8.005, 17.06066, 13.10355]
        },
        "faces": {
            "north": {
                "uv": [4.33333, 15.33333, 4, 16],
                "texture": "#1"
            },
            "east": {
                "uv": [14.66667, 10.66667, 13.33333, 11.33333],
                "texture": "#1"
            },
            "south": {
                "uv": [15.66667, 3.33333, 15.33333, 4],
                "texture": "#1"
            },
            "west": {
                "uv": [14.66667, 11.33333, 13.33333, 12],
                "texture": "#1"
            },
            "up": {
                "uv": [10.33333, 14.66667, 10, 16],
                "texture": "#1"
            },
            "down": {
                "uv": [15, 11.33333, 14.66667, 10],
                "texture": "#1"
            }
        }
    }, {
        "from": [7.76, 14.5, 8.15],
        "to": [8.24, 17.5, 12.4],
        "rotation": {
            "angle": 0,
            "axis": "y",
            "origin": [7.76, 15.5, 15.4]
        },
        "faces": {
            "north": {
                "uv": [14.33333, 6, 14, 8],
                "texture": "#1"
            },
            "east": {
                "uv": [9.66667, 2, 6.66667, 4],
                "texture": "#1"
            },
            "south": {
                "uv": [14.33333, 4, 14, 6],
                "texture": "#1"
            },
            "west": {
                "uv": [6.33333, 6.66667, 3.33333, 8.66667],
                "texture": "#1"
            },
            "up": {
                "uv": [11, 12.66667, 10.66667, 15.66667],
                "texture": "#1"
            },
            "down": {
                "uv": [13.66667, 5.66667, 13.33333, 2.66667],
                "texture": "#1"
            }
        }
    }, {
        "from": [7.765, 13.48723, 8.55434],
        "to": [8.235, 15.76223, 12.05434],
        "rotation": {
            "angle": 22.5,
            "axis": "x",
            "origin": [8.005, 14.26223, 9.05434]
        },
        "faces": {
            "north": {
                "uv": [14.33333, 8, 14, 9.66667],
                "texture": "#1"
            },
            "east": {
                "uv": [5.33333, 8.66667, 2.66667, 10.33333],
                "texture": "#1"
            },
            "south": {
                "uv": [8.33333, 14, 8, 15.66667],
                "texture": "#1"
            },
            "west": {
                "uv": [2.66667, 9.33333, 0, 11],
                "texture": "#1"
            },
            "down": {
                "uv": [12.33333, 16, 12, 13.33333],
                "texture": "#1"
            }
        }
    }, {
        "from": [8, 10, 8.75],
        "to": [8, 17.5, 14],
        "rotation": {
            "angle": 0,
            "axis": "y",
            "origin": [8, 15.5, 14]
        },
        "faces": {
            "north": {
                "uv": [0, 0, 0, 5],
                "texture": "#1"
            },
            "east": {
                "uv": [0, 0, 3.66667, 5],
                "texture": "#1"
            },
            "south": {
                "uv": [0, 0, 0, 5],
                "texture": "#1"
            },
            "west": {
                "uv": [3.66667, 0, 0, 5],
                "texture": "#1"
            },
            "up": {
                "uv": [0, 0, 0, 3.66667],
                "texture": "#1"
            },
            "down": {
                "uv": [0, 3.66667, 0, 0],
                "texture": "#1"
            }
        }
    }],
    "gui_light": "front",
    "display": {
        "thirdperson_righthand": {
            "translation": [0, 2.25, 1],
            "scale": [1.0, 1.0, 1.0]
        },
        "thirdperson_lefthand": {
            "translation": [0, 2.25, 1],
            "scale": [1.0, 1.0, 1.0]
        },
        "firstperson_righthand": {
            "rotation": [20, 0, 0],
            "translation": [0.5, 1.50, 1],
            "scale": [0.6, 0.6, 0.6]
        },
        "firstperson_lefthand": {
            "rotation": [20, 0, 0],
            "translation": [0.5, 1.50, 1],
            "scale": [0.6, 0.6, 0.6]
        },
        "ground": {
            "rotation": [-40, 0, 0],
            "translation": [0, 6.25, 1.25],
            "scale": [0.8, 0.8, 0.8]
        },
        "gui": {
            "rotation": [-90, -45, -90],
            "translation": [-2.75, -2.5, 0],
            "scale": [0.8, 0.8, 0.8]
        },
        "head": {
            "scale": [0, 0, 0]
        },
        "fixed": {
            "rotation": [90, -135, 90],
            "translation": [-3, -3, -1.25]
        }
    },
    "groups": [0, 1, 2, 3, 4, 5, 6, 7, 8, 9, 10, 11, 12, {
        "name": "group",
        "origin": [10.48415, 10.20454, 11.47302],
        "color": 0,
        "children": [13, 14, 15, 16, 17, 18, 19, 20, 21, 22]
    }, 23, 24, 25, 26, 27, 28, 29, 30, 31, 32, 33]
}