{
    "credit": "MadebyPolygonMC",
    "texture_size": [24, 24],
    "textures": {
        "2": "item/swords/penguin_hammer",
        "particle": "item/swords/penguin_hammer"
    },
    "elements": [{
        "from": [7.25, 0.25, 7.25],
        "to": [8.75, 1.75, 8.75],
        "rotation": {
            "angle": -45,
            "axis": "x",
            "origin": [8, 1, 8]
        },
        "faces": {
            "north": {
                "uv": [10, 12, 11, 13],
                "texture": "#2"
            },
            "east": {
                "uv": [11.33333, 12, 12.33333, 13],
                "texture": "#2"
            },
            "south": {
                "uv": [0, 12.66667, 1, 13.66667],
                "texture": "#2"
            },
            "west": {
                "uv": [1.33333, 12.66667, 2.33333, 13.66667],
                "texture": "#2"
            },
            "up": {
                "uv": [13.66667, 2.33333, 12.66667, 1.33333],
                "texture": "#2"
            },
            "down": {
                "uv": [3.66667, 12.66667, 2.66667, 13.66667],
                "texture": "#2"
            }
        }
    }, {
        "from": [7.5, 1.5, 7.5],
        "to": [8.5, 2.5, 8.5],
        "rotation": {
            "angle": 0,
            "axis": "y",
            "origin": [6.5, 1.5, 6.5]
        },
        "faces": {
            "north": {
                "uv": [5.33333, 2.66667, 6, 3.33333],
                "texture": "#2"
            },
            "east": {
                "uv": [6, 2.66667, 6.66667, 3.33333],
                "texture": "#2"
            },
            "south": {
                "uv": [8, 2, 8.66667, 2.66667],
                "texture": "#2"
            },
            "west": {
                "uv": [8.66667, 2, 9.33333, 2.66667],
                "texture": "#2"
            },
            "up": {
                "uv": [11.33333, 8.66667, 10.66667, 8],
                "texture": "#2"
            }
        }
    }, {
        "from": [7.5, 5.5, 7.5],
        "to": [8.5, 6.5, 8.5],
        "rotation": {
            "angle": 0,
            "axis": "y",
            "origin": [6.5, 5.5, 6.5]
        },
        "faces": {
            "north": {
                "uv": [9.33333, 13.33333, 10, 14],
                "texture": "#2"
            },
            "east": {
                "uv": [10, 13.33333, 10.66667, 14],
                "texture": "#2"
            },
            "south": {
                "uv": [13.33333, 10, 14, 10.66667],
                "texture": "#2"
            },
            "west": {
                "uv": [10.66667, 13.33333, 11.33333, 14],
                "texture": "#2"
            },
            "up": {
                "uv": [14, 11.33333, 13.33333, 10.66667],
                "texture": "#2"
            }
        }
    }, {
        "from": [7.6, 3, 7.6],
        "to": [8.4, 5, 8.4],
        "rotation": {
            "angle": 0,
            "axis": "y",
            "origin": [6.5, 3, 6.5]
        },
        "faces": {
            "north": {
                "uv": [5.33333, 11.33333, 6, 12.66667],
                "texture": "#2"
            },
            "east": {
                "uv": [12.66667, 5.33333, 13.33333, 6.66667],
                "texture": "#2"
            },
            "south": {
                "uv": [6.66667, 12.66667, 7.33333, 14],
                "texture": "#2"
            },
            "west": {
                "uv": [12.66667, 6.66667, 13.33333, 8],
                "texture": "#2"
            },
            "up": {
                "uv": [12, 14, 11.33333, 13.33333],
                "texture": "#2"
            }
        }
    }, {
        "from": [7.4, 2.5, 7.4],
        "to": [8.6, 3, 8.6],
        "rotation": {
            "angle": 0,
            "axis": "y",
            "origin": [7, -3, 7]
        },
        "faces": {
            "north": {
                "uv": [10, 14, 10.66667, 14.33333],
                "texture": "#2"
            },
            "east": {
                "uv": [14, 10, 14.66667, 10.33333],
                "texture": "#2"
            },
            "south": {
                "uv": [10.66667, 14, 11.33333, 14.33333],
                "texture": "#2"
            },
            "west": {
                "uv": [14, 10.66667, 14.66667, 11],
                "texture": "#2"
            },
            "up": {
                "uv": [14, 12, 13.33333, 11.33333],
                "texture": "#2"
            },
            "down": {
                "uv": [12.66667, 13.33333, 12, 14],
                "texture": "#2"
            }
        }
    }, {
        "from": [7.4, 5, 7.4],
        "to": [8.6, 5.5, 8.6],
        "rotation": {
            "angle": 0,
            "axis": "y",
            "origin": [7, -0.5, 7]
        },
        "faces": {
            "north": {
                "uv": [11.33333, 14, 12, 14.33333],
                "texture": "#2"
            },
            "east": {
                "uv": [14, 11.33333, 14.66667, 11.66667],
                "texture": "#2"
            },
            "south": {
                "uv": [12, 14, 12.66667, 14.33333],
                "texture": "#2"
            },
            "west": {
                "uv": [14, 12, 14.66667, 12.33333],
                "texture": "#2"
            },
            "up": {
                "uv": [14, 12.66667, 13.33333, 12],
                "texture": "#2"
            },
            "down": {
                "uv": [13.33333, 13.33333, 12.66667, 14],
                "texture": "#2"
            }
        }
    }, {
        "from": [7.5, 12, 7.5],
        "to": [8.5, 13, 8.5],
        "rotation": {
            "angle": 0,
            "axis": "y",
            "origin": [6.5, 5.5, 6.5]
        },
        "faces": {
            "north": {
                "uv": [13.33333, 12.66667, 14, 13.33333],
                "texture": "#2"
            },
            "east": {
                "uv": [13.33333, 13.33333, 14, 14],
                "texture": "#2"
            },
            "south": {
                "uv": [0, 14, 0.66667, 14.66667],
                "texture": "#2"
            },
            "west": {
                "uv": [14, 0, 14.66667, 0.66667],
                "texture": "#2"
            },
            "up": {
                "uv": [1.33333, 14.66667, 0.66667, 14],
                "texture": "#2"
            }
        }
    }, {
        "from": [7.5, 16, 7.5],
        "to": [8.5, 17, 8.5],
        "rotation": {
            "angle": 0,
            "axis": "y",
            "origin": [6.5, 9.5, 6.5]
        },
        "faces": {
            "north": {
                "uv": [14, 0.66667, 14.66667, 1.33333],
                "texture": "#2"
            },
            "east": {
                "uv": [1.33333, 14, 2, 14.66667],
                "texture": "#2"
            },
            "south": {
                "uv": [14, 1.33333, 14.66667, 2],
                "texture": "#2"
            },
            "west": {
                "uv": [2, 14, 2.66667, 14.66667],
                "texture": "#2"
            },
            "up": {
                "uv": [14.66667, 2.66667, 14, 2],
                "texture": "#2"
            }
        }
    }, {
        "from": [7.4, 11.5, 7.4],
        "to": [8.6, 12, 8.6],
        "rotation": {
            "angle": 0,
            "axis": "y",
            "origin": [7, -0.5, 7]
        },
        "faces": {
            "north": {
                "uv": [12.66667, 14, 13.33333, 14.33333],
                "texture": "#2"
            },
            "east": {
                "uv": [14, 12.66667, 14.66667, 13],
                "texture": "#2"
            },
            "south": {
                "uv": [13.33333, 14, 14, 14.33333],
                "texture": "#2"
            },
            "west": {
                "uv": [14, 13.33333, 14.66667, 13.66667],
                "texture": "#2"
            },
            "up": {
                "uv": [3.33333, 14.66667, 2.66667, 14],
                "texture": "#2"
            },
            "down": {
                "uv": [14.66667, 2.66667, 14, 3.33333],
                "texture": "#2"
            }
        }
    }, {
        "from": [7.6, 9.5, 7.6],
        "to": [8.4, 11.5, 8.4],
        "rotation": {
            "angle": 0,
            "axis": "y",
            "origin": [6.5, 3, 6.5]
        },
        "faces": {
            "north": {
                "uv": [12.66667, 8, 13.33333, 9.33333],
                "texture": "#2"
            },
            "east": {
                "uv": [12.66667, 9.33333, 13.33333, 10.66667],
                "texture": "#2"
            },
            "south": {
                "uv": [12.66667, 10.66667, 13.33333, 12],
                "texture": "#2"
            },
            "west": {
                "uv": [12.66667, 12, 13.33333, 13.33333],
                "texture": "#2"
            },
            "up": {
                "uv": [4, 14.66667, 3.33333, 14],
                "texture": "#2"
            }
        }
    }, {
        "from": [7.4, 9, 7.4],
        "to": [8.6, 9.5, 8.6],
        "rotation": {
            "angle": 0,
            "axis": "y",
            "origin": [7, -3, 7]
        },
        "faces": {
            "north": {
                "uv": [14, 14, 14.66667, 14.33333],
                "texture": "#2"
            },
            "east": {
                "uv": [0, 14.66667, 0.66667, 15],
                "texture": "#2"
            },
            "south": {
                "uv": [14.66667, 0, 15.33333, 0.33333],
                "texture": "#2"
            },
            "west": {
                "uv": [0.66667, 14.66667, 1.33333, 15],
                "texture": "#2"
            },
            "up": {
                "uv": [14.66667, 4, 14, 3.33333],
                "texture": "#2"
            },
            "down": {
                "uv": [4.66667, 14, 4, 14.66667],
                "texture": "#2"
            }
        }
    }, {
        "from": [7.5, 8, 7.5],
        "to": [8.5, 9, 8.5],
        "rotation": {
            "angle": 0,
            "axis": "y",
            "origin": [6.5, 1.5, 6.5]
        },
        "faces": {
            "north": {
                "uv": [14, 4, 14.66667, 4.66667],
                "texture": "#2"
            },
            "east": {
                "uv": [4.66667, 14, 5.33333, 14.66667],
                "texture": "#2"
            },
            "south": {
                "uv": [14, 4.66667, 14.66667, 5.33333],
                "texture": "#2"
            },
            "west": {
                "uv": [5.33333, 14, 6, 14.66667],
                "texture": "#2"
            },
            "up": {
                "uv": [14.66667, 6, 14, 5.33333],
                "texture": "#2"
            }
        }
    }, {
        "from": [7.4, 13, 7.4],
        "to": [8.6, 16, 8.6],
        "rotation": {
            "angle": 0,
            "axis": "y",
            "origin": [6.5, 6.5, 6.5]
        },
        "faces": {
            "north": {
                "uv": [10.66667, 4, 11.33333, 6],
                "texture": "#2"
            },
            "east": {
                "uv": [6, 10.66667, 6.66667, 12.66667],
                "texture": "#2"
            },
            "south": {
                "uv": [10.66667, 6, 11.33333, 8],
                "texture": "#2"
            },
            "west": {
                "uv": [6.66667, 10.66667, 7.33333, 12.66667],
                "texture": "#2"
            },
            "up": {
                "uv": [6.66667, 14.66667, 6, 14],
                "texture": "#2"
            },
            "down": {
                "uv": [14.66667, 6, 14, 6.66667],
                "texture": "#2"
            }
        }
    }, {
        "from": [7.25, 6.25, 7],
        "to": [8.75, 8.25, 9],
        "rotation": {
            "angle": -45,
            "axis": "x",
            "origin": [8, 7.25, 8]
        },
        "faces": {
            "north": {
                "uv": [7.33333, 10.66667, 8.33333, 12],
                "texture": "#2"
            },
            "east": {
                "uv": [6.66667, 4.66667, 8, 6],
                "texture": "#2"
            },
            "south": {
                "uv": [8.66667, 10.66667, 9.66667, 12],
                "texture": "#2"
            },
            "west": {
                "uv": [9.33333, 2, 10.66667, 3.33333],
                "texture": "#2"
            },
            "up": {
                "uv": [11, 12, 10, 10.66667],
                "texture": "#2"
            },
            "down": {
                "uv": [1, 11.33333, 0, 12.66667],
                "texture": "#2"
            }
        }
    }, {
        "from": [7, 6.5, 7.25],
        "to": [9, 8, 8.75],
        "rotation": {
            "angle": -45,
            "axis": "x",
            "origin": [8, 7.25, 8]
        },
        "faces": {
            "north": {
                "uv": [1.33333, 11.33333, 2.66667, 12.33333],
                "texture": "#2"
            },
            "east": {
                "uv": [12.66667, 2.66667, 13.66667, 3.66667],
                "texture": "#2"
            },
            "south": {
                "uv": [2.66667, 11.33333, 4, 12.33333],
                "texture": "#2"
            },
            "west": {
                "uv": [4, 12.66667, 5, 13.66667],
                "texture": "#2"
            },
            "up": {
                "uv": [5.33333, 12.33333, 4, 11.33333],
                "texture": "#2"
            },
            "down": {
                "uv": [12.66667, 4, 11.33333, 5],
                "texture": "#2"
            }
        }
    }, {
        "from": [7.25, 16.75, 7],
        "to": [8.75, 18.75, 9],
        "rotation": {
            "angle": -45,
            "axis": "x",
            "origin": [8, 17.75, 8]
        },
        "faces": {
            "north": {
                "uv": [11.33333, 5.33333, 12.33333, 6.66667],
                "texture": "#2"
            },
            "east": {
                "uv": [9.33333, 3.33333, 10.66667, 4.66667],
                "texture": "#2"
            },
            "south": {
                "uv": [11.33333, 6.66667, 12.33333, 8],
                "texture": "#2"
            },
            "west": {
                "uv": [10.66667, 0, 12, 1.33333],
                "texture": "#2"
            },
            "up": {
                "uv": [12.33333, 9.33333, 11.33333, 8],
                "texture": "#2"
            },
            "down": {
                "uv": [12.33333, 9.33333, 11.33333, 10.66667],
                "texture": "#2"
            }
        }
    }, {
        "from": [7, 17.02977, 7.25],
        "to": [9, 18.52977, 8.75],
        "rotation": {
            "angle": 45,
            "axis": "x",
            "origin": [8, 17.77977, 8]
        },
        "faces": {
            "north": {
                "uv": [11.33333, 10.66667, 12.66667, 11.66667],
                "texture": "#2"
            },
            "east": {
                "uv": [12.66667, 4, 13.66667, 5],
                "texture": "#2"
            },
            "south": {
                "uv": [12, 0, 13.33333, 1],
                "texture": "#2"
            },
            "west": {
                "uv": [5.33333, 12.66667, 6.33333, 13.66667],
                "texture": "#2"
            },
            "up": {
                "uv": [8.66667, 13, 7.33333, 12],
                "texture": "#2"
            },
            "down": {
                "uv": [10, 12, 8.66667, 13],
                "texture": "#2"
            }
        }
    }, {
        "from": [6.13, 15.32555, 0.89302],
        "to": [9.87, 20.08555, 3.95302],
        "rotation": {
            "angle": 0,
            "axis": "y",
            "origin": [8, 18.25796, 3.42819]
        },
        "faces": {
            "north": {
                "uv": [0, 0, 2.33333, 3.33333],
                "texture": "#2"
            },
            "east": {
                "uv": [0, 3.33333, 2, 6.66667],
                "texture": "#2"
            },
            "south": {
                "uv": [2.66667, 0, 5, 3.33333],
                "texture": "#2"
            },
            "west": {
                "uv": [2, 3.33333, 4, 6.66667],
                "texture": "#2"
            },
            "up": {
                "uv": [9, 4.66667, 6.66667, 2.66667],
                "texture": "#2"
            },
            "down": {
                "uv": [10.33333, 0, 8, 2],
                "texture": "#2"
            }
        }
    }, {
        "from": [6.81, 16.55486, 5.87282],
        "to": [9.19, 16.55486, 7.23282],
        "rotation": {
            "angle": 45,
            "axis": "x",
            "origin": [8, 18.25796, 3.42819]
        },
        "faces": {
            "north": {
                "uv": [0, 0, 1.66667, 0],
                "texture": "#2"
            },
            "east": {
                "uv": [0, 0, 1, 0],
                "texture": "#2"
            },
            "south": {
                "uv": [0, 0, 1.66667, 0],
                "texture": "#2"
            },
            "west": {
                "uv": [0, 0, 1, 0],
                "texture": "#2"
            },
            "up": {
                "uv": [12.33333, 2.33333, 10.66667, 1.33333],
                "texture": "#2"
            },
            "down": {
                "uv": [12.33333, 2.66667, 10.66667, 3.66667],
                "texture": "#2"
            }
        }
    }, {
        "from": [5.56846, 15.47521, 1.23302],
        "to": [5.94246, 18.87521, 3.61302],
        "rotation": {
            "angle": -22.5,
            "axis": "z",
            "origin": [8, 18.25796, 3.42819]
        },
        "faces": {
            "north": {
                "uv": [13.33333, 5.33333, 13.66667, 7.66667],
                "texture": "#2"
            },
            "east": {
                "uv": [2, 6.66667, 3.66667, 9],
                "texture": "#2"
            },
            "south": {
                "uv": [7.33333, 13.33333, 7.66667, 15.66667],
                "texture": "#2"
            },
            "west": {
                "uv": [4, 8.66667, 5.66667, 11],
                "texture": "#2"
            },
            "up": {
                "uv": [13.66667, 9.66667, 13.33333, 8],
                "texture": "#2"
            },
            "down": {
                "uv": [9, 13.33333, 8.66667, 15],
                "texture": "#2"
            }
        }
    }, {
        "from": [10.05754, 15.47521, 1.23302],
        "to": [10.43154, 18.87521, 3.61302],
        "rotation": {
            "angle": 22.5,
            "axis": "z",
            "origin": [8, 18.25796, 3.42819]
        },
        "faces": {
            "north": {
                "uv": [13.66667, 5.33333, 13.33333, 7.66667],
                "texture": "#2"
            },
            "east": {
                "uv": [5.66667, 8.66667, 4, 11],
                "texture": "#2"
            },
            "south": {
                "uv": [7.66667, 13.33333, 7.33333, 15.66667],
                "texture": "#2"
            },
            "west": {
                "uv": [3.66667, 6.66667, 2, 9],
                "texture": "#2"
            },
            "up": {
                "uv": [13.33333, 9.66667, 13.66667, 8],
                "texture": "#2"
            },
            "down": {
                "uv": [8.66667, 13.33333, 9, 15],
                "texture": "#2"
            }
        }
    }, {
        "from": [6.3, 20.08305, 0.32052],
        "to": [9.7, 22.80305, 3.55052],
        "rotation": {
            "angle": 0,
            "axis": "x",
            "origin": [8, 21.16555, 0.87302]
        },
        "faces": {
            "north": {
                "uv": [6, 8.66667, 8.33333, 10.33333],
                "texture": "#2"
            },
            "east": {
                "uv": [0, 9.33333, 2, 11],
                "texture": "#2"
            },
            "south": {
                "uv": [8.66667, 8.66667, 11, 10.33333],
                "texture": "#2"
            },
            "west": {
                "uv": [2, 9.33333, 4, 11],
                "texture": "#2"
            },
            "up": {
                "uv": [10.33333, 6.66667, 8, 4.66667],
                "texture": "#2"
            },
            "down": {
                "uv": [10.33333, 6.66667, 8, 8.66667],
                "texture": "#2"
            }
        }
    }, {
        "from": [7.388, 20.44005, -0.69948],
        "to": [8.612, 21.33605, 0.32052],
        "rotation": {
            "angle": 0,
            "axis": "x",
            "origin": [8, 21.16555, 0.87302]
        },
        "faces": {
            "north": {
                "uv": [6.66667, 14, 7.33333, 14.66667],
                "texture": "#2"
            },
            "east": {
                "uv": [14, 6.66667, 14.66667, 7.33333],
                "texture": "#2"
            },
            "west": {
                "uv": [14, 7.33333, 14.66667, 8],
                "texture": "#2"
            },
            "up": {
                "uv": [14.66667, 8.66667, 14, 8],
                "texture": "#2"
            },
            "down": {
                "uv": [14.66667, 8.66667, 14, 9.33333],
                "texture": "#2"
            }
        }
    }, {
        "from": [6.64, 14.77202, 1.55015],
        "to": [7.41, 15.88202, 1.55015],
        "rotation": {
            "angle": -22.5,
            "axis": "x",
            "origin": [8, 18.25796, 3.42819]
        },
        "faces": {
            "north": {
                "uv": [9.33333, 14, 10, 14.66667],
                "texture": "#2"
            },
            "east": {
                "uv": [0, 0, 0, 0.66667],
                "texture": "#2"
            },
            "south": {
                "uv": [14, 9.33333, 14.66667, 10],
                "texture": "#2"
            },
            "west": {
                "uv": [0, 0, 0, 0.66667],
                "texture": "#2"
            },
            "up": {
                "uv": [0.66667, 0, 0, 0],
                "texture": "#2"
            },
            "down": {
                "uv": [0.66667, 0, 0, 0],
                "texture": "#2"
            }
        }
    }, {
        "from": [6.64, 15.18887, 5.93006],
        "to": [7.41, 15.18887, 7.29006],
        "rotation": {
            "angle": 45,
            "axis": "x",
            "origin": [8, 18.25796, 3.42819]
        },
        "faces": {
            "north": {
                "uv": [0, 0, 0.66667, 0],
                "texture": "#2"
            },
            "east": {
                "uv": [0, 0, 1, 0],
                "texture": "#2"
            },
            "south": {
                "uv": [0, 0, 0.66667, 0],
                "texture": "#2"
            },
            "west": {
                "uv": [0, 0, 1, 0],
                "texture": "#2"
            },
            "up": {
                "uv": [14, 1, 13.33333, 0],
                "texture": "#2"
            },
            "down": {
                "uv": [8.66667, 13.33333, 8, 14.33333],
                "texture": "#2"
            }
        }
    }, {
        "from": [8.59, 14.77202, 1.55015],
        "to": [9.36, 15.88202, 1.55015],
        "rotation": {
            "angle": -22.5,
            "axis": "x",
            "origin": [8, 18.25796, 3.42819]
        },
        "faces": {
            "north": {
                "uv": [10, 14, 9.33333, 14.66667],
                "texture": "#2"
            },
            "east": {
                "uv": [0, 0, 0, 0.66667],
                "texture": "#2"
            },
            "south": {
                "uv": [14.66667, 9.33333, 14, 10],
                "texture": "#2"
            },
            "west": {
                "uv": [0, 0, 0, 0.66667],
                "texture": "#2"
            },
            "up": {
                "uv": [0, 0, 0.66667, 0],
                "texture": "#2"
            },
            "down": {
                "uv": [0, 0, 0.66667, 0],
                "texture": "#2"
            }
        }
    }, {
        "from": [8.59, 15.18887, 5.93006],
        "to": [9.36, 15.18887, 7.29006],
        "rotation": {
            "angle": 45,
            "axis": "x",
            "origin": [8, 18.25796, 3.42819]
        },
        "faces": {
            "north": {
                "uv": [0.66667, 0, 0, 0],
                "texture": "#2"
            },
            "east": {
                "uv": [1, 0, 0, 0],
                "texture": "#2"
            },
            "south": {
                "uv": [0.66667, 0, 0, 0],
                "texture": "#2"
            },
            "west": {
                "uv": [1, 0, 0, 0],
                "texture": "#2"
            },
            "up": {
                "uv": [13.33333, 1, 14, 0],
                "texture": "#2"
            },
            "down": {
                "uv": [8, 13.33333, 8.66667, 14.33333],
                "texture": "#2"
            }
        }
    }, {
        "from": [6.13, 15.32555, 12.04698],
        "to": [9.87, 20.08555, 15.10698],
        "rotation": {
            "angle": 0,
            "axis": "y",
            "origin": [8, 18.25796, 12.57181]
        },
        "faces": {
            "north": {
                "uv": [5, 0, 2.66667, 3.33333],
                "texture": "#2"
            },
            "east": {
                "uv": [2, 3.33333, 0, 6.66667],
                "texture": "#2"
            },
            "south": {
                "uv": [2.33333, 0, 0, 3.33333],
                "texture": "#2"
            },
            "west": {
                "uv": [4, 3.33333, 2, 6.66667],
                "texture": "#2"
            },
            "up": {
                "uv": [9, 2.66667, 6.66667, 4.66667],
                "texture": "#2"
            },
            "down": {
                "uv": [10.33333, 2, 8, 0],
                "texture": "#2"
            }
        }
    }, {
        "from": [6.81, 16.55486, 8.76718],
        "to": [9.19, 16.55486, 10.12718],
        "rotation": {
            "angle": -45,
            "axis": "x",
            "origin": [8, 18.25796, 12.57181]
        },
        "faces": {
            "north": {
                "uv": [1.66667, 0, 0, 0],
                "texture": "#2"
            },
            "east": {
                "uv": [1, 0, 0, 0],
                "texture": "#2"
            },
            "south": {
                "uv": [1.66667, 0, 0, 0],
                "texture": "#2"
            },
            "west": {
                "uv": [1, 0, 0, 0],
                "texture": "#2"
            },
            "up": {
                "uv": [12.33333, 1.33333, 10.66667, 2.33333],
                "texture": "#2"
            },
            "down": {
                "uv": [12.33333, 3.66667, 10.66667, 2.66667],
                "texture": "#2"
            }
        }
    }, {
        "from": [5.56846, 15.47521, 12.38698],
        "to": [5.94246, 18.87521, 14.76698],
        "rotation": {
            "angle": -22.5,
            "axis": "z",
            "origin": [8, 18.25796, 12.57181]
        },
        "faces": {
            "north": {
                "uv": [7.66667, 13.33333, 7.33333, 15.66667],
                "texture": "#2"
            },
            "east": {
                "uv": [3.66667, 6.66667, 2, 9],
                "texture": "#2"
            },
            "south": {
                "uv": [13.66667, 5.33333, 13.33333, 7.66667],
                "texture": "#2"
            },
            "west": {
                "uv": [5.66667, 8.66667, 4, 11],
                "texture": "#2"
            },
            "up": {
                "uv": [13.66667, 8, 13.33333, 9.66667],
                "texture": "#2"
            },
            "down": {
                "uv": [9, 15, 8.66667, 13.33333],
                "texture": "#2"
            }
        }
    }, {
        "from": [10.05754, 15.47521, 12.38698],
        "to": [10.43154, 18.87521, 14.76698],
        "rotation": {
            "angle": 22.5,
            "axis": "z",
            "origin": [8, 18.25796, 12.57181]
        },
        "faces": {
            "north": {
                "uv": [7.33333, 13.33333, 7.66667, 15.66667],
                "texture": "#2"
            },
            "east": {
                "uv": [4, 8.66667, 5.66667, 11],
                "texture": "#2"
            },
            "south": {
                "uv": [13.33333, 5.33333, 13.66667, 7.66667],
                "texture": "#2"
            },
            "west": {
                "uv": [2, 6.66667, 3.66667, 9],
                "texture": "#2"
            },
            "up": {
                "uv": [13.33333, 8, 13.66667, 9.66667],
                "texture": "#2"
            },
            "down": {
                "uv": [8.66667, 15, 9, 13.33333],
                "texture": "#2"
            }
        }
    }, {
        "from": [6.3, 20.08305, 12.44948],
        "to": [9.7, 22.80305, 15.67948],
        "rotation": {
            "angle": 0,
            "axis": "x",
            "origin": [8, 21.16555, 15.12698]
        },
        "faces": {
            "north": {
                "uv": [11, 8.66667, 8.66667, 10.33333],
                "texture": "#2"
            },
            "east": {
                "uv": [2, 9.33333, 0, 11],
                "texture": "#2"
            },
            "south": {
                "uv": [8.33333, 8.66667, 6, 10.33333],
                "texture": "#2"
            },
            "west": {
                "uv": [4, 9.33333, 2, 11],
                "texture": "#2"
            },
            "up": {
                "uv": [10.33333, 4.66667, 8, 6.66667],
                "texture": "#2"
            },
            "down": {
                "uv": [10.33333, 8.66667, 8, 6.66667],
                "texture": "#2"
            }
        }
    }, {
        "from": [7.388, 20.44005, 15.67948],
        "to": [8.612, 21.33605, 16.69948],
        "rotation": {
            "angle": 0,
            "axis": "x",
            "origin": [8, 21.16555, 15.12698]
        },
        "faces": {
            "east": {
                "uv": [14.66667, 6.66667, 14, 7.33333],
                "texture": "#2"
            },
            "south": {
                "uv": [7.33333, 14, 6.66667, 14.66667],
                "texture": "#2"
            },
            "west": {
                "uv": [14.66667, 7.33333, 14, 8],
                "texture": "#2"
            },
            "up": {
                "uv": [14.66667, 8, 14, 8.66667],
                "texture": "#2"
            },
            "down": {
                "uv": [14.66667, 9.33333, 14, 8.66667],
                "texture": "#2"
            }
        }
    }, {
        "from": [6.64, 14.77202, 14.44985],
        "to": [7.41, 15.88202, 14.44985],
        "rotation": {
            "angle": 22.5,
            "axis": "x",
            "origin": [8, 18.25796, 12.57181]
        },
        "faces": {
            "north": {
                "uv": [14.66667, 9.33333, 14, 10],
                "texture": "#2"
            },
            "east": {
                "uv": [0, 0, 0, 0.66667],
                "texture": "#2"
            },
            "south": {
                "uv": [10, 14, 9.33333, 14.66667],
                "texture": "#2"
            },
            "west": {
                "uv": [0, 0, 0, 0.66667],
                "texture": "#2"
            },
            "up": {
                "uv": [0.66667, 0, 0, 0],
                "texture": "#2"
            },
            "down": {
                "uv": [0.66667, 0, 0, 0],
                "texture": "#2"
            }
        }
    }, {
        "from": [6.64, 15.18887, 8.70994],
        "to": [7.41, 15.18887, 10.06994],
        "rotation": {
            "angle": -45,
            "axis": "x",
            "origin": [8, 18.25796, 12.57181]
        },
        "faces": {
            "north": {
                "uv": [0.66667, 0, 0, 0],
                "texture": "#2"
            },
            "east": {
                "uv": [1, 0, 0, 0],
                "texture": "#2"
            },
            "south": {
                "uv": [0.66667, 0, 0, 0],
                "texture": "#2"
            },
            "west": {
                "uv": [1, 0, 0, 0],
                "texture": "#2"
            },
            "up": {
                "uv": [14, 0, 13.33333, 1],
                "texture": "#2"
            },
            "down": {
                "uv": [8.66667, 14.33333, 8, 13.33333],
                "texture": "#2"
            }
        }
    }, {
        "from": [8.59, 14.77202, 14.44985],
        "to": [9.36, 15.88202, 14.44985],
        "rotation": {
            "angle": 22.5,
            "axis": "x",
            "origin": [8, 18.25796, 12.57181]
        },
        "faces": {
            "north": {
                "uv": [14, 9.33333, 14.66667, 10],
                "texture": "#2"
            },
            "east": {
                "uv": [0, 0, 0, 0.66667],
                "texture": "#2"
            },
            "south": {
                "uv": [9.33333, 14, 10, 14.66667],
                "texture": "#2"
            },
            "west": {
                "uv": [0, 0, 0, 0.66667],
                "texture": "#2"
            },
            "up": {
                "uv": [0, 0, 0.66667, 0],
                "texture": "#2"
            },
            "down": {
                "uv": [0, 0, 0.66667, 0],
                "texture": "#2"
            }
        }
    }, {
        "from": [8.59, 15.18887, 8.70994],
        "to": [9.36, 15.18887, 10.06994],
        "rotation": {
            "angle": -45,
            "axis": "x",
            "origin": [8, 18.25796, 12.57181]
        },
        "faces": {
            "north": {
                "uv": [0, 0, 0.66667, 0],
                "texture": "#2"
            },
            "east": {
                "uv": [0, 0, 1, 0],
                "texture": "#2"
            },
            "south": {
                "uv": [0, 0, 0.66667, 0],
                "texture": "#2"
            },
            "west": {
                "uv": [0, 0, 1, 0],
                "texture": "#2"
            },
            "up": {
                "uv": [13.33333, 0, 14, 1],
                "texture": "#2"
            },
            "down": {
                "uv": [8, 14.33333, 8.66667, 13.33333],
                "texture": "#2"
            }
        }
    }, {
        "from": [6.5, 15.75, 3.85],
        "to": [9.5, 19.75, 7.1],
        "rotation": {
            "angle": 0,
            "axis": "y",
            "origin": [6.5, 15.75, 5.1]
        },
        "faces": {
            "east": {
                "uv": [4, 3.33333, 6.33333, 6],
                "texture": "#2"
            },
            "south": {
                "uv": [4, 6, 6, 8.66667],
                "texture": "#2"
            },
            "west": {
                "uv": [5.33333, 0, 7.66667, 2.66667],
                "texture": "#2"
            },
            "up": {
                "uv": [8, 8.33333, 6, 6],
                "texture": "#2"
            },
            "down": {
                "uv": [2, 6.66667, 0, 9],
                "texture": "#2"
            }
        }
    }, {
        "from": [6.5, 15.75, 8.9],
        "to": [9.5, 19.75, 12.15],
        "rotation": {
            "angle": 0,
            "axis": "y",
            "origin": [6.5, 15.75, 10.9]
        },
        "faces": {
            "north": {
                "uv": [6, 6, 4, 8.66667],
                "texture": "#2"
            },
            "east": {
                "uv": [6.33333, 3.33333, 4, 6],
                "texture": "#2"
            },
            "west": {
                "uv": [7.66667, 0, 5.33333, 2.66667],
                "texture": "#2"
            },
            "up": {
                "uv": [8, 6, 6, 8.33333],
                "texture": "#2"
            },
            "down": {
                "uv": [2, 9, 0, 6.66667],
                "texture": "#2"
            }
        }
    }],
    "gui_light": "front",
    "display": {
        "thirdperson_righthand": {
            "translation": [0, 2.25, 1],
            "scale": [1.0, 1.0, 1.0]
        },
        "thirdperson_lefthand": {
            "translation": [0, 2.25, 1],
            "scale": [1.0, 1.0, 1.0]
        },
        "firstperson_righthand": {
            "rotation": [20, 0, 0],
            "translation": [0.5, 0.5, 1],
            "scale": [0.6, 0.6, 0.6]
        },
        "firstperson_lefthand": {
            "rotation": [20, 0, 0],
            "translation": [0.5, 0.5, 1],
            "scale": [0.6, 0.6, 0.6]
        },
        "ground": {
            "rotation": [-40, 0, 0],
            "translation": [0, 6.25, 1.25],
            "scale": [0.8, 0.8, 0.8]
        },
        "gui": {
            "rotation": [-90, -45, -90],
            "translation": [-2.75, -3, 0],
            "scale": [0.65, 0.65, 0.65]
        },
        "head": {
            "scale": [0, 0, 0]
        },
        "fixed": {
            "rotation": [90, -135, 90],
            "translation": [-5, -5.25, -1.25]
        }
    },
    "groups": [{
        "name": "group",
        "origin": [10.48415, 10.20454, 11.47302],
        "color": 0,
        "children": []
    }, 0, 1, 2, 3, 4, 5, 6, 7, 8, 9, 10, 11, 12, 13, 14, 15, 16, {
        "name": "group",
        "origin": [10.48415, 10.20454, 11.47302],
        "color": 0,
        "children": [17, 18, 19, 20, 21, 22, 23, 24, 25, 26, 27, 28, 29, 30, 31, 32, 33, 34, 35, 36]
    }, 37, 38]
}