{
    "display": {
        "thirdperson_righthand": {
            "translation": [0, 0, 0.5],
            "scale": [0.85, 0.85, 0.85]
        },
        "thirdperson_lefthand": {
            "translation": [0, 0, 0.5],
            "scale": [0.85, 0.85, 0.85]
        },
        "firstperson_righthand": {
            "rotation": [0, 0, -15],
            "translation": [0, 2, 0],
            "scale": [0.45, 0.45, 0.45]
        },
        "firstperson_lefthand": {
            "rotation": [0, 0, -15],
            "translation": [0, 2, 0],
            "scale": [0.45, 0.45, 0.45]
        },
        "ground": {
            "translation": [0, 2.5, 0],
            "scale": [0.5, 0.5, 0.5]
        },
        "gui": {
            "rotation": [-88, -45, -88],
            "translation": [-1.75, -2.25, -0.75],
            "scale": [0.5, 0.5, 0.5]
        },
        "fixed": {
            "rotation": [0, 90, 0],
            "translation": [0.25, -1.25, 0],
            "scale": [0.5, 0.5, 0.5]
        }
    },
    "ambientocclusion": false,
    "textures": {
        "0": "item/swords/skull_schife",
        "particle": "item/swords/skull_schife"
    },
    "elements": [{
        "from": [7.3, 9.5, 8.1],
        "to": [8.6, 20.5, 9.4],
        "faces": {
            "north": {
                "uv": [15.25, 0, 16, 4.25],
                "texture": "#0"
            },
            "east": {
                "uv": [15.25, 0, 16, 4.25],
                "texture": "#0"
            },
            "south": {
                "uv": [15.25, 0, 16, 4.25],
                "texture": "#0"
            },
            "west": {
                "uv": [15.25, 0, 16, 4.25],
                "texture": "#0"
            },
            "up": {
                "uv": [1.5, 13.5, 2.25, 14.25],
                "texture": "#0"
            },
            "down": {
                "uv": [1.5, 13.5, 2.25, 14.25],
                "texture": "#0"
            }
        }
    }, {
        "from": [6.925, 19.1, 6.4],
        "to": [9.125, 22.1, 11.4],
        "rotation": {
            "angle": -22.5,
            "axis": "x",
            "origin": [8.025, 19.8, 6.9]
        },
        "faces": {
            "north": {
                "uv": [2.75, 14.5, 3.75, 16],
                "texture": "#0"
            },
            "east": {
                "uv": [1.5, 14.5, 3.75, 16],
                "texture": "#0"
            },
            "south": {
                "uv": [3, 14.5, 3.75, 16],
                "texture": "#0"
            },
            "west": {
                "uv": [3.75, 14.5, 1.5, 16],
                "texture": "#0"
            },
            "up": {
                "uv": [1.5, 13.25, 3.75, 14.25],
                "rotation": 90,
                "texture": "#0"
            },
            "down": {
                "uv": [1, 11.25, 1.75, 12],
                "texture": "#0"
            }
        }
    }, {
        "from": [8.075, 22.35237, 9.74747],
        "to": [11.075, 23.45237, 10.74747],
        "rotation": {
            "angle": 22.5,
            "axis": "z",
            "origin": [8.675, 24.10237, 9.44747]
        },
        "faces": {
            "north": {
                "uv": [0, 14.5, 1.25, 15],
                "texture": "#0"
            },
            "east": {
                "uv": [3.25, 14.25, 3.75, 14.75],
                "texture": "#0"
            },
            "south": {
                "uv": [0, 15, 1.25, 14.5],
                "rotation": 180,
                "texture": "#0"
            },
            "west": {
                "uv": [1.5, 13.25, 2, 13.75],
                "rotation": 90,
                "texture": "#0"
            },
            "up": {
                "uv": [5, 13.75, 3.75, 14.25],
                "texture": "#0"
            },
            "down": {
                "uv": [2.25, 14, 3.25, 14.25],
                "rotation": 270,
                "texture": "#0"
            }
        }
    }, {
        "from": [10.01571, 23.63813, 10.04747],
        "to": [11.11571, 26.63813, 10.84747],
        "rotation": {
            "angle": -22.5,
            "axis": "x",
            "origin": [9.96571, 23.33813, 10.44747]
        },
        "faces": {
            "north": {
                "uv": [2.5, 13.25, 3.75, 13.75],
                "rotation": 90,
                "texture": "#0"
            },
            "east": {
                "uv": [2.25, 14, 3.5, 14.25],
                "rotation": 90,
                "texture": "#0"
            },
            "south": {
                "uv": [2.5, 13.75, 3.75, 13.25],
                "rotation": 90,
                "texture": "#0"
            },
            "west": {
                "uv": [5.25, 13.5, 4, 13.75],
                "rotation": 270,
                "texture": "#0"
            },
            "up": {
                "uv": [3.25, 14.5, 3.75, 15],
                "rotation": 270,
                "texture": "#0"
            },
            "down": {
                "uv": [1.5, 13.25, 2, 13.75],
                "texture": "#0"
            }
        }
    }, {
        "from": [10.21571, 25.43813, 6.84747],
        "to": [10.91571, 26.23813, 9.84747],
        "rotation": {
            "angle": 22.5,
            "axis": "x",
            "origin": [10.56571, 27.13813, 10.44747]
        },
        "faces": {
            "north": {
                "uv": [3.5, 14, 3.75, 14.25],
                "rotation": 90,
                "texture": "#0"
            },
            "east": {
                "uv": [2.5, 13.25, 3.75, 13.5],
                "rotation": 180,
                "texture": "#0"
            },
            "south": {
                "uv": [3.5, 14, 3.75, 14.25],
                "texture": "#0"
            },
            "west": {
                "uv": [5.25, 14, 4, 14.25],
                "rotation": 180,
                "texture": "#0"
            },
            "up": {
                "uv": [2.5, 13.5, 3.75, 13.25],
                "rotation": 90,
                "texture": "#0"
            },
            "down": {
                "uv": [2.5, 13.25, 3.75, 13.5],
                "rotation": 270,
                "texture": "#0"
            }
        }
    }, {
        "from": [4.93429, 23.63813, 10.04747],
        "to": [6.03429, 26.63813, 10.84747],
        "rotation": {
            "angle": -22.5,
            "axis": "x",
            "origin": [6.08429, 23.33813, 10.44747]
        },
        "faces": {
            "north": {
                "uv": [2.5, 13.75, 3.75, 13.25],
                "rotation": 90,
                "texture": "#0"
            },
            "east": {
                "uv": [5.25, 13.75, 4, 13.5],
                "rotation": 270,
                "texture": "#0"
            },
            "south": {
                "uv": [2.5, 13.25, 3.75, 13.75],
                "rotation": 90,
                "texture": "#0"
            },
            "west": {
                "uv": [2.25, 14.25, 3.5, 14],
                "rotation": 90,
                "texture": "#0"
            },
            "up": {
                "uv": [3.25, 15, 3.75, 14.5],
                "rotation": 270,
                "texture": "#0"
            },
            "down": {
                "uv": [2, 13.25, 1.5, 13.75],
                "texture": "#0"
            }
        }
    }, {
        "from": [4.975, 22.35237, 9.74747],
        "to": [7.975, 23.45237, 10.74747],
        "rotation": {
            "angle": -22.5,
            "axis": "z",
            "origin": [7.375, 24.10237, 9.44747]
        },
        "faces": {
            "north": {
                "uv": [1.25, 14.5, 0, 15],
                "texture": "#0"
            },
            "east": {
                "uv": [1.5, 13.75, 2, 13.25],
                "rotation": 90,
                "texture": "#0"
            },
            "south": {
                "uv": [1.25, 15, 0, 14.5],
                "rotation": 180,
                "texture": "#0"
            },
            "west": {
                "uv": [3.75, 14.25, 3.25, 14.75],
                "texture": "#0"
            },
            "up": {
                "uv": [3.75, 13.75, 5, 14.25],
                "texture": "#0"
            },
            "down": {
                "uv": [2.25, 14.25, 3.25, 14],
                "rotation": 270,
                "texture": "#0"
            }
        }
    }, {
        "from": [5.13429, 25.43813, 6.84747],
        "to": [5.83429, 26.23813, 9.84747],
        "rotation": {
            "angle": 22.5,
            "axis": "x",
            "origin": [5.48429, 27.13813, 10.44747]
        },
        "faces": {
            "north": {
                "uv": [3.5, 14.25, 3.75, 14],
                "rotation": 90,
                "texture": "#0"
            },
            "east": {
                "uv": [4, 14, 5.25, 14.25],
                "rotation": 180,
                "texture": "#0"
            },
            "south": {
                "uv": [3.75, 14, 3.5, 14.25],
                "texture": "#0"
            },
            "west": {
                "uv": [3.75, 13.25, 2.5, 13.5],
                "rotation": 180,
                "texture": "#0"
            },
            "up": {
                "uv": [2.5, 13.25, 3.75, 13.5],
                "rotation": 90,
                "texture": "#0"
            },
            "down": {
                "uv": [2.5, 13.5, 3.75, 13.25],
                "rotation": 270,
                "texture": "#0"
            }
        }
    }, {
        "from": [7.175, 20.1, 3.9],
        "to": [8.875, 22.1, 6.4],
        "rotation": {
            "angle": -22.5,
            "axis": "x",
            "origin": [8.025, 19.8, 6.9]
        },
        "faces": {
            "north": {
                "uv": [4.25, 14, 5.25, 13],
                "texture": "#0"
            },
            "east": {
                "uv": [4, 14.5, 5.25, 15.5],
                "texture": "#0"
            },
            "south": {
                "uv": [3, 14.5, 3.75, 16],
                "texture": "#0"
            },
            "west": {
                "uv": [5.25, 14.5, 4, 15.5],
                "texture": "#0"
            },
            "up": {
                "uv": [1.5, 13.25, 2.5, 14],
                "rotation": 90,
                "texture": "#0"
            },
            "down": {
                "uv": [1, 11.25, 1.75, 12],
                "texture": "#0"
            }
        }
    }, {
        "from": [8.025, 14.3, -7],
        "to": [8.025, 25.3, 18],
        "rotation": {
            "angle": -22.5,
            "axis": "x",
            "origin": [8.025, 21.6, 7.5]
        },
        "faces": {
            "north": {
                "uv": [15.25, 0, 16, 4.25],
                "texture": "#0"
            },
            "east": {
                "uv": [0, 0, 10.25, 4.75],
                "texture": "#0"
            },
            "south": {
                "uv": [15.25, 0, 16, 4.25],
                "texture": "#0"
            },
            "west": {
                "uv": [10.25, 0, 0, 4.75],
                "texture": "#0"
            },
            "up": {
                "uv": [1.5, 13.5, 2.25, 14.25],
                "texture": "#0"
            },
            "down": {
                "uv": [1.5, 13.5, 2.25, 14.25],
                "texture": "#0"
            }
        }
    }, {
        "from": [8, 9.5, 9.4],
        "to": [8, 20.5, 11.4],
        "faces": {
            "north": {
                "uv": [15.25, 0, 16, 4.25],
                "texture": "#0"
            },
            "east": {
                "uv": [14.5, 0, 15.25, 4.25],
                "texture": "#0"
            },
            "south": {
                "uv": [15.25, 0, 16, 4.25],
                "texture": "#0"
            },
            "west": {
                "uv": [15.25, 5.5, 14.5, 9.75],
                "texture": "#0"
            },
            "up": {
                "uv": [1.5, 13.5, 2.25, 14.25],
                "texture": "#0"
            },
            "down": {
                "uv": [1.5, 13.5, 2.25, 14.25],
                "texture": "#0"
            }
        }
    }, {
        "from": [7.3, -2.5, 8.1],
        "to": [8.6, 4.5, 9.4],
        "rotation": {
            "angle": 0,
            "axis": "y",
            "origin": [0, 0, 0.4]
        },
        "faces": {
            "north": {
                "uv": [15.25, 6.75, 16, 9.75],
                "texture": "#0"
            },
            "east": {
                "uv": [15.25, 6.75, 16, 9.75],
                "texture": "#0"
            },
            "south": {
                "uv": [15.25, 6.75, 16, 9.75],
                "texture": "#0"
            },
            "west": {
                "uv": [15.25, 6.75, 16, 9.75],
                "texture": "#0"
            },
            "up": {
                "uv": [1.5, 13.5, 2.25, 14.25],
                "texture": "#0"
            },
            "down": {
                "uv": [1.5, 13.5, 2.25, 14.25],
                "texture": "#0"
            }
        }
    }, {
        "from": [8, -2.5, 9.4],
        "to": [8, 4.5, 11.4],
        "rotation": {
            "angle": 0,
            "axis": "y",
            "origin": [0, 0, 0.4]
        },
        "faces": {
            "north": {
                "uv": [15.25, 6.75, 16, 9.75],
                "texture": "#0"
            },
            "east": {
                "uv": [14.5, 6.75, 15.25, 9.75],
                "texture": "#0"
            },
            "south": {
                "uv": [15.25, 6.75, 16, 9.75],
                "texture": "#0"
            },
            "west": {
                "uv": [15.25, 6.75, 14.5, 9.75],
                "texture": "#0"
            },
            "up": {
                "uv": [1.5, 13.5, 2.25, 14.25],
                "texture": "#0"
            },
            "down": {
                "uv": [1.5, 13.5, 2.25, 14.25],
                "texture": "#0"
            }
        }
    }, {
        "from": [8, -2.85, 4.85],
        "to": [8, 0.65, 8.85],
        "rotation": {
            "angle": -22.5,
            "axis": "x",
            "origin": [8, -0.5, 14.15]
        },
        "faces": {
            "north": {
                "uv": [1.5, 13.5, 2.25, 14.25],
                "rotation": 180,
                "texture": "#0"
            },
            "east": {
                "uv": [14.25, 10, 15.75, 11.75],
                "rotation": 270,
                "texture": "#0"
            },
            "south": {
                "uv": [1.5, 13.5, 2.25, 14.25],
                "texture": "#0"
            },
            "west": {
                "uv": [15.75, 10, 14.25, 11.75],
                "rotation": 90,
                "texture": "#0"
            },
            "up": {
                "uv": [15.25, 6.75, 16, 9.75],
                "rotation": 180,
                "texture": "#0"
            },
            "down": {
                "uv": [15.25, 6.75, 16, 9.75],
                "texture": "#0"
            }
        }
    }, {
        "from": [7.3, 4.5, 8.5],
        "to": [8.6, 9.5, 9.8],
        "faces": {
            "north": {
                "uv": [15.25, 4.5, 16, 6.75],
                "texture": "#0"
            },
            "east": {
                "uv": [15.25, 4.5, 16, 6.75],
                "texture": "#0"
            },
            "south": {
                "uv": [15.25, 4.5, 16, 6.75],
                "texture": "#0"
            },
            "west": {
                "uv": [15.25, 4.5, 16, 6.75],
                "texture": "#0"
            },
            "up": {
                "uv": [1.5, 13.5, 2.25, 14.25],
                "texture": "#0"
            },
            "down": {
                "uv": [1.5, 13.5, 2.25, 14.25],
                "texture": "#0"
            }
        }
    }]
}