{
    "display": {
        "thirdperson_righthand": {
            "translation": [0, 7, 1.25],
            "scale": [0.85, 0.85, 0.85]
        },
        "thirdperson_lefthand": {
            "translation": [0, 7, 1.25],
            "scale": [0.85, 0.85, 0.85]
        },
        "firstperson_righthand": {
            "rotation": [0, 0, -20],
            "translation": [1.5, 3, 0],
            "scale": [0.65, 0.65, 0.65]
        },
        "firstperson_lefthand": {
            "rotation": [0, 0, -20],
            "translation": [1.5, 3, 0],
            "scale": [0.65, 0.65, 0.65]
        },
        "ground": {
            "translation": [0, 5, 0],
            "scale": [0.5, 0.5, 0.5]
        },
        "gui": {
            "rotation": [-88.79, -46.75, -87.54],
            "translation": [-0.25, 0.25, 0],
            "scale": [0.6, 0.6, 0.6]
        },
        "head": {
            "rotation": [-45, 0, 0],
            "translation": [0, 6.25, -6.5]
        },
        "fixed": {
            "rotation": [0, 90, 0],
            "translation": [0, 0, -1.5]
        }
    },
    "ambientocclusion": false,
    "texture_size": [64, 64],
    "textures": {
        "0": "item/swords/soulless_sword",
        "particle": "item/swords/soulless_sword"
    },
    "elements": [{
        "from": [8.5, 4, 5.2],
        "to": [8.5, 11, 8],
        "rotation": {
            "angle": 22.5,
            "axis": "y",
            "origin": [8.5, 7.5, 8]
        },
        "faces": {
            "north": {
                "uv": [0, 0, 0, 3.25],
                "texture": "#missing"
            },
            "east": {
                "uv": [9.75, 0, 12, 5.75],
                "texture": "#0"
            },
            "south": {
                "uv": [0, 0, 0, 3.25],
                "texture": "#missing"
            },
            "west": {
                "uv": [7.5, 0, 9.75, 5.75],
                "texture": "#0"
            },
            "up": {
                "uv": [0, 0, 0, 0.25],
                "texture": "#missing"
            },
            "down": {
                "uv": [0, 0, 0, 0.25],
                "texture": "#missing"
            }
        }
    }, {
        "from": [8.5, 4, 8],
        "to": [8.5, 11, 10.8],
        "rotation": {
            "angle": -22.5,
            "axis": "y",
            "origin": [8.5, 7.5, 8]
        },
        "faces": {
            "north": {
                "uv": [0, 0, 0, 3.25],
                "texture": "#missing"
            },
            "east": {
                "uv": [7.5, 0, 9.75, 5.75],
                "texture": "#0"
            },
            "south": {
                "uv": [0, 0, 0, 3.25],
                "texture": "#missing"
            },
            "west": {
                "uv": [9.75, 0, 12, 5.75],
                "texture": "#0"
            },
            "up": {
                "uv": [0, 0, 0, 0.25],
                "texture": "#missing"
            },
            "down": {
                "uv": [0, 0, 0, 0.25],
                "texture": "#missing"
            }
        }
    }, {
        "from": [7.475, 4, 5.2],
        "to": [7.475, 11, 8],
        "rotation": {
            "angle": -22.5,
            "axis": "y",
            "origin": [7.475, 7.5, 8]
        },
        "faces": {
            "north": {
                "uv": [0, 0, 0, 3.25],
                "texture": "#missing"
            },
            "east": {
                "uv": [9.75, 0, 7.5, 5.75],
                "texture": "#0"
            },
            "south": {
                "uv": [0, 0, 0, 3.25],
                "texture": "#missing"
            },
            "west": {
                "uv": [12, 0, 9.75, 5.75],
                "texture": "#0"
            },
            "up": {
                "uv": [0, 0, 0, 0.25],
                "texture": "#missing"
            },
            "down": {
                "uv": [0, 0, 0, 0.25],
                "texture": "#missing"
            }
        }
    }, {
        "from": [7.475, 4, 8],
        "to": [7.475, 11, 10.8],
        "rotation": {
            "angle": 22.5,
            "axis": "y",
            "origin": [7.475, 7.5, 8]
        },
        "faces": {
            "north": {
                "uv": [0, 0, 0, 3.25],
                "texture": "#missing"
            },
            "east": {
                "uv": [12, 0, 9.75, 5.75],
                "texture": "#0"
            },
            "south": {
                "uv": [0, 0, 0, 3.25],
                "texture": "#missing"
            },
            "west": {
                "uv": [9.75, 0, 7.5, 5.75],
                "texture": "#0"
            },
            "up": {
                "uv": [0, 0, 0, 0.25],
                "texture": "#missing"
            },
            "down": {
                "uv": [0, 0, 0, 0.25],
                "texture": "#missing"
            }
        }
    }, {
        "from": [8, -0.75, 2.825],
        "to": [8, 3.55, 6.825],
        "faces": {
            "north": {
                "uv": [0, 0, 0, 3.25],
                "texture": "#missing"
            },
            "east": {
                "uv": [0, 0, 3.25, 3.5],
                "texture": "#0"
            },
            "south": {
                "uv": [0, 0, 0, 3.25],
                "texture": "#missing"
            },
            "west": {
                "uv": [4.25, 0, 7.5, 3.5],
                "texture": "#0"
            },
            "up": {
                "uv": [0, 0, 0, 0.25],
                "texture": "#missing"
            },
            "down": {
                "uv": [0, 0, 0, 0.25],
                "texture": "#missing"
            }
        }
    }, {
        "from": [8, -0.75, 9.175],
        "to": [8, 3.55, 13.175],
        "faces": {
            "north": {
                "uv": [0, 0, 0, 3.25],
                "texture": "#missing"
            },
            "east": {
                "uv": [4.25, 0, 7.5, 3.5],
                "texture": "#0"
            },
            "south": {
                "uv": [0, 0, 0, 3.25],
                "texture": "#missing"
            },
            "west": {
                "uv": [0, 0, 3.25, 3.5],
                "texture": "#0"
            },
            "up": {
                "uv": [0, 0, 0, 0.25],
                "texture": "#missing"
            },
            "down": {
                "uv": [0, 0, 0, 0.25],
                "texture": "#missing"
            }
        }
    }, {
        "from": [7.875, 2.025, 10.425],
        "to": [7.875, 3.55, 12.2],
        "rotation": {
            "angle": -22.5,
            "axis": "y",
            "origin": [8.2, 2.7875, 11.8125]
        },
        "faces": {
            "north": {
                "uv": [0, 0, 0, 3.25],
                "texture": "#missing"
            },
            "east": {
                "uv": [6, 5.75, 7.5, 7],
                "texture": "#0"
            },
            "south": {
                "uv": [0, 0, 0, 3.25],
                "texture": "#missing"
            },
            "west": {
                "uv": [3, 5.75, 4.5, 7],
                "texture": "#0"
            },
            "up": {
                "uv": [0, 0, 0, 0.25],
                "texture": "#missing"
            },
            "down": {
                "uv": [0, 0, 0, 0.25],
                "texture": "#missing"
            }
        }
    }, {
        "from": [8.125, 2.025, 10.425],
        "to": [8.125, 3.55, 12.2],
        "rotation": {
            "angle": 22.5,
            "axis": "y",
            "origin": [7.8, 2.7875, 11.8125]
        },
        "faces": {
            "north": {
                "uv": [0, 0, 0, 3.25],
                "texture": "#missing"
            },
            "east": {
                "uv": [4.5, 5.75, 3, 7],
                "texture": "#0"
            },
            "south": {
                "uv": [0, 0, 0, 3.25],
                "texture": "#missing"
            },
            "west": {
                "uv": [7.5, 5.75, 6, 7],
                "texture": "#0"
            },
            "up": {
                "uv": [0, 0, 0, 0.25],
                "texture": "#missing"
            },
            "down": {
                "uv": [0, 0, 0, 0.25],
                "texture": "#missing"
            }
        }
    }, {
        "from": [8.125, 2.025, 3.8],
        "to": [8.125, 3.55, 5.575],
        "rotation": {
            "angle": -22.5,
            "axis": "y",
            "origin": [7.8, 2.7875, 4.1875]
        },
        "faces": {
            "north": {
                "uv": [0, 0, 0, 3.25],
                "texture": "#missing"
            },
            "east": {
                "uv": [3, 5.75, 4.5, 7],
                "texture": "#0"
            },
            "south": {
                "uv": [0, 0, 0, 3.25],
                "texture": "#missing"
            },
            "west": {
                "uv": [6, 5.75, 7.5, 7],
                "texture": "#0"
            },
            "up": {
                "uv": [0, 0.25, 0, 0],
                "texture": "#missing"
            },
            "down": {
                "uv": [0, 0.25, 0, 0],
                "texture": "#missing"
            }
        }
    }, {
        "from": [7.875, 2.025, 3.8],
        "to": [7.875, 3.55, 5.575],
        "rotation": {
            "angle": 22.5,
            "axis": "y",
            "origin": [8.2, 2.7875, 4.1875]
        },
        "faces": {
            "north": {
                "uv": [0, 0, 0, 3.25],
                "texture": "#missing"
            },
            "east": {
                "uv": [7.5, 5.75, 6, 7],
                "texture": "#0"
            },
            "south": {
                "uv": [0, 0, 0, 3.25],
                "texture": "#missing"
            },
            "west": {
                "uv": [4.5, 5.75, 3, 7],
                "texture": "#0"
            },
            "up": {
                "uv": [0, 0.25, 0, 0],
                "texture": "#missing"
            },
            "down": {
                "uv": [0, 0.25, 0, 0],
                "texture": "#missing"
            }
        }
    }, {
        "from": [7.5, -7.4, 7.5],
        "to": [8.5, -0.4, 8.5],
        "faces": {
            "north": {
                "uv": [0, 5.5, 0.75, 11.25],
                "texture": "#0"
            },
            "east": {
                "uv": [0, 5.5, 0.75, 11.25],
                "texture": "#0"
            },
            "south": {
                "uv": [0, 5.5, 0.75, 11.25],
                "texture": "#0"
            },
            "west": {
                "uv": [0, 5.5, 0.75, 11.25],
                "texture": "#0"
            },
            "up": {
                "uv": [0, 5.5, 0.75, 6.25],
                "texture": "#0"
            },
            "down": {
                "uv": [0, 5.5, 0.75, 6.25],
                "texture": "#0"
            }
        }
    }, {
        "from": [8, -8, 6.2],
        "to": [8, -0.5, 7.8],
        "faces": {
            "north": {
                "uv": [0, 5.5, 0.75, 11.25],
                "texture": "#0"
            },
            "east": {
                "uv": [9.75, 6, 11, 12],
                "texture": "#0"
            },
            "south": {
                "uv": [0, 5.5, 0.75, 11.25],
                "texture": "#0"
            },
            "west": {
                "uv": [8.25, 6, 9.5, 12],
                "texture": "#0"
            },
            "up": {
                "uv": [0, 5.5, 0.75, 6.25],
                "texture": "#0"
            },
            "down": {
                "uv": [0, 5.5, 0.75, 6.25],
                "texture": "#0"
            }
        }
    }, {
        "from": [8, -8, 8.2],
        "to": [8, -0.5, 9.8],
        "faces": {
            "north": {
                "uv": [0, 5.5, 0.75, 11.25],
                "texture": "#0"
            },
            "east": {
                "uv": [8.25, 6, 9.5, 12],
                "texture": "#0"
            },
            "south": {
                "uv": [0, 5.5, 0.75, 11.25],
                "texture": "#0"
            },
            "west": {
                "uv": [9.75, 6, 11, 12],
                "texture": "#0"
            },
            "up": {
                "uv": [0, 5.5, 0.75, 6.25],
                "texture": "#0"
            },
            "down": {
                "uv": [0, 5.5, 0.75, 6.25],
                "texture": "#0"
            }
        }
    }, {
        "from": [7.25, 1, 6.75],
        "to": [8.75, 4, 9.25],
        "rotation": {
            "angle": 0,
            "axis": "y",
            "origin": [8, 2.5, 8]
        },
        "faces": {
            "north": {
                "uv": [4.25, 13.5, 5.5, 16],
                "texture": "#0"
            },
            "east": {
                "uv": [1, 13.5, 3.25, 16],
                "texture": "#0"
            },
            "south": {
                "uv": [4.25, 13.5, 5.5, 16],
                "texture": "#0"
            },
            "west": {
                "uv": [0, 13.5, 4.25, 16],
                "texture": "#0"
            },
            "up": {
                "uv": [5.5, 11.75, 6.75, 16],
                "texture": "#0"
            },
            "down": {
                "uv": [5.5, 11.75, 6.75, 16],
                "texture": "#0"
            }
        }
    }, {
        "from": [7.55, 1, 9.25],
        "to": [8.45, 4, 10.4],
        "rotation": {
            "angle": 0,
            "axis": "y",
            "origin": [8, 2.5, 8]
        },
        "faces": {
            "north": {
                "uv": [4.25, 13.5, 5.5, 16],
                "texture": "#0"
            },
            "east": {
                "uv": [0, 13.5, 1, 16],
                "texture": "#0"
            },
            "south": {
                "uv": [6.75, 13.5, 7.75, 16],
                "texture": "#0"
            },
            "west": {
                "uv": [3.25, 13.5, 4.25, 16],
                "texture": "#0"
            },
            "up": {
                "uv": [5.5, 15, 6.75, 16],
                "texture": "#0"
            },
            "down": {
                "uv": [6.75, 14.5, 7.75, 13.5],
                "texture": "#0"
            }
        }
    }, {
        "from": [7.55, 1, 5.6],
        "to": [8.45, 4, 6.75],
        "rotation": {
            "angle": 0,
            "axis": "y",
            "origin": [8, 2.5, 8]
        },
        "faces": {
            "north": {
                "uv": [6.75, 13.5, 7.75, 16],
                "texture": "#0"
            },
            "east": {
                "uv": [3.25, 13.5, 4.25, 16],
                "texture": "#0"
            },
            "south": {
                "uv": [4.25, 13.5, 5.5, 16],
                "texture": "#0"
            },
            "west": {
                "uv": [0, 13.5, 1, 16],
                "texture": "#0"
            },
            "up": {
                "uv": [6.75, 13.5, 7.75, 14.5],
                "texture": "#0"
            },
            "down": {
                "uv": [6.75, 13.5, 7.75, 14.5],
                "texture": "#0"
            }
        }
    }, {
        "from": [7.825, 11, 6.85],
        "to": [8.175, 14.25, 9.15],
        "rotation": {
            "angle": 0,
            "axis": "y",
            "origin": [8, 12.625, 8]
        },
        "faces": {
            "north": {
                "uv": [1, 9.25, 1.25, 12],
                "texture": "#0"
            },
            "east": {
                "uv": [1, 9.25, 3, 12],
                "texture": "#0"
            },
            "south": {
                "uv": [2.75, 9.25, 3, 12],
                "texture": "#0"
            },
            "west": {
                "uv": [1, 9.25, 3, 12],
                "texture": "#0"
            },
            "up": {
                "uv": [1, 9.25, 3, 9.5],
                "rotation": 270,
                "texture": "#0"
            },
            "down": {
                "uv": [0, 13.5, 2.25, 13.75],
                "rotation": 90,
                "texture": "#0"
            }
        }
    }, {
        "from": [7.725, 11, 7.45],
        "to": [8.275, 11.9, 8.55],
        "rotation": {
            "angle": 0,
            "axis": "y",
            "origin": [8, 12.625, 8]
        },
        "faces": {
            "north": {
                "uv": [1.25, 11.25, 1.5, 12],
                "texture": "#0"
            },
            "east": {
                "uv": [1.5, 11.25, 2.5, 12],
                "texture": "#0"
            },
            "south": {
                "uv": [2.5, 11.25, 2.75, 12],
                "texture": "#0"
            },
            "west": {
                "uv": [1.5, 11.25, 2.5, 12],
                "texture": "#0"
            },
            "up": {
                "uv": [1.5, 9.25, 2.5, 9.5],
                "rotation": 270,
                "texture": "#0"
            },
            "down": {
                "uv": [5.5, 11.75, 6.75, 16],
                "rotation": 180,
                "texture": "#0"
            }
        }
    }, {
        "from": [7.875, 14.25, 7.125],
        "to": [8.125, 17.5, 8.875],
        "rotation": {
            "angle": 0,
            "axis": "y",
            "origin": [8, 12.625, 8]
        },
        "faces": {
            "north": {
                "uv": [1.25, 6.5, 1.5, 9.25],
                "texture": "#0"
            },
            "east": {
                "uv": [1.25, 6.5, 2.75, 9.25],
                "texture": "#0"
            },
            "south": {
                "uv": [2.5, 6.5, 2.75, 9.25],
                "texture": "#0"
            },
            "west": {
                "uv": [1.25, 6.5, 2.75, 9.25],
                "texture": "#0"
            },
            "up": {
                "uv": [1.25, 6.5, 2.75, 6.75],
                "rotation": 270,
                "texture": "#0"
            },
            "down": {
                "uv": [5.5, 11.75, 6.75, 16],
                "rotation": 180,
                "texture": "#0"
            }
        }
    }, {
        "from": [7.925, 17.5, 7.4],
        "to": [8.075, 19.85, 8.6],
        "rotation": {
            "angle": 0,
            "axis": "y",
            "origin": [8, 12.625, 8]
        },
        "faces": {
            "north": {
                "uv": [2.25, 4.5, 2.5, 6.5],
                "texture": "#0"
            },
            "east": {
                "uv": [1.5, 4.5, 2.5, 6.5],
                "texture": "#0"
            },
            "south": {
                "uv": [1.5, 4.5, 1.75, 6.5],
                "texture": "#0"
            },
            "west": {
                "uv": [1.5, 4.5, 2.5, 6.5],
                "texture": "#0"
            },
            "up": {
                "uv": [1.5, 4.5, 2.5, 4.75],
                "rotation": 270,
                "texture": "#0"
            },
            "down": {
                "uv": [5.5, 11.75, 6.75, 16],
                "rotation": 180,
                "texture": "#0"
            }
        }
    }, {
        "from": [7.55, 11, 7.125],
        "to": [8.4, 11, 8.875],
        "rotation": {
            "angle": 0,
            "axis": "y",
            "origin": [8, 12.625, 8]
        },
        "faces": {
            "north": {
                "uv": [2.25, 4.5, 2.5, 6.5],
                "texture": "#0"
            },
            "east": {
                "uv": [1.5, 4.5, 2.5, 6.5],
                "texture": "#0"
            },
            "south": {
                "uv": [1.5, 4.5, 1.75, 6.5],
                "texture": "#0"
            },
            "west": {
                "uv": [1.5, 4.5, 2.5, 6.5],
                "texture": "#0"
            },
            "up": {
                "uv": [2.75, 4.5, 4.25, 5.5],
                "rotation": 270,
                "texture": "#0"
            },
            "down": {
                "uv": [2.75, 4.5, 4.25, 5.5],
                "rotation": 90,
                "texture": "#0"
            }
        }
    }, {
        "from": [7.75, 1.6, 6.85],
        "to": [10.15, 4, 9.125],
        "rotation": {
            "angle": -22.5,
            "axis": "z",
            "origin": [8.95, 2.8, 7.9875]
        },
        "faces": {
            "north": {
                "uv": [14, 12.75, 12, 14.75],
                "texture": "#0"
            },
            "east": {
                "uv": [14, 12.75, 16, 14.75],
                "texture": "#0"
            },
            "south": {
                "uv": [12, 12.75, 14, 14.75],
                "texture": "#0"
            },
            "west": {
                "uv": [0.75, 12.5, 1.25, 13],
                "texture": "#0"
            },
            "up": {
                "uv": [10, 14, 12, 16],
                "texture": "#0"
            },
            "down": {
                "uv": [1, 14, 3, 16],
                "texture": "#0"
            }
        }
    }, {
        "from": [8.05, 0, 7.15],
        "to": [9.05, 1.3, 8.825],
        "rotation": {
            "angle": -45,
            "axis": "z",
            "origin": [9.35, 0.85, 7.9875]
        },
        "faces": {
            "north": {
                "uv": [14.25, 14.75, 13.25, 16],
                "texture": "#0"
            },
            "east": {
                "uv": [14.25, 14.75, 15.75, 16],
                "texture": "#0"
            },
            "south": {
                "uv": [13.25, 14.75, 14.25, 16],
                "texture": "#0"
            },
            "west": {
                "uv": [2, 14.5, 3, 15.75],
                "texture": "#0"
            },
            "up": {
                "uv": [10.75, 14.25, 11.75, 15.75],
                "texture": "#0"
            },
            "down": {
                "uv": [2, 14.5, 3, 16],
                "texture": "#0"
            }
        }
    }, {
        "from": [6.95, 0, 7.15],
        "to": [7.95, 1.3, 8.825],
        "rotation": {
            "angle": 45,
            "axis": "z",
            "origin": [6.65, 0.85, 7.9875]
        },
        "faces": {
            "north": {
                "uv": [13.25, 14.75, 14.25, 16],
                "texture": "#0"
            },
            "east": {
                "uv": [3, 14.5, 2, 15.75],
                "texture": "#0"
            },
            "south": {
                "uv": [14.25, 14.75, 13.25, 16],
                "texture": "#0"
            },
            "west": {
                "uv": [15.75, 14.75, 14.25, 16],
                "texture": "#0"
            },
            "up": {
                "uv": [11.75, 14.25, 10.75, 15.75],
                "texture": "#0"
            },
            "down": {
                "uv": [3, 14.5, 2, 16],
                "texture": "#0"
            }
        }
    }, {
        "from": [5.85, 1.6, 6.85],
        "to": [8.25, 4, 9.125],
        "rotation": {
            "angle": 22.5,
            "axis": "z",
            "origin": [7.05, 2.8, 7.9875]
        },
        "faces": {
            "north": {
                "uv": [12, 12.75, 14, 14.75],
                "texture": "#0"
            },
            "east": {
                "uv": [1.25, 12.5, 0.75, 13],
                "texture": "#0"
            },
            "south": {
                "uv": [14, 12.75, 12, 14.75],
                "texture": "#0"
            },
            "west": {
                "uv": [16, 12.75, 14, 14.75],
                "texture": "#0"
            },
            "up": {
                "uv": [12, 14, 10, 16],
                "texture": "#0"
            },
            "down": {
                "uv": [3, 14, 1, 16],
                "texture": "#0"
            }
        }
    }, {
        "from": [7.35, -0.45, 6.8],
        "to": [8.65, 1, 9.2],
        "faces": {
            "north": {
                "uv": [2.25, 12.25, 3.5, 13.5],
                "texture": "#0"
            },
            "east": {
                "uv": [0, 12.25, 2, 13.5],
                "texture": "#0"
            },
            "south": {
                "uv": [2.25, 12.25, 3.5, 13.5],
                "texture": "#0"
            },
            "west": {
                "uv": [0, 12.25, 2, 13.5],
                "texture": "#0"
            },
            "up": {
                "uv": [5.25, 11.75, 6.5, 16],
                "texture": "#0"
            },
            "down": {
                "uv": [1.5, 14, 2.75, 15.75],
                "texture": "#0"
            }
        }
    }, {
        "from": [8, 11, 8],
        "to": [8, 24, 10.5],
        "rotation": {
            "angle": 0,
            "axis": "y",
            "origin": [8, 17.5, 9.25]
        },
        "faces": {
            "north": {
                "uv": [0, 0, 0, 3.25],
                "texture": "#missing"
            },
            "east": {
                "uv": [16, 0, 14, 11],
                "texture": "#0"
            },
            "south": {
                "uv": [0, 0, 0, 3.25],
                "texture": "#missing"
            },
            "west": {
                "uv": [14, 0, 12, 11],
                "texture": "#0"
            },
            "up": {
                "uv": [0, 0, 0, 0.25],
                "texture": "#missing"
            },
            "down": {
                "uv": [0, 0, 0, 0.25],
                "texture": "#missing"
            }
        }
    }, {
        "from": [8, 11, 5.5],
        "to": [8, 24, 8],
        "rotation": {
            "angle": 0,
            "axis": "y",
            "origin": [8, 17.5, 6.75]
        },
        "faces": {
            "north": {
                "uv": [0, 0, 0, 3.25],
                "texture": "#missing"
            },
            "east": {
                "uv": [14, 0, 12, 11],
                "texture": "#0"
            },
            "south": {
                "uv": [0, 0, 0, 3.25],
                "texture": "#missing"
            },
            "west": {
                "uv": [16, 0, 14, 11],
                "texture": "#0"
            },
            "up": {
                "uv": [0, 0, 0, 0.25],
                "texture": "#missing"
            },
            "down": {
                "uv": [0, 0, 0, 0.25],
                "texture": "#missing"
            }
        }
    }]
}