{
	"credit": "Made with Blockbench",
	"texture_size": [128, 128],
	"textures": {
		"0": "item/multiple/sweet/valentine_texture_01",
		"1": "item/multiple/sweet/valentine_animation_01",
		"2": "item/multiple/sweet/valentine_animation_02",
		"3": "item/multiple/sweet/valentine_animation_05",
		"particle": "item/multiple/sweet/valentine_texture_01"
	},
	"elements": [
		{
			"from": [6.15, -3, 7.5],
			"to": [9.85, 4.5, 12],
			"rotation": {"angle": -45, "axis": "x", "origin": [25, -2.5, 8]},
			"faces": {
				"north": {"uv": [1.75, 0.5625, 0.8125, 1], "rotation": 90, "texture": "#0"},
				"east": {"uv": [1.4375, 0, 2.375, 0.5625], "rotation": 90, "texture": "#0"},
				"south": {"uv": [3.3125, 0, 2.375, 0.4375], "rotation": 90, "texture": "#0"},
				"west": {"uv": [1.4375, 0.5625, 2.375, 0], "rotation": 90, "texture": "#0"},
				"up": {"uv": [2.3125, 0.5625, 2.875, 1], "rotation": 90, "texture": "#0"},
				"down": {"uv": [1.75, 0.5625, 2.3125, 1], "rotation": 90, "texture": "#0"}
			}
		},
		{
			"from": [6.15, -3, 12],
			"to": [9.85, 1.5, 15],
			"rotation": {"angle": -45, "axis": "x", "origin": [25, -2.5, 8]},
			"faces": {
				"north": {"uv": [1.9375, 1, 1.375, 1.4375], "rotation": 90, "texture": "#0"},
				"east": {"uv": [0.8125, 1, 1.375, 1.375], "rotation": 90, "texture": "#0"},
				"south": {"uv": [1.9375, 1, 1.375, 1.4375], "rotation": 90, "texture": "#0"},
				"west": {"uv": [0.8125, 1.375, 1.375, 1], "rotation": 90, "texture": "#0"},
				"up": {"uv": [2.3125, 1, 2.6875, 1.4375], "rotation": 90, "texture": "#0"},
				"down": {"uv": [1.9375, 1, 2.3125, 1.4375], "rotation": 90, "texture": "#0"}
			}
		},
		{
			"from": [8, 5, 5],
			"to": [8, 24.5, 11],
			"rotation": {"angle": 0, "axis": "y", "origin": [0, -2, -0.5]},
			"faces": {
				"north": {"uv": [0.5, 0, 0.5, 3.8125], "texture": "#0"},
				"east": {"uv": [11.375, 0, 12.125, 2.4375], "texture": "#0"},
				"south": {"uv": [0.5, 0, 0.5, 3.8125], "texture": "#0"},
				"west": {"uv": [11.375, 0, 12.125, 2.4375], "texture": "#0"},
				"up": {"uv": [0.5, 0, 0.5, 1.25], "texture": "#0"},
				"down": {"uv": [0.5, 0, 0.5, 1.25], "texture": "#0"}
			}
		},
		{
			"from": [7.5, 3, 6.25],
			"to": [8.5, 19.5, 9.75],
			"rotation": {"angle": 0, "axis": "y", "origin": [17, -11, -0.5]},
			"faces": {
				"north": {"uv": [0.6875, 2.5625, 0.5625, 4.625], "texture": "#0"},
				"east": {"uv": [0.125, 2.5625, 0.5625, 4.625], "texture": "#0"},
				"south": {"uv": [0.6875, 2.5625, 0.5625, 4.625], "texture": "#0"},
				"west": {"uv": [0.125, 2.5625, 0.5625, 4.625], "texture": "#0"},
				"up": {"uv": [3, 0.4375, 2.875, 0.875], "texture": "#0"},
				"down": {"uv": [3, 0.4375, 2.875, 0.875], "texture": "#0"}
			}
		},
		{
			"from": [7.55, 17.8, 7.25],
			"to": [8.45, 20.4, 9.85],
			"rotation": {"angle": -45, "axis": "x", "origin": [8, 18.55, 8]},
			"faces": {
				"north": {"uv": [1.125, 2.9375, 1.25, 2.625], "texture": "#0"},
				"east": {"uv": [1, 2.625, 0.6875, 2.9375], "texture": "#0"},
				"south": {"uv": [1.125, 2.9375, 1.25, 2.625], "texture": "#0"},
				"west": {"uv": [1, 2.625, 0.6875, 2.9375], "texture": "#0"},
				"up": {"uv": [1, 2.9375, 1.125, 2.625], "texture": "#0"},
				"down": {"uv": [1, 2.9375, 1.125, 2.625], "texture": "#0"}
			}
		},
		{
			"from": [7, -13.5, 7],
			"to": [9, -0.5, 9],
			"rotation": {"angle": -45, "axis": "y", "origin": [8, -5.5, 8]},
			"faces": {
				"north": {"uv": [1.625, 1.4375, 1.875, 2.6875], "texture": "#0"},
				"east": {"uv": [1.875, 1.4375, 2.125, 2.6875], "texture": "#0"},
				"south": {"uv": [1.0625, 1.375, 1.3125, 2.625], "texture": "#0"},
				"west": {"uv": [0.8125, 1.375, 1.0625, 2.625], "texture": "#0"},
				"up": {"uv": [1.3125, 1.4375, 1.5625, 1.6875], "texture": "#0"},
				"down": {"uv": [1.3125, 1.4375, 1.5625, 1.6875], "texture": "#0"}
			}
		},
		{
			"from": [8, -16, 5.75],
			"to": [8, -12, 10.25],
			"rotation": {"angle": -22.5, "axis": "y", "origin": [8, -14, 8]},
			"faces": {
				"north": {"uv": [1.625, 1.4375, 1.875, 2.6875], "texture": "#0"},
				"east": {"uv": [13.8125, 0, 14.375, 0.5], "texture": "#0"},
				"south": {"uv": [1.0625, 1.375, 1.3125, 2.625], "texture": "#0"},
				"west": {"uv": [13.8125, 0, 14.375, 0.5], "texture": "#0"},
				"up": {"uv": [1.3125, 1.4375, 1.5625, 1.6875], "texture": "#0"},
				"down": {"uv": [1.3125, 1.4375, 1.5625, 1.6875], "texture": "#0"}
			}
		},
		{
			"from": [8, -16, 5.75],
			"to": [8, -12, 10.25],
			"rotation": {"angle": 22.5, "axis": "y", "origin": [8, -14, 8]},
			"faces": {
				"north": {"uv": [1.625, 1.4375, 1.875, 2.6875], "texture": "#0"},
				"east": {"uv": [13.8125, 0, 14.375, 0.5], "texture": "#0"},
				"south": {"uv": [1.0625, 1.375, 1.3125, 2.625], "texture": "#0"},
				"west": {"uv": [13.8125, 0, 14.375, 0.5], "texture": "#0"},
				"up": {"uv": [1.3125, 1.4375, 1.5625, 1.6875], "texture": "#0"},
				"down": {"uv": [1.3125, 1.4375, 1.5625, 1.6875], "texture": "#0"}
			}
		},
		{
			"from": [6.8, -3.5, 6.7],
			"to": [9.3, -0.5, 9.2],
			"rotation": {"angle": -45, "axis": "y", "origin": [8, -7.5, 7.9]},
			"faces": {
				"north": {"uv": [1.3125, 2.375, 1.625, 2.75], "texture": "#0"},
				"east": {"uv": [1.3125, 2.375, 1.625, 2.75], "texture": "#0"},
				"south": {"uv": [1.3125, 2.375, 1.625, 2.75], "texture": "#0"},
				"west": {"uv": [1.3125, 2.375, 1.625, 2.75], "texture": "#0"},
				"up": {"uv": [1.3125, 2.0625, 1.625, 2.375], "texture": "#0"},
				"down": {"uv": [1.3125, 2.0625, 1.625, 2.375], "texture": "#0"}
			}
		},
		{
			"from": [6.8, -11.6, 6.7],
			"to": [9.3, -8.6, 9.2],
			"rotation": {"angle": -45, "axis": "y", "origin": [8, -7.5, 7.9]},
			"faces": {
				"north": {"uv": [1.3125, 1.6875, 1.625, 2.0625], "texture": "#0"},
				"east": {"uv": [1.3125, 1.6875, 1.625, 2.0625], "texture": "#0"},
				"south": {"uv": [1.3125, 1.6875, 1.625, 2.0625], "texture": "#0"},
				"west": {"uv": [1.3125, 1.6875, 1.625, 2.0625], "texture": "#0"},
				"up": {"uv": [1.3125, 2.0625, 1.625, 2.375], "texture": "#0"},
				"down": {"uv": [1.3125, 2.0625, 1.625, 2.375], "texture": "#0"}
			}
		},
		{
			"from": [6, -1, 5],
			"to": [6, 4, 10],
			"rotation": {"angle": 45, "axis": "x", "origin": [2, 1, 8]},
			"faces": {
				"north": {"uv": [0, 0, 0, 10], "texture": "#1"},
				"east": {"uv": [10, 0, 0, 10], "texture": "#1"},
				"south": {"uv": [0, 0, 0, 10], "texture": "#1"},
				"west": {"uv": [0, 0, 10, 10], "texture": "#1"},
				"up": {"uv": [0, 10, 0, 0], "texture": "#1"},
				"down": {"uv": [0, 0, 0, 10], "texture": "#1"}
			}
		},
		{
			"from": [10, -1, 5],
			"to": [10, 4, 10],
			"rotation": {"angle": 45, "axis": "x", "origin": [14, 1, 8]},
			"faces": {
				"north": {"uv": [0, 0, 0, 10], "texture": "#1"},
				"east": {"uv": [10, 0, 0, 10], "texture": "#1"},
				"south": {"uv": [0, 0, 0, 10], "texture": "#1"},
				"west": {"uv": [0, 0, 10, 10], "texture": "#1"},
				"up": {"uv": [0, 10, 0, 0], "texture": "#1"},
				"down": {"uv": [0, 0, 0, 10], "texture": "#1"}
			}
		},
		{
			"from": [5.5, -1, 3],
			"to": [5.5, 3, 13],
			"faces": {
				"north": {"uv": [0, 0, 0, 6], "texture": "#2"},
				"east": {"uv": [14, 0, 0, 6], "texture": "#2"},
				"south": {"uv": [0, 0, 0, 6], "texture": "#2"},
				"west": {"uv": [0, 0, 14, 6], "texture": "#2"},
				"up": {"uv": [0, 0, 0, 12], "texture": "#2"},
				"down": {"uv": [0, 0, 0, 12], "texture": "#2"}
			}
		},
		{
			"from": [10.5, -1, 3],
			"to": [10.5, 3, 13],
			"rotation": {"angle": 0, "axis": "y", "origin": [16, 0, 0]},
			"faces": {
				"north": {"uv": [0, 0, 0, 6], "texture": "#2"},
				"east": {"uv": [0, 0, 14, 6], "texture": "#2"},
				"south": {"uv": [0, 0, 0, 6], "texture": "#2"},
				"west": {"uv": [14, 0, 0, 6], "texture": "#2"},
				"up": {"uv": [0, 0, 0, 12], "texture": "#2"},
				"down": {"uv": [0, 0, 0, 12], "texture": "#2"}
			}
		},
		{
			"from": [7.5, 15, -3],
			"to": [7.5, 21, 6],
			"rotation": {"angle": -22.5, "axis": "x", "origin": [7.5, 19.5, -0.5]},
			"faces": {
				"north": {"uv": [0, 0, 0, 5], "texture": "#3"},
				"east": {"uv": [0, 0, 9, 5], "texture": "#3"},
				"south": {"uv": [0, 0, 0, 5], "texture": "#3"},
				"west": {"uv": [0, 0, 9, 5], "texture": "#3"},
				"up": {"uv": [0, 9, 0, 0], "texture": "#3"},
				"down": {"uv": [0, 0, 0, 9], "texture": "#3"}
			}
		},
		{
			"from": [7.5, 5, -3.5],
			"to": [7.5, 11, 5.5],
			"rotation": {"angle": 0, "axis": "y", "origin": [7.5, 8.5, -0.5]},
			"faces": {
				"north": {"uv": [0, 0, 0, 5], "texture": "#3"},
				"east": {"uv": [0, 0, 9, 5], "texture": "#3"},
				"south": {"uv": [0, 0, 0, 5], "texture": "#3"},
				"west": {"uv": [0, 0, 9, 5], "texture": "#3"},
				"up": {"uv": [0, 9, 0, 0], "texture": "#3"},
				"down": {"uv": [0, 0, 0, 9], "texture": "#3"}
			}
		},
		{
			"from": [7.5, 11, 10],
			"to": [7.5, 17, 19],
			"rotation": {"angle": 22.5, "axis": "x", "origin": [7.5, 13.5, 16.5]},
			"faces": {
				"north": {"uv": [0, 0, 0, 5], "texture": "#3"},
				"east": {"uv": [0, 0, 9, 5], "texture": "#3"},
				"south": {"uv": [0, 0, 0, 5], "texture": "#3"},
				"west": {"uv": [0, 0, 9, 5], "texture": "#3"},
				"up": {"uv": [0, 9, 0, 0], "texture": "#3"},
				"down": {"uv": [0, 0, 0, 9], "texture": "#3"}
			}
		},
		{
			"from": [7, -1, 6],
			"to": [9, 9, 8],
			"rotation": {"angle": 22.5, "axis": "x", "origin": [0, -2, 14]},
			"faces": {
				"north": {"uv": [1.4375, 2.9375, 1.1875, 4.1875], "texture": "#0"},
				"east": {"uv": [1.1875, 2.9375, 0.9375, 4.1875], "texture": "#0"},
				"south": {"uv": [0.9375, 2.9375, 0.6875, 4.1875], "texture": "#0"},
				"west": {"uv": [1.6875, 2.9375, 1.4375, 4.1875], "texture": "#0"},
				"up": {"uv": [1.625, 2.9375, 1.875, 2.6875], "texture": "#0"},
				"down": {"uv": [1.625, 2.9375, 1.875, 2.6875], "texture": "#0"}
			}
		},
		{
			"from": [6.75, -2, 6.5],
			"to": [9.25, 10, 9],
			"rotation": {"angle": 45, "axis": "x", "origin": [0, -2, 14]},
			"faces": {
				"north": {"uv": [1.625, 4.1875, 1.3125, 5.6875], "texture": "#0"},
				"east": {"uv": [1.3125, 4.1875, 1, 5.6875], "texture": "#0"},
				"south": {"uv": [1, 4.1875, 0.6875, 5.6875], "texture": "#0"},
				"west": {"uv": [1.9375, 4.1875, 1.625, 5.6875], "texture": "#0"},
				"up": {"uv": [0.125, 4.9375, 0.4375, 4.625], "texture": "#0"},
				"down": {"uv": [0.125, 4.9375, 0.4375, 4.625], "texture": "#0"}
			}
		},
		{
			"from": [9.5, -11.5, 10],
			"to": [9.5, 0.5, 16],
			"rotation": {"angle": -22.5, "axis": "x", "origin": [8.5, -6.5, 14]},
			"faces": {
				"north": {"uv": [0, 0, 0, 24], "texture": "#missing"},
				"east": {"uv": [14.375, 0.625, 13.625, 2.125], "texture": "#0"},
				"south": {"uv": [0, 0, 0, 24], "texture": "#missing"},
				"west": {"uv": [13.625, 0.625, 14.375, 2.125], "texture": "#0"},
				"up": {"uv": [0, 0, 0, 12], "texture": "#missing"},
				"down": {"uv": [0, 0, 0, 12], "texture": "#missing"}
			}
		},
		{
			"from": [9.5, -11.5, 0],
			"to": [9.5, 0.5, 6],
			"rotation": {"angle": 22.5, "axis": "x", "origin": [8.5, -6.5, 2]},
			"faces": {
				"north": {"uv": [0, 0, 0, 24], "texture": "#missing"},
				"east": {"uv": [13.625, 0.625, 14.375, 2.125], "texture": "#0"},
				"south": {"uv": [0, 0, 0, 24], "texture": "#missing"},
				"west": {"uv": [14.375, 0.625, 13.625, 2.125], "texture": "#0"},
				"up": {"uv": [0, 12, 0, 0], "texture": "#missing"},
				"down": {"uv": [0, 12, 0, 0], "texture": "#missing"}
			}
		},
		{
			"from": [5.9, -4.5, 3.5],
			"to": [5.9, 1, 12.5],
			"rotation": {"angle": 0, "axis": "y", "origin": [7.4, 19.75, 8]},
			"faces": {
				"north": {"uv": [0.8125, 0, 0.6875, 2.5625], "texture": "#0"},
				"east": {"uv": [12.5, 1.4375, 13.625, 2.125], "texture": "#0"},
				"south": {"uv": [0.8125, 0, 0.6875, 2.5625], "texture": "#0"},
				"west": {"uv": [12.5, 1.4375, 13.625, 2.125], "texture": "#0"},
				"up": {"uv": [0.8125, 0, 0.6875, 0.6875], "texture": "#0"},
				"down": {"uv": [0.8125, 0, 0.6875, 0.6875], "texture": "#0"}
			}
		},
		{
			"from": [10.1, -4.5, 3.5],
			"to": [10.1, 1, 12.5],
			"rotation": {"angle": 0, "axis": "y", "origin": [8.6, 19.75, 8]},
			"faces": {
				"north": {"uv": [0.6875, 0, 0.8125, 2.5625], "texture": "#0"},
				"east": {"uv": [13.625, 1.4375, 12.5, 2.125], "texture": "#0"},
				"south": {"uv": [0.6875, 0, 0.8125, 2.5625], "texture": "#0"},
				"west": {"uv": [13.625, 1.4375, 12.5, 2.125], "texture": "#0"},
				"up": {"uv": [0.6875, 0, 0.8125, 0.6875], "texture": "#0"},
				"down": {"uv": [0.6875, 0, 0.8125, 0.6875], "texture": "#0"}
			}
		},
		{
			"from": [6.5, -11.5, 0],
			"to": [6.5, 0.5, 6],
			"rotation": {"angle": 22.5, "axis": "x", "origin": [7.5, -6.5, 2]},
			"faces": {
				"north": {"uv": [0, 0, 0, 24], "texture": "#missing"},
				"east": {"uv": [13.625, 0.625, 14.375, 2.125], "texture": "#0"},
				"south": {"uv": [0, 0, 0, 24], "texture": "#missing"},
				"west": {"uv": [14.375, 0.625, 13.625, 2.125], "texture": "#0"},
				"up": {"uv": [0, 12, 0, 0], "texture": "#missing"},
				"down": {"uv": [0, 12, 0, 0], "texture": "#missing"}
			}
		},
		{
			"from": [6.5, -11.5, 10],
			"to": [6.5, 0.5, 16],
			"rotation": {"angle": -22.5, "axis": "x", "origin": [7.5, -6.5, 14]},
			"faces": {
				"north": {"uv": [0, 0, 0, 24], "texture": "#missing"},
				"east": {"uv": [14.375, 0.625, 13.625, 2.125], "texture": "#0"},
				"south": {"uv": [0, 0, 0, 24], "texture": "#missing"},
				"west": {"uv": [13.625, 0.625, 14.375, 2.125], "texture": "#0"},
				"up": {"uv": [0, 0, 0, 12], "texture": "#missing"},
				"down": {"uv": [0, 0, 0, 12], "texture": "#missing"}
			}
		}
	],
	"gui_light": "front",
	"display": {
		"thirdperson_righthand": {
			"translation": [0, 7.75, 1],
			"scale": [0.6, 0.6, 0.6]
		},
		"thirdperson_lefthand": {
			"translation": [0, 7.75, 1],
			"scale": [0.6, 0.6, 0.6]
		},
		"firstperson_righthand": {
			"rotation": [20, 15, 3],
			"translation": [0.75, 3.5, 1],
			"scale": [0.4, 0.4, 0.4]
		},
		"firstperson_lefthand": {
			"rotation": [20, 15, 3],
			"translation": [0.75, 3.5, 1],
			"scale": [0.4, 0.4, 0.4]
		},
		"ground": {
			"rotation": [0, 0, 88],
			"translation": [-2, 2.5, 0.25],
			"scale": [0.45, 0.45, 0.45]
		},
		"gui": {
			"rotation": [90, 45, -90],
			"translation": [1.5, 0, -1.25],
			"scale": [0.43609, 0.43609, 0.43609]
		},
		"head": {
			"rotation": [90, -156, 90],
			"translation": [1, 10.5, 1.75],
			"scale": [0.6, 0.6, 0.6]
		},
		"fixed": {
			"rotation": [-90, -90, -90],
			"translation": [0, 5.5, -3],
			"scale": [1.2, 1.2, 1.2]
		}
	}
}