{
	"credit": "Made with Blockbench",
	"texture_size": [64, 64],
	"textures": {
		"1": "item/swords/thunderstorm_sword",
		"particle": "item/swords/thunderstorm_sword"
	},
	"elements": [
		{
			"from": [6, -16, 8],
			"to": [10, -12, 8],
			"rotation": {"angle": 0, "axis": "y", "origin": [8, -17, 8]},
			"faces": {
				"north": {"uv": [5.25, 1, 6.25, 2], "texture": "#1"},
				"east": {"uv": [0, 0, 0, 1], "texture": "#1"},
				"south": {"uv": [6.25, 1, 5.25, 2], "texture": "#1"},
				"west": {"uv": [0, 0, 0, 1], "texture": "#1"},
				"up": {"uv": [1, 0, 0, 0], "texture": "#1"},
				"down": {"uv": [1, 0, 0, 0], "texture": "#1"}
			}
		},
		{
			"from": [7, -13, 7],
			"to": [9, -10, 9],
			"rotation": {"angle": 0, "axis": "y", "origin": [8, -17, 8]},
			"faces": {
				"north": {"uv": [4.5, 6.25, 5, 7], "texture": "#1"},
				"east": {"uv": [5, 6.25, 5.5, 7], "texture": "#1"},
				"south": {"uv": [5.5, 6.25, 6, 7], "texture": "#1"},
				"west": {"uv": [6.5, 5.75, 7, 6.5], "texture": "#1"},
				"up": {"uv": [7.5, 5.25, 7, 4.75], "texture": "#1"},
				"down": {"uv": [5.5, 7, 5, 7.5], "texture": "#1"}
			}
		},
		{
			"from": [7.5, -10, 7.5],
			"to": [8.5, -1, 8.5],
			"rotation": {"angle": 0, "axis": "y", "origin": [8, -17, 8]},
			"faces": {
				"north": {"uv": [3, 6, 3.25, 8.25], "texture": "#1"},
				"east": {"uv": [3.25, 6, 3.5, 8.25], "texture": "#1"},
				"south": {"uv": [3.5, 6, 3.75, 8.25], "texture": "#1"},
				"west": {"uv": [3.75, 6, 4, 8.25], "texture": "#1"},
				"up": {"uv": [7.5, 0.25, 7.25, 0], "texture": "#1"},
				"down": {"uv": [7.5, 0.25, 7.25, 0.5], "texture": "#1"}
			}
		},
		{
			"from": [6, -1, 7],
			"to": [10, 3, 9],
			"rotation": {"angle": 0, "axis": "y", "origin": [8, 1, 8]},
			"faces": {
				"north": {"uv": [5.25, 3, 6.25, 4], "texture": "#1"},
				"east": {"uv": [6, 5.75, 6.5, 6.75], "texture": "#1"},
				"south": {"uv": [5.75, 0, 6.75, 1], "texture": "#1"},
				"west": {"uv": [6.25, 1, 6.75, 2], "texture": "#1"},
				"up": {"uv": [7.25, 2.5, 6.25, 2], "texture": "#1"},
				"down": {"uv": [7.25, 2.5, 6.25, 3], "texture": "#1"}
			}
		},
		{
			"from": [7, -3, 7],
			"to": [9, -1, 9],
			"rotation": {"angle": 0, "axis": "y", "origin": [8, 1, 8]},
			"faces": {
				"north": {"uv": [1.5, 6.75, 2, 7.25], "texture": "#1"},
				"east": {"uv": [6.75, 1.5, 7.25, 2], "texture": "#1"},
				"south": {"uv": [2, 6.75, 2.5, 7.25], "texture": "#1"},
				"west": {"uv": [2.5, 6.75, 3, 7.25], "texture": "#1"},
				"up": {"uv": [7.25, 4.5, 6.75, 4], "texture": "#1"},
				"down": {"uv": [6.5, 6.75, 6, 7.25], "texture": "#1"}
			}
		},
		{
			"from": [2.5, 8, 7],
			"to": [13.5, 32, 7],
			"rotation": {"angle": 0, "axis": "y", "origin": [8, -17, 8]},
			"faces": {
				"north": {"uv": [0, 0, 2.75, 6], "texture": "#1"},
				"east": {"uv": [0, 0, 0, 6], "texture": "#1"},
				"south": {"uv": [2.75, 0, 0, 6], "texture": "#1"},
				"west": {"uv": [0, 0, 0, 6], "texture": "#1"},
				"up": {"uv": [2.75, 0, 0, 0], "texture": "#1"}
			}
		},
		{
			"from": [6, 8, 6],
			"to": [10, 14, 8],
			"rotation": {"angle": 0, "axis": "y", "origin": [8, 11, 7.5]},
			"faces": {
				"north": {"uv": [4, 4.75, 5, 6.25], "texture": "#1"},
				"east": {"uv": [0, 6, 0.5, 7.5], "texture": "#1"},
				"south": {"uv": [5, 4.75, 6, 6.25], "texture": "#1"},
				"west": {"uv": [0.5, 6, 1, 7.5], "texture": "#1"},
				"up": {"uv": [7, 5.25, 6, 4.75], "texture": "#1"},
				"down": {"uv": [7, 5.25, 6, 5.75], "texture": "#1"}
			}
		},
		{
			"from": [10.5, 6, 5.5],
			"to": [12.5, 8, 8.5],
			"rotation": {"angle": -45, "axis": "z", "origin": [10.5, 8, 7.5]},
			"faces": {
				"north": {"uv": [7, 3, 7.5, 3.5], "texture": "#1"},
				"east": {"uv": [6.25, 3, 7, 3.5], "texture": "#1"},
				"south": {"uv": [7, 3.5, 7.5, 4], "texture": "#1"},
				"west": {"uv": [6.25, 3.5, 7, 4], "texture": "#1"},
				"up": {"uv": [4.5, 7, 4, 6.25], "texture": "#1"},
				"down": {"uv": [6.75, 4, 6.25, 4.75], "texture": "#1"}
			}
		},
		{
			"from": [3.5, 6, 5.5],
			"to": [5.5, 8, 8.5],
			"rotation": {"angle": 45, "axis": "z", "origin": [5.5, 8, 7.5]},
			"faces": {
				"north": {"uv": [7.5, 3, 7, 3.5], "texture": "#1"},
				"east": {"uv": [7, 3.5, 6.25, 4], "texture": "#1"},
				"south": {"uv": [7.5, 3.5, 7, 4], "texture": "#1"},
				"west": {"uv": [7, 3, 6.25, 3.5], "texture": "#1"},
				"up": {"uv": [4, 7, 4.5, 6.25], "texture": "#1"},
				"down": {"uv": [6.25, 4, 6.75, 4.75], "texture": "#1"}
			}
		},
		{
			"from": [3.5, 0, 4.9],
			"to": [7.5, 5, 4.9],
			"rotation": {"angle": -22.5, "axis": "z", "origin": [7.5, 3, 4.9]},
			"faces": {
				"north": {"uv": [1, 7.5, 0, 8.75], "texture": "#1"},
				"east": {"uv": [0, 0, 0, 0.75], "texture": "#1"},
				"south": {"uv": [0, 7.5, 1, 8.75], "texture": "#1"},
				"west": {"uv": [0, 0, 0, 0.75], "texture": "#1"},
				"up": {"uv": [0, 0, 1, 0], "texture": "#1"},
				"down": {"uv": [0, 0, 1, 0], "texture": "#1"}
			}
		},
		{
			"from": [8.5, 0, 4.9],
			"to": [12.5, 5, 4.9],
			"rotation": {"angle": 22.5, "axis": "z", "origin": [8.5, 3, 4.9]},
			"faces": {
				"north": {"uv": [0, 7.5, 1, 8.75], "texture": "#1"},
				"east": {"uv": [0, 0, 0, 0.75], "texture": "#1"},
				"south": {"uv": [1, 7.5, 0, 8.75], "texture": "#1"},
				"west": {"uv": [0, 0, 0, 0.75], "texture": "#1"},
				"up": {"uv": [1, 0, 0, 0], "texture": "#1"},
				"down": {"uv": [1, 0, 0, 0], "texture": "#1"}
			}
		},
		{
			"from": [6, 8, 5],
			"to": [10, 11, 6],
			"rotation": {"angle": 0, "axis": "y", "origin": [8, 11, 7.5]},
			"faces": {
				"north": {"uv": [5.25, 4, 6.25, 4.75], "texture": "#1"},
				"east": {"uv": [7, 5.75, 7.25, 6.5], "texture": "#1"},
				"south": {"uv": [1, 6, 2, 6.75], "texture": "#1"},
				"west": {"uv": [7, 6.5, 7.25, 7.25], "texture": "#1"},
				"up": {"uv": [7.75, 4.75, 6.75, 4.5], "texture": "#1"},
				"down": {"uv": [5, 7, 4, 7.25], "texture": "#1"}
			}
		},
		{
			"from": [6, 8, 8],
			"to": [10, 14, 10],
			"rotation": {"angle": 0, "axis": "y", "origin": [8, 11, 8.5]},
			"faces": {
				"north": {"uv": [6, 4.75, 5, 6.25], "texture": "#1"},
				"east": {"uv": [0.5, 6, 0, 7.5], "texture": "#1"},
				"south": {"uv": [5, 4.75, 4, 6.25], "texture": "#1"},
				"west": {"uv": [1, 6, 0.5, 7.5], "texture": "#1"},
				"up": {"uv": [7, 4.75, 6, 5.25], "texture": "#1"},
				"down": {"uv": [7, 5.75, 6, 5.25], "texture": "#1"}
			}
		},
		{
			"from": [5.5, 3, 5],
			"to": [10.5, 8, 10],
			"rotation": {"angle": 0, "axis": "y", "origin": [8, 11, 7.5]},
			"faces": {
				"north": {"uv": [2.75, 1, 4, 2.25], "texture": "#1"},
				"east": {"uv": [2.75, 2.25, 4, 3.5], "texture": "#1"},
				"south": {"uv": [2.75, 1, 4, 2.25], "texture": "#1"},
				"west": {"uv": [4, 1, 5.25, 2.25], "texture": "#1"},
				"up": {"uv": [5.25, 3.5, 4, 2.25], "texture": "#1"},
				"down": {"uv": [5.25, 3.5, 4, 4.75], "texture": "#1"}
			}
		},
		{
			"from": [-1, 2, 6.75],
			"to": [8, 13, 6.75],
			"rotation": {"angle": 0, "axis": "y", "origin": [8, 11, 7.5]},
			"faces": {
				"north": {"uv": [2.25, 13.25, 0, 16], "texture": "#1"},
				"east": {"uv": [0, 0, 0, 1], "texture": "#1"},
				"south": {"uv": [0, 13.25, 2.25, 16], "texture": "#1"},
				"west": {"uv": [0, 0, 0, 1], "texture": "#1"},
				"down": {"uv": [0, 0, 1.25, 0], "texture": "#1"}
			}
		},
		{
			"from": [8, 2, 6.75],
			"to": [17, 13, 6.75],
			"rotation": {"angle": 0, "axis": "y", "origin": [8, 11, 7.5]},
			"faces": {
				"north": {"uv": [0, 13.25, 2.25, 16], "texture": "#1"},
				"east": {"uv": [0, 0, 0, 1], "texture": "#1"},
				"south": {"uv": [2.25, 13.25, 0, 16], "texture": "#1"},
				"west": {"uv": [0, 0, 0, 1], "texture": "#1"},
				"down": {"uv": [1.25, 0, 0, 0], "texture": "#1"}
			}
		},
		{
			"from": [0, 0, 8.75],
			"to": [9, 11, 8.75],
			"rotation": {"angle": 0, "axis": "y", "origin": [8, 11, 7.5]},
			"faces": {
				"north": {"uv": [2.25, 13.25, 0, 16], "texture": "#1"},
				"east": {"uv": [0, 0, 0, 1], "texture": "#1"},
				"south": {"uv": [0, 13.25, 2.25, 16], "texture": "#1"},
				"west": {"uv": [0, 0, 0, 1], "texture": "#1"},
				"down": {"uv": [0, 0, 1.25, 0], "texture": "#1"}
			}
		},
		{
			"from": [7, 0, 8.75],
			"to": [16, 11, 8.75],
			"rotation": {"angle": 0, "axis": "y", "origin": [8, 11, 7.5]},
			"faces": {
				"north": {"uv": [0, 13.25, 2.25, 16], "texture": "#1"},
				"east": {"uv": [0, 0, 0, 1], "texture": "#1"},
				"south": {"uv": [2.25, 13.25, 0, 16], "texture": "#1"},
				"west": {"uv": [0, 0, 0, 1], "texture": "#1"},
				"down": {"uv": [1.25, 0, 0, 0], "texture": "#1"}
			}
		},
		{
			"from": [8, -4, 8],
			"to": [12, 0, 8],
			"rotation": {"angle": 0, "axis": "y", "origin": [8, 2, 8]},
			"faces": {
				"north": {"uv": [5.25, 2, 6.25, 3], "texture": "#1"},
				"east": {"uv": [0, 0, 0, 1], "texture": "#1"},
				"south": {"uv": [6.25, 2, 5.25, 3], "texture": "#1"},
				"west": {"uv": [0, 0, 0, 1], "texture": "#1"},
				"up": {"uv": [1, 0, 0, 0], "texture": "#1"},
				"down": {"uv": [1, 0, 0, 0], "texture": "#1"}
			}
		},
		{
			"from": [8, -2, 7.75],
			"to": [13, 3, 7.75],
			"rotation": {"angle": 0, "axis": "y", "origin": [8, 2, 8]},
			"faces": {
				"north": {"uv": [2.75, 4.75, 4, 6], "texture": "#1"},
				"east": {"uv": [0, 0, 0, 1.25], "texture": "#1"},
				"south": {"uv": [4, 4.75, 2.75, 6], "texture": "#1"},
				"west": {"uv": [0, 0, 0, 1.25], "texture": "#1"},
				"up": {"uv": [1.25, 0, 0, 0], "texture": "#1"},
				"down": {"uv": [1.25, 0, 0, 0], "texture": "#1"}
			}
		},
		{
			"from": [9.5, 0.5, 7.5],
			"to": [16.5, 4.5, 7.5],
			"rotation": {"angle": -22.5, "axis": "z", "origin": [10, 1, 7.5]},
			"faces": {
				"north": {"uv": [2.75, 0, 4.5, 1], "texture": "#1"},
				"east": {"uv": [0, 0, 0, 1], "texture": "#1"},
				"south": {"uv": [4.5, 0, 2.75, 1], "texture": "#1"},
				"west": {"uv": [0, 0, 0, 1], "texture": "#1"},
				"up": {"uv": [1.75, 0, 0, 0], "texture": "#1"},
				"down": {"uv": [1.75, 0, 0, 0], "texture": "#1"}
			}
		},
		{
			"from": [4, -4, 8],
			"to": [8, 0, 8],
			"rotation": {"angle": 0, "axis": "y", "origin": [8, 2, 8]},
			"faces": {
				"north": {"uv": [6.25, 2, 5.25, 3], "texture": "#1"},
				"east": {"uv": [0, 0, 0, 1], "texture": "#1"},
				"south": {"uv": [5.25, 2, 6.25, 3], "texture": "#1"},
				"west": {"uv": [0, 0, 0, 1], "texture": "#1"},
				"up": {"uv": [0, 0, 1, 0], "texture": "#1"},
				"down": {"uv": [0, 0, 1, 0], "texture": "#1"}
			}
		},
		{
			"from": [3, -2, 7.75],
			"to": [8, 3, 7.75],
			"rotation": {"angle": 0, "axis": "y", "origin": [8, 2, 8]},
			"faces": {
				"north": {"uv": [4, 4.75, 2.75, 6], "texture": "#1"},
				"east": {"uv": [0, 0, 0, 1.25], "texture": "#1"},
				"south": {"uv": [2.75, 4.75, 4, 6], "texture": "#1"},
				"west": {"uv": [0, 0, 0, 1.25], "texture": "#1"},
				"up": {"uv": [0, 0, 1.25, 0], "texture": "#1"},
				"down": {"uv": [0, 0, 1.25, 0], "texture": "#1"}
			}
		},
		{
			"from": [-0.5, 0.5, 7.5],
			"to": [6.5, 4.5, 7.5],
			"rotation": {"angle": 22.5, "axis": "z", "origin": [6, 1, 7.5]},
			"faces": {
				"north": {"uv": [4.5, 0, 2.75, 1], "texture": "#1"},
				"east": {"uv": [0, 0, 0, 1], "texture": "#1"},
				"south": {"uv": [2.75, 0, 4.5, 1], "texture": "#1"},
				"west": {"uv": [0, 0, 0, 1], "texture": "#1"},
				"up": {"uv": [0, 0, 1.75, 0], "texture": "#1"},
				"down": {"uv": [0, 0, 1.75, 0], "texture": "#1"}
			}
		}
	],
	"display": {
		"thirdperson_righthand": {
			"rotation": [0, 90, 0],
			"translation": [0, 5.75, 1.5],
			"scale": [0.5, 0.5, 0.5]
		},
		"thirdperson_lefthand": {
			"rotation": [0, 90, 0],
			"translation": [0, 5.75, 1.5],
			"scale": [0.5, 0.5, 0.5]
		},
		"firstperson_righthand": {
			"rotation": [0, 90, 20],
			"translation": [1.25, 2.75, 0],
			"scale": [0.4, 0.4, 0.4]
		},
		"firstperson_lefthand": {
			"rotation": [0, 90, 20],
			"translation": [1.25, 2.75, 0],
			"scale": [0.4, 0.4, 0.4]
		},
		"ground": {
			"translation": [0, 6, 0],
			"scale": [0.5, 0.5, 0.5]
		},
		"gui": {
			"rotation": [0, 0, -45],
			"translation": [0, 0, -1.5],
			"scale": [0.45, 0.45, 0.45]
		},
		"head": {
			"rotation": [-180, -90, 0],
			"translation": [0, 14.5, 1.75],
			"scale": [0.6, 0.6, 0.6]
		},
		"fixed": {
			"rotation": [0, 0, -45],
			"translation": [0, 0, -1.5],
			"scale": [0.6, 0.6, 0.6]
		}
	},
	"groups": [
		0,
		1,
		2,
		3,
		4,
		5,
		{
			"name": "group",
			"origin": [8, -16, 8],
			"color": 0,
			"children": [
				6,
				7,
				8,
				{
					"name": "group",
					"origin": [8.5, 3, 4.5],
					"color": 0,
					"children": [9, 10]
				},
				11,
				12,
				13,
				{
					"name": "group",
					"origin": [8, 11, 7.5],
					"color": 0,
					"children": [14, 15, 16, 17]
				}
			]
		},
		{
			"name": "group",
			"origin": [8, 1, 8],
			"color": 0,
			"children": [18, 19, 20]
		},
		{
			"name": "group",
			"origin": [8, 1, 8],
			"color": 0,
			"children": [21, 22, 23]
		}
	]
}