{
	"credit": "Made by PolygonMC",
	"texture_size": [24, 24],
	"textures": {
		"2": "item/multiple/xmas_2023/winter_sword",
		"3": "item/multiple/xmas_2023/animations_1"
	},
	"elements": [
		{
			"from": [7.5, 1.2, 7.5],
			"to": [8.5, 1.7, 8.5],
			"rotation": {"angle": 0, "axis": "y", "origin": [7.5, -0.3, 7.5]},
			"faces": {
				"north": {"uv": [4.66667, 14.66667, 5.33333, 15], "texture": "#2"},
				"east": {"uv": [6, 14.66667, 6.66667, 15], "texture": "#2"},
				"south": {"uv": [14.66667, 6, 15.33333, 6.33333], "texture": "#2"},
				"west": {"uv": [6.66667, 14.66667, 7.33333, 15], "texture": "#2"}
			}
		},
		{
			"from": [7.5, 6.75, 7.5],
			"to": [8.5, 7.25, 8.5],
			"rotation": {"angle": 0, "axis": "y", "origin": [7.5, 5.75, 7.5]},
			"faces": {
				"north": {"uv": [7.33333, 14.66667, 8, 15], "texture": "#2"},
				"east": {"uv": [8, 14.66667, 8.66667, 15], "texture": "#2"},
				"south": {"uv": [8.66667, 14.66667, 9.33333, 15], "texture": "#2"},
				"west": {"uv": [9.33333, 14.66667, 10, 15], "texture": "#2"}
			}
		},
		{
			"from": [7.4, 2.2, 7.4],
			"to": [8.6, 2.8, 8.6],
			"rotation": {"angle": 0, "axis": "y", "origin": [7.5, 1.2, 7.5]},
			"faces": {
				"north": {"uv": [14.66667, 1.33333, 15.5, 1.66667], "texture": "#2"},
				"east": {"uv": [14.66667, 2, 15.5, 2.33333], "texture": "#2"},
				"south": {"uv": [14.66667, 2.66667, 15.5, 3], "texture": "#2"},
				"west": {"uv": [3.33333, 14.66667, 4.16667, 15], "texture": "#2"},
				"up": {"uv": [13.5, 2.16667, 12.66667, 1.33333], "texture": "#2"}
			}
		},
		{
			"from": [7.4, 5.65, 7.4],
			"to": [8.6, 6.25, 8.6],
			"rotation": {"angle": 0, "axis": "y", "origin": [7.5, 4.15, 7.5]},
			"faces": {
				"north": {"uv": [14.66667, 3.33333, 15.5, 3.66667], "texture": "#2"},
				"east": {"uv": [14.66667, 4, 15.5, 4.33333], "texture": "#2"},
				"south": {"uv": [14.66667, 4.66667, 15.5, 5], "texture": "#2"},
				"west": {"uv": [14.66667, 5.33333, 15.5, 5.66667], "texture": "#2"},
				"down": {"uv": [13.5, 2.66667, 12.66667, 3.5], "texture": "#2"}
			}
		},
		{
			"from": [7.5, 2.8, 7.5],
			"to": [8.5, 5.65, 8.5],
			"rotation": {"angle": 0, "axis": "y", "origin": [8, 4.225, 8]},
			"faces": {
				"north": {"uv": [8.66667, 10, 9.33333, 11.83333], "texture": "#2"},
				"east": {"uv": [10, 8.66667, 10.66667, 10.5], "texture": "#2"},
				"south": {"uv": [9.33333, 10, 10, 11.83333], "texture": "#2"},
				"west": {"uv": [10.66667, 0, 11.33333, 1.83333], "texture": "#2"}
			}
		},
		{
			"from": [7.25, 1.7, 7.25],
			"to": [8.75, 2.2, 8.75],
			"rotation": {"angle": 0, "axis": "y", "origin": [7.5, 0.7, 7.5]},
			"faces": {
				"north": {"uv": [6, 14, 7, 14.33333], "texture": "#2"},
				"east": {"uv": [14, 6.66667, 15, 7], "texture": "#2"},
				"south": {"uv": [7.33333, 14, 8.33333, 14.33333], "texture": "#2"},
				"west": {"uv": [14, 7.33333, 15, 7.66667], "texture": "#2"},
				"up": {"uv": [5.66667, 12.33333, 4.66667, 11.33333], "texture": "#2"},
				"down": {"uv": [7, 11.33333, 6, 12.33333], "texture": "#2"}
			}
		},
		{
			"from": [7.25, 6.25, 7.25],
			"to": [8.75, 6.75, 8.75],
			"rotation": {"angle": 0, "axis": "y", "origin": [7.5, 5.25, 7.5]},
			"faces": {
				"north": {"uv": [14, 8, 15, 8.33333], "texture": "#2"},
				"east": {"uv": [8.66667, 14, 9.66667, 14.33333], "texture": "#2"},
				"south": {"uv": [14, 8.66667, 15, 9], "texture": "#2"},
				"west": {"uv": [14, 9.33333, 15, 9.66667], "texture": "#2"},
				"up": {"uv": [12.33333, 11, 11.33333, 10], "texture": "#2"},
				"down": {"uv": [12.33333, 11.33333, 11.33333, 12.33333], "texture": "#2"}
			}
		},
		{
			"from": [7.33, 0.28, 7.33],
			"to": [8.67, 1.62, 8.67],
			"rotation": {"angle": -45, "axis": "x", "origin": [8, 0.95, 8]},
			"faces": {
				"north": {"uv": [3.33333, 12.66667, 4.16667, 13.5], "texture": "#2"},
				"east": {"uv": [4.66667, 12.66667, 5.5, 13.5], "texture": "#2"},
				"south": {"uv": [6, 12.66667, 6.83333, 13.5], "texture": "#2"},
				"west": {"uv": [12.66667, 7.33333, 13.5, 8.16667], "texture": "#2"},
				"up": {"uv": [13.5, 9.5, 12.66667, 8.66667], "texture": "#2"},
				"down": {"uv": [10.16667, 12.66667, 9.33333, 13.5], "texture": "#2"}
			}
		},
		{
			"from": [7.35, 6.65, 8],
			"to": [8.65, 8.65, 10],
			"rotation": {"angle": -45, "axis": "x", "origin": [7.25, 6.65, 8]},
			"faces": {
				"north": {"uv": [10, 10.66667, 10.83333, 12], "texture": "#2"},
				"east": {"uv": [8.66667, 8.66667, 10, 10], "texture": "#2"},
				"south": {"uv": [11.33333, 0, 12.16667, 1.33333], "texture": "#2"},
				"west": {"uv": [9.33333, 0, 10.66667, 1.33333], "texture": "#2"},
				"up": {"uv": [12.16667, 2.66667, 11.33333, 1.33333], "texture": "#2"},
				"down": {"uv": [12.16667, 2.66667, 11.33333, 4], "texture": "#2"}
			}
		},
		{
			"from": [7.1, 6.9, 8.25],
			"to": [8.9, 8.4, 9.75],
			"rotation": {"angle": -45, "axis": "x", "origin": [7.25, 6.65, 8]},
			"faces": {
				"north": {"uv": [10.66667, 4.66667, 11.83333, 5.66667], "texture": "#2"},
				"east": {"uv": [12, 4.66667, 13, 5.66667], "texture": "#2"},
				"south": {"uv": [10.66667, 6, 11.83333, 7], "texture": "#2"},
				"west": {"uv": [12, 6, 13, 7], "texture": "#2"},
				"up": {"uv": [11.83333, 8.33333, 10.66667, 7.33333], "texture": "#2"},
				"down": {"uv": [11.83333, 8.66667, 10.66667, 9.66667], "texture": "#2"}
			}
		},
		{
			"from": [7.75, 0.45628, 5.53731],
			"to": [8.25, 1.45628, 6.03731],
			"rotation": {"angle": 45, "axis": "x", "origin": [8, 0.33128, 6.28731]},
			"faces": {
				"north": {"uv": [10, 14.66667, 10.33333, 15.33333], "texture": "#2"},
				"east": {"uv": [14.66667, 10, 15, 10.66667], "texture": "#2"},
				"south": {"uv": [10.66667, 14.66667, 11, 15.33333], "texture": "#2"},
				"west": {"uv": [14.66667, 10.66667, 15, 11.33333], "texture": "#2"},
				"up": {"uv": [15, 15, 14.66667, 14.66667], "texture": "#2"},
				"down": {"uv": [15.66667, 0, 15.33333, 0.33333], "texture": "#2"}
			}
		},
		{
			"from": [7.75, 0.45628, 6.03731],
			"to": [8.25, 0.95628, 6.53731],
			"rotation": {"angle": 45, "axis": "x", "origin": [8, 0.33128, 6.28731]},
			"faces": {
				"east": {"uv": [15.33333, 0.66667, 15.66667, 1], "texture": "#2"},
				"south": {"uv": [3.33333, 15.33333, 3.66667, 15.66667], "texture": "#2"},
				"west": {"uv": [4, 15.33333, 4.33333, 15.66667], "texture": "#2"},
				"up": {"uv": [5, 15.66667, 4.66667, 15.33333], "texture": "#2"},
				"down": {"uv": [5.66667, 15.33333, 5.33333, 15.66667], "texture": "#2"}
			}
		},
		{
			"from": [7.75, 0.45628, 9.96269],
			"to": [8.25, 1.45628, 10.46269],
			"rotation": {"angle": -45, "axis": "x", "origin": [8, 0.33128, 9.71269]},
			"faces": {
				"north": {"uv": [11.33333, 14.66667, 11.66667, 15.33333], "texture": "#2"},
				"east": {"uv": [14.66667, 11.33333, 15, 12], "texture": "#2"},
				"south": {"uv": [12, 14.66667, 12.33333, 15.33333], "texture": "#2"},
				"west": {"uv": [14.66667, 12, 15, 12.66667], "texture": "#2"},
				"up": {"uv": [6.33333, 15.66667, 6, 15.33333], "texture": "#2"},
				"down": {"uv": [15.66667, 6, 15.33333, 6.33333], "texture": "#2"}
			}
		},
		{
			"from": [7.75, 0.45628, 9.46269],
			"to": [8.25, 0.95628, 9.96269],
			"rotation": {"angle": -45, "axis": "x", "origin": [8, 0.33128, 9.71269]},
			"faces": {
				"north": {"uv": [6.66667, 15.33333, 7, 15.66667], "texture": "#2"},
				"east": {"uv": [15.33333, 6.66667, 15.66667, 7], "texture": "#2"},
				"west": {"uv": [7.33333, 15.33333, 7.66667, 15.66667], "texture": "#2"},
				"up": {"uv": [15.66667, 7.66667, 15.33333, 7.33333], "texture": "#2"},
				"down": {"uv": [8.33333, 15.33333, 8, 15.66667], "texture": "#2"}
			}
		},
		{
			"from": [7.75, 8.47843, 8],
			"to": [8.25, 10.97843, 10.5],
			"rotation": {"angle": -45, "axis": "x", "origin": [7.5, 8.47843, 8]},
			"faces": {
				"north": {"uv": [12, 12.66667, 12.33333, 14.33333], "texture": "#2"},
				"east": {"uv": [10.33333, 4, 8.66667, 5.66667], "texture": "#2"},
				"south": {"uv": [12.66667, 12, 13, 13.66667], "texture": "#2"},
				"west": {"uv": [8.66667, 4, 10.33333, 5.66667], "texture": "#2"},
				"up": {"uv": [13.66667, 5.66667, 13.33333, 4], "texture": "#2"},
				"down": {"uv": [13.66667, 10, 13.33333, 11.66667], "texture": "#2"}
			}
		},
		{
			"from": [7.75, 26.53853, 8.25],
			"to": [8.25, 27.95353, 10.915],
			"rotation": {"angle": -45, "axis": "x", "origin": [7.5, 26.28853, 8]},
			"faces": {
				"north": {"uv": [14, 13.33333, 14.33333, 14.33333], "texture": "#2"},
				"east": {"uv": [10.5, 7.33333, 8.66667, 8.33333], "texture": "#2"},
				"south": {"uv": [14.66667, 0, 15, 1], "texture": "#2"},
				"west": {"uv": [8.66667, 7.33333, 10.5, 8.33333], "texture": "#2"},
				"up": {"uv": [13, 11.83333, 12.66667, 10], "texture": "#2"},
				"down": {"uv": [11.66667, 12.66667, 11.33333, 14.5], "texture": "#2"}
			}
		},
		{
			"from": [7.7535, 10.89264, 7],
			"to": [8.2465, 27.64264, 9],
			"rotation": {"angle": 0, "axis": "y", "origin": [8.0035, 11.14264, 8]},
			"faces": {
				"north": {"uv": [7.33333, 2.66667, 7.66667, 13.83333], "texture": "#2"},
				"east": {"uv": [4.83333, 0, 3.5, 11.16667], "texture": "#2"},
				"south": {"uv": [8, 2.66667, 8.33333, 13.83333], "texture": "#2"},
				"west": {"uv": [3.5, 0, 4.83333, 11.16667], "texture": "#2"}
			}
		},
		{
			"from": [7.985, 8, 5.375],
			"to": [8.015, 32, 10.375],
			"rotation": {"angle": 0, "axis": "y", "origin": [7.985, 9.5, 5.625]},
			"faces": {
				"east": {"uv": [3.33333, 0, 0, 16], "texture": "#2"},
				"west": {"uv": [0, 0, 3.33333, 16], "texture": "#2"}
			}
		},
		{
			"from": [7.5, 7.65, 10.41421],
			"to": [8.5, 8.65, 11.41421],
			"rotation": {"angle": -45, "axis": "x", "origin": [7.5, 6.65, 9.41421]},
			"faces": {
				"east": {"uv": [10.66667, 10, 11.33333, 10.66667], "texture": "#2"},
				"south": {"uv": [12, 9.33333, 12.66667, 10], "texture": "#2"},
				"west": {"uv": [12.66667, 4, 13.33333, 4.66667], "texture": "#2"},
				"up": {"uv": [11.33333, 14, 10.66667, 13.33333], "texture": "#2"},
				"down": {"uv": [14, 12, 13.33333, 12.66667], "texture": "#2"}
			}
		},
		{
			"from": [7.6, 8.2, 10.41421],
			"to": [8.4, 9.2, 13.16421],
			"rotation": {"angle": -45, "axis": "x", "origin": [7.5, 6.65, 9.41421]},
			"faces": {
				"east": {"uv": [9.33333, 2, 11.16667, 2.66667], "texture": "#2"},
				"south": {"uv": [10, 14, 10.5, 14.66667], "texture": "#2"},
				"west": {"uv": [10.66667, 4, 12.5, 4.66667], "texture": "#2"},
				"up": {"uv": [12.5, 9.16667, 12, 7.33333], "texture": "#2"},
				"down": {"uv": [9.16667, 12, 8.66667, 13.83333], "texture": "#2"}
			}
		},
		{
			"from": [7.6, 9.3318, 12.48241],
			"to": [8.4, 10.3318, 13.48241],
			"rotation": {"angle": -45, "axis": "x", "origin": [7.5, 6.3318, 9.73241]},
			"faces": {
				"north": {"uv": [14, 10, 14.5, 10.66667], "texture": "#2"},
				"east": {"uv": [4.66667, 14, 5.33333, 14.66667], "texture": "#2"},
				"south": {"uv": [10.66667, 14, 11.16667, 14.66667], "texture": "#2"},
				"west": {"uv": [14, 4.66667, 14.66667, 5.33333], "texture": "#2"},
				"up": {"uv": [14.5, 11.33333, 14, 10.66667], "texture": "#2"},
				"down": {"uv": [14.5, 11.33333, 14, 12], "texture": "#2"}
			}
		},
		{
			"from": [7.6035, 11.10477, 8.84852],
			"to": [8.3965, 27.85477, 9.84852],
			"rotation": {"angle": 0, "axis": "x", "origin": [8.0035, 11.60477, 9.34852]},
			"faces": {
				"north": {"uv": [6.16667, 0, 6.66667, 11.16667], "texture": "#2"},
				"east": {"uv": [4.83333, 0, 5.5, 11.16667], "texture": "#2"},
				"south": {"uv": [6.66667, 0, 7.16667, 11.16667], "texture": "#2"},
				"west": {"uv": [5.5, 0, 6.16667, 11.16667], "texture": "#2"},
				"up": {"uv": [14.5, 12.66667, 14, 12], "texture": "#2"},
				"down": {"uv": [13.16667, 14, 12.66667, 14.66667], "texture": "#2"}
			}
		},
		{
			"from": [7.6, 27.24494, 9.3208],
			"to": [8.4, 28.56994, 10.3208],
			"rotation": {"angle": 45, "axis": "x", "origin": [8, 28.11994, 9.8208]},
			"faces": {
				"north": {"uv": [5.33333, 14, 5.83333, 14.83333], "texture": "#2"},
				"east": {"uv": [13.33333, 0, 14, 0.83333], "texture": "#2"},
				"south": {"uv": [14, 5.33333, 14.5, 6.16667], "texture": "#2"},
				"west": {"uv": [13.33333, 6, 14, 6.83333], "texture": "#2"},
				"up": {"uv": [14.5, 13.33333, 14, 12.66667], "texture": "#2"},
				"down": {"uv": [13.83333, 14, 13.33333, 14.66667], "texture": "#2"}
			}
		},
		{
			"from": [7.5, 6.65, 9.41421],
			"to": [8.5, 7.65, 10.41421],
			"rotation": {"angle": -45, "axis": "x", "origin": [7.5, 6.65, 9.41421]},
			"faces": {
				"north": {"uv": [13.33333, 12.66667, 14, 13.33333], "texture": "#2"},
				"east": {"uv": [13.33333, 13.33333, 14, 14], "texture": "#2"},
				"south": {"uv": [14, 0, 14.66667, 0.66667], "texture": "#2"},
				"west": {"uv": [14, 0.66667, 14.66667, 1.33333], "texture": "#2"},
				"up": {"uv": [14.66667, 2, 14, 1.33333], "texture": "#2"},
				"down": {"uv": [14.66667, 2, 14, 2.66667], "texture": "#2"}
			}
		},
		{
			"from": [7.5, 6.94289, 11.62132],
			"to": [8.5, 7.94289, 13.62132],
			"rotation": {"angle": -45, "axis": "x", "origin": [7.5, 5.94289, 10.62132]},
			"faces": {
				"north": {"uv": [14, 2.66667, 14.66667, 3.33333], "texture": "#2"},
				"east": {"uv": [9.33333, 1.33333, 10.66667, 2], "texture": "#2"},
				"south": {"uv": [3.33333, 14, 4, 14.66667], "texture": "#2"},
				"west": {"uv": [9.33333, 12, 10.66667, 12.66667], "texture": "#2"},
				"up": {"uv": [11.33333, 13.33333, 10.66667, 12], "texture": "#2"},
				"down": {"uv": [13.33333, 0, 12.66667, 1.33333], "texture": "#2"}
			}
		},
		{
			"from": [7.75, 6.94289, 11.12132],
			"to": [8.25, 7.94289, 12.12132],
			"rotation": {"angle": -45, "axis": "x", "origin": [7.5, 5.94289, 10.12132]},
			"faces": {
				"east": {"uv": [14, 3.33333, 14.66667, 4], "texture": "#2"},
				"south": {"uv": [12.66667, 14.66667, 13, 15.33333], "texture": "#2"},
				"west": {"uv": [4, 14, 4.66667, 14.66667], "texture": "#2"},
				"down": {"uv": [15, 12.66667, 14.66667, 13.33333], "texture": "#2"}
			}
		},
		{
			"from": [7.5, 7.94289, 12.62132],
			"to": [8.5, 8.44289, 13.62132],
			"rotation": {"angle": -45, "axis": "x", "origin": [7.5, 5.94289, 10.62132]},
			"faces": {
				"north": {"uv": [13.33333, 14.66667, 14, 15], "texture": "#2"},
				"east": {"uv": [14.66667, 13.33333, 15.33333, 13.66667], "texture": "#2"},
				"south": {"uv": [14, 14.66667, 14.66667, 15], "texture": "#2"},
				"west": {"uv": [14.66667, 14, 15.33333, 14.33333], "texture": "#2"},
				"up": {"uv": [14.66667, 4.66667, 14, 4], "texture": "#2"}
			}
		},
		{
			"from": [7.985, 7.75, 11],
			"to": [8.015, 9.75, 14.5],
			"rotation": {"angle": 0, "axis": "y", "origin": [7.835, 5.75, 19]},
			"faces": {
				"east": {"uv": [11, 2.66667, 8.66667, 4], "texture": "#2"},
				"west": {"uv": [8.66667, 2.66667, 11, 4], "texture": "#2"}
			}
		},
		{
			"from": [7.95, 9.75, 10.35],
			"to": [8.05, 11.35, 13.15],
			"rotation": {"angle": -45, "axis": "x", "origin": [7.875, 10.3, 11.75]},
			"faces": {
				"east": {"uv": [10.5, 6, 8.66667, 7], "texture": "#2"},
				"west": {"uv": [8.66667, 6, 10.5, 7], "texture": "#2"}
			}
		},
		{
			"from": [7.95, 6.68891, 10.73805],
			"to": [8.05, 7.88891, 12.83805],
			"rotation": {"angle": 45, "axis": "x", "origin": [7.875, 7.03891, 11.78805]},
			"faces": {
				"east": {"uv": [4.66667, 11.33333, 3.33333, 12.16667], "texture": "#2"},
				"west": {"uv": [3.33333, 11.33333, 4.66667, 12.16667], "texture": "#2"}
			}
		},
		{
			"from": [7.985, -2.5, 6.625],
			"to": [8.015, 1.5, 9.375],
			"rotation": {"angle": 45, "axis": "y", "origin": [8, -0.5, 8]},
			"faces": {
				"east": {"uv": [9.16667, 0, 7.33333, 2.66667], "texture": "#2"},
				"west": {"uv": [7.33333, 0, 9.16667, 2.66667], "texture": "#2"}
			}
		},
		{
			"from": [6.625, -2.5, 7.985],
			"to": [9.375, 1.5, 8.015],
			"rotation": {"angle": 45, "axis": "y", "origin": [8, -0.5, 8]},
			"faces": {
				"north": {"uv": [7.33333, 0, 9.16667, 2.66667], "texture": "#2"},
				"south": {"uv": [9.16667, 0, 7.33333, 2.66667], "texture": "#2"}
			}
		},
		{
			"from": [7.2, 5.05, 5],
			"to": [7.2, 11.05, 11],
			"rotation": {"angle": 0, "axis": "y", "origin": [0, 0, 5]},
			"faces": {
				"west": {"uv": [2, 2, 14, 14], "texture": "#3"}
			}
		},
		{
			"from": [8.8, 5.05, 5],
			"to": [8.8, 11.05, 11],
			"rotation": {"angle": 0, "axis": "y", "origin": [16, 0, 5]},
			"faces": {
				"east": {"uv": [14, 2, 2, 14], "texture": "#3"}
			}
		}
	],
	"gui_light": "front",
	"display": {
        "thirdperson_righthand": {
            "translation": [0, 2.25, 1],
            "scale": [1.0, 1.0, 1.0]
        },
        "thirdperson_lefthand": {
            "translation": [0, 2.25, 1],
            "scale": [1.0, 1.0, 1.0]
        },
        "firstperson_righthand": {
            "rotation": [20, 0, 0],
            "translation": [-0.5, 2.25, 2],
            "scale": [0.4, 0.4, 0.4]
        },
        "firstperson_lefthand": {
            "rotation": [20, 0, 0],
            "translation": [-0.5, 2.25, 2],
            "scale": [0.4, 0.4, 0.4]
        },
        "ground": {
            "rotation": [-40, 0, 0],
            "translation": [0, 6.25, 1.25],
            "scale": [0.8, 0.8, 0.8]
        },
        "gui": {
            "rotation": [-90, -45, -90],
            "translation": [-2.0, -2.75, 0],
            "scale": [0.55, 0.55, 0.55]
        },
        "head": {
            "scale": [0, 0, 0]
        },
        "fixed": {
            "rotation": [90, -135, 90],
            "translation": [-2.5, -3.25, -1.25]
        }
	}
}