{
    "display": {
        "thirdperson_righthand": {
            "translation": [0, -1.5, 1.75],
            "scale": [0.5, 0.5, 0.5]
        },
        "thirdperson_lefthand": {
            "translation": [0, -1.5, 1.75],
            "scale": [0.5, 0.5, 0.5]
        },
        "firstperson_righthand": {
            "scale": [0.5, 0.5, 0.5]
        },
        "firstperson_lefthand": {
            "scale": [0.5, 0.5, 0.5]
        },
        "ground": {
            "translation": [0, 3, 0],
            "scale": [0.25, 0.25, 0.25]
        },
        "gui": {
            "rotation": [30, 225, 0],
            "translation": [-1.25, -2.5, 0]
        },
        "head": {
            "scale": [1.7, 1.7, 1.7]
        },
        "fixed": {
            "rotation": [-90, 0, 0],
            "translation": [0, 0, 5],
            "scale": [2, 2, 2]
        }
    },
    "textures": {
        "0": "item/hats/black_heart_cap",
        "particle": "item/hats/black_heart_cap"
    },
    "elements": [{
        "from": [3.5, 9.5, 3.5],
        "to": [12.5, 12, 12.5],
        "rotation": {
            "angle": 0,
            "axis": "y",
            "origin": [8, 8, 8]
        },
        "faces": {
            "north": {
                "uv": [1, 1, 2, 2],
                "texture": "#0"
            },
            "east": {
                "uv": [1, 1, 2, 2],
                "texture": "#0"
            },
            "south": {
                "uv": [1, 1, 2, 2],
                "texture": "#0"
            },
            "west": {
                "uv": [1, 1, 2, 2],
                "texture": "#0"
            },
            "up": {
                "uv": [1, 1, 2, 2],
                "texture": "#0"
            },
            "down": {
                "uv": [1, 4, 2, 5],
                "texture": "#0"
            }
        }
    }, {
        "from": [2.09534, 10.27629, 7.5575],
        "to": [3.57034, 12.63629, 8.4425],
        "rotation": {
            "angle": 22.5,
            "axis": "z",
            "origin": [2.12589, 12.89004, 8]
        },
        "faces": {
            "north": {
                "uv": [1, 7, 2, 8],
                "texture": "#0"
            },
            "east": {
                "uv": [1, 7, 2, 8],
                "texture": "#0"
            },
            "south": {
                "uv": [1, 7, 2, 8],
                "texture": "#0"
            },
            "west": {
                "uv": [1, 7, 2, 8],
                "texture": "#0"
            },
            "up": {
                "uv": [1, 7, 2, 8],
                "texture": "#0"
            },
            "down": {
                "uv": [1, 7, 2, 8],
                "texture": "#0"
            }
        }
    }, {
        "from": [2.28371, 11.02024, 7.5575],
        "to": [3.95248, 12.68901, 8.4425],
        "rotation": {
            "angle": -22.5,
            "axis": "z",
            "origin": [2.12589, 12.89004, 8]
        },
        "faces": {
            "north": {
                "uv": [1, 7, 2, 8],
                "texture": "#0"
            },
            "east": {
                "uv": [1, 7, 2, 8],
                "texture": "#0"
            },
            "south": {
                "uv": [1, 7, 2, 8],
                "texture": "#0"
            },
            "west": {
                "uv": [1, 7, 2, 8],
                "texture": "#0"
            },
            "up": {
                "uv": [1, 7, 2, 8],
                "texture": "#0"
            },
            "down": {
                "uv": [1, 7, 2, 8],
                "texture": "#0"
            }
        }
    }, {
        "from": [2.58933, 12.10284, 7.5575],
        "to": [3.36328, 14.14415, 8.4425],
        "rotation": {
            "angle": 45,
            "axis": "z",
            "origin": [2.12589, 12.89004, 8]
        },
        "faces": {
            "north": {
                "uv": [1, 7, 2, 8],
                "texture": "#0"
            },
            "east": {
                "uv": [1, 7, 2, 8],
                "texture": "#0"
            },
            "south": {
                "uv": [1, 7, 2, 8],
                "texture": "#0"
            },
            "west": {
                "uv": [1, 7, 2, 8],
                "texture": "#0"
            },
            "up": {
                "uv": [1, 7, 2, 8],
                "texture": "#0"
            },
            "down": {
                "uv": [1, 7, 2, 8],
                "texture": "#0"
            }
        }
    }, {
        "from": [-0.60054, 13.73921, 7.5575],
        "to": [1.44077, 14.51317, 8.4425],
        "rotation": {
            "angle": -22.5,
            "axis": "z",
            "origin": [2.12589, 12.89004, 8]
        },
        "faces": {
            "north": {
                "uv": [1, 7, 2, 8],
                "texture": "#0"
            },
            "east": {
                "uv": [1, 7, 2, 8],
                "texture": "#0"
            },
            "south": {
                "uv": [1, 7, 2, 8],
                "texture": "#0"
            },
            "west": {
                "uv": [1, 7, 2, 8],
                "texture": "#0"
            },
            "up": {
                "uv": [1, 7, 2, 8],
                "texture": "#0"
            },
            "down": {
                "uv": [1, 7, 2, 8],
                "texture": "#0"
            }
        }
    }, {
        "from": [0.62079, 12.78263, 7.6755],
        "to": [2.7211, 13.32059, 8.3245],
        "rotation": {
            "angle": -22.5,
            "axis": "z",
            "origin": [2.12589, 12.89004, 8]
        },
        "faces": {
            "north": {
                "uv": [1, 10, 2, 11],
                "texture": "#0"
            },
            "east": {
                "uv": [1, 10, 2, 11],
                "texture": "#0"
            },
            "south": {
                "uv": [1, 10, 2, 11],
                "texture": "#0"
            },
            "west": {
                "uv": [1, 10, 2, 11],
                "texture": "#0"
            },
            "up": {
                "uv": [1, 10, 2, 11],
                "texture": "#0"
            },
            "down": {
                "uv": [1, 10, 2, 11],
                "texture": "#0"
            }
        }
    }, {
        "from": [0.43758, 12.1858, 7.7345],
        "to": [2.41989, 12.60576, 8.2655],
        "rotation": {
            "angle": 0,
            "axis": "z",
            "origin": [2.12589, 12.89004, 8]
        },
        "faces": {
            "north": {
                "uv": [1, 10, 2, 11],
                "texture": "#0"
            },
            "east": {
                "uv": [1, 10, 2, 11],
                "texture": "#0"
            },
            "south": {
                "uv": [1, 10, 2, 11],
                "texture": "#0"
            },
            "west": {
                "uv": [1, 10, 2, 11],
                "texture": "#0"
            },
            "up": {
                "uv": [1, 10, 2, 11],
                "texture": "#0"
            },
            "down": {
                "uv": [1, 10, 2, 11],
                "texture": "#0"
            }
        }
    }, {
        "from": [12.42966, 10.27629, 7.5575],
        "to": [13.90466, 12.63629, 8.4425],
        "rotation": {
            "angle": -22.5,
            "axis": "z",
            "origin": [13.87411, 12.89004, 8]
        },
        "faces": {
            "north": {
                "uv": [1, 7, 2, 8],
                "texture": "#0"
            },
            "east": {
                "uv": [1, 7, 2, 8],
                "texture": "#0"
            },
            "south": {
                "uv": [1, 7, 2, 8],
                "texture": "#0"
            },
            "west": {
                "uv": [1, 7, 2, 8],
                "texture": "#0"
            },
            "up": {
                "uv": [1, 7, 2, 8],
                "texture": "#0"
            },
            "down": {
                "uv": [1, 7, 2, 8],
                "texture": "#0"
            }
        }
    }, {
        "from": [12.04752, 11.02024, 7.5575],
        "to": [13.71629, 12.68901, 8.4425],
        "rotation": {
            "angle": 22.5,
            "axis": "z",
            "origin": [13.87411, 12.89004, 8]
        },
        "faces": {
            "north": {
                "uv": [1, 7, 2, 8],
                "texture": "#0"
            },
            "east": {
                "uv": [1, 7, 2, 8],
                "texture": "#0"
            },
            "south": {
                "uv": [1, 7, 2, 8],
                "texture": "#0"
            },
            "west": {
                "uv": [1, 7, 2, 8],
                "texture": "#0"
            },
            "up": {
                "uv": [1, 7, 2, 8],
                "texture": "#0"
            },
            "down": {
                "uv": [1, 7, 2, 8],
                "texture": "#0"
            }
        }
    }, {
        "from": [12.63672, 12.10284, 7.5575],
        "to": [13.41067, 14.14415, 8.4425],
        "rotation": {
            "angle": -45,
            "axis": "z",
            "origin": [13.87411, 12.89004, 8]
        },
        "faces": {
            "north": {
                "uv": [1, 7, 2, 8],
                "texture": "#0"
            },
            "east": {
                "uv": [1, 7, 2, 8],
                "texture": "#0"
            },
            "south": {
                "uv": [1, 7, 2, 8],
                "texture": "#0"
            },
            "west": {
                "uv": [1, 7, 2, 8],
                "texture": "#0"
            },
            "up": {
                "uv": [1, 7, 2, 8],
                "texture": "#0"
            },
            "down": {
                "uv": [1, 7, 2, 8],
                "texture": "#0"
            }
        }
    }, {
        "from": [14.55923, 13.73921, 7.5575],
        "to": [16.60054, 14.51317, 8.4425],
        "rotation": {
            "angle": 22.5,
            "axis": "z",
            "origin": [13.87411, 12.89004, 8]
        },
        "faces": {
            "north": {
                "uv": [1, 7, 2, 8],
                "texture": "#0"
            },
            "east": {
                "uv": [1, 7, 2, 8],
                "texture": "#0"
            },
            "south": {
                "uv": [1, 7, 2, 8],
                "texture": "#0"
            },
            "west": {
                "uv": [1, 7, 2, 8],
                "texture": "#0"
            },
            "up": {
                "uv": [1, 7, 2, 8],
                "texture": "#0"
            },
            "down": {
                "uv": [1, 7, 2, 8],
                "texture": "#0"
            }
        }
    }, {
        "from": [13.2789, 12.78263, 7.6755],
        "to": [15.37921, 13.32059, 8.3245],
        "rotation": {
            "angle": 22.5,
            "axis": "z",
            "origin": [13.87411, 12.89004, 8]
        },
        "faces": {
            "north": {
                "uv": [1, 10, 2, 11],
                "texture": "#0"
            },
            "east": {
                "uv": [1, 10, 2, 11],
                "texture": "#0"
            },
            "south": {
                "uv": [1, 10, 2, 11],
                "texture": "#0"
            },
            "west": {
                "uv": [1, 10, 2, 11],
                "texture": "#0"
            },
            "up": {
                "uv": [1, 10, 2, 11],
                "texture": "#0"
            },
            "down": {
                "uv": [1, 10, 2, 11],
                "texture": "#0"
            }
        }
    }, {
        "from": [13.58011, 12.1858, 7.7345],
        "to": [15.56242, 12.60576, 8.2655],
        "rotation": {
            "angle": 0,
            "axis": "z",
            "origin": [13.87411, 12.89004, 8]
        },
        "faces": {
            "north": {
                "uv": [1, 10, 2, 11],
                "texture": "#0"
            },
            "east": {
                "uv": [1, 10, 2, 11],
                "texture": "#0"
            },
            "south": {
                "uv": [1, 10, 2, 11],
                "texture": "#0"
            },
            "west": {
                "uv": [1, 10, 2, 11],
                "texture": "#0"
            },
            "up": {
                "uv": [1, 10, 2, 11],
                "texture": "#0"
            },
            "down": {
                "uv": [1, 10, 2, 11],
                "texture": "#0"
            }
        }
    }, {
        "from": [8.66804, 12, 3.25],
        "to": [9.16804, 12.75, 4.25],
        "rotation": {
            "angle": -22.5,
            "axis": "z",
            "origin": [8.54304, 12.625, 3.75]
        },
        "faces": {
            "north": {
                "uv": [7, 1, 8, 2],
                "texture": "#0"
            },
            "east": {
                "uv": [7, 1, 8, 2],
                "texture": "#0"
            },
            "south": {
                "uv": [7, 1, 8, 2],
                "texture": "#0"
            },
            "west": {
                "uv": [7, 1, 8, 2],
                "texture": "#0"
            },
            "up": {
                "uv": [7, 1, 8, 2],
                "texture": "#0"
            },
            "down": {
                "uv": [7, 1, 8, 2],
                "texture": "#0"
            }
        }
    }, {
        "from": [7.76297, 12.22986, 3.25],
        "to": [8.76297, 13.22986, 4.25],
        "rotation": {
            "angle": 45,
            "axis": "z",
            "origin": [8.63797, 12.85486, 3.75]
        },
        "faces": {
            "north": {
                "uv": [7, 1, 8, 2],
                "texture": "#0"
            },
            "east": {
                "uv": [7, 1, 8, 2],
                "texture": "#0"
            },
            "south": {
                "uv": [7, 1, 8, 2],
                "texture": "#0"
            },
            "west": {
                "uv": [7, 1, 8, 2],
                "texture": "#0"
            },
            "up": {
                "uv": [7, 1, 8, 2],
                "texture": "#0"
            },
            "down": {
                "uv": [7, 1, 8, 2],
                "texture": "#0"
            }
        }
    }, {
        "from": [7.32311, 12.22986, 3.25],
        "to": [8.07311, 13.22986, 4.25],
        "rotation": {
            "angle": -45,
            "axis": "z",
            "origin": [7.44811, 12.85486, 3.75]
        },
        "faces": {
            "north": {
                "uv": [7, 1, 8, 2],
                "texture": "#0"
            },
            "east": {
                "uv": [7, 1, 8, 2],
                "texture": "#0"
            },
            "south": {
                "uv": [7, 1, 8, 2],
                "texture": "#0"
            },
            "west": {
                "uv": [7, 1, 8, 2],
                "texture": "#0"
            },
            "up": {
                "uv": [7, 1, 8, 2],
                "texture": "#0"
            },
            "down": {
                "uv": [7, 1, 8, 2],
                "texture": "#0"
            }
        }
    }, {
        "from": [6.91804, 12, 3.25],
        "to": [7.91804, 12.75, 4.25],
        "rotation": {
            "angle": 22.5,
            "axis": "z",
            "origin": [7.54304, 12.625, 3.75]
        },
        "faces": {
            "north": {
                "uv": [7, 1, 8, 2],
                "texture": "#0"
            },
            "east": {
                "uv": [7, 1, 8, 2],
                "texture": "#0"
            },
            "south": {
                "uv": [7, 1, 8, 2],
                "texture": "#0"
            },
            "west": {
                "uv": [7, 1, 8, 2],
                "texture": "#0"
            },
            "up": {
                "uv": [7, 1, 8, 2],
                "texture": "#0"
            },
            "down": {
                "uv": [7, 1, 8, 2],
                "texture": "#0"
            }
        }
    }, {
        "from": [7.11012, 11.10149, 3.25],
        "to": [8.29558, 12.28695, 4.25],
        "rotation": {
            "angle": 45,
            "axis": "z",
            "origin": [7.73512, 12.16195, 3.75]
        },
        "faces": {
            "north": {
                "uv": [7, 1, 8, 2],
                "texture": "#0"
            },
            "east": {
                "uv": [7, 1, 8, 2],
                "texture": "#0"
            },
            "south": {
                "uv": [7, 1, 8, 2],
                "texture": "#0"
            },
            "west": {
                "uv": [7, 1, 8, 2],
                "texture": "#0"
            },
            "up": {
                "uv": [7, 1, 8, 2],
                "texture": "#0"
            },
            "down": {
                "uv": [7, 1, 8, 2],
                "texture": "#0"
            }
        }
    }, {
        "from": [7.61012, 10.50149, 3.25],
        "to": [9.04558, 10.93695, 4.25],
        "rotation": {
            "angle": 45,
            "axis": "z",
            "origin": [7.73512, 12.16195, 3.75]
        },
        "faces": {
            "north": {
                "uv": [10, 1, 11, 2],
                "texture": "#0"
            },
            "east": {
                "uv": [10, 1, 11, 2],
                "texture": "#0"
            },
            "south": {
                "uv": [10, 1, 11, 2],
                "texture": "#0"
            },
            "west": {
                "uv": [10, 1, 11, 2],
                "texture": "#0"
            },
            "up": {
                "uv": [10, 1, 11, 2],
                "texture": "#0"
            },
            "down": {
                "uv": [10, 1, 11, 2],
                "texture": "#0"
            }
        }
    }, {
        "from": [6.95442, 10.50149, 3.25],
        "to": [8.38988, 10.93695, 4.25],
        "rotation": {
            "angle": -45,
            "axis": "z",
            "origin": [8.26488, 12.16195, 3.75]
        },
        "faces": {
            "north": {
                "uv": [10, 1, 11, 2],
                "texture": "#0"
            },
            "east": {
                "uv": [10, 1, 11, 2],
                "texture": "#0"
            },
            "south": {
                "uv": [10, 1, 11, 2],
                "texture": "#0"
            },
            "west": {
                "uv": [10, 1, 11, 2],
                "texture": "#0"
            },
            "up": {
                "uv": [10, 1, 11, 2],
                "texture": "#0"
            },
            "down": {
                "uv": [10, 1, 11, 2],
                "texture": "#0"
            }
        }
    }, {
        "from": [11.52145, 9.30178, 0],
        "to": [12.27145, 10.55178, 12.475],
        "rotation": {
            "angle": 45,
            "axis": "z",
            "origin": [12.14645, 9.67678, -1]
        },
        "faces": {
            "north": {
                "uv": [1, 4, 2, 5],
                "texture": "#0"
            },
            "east": {
                "uv": [1, 4, 2, 5],
                "texture": "#0"
            },
            "south": {
                "uv": [1, 4, 2, 5],
                "texture": "#0"
            },
            "west": {
                "uv": [1, 4, 2, 5],
                "texture": "#0"
            },
            "up": {
                "uv": [1, 4, 2, 5],
                "texture": "#0"
            },
            "down": {
                "uv": [1, 4, 2, 5],
                "texture": "#0"
            }
        }
    }, {
        "from": [10.62019, 9.90161, 0],
        "to": [11.52019, 10.65161, 12.475],
        "rotation": {
            "angle": -22.5,
            "axis": "z",
            "origin": [10.89519, 10.27661, 6.25]
        },
        "faces": {
            "north": {
                "uv": [1, 4, 2, 5],
                "texture": "#0"
            },
            "east": {
                "uv": [1, 4, 2, 5],
                "texture": "#0"
            },
            "south": {
                "uv": [1, 4, 2, 5],
                "texture": "#0"
            },
            "west": {
                "uv": [1, 4, 2, 5],
                "texture": "#0"
            },
            "up": {
                "uv": [1, 4, 2, 5],
                "texture": "#0"
            },
            "down": {
                "uv": [1, 4, 2, 5],
                "texture": "#0"
            }
        }
    }, {
        "from": [3.72855, 9.30178, 0],
        "to": [4.47855, 10.55178, 12.475],
        "rotation": {
            "angle": -45,
            "axis": "z",
            "origin": [3.85355, 9.67678, -1]
        },
        "faces": {
            "north": {
                "uv": [1, 4, 2, 5],
                "texture": "#0"
            },
            "east": {
                "uv": [1, 4, 2, 5],
                "texture": "#0"
            },
            "south": {
                "uv": [1, 4, 2, 5],
                "texture": "#0"
            },
            "west": {
                "uv": [1, 4, 2, 5],
                "texture": "#0"
            },
            "up": {
                "uv": [1, 4, 2, 5],
                "texture": "#0"
            },
            "down": {
                "uv": [1, 4, 2, 5],
                "texture": "#0"
            }
        }
    }, {
        "from": [4.47981, 9.90161, 0],
        "to": [5.37981, 10.65161, 12.475],
        "rotation": {
            "angle": 22.5,
            "axis": "z",
            "origin": [5.10481, 10.27661, 6.25]
        },
        "faces": {
            "north": {
                "uv": [1, 4, 2, 5],
                "texture": "#0"
            },
            "east": {
                "uv": [1, 4, 2, 5],
                "texture": "#0"
            },
            "south": {
                "uv": [1, 4, 2, 5],
                "texture": "#0"
            },
            "west": {
                "uv": [1, 4, 2, 5],
                "texture": "#0"
            },
            "up": {
                "uv": [1, 4, 2, 5],
                "texture": "#0"
            },
            "down": {
                "uv": [1, 4, 2, 5],
                "texture": "#0"
            }
        }
    }, {
        "from": [5.21538, 9.9783, 0],
        "to": [10.78462, 10.7283, 12.475],
        "rotation": {
            "angle": 0,
            "axis": "z",
            "origin": [9.90962, 10.3533, 6.25]
        },
        "faces": {
            "north": {
                "uv": [1, 4, 2, 5],
                "texture": "#0"
            },
            "east": {
                "uv": [1, 4, 2, 5],
                "texture": "#0"
            },
            "south": {
                "uv": [1, 4, 2, 5],
                "texture": "#0"
            },
            "west": {
                "uv": [1, 4, 2, 5],
                "texture": "#0"
            },
            "up": {
                "uv": [1, 4, 2, 5],
                "texture": "#0"
            },
            "down": {
                "uv": [1, 4, 2, 5],
                "texture": "#0"
            }
        }
    }, {
        "from": [5.24571, 10.1783, -0.25],
        "to": [10.75429, 10.52439, 12.225],
        "rotation": {
            "angle": 0,
            "axis": "z",
            "origin": [9.90962, 10.3533, 6]
        },
        "faces": {
            "north": {
                "uv": [4, 4, 5, 5],
                "texture": "#0"
            },
            "east": {
                "uv": [4, 4, 5, 5],
                "texture": "#0"
            },
            "south": {
                "uv": [4, 4, 5, 5],
                "texture": "#0"
            },
            "west": {
                "uv": [4, 4, 5, 5],
                "texture": "#0"
            },
            "up": {
                "uv": [4, 4, 5, 5],
                "texture": "#0"
            },
            "down": {
                "uv": [4, 4, 5, 5],
                "texture": "#0"
            }
        }
    }, {
        "from": [4.50481, 10.10161, -0.25],
        "to": [5.32981, 10.45161, 12.225],
        "rotation": {
            "angle": 22.5,
            "axis": "z",
            "origin": [5.10481, 10.27661, 6]
        },
        "faces": {
            "north": {
                "uv": [4, 4, 5, 5],
                "texture": "#0"
            },
            "east": {
                "uv": [4, 4, 5, 5],
                "texture": "#0"
            },
            "south": {
                "uv": [4, 4, 5, 5],
                "texture": "#0"
            },
            "west": {
                "uv": [4, 4, 5, 5],
                "texture": "#0"
            },
            "up": {
                "uv": [4, 4, 5, 5],
                "texture": "#0"
            },
            "down": {
                "uv": [4, 4, 5, 5],
                "texture": "#0"
            }
        }
    }, {
        "from": [3.92289, 9.10178, -0.25],
        "to": [4.27855, 10.49834, 12.225],
        "rotation": {
            "angle": -45,
            "axis": "z",
            "origin": [3.85355, 9.67678, -1.25]
        },
        "faces": {
            "north": {
                "uv": [4, 4, 5, 5],
                "texture": "#0"
            },
            "east": {
                "uv": [4, 4, 5, 5],
                "texture": "#0"
            },
            "south": {
                "uv": [4, 4, 5, 5],
                "texture": "#0"
            },
            "west": {
                "uv": [4, 4, 5, 5],
                "texture": "#0"
            },
            "up": {
                "uv": [4, 4, 5, 5],
                "texture": "#0"
            },
            "down": {
                "uv": [4, 4, 5, 5],
                "texture": "#0"
            }
        }
    }, {
        "from": [10.67019, 10.10161, -0.25],
        "to": [11.49519, 10.45161, 12.225],
        "rotation": {
            "angle": -22.5,
            "axis": "z",
            "origin": [10.89519, 10.27661, 6]
        },
        "faces": {
            "north": {
                "uv": [4, 4, 5, 5],
                "texture": "#0"
            },
            "east": {
                "uv": [4, 4, 5, 5],
                "texture": "#0"
            },
            "south": {
                "uv": [4, 4, 5, 5],
                "texture": "#0"
            },
            "west": {
                "uv": [4, 4, 5, 5],
                "texture": "#0"
            },
            "up": {
                "uv": [4, 4, 5, 5],
                "texture": "#0"
            },
            "down": {
                "uv": [4, 4, 5, 5],
                "texture": "#0"
            }
        }
    }, {
        "from": [11.72145, 9.10178, -0.25],
        "to": [12.07711, 10.49834, 12.225],
        "rotation": {
            "angle": 45,
            "axis": "z",
            "origin": [12.14645, 9.67678, -1.25]
        },
        "faces": {
            "north": {
                "uv": [4, 4, 5, 5],
                "texture": "#0"
            },
            "east": {
                "uv": [4, 4, 5, 5],
                "texture": "#0"
            },
            "south": {
                "uv": [4, 4, 5, 5],
                "texture": "#0"
            },
            "west": {
                "uv": [4, 4, 5, 5],
                "texture": "#0"
            },
            "up": {
                "uv": [4, 4, 5, 5],
                "texture": "#0"
            },
            "down": {
                "uv": [4, 4, 5, 5],
                "texture": "#0"
            }
        }
    }, {
        "from": [3.75, 10.26795, 8.20762],
        "to": [12.25, 11.26795, 12.20762],
        "rotation": {
            "angle": -22.5,
            "axis": "x",
            "origin": [8, 11.86891, 8]
        },
        "faces": {
            "north": {
                "uv": [4, 7, 5, 8],
                "texture": "#0"
            },
            "east": {
                "uv": [4, 7, 5, 8],
                "texture": "#0"
            },
            "south": {
                "uv": [4, 7, 5, 8],
                "texture": "#0"
            },
            "west": {
                "uv": [4, 7, 5, 8],
                "texture": "#0"
            },
            "up": {
                "uv": [4, 7, 5, 8],
                "texture": "#0"
            },
            "down": {
                "uv": [4, 7, 5, 8],
                "texture": "#0"
            }
        }
    }, {
        "from": [4, 9.7035, 7.65736],
        "to": [12, 10.7035, 11.65736],
        "rotation": {
            "angle": -45,
            "axis": "x",
            "origin": [8, 11.86891, 8]
        },
        "faces": {
            "north": {
                "uv": [7, 7, 8, 8],
                "texture": "#0"
            },
            "east": {
                "uv": [7, 7, 8, 8],
                "texture": "#0"
            },
            "south": {
                "uv": [7, 7, 8, 8],
                "texture": "#0"
            },
            "west": {
                "uv": [7, 7, 8, 8],
                "texture": "#0"
            },
            "up": {
                "uv": [7, 7, 8, 8],
                "texture": "#0"
            },
            "down": {
                "uv": [7, 7, 8, 8],
                "texture": "#0"
            }
        }
    }, {
        "from": [4.25, 10.80189, 9.47631],
        "to": [11.75, 14.80189, 10.47631],
        "rotation": {
            "angle": 22.5,
            "axis": "x",
            "origin": [8, 11.86891, 8]
        },
        "faces": {
            "north": {
                "uv": [10, 7, 11, 8],
                "texture": "#0"
            },
            "east": {
                "uv": [10, 7, 11, 8],
                "texture": "#0"
            },
            "south": {
                "uv": [10, 7, 11, 8],
                "texture": "#0"
            },
            "west": {
                "uv": [10, 7, 11, 8],
                "texture": "#0"
            },
            "up": {
                "uv": [10, 7, 11, 8],
                "texture": "#0"
            },
            "down": {
                "uv": [10, 7, 11, 8],
                "texture": "#0"
            }
        }
    }, {
        "from": [9.4186, 12.28437, 5.40855],
        "to": [11.06632, 16.02994, 10.59145],
        "rotation": {
            "angle": -45,
            "axis": "z",
            "origin": [6.9186, 12.28437, 10.09145]
        },
        "faces": {
            "north": {
                "uv": [1, 1, 2, 2],
                "texture": "#0"
            },
            "east": {
                "uv": [1, 1, 2, 2],
                "texture": "#0"
            },
            "south": {
                "uv": [1, 1, 2, 2],
                "texture": "#0"
            },
            "west": {
                "uv": [1, 1, 2, 2],
                "texture": "#0"
            },
            "up": {
                "uv": [1, 1, 2, 2],
                "texture": "#0"
            },
            "down": {
                "uv": [1, 1, 2, 2],
                "texture": "#0"
            }
        }
    }, {
        "from": [4.93368, 12.28437, 5.40855],
        "to": [6.5814, 16.02994, 10.59145],
        "rotation": {
            "angle": 45,
            "axis": "z",
            "origin": [9.0814, 12.28437, 10.09145]
        },
        "faces": {
            "north": {
                "uv": [1, 1, 2, 2],
                "texture": "#0"
            },
            "east": {
                "uv": [1, 1, 2, 2],
                "texture": "#0"
            },
            "south": {
                "uv": [1, 1, 2, 2],
                "texture": "#0"
            },
            "west": {
                "uv": [1, 1, 2, 2],
                "texture": "#0"
            },
            "up": {
                "uv": [1, 1, 2, 2],
                "texture": "#0"
            },
            "down": {
                "uv": [1, 1, 2, 2],
                "texture": "#0"
            }
        }
    }, {
        "from": [4.25, 10.80189, 5.52369],
        "to": [11.75, 14.80189, 6.52369],
        "rotation": {
            "angle": -22.5,
            "axis": "x",
            "origin": [8, 11.86891, 8]
        },
        "faces": {
            "north": {
                "uv": [10, 7, 11, 8],
                "texture": "#0"
            },
            "east": {
                "uv": [10, 7, 11, 8],
                "texture": "#0"
            },
            "south": {
                "uv": [10, 7, 11, 8],
                "texture": "#0"
            },
            "west": {
                "uv": [10, 7, 11, 8],
                "texture": "#0"
            },
            "up": {
                "uv": [10, 7, 11, 8],
                "texture": "#0"
            },
            "down": {
                "uv": [10, 7, 11, 8],
                "texture": "#0"
            }
        }
    }, {
        "from": [3.75, 10.26795, 3.79238],
        "to": [12.25, 11.26795, 7.79238],
        "rotation": {
            "angle": 22.5,
            "axis": "x",
            "origin": [8, 11.86891, 8]
        },
        "faces": {
            "north": {
                "uv": [4, 7, 5, 8],
                "texture": "#0"
            },
            "east": {
                "uv": [4, 7, 5, 8],
                "texture": "#0"
            },
            "south": {
                "uv": [4, 7, 5, 8],
                "texture": "#0"
            },
            "west": {
                "uv": [4, 7, 5, 8],
                "texture": "#0"
            },
            "up": {
                "uv": [4, 7, 5, 8],
                "texture": "#0"
            },
            "down": {
                "uv": [4, 7, 5, 8],
                "texture": "#0"
            }
        }
    }, {
        "from": [4, 9.7035, 4.34264],
        "to": [12, 10.7035, 8.34264],
        "rotation": {
            "angle": 45,
            "axis": "x",
            "origin": [8, 11.86891, 8]
        },
        "faces": {
            "north": {
                "uv": [7, 7, 8, 8],
                "texture": "#0"
            },
            "east": {
                "uv": [7, 7, 8, 8],
                "texture": "#0"
            },
            "south": {
                "uv": [7, 7, 8, 8],
                "texture": "#0"
            },
            "west": {
                "uv": [7, 7, 8, 8],
                "texture": "#0"
            },
            "up": {
                "uv": [7, 7, 8, 8],
                "texture": "#0"
            },
            "down": {
                "uv": [7, 7, 8, 8],
                "texture": "#0"
            }
        }
    }, {
        "from": [4, 9.5, 3.4],
        "to": [12, 12, 12.4],
        "rotation": {
            "angle": 0,
            "axis": "y",
            "origin": [8, 8, 7.9]
        },
        "faces": {
            "north": {
                "uv": [4, 1, 5, 2],
                "texture": "#0"
            },
            "east": {
                "uv": [4, 1, 5, 2],
                "texture": "#0"
            },
            "south": {
                "uv": [4, 1, 5, 2],
                "texture": "#0"
            },
            "west": {
                "uv": [4, 1, 5, 2],
                "texture": "#0"
            },
            "up": {
                "uv": [4, 1, 5, 2],
                "texture": "#0"
            },
            "down": {
                "uv": [4, 1, 5, 2],
                "texture": "#0"
            }
        }
    }, {
        "from": [4.25, 10.26795, 3.69238],
        "to": [11.75, 11.26795, 7.69238],
        "rotation": {
            "angle": 22.5,
            "axis": "x",
            "origin": [8, 11.86891, 7.9]
        },
        "faces": {
            "north": {
                "uv": [4, 1, 5, 2],
                "texture": "#0"
            },
            "east": {
                "uv": [4, 1, 5, 2],
                "texture": "#0"
            },
            "south": {
                "uv": [4, 1, 5, 2],
                "texture": "#0"
            },
            "west": {
                "uv": [4, 1, 5, 2],
                "texture": "#0"
            },
            "up": {
                "uv": [4, 1, 5, 2],
                "texture": "#0"
            },
            "down": {
                "uv": [4, 1, 5, 2],
                "texture": "#0"
            }
        }
    }, {
        "from": [4.5, 9.7035, 4.24264],
        "to": [11.5, 10.7035, 8.24264],
        "rotation": {
            "angle": 45,
            "axis": "x",
            "origin": [8, 11.86891, 7.9]
        },
        "faces": {
            "north": {
                "uv": [4, 1, 5, 2],
                "texture": "#0"
            },
            "east": {
                "uv": [4, 1, 5, 2],
                "texture": "#0"
            },
            "south": {
                "uv": [4, 1, 5, 2],
                "texture": "#0"
            },
            "west": {
                "uv": [4, 1, 5, 2],
                "texture": "#0"
            },
            "up": {
                "uv": [4, 1, 5, 2],
                "texture": "#0"
            },
            "down": {
                "uv": [4, 1, 5, 2],
                "texture": "#0"
            }
        }
    }, {
        "from": [4.75, 10.80189, 5.42369],
        "to": [11.25, 14.80189, 6.42369],
        "rotation": {
            "angle": -22.5,
            "axis": "x",
            "origin": [8, 11.86891, 7.9]
        },
        "faces": {
            "north": {
                "uv": [4, 1, 5, 2],
                "texture": "#0"
            },
            "east": {
                "uv": [4, 1, 5, 2],
                "texture": "#0"
            },
            "south": {
                "uv": [4, 1, 5, 2],
                "texture": "#0"
            },
            "west": {
                "uv": [4, 1, 5, 2],
                "texture": "#0"
            },
            "up": {
                "uv": [4, 1, 5, 2],
                "texture": "#0"
            },
            "down": {
                "uv": [4, 1, 5, 2],
                "texture": "#0"
            }
        }
    }, {
        "from": [4.5, 10.01367, 5.51367],
        "to": [11.5, 14.01367, 10.48633],
        "rotation": {
            "angle": 0,
            "axis": "z",
            "origin": [8, 11.86891, 8]
        },
        "faces": {
            "north": {
                "uv": [13, 7, 14, 8],
                "texture": "#0"
            },
            "east": {
                "uv": [13, 7, 14, 8],
                "texture": "#0"
            },
            "south": {
                "uv": [13, 7, 14, 8],
                "texture": "#0"
            },
            "west": {
                "uv": [13, 7, 14, 8],
                "texture": "#0"
            },
            "up": {
                "uv": [13, 7, 14, 8],
                "texture": "#0"
            },
            "down": {
                "uv": [13, 7, 14, 8],
                "texture": "#0"
            }
        }
    }, {
        "from": [7.5, 13.78867, 7.5],
        "to": [8.5, 14.53867, 8.5],
        "rotation": {
            "angle": 45,
            "axis": "y",
            "origin": [8, 14.16367, 8]
        },
        "faces": {
            "north": {
                "uv": [1, 13, 2, 14],
                "texture": "#0"
            },
            "east": {
                "uv": [1, 13, 2, 14],
                "texture": "#0"
            },
            "south": {
                "uv": [1, 13, 2, 14],
                "texture": "#0"
            },
            "west": {
                "uv": [1, 13, 2, 14],
                "texture": "#0"
            },
            "up": {
                "uv": [1, 13, 2, 14],
                "texture": "#0"
            },
            "down": {
                "uv": [1, 13, 2, 14],
                "texture": "#0"
            }
        }
    }]
}