{
	"credit": "Made with Blockbench",
	"texture_size": [64, 64],
	"textures": {
		"0": "item/hats/candy_bucket",
		"particle": "item/hats/candy_bucket"
	},
	"elements": [
		{
			"from": [11, 0, 5],
			"to": [12, 6.5, 11],
			"rotation": {"angle": 0, "axis": "y", "origin": [8, 4, 8]},
			"faces": {
				"north": {"uv": [0, 7.75, 0.25, 9.375], "texture": "#0"},
				"east": {"uv": [4.5, 0, 6, 1.625], "texture": "#0"},
				"south": {"uv": [0.25, 7.75, 0.5, 9.375], "texture": "#0"},
				"west": {"uv": [4.5, 1.75, 6, 3.375], "texture": "#0"},
				"up": {"uv": [6.25, 9.5, 6, 8], "texture": "#0"},
				"down": {"uv": [6.5, 8, 6.25, 9.5], "texture": "#0"}
			}
		},
		{
			"from": [4, 0, 5],
			"to": [5, 6.5, 11],
			"rotation": {"angle": 0, "axis": "y", "origin": [8, 4, 8]},
			"faces": {
				"north": {"uv": [0.5, 7.75, 0.75, 9.375], "texture": "#0"},
				"east": {"uv": [4.5, 3.5, 6, 5.125], "texture": "#0"},
				"south": {"uv": [0.75, 7.75, 1, 9.375], "texture": "#0"},
				"west": {"uv": [2, 5.25, 3.5, 6.875], "texture": "#0"},
				"up": {"uv": [6.75, 9.5, 6.5, 8], "texture": "#0"},
				"down": {"uv": [7, 8, 6.75, 9.5], "texture": "#0"}
			}
		},
		{
			"from": [4, 0, 11],
			"to": [12, 6.5, 12],
			"rotation": {"angle": 0, "axis": "y", "origin": [8, 4, 8]},
			"faces": {
				"north": {"uv": [2.5, 3.5, 4.5, 5.125], "texture": "#0"},
				"east": {"uv": [4, 7.75, 4.25, 9.375], "texture": "#0"},
				"south": {"uv": [0, 4, 2, 5.625], "texture": "#0"},
				"west": {"uv": [4.25, 7.75, 4.5, 9.375], "texture": "#0"},
				"up": {"uv": [10, 5.25, 8, 5], "texture": "#0"},
				"down": {"uv": [10, 5.25, 8, 5.5], "texture": "#0"}
			}
		},
		{
			"from": [5, 0, 5],
			"to": [11, 2, 11],
			"rotation": {"angle": 0, "axis": "y", "origin": [8, 4, 8]},
			"faces": {
				"north": {"uv": [1.5, 7, 3, 7.5], "texture": "#0"},
				"east": {"uv": [6, 7, 7.5, 7.5], "texture": "#0"},
				"south": {"uv": [0, 7.25, 1.5, 7.75], "texture": "#0"},
				"west": {"uv": [3, 7.25, 4.5, 7.75], "texture": "#0"},
				"up": {"uv": [5, 6.75, 3.5, 5.25], "texture": "#0"},
				"down": {"uv": [6.5, 5.25, 5, 6.75], "texture": "#0"}
			}
		},
		{
			"from": [3.2, 3.6, 8.6],
			"to": [12.8, 5.15, 16.35],
			"rotation": {"angle": 45, "axis": "x", "origin": [8, 8.275, 12.9]},
			"faces": {
				"north": {"uv": [6.5, 6.5, 8.875, 6.875], "texture": "#0"},
				"east": {"uv": [6, 7.5, 8, 7.875], "texture": "#0"},
				"south": {"uv": [3.5, 6.75, 5.875, 7.125], "texture": "#0"},
				"west": {"uv": [7.5, 7, 9.5, 7.375], "texture": "#0"},
				"up": {"uv": [2.375, 2, 0, 0], "texture": "#0"},
				"down": {"uv": [2.375, 2, 0, 4], "texture": "#0"}
			}
		},
		{
			"from": [4, 0, 4],
			"to": [12, 6.5, 5],
			"rotation": {"angle": 0, "axis": "y", "origin": [8, 4, 8]},
			"faces": {
				"north": {"uv": [2.5, 0, 4.5, 1.625], "texture": "#0"},
				"east": {"uv": [1, 7.75, 1.25, 9.375], "texture": "#0"},
				"south": {"uv": [2.5, 1.75, 4.5, 3.375], "texture": "#0"},
				"west": {"uv": [1.25, 7.75, 1.5, 9.375], "texture": "#0"},
				"up": {"uv": [4, 8, 2, 7.75], "texture": "#0"},
				"down": {"uv": [4, 8, 2, 8.25], "texture": "#0"}
			}
		},
		{
			"from": [11, 6.5, 5],
			"to": [12.75, 9.25, 11],
			"rotation": {"angle": 0, "axis": "y", "origin": [8, 4, 8]},
			"faces": {
				"north": {"uv": [2, 8.25, 2.5, 9], "texture": "#0"},
				"east": {"uv": [6.5, 5, 8, 5.75], "texture": "#0"},
				"south": {"uv": [2.5, 8.25, 3, 9], "texture": "#0"},
				"west": {"uv": [6.5, 5.75, 8, 6.5], "texture": "#0"},
				"up": {"uv": [6, 8.75, 5.5, 7.25], "texture": "#0"},
				"down": {"uv": [2, 7.5, 1.5, 9], "texture": "#0"}
			}
		},
		{
			"from": [3.25, 6.5, 5],
			"to": [5, 9.25, 11],
			"rotation": {"angle": 0, "axis": "y", "origin": [8, 4, 8]},
			"faces": {
				"north": {"uv": [7.5, 8, 8, 8.75], "texture": "#0"},
				"east": {"uv": [0, 5.75, 1.5, 6.5], "texture": "#0"},
				"south": {"uv": [8, 7.5, 8.5, 8.25], "texture": "#0"},
				"west": {"uv": [0, 6.5, 1.5, 7.25], "texture": "#0"},
				"up": {"uv": [5, 8.75, 4.5, 7.25], "texture": "#0"},
				"down": {"uv": [5.5, 7.25, 5, 8.75], "texture": "#0"}
			}
		},
		{
			"from": [3.25, 6.5, 3],
			"to": [12.75, 9.25, 5],
			"rotation": {"angle": 0, "axis": "y", "origin": [8, 4, 8]},
			"faces": {
				"north": {"uv": [6, 1.5, 8.375, 2.25], "texture": "#0"},
				"east": {"uv": [8, 5.5, 8.5, 6.25], "texture": "#0"},
				"south": {"uv": [6, 2.25, 8.375, 3], "texture": "#0"},
				"west": {"uv": [7, 8, 7.5, 8.75], "texture": "#0"},
				"up": {"uv": [8.375, 4.5, 6, 4], "texture": "#0"},
				"down": {"uv": [8.375, 4.5, 6, 5], "texture": "#0"}
			}
		},
		{
			"from": [3.25, 6.5, 11],
			"to": [12.75, 9.25, 12.75],
			"rotation": {"angle": 0, "axis": "y", "origin": [8, 4, 8]},
			"faces": {
				"north": {"uv": [6, 0, 8.375, 0.75], "texture": "#0"},
				"east": {"uv": [2, 4, 2.5, 4.75], "texture": "#0"},
				"south": {"uv": [6, 0.75, 8.375, 1.5], "texture": "#0"},
				"west": {"uv": [1.5, 5.75, 2, 6.5], "texture": "#0"},
				"up": {"uv": [8.375, 3.5, 6, 3], "texture": "#0"},
				"down": {"uv": [8.375, 3.5, 6, 4], "texture": "#0"}
			}
		}
	],
	"display": {
		"thirdperson_righthand": {
			"translation": [0.25, 1, -2.5],
			"scale": [0.7, 0.7, 0.7]
		},
		"thirdperson_lefthand": {
			"translation": [0.25, 1, -2.5],
			"scale": [0.7, 0.7, 0.7]
		},
		"ground": {
			"translation": [0, 4.5, 0]
		},
		"gui": {
			"rotation": [30, -135, 0],
			"translation": [0, 3, 0],
			"scale": [0.9, 0.9, 0.9]
		},
		"head": {
			"translation": [0, 14.5, 0]
		},
		"fixed": {
			"translation": [0, 3.5, -2.25]
		}
	}
}