{
	"credit": "Made with Blockbench",
	"texture_size": [128, 128],
	"textures": {
		"1": "item/hats/chef_hat/chef_animation",
		"2": "item/hats/chef_hat/chef_hat",
		"particle": "item/hats/chef_hat/chef_animation"
	},
	"elements": [
		{
			"from": [1, -4, 1],
			"to": [15, 4, 15],
			"rotation": {"angle": 0, "axis": "y", "origin": [3.5, 2, 8]},
			"faces": {
				"north": {"uv": [0, 7, 1.75, 8], "texture": "#2"},
				"east": {"uv": [6.25, 7.5, 8, 8.5], "texture": "#2"},
				"south": {"uv": [6.25, 7.5, 8, 8.5], "texture": "#2"},
				"west": {"uv": [6.25, 7.5, 8, 8.5], "texture": "#2"},
				"up": {"uv": [6.25, 6.25, 4.5, 4.5], "texture": "#2"},
				"down": {"uv": [1.75, 5.25, 0, 7], "texture": "#2"}
			}
		},
		{
			"from": [-1, 4, -1],
			"to": [17, 21, 17],
			"rotation": {"angle": 0, "axis": "y", "origin": [3.5, 2, 8]},
			"faces": {
				"north": {"uv": [0, 0, 2.25, 2.125], "texture": "#2"},
				"east": {"uv": [2.25, 0, 4.5, 2.125], "texture": "#2"},
				"south": {"uv": [0, 0, 2.25, 2.125], "texture": "#2"},
				"west": {"uv": [2.25, 2.625, 4.5, 4.75], "texture": "#2"},
				"up": {"uv": [6.75, 2.25, 4.5, 0], "texture": "#2"},
				"down": {"uv": [6.75, 2.25, 4.5, 4.5], "texture": "#2"}
			}
		},
		{
			"from": [4, 21, 0],
			"to": [16, 26, 16],
			"rotation": {"angle": 22.5, "axis": "z", "origin": [16, 21, 8]},
			"faces": {
				"north": {"uv": [1.75, 7.25, 3.25, 7.875], "texture": "#2"},
				"east": {"uv": [7.75, 6.5, 9.75, 7.125], "texture": "#2"},
				"south": {"uv": [4.75, 7.75, 6.25, 8.375], "texture": "#2"},
				"west": {"uv": [0, 8, 2, 8.625], "texture": "#2"},
				"up": {"uv": [3.25, 7.25, 1.75, 5.25], "texture": "#2"},
				"down": {"uv": [4.75, 6.25, 3.25, 8.25], "texture": "#2"}
			}
		},
		{
			"from": [17, 9, 2],
			"to": [29, 21, 14],
			"rotation": {"angle": -45, "axis": "z", "origin": [17, 21, 8]},
			"faces": {
				"north": {"uv": [6.25, 4.5, 7.75, 6], "texture": "#2"},
				"east": {"uv": [4.75, 6.25, 6.25, 7.75], "texture": "#2"},
				"south": {"uv": [6.25, 6, 7.75, 7.5], "texture": "#2"},
				"west": {"uv": [6.75, 0, 8.25, 1.5], "texture": "#2"},
				"up": {"uv": [8.25, 3, 6.75, 1.5], "texture": "#2"},
				"down": {"uv": [8.25, 3, 6.75, 4.5], "texture": "#2"}
			}
		},
		{
			"from": [-13, 9, 2],
			"to": [-1, 21, 14],
			"rotation": {"angle": 45, "axis": "z", "origin": [-1, 21, 8]},
			"faces": {
				"north": {"uv": [7.75, 4.5, 6.25, 6], "texture": "#2"},
				"east": {"uv": [8.25, 0, 6.75, 1.5], "texture": "#2"},
				"south": {"uv": [7.75, 6, 6.25, 7.5], "texture": "#2"},
				"west": {"uv": [6.25, 6.25, 4.75, 7.75], "texture": "#2"},
				"up": {"uv": [6.75, 3, 8.25, 1.5], "texture": "#2"},
				"down": {"uv": [6.75, 3, 8.25, 4.5], "texture": "#2"}
			}
		},
		{
			"from": [-7, -7, 7],
			"to": [1, 9, 7],
			"faces": {
				"north": {"uv": [8, 0, 16, 16], "texture": "#1"},
				"east": {"uv": [0, 0, 0, 2], "texture": "#missing"},
				"south": {"uv": [16, 0, 8, 16], "texture": "#1"},
				"west": {"uv": [0, 0, 0, 2], "texture": "#missing"},
				"up": {"uv": [0, 0, 2, 0], "texture": "#missing"},
				"down": {"uv": [0, 0, 2, 0], "texture": "#missing"}
			}
		},
		{
			"from": [17.49435, 1.67876, 12],
			"to": [17.49435, 17.67876, 20],
			"rotation": {"angle": -22.5, "axis": "x", "origin": [22.49435, 15.67876, 12]},
			"faces": {
				"north": {"uv": [0, 0, 0, 2], "texture": "#missing"},
				"east": {"uv": [16, 0, 8, 16], "texture": "#1"},
				"south": {"uv": [0, 0, 0, 2], "texture": "#missing"},
				"west": {"uv": [8, 0, 16, 16], "texture": "#1"},
				"up": {"uv": [2, 0, 0, 0], "rotation": 90, "texture": "#missing"},
				"down": {"uv": [2, 0, 0, 0], "rotation": 270, "texture": "#missing"}
			}
		},
		{
			"from": [15, -7, 7],
			"to": [23, 9, 7],
			"rotation": {"angle": 0, "axis": "y", "origin": [16, 0, 0]},
			"faces": {
				"north": {"uv": [0, 0, 8, 16], "texture": "#1"},
				"east": {"uv": [0, 0, 0, 2], "texture": "#missing"},
				"south": {"uv": [8, 0, 0, 16], "texture": "#1"},
				"west": {"uv": [0, 0, 0, 2], "texture": "#missing"},
				"up": {"uv": [2, 0, 0, 0], "texture": "#missing"},
				"down": {"uv": [2, 0, 0, 0], "texture": "#missing"}
			}
		}
	],
	"display": {
		"thirdperson_righthand": {
			"translation": [0, 3, 0],
			"scale": [0.29, 0.29, 0.29]
		},
		"thirdperson_lefthand": {
			"translation": [0, 2.75, 0],
			"scale": [0.29, 0.29, 0.29]
		},
		"firstperson_righthand": {
			"translation": [0, 0, -0.5],
			"scale": [0.4, 0.4, 0.4]
		},
		"firstperson_lefthand": {
			"translation": [0, 0, -0.5],
			"scale": [0.4, 0.4, 0.4]
		},
		"ground": {
			"translation": [0, 2.25, 0],
			"scale": [0.4, 0.4, 0.4]
		},
		"gui": {
			"rotation": [30, -135, 0],
			"translation": [0.25, -1, 0],
			"scale": [0.495, 0.495, 0.495]
		},
		"head": {
			"translation": [0, 14.75, 0],
			"scale": [1.1, 1.1, 1.1]
		},
		"fixed": {
			"translation": [0, 0, -1.75],
			"scale": [0.5, 0.5, 0.5]
		}
	}
}