{
	"credit": "magic_store_official",
	"texture_size": [32, 32],
	"textures": {
		"0": "item/hats/chicken_hat/chicken_hat",
		"particle": "item/hats/chicken_hat/chicken_hat"
	},
	"elements": [
		{
			"from": [3.5, 0, 3.5],
			"to": [12.5, 9, 12.5],
			"faces": {
				"north": {"uv": [0, 0, 4.5, 4.5], "texture": "#0"},
				"east": {"uv": [9, 4.5, 4.5, 9], "texture": "#0"},
				"south": {"uv": [4.5, 0, 9, 4.5], "texture": "#0"},
				"west": {"uv": [4.5, 4.5, 9, 9], "texture": "#0"},
				"up": {"uv": [4.5, 13.5, 0, 9], "texture": "#0"},
				"down": {"uv": [13.5, 0, 9, 4.5], "texture": "#0"}
			}
		},
		{
			"from": [6.5, 1.5, -0.5],
			"to": [9.5, 3.5, 3.5],
			"rotation": {"angle": -22.5, "axis": "x", "origin": [8, 2.5, 3.5]},
			"faces": {
				"north": {"uv": [13.5, 4, 15, 5], "texture": "#0"},
				"east": {"uv": [13, 8, 15, 9], "texture": "#0"},
				"south": {"uv": [13.5, 5, 15, 6], "texture": "#0"},
				"west": {"uv": [10, 13, 12, 14], "texture": "#0", "tintindex": 0},
				"up": {"uv": [15, 11, 13.5, 9], "texture": "#0"},
				"down": {"uv": [7.5, 13, 6, 15], "texture": "#0"}
			}
		},
		{
			"from": [6.5, 3.5, -1.5],
			"to": [9.5, 5.5, 3.5],
			"rotation": {"angle": 0, "axis": "y", "origin": [0, 0.5, 0]},
			"faces": {
				"north": {"uv": [13.5, 6, 15, 7], "texture": "#0"},
				"east": {"uv": [10, 13, 7.5, 14], "texture": "#0"},
				"south": {"uv": [13.5, 11, 15, 12], "texture": "#0"},
				"west": {"uv": [7.5, 13, 10, 14], "texture": "#0", "tintindex": 0},
				"up": {"uv": [13.5, 11.5, 12, 9], "texture": "#0"},
				"down": {"uv": [6, 11.5, 4.5, 14], "texture": "#0"}
			}
		},
		{
			"from": [2, 3, 5],
			"to": [4, 7, 9],
			"faces": {
				"north": {"uv": [12, 13, 13, 15], "texture": "#0", "tintindex": 0},
				"south": {"uv": [13, 13, 14, 15], "texture": "#0", "tintindex": 0},
				"west": {"uv": [9, 9, 11, 11], "texture": "#0", "tintindex": 0},
				"up": {"uv": [1, 15.5, 0, 13.5], "texture": "#0"},
				"down": {"uv": [14.5, 0, 13.5, 2], "texture": "#0", "tintindex": 0}
			}
		},
		{
			"from": [2, 4, 6],
			"to": [4, 6, 8],
			"faces": {
				"west": {"uv": [11, 9, 12, 10], "texture": "#0"}
			}
		},
		{
			"from": [12, 3, 5],
			"to": [14, 7, 9],
			"rotation": {"angle": 0, "axis": "y", "origin": [16, 0, 0]},
			"faces": {
				"north": {"uv": [13, 13, 12, 15], "texture": "#0", "tintindex": 0},
				"east": {"uv": [11, 9, 9, 11], "texture": "#0", "tintindex": 0},
				"south": {"uv": [14, 13, 13, 15], "texture": "#0", "tintindex": 0},
				"up": {"uv": [0, 15.5, 1, 13.5], "texture": "#0"},
				"down": {"uv": [13.5, 0, 14.5, 2], "texture": "#0", "tintindex": 0}
			}
		},
		{
			"from": [12, 4, 6],
			"to": [14, 6, 8],
			"rotation": {"angle": 0, "axis": "y", "origin": [16, 0, 0]},
			"faces": {
				"east": {"uv": [12, 9, 11, 10], "texture": "#0"}
			}
		},
		{
			"from": [8, -3, 2],
			"to": [8, 0, 7],
			"rotation": {"angle": 0, "axis": "x", "origin": [8, -1.5, 4.5]},
			"faces": {
				"east": {"uv": [11, 11.5, 13.5, 13], "texture": "#0"},
				"west": {"uv": [11, 11.5, 13.5, 13], "texture": "#0"}
			}
		},
		{
			"from": [8, 9, 3.5],
			"to": [8, 14, 12.5],
			"faces": {
				"east": {"uv": [13.5, 4.5, 9, 7], "texture": "#0"},
				"west": {"uv": [9, 4.5, 13.5, 7], "texture": "#0"}
			}
		}
	],
	"display": {
		"thirdperson_righthand": {
			"translation": [0, 2, 0],
			"scale": [0.45, 0.45, 0.45]
		},
		"thirdperson_lefthand": {
			"translation": [0, 2, 0],
			"scale": [0.45, 0.45, 0.45]
		},
		"firstperson_righthand": {
			"rotation": [0, 20.75, 0],
			"translation": [3, 4, 0],
			"scale": [0.7, 0.7, 0.7]
		},
		"firstperson_lefthand": {
			"rotation": [0, 20.75, 0],
			"translation": [3, 4, 0],
			"scale": [0.7, 0.7, 0.7]
		},
		"ground": {
			"scale": [0.5, 0.5, 0.5]
		},
		"gui": {
			"rotation": [30, 135, 0],
			"translation": [0.25, 2, 0],
			"scale": [0.85, 0.85, 0.85]
		},
		"head": {
			"translation": [0, 7, 0],
			"scale": [1.7, 1.7, 1.7]
		}
	}
}