{
	"credit": "Made with Blockbench",
	"texture_size": [64, 64],
	"textures": {
		"2": "item/hats/cimetery_hat",
		"particle": "item/hats/cimetery_hat"
	},
	"elements": [
		{
			"from": [1, 4, 10.5],
			"to": [5, 10, 10.5],
			"rotation": {"angle": 0, "axis": "y", "origin": [-1, -12, -1.5]},
			"faces": {
				"north": {"uv": [0, 3.5, 1, 5], "texture": "#2"},
				"east": {"uv": [0, 3.5, 0, 5], "texture": "#2"},
				"south": {"uv": [1, 3.5, 2, 5], "texture": "#2"},
				"west": {"uv": [1, 3.5, 1, 5], "texture": "#2"},
				"up": {"uv": [1, 3.5, 0, 3.5], "texture": "#2"},
				"down": {"uv": [2, 3.5, 1, 3.5], "texture": "#2"}
			}
		},
		{
			"from": [-1, -2, 10.5],
			"to": [3, 4, 10.5],
			"rotation": {"angle": 0, "axis": "y", "origin": [-3, -18, -1.5]},
			"faces": {
				"north": {"uv": [0, 1, 1, 2.5], "texture": "#2"},
				"east": {"uv": [0, 1, 0, 2.5], "texture": "#2"},
				"south": {"uv": [1, 1, 2, 2.5], "texture": "#2"},
				"west": {"uv": [1, 1, 1, 2.5], "texture": "#2"},
				"up": {"uv": [1, 1, 0, 1], "texture": "#2"},
				"down": {"uv": [2, 1, 1, 1], "texture": "#2"}
			}
		},
		{
			"from": [2, 9, 10],
			"to": [10, 11, 11],
			"rotation": {"angle": 0, "axis": "y", "origin": [-1, -13, -1]},
			"faces": {
				"north": {"uv": [10, 10, 12, 10.5], "texture": "#2"},
				"east": {"uv": [9.75, 10, 10, 10.5], "texture": "#2"},
				"south": {"uv": [12.25, 10, 14.25, 10.5], "texture": "#2"},
				"west": {"uv": [12, 10, 12.25, 10.5], "texture": "#2"},
				"up": {"uv": [12, 10, 10, 9.75], "texture": "#2"},
				"down": {"uv": [14, 9.75, 12, 10], "texture": "#2"}
			}
		},
		{
			"from": [5, 3, 10],
			"to": [7, 14, 11],
			"rotation": {"angle": 0, "axis": "y", "origin": [-1, -13, -1]},
			"faces": {
				"north": {"uv": [3.25, 10.25, 3.75, 13], "texture": "#2"},
				"east": {"uv": [3, 10.25, 3.25, 13], "texture": "#2"},
				"south": {"uv": [4, 10.25, 4.5, 13], "texture": "#2"},
				"west": {"uv": [3.75, 10.25, 4, 13], "texture": "#2"},
				"up": {"uv": [3.75, 10.25, 3.25, 10], "texture": "#2"},
				"down": {"uv": [4.25, 10, 3.75, 10.25], "texture": "#2"}
			}
		},
		{
			"from": [-14.35, 7.25, 9.5],
			"to": [-10.35, 8.25, 11.5],
			"rotation": {"angle": -45, "axis": "z", "origin": [-1, -13, -1]},
			"faces": {
				"north": {"uv": [5, 10.5, 6, 10.75], "texture": "#2"},
				"east": {"uv": [4.5, 10.5, 5, 10.75], "texture": "#2"},
				"south": {"uv": [6.5, 10.5, 7.5, 10.75], "texture": "#2"},
				"west": {"uv": [6, 10.5, 6.5, 10.75], "texture": "#2"},
				"up": {"uv": [6, 10.5, 5, 10], "texture": "#2"},
				"down": {"uv": [7, 10, 6, 10.5], "texture": "#2"}
			}
		},
		{
			"from": [22.35, 7.25, 9.575],
			"to": [26.35, 8.25, 11.575],
			"rotation": {"angle": 45, "axis": "z", "origin": [13, -13, -0.925]},
			"faces": {
				"north": {"uv": [10.5, 2.75, 11.5, 3], "texture": "#2"},
				"east": {"uv": [10, 2.75, 10.5, 3], "texture": "#2"},
				"south": {"uv": [12, 2.75, 13, 3], "texture": "#2"},
				"west": {"uv": [11.5, 2.75, 12, 3], "texture": "#2"},
				"up": {"uv": [11.5, 2.75, 10.5, 2.25], "texture": "#2"},
				"down": {"uv": [12.5, 2.25, 11.5, 2.75], "texture": "#2"}
			}
		},
		{
			"from": [5, 2, 4],
			"to": [8, 6, 7],
			"rotation": {"angle": 0, "axis": "y", "origin": [-2, -14, -2]},
			"faces": {
				"north": {"uv": [0.75, 10.75, 1.5, 11.75], "texture": "#2"},
				"east": {"uv": [0, 10.75, 0.75, 11.75], "texture": "#2"},
				"south": {"uv": [2.25, 10.75, 3, 11.75], "texture": "#2"},
				"west": {"uv": [1.5, 10.75, 2.25, 11.75], "texture": "#2"},
				"up": {"uv": [1.5, 10.75, 0.75, 10], "texture": "#2"},
				"down": {"uv": [2.25, 10, 1.5, 10.75], "texture": "#2"}
			}
		},
		{
			"from": [4.5, 7, -2],
			"to": [8.5, 10, -1],
			"rotation": {"angle": 22.5, "axis": "x", "origin": [-2, -14, -2]},
			"faces": {
				"north": {"uv": [0.25, 0.25, 1.25, 1], "texture": "#2"},
				"east": {"uv": [0, 0.25, 0.25, 1], "texture": "#2"},
				"south": {"uv": [1.5, 0.25, 2.5, 1], "texture": "#2"},
				"west": {"uv": [1.25, 0.25, 1.5, 1], "texture": "#2"},
				"up": {"uv": [1.25, 0.25, 0.25, 0], "texture": "#2"},
				"down": {"uv": [2.25, 0, 1.25, 0.25], "texture": "#2"}
			}
		},
		{
			"from": [6.5, 1, 11],
			"to": [8.5, 4, 12],
			"rotation": {"angle": -22.5, "axis": "x", "origin": [-2, -14, -2]},
			"faces": {
				"north": {"uv": [0.25, 5.25, 0.75, 6], "texture": "#2"},
				"east": {"uv": [0, 5.25, 0.25, 6], "texture": "#2"},
				"south": {"uv": [1, 5.25, 1.5, 6], "texture": "#2"},
				"west": {"uv": [0.75, 5.25, 1, 6], "texture": "#2"},
				"up": {"uv": [0.75, 5.25, 0.25, 5], "texture": "#2"},
				"down": {"uv": [1.25, 5, 0.75, 5.25], "texture": "#2"}
			}
		},
		{
			"name": "head",
			"from": [3, 0, 3],
			"to": [13, 3, 13],
			"shade": false,
			"rotation": {"angle": 0, "axis": "y", "origin": [0, -13, 0]},
			"faces": {
				"north": {"uv": [2.5, 9.25, 5, 10], "texture": "#2"},
				"east": {"uv": [0, 9.25, 2.5, 10], "texture": "#2"},
				"south": {"uv": [7.5, 9.25, 10, 10], "texture": "#2"},
				"west": {"uv": [5, 9.25, 7.5, 10], "texture": "#2"},
				"up": {"uv": [5, 9.25, 2.5, 6.75], "texture": "#2"},
				"down": {"uv": [7.5, 6.75, 5, 9.25], "texture": "#2"}
			}
		},
		{
			"name": "head",
			"from": [3, -5, 3],
			"to": [13, 0, 13],
			"shade": false,
			"rotation": {"angle": 0, "axis": "y", "origin": [0, -16, 0]},
			"faces": {
				"north": {"uv": [8.5, 14.75, 11, 16], "texture": "#2"},
				"east": {"uv": [6, 14.75, 8.5, 16], "texture": "#2"},
				"south": {"uv": [13.5, 14.75, 16, 16], "texture": "#2"},
				"west": {"uv": [11, 14.75, 13.5, 16], "texture": "#2"},
				"up": {"uv": [11, 14.75, 8.5, 12.25], "texture": "#2"},
				"down": {"uv": [13.5, 12.25, 11, 14.75], "texture": "#2"}
			}
		},
		{
			"name": "head",
			"from": [9, 3, 8],
			"to": [13, 7, 13],
			"shade": false,
			"rotation": {"angle": 0, "axis": "y", "origin": [0, -13, 0]},
			"faces": {
				"north": {"uv": [8.75, 8, 9.75, 9], "texture": "#2"},
				"east": {"uv": [7.5, 8, 8.75, 9], "texture": "#2"},
				"south": {"uv": [11, 8, 12, 9], "texture": "#2"},
				"west": {"uv": [9.75, 8, 11, 9], "texture": "#2"},
				"up": {"uv": [9.75, 8, 8.75, 6.75], "texture": "#2"},
				"down": {"uv": [10.75, 6.75, 9.75, 8], "texture": "#2"}
			}
		},
		{
			"name": "head",
			"from": [9.75, 6.75, 7],
			"to": [13.75, 8.75, 14],
			"shade": false,
			"rotation": {"angle": -45, "axis": "z", "origin": [11.75, 7.75, 0]},
			"faces": {
				"north": {"uv": [9.25, 5.25, 10.25, 5.75], "texture": "#2"},
				"east": {"uv": [7.5, 5.25, 9.25, 5.75], "texture": "#2"},
				"south": {"uv": [12, 5.25, 13, 5.75], "texture": "#2"},
				"west": {"uv": [10.25, 5.25, 12, 5.75], "texture": "#2"},
				"up": {"uv": [10.25, 5.25, 9.25, 3.5], "texture": "#2"},
				"down": {"uv": [11.25, 3.5, 10.25, 5.25], "texture": "#2"}
			}
		},
		{
			"name": "head",
			"from": [8.35, 6.75, 7],
			"to": [12.35, 8.75, 14],
			"shade": false,
			"rotation": {"angle": 45, "axis": "z", "origin": [10.35, 7.75, 0]},
			"faces": {
				"north": {"uv": [9.25, 1.75, 10.25, 2.25], "texture": "#2"},
				"east": {"uv": [7.5, 1.75, 9.25, 2.25], "texture": "#2"},
				"south": {"uv": [12, 1.75, 13, 2.25], "texture": "#2"},
				"west": {"uv": [10.25, 1.75, 12, 2.25], "texture": "#2"},
				"up": {"uv": [10.25, 1.75, 9.25, 0], "texture": "#2"},
				"down": {"uv": [11.25, 0, 10.25, 1.75], "texture": "#2"}
			}
		},
		{
			"name": "head",
			"from": [3, 3, 3],
			"to": [13, 7, 13],
			"shade": false,
			"rotation": {"angle": 0, "axis": "y", "origin": [0, -13, 0]},
			"faces": {
				"north": {"uv": [2.5, 2.5, 5, 3.5], "texture": "#2"},
				"east": {"uv": [0, 2.5, 2.5, 3.5], "texture": "#2"},
				"south": {"uv": [7.5, 2.5, 10, 3.5], "texture": "#2"},
				"west": {"uv": [5, 2.5, 7.5, 3.5], "texture": "#2"},
				"up": {"uv": [5, 2.5, 2.5, 0], "texture": "#2"},
				"down": {"uv": [7.5, 0, 5, 2.5], "texture": "#2"}
			}
		}
	],
	"display": {
		"thirdperson_righthand": {
			"translation": [0, 0, -0.75],
			"scale": [0.5, 0.5, 0.5]
		},
		"thirdperson_lefthand": {
			"translation": [0, 1, 0],
			"scale": [0.5, 0.5, 0.5]
		},
		"firstperson_righthand": {
			"translation": [1.75, 1.75, 0]
		},
		"firstperson_lefthand": {
			"translation": [4.25, 2.75, 0]
		},
		"ground": {
			"scale": [0.5, 0.5, 0.5]
		},
		"gui": {
			"rotation": [30, -135, 0],
			"translation": [0, 1, 0],
			"scale": [0.7, 0.7, 0.7]
		},
		"head": {
			"translation": [0, 16.25, 0],
			"scale": [1.6, 1.6, 1.6]
		},
		"fixed": {
			"translation": [0, 3.25, -2.75]
		}
	},
	"groups": [
		{
			"name": "group",
			"origin": [8, 8, 8],
			"color": 0,
			"children": [
				0,
				1,
				2,
				3,
				4,
				5,
				{
					"name": "group",
					"origin": [1, 0, -1],
					"color": 0,
					"children": [6, 7, 8]
				},
				9,
				10,
				11,
				12,
				13,
				14
			]
		}
	]
}