{
	"credit": "Made with Blockbench",
	"texture_size": [64, 64],
	"textures": {
		"0": "item/hats/electronic_helmet/electronic_helmet",
		"1": "item/hats/electronic_helmet/electronic_helmet_leds",
		"particle": "item/hats/electronic_helmet/electronic_helmet"
	},
	"elements": [
		{
			"from": [2.5, 1.5, 2],
			"to": [13.5, 7.5, 5],
			"rotation": {"angle": 0, "axis": "y", "origin": [2.5, 1.5, 2]},
			"faces": {
				"north": {"uv": [3, 4, 14, 10], "texture": "#1"},
				"east": {"uv": [0, 4, 3, 10], "texture": "#1"},
				"west": {"uv": [12, 10, 15, 16], "texture": "#1"}
			}
		},
		{
			"from": [3.5, 0, 3.5],
			"to": [12.5, 9, 12.5],
			"rotation": {"angle": 0, "axis": "y", "origin": [3.5, 0, 3.5]},
			"faces": {
				"north": {"uv": [4, 0, 6.25, 2.25], "texture": "#0", "tintindex": 0},
				"east": {"uv": [8.75, 0, 6.5, 2.25], "texture": "#0", "tintindex": 0},
				"south": {"uv": [9, 0, 11.25, 2.25], "texture": "#0", "tintindex": 0},
				"west": {"uv": [6.5, 0, 8.75, 2.25], "texture": "#0", "tintindex": 0},
				"up": {"uv": [4, 2.5, 6.25, 4.75], "texture": "#0", "tintindex": 0},
				"down": {"uv": [6.5, 2.5, 8.75, 4.75], "texture": "#0", "tintindex": 0}
			}
		},
		{
			"from": [3.5, 0, 3.5],
			"to": [12.5, 9, 12.5],
			"rotation": {"angle": 0, "axis": "y", "origin": [3.5, 0, 3.5]},
			"faces": {
				"south": {"uv": [11.5, 2.5, 13.75, 4.75], "texture": "#0"},
				"up": {"uv": [11.5, 0, 13.75, 2.25], "texture": "#0"}
			}
		},
		{
			"from": [2.5, 1.5, 2],
			"to": [13.5, 7.5, 5],
			"rotation": {"angle": 0, "axis": "y", "origin": [2.5, 1.5, 2]},
			"faces": {
				"north": {"uv": [0, 0, 2.75, 1.5], "texture": "#0", "tintindex": 0},
				"east": {"uv": [3, 1.75, 3.75, 3.25], "texture": "#0", "tintindex": 0},
				"west": {"uv": [3, 0, 3.75, 1.5], "texture": "#0", "tintindex": 0},
				"up": {"uv": [0, 1.75, 2.75, 2.5], "texture": "#0", "tintindex": 0},
				"down": {"uv": [0, 3.5, 2.75, 2.75], "texture": "#0", "tintindex": 0}
			}
		},
		{
			"from": [2, 1.5, 5],
			"to": [4, 7.5, 11],
			"rotation": {"angle": 0, "axis": "y", "origin": [2, 1.5, 5]},
			"faces": {
				"north": {"uv": [0, 3.75, 0.5, 5.25], "texture": "#0", "tintindex": 0},
				"south": {"uv": [0.5, 3.75, 0, 5.25], "texture": "#0", "tintindex": 0},
				"west": {"uv": [0.75, 3.75, 2.25, 5.25], "texture": "#0", "tintindex": 0},
				"up": {"uv": [2.5, 3.75, 3, 5.25], "texture": "#0", "tintindex": 0},
				"down": {"uv": [0.75, 6, 2.25, 5.5], "rotation": 90, "texture": "#0", "tintindex": 0}
			}
		},
		{
			"from": [12, 1.5, 5],
			"to": [14, 7.5, 11],
			"rotation": {"angle": 0, "axis": "y", "origin": [14, 1.5, 5]},
			"faces": {
				"north": {"uv": [0.5, 3.75, 0, 5.25], "texture": "#0", "tintindex": 0},
				"east": {"uv": [2.25, 3.75, 0.75, 5.25], "texture": "#0", "tintindex": 0},
				"south": {"uv": [0, 3.75, 0.5, 5.25], "texture": "#0", "tintindex": 0},
				"up": {"uv": [3, 3.75, 2.5, 5.25], "texture": "#0", "tintindex": 0},
				"down": {"uv": [0.75, 5.5, 2.25, 6], "rotation": 90, "texture": "#0", "tintindex": 0}
			}
		},
		{
			"from": [12, 1.5, 5],
			"to": [14, 7.5, 11],
			"rotation": {"angle": 0, "axis": "y", "origin": [14, 1.5, 5]},
			"faces": {
				"east": {"uv": [5.25, 5, 3.75, 6.5], "texture": "#0"}
			}
		},
		{
			"from": [2, 1.5, 5],
			"to": [4, 7.5, 11],
			"rotation": {"angle": 0, "axis": "y", "origin": [2, 1.5, 5]},
			"faces": {
				"west": {"uv": [3.75, 5, 5.25, 6.5], "texture": "#0"}
			}
		},
		{
			"from": [2.1, 4.1, 9.85],
			"to": [3.4, 8.4, 19.15],
			"rotation": {"angle": -45, "axis": "x", "origin": [2.75, 5.25, 10]},
			"faces": {
				"north": {"uv": [9, 2.5, 9.25, 3.5], "texture": "#0", "tintindex": 0},
				"east": {"uv": [11.25, 2.5, 9, 3.5], "texture": "#0", "tintindex": 0},
				"south": {"uv": [11, 2.5, 11.25, 3.5], "texture": "#0", "tintindex": 0},
				"west": {"uv": [9, 2.5, 11.25, 3.5], "texture": "#0", "tintindex": 0},
				"up": {"uv": [9, 2.5, 11.25, 2.75], "rotation": 90, "texture": "#0", "tintindex": 0},
				"down": {"uv": [11.25, 3.25, 9, 3.5], "rotation": 90, "texture": "#0", "tintindex": 0}
			}
		},
		{
			"from": [2.25, 4.25, 10],
			"to": [3.25, 8.25, 19],
			"rotation": {"angle": -45, "axis": "x", "origin": [2.75, 5.25, 10]},
			"faces": {
				"north": {"uv": [0, 0, 1, 4], "texture": "#1"},
				"east": {"uv": [9, 0, 0, 4], "texture": "#1"},
				"south": {"uv": [8, 0, 9, 4], "texture": "#1"},
				"west": {"uv": [0, 0, 9, 4], "texture": "#1"},
				"up": {"uv": [0, 0, 9, 1], "rotation": 90, "texture": "#1"},
				"down": {"uv": [9, 3, 0, 4], "rotation": 90, "texture": "#1"}
			}
		},
		{
			"from": [12.75, 4.25, 10],
			"to": [13.75, 8.25, 19],
			"rotation": {"angle": -45, "axis": "x", "origin": [13.25, 5.25, 10]},
			"faces": {
				"north": {"uv": [1, 0, 0, 4], "texture": "#1"},
				"east": {"uv": [9, 0, 0, 4], "texture": "#1"},
				"south": {"uv": [9, 0, 8, 4], "texture": "#1"},
				"west": {"uv": [0, 0, 9, 4], "texture": "#1"},
				"up": {"uv": [0, 1, 9, 0], "rotation": 90, "texture": "#1"},
				"down": {"uv": [9, 4, 0, 3], "rotation": 90, "texture": "#1"}
			}
		},
		{
			"name": "cube_outline",
			"from": [3.4, 8.4, 19.15],
			"to": [2.1, 4.1, 9.85],
			"rotation": {"angle": -45, "axis": "x", "origin": [2.75, 5.25, 10]},
			"faces": {
				"north": {"uv": [11, 2.5, 11.25, 3.5], "rotation": 180, "texture": "#0", "tintindex": 0},
				"east": {"uv": [11.25, 2.5, 9, 3.5], "rotation": 180, "texture": "#0", "tintindex": 0},
				"south": {"uv": [9, 2.5, 9.25, 3.5], "rotation": 180, "texture": "#0", "tintindex": 0},
				"west": {"uv": [9, 2.5, 11.25, 3.5], "rotation": 180, "texture": "#0", "tintindex": 0},
				"up": {"uv": [11.25, 3.5, 9, 3.25], "rotation": 90, "texture": "#0", "tintindex": 0},
				"down": {"uv": [9, 2.5, 11.25, 2.75], "rotation": 180, "texture": "#0", "tintindex": 0}
			}
		},
		{
			"from": [12.6, 4.1, 9.85],
			"to": [13.9, 8.4, 19.15],
			"rotation": {"angle": -45, "axis": "x", "origin": [13.25, 5.25, 10]},
			"faces": {
				"north": {"uv": [9.25, 2.5, 9, 3.5], "texture": "#0", "tintindex": 0},
				"east": {"uv": [11.25, 2.5, 9, 3.5], "texture": "#0", "tintindex": 0},
				"south": {"uv": [11.25, 2.5, 11, 3.5], "texture": "#0", "tintindex": 0},
				"west": {"uv": [9, 2.5, 11.25, 3.5], "texture": "#0", "tintindex": 0},
				"up": {"uv": [9, 2.75, 11.25, 2.5], "rotation": 90, "texture": "#0", "tintindex": 0},
				"down": {"uv": [11.25, 3.5, 9, 3.25], "rotation": 90, "texture": "#0", "tintindex": 0}
			}
		},
		{
			"name": "cube_outline",
			"from": [13.9, 8.4, 19.15],
			"to": [12.6, 4.1, 9.85],
			"rotation": {"angle": -45, "axis": "x", "origin": [13.25, 5.25, 10]},
			"faces": {
				"north": {"uv": [11.25, 2.5, 11, 3.5], "rotation": 180, "texture": "#0", "tintindex": 0},
				"east": {"uv": [11.25, 2.5, 9, 3.5], "rotation": 180, "texture": "#0", "tintindex": 0},
				"south": {"uv": [9.25, 2.5, 9, 3.5], "rotation": 180, "texture": "#0", "tintindex": 0},
				"west": {"uv": [9, 2.5, 11.25, 3.5], "rotation": 180, "texture": "#0", "tintindex": 0},
				"up": {"uv": [11.25, 3.25, 9, 3.5], "rotation": 90, "texture": "#0", "tintindex": 0},
				"down": {"uv": [11.25, 2.5, 9, 2.75], "rotation": 180, "texture": "#0", "tintindex": 0}
			}
		},
		{
			"from": [1.5, 2.25, 5.75],
			"to": [3, 6.75, 10.25],
			"rotation": {"angle": 0, "axis": "y", "origin": [1.75, 2.5, 6]},
			"faces": {
				"north": {"uv": [0, 12, 1, 16], "texture": "#1"},
				"east": {"uv": [0, 12, 4, 16], "texture": "#1"},
				"south": {"uv": [3, 12, 4, 16], "texture": "#1"},
				"west": {"uv": [0, 12, 4, 16], "texture": "#1"},
				"up": {"uv": [0, 12, 4, 13], "rotation": 90, "texture": "#1"},
				"down": {"uv": [4, 15, 0, 16], "rotation": 90, "texture": "#1"}
			}
		},
		{
			"from": [13, 2.25, 5.75],
			"to": [14.5, 6.75, 10.25],
			"rotation": {"angle": 0, "axis": "y", "origin": [14.25, 2.5, 6]},
			"faces": {
				"north": {"uv": [1, 12, 0, 16], "texture": "#1"},
				"east": {"uv": [4, 12, 0, 16], "texture": "#1"},
				"south": {"uv": [4, 12, 3, 16], "texture": "#1"},
				"west": {"uv": [4, 12, 0, 16], "texture": "#1"},
				"up": {"uv": [0, 13, 4, 12], "rotation": 90, "texture": "#1"},
				"down": {"uv": [4, 16, 0, 15], "rotation": 90, "texture": "#1"}
			}
		}
	],
	"display": {
		"thirdperson_righthand": {
			"rotation": [60, 15, 0],
			"translation": [-0.5, 0, 0],
			"scale": [0.5, 0.5, 0.5]
		},
		"thirdperson_lefthand": {
			"rotation": [60, 15, 0],
			"translation": [-0.5, 0, 0],
			"scale": [0.5, 0.5, 0.5]
		},
		"firstperson_righthand": {
			"rotation": [-35, 125, 20],
			"translation": [0.5, 4, 0],
			"scale": [0.5, 0.5, 0.5]
		},
		"firstperson_lefthand": {
			"rotation": [-35, 125, 20],
			"translation": [0.5, 4, 0],
			"scale": [0.5, 0.5, 0.5]
		},
		"ground": {
			"translation": [0, 3, 0],
			"scale": [0.6, 0.6, 0.6]
		},
		"gui": {
			"rotation": [35, 135, 0],
			"translation": [-0.5, 0.25, 0],
			"scale": [0.75, 0.75, 0.75]
		},
		"head": {
			"translation": [0, 6, 0],
			"scale": [1.7, 1.7, 1.7]
		},
		"fixed": {
			"rotation": [-90, 0, 0],
			"translation": [0, 0, -13.5],
			"scale": [1.7, 1.7, 1.7]
		}
	}
}