{
	"credit": "Made with Blockbench",
	"texture_size": [64, 64],
	"textures": {
		"0": "item/hats/ghost_head",
		"particle": "item/hats/ghost_head"
	},
	"elements": [
		{
			"from": [3, -4, 3],
			"to": [13, 11, 13],
			"rotation": {"angle": 0, "axis": "y", "origin": [8, 1, 7]},
			"faces": {
				"north": {"uv": [2.5, 2.5, 5, 6.25], "texture": "#0"},
				"east": {"uv": [0, 2.5, 2.5, 6.25], "texture": "#0"},
				"south": {"uv": [7.5, 2.5, 10, 6.25], "texture": "#0"},
				"west": {"uv": [5, 2.5, 7.5, 6.25], "texture": "#0"},
				"up": {"uv": [5, 2.5, 2.5, 0], "texture": "#0"},
				"down": {"uv": [7.5, 0, 5, 2.5], "texture": "#0"}
			}
		},
		{
			"from": [4, 11, 4],
			"to": [12, 13, 12],
			"rotation": {"angle": 0, "axis": "y", "origin": [8, 1, 7]},
			"faces": {
				"north": {"uv": [2, 8.25, 4, 8.75], "texture": "#0"},
				"east": {"uv": [0, 8.25, 2, 8.75], "texture": "#0"},
				"south": {"uv": [6, 8.25, 8, 8.75], "texture": "#0"},
				"west": {"uv": [4, 8.25, 6, 8.75], "texture": "#0"},
				"up": {"uv": [4, 8.25, 2, 6.25], "texture": "#0"},
				"down": {"uv": [6, 6.25, 4, 8.25], "texture": "#0"}
			}
		}
	],
	"display": {
		"thirdperson_righthand": {
			"scale": [0.5, 0.5, 0.5]
		},
		"thirdperson_lefthand": {
			"scale": [0.5, 0.5, 0.5]
		},
		"firstperson_righthand": {
			"translation": [1.5, 0, 0]
		},
		"firstperson_lefthand": {
			"translation": [2.25, 0, 0]
		},
		"ground": {
			"scale": [0.5, 0.5, 0.5]
		},
		"gui": {
			"rotation": [30, -135, 0],
			"translation": [0, 1, 0],
			"scale": [0.7, 0.7, 0.7]
		},
		"head": {
			"translation": [0, 1.5, 0],
			"scale": [1.6, 1.6, 1.6]
		},
		"fixed": {
			"translation": [0, 2.5, 0]
		}
	},
	"groups": [
		{
			"name": "group",
			"origin": [8, 1, 7],
			"color": 0,
			"children": [0, 1]
		}
	]
}