{
	"credit": "Made with Blockbench",
	"textures": {
		"0": "item/multiple/xmas_golden_tree/golden_tree",
		"1": "item/multiple/xmas_golden_tree/golden_tree_animation_1texture",
		"particle": "item/multiple/xmas_golden_tree/golden_tree"
	},
	"elements": [
		{
			"from": [0.5, 0, 0.5],
			"to": [15.5, 9, 15.5],
			"faces": {
				"north": {"uv": [12.25, 6, 16, 8.25], "texture": "#0"},
				"east": {"uv": [12.25, 3.75, 16, 6], "texture": "#0"},
				"south": {"uv": [0, 10, 3.75, 12.25], "texture": "#0"},
				"west": {"uv": [16, 3.75, 12.25, 6], "texture": "#0"},
				"up": {"uv": [16, 3.75, 12.25, 0], "texture": "#0"},
				"down": {"uv": [3.75, 16, 0, 12.25], "texture": "#0"}
			}
		},
		{
			"from": [5.5, 9, 3.5],
			"to": [10.5, 17, 8.5],
			"rotation": {"angle": 22.5, "axis": "x", "origin": [8, 9, 3.5]},
			"faces": {
				"north": {"uv": [12.5, 14, 13.75, 16], "texture": "#0"},
				"east": {"uv": [11.25, 14, 12.5, 16], "texture": "#0"},
				"south": {"uv": [12.5, 14, 13.75, 16], "texture": "#0"},
				"west": {"uv": [12.5, 14, 11.25, 16], "texture": "#0"},
				"up": {"uv": [13, 14, 11.75, 12.75], "texture": "#0"},
				"down": {"uv": [13, 14, 11.75, 12.75], "texture": "#0"}
			}
		},
		{
			"from": [6, 16.58238, 0.90047],
			"to": [10, 24.58238, 4.90047],
			"rotation": {"angle": 45, "axis": "x", "origin": [8, 9, 3.5]},
			"faces": {
				"north": {"uv": [9.25, 14, 10.25, 16], "texture": "#0"},
				"east": {"uv": [8.25, 14, 9.25, 16], "texture": "#0"},
				"south": {"uv": [9.25, 14, 10.25, 16], "texture": "#0"},
				"west": {"uv": [9.25, 14, 8.25, 16], "texture": "#0"},
				"up": {"uv": [11.25, 14, 10.25, 13], "texture": "#0"},
				"down": {"uv": [11.25, 14, 10.25, 13], "texture": "#0"}
			}
		},
		{
			"from": [2.5, 3, -5.5],
			"to": [13.5, 9, 0.5],
			"rotation": {"angle": -45, "axis": "x", "origin": [8, 9, 0.5]},
			"faces": {
				"north": {"uv": [13.25, 9.75, 16, 11.25], "texture": "#0"},
				"east": {"uv": [11.75, 8.25, 13.25, 9.75], "texture": "#0"},
				"south": {"uv": [13.25, 9.75, 16, 11.25], "texture": "#0"},
				"west": {"uv": [13.25, 8.25, 11.75, 9.75], "texture": "#0"},
				"up": {"uv": [16, 9.75, 13.25, 8.25], "texture": "#0"},
				"down": {"uv": [16, 9.75, 13.25, 8.25], "texture": "#0"}
			}
		},
		{
			"from": [8, 12, -4.5],
			"to": [8, 18, 3.5],
			"rotation": {"angle": -45, "axis": "x", "origin": [8, 9, 0.5]},
			"faces": {
				"north": {"uv": [13.25, 9.75, 13.25, 11.25], "texture": "#0"},
				"east": {"uv": [6.25, 14.5, 8.25, 16], "texture": "#0"},
				"south": {"uv": [13.25, 9.75, 13.25, 11.25], "texture": "#0"},
				"west": {"uv": [8.25, 14.5, 6.25, 16], "texture": "#0"},
				"up": {"uv": [13.25, 10.25, 13.25, 8.25], "texture": "#0"},
				"down": {"uv": [13.25, 10.25, 13.25, 8.25], "texture": "#0"}
			}
		},
		{
			"from": [8, 24, 11.5],
			"to": [8, 30, 19.5],
			"rotation": {"angle": 45, "axis": "x", "origin": [8, 9, 0.5]},
			"faces": {
				"north": {"uv": [13.25, 9.75, 13.25, 11.25], "texture": "#0"},
				"east": {"uv": [6.25, 14.5, 8.25, 16], "texture": "#0"},
				"south": {"uv": [13.25, 9.75, 13.25, 11.25], "texture": "#0"},
				"west": {"uv": [8.25, 14.5, 6.25, 16], "texture": "#0"},
				"up": {"uv": [13.25, 10.25, 13.25, 8.25], "texture": "#0"},
				"down": {"uv": [13.25, 10.25, 13.25, 8.25], "texture": "#0"}
			}
		},
		{
			"from": [17, 5, 1.5],
			"to": [17, 11, 9.5],
			"rotation": {"angle": -22.5, "axis": "x", "origin": [8, 9, 0.5]},
			"faces": {
				"north": {"uv": [13.25, 9.75, 13.25, 11.25], "texture": "#0"},
				"east": {"uv": [6.25, 14.5, 8.25, 16], "texture": "#0"},
				"south": {"uv": [13.25, 9.75, 13.25, 11.25], "texture": "#0"},
				"west": {"uv": [8.25, 14.5, 6.25, 16], "texture": "#0"},
				"up": {"uv": [13.25, 10.25, 13.25, 8.25], "texture": "#0"},
				"down": {"uv": [13.25, 10.25, 13.25, 8.25], "texture": "#0"}
			}
		},
		{
			"from": [17, 0, 3.5],
			"to": [17, 6, 11.5],
			"rotation": {"angle": 22.5, "axis": "x", "origin": [7, 9, 0.5]},
			"faces": {
				"north": {"uv": [13.25, 9.75, 13.25, 11.25], "texture": "#0"},
				"east": {"uv": [6.25, 16, 8.25, 14.5], "texture": "#0"},
				"south": {"uv": [13.25, 9.75, 13.25, 11.25], "texture": "#0"},
				"west": {"uv": [8.25, 16, 6.25, 14.5], "texture": "#0"},
				"up": {"uv": [13.25, 10.25, 13.25, 8.25], "texture": "#0"},
				"down": {"uv": [13.25, 10.25, 13.25, 8.25], "texture": "#0"}
			}
		},
		{
			"from": [-1, 5, 1.5],
			"to": [-1, 11, 9.5],
			"rotation": {"angle": -22.5, "axis": "x", "origin": [8, 9, 0.5]},
			"faces": {
				"north": {"uv": [13.25, 9.75, 13.25, 11.25], "texture": "#0"},
				"east": {"uv": [6.25, 14.5, 8.25, 16], "texture": "#0"},
				"south": {"uv": [13.25, 9.75, 13.25, 11.25], "texture": "#0"},
				"west": {"uv": [8.25, 14.5, 6.25, 16], "texture": "#0"},
				"up": {"uv": [13.25, 10.25, 13.25, 8.25], "texture": "#0"},
				"down": {"uv": [13.25, 10.25, 13.25, 8.25], "texture": "#0"}
			}
		},
		{
			"from": [-1, 0, 3.5],
			"to": [-1, 6, 11.5],
			"rotation": {"angle": 22.5, "axis": "x", "origin": [9, 9, 0.5]},
			"faces": {
				"north": {"uv": [13.25, 9.75, 13.25, 11.25], "texture": "#0"},
				"east": {"uv": [6.25, 16, 8.25, 14.5], "texture": "#0"},
				"south": {"uv": [13.25, 9.75, 13.25, 11.25], "texture": "#0"},
				"west": {"uv": [8.25, 16, 6.25, 14.5], "texture": "#0"},
				"up": {"uv": [13.25, 10.25, 13.25, 8.25], "texture": "#0"},
				"down": {"uv": [13.25, 10.25, 13.25, 8.25], "texture": "#0"}
			}
		},
		{
			"from": [3.5, -2.54328, -1.7961],
			"to": [12.5, 3.45672, 4.2039],
			"rotation": {"angle": 22.5, "axis": "x", "origin": [8, 9, 0.5]},
			"faces": {
				"north": {"uv": [13.75, 12.75, 11.5, 11.25], "rotation": 180, "texture": "#0"},
				"east": {"uv": [13.25, 9.75, 11.75, 11.25], "rotation": 90, "texture": "#0"},
				"south": {"uv": [10, 12.5, 7.75, 11], "texture": "#0"},
				"west": {"uv": [11.75, 9.75, 13.25, 11.25], "rotation": 270, "texture": "#0"},
				"up": {"uv": [13.75, 11.25, 16, 12.75], "texture": "#0"},
				"down": {"uv": [13.75, 11.25, 16, 12.75], "rotation": 180, "texture": "#0"}
			}
		},
		{
			"from": [14.5, 5, 2.5],
			"to": [17.5, 10, 5.5],
			"rotation": {"angle": 45, "axis": "x", "origin": [16, 5, 2.5]},
			"faces": {
				"north": {"uv": [16, 14.75, 15.25, 13.5], "rotation": 180, "texture": "#0"},
				"east": {"uv": [14, 12.75, 15.25, 13.5], "rotation": 90, "texture": "#0"},
				"south": {"uv": [9, 14, 8.5, 12.5], "rotation": 180, "texture": "#0"},
				"west": {"uv": [14, 12.75, 15.25, 13.5], "rotation": 270, "texture": "#0"},
				"up": {"uv": [15.25, 12.75, 16, 13.5], "texture": "#0"},
				"down": {"uv": [15.25, 12.75, 16, 13.5], "rotation": 180, "texture": "#0"}
			}
		},
		{
			"from": [14.475, 3.88842, 7.1194],
			"to": [17.525, 6.93842, 11.1194],
			"rotation": {"angle": -22.5, "axis": "x", "origin": [16, 5, 2.5]},
			"faces": {
				"north": {"uv": [14.5, 13.5, 15.25, 14.25], "texture": "#0"},
				"east": {"uv": [13, 12.75, 14, 13.5], "texture": "#0"},
				"south": {"uv": [9, 14, 8.5, 12.5], "rotation": 180, "texture": "#0"},
				"west": {"uv": [13, 12.75, 14, 13.5], "texture": "#0"},
				"up": {"uv": [15.25, 15.25, 14.5, 14.25], "texture": "#0"},
				"down": {"uv": [15.25, 15.25, 14.5, 14.25], "texture": "#0"}
			}
		},
		{
			"from": [14.5, 12.54747, 3.80237],
			"to": [17.5, 18.54747, 6.80237],
			"rotation": {"angle": 45, "axis": "x", "origin": [16, 5, 2.5]},
			"faces": {
				"north": {"uv": [14.5, 15.75, 13.75, 14.25], "rotation": 180, "texture": "#0"},
				"east": {"uv": [14.5, 15.25, 16, 16], "rotation": 90, "texture": "#0"},
				"south": {"uv": [14.5, 15.75, 13.75, 14.25], "rotation": 180, "texture": "#0"},
				"west": {"uv": [14.5, 15.25, 16, 16], "rotation": 90, "texture": "#0"},
				"up": {"uv": [13.75, 13.5, 14.5, 14.25], "texture": "#0"},
				"down": {"uv": [13.75, 13.5, 14.5, 14.25], "rotation": 180, "texture": "#0"}
			}
		},
		{
			"from": [14.5, 0.5, 8.5],
			"to": [17.5, 3.5, 13.5],
			"rotation": {"angle": 22.5, "axis": "x", "origin": [15, 1.5, 8.1]},
			"faces": {
				"north": {"uv": [15.25, 12.75, 16, 13.5], "texture": "#0"},
				"east": {"uv": [14, 12.75, 15.25, 13.5], "texture": "#0"},
				"south": {"uv": [15.25, 12.75, 16, 13.5], "texture": "#0"},
				"west": {"uv": [14, 12.75, 15.25, 13.5], "texture": "#0"},
				"up": {"uv": [16, 14.75, 15.25, 13.5], "texture": "#0"},
				"down": {"uv": [16, 13.5, 15.25, 14.75], "texture": "#0"}
			}
		},
		{
			"from": [16.075, -1.51158, 11.6194],
			"to": [19.125, 1.53842, 15.6194],
			"rotation": {"angle": -22.5, "axis": "y", "origin": [15.2, 1.6, 8]},
			"faces": {
				"north": {"uv": [14.5, 13.5, 15.25, 14.25], "texture": "#0"},
				"east": {"uv": [13, 12.75, 14, 13.5], "texture": "#0"},
				"south": {"uv": [9, 14, 8.5, 12.5], "rotation": 180, "texture": "#0"},
				"west": {"uv": [13, 12.75, 14, 13.5], "texture": "#0"},
				"up": {"uv": [15.25, 15.25, 14.5, 14.25], "texture": "#0"},
				"down": {"uv": [15.25, 15.25, 14.5, 14.25], "texture": "#0"}
			}
		},
		{
			"from": [6.8, -1.5, 11.9],
			"to": [12.8, 1.5, 14.9],
			"rotation": {"angle": 22.5, "axis": "y", "origin": [18.2, 1.6, 8]},
			"faces": {
				"north": {"uv": [14.5, 15.25, 16, 16], "rotation": 180, "texture": "#0"},
				"east": {"uv": [13.75, 13.5, 14.5, 14.25], "texture": "#0"},
				"south": {"uv": [14.5, 15.25, 16, 16], "texture": "#0"},
				"west": {"uv": [13.75, 13.5, 14.5, 14.25], "texture": "#0"},
				"up": {"uv": [14.5, 15.75, 13.75, 14.25], "rotation": 90, "texture": "#0"},
				"down": {"uv": [14.5, 15.75, 13.75, 14.25], "rotation": 90, "texture": "#0"}
			}
		},
		{
			"from": [-1.5, 0.5, 8.5],
			"to": [1.5, 3.5, 13.5],
			"rotation": {"angle": 22.5, "axis": "x", "origin": [1, 1.5, 8.1]},
			"faces": {
				"north": {"uv": [16, 12.75, 15.25, 13.5], "texture": "#0"},
				"east": {"uv": [15.25, 12.75, 14, 13.5], "texture": "#0"},
				"south": {"uv": [16, 12.75, 15.25, 13.5], "texture": "#0"},
				"west": {"uv": [15.25, 12.75, 14, 13.5], "texture": "#0"},
				"up": {"uv": [15.25, 14.75, 16, 13.5], "texture": "#0"},
				"down": {"uv": [15.25, 13.5, 16, 14.75], "texture": "#0"}
			}
		},
		{
			"from": [3.2, -1.5, 11.9],
			"to": [9.2, 1.5, 14.9],
			"rotation": {"angle": -22.5, "axis": "y", "origin": [-2.2, 1.6, 8]},
			"faces": {
				"north": {"uv": [16, 15.25, 14.5, 16], "rotation": 180, "texture": "#0"},
				"east": {"uv": [14.5, 13.5, 13.75, 14.25], "texture": "#0"},
				"south": {"uv": [16, 15.25, 14.5, 16], "texture": "#0"},
				"west": {"uv": [14.5, 13.5, 13.75, 14.25], "texture": "#0"},
				"up": {"uv": [14.5, 14.25, 13.75, 15.75], "rotation": 90, "texture": "#0"},
				"down": {"uv": [14.5, 14.25, 13.75, 15.75], "rotation": 90, "texture": "#0"}
			}
		},
		{
			"from": [-3.125, -1.51158, 11.6194],
			"to": [-0.075, 1.53842, 15.6194],
			"rotation": {"angle": 22.5, "axis": "y", "origin": [0.8, 1.6, 8]},
			"faces": {
				"north": {"uv": [15.25, 13.5, 14.5, 14.25], "texture": "#0"},
				"east": {"uv": [14, 12.75, 13, 13.5], "texture": "#0"},
				"south": {"uv": [8.5, 14, 9, 12.5], "rotation": 180, "texture": "#0"},
				"west": {"uv": [14, 12.75, 13, 13.5], "texture": "#0"},
				"up": {"uv": [14.5, 15.25, 15.25, 14.25], "texture": "#0"},
				"down": {"uv": [14.5, 15.25, 15.25, 14.25], "texture": "#0"}
			}
		},
		{
			"from": [6.5, 3.89763, 15.04747],
			"to": [9.5, 6.89763, 21.04747],
			"rotation": {"angle": -22.5, "axis": "x", "origin": [8, 8, 8.5]},
			"faces": {
				"north": {"uv": [13.75, 13.5, 14.5, 14.25], "texture": "#0"},
				"east": {"uv": [14.5, 15.25, 16, 16], "texture": "#0"},
				"south": {"uv": [9.25, 14, 10.25, 16], "texture": "#0"},
				"west": {"uv": [14.5, 15.25, 16, 16], "rotation": 180, "texture": "#0"},
				"up": {"uv": [14.5, 15.75, 13.75, 14.25], "texture": "#0"},
				"down": {"uv": [14.5, 14.25, 13.75, 15.75], "texture": "#0"}
			}
		},
		{
			"from": [6.475, 6.88842, 13.1194],
			"to": [9.525, 9.93842, 17.1194],
			"rotation": {"angle": 0, "axis": "y", "origin": [8, 8, 8.5]},
			"faces": {
				"north": {"uv": [14.5, 13.5, 15.25, 14.25], "texture": "#0"},
				"east": {"uv": [13, 12.75, 14, 13.5], "texture": "#0"},
				"south": {"uv": [9, 14, 8.5, 12.5], "rotation": 180, "texture": "#0"},
				"west": {"uv": [13, 12.75, 14, 13.5], "texture": "#0"},
				"up": {"uv": [15.25, 15.25, 14.5, 14.25], "texture": "#0"},
				"down": {"uv": [15.25, 15.25, 14.5, 14.25], "texture": "#0"}
			}
		},
		{
			"from": [6.5, 9, 8.5],
			"to": [9.5, 12, 13.5],
			"rotation": {"angle": 22.5, "axis": "x", "origin": [8, 8, 8.5]},
			"faces": {
				"north": {"uv": [15.25, 12.75, 16, 13.5], "texture": "#0"},
				"east": {"uv": [14, 12.75, 15.25, 13.5], "texture": "#0"},
				"south": {"uv": [15.25, 12.75, 16, 13.5], "texture": "#0"},
				"west": {"uv": [14, 12.75, 15.25, 13.5], "texture": "#0"},
				"up": {"uv": [16, 14.75, 15.25, 13.5], "texture": "#0"},
				"down": {"uv": [9, 14, 8.5, 12.5], "rotation": 180, "texture": "#0"}
			}
		},
		{
			"from": [15, 18.54747, 4.30237],
			"to": [17, 24.54747, 6.30237],
			"rotation": {"angle": 45, "axis": "x", "origin": [16, 5, 2.5]},
			"faces": {
				"north": {"uv": [9, 14, 8.5, 12.5], "rotation": 180, "texture": "#0"},
				"east": {"uv": [7, 12.5, 8.5, 13], "rotation": 90, "texture": "#0"},
				"south": {"uv": [9, 14, 8.5, 12.5], "rotation": 180, "texture": "#0"},
				"west": {"uv": [7, 12.5, 8.5, 13], "rotation": 270, "texture": "#0"},
				"up": {"uv": [8, 13, 8.5, 13.5], "texture": "#0"},
				"down": {"uv": [8, 13, 8.5, 13.5], "rotation": 180, "texture": "#0"}
			}
		},
		{
			"from": [4.45253, -1.30237, 16.1],
			"to": [10.45253, 0.69763, 18.1],
			"rotation": {"angle": 0, "axis": "y", "origin": [16, 5.5, 2.1]},
			"faces": {
				"north": {"uv": [7, 12.5, 8.5, 13], "texture": "#0"},
				"east": {"uv": [8, 13, 8.5, 13.5], "texture": "#0"},
				"south": {"uv": [7, 12.5, 8.5, 13], "texture": "#0"},
				"west": {"uv": [8, 13, 8.5, 13.5], "texture": "#0"},
				"up": {"uv": [9, 14, 8.5, 12.5], "rotation": 90, "texture": "#0"},
				"down": {"uv": [9, 14, 8.5, 12.5], "rotation": 90, "texture": "#0"}
			}
		},
		{
			"from": [7, 13.59763, 18.04747],
			"to": [9, 15.59763, 24.04747],
			"rotation": {"angle": -22.5, "axis": "x", "origin": [16, 5, 2.5]},
			"faces": {
				"north": {"uv": [8, 13, 8.5, 13.5], "texture": "#0"},
				"east": {"uv": [7, 12.5, 8.5, 13], "texture": "#0"},
				"south": {"uv": [8, 13, 8.5, 13.5], "texture": "#0"},
				"west": {"uv": [7, 12.5, 8.5, 13], "texture": "#0"},
				"up": {"uv": [9, 14, 8.5, 12.5], "texture": "#0"},
				"down": {"uv": [9, 14, 8.5, 12.5], "rotation": 180, "texture": "#0"}
			}
		},
		{
			"from": [7, 13.54747, 11.90237],
			"to": [9, 19.54747, 13.90237],
			"rotation": {"angle": 22.5, "axis": "x", "origin": [16, 5, 2.5]},
			"faces": {
				"north": {"uv": [9, 14, 8.5, 12.5], "rotation": 180, "texture": "#0"},
				"east": {"uv": [7, 12.5, 8.5, 13], "rotation": 90, "texture": "#0"},
				"south": {"uv": [9, 14, 8.5, 12.5], "rotation": 180, "texture": "#0"},
				"west": {"uv": [7, 12.5, 8.5, 13], "rotation": 270, "texture": "#0"},
				"up": {"uv": [8, 13, 8.5, 13.5], "texture": "#0"},
				"down": {"uv": [8, 13, 8.5, 13.5], "rotation": 180, "texture": "#0"}
			}
		},
		{
			"from": [-1, 18.54747, 4.30237],
			"to": [1, 24.54747, 6.30237],
			"rotation": {"angle": 45, "axis": "x", "origin": [0, 5, 2.5]},
			"faces": {
				"north": {"uv": [8.5, 14, 9, 12.5], "rotation": 180, "texture": "#0"},
				"east": {"uv": [7, 13, 8.5, 12.5], "rotation": 270, "texture": "#0"},
				"south": {"uv": [8.5, 14, 9, 12.5], "rotation": 180, "texture": "#0"},
				"west": {"uv": [7, 13, 8.5, 12.5], "rotation": 90, "texture": "#0"},
				"up": {"uv": [8.5, 13, 8, 13.5], "texture": "#0"},
				"down": {"uv": [8.5, 13, 8, 13.5], "rotation": 180, "texture": "#0"}
			}
		},
		{
			"from": [-1.5, 12.54747, 3.80237],
			"to": [1.5, 18.54747, 6.80237],
			"rotation": {"angle": 45, "axis": "x", "origin": [0, 5, 2.5]},
			"faces": {
				"north": {"uv": [13.75, 15.75, 14.5, 14.25], "rotation": 180, "texture": "#0"},
				"east": {"uv": [14.5, 16, 16, 15.25], "rotation": 90, "texture": "#0"},
				"south": {"uv": [9.25, 14, 10.25, 16], "texture": "#0"},
				"west": {"uv": [14.5, 16, 16, 15.25], "rotation": 90, "texture": "#0"},
				"up": {"uv": [14.5, 13.5, 13.75, 14.25], "texture": "#0"},
				"down": {"uv": [14.5, 13.5, 13.75, 14.25], "rotation": 180, "texture": "#0"}
			}
		},
		{
			"from": [-1.525, 3.88842, 7.1194],
			"to": [1.525, 6.93842, 11.1194],
			"rotation": {"angle": -22.5, "axis": "x", "origin": [0, 5, 2.5]},
			"faces": {
				"north": {"uv": [15.25, 13.5, 14.5, 14.25], "texture": "#0"},
				"east": {"uv": [14, 12.75, 13, 13.5], "texture": "#0"},
				"south": {"uv": [8.5, 14, 9, 12.5], "rotation": 180, "texture": "#0"},
				"west": {"uv": [14, 12.75, 13, 13.5], "texture": "#0"},
				"up": {"uv": [14.5, 15.25, 15.25, 14.25], "texture": "#0"},
				"down": {"uv": [14.5, 15.25, 15.25, 14.25], "texture": "#0"}
			}
		},
		{
			"from": [-1.5, 5, 2.5],
			"to": [1.5, 10, 5.5],
			"rotation": {"angle": 45, "axis": "x", "origin": [0, 5, 2.5]},
			"faces": {
				"north": {"uv": [15.25, 14.75, 16, 13.5], "rotation": 180, "texture": "#0"},
				"east": {"uv": [14, 13.5, 15.25, 12.75], "rotation": 270, "texture": "#0"},
				"south": {"uv": [8.5, 14, 9, 12.5], "rotation": 180, "texture": "#0"},
				"west": {"uv": [14, 13.5, 15.25, 12.75], "rotation": 90, "texture": "#0"},
				"up": {"uv": [16, 12.75, 15.25, 13.5], "texture": "#0"},
				"down": {"uv": [16, 12.75, 15.25, 13.5], "rotation": 180, "texture": "#0"}
			}
		},
		{
			"from": [6, 10, -9.5],
			"to": [10, 12, -5.5],
			"rotation": {"angle": -45, "axis": "x", "origin": [0, 16, 0]},
			"faces": {
				"north": {"uv": [5.25, 6, 6.25, 5.5], "texture": "#0"},
				"east": {"uv": [5.75, 2.25, 6.75, 1.75], "texture": "#0"},
				"south": {"uv": [5.75, 2.75, 6.75, 2.25], "texture": "#0"},
				"west": {"uv": [5.75, 3.25, 6.75, 2.75], "texture": "#0"},
				"up": {"uv": [4.5, 4.75, 3.5, 3.75], "texture": "#0"},
				"down": {"uv": [3.5, 3.75, 2.5, 4.75], "texture": "#0"}
			}
		},
		{
			"from": [6.5, 12, -9],
			"to": [9.5, 14, -6],
			"rotation": {"angle": -45, "axis": "x", "origin": [0, 16, 0]},
			"faces": {
				"north": {"uv": [6, 1.75, 6.75, 1.25], "texture": "#0"},
				"east": {"uv": [3.5, 6.5, 4.25, 6], "texture": "#0"},
				"south": {"uv": [4.25, 6.5, 5, 6], "texture": "#0"},
				"west": {"uv": [5, 6.5, 5.75, 6], "texture": "#0"},
				"up": {"uv": [4.75, 5.5, 4, 4.75], "texture": "#0"},
				"down": {"uv": [4, 4.75, 3.25, 5.5], "texture": "#0"}
			}
		},
		{
			"from": [5, 7.5, -4.2],
			"to": [11, 16.5, -4.2],
			"rotation": {"angle": 22.5, "axis": "x", "origin": [0, -2, 0]},
			"faces": {
				"north": {"uv": [0, 0, 1.5, 2.25], "texture": "#0"},
				"east": {"uv": [0, 0, 0, 2.25], "texture": "#0"},
				"south": {"uv": [1.5, 0, 0, 2.25], "texture": "#0"},
				"west": {"uv": [0, 0, 0, 2.25], "texture": "#0"},
				"up": {"uv": [1.5, 0, 0, 0], "texture": "#0"},
				"down": {"uv": [1.5, 0, 0, 0], "texture": "#0"}
			}
		},
		{
			"from": [16, -2, 19],
			"to": [16, 8, 27],
			"rotation": {"angle": -45, "axis": "x", "origin": [16, 0, 16]},
			"faces": {
				"north": {"uv": [0, 0, 0, 10], "texture": "#1"},
				"east": {"uv": [8, 0, 0, 10], "texture": "#1"},
				"south": {"uv": [0, 0, 0, 10], "texture": "#1"},
				"west": {"uv": [0, 0, 8, 10], "texture": "#1"},
				"up": {"uv": [0, 8, 0, 0], "texture": "#1"},
				"down": {"uv": [0, 8, 0, 0], "texture": "#1"}
			}
		},
		{
			"from": [8, 3, 24],
			"to": [8, 13, 32],
			"rotation": {"angle": -45, "axis": "x", "origin": [16, 0, 16]},
			"faces": {
				"north": {"uv": [0, 0, 0, 10], "texture": "#1"},
				"east": {"uv": [8, 0, 0, 10], "texture": "#1"},
				"south": {"uv": [0, 0, 0, 10], "texture": "#1"},
				"west": {"uv": [0, 0, 8, 10], "texture": "#1"},
				"up": {"uv": [0, 8, 0, 0], "texture": "#1"},
				"down": {"uv": [0, 8, 0, 0], "texture": "#1"}
			}
		},
		{
			"from": [17.1, -9, 5],
			"to": [17.1, 1, 13],
			"rotation": {"angle": 0, "axis": "y", "origin": [16, 0, 16]},
			"faces": {
				"north": {"uv": [0, 0, 0, 10], "texture": "#1"},
				"east": {"uv": [8, 0, 0, 10], "texture": "#1"},
				"south": {"uv": [0, 0, 0, 10], "texture": "#1"},
				"west": {"uv": [0, 0, 8, 10], "texture": "#1"},
				"up": {"uv": [0, 8, 0, 0], "texture": "#1"},
				"down": {"uv": [0, 8, 0, 0], "texture": "#1"}
			}
		},
		{
			"from": [-1.1, -9, 5],
			"to": [-1.1, 1, 13],
			"rotation": {"angle": 0, "axis": "y", "origin": [0, 0, 16]},
			"faces": {
				"north": {"uv": [0, 0, 0, 10], "texture": "#1"},
				"east": {"uv": [8, 0, 0, 10], "texture": "#1"},
				"south": {"uv": [0, 0, 0, 10], "texture": "#1"},
				"west": {"uv": [0, 0, 8, 10], "texture": "#1"},
				"up": {"uv": [0, 8, 0, 0], "texture": "#1"},
				"down": {"uv": [0, 8, 0, 0], "texture": "#1"}
			}
		},
		{
			"from": [0, -2, 19],
			"to": [0, 8, 27],
			"rotation": {"angle": -45, "axis": "x", "origin": [0, 0, 16]},
			"faces": {
				"north": {"uv": [0, 0, 0, 10], "texture": "#1"},
				"east": {"uv": [8, 0, 0, 10], "texture": "#1"},
				"south": {"uv": [0, 0, 0, 10], "texture": "#1"},
				"west": {"uv": [0, 0, 8, 10], "texture": "#1"},
				"up": {"uv": [0, 8, 0, 0], "texture": "#1"},
				"down": {"uv": [0, 8, 0, 0], "texture": "#1"}
			}
		}
	],
	"display": {
		"thirdperson_righthand": {
			"rotation": [0, -90, 0],
			"translation": [0, 2.25, 1.5],
			"scale": [0.3, 0.3, 0.3]
		},
		"thirdperson_lefthand": {
			"rotation": [0, -90, 0],
			"translation": [0, 2.25, 1.5],
			"scale": [0.3, 0.3, 0.3]
		},
		"firstperson_righthand": {
			"rotation": [0, -90, 0],
			"translation": [0, 2.25, 1.5],
			"scale": [0.3, 0.3, 0.3]
		},
		"firstperson_lefthand": {
			"rotation": [0, 90, 0],
			"translation": [0, 2.25, 1.5],
			"scale": [0.3, 0.3, 0.3]
		},
		"ground": {
			"translation": [0, 3.75, 0],
			"scale": [0.75, 0.75, 0.75]
		},
		"gui": {
			"rotation": [30, 225, 0],
			"translation": [0.5, -0.5, -0.25],
			"scale": [0.5, 0.5, 0.5]
		},
		"head": {
			"translation": [0, 10, 0]
		},
		"fixed": {
			"rotation": [0, 0, 45],
			"translation": [0, 0.5, -0.25],
			"scale": [0.5, 0.5, 0.5]
		}
	},
	"groups": [
		0,
		1,
		2,
		{
			"name": "group",
			"origin": [0, 0, 0],
			"color": 0,
			"children": [3, 4, 5, 6, 7, 8, 9, 10]
		},
		{
			"name": "group",
			"origin": [15, 5, -1.5],
			"color": 0,
			"children": [11, 12, 13, 14, 15, 16, 17, 18, 19, 20, 21, 22, 23, 24, 25, 26, 27, 28, 29, 30]
		},
		31,
		32,
		33,
		34,
		35,
		36,
		37,
		38
	]
}