{
	"credit": "Made with Blockbench",
	"texture_size": [128, 128],
	"textures": {
		"0": "item/hats/jellyfish_hat",
		"particle": "item/hats/jellyfish_hat"
	},
	"elements": [
		{
			"name": "neck",
			"from": [3, 6, 3],
			"to": [13, 8, 13],
			"rotation": {"angle": 0, "axis": "y", "origin": [4, 6, 2]},
			"faces": {
				"north": {"uv": [1.25, 7.25, 2.5, 7.5], "texture": "#0"},
				"east": {"uv": [0, 7.25, 1.25, 7.5], "texture": "#0"},
				"south": {"uv": [3.75, 7.25, 5, 7.5], "texture": "#0"},
				"west": {"uv": [2.5, 7.25, 3.75, 7.5], "texture": "#0"},
				"up": {"uv": [2.5, 7.25, 1.25, 6], "texture": "#0"},
				"down": {"uv": [3.75, 6, 2.5, 7.25], "texture": "#0"}
			}
		},
		{
			"name": "top",
			"from": [3, 18, 3],
			"to": [13, 21, 13],
			"rotation": {"angle": 0, "axis": "y", "origin": [4, 13, 2]},
			"faces": {
				"north": {"uv": [7, 6, 8.25, 6.375], "texture": "#0"},
				"east": {"uv": [5.75, 6, 7, 6.375], "texture": "#0"},
				"south": {"uv": [9.5, 6, 10.75, 6.375], "texture": "#0"},
				"west": {"uv": [8.25, 6, 9.5, 6.375], "texture": "#0"},
				"up": {"uv": [8.25, 6, 7, 4.75], "texture": "#0"},
				"down": {"uv": [9.5, 4.75, 8.25, 6], "texture": "#0"}
			}
		},
		{
			"name": "mid",
			"from": [1, 8, 1],
			"to": [15, 18, 15],
			"rotation": {"angle": 0, "axis": "y", "origin": [4, 8, 2]},
			"faces": {
				"north": {"uv": [1.75, 4.75, 3.5, 6], "texture": "#0"},
				"east": {"uv": [0, 4.75, 1.75, 6], "texture": "#0"},
				"south": {"uv": [5.25, 4.75, 7, 6], "texture": "#0"},
				"west": {"uv": [3.5, 4.75, 5.25, 6], "texture": "#0"},
				"up": {"uv": [3.5, 4.75, 1.75, 3], "texture": "#0"},
				"down": {"uv": [5.25, 3, 3.5, 4.75], "texture": "#0"}
			}
		},
		{
			"name": "base",
			"from": [2, 4, 2],
			"to": [14, 6, 14],
			"rotation": {"angle": 0, "axis": "y", "origin": [4, 4, 2]},
			"faces": {
				"north": {"uv": [6.75, 1.5, 8.25, 1.75], "texture": "#0"},
				"east": {"uv": [5.25, 1.5, 6.75, 1.75], "texture": "#0"},
				"south": {"uv": [9.75, 1.5, 11.25, 1.75], "texture": "#0"},
				"west": {"uv": [8.25, 1.5, 9.75, 1.75], "texture": "#0"},
				"up": {"uv": [8.25, 1.5, 6.75, 0], "texture": "#0"},
				"down": {"uv": [9.75, 0, 8.25, 1.5], "texture": "#0"}
			}
		},
		{
			"name": "top",
			"from": [2.5, 17.5, 2.5],
			"to": [13.5, 21.5, 13.5],
			"rotation": {"angle": 0, "axis": "y", "origin": [4, 13, 2]},
			"faces": {
				"north": {"uv": [6.5, 4.25, 7.75, 4.625], "texture": "#0"},
				"east": {"uv": [5.25, 4.25, 6.5, 4.625], "texture": "#0"},
				"south": {"uv": [9, 4.25, 10.25, 4.625], "texture": "#0"},
				"west": {"uv": [7.75, 4.25, 9, 4.625], "texture": "#0"},
				"up": {"uv": [7.75, 4.25, 6.5, 3], "texture": "#0"},
				"down": {"uv": [9, 3, 7.75, 4.25], "texture": "#0"}
			}
		},
		{
			"name": "mid",
			"from": [0.5, 7.5, 0.5],
			"to": [15.5, 18.5, 15.5],
			"rotation": {"angle": 0, "axis": "y", "origin": [4, 8, 2]},
			"faces": {
				"north": {"uv": [1.75, 1.75, 3.5, 3], "texture": "#0"},
				"east": {"uv": [0, 1.75, 1.75, 3], "texture": "#0"},
				"south": {"uv": [5.25, 1.75, 7, 3], "texture": "#0"},
				"west": {"uv": [3.5, 1.75, 5.25, 3], "texture": "#0"},
				"up": {"uv": [3.5, 1.75, 1.75, 0], "texture": "#0"},
				"down": {"uv": [5.25, 0, 3.5, 1.75], "texture": "#0"}
			}
		},
		{
			"from": [-1, 4, 2],
			"to": [2, 4, 14],
			"rotation": {"angle": -22.5, "axis": "z", "origin": [2, 4, 8]},
			"faces": {
				"north": {"uv": [6, 1.5, 6.375, 1.5], "texture": "#0"},
				"east": {"uv": [4.5, 1.5, 6, 1.5], "texture": "#0"},
				"south": {"uv": [7.875, 1.5, 8.25, 1.5], "texture": "#0"},
				"west": {"uv": [6.375, 1.5, 7.875, 1.5], "texture": "#0"},
				"up": {"uv": [6.375, 1.5, 6, 0], "texture": "#0"},
				"down": {"uv": [6.75, 0, 6.375, 1.5], "texture": "#0"}
			}
		},
		{
			"from": [2, 4, 14],
			"to": [14, 4, 17],
			"rotation": {"angle": -22.5, "axis": "x", "origin": [8, 4, 14]},
			"faces": {
				"north": {"uv": [7, 2.125, 8.5, 2.125], "texture": "#0"},
				"east": {"uv": [6.625, 2.125, 7, 2.125], "texture": "#0"},
				"south": {"uv": [8.875, 2.125, 10.375, 2.125], "texture": "#0"},
				"west": {"uv": [8.5, 2.125, 8.875, 2.125], "texture": "#0"},
				"up": {"uv": [8.5, 2.125, 7, 1.75], "texture": "#0"},
				"down": {"uv": [10, 1.75, 8.5, 2.125], "texture": "#0"}
			}
		},
		{
			"from": [14, 4, 2],
			"to": [17, 4, 14],
			"rotation": {"angle": 22.5, "axis": "z", "origin": [14, 4, 8]},
			"faces": {
				"north": {"uv": [5.25, 1.5, 5.625, 1.5], "texture": "#0"},
				"east": {"uv": [3.75, 1.5, 5.25, 1.5], "texture": "#0"},
				"south": {"uv": [7.125, 1.5, 7.5, 1.5], "texture": "#0"},
				"west": {"uv": [5.625, 1.5, 7.125, 1.5], "texture": "#0"},
				"up": {"uv": [5.625, 1.5, 5.25, 0], "texture": "#0"},
				"down": {"uv": [6, 0, 5.625, 1.5], "texture": "#0"}
			}
		},
		{
			"from": [2, 4, -1],
			"to": [14, 4, 2],
			"rotation": {"angle": 22.5, "axis": "x", "origin": [8, 4, 2]},
			"faces": {
				"north": {"uv": [6.25, 6.75, 7.75, 6.75], "texture": "#0"},
				"east": {"uv": [5.875, 6.75, 6.25, 6.75], "texture": "#0"},
				"south": {"uv": [8.125, 6.75, 9.625, 6.75], "texture": "#0"},
				"west": {"uv": [7.75, 6.75, 8.125, 6.75], "texture": "#0"},
				"up": {"uv": [7.75, 6.75, 6.25, 6.375], "texture": "#0"},
				"down": {"uv": [9.25, 6.375, 7.75, 6.75], "texture": "#0"}
			}
		},
		{
			"from": [3, 1, 3],
			"to": [13, 4, 3],
			"rotation": {"angle": 0, "axis": "y", "origin": [12, 2, 2]},
			"faces": {
				"north": {"uv": [7, 2.125, 8.25, 2.5], "texture": "#0"},
				"east": {"uv": [7, 2.125, 7, 2.5], "texture": "#0"},
				"south": {"uv": [8.25, 2.125, 9.5, 2.5], "texture": "#0"},
				"west": {"uv": [8.25, 2.125, 8.25, 2.5], "texture": "#0"},
				"up": {"uv": [8.25, 2.125, 7, 2.125], "texture": "#0"},
				"down": {"uv": [9.5, 2.125, 8.25, 2.125], "texture": "#0"}
			}
		},
		{
			"from": [13, 1, 3],
			"to": [13, 4, 13],
			"rotation": {"angle": 0, "axis": "y", "origin": [4, 2, 2]},
			"faces": {
				"north": {"uv": [5, 6.75, 5, 7.125], "texture": "#0"},
				"east": {"uv": [3.75, 6.75, 5, 7.125], "texture": "#0"},
				"south": {"uv": [6.25, 6.75, 6.25, 7.125], "texture": "#0"},
				"west": {"uv": [5, 6.75, 6.25, 7.125], "texture": "#0"},
				"up": {"uv": [5, 6.75, 5, 5.5], "texture": "#0"},
				"down": {"uv": [5, 5.5, 5, 6.75], "texture": "#0"}
			}
		},
		{
			"from": [3, 1, 13],
			"to": [13, 4, 13],
			"rotation": {"angle": 0, "axis": "y", "origin": [12, 2, 14]},
			"faces": {
				"north": {"uv": [6.25, 6.75, 7.5, 7.125], "texture": "#0"},
				"east": {"uv": [6.25, 6.75, 6.25, 7.125], "texture": "#0"},
				"south": {"uv": [7.5, 6.75, 8.75, 7.125], "texture": "#0"},
				"west": {"uv": [7.5, 6.75, 7.5, 7.125], "texture": "#0"},
				"up": {"uv": [7.5, 6.75, 6.25, 6.75], "texture": "#0"},
				"down": {"uv": [8.75, 6.75, 7.5, 6.75], "texture": "#0"}
			}
		},
		{
			"from": [3, 1, 3],
			"to": [3, 4, 13],
			"rotation": {"angle": 0, "axis": "y", "origin": [12, 2, 2]},
			"faces": {
				"north": {"uv": [5, 6.375, 5, 6.75], "texture": "#0"},
				"east": {"uv": [3.75, 6.375, 5, 6.75], "texture": "#0"},
				"south": {"uv": [6.25, 6.375, 6.25, 6.75], "texture": "#0"},
				"west": {"uv": [5, 6.375, 6.25, 6.75], "texture": "#0"},
				"up": {"uv": [5, 6.375, 5, 5.125], "texture": "#0"},
				"down": {"uv": [5, 5.125, 5, 6.375], "texture": "#0"}
			}
		},
		{
			"from": [2, 0, 14],
			"to": [4, 4, 14],
			"rotation": {"angle": 0, "axis": "y", "origin": [4, 4, 26]},
			"faces": {
				"north": {"uv": [5.25, 3.5, 5.5, 4], "texture": "#0"},
				"east": {"uv": [5.25, 3.5, 5.25, 4], "texture": "#0"},
				"south": {"uv": [5.5, 3.5, 5.75, 4], "texture": "#0"},
				"west": {"uv": [5.5, 3.5, 5.5, 4], "texture": "#0"},
				"up": {"uv": [5.5, 3.5, 5.25, 3.5], "texture": "#0"},
				"down": {"uv": [5.75, 3.5, 5.5, 3.5], "texture": "#0"}
			}
		},
		{
			"from": [2, -2, 14],
			"to": [4, 0, 14],
			"rotation": {"angle": 22.5, "axis": "x", "origin": [3, 0, 14]},
			"faces": {
				"north": {"uv": [1, 4.375, 1.25, 4.625], "texture": "#0"},
				"east": {"uv": [1, 4.375, 1, 4.625], "texture": "#0"},
				"south": {"uv": [1.25, 4.375, 1.5, 4.625], "texture": "#0"},
				"west": {"uv": [1.25, 4.375, 1.25, 4.625], "texture": "#0"},
				"up": {"uv": [1.25, 4.375, 1, 4.375], "texture": "#0"},
				"down": {"uv": [1.5, 4.375, 1.25, 4.375], "texture": "#0"}
			}
		},
		{
			"from": [1, -5.07612, 14.38268],
			"to": [5, -2.07612, 14.38268],
			"rotation": {"angle": 22.5, "axis": "x", "origin": [3, 0.92388, 14.38268]},
			"faces": {
				"north": {"uv": [0, 1, 0.5, 1.375], "texture": "#0"},
				"east": {"uv": [0, 1, 0, 1.375], "texture": "#0"},
				"south": {"uv": [0.5, 1, 1, 1.375], "texture": "#0"},
				"west": {"uv": [0.5, 1, 0.5, 1.375], "texture": "#0"},
				"up": {"uv": [0.5, 1, 0, 1], "texture": "#0"},
				"down": {"uv": [1, 1, 0.5, 1], "texture": "#0"}
			}
		},
		{
			"from": [11, -5.29289, 14.70711],
			"to": [15, -2.29289, 14.70711],
			"rotation": {"angle": 45, "axis": "x", "origin": [13, 0.70711, 14.70711]},
			"faces": {
				"north": {"uv": [0, 0.625, 0.5, 1], "texture": "#0"},
				"east": {"uv": [0, 0.625, 0, 1], "texture": "#0"},
				"south": {"uv": [0.5, 0.625, 1, 1], "texture": "#0"},
				"west": {"uv": [0.5, 0.625, 0.5, 1], "texture": "#0"},
				"up": {"uv": [0.5, 0.625, 0, 0.625], "texture": "#0"},
				"down": {"uv": [1, 0.625, 0.5, 0.625], "texture": "#0"}
			}
		},
		{
			"from": [12, -2, 14],
			"to": [14, 0, 14],
			"rotation": {"angle": 45, "axis": "x", "origin": [13, 0, 14]},
			"faces": {
				"north": {"uv": [1.125, 0, 1.375, 0.25], "texture": "#0"},
				"east": {"uv": [1.125, 0, 1.125, 0.25], "texture": "#0"},
				"south": {"uv": [1.375, 0, 1.625, 0.25], "texture": "#0"},
				"west": {"uv": [1.375, 0, 1.375, 0.25], "texture": "#0"},
				"up": {"uv": [1.375, 0, 1.125, 0], "texture": "#0"},
				"down": {"uv": [1.625, 0, 1.375, 0], "texture": "#0"}
			}
		},
		{
			"from": [12, 0, 14],
			"to": [14, 4, 14],
			"rotation": {"angle": 0, "axis": "y", "origin": [12, 4, 26]},
			"faces": {
				"north": {"uv": [5.25, 3, 5.5, 3.5], "texture": "#0"},
				"east": {"uv": [5.25, 3, 5.25, 3.5], "texture": "#0"},
				"south": {"uv": [5.5, 3, 5.75, 3.5], "texture": "#0"},
				"west": {"uv": [5.5, 3, 5.5, 3.5], "texture": "#0"},
				"up": {"uv": [5.5, 3, 5.25, 3], "texture": "#0"},
				"down": {"uv": [5.75, 3, 5.5, 3], "texture": "#0"}
			}
		},
		{
			"from": [11, 2, 14],
			"to": [12, 3, 14],
			"rotation": {"angle": 0, "axis": "y", "origin": [10, 5, 26]},
			"faces": {
				"north": {"uv": [1.5, 1.5, 1.625, 1.625], "texture": "#0"},
				"east": {"uv": [1.5, 1.5, 1.5, 1.625], "texture": "#0"},
				"south": {"uv": [1.625, 1.5, 1.75, 1.625], "texture": "#0"},
				"west": {"uv": [1.625, 1.5, 1.625, 1.625], "texture": "#0"},
				"up": {"uv": [1.625, 1.5, 1.5, 1.5], "texture": "#0"},
				"down": {"uv": [1.75, 1.5, 1.625, 1.5], "texture": "#0"}
			}
		},
		{
			"from": [14, 2, 14],
			"to": [15, 3, 14],
			"rotation": {"angle": 0, "axis": "y", "origin": [13, 5, 26]},
			"faces": {
				"north": {"uv": [1.5, 1.375, 1.625, 1.5], "texture": "#0"},
				"east": {"uv": [1.5, 1.375, 1.5, 1.5], "texture": "#0"},
				"south": {"uv": [1.625, 1.375, 1.75, 1.5], "texture": "#0"},
				"west": {"uv": [1.625, 1.375, 1.625, 1.5], "texture": "#0"},
				"up": {"uv": [1.625, 1.375, 1.5, 1.375], "texture": "#0"},
				"down": {"uv": [1.75, 1.375, 1.625, 1.375], "texture": "#0"}
			}
		},
		{
			"from": [11, 0, 14],
			"to": [12, 1, 14],
			"rotation": {"angle": 0, "axis": "y", "origin": [10, 3, 26]},
			"faces": {
				"north": {"uv": [1.5, 1.25, 1.625, 1.375], "texture": "#0"},
				"east": {"uv": [1.5, 1.25, 1.5, 1.375], "texture": "#0"},
				"south": {"uv": [1.625, 1.25, 1.75, 1.375], "texture": "#0"},
				"west": {"uv": [1.625, 1.25, 1.625, 1.375], "texture": "#0"},
				"up": {"uv": [1.625, 1.25, 1.5, 1.25], "texture": "#0"},
				"down": {"uv": [1.75, 1.25, 1.625, 1.25], "texture": "#0"}
			}
		},
		{
			"from": [14, 0, 14],
			"to": [15, 1, 14],
			"rotation": {"angle": 0, "axis": "y", "origin": [13, 3, 26]},
			"faces": {
				"north": {"uv": [1.5, 1.125, 1.625, 1.25], "texture": "#0"},
				"east": {"uv": [1.5, 1.125, 1.5, 1.25], "texture": "#0"},
				"south": {"uv": [1.625, 1.125, 1.75, 1.25], "texture": "#0"},
				"west": {"uv": [1.625, 1.125, 1.625, 1.25], "texture": "#0"},
				"up": {"uv": [1.625, 1.125, 1.5, 1.125], "texture": "#0"},
				"down": {"uv": [1.75, 1.125, 1.625, 1.125], "texture": "#0"}
			}
		},
		{
			"from": [4, 2, 14],
			"to": [5, 3, 14],
			"rotation": {"angle": 0, "axis": "y", "origin": [6, 5, 26]},
			"faces": {
				"north": {"uv": [1.5, 1, 1.625, 1.125], "texture": "#0"},
				"east": {"uv": [1.5, 1, 1.5, 1.125], "texture": "#0"},
				"south": {"uv": [1.625, 1, 1.75, 1.125], "texture": "#0"},
				"west": {"uv": [1.625, 1, 1.625, 1.125], "texture": "#0"},
				"up": {"uv": [1.625, 1, 1.5, 1], "texture": "#0"},
				"down": {"uv": [1.75, 1, 1.625, 1], "texture": "#0"}
			}
		},
		{
			"from": [1, 2, 14],
			"to": [2, 3, 14],
			"rotation": {"angle": 0, "axis": "y", "origin": [3, 5, 26]},
			"faces": {
				"north": {"uv": [1.5, 0.875, 1.625, 1], "texture": "#0"},
				"east": {"uv": [1.5, 0.875, 1.5, 1], "texture": "#0"},
				"south": {"uv": [1.625, 0.875, 1.75, 1], "texture": "#0"},
				"west": {"uv": [1.625, 0.875, 1.625, 1], "texture": "#0"},
				"up": {"uv": [1.625, 0.875, 1.5, 0.875], "texture": "#0"},
				"down": {"uv": [1.75, 0.875, 1.625, 0.875], "texture": "#0"}
			}
		},
		{
			"from": [4, 0, 14],
			"to": [5, 1, 14],
			"rotation": {"angle": 0, "axis": "y", "origin": [6, 3, 26]},
			"faces": {
				"north": {"uv": [1.5, 0.75, 1.625, 0.875], "texture": "#0"},
				"east": {"uv": [1.5, 0.75, 1.5, 0.875], "texture": "#0"},
				"south": {"uv": [1.625, 0.75, 1.75, 0.875], "texture": "#0"},
				"west": {"uv": [1.625, 0.75, 1.625, 0.875], "texture": "#0"},
				"up": {"uv": [1.625, 0.75, 1.5, 0.75], "texture": "#0"},
				"down": {"uv": [1.75, 0.75, 1.625, 0.75], "texture": "#0"}
			}
		},
		{
			"from": [1, 0, 14],
			"to": [2, 1, 14],
			"rotation": {"angle": 0, "axis": "y", "origin": [3, 3, 26]},
			"faces": {
				"north": {"uv": [1.5, 0.625, 1.625, 0.75], "texture": "#0"},
				"east": {"uv": [1.5, 0.625, 1.5, 0.75], "texture": "#0"},
				"south": {"uv": [1.625, 0.625, 1.75, 0.75], "texture": "#0"},
				"west": {"uv": [1.625, 0.625, 1.625, 0.75], "texture": "#0"},
				"up": {"uv": [1.625, 0.625, 1.5, 0.625], "texture": "#0"},
				"down": {"uv": [1.75, 0.625, 1.625, 0.625], "texture": "#0"}
			}
		},
		{
			"from": [2, -2.50314, 9.5021],
			"to": [2, 1.49686, 11.5021],
			"rotation": {"angle": 22.5, "axis": "x", "origin": [2, -0.00314, 10.5021]},
			"faces": {
				"north": {"uv": [0.75, 3, 0.75, 3.5], "texture": "#0"},
				"east": {"uv": [0.5, 3, 0.75, 3.5], "texture": "#0"},
				"south": {"uv": [1, 3, 1, 3.5], "texture": "#0"},
				"west": {"uv": [0.75, 3, 1, 3.5], "texture": "#0"},
				"up": {"uv": [0.75, 3, 0.75, 2.75], "texture": "#0"},
				"down": {"uv": [0.75, 2.75, 0.75, 3], "texture": "#0"}
			}
		},
		{
			"from": [2, 1, 10],
			"to": [2, 4, 12],
			"rotation": {"angle": 0, "axis": "y", "origin": [2, 4, 8]},
			"faces": {
				"north": {"uv": [1.25, 3, 1.25, 3.375], "texture": "#0"},
				"east": {"uv": [1, 3, 1.25, 3.375], "texture": "#0"},
				"south": {"uv": [1.5, 3, 1.5, 3.375], "texture": "#0"},
				"west": {"uv": [1.25, 3, 1.5, 3.375], "texture": "#0"},
				"up": {"uv": [1.25, 3, 1.25, 2.75], "texture": "#0"},
				"down": {"uv": [1.25, 2.75, 1.25, 3], "texture": "#0"}
			}
		},
		{
			"from": [2, 1, 4],
			"to": [2, 4, 6],
			"rotation": {"angle": 0, "axis": "y", "origin": [2, 4, 8]},
			"faces": {
				"north": {"uv": [0.75, 1.375, 0.75, 1.75], "texture": "#0"},
				"east": {"uv": [0.5, 1.375, 0.75, 1.75], "texture": "#0"},
				"south": {"uv": [1, 1.375, 1, 1.75], "texture": "#0"},
				"west": {"uv": [0.75, 1.375, 1, 1.75], "texture": "#0"},
				"up": {"uv": [0.75, 1.375, 0.75, 1.125], "texture": "#0"},
				"down": {"uv": [0.75, 1.125, 0.75, 1.375], "texture": "#0"}
			}
		},
		{
			"from": [2, -3, 4],
			"to": [2, 1, 6],
			"rotation": {"angle": -22.5, "axis": "z", "origin": [2, 1, 5]},
			"faces": {
				"north": {"uv": [0.25, 3, 0.25, 3.5], "texture": "#0"},
				"east": {"uv": [0, 3, 0.25, 3.5], "texture": "#0"},
				"south": {"uv": [0.5, 3, 0.5, 3.5], "texture": "#0"},
				"west": {"uv": [0.25, 3, 0.5, 3.5], "texture": "#0"},
				"up": {"uv": [0.25, 3, 0.25, 2.75], "texture": "#0"},
				"down": {"uv": [0.25, 2.75, 0.25, 3], "texture": "#0"}
			}
		},
		{
			"from": [14, 1, 10],
			"to": [14, 4, 12],
			"rotation": {"angle": 0, "axis": "y", "origin": [14, 4, 8]},
			"faces": {
				"north": {"uv": [1.375, 0.25, 1.375, 0.625], "texture": "#0"},
				"east": {"uv": [1.125, 0.25, 1.375, 0.625], "texture": "#0"},
				"south": {"uv": [1.625, 0.25, 1.625, 0.625], "texture": "#0"},
				"west": {"uv": [1.375, 0.25, 1.625, 0.625], "texture": "#0"},
				"up": {"uv": [1.375, 0.25, 1.375, 0], "texture": "#0"},
				"down": {"uv": [1.375, 0, 1.375, 0.25], "texture": "#0"}
			}
		},
		{
			"from": [14, -3, 10],
			"to": [14, 1, 12],
			"rotation": {"angle": 45, "axis": "z", "origin": [14, 1, 11]},
			"faces": {
				"north": {"uv": [1.25, 1.125, 1.25, 1.625], "texture": "#0"},
				"east": {"uv": [1, 1.125, 1.25, 1.625], "texture": "#0"},
				"south": {"uv": [1.5, 1.125, 1.5, 1.625], "texture": "#0"},
				"west": {"uv": [1.25, 1.125, 1.5, 1.625], "texture": "#0"},
				"up": {"uv": [1.25, 1.125, 1.25, 0.875], "texture": "#0"},
				"down": {"uv": [1.25, 0.875, 1.25, 1.125], "texture": "#0"}
			}
		},
		{
			"from": [14, 1, 4],
			"to": [14, 4, 6],
			"rotation": {"angle": 0, "axis": "y", "origin": [14, 4, 8]},
			"faces": {
				"north": {"uv": [0.25, 1.375, 0.25, 1.75], "texture": "#0"},
				"east": {"uv": [0, 1.375, 0.25, 1.75], "texture": "#0"},
				"south": {"uv": [0.5, 1.375, 0.5, 1.75], "texture": "#0"},
				"west": {"uv": [0.25, 1.375, 0.5, 1.75], "texture": "#0"},
				"up": {"uv": [0.25, 1.375, 0.25, 1.125], "texture": "#0"},
				"down": {"uv": [0.25, 1.125, 0.25, 1.375], "texture": "#0"}
			}
		},
		{
			"from": [14, -2.50314, 3.5021],
			"to": [14, 1.49686, 5.5021],
			"rotation": {"angle": 22.5, "axis": "x", "origin": [14, -0.00314, 4.5021]},
			"faces": {
				"north": {"uv": [1.25, 0.625, 1.25, 1.125], "texture": "#0"},
				"east": {"uv": [1, 0.625, 1.25, 1.125], "texture": "#0"},
				"south": {"uv": [1.5, 0.625, 1.5, 1.125], "texture": "#0"},
				"west": {"uv": [1.25, 0.625, 1.5, 1.125], "texture": "#0"},
				"up": {"uv": [1.25, 0.625, 1.25, 0.375], "texture": "#0"},
				"down": {"uv": [1.25, 0.375, 1.25, 0.625], "texture": "#0"}
			}
		},
		{
			"from": [11.25, 1, 2.5],
			"to": [13.25, 5, 2.5],
			"rotation": {"angle": -22.5, "axis": "z", "origin": [12.25, 3, 2.5]},
			"faces": {
				"north": {"uv": [0.5, 4, 0.75, 4.5], "texture": "#0"},
				"east": {"uv": [0.5, 4, 0.5, 4.5], "texture": "#0"},
				"south": {"uv": [0.75, 4, 1, 4.5], "texture": "#0"},
				"west": {"uv": [0.75, 4, 0.75, 4.5], "texture": "#0"},
				"up": {"uv": [0.75, 4, 0.5, 4], "texture": "#0"},
				"down": {"uv": [1, 4, 0.75, 4], "texture": "#0"}
			}
		},
		{
			"from": [2.75, 1, 2.5],
			"to": [4.75, 5, 2.5],
			"rotation": {"angle": 22.5, "axis": "z", "origin": [3.75, 3, 2.5]},
			"faces": {
				"north": {"uv": [0, 4, 0.25, 4.5], "texture": "#0"},
				"east": {"uv": [0, 4, 0, 4.5], "texture": "#0"},
				"south": {"uv": [0.25, 4, 0.5, 4.5], "texture": "#0"},
				"west": {"uv": [0.25, 4, 0.25, 4.5], "texture": "#0"},
				"up": {"uv": [0.25, 4, 0, 4], "texture": "#0"},
				"down": {"uv": [0.5, 4, 0.25, 4], "texture": "#0"}
			}
		},
		{
			"from": [9.28719, -1.93755, 2.5],
			"to": [11.28719, 2.06245, 2.5],
			"rotation": {"angle": -45, "axis": "z", "origin": [10.28719, 0.06245, 2.5]},
			"faces": {
				"north": {"uv": [1, 3.875, 1.25, 4.375], "texture": "#0"},
				"east": {"uv": [1, 3.875, 1, 4.375], "texture": "#0"},
				"south": {"uv": [1.25, 3.875, 1.5, 4.375], "texture": "#0"},
				"west": {"uv": [1.25, 3.875, 1.25, 4.375], "texture": "#0"},
				"up": {"uv": [1.25, 3.875, 1, 3.875], "texture": "#0"},
				"down": {"uv": [1.5, 3.875, 1.25, 3.875], "texture": "#0"}
			}
		},
		{
			"from": [4.71281, -1.93755, 2.5],
			"to": [6.71281, 2.06245, 2.5],
			"rotation": {"angle": 45, "axis": "z", "origin": [5.71281, 0.06245, 2.5]},
			"faces": {
				"north": {"uv": [0.5, 3.5, 0.75, 4], "texture": "#0"},
				"east": {"uv": [0.5, 3.5, 0.5, 4], "texture": "#0"},
				"south": {"uv": [0.75, 3.5, 1, 4], "texture": "#0"},
				"west": {"uv": [0.75, 3.5, 0.75, 4], "texture": "#0"},
				"up": {"uv": [0.75, 3.5, 0.5, 3.5], "texture": "#0"},
				"down": {"uv": [1, 3.5, 0.75, 3.5], "texture": "#0"}
			}
		},
		{
			"from": [9, 0, 13.5],
			"to": [11, 4, 13.5],
			"rotation": {"angle": 0, "axis": "y", "origin": [9, 4, 25.5]},
			"faces": {
				"north": {"uv": [0, 3.5, 0.25, 4], "texture": "#0"},
				"east": {"uv": [0, 3.5, 0, 4], "texture": "#0"},
				"south": {"uv": [0.25, 3.5, 0.5, 4], "texture": "#0"},
				"west": {"uv": [0.25, 3.5, 0.25, 4], "texture": "#0"},
				"up": {"uv": [0.25, 3.5, 0, 3.5], "texture": "#0"},
				"down": {"uv": [0.5, 3.5, 0.25, 3.5], "texture": "#0"}
			}
		},
		{
			"from": [5, 0, 13.5],
			"to": [7, 4, 13.5],
			"rotation": {"angle": 0, "axis": "y", "origin": [5, 4, 25.5]},
			"faces": {
				"north": {"uv": [1, 3.375, 1.25, 3.875], "texture": "#0"},
				"east": {"uv": [1, 3.375, 1, 3.875], "texture": "#0"},
				"south": {"uv": [1.25, 3.375, 1.5, 3.875], "texture": "#0"},
				"west": {"uv": [1.25, 3.375, 1.25, 3.875], "texture": "#0"},
				"up": {"uv": [1.25, 3.375, 1, 3.375], "texture": "#0"},
				"down": {"uv": [1.5, 3.375, 1.25, 3.375], "texture": "#0"}
			}
		},
		{
			"from": [9, 0, 8.5],
			"to": [11, 0, 13.5],
			"rotation": {"angle": -22.5, "axis": "x", "origin": [10, 0, 13.5]},
			"faces": {
				"north": {"uv": [0.625, 0.625, 0.875, 0.625], "texture": "#0"},
				"east": {"uv": [0, 0.625, 0.625, 0.625], "texture": "#0"},
				"south": {"uv": [1.5, 0.625, 1.75, 0.625], "texture": "#0"},
				"west": {"uv": [0.875, 0.625, 1.5, 0.625], "texture": "#0"},
				"up": {"uv": [0.875, 0.625, 0.625, 0], "texture": "#0"},
				"down": {"uv": [1.125, 0, 0.875, 0.625], "texture": "#0"}
			}
		},
		{
			"from": [5, -5, 13.5],
			"to": [7, 0, 13.5],
			"rotation": {"angle": -22.5, "axis": "x", "origin": [6, 0, 13.5]},
			"faces": {
				"north": {"uv": [0, 0, 0.25, 0.625], "texture": "#0"},
				"east": {"uv": [0, 0, 0, 0.625], "texture": "#0"},
				"south": {"uv": [0.25, 0, 0.5, 0.625], "texture": "#0"},
				"west": {"uv": [0.25, 0, 0.25, 0.625], "texture": "#0"},
				"up": {"uv": [0.25, 0, 0, 0], "texture": "#0"},
				"down": {"uv": [0.5, 0, 0.25, 0], "texture": "#0"}
			}
		}
	],
	"gui_light": "front",
	"display": {
		"thirdperson_righthand": {
			"translation": [0, 0.25, -3.75],
			"scale": [0.75, 0.75, 0.75]
		},
		"thirdperson_lefthand": {
			"translation": [0, 0.25, -3.75],
			"scale": [0.75, 0.75, 0.75]
		},
		"firstperson_righthand": {
			"rotation": [-20, 0, 0],
			"scale": [0.5, 0.5, 0.5]
		},
		"firstperson_lefthand": {
			"rotation": [-20, 0, 0],
			"scale": [0.5, 0.5, 0.5]
		},
		"ground": {
			"translation": [0, 2, 0],
			"scale": [0.5, 0.5, 0.5]
		},
		"gui": {
			"rotation": [23, 134, 0],
			"translation": [0, -0.75, 0],
			"scale": [0.53, 0.53, 0.53]
		},
		"head": {
			"translation": [0, 8, 0],
			"scale": [1.6, 1.6, 1.6]
		},
		"fixed": {
			"rotation": [-90, 0, 0],
			"translation": [0, 0, -18.25],
			"scale": [1.6, 1.6, 1.6]
		}
	},
	"groups": [
		{
			"name": "jellyfish_hat",
			"origin": [4, 6, 2],
			"color": 0,
			"children": [
				{
					"name": "head",
					"origin": [4, 4, 2],
					"color": 0,
					"children": [
						0,
						1,
						2,
						3,
						{
							"name": "outline",
							"origin": [8, 8, 8],
							"color": 0,
							"children": [4, 5]
						}
					]
				},
				{
					"name": "base_flaps",
					"origin": [8, 4, 2],
					"color": 0,
					"children": [6, 7, 8, 9]
				},
				{
					"name": "base_accents",
					"origin": [12, 2, 2],
					"color": 0,
					"children": [10, 11, 12, 13]
				},
				{
					"name": "tenticles",
					"origin": [3, 3, 26],
					"color": 0,
					"children": [
						{
							"name": "back_tenticles",
							"origin": [3, 3, 26],
							"color": 0,
							"children": [14, 15, 16, 17, 18, 19, 20, 21, 22, 23, 24, 25, 26, 27]
						},
						{
							"name": "west_tenticles",
							"origin": [2, -0.00314, 5.4979],
							"color": 0,
							"children": [28, 29, 30, 31]
						},
						{
							"name": "east_tenticles",
							"origin": [14, -0.00314, 5.4979],
							"color": 0,
							"children": [32, 33, 34, 35]
						},
						{
							"name": "north_tenticles",
							"origin": [5.71281, 0.06245, 2.5],
							"color": 0,
							"children": [36, 37, 38, 39]
						},
						{
							"name": "south_tenticles",
							"origin": [6, 0, 13.5],
							"color": 0,
							"children": [40, 41, 42, 43]
						}
					]
				}
			]
		}
	]
}