{
	"credit": "Polygony Creation Co.,Ltd.",
	"texture_size": [40, 40],
	"textures": {
		"0": "item/hats/lightning_power_helmet",
		"1": "item/axes/lightning_power_axe/animations/animations_2",
		"particle": "item/hats/lightning_power_helmet"
	},
	"elements": [
		{
			"from": [3, 2.00761, 4],
			"to": [4, 5.00761, 13],
			"rotation": {"angle": 0, "axis": "y", "origin": [3, 2.00761, 2]},
			"faces": {
				"east": {"uv": [0, 8.8, 3.6, 10], "texture": "#0"},
				"south": {"uv": [12, 9.2, 12.4, 10.4], "texture": "#0"},
				"up": {"uv": [3.2, 13.6, 2.8, 10], "texture": "#0"},
				"down": {"uv": [3.6, 10, 3.2, 13.6], "texture": "#0"}
			}
		},
		{
			"from": [3, 5.00761, 6],
			"to": [4, 8.00761, 13],
			"rotation": {"angle": 0, "axis": "y", "origin": [3, 5.00761, 2]},
			"faces": {
				"north": {"uv": [12.4, 1.2, 12.8, 2.4], "texture": "#0"},
				"east": {"uv": [5.2, 9.2, 8, 10.4], "texture": "#0"},
				"south": {"uv": [12.4, 12.4, 12.8, 13.6], "texture": "#0"},
				"west": {"uv": [8, 9.2, 10.8, 10.4], "texture": "#0"}
			}
		},
		{
			"from": [3, 8.00761, 4],
			"to": [4, 12.00761, 13],
			"rotation": {"angle": 0, "axis": "y", "origin": [3, 8.00761, 2]},
			"faces": {
				"east": {"uv": [6.4, 3.2, 10, 4.8], "texture": "#0"},
				"south": {"uv": [2.4, 12.4, 2.8, 14], "texture": "#0"},
				"west": {"uv": [6.4, 4.8, 10, 6.4], "texture": "#0"},
				"up": {"uv": [0.4, 14.8, 0, 11.2], "texture": "#0"},
				"down": {"uv": [0.8, 11.2, 0.4, 14.8], "texture": "#0"}
			}
		},
		{
			"from": [3, 8.00761, 3],
			"to": [13, 12.00761, 4],
			"rotation": {"angle": 0, "axis": "y", "origin": [3, 8.00761, -7]},
			"faces": {
				"north": {"uv": [6.4, 0, 10.4, 1.6], "texture": "#0"},
				"east": {"uv": [12.4, 4.8, 12.8, 6.4], "texture": "#0"},
				"south": {"uv": [6.4, 1.6, 10.4, 3.2], "texture": "#0"},
				"west": {"uv": [12.4, 6.4, 12.8, 8], "texture": "#0"},
				"up": {"uv": [12.4, 10.8, 8.4, 10.4], "texture": "#0"},
				"down": {"uv": [12.4, 10.8, 8.4, 11.2], "texture": "#0"}
			}
		},
		{
			"from": [4.34985, 1.77611, 2.975],
			"to": [5.84985, 5.27611, 4.025],
			"rotation": {"angle": 22.5, "axis": "z", "origin": [5.34985, 3.77611, 3.475]},
			"faces": {
				"north": {"uv": [6, 12, 6.6, 13.4], "texture": "#0"},
				"east": {"uv": [11.6, 12.4, 12, 13.8], "texture": "#0"},
				"south": {"uv": [1.6, 12.4, 2.2, 13.8], "texture": "#0"},
				"west": {"uv": [12, 12.4, 12.4, 13.8], "texture": "#0"},
				"up": {"uv": [13.4, 12.8, 12.8, 12.4], "texture": "#0"},
				"down": {"uv": [13.4, 12.8, 12.8, 13.2], "texture": "#0"}
			}
		},
		{
			"from": [3, 2.00761, 3],
			"to": [5, 5.00761, 4],
			"rotation": {"angle": 0, "axis": "y", "origin": [-4, 2.00761, -7]},
			"faces": {
				"north": {"uv": [11.6, 1.2, 12.4, 2.4], "texture": "#0"},
				"south": {"uv": [6.8, 11.6, 7.6, 12.8], "texture": "#0"},
				"up": {"uv": [13.6, 8, 12.8, 7.6], "texture": "#0"},
				"down": {"uv": [11.6, 12.8, 10.8, 13.2], "texture": "#0"}
			}
		},
		{
			"from": [12, 8.00761, 4],
			"to": [13, 12.00761, 13],
			"rotation": {"angle": 0, "axis": "y", "origin": [13, 8.00761, 2]},
			"faces": {
				"east": {"uv": [6.4, 6.4, 10, 8], "texture": "#0"},
				"south": {"uv": [12.4, 3.2, 12.8, 4.8], "texture": "#0"},
				"west": {"uv": [0, 7.2, 3.6, 8.8], "texture": "#0"},
				"up": {"uv": [1.2, 14.8, 0.8, 11.2], "texture": "#0"},
				"down": {"uv": [1.6, 11.2, 1.2, 14.8], "texture": "#0"}
			}
		},
		{
			"from": [4, 11.00761, 4],
			"to": [12, 12.00761, 13],
			"rotation": {"angle": 0, "axis": "y", "origin": [12, 8.00761, 2]},
			"faces": {
				"south": {"uv": [8.4, 11.2, 11.6, 11.6], "texture": "#0"},
				"up": {"uv": [3.2, 3.6, 0, 0], "texture": "#0"},
				"down": {"uv": [6.4, 0, 3.2, 3.6], "texture": "#0"}
			}
		},
		{
			"from": [4, 2.00761, 12],
			"to": [12, 11.00761, 13],
			"rotation": {"angle": 0, "axis": "y", "origin": [12, 7.00761, 2]},
			"faces": {
				"north": {"uv": [0, 3.6, 3.2, 7.2], "texture": "#0"},
				"south": {"uv": [3.2, 3.6, 6.4, 7.2], "texture": "#0"},
				"down": {"uv": [14.8, 0, 11.6, 0.4], "texture": "#0"}
			}
		},
		{
			"from": [8, 7.88261, 2],
			"to": [11, 10.88261, 3],
			"rotation": {"angle": 45, "axis": "z", "origin": [8, 7.88261, 2]},
			"faces": {
				"north": {"uv": [10.8, 9.2, 12, 10.4], "texture": "#0"},
				"east": {"uv": [12.8, 1.2, 13.2, 2.4], "texture": "#0"},
				"south": {"uv": [1.6, 11.2, 2.8, 12.4], "texture": "#0"},
				"west": {"uv": [12.8, 3.2, 13.2, 4.4], "texture": "#0"},
				"up": {"uv": [14, 4.8, 12.8, 4.4], "texture": "#0"},
				"down": {"uv": [14, 4.8, 12.8, 5.2], "texture": "#0"}
			}
		},
		{
			"from": [1.91761, 1.39448, 1.975],
			"to": [3.91761, 4.39448, 13.975],
			"rotation": {"angle": 22.5, "axis": "z", "origin": [1.91761, 2.39448, -0.025]},
			"faces": {
				"north": {"uv": [11.6, 11.2, 12.4, 12.4], "texture": "#0"},
				"east": {"uv": [3.6, 8, 8.4, 9.2], "texture": "#0"},
				"south": {"uv": [5.2, 12, 6, 13.2], "texture": "#0"},
				"west": {"uv": [8.4, 8, 13.2, 9.2], "texture": "#0"},
				"up": {"uv": [4.4, 14, 3.6, 9.2], "texture": "#0"},
				"down": {"uv": [5.2, 9.2, 4.4, 14], "texture": "#0"}
			}
		},
		{
			"from": [3.91761, 1.39448, 12.975],
			"to": [5.91761, 4.39448, 13.975],
			"rotation": {"angle": 22.5, "axis": "z", "origin": [1.91761, 2.39448, -0.025]},
			"faces": {
				"east": {"uv": [12.8, 6.4, 13.2, 7.6], "texture": "#0"},
				"south": {"uv": [10.8, 11.6, 11.6, 12.8], "texture": "#0"},
				"up": {"uv": [13.6, 12, 12.8, 11.6], "texture": "#0"},
				"down": {"uv": [13.6, 12, 12.8, 12.4], "texture": "#0"}
			}
		},
		{
			"from": [12, 5.00761, 6],
			"to": [13, 8.00761, 13],
			"rotation": {"angle": 0, "axis": "y", "origin": [13, 5.00761, 2]},
			"faces": {
				"north": {"uv": [12.8, 1.2, 12.4, 2.4], "texture": "#0"},
				"east": {"uv": [10.8, 9.2, 8, 10.4], "texture": "#0"},
				"south": {"uv": [12.8, 12.4, 12.4, 13.6], "texture": "#0"},
				"west": {"uv": [8, 9.2, 5.2, 10.4], "texture": "#0"}
			}
		},
		{
			"from": [12, 2.00761, 4],
			"to": [13, 5.00761, 13],
			"rotation": {"angle": 0, "axis": "y", "origin": [13, 2.00761, 2]},
			"faces": {
				"south": {"uv": [12.4, 9.2, 12, 10.4], "texture": "#0"},
				"west": {"uv": [3.6, 8.8, 0, 10], "texture": "#0"},
				"up": {"uv": [2.8, 13.6, 3.2, 10], "texture": "#0"},
				"down": {"uv": [3.2, 10, 3.6, 13.6], "texture": "#0"}
			}
		},
		{
			"from": [11, 2.00761, 3],
			"to": [13, 5.00761, 4],
			"rotation": {"angle": 0, "axis": "y", "origin": [20, 2.00761, -7]},
			"faces": {
				"north": {"uv": [12.4, 1.2, 11.6, 2.4], "texture": "#0"},
				"south": {"uv": [7.6, 11.6, 6.8, 12.8], "texture": "#0"},
				"up": {"uv": [12.8, 8, 13.6, 7.6], "texture": "#0"},
				"down": {"uv": [10.8, 12.8, 11.6, 13.2], "texture": "#0"}
			}
		},
		{
			"from": [10.15015, 1.77611, 2.975],
			"to": [11.65015, 5.27611, 4.025],
			"rotation": {"angle": -22.5, "axis": "z", "origin": [10.65015, 3.77611, 3.475]},
			"faces": {
				"north": {"uv": [6.6, 12, 6, 13.4], "texture": "#0"},
				"east": {"uv": [12.4, 12.4, 12, 13.8], "texture": "#0"},
				"south": {"uv": [2.2, 12.4, 1.6, 13.8], "texture": "#0"},
				"west": {"uv": [12, 12.4, 11.6, 13.8], "texture": "#0"},
				"up": {"uv": [12.8, 12.8, 13.4, 12.4], "texture": "#0"},
				"down": {"uv": [12.8, 12.8, 13.4, 13.2], "texture": "#0"}
			}
		},
		{
			"from": [12.08239, 1.39448, 1.975],
			"to": [14.08239, 4.39448, 13.975],
			"rotation": {"angle": -22.5, "axis": "z", "origin": [14.08239, 2.39448, -0.025]},
			"faces": {
				"north": {"uv": [12.4, 11.2, 11.6, 12.4], "texture": "#0"},
				"east": {"uv": [13.2, 8, 8.4, 9.2], "texture": "#0"},
				"south": {"uv": [6, 12, 5.2, 13.2], "texture": "#0"},
				"west": {"uv": [8.4, 8, 3.6, 9.2], "texture": "#0"},
				"up": {"uv": [3.6, 14, 4.4, 9.2], "texture": "#0"},
				"down": {"uv": [4.4, 9.2, 5.2, 14], "texture": "#0"}
			}
		},
		{
			"from": [10.08239, 1.39448, 12.975],
			"to": [12.08239, 4.39448, 13.975],
			"rotation": {"angle": -22.5, "axis": "z", "origin": [14.08239, 2.39448, -0.025]},
			"faces": {
				"south": {"uv": [11.6, 11.6, 10.8, 12.8], "texture": "#0"},
				"west": {"uv": [13.2, 6.4, 12.8, 7.6], "texture": "#0"},
				"up": {"uv": [12.8, 12, 13.6, 11.6], "texture": "#0"},
				"down": {"uv": [12.8, 12, 13.6, 12.4], "texture": "#0"}
			}
		},
		{
			"from": [4.85, 2.99798, 12.9785],
			"to": [11.15, 5.77298, 13.9715],
			"rotation": {"angle": 0, "axis": "y", "origin": [0.85, 3.77298, -0.0215]},
			"faces": {
				"east": {"uv": [6.8, 12.8, 7.2, 14], "texture": "#0"},
				"south": {"uv": [0, 10, 2.6, 11.2], "texture": "#0"},
				"west": {"uv": [7.2, 12.8, 7.6, 14], "texture": "#0"},
				"up": {"uv": [6.2, 7.6, 3.6, 7.2], "texture": "#0"},
				"down": {"uv": [6.2, 7.6, 3.6, 8], "texture": "#0"}
			}
		},
		{
			"from": [4, 11.10761, 8],
			"to": [7, 14.10761, 14],
			"rotation": {"angle": 22.5, "axis": "z", "origin": [5, 12.10761, 7.5]},
			"faces": {
				"north": {"uv": [11.2, 5.6, 12.4, 6.8], "texture": "#0"},
				"east": {"uv": [10, 3.2, 12.4, 4.4], "texture": "#0"},
				"south": {"uv": [11.2, 6.8, 12.4, 8], "texture": "#0"},
				"west": {"uv": [10, 4.4, 12.4, 5.6], "texture": "#0"},
				"up": {"uv": [11.2, 8, 10, 5.6], "texture": "#0"},
				"down": {"uv": [11.6, 0, 10.4, 2.4], "texture": "#0"}
			}
		},
		{
			"from": [9, 11.10761, 8],
			"to": [12, 14.10761, 14],
			"rotation": {"angle": -22.5, "axis": "z", "origin": [11, 12.10761, 7.5]},
			"faces": {
				"north": {"uv": [12.4, 5.6, 11.2, 6.8], "texture": "#0"},
				"east": {"uv": [12.4, 4.4, 10, 5.6], "texture": "#0"},
				"south": {"uv": [12.4, 6.8, 11.2, 8], "texture": "#0"},
				"west": {"uv": [12.4, 3.2, 10, 4.4], "texture": "#0"},
				"up": {"uv": [10, 8, 11.2, 5.6], "texture": "#0"},
				"down": {"uv": [10.4, 0, 11.6, 2.4], "texture": "#0"}
			}
		},
		{
			"from": [1.5, 6.50761, 7],
			"to": [3, 10.50761, 11],
			"rotation": {"angle": -22.5, "axis": "x", "origin": [8, 8.50761, 9]},
			"faces": {
				"north": {"uv": [7.6, 11.6, 8.2, 13.2], "texture": "#0"},
				"south": {"uv": [8.4, 11.6, 9, 13.2], "texture": "#0"},
				"west": {"uv": [5.2, 10.4, 6.8, 12], "texture": "#0"},
				"up": {"uv": [9.8, 13.2, 9.2, 11.6], "texture": "#0"},
				"down": {"uv": [10.6, 11.6, 10, 13.2], "texture": "#0"}
			}
		},
		{
			"from": [4, 7.50761, 13],
			"to": [12, 9.50761, 14],
			"rotation": {"angle": 0, "axis": "y", "origin": [3, 7.00761, 13]},
			"faces": {
				"south": {"uv": [10.4, 2.4, 13.6, 3.2], "texture": "#0"},
				"up": {"uv": [14.8, 0.8, 11.6, 0.4], "texture": "#0"},
				"down": {"uv": [14.8, 0.8, 11.6, 1.2], "texture": "#0"}
			}
		},
		{
			"from": [2, 7.00761, 10],
			"to": [3, 10.00761, 14],
			"rotation": {"angle": 0, "axis": "y", "origin": [2, 7.00761, 11]},
			"faces": {
				"south": {"uv": [12.8, 5.2, 13.2, 6.4], "texture": "#0"},
				"west": {"uv": [6.8, 10.4, 8.4, 11.6], "texture": "#0"},
				"up": {"uv": [12.8, 10.8, 12.4, 9.2], "texture": "#0"},
				"down": {"uv": [12.8, 10.8, 12.4, 12.4], "texture": "#0"}
			}
		},
		{
			"from": [3, 7.00761, 13],
			"to": [4, 10.00761, 14],
			"rotation": {"angle": 0, "axis": "y", "origin": [3, 7.00761, 11]},
			"faces": {
				"east": {"uv": [12.8, 9.2, 13.2, 10.4], "texture": "#0"},
				"south": {"uv": [12.8, 10.4, 13.2, 11.6], "texture": "#0"},
				"up": {"uv": [13.6, 1.6, 13.2, 1.2], "texture": "#0"},
				"down": {"uv": [13.6, 1.6, 13.2, 2], "texture": "#0"}
			}
		},
		{
			"from": [12, 7.00761, 13],
			"to": [13, 10.00761, 14],
			"rotation": {"angle": 0, "axis": "y", "origin": [13, 7.00761, 11]},
			"faces": {
				"south": {"uv": [13.2, 10.4, 12.8, 11.6], "texture": "#0"},
				"west": {"uv": [13.2, 9.2, 12.8, 10.4], "texture": "#0"},
				"up": {"uv": [13.2, 1.6, 13.6, 1.2], "texture": "#0"},
				"down": {"uv": [13.2, 1.6, 13.6, 2], "texture": "#0"}
			}
		},
		{
			"from": [13, 7.00761, 10],
			"to": [14, 10.00761, 14],
			"rotation": {"angle": 0, "axis": "y", "origin": [14, 7.00761, 11]},
			"faces": {
				"east": {"uv": [8.4, 10.4, 6.8, 11.6], "texture": "#0"},
				"south": {"uv": [13.2, 5.2, 12.8, 6.4], "texture": "#0"},
				"up": {"uv": [12.4, 10.8, 12.8, 9.2], "texture": "#0"},
				"down": {"uv": [12.4, 10.8, 12.8, 12.4], "texture": "#0"}
			}
		},
		{
			"from": [13, 6.50761, 7],
			"to": [14.5, 10.50761, 11],
			"rotation": {"angle": -22.5, "axis": "x", "origin": [8, 8.50761, 9]},
			"faces": {
				"north": {"uv": [8.2, 11.6, 7.6, 13.2], "texture": "#0"},
				"east": {"uv": [6.8, 10.4, 5.2, 12], "texture": "#0"},
				"south": {"uv": [9, 11.6, 8.4, 13.2], "texture": "#0"},
				"up": {"uv": [9.2, 13.2, 9.8, 11.6], "texture": "#0"},
				"down": {"uv": [10, 11.6, 10.6, 13.2], "texture": "#0"}
			}
		},
		{
			"from": [14.5, 6.30912, 9.1253],
			"to": [17.5, 11.30912, 9.1353],
			"rotation": {"angle": 22.5, "axis": "x", "origin": [16, 8.80912, 9.1303]},
			"faces": {
				"north": {"uv": [0, 6, 10, 0], "rotation": 90, "texture": "#1"},
				"south": {"uv": [10, 6, 0, 0], "rotation": 270, "texture": "#1"}
			}
		},
		{
			"from": [-1.5, 6.30912, 9.1253],
			"to": [1.5, 11.30912, 9.1353],
			"rotation": {"angle": 22.5, "axis": "x", "origin": [0, 8.80912, 9.1303]},
			"faces": {
				"north": {"uv": [0, 0, 10, 6], "rotation": 90, "texture": "#1"},
				"south": {"uv": [10, 0, 0, 6], "rotation": 270, "texture": "#1"}
			}
		},
		{
			"from": [10.79438, 14.07269, 7.9],
			"to": [12.79438, 15.07269, 7.91],
			"rotation": {"angle": -22.5, "axis": "z", "origin": [10.22814, 14.33695, 8.005]},
			"faces": {
				"north": {"uv": [15, 2, 11, 0], "rotation": 180, "texture": "#1"},
				"south": {"uv": [11, 2, 15, 0], "rotation": 180, "texture": "#1"}
			}
		},
		{
			"from": [4.21014, 12.44225, 7.9],
			"to": [7.21014, 14.44225, 7.91],
			"rotation": {"angle": 22.5, "axis": "z", "origin": [2.17575, 10.9967, 8.005]},
			"faces": {
				"north": {"uv": [6, 7, 0, 11], "texture": "#1"},
				"south": {"uv": [0, 7, 6, 11], "texture": "#1"}
			}
		}
	],
	"gui_light": "front",
	"display": {
		"thirdperson_righthand": {
			"rotation": [57.25, 0, 0],
			"translation": [0, 3.5, 1.5],
			"scale": [0.6, 0.6, 0.6]
		},
		"thirdperson_lefthand": {
			"rotation": [57.25, 0, 0],
			"translation": [0, 3.5, 1.5],
			"scale": [0.6, 0.6, 0.6]
		},
		"firstperson_righthand": {
			"rotation": [-16.75, 180, 0],
			"translation": [0, 4, 1.25],
			"scale": [0.4, 0.4, 0.4]
		},
		"firstperson_lefthand": {
			"rotation": [-16.75, 180, 0],
			"translation": [0, 4, 1.25],
			"scale": [0.4, 0.4, 0.4]
		},
		"ground": {
			"translation": [0, 5, 0]
		},
		"gui": {
			"rotation": [0, 180, 0]
		},
		"head": {
			"translation": [0, 1.75, 0],
			"scale": [1.6, 1.6, 1.6]
		},
		"fixed": {
			"rotation": [-90, 0, 0],
			"translation": [0, 0, -13.25],
			"scale": [2, 2, 2]
		}
	}
}