{
    "display": {
        "thirdperson_righthand": {
            "translation": [0, -1.5, 1.75],
            "scale": [0.5, 0.5, 0.5]
        },
        "thirdperson_lefthand": {
            "translation": [0, -1.5, 1.75],
            "scale": [0.5, 0.5, 0.5]
        },
        "firstperson_righthand": {
            "scale": [0.5, 0.5, 0.5]
        },
        "firstperson_lefthand": {
            "scale": [0.5, 0.5, 0.5]
        },
        "ground": {
            "translation": [0, 3, 0],
            "scale": [0.5, 0.5, 0.5]
        },
        "gui": {
            "rotation": [30, 225, 0],
            "translation": [-1.25, -2.5, 0]
        },
        "head": {
            "scale": [1.7, 1.7, 1.7]
        },
        "fixed": {
            "rotation": [-90, 0, 0],
            "translation": [0, 0, 5],
            "scale": [2, 2, 2]
        }
    },
    "textures": {
        "0": "item/hats/pink_cap",
        "particle": "item/hats/pink_cap"
    },
    "elements": [{
        "from": [3.5, 9.5, 3.5],
        "to": [12.5, 12, 12.5],
        "rotation": {
            "angle": 0,
            "axis": "y",
            "origin": [8, 8, 8]
        },
        "faces": {
            "north": {
                "uv": [13, 1, 14, 2],
                "texture": "#0"
            },
            "east": {
                "uv": [13, 1, 14, 2],
                "texture": "#0"
            },
            "south": {
                "uv": [13, 1, 14, 2],
                "texture": "#0"
            },
            "west": {
                "uv": [13, 1, 14, 2],
                "texture": "#0"
            },
            "up": {
                "uv": [13, 1, 14, 2],
                "texture": "#0"
            },
            "down": {
                "uv": [13, 1, 14, 2],
                "texture": "#0"
            }
        }
    }, {
        "from": [7, 10.5, 3.25],
        "to": [9, 12, 4.25],
        "rotation": {
            "angle": 0,
            "axis": "y",
            "origin": [7.5, 11.25, 3.75]
        },
        "faces": {
            "north": {
                "uv": [13, 4, 14, 5],
                "texture": "#0"
            },
            "east": {
                "uv": [13, 4, 14, 5],
                "texture": "#0"
            },
            "south": {
                "uv": [13, 4, 14, 5],
                "texture": "#0"
            },
            "west": {
                "uv": [13, 4, 14, 5],
                "texture": "#0"
            },
            "up": {
                "uv": [13, 4, 14, 5],
                "texture": "#0"
            },
            "down": {
                "uv": [13, 4, 14, 5],
                "texture": "#0"
            }
        }
    }, {
        "from": [7, 10.25, 3.15],
        "to": [8.5, 11.75, 4.15],
        "rotation": {
            "angle": 45,
            "axis": "z",
            "origin": [8, 11.25, 3.65]
        },
        "faces": {
            "north": {
                "uv": [7, 7, 8, 8],
                "texture": "#0"
            },
            "east": {
                "uv": [7, 7, 8, 8],
                "texture": "#0"
            },
            "south": {
                "uv": [7, 7, 8, 8],
                "texture": "#0"
            },
            "west": {
                "uv": [7, 7, 8, 8],
                "texture": "#0"
            },
            "up": {
                "uv": [7, 7, 8, 8],
                "texture": "#0"
            },
            "down": {
                "uv": [7, 7, 8, 8],
                "texture": "#0"
            }
        }
    }, {
        "from": [7.625, 11.24645, 3.05],
        "to": [8.375, 11.39645, 4.05],
        "rotation": {
            "angle": 0,
            "axis": "z",
            "origin": [7.875, 10.89645, 3.65]
        },
        "faces": {
            "north": {
                "uv": [11, 7, 10, 8],
                "texture": "#0"
            },
            "east": {
                "uv": [11, 7, 10, 8],
                "texture": "#0"
            },
            "south": {
                "uv": [11, 7, 10, 8],
                "texture": "#0"
            },
            "west": {
                "uv": [11, 7, 10, 8],
                "texture": "#0"
            },
            "up": {
                "uv": [11, 7, 10, 8],
                "texture": "#0"
            },
            "down": {
                "uv": [11, 7, 10, 8],
                "texture": "#0"
            }
        }
    }, {
        "from": [7.55, 11.24645, 3.05],
        "to": [8.025, 11.39645, 4.05],
        "rotation": {
            "angle": 45,
            "axis": "z",
            "origin": [8, 11.32145, 3.55]
        },
        "faces": {
            "north": {
                "uv": [11, 7, 10, 8],
                "texture": "#0"
            },
            "east": {
                "uv": [11, 7, 10, 8],
                "texture": "#0"
            },
            "south": {
                "uv": [11, 7, 10, 8],
                "texture": "#0"
            },
            "west": {
                "uv": [11, 7, 10, 8],
                "texture": "#0"
            },
            "up": {
                "uv": [11, 7, 10, 8],
                "texture": "#0"
            },
            "down": {
                "uv": [11, 7, 10, 8],
                "texture": "#0"
            }
        }
    }, {
        "from": [7.975, 11.24645, 3.05],
        "to": [8.45, 11.39645, 4.05],
        "rotation": {
            "angle": -45,
            "axis": "z",
            "origin": [8, 11.32145, 3.55]
        },
        "faces": {
            "north": {
                "uv": [11, 7, 10, 8],
                "texture": "#0"
            },
            "east": {
                "uv": [11, 7, 10, 8],
                "texture": "#0"
            },
            "south": {
                "uv": [11, 7, 10, 8],
                "texture": "#0"
            },
            "west": {
                "uv": [11, 7, 10, 8],
                "texture": "#0"
            },
            "up": {
                "uv": [11, 7, 10, 8],
                "texture": "#0"
            },
            "down": {
                "uv": [11, 7, 10, 8],
                "texture": "#0"
            }
        }
    }, {
        "from": [9, 11, 3.15],
        "to": [9.75, 11.75, 4.15],
        "rotation": {
            "angle": 45,
            "axis": "z",
            "origin": [8, 11.25, 3.65]
        },
        "faces": {
            "north": {
                "uv": [1, 7, 2, 8],
                "texture": "#0"
            },
            "east": {
                "uv": [1, 7, 2, 8],
                "texture": "#0"
            },
            "south": {
                "uv": [1, 7, 2, 8],
                "texture": "#0"
            },
            "west": {
                "uv": [1, 7, 2, 8],
                "texture": "#0"
            },
            "up": {
                "uv": [1, 7, 2, 8],
                "texture": "#0"
            },
            "down": {
                "uv": [1, 7, 2, 8],
                "texture": "#0"
            }
        }
    }, {
        "from": [8.75888, 12.03566, 3.1],
        "to": [9.00888, 12.58566, 3.9],
        "rotation": {
            "angle": 0,
            "axis": "z",
            "origin": [8.88388, 12.31066, 3.4]
        },
        "faces": {
            "north": {
                "uv": [4, 7, 5, 8],
                "texture": "#0"
            },
            "east": {
                "uv": [4, 7, 5, 8],
                "texture": "#0"
            },
            "south": {
                "uv": [4, 7, 5, 8],
                "texture": "#0"
            },
            "west": {
                "uv": [4, 7, 5, 8],
                "texture": "#0"
            },
            "up": {
                "uv": [4, 7, 5, 8],
                "texture": "#0"
            },
            "down": {
                "uv": [4, 7, 5, 8],
                "texture": "#0"
            }
        }
    }, {
        "from": [6.99112, 12.03566, 3.1],
        "to": [7.24112, 12.58566, 3.9],
        "rotation": {
            "angle": 0,
            "axis": "z",
            "origin": [7.11612, 12.31066, 3.4]
        },
        "faces": {
            "north": {
                "uv": [4, 7, 5, 8],
                "texture": "#0"
            },
            "east": {
                "uv": [4, 7, 5, 8],
                "texture": "#0"
            },
            "south": {
                "uv": [4, 7, 5, 8],
                "texture": "#0"
            },
            "west": {
                "uv": [4, 7, 5, 8],
                "texture": "#0"
            },
            "up": {
                "uv": [4, 7, 5, 8],
                "texture": "#0"
            },
            "down": {
                "uv": [4, 7, 5, 8],
                "texture": "#0"
            }
        }
    }, {
        "from": [6.25, 11, 3.15],
        "to": [7, 11.75, 4.15],
        "rotation": {
            "angle": -45,
            "axis": "z",
            "origin": [8, 11.25, 3.65]
        },
        "faces": {
            "north": {
                "uv": [1, 7, 2, 8],
                "texture": "#0"
            },
            "east": {
                "uv": [1, 7, 2, 8],
                "texture": "#0"
            },
            "south": {
                "uv": [1, 7, 2, 8],
                "texture": "#0"
            },
            "west": {
                "uv": [1, 7, 2, 8],
                "texture": "#0"
            },
            "up": {
                "uv": [1, 7, 2, 8],
                "texture": "#0"
            },
            "down": {
                "uv": [1, 7, 2, 8],
                "texture": "#0"
            }
        }
    }, {
        "from": [8.90901, 9.21967, 3.25],
        "to": [9.90901, 10.71967, 4.25],
        "rotation": {
            "angle": 45,
            "axis": "z",
            "origin": [7.40901, 9.96967, 3.75]
        },
        "faces": {
            "north": {
                "uv": [13, 4, 14, 5],
                "texture": "#0"
            },
            "east": {
                "uv": [13, 4, 14, 5],
                "texture": "#0"
            },
            "south": {
                "uv": [13, 4, 14, 5],
                "texture": "#0"
            },
            "west": {
                "uv": [13, 4, 14, 5],
                "texture": "#0"
            },
            "up": {
                "uv": [13, 4, 14, 5],
                "texture": "#0"
            },
            "down": {
                "uv": [13, 4, 14, 5],
                "texture": "#0"
            }
        }
    }, {
        "from": [6.09099, 9.21967, 3.25],
        "to": [7.09099, 10.71967, 4.25],
        "rotation": {
            "angle": -45,
            "axis": "z",
            "origin": [8.59099, 9.96967, 3.75]
        },
        "faces": {
            "north": {
                "uv": [13, 4, 14, 5],
                "texture": "#0"
            },
            "east": {
                "uv": [13, 4, 14, 5],
                "texture": "#0"
            },
            "south": {
                "uv": [13, 4, 14, 5],
                "texture": "#0"
            },
            "west": {
                "uv": [13, 4, 14, 5],
                "texture": "#0"
            },
            "up": {
                "uv": [13, 4, 14, 5],
                "texture": "#0"
            },
            "down": {
                "uv": [13, 4, 14, 5],
                "texture": "#0"
            }
        }
    }, {
        "from": [6.29289, 11.20711, 3.25],
        "to": [9.70711, 12.95711, 4.25],
        "rotation": {
            "angle": 0,
            "axis": "z",
            "origin": [8.95711, 9.70711, 3.75]
        },
        "faces": {
            "north": {
                "uv": [13, 4, 14, 5],
                "texture": "#0"
            },
            "east": {
                "uv": [13, 4, 14, 5],
                "texture": "#0"
            },
            "south": {
                "uv": [13, 4, 14, 5],
                "texture": "#0"
            },
            "west": {
                "uv": [13, 4, 14, 5],
                "texture": "#0"
            },
            "up": {
                "uv": [13, 4, 14, 5],
                "texture": "#0"
            },
            "down": {
                "uv": [13, 4, 14, 5],
                "texture": "#0"
            }
        }
    }, {
        "from": [7.725, 11.125, 3.25],
        "to": [9.475, 12.53921, 4.25],
        "rotation": {
            "angle": 22.5,
            "axis": "z",
            "origin": [7.5, 12.08211, 3.75]
        },
        "faces": {
            "north": {
                "uv": [13, 4, 14, 5],
                "texture": "#0"
            },
            "east": {
                "uv": [13, 4, 14, 5],
                "texture": "#0"
            },
            "south": {
                "uv": [13, 4, 14, 5],
                "texture": "#0"
            },
            "west": {
                "uv": [13, 4, 14, 5],
                "texture": "#0"
            },
            "up": {
                "uv": [13, 4, 14, 5],
                "texture": "#0"
            },
            "down": {
                "uv": [13, 4, 14, 5],
                "texture": "#0"
            }
        }
    }, {
        "from": [6.85027, 11.846, 3.25],
        "to": [9.14973, 13.26022, 4.25],
        "rotation": {
            "angle": 0,
            "axis": "z",
            "origin": [7.17473, 12.80311, 3.75]
        },
        "faces": {
            "north": {
                "uv": [13, 4, 14, 5],
                "texture": "#0"
            },
            "east": {
                "uv": [13, 4, 14, 5],
                "texture": "#0"
            },
            "south": {
                "uv": [13, 4, 14, 5],
                "texture": "#0"
            },
            "west": {
                "uv": [13, 4, 14, 5],
                "texture": "#0"
            },
            "up": {
                "uv": [13, 4, 14, 5],
                "texture": "#0"
            },
            "down": {
                "uv": [13, 4, 14, 5],
                "texture": "#0"
            }
        }
    }, {
        "from": [7.72527, 12.646, 3.15],
        "to": [8.27473, 13.36022, 4.25],
        "rotation": {
            "angle": 0,
            "axis": "z",
            "origin": [7.29973, 12.80311, 3.75]
        },
        "faces": {
            "north": {
                "uv": [13, 7, 14, 8],
                "texture": "#0"
            },
            "east": {
                "uv": [13, 7, 14, 8],
                "texture": "#0"
            },
            "south": {
                "uv": [13, 7, 14, 8],
                "texture": "#0"
            },
            "west": {
                "uv": [13, 7, 14, 8],
                "texture": "#0"
            },
            "up": {
                "uv": [13, 7, 14, 8],
                "texture": "#0"
            },
            "down": {
                "uv": [13, 7, 14, 8],
                "texture": "#0"
            }
        }
    }, {
        "from": [8.45711, 12.45711, 3.25],
        "to": [9.45711, 13.70711, 4.25],
        "rotation": {
            "angle": -45,
            "axis": "z",
            "origin": [8.95711, 11.95711, 3.75]
        },
        "faces": {
            "north": {
                "uv": [13, 4, 14, 5],
                "texture": "#0"
            },
            "east": {
                "uv": [13, 4, 14, 5],
                "texture": "#0"
            },
            "south": {
                "uv": [13, 4, 14, 5],
                "texture": "#0"
            },
            "west": {
                "uv": [13, 4, 14, 5],
                "texture": "#0"
            },
            "up": {
                "uv": [13, 4, 14, 5],
                "texture": "#0"
            },
            "down": {
                "uv": [13, 4, 14, 5],
                "texture": "#0"
            }
        }
    }, {
        "from": [6.54289, 12.45711, 3.25],
        "to": [7.54289, 13.70711, 4.25],
        "rotation": {
            "angle": 45,
            "axis": "z",
            "origin": [7.04289, 11.95711, 3.75]
        },
        "faces": {
            "north": {
                "uv": [13, 4, 14, 5],
                "texture": "#0"
            },
            "east": {
                "uv": [13, 4, 14, 5],
                "texture": "#0"
            },
            "south": {
                "uv": [13, 4, 14, 5],
                "texture": "#0"
            },
            "west": {
                "uv": [13, 4, 14, 5],
                "texture": "#0"
            },
            "up": {
                "uv": [13, 4, 14, 5],
                "texture": "#0"
            },
            "down": {
                "uv": [13, 4, 14, 5],
                "texture": "#0"
            }
        }
    }, {
        "from": [4.9724, 10.7526, 3.25],
        "to": [6.1224, 11.6776, 4.25],
        "rotation": {
            "angle": 0,
            "axis": "z",
            "origin": [6.4974, 12.7526, 3.75]
        },
        "faces": {
            "north": {
                "uv": [7, 4, 8, 5],
                "texture": "#0"
            },
            "east": {
                "uv": [7, 4, 8, 5],
                "texture": "#0"
            },
            "south": {
                "uv": [7, 4, 8, 5],
                "texture": "#0"
            },
            "west": {
                "uv": [7, 4, 8, 5],
                "texture": "#0"
            },
            "up": {
                "uv": [7, 4, 8, 5],
                "texture": "#0"
            },
            "down": {
                "uv": [7, 4, 8, 5],
                "texture": "#0"
            }
        }
    }, {
        "from": [4.8724, 10.7526, 3],
        "to": [6.2224, 11.3526, 4],
        "rotation": {
            "angle": -22.5,
            "axis": "x",
            "origin": [5.5474, 11.1526, 3.75]
        },
        "faces": {
            "north": {
                "uv": [10, 4, 11, 5],
                "texture": "#0"
            },
            "east": {
                "uv": [10, 4, 11, 5],
                "texture": "#0"
            },
            "south": {
                "uv": [10, 4, 11, 5],
                "texture": "#0"
            },
            "west": {
                "uv": [10, 4, 11, 5],
                "texture": "#0"
            },
            "up": {
                "uv": [10, 4, 11, 5],
                "texture": "#0"
            },
            "down": {
                "uv": [10, 4, 11, 5],
                "texture": "#0"
            }
        }
    }, {
        "from": [9.8776, 10.7526, 3.25],
        "to": [11.0276, 11.6776, 4.25],
        "rotation": {
            "angle": 0,
            "axis": "z",
            "origin": [9.5026, 12.7526, 3.75]
        },
        "faces": {
            "north": {
                "uv": [7, 4, 8, 5],
                "texture": "#0"
            },
            "east": {
                "uv": [7, 4, 8, 5],
                "texture": "#0"
            },
            "south": {
                "uv": [7, 4, 8, 5],
                "texture": "#0"
            },
            "west": {
                "uv": [7, 4, 8, 5],
                "texture": "#0"
            },
            "up": {
                "uv": [7, 4, 8, 5],
                "texture": "#0"
            },
            "down": {
                "uv": [7, 4, 8, 5],
                "texture": "#0"
            }
        }
    }, {
        "from": [9.7776, 10.7526, 3],
        "to": [11.1276, 11.3526, 4],
        "rotation": {
            "angle": -22.5,
            "axis": "x",
            "origin": [10.4526, 11.1526, 3.75]
        },
        "faces": {
            "north": {
                "uv": [10, 4, 11, 5],
                "texture": "#0"
            },
            "east": {
                "uv": [10, 4, 11, 5],
                "texture": "#0"
            },
            "south": {
                "uv": [10, 4, 11, 5],
                "texture": "#0"
            },
            "west": {
                "uv": [10, 4, 11, 5],
                "texture": "#0"
            },
            "up": {
                "uv": [10, 4, 11, 5],
                "texture": "#0"
            },
            "down": {
                "uv": [10, 4, 11, 5],
                "texture": "#0"
            }
        }
    }, {
        "from": [6.525, 11.125, 3.25],
        "to": [8.275, 12.53921, 4.25],
        "rotation": {
            "angle": -22.5,
            "axis": "z",
            "origin": [8.5, 12.08211, 3.75]
        },
        "faces": {
            "north": {
                "uv": [13, 4, 14, 5],
                "texture": "#0"
            },
            "east": {
                "uv": [13, 4, 14, 5],
                "texture": "#0"
            },
            "south": {
                "uv": [13, 4, 14, 5],
                "texture": "#0"
            },
            "west": {
                "uv": [13, 4, 14, 5],
                "texture": "#0"
            },
            "up": {
                "uv": [13, 4, 14, 5],
                "texture": "#0"
            },
            "down": {
                "uv": [13, 4, 14, 5],
                "texture": "#0"
            }
        }
    }, {
        "from": [11.52145, 9.30178, 0],
        "to": [12.27145, 10.55178, 12.475],
        "rotation": {
            "angle": 45,
            "axis": "z",
            "origin": [12.14645, 9.67678, -1]
        },
        "faces": {
            "north": {
                "uv": [1, 4, 2, 5],
                "texture": "#0"
            },
            "east": {
                "uv": [1, 4, 2, 5],
                "texture": "#0"
            },
            "south": {
                "uv": [1, 4, 2, 5],
                "texture": "#0"
            },
            "west": {
                "uv": [1, 4, 2, 5],
                "texture": "#0"
            },
            "up": {
                "uv": [1, 4, 2, 5],
                "texture": "#0"
            },
            "down": {
                "uv": [1, 4, 2, 5],
                "texture": "#0"
            }
        }
    }, {
        "from": [10.62019, 9.90161, 0],
        "to": [11.52019, 10.65161, 12.475],
        "rotation": {
            "angle": -22.5,
            "axis": "z",
            "origin": [10.89519, 10.27661, 6.25]
        },
        "faces": {
            "north": {
                "uv": [1, 4, 2, 5],
                "texture": "#0"
            },
            "east": {
                "uv": [1, 4, 2, 5],
                "texture": "#0"
            },
            "south": {
                "uv": [1, 4, 2, 5],
                "texture": "#0"
            },
            "west": {
                "uv": [1, 4, 2, 5],
                "texture": "#0"
            },
            "up": {
                "uv": [1, 4, 2, 5],
                "texture": "#0"
            },
            "down": {
                "uv": [1, 4, 2, 5],
                "texture": "#0"
            }
        }
    }, {
        "from": [3.72855, 9.30178, 0],
        "to": [4.47855, 10.55178, 12.475],
        "rotation": {
            "angle": -45,
            "axis": "z",
            "origin": [3.85355, 9.67678, -1]
        },
        "faces": {
            "north": {
                "uv": [1, 4, 2, 5],
                "texture": "#0"
            },
            "east": {
                "uv": [1, 4, 2, 5],
                "texture": "#0"
            },
            "south": {
                "uv": [1, 4, 2, 5],
                "texture": "#0"
            },
            "west": {
                "uv": [1, 4, 2, 5],
                "texture": "#0"
            },
            "up": {
                "uv": [1, 4, 2, 5],
                "texture": "#0"
            },
            "down": {
                "uv": [1, 4, 2, 5],
                "texture": "#0"
            }
        }
    }, {
        "from": [4.47981, 9.90161, 0],
        "to": [5.37981, 10.65161, 12.475],
        "rotation": {
            "angle": 22.5,
            "axis": "z",
            "origin": [5.10481, 10.27661, 6.25]
        },
        "faces": {
            "north": {
                "uv": [1, 4, 2, 5],
                "texture": "#0"
            },
            "east": {
                "uv": [1, 4, 2, 5],
                "texture": "#0"
            },
            "south": {
                "uv": [1, 4, 2, 5],
                "texture": "#0"
            },
            "west": {
                "uv": [1, 4, 2, 5],
                "texture": "#0"
            },
            "up": {
                "uv": [1, 4, 2, 5],
                "texture": "#0"
            },
            "down": {
                "uv": [1, 4, 2, 5],
                "texture": "#0"
            }
        }
    }, {
        "from": [5.21538, 9.9783, 0],
        "to": [10.78462, 10.7283, 12.475],
        "rotation": {
            "angle": 0,
            "axis": "z",
            "origin": [9.90962, 10.3533, 6.25]
        },
        "faces": {
            "north": {
                "uv": [1, 4, 2, 5],
                "texture": "#0"
            },
            "east": {
                "uv": [1, 4, 2, 5],
                "texture": "#0"
            },
            "south": {
                "uv": [1, 4, 2, 5],
                "texture": "#0"
            },
            "west": {
                "uv": [1, 4, 2, 5],
                "texture": "#0"
            },
            "up": {
                "uv": [1, 4, 2, 5],
                "texture": "#0"
            },
            "down": {
                "uv": [1, 4, 2, 5],
                "texture": "#0"
            }
        }
    }, {
        "from": [3.75, 10.26795, 8.20762],
        "to": [12.25, 11.26795, 12.20762],
        "rotation": {
            "angle": -22.5,
            "axis": "x",
            "origin": [8, 11.86891, 8]
        },
        "faces": {
            "north": {
                "uv": [10, 1, 11, 2],
                "texture": "#0"
            },
            "east": {
                "uv": [10, 1, 11, 2],
                "texture": "#0"
            },
            "south": {
                "uv": [10, 1, 11, 2],
                "texture": "#0"
            },
            "west": {
                "uv": [10, 1, 11, 2],
                "texture": "#0"
            },
            "up": {
                "uv": [10, 1, 11, 2],
                "texture": "#0"
            },
            "down": {
                "uv": [10, 1, 11, 2],
                "texture": "#0"
            }
        }
    }, {
        "from": [4, 9.7035, 7.65736],
        "to": [12, 10.7035, 11.65736],
        "rotation": {
            "angle": -45,
            "axis": "x",
            "origin": [8, 11.86891, 8]
        },
        "faces": {
            "north": {
                "uv": [7, 1, 8, 2],
                "texture": "#0"
            },
            "east": {
                "uv": [7, 1, 8, 2],
                "texture": "#0"
            },
            "south": {
                "uv": [7, 1, 8, 2],
                "texture": "#0"
            },
            "west": {
                "uv": [7, 1, 8, 2],
                "texture": "#0"
            },
            "up": {
                "uv": [7, 1, 8, 2],
                "texture": "#0"
            },
            "down": {
                "uv": [7, 1, 8, 2],
                "texture": "#0"
            }
        }
    }, {
        "from": [4.25, 10.80189, 9.47631],
        "to": [11.75, 14.80189, 10.47631],
        "rotation": {
            "angle": 22.5,
            "axis": "x",
            "origin": [8, 11.86891, 8]
        },
        "faces": {
            "north": {
                "uv": [4, 1, 5, 2],
                "texture": "#0"
            },
            "east": {
                "uv": [4, 1, 5, 2],
                "texture": "#0"
            },
            "south": {
                "uv": [4, 1, 5, 2],
                "texture": "#0"
            },
            "west": {
                "uv": [4, 1, 5, 2],
                "texture": "#0"
            },
            "up": {
                "uv": [4, 1, 5, 2],
                "texture": "#0"
            },
            "down": {
                "uv": [4, 1, 5, 2],
                "texture": "#0"
            }
        }
    }, {
        "from": [9.4186, 12.28437, 5.40855],
        "to": [11.06632, 16.02994, 10.59145],
        "rotation": {
            "angle": -45,
            "axis": "z",
            "origin": [6.9186, 12.28437, 10.09145]
        },
        "faces": {
            "north": {
                "uv": [13, 1, 14, 2],
                "texture": "#0"
            },
            "east": {
                "uv": [13, 1, 14, 2],
                "texture": "#0"
            },
            "south": {
                "uv": [13, 1, 14, 2],
                "texture": "#0"
            },
            "west": {
                "uv": [13, 1, 14, 2],
                "texture": "#0"
            },
            "up": {
                "uv": [13, 1, 14, 2],
                "texture": "#0"
            },
            "down": {
                "uv": [13, 1, 14, 2],
                "texture": "#0"
            }
        }
    }, {
        "from": [4.93368, 12.28437, 5.40855],
        "to": [6.5814, 16.02994, 10.59145],
        "rotation": {
            "angle": 45,
            "axis": "z",
            "origin": [9.0814, 12.28437, 10.09145]
        },
        "faces": {
            "north": {
                "uv": [13, 1, 14, 2],
                "texture": "#0"
            },
            "east": {
                "uv": [13, 1, 14, 2],
                "texture": "#0"
            },
            "south": {
                "uv": [13, 1, 14, 2],
                "texture": "#0"
            },
            "west": {
                "uv": [13, 1, 14, 2],
                "texture": "#0"
            },
            "up": {
                "uv": [13, 1, 14, 2],
                "texture": "#0"
            },
            "down": {
                "uv": [13, 1, 14, 2],
                "texture": "#0"
            }
        }
    }, {
        "from": [4.25, 10.80189, 5.52369],
        "to": [11.75, 14.80189, 6.52369],
        "rotation": {
            "angle": -22.5,
            "axis": "x",
            "origin": [8, 11.86891, 8]
        },
        "faces": {
            "north": {
                "uv": [4, 1, 5, 2],
                "texture": "#0"
            },
            "east": {
                "uv": [4, 1, 5, 2],
                "texture": "#0"
            },
            "south": {
                "uv": [4, 1, 5, 2],
                "texture": "#0"
            },
            "west": {
                "uv": [4, 1, 5, 2],
                "texture": "#0"
            },
            "up": {
                "uv": [4, 1, 5, 2],
                "texture": "#0"
            },
            "down": {
                "uv": [4, 1, 5, 2],
                "texture": "#0"
            }
        }
    }, {
        "from": [3.75, 10.26795, 3.79238],
        "to": [12.25, 11.26795, 7.79238],
        "rotation": {
            "angle": 22.5,
            "axis": "x",
            "origin": [8, 11.86891, 8]
        },
        "faces": {
            "north": {
                "uv": [10, 1, 11, 2],
                "texture": "#0"
            },
            "east": {
                "uv": [10, 1, 11, 2],
                "texture": "#0"
            },
            "south": {
                "uv": [10, 1, 11, 2],
                "texture": "#0"
            },
            "west": {
                "uv": [10, 1, 11, 2],
                "texture": "#0"
            },
            "up": {
                "uv": [10, 1, 11, 2],
                "texture": "#0"
            },
            "down": {
                "uv": [10, 1, 11, 2],
                "texture": "#0"
            }
        }
    }, {
        "from": [4, 9.7035, 4.34264],
        "to": [12, 10.7035, 8.34264],
        "rotation": {
            "angle": 45,
            "axis": "x",
            "origin": [8, 11.86891, 8]
        },
        "faces": {
            "north": {
                "uv": [7, 1, 8, 2],
                "texture": "#0"
            },
            "east": {
                "uv": [7, 1, 8, 2],
                "texture": "#0"
            },
            "south": {
                "uv": [7, 1, 8, 2],
                "texture": "#0"
            },
            "west": {
                "uv": [7, 1, 8, 2],
                "texture": "#0"
            },
            "up": {
                "uv": [7, 1, 8, 2],
                "texture": "#0"
            },
            "down": {
                "uv": [7, 1, 8, 2],
                "texture": "#0"
            }
        }
    }, {
        "from": [4.5, 10.01367, 5.51367],
        "to": [11.5, 14.01367, 10.48633],
        "rotation": {
            "angle": 0,
            "axis": "z",
            "origin": [8, 11.86891, 8]
        },
        "faces": {
            "north": {
                "uv": [1, 1, 2, 2],
                "texture": "#0"
            },
            "east": {
                "uv": [1, 1, 2, 2],
                "texture": "#0"
            },
            "south": {
                "uv": [1, 1, 2, 2],
                "texture": "#0"
            },
            "west": {
                "uv": [1, 1, 2, 2],
                "texture": "#0"
            },
            "up": {
                "uv": [1, 1, 2, 2],
                "texture": "#0"
            },
            "down": {
                "uv": [1, 1, 2, 2],
                "texture": "#0"
            }
        }
    }, {
        "from": [3.62406, 9.20178, -0.1],
        "to": [4.57855, 9.62678, 3.5],
        "rotation": {
            "angle": -45,
            "axis": "z",
            "origin": [3.85355, 9.67678, -1]
        },
        "faces": {
            "north": {
                "uv": [4, 4, 5, 5],
                "texture": "#0"
            },
            "east": {
                "uv": [4, 4, 5, 5],
                "texture": "#0"
            },
            "south": {
                "uv": [4, 4, 5, 5],
                "texture": "#0"
            },
            "west": {
                "uv": [4, 4, 5, 5],
                "texture": "#0"
            },
            "up": {
                "uv": [4, 4, 5, 5],
                "texture": "#0"
            },
            "down": {
                "uv": [4, 4, 5, 5],
                "texture": "#0"
            }
        }
    }, {
        "from": [3.62406, 9.62678, -0.1],
        "to": [4.57855, 10.54094, 0.325],
        "rotation": {
            "angle": -45,
            "axis": "z",
            "origin": [3.85355, 9.67678, -1]
        },
        "faces": {
            "north": {
                "uv": [4, 4, 5, 5],
                "texture": "#0"
            },
            "east": {
                "uv": [4, 4, 5, 5],
                "texture": "#0"
            },
            "south": {
                "uv": [4, 4, 5, 5],
                "texture": "#0"
            },
            "west": {
                "uv": [4, 4, 5, 5],
                "texture": "#0"
            },
            "up": {
                "uv": [4, 4, 5, 5],
                "texture": "#0"
            },
            "down": {
                "uv": [4, 4, 5, 5],
                "texture": "#0"
            }
        }
    }, {
        "from": [4.35317, 9.6869, -0.1],
        "to": [5.34144, 10.62929, 0.325],
        "rotation": {
            "angle": 22.5,
            "axis": "z",
            "origin": [4.77817, 10.4119, -1]
        },
        "faces": {
            "north": {
                "uv": [4, 4, 5, 5],
                "texture": "#0"
            },
            "east": {
                "uv": [4, 4, 5, 5],
                "texture": "#0"
            },
            "south": {
                "uv": [4, 4, 5, 5],
                "texture": "#0"
            },
            "west": {
                "uv": [4, 4, 5, 5],
                "texture": "#0"
            },
            "up": {
                "uv": [4, 4, 5, 5],
                "texture": "#0"
            },
            "down": {
                "uv": [4, 4, 5, 5],
                "texture": "#0"
            }
        }
    }, {
        "from": [11.42145, 9.20178, -0.1],
        "to": [12.37594, 9.62678, 3.5],
        "rotation": {
            "angle": 45,
            "axis": "z",
            "origin": [12.14645, 9.67678, -1]
        },
        "faces": {
            "north": {
                "uv": [4, 4, 5, 5],
                "texture": "#0"
            },
            "east": {
                "uv": [4, 4, 5, 5],
                "texture": "#0"
            },
            "south": {
                "uv": [4, 4, 5, 5],
                "texture": "#0"
            },
            "west": {
                "uv": [4, 4, 5, 5],
                "texture": "#0"
            },
            "up": {
                "uv": [4, 4, 5, 5],
                "texture": "#0"
            },
            "down": {
                "uv": [4, 4, 5, 5],
                "texture": "#0"
            }
        }
    }, {
        "from": [11.42145, 9.62678, -0.1],
        "to": [12.37594, 10.54094, 0.325],
        "rotation": {
            "angle": 45,
            "axis": "z",
            "origin": [12.14645, 9.67678, -1]
        },
        "faces": {
            "north": {
                "uv": [4, 4, 5, 5],
                "texture": "#0"
            },
            "east": {
                "uv": [4, 4, 5, 5],
                "texture": "#0"
            },
            "south": {
                "uv": [4, 4, 5, 5],
                "texture": "#0"
            },
            "west": {
                "uv": [4, 4, 5, 5],
                "texture": "#0"
            },
            "up": {
                "uv": [4, 4, 5, 5],
                "texture": "#0"
            },
            "down": {
                "uv": [4, 4, 5, 5],
                "texture": "#0"
            }
        }
    }, {
        "from": [10.65856, 9.6869, -0.1],
        "to": [11.64683, 10.62929, 0.325],
        "rotation": {
            "angle": -22.5,
            "axis": "z",
            "origin": [11.22183, 10.4119, -1]
        },
        "faces": {
            "north": {
                "uv": [4, 4, 5, 5],
                "texture": "#0"
            },
            "east": {
                "uv": [4, 4, 5, 5],
                "texture": "#0"
            },
            "south": {
                "uv": [4, 4, 5, 5],
                "texture": "#0"
            },
            "west": {
                "uv": [4, 4, 5, 5],
                "texture": "#0"
            },
            "up": {
                "uv": [4, 4, 5, 5],
                "texture": "#0"
            },
            "down": {
                "uv": [4, 4, 5, 5],
                "texture": "#0"
            }
        }
    }, {
        "from": [5.21538, 9.8783, -0.1],
        "to": [10.78462, 10.8283, 0.325],
        "rotation": {
            "angle": 0,
            "axis": "z",
            "origin": [5.59038, 10.6033, -1]
        },
        "faces": {
            "north": {
                "uv": [4, 4, 5, 5],
                "texture": "#0"
            },
            "east": {
                "uv": [4, 4, 5, 5],
                "texture": "#0"
            },
            "south": {
                "uv": [4, 4, 5, 5],
                "texture": "#0"
            },
            "west": {
                "uv": [4, 4, 5, 5],
                "texture": "#0"
            },
            "up": {
                "uv": [4, 4, 5, 5],
                "texture": "#0"
            },
            "down": {
                "uv": [4, 4, 5, 5],
                "texture": "#0"
            }
        }
    }]
}