{
    "display": {
        "thirdperson_righthand": {
            "translation": [0, 2, 0],
            "scale": [0.4, 0.4, 0.4]
        },
        "thirdperson_lefthand": {
            "translation": [0, 2, 0],
            "scale": [0.4, 0.4, 0.4]
        },
        "firstperson_righthand": {
            "scale": [0.5, 0.5, 0.5]
        },
        "firstperson_lefthand": {
            "scale": [0.5, 0.5, 0.5]
        },
        "ground": {
            "translation": [0, 4.5, 0]
        },
        "gui": {
            "rotation": [15, -157, 0],
            "translation": [0, -0.5, 0],
            "scale": [0.6, 0.6, 0.6]
        },
        "head": {
            "scale": [0.95, 0.95, 0.95]
        },
        "fixed": {
            "translation": [0, 0, -1.5],
            "scale": [0.7, 0.7, 0.7]
        }
    },
    "texture_size": [128, 128],
    "textures": {
        "0": "item/hats/pumpkin_hat"
    },
    "elements": [{
        "from": [0, 4, 10],
        "to": [16, 10, 16],
        "rotation": {
            "angle": 0,
            "axis": "y",
            "origin": [8, 0, 8]
        },
        "faces": {
            "north": {
                "uv": [4.75, 6, 6.75, 6.75],
                "texture": "#0"
            },
            "east": {
                "uv": [4, 6, 4.75, 6.75],
                "texture": "#0"
            },
            "south": {
                "uv": [7.5, 6, 9.5, 6.75],
                "texture": "#0"
            },
            "west": {
                "uv": [6.75, 6, 7.5, 6.75],
                "texture": "#0"
            },
            "up": {
                "uv": [6.75, 6, 4.75, 5.25],
                "texture": "#0"
            },
            "down": {
                "uv": [8.75, 5.25, 6.75, 6],
                "texture": "#0"
            }
        }
    }, {
        "from": [-0.03, 9.99, -0.03],
        "to": [16.01, 16.03, 16.01],
        "rotation": {
            "angle": 0,
            "axis": "y",
            "origin": [7.99, 13.61, 7.69]
        },
        "faces": {
            "north": {
                "uv": [2, 2, 4, 2.75],
                "texture": "#0"
            },
            "east": {
                "uv": [0, 2, 2, 2.75],
                "texture": "#0"
            },
            "south": {
                "uv": [6, 2, 8, 2.75],
                "texture": "#0"
            },
            "west": {
                "uv": [4, 2, 6, 2.75],
                "texture": "#0"
            },
            "up": {
                "uv": [4, 2, 2, 0],
                "texture": "#0"
            },
            "down": {
                "uv": [6, 0, 4, 2],
                "texture": "#0"
            }
        }
    }, {
        "from": [1.99, 13.0136, -1.45283],
        "to": [7.01, 15.0336, 0.56717],
        "rotation": {
            "angle": -22.5,
            "axis": "z",
            "origin": [4.5, 14.0236, -0.44283]
        },
        "faces": {
            "north": {
                "uv": [0.25, 0.75, 0.875, 1],
                "texture": "#0"
            },
            "east": {
                "uv": [0, 0.75, 0.25, 1],
                "texture": "#0"
            },
            "south": {
                "uv": [1.125, 0.75, 1.75, 1],
                "texture": "#0"
            },
            "west": {
                "uv": [0.875, 0.75, 1.125, 1],
                "texture": "#0"
            },
            "up": {
                "uv": [0.875, 0.75, 0.25, 0.5],
                "texture": "#0"
            },
            "down": {
                "uv": [1.5, 0.5, 0.875, 0.75],
                "texture": "#0"
            }
        }
    }, {
        "from": [7.02073, 15.70912, 7.67217],
        "to": [9.04073, 20.72912, 9.69217],
        "rotation": {
            "angle": 22.5,
            "axis": "x",
            "origin": [8.03073, 17.71912, 7.95717]
        },
        "faces": {
            "north": {
                "uv": [8.125, 0.125, 8.375, 0.75],
                "texture": "#0"
            },
            "east": {
                "uv": [8.375, 0.125, 8.125, 0.75],
                "texture": "#0"
            },
            "south": {
                "uv": [8.125, 0.125, 8.375, 0.75],
                "texture": "#0"
            },
            "west": {
                "uv": [8.375, 0.125, 8.125, 0.75],
                "texture": "#0"
            },
            "up": {
                "uv": [8.375, 1, 8.125, 0.75],
                "texture": "#0"
            },
            "down": {
                "uv": [0.75, 0.5, 0.5, 0.75],
                "texture": "#0"
            }
        }
    }, {
        "from": [8.99, 13.0136, -1.45283],
        "to": [14.01, 15.0336, 0.56717],
        "shade": false,
        "rotation": {
            "angle": 22.5,
            "axis": "z",
            "origin": [11.5, 14.0236, -0.44283]
        },
        "faces": {
            "north": {
                "uv": [0.875, 0.75, 0.25, 1],
                "texture": "#0"
            },
            "east": {
                "uv": [1.125, 0.75, 0.875, 1],
                "texture": "#0"
            },
            "south": {
                "uv": [1.75, 0.75, 1.125, 1],
                "texture": "#0"
            },
            "west": {
                "uv": [0.25, 0.75, 0, 1],
                "texture": "#0"
            },
            "up": {
                "uv": [0.25, 0.75, 0.875, 0.5],
                "texture": "#0"
            },
            "down": {
                "uv": [0.875, 0.5, 1.5, 0.75],
                "texture": "#0"
            }
        }
    }, {
        "from": [0, 0, 0],
        "to": [16, 4, 16],
        "rotation": {
            "angle": 0,
            "axis": "y",
            "origin": [8, 0, 8]
        },
        "faces": {
            "north": {
                "uv": [2, 4.75, 4, 5.25],
                "texture": "#0"
            },
            "east": {
                "uv": [0, 4.75, 2, 5.25],
                "texture": "#0"
            },
            "south": {
                "uv": [6, 4.75, 8, 5.25],
                "texture": "#0"
            },
            "west": {
                "uv": [4, 4.75, 6, 5.25],
                "texture": "#0"
            },
            "up": {
                "uv": [4, 4.75, 2, 2.75],
                "texture": "#0"
            },
            "down": {
                "uv": [6, 2.75, 4, 4.75],
                "texture": "#0"
            }
        }
    }, {
        "from": [0, 4, 0],
        "to": [0, 11, 10],
        "rotation": {
            "angle": 0,
            "axis": "y",
            "origin": [8, 0, 8]
        },
        "faces": {
            "north": {
                "uv": [7.25, 3.625, 7.25, 4.5],
                "texture": "#0"
            },
            "east": {
                "uv": [6, 3.625, 7.25, 4.5],
                "texture": "#0"
            },
            "south": {
                "uv": [8.5, 3.625, 8.5, 4.5],
                "texture": "#0"
            },
            "west": {
                "uv": [7.25, 3.625, 8.5, 4.5],
                "texture": "#0"
            },
            "up": {
                "uv": [7.25, 3.625, 7.25, 2.375],
                "texture": "#0"
            },
            "down": {
                "uv": [7.25, 2.375, 7.25, 3.625],
                "texture": "#0"
            }
        }
    }, {
        "from": [16, 4, 0],
        "to": [16, 11, 10],
        "rotation": {
            "angle": 0,
            "axis": "y",
            "origin": [16, 8.5, 3]
        },
        "faces": {
            "north": {
                "uv": [7.25, 2.75, 7.25, 3.625],
                "texture": "#0"
            },
            "east": {
                "uv": [6, 2.75, 7.25, 3.625],
                "texture": "#0"
            },
            "south": {
                "uv": [8.5, 2.75, 8.5, 3.625],
                "texture": "#0"
            },
            "west": {
                "uv": [7.25, 2.75, 8.5, 3.625],
                "texture": "#0"
            },
            "up": {
                "uv": [7.25, 2.75, 7.25, 1.5],
                "texture": "#0"
            },
            "down": {
                "uv": [7.25, 1.5, 7.25, 2.75],
                "texture": "#0"
            }
        }
    }, {
        "from": [0, 4, 0],
        "to": [16, 11, 0],
        "rotation": {
            "angle": 0,
            "axis": "y",
            "origin": [8, 0, 8]
        },
        "faces": {
            "north": {
                "uv": [6, 0, 8, 0.875],
                "texture": "#0"
            },
            "east": {
                "uv": [6, 0, 6, 0.875],
                "texture": "#0"
            },
            "south": {
                "uv": [8.125, 1, 10.125, 1.875],
                "texture": "#0"
            },
            "west": {
                "uv": [8, 0, 8, 0.875],
                "texture": "#0"
            },
            "up": {
                "uv": [8, 0, 6, 0],
                "texture": "#0"
            },
            "down": {
                "uv": [10, 0, 8, 0],
                "texture": "#0"
            }
        }
    }]
}