{
    "display": {
        "thirdperson_righthand": {
            "translation": [0, 1, -1.5],
            "scale": [0.75, 0.75, 0.75]
        },
        "thirdperson_lefthand": {
            "translation": [0, 1.75, 0],
            "scale": [0.75, 0.75, 0.75]
        },
        "firstperson_righthand": {
            "translation": [1.75, 2, 0],
            "scale": [0.75, 0.75, 0.75]
        },
        "firstperson_lefthand": {
            "translation": [1.5, 2.75, 0],
            "scale": [0.75, 0.75, 0.75]
        },
        "ground": {
            "translation": [0, 0.5, 0],
            "scale": [0.5, 0.5, 0.5]
        },
        "gui": {
            "rotation": [25, -150, 0],
            "translation": [-0.5, 2, 0]
        },
        "head": {
            "translation": [0, 6.5, 0],
            "scale": [1.62, 1.62, 1.62]
        }
    },
    "texture_size": [64, 64],
    "textures": {
        "0": "item/hats/samurai_helmet",
        "particle": "item/hats/samurai_helmet"
    },
    "elements": [{
        "from": [3.5, 6, 3],
        "to": [12.5, 10, 12],
        "rotation": {
            "angle": 0,
            "axis": "y",
            "origin": [-0.5, 0, 0]
        },
        "faces": {
            "north": {
                "uv": [9.25, 2.25, 11.5, 3.25],
                "texture": "#0"
            },
            "east": {
                "uv": [7, 2.25, 9.25, 3.25],
                "texture": "#0"
            },
            "south": {
                "uv": [13.75, 2.25, 16, 3.25],
                "texture": "#0"
            },
            "west": {
                "uv": [11.5, 2.25, 13.75, 3.25],
                "texture": "#0"
            },
            "up": {
                "uv": [11.5, 2.25, 9.25, 0],
                "texture": "#0"
            },
            "down": {
                "uv": [13.75, 0, 11.5, 2.25],
                "texture": "#0"
            }
        }
    }, {
        "from": [3.51, 1.31, 10.385],
        "to": [12.49, 6.29, 11.365],
        "rotation": {
            "angle": -22.5,
            "axis": "x",
            "origin": [8, 7.5, 11.5]
        },
        "faces": {
            "north": {
                "uv": [11.25, 7, 13.5, 8.25],
                "texture": "#0"
            },
            "east": {
                "uv": [11, 7, 11.25, 8.25],
                "texture": "#0"
            },
            "south": {
                "uv": [13.75, 7, 16, 8.25],
                "texture": "#0"
            },
            "west": {
                "uv": [13.5, 7, 13.75, 8.25],
                "texture": "#0"
            },
            "up": {
                "uv": [13.5, 7, 11.25, 6.75],
                "texture": "#0"
            },
            "down": {
                "uv": [15.75, 6.75, 13.5, 7],
                "texture": "#0"
            }
        }
    }, {
        "from": [4.66, -1.29, 3.01],
        "to": [5.64, 3.69, 11.99],
        "shade": false,
        "rotation": {
            "angle": -22.5,
            "axis": "z",
            "origin": [11, 7.5, 7.5]
        },
        "faces": {
            "north": {
                "uv": [2.5, 11.75, 2.25, 13],
                "texture": "#0"
            },
            "east": {
                "uv": [4.75, 11.75, 2.5, 13],
                "texture": "#0"
            },
            "south": {
                "uv": [5, 11.75, 4.75, 13],
                "texture": "#0"
            },
            "west": {
                "uv": [2.25, 11.75, 0, 13],
                "texture": "#0"
            },
            "up": {
                "uv": [2.25, 11.75, 2.5, 9.5],
                "texture": "#0"
            },
            "down": {
                "uv": [2.5, 9.5, 2.75, 11.75],
                "texture": "#0"
            }
        }
    }, {
        "from": [3.66, 0.71, 2.01],
        "to": [5.64, 3.69, 2.99],
        "shade": false,
        "rotation": {
            "angle": -22.5,
            "axis": "z",
            "origin": [11, 7.5, 7.5]
        },
        "faces": {
            "north": {
                "uv": [0.75, 6.5, 0.25, 7.25],
                "texture": "#0"
            },
            "east": {
                "uv": [1, 6.5, 0.75, 7.25],
                "texture": "#0"
            },
            "south": {
                "uv": [1.5, 6.5, 1, 7.25],
                "texture": "#0"
            },
            "west": {
                "uv": [0.25, 6.5, 0, 7.25],
                "texture": "#0"
            },
            "up": {
                "uv": [0.25, 6.5, 0.75, 6.25],
                "texture": "#0"
            },
            "down": {
                "uv": [0.75, 6.25, 1.25, 6.5],
                "texture": "#0"
            }
        }
    }, {
        "from": [10.36, 0.71, 2.01],
        "to": [12.34, 3.69, 2.99],
        "rotation": {
            "angle": 22.5,
            "axis": "z",
            "origin": [5, 7.5, 7.5]
        },
        "faces": {
            "north": {
                "uv": [0.25, 6.5, 0.75, 7.25],
                "texture": "#0"
            },
            "east": {
                "uv": [0, 6.5, 0.25, 7.25],
                "texture": "#0"
            },
            "south": {
                "uv": [1, 6.5, 1.5, 7.25],
                "texture": "#0"
            },
            "west": {
                "uv": [0.75, 6.5, 1, 7.25],
                "texture": "#0"
            },
            "up": {
                "uv": [0.75, 6.5, 0.25, 6.25],
                "texture": "#0"
            },
            "down": {
                "uv": [1.25, 6.25, 0.75, 6.5],
                "texture": "#0"
            }
        }
    }, {
        "from": [10.36, -1.29, 3.01],
        "to": [11.34, 3.69, 11.99],
        "rotation": {
            "angle": 22.5,
            "axis": "z",
            "origin": [5, 7.5, 7.5]
        },
        "faces": {
            "north": {
                "uv": [2.25, 11.75, 2.5, 13],
                "texture": "#0"
            },
            "east": {
                "uv": [0, 11.75, 2.25, 13],
                "texture": "#0"
            },
            "south": {
                "uv": [4.75, 11.75, 5, 13],
                "texture": "#0"
            },
            "west": {
                "uv": [2.5, 11.75, 4.75, 13],
                "texture": "#0"
            },
            "up": {
                "uv": [2.5, 11.75, 2.25, 9.5],
                "texture": "#0"
            },
            "down": {
                "uv": [2.75, 9.5, 2.5, 11.75],
                "texture": "#0"
            }
        }
    }, {
        "from": [4.66, -1.29, 3.01],
        "to": [5.64, 3.69, 11.99],
        "shade": false,
        "rotation": {
            "angle": -22.5,
            "axis": "z",
            "origin": [11, 7.5, 7.5]
        },
        "faces": {
            "north": {
                "uv": [2.5, 11.75, 2.25, 13],
                "texture": "#0"
            },
            "east": {
                "uv": [4.75, 11.75, 2.5, 13],
                "texture": "#0"
            },
            "south": {
                "uv": [5, 11.75, 4.75, 13],
                "texture": "#0"
            },
            "west": {
                "uv": [2.25, 11.75, 0, 13],
                "texture": "#0"
            },
            "up": {
                "uv": [2.25, 11.75, 2.5, 9.5],
                "texture": "#0"
            },
            "down": {
                "uv": [2.5, 9.5, 2.75, 11.75],
                "texture": "#0"
            }
        }
    }, {
        "from": [4.66, -1.29, 3.01],
        "to": [5.64, 3.69, 11.99],
        "shade": false,
        "rotation": {
            "angle": -22.5,
            "axis": "z",
            "origin": [11, 7.5, 7.5]
        },
        "faces": {
            "north": {
                "uv": [2.5, 11.75, 2.25, 13],
                "texture": "#0"
            },
            "east": {
                "uv": [4.75, 11.75, 2.5, 13],
                "texture": "#0"
            },
            "south": {
                "uv": [5, 11.75, 4.75, 13],
                "texture": "#0"
            },
            "west": {
                "uv": [2.25, 11.75, 0, 13],
                "texture": "#0"
            },
            "up": {
                "uv": [2.25, 11.75, 2.5, 9.5],
                "texture": "#0"
            },
            "down": {
                "uv": [2.5, 9.5, 2.75, 11.75],
                "texture": "#0"
            }
        }
    }, {
        "from": [7, 7, 1.6],
        "to": [9, 9, 2.6],
        "rotation": {
            "angle": 0,
            "axis": "y",
            "origin": [-0.5, 0, 0]
        },
        "faces": {
            "north": {
                "uv": [6.75, 15.5, 7.25, 16],
                "texture": "#0"
            },
            "east": {
                "uv": [6.5, 15.5, 6.75, 16],
                "texture": "#0"
            },
            "south": {
                "uv": [7.5, 15.5, 8, 16],
                "texture": "#0"
            },
            "west": {
                "uv": [7.25, 15.5, 7.5, 16],
                "texture": "#0"
            },
            "up": {
                "uv": [7.25, 15.5, 6.75, 15.25],
                "texture": "#0"
            },
            "down": {
                "uv": [7.75, 15.25, 7.25, 15.5],
                "texture": "#0"
            }
        }
    }, {
        "from": [5.5, 7.5, 2],
        "to": [10.5, 8.5, 3],
        "rotation": {
            "angle": 0,
            "axis": "y",
            "origin": [-0.5, 0, 0]
        },
        "faces": {
            "north": {
                "uv": [6, 8.25, 7.25, 8.5],
                "texture": "#0"
            },
            "east": {
                "uv": [5.75, 8.25, 6, 8.5],
                "texture": "#0"
            },
            "south": {
                "uv": [7.5, 8.25, 8.75, 8.5],
                "texture": "#0"
            },
            "west": {
                "uv": [7.25, 8.25, 7.5, 8.5],
                "texture": "#0"
            },
            "up": {
                "uv": [7.25, 8.25, 6, 8],
                "texture": "#0"
            },
            "down": {
                "uv": [8.5, 8, 7.25, 8.25],
                "texture": "#0"
            }
        }
    }, {
        "from": [5, 8.5, 2],
        "to": [7, 11.5, 3],
        "rotation": {
            "angle": 0,
            "axis": "y",
            "origin": [-0.5, 0, 0]
        },
        "faces": {
            "north": {
                "uv": [4.75, 1.5, 5.25, 2.25],
                "texture": "#0"
            },
            "east": {
                "uv": [4.5, 1.5, 4.75, 2.25],
                "texture": "#0"
            },
            "south": {
                "uv": [5.5, 1.5, 6, 2.25],
                "texture": "#0"
            },
            "west": {
                "uv": [5.25, 1.5, 5.5, 2.25],
                "texture": "#0"
            },
            "up": {
                "uv": [5.25, 1.5, 4.75, 1.25],
                "texture": "#0"
            },
            "down": {
                "uv": [5.75, 1.25, 5.25, 1.5],
                "texture": "#0"
            }
        }
    }, {
        "from": [4, 11.5, 2],
        "to": [7, 12.5, 3],
        "rotation": {
            "angle": 0,
            "axis": "y",
            "origin": [-0.5, 0, 0]
        },
        "faces": {
            "north": {
                "uv": [6, 6.75, 6.75, 7],
                "texture": "#0"
            },
            "east": {
                "uv": [5.75, 6.75, 6, 7],
                "texture": "#0"
            },
            "south": {
                "uv": [7, 6.75, 7.75, 7],
                "texture": "#0"
            },
            "west": {
                "uv": [6.75, 6.75, 7, 7],
                "texture": "#0"
            },
            "up": {
                "uv": [6.75, 6.75, 6, 6.5],
                "texture": "#0"
            },
            "down": {
                "uv": [7.5, 6.5, 6.75, 6.75],
                "texture": "#0"
            }
        }
    }, {
        "from": [9, 8.5, 2],
        "to": [11, 11.5, 3],
        "shade": false,
        "rotation": {
            "angle": 0,
            "axis": "y",
            "origin": [15.5, 0, 0]
        },
        "faces": {
            "north": {
                "uv": [5.25, 1.5, 4.75, 2.25],
                "texture": "#0"
            },
            "east": {
                "uv": [5.5, 1.5, 5.25, 2.25],
                "texture": "#0"
            },
            "south": {
                "uv": [6, 1.5, 5.5, 2.25],
                "texture": "#0"
            },
            "west": {
                "uv": [4.75, 1.5, 4.5, 2.25],
                "texture": "#0"
            },
            "up": {
                "uv": [4.75, 1.5, 5.25, 1.25],
                "texture": "#0"
            },
            "down": {
                "uv": [5.25, 1.25, 5.75, 1.5],
                "texture": "#0"
            }
        }
    }, {
        "from": [9, 11.5, 2],
        "to": [12, 12.5, 3],
        "shade": false,
        "rotation": {
            "angle": 0,
            "axis": "y",
            "origin": [15.5, 0, 0]
        },
        "faces": {
            "north": {
                "uv": [6.75, 6.75, 6, 7],
                "texture": "#0"
            },
            "east": {
                "uv": [7, 6.75, 6.75, 7],
                "texture": "#0"
            },
            "south": {
                "uv": [7.75, 6.75, 7, 7],
                "texture": "#0"
            },
            "west": {
                "uv": [6, 6.75, 5.75, 7],
                "texture": "#0"
            },
            "up": {
                "uv": [6, 6.75, 6.75, 6.5],
                "texture": "#0"
            },
            "down": {
                "uv": [6.75, 6.5, 7.5, 6.75],
                "texture": "#0"
            }
        }
    }, {
        "from": [4.5, 6, 1],
        "to": [11.5, 7, 3],
        "rotation": {
            "angle": 0,
            "axis": "y",
            "origin": [-0.5, 0, 0]
        },
        "faces": {
            "north": {
                "uv": [0.5, 3.75, 2.25, 4],
                "texture": "#0"
            },
            "east": {
                "uv": [0, 3.75, 0.5, 4],
                "texture": "#0"
            },
            "south": {
                "uv": [2.75, 3.75, 4.5, 4],
                "texture": "#0"
            },
            "west": {
                "uv": [2.25, 3.75, 2.75, 4],
                "texture": "#0"
            },
            "up": {
                "uv": [2.25, 3.75, 0.5, 3.25],
                "texture": "#0"
            },
            "down": {
                "uv": [4, 3.25, 2.25, 3.75],
                "texture": "#0"
            }
        }
    }]
}