{
	"credit": "Made with Blockbench",
	"texture_size": [64, 64],
	"textures": {
		"0": "item/hats/tiki_mask_hat",
		"particle": "item/hats/tiki_mask_hat"
	},
	"elements": [
		{
			"from": [3, -1, 2],
			"to": [13, 11, 4],
			"rotation": {"angle": 0, "axis": "y", "origin": [4, -2, 3]},
			"faces": {
				"north": {"uv": [0.5, 6.5, 3, 9.5], "texture": "#0"},
				"east": {"uv": [0, 6.5, 0.5, 9.5], "texture": "#0"},
				"south": {"uv": [3.5, 6.5, 6, 9.5], "texture": "#0"},
				"west": {"uv": [3, 6.5, 3.5, 9.5], "texture": "#0"},
				"up": {"uv": [3, 6.5, 0.5, 6], "texture": "#0"},
				"down": {"uv": [5.5, 6, 3, 6.5], "texture": "#0"}
			}
		},
		{
			"from": [4, -2, 1],
			"to": [12, 2, 3],
			"rotation": {"angle": 0, "axis": "y", "origin": [4, -3, 2]},
			"faces": {
				"north": {"uv": [6.5, 7.5, 8.5, 8.5], "texture": "#0"},
				"east": {"uv": [6, 7.5, 6.5, 8.5], "texture": "#0"},
				"south": {"uv": [9, 7.5, 11, 8.5], "texture": "#0"},
				"west": {"uv": [8.5, 7.5, 9, 8.5], "texture": "#0"},
				"up": {"uv": [8.5, 7.5, 6.5, 7], "texture": "#0"},
				"down": {"uv": [10.5, 7, 8.5, 7.5], "texture": "#0"}
			}
		},
		{
			"from": [6, 9, 1],
			"to": [10, 13, 3],
			"rotation": {"angle": 45, "axis": "z", "origin": [8, 11, 2]},
			"faces": {
				"north": {"uv": [6, 9.5, 7, 10.5], "texture": "#0"},
				"east": {"uv": [5.5, 9.5, 6, 10.5], "texture": "#0"},
				"south": {"uv": [7.5, 9.5, 8.5, 10.5], "texture": "#0"},
				"west": {"uv": [7, 9.5, 7.5, 10.5], "texture": "#0"},
				"up": {"uv": [7, 9.5, 6, 9], "texture": "#0"},
				"down": {"uv": [8, 9, 7, 9.5], "texture": "#0"}
			}
		},
		{
			"from": [4, 3, 1],
			"to": [7, 6, 2],
			"rotation": {"angle": 0, "axis": "y", "origin": [0, 2, 2]},
			"faces": {
				"north": {"uv": [0.25, 10.75, 1, 11.5], "texture": "#0"},
				"east": {"uv": [0, 10.75, 0.25, 11.5], "texture": "#0"},
				"south": {"uv": [1.25, 10.75, 2, 11.5], "texture": "#0"},
				"west": {"uv": [1, 10.75, 1.25, 11.5], "texture": "#0"},
				"up": {"uv": [1, 10.75, 0.25, 10.5], "texture": "#0"},
				"down": {"uv": [1.75, 10.5, 1, 10.75], "texture": "#0"}
			}
		},
		{
			"from": [9, 3, 1],
			"to": [12, 6, 2],
			"rotation": {"angle": 0, "axis": "y", "origin": [5, 2, 2]},
			"faces": {
				"north": {"uv": [8.75, 10.25, 9.5, 11], "texture": "#0"},
				"east": {"uv": [8.5, 10.25, 8.75, 11], "texture": "#0"},
				"south": {"uv": [9.75, 10.25, 10.5, 11], "texture": "#0"},
				"west": {"uv": [9.5, 10.25, 9.75, 11], "texture": "#0"},
				"up": {"uv": [9.5, 10.25, 8.75, 10], "texture": "#0"},
				"down": {"uv": [10.25, 10, 9.5, 10.25], "texture": "#0"}
			}
		},
		{
			"from": [8.5, 5.25, 0],
			"to": [12.5, 7.25, 2],
			"rotation": {"angle": 22.5, "axis": "z", "origin": [10, 6.25, 1]},
			"faces": {
				"north": {"uv": [0.5, 10, 1.5, 10.5], "texture": "#0"},
				"east": {"uv": [0, 10, 0.5, 10.5], "texture": "#0"},
				"south": {"uv": [2, 10, 3, 10.5], "texture": "#0"},
				"west": {"uv": [1.5, 10, 2, 10.5], "texture": "#0"},
				"up": {"uv": [1.5, 10, 0.5, 9.5], "texture": "#0"},
				"down": {"uv": [2.5, 9.5, 1.5, 10], "texture": "#0"}
			}
		},
		{
			"from": [3.5, 5.25, 0],
			"to": [7.5, 7.25, 2],
			"rotation": {"angle": -22.5, "axis": "z", "origin": [6, 6.25, 1]},
			"faces": {
				"north": {"uv": [9, 9.5, 10, 10], "texture": "#0"},
				"east": {"uv": [8.5, 9.5, 9, 10], "texture": "#0"},
				"south": {"uv": [10.5, 9.5, 11.5, 10], "texture": "#0"},
				"west": {"uv": [10, 9.5, 10.5, 10], "texture": "#0"},
				"up": {"uv": [10, 9.5, 9, 9], "texture": "#0"},
				"down": {"uv": [11, 9, 10, 9.5], "texture": "#0"}
			}
		},
		{
			"from": [7, -4.50314, 1.4979],
			"to": [9, -1.50314, 3.4979],
			"rotation": {"angle": -22.5, "axis": "x", "origin": [8, -3.00314, 2.4979]},
			"faces": {
				"north": {"uv": [3.5, 10, 4, 10.75], "texture": "#0"},
				"east": {"uv": [3, 10, 3.5, 10.75], "texture": "#0"},
				"south": {"uv": [4.5, 10, 5, 10.75], "texture": "#0"},
				"west": {"uv": [4, 10, 4.5, 10.75], "texture": "#0"},
				"up": {"uv": [4, 10, 3.5, 9.5], "texture": "#0"},
				"down": {"uv": [4.5, 9.5, 4, 10], "texture": "#0"}
			}
		},
		{
			"from": [-4, -6, 3],
			"to": [20, 18, 3],
			"rotation": {"angle": 0, "axis": "y", "origin": [4, 3, 3]},
			"faces": {
				"north": {"uv": [0, 0, 6, 6], "texture": "#0"},
				"east": {"uv": [0, 0, 0, 6], "texture": "#0"},
				"south": {"uv": [6, 0, 12, 6], "texture": "#0"},
				"west": {"uv": [6, 0, 6, 6], "texture": "#0"},
				"up": {"uv": [6, 0, 0, 0], "texture": "#0"},
				"down": {"uv": [12, 0, 6, 0], "texture": "#0"}
			}
		},
		{
			"from": [12.5, 4, 4],
			"to": [12.5, 6, 13],
			"rotation": {"angle": 0, "axis": "y", "origin": [4, -2, 5]},
			"faces": {
				"north": {"uv": [8.25, 6.5, 8.25, 7], "texture": "#0"},
				"east": {"uv": [6, 6.5, 8.25, 7], "texture": "#0"},
				"south": {"uv": [10.5, 6.5, 10.5, 7], "texture": "#0"},
				"west": {"uv": [8.25, 6.5, 10.5, 7], "texture": "#0"},
				"up": {"uv": [8.25, 6.5, 8.25, 4.25], "texture": "#0"},
				"down": {"uv": [8.25, 4.25, 8.25, 6.5], "texture": "#0"}
			}
		},
		{
			"from": [3.5, 4, 4],
			"to": [3.5, 6, 13],
			"rotation": {"angle": 0, "axis": "y", "origin": [12, -2, 5]},
			"faces": {
				"north": {"uv": [7.75, 6, 7.75, 6.5], "texture": "#0"},
				"east": {"uv": [5.5, 6, 7.75, 6.5], "texture": "#0"},
				"south": {"uv": [10, 6, 10, 6.5], "texture": "#0"},
				"west": {"uv": [7.75, 6, 10, 6.5], "texture": "#0"},
				"up": {"uv": [7.75, 6, 7.75, 3.75], "texture": "#0"},
				"down": {"uv": [7.75, 3.75, 7.75, 6], "texture": "#0"}
			}
		},
		{
			"from": [3.5, 4, 13],
			"to": [12.5, 6, 13],
			"rotation": {"angle": 0, "axis": "y", "origin": [4, -2, 5]},
			"faces": {
				"north": {"uv": [6, 8.5, 8.25, 9], "texture": "#0"},
				"east": {"uv": [6, 8.5, 6, 9], "texture": "#0"},
				"south": {"uv": [8.25, 8.5, 10.5, 9], "texture": "#0"},
				"west": {"uv": [8.25, 8.5, 8.25, 9], "texture": "#0"},
				"up": {"uv": [8.25, 8.5, 6, 8.5], "texture": "#0"},
				"down": {"uv": [10.5, 8.5, 8.25, 8.5], "texture": "#0"}
			}
		}
	],
	"gui_light": "front",
	"display": {
		"thirdperson_righthand": {
			"translation": [0, 0, -2.75],
			"scale": [0.75, 0.75, 0.75]
		},
		"thirdperson_lefthand": {
			"translation": [0, 0, -2.75],
			"scale": [0.75, 0.75, 0.75]
		},
		"firstperson_righthand": {
			"translation": [2, 0, 0],
			"scale": [0.75, 0.75, 0.75]
		},
		"firstperson_lefthand": {
			"translation": [2, 0, 0],
			"scale": [0.75, 0.75, 0.75]
		},
		"ground": {
			"translation": [0, 5, 0],
			"scale": [0.5, 0.5, 0.5]
		},
		"gui": {
			"rotation": [0, 180, 0],
			"translation": [0, 1.25, 0],
			"scale": [0.63, 0.63, 0.63]
		},
		"head": {
			"translation": [0, 6.5, 0],
			"scale": [1.63, 1.63, 1.63]
		},
		"fixed": {
			"rotation": [-45, 0, 0],
			"translation": [0, 9.25, -10.25],
			"scale": [1.6, 1.6, 1.6]
		}
	},
	"groups": [
		{
			"name": "tiki_mask",
			"origin": [4, -2, 5],
			"color": 0,
			"children": [0, 1, 2, 3, 4, 5, 6, 7, 8, 9, 10, 11]
		}
	]
}