{
    "display": {
        "thirdperson_righthand": {
            "translation": [0, 1, -1.5],
            "scale": [0.75, 0.75, 0.75]
        },
        "thirdperson_lefthand": {
            "translation": [0, 1.75, 0],
            "scale": [0.75, 0.75, 0.75]
        },
        "firstperson_righthand": {
            "translation": [1.75, 2, 0],
            "scale": [0.75, 0.75, 0.75]
        },
        "firstperson_lefthand": {
            "translation": [1.5, 2.75, 0],
            "scale": [0.75, 0.75, 0.75]
        },
        "ground": {
            "translation": [0, 0.5, 0],
            "scale": [0.5, 0.5, 0.5]
        },
        "gui": {
            "rotation": [27, -157, 0],
            "translation": [0, 1, 0],
            "scale": [1.15, 1.15, 1.15]
        },
        "head": {
            "translation": [0, 6.5, 0],
            "scale": [1.62, 1.62, 1.62]
        }
    },
    "texture_size": [64, 64],
    "textures": {
        "0": "item/hats/winter_hat",
        "particle": "item/hats/winter_hat"
    },
    "elements": [{
        "from": [4, 6, 4],
        "to": [12, 10, 12],
        "faces": {
            "north": {
                "uv": [10, 2, 12, 3],
                "texture": "#0"
            },
            "east": {
                "uv": [8, 2, 10, 3],
                "texture": "#0"
            },
            "south": {
                "uv": [14, 2, 16, 3],
                "texture": "#0"
            },
            "west": {
                "uv": [12, 2, 14, 3],
                "texture": "#0"
            },
            "up": {
                "uv": [12, 2, 10, 0],
                "texture": "#0"
            },
            "down": {
                "uv": [14, 0, 12, 2],
                "texture": "#0"
            }
        }
    }, {
        "from": [5, 10, 5],
        "to": [11, 11, 11],
        "faces": {
            "north": {
                "uv": [2.25, 1.5, 3.75, 1.75],
                "texture": "#0"
            },
            "east": {
                "uv": [0.75, 1.5, 2.25, 1.75],
                "texture": "#0"
            },
            "south": {
                "uv": [5.25, 1.5, 6.75, 1.75],
                "texture": "#0"
            },
            "west": {
                "uv": [3.75, 1.5, 5.25, 1.75],
                "texture": "#0"
            },
            "up": {
                "uv": [3.75, 1.5, 2.25, 0],
                "texture": "#0"
            },
            "down": {
                "uv": [5.25, 0, 3.75, 1.5],
                "texture": "#0"
            }
        }
    }, {
        "from": [7, 11, 7],
        "to": [9, 13, 9],
        "faces": {
            "north": {
                "uv": [0.5, 0.5, 1, 1],
                "texture": "#0"
            },
            "east": {
                "uv": [0, 0.5, 0.5, 1],
                "texture": "#0"
            },
            "south": {
                "uv": [1.5, 0.5, 2, 1],
                "texture": "#0"
            },
            "west": {
                "uv": [1, 0.5, 1.5, 1],
                "texture": "#0"
            },
            "up": {
                "uv": [1, 0.5, 0.5, 0],
                "texture": "#0"
            },
            "down": {
                "uv": [1.5, 0, 1, 0.5],
                "texture": "#0"
            }
        }
    }, {
        "from": [3, 5, 4],
        "to": [4, 8, 12],
        "faces": {
            "north": {
                "uv": [2, 5.5, 2.25, 6.25],
                "texture": "#0"
            },
            "east": {
                "uv": [0, 5.5, 2, 6.25],
                "texture": "#0"
            },
            "south": {
                "uv": [4.25, 5.5, 4.5, 6.25],
                "texture": "#0"
            },
            "west": {
                "uv": [2.25, 5.5, 4.25, 6.25],
                "texture": "#0"
            },
            "up": {
                "uv": [2.25, 5.5, 2, 3.5],
                "texture": "#0"
            },
            "down": {
                "uv": [2.5, 3.5, 2.25, 5.5],
                "texture": "#0"
            }
        }
    }, {
        "from": [2.875, 2.1, 5.4],
        "to": [3.875, 6.1, 10.4],
        "shade": false,
        "rotation": {
            "angle": -22.5,
            "axis": "z",
            "origin": [3.5, 3.5, 8.4]
        },
        "faces": {
            "north": {
                "uv": [1.5, 7.5, 1.25, 8.5],
                "texture": "#0"
            },
            "east": {
                "uv": [2.75, 7.5, 1.5, 8.5],
                "texture": "#0"
            },
            "south": {
                "uv": [3, 7.5, 2.75, 8.5],
                "texture": "#0"
            },
            "west": {
                "uv": [1.25, 7.5, 0, 8.5],
                "texture": "#0"
            },
            "up": {
                "uv": [1.25, 7.5, 1.5, 6.25],
                "texture": "#0"
            },
            "down": {
                "uv": [1.5, 6.25, 1.75, 7.5],
                "texture": "#0"
            }
        }
    }, {
        "from": [12.125, 2.1, 5.4],
        "to": [13.125, 6.1, 10.4],
        "rotation": {
            "angle": 22.5,
            "axis": "z",
            "origin": [12.5, 3.5, 8.4]
        },
        "faces": {
            "north": {
                "uv": [1.25, 7.5, 1.5, 8.5],
                "texture": "#0"
            },
            "east": {
                "uv": [0, 7.5, 1.25, 8.5],
                "texture": "#0"
            },
            "south": {
                "uv": [2.75, 7.5, 3, 8.5],
                "texture": "#0"
            },
            "west": {
                "uv": [1.5, 7.5, 2.75, 8.5],
                "texture": "#0"
            },
            "up": {
                "uv": [1.5, 7.5, 1.25, 6.25],
                "texture": "#0"
            },
            "down": {
                "uv": [1.75, 6.25, 1.5, 7.5],
                "texture": "#0"
            }
        }
    }, {
        "from": [12, 5, 4],
        "to": [13, 8, 12],
        "faces": {
            "north": {
                "uv": [2, 5.5, 2.25, 6.25],
                "texture": "#0"
            },
            "east": {
                "uv": [0, 5.5, 2, 6.25],
                "texture": "#0"
            },
            "south": {
                "uv": [4.25, 5.5, 4.5, 6.25],
                "texture": "#0"
            },
            "west": {
                "uv": [2.25, 5.5, 4.25, 6.25],
                "texture": "#0"
            },
            "up": {
                "uv": [2.25, 5.5, 2, 3.5],
                "texture": "#0"
            },
            "down": {
                "uv": [2.5, 3.5, 2.25, 5.5],
                "texture": "#0"
            }
        }
    }, {
        "from": [3.5, 5, 12],
        "to": [12.5, 8, 13],
        "faces": {
            "north": {
                "uv": [5.5, 8.5, 7.75, 9.25],
                "texture": "#0"
            },
            "east": {
                "uv": [5.25, 8.5, 5.5, 9.25],
                "texture": "#0"
            },
            "south": {
                "uv": [8, 8.5, 10.25, 9.25],
                "texture": "#0"
            },
            "west": {
                "uv": [7.75, 8.5, 8, 9.25],
                "texture": "#0"
            },
            "up": {
                "uv": [7.75, 8.5, 5.5, 8.25],
                "texture": "#0"
            },
            "down": {
                "uv": [10, 8.25, 7.75, 8.5],
                "texture": "#0"
            }
        }
    }, {
        "from": [3.5, 5, 3],
        "to": [12.5, 8, 4],
        "faces": {
            "north": {
                "uv": [5.5, 8.5, 7.75, 9.25],
                "texture": "#0"
            },
            "east": {
                "uv": [5.25, 8.5, 5.5, 9.25],
                "texture": "#0"
            },
            "south": {
                "uv": [8, 8.5, 10.25, 9.25],
                "texture": "#0"
            },
            "west": {
                "uv": [7.75, 8.5, 8, 9.25],
                "texture": "#0"
            },
            "up": {
                "uv": [7.75, 8.5, 5.5, 8.25],
                "texture": "#0"
            },
            "down": {
                "uv": [10, 8.25, 7.75, 8.5],
                "texture": "#0"
            }
        }
    }]
}