{
	"credit": "Made with Blockbench",
	"texture_size": [32, 32],
	"textures": {
		"0": "item/rpg/texture3",
		"1": "item/rpg/texture4",
		"2": "item/rpg/texture2",
		"3": "item/rpg/animations/fire",
		"4": "item/rpg/animations/thunder",
		"particle": "item/rpg/texture3"
	},
	"elements": [
		{
			"from": [-6, 6, 6],
			"to": [-2, 10, 10],
			"faces": {
				"north": {"uv": [13, 4, 11, 6], "texture": "#0"},
				"east": {"uv": [13, 4, 11, 6], "texture": "#0"},
				"south": {"uv": [13, 4, 11, 6], "texture": "#0"},
				"west": {"uv": [13, 4, 11, 6], "texture": "#0"},
				"up": {"uv": [11, 8, 13, 6], "rotation": 90, "texture": "#0"},
				"down": {"uv": [8.5, 5, 10.5, 3], "rotation": 270, "texture": "#1"}
			}
		},
		{
			"from": [-7, 5, 6],
			"to": [-6, 11, 10],
			"faces": {
				"north": {"uv": [2.5, 9.5, 2, 12.5], "texture": "#0"},
				"east": {"uv": [3, 5, 1, 8], "texture": "#1"},
				"south": {"uv": [2, 9.5, 2.5, 12.5], "texture": "#0"},
				"west": {"uv": [2, 9.5, 0, 12.5], "texture": "#0"},
				"up": {"uv": [0, 13, 2, 12.5], "rotation": 90, "texture": "#0"},
				"down": {"uv": [0, 12.5, 2, 13], "rotation": 270, "texture": "#0"}
			}
		},
		{
			"from": [-2, 4, 5],
			"to": [13, 12, 11],
			"faces": {
				"north": {"uv": [13, 11.5, 5.5, 15.5], "texture": "#0"},
				"east": {"uv": [16, 0, 13, 4], "texture": "#0"},
				"south": {"uv": [5.5, 11.5, 13, 15.5], "texture": "#0"},
				"west": {"uv": [16, 4, 13, 8], "texture": "#0"},
				"up": {"uv": [13, 15.5, 16, 8], "rotation": 90, "texture": "#0"},
				"down": {"uv": [16, 13, 8.5, 16], "rotation": 180, "texture": "#1"}
			}
		},
		{
			"from": [13, 6, 6],
			"to": [21, 10, 10],
			"faces": {
				"north": {"uv": [4, 14, 0, 16], "texture": "#0"},
				"east": {"uv": [11, 8, 9, 10], "texture": "#0"},
				"south": {"uv": [0, 14, 4, 16], "texture": "#0"},
				"west": {"uv": [11, 8, 9, 10], "texture": "#0"},
				"up": {"uv": [9, 8, 11, 4], "rotation": 90, "texture": "#0"},
				"down": {"uv": [11, 4, 13, 0], "rotation": 270, "texture": "#0"}
			}
		},
		{
			"from": [21, 5, 5],
			"to": [22, 11, 11],
			"faces": {
				"north": {"uv": [5.5, 0, 5, 3], "texture": "#1"},
				"east": {"uv": [8.5, 0, 5.5, 3], "texture": "#1"},
				"south": {"uv": [5, 0, 5.5, 3], "texture": "#1"},
				"west": {"uv": [5, 0, 2, 3], "texture": "#1"},
				"up": {"uv": [2, 3.5, 5, 3], "rotation": 90, "texture": "#1"},
				"down": {"uv": [2, 3, 5, 3.5], "rotation": 270, "texture": "#1"}
			}
		},
		{
			"from": [5, 8, 3],
			"to": [9, 11, 5],
			"faces": {
				"north": {"uv": [9, 7, 7, 8.5], "texture": "#0"},
				"east": {"uv": [5.5, 12.5, 4.5, 14], "texture": "#0"},
				"south": {"uv": [9, 7, 7, 8.5], "texture": "#0"},
				"west": {"uv": [5.5, 12.5, 4.5, 14], "texture": "#0"},
				"up": {"uv": [4.5, 16, 5.5, 14], "rotation": 90, "texture": "#0"},
				"down": {"uv": [4.5, 16, 5.5, 14], "rotation": 270, "texture": "#0"}
			}
		},
		{
			"from": [4, 8, -1],
			"to": [10, 11, 3],
			"faces": {
				"north": {"uv": [13, 10, 10, 11.5], "texture": "#0"},
				"east": {"uv": [10, 10, 8, 11.5], "texture": "#0"},
				"south": {"uv": [10, 10, 13, 11.5], "texture": "#0"},
				"west": {"uv": [10, 10, 8, 11.5], "texture": "#0"},
				"up": {"uv": [8.5, 3, 10.5, 0], "rotation": 90, "texture": "#1"},
				"down": {"uv": [7, 7, 9, 4], "rotation": 270, "texture": "#0"}
			}
		},
		{
			"from": [14, -1, 7],
			"to": [16, 4, 9],
			"faces": {
				"north": {"uv": [5.5, 10, 4.5, 12.5], "texture": "#0"},
				"east": {"uv": [0, 14, 2.5, 13], "rotation": 90, "texture": "#0"},
				"south": {"uv": [4.5, 10, 5.5, 12.5], "texture": "#0"},
				"west": {"uv": [7, 5, 6, 7.5], "texture": "#0"},
				"up": {"uv": [6, 8.5, 7, 7.5], "rotation": 90, "texture": "#0"},
				"down": {"uv": [6, 8.5, 7, 7.5], "rotation": 270, "texture": "#0"}
			}
		},
		{
			"from": [14, -1, 7],
			"to": [16, 4, 9],
			"faces": {
				"north": {"uv": [5.5, 10, 4.5, 12.5], "texture": "#0"},
				"east": {"uv": [0, 14, 2.5, 13], "rotation": 90, "texture": "#0"},
				"south": {"uv": [4.5, 10, 5.5, 12.5], "texture": "#0"},
				"west": {"uv": [7, 5, 6, 7.5], "texture": "#0"},
				"up": {"uv": [6, 8.5, 7, 7.5], "rotation": 90, "texture": "#0"},
				"down": {"uv": [6, 8.5, 7, 7.5], "rotation": 270, "texture": "#0"}
			}
		},
		{
			"from": [14, 4, 6],
			"to": [18, 6, 10],
			"faces": {
				"north": {"uv": [8, 8.5, 6, 9.5], "texture": "#0"},
				"east": {"uv": [2.5, 11.5, 4.5, 12.5], "texture": "#0"},
				"south": {"uv": [6, 8.5, 8, 9.5], "texture": "#0"},
				"west": {"uv": [4.5, 11.5, 2.5, 12.5], "texture": "#0"},
				"up": {"uv": [2.5, 11.5, 4.5, 9.5], "rotation": 90, "texture": "#0"},
				"down": {"uv": [2.5, 11.5, 4.5, 9.5], "rotation": 270, "texture": "#0"}
			}
		},
		{
			"from": [-4, -1, 7],
			"to": [-2, 4, 9],
			"rotation": {"angle": 0, "axis": "y", "origin": [16, 0, 0]},
			"faces": {
				"north": {"uv": [4.5, 10, 5.5, 12.5], "texture": "#0"},
				"east": {"uv": [6, 5, 7, 7.5], "texture": "#0"},
				"south": {"uv": [5.5, 10, 4.5, 12.5], "texture": "#0"},
				"west": {"uv": [0, 13, 2.5, 14], "rotation": 90, "texture": "#0"},
				"up": {"uv": [6, 7.5, 7, 8.5], "rotation": 90, "texture": "#0"},
				"down": {"uv": [6, 7.5, 7, 8.5], "rotation": 270, "texture": "#0"}
			}
		},
		{
			"from": [-6, 4, 6],
			"to": [-2, 6, 10],
			"rotation": {"angle": 0, "axis": "y", "origin": [16, 0, 0]},
			"faces": {
				"north": {"uv": [6, 8.5, 8, 9.5], "texture": "#0"},
				"east": {"uv": [2.5, 11.5, 4.5, 12.5], "texture": "#0"},
				"south": {"uv": [8, 8.5, 6, 9.5], "texture": "#0"},
				"west": {"uv": [4.5, 11.5, 2.5, 12.5], "texture": "#0"},
				"up": {"uv": [2.5, 9.5, 4.5, 11.5], "rotation": 90, "texture": "#0"},
				"down": {"uv": [2.5, 9.5, 4.5, 11.5], "rotation": 270, "texture": "#0"}
			}
		},
		{
			"from": [23, 5, 5],
			"to": [30, 11, 11],
			"rotation": {"angle": 0, "axis": "y", "origin": [16, 0, 0]},
			"faces": {
				"north": {"uv": [0, 3, 3.5, 6], "texture": "#0"},
				"east": {"uv": [0, 0, 3, 3], "texture": "#0"},
				"south": {"uv": [3.5, 3, 0, 6], "texture": "#0"},
				"west": {"uv": [8, 0, 11, 3], "texture": "#0"},
				"up": {"uv": [6, 9.5, 3, 6], "rotation": 90, "texture": "#0"},
				"down": {"uv": [3, 6, 0, 9.5], "rotation": 270, "texture": "#0"}
			}
		},
		{
			"from": [0.8, 4.1, 3.9],
			"to": [5.8, 8.1, 5.9],
			"rotation": {"angle": -22.5, "axis": "y", "origin": [2.5, 6.1, 3.5]},
			"faces": {
				"north": {"uv": [7, 0, 5, 2.5], "rotation": 90, "texture": "#0"},
				"east": {"uv": [5, 3.5, 7, 2.5], "rotation": 270, "texture": "#0"},
				"south": {"uv": [7, 0, 5, 2.5], "rotation": 90, "texture": "#0"},
				"west": {"uv": [5, 3.5, 7, 2.5], "rotation": 90, "texture": "#0"},
				"up": {"uv": [8, 2.5, 7, 0], "rotation": 270, "texture": "#0"},
				"down": {"uv": [14.5, 0, 13.5, 2.5], "rotation": 90, "texture": "#2"}
			}
		},
		{
			"from": [0.8, 4.1, 10.1],
			"to": [5.8, 8.1, 12.1],
			"rotation": {"angle": 22.5, "axis": "y", "origin": [2.5, 6.1, 12.5]},
			"faces": {
				"north": {"uv": [7, 2.5, 5, 0], "rotation": 90, "texture": "#0"},
				"east": {"uv": [5, 2.5, 7, 3.5], "rotation": 270, "texture": "#0"},
				"south": {"uv": [7, 2.5, 5, 0], "rotation": 90, "texture": "#0"},
				"west": {"uv": [5, 2.5, 7, 3.5], "rotation": 90, "texture": "#0"},
				"up": {"uv": [7, 2.5, 8, 0], "rotation": 270, "texture": "#0"},
				"down": {"uv": [13.5, 0, 14.5, 2.5], "rotation": 90, "texture": "#2"}
			}
		},
		{
			"from": [30, 6, 6],
			"to": [32, 10, 10],
			"rotation": {"angle": 0, "axis": "y", "origin": [16, 0, 0]},
			"faces": {
				"north": {"uv": [3.5, 4, 4.5, 6], "texture": "#0"},
				"east": {"uv": [3, 0, 5, 2], "texture": "#0"},
				"south": {"uv": [4.5, 4, 3.5, 6], "texture": "#0"},
				"west": {"uv": [3, 0, 5, 2], "texture": "#0"},
				"up": {"uv": [3, 2, 5, 3], "rotation": 90, "texture": "#0"},
				"down": {"uv": [3, 2, 5, 3], "rotation": 270, "texture": "#0"}
			}
		},
		{
			"from": [22, 7, 7],
			"to": [23, 9, 9],
			"faces": {
				"north": {"uv": [3.5, 3.5, 3, 4.5], "texture": "#1"},
				"east": {"uv": [3, 3.5, 2, 4.5], "texture": "#1"},
				"south": {"uv": [3.5, 3.5, 3, 4.5], "texture": "#1"},
				"west": {"uv": [3, 3.5, 2, 4.5], "texture": "#1"},
				"up": {"uv": [2, 5, 3, 4.5], "rotation": 90, "texture": "#1"},
				"down": {"uv": [2, 5, 3, 4.5], "rotation": 270, "texture": "#1"}
			}
		},
		{
			"from": [19, 13, 8],
			"to": [25, 17, 8],
			"faces": {
				"north": {"uv": [0, 11.5, 3, 13.5], "texture": "#1"},
				"east": {"uv": [0, 0, 0, 2], "texture": "#1"},
				"south": {"uv": [3, 11.5, 0, 13.5], "texture": "#1"},
				"west": {"uv": [0, 0, 0, 2], "texture": "#1"},
				"up": {"uv": [0, 0, 3, 0], "texture": "#1"},
				"down": {"uv": [0, 0, 3, 0], "texture": "#1"}
			}
		},
		{
			"from": [20.70125, 10.50125, 6.4],
			"to": [22.70125, 13.50125, 9.6],
			"rotation": {"angle": 0, "axis": "y", "origin": [22.70125, 11, 8]},
			"faces": {
				"north": {"uv": [7.5, 7.5, 6, 8.5], "rotation": 90, "texture": "#2"},
				"east": {"uv": [3, 12.5, 4.5, 11], "rotation": 180, "texture": "#2"},
				"south": {"uv": [6, 7.5, 7.5, 8.5], "rotation": 270, "texture": "#2"},
				"west": {"uv": [3, 12.5, 4.5, 11], "texture": "#2"},
				"up": {"uv": [8.5, 8.5, 7, 9.5], "rotation": 270, "texture": "#2"},
				"down": {"uv": [9, 7.5, 7.5, 8.5], "rotation": 270, "texture": "#2"}
			}
		},
		{
			"from": [19.98931, 11.05786, 6.5],
			"to": [21.98931, 14.05786, 9.5],
			"rotation": {"angle": 22.5, "axis": "z", "origin": [22.70125, 11, 8]},
			"faces": {
				"north": {"uv": [4.5, 11.5, 5.5, 10], "rotation": 180, "texture": "#2"},
				"east": {"uv": [5.5, 11.5, 7, 10], "rotation": 180, "texture": "#2"},
				"south": {"uv": [4.5, 10, 5.5, 11.5], "texture": "#2"},
				"west": {"uv": [5.5, 11.5, 7, 10], "texture": "#2"},
				"up": {"uv": [7, 11.5, 5.5, 12.5], "rotation": 270, "texture": "#2"},
				"down": {"uv": [7, 11.5, 5.5, 12.5], "rotation": 270, "texture": "#2"}
			}
		},
		{
			"from": [19.42935, 11.97073, 6.6],
			"to": [21.42935, 14.97073, 9.4],
			"rotation": {"angle": 45, "axis": "z", "origin": [22.70125, 11, 8]},
			"faces": {
				"north": {"uv": [6, 10, 7, 8.5], "rotation": 180, "texture": "#2"},
				"east": {"uv": [4.5, 10, 6, 8.5], "rotation": 180, "texture": "#2"},
				"south": {"uv": [6, 8.5, 7, 10], "texture": "#2"},
				"west": {"uv": [4.5, 10, 6, 8.5], "texture": "#2"},
				"up": {"uv": [6, 7.5, 4.5, 8.5], "rotation": 270, "texture": "#2"},
				"down": {"uv": [6, 7.5, 4.5, 8.5], "rotation": 270, "texture": "#2"}
			}
		},
		{
			"from": [17.66991, 7.56176, 6.7],
			"to": [20.66991, 9.56176, 9.3],
			"rotation": {"angle": -22.5, "axis": "z", "origin": [22.70125, 11, 8]},
			"faces": {
				"north": {"uv": [3, 8.5, 4.5, 7.5], "texture": "#2"},
				"east": {"uv": [3, 9.5, 4.5, 8.5], "texture": "#2"},
				"south": {"uv": [3, 8.5, 4.5, 7.5], "texture": "#2"},
				"west": {"uv": [3, 9.5, 4.5, 8.5], "rotation": 180, "texture": "#2"},
				"up": {"uv": [4.5, 9.5, 3, 11], "rotation": 270, "texture": "#2"},
				"down": {"uv": [4.5, 9.5, 3, 11], "rotation": 90, "texture": "#2"}
			}
		},
		{
			"from": [22.69875, 10.50125, 6.4],
			"to": [24.69875, 13.50125, 9.6],
			"rotation": {"angle": 0, "axis": "y", "origin": [22.69875, 11, 8]},
			"faces": {
				"north": {"uv": [7.5, 8.5, 6, 7.5], "rotation": 90, "texture": "#2"},
				"east": {"uv": [4.5, 12.5, 3, 11], "texture": "#2"},
				"south": {"uv": [6, 8.5, 7.5, 7.5], "rotation": 270, "texture": "#2"},
				"west": {"uv": [4.5, 12.5, 3, 11], "rotation": 180, "texture": "#2"},
				"up": {"uv": [8.5, 9.5, 7, 8.5], "rotation": 270, "texture": "#2"},
				"down": {"uv": [9, 8.5, 7.5, 7.5], "rotation": 270, "texture": "#2"}
			}
		},
		{
			"from": [23.41069, 11.05786, 6.5],
			"to": [25.41069, 14.05786, 9.5],
			"rotation": {"angle": -22.5, "axis": "z", "origin": [22.69875, 11, 8]},
			"faces": {
				"north": {"uv": [5.5, 11.5, 4.5, 10], "rotation": 180, "texture": "#2"},
				"east": {"uv": [7, 11.5, 5.5, 10], "texture": "#2"},
				"south": {"uv": [5.5, 10, 4.5, 11.5], "texture": "#2"},
				"west": {"uv": [7, 11.5, 5.5, 10], "rotation": 180, "texture": "#2"},
				"up": {"uv": [7, 12.5, 5.5, 11.5], "rotation": 270, "texture": "#2"},
				"down": {"uv": [7, 12.5, 5.5, 11.5], "rotation": 270, "texture": "#2"}
			}
		},
		{
			"from": [23.97065, 11.97073, 6.6],
			"to": [25.97065, 14.97073, 9.4],
			"rotation": {"angle": -45, "axis": "z", "origin": [22.69875, 11, 8]},
			"faces": {
				"north": {"uv": [7, 10, 6, 8.5], "rotation": 180, "texture": "#2"},
				"east": {"uv": [6, 10, 4.5, 8.5], "texture": "#2"},
				"south": {"uv": [7, 8.5, 6, 10], "texture": "#2"},
				"west": {"uv": [6, 10, 4.5, 8.5], "rotation": 180, "texture": "#2"},
				"up": {"uv": [6, 8.5, 4.5, 7.5], "rotation": 270, "texture": "#2"},
				"down": {"uv": [6, 8.5, 4.5, 7.5], "rotation": 270, "texture": "#2"}
			}
		},
		{
			"from": [24.73009, 7.56176, 6.7],
			"to": [27.73009, 9.56176, 9.3],
			"rotation": {"angle": 22.5, "axis": "z", "origin": [22.69875, 11, 8]},
			"faces": {
				"north": {"uv": [4.5, 8.5, 3, 7.5], "texture": "#2"},
				"east": {"uv": [4.5, 9.5, 3, 8.5], "rotation": 180, "texture": "#2"},
				"south": {"uv": [4.5, 8.5, 3, 7.5], "texture": "#2"},
				"west": {"uv": [4.5, 9.5, 3, 8.5], "texture": "#2"},
				"up": {"uv": [4.5, 11, 3, 9.5], "rotation": 270, "texture": "#2"},
				"down": {"uv": [4.5, 11, 3, 9.5], "rotation": 90, "texture": "#2"}
			}
		},
		{
			"from": [10, 8, -1],
			"to": [11, 12, 3],
			"faces": {
				"north": {"uv": [13.5, 0, 14, 2], "texture": "#1"},
				"east": {"uv": [14, 0, 16, 2], "texture": "#1"},
				"south": {"uv": [13.5, 0, 14, 2], "texture": "#1"},
				"west": {"uv": [14, 0, 16, 2], "texture": "#1"},
				"up": {"uv": [13.5, 2, 14, 4], "texture": "#1"},
				"down": {"uv": [14, 3.5, 16, 4], "rotation": 90, "texture": "#1"}
			}
		},
		{
			"from": [7, 11, 0],
			"to": [10, 12, 2],
			"faces": {
				"north": {"uv": [14.5, 2, 16, 2.5], "texture": "#1"},
				"east": {"uv": [14, 2.5, 14.5, 3.5], "rotation": 90, "texture": "#1"},
				"south": {"uv": [14.5, 2, 16, 2.5], "texture": "#1"},
				"west": {"uv": [14, 2.5, 14.5, 3.5], "rotation": 90, "texture": "#1"},
				"up": {"uv": [14.5, 2.5, 16, 3.5], "texture": "#1"},
				"down": {"uv": [14.5, 2.5, 16, 3.5], "texture": "#1"}
			}
		},
		{
			"from": [12, 5, 2],
			"to": [20, 13, 2],
			"faces": {
				"north": {"uv": [4.5, 4, 12.5, 12], "texture": "#3"},
				"east": {"uv": [0, 0, 0, 4], "texture": "#3"},
				"south": {"uv": [12.5, 4, 4.5, 12], "texture": "#3"},
				"west": {"uv": [0, 0, 0, 4], "texture": "#3"},
				"up": {"uv": [0, 0, 4, 0], "texture": "#3"},
				"down": {"uv": [0, 0, 4, 0], "texture": "#3"}
			}
		},
		{
			"from": [12, 5, 13],
			"to": [20, 13, 13],
			"faces": {
				"north": {"uv": [4.5, 4, 12.5, 12], "texture": "#3"},
				"east": {"uv": [0, 0, 0, 4], "texture": "#3"},
				"south": {"uv": [12.5, 4, 4.5, 12], "texture": "#3"},
				"west": {"uv": [0, 0, 0, 4], "texture": "#3"},
				"up": {"uv": [0, 0, 4, 0], "texture": "#3"},
				"down": {"uv": [0, 0, 4, 0], "texture": "#3"}
			}
		},
		{
			"from": [9, 14, 7],
			"to": [17, 18, 7],
			"faces": {
				"north": {"uv": [6, 6.55, 10, 14.55], "rotation": 90, "texture": "#4"},
				"east": {"uv": [0, 0, 0, 2], "texture": "#4"},
				"south": {"uv": [6, 14.55, 10, 6.55], "rotation": 90, "texture": "#4"},
				"west": {"uv": [0, 0, 0, 2], "texture": "#4"},
				"up": {"uv": [0, 0, 3, 0], "texture": "#4"},
				"down": {"uv": [0, 0, 3, 0], "texture": "#4"}
			}
		},
		{
			"from": [9, 14, 10],
			"to": [17, 18, 10],
			"faces": {
				"north": {"uv": [6, 6.55, 10, 14.55], "rotation": 90, "texture": "#4"},
				"east": {"uv": [0, 0, 0, 2], "texture": "#4"},
				"south": {"uv": [6, 14.55, 10, 6.55], "rotation": 90, "texture": "#4"},
				"west": {"uv": [0, 0, 0, 2], "texture": "#4"},
				"up": {"uv": [0, 0, 3, 0], "texture": "#4"},
				"down": {"uv": [0, 0, 3, 0], "texture": "#4"}
			}
		},
		{
			"from": [21, 7.5, 1],
			"to": [31, 10.5, 4],
			"faces": {
				"north": {"uv": [3, 7.5, 8, 9], "texture": "#1"},
				"east": {"uv": [8, 7.5, 9.5, 9], "texture": "#1"},
				"south": {"uv": [8, 7.5, 3, 9], "texture": "#1"},
				"west": {"uv": [8, 7.5, 9.5, 9], "texture": "#1"},
				"up": {"uv": [3, 9, 8, 10.5], "texture": "#1"},
				"down": {"uv": [3, 10.5, 8, 12], "texture": "#1"}
			}
		},
		{
			"from": [20, 7.5, 1],
			"to": [21, 10.5, 4],
			"faces": {
				"north": {"uv": [10, 9.5, 10.5, 11], "texture": "#1"},
				"east": {"uv": [10.5, 7.5, 12, 9], "texture": "#1"},
				"south": {"uv": [10.5, 9.5, 10, 11], "texture": "#1"},
				"west": {"uv": [10.5, 7.5, 12, 9], "texture": "#1"},
				"up": {"uv": [9.5, 9.5, 10, 11], "texture": "#1"},
				"down": {"uv": [9.5, 9.5, 10, 11], "texture": "#1"}
			}
		},
		{
			"from": [31, 8, 1.5],
			"to": [32, 10, 3.5],
			"faces": {
				"north": {"uv": [8, 9, 8.5, 10], "texture": "#1"},
				"east": {"uv": [9.5, 7.5, 10.5, 8.5], "texture": "#1"},
				"south": {"uv": [8.5, 10, 8, 9], "texture": "#1"},
				"west": {"uv": [9.5, 7.5, 10.5, 8.5], "texture": "#1"},
				"up": {"uv": [8, 10, 8.5, 11], "texture": "#1"},
				"down": {"uv": [8, 12, 8.5, 11], "texture": "#1"}
			}
		},
		{
			"from": [20, 7.5, 12],
			"to": [21, 10.5, 15],
			"rotation": {"angle": 0, "axis": "y", "origin": [0, 0, 16]},
			"faces": {
				"north": {"uv": [10, 9.5, 10.5, 11], "texture": "#1"},
				"east": {"uv": [12, 7.5, 10.5, 9], "texture": "#1"},
				"south": {"uv": [10.5, 9.5, 10, 11], "texture": "#1"},
				"west": {"uv": [12, 7.5, 10.5, 9], "texture": "#1"},
				"up": {"uv": [9.5, 11, 10, 9.5], "texture": "#1"},
				"down": {"uv": [9.5, 11, 10, 9.5], "texture": "#1"}
			}
		},
		{
			"from": [21, 7.5, 12],
			"to": [31, 10.5, 15],
			"rotation": {"angle": 0, "axis": "y", "origin": [0, 0, 16]},
			"faces": {
				"north": {"uv": [3, 7.5, 8, 9], "texture": "#1"},
				"east": {"uv": [9.5, 7.5, 8, 9], "texture": "#1"},
				"south": {"uv": [8, 7.5, 3, 9], "texture": "#1"},
				"west": {"uv": [9.5, 7.5, 8, 9], "texture": "#1"},
				"up": {"uv": [3, 10.5, 8, 9], "texture": "#1"},
				"down": {"uv": [3, 12, 8, 10.5], "texture": "#1"}
			}
		},
		{
			"from": [31, 8, 12.5],
			"to": [32, 10, 14.5],
			"rotation": {"angle": 0, "axis": "y", "origin": [0, 0, 16]},
			"faces": {
				"north": {"uv": [8, 10, 8.5, 9], "texture": "#1"},
				"east": {"uv": [10.5, 7.5, 9.5, 8.5], "texture": "#1"},
				"south": {"uv": [8.5, 9, 8, 10], "texture": "#1"},
				"west": {"uv": [10.5, 7.5, 9.5, 8.5], "texture": "#1"},
				"up": {"uv": [8, 11, 8.5, 10], "texture": "#1"},
				"down": {"uv": [8, 11, 8.5, 12], "texture": "#1"}
			}
		},
		{
			"from": [27, 8, 4],
			"to": [29, 10, 12],
			"faces": {
				"north": {"uv": [9.5, 8.5, 10.5, 9.5], "texture": "#1"},
				"east": {"uv": [4.5, 12, 8.5, 13], "texture": "#1"},
				"south": {"uv": [9.5, 8.5, 10.5, 9.5], "texture": "#1"},
				"west": {"uv": [4.5, 12, 8.5, 13], "texture": "#1"},
				"up": {"uv": [8.5, 9, 9.5, 13], "texture": "#1"},
				"down": {"uv": [8.5, 9, 9.5, 13], "texture": "#1"}
			}
		},
		{
			"from": [4, 14, 6],
			"to": [9, 18, 10],
			"faces": {
				"north": {"uv": [6, 14, 8.5, 16], "texture": "#1"},
				"east": {"uv": [4, 14, 6, 16], "texture": "#1"},
				"south": {"uv": [8.5, 14, 6, 16], "texture": "#1"},
				"west": {"uv": [4, 14, 6, 16], "texture": "#1"},
				"up": {"uv": [1.5, 14, 4, 16], "texture": "#1"},
				"down": {"uv": [13.5, 6, 16, 8], "texture": "#1"}
			}
		},
		{
			"from": [9, 17, 6],
			"to": [12, 18, 10],
			"faces": {
				"north": {"uv": [13.5, 4, 14, 5.5], "rotation": 90, "texture": "#1"},
				"east": {"uv": [14, 4, 14.5, 6], "rotation": 90, "texture": "#1"},
				"south": {"uv": [13.5, 5.5, 14, 4], "rotation": 90, "texture": "#1"},
				"west": {"uv": [14, 4, 14.5, 6], "rotation": 90, "texture": "#1"},
				"up": {"uv": [14.5, 4, 16, 6], "texture": "#1"},
				"down": {"uv": [14.5, 4, 16, 6], "texture": "#1"}
			}
		},
		{
			"from": [9, 14, 9],
			"to": [12, 15, 10],
			"faces": {
				"north": {"uv": [10.5, 9, 12, 9.5], "texture": "#1"},
				"east": {"uv": [10, 11, 10.5, 11.5], "texture": "#1"},
				"south": {"uv": [12, 9, 10.5, 9.5], "texture": "#1"},
				"west": {"uv": [10, 11, 10.5, 11.5], "texture": "#1"},
				"up": {"uv": [10.5, 10, 12, 10.5], "texture": "#1"},
				"down": {"uv": [10.5, 9.5, 12, 10], "texture": "#1"}
			}
		},
		{
			"from": [9, 14, 6],
			"to": [12, 15, 7],
			"faces": {
				"north": {"uv": [10.5, 9, 12, 9.5], "texture": "#1"},
				"east": {"uv": [10, 11, 10.5, 11.5], "texture": "#1"},
				"south": {"uv": [12, 9, 10.5, 9.5], "texture": "#1"},
				"west": {"uv": [10, 11, 10.5, 11.5], "texture": "#1"},
				"up": {"uv": [10.5, 10, 12, 10.5], "texture": "#1"},
				"down": {"uv": [10.5, 9.5, 12, 10], "texture": "#1"}
			}
		},
		{
			"from": [2.6, 12.8, 5.9],
			"to": [4.6, 16.8, 10.1],
			"rotation": {"angle": 22.5, "axis": "z", "origin": [2, 16, 8]},
			"faces": {
				"north": {"uv": [3, 5.5, 4, 7.5], "texture": "#1"},
				"east": {"uv": [4, 5.5, 6, 7.5], "texture": "#1"},
				"south": {"uv": [4, 5.5, 3, 7.5], "texture": "#1"},
				"west": {"uv": [4, 5.5, 6, 7.5], "texture": "#1"},
				"up": {"uv": [7, 5.5, 8, 7.5], "texture": "#1"},
				"down": {"uv": [6, 5.5, 7, 7.5], "texture": "#1"}
			}
		},
		{
			"from": [0.9, 12.2, 5.8],
			"to": [2.9, 16.2, 10.2],
			"rotation": {"angle": 45, "axis": "z", "origin": [2, 16, 8]},
			"faces": {
				"north": {"uv": [6, 4.5, 8, 5.5], "rotation": 90, "texture": "#1"},
				"east": {"uv": [8, 5.5, 10, 7.5], "texture": "#1"},
				"south": {"uv": [6, 5.5, 8, 4.5], "rotation": 90, "texture": "#1"},
				"west": {"uv": [8, 5.5, 10, 7.5], "texture": "#1"},
				"up": {"uv": [4, 4.5, 6, 5.5], "rotation": 90, "texture": "#1"},
				"down": {"uv": [6, 3.5, 8, 4.5], "rotation": 90, "texture": "#1"}
			}
		},
		{
			"from": [-0.1, 12, 5],
			"to": [3.9, 16, 11],
			"rotation": {"angle": 0, "axis": "y", "origin": [2, 16, 8]},
			"faces": {
				"north": {"uv": [10.5, 10.5, 12.5, 12.5], "rotation": 90, "texture": "#1"},
				"east": {"uv": [1, 8.5, 3, 11.5], "rotation": 270, "texture": "#1"},
				"south": {"uv": [12.5, 10.5, 10.5, 12.5], "rotation": 270, "texture": "#1"},
				"west": {"uv": [1, 8.5, 3, 11.5], "rotation": 270, "texture": "#1"},
				"up": {"uv": [1, 5.5, 3, 8.5], "rotation": 180, "texture": "#1"},
				"down": {"uv": [1, 5.5, 3, 8.5], "rotation": 180, "texture": "#1"}
			}
		},
		{
			"from": [-14, 5, 8],
			"to": [-7, 14, 8],
			"faces": {
				"north": {"uv": [12.5, 8.5, 16, 13], "texture": "#1"},
				"east": {"uv": [0, 0, 0, 4.5], "texture": "#1"},
				"south": {"uv": [16, 8.5, 12.5, 13], "texture": "#1"},
				"west": {"uv": [0, 0, 0, 4.5], "texture": "#1"},
				"up": {"uv": [0, 0, 3.5, 0], "texture": "#1"},
				"down": {"uv": [0, 0, 3.5, 0], "texture": "#1"}
			}
		}
	],
	"display": {
		"thirdperson_righthand": {
			"rotation": [0, 90, 0],
			"translation": [0, 2.5, 4.25],
			"scale": [0.5, 0.5, 0.5]
		},
		"thirdperson_lefthand": {
			"rotation": [0, -90, 0],
			"translation": [0, 2.5, 4.5],
			"scale": [0.5, 0.5, 0.5]
		},
		"firstperson_righthand": {
			"rotation": [0, 90, 0],
			"translation": [0.5, 4.25, 4.75],
			"scale": [0.45, 0.45, 0.45]
		},
		"firstperson_lefthand": {
			"rotation": [0, -90, 0],
			"translation": [0.5, 4.25, 4.75],
			"scale": [0.45, 0.45, 0.45]
		},
		"ground": {
			"translation": [0, 0.25, 0],
			"scale": [0.5, 0.5, 0.5]
		},
		"gui": {
			"rotation": [0, 0, 45],
			"translation": [0.25, -0.5, -2],
			"scale": [0.4, 0.4, 0.4]
		},
		"head": {
			"translation": [0, 17, 4.75],
			"scale": [0.7, 0.7, 0.7]
		},
		"fixed": {
			"rotation": [0, 0, 45],
			"translation": [0, 0, -1.25],
			"scale": [0.5, 0.5, 0.5]
		}
	},
	"groups": [
		{
			"name": "group",
			"origin": [0, 0, 0],
			"color": 0,
			"children": [
				0,
				1,
				2,
				3,
				4,
				5,
				6,
				7,
				8,
				9,
				10,
				11,
				12,
				13,
				14,
				15,
				16,
				17,
				{
					"name": "group",
					"origin": [21.70125, 16, 8.5],
					"color": 0,
					"children": [18, 19, 20, 21, 22, 23, 24, 25]
				},
				26,
				27,
				28,
				29,
				30,
				31
			]
		},
		32,
		33,
		34,
		35,
		36,
		37,
		38,
		39,
		40,
		41,
		42,
		43,
		44,
		45,
		46
	]
}