{
	"credit": "Made with Blockbench",
	"texture_size": [64, 64],
	"textures": {
		"1": "item/multiple/xmas_chocolate/chocolate_animation_2texture",
		"2": "item/multiple/xmas_chocolate/chocolate",
		"particle": "item/multiple/xmas_chocolate/chocolate_animation_1texture"
	},
	"elements": [
		{
			"from": [0.5, 3, 0.5],
			"to": [15.5, 6, 15.5],
			"faces": {
				"north": {"uv": [4.25, 15.25, 8, 16], "texture": "#2"},
				"east": {"uv": [4.25, 14.5, 8, 15.25], "texture": "#2"},
				"south": {"uv": [4.25, 15.25, 8, 16], "texture": "#2"},
				"west": {"uv": [4.25, 14.5, 8, 15.25], "texture": "#2"},
				"up": {"uv": [8, 14.5, 4.25, 10.75], "texture": "#2"},
				"down": {"uv": [8, 14.5, 4.25, 10.75], "texture": "#2"}
			}
		},
		{
			"from": [-0.5, 6, -0.5],
			"to": [16.5, 12, 16.5],
			"faces": {
				"north": {"uv": [8, 10.25, 12.25, 11.75], "texture": "#2"},
				"east": {"uv": [8, 8.75, 12.25, 10.25], "texture": "#2"},
				"south": {"uv": [8, 10.25, 12.25, 11.75], "texture": "#2"},
				"west": {"uv": [8, 8.75, 12.25, 10.25], "texture": "#2"},
				"up": {"uv": [12.25, 16, 8, 11.75], "texture": "#2"},
				"down": {"uv": [12.25, 16, 8, 11.75], "texture": "#2"}
			}
		},
		{
			"from": [7.5, 12, 3.5],
			"to": [10.5, 15, 6.5],
			"rotation": {"angle": -22.5, "axis": "y", "origin": [9, 13.5, 5]},
			"faces": {
				"north": {"uv": [15.25, 5.5, 16, 6.25], "texture": "#2"},
				"east": {"uv": [15.25, 4.75, 16, 5.5], "texture": "#2"},
				"south": {"uv": [15.25, 5.5, 16, 6.25], "texture": "#2"},
				"west": {"uv": [15.25, 4.75, 16, 5.5], "texture": "#2"},
				"up": {"uv": [16, 7, 15.25, 6.25], "texture": "#2"},
				"down": {"uv": [16, 7, 15.25, 6.25], "texture": "#2"}
			}
		},
		{
			"from": [8.5, 12, 8.5],
			"to": [12.5, 16, 12.5],
			"faces": {
				"north": {"uv": [15, 9, 16, 10], "texture": "#2"},
				"east": {"uv": [15, 8, 16, 9], "texture": "#2"},
				"south": {"uv": [15, 9, 16, 10], "texture": "#2"},
				"west": {"uv": [15, 8, 16, 9], "texture": "#2"},
				"up": {"uv": [16, 8, 15, 7], "texture": "#2"},
				"down": {"uv": [16, 8, 15, 7], "texture": "#2"}
			}
		},
		{
			"from": [2.5, 12, 6.5],
			"to": [6.5, 16, 10.5],
			"rotation": {"angle": 22.5, "axis": "x", "origin": [2.5, 12, 6.5]},
			"faces": {
				"north": {"uv": [15, 9, 16, 10], "texture": "#2"},
				"east": {"uv": [15, 8, 16, 9], "texture": "#2"},
				"south": {"uv": [15, 9, 16, 10], "texture": "#2"},
				"west": {"uv": [15, 8, 16, 9], "texture": "#2"},
				"up": {"uv": [16, 8, 15, 7], "texture": "#2"},
				"down": {"uv": [16, 8, 15, 7], "texture": "#2"}
			}
		},
		{
			"from": [-5.5, 6, 6.5],
			"to": [-0.5, 8, 9.5],
			"faces": {
				"north": {"uv": [14.25, 11.75, 15.5, 12.25], "texture": "#2"},
				"east": {"uv": [13.5, 12, 14.25, 12.5], "texture": "#2"},
				"south": {"uv": [15.5, 11.75, 14.25, 12.25], "texture": "#2"},
				"west": {"uv": [13.5, 12, 14.25, 12.5], "texture": "#2"},
				"up": {"uv": [15.5, 13, 14.25, 12.25], "texture": "#2"},
				"down": {"uv": [15, 7.5, 13.75, 6.75], "texture": "#2"}
			}
		},
		{
			"from": [-5.5, 13, 6.5],
			"to": [-0.5, 15, 9.5],
			"faces": {
				"north": {"uv": [13, 13.25, 14.25, 13.75], "texture": "#2"},
				"east": {"uv": [12.25, 13.25, 13, 13.75], "texture": "#2"},
				"south": {"uv": [14.25, 13.25, 13, 13.75], "texture": "#2"},
				"west": {"uv": [12.25, 13.25, 13, 13.75], "texture": "#2"},
				"up": {"uv": [15.5, 13.75, 14.25, 13], "texture": "#2"},
				"down": {"uv": [15.5, 13.75, 14.25, 13], "texture": "#2"}
			}
		},
		{
			"from": [-7.5, 6, 6.5],
			"to": [-5.5, 15, 9.5],
			"faces": {
				"north": {"uv": [12.25, 11, 12.75, 13.25], "texture": "#2"},
				"east": {"uv": [12.75, 11, 13.5, 13.25], "texture": "#2"},
				"south": {"uv": [12.75, 11, 12.25, 13.25], "texture": "#2"},
				"west": {"uv": [12.75, 11, 13.5, 13.25], "texture": "#2"},
				"up": {"uv": [14, 13.25, 13.5, 12.5], "texture": "#2"},
				"down": {"uv": [15.5, 10.75, 15, 10], "texture": "#2"}
			}
		},
		{
			"from": [14.5, 12, 0.5],
			"to": [16.5, 15, 15.5],
			"faces": {
				"north": {"uv": [15.5, 14.5, 16, 15.25], "texture": "#2"},
				"east": {"uv": [12.25, 13.75, 16, 14.5], "texture": "#2"},
				"south": {"uv": [15.5, 14.5, 16, 15.25], "texture": "#2"},
				"west": {"uv": [4.25, 9.25, 8, 10], "texture": "#2"},
				"up": {"uv": [16, 13.75, 15.5, 10], "texture": "#2"},
				"down": {"uv": [16, 13.75, 15.5, 10], "texture": "#2"}
			}
		},
		{
			"from": [-0.5, 12, 0.5],
			"to": [1.5, 15, 15.5],
			"rotation": {"angle": 0, "axis": "y", "origin": [16, 0, 0]},
			"faces": {
				"north": {"uv": [16, 14.5, 15.5, 15.25], "texture": "#2"},
				"east": {"uv": [8, 9.25, 4.25, 10], "texture": "#2"},
				"south": {"uv": [16, 14.5, 15.5, 15.25], "texture": "#2"},
				"west": {"uv": [16, 13.75, 12.25, 14.5], "texture": "#2"},
				"up": {"uv": [15.5, 13.75, 16, 10], "texture": "#2"},
				"down": {"uv": [15.5, 13.75, 16, 10], "texture": "#2"}
			}
		},
		{
			"from": [1.5, 12, -0.5],
			"to": [14.5, 15, 1.5],
			"faces": {
				"north": {"uv": [12.25, 15.25, 15.5, 16], "texture": "#2"},
				"east": {"uv": [15.5, 15.25, 16, 16], "texture": "#2"},
				"south": {"uv": [4.75, 10, 8, 10.75], "texture": "#2"},
				"west": {"uv": [16, 15.25, 15.5, 16], "texture": "#2"},
				"up": {"uv": [15.5, 15.25, 12.25, 14.75], "texture": "#2"},
				"down": {"uv": [15.5, 15.25, 12.25, 14.75], "texture": "#2"}
			}
		},
		{
			"from": [1.5, 12, 14.5],
			"to": [14.5, 15, 16.5],
			"rotation": {"angle": 0, "axis": "y", "origin": [0, 0, 16]},
			"faces": {
				"north": {"uv": [8, 10, 4.75, 10.75], "texture": "#2"},
				"east": {"uv": [16, 15.25, 15.5, 16], "texture": "#2"},
				"south": {"uv": [15.5, 15.25, 12.25, 16], "texture": "#2"},
				"west": {"uv": [15.5, 15.25, 16, 16], "texture": "#2"},
				"up": {"uv": [15.5, 14.75, 12.25, 15.25], "texture": "#2"},
				"down": {"uv": [15.5, 14.75, 12.25, 15.25], "texture": "#2"}
			}
		},
		{
			"from": [7, 12, 3],
			"to": [15, 28, 3],
			"rotation": {"angle": 0, "axis": "y", "origin": [11, 20, 3]},
			"faces": {
				"north": {"uv": [12.5, 0, 4.5, 16], "texture": "#1"},
				"east": {"uv": [1.5, 4.25, 1.75, 8.5], "texture": "#missing"},
				"south": {"uv": [4.5, 0, 12.5, 16], "texture": "#1"},
				"west": {"uv": [1.75, 4.25, 2, 8.5], "texture": "#missing"},
				"up": {"uv": [8.5, 0.75, 7.25, 0.5], "texture": "#missing"},
				"down": {"uv": [8.5, 0, 7.25, 3.5], "texture": "#missing"}
			}
		},
		{
			"from": [1, 12, 9],
			"to": [9, 28, 9],
			"rotation": {"angle": -45, "axis": "y", "origin": [5, 20, 9]},
			"faces": {
				"north": {"uv": [4.5, 0, 12.5, 16], "texture": "#1"},
				"east": {"uv": [1.75, 4.25, 1.5, 8.5], "texture": "#missing"},
				"south": {"uv": [12.5, 0, 4.5, 16], "texture": "#1"},
				"west": {"uv": [2, 4.25, 1.75, 8.5], "texture": "#missing"},
				"up": {"uv": [8.5, 0.5, 7.25, 0.75], "texture": "#missing"},
				"down": {"uv": [8.5, 3.5, 7.25, 0], "texture": "#missing"}
			}
		},
		{
			"from": [7, 2, -1.5],
			"to": [9, 4, 0.5],
			"rotation": {"angle": 0, "axis": "y", "origin": [-5, -10, -8.5]},
			"faces": {
				"north": {"uv": [6.25, 7.75, 6.75, 7.25], "texture": "#2"},
				"east": {"uv": [0, 8, 0.5, 7.5], "texture": "#2"},
				"south": {"uv": [0.5, 8, 1, 7.5], "texture": "#2"},
				"west": {"uv": [7.5, 4, 8, 3.5], "texture": "#2"},
				"up": {"uv": [7.25, 8, 6.75, 7.5], "texture": "#2"},
				"down": {"uv": [8, 4, 7.5, 4.5], "texture": "#2"}
			}
		},
		{
			"from": [9, -0.25, -0.25],
			"to": [14, 3.75, -0.25],
			"rotation": {"angle": 45, "axis": "z", "origin": [9, 2, -0.25]},
			"faces": {
				"north": {"uv": [3.5, 1.75, 2.5, 3], "rotation": 90, "texture": "#2"},
				"east": {"uv": [0, 0, 1, 0], "rotation": 90, "texture": "#2"},
				"south": {"uv": [3.5, 3, 2.5, 1.75], "rotation": 90, "texture": "#2"},
				"west": {"uv": [0, 0, 1, 0], "rotation": 90, "texture": "#2"},
				"up": {"uv": [0, 1.25, 0, 0], "rotation": 90, "texture": "#2"},
				"down": {"uv": [0, 1.25, 0, 0], "rotation": 90, "texture": "#2"}
			}
		},
		{
			"from": [6.25, 4, 0.5],
			"to": [10.25, 9, 0.5],
			"rotation": {"angle": -45, "axis": "x", "origin": [8.25, 4, 0.5]},
			"faces": {
				"north": {"uv": [3.5, 1.75, 2.5, 3], "rotation": 180, "texture": "#2"},
				"east": {"uv": [0, 1.25, 0, 0], "texture": "#2"},
				"south": {"uv": [3.5, 3, 2.5, 1.75], "texture": "#2"},
				"west": {"uv": [0, 1.25, 0, 0], "texture": "#2"},
				"up": {"uv": [0, 0, 1, 0], "texture": "#2"},
				"down": {"uv": [0, 0, 1, 0], "texture": "#2"}
			}
		},
		{
			"from": [2, -0.25, -0.25],
			"to": [7, 3.75, -0.25],
			"rotation": {"angle": -45, "axis": "z", "origin": [7, 2, -0.25]},
			"faces": {
				"north": {"uv": [3.5, 3, 2.5, 1.75], "rotation": 90, "texture": "#2"},
				"east": {"uv": [0, 0, 1, 0], "rotation": 90, "texture": "#2"},
				"south": {"uv": [3.5, 1.75, 2.5, 3], "rotation": 90, "texture": "#2"},
				"west": {"uv": [0, 0, 1, 0], "rotation": 90, "texture": "#2"},
				"up": {"uv": [0, 0, 0, 1.25], "rotation": 90, "texture": "#2"},
				"down": {"uv": [0, 0, 0, 1.25], "rotation": 90, "texture": "#2"}
			}
		},
		{
			"from": [2, 0.75, -0.25],
			"to": [7, 4.75, -0.25],
			"rotation": {"angle": -22.5, "axis": "y", "origin": [7, 2, -0.25]},
			"faces": {
				"north": {"uv": [3.5, 3, 2.5, 1.75], "rotation": 90, "texture": "#2"},
				"east": {"uv": [0, 0, 1, 0], "rotation": 90, "texture": "#2"},
				"south": {"uv": [3.5, 1.75, 2.5, 3], "rotation": 90, "texture": "#2"},
				"west": {"uv": [0, 0, 1, 0], "rotation": 90, "texture": "#2"},
				"up": {"uv": [0, 0, 0, 1.25], "rotation": 90, "texture": "#2"},
				"down": {"uv": [0, 0, 0, 1.25], "rotation": 90, "texture": "#2"}
			}
		},
		{
			"from": [9, 0.75, -0.25],
			"to": [14, 4.75, -0.25],
			"rotation": {"angle": 22.5, "axis": "y", "origin": [9, 2, -0.25]},
			"faces": {
				"north": {"uv": [3.5, 1.75, 2.5, 3], "rotation": 90, "texture": "#2"},
				"east": {"uv": [0, 0, 1, 0], "rotation": 90, "texture": "#2"},
				"south": {"uv": [3.5, 3, 2.5, 1.75], "rotation": 90, "texture": "#2"},
				"west": {"uv": [0, 0, 1, 0], "rotation": 90, "texture": "#2"},
				"up": {"uv": [0, 1.25, 0, 0], "rotation": 90, "texture": "#2"},
				"down": {"uv": [0, 1.25, 0, 0], "rotation": 90, "texture": "#2"}
			}
		},
		{
			"from": [16.5, 1, 0.5],
			"to": [21.5, 3, 15.5],
			"rotation": {"angle": 22.5, "axis": "z", "origin": [16.5, 1, 8]},
			"faces": {
				"north": {"uv": [15, 7.5, 13.75, 8], "texture": "#2"},
				"east": {"uv": [13.25, 7.25, 13.75, 11], "rotation": 90, "texture": "#2"},
				"south": {"uv": [13.75, 7.5, 15, 8], "texture": "#2"},
				"west": {"uv": [13.25, 7.25, 13.75, 11], "rotation": 90, "texture": "#2"},
				"up": {"uv": [15, 11.75, 13.75, 8], "texture": "#2"},
				"down": {"uv": [15, 11.75, 13.75, 8], "texture": "#2"}
			}
		},
		{
			"from": [-5.5, 1, 0.5],
			"to": [-0.5, 3, 15.5],
			"rotation": {"angle": -22.5, "axis": "z", "origin": [-0.5, 1, 8]},
			"faces": {
				"north": {"uv": [13.75, 7.5, 15, 8], "texture": "#2"},
				"east": {"uv": [13.25, 11, 13.75, 7.25], "rotation": 90, "texture": "#2"},
				"south": {"uv": [15, 7.5, 13.75, 8], "texture": "#2"},
				"west": {"uv": [13.25, 11, 13.75, 7.25], "rotation": 90, "texture": "#2"},
				"up": {"uv": [13.75, 11.75, 15, 8], "texture": "#2"},
				"down": {"uv": [13.75, 11.75, 15, 8], "texture": "#2"}
			}
		},
		{
			"from": [-0.5, 0, -0.5],
			"to": [16.5, 3, 16.5],
			"faces": {
				"north": {"uv": [0, 10.25, 4.25, 11], "texture": "#2"},
				"east": {"uv": [0, 11, 4.25, 11.75], "texture": "#2"},
				"south": {"uv": [0, 10.25, 4.25, 11], "texture": "#2"},
				"west": {"uv": [0, 11, 4.25, 11.75], "texture": "#2"},
				"up": {"uv": [4.25, 16, 0, 11.75], "texture": "#2"},
				"down": {"uv": [4.25, 16, 0, 11.75], "texture": "#2"}
			}
		},
		{
			"from": [7, 4, 15.5],
			"to": [9, 6, 17.5],
			"rotation": {"angle": 0, "axis": "y", "origin": [-5, -8, 25.5]},
			"faces": {
				"north": {"uv": [1, 8, 0.5, 7.5], "texture": "#2"},
				"east": {"uv": [0.5, 8, 0, 7.5], "texture": "#2"},
				"south": {"uv": [6.75, 7.75, 6.25, 7.25], "texture": "#2"},
				"west": {"uv": [8, 4, 7.5, 3.5], "texture": "#2"},
				"up": {"uv": [7.25, 7.5, 6.75, 8], "texture": "#2"},
				"down": {"uv": [8, 4.5, 7.5, 4], "texture": "#2"}
			}
		},
		{
			"from": [6.25, 6, 16.5],
			"to": [10.25, 11, 16.5],
			"rotation": {"angle": 45, "axis": "x", "origin": [8.25, 6, 16.5]},
			"faces": {
				"north": {"uv": [2.5, 3, 3.5, 1.75], "texture": "#2"},
				"east": {"uv": [0, 1.25, 0, 0], "texture": "#2"},
				"south": {"uv": [2.5, 1.75, 3.5, 3], "rotation": 180, "texture": "#2"},
				"west": {"uv": [0, 1.25, 0, 0], "texture": "#2"},
				"up": {"uv": [0, 0, 1, 0], "texture": "#2"},
				"down": {"uv": [0, 0, 1, 0], "texture": "#2"}
			}
		},
		{
			"from": [-0.25, 3, 16.5],
			"to": [3.75, 8, 16.5],
			"rotation": {"angle": 22.5, "axis": "x", "origin": [1.75, 3, 16.5]},
			"faces": {
				"north": {"uv": [3.5, 3, 2.5, 1.75], "texture": "#2"},
				"east": {"uv": [0, 0, 0, 1.25], "rotation": 180, "texture": "#2"},
				"south": {"uv": [3.5, 1.75, 2.5, 3], "rotation": 180, "texture": "#2"},
				"west": {"uv": [0, 0, 0, 1.25], "rotation": 180, "texture": "#2"},
				"up": {"uv": [0, 0, 1, 0], "rotation": 180, "texture": "#2"},
				"down": {"uv": [0, 0, 1, 0], "rotation": 180, "texture": "#2"}
			}
		},
		{
			"from": [12.25, 3, 16.5],
			"to": [16.25, 8, 16.5],
			"rotation": {"angle": 22.5, "axis": "x", "origin": [14.25, 3, 16.5]},
			"faces": {
				"north": {"uv": [2.5, 3, 3.5, 1.75], "texture": "#2"},
				"east": {"uv": [0, 0, 0, 1.25], "rotation": 180, "texture": "#2"},
				"south": {"uv": [2.5, 1.75, 3.5, 3], "rotation": 180, "texture": "#2"},
				"west": {"uv": [0, 0, 0, 1.25], "rotation": 180, "texture": "#2"},
				"up": {"uv": [1, 0, 0, 0], "rotation": 180, "texture": "#2"},
				"down": {"uv": [1, 0, 0, 0], "rotation": 180, "texture": "#2"}
			}
		},
		{
			"from": [2, 3, 16.25],
			"to": [7, 7, 16.25],
			"rotation": {"angle": 22.5, "axis": "y", "origin": [7, 4.25, 16.25]},
			"faces": {
				"north": {"uv": [3.5, 3, 2.5, 1.75], "rotation": 90, "texture": "#2"},
				"east": {"uv": [0, 0, 1, 0], "rotation": 90, "texture": "#2"},
				"south": {"uv": [3.5, 1.75, 2.5, 3], "rotation": 90, "texture": "#2"},
				"west": {"uv": [0, 0, 1, 0], "rotation": 90, "texture": "#2"},
				"up": {"uv": [0, 0, 0, 1.25], "rotation": 90, "texture": "#2"},
				"down": {"uv": [0, 0, 0, 1.25], "rotation": 90, "texture": "#2"}
			}
		},
		{
			"from": [9, 3, 16.25],
			"to": [14, 7, 16.25],
			"rotation": {"angle": -22.5, "axis": "y", "origin": [9, 4.25, 16.25]},
			"faces": {
				"north": {"uv": [3.5, 1.75, 2.5, 3], "rotation": 90, "texture": "#2"},
				"east": {"uv": [0, 0, 1, 0], "rotation": 90, "texture": "#2"},
				"south": {"uv": [3.5, 3, 2.5, 1.75], "rotation": 90, "texture": "#2"},
				"west": {"uv": [0, 0, 1, 0], "rotation": 90, "texture": "#2"},
				"up": {"uv": [0, 1.25, 0, 0], "rotation": 90, "texture": "#2"},
				"down": {"uv": [0, 1.25, 0, 0], "rotation": 90, "texture": "#2"}
			}
		}
	],
	"display": {
		"thirdperson_righthand": {
			"rotation": [0, -90, 0],
			"translation": [0, 2.25, 1.5],
			"scale": [0.3, 0.3, 0.3]
		},
		"thirdperson_lefthand": {
			"rotation": [0, -90, 0],
			"translation": [0, 2.25, 1.5],
			"scale": [0.3, 0.3, 0.3]
		},
		"firstperson_righthand": {
			"rotation": [0, -90, 0],
			"translation": [0, 2.25, 1.5],
			"scale": [0.3, 0.3, 0.3]
		},
		"firstperson_lefthand": {
			"rotation": [0, 90, 0],
			"translation": [0, 2.25, 1.5],
			"scale": [0.3, 0.3, 0.3]
		},
		"ground": {
			"translation": [0, 3.75, 0],
			"scale": [0.75, 0.75, 0.75]
		},
		"gui": {
			"rotation": [30, 225, 0],
			"translation": [-0.75, 0, 0],
			"scale": [0.5, 0.5, 0.5]
		},
		"head": {
			"translation": [0, 9, 0]
		},
		"fixed": {
			"rotation": [0, 0, 45],
			"translation": [0, 0.5, -0.25],
			"scale": [0.5, 0.5, 0.5]
		}
	},
	"groups": [
		0,
		1,
		2,
		3,
		4,
		5,
		6,
		7,
		8,
		9,
		10,
		11,
		{
			"name": "group",
			"origin": [5, 20, 9],
			"color": 0,
			"children": [12, 13]
		},
		{
			"name": "group",
			"origin": [14, 22, 8.25],
			"color": 0,
			"children": [14, 15, 16, 17, 18, 19]
		},
		{
			"name": "group",
			"origin": [0, 0, 0],
			"color": 0,
			"children": [20, 21, 22]
		},
		{
			"name": "group",
			"origin": [14, 22, 8.25],
			"color": 0,
			"children": [23, 24, 25, 26, 27, 28]
		}
	]
}