{
	"credit": "Made with Blockbench",
	"texture_size": [128, 128],
	"textures": {
		"0": "item/hats/corn_stalk_straw_hat",
		"particle": "item/hats/corn_stalk_straw_hat"
	},
	"elements": [
		{
			"from": [3, 7, 5],
			"to": [3, 15, 6],
			"rotation": {"angle": 45, "axis": "z", "origin": [3, 7, 8]},
			"faces": {
				"north": {"uv": [2.125, 2, 2.125, 3], "texture": "#0"},
				"east": {"uv": [2, 2, 2.125, 3], "texture": "#0"},
				"south": {"uv": [2.25, 2, 2.25, 3], "texture": "#0"},
				"west": {"uv": [2.125, 2, 2.25, 3], "texture": "#0"},
				"up": {"uv": [2.125, 2, 2.125, 1.875], "texture": "#0"},
				"down": {"uv": [2.125, 1.875, 2.125, 2], "texture": "#0"}
			}
		},
		{
			"from": [3, 6, 6],
			"to": [4, 15, 6],
			"rotation": {"angle": 45, "axis": "z", "origin": [3, 7, 8]},
			"faces": {
				"north": {"uv": [2, 0.875, 2.125, 2], "texture": "#0"},
				"east": {"uv": [2, 0.875, 2, 2], "texture": "#0"},
				"south": {"uv": [2.125, 0.875, 2.25, 2], "texture": "#0"},
				"west": {"uv": [2.125, 0.875, 2.125, 2], "texture": "#0"},
				"up": {"uv": [2.125, 0.875, 2, 0.875], "texture": "#0"},
				"down": {"uv": [2.25, 0.875, 2.125, 0.875], "texture": "#0"}
			}
		},
		{
			"from": [3, 15, 6],
			"to": [6, 19, 6],
			"rotation": {"angle": 45, "axis": "z", "origin": [3, 7, 8]},
			"faces": {
				"north": {"uv": [1.25, 2.875, 1.625, 3.375], "texture": "#0"},
				"east": {"uv": [1.25, 2.875, 1.25, 3.375], "texture": "#0"},
				"south": {"uv": [1.625, 2.875, 2, 3.375], "texture": "#0"},
				"west": {"uv": [1.625, 2.875, 1.625, 3.375], "texture": "#0"},
				"up": {"uv": [1.625, 2.875, 1.25, 2.875], "texture": "#0"},
				"down": {"uv": [2, 2.875, 1.625, 2.875], "texture": "#0"}
			}
		},
		{
			"from": [3, 15, 3],
			"to": [3, 19, 6],
			"rotation": {"angle": 45, "axis": "z", "origin": [3, 7, 8]},
			"faces": {
				"north": {"uv": [0.375, 2.125, 0.375, 2.625], "texture": "#0"},
				"east": {"uv": [0, 2.125, 0.375, 2.625], "texture": "#0"},
				"south": {"uv": [0.75, 2.125, 0.75, 2.625], "texture": "#0"},
				"west": {"uv": [0.375, 2.125, 0.75, 2.625], "texture": "#0"},
				"up": {"uv": [0.375, 2.125, 0.375, 1.75], "texture": "#0"},
				"down": {"uv": [0.375, 1.75, 0.375, 2.125], "texture": "#0"}
			}
		},
		{
			"from": [-2.54607, 5.5, 4.5],
			"to": [-0.54607, 10.5, 6.5],
			"rotation": {"angle": -22.5, "axis": "z", "origin": [-0.48541, 10.47487, 5.5]},
			"faces": {
				"north": {"uv": [1.25, 1.75, 1.5, 2.375], "texture": "#0"},
				"east": {"uv": [1, 1.75, 1.25, 2.375], "texture": "#0"},
				"south": {"uv": [1.75, 1.75, 2, 2.375], "texture": "#0"},
				"west": {"uv": [1.5, 1.75, 1.75, 2.375], "texture": "#0"},
				"up": {"uv": [1.5, 1.75, 1.25, 1.5], "texture": "#0"},
				"down": {"uv": [1.75, 1.5, 1.5, 1.75], "texture": "#0"}
			}
		},
		{
			"from": [2.47893, 9.5, 5],
			"to": [4.47893, 14.5, 7],
			"rotation": {"angle": -22.5, "axis": "z", "origin": [4.53959, 14.47487, 6]},
			"faces": {
				"north": {"uv": [0.25, 1.5, 0.5, 2.125], "texture": "#0"},
				"east": {"uv": [0, 1.5, 0.25, 2.125], "texture": "#0"},
				"south": {"uv": [0.75, 1.5, 1, 2.125], "texture": "#0"},
				"west": {"uv": [0.5, 1.5, 0.75, 2.125], "texture": "#0"},
				"up": {"uv": [0.5, 1.5, 0.25, 1.25], "texture": "#0"},
				"down": {"uv": [0.75, 1.25, 0.5, 1.5], "texture": "#0"}
			}
		},
		{
			"from": [0.88199, 10.66727, 3],
			"to": [2.88199, 10.66727, 5],
			"rotation": {"angle": 45, "axis": "x", "origin": [1.88199, 10.66727, 5]},
			"faces": {
				"north": {"uv": [1.25, 3.625, 1.5, 3.625], "texture": "#0"},
				"east": {"uv": [1, 3.625, 1.25, 3.625], "texture": "#0"},
				"south": {"uv": [1.75, 3.625, 2, 3.625], "texture": "#0"},
				"west": {"uv": [1.5, 3.625, 1.75, 3.625], "texture": "#0"},
				"up": {"uv": [1.5, 3.625, 1.25, 3.375], "texture": "#0"},
				"down": {"uv": [1.75, 3.375, 1.5, 3.625], "texture": "#0"}
			}
		},
		{
			"from": [0.88199, 10.66727, 7],
			"to": [2.88199, 10.66727, 9],
			"rotation": {"angle": -45, "axis": "x", "origin": [1.88199, 10.66727, 7]},
			"faces": {
				"north": {"uv": [0.25, 3.625, 0.5, 3.625], "texture": "#0"},
				"east": {"uv": [0, 3.625, 0.25, 3.625], "texture": "#0"},
				"south": {"uv": [0.75, 3.625, 1, 3.625], "texture": "#0"},
				"west": {"uv": [0.5, 3.625, 0.75, 3.625], "texture": "#0"},
				"up": {"uv": [0.5, 3.625, 0.25, 3.375], "texture": "#0"},
				"down": {"uv": [0.75, 3.375, 0.5, 3.625], "texture": "#0"}
			}
		},
		{
			"from": [1.54301, 12.21727, 7],
			"to": [3.54301, 12.21727, 9],
			"rotation": {"angle": -45, "axis": "x", "origin": [2.54301, 12.21727, 7]},
			"faces": {
				"north": {"uv": [0.75, 3.5, 1, 3.5], "texture": "#0"},
				"east": {"uv": [0.5, 3.5, 0.75, 3.5], "texture": "#0"},
				"south": {"uv": [1.25, 3.5, 1.5, 3.5], "texture": "#0"},
				"west": {"uv": [1, 3.5, 1.25, 3.5], "texture": "#0"},
				"up": {"uv": [1, 3.5, 0.75, 3.25], "texture": "#0"},
				"down": {"uv": [1.25, 3.25, 1, 3.5], "texture": "#0"}
			}
		},
		{
			"from": [1.44301, 12.21727, 3],
			"to": [3.44301, 12.21727, 5],
			"rotation": {"angle": 45, "axis": "x", "origin": [2.44301, 12.21727, 5]},
			"faces": {
				"north": {"uv": [0.75, 3.25, 1, 3.25], "texture": "#0"},
				"east": {"uv": [0.5, 3.25, 0.75, 3.25], "texture": "#0"},
				"south": {"uv": [1.25, 3.25, 1.5, 3.25], "texture": "#0"},
				"west": {"uv": [1, 3.25, 1.25, 3.25], "texture": "#0"},
				"up": {"uv": [1, 3.25, 0.75, 3], "texture": "#0"},
				"down": {"uv": [1.25, 3, 1, 3.25], "texture": "#0"}
			}
		},
		{
			"from": [0.73199, 10.66727, 5],
			"to": [0.73199, 12.66727, 7],
			"rotation": {"angle": 22.5, "axis": "z", "origin": [0.73199, 10.66727, 6]},
			"faces": {
				"north": {"uv": [0.75, 4.5, 0.75, 4.75], "texture": "#0"},
				"east": {"uv": [0.5, 4.5, 0.75, 4.75], "texture": "#0"},
				"south": {"uv": [1, 4.5, 1, 4.75], "texture": "#0"},
				"west": {"uv": [0.75, 4.5, 1, 4.75], "texture": "#0"},
				"up": {"uv": [0.75, 4.5, 0.75, 4.25], "texture": "#0"},
				"down": {"uv": [0.75, 4.25, 0.75, 4.5], "texture": "#0"}
			}
		},
		{
			"from": [1.44301, 12.21727, 5],
			"to": [1.44301, 14.21727, 7],
			"rotation": {"angle": 22.5, "axis": "z", "origin": [1.44301, 12.21727, 6]},
			"faces": {
				"north": {"uv": [0.25, 4.5, 0.25, 4.75], "texture": "#0"},
				"east": {"uv": [0, 4.5, 0.25, 4.75], "texture": "#0"},
				"south": {"uv": [0.5, 4.5, 0.5, 4.75], "texture": "#0"},
				"west": {"uv": [0.25, 4.5, 0.5, 4.75], "texture": "#0"},
				"up": {"uv": [0.25, 4.5, 0.25, 4.25], "texture": "#0"},
				"down": {"uv": [0.25, 4.25, 0.25, 4.5], "texture": "#0"}
			}
		},
		{
			"from": [3.54301, 12.21727, 5],
			"to": [5.54301, 12.21727, 7],
			"rotation": {"angle": 22.5, "axis": "z", "origin": [3.54301, 12.21727, 6]},
			"faces": {
				"north": {"uv": [0.75, 3.75, 1, 3.75], "texture": "#0"},
				"east": {"uv": [0.5, 3.75, 0.75, 3.75], "texture": "#0"},
				"south": {"uv": [1.25, 3.75, 1.5, 3.75], "texture": "#0"},
				"west": {"uv": [1, 3.75, 1.25, 3.75], "texture": "#0"},
				"up": {"uv": [1, 3.75, 0.75, 3.5], "texture": "#0"},
				"down": {"uv": [1.25, 3.5, 1, 3.75], "texture": "#0"}
			}
		},
		{
			"from": [2.57975, 9.9019, 5],
			"to": [4.57975, 9.9019, 7],
			"rotation": {"angle": 22.5, "axis": "z", "origin": [2.57975, 9.9019, 6]},
			"faces": {
				"north": {"uv": [1.75, 3.625, 2, 3.625], "texture": "#0"},
				"east": {"uv": [1.5, 3.625, 1.75, 3.625], "texture": "#0"},
				"south": {"uv": [2.25, 3.625, 2.5, 3.625], "texture": "#0"},
				"west": {"uv": [2, 3.625, 2.25, 3.625], "texture": "#0"},
				"up": {"uv": [2, 3.625, 1.75, 3.375], "texture": "#0"},
				"down": {"uv": [2.25, 3.375, 2, 3.625], "texture": "#0"}
			}
		},
		{
			"from": [-2.63183, 8.5213, 4.5],
			"to": [-0.63183, 10.5213, 4.5],
			"rotation": {"angle": 45, "axis": "x", "origin": [-1.63183, 10.5213, 4.5]},
			"faces": {
				"north": {"uv": [3.5, 5.75, 3.75, 6], "texture": "#0"},
				"east": {"uv": [3.5, 5.75, 3.5, 6], "texture": "#0"},
				"south": {"uv": [3.75, 5.75, 4, 6], "texture": "#0"},
				"west": {"uv": [3.75, 5.75, 3.75, 6], "texture": "#0"},
				"up": {"uv": [3.75, 5.75, 3.5, 5.75], "texture": "#0"},
				"down": {"uv": [4, 5.75, 3.75, 5.75], "texture": "#0"}
			}
		},
		{
			"from": [-2.63183, 8.5213, 6.5],
			"to": [-0.63183, 10.5213, 6.5],
			"rotation": {"angle": -45, "axis": "x", "origin": [-1.63183, 10.5213, 6.5]},
			"faces": {
				"north": {"uv": [5.75, 3.25, 6, 3.5], "texture": "#0"},
				"east": {"uv": [5.75, 3.25, 5.75, 3.5], "texture": "#0"},
				"south": {"uv": [6, 3.25, 6.25, 3.5], "texture": "#0"},
				"west": {"uv": [6, 3.25, 6, 3.5], "texture": "#0"},
				"up": {"uv": [6, 3.25, 5.75, 3.25], "texture": "#0"},
				"down": {"uv": [6.25, 3.25, 6, 3.25], "texture": "#0"}
			}
		},
		{
			"from": [-3.53183, 6.2713, 6.5],
			"to": [-1.53183, 8.2713, 6.5],
			"rotation": {"angle": -45, "axis": "x", "origin": [-2.53183, 8.2713, 6.5]},
			"faces": {
				"north": {"uv": [3, 5.75, 3.25, 6], "texture": "#0"},
				"east": {"uv": [3, 5.75, 3, 6], "texture": "#0"},
				"south": {"uv": [3.25, 5.75, 3.5, 6], "texture": "#0"},
				"west": {"uv": [3.25, 5.75, 3.25, 6], "texture": "#0"},
				"up": {"uv": [3.25, 5.75, 3, 5.75], "texture": "#0"},
				"down": {"uv": [3.5, 5.75, 3.25, 5.75], "texture": "#0"}
			}
		},
		{
			"from": [-3.53183, 6.2713, 4.5],
			"to": [-1.53183, 8.2713, 4.5],
			"rotation": {"angle": 45, "axis": "x", "origin": [-2.53183, 8.2713, 4.5]},
			"faces": {
				"north": {"uv": [2.5, 5.75, 2.75, 6], "texture": "#0"},
				"east": {"uv": [2.5, 5.75, 2.5, 6], "texture": "#0"},
				"south": {"uv": [2.75, 5.75, 3, 6], "texture": "#0"},
				"west": {"uv": [2.75, 5.75, 2.75, 6], "texture": "#0"},
				"up": {"uv": [2.75, 5.75, 2.5, 5.75], "texture": "#0"},
				"down": {"uv": [3, 5.75, 2.75, 5.75], "texture": "#0"}
			}
		},
		{
			"from": [-4.37959, 11.28667, 4.5],
			"to": [-2.37959, 11.28667, 6.5],
			"rotation": {"angle": 22.5, "axis": "z", "origin": [-2.37959, 11.28667, 5.5]},
			"faces": {
				"north": {"uv": [1.25, 3.875, 1.5, 3.875], "texture": "#0"},
				"east": {"uv": [1, 3.875, 1.25, 3.875], "texture": "#0"},
				"south": {"uv": [1.75, 3.875, 2, 3.875], "texture": "#0"},
				"west": {"uv": [1.5, 3.875, 1.75, 3.875], "texture": "#0"},
				"up": {"uv": [1.5, 3.875, 1.25, 3.625], "texture": "#0"},
				"down": {"uv": [1.75, 3.625, 1.5, 3.875], "texture": "#0"}
			}
		},
		{
			"from": [-5.53145, 8.52038, 4.5],
			"to": [-3.53145, 8.52038, 6.5],
			"rotation": {"angle": 22.5, "axis": "z", "origin": [-3.53145, 8.52038, 5.5]},
			"faces": {
				"north": {"uv": [0.25, 3.875, 0.5, 3.875], "texture": "#0"},
				"east": {"uv": [0, 3.875, 0.25, 3.875], "texture": "#0"},
				"south": {"uv": [0.75, 3.875, 1, 3.875], "texture": "#0"},
				"west": {"uv": [0.5, 3.875, 0.75, 3.875], "texture": "#0"},
				"up": {"uv": [0.5, 3.875, 0.25, 3.625], "texture": "#0"},
				"down": {"uv": [0.75, 3.625, 0.5, 3.875], "texture": "#0"}
			}
		},
		{
			"from": [-1.53276, 6.12092, 4.5],
			"to": [-1.53276, 8.12092, 6.5],
			"rotation": {"angle": 22.5, "axis": "z", "origin": [-1.53276, 8.12092, 5.5]},
			"faces": {
				"north": {"uv": [1.75, 4.625, 1.75, 4.875], "texture": "#0"},
				"east": {"uv": [1.5, 4.625, 1.75, 4.875], "texture": "#0"},
				"south": {"uv": [2, 4.625, 2, 4.875], "texture": "#0"},
				"west": {"uv": [1.75, 4.625, 2, 4.875], "texture": "#0"},
				"up": {"uv": [1.75, 4.625, 1.75, 4.375], "texture": "#0"},
				"down": {"uv": [1.75, 4.375, 1.75, 4.625], "texture": "#0"}
			}
		},
		{
			"from": [-0.53276, 8.52092, 4.5],
			"to": [-0.53276, 10.52092, 6.5],
			"rotation": {"angle": 22.5, "axis": "z", "origin": [-0.53276, 10.52092, 5.5]},
			"faces": {
				"north": {"uv": [1.25, 4.5, 1.25, 4.75], "texture": "#0"},
				"east": {"uv": [1, 4.5, 1.25, 4.75], "texture": "#0"},
				"south": {"uv": [1.5, 4.5, 1.5, 4.75], "texture": "#0"},
				"west": {"uv": [1.25, 4.5, 1.5, 4.75], "texture": "#0"},
				"up": {"uv": [1.25, 4.5, 1.25, 4.25], "texture": "#0"},
				"down": {"uv": [1.25, 4.25, 1.25, 4.5], "texture": "#0"}
			}
		},
		{
			"from": [15.53276, 7.52092, 9.5],
			"to": [15.53276, 9.52092, 11.5],
			"rotation": {"angle": -22.5, "axis": "z", "origin": [15.53276, 9.52092, 10.5]},
			"faces": {
				"north": {"uv": [0.25, 4.25, 0.25, 4.5], "texture": "#0"},
				"east": {"uv": [0, 4.25, 0.25, 4.5], "texture": "#0"},
				"south": {"uv": [0.5, 4.25, 0.5, 4.5], "texture": "#0"},
				"west": {"uv": [0.25, 4.25, 0.5, 4.5], "texture": "#0"},
				"up": {"uv": [0.25, 4.25, 0.25, 4], "texture": "#0"},
				"down": {"uv": [0.25, 4, 0.25, 4.25], "texture": "#0"}
			}
		},
		{
			"from": [16.53276, 5.12092, 9.5],
			"to": [16.53276, 7.12092, 11.5],
			"rotation": {"angle": -22.5, "axis": "z", "origin": [16.53276, 7.12092, 10.5]},
			"faces": {
				"north": {"uv": [0.75, 4.25, 0.75, 4.5], "texture": "#0"},
				"east": {"uv": [0.5, 4.25, 0.75, 4.5], "texture": "#0"},
				"south": {"uv": [1, 4.25, 1, 4.5], "texture": "#0"},
				"west": {"uv": [0.75, 4.25, 1, 4.5], "texture": "#0"},
				"up": {"uv": [0.75, 4.25, 0.75, 4], "texture": "#0"},
				"down": {"uv": [0.75, 4, 0.75, 4.25], "texture": "#0"}
			}
		},
		{
			"from": [18.53145, 7.52038, 9.5],
			"to": [20.53145, 7.52038, 11.5],
			"rotation": {"angle": -22.5, "axis": "z", "origin": [18.53145, 7.52038, 10.5]},
			"faces": {
				"north": {"uv": [0.75, 0.25, 1, 0.25], "texture": "#0"},
				"east": {"uv": [0.5, 0.25, 0.75, 0.25], "texture": "#0"},
				"south": {"uv": [1.25, 0.25, 1.5, 0.25], "texture": "#0"},
				"west": {"uv": [1, 0.25, 1.25, 0.25], "texture": "#0"},
				"up": {"uv": [1, 0.25, 0.75, 0], "texture": "#0"},
				"down": {"uv": [1.25, 0, 1, 0.25], "texture": "#0"}
			}
		},
		{
			"from": [17.37959, 10.28667, 9.5],
			"to": [19.37959, 10.28667, 11.5],
			"rotation": {"angle": -22.5, "axis": "z", "origin": [17.37959, 10.28667, 10.5]},
			"faces": {
				"north": {"uv": [1, 0.5, 1.25, 0.5], "texture": "#0"},
				"east": {"uv": [0.75, 0.5, 1, 0.5], "texture": "#0"},
				"south": {"uv": [1.5, 0.5, 1.75, 0.5], "texture": "#0"},
				"west": {"uv": [1.25, 0.5, 1.5, 0.5], "texture": "#0"},
				"up": {"uv": [1.25, 0.5, 1, 0.25], "texture": "#0"},
				"down": {"uv": [1.5, 0.25, 1.25, 0.5], "texture": "#0"}
			}
		},
		{
			"from": [16.53183, 5.2713, 9.5],
			"to": [18.53183, 7.2713, 9.5],
			"rotation": {"angle": 45, "axis": "x", "origin": [17.53183, 7.2713, 9.5]},
			"faces": {
				"north": {"uv": [0, 4.75, 0.25, 5], "texture": "#0"},
				"east": {"uv": [0, 4.75, 0, 5], "texture": "#0"},
				"south": {"uv": [0.25, 4.75, 0.5, 5], "texture": "#0"},
				"west": {"uv": [0.25, 4.75, 0.25, 5], "texture": "#0"},
				"up": {"uv": [0.25, 4.75, 0, 4.75], "texture": "#0"},
				"down": {"uv": [0.5, 4.75, 0.25, 4.75], "texture": "#0"}
			}
		},
		{
			"from": [16.53183, 5.2713, 11.5],
			"to": [18.53183, 7.2713, 11.5],
			"rotation": {"angle": -45, "axis": "x", "origin": [17.53183, 7.2713, 11.5]},
			"faces": {
				"north": {"uv": [0.5, 4.75, 0.75, 5], "texture": "#0"},
				"east": {"uv": [0.5, 4.75, 0.5, 5], "texture": "#0"},
				"south": {"uv": [0.75, 4.75, 1, 5], "texture": "#0"},
				"west": {"uv": [0.75, 4.75, 0.75, 5], "texture": "#0"},
				"up": {"uv": [0.75, 4.75, 0.5, 4.75], "texture": "#0"},
				"down": {"uv": [1, 4.75, 0.75, 4.75], "texture": "#0"}
			}
		},
		{
			"from": [15.63183, 7.5213, 11.5],
			"to": [17.63183, 9.5213, 11.5],
			"rotation": {"angle": -45, "axis": "x", "origin": [16.63183, 9.5213, 11.5]},
			"faces": {
				"north": {"uv": [1, 4.75, 1.25, 5], "texture": "#0"},
				"east": {"uv": [1, 4.75, 1, 5], "texture": "#0"},
				"south": {"uv": [1.25, 4.75, 1.5, 5], "texture": "#0"},
				"west": {"uv": [1.25, 4.75, 1.25, 5], "texture": "#0"},
				"up": {"uv": [1.25, 4.75, 1, 4.75], "texture": "#0"},
				"down": {"uv": [1.5, 4.75, 1.25, 4.75], "texture": "#0"}
			}
		},
		{
			"from": [15.63183, 7.5213, 9.5],
			"to": [17.63183, 9.5213, 9.5],
			"rotation": {"angle": 45, "axis": "x", "origin": [16.63183, 9.5213, 9.5]},
			"faces": {
				"north": {"uv": [1.5, 4.875, 1.75, 5.125], "texture": "#0"},
				"east": {"uv": [1.5, 4.875, 1.5, 5.125], "texture": "#0"},
				"south": {"uv": [1.75, 4.875, 2, 5.125], "texture": "#0"},
				"west": {"uv": [1.75, 4.875, 1.75, 5.125], "texture": "#0"},
				"up": {"uv": [1.75, 4.875, 1.5, 4.875], "texture": "#0"},
				"down": {"uv": [2, 4.875, 1.75, 4.875], "texture": "#0"}
			}
		},
		{
			"from": [9.92025, 8.4019, 10],
			"to": [11.92025, 8.4019, 12],
			"rotation": {"angle": -22.5, "axis": "z", "origin": [11.92025, 8.4019, 11]},
			"faces": {
				"north": {"uv": [1.25, 0.25, 1.5, 0.25], "texture": "#0"},
				"east": {"uv": [1, 0.25, 1.25, 0.25], "texture": "#0"},
				"south": {"uv": [1.75, 0.25, 2, 0.25], "texture": "#0"},
				"west": {"uv": [1.5, 0.25, 1.75, 0.25], "texture": "#0"},
				"up": {"uv": [1.5, 0.25, 1.25, 0], "texture": "#0"},
				"down": {"uv": [1.75, 0, 1.5, 0.25], "texture": "#0"}
			}
		},
		{
			"from": [9.06801, 10.66727, 10],
			"to": [11.06801, 10.66727, 12],
			"rotation": {"angle": -22.5, "axis": "z", "origin": [11.06801, 10.66727, 11]},
			"faces": {
				"north": {"uv": [1.75, 0.25, 2, 0.25], "texture": "#0"},
				"east": {"uv": [1.5, 0.25, 1.75, 0.25], "texture": "#0"},
				"south": {"uv": [2.25, 0.25, 2.5, 0.25], "texture": "#0"},
				"west": {"uv": [2, 0.25, 2.25, 0.25], "texture": "#0"},
				"up": {"uv": [2, 0.25, 1.75, 0], "texture": "#0"},
				"down": {"uv": [2.25, 0, 2, 0.25], "texture": "#0"}
			}
		},
		{
			"from": [13.06801, 10.66798, 9.99929],
			"to": [13.06801, 12.66798, 11.99929],
			"rotation": {"angle": -22.5, "axis": "z", "origin": [13.06801, 10.66798, 10.99929]},
			"faces": {
				"north": {"uv": [1.25, 4.25, 1.25, 4.5], "texture": "#0"},
				"east": {"uv": [1, 4.25, 1.25, 4.5], "texture": "#0"},
				"south": {"uv": [1.5, 4.25, 1.5, 4.5], "texture": "#0"},
				"west": {"uv": [1.25, 4.25, 1.5, 4.5], "texture": "#0"},
				"up": {"uv": [1.25, 4.25, 1.25, 4], "texture": "#0"},
				"down": {"uv": [1.25, 4, 1.25, 4.25], "texture": "#0"}
			}
		},
		{
			"from": [13.76801, 9.16727, 10],
			"to": [13.76801, 11.16727, 12],
			"rotation": {"angle": -22.5, "axis": "z", "origin": [13.76801, 9.16727, 11]},
			"faces": {
				"north": {"uv": [1.75, 4.375, 1.75, 4.625], "texture": "#0"},
				"east": {"uv": [1.5, 4.375, 1.75, 4.625], "texture": "#0"},
				"south": {"uv": [2, 4.375, 2, 4.625], "texture": "#0"},
				"west": {"uv": [1.75, 4.375, 2, 4.625], "texture": "#0"},
				"up": {"uv": [1.75, 4.375, 1.75, 4.125], "texture": "#0"},
				"down": {"uv": [1.75, 4.125, 1.75, 4.375], "texture": "#0"}
			}
		},
		{
			"from": [10.81801, 11.16727, 8],
			"to": [12.81801, 11.16727, 10],
			"rotation": {"angle": 45, "axis": "x", "origin": [11.81801, 11.16727, 10]},
			"faces": {
				"north": {"uv": [1.5, 2.625, 1.75, 2.625], "texture": "#0"},
				"east": {"uv": [1.25, 2.625, 1.5, 2.625], "texture": "#0"},
				"south": {"uv": [2, 2.625, 2.25, 2.625], "texture": "#0"},
				"west": {"uv": [1.75, 2.625, 2, 2.625], "texture": "#0"},
				"up": {"uv": [1.75, 2.625, 1.5, 2.375], "texture": "#0"},
				"down": {"uv": [2, 2.375, 1.75, 2.625], "texture": "#0"}
			}
		},
		{
			"from": [11.06801, 10.66727, 12],
			"to": [13.06801, 10.66727, 14],
			"rotation": {"angle": -45, "axis": "x", "origin": [12.06801, 10.66727, 12]},
			"faces": {
				"north": {"uv": [0.25, 2.875, 0.5, 2.875], "texture": "#0"},
				"east": {"uv": [0, 2.875, 0.25, 2.875], "texture": "#0"},
				"south": {"uv": [0.75, 2.875, 1, 2.875], "texture": "#0"},
				"west": {"uv": [0.5, 2.875, 0.75, 2.875], "texture": "#0"},
				"up": {"uv": [0.5, 2.875, 0.25, 2.625], "texture": "#0"},
				"down": {"uv": [0.75, 2.625, 0.5, 2.875], "texture": "#0"}
			}
		},
		{
			"from": [11.61801, 9.16727, 12],
			"to": [13.61801, 9.16727, 14],
			"rotation": {"angle": -45, "axis": "x", "origin": [12.61801, 9.16727, 12]},
			"faces": {
				"north": {"uv": [1.5, 2.875, 1.75, 2.875], "texture": "#0"},
				"east": {"uv": [1.25, 2.875, 1.5, 2.875], "texture": "#0"},
				"south": {"uv": [2, 2.875, 2.25, 2.875], "texture": "#0"},
				"west": {"uv": [1.75, 2.875, 2, 2.875], "texture": "#0"},
				"up": {"uv": [1.75, 2.875, 1.5, 2.625], "texture": "#0"},
				"down": {"uv": [2, 2.625, 1.75, 2.875], "texture": "#0"}
			}
		},
		{
			"from": [11.61801, 9.16727, 8],
			"to": [13.61801, 9.16727, 10],
			"rotation": {"angle": 45, "axis": "x", "origin": [12.61801, 9.16727, 10]},
			"faces": {
				"north": {"uv": [0.75, 3, 1, 3], "texture": "#0"},
				"east": {"uv": [0.5, 3, 0.75, 3], "texture": "#0"},
				"south": {"uv": [1.25, 3, 1.5, 3], "texture": "#0"},
				"west": {"uv": [1, 3, 1.25, 3], "texture": "#0"},
				"up": {"uv": [1, 3, 0.75, 2.75], "texture": "#0"},
				"down": {"uv": [1.25, 2.75, 1, 3], "texture": "#0"}
			}
		},
		{
			"from": [10.02107, 8, 10],
			"to": [12.02107, 13, 12],
			"rotation": {"angle": 22.5, "axis": "z", "origin": [9.96041, 12.97487, 11]},
			"faces": {
				"north": {"uv": [0.25, 0.25, 0.5, 0.875], "texture": "#0"},
				"east": {"uv": [0, 0.25, 0.25, 0.875], "texture": "#0"},
				"south": {"uv": [0.75, 0.25, 1, 0.875], "texture": "#0"},
				"west": {"uv": [0.5, 0.25, 0.75, 0.875], "texture": "#0"},
				"up": {"uv": [0.5, 0.25, 0.25, 0], "texture": "#0"},
				"down": {"uv": [0.75, 0, 0.5, 0.25], "texture": "#0"}
			}
		},
		{
			"from": [15.54607, 4.5, 9.5],
			"to": [17.54607, 9.5, 11.5],
			"rotation": {"angle": 22.5, "axis": "z", "origin": [15.48541, 9.47487, 10.5]},
			"faces": {
				"north": {"uv": [1, 0.875, 1.25, 1.5], "texture": "#0"},
				"east": {"uv": [0.75, 0.875, 1, 1.5], "texture": "#0"},
				"south": {"uv": [1.5, 0.875, 1.75, 1.5], "texture": "#0"},
				"west": {"uv": [1.25, 0.875, 1.5, 1.5], "texture": "#0"},
				"up": {"uv": [1.25, 0.875, 1, 0.625], "texture": "#0"},
				"down": {"uv": [1.5, 0.625, 1.25, 0.875], "texture": "#0"}
			}
		},
		{
			"from": [11.58579, 13.58579, 8],
			"to": [11.58579, 17.58579, 11],
			"rotation": {"angle": -45, "axis": "z", "origin": [11.58579, 5.58579, 13]},
			"faces": {
				"north": {"uv": [1.875, 0.375, 1.875, 0.875], "texture": "#0"},
				"east": {"uv": [1.5, 0.375, 1.875, 0.875], "texture": "#0"},
				"south": {"uv": [2.25, 0.375, 2.25, 0.875], "texture": "#0"},
				"west": {"uv": [1.875, 0.375, 2.25, 0.875], "texture": "#0"},
				"up": {"uv": [1.875, 0.375, 1.875, 0], "texture": "#0"},
				"down": {"uv": [1.875, 0, 1.875, 0.375], "texture": "#0"}
			}
		},
		{
			"from": [8.58579, 13.58579, 11],
			"to": [11.58579, 17.58579, 11],
			"rotation": {"angle": -45, "axis": "z", "origin": [11.58579, 5.58579, 13]},
			"faces": {
				"north": {"uv": [0, 2.875, 0.375, 3.375], "texture": "#0"},
				"east": {"uv": [0, 2.875, 0, 3.375], "texture": "#0"},
				"south": {"uv": [0.375, 2.875, 0.75, 3.375], "texture": "#0"},
				"west": {"uv": [0.375, 2.875, 0.375, 3.375], "texture": "#0"},
				"up": {"uv": [0.375, 2.875, 0, 2.875], "texture": "#0"},
				"down": {"uv": [0.75, 2.875, 0.375, 2.875], "texture": "#0"}
			}
		},
		{
			"from": [12, 6, 11],
			"to": [13, 13, 11],
			"rotation": {"angle": -45, "axis": "z", "origin": [13, 7, 13]},
			"faces": {
				"north": {"uv": [1.75, 0.875, 1.875, 1.75], "texture": "#0"},
				"east": {"uv": [1.75, 0.875, 1.75, 1.75], "texture": "#0"},
				"south": {"uv": [1.875, 0.875, 2, 1.75], "texture": "#0"},
				"west": {"uv": [1.875, 0.875, 1.875, 1.75], "texture": "#0"},
				"up": {"uv": [1.875, 0.875, 1.75, 0.875], "texture": "#0"},
				"down": {"uv": [2, 0.875, 1.875, 0.875], "texture": "#0"}
			}
		},
		{
			"from": [13, 7, 10],
			"to": [13, 13, 11],
			"rotation": {"angle": -45, "axis": "z", "origin": [13, 7, 13]},
			"faces": {
				"north": {"uv": [0.125, 3.375, 0.125, 4.125], "texture": "#0"},
				"east": {"uv": [0, 3.375, 0.125, 4.125], "texture": "#0"},
				"south": {"uv": [0.25, 3.375, 0.25, 4.125], "texture": "#0"},
				"west": {"uv": [0.125, 3.375, 0.25, 4.125], "texture": "#0"},
				"up": {"uv": [0.125, 3.375, 0.125, 3.25], "texture": "#0"},
				"down": {"uv": [0.125, 3.25, 0.125, 3.375], "texture": "#0"}
			}
		},
		{
			"from": [11, 7, 3],
			"to": [12, 10, 3],
			"rotation": {"angle": -22.5, "axis": "x", "origin": [11, 7, 3]},
			"faces": {
				"north": {"uv": [2, 4, 2.125, 4.375], "texture": "#0"},
				"east": {"uv": [2, 4, 2, 4.375], "texture": "#0"},
				"south": {"uv": [2.125, 4, 2.25, 4.375], "texture": "#0"},
				"west": {"uv": [2.125, 4, 2.125, 4.375], "texture": "#0"},
				"up": {"uv": [2.125, 4, 2, 4], "texture": "#0"},
				"down": {"uv": [2.25, 4, 2.125, 4], "texture": "#0"}
			}
		},
		{
			"from": [11, 4, 2],
			"to": [11, 10, 3],
			"rotation": {"angle": -22.5, "axis": "x", "origin": [11, 7, 3]},
			"faces": {
				"north": {"uv": [1.875, 3.625, 1.875, 4.375], "texture": "#0"},
				"east": {"uv": [1.75, 3.625, 1.875, 4.375], "texture": "#0"},
				"south": {"uv": [2, 3.625, 2, 4.375], "texture": "#0"},
				"west": {"uv": [1.875, 3.625, 2, 4.375], "texture": "#0"},
				"up": {"uv": [1.875, 3.625, 1.875, 3.5], "texture": "#0"},
				"down": {"uv": [1.875, 3.5, 1.875, 3.625], "texture": "#0"}
			}
		},
		{
			"from": [11, 10, 0],
			"to": [11, 13, 3],
			"rotation": {"angle": -22.5, "axis": "x", "origin": [11, 7, 3]},
			"faces": {
				"north": {"uv": [1.125, 2.375, 1.125, 2.75], "texture": "#0"},
				"east": {"uv": [0.75, 2.375, 1.125, 2.75], "texture": "#0"},
				"south": {"uv": [1.5, 2.375, 1.5, 2.75], "texture": "#0"},
				"west": {"uv": [1.125, 2.375, 1.5, 2.75], "texture": "#0"},
				"up": {"uv": [1.125, 2.375, 1.125, 2], "texture": "#0"},
				"down": {"uv": [1.125, 2, 1.125, 2.375], "texture": "#0"}
			}
		},
		{
			"from": [11, 10, 3],
			"to": [14, 13, 3],
			"rotation": {"angle": -22.5, "axis": "x", "origin": [11, 7, 3]},
			"faces": {
				"north": {"uv": [1, 3.875, 1.375, 4.25], "texture": "#0"},
				"east": {"uv": [1, 3.875, 1, 4.25], "texture": "#0"},
				"south": {"uv": [1.375, 3.875, 1.75, 4.25], "texture": "#0"},
				"west": {"uv": [1.375, 3.875, 1.375, 4.25], "texture": "#0"},
				"up": {"uv": [1.375, 3.875, 1, 3.875], "texture": "#0"},
				"down": {"uv": [1.75, 3.875, 1.375, 3.875], "texture": "#0"}
			}
		},
		{
			"from": [5, 7, 11],
			"to": [6, 10, 11],
			"rotation": {"angle": 22.5, "axis": "x", "origin": [6, 7, 11]},
			"faces": {
				"north": {"uv": [2, 3.625, 2.125, 4], "texture": "#0"},
				"east": {"uv": [2, 3.625, 2, 4], "texture": "#0"},
				"south": {"uv": [2.125, 3.625, 2.25, 4], "texture": "#0"},
				"west": {"uv": [2.125, 3.625, 2.125, 4], "texture": "#0"},
				"up": {"uv": [2.125, 3.625, 2, 3.625], "texture": "#0"},
				"down": {"uv": [2.25, 3.625, 2.125, 3.625], "texture": "#0"}
			}
		},
		{
			"from": [6, 7, 11],
			"to": [6, 10, 12],
			"rotation": {"angle": 22.5, "axis": "x", "origin": [6, 7, 11]},
			"faces": {
				"north": {"uv": [2.125, 3, 2.125, 3.375], "texture": "#0"},
				"east": {"uv": [2, 3, 2.125, 3.375], "texture": "#0"},
				"south": {"uv": [2.25, 3, 2.25, 3.375], "texture": "#0"},
				"west": {"uv": [2.125, 3, 2.25, 3.375], "texture": "#0"},
				"up": {"uv": [2.125, 3, 2.125, 2.875], "texture": "#0"},
				"down": {"uv": [2.125, 2.875, 2.125, 3], "texture": "#0"}
			}
		},
		{
			"from": [6, 10, 11],
			"to": [6, 13, 14],
			"rotation": {"angle": 22.5, "axis": "x", "origin": [6, 7, 11]},
			"faces": {
				"north": {"uv": [0.375, 0.875, 0.375, 1.25], "texture": "#0"},
				"east": {"uv": [0, 0.875, 0.375, 1.25], "texture": "#0"},
				"south": {"uv": [0.75, 0.875, 0.75, 1.25], "texture": "#0"},
				"west": {"uv": [0.375, 0.875, 0.75, 1.25], "texture": "#0"},
				"up": {"uv": [0.375, 0.875, 0.375, 0.5], "texture": "#0"},
				"down": {"uv": [0.375, 0.5, 0.375, 0.875], "texture": "#0"}
			}
		},
		{
			"from": [3, 10, 11],
			"to": [6, 13, 11],
			"rotation": {"angle": 22.5, "axis": "x", "origin": [6, 7, 11]},
			"faces": {
				"north": {"uv": [0.25, 3.875, 0.625, 4.25], "texture": "#0"},
				"east": {"uv": [0.25, 3.875, 0.25, 4.25], "texture": "#0"},
				"south": {"uv": [0.625, 3.875, 1, 4.25], "texture": "#0"},
				"west": {"uv": [0.625, 3.875, 0.625, 4.25], "texture": "#0"},
				"up": {"uv": [0.625, 3.875, 0.25, 3.875], "texture": "#0"},
				"down": {"uv": [1, 3.875, 0.625, 3.875], "texture": "#0"}
			}
		},
		{
			"from": [2.75, 2, 2.75],
			"to": [13.25, 5, 2.75],
			"rotation": {"angle": 0, "axis": "y", "origin": [3, 1, 2.75]},
			"faces": {
				"north": {"uv": [0, 5.75, 1.25, 6.125], "texture": "#0"},
				"east": {"uv": [0, 5.75, 0, 6.125], "texture": "#0"},
				"south": {"uv": [1.25, 5.75, 2.5, 6.125], "texture": "#0"},
				"west": {"uv": [1.25, 5.75, 1.25, 6.125], "texture": "#0"},
				"up": {"uv": [1.25, 5.75, 0, 5.75], "texture": "#0"},
				"down": {"uv": [2.5, 5.75, 1.25, 5.75], "texture": "#0"}
			}
		},
		{
			"from": [2.75, 2, 13.25],
			"to": [13.25, 5, 13.25],
			"rotation": {"angle": 0, "axis": "y", "origin": [3, 1, 13.25]},
			"faces": {
				"north": {"uv": [5, 5.375, 6.25, 5.75], "texture": "#0"},
				"east": {"uv": [5, 5.375, 5, 5.75], "texture": "#0"},
				"south": {"uv": [6.25, 5.375, 7.5, 5.75], "texture": "#0"},
				"west": {"uv": [6.25, 5.375, 6.25, 5.75], "texture": "#0"},
				"up": {"uv": [6.25, 5.375, 5, 5.375], "texture": "#0"},
				"down": {"uv": [7.5, 5.375, 6.25, 5.375], "texture": "#0"}
			}
		},
		{
			"from": [2.75, 2, 2.75],
			"to": [2.75, 5, 13.25],
			"rotation": {"angle": 0, "axis": "y", "origin": [3, 1, 2.75]},
			"faces": {
				"north": {"uv": [3.75, 5.375, 3.75, 5.75], "texture": "#0"},
				"east": {"uv": [2.5, 5.375, 3.75, 5.75], "texture": "#0"},
				"south": {"uv": [5, 5.375, 5, 5.75], "texture": "#0"},
				"west": {"uv": [3.75, 5.375, 5, 5.75], "texture": "#0"},
				"up": {"uv": [3.75, 5.375, 3.75, 4.125], "texture": "#0"},
				"down": {"uv": [3.75, 4.125, 3.75, 5.375], "texture": "#0"}
			}
		},
		{
			"from": [13.25, 2, 2.75],
			"to": [13.25, 5, 13.25],
			"rotation": {"angle": 0, "axis": "y", "origin": [13, 1, 2.75]},
			"faces": {
				"north": {"uv": [1.25, 5.375, 1.25, 5.75], "texture": "#0"},
				"east": {"uv": [0, 5.375, 1.25, 5.75], "texture": "#0"},
				"south": {"uv": [2.5, 5.375, 2.5, 5.75], "texture": "#0"},
				"west": {"uv": [1.25, 5.375, 2.5, 5.75], "texture": "#0"},
				"up": {"uv": [1.25, 5.375, 1.25, 4.125], "texture": "#0"},
				"down": {"uv": [1.25, 4.125, 1.25, 5.375], "texture": "#0"}
			}
		},
		{
			"from": [0, 0, 1],
			"to": [16, 2, 1],
			"rotation": {"angle": 0, "axis": "y", "origin": [3, 1, 3]},
			"faces": {
				"north": {"uv": [4, 5.125, 6, 5.375], "texture": "#0"},
				"east": {"uv": [4, 5.125, 4, 5.375], "texture": "#0"},
				"south": {"uv": [6, 5.125, 8, 5.375], "texture": "#0"},
				"west": {"uv": [6, 5.125, 6, 5.375], "texture": "#0"},
				"up": {"uv": [6, 5.125, 4, 5.125], "texture": "#0"},
				"down": {"uv": [8, 5.125, 6, 5.125], "texture": "#0"}
			}
		},
		{
			"from": [0, 0, 15],
			"to": [16, 2, 15],
			"rotation": {"angle": 0, "axis": "y", "origin": [3, 1, 13]},
			"faces": {
				"north": {"uv": [3.25, 3, 5.25, 3.25], "texture": "#0"},
				"east": {"uv": [3.25, 3, 3.25, 3.25], "texture": "#0"},
				"south": {"uv": [5.25, 3, 7.25, 3.25], "texture": "#0"},
				"west": {"uv": [5.25, 3, 5.25, 3.25], "texture": "#0"},
				"up": {"uv": [5.25, 3, 3.25, 3], "texture": "#0"},
				"down": {"uv": [7.25, 3, 5.25, 3], "texture": "#0"}
			}
		},
		{
			"from": [15, 0, 0],
			"to": [15, 2, 16],
			"rotation": {"angle": 0, "axis": "y", "origin": [3, 1, 13]},
			"faces": {
				"north": {"uv": [5.25, 2.25, 5.25, 2.5], "texture": "#0"},
				"east": {"uv": [3.25, 2.25, 5.25, 2.5], "texture": "#0"},
				"south": {"uv": [7.25, 2.25, 7.25, 2.5], "texture": "#0"},
				"west": {"uv": [5.25, 2.25, 7.25, 2.5], "texture": "#0"},
				"up": {"uv": [5.25, 2.25, 5.25, 0.25], "texture": "#0"},
				"down": {"uv": [5.25, 0.25, 5.25, 2.25], "texture": "#0"}
			}
		},
		{
			"from": [1, 0, 0],
			"to": [1, 2, 16],
			"rotation": {"angle": 0, "axis": "y", "origin": [13, 1, 13]},
			"faces": {
				"north": {"uv": [2, 5.125, 2, 5.375], "texture": "#0"},
				"east": {"uv": [0, 5.125, 2, 5.375], "texture": "#0"},
				"south": {"uv": [4, 5.125, 4, 5.375], "texture": "#0"},
				"west": {"uv": [2, 5.125, 4, 5.375], "texture": "#0"},
				"up": {"uv": [2, 5.125, 2, 3.125], "texture": "#0"},
				"down": {"uv": [2, 3.125, 2, 5.125], "texture": "#0"}
			}
		},
		{
			"from": [-1, 2, -1],
			"to": [17, 2, 17],
			"rotation": {"angle": 0, "axis": "y", "origin": [3, 1, 3]},
			"faces": {
				"north": {"uv": [2.25, 2.25, 4.5, 2.25], "texture": "#0"},
				"east": {"uv": [0, 2.25, 2.25, 2.25], "texture": "#0"},
				"south": {"uv": [6.75, 2.25, 9, 2.25], "texture": "#0"},
				"west": {"uv": [4.5, 2.25, 6.75, 2.25], "texture": "#0"},
				"up": {"uv": [4.5, 2.25, 2.25, 0], "texture": "#0"},
				"down": {"uv": [6.75, 0, 4.5, 2.25], "texture": "#0"}
			}
		},
		{
			"from": [17, 2, -1],
			"to": [19, 2, 17],
			"rotation": {"angle": -22.5, "axis": "z", "origin": [17, 2, 8]},
			"faces": {
				"north": {"uv": [2.75, 4.5, 3, 4.5], "texture": "#0"},
				"east": {"uv": [0.5, 4.5, 2.75, 4.5], "texture": "#0"},
				"south": {"uv": [5.25, 4.5, 5.5, 4.5], "texture": "#0"},
				"west": {"uv": [3, 4.5, 5.25, 4.5], "texture": "#0"},
				"up": {"uv": [3, 4.5, 2.75, 2.25], "texture": "#0"},
				"down": {"uv": [3.25, 2.25, 3, 4.5], "texture": "#0"}
			}
		},
		{
			"from": [-3, 2, -1],
			"to": [-1, 2, 17],
			"rotation": {"angle": 22.5, "axis": "z", "origin": [-1, 2, 8]},
			"faces": {
				"north": {"uv": [2.25, 4.5, 2.5, 4.5], "texture": "#0"},
				"east": {"uv": [0, 4.5, 2.25, 4.5], "texture": "#0"},
				"south": {"uv": [4.75, 4.5, 5, 4.5], "texture": "#0"},
				"west": {"uv": [2.5, 4.5, 4.75, 4.5], "texture": "#0"},
				"up": {"uv": [2.5, 4.5, 2.25, 2.25], "texture": "#0"},
				"down": {"uv": [2.75, 2.25, 2.5, 4.5], "texture": "#0"}
			}
		},
		{
			"from": [-1, 2, -3],
			"to": [17, 2, -1],
			"rotation": {"angle": -22.5, "axis": "x", "origin": [8, 2, -1]},
			"faces": {
				"north": {"uv": [3.25, 3, 5.5, 3], "texture": "#0"},
				"east": {"uv": [3, 3, 3.25, 3], "texture": "#0"},
				"south": {"uv": [5.75, 3, 8, 3], "texture": "#0"},
				"west": {"uv": [5.5, 3, 5.75, 3], "texture": "#0"},
				"up": {"uv": [5.5, 3, 3.25, 2.75], "texture": "#0"},
				"down": {"uv": [7.75, 2.75, 5.5, 3], "texture": "#0"}
			}
		},
		{
			"from": [-1, 2, 17],
			"to": [17, 2, 19],
			"rotation": {"angle": 22.5, "axis": "x", "origin": [8, 2, 17]},
			"faces": {
				"north": {"uv": [3.25, 2.75, 5.5, 2.75], "texture": "#0"},
				"east": {"uv": [3, 2.75, 3.25, 2.75], "texture": "#0"},
				"south": {"uv": [5.75, 2.75, 8, 2.75], "texture": "#0"},
				"west": {"uv": [5.5, 2.75, 5.75, 2.75], "texture": "#0"},
				"up": {"uv": [5.5, 2.75, 3.25, 2.5], "texture": "#0"},
				"down": {"uv": [7.75, 2.5, 5.5, 2.75], "texture": "#0"}
			}
		},
		{
			"from": [3, 2, 3],
			"to": [13, 7, 13],
			"rotation": {"angle": 0, "axis": "y", "origin": [3, 1, 3]},
			"faces": {
				"north": {"uv": [3.25, 4.5, 4.5, 5.125], "texture": "#0"},
				"east": {"uv": [2, 4.5, 3.25, 5.125], "texture": "#0"},
				"south": {"uv": [5.75, 4.5, 7, 5.125], "texture": "#0"},
				"west": {"uv": [4.5, 4.5, 5.75, 5.125], "texture": "#0"},
				"up": {"uv": [4.5, 4.5, 3.25, 3.25], "texture": "#0"},
				"down": {"uv": [5.75, 3.25, 4.5, 4.5], "texture": "#0"}
			}
		}
	],
	"gui_light": "front",
	"display": {
		"thirdperson_righthand": {
			"translation": [0, 3, -6],
			"scale": [0.75, 0.75, 0.75]
		},
		"thirdperson_lefthand": {
			"translation": [0, 3, -6],
			"scale": [0.75, 0.75, 0.75]
		},
		"firstperson_righthand": {
			"translation": [1.25, 0, -1.5],
			"scale": [0.75, 0.75, 0.75]
		},
		"firstperson_lefthand": {
			"translation": [1.25, 0, -1.5],
			"scale": [0.75, 0.75, 0.75]
		},
		"ground": {
			"translation": [0, 2, 0],
			"scale": [0.5, 0.5, 0.5]
		},
		"gui": {
			"rotation": [30, 45, 0],
			"translation": [0, 1.25, 0],
			"scale": [0.54, 0.54, 0.54]
		},
		"head": {
			"translation": [0, 12, 0],
			"scale": [1.6, 1.6, 1.6]
		},
		"fixed": {
			"rotation": [-90, 0, 0],
			"translation": [0, 0, -12.75],
			"scale": [1.6, 1.6, 1.6]
		}
	},
	"groups": [
		{
			"name": "corn_stalk_straw_hat",
			"origin": [15.53276, 12.52092, 10.5],
			"color": 0,
			"children": [
				{
					"name": "corn",
					"origin": [13, 4, 2.75],
					"color": 0,
					"children": [
						0,
						1,
						2,
						3,
						4,
						5,
						6,
						7,
						8,
						9,
						10,
						11,
						12,
						13,
						14,
						15,
						16,
						17,
						18,
						19,
						20,
						21,
						22,
						23,
						24,
						25,
						26,
						27,
						28,
						29,
						30,
						31,
						32,
						33,
						34,
						35,
						36,
						37,
						38,
						39,
						40,
						41,
						42,
						43,
						44,
						45,
						46,
						47,
						48,
						49,
						50,
						51
					]
				},
				{
					"name": "band",
					"origin": [13, 4, 2.75],
					"color": 0,
					"children": [52, 53, 54, 55]
				},
				{
					"name": "bottom_band",
					"origin": [13, 4, 13],
					"color": 0,
					"children": [56, 57, 58, 59]
				},
				60,
				61,
				62,
				63,
				64,
				65
			]
		}
	]
}