{
	"credit": "Made with Blockbench",
	"texture_size": [64, 64],
	"textures": {
		"1": "item/hats/crown_hat/crown",
		"2": "item/hats/crown_hat/crown_animation",
		"particle": "item/hats/crown_hat/crown_animation"
	},
	"elements": [
		{
			"from": [2, 3, 2],
			"to": [14, 7, 14],
			"rotation": {"angle": 0, "axis": "y", "origin": [0, 3, 0]},
			"faces": {
				"north": {"uv": [2.5, 7.5, 5.5, 8.5], "texture": "#1"},
				"east": {"uv": [8, 0, 11, 1], "texture": "#1"},
				"south": {"uv": [8, 1, 11, 2], "texture": "#1"},
				"west": {"uv": [8, 2, 11, 3], "texture": "#1"},
				"up": {"uv": [3, 3, 0, 0], "texture": "#1"},
				"down": {"uv": [3, 3, 0, 6], "texture": "#1"}
			}
		},
		{
			"from": [0, 0, 0],
			"to": [16, 3, 16],
			"rotation": {"angle": 0, "axis": "y", "origin": [0, 3, 0]},
			"faces": {
				"north": {"uv": [4, 10.625, 0, 9.875], "texture": "#1"},
				"east": {"uv": [4, 10.625, 0, 9.875], "texture": "#1"},
				"south": {"uv": [4, 10.625, 0, 9.875], "texture": "#1"},
				"west": {"uv": [4, 10.625, 0, 9.875], "texture": "#1"},
				"up": {"uv": [4, 14.625, 0, 10.625], "texture": "#1"},
				"down": {"uv": [4, 14.625, 0, 10.625], "texture": "#1"}
			}
		},
		{
			"from": [1, 4, 7],
			"to": [2, 7, 9],
			"rotation": {"angle": 0, "axis": "y", "origin": [0, 3, 0]},
			"faces": {
				"north": {"uv": [0.25, 9.125, 0, 9.875], "texture": "#1"},
				"east": {"uv": [0.25, 9.125, 0.75, 9.875], "texture": "#1"},
				"south": {"uv": [0, 9.125, 0.25, 9.875], "texture": "#1"},
				"west": {"uv": [0.25, 9.125, 0.75, 9.875], "texture": "#1"},
				"up": {"uv": [0.75, 9.125, 1, 9.625], "texture": "#1"},
				"down": {"uv": [0.75, 9.125, 1, 9.625], "texture": "#1"}
			}
		},
		{
			"from": [14, 4, 7],
			"to": [15, 7, 9],
			"rotation": {"angle": 0, "axis": "y", "origin": [16, 3, 0]},
			"faces": {
				"north": {"uv": [0, 9.125, 0.25, 9.875], "texture": "#1"},
				"east": {"uv": [0.75, 9.125, 0.25, 9.875], "texture": "#1"},
				"south": {"uv": [0.25, 9.125, 0, 9.875], "texture": "#1"},
				"west": {"uv": [0.75, 9.125, 0.25, 9.875], "texture": "#1"},
				"up": {"uv": [1, 9.125, 0.75, 9.625], "texture": "#1"},
				"down": {"uv": [1, 9.125, 0.75, 9.625], "texture": "#1"}
			}
		},
		{
			"from": [3, 10, 13],
			"to": [13, 15, 13],
			"rotation": {"angle": 0, "axis": "y", "origin": [0, 3, 0]},
			"faces": {
				"north": {"uv": [8, 7, 5.5, 8.25], "texture": "#1"},
				"south": {"uv": [5.5, 7, 8, 8.25], "texture": "#1"},
				"west": {"uv": [0, 7.25, 2.5, 8.5], "texture": "#1"}
			}
		},
		{
			"from": [3, 10, 3],
			"to": [3, 15, 13],
			"rotation": {"angle": 0, "axis": "y", "origin": [0, 3, 0]},
			"faces": {
				"north": {"uv": [0, 6, 2.5, 7.25], "texture": "#1"},
				"east": {"uv": [2.5, 7.25, 0, 8.5], "texture": "#1"},
				"south": {"uv": [5.5, 7, 8, 8.25], "texture": "#1"},
				"west": {"uv": [0, 7.25, 2.5, 8.5], "texture": "#1"}
			}
		},
		{
			"from": [13, 10, 3],
			"to": [13, 15, 13],
			"rotation": {"angle": 0, "axis": "y", "origin": [16, 3, 0]},
			"faces": {
				"north": {"uv": [2.5, 6, 0, 7.25], "texture": "#1"},
				"east": {"uv": [2.5, 7.25, 0, 8.5], "texture": "#1"},
				"south": {"uv": [8, 7, 5.5, 8.25], "texture": "#1"},
				"west": {"uv": [0, 7.25, 2.5, 8.5], "texture": "#1"}
			}
		},
		{
			"from": [3, 10, 3],
			"to": [13, 15, 3],
			"rotation": {"angle": 0, "axis": "y", "origin": [0, 3, 0]},
			"faces": {
				"north": {"uv": [0, 6, 2.5, 7.25], "texture": "#1"},
				"south": {"uv": [2.5, 6, 0, 7.25], "texture": "#1"},
				"west": {"uv": [0, 7.25, 2.5, 8.5], "texture": "#1"}
			}
		},
		{
			"from": [3, 7, 3],
			"to": [13, 10, 13],
			"rotation": {"angle": 0, "axis": "y", "origin": [0, 3, 0]},
			"faces": {
				"north": {"uv": [8, 3, 10.5, 3.75], "texture": "#1"},
				"east": {"uv": [8, 3.75, 10.5, 4.5], "texture": "#1"},
				"south": {"uv": [8, 4.5, 10.5, 5.25], "texture": "#1"},
				"west": {"uv": [8, 5.25, 10.5, 6], "texture": "#1"},
				"up": {"uv": [5.5, 2.5, 3, 0], "texture": "#1"},
				"down": {"uv": [5.5, 2.5, 3, 5], "texture": "#1"}
			}
		},
		{
			"from": [6.5, 6, 1],
			"to": [9.5, 9, 2],
			"rotation": {"angle": 0, "axis": "y", "origin": [0, 3, 0]},
			"faces": {
				"north": {"uv": [8, 7.5, 8.75, 8.25], "texture": "#1"},
				"east": {"uv": [1, 8.5, 1.25, 9.25], "texture": "#1"},
				"south": {"uv": [5.5, 8.25, 6.25, 9], "texture": "#1"},
				"west": {"uv": [1.25, 8.5, 1.5, 9.25], "texture": "#1"},
				"up": {"uv": [2.25, 8.75, 1.5, 8.5], "texture": "#1"},
				"down": {"uv": [3, 8.5, 2.25, 8.75], "texture": "#1"}
			}
		},
		{
			"from": [3.25, 10, 3.25],
			"to": [12.75, 17, 12.75],
			"rotation": {"angle": 0, "axis": "y", "origin": [0, 3, 0]},
			"faces": {
				"north": {"uv": [5.5, 0, 7.875, 1.75], "texture": "#1"},
				"east": {"uv": [5.5, 1.75, 7.875, 3.5], "texture": "#1"},
				"south": {"uv": [5.5, 3.5, 7.875, 5.25], "texture": "#1"},
				"west": {"uv": [5.5, 5.25, 7.875, 7], "texture": "#1"},
				"up": {"uv": [5.375, 7.375, 3, 5], "texture": "#1"}
			}
		},
		{
			"from": [7, 16, 7],
			"to": [9, 18, 9],
			"faces": {
				"north": {"uv": [2.5, 6, 3, 6.5], "texture": "#1"},
				"east": {"uv": [2.5, 6.5, 3, 7], "texture": "#1"},
				"south": {"uv": [2.5, 7, 3, 7.5], "texture": "#1"},
				"west": {"uv": [6.25, 8.25, 6.75, 8.75], "texture": "#1"},
				"up": {"uv": [7.25, 8.75, 6.75, 8.25], "texture": "#1"},
				"down": {"uv": [7.75, 8.25, 7.25, 8.75], "texture": "#1"}
			}
		},
		{
			"from": [6, 18, 8],
			"to": [10, 23, 8],
			"faces": {
				"north": {"uv": [11, 0, 12, 1.25], "texture": "#1"},
				"east": {"uv": [2.5, 6.5, 3, 7], "texture": "#1"},
				"south": {"uv": [12, 0, 11, 1.25], "texture": "#1"},
				"west": {"uv": [6.25, 8.25, 6.75, 8.75], "texture": "#1"},
				"up": {"uv": [7.25, 8.75, 6.75, 8.25], "texture": "#1"},
				"down": {"uv": [7.75, 8.25, 7.25, 8.75], "texture": "#1"}
			}
		},
		{
			"from": [6, 7, 2],
			"to": [10, 10, 3],
			"rotation": {"angle": 0, "axis": "y", "origin": [8, 3, 8]},
			"faces": {
				"north": {"uv": [8, 6, 9, 6.75], "texture": "#1"},
				"east": {"uv": [3, 8.5, 3.25, 9.25], "texture": "#1"},
				"south": {"uv": [8, 6.75, 9, 7.5], "texture": "#1"},
				"west": {"uv": [3.25, 8.5, 3.5, 9.25], "texture": "#1"},
				"up": {"uv": [8.75, 8.5, 7.75, 8.25], "texture": "#1"},
				"down": {"uv": [1, 8.5, 0, 8.75], "texture": "#1"}
			}
		},
		{
			"from": [2, 7, 2],
			"to": [2, 10, 14],
			"rotation": {"angle": 22.5, "axis": "z", "origin": [2, 7, 8]},
			"faces": {
				"north": {"uv": [2.5, 7.5, 3.25, 7.5], "rotation": 270, "texture": "#1"},
				"east": {"uv": [16, 3, 15.25, 0], "rotation": 90, "texture": "#1"},
				"south": {"uv": [8, 1, 8.75, 1], "rotation": 90, "texture": "#1"},
				"west": {"uv": [16, 3, 15.25, 0], "rotation": 90, "texture": "#1"},
				"up": {"uv": [8, 2, 11, 2], "rotation": 90, "texture": "#1"},
				"down": {"uv": [8, 0, 11, 0], "rotation": 90, "texture": "#1"}
			}
		},
		{
			"from": [14, 7, 2],
			"to": [14, 10, 14],
			"rotation": {"angle": -22.5, "axis": "z", "origin": [14, 7, 8]},
			"faces": {
				"north": {"uv": [2.5, 7.5, 3.25, 7.5], "rotation": 270, "texture": "#1"},
				"east": {"uv": [16, 0, 15.25, 3], "rotation": 90, "texture": "#1"},
				"south": {"uv": [8, 1, 8.75, 1], "rotation": 90, "texture": "#1"},
				"west": {"uv": [16, 0, 15.25, 3], "rotation": 90, "texture": "#1"},
				"up": {"uv": [8, 2, 11, 2], "rotation": 90, "texture": "#1"},
				"down": {"uv": [8, 0, 11, 0], "rotation": 90, "texture": "#1"}
			}
		},
		{
			"from": [15.92137, 6.16696, 2],
			"to": [15.92137, 9.16696, 14],
			"rotation": {"angle": -22.5, "axis": "z", "origin": [8, 4.38582, 8]},
			"faces": {
				"north": {"uv": [2.5, 7.5, 3.25, 7.5], "rotation": 270, "texture": "#1"},
				"east": {"uv": [16, 0, 15.25, 3], "rotation": 90, "texture": "#1"},
				"south": {"uv": [8, 1, 8.75, 1], "rotation": 90, "texture": "#1"},
				"west": {"uv": [16, 0, 15.25, 3], "rotation": 90, "texture": "#1"},
				"up": {"uv": [8, 2, 11, 2], "rotation": 90, "texture": "#1"},
				"down": {"uv": [8, 0, 11, 0], "rotation": 90, "texture": "#1"}
			}
		},
		{
			"from": [0.07863, 6.16696, 2],
			"to": [0.07863, 9.16696, 14],
			"rotation": {"angle": 22.5, "axis": "z", "origin": [8, 4.38582, 8]},
			"faces": {
				"north": {"uv": [2.5, 7.5, 3.25, 7.5], "rotation": 270, "texture": "#1"},
				"east": {"uv": [16, 3, 15.25, 0], "rotation": 90, "texture": "#1"},
				"south": {"uv": [8, 1, 8.75, 1], "rotation": 90, "texture": "#1"},
				"west": {"uv": [16, 3, 15.25, 0], "rotation": 90, "texture": "#1"},
				"up": {"uv": [8, 2, 11, 2], "rotation": 90, "texture": "#1"},
				"down": {"uv": [8, 0, 11, 0], "rotation": 90, "texture": "#1"}
			}
		},
		{
			"from": [2, 6.16696, 0.07863],
			"to": [14, 9.16696, 0.07863],
			"rotation": {"angle": -22.5, "axis": "x", "origin": [8, 4.38582, 8]},
			"faces": {
				"north": {"uv": [16, 3, 15.25, 0], "rotation": 90, "texture": "#1"},
				"east": {"uv": [2.5, 7.5, 3.25, 7.5], "rotation": 270, "texture": "#1"},
				"south": {"uv": [16, 3, 15.25, 0], "rotation": 90, "texture": "#1"},
				"west": {"uv": [8, 1, 8.75, 1], "rotation": 90, "texture": "#1"},
				"up": {"uv": [8, 2, 11, 2], "rotation": 180, "texture": "#1"},
				"down": {"uv": [8, 0, 11, 0], "texture": "#1"}
			}
		},
		{
			"from": [2, 6.16696, 15.92137],
			"to": [14, 9.16696, 15.92137],
			"rotation": {"angle": 22.5, "axis": "x", "origin": [8, 4.38582, 8]},
			"faces": {
				"north": {"uv": [16, 0, 15.25, 3], "rotation": 90, "texture": "#1"},
				"east": {"uv": [2.5, 7.5, 3.25, 7.5], "rotation": 270, "texture": "#1"},
				"south": {"uv": [16, 0, 15.25, 3], "rotation": 90, "texture": "#1"},
				"west": {"uv": [8, 1, 8.75, 1], "rotation": 90, "texture": "#1"},
				"up": {"uv": [8, 2, 11, 2], "rotation": 180, "texture": "#1"},
				"down": {"uv": [8, 0, 11, 0], "texture": "#1"}
			}
		},
		{
			"from": [2, 7, 2],
			"to": [14, 10, 2],
			"rotation": {"angle": -22.5, "axis": "x", "origin": [8, 7, 2]},
			"faces": {
				"north": {"uv": [16, 3, 15.25, 0], "rotation": 90, "texture": "#1"},
				"east": {"uv": [2.5, 7.5, 3.25, 7.5], "rotation": 270, "texture": "#1"},
				"south": {"uv": [16, 3, 15.25, 0], "rotation": 90, "texture": "#1"},
				"west": {"uv": [8, 1, 8.75, 1], "rotation": 90, "texture": "#1"},
				"up": {"uv": [8, 2, 11, 2], "rotation": 180, "texture": "#1"},
				"down": {"uv": [8, 0, 11, 0], "texture": "#1"}
			}
		},
		{
			"from": [2, 7, 14],
			"to": [14, 10, 14],
			"rotation": {"angle": 22.5, "axis": "x", "origin": [8, 7, 14]},
			"faces": {
				"north": {"uv": [16, 0, 15.25, 3], "rotation": 90, "texture": "#1"},
				"east": {"uv": [2.5, 7.5, 3.25, 7.5], "rotation": 270, "texture": "#1"},
				"south": {"uv": [16, 0, 15.25, 3], "rotation": 90, "texture": "#1"},
				"west": {"uv": [8, 1, 8.75, 1], "rotation": 90, "texture": "#1"},
				"up": {"uv": [8, 2, 11, 2], "rotation": 180, "texture": "#1"},
				"down": {"uv": [8, 0, 11, 0], "texture": "#1"}
			}
		},
		{
			"from": [-3, 6, 0],
			"to": [3, 12, 0],
			"faces": {
				"north": {"uv": [0.5, 0.5, 6.5, 6.5], "texture": "#2"},
				"east": {"uv": [0, 0, 0.5, 1.5], "texture": "#missing"},
				"south": {"uv": [6.5, 0.5, 0.5, 6.5], "texture": "#2"},
				"west": {"uv": [0, 0, 0.5, 1.5], "texture": "#missing"},
				"up": {"uv": [0, 0, 1.5, 0.5], "texture": "#missing"},
				"down": {"uv": [0, 0, 1.5, 0.5], "texture": "#missing"}
			}
		},
		{
			"from": [7, 7, 0],
			"to": [13, 13, 0],
			"faces": {
				"north": {"uv": [9, 0.5, 15, 6.5], "texture": "#2"},
				"east": {"uv": [0, 0, 0.5, 1.5], "texture": "#missing"},
				"south": {"uv": [15, 0.5, 9, 6.5], "texture": "#2"},
				"west": {"uv": [0, 0, 0.5, 1.5], "texture": "#missing"},
				"up": {"uv": [0, 0, 1.5, 0.5], "texture": "#missing"},
				"down": {"uv": [0, 0, 1.5, 0.5], "texture": "#missing"}
			}
		},
		{
			"from": [16, 6, 7],
			"to": [16, 12, 13],
			"faces": {
				"north": {"uv": [0, 0, 0.5, 1.5], "texture": "#missing"},
				"east": {"uv": [9, 0.5, 15, 6.5], "texture": "#2"},
				"south": {"uv": [0, 0, 0.5, 1.5], "texture": "#missing"},
				"west": {"uv": [15, 0.5, 9, 6.5], "texture": "#2"},
				"up": {"uv": [0, 0, 1.5, 0.5], "rotation": 90, "texture": "#missing"},
				"down": {"uv": [0, 0, 1.5, 0.5], "rotation": 270, "texture": "#missing"}
			}
		},
		{
			"from": [0, 6, 2],
			"to": [0, 12, 8],
			"rotation": {"angle": 0, "axis": "y", "origin": [16, 0, 0]},
			"faces": {
				"north": {"uv": [0.5, 0, 0, 1.5], "texture": "#missing"},
				"east": {"uv": [9, 0.5, 15, 6.5], "texture": "#2"},
				"south": {"uv": [0.5, 0, 0, 1.5], "texture": "#missing"},
				"west": {"uv": [15, 0.5, 9, 6.5], "texture": "#2"},
				"up": {"uv": [0, 0.5, 1.5, 0], "rotation": 90, "texture": "#missing"},
				"down": {"uv": [0, 0.5, 1.5, 0], "rotation": 270, "texture": "#missing"}
			}
		},
		{
			"from": [12, 9, 16],
			"to": [18, 15, 16],
			"faces": {
				"north": {"uv": [1, 9, 7, 15], "texture": "#2"},
				"east": {"uv": [0, 0, 0.5, 1.5], "texture": "#missing"},
				"south": {"uv": [7, 9, 1, 15], "texture": "#2"},
				"west": {"uv": [0, 0, 0.5, 1.5], "texture": "#missing"},
				"up": {"uv": [0, 0, 1.5, 0.5], "texture": "#missing"},
				"down": {"uv": [0, 0, 1.5, 0.5], "texture": "#missing"}
			}
		}
	],
	"display": {
		"thirdperson_righthand": {
			"rotation": [0, -90, 0],
			"translation": [0, 2.25, 1.5],
			"scale": [0.3, 0.3, 0.3]
		},
		"thirdperson_lefthand": {
			"rotation": [0, -90, 0],
			"translation": [0, 2.25, 1.5],
			"scale": [0.3, 0.3, 0.3]
		},
		"firstperson_righthand": {
			"rotation": [0, -90, 0],
			"translation": [0, 2.25, 1.5],
			"scale": [0.3, 0.3, 0.3]
		},
		"firstperson_lefthand": {
			"rotation": [0, 90, 0],
			"translation": [0, 2.25, 1.5],
			"scale": [0.3, 0.3, 0.3]
		},
		"ground": {
			"translation": [0, 3, 0],
			"scale": [0.6, 0.6, 0.6]
		},
		"gui": {
			"rotation": [30, -135, 0],
			"translation": [0.5, -0.25, 0],
			"scale": [0.6, 0.6, 0.6]
		},
		"head": {
			"translation": [0, 12.25, 0],
			"scale": [0.955, 0.955, 0.955]
		},
		"fixed": {
			"translation": [-1, -1.5, -1.75],
			"scale": [0.75, 0.75, 0.75]
		}
	},
	"groups": [
		0,
		1,
		2,
		3,
		4,
		5,
		6,
		7,
		8,
		9,
		10,
		11,
		12,
		{
			"name": "group",
			"origin": [8, 0, 8],
			"color": 0,
			"children": [13]
		},
		{
			"name": "group",
			"origin": [14, 4, 8],
			"color": 0,
			"children": [14, 15, 16, 17, 18, 19, 20, 21]
		},
		22,
		23,
		24,
		25,
		26
	]
}