{
	"credit": "Made with Blockbench",
	"texture_size": [64, 64],
	"textures": {
		"0": "item/hats/cyber_dragon/cyber_dragon",
		"1": "item/hats/cyber_dragon/cyber_dragon_eye",
		"particle": "item/hats/cyber_dragon/cyber_dragon"
	},
	"elements": [
		{
			"from": [3, 6, -6],
			"to": [13, 17, 7],
			"rotation": {"angle": -22.5, "axis": "x", "origin": [8, 14.95711, 2.76777]},
			"faces": {
				"north": {"uv": [3.5, 0, 6, 2.75], "texture": "#0"},
				"east": {"uv": [7, 0, 13.5, 5.5], "texture": "#1"},
				"south": {"uv": [9.75, 0, 12.25, 2.75], "texture": "#0"},
				"west": {"uv": [7, 6, 13.5, 11.5], "texture": "#1"},
				"up": {"uv": [15.75, 2.5, 12.5, 0], "rotation": 90, "texture": "#0"}
			}
		},
		{
			"from": [3, 6, -6],
			"to": [13, 17, 7],
			"rotation": {"angle": -22.5, "axis": "x", "origin": [8, 14.95711, 2.76777]},
			"faces": {
				"north": {"uv": [3.5, 3, 6, 5.75], "texture": "#0", "tintindex": 0},
				"east": {"uv": [0, 0, 6.5, 5.5], "texture": "#1", "tintindex": 0},
				"south": {"uv": [9.75, 3, 12.25, 5.75], "texture": "#0", "tintindex": 0},
				"west": {"uv": [0, 6, 6.5, 11.5], "texture": "#1", "tintindex": 0},
				"up": {"uv": [15.75, 8.25, 12.5, 5.75], "rotation": 90, "texture": "#0", "tintindex": 0},
				"down": {"uv": [12.5, 3, 15.75, 5.5], "rotation": 90, "texture": "#0", "tintindex": 0}
			}
		},
		{
			"from": [4, 15.5052, 0.42678],
			"to": [7, 22.5052, 3.42678],
			"rotation": {"angle": 22.5, "axis": "x", "origin": [8, 14.95711, 2.76777]},
			"faces": {
				"north": {"uv": [0.75, 6, 0, 7.75], "texture": "#0", "tintindex": 0},
				"east": {"uv": [0, 6, 0.75, 7.75], "texture": "#0", "tintindex": 0},
				"south": {"uv": [0.75, 6, 0, 7.75], "texture": "#0", "tintindex": 0},
				"west": {"uv": [0, 6, 0.75, 7.75], "texture": "#0", "tintindex": 0},
				"up": {"uv": [1, 6, 1.75, 6.75], "texture": "#0", "tintindex": 0},
				"down": {"uv": [1, 6, 1.75, 6.75], "texture": "#0", "tintindex": 0}
			}
		},
		{
			"from": [9, 15.5052, 0.42678],
			"to": [12, 22.5052, 3.42678],
			"rotation": {"angle": 22.5, "axis": "x", "origin": [8, 14.95711, 2.76777]},
			"faces": {
				"north": {"uv": [0, 6, 0.75, 7.75], "texture": "#0", "tintindex": 0},
				"east": {"uv": [0, 7.75, 0.75, 6], "rotation": 180, "texture": "#0", "tintindex": 0},
				"south": {"uv": [0, 6, 0.75, 7.75], "texture": "#0", "tintindex": 0},
				"west": {"uv": [0, 7.75, 0.75, 6], "rotation": 180, "texture": "#0", "tintindex": 0},
				"up": {"uv": [1.75, 6, 1, 6.75], "texture": "#0", "tintindex": 0},
				"down": {"uv": [1.75, 6, 1, 6.75], "texture": "#0", "tintindex": 0}
			}
		},
		{
			"from": [4, 5, 4],
			"to": [12, 13, 12],
			"rotation": {"angle": 22.5, "axis": "x", "origin": [4, 5, 4]},
			"faces": {
				"north": {"uv": [10.25, 8.25, 12.25, 10.25], "texture": "#0", "tintindex": 0},
				"east": {"uv": [12.25, 10.5, 10.25, 12.5], "texture": "#0", "tintindex": 0},
				"south": {"uv": [6.5, 6, 8.5, 8], "texture": "#0", "tintindex": 0},
				"west": {"uv": [8.75, 6, 10.75, 8], "texture": "#0", "tintindex": 0},
				"up": {"uv": [4.25, 8, 6.25, 6], "texture": "#0", "tintindex": 0},
				"down": {"uv": [4, 8, 2, 6], "texture": "#0", "tintindex": 0}
			}
		},
		{
			"from": [4, 5, 4],
			"to": [12, 13, 12],
			"rotation": {"angle": 22.5, "axis": "x", "origin": [4, 5, 4]},
			"faces": {
				"north": {"uv": [2.25, 13.25, 4.25, 15.25], "texture": "#0"},
				"west": {"uv": [4.5, 13.25, 6.5, 15.25], "texture": "#0"},
				"down": {"uv": [2, 15.25, 0, 13.25], "texture": "#0"}
			}
		},
		{
			"from": [4, 0, 12],
			"to": [7, 6, 14],
			"rotation": {"angle": -22.5, "axis": "z", "origin": [5.5, 6, 12]},
			"faces": {
				"north": {"uv": [0, 11.25, 0.75, 12.75], "texture": "#0", "tintindex": 0},
				"east": {"uv": [1.5, 11.25, 1, 12.75], "texture": "#0", "tintindex": 0},
				"south": {"uv": [1.75, 11.25, 2.5, 12.75], "texture": "#0", "tintindex": 0},
				"west": {"uv": [1, 11.25, 1.5, 12.75], "texture": "#0", "tintindex": 0},
				"up": {"uv": [1.75, 10.5, 1, 11], "texture": "#0", "tintindex": 0},
				"down": {"uv": [0, 11, 0.75, 10.5], "texture": "#0", "tintindex": 0}
			}
		},
		{
			"from": [9, 0, 12],
			"to": [12, 6, 14],
			"rotation": {"angle": 22.5, "axis": "z", "origin": [10.5, 6, 12]},
			"faces": {
				"north": {"uv": [0.75, 11.25, 0, 12.75], "texture": "#0", "tintindex": 0},
				"east": {"uv": [1.5, 11.25, 1, 12.75], "texture": "#0", "tintindex": 0},
				"south": {"uv": [2.5, 11.25, 1.75, 12.75], "texture": "#0", "tintindex": 0},
				"west": {"uv": [1, 11.25, 1.5, 12.75], "texture": "#0", "tintindex": 0},
				"up": {"uv": [1, 10.5, 1.75, 11], "texture": "#0", "tintindex": 0},
				"down": {"uv": [0.75, 11, 0, 10.5], "texture": "#0", "tintindex": 0}
			}
		},
		{
			"from": [11, 5, 6],
			"to": [16, 7, 9],
			"rotation": {"angle": -22.5, "axis": "z", "origin": [11, 7, 7.5]},
			"faces": {
				"north": {"uv": [1, 9, 1.5, 10.25], "rotation": 90, "texture": "#0", "tintindex": 0},
				"east": {"uv": [0.75, 8.25, 0, 8.75], "texture": "#0", "tintindex": 0},
				"south": {"uv": [1, 10.25, 1.5, 9], "rotation": 90, "texture": "#0", "tintindex": 0},
				"west": {"uv": [1.75, 8.25, 1, 8.75], "texture": "#0", "tintindex": 0},
				"up": {"uv": [0, 10.25, 0.75, 9], "rotation": 90, "texture": "#0", "tintindex": 0},
				"down": {"uv": [1.75, 10.25, 2.5, 9], "rotation": 90, "texture": "#0", "tintindex": 0}
			}
		},
		{
			"from": [0, 5, 6],
			"to": [5, 7, 9],
			"rotation": {"angle": 22.5, "axis": "z", "origin": [5, 7, 7.5]},
			"faces": {
				"north": {"uv": [3.75, 10.25, 4.25, 9], "rotation": 90, "texture": "#0"},
				"east": {"uv": [3.75, 8.25, 4.5, 8.75], "texture": "#0"},
				"south": {"uv": [3.75, 9, 4.25, 10.25], "rotation": 90, "texture": "#0"},
				"west": {"uv": [2.75, 8.25, 3.5, 8.75], "texture": "#0"},
				"up": {"uv": [2.75, 9, 3.5, 10.25], "rotation": 90, "texture": "#0"},
				"down": {"uv": [4.5, 9, 5.25, 10.25], "rotation": 90, "texture": "#0"}
			}
		},
		{
			"from": [6, 6, 12.25],
			"to": [10, 9, 20.25],
			"rotation": {"angle": -22.5, "axis": "x", "origin": [8, 6, 14.25]},
			"faces": {
				"north": {"uv": [7.75, 9.5, 8.75, 10.25], "texture": "#0", "tintindex": 0},
				"east": {"uv": [7.5, 9.5, 5.5, 10.25], "texture": "#0", "tintindex": 0},
				"south": {"uv": [9, 9.5, 10, 10.25], "texture": "#0", "tintindex": 0},
				"west": {"uv": [5.5, 9.5, 7.5, 10.25], "texture": "#0", "tintindex": 0},
				"up": {"uv": [5.5, 8.25, 7.5, 9.25], "rotation": 90, "texture": "#0", "tintindex": 0},
				"down": {"uv": [9.75, 8.25, 7.75, 9.25], "rotation": 90, "texture": "#0", "tintindex": 0}
			}
		},
		{
			"from": [-3, 10.75, 9.75],
			"to": [7, 10.75, 19.75],
			"rotation": {"angle": -22.5, "axis": "z", "origin": [7, 10.75, 9.75]},
			"faces": {
				"north": {"uv": [0, 0, 0, 2.5], "rotation": 90, "texture": "#0"},
				"east": {"uv": [0, 0, 0, 2.5], "rotation": 270, "texture": "#0"},
				"south": {"uv": [0, 0, 0, 2.5], "rotation": 270, "texture": "#0"},
				"west": {"uv": [0, 0, 0, 2.5], "rotation": 270, "texture": "#0"},
				"up": {"uv": [5.25, 10.5, 2.75, 13], "rotation": 270, "texture": "#0", "tintindex": 0},
				"down": {"uv": [2.75, 10.5, 5.25, 13], "rotation": 270, "texture": "#0", "tintindex": 0}
			}
		},
		{
			"from": [9, 10.75, 9.75],
			"to": [19, 10.75, 19.75],
			"rotation": {"angle": 22.5, "axis": "z", "origin": [9, 10.75, 9.75]},
			"faces": {
				"north": {"uv": [0, 0, 0, 2.5], "rotation": 270, "texture": "#0"},
				"east": {"uv": [0, 0, 0, 2.5], "rotation": 90, "texture": "#0"},
				"south": {"uv": [0, 0, 0, 2.5], "rotation": 90, "texture": "#0"},
				"west": {"uv": [0, 0, 0, 2.5], "rotation": 90, "texture": "#0"},
				"up": {"uv": [2.75, 10.5, 5.25, 13], "rotation": 90, "texture": "#0", "tintindex": 0},
				"down": {"uv": [5.25, 10.5, 2.75, 13], "rotation": 90, "texture": "#0", "tintindex": 0}
			}
		}
	],
	"display": {
		"thirdperson_righthand": {
			"rotation": [67, 0, 0],
			"translation": [0, 0, -0.5],
			"scale": [0.6, 0.6, 0.6]
		},
		"thirdperson_lefthand": {
			"rotation": [67, 0, 0],
			"translation": [0, 0, -0.5],
			"scale": [0.6, 0.6, 0.6]
		},
		"firstperson_righthand": {
			"rotation": [0, 10, 0],
			"translation": [0, 3, 0],
			"scale": [0.4, 0.4, 0.4]
		},
		"firstperson_lefthand": {
			"rotation": [0, 10, 0],
			"translation": [0, 3, 0],
			"scale": [0.4, 0.4, 0.4]
		},
		"ground": {
			"translation": [0, 3, 0],
			"scale": [0.5, 0.5, 0.5]
		},
		"gui": {
			"rotation": [-16, 135, 0],
			"translation": [-0.5, -1.75, 0],
			"scale": [0.52, 0.52, 0.52]
		},
		"head": {
			"translation": [0, -7, 0],
			"scale": [1.53711, 1.53711, 1.53711]
		},
		"fixed": {
			"rotation": [-90, 0, 0],
			"translation": [0, 1, -15],
			"scale": [1.6, 1.6, 1.6]
		}
	}
}