{
	"credit": "Made with Blockbench",
	"texture_size": [64, 64],
	"textures": {
		"0": "item/hats/cyber_skull_helmet/cyber_skull_helmet",
		"1": "item/hats/cyber_skull_helmet/cyber_skull_helmet_visor",
		"particle": "item/hats/cyber_skull_helmet/cyber_skull_helmet"
	},
	"elements": [
		{
			"from": [2, 2, 2],
			"to": [14, 6, 9],
			"rotation": {"angle": 0, "axis": "y", "origin": [2.5, 2, 2.5]},
			"faces": {
				"north": {"uv": [2, 0, 5, 1], "texture": "#0"},
				"east": {"uv": [0, 0, 1.75, 1], "texture": "#0"},
				"south": {"uv": [7.25, 0, 10.25, 1], "texture": "#0"},
				"west": {"uv": [5.25, 0, 7, 1], "texture": "#0"},
				"up": {"uv": [0, 3, 3, 1.25], "texture": "#0"},
				"down": {"uv": [3.25, 1.25, 6.25, 3], "texture": "#0"}
			}
		},
		{
			"from": [2, 3, 2],
			"to": [14, 5, 8],
			"rotation": {"angle": 0, "axis": "y", "origin": [2.5, 2, 2.5]},
			"faces": {
				"north": {"uv": [0, 0, 12, 2], "texture": "#1", "tintindex": 0},
				"east": {"uv": [0, 3, 6, 5], "texture": "#1", "tintindex": 0},
				"west": {"uv": [7, 3, 13, 5], "texture": "#1", "tintindex": 0}
			}
		},
		{
			"from": [3, 0, 3],
			"to": [13, 9, 13],
			"faces": {
				"north": {"uv": [0, 4.5, 2.5, 6.75], "texture": "#0"},
				"east": {"uv": [8.25, 4.5, 10.75, 6.75], "texture": "#0"},
				"south": {"uv": [5.5, 4.5, 8, 6.75], "texture": "#0"},
				"west": {"uv": [2.75, 4.5, 5.25, 6.75], "texture": "#0"},
				"up": {"uv": [5.5, 9.5, 3, 7], "texture": "#0"},
				"down": {"uv": [5.75, 7, 8.25, 9.5], "texture": "#0"}
			}
		},
		{
			"from": [4, -2, 3],
			"to": [12, 0, 5],
			"faces": {
				"north": {"uv": [0, 7, 2, 7.5], "texture": "#0"},
				"east": {"uv": [2.75, 7, 2.25, 7.5], "texture": "#0"},
				"south": {"uv": [0, 7.75, 2, 8.25], "texture": "#0"},
				"west": {"uv": [2.25, 7, 2.75, 7.5], "texture": "#0"},
				"down": {"uv": [0, 7.75, 2, 8.25], "texture": "#0"}
			}
		},
		{
			"from": [-2.75, 9.25, 6.5],
			"to": [0.25, 11.25, 9.5],
			"rotation": {"angle": -22.5, "axis": "z", "origin": [4, 7, 0.5]},
			"faces": {
				"north": {"uv": [12, 3.75, 12.75, 4.25], "texture": "#0", "tintindex": 0},
				"east": {"uv": [14, 3.75, 14.75, 4.25], "texture": "#0", "tintindex": 0},
				"south": {"uv": [12.75, 3.75, 12, 4.25], "texture": "#0", "tintindex": 0},
				"west": {"uv": [13, 3.75, 13.75, 4.25], "texture": "#0", "tintindex": 0},
				"up": {"uv": [14, 4.5, 14.75, 5.25], "rotation": 270, "texture": "#0", "tintindex": 0}
			}
		},
		{
			"from": [-2.75, 6.25, 6.5],
			"to": [4.25, 9.25, 9.5],
			"rotation": {"angle": -22.5, "axis": "z", "origin": [4, 7, 0.5]},
			"faces": {
				"north": {"uv": [11, 4.5, 12.75, 5.25], "texture": "#0", "tintindex": 0},
				"east": {"uv": [15, 4.5, 15.75, 5.25], "texture": "#0", "tintindex": 0},
				"south": {"uv": [12.75, 4.5, 11, 5.25], "texture": "#0", "tintindex": 0},
				"west": {"uv": [13, 4.5, 13.75, 5.25], "texture": "#0", "tintindex": 0},
				"up": {"uv": [14.75, 5.5, 13, 6.25], "texture": "#0", "tintindex": 0},
				"down": {"uv": [12.75, 5.5, 11, 6.25], "texture": "#0", "tintindex": 0}
			}
		},
		{
			"from": [11.75, 6.25, 6.5],
			"to": [18.75, 9.25, 9.5],
			"rotation": {"angle": 22.5, "axis": "z", "origin": [12, 7, 0.5]},
			"faces": {
				"north": {"uv": [12.75, 4.5, 11, 5.25], "texture": "#0", "tintindex": 0},
				"east": {"uv": [13.75, 4.5, 13, 5.25], "texture": "#0", "tintindex": 0},
				"south": {"uv": [11, 4.5, 12.75, 5.25], "texture": "#0", "tintindex": 0},
				"west": {"uv": [15.75, 4.5, 15, 5.25], "texture": "#0", "tintindex": 0},
				"up": {"uv": [13, 5.5, 14.75, 6.25], "texture": "#0", "tintindex": 0},
				"down": {"uv": [11, 5.5, 12.75, 6.25], "texture": "#0", "tintindex": 0}
			}
		},
		{
			"from": [15.75, 9.25, 6.5],
			"to": [18.75, 11.25, 9.5],
			"rotation": {"angle": 22.5, "axis": "z", "origin": [12, 7, 0.5]},
			"faces": {
				"north": {"uv": [12.75, 3.75, 12, 4.25], "texture": "#0", "tintindex": 0},
				"east": {"uv": [13.75, 3.75, 13, 4.25], "texture": "#0", "tintindex": 0},
				"south": {"uv": [12, 3.75, 12.75, 4.25], "texture": "#0", "tintindex": 0},
				"west": {"uv": [14.75, 3.75, 14, 4.25], "texture": "#0", "tintindex": 0},
				"up": {"uv": [14, 5.25, 14.75, 4.5], "rotation": 270, "texture": "#0", "tintindex": 0}
			}
		}
	],
	"display": {
		"thirdperson_righthand": {
			"rotation": [60, 15, 0],
			"translation": [0.5, 0, 0],
			"scale": [0.5, 0.5, 0.5]
		},
		"thirdperson_lefthand": {
			"rotation": [60, 15, 0],
			"translation": [0.5, 0, 0],
			"scale": [0.5, 0.5, 0.5]
		},
		"firstperson_righthand": {
			"translation": [1, 3, 0],
			"scale": [0.5, 0.5, 0.5]
		},
		"firstperson_lefthand": {
			"translation": [1, 3, 0],
			"scale": [0.5, 0.5, 0.5]
		},
		"ground": {
			"translation": [0, 4, 0],
			"scale": [0.5, 0.5, 0.5]
		},
		"gui": {
			"rotation": [35, 135, 0],
			"translation": [0, 1.25, 0],
			"scale": [0.75, 0.75, 0.75]
		},
		"head": {
			"translation": [0, 6, 0],
			"scale": [1.7, 1.7, 1.7]
		},
		"fixed": {
			"rotation": [-75, 0, 0],
			"translation": [0, 2, -15.25],
			"scale": [1.7, 1.7, 1.7]
		}
	}
}