{
    "texture_size": [64, 64],
    "textures": {
        "0": "item/hats/elf_hat",
        "particle": "item/hats/elf_hat"
    },
    "elements": [{
        "from": [3, 10, 3],
        "to": [13, 12, 13],
        "rotation": {
            "angle": 0,
            "axis": "y",
            "origin": [5, 4, 5]
        },
        "faces": {
            "north": {
                "uv": [5.008, 3.758, 7.492, 4.242],
                "texture": "#0"
            },
            "east": {
                "uv": [1.758, 6.258, 4.242, 6.742],
                "texture": "#0"
            },
            "south": {
                "uv": [4.508, 6.258, 6.992, 6.742],
                "texture": "#0"
            },
            "west": {
                "uv": [6.258, 4.508, 8.742, 4.992],
                "texture": "#0"
            },
            "up": {
                "uv": [2.492, 2.492, 0.008, 0.008],
                "texture": "#0"
            },
            "down": {
                "uv": [2.492, 2.758, 0.008, 5.242],
                "texture": "#0"
            }
        }
    }, {
        "from": [4, 12, 4],
        "to": [12, 14, 12],
        "rotation": {
            "angle": 0,
            "axis": "y",
            "origin": [5, 4, 5]
        },
        "faces": {
            "north": {
                "uv": [6.258, 5.258, 8.242, 5.742],
                "texture": "#0"
            },
            "east": {
                "uv": [6.758, 1.258, 8.742, 1.742],
                "texture": "#0"
            },
            "south": {
                "uv": [6.758, 2.008, 8.742, 2.492],
                "texture": "#0"
            },
            "west": {
                "uv": [6.758, 2.758, 8.742, 3.242],
                "texture": "#0"
            },
            "up": {
                "uv": [4.742, 1.992, 2.758, 0.008],
                "texture": "#0"
            },
            "down": {
                "uv": [4.742, 2.258, 2.758, 4.242],
                "texture": "#0"
            }
        }
    }, {
        "from": [5.375, 12, 5],
        "to": [11.375, 16, 11],
        "rotation": {
            "angle": -22.5,
            "axis": "z",
            "origin": [8, 15, 8]
        },
        "faces": {
            "north": {
                "uv": [5.008, 0.008, 6.492, 0.992],
                "texture": "#0"
            },
            "east": {
                "uv": [5.008, 1.258, 6.492, 2.242],
                "texture": "#0"
            },
            "south": {
                "uv": [5.008, 2.508, 6.492, 3.492],
                "texture": "#0"
            },
            "west": {
                "uv": [0.008, 5.508, 1.492, 6.492],
                "texture": "#0"
            },
            "up": {
                "uv": [4.242, 5.992, 2.758, 4.508],
                "texture": "#0"
            },
            "down": {
                "uv": [5.992, 4.508, 4.508, 5.992],
                "texture": "#0"
            }
        }
    }, {
        "from": [6.95331, 13.92215, 6],
        "to": [11.95331, 16.92215, 10],
        "rotation": {
            "angle": 22.5,
            "axis": "z",
            "origin": [8.95331, 14.92215, 8]
        },
        "faces": {
            "north": {
                "uv": [1.508, 7.008, 2.742, 7.742],
                "texture": "#0"
            },
            "east": {
                "uv": [4.508, 7.008, 5.492, 7.742],
                "texture": "#0"
            },
            "south": {
                "uv": [3.008, 7.008, 4.242, 7.742],
                "texture": "#0"
            },
            "west": {
                "uv": [5.758, 7.008, 6.742, 7.742],
                "texture": "#0"
            },
            "up": {
                "uv": [1.242, 7.742, 0.008, 6.758],
                "texture": "#0"
            },
            "down": {
                "uv": [7.992, 0.008, 6.758, 0.992],
                "texture": "#0"
            }
        }
    }, {
        "from": [10.95331, 15.42215, 7],
        "to": [13.95331, 17.42215, 9],
        "rotation": {
            "angle": 0,
            "axis": "z",
            "origin": [8.95331, 14.92215, 8]
        },
        "faces": {
            "north": {
                "uv": [1.758, 5.508, 2.492, 5.992],
                "texture": "#0"
            },
            "east": {
                "uv": [7.008, 7.758, 7.492, 8.242],
                "texture": "#0"
            },
            "south": {
                "uv": [7.008, 7.008, 7.742, 7.492],
                "texture": "#0"
            },
            "west": {
                "uv": [7.758, 7.758, 8.242, 8.242],
                "texture": "#0"
            },
            "up": {
                "uv": [7.992, 6.492, 7.258, 6.008],
                "texture": "#0"
            },
            "down": {
                "uv": [8.492, 3.508, 7.758, 3.992],
                "texture": "#0"
            }
        }
    }, {
        "from": [13.95331, 14.42215, 7],
        "to": [15.95331, 16.42215, 9],
        "rotation": {
            "angle": 45,
            "axis": "y",
            "origin": [14.95331, 15.42215, 8]
        },
        "faces": {
            "north": {
                "uv": [0.008, 8.008, 0.492, 8.492],
                "texture": "#0"
            },
            "east": {
                "uv": [0.758, 8.008, 1.242, 8.492],
                "texture": "#0"
            },
            "south": {
                "uv": [1.508, 8.008, 1.992, 8.492],
                "texture": "#0"
            },
            "west": {
                "uv": [2.258, 8.008, 2.742, 8.492],
                "texture": "#0"
            },
            "up": {
                "uv": [3.492, 8.492, 3.008, 8.008],
                "texture": "#0"
            },
            "down": {
                "uv": [4.242, 8.008, 3.758, 8.492],
                "texture": "#0"
            }
        }
    }],
    "display": {
        "thirdperson_righthand": {
            "translation": [0, -1.5, 1.75],
            "scale": [0.5, 0.5, 0.5]
        },
        "thirdperson_lefthand": {
            "translation": [0, -1.5, 1.75],
            "scale": [0.5, 0.5, 0.5]
        },
        "firstperson_righthand": {
            "scale": [0.5, 0.5, 0.5]
        },
        "firstperson_lefthand": {
            "scale": [0.5, 0.5, 0.5]
        },
        "ground": {
            "translation": [0, 3, 0],
            "scale": [0.25, 0.25, 0.25]
        },
        "gui": {
            "rotation": [30, 225, 0],
            "translation": [0, -4.75, 0]
        },
        "head": {
            "translation": [0, 0.5, 0],
            "scale": [1.7, 1.7, 1.7]
        },
        "fixed": {
            "rotation": [-90, 0, 0],
            "translation": [0, 0, 5],
            "scale": [2, 2, 2]
        }
    }
}