{
	"credit": "Made with Blockbench",
	"texture_size": [64, 64],
	"textures": {
		"1": "item/multiple/fireworks_2023/firework_texture",
		"2": "item/multiple/fireworks_2023/firework_animation",
		"3": "item/multiple/fireworks_2023/firework_animation_2",
		"particle": "item/multiple/fireworks_2023/firework_animation"
	},
	"elements": [
		{
			"from": [9, 4, 0.5],
			"to": [16.5, 10.5, 2.5],
			"rotation": {"angle": 0, "axis": "y", "origin": [8, 14, 7.5]},
			"faces": {
				"north": {"uv": [3.5, 2.5, 5.375, 4.125], "texture": "#1"},
				"east": {"uv": [6.5, 5.75, 7, 7.375], "texture": "#1"},
				"south": {"uv": [0, 4.25, 1.875, 5.875], "texture": "#1"},
				"west": {"uv": [7, 5.75, 7.5, 7.375], "texture": "#1"},
				"up": {"uv": [8.375, 4.5, 6.5, 4], "texture": "#1"},
				"down": {"uv": [8.375, 4.5, 6.5, 5], "texture": "#1"}
			}
		},
		{
			"from": [-0.5, 4, 0.5],
			"to": [7, 10.5, 2.5],
			"rotation": {"angle": 0, "axis": "y", "origin": [8, 14, 7.5]},
			"faces": {
				"north": {"uv": [1.875, 10.25, 0, 11.875], "texture": "#1"},
				"east": {"uv": [7.5, 5.75, 7, 7.375], "texture": "#1"},
				"south": {"uv": [1.875, 4.25, 0, 5.875], "texture": "#1"},
				"west": {"uv": [7, 5.75, 6.5, 7.375], "texture": "#1"},
				"up": {"uv": [6.5, 4.5, 8.375, 4], "texture": "#1"},
				"down": {"uv": [6.5, 4.5, 8.375, 5], "texture": "#1"}
			}
		},
		{
			"from": [6.5, 6.5, -0.5],
			"to": [9.5, 8, 1.5],
			"rotation": {"angle": 0, "axis": "y", "origin": [8, 14, 7.5]},
			"faces": {
				"north": {"uv": [1.75, 8.5, 2.5, 8.875], "texture": "#1"},
				"east": {"uv": [8.75, 0.5, 9.25, 0.875], "texture": "#1"},
				"south": {"uv": [2.5, 8.5, 3.25, 8.875], "texture": "#1"},
				"west": {"uv": [5, 8.75, 5.5, 9.125], "texture": "#1"},
				"up": {"uv": [9, 1.75, 8.25, 1.25], "texture": "#1"},
				"down": {"uv": [6.25, 8.25, 5.5, 8.75], "texture": "#1"}
			}
		},
		{
			"from": [0, -1, 0.25],
			"to": [16, 15, 0.25],
			"rotation": {"angle": 0, "axis": "y", "origin": [8, 14, 7.5]},
			"faces": {
				"north": {"uv": [0, 0, 16, 16], "texture": "#2"},
				"east": {"uv": [8.75, 0.5, 9.25, 0.875], "texture": "#1"},
				"south": {"uv": [16, 0, 0, 16], "texture": "#2"},
				"west": {"uv": [5, 8.75, 5.5, 9.125], "texture": "#1"},
				"up": {"uv": [9, 1.75, 8.25, 1.25], "texture": "#1"},
				"down": {"uv": [6.25, 8.25, 5.5, 8.75], "texture": "#1"}
			}
		},
		{
			"from": [15, 10.5, 1],
			"to": [16, 14, 2],
			"rotation": {"angle": -22.5, "axis": "z", "origin": [15, 10.5, 1.5]},
			"faces": {
				"north": {"uv": [6.25, 6.5, 6.5, 7.375], "texture": "#1"},
				"east": {"uv": [8.75, 2.5, 9, 3.375], "texture": "#1"},
				"south": {"uv": [4.75, 8.75, 5, 9.625], "texture": "#1"},
				"west": {"uv": [8.75, 4.75, 9, 5.625], "texture": "#1"},
				"up": {"uv": [5.75, 4.25, 5.5, 4], "texture": "#1"},
				"down": {"uv": [6, 4, 5.75, 4.25], "texture": "#1"}
			}
		},
		{
			"from": [0, 10.5, 1],
			"to": [1, 14, 2],
			"rotation": {"angle": 22.5, "axis": "z", "origin": [1, 10.5, 1.5]},
			"faces": {
				"north": {"uv": [6.5, 6.5, 6.25, 7.375], "texture": "#1"},
				"east": {"uv": [9, 4.75, 8.75, 5.625], "texture": "#1"},
				"south": {"uv": [5, 8.75, 4.75, 9.625], "texture": "#1"},
				"west": {"uv": [9, 2.5, 8.75, 3.375], "texture": "#1"},
				"up": {"uv": [5.5, 4.25, 5.75, 4], "texture": "#1"},
				"down": {"uv": [5.75, 4, 6, 4.25], "texture": "#1"}
			}
		},
		{
			"from": [15.5, 5, 2.5],
			"to": [17, 9.5, 4.5],
			"rotation": {"angle": 0, "axis": "y", "origin": [9, 14, 7.5]},
			"faces": {
				"north": {"uv": [8, 7.75, 8.375, 8.875], "texture": "#1"},
				"east": {"uv": [7.5, 5.75, 8, 6.875], "texture": "#1"},
				"south": {"uv": [8.25, 2.5, 8.625, 3.625], "texture": "#1"},
				"west": {"uv": [6.75, 7.5, 7.25, 8.625], "texture": "#1"},
				"up": {"uv": [5.875, 9.25, 5.5, 8.75], "texture": "#1"},
				"down": {"uv": [9.125, 5.75, 8.75, 6.25], "texture": "#1"}
			}
		},
		{
			"from": [15.5, 6, 4.5],
			"to": [17, 8.5, 8.5],
			"rotation": {"angle": -22.5, "axis": "y", "origin": [17, 7.25, 4.5]},
			"faces": {
				"north": {"uv": [8.5, 4, 8.875, 4.625], "texture": "#1"},
				"east": {"uv": [3.75, 7.5, 4.75, 8.125], "texture": "#1"},
				"south": {"uv": [7.5, 8.5, 7.875, 9.125], "texture": "#1"},
				"west": {"uv": [5.75, 7.5, 6.75, 8.125], "texture": "#1"},
				"up": {"uv": [6.625, 9.25, 6.25, 8.25], "texture": "#1"},
				"down": {"uv": [0.375, 8.5, 0, 9.5], "texture": "#1"}
			}
		},
		{
			"from": [14.08345, 6, 7.62149],
			"to": [15.58345, 8.5, 13.62149],
			"rotation": {"angle": 0, "axis": "y", "origin": [17, 7.25, 4.5]},
			"faces": {
				"north": {"uv": [8.5, 7.75, 8.875, 8.375], "texture": "#1"},
				"east": {"uv": [4.75, 6.5, 6.25, 7.125], "texture": "#1"},
				"south": {"uv": [8.5, 8.5, 8.875, 9.125], "texture": "#1"},
				"west": {"uv": [6.5, 5, 8, 5.625], "texture": "#1"},
				"up": {"uv": [7.875, 8.5, 7.5, 7], "texture": "#1"},
				"down": {"uv": [8.125, 2.5, 7.75, 4], "texture": "#1"}
			}
		},
		{
			"from": [14.33345, 8.5, 8.62149],
			"to": [15.33345, 11, 9.62149],
			"rotation": {"angle": 0, "axis": "y", "origin": [17, 7.25, 4.5]},
			"faces": {
				"north": {"uv": [1, 7.25, 1.25, 7.875], "texture": "#1"},
				"east": {"uv": [6, 8.75, 6.25, 9.375], "texture": "#1"},
				"south": {"uv": [7.25, 8.75, 7.5, 9.375], "texture": "#1"},
				"west": {"uv": [0.75, 9, 1, 9.625], "texture": "#1"},
				"up": {"uv": [6.25, 4.25, 6, 4], "texture": "#1"},
				"down": {"uv": [6.5, 4, 6.25, 4.25], "texture": "#1"}
			}
		},
		{
			"from": [14.33345, 8.5, 11.62149],
			"to": [15.33345, 10, 12.62149],
			"rotation": {"angle": 0, "axis": "y", "origin": [17, 7.25, 4.5]},
			"faces": {
				"north": {"uv": [1.75, 6, 2, 6.375], "texture": "#1"},
				"east": {"uv": [8.75, 6.75, 9, 7.125], "texture": "#1"},
				"south": {"uv": [1, 9, 1.25, 9.375], "texture": "#1"},
				"west": {"uv": [9, 1, 9.25, 1.375], "texture": "#1"},
				"up": {"uv": [6, 7.5, 5.75, 7.25], "texture": "#1"},
				"down": {"uv": [6.25, 7.25, 6, 7.5], "texture": "#1"}
			}
		},
		{
			"from": [13.98345, 6.4, 13.62149],
			"to": [15.68345, 8.6, 18.12149],
			"rotation": {"angle": 45, "axis": "x", "origin": [14.83345, 8.5, 13.62149]},
			"faces": {
				"north": {"uv": [8.75, 6.25, 9.125, 6.75], "texture": "#1"},
				"east": {"uv": [7.5, 0.75, 8.625, 1.25], "texture": "#1"},
				"south": {"uv": [6.75, 8.75, 7.125, 9.25], "texture": "#1"},
				"west": {"uv": [0, 8, 1.125, 8.5], "texture": "#1"},
				"up": {"uv": [4.125, 9.375, 3.75, 8.25], "texture": "#1"},
				"down": {"uv": [4.625, 8.25, 4.25, 9.375], "texture": "#1"}
			}
		},
		{
			"from": [-1, 5, 2.5],
			"to": [0.5, 9.5, 4.5],
			"rotation": {"angle": 0, "axis": "y", "origin": [7, 14, 7.5]},
			"faces": {
				"north": {"uv": [8.375, 7.75, 8, 8.875], "texture": "#1"},
				"east": {"uv": [7.25, 7.5, 6.75, 8.625], "texture": "#1"},
				"south": {"uv": [8.625, 2.5, 8.25, 3.625], "texture": "#1"},
				"west": {"uv": [8, 5.75, 7.5, 6.875], "texture": "#1"},
				"up": {"uv": [5.5, 9.25, 5.875, 8.75], "texture": "#1"},
				"down": {"uv": [8.75, 5.75, 9.125, 6.25], "texture": "#1"}
			}
		},
		{
			"from": [-1, 6, 4.5],
			"to": [0.5, 8.5, 8.5],
			"rotation": {"angle": 22.5, "axis": "y", "origin": [-1, 7.25, 4.5]},
			"faces": {
				"north": {"uv": [8.875, 4, 8.5, 4.625], "texture": "#1"},
				"east": {"uv": [6.75, 7.5, 5.75, 8.125], "texture": "#1"},
				"south": {"uv": [7.875, 8.5, 7.5, 9.125], "texture": "#1"},
				"west": {"uv": [4.75, 7.5, 3.75, 8.125], "texture": "#1"},
				"up": {"uv": [6.25, 9.25, 6.625, 8.25], "texture": "#1"},
				"down": {"uv": [0, 8.5, 0.375, 9.5], "texture": "#1"}
			}
		},
		{
			"from": [0.41655, 6, 7.62149],
			"to": [1.91655, 8.5, 13.62149],
			"rotation": {"angle": 0, "axis": "y", "origin": [-1, 7.25, 4.5]},
			"faces": {
				"north": {"uv": [8.875, 7.75, 8.5, 8.375], "texture": "#1"},
				"east": {"uv": [8, 5, 6.5, 5.625], "texture": "#1"},
				"south": {"uv": [8.875, 8.5, 8.5, 9.125], "texture": "#1"},
				"west": {"uv": [6.25, 6.5, 4.75, 7.125], "texture": "#1"},
				"up": {"uv": [7.5, 8.5, 7.875, 7], "texture": "#1"},
				"down": {"uv": [7.75, 2.5, 8.125, 4], "texture": "#1"}
			}
		},
		{
			"from": [0.31655, 6.4, 13.62149],
			"to": [2.01655, 8.6, 18.12149],
			"rotation": {"angle": 45, "axis": "x", "origin": [1.16655, 8.5, 13.62149]},
			"faces": {
				"north": {"uv": [9.125, 6.25, 8.75, 6.75], "texture": "#1"},
				"east": {"uv": [1.125, 8, 0, 8.5], "texture": "#1"},
				"south": {"uv": [7.125, 8.75, 6.75, 9.25], "texture": "#1"},
				"west": {"uv": [8.625, 0.75, 7.5, 1.25], "texture": "#1"},
				"up": {"uv": [3.75, 9.375, 4.125, 8.25], "texture": "#1"},
				"down": {"uv": [4.25, 8.25, 4.625, 9.375], "texture": "#1"}
			}
		},
		{
			"from": [0.66655, 8.5, 8.62149],
			"to": [1.66655, 11, 9.62149],
			"rotation": {"angle": 0, "axis": "y", "origin": [-1, 7.25, 4.5]},
			"faces": {
				"north": {"uv": [1.25, 7.25, 1, 7.875], "texture": "#1"},
				"east": {"uv": [1, 9, 0.75, 9.625], "texture": "#1"},
				"south": {"uv": [7.5, 8.75, 7.25, 9.375], "texture": "#1"},
				"west": {"uv": [6.25, 8.75, 6, 9.375], "texture": "#1"},
				"up": {"uv": [6, 4.25, 6.25, 4], "texture": "#1"},
				"down": {"uv": [6.25, 4, 6.5, 4.25], "texture": "#1"}
			}
		},
		{
			"from": [0.66655, 8.5, 11.62149],
			"to": [1.66655, 10, 12.62149],
			"rotation": {"angle": 0, "axis": "y", "origin": [-1, 7.25, 4.5]},
			"faces": {
				"north": {"uv": [2, 6, 1.75, 6.375], "texture": "#1"},
				"east": {"uv": [9.25, 1, 9, 1.375], "texture": "#1"},
				"south": {"uv": [1.25, 9, 1, 9.375], "texture": "#1"},
				"west": {"uv": [9, 6.75, 8.75, 7.125], "texture": "#1"},
				"up": {"uv": [5.75, 7.5, 6, 7.25], "texture": "#1"},
				"down": {"uv": [6, 7.25, 6.25, 7.5], "texture": "#1"}
			}
		},
		{
			"from": [9, 13.25, 1.25],
			"to": [25, 29.25, 1.25],
			"rotation": {"angle": 0, "axis": "y", "origin": [8, 14, 7.5]},
			"faces": {
				"north": {"uv": [0, 0, 16, 16], "texture": "#3"},
				"east": {"uv": [8.75, 0.5, 9.25, 0.875], "texture": "#1"},
				"south": {"uv": [16, 0, 0, 16], "texture": "#3"},
				"west": {"uv": [5, 8.75, 5.5, 9.125], "texture": "#1"},
				"up": {"uv": [9, 1.75, 8.25, 1.25], "texture": "#1"},
				"down": {"uv": [6.25, 8.25, 5.5, 8.75], "texture": "#1"}
			}
		},
		{
			"from": [-9, 13.25, 1.25],
			"to": [7, 29.25, 1.25],
			"rotation": {"angle": 0, "axis": "y", "origin": [8, 14, 7.5]},
			"faces": {
				"north": {"uv": [16, 0, 0, 16], "texture": "#3"},
				"east": {"uv": [5.5, 8.75, 5, 9.125], "texture": "#1"},
				"south": {"uv": [0, 0, 16, 16], "texture": "#3"},
				"west": {"uv": [9.25, 0.5, 8.75, 0.875], "texture": "#1"},
				"up": {"uv": [8.25, 1.75, 9, 1.25], "texture": "#1"},
				"down": {"uv": [5.5, 8.25, 6.25, 8.75], "texture": "#1"}
			}
		},
		{
			"from": [1, 11, 1],
			"to": [1, 19, 17],
			"rotation": {"angle": 22.5, "axis": "z", "origin": [1, 11, 9]},
			"faces": {
				"north": {"uv": [5.5, 8.75, 5, 9.125], "texture": "#1"},
				"east": {"uv": [0, 5, 16, 13], "texture": "#3"},
				"south": {"uv": [9.25, 0.5, 8.75, 0.875], "texture": "#1"},
				"west": {"uv": [16, 5, 0, 13], "texture": "#3"},
				"up": {"uv": [8.25, 1.75, 9, 1.25], "rotation": 270, "texture": "#1"},
				"down": {"uv": [5.5, 8.25, 6.25, 8.75], "rotation": 90, "texture": "#1"}
			}
		},
		{
			"from": [15, 11, 1],
			"to": [15, 19, 17],
			"rotation": {"angle": -22.5, "axis": "z", "origin": [15, 11, 9]},
			"faces": {
				"north": {"uv": [5, 8.75, 5.5, 9.125], "texture": "#1"},
				"east": {"uv": [0, 5, 16, 13], "texture": "#3"},
				"south": {"uv": [8.75, 0.5, 9.25, 0.875], "texture": "#1"},
				"west": {"uv": [16, 5, 0, 13], "texture": "#3"},
				"up": {"uv": [8.25, 1.25, 9, 1.75], "rotation": 270, "texture": "#1"},
				"down": {"uv": [5.5, 8.75, 6.25, 8.25], "rotation": 90, "texture": "#1"}
			}
		}
	],
	"display": {
		"thirdperson_righthand": {
			"translation": [0, 0, 1.75],
			"scale": [0.33, 0.33, 0.33]
		},
		"thirdperson_lefthand": {
			"translation": [0, 0, 1.75],
			"scale": [0.33, 0.33, 0.33]
		},
		"firstperson_righthand": {
			"translation": [0, 0, 1.75],
			"scale": [0.33, 0.33, 0.33]
		},
		"firstperson_lefthand": {
			"translation": [0, 0, 1.75],
			"scale": [0.33, 0.33, 0.33]
		},
		"ground": {
			"scale": [0.6, 0.6, 0.6]
		},
		"gui": {
			"rotation": [30, -135, 0],
			"translation": [-0.25, 0.75, -1.5],
			"scale": [0.65, 0.65, 0.65]
		},
		"head": {
			"translation": [0, 0.75, 0]
		},
		"fixed": {
			"rotation": [0, 0, -45],
			"translation": [0, 0, -1.5],
			"scale": [0.6, 0.6, 0.6]
		}
	},
	"groups": [
		{
			"name": "group",
			"origin": [8, 14, 8.5],
			"color": 0,
			"children": [0, 1, 2, 3, 4, 5, 6, 7, 8, 9, 10, 11, 12, 13, 14, 15, 16, 17]
		},
		18,
		19,
		20,
		21
	]
}