{
    "display": {
        "thirdperson_righthand": {
            "translation": [0, 1.5, 1.25],
            "scale": [0.25, 0.25, 0.25]
        },
        "thirdperson_lefthand": {
            "translation": [0, 1.5, 1.25],
            "scale": [0.25, 0.25, 0.25]
        },
        "firstperson_righthand": {
            "translation": [0, 0.25, 0],
            "scale": [0.25, 0.25, 0.25]
        },
        "firstperson_lefthand": {
            "translation": [0, 0.25, 0],
            "scale": [0.25, 0.25, 0.25]
        },
        "ground": {
            "translation": [0, 0.5, 0],
            "scale": [0.25, 0.25, 0.25]
        },
        "gui": {
            "rotation": [30, -135, 0],
            "translation": [-1.5, 5.75, 0]
        },
        "head": {
            "translation": [0, 8, 0.5],
            "scale": [1.4, 1.4, 1.4]
        },
        "fixed": {
            "translation": [0, 9, 7.25],
            "scale": [1.5, 1.5, 1.5]
        }
    },
    "textures": {
        "0": "item/hats/heart_glasses",
        "particle": "item/hats/heart_glasses"
    },
    "elements": [{
        "from": [10, 0, 2],
        "to": [13, 1, 3],
        "faces": {
            "north": {
                "uv": [9, 1, 12, 2],
                "texture": "#0"
            },
            "east": {
                "uv": [8, 1, 9, 2],
                "texture": "#0"
            },
            "south": {
                "uv": [13, 1, 16, 2],
                "texture": "#0"
            },
            "west": {
                "uv": [12, 1, 13, 2],
                "texture": "#0"
            },
            "up": {
                "uv": [12, 1, 9, 0],
                "texture": "#0"
            },
            "down": {
                "uv": [15, 0, 12, 1],
                "texture": "#0"
            }
        }
    }, {
        "from": [3, 0, 2],
        "to": [6, 1, 3],
        "faces": {
            "north": {
                "uv": [9, 1, 12, 2],
                "texture": "#0"
            },
            "east": {
                "uv": [8, 1, 9, 2],
                "texture": "#0"
            },
            "south": {
                "uv": [13, 1, 16, 2],
                "texture": "#0"
            },
            "west": {
                "uv": [12, 1, 13, 2],
                "texture": "#0"
            },
            "up": {
                "uv": [12, 1, 9, 0],
                "texture": "#0"
            },
            "down": {
                "uv": [15, 0, 12, 1],
                "texture": "#0"
            }
        }
    }, {
        "from": [2, 1, 2],
        "to": [7, 3, 3],
        "faces": {
            "north": {
                "uv": [5, 14, 10, 16],
                "texture": "#0"
            },
            "east": {
                "uv": [4, 14, 5, 16],
                "texture": "#0"
            },
            "south": {
                "uv": [11, 14, 16, 16],
                "texture": "#0"
            },
            "west": {
                "uv": [10, 14, 11, 16],
                "texture": "#0"
            },
            "up": {
                "uv": [10, 14, 5, 13],
                "texture": "#0"
            },
            "down": {
                "uv": [15, 13, 10, 14],
                "texture": "#0"
            }
        }
    }, {
        "from": [3, 1, 3],
        "to": [3, 3, 11],
        "faces": {
            "north": {
                "uv": [8, 9, 8, 11],
                "texture": "#0"
            },
            "east": {
                "uv": [0, 9, 8, 11],
                "texture": "#0"
            },
            "south": {
                "uv": [16, 9, 16, 11],
                "texture": "#0"
            },
            "west": {
                "uv": [8, 9, 16, 11],
                "texture": "#0"
            },
            "up": {
                "uv": [8, 9, 8, 1],
                "texture": "#0"
            },
            "down": {
                "uv": [8, 1, 8, 9],
                "texture": "#0"
            }
        }
    }, {
        "from": [13, 1, 3],
        "to": [13, 3, 11],
        "faces": {
            "north": {
                "uv": [8, 9, 8, 11],
                "texture": "#0"
            },
            "east": {
                "uv": [0, 9, 8, 11],
                "texture": "#0"
            },
            "south": {
                "uv": [16, 9, 16, 11],
                "texture": "#0"
            },
            "west": {
                "uv": [8, 9, 16, 11],
                "texture": "#0"
            },
            "up": {
                "uv": [8, 9, 8, 1],
                "texture": "#0"
            },
            "down": {
                "uv": [8, 1, 8, 9],
                "texture": "#0"
            }
        }
    }, {
        "from": [7, 1, 3],
        "to": [9, 3, 3],
        "faces": {
            "north": {
                "uv": [0, 0, 2, 2],
                "texture": "#0"
            },
            "east": {
                "uv": [0, 0, 0, 2],
                "texture": "#0"
            },
            "south": {
                "uv": [2, 0, 4, 2],
                "texture": "#0"
            },
            "west": {
                "uv": [2, 0, 2, 2],
                "texture": "#0"
            },
            "up": {
                "uv": [2, 0, 0, 0],
                "texture": "#0"
            },
            "down": {
                "uv": [4, 0, 2, 0],
                "texture": "#0"
            }
        }
    }, {
        "from": [5, 3, 2],
        "to": [7, 4, 3],
        "faces": {
            "north": {
                "uv": [1, 7, 3, 8],
                "texture": "#0"
            },
            "east": {
                "uv": [0, 7, 1, 8],
                "texture": "#0"
            },
            "south": {
                "uv": [4, 7, 6, 8],
                "texture": "#0"
            },
            "west": {
                "uv": [3, 7, 4, 8],
                "texture": "#0"
            },
            "up": {
                "uv": [3, 7, 1, 6],
                "texture": "#0"
            },
            "down": {
                "uv": [5, 6, 3, 7],
                "texture": "#0"
            }
        }
    }, {
        "from": [2, 3, 2],
        "to": [4, 4, 3],
        "faces": {
            "north": {
                "uv": [11, 7, 13, 8],
                "texture": "#0"
            },
            "east": {
                "uv": [10, 7, 11, 8],
                "texture": "#0"
            },
            "south": {
                "uv": [14, 7, 16, 8],
                "texture": "#0"
            },
            "west": {
                "uv": [13, 7, 14, 8],
                "texture": "#0"
            },
            "up": {
                "uv": [13, 7, 11, 6],
                "texture": "#0"
            },
            "down": {
                "uv": [15, 6, 13, 7],
                "texture": "#0"
            }
        }
    }, {
        "from": [9, 3, 2],
        "to": [11, 4, 3],
        "faces": {
            "north": {
                "uv": [11, 7, 13, 8],
                "texture": "#0"
            },
            "east": {
                "uv": [10, 7, 11, 8],
                "texture": "#0"
            },
            "south": {
                "uv": [14, 7, 16, 8],
                "texture": "#0"
            },
            "west": {
                "uv": [13, 7, 14, 8],
                "texture": "#0"
            },
            "up": {
                "uv": [13, 7, 11, 6],
                "texture": "#0"
            },
            "down": {
                "uv": [15, 6, 13, 7],
                "texture": "#0"
            }
        }
    }, {
        "from": [9, 1, 2],
        "to": [14, 3, 3],
        "faces": {
            "north": {
                "uv": [5, 14, 10, 16],
                "texture": "#0"
            },
            "east": {
                "uv": [4, 14, 5, 16],
                "texture": "#0"
            },
            "south": {
                "uv": [11, 14, 16, 16],
                "texture": "#0"
            },
            "west": {
                "uv": [10, 14, 11, 16],
                "texture": "#0"
            },
            "up": {
                "uv": [10, 14, 5, 13],
                "texture": "#0"
            },
            "down": {
                "uv": [15, 13, 10, 14],
                "texture": "#0"
            }
        }
    }, {
        "from": [12, 3, 2],
        "to": [14, 4, 3],
        "faces": {
            "north": {
                "uv": [1, 7, 3, 8],
                "texture": "#0"
            },
            "east": {
                "uv": [0, 7, 1, 8],
                "texture": "#0"
            },
            "south": {
                "uv": [4, 7, 6, 8],
                "texture": "#0"
            },
            "west": {
                "uv": [3, 7, 4, 8],
                "texture": "#0"
            },
            "up": {
                "uv": [3, 7, 1, 6],
                "texture": "#0"
            },
            "down": {
                "uv": [5, 6, 3, 7],
                "texture": "#0"
            }
        }
    }]
}