{
    "display": {
        "thirdperson_righthand": {
            "scale": [0.25, 0.25, 0.25]
        },
        "thirdperson_lefthand": {
            "scale": [0.25, 0.25, 0.25]
        },
        "firstperson_righthand": {
            "translation": [3.5, 0, 0],
            "scale": [0.25, 0.25, 0.25]
        },
        "firstperson_lefthand": {
            "translation": [2.75, 0, 0],
            "scale": [0.25, 0.25, 0.25]
        },
        "ground": {
            "scale": [0.25, 0.25, 0.25]
        },
        "gui": {
            "rotation": [30, -135, 0],
            "translation": [-0.25, 0, 0],
            "scale": [0.8, 0.8, 0.8]
        },
        "head": {
            "translation": [0, 6.25, 0],
            "scale": [1.6, 1.6, 1.6]
        }
    },
    "texture_size": [32, 32],
    "textures": {
        "0": "item/hats/mario_hat",
        "particle": "item/hats/mario_hat"
    },
    "elements": [{
        "from": [3.5, 5, 3.5],
        "to": [12.5, 10, 8.5],
        "faces": {
            "north": {
                "uv": [2.5, 6.5, 7, 9],
                "texture": "#0"
            },
            "east": {
                "uv": [0, 6.5, 2.5, 9],
                "texture": "#0"
            },
            "south": {
                "uv": [9.5, 6.5, 14, 9],
                "texture": "#0"
            },
            "west": {
                "uv": [7, 6.5, 9.5, 9],
                "texture": "#0"
            },
            "up": {
                "uv": [7, 6.5, 2.5, 4],
                "texture": "#0"
            },
            "down": {
                "uv": [11.5, 4, 7, 6.5],
                "texture": "#0"
            }
        }
    }, {
        "from": [3.5, 5, 0.5],
        "to": [12.5, 6, 3.5],
        "faces": {
            "north": {
                "uv": [2.5, 10.5, 7, 11],
                "texture": "#0"
            },
            "east": {
                "uv": [1, 10.5, 2.5, 11],
                "texture": "#0"
            },
            "south": {
                "uv": [8.5, 10.5, 13, 11],
                "texture": "#0"
            },
            "west": {
                "uv": [7, 10.5, 8.5, 11],
                "texture": "#0"
            },
            "up": {
                "uv": [7, 10.5, 2.5, 9],
                "texture": "#0"
            },
            "down": {
                "uv": [11.5, 9, 7, 10.5],
                "texture": "#0"
            }
        }
    }, {
        "from": [3.5, 5, 8.5],
        "to": [12.5, 9, 12.5],
        "faces": {
            "north": {
                "uv": [3, 2, 7.5, 4],
                "texture": "#0"
            },
            "east": {
                "uv": [1, 2, 3, 4],
                "texture": "#0"
            },
            "south": {
                "uv": [9.5, 2, 14, 4],
                "texture": "#0"
            },
            "west": {
                "uv": [7.5, 2, 9.5, 4],
                "texture": "#0"
            },
            "up": {
                "uv": [7.5, 2, 3, 0],
                "texture": "#0"
            },
            "down": {
                "uv": [12, 0, 7.5, 2],
                "texture": "#0"
            }
        }
    }]
}