{
	"credit": "Made with Blockbench",
	"textures": {
		"0": "item/hats/ninja_headband",
		"1": "item/hats/ninja_headband_decoration",
		"particle": "item/hats/ninja_headband"
	},
	"elements": [
		{
			"from": [3.5, 8.25, 3.5],
			"to": [12.5, 11.25, 12.5],
			"rotation": {"angle": 0, "axis": "y", "origin": [4.5, 4, 4.5]},
			"faces": {
				"north": {"uv": [1, 1, 2, 2], "texture": "#0"},
				"east": {"uv": [1, 1, 2, 2], "texture": "#0"},
				"south": {"uv": [1, 1, 2, 2], "texture": "#0"},
				"west": {"uv": [1, 1, 2, 2], "texture": "#0"},
				"up": {"uv": [1, 1, 2, 2], "texture": "#0"},
				"down": {"uv": [1, 1, 2, 2], "texture": "#0"}
			}
		},
		{
			"from": [11, 8.75, 11],
			"to": [12.75, 10.75, 12.75],
			"rotation": {"angle": 0, "axis": "y", "origin": [4.5, 4, 4.5]},
			"faces": {
				"north": {"uv": [10, 1, 11, 2], "texture": "#0"},
				"east": {"uv": [10, 1, 11, 2], "texture": "#0"},
				"south": {"uv": [10, 1, 11, 2], "texture": "#0"},
				"west": {"uv": [10, 1, 11, 2], "texture": "#0"},
				"up": {"uv": [10, 1, 11, 2], "texture": "#0"},
				"down": {"uv": [10, 1, 11, 2], "texture": "#0"}
			}
		},
		{
			"from": [3.25, 8.75, 11],
			"to": [5, 10.75, 12.75],
			"rotation": {"angle": 0, "axis": "y", "origin": [11.5, 4, 4.5]},
			"faces": {
				"north": {"uv": [11, 1, 10, 2], "texture": "#0"},
				"east": {"uv": [11, 1, 10, 2], "texture": "#0"},
				"south": {"uv": [11, 1, 10, 2], "texture": "#0"},
				"west": {"uv": [11, 1, 10, 2], "texture": "#0"},
				"up": {"uv": [11, 1, 10, 2], "texture": "#0"},
				"down": {"uv": [11, 1, 10, 2], "texture": "#0"}
			}
		},
		{
			"from": [3.25, 8.75, 3.25],
			"to": [5, 10.75, 5],
			"rotation": {"angle": 0, "axis": "y", "origin": [11.5, 4, 11.5]},
			"faces": {
				"north": {"uv": [10, 1, 11, 2], "texture": "#0"},
				"east": {"uv": [10, 1, 11, 2], "texture": "#0"},
				"south": {"uv": [10, 1, 11, 2], "texture": "#0"},
				"west": {"uv": [10, 1, 11, 2], "texture": "#0"},
				"up": {"uv": [11, 2, 10, 1], "texture": "#0"},
				"down": {"uv": [11, 2, 10, 1], "texture": "#0"}
			}
		},
		{
			"from": [11, 8.75, 3.25],
			"to": [12.75, 10.75, 5],
			"rotation": {"angle": 0, "axis": "y", "origin": [4.5, 4, 11.5]},
			"faces": {
				"north": {"uv": [11, 1, 10, 2], "texture": "#0"},
				"east": {"uv": [11, 1, 10, 2], "texture": "#0"},
				"south": {"uv": [11, 1, 10, 2], "texture": "#0"},
				"west": {"uv": [11, 1, 10, 2], "texture": "#0"},
				"up": {"uv": [10, 2, 11, 1], "texture": "#0"},
				"down": {"uv": [10, 2, 11, 1], "texture": "#0"}
			}
		},
		{
			"from": [5.5, 8.75, 3.25],
			"to": [10.5, 10.75, 7.775],
			"rotation": {"angle": 0, "axis": "y", "origin": [4.5, 4, 4.5]},
			"faces": {
				"north": {"uv": [4, 1, 5, 2], "texture": "#0"},
				"east": {"uv": [4, 1, 5, 2], "texture": "#0"},
				"south": {"uv": [4, 1, 5, 2], "texture": "#0"},
				"west": {"uv": [4, 1, 5, 2], "texture": "#0"},
				"up": {"uv": [4, 1, 5, 2], "texture": "#0"},
				"down": {"uv": [4, 1, 5, 2], "texture": "#0"}
			}
		},
		{
			"from": [10, 10.35, 3.1375],
			"to": [10.25, 10.6, 7.8875],
			"rotation": {"angle": 0, "axis": "y", "origin": [4.5, 4, 4.5125]},
			"faces": {
				"north": {"uv": [8, 1, 7, 2], "texture": "#0"},
				"east": {"uv": [8, 1, 7, 2], "texture": "#0"},
				"south": {"uv": [8, 1, 7, 2], "texture": "#0"},
				"west": {"uv": [8, 1, 7, 2], "texture": "#0"},
				"up": {"uv": [8, 1, 7, 2], "texture": "#0"},
				"down": {"uv": [8, 1, 7, 2], "texture": "#0"}
			}
		},
		{
			"from": [10, 8.9, 3.1375],
			"to": [10.25, 9.15, 7.8875],
			"rotation": {"angle": 0, "axis": "y", "origin": [4.5, 4, 4.5125]},
			"faces": {
				"north": {"uv": [8, 1, 7, 2], "texture": "#0"},
				"east": {"uv": [8, 1, 7, 2], "texture": "#0"},
				"south": {"uv": [8, 1, 7, 2], "texture": "#0"},
				"west": {"uv": [8, 1, 7, 2], "texture": "#0"},
				"up": {"uv": [8, 1, 7, 2], "texture": "#0"},
				"down": {"uv": [8, 1, 7, 2], "texture": "#0"}
			}
		},
		{
			"from": [5.75, 8.9, 3.1375],
			"to": [6, 9.15, 7.8875],
			"rotation": {"angle": 0, "axis": "y", "origin": [11.5, 4, 4.5125]},
			"faces": {
				"north": {"uv": [8, 1, 7, 2], "texture": "#0"},
				"east": {"uv": [8, 1, 7, 2], "texture": "#0"},
				"south": {"uv": [8, 1, 7, 2], "texture": "#0"},
				"west": {"uv": [8, 1, 7, 2], "texture": "#0"},
				"up": {"uv": [8, 1, 7, 2], "texture": "#0"},
				"down": {"uv": [8, 1, 7, 2], "texture": "#0"}
			}
		},
		{
			"from": [5.75, 10.35, 3.1375],
			"to": [6, 10.6, 7.8875],
			"rotation": {"angle": 0, "axis": "y", "origin": [11.5, 4, 4.5125]},
			"faces": {
				"north": {"uv": [8, 1, 7, 2], "texture": "#0"},
				"east": {"uv": [8, 1, 7, 2], "texture": "#0"},
				"south": {"uv": [8, 1, 7, 2], "texture": "#0"},
				"west": {"uv": [8, 1, 7, 2], "texture": "#0"},
				"up": {"uv": [8, 1, 7, 2], "texture": "#0"},
				"down": {"uv": [8, 1, 7, 2], "texture": "#0"}
			}
		},
		{
			"from": [7, 8.75, 3.2],
			"to": [9, 10.75, 3.2],
			"rotation": {"angle": 0, "axis": "y", "origin": [6, 4, 11.5]},
			"faces": {
				"north": {"uv": [0, 0, 15, 15], "texture": "#1"}
			}
		}
	],
	"display": {
		"thirdperson_righthand": {
			"translation": [0, -1.5, 1.75],
			"scale": [0.5, 0.5, 0.5]
		},
		"thirdperson_lefthand": {
			"translation": [0, -1.5, 1.75],
			"scale": [0.5, 0.5, 0.5]
		},
		"firstperson_righthand": {
			"scale": [0.5, 0.5, 0.5]
		},
		"firstperson_lefthand": {
			"scale": [0.5, 0.5, 0.5]
		},
		"ground": {
			"translation": [0, 3, 0],
			"scale": [0.5, 0.5, 0.5]
		},
		"gui": {
			"rotation": [30, 225, 0],
			"translation": [0, -1.75, 0]
		},
		"head": {
			"scale": [1.7, 1.7, 1.7]
		},
		"fixed": {
			"rotation": [-90, 0, 0],
			"translation": [0, 0, 5],
			"scale": [2, 2, 2]
		}
	}
}