{
	"credit": "Made with Blockbench",
	"texture_size": [64, 64],
	"textures": {
		"1": "item/hats/cowboy_hat/cowboy_hat",
		"2": "item/hats/cowboy_hat/cowboy_animation",
		"particle": "item/hats/cowboy_hat/cowboy_hat"
	},
	"elements": [
		{
			"from": [-3, 0, -7],
			"to": [19, 0, 23],
			"rotation": {"angle": 0, "axis": "y", "origin": [3.5, 6, 8]},
			"faces": {
				"north": {"uv": [0, 0, 5.5, 0], "texture": "#1"},
				"east": {"uv": [0, 0, 7.5, 0], "texture": "#1"},
				"south": {"uv": [0, 0, 5.5, 0], "texture": "#1"},
				"west": {"uv": [0, 0, 7.5, 0], "texture": "#1"},
				"up": {"uv": [5.5, 7.5, 0, 0], "texture": "#1"},
				"down": {"uv": [5.5, 0, 0, 7.5], "texture": "#1"}
			}
		},
		{
			"from": [19, 0, -7],
			"to": [27, 0, 23],
			"rotation": {"angle": 22.5, "axis": "z", "origin": [19, 0, 8]},
			"faces": {
				"north": {"uv": [0, 0, 2, 0], "texture": "#1"},
				"east": {"uv": [0, 0, 7.5, 0], "texture": "#1"},
				"south": {"uv": [0, 0, 2, 0], "texture": "#1"},
				"west": {"uv": [0, 0, 7.5, 0], "texture": "#1"},
				"up": {"uv": [2, 15, 0, 7.5], "texture": "#1"},
				"down": {"uv": [2, 7.5, 0, 15], "texture": "#1"}
			}
		},
		{
			"from": [-11, 0, -7],
			"to": [-3, 0, 23],
			"rotation": {"angle": -22.5, "axis": "z", "origin": [-3, 0, 8]},
			"faces": {
				"north": {"uv": [2, 0, 0, 0], "texture": "#1"},
				"east": {"uv": [7.5, 0, 0, 0], "texture": "#1"},
				"south": {"uv": [2, 0, 0, 0], "texture": "#1"},
				"west": {"uv": [7.5, 0, 0, 0], "texture": "#1"},
				"up": {"uv": [0, 15, 2, 7.5], "texture": "#1"},
				"down": {"uv": [0, 7.5, 2, 15], "texture": "#1"}
			}
		},
		{
			"from": [0, 0, 0],
			"to": [16, 8, 16],
			"rotation": {"angle": 0, "axis": "y", "origin": [3.5, 6, 8]},
			"faces": {
				"north": {"uv": [2, 8, 6, 10], "texture": "#1"},
				"east": {"uv": [6, 8, 10, 10], "texture": "#1"},
				"south": {"uv": [9.5, 0, 13.5, 2], "texture": "#1"},
				"west": {"uv": [9.5, 2, 13.5, 4], "texture": "#1"},
				"up": {"uv": [9.5, 4, 5.5, 0], "texture": "#1"},
				"down": {"uv": [9.5, 4, 5.5, 8], "texture": "#1"}
			}
		},
		{
			"from": [3, 8, 0.9],
			"to": [13, 12, 0.9],
			"rotation": {"angle": 0, "axis": "y", "origin": [3.5, 6, 8]},
			"faces": {
				"north": {"uv": [13.5, 0, 16, 1], "texture": "#1"},
				"east": {"uv": [6, 8, 10, 10], "texture": "#1"},
				"south": {"uv": [16, 0, 13.5, 1], "texture": "#1"},
				"west": {"uv": [9.5, 2, 13.5, 4], "texture": "#1"},
				"up": {"uv": [9.5, 4, 5.5, 0], "texture": "#1"},
				"down": {"uv": [9.5, 4, 5.5, 8], "texture": "#1"}
			}
		},
		{
			"from": [3, 8, 15.1],
			"to": [13, 12, 15.1],
			"rotation": {"angle": 0, "axis": "y", "origin": [3.5, 6, 8]},
			"faces": {
				"north": {"uv": [13.5, 0, 16, 1], "texture": "#1"},
				"east": {"uv": [10, 8, 6, 10], "texture": "#1"},
				"south": {"uv": [16, 0, 13.5, 1], "texture": "#1"},
				"west": {"uv": [13.5, 2, 9.5, 4], "texture": "#1"},
				"up": {"uv": [9.5, 0, 5.5, 4], "texture": "#1"},
				"down": {"uv": [9.5, 8, 5.5, 4], "texture": "#1"}
			}
		},
		{
			"from": [-0.2, 0, -0.2],
			"to": [16.2, 3, 16.2],
			"rotation": {"angle": 0, "axis": "y", "origin": [3.5, 6, 8]},
			"faces": {
				"north": {"uv": [11.25, 4, 15.375, 4.75], "texture": "#1"},
				"east": {"uv": [11.25, 4.75, 15.375, 5.5], "texture": "#1"},
				"south": {"uv": [15.375, 4, 11.25, 4.75], "texture": "#1"},
				"west": {"uv": [15.375, 4.75, 11.25, 5.5], "texture": "#1"}
			}
		},
		{
			"from": [8, 8, 1],
			"to": [15, 14, 15],
			"rotation": {"angle": 22.5, "axis": "z", "origin": [15, 8, 8]},
			"faces": {
				"north": {"uv": [11.25, 5.5, 13, 7], "texture": "#1"},
				"east": {"uv": [14.25, 10.5, 10.75, 12], "texture": "#1"},
				"south": {"uv": [7.25, 11.5, 9, 13], "texture": "#1"},
				"west": {"uv": [10, 7.5, 13.5, 9], "texture": "#1"},
				"up": {"uv": [11.25, 7.5, 9.5, 4], "texture": "#1"},
				"down": {"uv": [3.75, 10, 2, 13.5], "texture": "#1"}
			}
		},
		{
			"from": [1, 8, 1],
			"to": [8, 14, 15],
			"rotation": {"angle": -22.5, "axis": "z", "origin": [1, 8, 8]},
			"faces": {
				"north": {"uv": [9, 11.5, 10.75, 13], "texture": "#1"},
				"east": {"uv": [10.75, 9, 14.25, 10.5], "texture": "#1"},
				"south": {"uv": [10.75, 12, 12.5, 13.5], "texture": "#1"},
				"west": {"uv": [10.75, 10.5, 14.25, 12], "texture": "#1"},
				"up": {"uv": [5.5, 13.5, 3.75, 10], "texture": "#1"},
				"down": {"uv": [7.25, 10, 5.5, 13.5], "texture": "#1"}
			}
		},
		{
			"from": [11, -3, 17],
			"to": [27, 13, 17],
			"faces": {
				"north": {"uv": [0, 0, 16, 16], "texture": "#2"},
				"east": {"uv": [0, 0, 0, 4], "texture": "#missing"},
				"south": {"uv": [16, 0, 0, 16], "texture": "#2"},
				"west": {"uv": [0, 0, 0, 4], "texture": "#missing"},
				"up": {"uv": [0, 0, 4, 0], "texture": "#missing"},
				"down": {"uv": [0, 0, 4, 0], "texture": "#missing"}
			}
		},
		{
			"from": [-16, -15, -1],
			"to": [0, 1, -1],
			"rotation": {"angle": 0, "axis": "y", "origin": [16, 0, 0]},
			"faces": {
				"north": {"uv": [16, 0, 0, 16], "texture": "#2"},
				"east": {"uv": [0, 0, 0, 4], "texture": "#missing"},
				"south": {"uv": [0, 0, 16, 16], "texture": "#2"},
				"west": {"uv": [0, 0, 0, 4], "texture": "#missing"},
				"up": {"uv": [4, 0, 0, 0], "texture": "#missing"},
				"down": {"uv": [4, 0, 0, 0], "texture": "#missing"}
			}
		}
	],
	"display": {
		"thirdperson_righthand": {
			"translation": [0, 3, 0],
			"scale": [0.29, 0.29, 0.29]
		},
		"thirdperson_lefthand": {
			"translation": [0, 2.75, 0],
			"scale": [0.29, 0.29, 0.29]
		},
		"firstperson_righthand": {
			"translation": [0, 0, -1],
			"scale": [0.5, 0.5, 0.5]
		},
		"firstperson_lefthand": {
			"translation": [0, 0, -1],
			"scale": [0.5, 0.5, 0.5]
		},
		"ground": {
			"translation": [0, 3.75, 0],
			"scale": [0.45, 0.45, 0.45]
		},
		"gui": {
			"rotation": [30, -135, 0],
			"translation": [0, 1, 0],
			"scale": [0.4, 0.4, 0.4]
		},
		"head": {
			"rotation": [-2, 0, 0],
			"translation": [0, 10.75, 0],
			"scale": [0.955, 0.955, 0.955]
		},
		"fixed": {
			"scale": [0.4, 0.4, 0.4]
		}
	}
}