{
  "credit": "MadewithBlockbench",
  "textures": {
    "0": "item/hats/panda_hat",
    "particle": "item/hats/panda_hat"
  },
  "elements": [
    {
      "from": [
        4,
        3,
        7.5
      ],
      "to": [
        6,
        5,
        8.5
      ],
      "rotation": {
        "angle": 0,
        "axis": "y",
        "origin": [
          8,
          3,
          8
        ]
      },
      "faces": {
        "north": {
          "uv": [
            12,
            6,
            14,
            8
          ],
          "texture": "#0"
        },
        "east": {
          "uv": [
            11,
            13,
            12,
            15
          ],
          "texture": "#0"
        },
        "south": {
          "uv": [
            8,
            12,
            10,
            14
          ],
          "texture": "#0"
        },
        "west": {
          "uv": [
            13,
            11,
            14,
            13
          ],
          "texture": "#0"
        },
        "up": {
          "uv": [
            14,
            14,
            12,
            13
          ],
          "texture": "#0"
        },
        "down": {
          "uv": [
            16,
            4,
            14,
            5
          ],
          "texture": "#0"
        }
      }
    },
    {
      "from": [
        10,
        3,
        7.5
      ],
      "to": [
        12,
        5,
        8.5
      ],
      "rotation": {
        "angle": 0,
        "axis": "y",
        "origin": [
          11,
          4,
          8
        ]
      },
      "faces": {
        "north": {
          "uv": [
            14,
            6,
            12,
            8
          ],
          "texture": "#0"
        },
        "east": {
          "uv": [
            14,
            11,
            13,
            13
          ],
          "texture": "#0"
        },
        "south": {
          "uv": [
            10,
            12,
            8,
            14
          ],
          "texture": "#0"
        },
        "west": {
          "uv": [
            12,
            13,
            11,
            15
          ],
          "texture": "#0"
        },
        "up": {
          "uv": [
            12,
            14,
            14,
            13
          ],
          "texture": "#0"
        },
        "down": {
          "uv": [
            14,
            4,
            16,
            5
          ],
          "texture": "#0"
        }
      }
    },
    {
      "from": [
        5,
        0,
        5
      ],
      "to": [
        11,
        4,
        11
      ],
      "rotation": {
        "angle": 0,
        "axis": "y",
        "origin": [
          8,
          3,
          8
        ]
      },
      "faces": {
        "north": {
          "uv": [
            6,
            0,
            12,
            4
          ],
          "texture": "#0"
        },
        "east": {
          "uv": [
            6,
            12,
            0,
            16
          ],
          "texture": "#0"
        },
        "south": {
          "uv": [
            6,
            8,
            12,
            12
          ],
          "texture": "#0"
        },
        "west": {
          "uv": [
            0,
            12,
            6,
            16
          ],
          "texture": "#0"
        },
        "up": {
          "uv": [
            6,
            6,
            0,
            0
          ],
          "texture": "#0"
        },
        "down": {
          "uv": [
            6,
            6,
            0,
            12
          ],
          "texture": "#0"
        }
      }
    },
    {
      "from": [
        6.5,
        0,
        4
      ],
      "to": [
        9.5,
        2,
        5
      ],
      "rotation": {
        "angle": 0,
        "axis": "y",
        "origin": [
          8,
          3,
          8
        ]
      },
      "faces": {
        "north": {
          "uv": [
            12,
            0,
            15,
            2
          ],
          "texture": "#0"
        },
        "east": {
          "uv": [
            14,
            5,
            15,
            7
          ],
          "texture": "#0"
        },
        "south": {
          "uv": [
            12,
            2,
            15,
            4
          ],
          "texture": "#0"
        },
        "west": {
          "uv": [
            6,
            14,
            7,
            16
          ],
          "texture": "#0"
        },
        "up": {
          "uv": [
            15,
            9,
            12,
            8
          ],
          "texture": "#0"
        },
        "down": {
          "uv": [
            15,
            9,
            12,
            10
          ],
          "texture": "#0"
        }
      }
    }
  ],
  "gui_light": "front",
  "display": {
    "thirdperson_righthand": {
      "rotation": [
        52.5,
        0,
        0
      ],
      "translation": [
        0,
        6,
        3.75
      ]
    },
    "thirdperson_lefthand": {
      "rotation": [
        52.5,
        0,
        0
      ],
      "translation": [
        0,
        6,
        3.75
      ]
    },
    "firstperson_righthand": {
      "rotation": [
        0,
        113,
        0
      ],
      "translation": [
        0,
        11.75,
        0
      ],
      "scale": [
        1.32031,
        1.32031,
        1.32031
      ]
    },
    "firstperson_lefthand": {
      "rotation": [
        0,
        113,
        0
      ],
      "translation": [
        0,
        11.75,
        0
      ],
      "scale": [
        1.32031,
        1.32031,
        1.32031
      ]
    },
    "ground": {
      "translation": [
        0,
        9.5,
        0
      ],
      "scale": [
        1.52539,
        1.52539,
        1.52539
      ]
    },
    "gui": {
      "rotation": [
        30,
        225,
        0
      ],
      "translation": [
        0,
        7,
        0
      ],
      "scale": [
        1.41,
        1.41,
        1.41
      ]
    },
    "head": {
      "translation": [
        0,
        21.75,
        0
      ],
      "scale": [
        2.5,
        2.5,
        2.5
      ]
    },
    "fixed": {
      "rotation": [
        -90,
        0,
        0
      ],
      "translation": [
        0,
        -0.25,
        -33
      ],
      "scale": [
        4,
        4,
        4
      ]
    }
  }
}