{
    "display": {
        "thirdperson_righthand": {
            "rotation": [21, 0, 0],
            "translation": [0, 2.25, 1],
            "scale": [0.42, 0.42, 0.42]
        },
        "thirdperson_lefthand": {
            "rotation": [21, 0, 0],
            "translation": [0, 2.25, 1.25],
            "scale": [0.42, 0.42, 0.42]
        },
        "firstperson_righthand": {
            "translation": [3.5, 1.5, 0]
        },
        "firstperson_lefthand": {
            "translation": [3.5, 1.5, 0]
        },
        "ground": {
            "translation": [0.25, 1.5, 0],
            "scale": [0.6, 0.6, 0.6]
        },
        "gui": {
            "rotation": [24, -141, 0],
            "translation": [0.25, 2, 0]
        },
        "head": {
            "translation": [0, 8.25, 0],
            "scale": [1.86, 1.86, 1.86]
        },
        "fixed": {
            "translation": [-0.25, 3.5, 0]
        }
    },
    "texture_size": [64, 64],
    "textures": {
        "0": "item/hats/pennywise_hat",
        "particle": "item/hats/pennywise_hat"
    },
    "elements": [{
        "from": [4, 0, 4],
        "to": [12, 9, 12],
        "rotation": {
            "angle": 0,
            "axis": "y",
            "origin": [4, 5, 4]
        },
        "faces": {
            "north": {
                "uv": [2.75, 0, 4.75, 2.25],
                "texture": "#0"
            },
            "east": {
                "uv": [2.75, 2.25, 4.75, 4.5],
                "texture": "#0"
            },
            "south": {
                "uv": [0, 4, 2, 6.25],
                "texture": "#0"
            },
            "west": {
                "uv": [2, 4.5, 4, 6.75],
                "texture": "#0"
            },
            "up": {
                "uv": [6.75, 3.5, 4.75, 1.5],
                "texture": "#0"
            },
            "down": {
                "uv": [6, 6, 4, 8],
                "texture": "#0"
            }
        }
    }, {
        "from": [12, 10, 13],
        "to": [16, 15, 17],
        "rotation": {
            "angle": 0,
            "axis": "y",
            "origin": [4, 5, 4]
        },
        "faces": {
            "north": {
                "uv": [7.25, 3, 8.25, 4.25],
                "texture": "#0"
            },
            "east": {
                "uv": [7.25, 4.25, 8.25, 5.5],
                "texture": "#0"
            },
            "south": {
                "uv": [7.5, 0, 8.5, 1.25],
                "texture": "#0"
            },
            "west": {
                "uv": [6, 7.5, 7, 8.75],
                "texture": "#0"
            },
            "up": {
                "uv": [5.75, 4.5, 4.75, 3.5],
                "texture": "#0"
            },
            "down": {
                "uv": [6.75, 3.5, 5.75, 4.5],
                "texture": "#0"
            }
        }
    }, {
        "from": [13, 0, 15],
        "to": [15, 10, 15],
        "rotation": {
            "angle": 0,
            "axis": "y",
            "origin": [13, 5, 15]
        },
        "faces": {
            "north": {
                "uv": [7, 7.5, 7.5, 10],
                "texture": "#0"
            },
            "east": {
                "uv": [0, 0, 0, 2.5],
                "texture": "#0"
            },
            "south": {
                "uv": [7.5, 7.5, 7, 10],
                "texture": "#0"
            },
            "west": {
                "uv": [0, 0, 0, 2.5],
                "texture": "#0"
            },
            "up": {
                "uv": [0.5, 0, 0, 0],
                "texture": "#0"
            },
            "down": {
                "uv": [0.5, 0, 0, 0],
                "texture": "#0"
            }
        }
    }, {
        "from": [8.3, 5.7, 3.8],
        "to": [11.3, 6.7, 4.8],
        "rotation": {
            "angle": 22.5,
            "axis": "z",
            "origin": [9.5, 6.5, 4.3]
        },
        "faces": {
            "north": {
                "uv": [8, 2.25, 8.75, 2.5],
                "texture": "#0"
            },
            "east": {
                "uv": [3.75, 7.25, 4, 7.5],
                "texture": "#0"
            },
            "south": {
                "uv": [8, 2.5, 8.75, 2.75],
                "texture": "#0"
            },
            "west": {
                "uv": [3.75, 7.5, 4, 7.75],
                "texture": "#0"
            },
            "up": {
                "uv": [8.75, 3, 8, 2.75],
                "texture": "#0"
            },
            "down": {
                "uv": [4.5, 8, 3.75, 8.25],
                "texture": "#0"
            }
        }
    }, {
        "from": [4.7, 5.7, 3.8],
        "to": [7.7, 6.7, 4.8],
        "rotation": {
            "angle": -22.5,
            "axis": "z",
            "origin": [6.5, 6.5, 4.3]
        },
        "faces": {
            "north": {
                "uv": [4.5, 8, 5.25, 8.25],
                "texture": "#0"
            },
            "east": {
                "uv": [3.75, 7.75, 4, 8],
                "texture": "#0"
            },
            "south": {
                "uv": [5.25, 8, 6, 8.25],
                "texture": "#0"
            },
            "west": {
                "uv": [8, 6.75, 8.25, 7],
                "texture": "#0"
            },
            "up": {
                "uv": [8.75, 6.25, 8, 6],
                "texture": "#0"
            },
            "down": {
                "uv": [8.75, 6.25, 8, 6.5],
                "texture": "#0"
            }
        }
    }, {
        "from": [7.4, 3.1, 3.8],
        "to": [8.6, 4.3, 4],
        "rotation": {
            "angle": 0,
            "axis": "z",
            "origin": [7.8, 6.5, 3.5]
        },
        "faces": {
            "north": {
                "uv": [2, 4, 2.5, 4.5],
                "texture": "#0"
            },
            "east": {
                "uv": [2.5, 4, 2.75, 4.5],
                "texture": "#0"
            },
            "south": {
                "uv": [1.5, 7.75, 2, 8.25],
                "texture": "#0"
            },
            "west": {
                "uv": [3.75, 6.75, 4, 7.25],
                "texture": "#0"
            },
            "up": {
                "uv": [8, 1.5, 7.5, 1.25],
                "texture": "#0"
            },
            "down": {
                "uv": [8.5, 6.5, 8, 6.75],
                "texture": "#0"
            }
        }
    }, {
        "from": [2.5, 2, 5],
        "to": [13.5, 8, 13],
        "rotation": {
            "angle": 0,
            "axis": "y",
            "origin": [3.775, 5, 4]
        },
        "faces": {
            "north": {
                "uv": [4, 4.5, 6.75, 6],
                "texture": "#0"
            },
            "east": {
                "uv": [2, 6.25, 0, 7.75],
                "texture": "#0"
            },
            "south": {
                "uv": [4.75, 0, 7.5, 1.5],
                "texture": "#0"
            },
            "west": {
                "uv": [0, 6.25, 2, 7.75],
                "texture": "#0"
            },
            "up": {
                "uv": [2.75, 2, 0, 0],
                "texture": "#0"
            },
            "down": {
                "uv": [2.75, 2, 0, 4],
                "texture": "#0"
            }
        }
    }, {
        "from": [5.5, 8, 5],
        "to": [10.5, 10, 11],
        "rotation": {
            "angle": 0,
            "axis": "y",
            "origin": [3.175, 5, 4]
        },
        "faces": {
            "north": {
                "uv": [8, 1.25, 9.25, 1.75],
                "texture": "#0"
            },
            "east": {
                "uv": [6.75, 5.5, 8.25, 6],
                "texture": "#0"
            },
            "south": {
                "uv": [8, 1.75, 9.25, 2.25],
                "texture": "#0"
            },
            "west": {
                "uv": [0, 7.75, 1.5, 8.25],
                "texture": "#0"
            },
            "up": {
                "uv": [8, 3, 6.75, 1.5],
                "texture": "#0"
            },
            "down": {
                "uv": [3.25, 6.75, 2, 8.25],
                "texture": "#0"
            }
        }
    }]
}