{
    "display": {
        "thirdperson_righthand": {
            "translation": [0, -1.5, 1.75],
            "scale": [0.5, 0.5, 0.5]
        },
        "thirdperson_lefthand": {
            "translation": [0, -1.5, 1.75],
            "scale": [0.5, 0.5, 0.5]
        },
        "firstperson_righthand": {
            "scale": [0.5, 0.5, 0.5]
        },
        "firstperson_lefthand": {
            "scale": [0.5, 0.5, 0.5]
        },
        "ground": {
            "translation": [0, 3, 0],
            "scale": [0.5, 0.5, 0.5]
        },
        "gui": {
            "rotation": [30, 225, 0],
            "translation": [1.5, -1, 0],
            "scale": [0.8, 0.8, 0.8]
        },
        "head": {
            "scale": [1.7, 1.7, 1.7]
        },
        "fixed": {
            "rotation": [-90, 0, 0],
            "translation": [0, 0, 5],
            "scale": [2, 2, 2]
        }
    },
    "textures": {
        "0": "item/hats/red_shark_hat",
        "particle": "item/hats/red_shark_hat"
    },
    "elements": [{
        "from": [3, 3, 3.25],
        "to": [13, 4, 13],
        "rotation": {
            "angle": 0,
            "axis": "y",
            "origin": [4, 4, 4]
        },
        "faces": {
            "north": {
                "uv": [1, 1, 2, 2],
                "texture": "#0"
            },
            "east": {
                "uv": [1, 1, 2, 2],
                "texture": "#0"
            },
            "south": {
                "uv": [1, 1, 2, 2],
                "texture": "#0"
            },
            "west": {
                "uv": [1, 1, 2, 2],
                "texture": "#0"
            },
            "up": {
                "uv": [4, 1, 5, 2],
                "texture": "#0"
            },
            "down": {
                "uv": [1, 1, 2, 2],
                "texture": "#0"
            }
        }
    }, {
        "from": [3, 4, 8.5],
        "to": [13, 12, 13],
        "rotation": {
            "angle": 0,
            "axis": "y",
            "origin": [4, 4, 4]
        },
        "faces": {
            "north": {
                "uv": [4, 1, 5, 2],
                "texture": "#0"
            },
            "east": {
                "uv": [1, 1, 2, 2],
                "texture": "#0"
            },
            "south": {
                "uv": [1, 1, 2, 2],
                "texture": "#0"
            },
            "west": {
                "uv": [1, 1, 2, 2],
                "texture": "#0"
            },
            "up": {
                "uv": [1, 1, 2, 2],
                "texture": "#0"
            },
            "down": {
                "uv": [1, 1, 2, 2],
                "texture": "#0"
            }
        }
    }, {
        "from": [3, 12.43198, 11.86091],
        "to": [13, 15.68198, 14.11091],
        "rotation": {
            "angle": 45,
            "axis": "x",
            "origin": [8, 15.18198, 9.11091]
        },
        "faces": {
            "north": {
                "uv": [1, 1, 2, 2],
                "texture": "#0"
            },
            "east": {
                "uv": [1, 1, 2, 2],
                "texture": "#0"
            },
            "south": {
                "uv": [1, 1, 2, 2],
                "texture": "#0"
            },
            "west": {
                "uv": [1, 1, 2, 2],
                "texture": "#0"
            },
            "up": {
                "uv": [1, 1, 2, 2],
                "texture": "#0"
            },
            "down": {
                "uv": [1, 1, 2, 2],
                "texture": "#0"
            }
        }
    }, {
        "from": [3, 10.79247, 9.34827],
        "to": [13, 15.54247, 11.59827],
        "rotation": {
            "angle": 22.5,
            "axis": "x",
            "origin": [8, 15.04247, 6.59827]
        },
        "faces": {
            "north": {
                "uv": [1, 1, 2, 2],
                "texture": "#0"
            },
            "east": {
                "uv": [1, 1, 2, 2],
                "texture": "#0"
            },
            "south": {
                "uv": [1, 1, 2, 2],
                "texture": "#0"
            },
            "west": {
                "uv": [1, 1, 2, 2],
                "texture": "#0"
            },
            "up": {
                "uv": [1, 1, 2, 2],
                "texture": "#0"
            },
            "down": {
                "uv": [1, 1, 2, 2],
                "texture": "#0"
            }
        }
    }, {
        "from": [3, 9.95203, 7.08028],
        "to": [13, 14.45203, 9.33028],
        "rotation": {
            "angle": 0,
            "axis": "x",
            "origin": [8, 13.95203, 4.33028]
        },
        "faces": {
            "north": {
                "uv": [1, 1, 2, 2],
                "texture": "#0"
            },
            "east": {
                "uv": [1, 1, 2, 2],
                "texture": "#0"
            },
            "south": {
                "uv": [1, 1, 2, 2],
                "texture": "#0"
            },
            "west": {
                "uv": [1, 1, 2, 2],
                "texture": "#0"
            },
            "up": {
                "uv": [1, 1, 2, 2],
                "texture": "#0"
            },
            "down": {
                "uv": [1, 1, 2, 2],
                "texture": "#0"
            }
        }
    }, {
        "from": [6.75, 13.45203, 7.83028],
        "to": [9.25, 16.95203, 11.33028],
        "rotation": {
            "angle": 45,
            "axis": "x",
            "origin": [8.75, 14.20203, 7.58028]
        },
        "faces": {
            "north": {
                "uv": [13, 4, 14, 5],
                "texture": "#0"
            },
            "east": {
                "uv": [13, 4, 14, 5],
                "texture": "#0"
            },
            "south": {
                "uv": [13, 4, 14, 5],
                "texture": "#0"
            },
            "west": {
                "uv": [13, 4, 14, 5],
                "texture": "#0"
            },
            "up": {
                "uv": [13, 4, 14, 5],
                "texture": "#0"
            },
            "down": {
                "uv": [13, 4, 14, 5],
                "texture": "#0"
            }
        }
    }, {
        "from": [7, 11.45704, 9.85332],
        "to": [9, 14.70704, 12.60332],
        "rotation": {
            "angle": -22.5,
            "axis": "x",
            "origin": [8.75, 14.95704, 6.60332]
        },
        "faces": {
            "north": {
                "uv": [4, 10, 5, 11],
                "texture": "#0"
            },
            "east": {
                "uv": [4, 10, 5, 11],
                "texture": "#0"
            },
            "south": {
                "uv": [4, 10, 5, 11],
                "texture": "#0"
            },
            "west": {
                "uv": [4, 10, 5, 11],
                "texture": "#0"
            },
            "up": {
                "uv": [4, 10, 5, 11],
                "texture": "#0"
            },
            "down": {
                "uv": [4, 10, 5, 11],
                "texture": "#0"
            }
        }
    }, {
        "from": [7.25, 13.77217, 12.24227],
        "to": [8.75, 17.02217, 13.74227],
        "rotation": {
            "angle": 0,
            "axis": "x",
            "origin": [8.75, 17.27217, 8.99227]
        },
        "faces": {
            "north": {
                "uv": [4, 13, 5, 14],
                "texture": "#0"
            },
            "east": {
                "uv": [4, 13, 5, 14],
                "texture": "#0"
            },
            "south": {
                "uv": [4, 13, 5, 14],
                "texture": "#0"
            },
            "west": {
                "uv": [4, 13, 5, 14],
                "texture": "#0"
            },
            "up": {
                "uv": [4, 13, 5, 14],
                "texture": "#0"
            },
            "down": {
                "uv": [4, 13, 5, 14],
                "texture": "#0"
            }
        }
    }, {
        "from": [7.5, 15.74687, 14.08533],
        "to": [8.5, 18.24687, 16.33533],
        "rotation": {
            "angle": 22.5,
            "axis": "x",
            "origin": [8.75, 18.49687, 10.83533]
        },
        "faces": {
            "north": {
                "uv": [1, 13, 2, 14],
                "texture": "#0"
            },
            "east": {
                "uv": [1, 13, 2, 14],
                "texture": "#0"
            },
            "south": {
                "uv": [1, 13, 2, 14],
                "texture": "#0"
            },
            "west": {
                "uv": [1, 13, 2, 14],
                "texture": "#0"
            },
            "up": {
                "uv": [1, 13, 2, 14],
                "texture": "#0"
            },
            "down": {
                "uv": [1, 13, 2, 14],
                "texture": "#0"
            }
        }
    }, {
        "from": [7.75, 11.19883, 15.00513],
        "to": [8.25, 12.19883, 17.25513],
        "rotation": {
            "angle": -45,
            "axis": "x",
            "origin": [8.75, 12.44883, 11.75513]
        },
        "faces": {
            "north": {
                "uv": [1, 10, 2, 11],
                "texture": "#0"
            },
            "east": {
                "uv": [1, 10, 2, 11],
                "texture": "#0"
            },
            "south": {
                "uv": [1, 10, 2, 11],
                "texture": "#0"
            },
            "west": {
                "uv": [1, 10, 2, 11],
                "texture": "#0"
            },
            "up": {
                "uv": [1, 10, 2, 11],
                "texture": "#0"
            },
            "down": {
                "uv": [1, 10, 2, 11],
                "texture": "#0"
            }
        }
    }, {
        "from": [7.75, 11.66313, 11.12742],
        "to": [8.25, 12.66313, 14.87742],
        "rotation": {
            "angle": -22.5,
            "axis": "x",
            "origin": [8.75, 12.91313, 9.37742]
        },
        "faces": {
            "north": {
                "uv": [1, 10, 2, 11],
                "texture": "#0"
            },
            "east": {
                "uv": [1, 10, 2, 11],
                "texture": "#0"
            },
            "south": {
                "uv": [1, 10, 2, 11],
                "texture": "#0"
            },
            "west": {
                "uv": [1, 10, 2, 11],
                "texture": "#0"
            },
            "up": {
                "uv": [1, 10, 2, 11],
                "texture": "#0"
            },
            "down": {
                "uv": [1, 10, 2, 11],
                "texture": "#0"
            }
        }
    }, {
        "from": [1.68275, 6.98813, 10.25585],
        "to": [4.41275, 8.93813, 12.98585],
        "rotation": {
            "angle": 22.5,
            "axis": "y",
            "origin": [0.68094, 7.96313, 12.70558]
        },
        "faces": {
            "north": {
                "uv": [13, 7, 14, 8],
                "texture": "#0"
            },
            "east": {
                "uv": [13, 7, 14, 8],
                "texture": "#0"
            },
            "south": {
                "uv": [13, 7, 14, 8],
                "texture": "#0"
            },
            "west": {
                "uv": [13, 7, 14, 8],
                "texture": "#0"
            },
            "up": {
                "uv": [13, 7, 14, 8],
                "texture": "#0"
            },
            "down": {
                "uv": [13, 7, 14, 8],
                "texture": "#0"
            }
        }
    }, {
        "from": [-1.19894, 7.18313, 10.84256],
        "to": [1.33606, 8.74313, 12.98756],
        "rotation": {
            "angle": -45,
            "axis": "y",
            "origin": [0.68094, 7.96313, 12.70558]
        },
        "faces": {
            "north": {
                "uv": [10, 7, 11, 8],
                "texture": "#0"
            },
            "east": {
                "uv": [10, 7, 11, 8],
                "texture": "#0"
            },
            "south": {
                "uv": [10, 7, 11, 8],
                "texture": "#0"
            },
            "west": {
                "uv": [10, 7, 11, 8],
                "texture": "#0"
            },
            "up": {
                "uv": [10, 7, 11, 8],
                "texture": "#0"
            },
            "down": {
                "uv": [10, 7, 11, 8],
                "texture": "#0"
            }
        }
    }, {
        "from": [-1.16375, 7.37813, 12.2467],
        "to": [1.37125, 8.54813, 13.4167],
        "rotation": {
            "angle": -22.5,
            "axis": "y",
            "origin": [0.68094, 7.96313, 12.70558]
        },
        "faces": {
            "north": {
                "uv": [7, 7, 8, 8],
                "texture": "#0"
            },
            "east": {
                "uv": [7, 7, 8, 8],
                "texture": "#0"
            },
            "south": {
                "uv": [7, 7, 8, 8],
                "texture": "#0"
            },
            "west": {
                "uv": [7, 7, 8, 8],
                "texture": "#0"
            },
            "up": {
                "uv": [7, 7, 8, 8],
                "texture": "#0"
            },
            "down": {
                "uv": [7, 7, 8, 8],
                "texture": "#0"
            }
        }
    }, {
        "from": [-1.79789, 7.76813, 13.52543],
        "to": [-0.04289, 8.15813, 14.30543],
        "rotation": {
            "angle": 22.5,
            "axis": "y",
            "origin": [0.68094, 7.96313, 12.70558]
        },
        "faces": {
            "north": {
                "uv": [1, 7, 2, 8],
                "texture": "#0"
            },
            "east": {
                "uv": [1, 7, 2, 8],
                "texture": "#0"
            },
            "south": {
                "uv": [1, 7, 2, 8],
                "texture": "#0"
            },
            "west": {
                "uv": [1, 7, 2, 8],
                "texture": "#0"
            },
            "up": {
                "uv": [1, 7, 2, 8],
                "texture": "#0"
            },
            "down": {
                "uv": [1, 7, 2, 8],
                "texture": "#0"
            }
        }
    }, {
        "from": [-1.29546, 7.57313, 12.65664],
        "to": [0.65454, 8.35313, 14.41164],
        "rotation": {
            "angle": 0,
            "axis": "y",
            "origin": [0.68094, 7.96313, 12.70558]
        },
        "faces": {
            "north": {
                "uv": [4, 7, 5, 8],
                "texture": "#0"
            },
            "east": {
                "uv": [4, 7, 5, 8],
                "texture": "#0"
            },
            "south": {
                "uv": [4, 7, 5, 8],
                "texture": "#0"
            },
            "west": {
                "uv": [4, 7, 5, 8],
                "texture": "#0"
            },
            "up": {
                "uv": [4, 7, 5, 8],
                "texture": "#0"
            },
            "down": {
                "uv": [4, 7, 5, 8],
                "texture": "#0"
            }
        }
    }, {
        "from": [1.10201, 7.76813, 11.06156],
        "to": [1.88201, 8.15813, 13.98656],
        "rotation": {
            "angle": -45,
            "axis": "y",
            "origin": [0.68094, 7.96313, 12.70558]
        },
        "faces": {
            "north": {
                "uv": [1, 7, 2, 8],
                "texture": "#0"
            },
            "east": {
                "uv": [1, 7, 2, 8],
                "texture": "#0"
            },
            "south": {
                "uv": [1, 7, 2, 8],
                "texture": "#0"
            },
            "west": {
                "uv": [1, 7, 2, 8],
                "texture": "#0"
            },
            "up": {
                "uv": [1, 7, 2, 8],
                "texture": "#0"
            },
            "down": {
                "uv": [1, 7, 2, 8],
                "texture": "#0"
            }
        }
    }, {
        "from": [11.58725, 6.98813, 10.25585],
        "to": [14.31725, 8.93813, 12.98585],
        "rotation": {
            "angle": -22.5,
            "axis": "y",
            "origin": [15.31906, 7.96313, 12.70558]
        },
        "faces": {
            "north": {
                "uv": [13, 7, 14, 8],
                "texture": "#0"
            },
            "east": {
                "uv": [13, 7, 14, 8],
                "texture": "#0"
            },
            "south": {
                "uv": [13, 7, 14, 8],
                "texture": "#0"
            },
            "west": {
                "uv": [13, 7, 14, 8],
                "texture": "#0"
            },
            "up": {
                "uv": [13, 7, 14, 8],
                "texture": "#0"
            },
            "down": {
                "uv": [13, 7, 14, 8],
                "texture": "#0"
            }
        }
    }, {
        "from": [14.66394, 7.18313, 10.84256],
        "to": [17.19894, 8.74313, 12.98756],
        "rotation": {
            "angle": 45,
            "axis": "y",
            "origin": [15.31906, 7.96313, 12.70558]
        },
        "faces": {
            "north": {
                "uv": [10, 7, 11, 8],
                "texture": "#0"
            },
            "east": {
                "uv": [10, 7, 11, 8],
                "texture": "#0"
            },
            "south": {
                "uv": [10, 7, 11, 8],
                "texture": "#0"
            },
            "west": {
                "uv": [10, 7, 11, 8],
                "texture": "#0"
            },
            "up": {
                "uv": [10, 7, 11, 8],
                "texture": "#0"
            },
            "down": {
                "uv": [10, 7, 11, 8],
                "texture": "#0"
            }
        }
    }, {
        "from": [14.62875, 7.37813, 12.2467],
        "to": [17.16375, 8.54813, 13.4167],
        "rotation": {
            "angle": 22.5,
            "axis": "y",
            "origin": [15.31906, 7.96313, 12.70558]
        },
        "faces": {
            "north": {
                "uv": [7, 7, 8, 8],
                "texture": "#0"
            },
            "east": {
                "uv": [7, 7, 8, 8],
                "texture": "#0"
            },
            "south": {
                "uv": [7, 7, 8, 8],
                "texture": "#0"
            },
            "west": {
                "uv": [7, 7, 8, 8],
                "texture": "#0"
            },
            "up": {
                "uv": [7, 7, 8, 8],
                "texture": "#0"
            },
            "down": {
                "uv": [7, 7, 8, 8],
                "texture": "#0"
            }
        }
    }, {
        "from": [16.04289, 7.76813, 13.52543],
        "to": [17.79789, 8.15813, 14.30543],
        "rotation": {
            "angle": -22.5,
            "axis": "y",
            "origin": [15.31906, 7.96313, 12.70558]
        },
        "faces": {
            "north": {
                "uv": [1, 7, 2, 8],
                "texture": "#0"
            },
            "east": {
                "uv": [1, 7, 2, 8],
                "texture": "#0"
            },
            "south": {
                "uv": [1, 7, 2, 8],
                "texture": "#0"
            },
            "west": {
                "uv": [1, 7, 2, 8],
                "texture": "#0"
            },
            "up": {
                "uv": [1, 7, 2, 8],
                "texture": "#0"
            },
            "down": {
                "uv": [1, 7, 2, 8],
                "texture": "#0"
            }
        }
    }, {
        "from": [15.34546, 7.57313, 12.65664],
        "to": [17.29546, 8.35313, 14.41164],
        "rotation": {
            "angle": 0,
            "axis": "y",
            "origin": [15.31906, 7.96313, 12.70558]
        },
        "faces": {
            "north": {
                "uv": [4, 7, 5, 8],
                "texture": "#0"
            },
            "east": {
                "uv": [4, 7, 5, 8],
                "texture": "#0"
            },
            "south": {
                "uv": [4, 7, 5, 8],
                "texture": "#0"
            },
            "west": {
                "uv": [4, 7, 5, 8],
                "texture": "#0"
            },
            "up": {
                "uv": [4, 7, 5, 8],
                "texture": "#0"
            },
            "down": {
                "uv": [4, 7, 5, 8],
                "texture": "#0"
            }
        }
    }, {
        "from": [14.11799, 7.76813, 11.06156],
        "to": [14.89799, 8.15813, 13.98656],
        "rotation": {
            "angle": 45,
            "axis": "y",
            "origin": [15.31906, 7.96313, 12.70558]
        },
        "faces": {
            "north": {
                "uv": [1, 7, 2, 8],
                "texture": "#0"
            },
            "east": {
                "uv": [1, 7, 2, 8],
                "texture": "#0"
            },
            "south": {
                "uv": [1, 7, 2, 8],
                "texture": "#0"
            },
            "west": {
                "uv": [1, 7, 2, 8],
                "texture": "#0"
            },
            "up": {
                "uv": [1, 7, 2, 8],
                "texture": "#0"
            },
            "down": {
                "uv": [1, 7, 2, 8],
                "texture": "#0"
            }
        }
    }, {
        "from": [3, 8.82667, 5.40222],
        "to": [13, 12.57667, 7.65222],
        "rotation": {
            "angle": -22.5,
            "axis": "x",
            "origin": [8, 12.07667, 2.65222]
        },
        "faces": {
            "north": {
                "uv": [1, 1, 2, 2],
                "texture": "#0"
            },
            "east": {
                "uv": [1, 1, 2, 2],
                "texture": "#0"
            },
            "south": {
                "uv": [1, 1, 2, 2],
                "texture": "#0"
            },
            "west": {
                "uv": [1, 1, 2, 2],
                "texture": "#0"
            },
            "up": {
                "uv": [1, 1, 2, 2],
                "texture": "#0"
            },
            "down": {
                "uv": [1, 1, 2, 2],
                "texture": "#0"
            }
        }
    }, {
        "from": [3, 6.2019, 5.31957],
        "to": [13, 10.2019, 6.81957],
        "rotation": {
            "angle": -45,
            "axis": "x",
            "origin": [8, 9.7019, 1.81957]
        },
        "faces": {
            "north": {
                "uv": [1, 1, 2, 2],
                "texture": "#0"
            },
            "east": {
                "uv": [1, 1, 2, 2],
                "texture": "#0"
            },
            "south": {
                "uv": [1, 1, 2, 2],
                "texture": "#0"
            },
            "west": {
                "uv": [1, 1, 2, 2],
                "texture": "#0"
            },
            "up": {
                "uv": [1, 1, 2, 2],
                "texture": "#0"
            },
            "down": {
                "uv": [1, 1, 2, 2],
                "texture": "#0"
            }
        }
    }, {
        "from": [3, 10.46959, 1.98941],
        "to": [13, 12.71959, 4.98941],
        "rotation": {
            "angle": 22.5,
            "axis": "x",
            "origin": [8, 7.71959, 2.48941]
        },
        "faces": {
            "north": {
                "uv": [1, 1, 2, 2],
                "texture": "#0"
            },
            "east": {
                "uv": [1, 1, 2, 2],
                "texture": "#0"
            },
            "south": {
                "uv": [1, 1, 2, 2],
                "texture": "#0"
            },
            "west": {
                "uv": [1, 1, 2, 2],
                "texture": "#0"
            },
            "up": {
                "uv": [1, 1, 2, 2],
                "texture": "#0"
            },
            "down": {
                "uv": [1, 1, 2, 2],
                "texture": "#0"
            }
        }
    }, {
        "from": [3, 8.9516, 3.07985],
        "to": [13, 10.4516, 8.82985],
        "rotation": {
            "angle": 0,
            "axis": "x",
            "origin": [8, 6.2016, 3.57985]
        },
        "faces": {
            "north": {
                "uv": [1, 1, 2, 2],
                "texture": "#0"
            },
            "east": {
                "uv": [1, 1, 2, 2],
                "texture": "#0"
            },
            "south": {
                "uv": [1, 1, 2, 2],
                "texture": "#0"
            },
            "west": {
                "uv": [1, 1, 2, 2],
                "texture": "#0"
            },
            "up": {
                "uv": [1, 1, 2, 2],
                "texture": "#0"
            },
            "down": {
                "uv": [4, 1, 5, 2],
                "texture": "#0"
            }
        }
    }, {
        "from": [10.07843, 0.43886, 3.37985],
        "to": [11.47843, 1.93886, 3.87985],
        "rotation": {
            "angle": 45,
            "axis": "z",
            "origin": [8, 4.01729, 3.62985]
        },
        "faces": {
            "north": {
                "uv": [7, 1, 8, 2],
                "texture": "#0"
            },
            "east": {
                "uv": [7, 1, 8, 2],
                "texture": "#0"
            },
            "south": {
                "uv": [7, 1, 8, 2],
                "texture": "#0"
            },
            "west": {
                "uv": [7, 1, 8, 2],
                "texture": "#0"
            },
            "up": {
                "uv": [7, 1, 8, 2],
                "texture": "#0"
            },
            "down": {
                "uv": [7, 1, 8, 2],
                "texture": "#0"
            }
        }
    }, {
        "from": [12.36464, 3.23193, 3.92985],
        "to": [12.86464, 4.73193, 5.32985],
        "rotation": {
            "angle": 45,
            "axis": "x",
            "origin": [11.96464, 3.98193, 4.62985]
        },
        "faces": {
            "north": {
                "uv": [7, 1, 8, 2],
                "texture": "#0"
            },
            "east": {
                "uv": [7, 1, 8, 2],
                "texture": "#0"
            },
            "south": {
                "uv": [7, 1, 8, 2],
                "texture": "#0"
            },
            "west": {
                "uv": [7, 1, 8, 2],
                "texture": "#0"
            },
            "up": {
                "uv": [7, 1, 8, 2],
                "texture": "#0"
            },
            "down": {
                "uv": [7, 1, 8, 2],
                "texture": "#0"
            }
        }
    }, {
        "from": [12.36464, 4.30693, 5.67985],
        "to": [12.86464, 5.70693, 7.07985],
        "rotation": {
            "angle": 22.5,
            "axis": "x",
            "origin": [11.96464, 3.98193, 4.62985]
        },
        "faces": {
            "north": {
                "uv": [7, 1, 8, 2],
                "texture": "#0"
            },
            "east": {
                "uv": [7, 1, 8, 2],
                "texture": "#0"
            },
            "south": {
                "uv": [7, 1, 8, 2],
                "texture": "#0"
            },
            "west": {
                "uv": [7, 1, 8, 2],
                "texture": "#0"
            },
            "up": {
                "uv": [7, 1, 8, 2],
                "texture": "#0"
            },
            "down": {
                "uv": [7, 1, 8, 2],
                "texture": "#0"
            }
        }
    }, {
        "from": [12.36464, 3.40693, 7.80485],
        "to": [12.86464, 4.80693, 9.20485],
        "rotation": {
            "angle": -22.5,
            "axis": "x",
            "origin": [11.96464, 3.98193, 4.62985]
        },
        "faces": {
            "north": {
                "uv": [7, 1, 8, 2],
                "texture": "#0"
            },
            "east": {
                "uv": [7, 1, 8, 2],
                "texture": "#0"
            },
            "south": {
                "uv": [7, 1, 8, 2],
                "texture": "#0"
            },
            "west": {
                "uv": [7, 1, 8, 2],
                "texture": "#0"
            },
            "up": {
                "uv": [7, 1, 8, 2],
                "texture": "#0"
            },
            "down": {
                "uv": [7, 1, 8, 2],
                "texture": "#0"
            }
        }
    }, {
        "from": [12.36464, 6.63031, 6.96205],
        "to": [12.86464, 8.03031, 8.36205],
        "rotation": {
            "angle": 22.5,
            "axis": "x",
            "origin": [12.61464, 5.58031, 8.16205]
        },
        "faces": {
            "north": {
                "uv": [7, 1, 8, 2],
                "texture": "#0"
            },
            "east": {
                "uv": [7, 1, 8, 2],
                "texture": "#0"
            },
            "south": {
                "uv": [7, 1, 8, 2],
                "texture": "#0"
            },
            "west": {
                "uv": [7, 1, 8, 2],
                "texture": "#0"
            },
            "up": {
                "uv": [7, 1, 8, 2],
                "texture": "#0"
            },
            "down": {
                "uv": [7, 1, 8, 2],
                "texture": "#0"
            }
        }
    }, {
        "from": [12.36464, 8.13031, 7.68705],
        "to": [12.86464, 9.53031, 9.08705],
        "rotation": {
            "angle": -22.5,
            "axis": "x",
            "origin": [12.61464, 5.58031, 8.16205]
        },
        "faces": {
            "north": {
                "uv": [7, 1, 8, 2],
                "texture": "#0"
            },
            "east": {
                "uv": [7, 1, 8, 2],
                "texture": "#0"
            },
            "south": {
                "uv": [7, 1, 8, 2],
                "texture": "#0"
            },
            "west": {
                "uv": [7, 1, 8, 2],
                "texture": "#0"
            },
            "up": {
                "uv": [7, 1, 8, 2],
                "texture": "#0"
            },
            "down": {
                "uv": [7, 1, 8, 2],
                "texture": "#0"
            }
        }
    }, {
        "from": [12.36464, 9.58031, 7.53705],
        "to": [12.86464, 10.98031, 8.93705],
        "rotation": {
            "angle": -45,
            "axis": "x",
            "origin": [12.61464, 5.58031, 8.16205]
        },
        "faces": {
            "north": {
                "uv": [7, 1, 8, 2],
                "texture": "#0"
            },
            "east": {
                "uv": [7, 1, 8, 2],
                "texture": "#0"
            },
            "south": {
                "uv": [7, 1, 8, 2],
                "texture": "#0"
            },
            "west": {
                "uv": [7, 1, 8, 2],
                "texture": "#0"
            },
            "up": {
                "uv": [7, 1, 8, 2],
                "texture": "#0"
            },
            "down": {
                "uv": [7, 1, 8, 2],
                "texture": "#0"
            }
        }
    }, {
        "from": [3.13536, 3.23193, 3.92985],
        "to": [3.63536, 4.73193, 5.32985],
        "rotation": {
            "angle": 45,
            "axis": "x",
            "origin": [4.03536, 3.98193, 4.62985]
        },
        "faces": {
            "north": {
                "uv": [7, 1, 8, 2],
                "texture": "#0"
            },
            "east": {
                "uv": [7, 1, 8, 2],
                "texture": "#0"
            },
            "south": {
                "uv": [7, 1, 8, 2],
                "texture": "#0"
            },
            "west": {
                "uv": [7, 1, 8, 2],
                "texture": "#0"
            },
            "up": {
                "uv": [7, 1, 8, 2],
                "texture": "#0"
            },
            "down": {
                "uv": [7, 1, 8, 2],
                "texture": "#0"
            }
        }
    }, {
        "from": [3.13536, 4.30693, 5.67985],
        "to": [3.63536, 5.70693, 7.07985],
        "rotation": {
            "angle": 22.5,
            "axis": "x",
            "origin": [4.03536, 3.98193, 4.62985]
        },
        "faces": {
            "north": {
                "uv": [7, 1, 8, 2],
                "texture": "#0"
            },
            "east": {
                "uv": [7, 1, 8, 2],
                "texture": "#0"
            },
            "south": {
                "uv": [7, 1, 8, 2],
                "texture": "#0"
            },
            "west": {
                "uv": [7, 1, 8, 2],
                "texture": "#0"
            },
            "up": {
                "uv": [7, 1, 8, 2],
                "texture": "#0"
            },
            "down": {
                "uv": [7, 1, 8, 2],
                "texture": "#0"
            }
        }
    }, {
        "from": [3.13536, 3.40693, 7.80485],
        "to": [3.63536, 4.80693, 9.20485],
        "rotation": {
            "angle": -22.5,
            "axis": "x",
            "origin": [4.03536, 3.98193, 4.62985]
        },
        "faces": {
            "north": {
                "uv": [7, 1, 8, 2],
                "texture": "#0"
            },
            "east": {
                "uv": [7, 1, 8, 2],
                "texture": "#0"
            },
            "south": {
                "uv": [7, 1, 8, 2],
                "texture": "#0"
            },
            "west": {
                "uv": [7, 1, 8, 2],
                "texture": "#0"
            },
            "up": {
                "uv": [7, 1, 8, 2],
                "texture": "#0"
            },
            "down": {
                "uv": [7, 1, 8, 2],
                "texture": "#0"
            }
        }
    }, {
        "from": [3.13536, 6.63031, 6.96205],
        "to": [3.63536, 8.03031, 8.36205],
        "rotation": {
            "angle": 22.5,
            "axis": "x",
            "origin": [3.38536, 5.58031, 8.16205]
        },
        "faces": {
            "north": {
                "uv": [7, 1, 8, 2],
                "texture": "#0"
            },
            "east": {
                "uv": [7, 1, 8, 2],
                "texture": "#0"
            },
            "south": {
                "uv": [7, 1, 8, 2],
                "texture": "#0"
            },
            "west": {
                "uv": [7, 1, 8, 2],
                "texture": "#0"
            },
            "up": {
                "uv": [7, 1, 8, 2],
                "texture": "#0"
            },
            "down": {
                "uv": [7, 1, 8, 2],
                "texture": "#0"
            }
        }
    }, {
        "from": [3.13536, 8.13031, 7.68705],
        "to": [3.63536, 9.53031, 9.08705],
        "rotation": {
            "angle": -22.5,
            "axis": "x",
            "origin": [3.38536, 5.58031, 8.16205]
        },
        "faces": {
            "north": {
                "uv": [7, 1, 8, 2],
                "texture": "#0"
            },
            "east": {
                "uv": [7, 1, 8, 2],
                "texture": "#0"
            },
            "south": {
                "uv": [7, 1, 8, 2],
                "texture": "#0"
            },
            "west": {
                "uv": [7, 1, 8, 2],
                "texture": "#0"
            },
            "up": {
                "uv": [7, 1, 8, 2],
                "texture": "#0"
            },
            "down": {
                "uv": [7, 1, 8, 2],
                "texture": "#0"
            }
        }
    }, {
        "from": [3.13536, 9.58031, 7.53705],
        "to": [3.63536, 10.98031, 8.93705],
        "rotation": {
            "angle": -45,
            "axis": "x",
            "origin": [3.38536, 5.58031, 8.16205]
        },
        "faces": {
            "north": {
                "uv": [7, 1, 8, 2],
                "texture": "#0"
            },
            "east": {
                "uv": [7, 1, 8, 2],
                "texture": "#0"
            },
            "south": {
                "uv": [7, 1, 8, 2],
                "texture": "#0"
            },
            "west": {
                "uv": [7, 1, 8, 2],
                "texture": "#0"
            },
            "up": {
                "uv": [7, 1, 8, 2],
                "texture": "#0"
            },
            "down": {
                "uv": [7, 1, 8, 2],
                "texture": "#0"
            }
        }
    }, {
        "from": [8.66421, 1.85307, 3.37985],
        "to": [10.16421, 3.35307, 3.87985],
        "rotation": {
            "angle": 45,
            "axis": "z",
            "origin": [8, 4.01729, 3.62985]
        },
        "faces": {
            "north": {
                "uv": [7, 1, 8, 2],
                "texture": "#0"
            },
            "east": {
                "uv": [7, 1, 8, 2],
                "texture": "#0"
            },
            "south": {
                "uv": [7, 1, 8, 2],
                "texture": "#0"
            },
            "west": {
                "uv": [7, 1, 8, 2],
                "texture": "#0"
            },
            "up": {
                "uv": [7, 1, 8, 2],
                "texture": "#0"
            },
            "down": {
                "uv": [7, 1, 8, 2],
                "texture": "#0"
            }
        }
    }, {
        "from": [7.25, 3.26729, 3.37985],
        "to": [8.75, 4.76729, 3.87985],
        "rotation": {
            "angle": 45,
            "axis": "z",
            "origin": [8, 4.01729, 3.62985]
        },
        "faces": {
            "north": {
                "uv": [7, 1, 8, 2],
                "texture": "#0"
            },
            "east": {
                "uv": [7, 1, 8, 2],
                "texture": "#0"
            },
            "south": {
                "uv": [7, 1, 8, 2],
                "texture": "#0"
            },
            "west": {
                "uv": [7, 1, 8, 2],
                "texture": "#0"
            },
            "up": {
                "uv": [7, 1, 8, 2],
                "texture": "#0"
            },
            "down": {
                "uv": [7, 1, 8, 2],
                "texture": "#0"
            }
        }
    }, {
        "from": [5.83579, 4.6815, 3.37985],
        "to": [7.33579, 6.1815, 3.87985],
        "rotation": {
            "angle": 45,
            "axis": "z",
            "origin": [8, 4.01729, 3.62985]
        },
        "faces": {
            "north": {
                "uv": [7, 1, 8, 2],
                "texture": "#0"
            },
            "east": {
                "uv": [7, 1, 8, 2],
                "texture": "#0"
            },
            "south": {
                "uv": [7, 1, 8, 2],
                "texture": "#0"
            },
            "west": {
                "uv": [7, 1, 8, 2],
                "texture": "#0"
            },
            "up": {
                "uv": [7, 1, 8, 2],
                "texture": "#0"
            },
            "down": {
                "uv": [7, 1, 8, 2],
                "texture": "#0"
            }
        }
    }, {
        "from": [4.42157, 6.09571, 3.37985],
        "to": [5.92157, 7.49571, 3.87985],
        "rotation": {
            "angle": 45,
            "axis": "z",
            "origin": [8, 4.01729, 3.62985]
        },
        "faces": {
            "north": {
                "uv": [7, 1, 8, 2],
                "texture": "#0"
            },
            "east": {
                "uv": [7, 1, 8, 2],
                "texture": "#0"
            },
            "south": {
                "uv": [7, 1, 8, 2],
                "texture": "#0"
            },
            "west": {
                "uv": [7, 1, 8, 2],
                "texture": "#0"
            },
            "up": {
                "uv": [7, 1, 8, 2],
                "texture": "#0"
            },
            "down": {
                "uv": [7, 1, 8, 2],
                "texture": "#0"
            }
        }
    }, {
        "from": [4.42157, 11.09571, 3.20485],
        "to": [5.92157, 12.49571, 3.70485],
        "rotation": {
            "angle": 45,
            "axis": "z",
            "origin": [8, 9.01729, 3.45485]
        },
        "faces": {
            "north": {
                "uv": [7, 1, 8, 2],
                "texture": "#0"
            },
            "east": {
                "uv": [7, 1, 8, 2],
                "texture": "#0"
            },
            "south": {
                "uv": [7, 1, 8, 2],
                "texture": "#0"
            },
            "west": {
                "uv": [7, 1, 8, 2],
                "texture": "#0"
            },
            "up": {
                "uv": [7, 1, 8, 2],
                "texture": "#0"
            },
            "down": {
                "uv": [7, 1, 8, 2],
                "texture": "#0"
            }
        }
    }, {
        "from": [5.83579, 9.6815, 3.20485],
        "to": [7.33579, 11.1815, 3.70485],
        "rotation": {
            "angle": 45,
            "axis": "z",
            "origin": [8, 9.01729, 3.45485]
        },
        "faces": {
            "north": {
                "uv": [7, 1, 8, 2],
                "texture": "#0"
            },
            "east": {
                "uv": [7, 1, 8, 2],
                "texture": "#0"
            },
            "south": {
                "uv": [7, 1, 8, 2],
                "texture": "#0"
            },
            "west": {
                "uv": [7, 1, 8, 2],
                "texture": "#0"
            },
            "up": {
                "uv": [7, 1, 8, 2],
                "texture": "#0"
            },
            "down": {
                "uv": [7, 1, 8, 2],
                "texture": "#0"
            }
        }
    }, {
        "from": [7.25, 8.26729, 3.20485],
        "to": [8.75, 9.76729, 3.70485],
        "rotation": {
            "angle": 45,
            "axis": "z",
            "origin": [8, 9.01729, 3.45485]
        },
        "faces": {
            "north": {
                "uv": [7, 1, 8, 2],
                "texture": "#0"
            },
            "east": {
                "uv": [7, 1, 8, 2],
                "texture": "#0"
            },
            "south": {
                "uv": [7, 1, 8, 2],
                "texture": "#0"
            },
            "west": {
                "uv": [7, 1, 8, 2],
                "texture": "#0"
            },
            "up": {
                "uv": [7, 1, 8, 2],
                "texture": "#0"
            },
            "down": {
                "uv": [7, 1, 8, 2],
                "texture": "#0"
            }
        }
    }, {
        "from": [8.66421, 6.85307, 3.20485],
        "to": [10.16421, 8.35307, 3.70485],
        "rotation": {
            "angle": 45,
            "axis": "z",
            "origin": [8, 9.01729, 3.45485]
        },
        "faces": {
            "north": {
                "uv": [7, 1, 8, 2],
                "texture": "#0"
            },
            "east": {
                "uv": [7, 1, 8, 2],
                "texture": "#0"
            },
            "south": {
                "uv": [7, 1, 8, 2],
                "texture": "#0"
            },
            "west": {
                "uv": [7, 1, 8, 2],
                "texture": "#0"
            },
            "up": {
                "uv": [7, 1, 8, 2],
                "texture": "#0"
            },
            "down": {
                "uv": [7, 1, 8, 2],
                "texture": "#0"
            }
        }
    }, {
        "from": [10.07843, 5.43886, 3.20485],
        "to": [11.47843, 6.93886, 3.70485],
        "rotation": {
            "angle": 45,
            "axis": "z",
            "origin": [8, 9.01729, 3.45485]
        },
        "faces": {
            "north": {
                "uv": [7, 1, 8, 2],
                "texture": "#0"
            },
            "east": {
                "uv": [7, 1, 8, 2],
                "texture": "#0"
            },
            "south": {
                "uv": [7, 1, 8, 2],
                "texture": "#0"
            },
            "west": {
                "uv": [7, 1, 8, 2],
                "texture": "#0"
            },
            "up": {
                "uv": [7, 1, 8, 2],
                "texture": "#0"
            },
            "down": {
                "uv": [7, 1, 8, 2],
                "texture": "#0"
            }
        }
    }, {
        "from": [3, 9.3266, 5.67985],
        "to": [13, 11.5766, 9.12985],
        "rotation": {
            "angle": 22.5,
            "axis": "x",
            "origin": [8, 10.0766, 5.95485]
        },
        "faces": {
            "north": {
                "uv": [1, 1, 2, 2],
                "texture": "#0"
            },
            "east": {
                "uv": [1, 1, 2, 2],
                "texture": "#0"
            },
            "south": {
                "uv": [1, 1, 2, 2],
                "texture": "#0"
            },
            "west": {
                "uv": [1, 1, 2, 2],
                "texture": "#0"
            },
            "up": {
                "uv": [1, 1, 2, 2],
                "texture": "#0"
            },
            "down": {
                "uv": [4, 1, 5, 2],
                "texture": "#0"
            }
        }
    }, {
        "from": [3, 10.1266, 5.90485],
        "to": [13, 12.3766, 9.35485],
        "rotation": {
            "angle": 45,
            "axis": "x",
            "origin": [8, 10.0766, 5.95485]
        },
        "faces": {
            "north": {
                "uv": [1, 1, 2, 2],
                "texture": "#0"
            },
            "east": {
                "uv": [1, 1, 2, 2],
                "texture": "#0"
            },
            "south": {
                "uv": [1, 1, 2, 2],
                "texture": "#0"
            },
            "west": {
                "uv": [1, 1, 2, 2],
                "texture": "#0"
            },
            "up": {
                "uv": [1, 1, 2, 2],
                "texture": "#0"
            },
            "down": {
                "uv": [4, 1, 5, 2],
                "texture": "#0"
            }
        }
    }, {
        "from": [3, 6.0516, 7.15485],
        "to": [13, 9.5016, 9.40485],
        "rotation": {
            "angle": -22.5,
            "axis": "x",
            "origin": [8, 10.0766, 5.95485]
        },
        "faces": {
            "north": {
                "uv": [4, 1, 5, 2],
                "texture": "#0"
            },
            "east": {
                "uv": [1, 1, 2, 2],
                "texture": "#0"
            },
            "south": {
                "uv": [1, 1, 2, 2],
                "texture": "#0"
            },
            "west": {
                "uv": [1, 1, 2, 2],
                "texture": "#0"
            },
            "up": {
                "uv": [1, 1, 2, 2],
                "texture": "#0"
            },
            "down": {
                "uv": [1, 1, 2, 2],
                "texture": "#0"
            }
        }
    }, {
        "from": [3, 4.6484, 7.15485],
        "to": [13, 7.2484, 8.10485],
        "rotation": {
            "angle": 22.5,
            "axis": "x",
            "origin": [8, 3.2234, 5.95485]
        },
        "faces": {
            "north": {
                "uv": [4, 1, 5, 2],
                "texture": "#0"
            },
            "east": {
                "uv": [1, 1, 2, 2],
                "texture": "#0"
            },
            "south": {
                "uv": [1, 1, 2, 2],
                "texture": "#0"
            },
            "west": {
                "uv": [1, 1, 2, 2],
                "texture": "#0"
            },
            "up": {
                "uv": [1, 1, 2, 2],
                "texture": "#0"
            },
            "down": {
                "uv": [1, 1, 2, 2],
                "texture": "#0"
            }
        }
    }, {
        "from": [3, 2.3984, 6.70485],
        "to": [13, 3.1734, 9.35485],
        "rotation": {
            "angle": -45,
            "axis": "x",
            "origin": [8, 3.2234, 5.95485]
        },
        "faces": {
            "north": {
                "uv": [1, 1, 2, 2],
                "texture": "#0"
            },
            "east": {
                "uv": [1, 1, 2, 2],
                "texture": "#0"
            },
            "south": {
                "uv": [1, 1, 2, 2],
                "texture": "#0"
            },
            "west": {
                "uv": [1, 1, 2, 2],
                "texture": "#0"
            },
            "up": {
                "uv": [4, 1, 5, 2],
                "texture": "#0"
            },
            "down": {
                "uv": [1, 1, 2, 2],
                "texture": "#0"
            }
        }
    }, {
        "from": [3, 3.1984, 5.67985],
        "to": [13, 3.9734, 9.12985],
        "rotation": {
            "angle": -22.5,
            "axis": "x",
            "origin": [8, 3.2234, 5.95485]
        },
        "faces": {
            "north": {
                "uv": [1, 1, 2, 2],
                "texture": "#0"
            },
            "east": {
                "uv": [1, 1, 2, 2],
                "texture": "#0"
            },
            "south": {
                "uv": [1, 1, 2, 2],
                "texture": "#0"
            },
            "west": {
                "uv": [1, 1, 2, 2],
                "texture": "#0"
            },
            "up": {
                "uv": [4, 1, 5, 2],
                "texture": "#0"
            },
            "down": {
                "uv": [1, 1, 2, 2],
                "texture": "#0"
            }
        }
    }, {
        "name": "hexadecagon",
        "from": [7.83027, 12.41199, 2.78347],
        "to": [8.29427, 12.87599, 3.24747],
        "rotation": {
            "angle": 45,
            "axis": "y",
            "origin": [8.06227, 12.64399, 3.01547]
        },
        "faces": {
            "north": {
                "uv": [1, 4, 2, 5],
                "texture": "#0"
            },
            "east": {
                "uv": [1, 4, 2, 5],
                "texture": "#0"
            },
            "south": {
                "uv": [1, 4, 2, 5],
                "texture": "#0"
            },
            "west": {
                "uv": [1, 4, 2, 5],
                "texture": "#0"
            },
            "up": {
                "uv": [1, 4, 2, 5],
                "texture": "#0"
            },
            "down": {
                "uv": [1, 4, 2, 5],
                "texture": "#0"
            }
        }
    }, {
        "name": "hexadecagon",
        "from": [7.83027, 11.78699, 2.88347],
        "to": [8.16166, 12.50099, 5.26347],
        "rotation": {
            "angle": 0,
            "axis": "z",
            "origin": [7.99597, 12.61999, 3.12147]
        },
        "faces": {
            "north": {
                "uv": [13, 1, 14, 2],
                "texture": "#0"
            },
            "east": {
                "uv": [13, 1, 14, 2],
                "texture": "#0"
            },
            "south": {
                "uv": [13, 1, 14, 2],
                "texture": "#0"
            },
            "west": {
                "uv": [13, 1, 14, 2],
                "texture": "#0"
            },
            "up": {
                "uv": [13, 1, 14, 2],
                "texture": "#0"
            },
            "down": {
                "uv": [13, 1, 14, 2],
                "texture": "#0"
            }
        }
    }, {
        "name": "hexadecagon",
        "from": [7.83027, 11.78699, 2.88347],
        "to": [8.16166, 12.50099, 5.26347],
        "rotation": {
            "angle": -22.5,
            "axis": "z",
            "origin": [7.99597, 12.61999, 3.12147]
        },
        "faces": {
            "north": {
                "uv": [13, 1, 14, 2],
                "texture": "#0"
            },
            "east": {
                "uv": [13, 1, 14, 2],
                "texture": "#0"
            },
            "south": {
                "uv": [13, 1, 14, 2],
                "texture": "#0"
            },
            "west": {
                "uv": [13, 1, 14, 2],
                "texture": "#0"
            },
            "up": {
                "uv": [13, 1, 14, 2],
                "texture": "#0"
            },
            "down": {
                "uv": [13, 1, 14, 2],
                "texture": "#0"
            }
        }
    }, {
        "name": "hexadecagon",
        "from": [7.83027, 11.78699, 2.88347],
        "to": [8.16166, 12.50099, 5.26347],
        "rotation": {
            "angle": -45,
            "axis": "z",
            "origin": [7.99597, 12.61999, 3.12147]
        },
        "faces": {
            "north": {
                "uv": [13, 1, 14, 2],
                "texture": "#0"
            },
            "east": {
                "uv": [13, 1, 14, 2],
                "texture": "#0"
            },
            "south": {
                "uv": [13, 1, 14, 2],
                "texture": "#0"
            },
            "west": {
                "uv": [13, 1, 14, 2],
                "texture": "#0"
            },
            "up": {
                "uv": [13, 1, 14, 2],
                "texture": "#0"
            },
            "down": {
                "uv": [13, 1, 14, 2],
                "texture": "#0"
            }
        }
    }, {
        "name": "hexadecagon",
        "from": [7.16297, 12.45429, 3.00247],
        "to": [7.87697, 12.78568, 5.26347],
        "rotation": {
            "angle": 22.5,
            "axis": "z",
            "origin": [7.99597, 12.61999, 3.12147]
        },
        "faces": {
            "north": {
                "uv": [13, 1, 14, 2],
                "texture": "#0"
            },
            "east": {
                "uv": [13, 1, 14, 2],
                "texture": "#0"
            },
            "south": {
                "uv": [13, 1, 14, 2],
                "texture": "#0"
            },
            "west": {
                "uv": [13, 1, 14, 2],
                "texture": "#0"
            },
            "up": {
                "uv": [13, 1, 14, 2],
                "texture": "#0"
            },
            "down": {
                "uv": [13, 1, 14, 2],
                "texture": "#0"
            }
        }
    }, {
        "name": "hexadecagon",
        "from": [7.16297, 12.45429, 3.12147],
        "to": [8.82897, 12.78568, 5.26347],
        "rotation": {
            "angle": 0,
            "axis": "z",
            "origin": [7.99597, 12.61999, 3.12147]
        },
        "faces": {
            "north": {
                "uv": [13, 1, 14, 2],
                "texture": "#0"
            },
            "east": {
                "uv": [13, 1, 14, 2],
                "texture": "#0"
            },
            "south": {
                "uv": [13, 1, 14, 2],
                "texture": "#0"
            },
            "west": {
                "uv": [13, 1, 14, 2],
                "texture": "#0"
            },
            "up": {
                "uv": [13, 1, 14, 2],
                "texture": "#0"
            },
            "down": {
                "uv": [13, 1, 14, 2],
                "texture": "#0"
            }
        }
    }, {
        "name": "hexadecagon",
        "from": [7.16297, 12.45429, 3.24047],
        "to": [7.99597, 12.78568, 5.26347],
        "rotation": {
            "angle": -22.5,
            "axis": "z",
            "origin": [7.99597, 12.61999, 3.12147]
        },
        "faces": {
            "north": {
                "uv": [13, 1, 14, 2],
                "texture": "#0"
            },
            "east": {
                "uv": [13, 1, 14, 2],
                "texture": "#0"
            },
            "south": {
                "uv": [13, 1, 14, 2],
                "texture": "#0"
            },
            "west": {
                "uv": [13, 1, 14, 2],
                "texture": "#0"
            },
            "up": {
                "uv": [13, 1, 14, 2],
                "texture": "#0"
            },
            "down": {
                "uv": [13, 1, 14, 2],
                "texture": "#0"
            }
        }
    }, {
        "name": "hexadecagon",
        "from": [7.83027, 12.73899, 3.35947],
        "to": [8.16166, 13.45299, 5.26347],
        "rotation": {
            "angle": 45,
            "axis": "z",
            "origin": [7.99597, 12.61999, 3.12147]
        },
        "faces": {
            "north": {
                "uv": [13, 1, 14, 2],
                "texture": "#0"
            },
            "east": {
                "uv": [13, 1, 14, 2],
                "texture": "#0"
            },
            "south": {
                "uv": [13, 1, 14, 2],
                "texture": "#0"
            },
            "west": {
                "uv": [13, 1, 14, 2],
                "texture": "#0"
            },
            "up": {
                "uv": [13, 1, 14, 2],
                "texture": "#0"
            },
            "down": {
                "uv": [13, 1, 14, 2],
                "texture": "#0"
            }
        }
    }, {
        "name": "hexadecagon",
        "from": [7.83027, 12.73899, 3.47847],
        "to": [8.16166, 13.45299, 5.26347],
        "rotation": {
            "angle": 22.5,
            "axis": "z",
            "origin": [7.99597, 12.61999, 3.12147]
        },
        "faces": {
            "north": {
                "uv": [13, 1, 14, 2],
                "texture": "#0"
            },
            "east": {
                "uv": [13, 1, 14, 2],
                "texture": "#0"
            },
            "south": {
                "uv": [13, 1, 14, 2],
                "texture": "#0"
            },
            "west": {
                "uv": [13, 1, 14, 2],
                "texture": "#0"
            },
            "up": {
                "uv": [13, 1, 14, 2],
                "texture": "#0"
            },
            "down": {
                "uv": [13, 1, 14, 2],
                "texture": "#0"
            }
        }
    }, {
        "name": "hexadecagon",
        "from": [7.83027, 12.73899, 3.47847],
        "to": [8.16166, 13.45299, 5.26347],
        "rotation": {
            "angle": -22.5,
            "axis": "z",
            "origin": [7.99597, 12.61999, 3.12147]
        },
        "faces": {
            "north": {
                "uv": [13, 1, 14, 2],
                "texture": "#0"
            },
            "east": {
                "uv": [13, 1, 14, 2],
                "texture": "#0"
            },
            "south": {
                "uv": [13, 1, 14, 2],
                "texture": "#0"
            },
            "west": {
                "uv": [13, 1, 14, 2],
                "texture": "#0"
            },
            "up": {
                "uv": [13, 1, 14, 2],
                "texture": "#0"
            },
            "down": {
                "uv": [13, 1, 14, 2],
                "texture": "#0"
            }
        }
    }, {
        "name": "hexadecagon",
        "from": [7.83027, 12.73899, 3.35947],
        "to": [8.16166, 13.45299, 5.26347],
        "rotation": {
            "angle": -45,
            "axis": "z",
            "origin": [7.99597, 12.61999, 3.12147]
        },
        "faces": {
            "north": {
                "uv": [13, 1, 14, 2],
                "texture": "#0"
            },
            "east": {
                "uv": [13, 1, 14, 2],
                "texture": "#0"
            },
            "south": {
                "uv": [13, 1, 14, 2],
                "texture": "#0"
            },
            "west": {
                "uv": [13, 1, 14, 2],
                "texture": "#0"
            },
            "up": {
                "uv": [13, 1, 14, 2],
                "texture": "#0"
            },
            "down": {
                "uv": [13, 1, 14, 2],
                "texture": "#0"
            }
        }
    }, {
        "name": "hexadecagon",
        "from": [7.87697, 12.45429, 3.24047],
        "to": [8.82897, 12.78568, 5.26347],
        "rotation": {
            "angle": 22.5,
            "axis": "z",
            "origin": [7.99597, 12.61999, 3.12147]
        },
        "faces": {
            "north": {
                "uv": [13, 1, 14, 2],
                "texture": "#0"
            },
            "east": {
                "uv": [13, 1, 14, 2],
                "texture": "#0"
            },
            "south": {
                "uv": [13, 1, 14, 2],
                "texture": "#0"
            },
            "west": {
                "uv": [13, 1, 14, 2],
                "texture": "#0"
            },
            "up": {
                "uv": [13, 1, 14, 2],
                "texture": "#0"
            },
            "down": {
                "uv": [13, 1, 14, 2],
                "texture": "#0"
            }
        }
    }, {
        "name": "hexadecagon",
        "from": [8.11497, 12.45429, 3.00247],
        "to": [8.82897, 12.78568, 5.26347],
        "rotation": {
            "angle": -22.5,
            "axis": "z",
            "origin": [7.99597, 12.61999, 3.12147]
        },
        "faces": {
            "north": {
                "uv": [13, 1, 14, 2],
                "texture": "#0"
            },
            "east": {
                "uv": [13, 1, 14, 2],
                "texture": "#0"
            },
            "south": {
                "uv": [13, 1, 14, 2],
                "texture": "#0"
            },
            "west": {
                "uv": [13, 1, 14, 2],
                "texture": "#0"
            },
            "up": {
                "uv": [13, 1, 14, 2],
                "texture": "#0"
            },
            "down": {
                "uv": [13, 1, 14, 2],
                "texture": "#0"
            }
        }
    }, {
        "name": "hexadecagon",
        "from": [7.83027, 11.78699, 2.88347],
        "to": [8.16166, 12.50099, 5.26347],
        "rotation": {
            "angle": 45,
            "axis": "z",
            "origin": [7.99597, 12.61999, 3.12147]
        },
        "faces": {
            "north": {
                "uv": [13, 1, 14, 2],
                "texture": "#0"
            },
            "east": {
                "uv": [13, 1, 14, 2],
                "texture": "#0"
            },
            "south": {
                "uv": [13, 1, 14, 2],
                "texture": "#0"
            },
            "west": {
                "uv": [13, 1, 14, 2],
                "texture": "#0"
            },
            "up": {
                "uv": [13, 1, 14, 2],
                "texture": "#0"
            },
            "down": {
                "uv": [13, 1, 14, 2],
                "texture": "#0"
            }
        }
    }, {
        "name": "hexadecagon",
        "from": [7.83027, 11.78699, 2.88347],
        "to": [8.16166, 12.50099, 5.26347],
        "rotation": {
            "angle": 22.5,
            "axis": "z",
            "origin": [7.99597, 12.61999, 3.12147]
        },
        "faces": {
            "north": {
                "uv": [13, 1, 14, 2],
                "texture": "#0"
            },
            "east": {
                "uv": [13, 1, 14, 2],
                "texture": "#0"
            },
            "south": {
                "uv": [13, 1, 14, 2],
                "texture": "#0"
            },
            "west": {
                "uv": [13, 1, 14, 2],
                "texture": "#0"
            },
            "up": {
                "uv": [13, 1, 14, 2],
                "texture": "#0"
            },
            "down": {
                "uv": [13, 1, 14, 2],
                "texture": "#0"
            }
        }
    }, {
        "name": "hexadecagon",
        "from": [7.83027, 12.73899, 3.59747],
        "to": [8.16166, 13.45299, 5.26347],
        "rotation": {
            "angle": 0,
            "axis": "z",
            "origin": [7.99597, 12.61999, 3.12147]
        },
        "faces": {
            "north": {
                "uv": [13, 1, 14, 2],
                "texture": "#0"
            },
            "east": {
                "uv": [13, 1, 14, 2],
                "texture": "#0"
            },
            "south": {
                "uv": [13, 1, 14, 2],
                "texture": "#0"
            },
            "west": {
                "uv": [13, 1, 14, 2],
                "texture": "#0"
            },
            "up": {
                "uv": [13, 1, 14, 2],
                "texture": "#0"
            },
            "down": {
                "uv": [13, 1, 14, 2],
                "texture": "#0"
            }
        }
    }, {
        "name": "hexadecagon",
        "from": [7.6519, 12.7, 4.05],
        "to": [8.3481, 14.2, 8.05],
        "rotation": {
            "angle": -45,
            "axis": "z",
            "origin": [8, 12.45, 3.55]
        },
        "faces": {
            "north": {
                "uv": [10, 1, 11, 2],
                "texture": "#0"
            },
            "east": {
                "uv": [10, 1, 11, 2],
                "texture": "#0"
            },
            "south": {
                "uv": [10, 1, 11, 2],
                "texture": "#0"
            },
            "west": {
                "uv": [10, 1, 11, 2],
                "texture": "#0"
            },
            "up": {
                "uv": [10, 1, 11, 2],
                "texture": "#0"
            },
            "down": {
                "uv": [10, 1, 11, 2],
                "texture": "#0"
            }
        }
    }, {
        "name": "hexadecagon",
        "from": [7.6519, 12.7, 4.3],
        "to": [8.3481, 14.2, 8.05],
        "rotation": {
            "angle": -22.5,
            "axis": "z",
            "origin": [8, 12.45, 3.55]
        },
        "faces": {
            "north": {
                "uv": [10, 1, 11, 2],
                "texture": "#0"
            },
            "east": {
                "uv": [10, 1, 11, 2],
                "texture": "#0"
            },
            "south": {
                "uv": [10, 1, 11, 2],
                "texture": "#0"
            },
            "west": {
                "uv": [10, 1, 11, 2],
                "texture": "#0"
            },
            "up": {
                "uv": [10, 1, 11, 2],
                "texture": "#0"
            },
            "down": {
                "uv": [10, 1, 11, 2],
                "texture": "#0"
            }
        }
    }, {
        "name": "hexadecagon",
        "from": [7.6519, 12.7, 4.55],
        "to": [8.3481, 14.2, 8.05],
        "rotation": {
            "angle": 0,
            "axis": "z",
            "origin": [8, 12.45, 3.55]
        },
        "faces": {
            "north": {
                "uv": [10, 1, 11, 2],
                "texture": "#0"
            },
            "east": {
                "uv": [10, 1, 11, 2],
                "texture": "#0"
            },
            "south": {
                "uv": [10, 1, 11, 2],
                "texture": "#0"
            },
            "west": {
                "uv": [10, 1, 11, 2],
                "texture": "#0"
            },
            "up": {
                "uv": [10, 1, 11, 2],
                "texture": "#0"
            },
            "down": {
                "uv": [10, 1, 11, 2],
                "texture": "#0"
            }
        }
    }, {
        "name": "hexadecagon",
        "from": [7.6519, 12.7, 4.3],
        "to": [8.3481, 14.2, 8.05],
        "rotation": {
            "angle": 22.5,
            "axis": "z",
            "origin": [8, 12.45, 3.55]
        },
        "faces": {
            "north": {
                "uv": [10, 1, 11, 2],
                "texture": "#0"
            },
            "east": {
                "uv": [10, 1, 11, 2],
                "texture": "#0"
            },
            "south": {
                "uv": [10, 1, 11, 2],
                "texture": "#0"
            },
            "west": {
                "uv": [10, 1, 11, 2],
                "texture": "#0"
            },
            "up": {
                "uv": [10, 1, 11, 2],
                "texture": "#0"
            },
            "down": {
                "uv": [10, 1, 11, 2],
                "texture": "#0"
            }
        }
    }, {
        "name": "hexadecagon",
        "from": [7.6519, 12.7, 4.05],
        "to": [8.3481, 14.2, 8.05],
        "rotation": {
            "angle": 45,
            "axis": "z",
            "origin": [8, 12.45, 3.55]
        },
        "faces": {
            "north": {
                "uv": [10, 1, 11, 2],
                "texture": "#0"
            },
            "east": {
                "uv": [10, 1, 11, 2],
                "texture": "#0"
            },
            "south": {
                "uv": [10, 1, 11, 2],
                "texture": "#0"
            },
            "west": {
                "uv": [10, 1, 11, 2],
                "texture": "#0"
            },
            "up": {
                "uv": [10, 1, 11, 2],
                "texture": "#0"
            },
            "down": {
                "uv": [10, 1, 11, 2],
                "texture": "#0"
            }
        }
    }, {
        "name": "hexadecagon",
        "from": [6.25, 12.1019, 3.8],
        "to": [8, 12.7981, 8.05],
        "rotation": {
            "angle": -22.5,
            "axis": "z",
            "origin": [8, 12.45, 3.55]
        },
        "faces": {
            "north": {
                "uv": [10, 1, 11, 2],
                "texture": "#0"
            },
            "east": {
                "uv": [10, 1, 11, 2],
                "texture": "#0"
            },
            "south": {
                "uv": [10, 1, 11, 2],
                "texture": "#0"
            },
            "west": {
                "uv": [10, 1, 11, 2],
                "texture": "#0"
            },
            "up": {
                "uv": [10, 1, 11, 2],
                "texture": "#0"
            },
            "down": {
                "uv": [10, 1, 11, 2],
                "texture": "#0"
            }
        }
    }, {
        "name": "hexadecagon",
        "from": [7.75, 12.1019, 3.8],
        "to": [9.75, 12.7981, 8.05],
        "rotation": {
            "angle": 22.5,
            "axis": "z",
            "origin": [8, 12.45, 3.55]
        },
        "faces": {
            "north": {
                "uv": [10, 1, 11, 2],
                "texture": "#0"
            },
            "east": {
                "uv": [10, 1, 11, 2],
                "texture": "#0"
            },
            "south": {
                "uv": [10, 1, 11, 2],
                "texture": "#0"
            },
            "west": {
                "uv": [10, 1, 11, 2],
                "texture": "#0"
            },
            "up": {
                "uv": [10, 1, 11, 2],
                "texture": "#0"
            },
            "down": {
                "uv": [10, 1, 11, 2],
                "texture": "#0"
            }
        }
    }, {
        "name": "hexadecagon",
        "from": [7.6519, 10.7, 3.05],
        "to": [8.3481, 12.2, 8.05],
        "rotation": {
            "angle": -45,
            "axis": "z",
            "origin": [8, 12.45, 3.55]
        },
        "faces": {
            "north": {
                "uv": [10, 1, 11, 2],
                "texture": "#0"
            },
            "east": {
                "uv": [10, 1, 11, 2],
                "texture": "#0"
            },
            "south": {
                "uv": [10, 1, 11, 2],
                "texture": "#0"
            },
            "west": {
                "uv": [10, 1, 11, 2],
                "texture": "#0"
            },
            "up": {
                "uv": [10, 1, 11, 2],
                "texture": "#0"
            },
            "down": {
                "uv": [10, 1, 11, 2],
                "texture": "#0"
            }
        }
    }, {
        "name": "hexadecagon",
        "from": [7.6519, 10.7, 3.05],
        "to": [8.3481, 12.2, 8.05],
        "rotation": {
            "angle": -22.5,
            "axis": "z",
            "origin": [8, 12.45, 3.55]
        },
        "faces": {
            "north": {
                "uv": [10, 1, 11, 2],
                "texture": "#0"
            },
            "east": {
                "uv": [10, 1, 11, 2],
                "texture": "#0"
            },
            "south": {
                "uv": [10, 1, 11, 2],
                "texture": "#0"
            },
            "west": {
                "uv": [10, 1, 11, 2],
                "texture": "#0"
            },
            "up": {
                "uv": [10, 1, 11, 2],
                "texture": "#0"
            },
            "down": {
                "uv": [10, 1, 11, 2],
                "texture": "#0"
            }
        }
    }, {
        "name": "hexadecagon",
        "from": [7.6519, 10.7, 3.05],
        "to": [8.3481, 12.2, 8.05],
        "rotation": {
            "angle": 0,
            "axis": "z",
            "origin": [8, 12.45, 3.55]
        },
        "faces": {
            "north": {
                "uv": [10, 1, 11, 2],
                "texture": "#0"
            },
            "east": {
                "uv": [10, 1, 11, 2],
                "texture": "#0"
            },
            "south": {
                "uv": [10, 1, 11, 2],
                "texture": "#0"
            },
            "west": {
                "uv": [10, 1, 11, 2],
                "texture": "#0"
            },
            "up": {
                "uv": [10, 1, 11, 2],
                "texture": "#0"
            },
            "down": {
                "uv": [10, 1, 11, 2],
                "texture": "#0"
            }
        }
    }, {
        "name": "hexadecagon",
        "from": [7.6519, 10.7, 3.05],
        "to": [8.3481, 12.2, 8.05],
        "rotation": {
            "angle": 22.5,
            "axis": "z",
            "origin": [8, 12.45, 3.55]
        },
        "faces": {
            "north": {
                "uv": [10, 1, 11, 2],
                "texture": "#0"
            },
            "east": {
                "uv": [10, 1, 11, 2],
                "texture": "#0"
            },
            "south": {
                "uv": [10, 1, 11, 2],
                "texture": "#0"
            },
            "west": {
                "uv": [10, 1, 11, 2],
                "texture": "#0"
            },
            "up": {
                "uv": [10, 1, 11, 2],
                "texture": "#0"
            },
            "down": {
                "uv": [10, 1, 11, 2],
                "texture": "#0"
            }
        }
    }, {
        "name": "hexadecagon",
        "from": [7.6519, 10.7, 3.05],
        "to": [8.3481, 12.2, 8.05],
        "rotation": {
            "angle": 45,
            "axis": "z",
            "origin": [8, 12.45, 3.55]
        },
        "faces": {
            "north": {
                "uv": [10, 1, 11, 2],
                "texture": "#0"
            },
            "east": {
                "uv": [10, 1, 11, 2],
                "texture": "#0"
            },
            "south": {
                "uv": [10, 1, 11, 2],
                "texture": "#0"
            },
            "west": {
                "uv": [10, 1, 11, 2],
                "texture": "#0"
            },
            "up": {
                "uv": [10, 1, 11, 2],
                "texture": "#0"
            },
            "down": {
                "uv": [10, 1, 11, 2],
                "texture": "#0"
            }
        }
    }, {
        "name": "hexadecagon",
        "from": [8.25, 12.1019, 3.3],
        "to": [9.75, 12.7981, 8.05],
        "rotation": {
            "angle": -22.5,
            "axis": "z",
            "origin": [8, 12.45, 3.55]
        },
        "faces": {
            "north": {
                "uv": [10, 1, 11, 2],
                "texture": "#0"
            },
            "east": {
                "uv": [10, 1, 11, 2],
                "texture": "#0"
            },
            "south": {
                "uv": [10, 1, 11, 2],
                "texture": "#0"
            },
            "west": {
                "uv": [10, 1, 11, 2],
                "texture": "#0"
            },
            "up": {
                "uv": [10, 1, 11, 2],
                "texture": "#0"
            },
            "down": {
                "uv": [10, 1, 11, 2],
                "texture": "#0"
            }
        }
    }, {
        "name": "hexadecagon",
        "from": [6.25, 12.1019, 3.55],
        "to": [9.75, 12.7981, 8.05],
        "rotation": {
            "angle": 0,
            "axis": "z",
            "origin": [8, 12.45, 3.55]
        },
        "faces": {
            "north": {
                "uv": [10, 1, 11, 2],
                "texture": "#0"
            },
            "east": {
                "uv": [10, 1, 11, 2],
                "texture": "#0"
            },
            "south": {
                "uv": [10, 1, 11, 2],
                "texture": "#0"
            },
            "west": {
                "uv": [10, 1, 11, 2],
                "texture": "#0"
            },
            "up": {
                "uv": [10, 1, 11, 2],
                "texture": "#0"
            },
            "down": {
                "uv": [10, 1, 11, 2],
                "texture": "#0"
            }
        }
    }, {
        "name": "hexadecagon",
        "from": [6.25, 12.1019, 3.3],
        "to": [7.75, 12.7981, 8.05],
        "rotation": {
            "angle": 22.5,
            "axis": "z",
            "origin": [8, 12.45, 3.55]
        },
        "faces": {
            "north": {
                "uv": [10, 1, 11, 2],
                "texture": "#0"
            },
            "east": {
                "uv": [10, 1, 11, 2],
                "texture": "#0"
            },
            "south": {
                "uv": [10, 1, 11, 2],
                "texture": "#0"
            },
            "west": {
                "uv": [10, 1, 11, 2],
                "texture": "#0"
            },
            "up": {
                "uv": [10, 1, 11, 2],
                "texture": "#0"
            },
            "down": {
                "uv": [10, 1, 11, 2],
                "texture": "#0"
            }
        }
    }]
}