{
	"credit": "Made with Blockbench",
	"texture_size": [64, 64],
	"textures": {
		"0": "item/hats/treasure_bag_hat",
		"particle": "item/hats/treasure_bag_hat"
	},
	"elements": [
		{
			"from": [8.5, 9.5, 5.25],
			"to": [10.5, 11.5, 6.25],
			"rotation": {"angle": 22.5, "axis": "z", "origin": [9.5, 10.5, 5.75]},
			"faces": {
				"north": {"uv": [0.25, 2, 0.75, 2.5], "texture": "#0"},
				"east": {"uv": [0, 2, 0.25, 2.5], "texture": "#0"},
				"south": {"uv": [1, 2, 1.5, 2.5], "texture": "#0"},
				"west": {"uv": [0.75, 2, 1, 2.5], "texture": "#0"},
				"up": {"uv": [0.75, 2, 0.25, 1.75], "texture": "#0"},
				"down": {"uv": [1.25, 1.75, 0.75, 2], "texture": "#0"}
			}
		},
		{
			"from": [5.5, 9.5, 9.75],
			"to": [7.5, 11.5, 10.75],
			"rotation": {"angle": -22.5, "axis": "z", "origin": [6.5, 10.5, 10.25]},
			"faces": {
				"north": {"uv": [1.5, 1.5, 2, 2], "texture": "#0"},
				"east": {"uv": [1.25, 1.5, 1.5, 2], "texture": "#0"},
				"south": {"uv": [2.25, 1.5, 2.75, 2], "texture": "#0"},
				"west": {"uv": [2, 1.5, 2.25, 2], "texture": "#0"},
				"up": {"uv": [2, 1.5, 1.5, 1.25], "texture": "#0"},
				"down": {"uv": [2.5, 1.25, 2, 1.5], "texture": "#0"}
			}
		},
		{
			"from": [8.5, 9.5, 9],
			"to": [10.5, 11.5, 10],
			"rotation": {"angle": 22.5, "axis": "x", "origin": [9.5, 10.5, 9.5]},
			"faces": {
				"north": {"uv": [0.25, 1, 0.75, 1.5], "texture": "#0"},
				"east": {"uv": [0, 1, 0.25, 1.5], "texture": "#0"},
				"south": {"uv": [1, 1, 1.5, 1.5], "texture": "#0"},
				"west": {"uv": [0.75, 1, 1, 1.5], "texture": "#0"},
				"up": {"uv": [0.75, 1, 0.25, 0.75], "texture": "#0"},
				"down": {"uv": [1.25, 0.75, 0.75, 1], "texture": "#0"}
			}
		},
		{
			"from": [5.5, 9.25, 6],
			"to": [7.5, 11.25, 7],
			"rotation": {"angle": -45, "axis": "x", "origin": [6.5, 10.25, 6.5]},
			"faces": {
				"north": {"uv": [0.25, 0.25, 0.75, 0.75], "texture": "#0"},
				"east": {"uv": [0, 0.25, 0.25, 0.75], "texture": "#0"},
				"south": {"uv": [1, 0.25, 1.5, 0.75], "texture": "#0"},
				"west": {"uv": [0.75, 0.25, 1, 0.75], "texture": "#0"},
				"up": {"uv": [0.75, 0.25, 0.25, 0], "texture": "#0"},
				"down": {"uv": [1.25, 0, 0.75, 0.25], "texture": "#0"}
			}
		},
		{
			"from": [5, 6, 5],
			"to": [11, 8, 11],
			"rotation": {"angle": 0, "axis": "y", "origin": [2, 8, 3]},
			"faces": {
				"north": {"uv": [7.5, 5.75, 9, 6.25], "texture": "#0"},
				"east": {"uv": [6, 5.75, 7.5, 6.25], "texture": "#0"},
				"south": {"uv": [10.5, 5.75, 12, 6.25], "texture": "#0"},
				"west": {"uv": [9, 5.75, 10.5, 6.25], "texture": "#0"},
				"up": {"uv": [9, 5.75, 7.5, 4.25], "texture": "#0"},
				"down": {"uv": [10.5, 4.25, 9, 5.75], "texture": "#0"}
			}
		},
		{
			"from": [4, 8, 4],
			"to": [12, 10, 12],
			"rotation": {"angle": 0, "axis": "y", "origin": [8, 9, 8]},
			"faces": {
				"north": {"uv": [2, 6.25, 4, 6.75], "texture": "#0"},
				"east": {"uv": [0, 6.25, 2, 6.75], "texture": "#0"},
				"south": {"uv": [6, 6.25, 8, 6.75], "texture": "#0"},
				"west": {"uv": [4, 6.25, 6, 6.75], "texture": "#0"},
				"up": {"uv": [4, 6.25, 2, 4.25], "texture": "#0"},
				"down": {"uv": [6, 4.25, 4, 6.25], "texture": "#0"}
			}
		},
		{
			"from": [2, 0, 3],
			"to": [13, 6, 14],
			"rotation": {"angle": 0, "axis": "y", "origin": [2, 3, 3]},
			"faces": {
				"north": {"uv": [2.75, 2.75, 5.5, 4.25], "texture": "#0"},
				"east": {"uv": [0, 2.75, 2.75, 4.25], "texture": "#0"},
				"south": {"uv": [8.25, 2.75, 11, 4.25], "texture": "#0"},
				"west": {"uv": [5.5, 2.75, 8.25, 4.25], "texture": "#0"},
				"up": {"uv": [5.5, 2.75, 2.75, 0], "texture": "#0"},
				"down": {"uv": [8.25, 0, 5.5, 2.75], "texture": "#0"}
			}
		}
	],
	"gui_light": "front",
	"display": {
		"thirdperson_righthand": {
			"translation": [0, 1.75, -2.5],
			"scale": [0.75, 0.75, 0.75]
		},
		"thirdperson_lefthand": {
			"translation": [0, 1.75, -2.5],
			"scale": [0.75, 0.75, 0.75]
		},
		"firstperson_righthand": {
			"translation": [1.25, 1.5, -0.75],
			"scale": [0.8, 0.8, 0.8]
		},
		"firstperson_lefthand": {
			"translation": [1.25, 1.5, -0.75],
			"scale": [0.8, 0.8, 0.8]
		},
		"ground": {
			"translation": [0, 2, 0],
			"scale": [0.5, 0.5, 0.5]
		},
		"gui": {
			"rotation": [28, 45, 0],
			"translation": [0, 3, 0],
			"scale": [0.9, 0.9, 0.9]
		},
		"head": {
			"translation": [0.75, 13.25, -0.75],
			"scale": [1.6, 1.6, 1.6]
		},
		"fixed": {
			"rotation": [-90, 0, 0],
			"translation": [0.75, -1, -12.75],
			"scale": [1.6, 1.6, 1.6]
		}
	},
	"groups": [
		{
			"name": "treasure_bag_hat",
			"origin": [2, 3, 3],
			"color": 0,
			"children": [
				{
					"name": "coins",
					"origin": [6.5, 10.25, 6.5],
					"color": 0,
					"children": [0, 1, 2, 3]
				},
				4,
				5,
				6
			]
		}
	]
}