{
	"credit": "Made with Blockbench",
	"texture_size": [64, 64],
	"textures": {
		"0": "item/pickaxes/element_pickaxe/element",
		"1": "item/pickaxes/element_pickaxe/element_animation",
		"particle": "item/pickaxes/element_pickaxe/element"
	},
	"elements": [
		{
			"from": [6, 16, 6],
			"to": [10, 18, 10],
			"rotation": {"angle": 0, "axis": "y", "origin": [0, 23, 16]},
			"faces": {
				"north": {"uv": [7.5, 5, 8.5, 5.5], "texture": "#0"},
				"east": {"uv": [7.5, 7.5, 8.5, 8], "texture": "#0"},
				"south": {"uv": [7.75, 0.5, 8.75, 1], "texture": "#0"},
				"west": {"uv": [7.75, 1, 8.75, 1.5], "texture": "#0"},
				"up": {"uv": [6.25, 7, 5.25, 6], "texture": "#0"},
				"down": {"uv": [7.25, 6, 6.25, 7], "texture": "#0"}
			}
		},
		{
			"from": [5.5, 14, 5.5],
			"to": [10.5, 16, 10.5],
			"rotation": {"angle": 0, "axis": "y", "origin": [0, 23, 16]},
			"faces": {
				"north": {"uv": [5.5, 0.75, 6.75, 1.25], "texture": "#0"},
				"east": {"uv": [6.5, 5.5, 7.75, 6], "texture": "#0"},
				"south": {"uv": [6.75, 3.75, 8, 4.25], "texture": "#0"},
				"west": {"uv": [7, 0, 8.25, 0.5], "texture": "#0"},
				"up": {"uv": [5.25, 2.75, 4, 1.5], "texture": "#0"},
				"down": {"uv": [5, 4.5, 3.75, 5.75], "texture": "#0"}
			}
		},
		{
			"from": [4, 18, 4.5],
			"to": [12, 24, 11.5],
			"rotation": {"angle": 0, "axis": "y", "origin": [0, 21, 16]},
			"faces": {
				"north": {"uv": [2, 0, 4, 1.5], "texture": "#0"},
				"east": {"uv": [2, 3, 3.75, 4.5], "texture": "#0"},
				"south": {"uv": [2, 1.5, 4, 3], "texture": "#0"},
				"west": {"uv": [0, 3.5, 1.75, 5], "texture": "#0"},
				"up": {"uv": [2, 1.75, 0, 0], "texture": "#0"},
				"down": {"uv": [2, 1.75, 0, 3.5], "texture": "#0"}
			}
		},
		{
			"from": [5, 24, 5],
			"to": [11, 25, 11],
			"rotation": {"angle": 0, "axis": "y", "origin": [0, 21, 16]},
			"faces": {
				"north": {"uv": [7.75, 2.5, 9.25, 2.75], "texture": "#0"},
				"east": {"uv": [7.75, 2.75, 9.25, 3], "texture": "#0"},
				"south": {"uv": [7.75, 3, 9.25, 3.25], "texture": "#0"},
				"west": {"uv": [7.75, 3.25, 9.25, 3.5], "texture": "#0"},
				"up": {"uv": [5.25, 4.5, 3.75, 3], "texture": "#0"},
				"down": {"uv": [5.5, 0, 4, 1.5], "texture": "#0"}
			}
		},
		{
			"from": [4, 24, 7.5],
			"to": [7, 26, 8.5],
			"rotation": {"angle": 0, "axis": "y", "origin": [0, 21, 16]},
			"faces": {
				"north": {"uv": [7.75, 5.5, 8.5, 6], "texture": "#0"},
				"east": {"uv": [8.5, 3.5, 8.75, 4], "texture": "#0"},
				"south": {"uv": [0.75, 8, 1.5, 8.5], "texture": "#0"},
				"west": {"uv": [3.75, 8.5, 4, 9], "texture": "#0"},
				"up": {"uv": [4.75, 3, 4, 2.75], "texture": "#0"},
				"down": {"uv": [6.25, 1.25, 5.5, 1.5], "texture": "#0"}
			}
		},
		{
			"from": [9, 24, 7.5],
			"to": [12, 26, 8.5],
			"rotation": {"angle": 0, "axis": "y", "origin": [16, 21, 16]},
			"faces": {
				"north": {"uv": [8.5, 5.5, 7.75, 6], "texture": "#0"},
				"east": {"uv": [4, 8.5, 3.75, 9], "texture": "#0"},
				"south": {"uv": [1.5, 8, 0.75, 8.5], "texture": "#0"},
				"west": {"uv": [8.75, 3.5, 8.5, 4], "texture": "#0"},
				"up": {"uv": [4, 3, 4.75, 2.75], "texture": "#0"},
				"down": {"uv": [5.5, 1.25, 6.25, 1.5], "texture": "#0"}
			}
		},
		{
			"from": [7, 25, 7],
			"to": [9, 27, 9],
			"rotation": {"angle": 0, "axis": "y", "origin": [0, 21, 16]},
			"faces": {
				"north": {"uv": [7.25, 8, 7.75, 8.5], "texture": "#0"},
				"east": {"uv": [7.75, 8, 8.25, 8.5], "texture": "#0"},
				"south": {"uv": [0, 8.25, 0.5, 8.75], "texture": "#0"},
				"west": {"uv": [8.25, 0, 8.75, 0.5], "texture": "#0"},
				"up": {"uv": [2, 8.75, 1.5, 8.25], "texture": "#0"},
				"down": {"uv": [2.5, 8.25, 2, 8.75], "texture": "#0"}
			}
		},
		{
			"from": [6, -6, 6],
			"to": [10, -4, 10],
			"rotation": {"angle": 0, "axis": "y", "origin": [0, 21, 16]},
			"faces": {
				"north": {"uv": [1.5, 7.75, 2.5, 8.25], "texture": "#0"},
				"east": {"uv": [7.75, 1.5, 8.75, 2], "texture": "#0"},
				"south": {"uv": [7.75, 2, 8.75, 2.5], "texture": "#0"},
				"west": {"uv": [2.5, 7.75, 3.5, 8.25], "texture": "#0"},
				"up": {"uv": [7.5, 5.5, 6.5, 4.5], "texture": "#0"},
				"down": {"uv": [7.75, 0.75, 6.75, 1.75], "texture": "#0"}
			}
		},
		{
			"from": [7, -7, 7],
			"to": [9, -6, 9],
			"rotation": {"angle": 0, "axis": "y", "origin": [0, 21, 16]},
			"faces": {
				"north": {"uv": [4.75, 2.75, 5.25, 3], "texture": "#0"},
				"east": {"uv": [4.5, 5.75, 5, 6], "texture": "#0"},
				"south": {"uv": [6.25, 1.25, 6.75, 1.5], "texture": "#0"},
				"west": {"uv": [6.75, 4.25, 7.25, 4.5], "texture": "#0"},
				"up": {"uv": [4, 8.5, 3.5, 8], "texture": "#0"},
				"down": {"uv": [8.5, 3.5, 8, 4], "texture": "#0"}
			}
		},
		{
			"from": [6.5, 9, 6.5],
			"to": [9.5, 15, 9.5],
			"rotation": {"angle": 0, "axis": "y", "origin": [0, 21, 16]},
			"faces": {
				"north": {"uv": [0, 0, 3, 6], "texture": "#1"},
				"east": {"uv": [3, 6, 6, 12], "texture": "#1"},
				"south": {"uv": [0, 6, 3, 12], "texture": "#1"},
				"west": {"uv": [3, 0, 6, 6], "texture": "#1"},
				"up": {"uv": [0, 0, 3, 3], "texture": "#1"},
				"down": {"uv": [0, 0, 3, 3], "texture": "#1"}
			}
		},
		{
			"from": [7, -4, 7],
			"to": [9, 9, 9],
			"rotation": {"angle": 0, "axis": "y", "origin": [0, 21, 16]},
			"faces": {
				"north": {"uv": [0, 0, 2, 16], "texture": "#1"},
				"east": {"uv": [6, 0, 8, 16], "texture": "#1"},
				"south": {"uv": [4, 0, 6, 16], "texture": "#1"},
				"west": {"uv": [2, 0, 4, 16], "texture": "#1"},
				"up": {"uv": [0, 0, 2, 16], "texture": "#1"},
				"down": {"uv": [0, 0, 2, 16], "texture": "#1"}
			}
		},
		{
			"from": [15, 20, 6.5],
			"to": [21, 23, 9.5],
			"rotation": {"angle": -22.5, "axis": "z", "origin": [15, 23, 8]},
			"faces": {
				"north": {"uv": [8, 6, 11, 0], "rotation": 90, "texture": "#1"},
				"east": {"uv": [8, 6, 11, 0], "rotation": 90, "texture": "#1"},
				"south": {"uv": [13, 6, 16, 0], "rotation": 90, "texture": "#1"},
				"west": {"uv": [8, 6, 11, 0], "rotation": 90, "texture": "#1"},
				"up": {"uv": [11, 6, 14, 0], "rotation": 90, "texture": "#1"},
				"down": {"uv": [8, 6, 11, 0], "rotation": 90, "texture": "#1"}
			}
		},
		{
			"from": [-5, 20, 6.5],
			"to": [1, 23, 9.5],
			"rotation": {"angle": 22.5, "axis": "z", "origin": [1, 23, 8]},
			"faces": {
				"north": {"uv": [8, 0, 11, 6], "rotation": 90, "texture": "#1"},
				"east": {"uv": [8, 0, 11, 6], "rotation": 90, "texture": "#1"},
				"south": {"uv": [13, 0, 16, 6], "rotation": 90, "texture": "#1"},
				"west": {"uv": [8, 0, 11, 6], "rotation": 90, "texture": "#1"},
				"up": {"uv": [11, 0, 14, 6], "rotation": 90, "texture": "#1"},
				"down": {"uv": [8, 0, 11, 6], "rotation": 90, "texture": "#1"}
			}
		},
		{
			"from": [1, 19.5, 6],
			"to": [4, 23, 10],
			"rotation": {"angle": 0, "axis": "y", "origin": [4, 20, 8]},
			"faces": {
				"north": {"uv": [6.75, 7, 7.5, 7.875], "texture": "#0"},
				"east": {"uv": [6.75, 1.75, 7.75, 2.625], "texture": "#0"},
				"south": {"uv": [0, 7.25, 0.75, 8.125], "texture": "#0"},
				"west": {"uv": [6.75, 2.75, 7.75, 3.625], "texture": "#0"},
				"up": {"uv": [6, 8, 5.25, 7], "texture": "#0"},
				"down": {"uv": [6.75, 7, 6, 8], "texture": "#0"}
			}
		},
		{
			"from": [20.54328, 22.5461, 6.725],
			"to": [24.54328, 25.0461, 9.225],
			"rotation": {"angle": -45, "axis": "z", "origin": [15, 23, 8]},
			"faces": {
				"north": {"uv": [8, 5.5, 10.75, 1], "rotation": 90, "texture": "#1"},
				"east": {"uv": [8, 5.5, 10.75, 1], "rotation": 90, "texture": "#1"},
				"south": {"uv": [13, 5.5, 15.75, 1], "rotation": 90, "texture": "#1"},
				"west": {"uv": [8, 5.5, 10.75, 1], "rotation": 90, "texture": "#1"},
				"up": {"uv": [11, 5.5, 13.75, 1], "rotation": 90, "texture": "#1"},
				"down": {"uv": [8, 5.5, 10.75, 1], "rotation": 90, "texture": "#1"}
			}
		},
		{
			"from": [18.2961, 10.95672, 6.975],
			"to": [20.2961, 14.95672, 8.975],
			"rotation": {"angle": 22.5, "axis": "z", "origin": [15, 23, 8]},
			"faces": {
				"north": {"uv": [8.5, 15.5, 10.5, 11.5], "texture": "#1"},
				"east": {"uv": [11.5, 15.5, 13.5, 11.5], "rotation": 180, "texture": "#1"},
				"south": {"uv": [13.5, 15.5, 15.5, 11.5], "rotation": 180, "texture": "#1"},
				"west": {"uv": [8.5, 15.5, 10.5, 11.5], "rotation": 180, "texture": "#1"},
				"up": {"uv": [8.5, 15.5, 10.5, 11.5], "rotation": 180, "texture": "#1"},
				"down": {"uv": [8.5, 15.5, 10.5, 11.5], "rotation": 180, "texture": "#1"}
			}
		},
		{
			"from": [-8.54328, 22.5461, 6.725],
			"to": [-4.54328, 25.0461, 9.225],
			"rotation": {"angle": 45, "axis": "z", "origin": [1, 23, 8]},
			"faces": {
				"north": {"uv": [8, 1, 10.75, 5.5], "rotation": 90, "texture": "#1"},
				"east": {"uv": [8, 1, 10.75, 5.5], "rotation": 90, "texture": "#1"},
				"south": {"uv": [13, 1, 15.75, 5.5], "rotation": 90, "texture": "#1"},
				"west": {"uv": [8, 1, 10.75, 5.5], "rotation": 90, "texture": "#1"},
				"up": {"uv": [11, 1, 13.75, 5.5], "rotation": 90, "texture": "#1"},
				"down": {"uv": [8, 1, 10.75, 5.5], "rotation": 90, "texture": "#1"}
			}
		},
		{
			"from": [-4.2961, 10.95672, 6.975],
			"to": [-2.2961, 14.95672, 8.975],
			"rotation": {"angle": -22.5, "axis": "z", "origin": [1, 23, 8]},
			"faces": {
				"north": {"uv": [10.5, 15.5, 8.5, 11.5], "texture": "#1"},
				"east": {"uv": [10.5, 15.5, 8.5, 11.5], "rotation": 180, "texture": "#1"},
				"south": {"uv": [15.5, 15.5, 13.5, 11.5], "rotation": 180, "texture": "#1"},
				"west": {"uv": [13.5, 15.5, 11.5, 11.5], "rotation": 180, "texture": "#1"},
				"up": {"uv": [10.5, 15.5, 8.5, 11.5], "rotation": 180, "texture": "#1"},
				"down": {"uv": [10.5, 15.5, 8.5, 11.5], "rotation": 180, "texture": "#1"}
			}
		},
		{
			"from": [5.5, 10, 7.5],
			"to": [6.5, 12, 8.5],
			"rotation": {"angle": 22.5, "axis": "z", "origin": [6.5, 10, 8]},
			"faces": {
				"north": {"uv": [8.25, 6.75, 8.5, 7.25], "texture": "#0"},
				"east": {"uv": [8.25, 8, 8.5, 8.5], "texture": "#0"},
				"south": {"uv": [0.75, 8.5, 1, 9], "texture": "#0"},
				"west": {"uv": [1, 8.5, 1.25, 9], "texture": "#0"},
				"up": {"uv": [2, 4.5, 1.75, 4.25], "texture": "#0"},
				"down": {"uv": [7.5, 4.25, 7.25, 4.5], "texture": "#0"}
			}
		},
		{
			"from": [6.26537, 11.84776, 7.5],
			"to": [7.26537, 14.84776, 8.5],
			"rotation": {"angle": 45, "axis": "z", "origin": [6.5, 10, 8]},
			"faces": {
				"north": {"uv": [1.75, 3.5, 2, 4.25], "texture": "#0"},
				"east": {"uv": [1.5, 5, 1.75, 5.75], "texture": "#0"},
				"south": {"uv": [1.5, 5.75, 1.75, 6.5], "texture": "#0"},
				"west": {"uv": [1.5, 6.5, 1.75, 7.25], "texture": "#0"},
				"up": {"uv": [7.5, 7, 7.25, 6.75], "texture": "#0"},
				"down": {"uv": [7.75, 0.5, 7.5, 0.75], "texture": "#0"}
			}
		},
		{
			"from": [2.90621, 13.26197, 7.5],
			"to": [3.90621, 16.26197, 8.5],
			"rotation": {"angle": 0, "axis": "y", "origin": [6.5, 10, 8]},
			"faces": {
				"north": {"uv": [0.5, 8.25, 0.75, 9], "texture": "#0"},
				"east": {"uv": [2.5, 8.25, 2.75, 9], "texture": "#0"},
				"south": {"uv": [2.75, 8.25, 3, 9], "texture": "#0"},
				"west": {"uv": [3, 8.25, 3.25, 9], "texture": "#0"},
				"up": {"uv": [3.75, 8, 3.5, 7.75], "texture": "#0"},
				"down": {"uv": [8, 3.5, 7.75, 3.75], "texture": "#0"}
			}
		},
		{
			"from": [2.90621, 16.26197, 7.5],
			"to": [3.90621, 19.26197, 8.5],
			"rotation": {"angle": -22.5, "axis": "z", "origin": [2.90621, 16.26197, 8]},
			"faces": {
				"north": {"uv": [3.25, 8.25, 3.5, 9], "texture": "#0"},
				"east": {"uv": [8.25, 4, 8.5, 4.75], "texture": "#0"},
				"south": {"uv": [4.5, 8.25, 4.75, 9], "texture": "#0"},
				"west": {"uv": [4.75, 8.25, 5, 9], "texture": "#0"},
				"up": {"uv": [8.25, 4.25, 8, 4], "texture": "#0"},
				"down": {"uv": [4.25, 8.5, 4, 8.75], "texture": "#0"}
			}
		},
		{
			"from": [5, 8, 7.5],
			"to": [7, 10, 8.5],
			"rotation": {"angle": 0, "axis": "y", "origin": [0, 23, 16]},
			"faces": {
				"north": {"uv": [5.75, 8, 6.25, 8.5], "texture": "#0"},
				"east": {"uv": [1.5, 7.25, 1.75, 7.75], "texture": "#0"},
				"south": {"uv": [8, 6, 8.5, 6.5], "texture": "#0"},
				"west": {"uv": [5, 8.25, 5.25, 8.75], "texture": "#0"},
				"up": {"uv": [7.5, 0.75, 7, 0.5], "texture": "#0"},
				"down": {"uv": [8.5, 6.5, 8, 6.75], "texture": "#0"}
			}
		},
		{
			"from": [5, -5, 7.5],
			"to": [7, -3, 8.5],
			"rotation": {"angle": 0, "axis": "y", "origin": [0, 23, 16]},
			"faces": {
				"north": {"uv": [6.25, 8, 6.75, 8.5], "texture": "#0"},
				"east": {"uv": [1.25, 8.5, 1.5, 9], "texture": "#0"},
				"south": {"uv": [6.75, 8, 7.25, 8.5], "texture": "#0"},
				"west": {"uv": [3.5, 8.5, 3.75, 9], "texture": "#0"},
				"up": {"uv": [8.75, 5, 8.25, 4.75], "texture": "#0"},
				"down": {"uv": [8.75, 7.25, 8.25, 7.5], "texture": "#0"}
			}
		},
		{
			"from": [9.5, 10, 7.5],
			"to": [10.5, 12, 8.5],
			"rotation": {"angle": -22.5, "axis": "z", "origin": [9.5, 10, 8]},
			"faces": {
				"north": {"uv": [8.5, 6.75, 8.25, 7.25], "texture": "#0"},
				"east": {"uv": [1.25, 8.5, 1, 9], "texture": "#0"},
				"south": {"uv": [1, 8.5, 0.75, 9], "texture": "#0"},
				"west": {"uv": [8.5, 8, 8.25, 8.5], "texture": "#0"},
				"up": {"uv": [1.75, 4.5, 2, 4.25], "texture": "#0"},
				"down": {"uv": [7.25, 4.25, 7.5, 4.5], "texture": "#0"}
			}
		},
		{
			"from": [8.73463, 11.84776, 7.5],
			"to": [9.73463, 14.84776, 8.5],
			"rotation": {"angle": -45, "axis": "z", "origin": [9.5, 10, 8]},
			"faces": {
				"north": {"uv": [2, 3.5, 1.75, 4.25], "texture": "#0"},
				"east": {"uv": [1.75, 6.5, 1.5, 7.25], "texture": "#0"},
				"south": {"uv": [1.75, 5.75, 1.5, 6.5], "texture": "#0"},
				"west": {"uv": [1.75, 5, 1.5, 5.75], "texture": "#0"},
				"up": {"uv": [7.25, 7, 7.5, 6.75], "texture": "#0"},
				"down": {"uv": [7.5, 0.5, 7.75, 0.75], "texture": "#0"}
			}
		},
		{
			"from": [12.09379, 13.26197, 7.5],
			"to": [13.09379, 16.26197, 8.5],
			"rotation": {"angle": 0, "axis": "y", "origin": [9.5, 10, 8]},
			"faces": {
				"north": {"uv": [0.75, 8.25, 0.5, 9], "texture": "#0"},
				"east": {"uv": [3.25, 8.25, 3, 9], "texture": "#0"},
				"south": {"uv": [3, 8.25, 2.75, 9], "texture": "#0"},
				"west": {"uv": [2.75, 8.25, 2.5, 9], "texture": "#0"},
				"up": {"uv": [3.5, 8, 3.75, 7.75], "texture": "#0"},
				"down": {"uv": [7.75, 3.5, 8, 3.75], "texture": "#0"}
			}
		},
		{
			"from": [12.09379, 16.26197, 7.5],
			"to": [13.09379, 19.26197, 8.5],
			"rotation": {"angle": 22.5, "axis": "z", "origin": [13.09379, 16.26197, 8]},
			"faces": {
				"north": {"uv": [3.5, 8.25, 3.25, 9], "texture": "#0"},
				"east": {"uv": [5, 8.25, 4.75, 9], "texture": "#0"},
				"south": {"uv": [4.75, 8.25, 4.5, 9], "texture": "#0"},
				"west": {"uv": [8.5, 4, 8.25, 4.75], "texture": "#0"},
				"up": {"uv": [8, 4.25, 8.25, 4], "texture": "#0"},
				"down": {"uv": [4, 8.5, 4.25, 8.75], "texture": "#0"}
			}
		},
		{
			"from": [9, 8, 7.5],
			"to": [11, 10, 8.5],
			"rotation": {"angle": 0, "axis": "y", "origin": [16, 23, 16]},
			"faces": {
				"north": {"uv": [6.25, 8, 5.75, 8.5], "texture": "#0"},
				"east": {"uv": [5.25, 8.25, 5, 8.75], "texture": "#0"},
				"south": {"uv": [8.5, 6, 8, 6.5], "texture": "#0"},
				"west": {"uv": [1.75, 7.25, 1.5, 7.75], "texture": "#0"},
				"up": {"uv": [7, 0.75, 7.5, 0.5], "texture": "#0"},
				"down": {"uv": [8, 6.5, 8.5, 6.75], "texture": "#0"}
			}
		},
		{
			"from": [9, -5, 7.5],
			"to": [11, -3, 8.5],
			"rotation": {"angle": 0, "axis": "y", "origin": [16, 23, 16]},
			"faces": {
				"north": {"uv": [6.75, 8, 6.25, 8.5], "texture": "#0"},
				"east": {"uv": [3.75, 8.5, 3.5, 9], "texture": "#0"},
				"south": {"uv": [7.25, 8, 6.75, 8.5], "texture": "#0"},
				"west": {"uv": [1.5, 8.5, 1.25, 9], "texture": "#0"},
				"up": {"uv": [8.25, 5, 8.75, 4.75], "texture": "#0"},
				"down": {"uv": [8.25, 7.25, 8.75, 7.5], "texture": "#0"}
			}
		},
		{
			"from": [12, 19.5, 6],
			"to": [15, 23, 10],
			"rotation": {"angle": 0, "axis": "y", "origin": [12, 20, 8]},
			"faces": {
				"north": {"uv": [7.5, 7, 6.75, 7.875], "texture": "#0"},
				"east": {"uv": [7.75, 2.75, 6.75, 3.625], "texture": "#0"},
				"south": {"uv": [0.75, 7.25, 0, 8.125], "texture": "#0"},
				"west": {"uv": [7.75, 1.75, 6.75, 2.625], "texture": "#0"},
				"up": {"uv": [5.25, 8, 6, 7], "texture": "#0"},
				"down": {"uv": [6, 7, 6.75, 8], "texture": "#0"}
			}
		}
	],
	"display": {
		"thirdperson_righthand": {
			"rotation": [0, 90, 0],
			"translation": [0, 1.25, 1.75],
			"scale": [0.5, 0.5, 0.5]
		},
		"thirdperson_lefthand": {
			"rotation": [0, -90, 0],
			"translation": [0, 1.25, 1.75],
			"scale": [0.5, 0.5, 0.5]
		},
		"firstperson_righthand": {
			"rotation": [0, 90, 20],
			"translation": [0.5, 0.75, 0.25],
			"scale": [0.45, 0.45, 0.45]
		},
		"firstperson_lefthand": {
			"rotation": [0, -90, -20],
			"translation": [0.5, 0.75, 0.25],
			"scale": [0.45, 0.45, 0.45]
		},
		"ground": {
			"translation": [0, 4.5, 0],
			"scale": [0.5, 0.5, 0.5]
		},
		"gui": {
			"rotation": [0, -180, 45],
			"translation": [-1.5, -1.5, 0],
			"scale": [0.525, 0.525, 0.525]
		},
		"head": {
			"translation": [0, 14, 0],
			"scale": [0.5, 0.5, 0.5]
		},
		"fixed": {
			"rotation": [0, 0, -45],
			"translation": [-0.75, -0.75, 0],
			"scale": [0.45, 0.45, 0.45]
		}
	},
	"groups": [
		0,
		1,
		2,
		3,
		4,
		5,
		6,
		7,
		8,
		9,
		10,
		{
			"name": "group",
			"origin": [0, 18, 16],
			"color": 0,
			"children": [
				11,
				12,
				13,
				{
					"name": "group",
					"origin": [0, 18, 16],
					"color": 0,
					"children": [14, 15, 16, 17]
				}
			]
		},
		{
			"name": "group",
			"origin": [0, 23, 16],
			"color": 0,
			"children": [18, 19, 20, 21, 22, 23, 24, 25, 26, 27, 28, 29]
		},
		{
			"name": "group",
			"origin": [0, 18, 16],
			"color": 0,
			"children": [30]
		}
	]
}