{
	"credit": "Made by PolygonMC",
	"texture_size": [24, 24],
	"textures": {
		"2": "item/pickaxes/fiend_pickaxe/animations_1",
		"4": "item/pickaxes/fiend_pickaxe/pickaxe",
		"particle": "item/pickaxes/fiend_pickaxe/pickaxe"
	},
	"elements": [
		{
			"from": [7.5, 0.75, 7.5],
			"to": [8.5, 1.25, 8.5],
			"rotation": {"angle": 0, "axis": "y", "origin": [7.5, 0, 7.5]},
			"faces": {
				"north": {"uv": [5.33333, 14, 6, 14.33333], "texture": "#4"},
				"east": {"uv": [14, 5.33333, 14.66667, 5.66667], "texture": "#4"},
				"south": {"uv": [6, 14, 6.66667, 14.33333], "texture": "#4"},
				"west": {"uv": [14, 6, 14.66667, 6.33333], "texture": "#4"}
			}
		},
		{
			"from": [7.5, 11.25, 7.5],
			"to": [8.5, 12.25, 8.5],
			"rotation": {"angle": 0, "axis": "y", "origin": [7.5, 6.5, 7.5]},
			"faces": {
				"north": {"uv": [3.33333, 12, 4, 12.66667], "texture": "#4"},
				"east": {"uv": [12, 8.66667, 12.66667, 9.33333], "texture": "#4"},
				"south": {"uv": [9.33333, 12, 10, 12.66667], "texture": "#4"},
				"west": {"uv": [12, 9.33333, 12.66667, 10], "texture": "#4"}
			}
		},
		{
			"from": [7.5, 5.25, 7.5],
			"to": [8.5, 6.25, 8.5],
			"rotation": {"angle": 0, "axis": "y", "origin": [7.5, 2, 7.5]},
			"faces": {
				"north": {"uv": [12, 0, 12.66667, 0.66667], "texture": "#4"},
				"east": {"uv": [0.66667, 12, 1.33333, 12.66667], "texture": "#4"},
				"south": {"uv": [12, 0.66667, 12.66667, 1.33333], "texture": "#4"},
				"west": {"uv": [2, 12, 2.66667, 12.66667], "texture": "#4"},
				"down": {"uv": [3.33333, 12, 2.66667, 12.66667], "texture": "#4"}
			}
		},
		{
			"from": [7.5, 1.75, 7.5],
			"to": [8.5, 2.75, 8.5],
			"rotation": {"angle": 0, "axis": "y", "origin": [7.5, 2, 7.5]},
			"faces": {
				"north": {"uv": [2.66667, 12.66667, 3.33333, 13.33333], "texture": "#4"},
				"east": {"uv": [3.33333, 12.66667, 4, 13.33333], "texture": "#4"},
				"south": {"uv": [4, 12.66667, 4.66667, 13.33333], "texture": "#4"},
				"west": {"uv": [4.66667, 12.66667, 5.33333, 13.33333], "texture": "#4"},
				"up": {"uv": [6, 13.33333, 5.33333, 12.66667], "texture": "#4"}
			}
		},
		{
			"from": [7.6, 2.75, 7.6],
			"to": [8.4, 5.25, 8.4],
			"rotation": {"angle": 0, "axis": "y", "origin": [7.5, 2, 7.5]},
			"faces": {
				"north": {"uv": [7.33333, 10, 7.83333, 11.66667], "texture": "#4"},
				"east": {"uv": [10, 7.33333, 10.5, 9], "texture": "#4"},
				"south": {"uv": [10, 9.33333, 10.5, 11], "texture": "#4"},
				"west": {"uv": [0, 10.66667, 0.5, 12.33333], "texture": "#4"}
			}
		},
		{
			"from": [7.4, 1.25, 7.4],
			"to": [8.6, 1.75, 8.6],
			"rotation": {"angle": 0, "axis": "y", "origin": [7.5, 2, 7.5]},
			"faces": {
				"north": {"uv": [12.66667, 10, 13.5, 10.33333], "texture": "#4"},
				"east": {"uv": [10.66667, 12.66667, 11.5, 13], "texture": "#4"},
				"south": {"uv": [12.66667, 10.66667, 13.5, 11], "texture": "#4"},
				"west": {"uv": [12.66667, 11.33333, 13.5, 11.66667], "texture": "#4"},
				"up": {"uv": [11.5, 6.83333, 10.66667, 6], "texture": "#4"},
				"down": {"uv": [11.5, 7.33333, 10.66667, 8.16667], "texture": "#4"}
			}
		},
		{
			"from": [7.4, 6.25, 7.4],
			"to": [8.6, 6.75, 8.6],
			"rotation": {"angle": 0, "axis": "y", "origin": [7.5, 2, 7.5]},
			"faces": {
				"north": {"uv": [12, 12.66667, 12.83333, 13], "texture": "#4"},
				"east": {"uv": [12.66667, 12, 13.5, 12.33333], "texture": "#4"},
				"south": {"uv": [0, 13.33333, 0.83333, 13.66667], "texture": "#4"},
				"west": {"uv": [13.33333, 0, 14.16667, 0.33333], "texture": "#4"},
				"up": {"uv": [8.83333, 11.5, 8, 10.66667], "texture": "#4"},
				"down": {"uv": [11.5, 8.66667, 10.66667, 9.5], "texture": "#4"}
			}
		},
		{
			"from": [7.4, 10.75, 7.4],
			"to": [8.6, 11.25, 8.6],
			"rotation": {"angle": 0, "axis": "y", "origin": [7.5, 6.5, 7.5]},
			"faces": {
				"north": {"uv": [2.66667, 13.33333, 3.5, 13.66667], "texture": "#4"},
				"east": {"uv": [13.33333, 3.33333, 14.16667, 3.66667], "texture": "#4"},
				"south": {"uv": [4, 13.33333, 4.83333, 13.66667], "texture": "#4"},
				"west": {"uv": [13.33333, 4, 14.16667, 4.33333], "texture": "#4"},
				"up": {"uv": [11.5, 10.83333, 10.66667, 10], "texture": "#4"},
				"down": {"uv": [12.16667, 1.33333, 11.33333, 2.16667], "texture": "#4"}
			}
		},
		{
			"from": [7.455, -0.045, 7.455],
			"to": [8.545, 1.045, 8.545],
			"rotation": {"angle": -45, "axis": "x", "origin": [8, 0.5, 8]},
			"faces": {
				"north": {"uv": [7.33333, 4, 8, 4.66667], "texture": "#4"},
				"east": {"uv": [4.66667, 11.33333, 5.33333, 12], "texture": "#4"},
				"south": {"uv": [5.33333, 11.33333, 6, 12], "texture": "#4"},
				"west": {"uv": [10, 11.33333, 10.66667, 12], "texture": "#4"},
				"up": {"uv": [11.33333, 12, 10.66667, 11.33333], "texture": "#4"},
				"down": {"uv": [12, 11.33333, 11.33333, 12], "texture": "#4"}
			}
		},
		{
			"from": [7, 15.7, 6.7],
			"to": [9, 17.7, 8.95],
			"rotation": {"angle": 22.5, "axis": "x", "origin": [8, 15.86424, 7.60187]},
			"faces": {
				"north": {"uv": [6.66667, 4.66667, 8, 6], "texture": "#4"},
				"east": {"uv": [3.33333, 5.33333, 4.83333, 6.66667], "texture": "#4"},
				"south": {"uv": [5.33333, 6.66667, 6.66667, 8], "texture": "#4"},
				"west": {"uv": [5.33333, 3.33333, 6.83333, 4.66667], "texture": "#4"},
				"up": {"uv": [6.66667, 6.16667, 5.33333, 4.66667], "texture": "#4"},
				"down": {"uv": [1.33333, 6, 0, 7.5], "texture": "#4"}
			}
		},
		{
			"from": [7, 15.24598, 7.01882],
			"to": [9, 15.74598, 7.04882],
			"rotation": {"angle": 22.5, "axis": "x", "origin": [8, 16.06022, 7.52069]},
			"faces": {
				"north": {"uv": [8, 12, 9.33333, 12.33333], "texture": "#4"},
				"south": {"uv": [12, 8, 13.33333, 8.33333], "texture": "#4"}
			}
		},
		{
			"from": [6.75, 14.34588, 6.9258],
			"to": [7, 14.84588, 8.9258],
			"rotation": {"angle": -22.5, "axis": "x", "origin": [8, 14.84588, 7.6758]},
			"faces": {
				"north": {"uv": [14, 14.66667, 14.16667, 15], "texture": "#4"},
				"east": {"uv": [12, 2.66667, 13.33333, 3], "texture": "#4"},
				"south": {"uv": [14.66667, 14, 14.83333, 14.33333], "texture": "#4"},
				"west": {"uv": [12, 3.33333, 13.33333, 3.66667], "texture": "#4"},
				"up": {"uv": [6.83333, 15.33333, 6.66667, 14], "texture": "#4"},
				"down": {"uv": [14.16667, 6.66667, 14, 8], "texture": "#4"}
			}
		},
		{
			"from": [7, 14.34588, 6.6758],
			"to": [9, 14.84588, 7.1758],
			"rotation": {"angle": -22.5, "axis": "x", "origin": [8, 14.84588, 7.6758]},
			"faces": {
				"north": {"uv": [12, 6, 13.33333, 6.33333], "texture": "#4"},
				"east": {"uv": [0.66667, 14.66667, 1, 15], "texture": "#4"},
				"south": {"uv": [6.66667, 12, 8, 12.33333], "texture": "#4"},
				"west": {"uv": [14.66667, 0.66667, 15, 1], "texture": "#4"},
				"up": {"uv": [13.33333, 7, 12, 6.66667], "texture": "#4"},
				"down": {"uv": [13.33333, 7.33333, 12, 7.66667], "texture": "#4"}
			}
		},
		{
			"from": [6.75, 14.84588, 7.9258],
			"to": [7, 15.34588, 8.9258],
			"rotation": {"angle": -22.5, "axis": "x", "origin": [8, 14.84588, 7.6758]},
			"faces": {
				"north": {"uv": [14.66667, 14.66667, 14.83333, 15], "texture": "#4"},
				"east": {"uv": [7.33333, 14, 8, 14.33333], "texture": "#4"},
				"south": {"uv": [0, 15.33333, 0.16667, 15.66667], "texture": "#4"},
				"west": {"uv": [8, 14, 8.66667, 14.33333], "texture": "#4"},
				"up": {"uv": [0.16667, 15.33333, 0, 14.66667], "texture": "#4"}
			}
		},
		{
			"from": [9, 14.84588, 7.9258],
			"to": [9.25, 15.34588, 8.9258],
			"rotation": {"angle": -22.5, "axis": "x", "origin": [8, 14.84588, 7.6758]},
			"faces": {
				"north": {"uv": [15.33333, 0.66667, 15.5, 1], "texture": "#4"},
				"east": {"uv": [9.33333, 14, 10, 14.33333], "texture": "#4"},
				"south": {"uv": [1.33333, 15.33333, 1.5, 15.66667], "texture": "#4"},
				"west": {"uv": [14, 9.33333, 14.66667, 9.66667], "texture": "#4"},
				"up": {"uv": [14.83333, 0.66667, 14.66667, 0], "texture": "#4"}
			}
		},
		{
			"from": [9.07, 14.84588, 7.0258],
			"to": [9.1, 15.34588, 7.9258],
			"rotation": {"angle": -22.5, "axis": "x", "origin": [8, 14.84588, 7.6758]},
			"faces": {
				"east": {"uv": [10, 14, 10.66667, 14.33333], "texture": "#4"},
				"west": {"uv": [14, 10, 14.66667, 10.33333], "texture": "#4"}
			}
		},
		{
			"from": [6.9, 14.84588, 7.0258],
			"to": [9.1, 15.34588, 7.0558],
			"rotation": {"angle": -22.5, "axis": "x", "origin": [8, 14.84588, 7.6758]},
			"faces": {
				"north": {"uv": [11.33333, 4.66667, 12.83333, 5], "texture": "#4"},
				"south": {"uv": [11.33333, 5.33333, 12.83333, 5.66667], "texture": "#4"}
			}
		},
		{
			"from": [6.9, 14.84588, 7.0258],
			"to": [6.93, 15.34588, 7.9258],
			"rotation": {"angle": -22.5, "axis": "x", "origin": [8, 14.84588, 7.6758]},
			"faces": {
				"east": {"uv": [10.66667, 14, 11.33333, 14.33333], "texture": "#4"},
				"west": {"uv": [14, 10.66667, 14.66667, 11], "texture": "#4"}
			}
		},
		{
			"from": [9, 14.34588, 6.9258],
			"to": [9.25, 14.84588, 8.9258],
			"rotation": {"angle": -22.5, "axis": "x", "origin": [8, 14.84588, 7.6758]},
			"faces": {
				"north": {"uv": [15.33333, 0, 15.5, 0.33333], "texture": "#4"},
				"east": {"uv": [12, 4, 13.33333, 4.33333], "texture": "#4"},
				"south": {"uv": [0.66667, 15.33333, 0.83333, 15.66667], "texture": "#4"},
				"west": {"uv": [4.66667, 12, 6, 12.33333], "texture": "#4"},
				"up": {"uv": [14.16667, 9.33333, 14, 8], "texture": "#4"},
				"down": {"uv": [8.83333, 14, 8.66667, 15.33333], "texture": "#4"}
			}
		},
		{
			"from": [8.5, 16.95, 6.55],
			"to": [9.25, 17.2, 7.05],
			"rotation": {"angle": 22.5, "axis": "x", "origin": [8, 15.86424, 7.60187]},
			"faces": {
				"north": {"uv": [10.66667, 14.66667, 11.16667, 14.83333], "texture": "#4"},
				"east": {"uv": [12.66667, 14.66667, 13, 14.83333], "texture": "#4"},
				"south": {"uv": [14.66667, 10.66667, 15.16667, 10.83333], "texture": "#4"},
				"west": {"uv": [14.66667, 12.66667, 15, 12.83333], "texture": "#4"},
				"up": {"uv": [13.16667, 14.33333, 12.66667, 14], "texture": "#4"},
				"down": {"uv": [13.83333, 14, 13.33333, 14.33333], "texture": "#4"}
			}
		},
		{
			"from": [6.75, 16.95, 6.55],
			"to": [7.5, 17.2, 7.05],
			"rotation": {"angle": 22.5, "axis": "x", "origin": [8, 15.86424, 7.60187]},
			"faces": {
				"north": {"uv": [11.33333, 14.66667, 11.83333, 14.83333], "texture": "#4"},
				"east": {"uv": [13.33333, 14.66667, 13.66667, 14.83333], "texture": "#4"},
				"south": {"uv": [14.66667, 11.33333, 15.16667, 11.5], "texture": "#4"},
				"west": {"uv": [14.66667, 13.33333, 15, 13.5], "texture": "#4"},
				"up": {"uv": [14.5, 13.66667, 14, 13.33333], "texture": "#4"},
				"down": {"uv": [14.5, 14, 14, 14.33333], "texture": "#4"}
			}
		},
		{
			"from": [6.75, 16.2, 7.2],
			"to": [9.25, 17.95, 9.2],
			"rotation": {"angle": 22.5, "axis": "x", "origin": [8, 15.86424, 7.60187]},
			"faces": {
				"north": {"uv": [1.33333, 6, 3, 7.16667], "texture": "#4"},
				"east": {"uv": [4, 8, 5.33333, 9.16667], "texture": "#4"},
				"south": {"uv": [3.33333, 6.66667, 5, 7.83333], "texture": "#4"},
				"west": {"uv": [8, 4, 9.33333, 5.16667], "texture": "#4"},
				"up": {"uv": [5, 5.33333, 3.33333, 4], "texture": "#4"},
				"down": {"uv": [7, 2, 5.33333, 3.33333], "texture": "#4"}
			}
		},
		{
			"from": [7.5, 13.5285, 10.8595],
			"to": [8.5, 15.5285, 11.8595],
			"rotation": {"angle": -45, "axis": "x", "origin": [8, 10.9291, 9.83929]},
			"faces": {
				"north": {"uv": [8, 9.33333, 8.66667, 10.66667], "texture": "#4"},
				"east": {"uv": [8.66667, 9.33333, 9.33333, 10.66667], "texture": "#4"},
				"south": {"uv": [1.33333, 10, 2, 11.33333], "texture": "#4"},
				"west": {"uv": [10, 1.33333, 10.66667, 2.66667], "texture": "#4"},
				"up": {"uv": [10.66667, 12.66667, 10, 12], "texture": "#4"},
				"down": {"uv": [12.66667, 10, 12, 10.66667], "texture": "#4"}
			}
		},
		{
			"from": [7.55, 12.30374, 9.81097],
			"to": [8.45, 14.10374, 10.71097],
			"rotation": {"angle": -22.5, "axis": "x", "origin": [8, 10.9291, 9.83929]},
			"faces": {
				"north": {"uv": [0.66667, 10.66667, 1.33333, 11.83333], "texture": "#4"},
				"east": {"uv": [10.66667, 1.33333, 11.33333, 2.5], "texture": "#4"},
				"south": {"uv": [10.66667, 2.66667, 11.33333, 3.83333], "texture": "#4"},
				"west": {"uv": [3.33333, 10.66667, 4, 11.83333], "texture": "#4"},
				"down": {"uv": [11.33333, 12, 10.66667, 12.66667], "texture": "#4"}
			}
		},
		{
			"from": [7.5905, 10.89468, 9.29957],
			"to": [8.4095, 12.53268, 10.11857],
			"rotation": {"angle": 0, "axis": "y", "origin": [8, 10.9291, 9.83929]},
			"faces": {
				"north": {"uv": [9.33333, 10.66667, 9.83333, 11.83333], "texture": "#4"},
				"east": {"uv": [1.33333, 11.33333, 1.83333, 12.5], "texture": "#4"},
				"south": {"uv": [11.33333, 2.66667, 11.83333, 3.83333], "texture": "#4"},
				"west": {"uv": [4, 11.33333, 4.5, 12.5], "texture": "#4"},
				"down": {"uv": [13.83333, 4.66667, 13.33333, 5.16667], "texture": "#4"}
			}
		},
		{
			"from": [7.63555, 8.54635, 9.38157],
			"to": [8.36446, 11.00417, 10.11048],
			"rotation": {"angle": 22.5, "axis": "x", "origin": [8, 10.9291, 9.83929]},
			"faces": {
				"north": {"uv": [2, 10, 2.5, 11.66667], "texture": "#4"},
				"east": {"uv": [2.66667, 10, 3.16667, 11.66667], "texture": "#4"},
				"south": {"uv": [10, 2.66667, 10.5, 4.33333], "texture": "#4"},
				"west": {"uv": [6.66667, 10, 7.16667, 11.66667], "texture": "#4"},
				"down": {"uv": [5.83333, 13.33333, 5.33333, 13.83333], "texture": "#4"}
			}
		},
		{
			"from": [7.67564, 7.60543, 8.50458],
			"to": [8.32436, 8.90289, 9.15331],
			"rotation": {"angle": 0, "axis": "y", "origin": [8, 10.9291, 9.83929]},
			"faces": {
				"north": {"uv": [7.33333, 12.66667, 7.83333, 13.5], "texture": "#4"},
				"east": {"uv": [8, 12.66667, 8.5, 13.5], "texture": "#4"},
				"south": {"uv": [8.66667, 12.66667, 9.16667, 13.5], "texture": "#4"},
				"west": {"uv": [12.66667, 8.66667, 13.16667, 9.5], "texture": "#4"},
				"down": {"uv": [13.83333, 5.33333, 13.33333, 5.83333], "texture": "#4"}
			}
		},
		{
			"from": [7.71132, 7.21446, 7.33426],
			"to": [8.28868, 8.3692, 7.91163],
			"rotation": {"angle": -22.5, "axis": "x", "origin": [8, 10.9291, 9.83929]},
			"faces": {
				"north": {"uv": [13.33333, 0.66667, 13.66667, 1.5], "texture": "#4"},
				"east": {"uv": [1.33333, 13.33333, 1.66667, 14.16667], "texture": "#4"},
				"south": {"uv": [2, 13.33333, 2.33333, 14.16667], "texture": "#4"},
				"west": {"uv": [13.33333, 2, 13.66667, 2.83333], "texture": "#4"},
				"down": {"uv": [1.66667, 14.66667, 1.33333, 15], "texture": "#4"}
			}
		},
		{
			"from": [7.25, 11.5, 8],
			"to": [8.75, 13.5, 10],
			"rotation": {"angle": -45, "axis": "x", "origin": [7.5, 11.5, 8]},
			"faces": {
				"north": {"uv": [5.33333, 8, 6.33333, 9.33333], "texture": "#4"},
				"east": {"uv": [6.66667, 6, 8, 7.33333], "texture": "#4"},
				"south": {"uv": [8, 5.33333, 9, 6.66667], "texture": "#4"},
				"west": {"uv": [1.33333, 7.33333, 2.66667, 8.66667], "texture": "#4"},
				"up": {"uv": [9, 8, 8, 6.66667], "texture": "#4"},
				"down": {"uv": [9, 8, 8, 9.33333], "texture": "#4"}
			}
		},
		{
			"from": [7, 11.75, 8.25],
			"to": [9, 13.25, 9.75],
			"rotation": {"angle": -45, "axis": "x", "origin": [7.5, 11.5, 8]},
			"faces": {
				"north": {"uv": [1.33333, 8.66667, 2.66667, 9.66667], "texture": "#4"},
				"east": {"uv": [9.33333, 0, 10.33333, 1], "texture": "#4"},
				"south": {"uv": [8.66667, 1.33333, 10, 2.33333], "texture": "#4"},
				"west": {"uv": [9.33333, 6, 10.33333, 7], "texture": "#4"},
				"up": {"uv": [10, 3.66667, 8.66667, 2.66667], "texture": "#4"},
				"down": {"uv": [8, 8.66667, 6.66667, 9.66667], "texture": "#4"}
			}
		},
		{
			"from": [7.49175, 13.84744, 10.23271],
			"to": [8.50825, 14.86394, 11.24921],
			"rotation": {"angle": -22.5, "axis": "x", "origin": [8, 10.95681, 10.09918]},
			"faces": {
				"north": {"uv": [12, 10.66667, 12.66667, 11.33333], "texture": "#4"},
				"east": {"uv": [11.33333, 12, 12, 12.66667], "texture": "#4"},
				"south": {"uv": [12, 11.33333, 12.66667, 12], "texture": "#4"},
				"west": {"uv": [12, 12, 12.66667, 12.66667], "texture": "#4"},
				"up": {"uv": [0.66667, 13.33333, 0, 12.66667], "texture": "#4"},
				"down": {"uv": [13.33333, 0, 12.66667, 0.66667], "texture": "#4"}
			}
		},
		{
			"from": [7.61881, 14.1349, 9.69477],
			"to": [8.38119, 14.89727, 10.45715],
			"rotation": {"angle": 0, "axis": "y", "origin": [8, 10.95681, 10.09918]},
			"faces": {
				"east": {"uv": [6, 13.33333, 6.5, 13.83333], "texture": "#4"},
				"south": {"uv": [13.33333, 6, 13.83333, 6.5], "texture": "#4"},
				"west": {"uv": [6.66667, 13.33333, 7.16667, 13.83333], "texture": "#4"},
				"up": {"uv": [13.83333, 7.16667, 13.33333, 6.66667], "texture": "#4"},
				"down": {"uv": [13.83333, 7.33333, 13.33333, 7.83333], "texture": "#4"}
			}
		},
		{
			"from": [7.71792, 14.12187, 8.89399],
			"to": [8.28208, 14.68603, 9.45815],
			"rotation": {"angle": 22.5, "axis": "x", "origin": [8, 10.95681, 10.09918]},
			"faces": {
				"east": {"uv": [14.66667, 1.33333, 15, 1.66667], "texture": "#4"},
				"south": {"uv": [2, 14.66667, 2.33333, 15], "texture": "#4"},
				"west": {"uv": [14.66667, 2, 15, 2.33333], "texture": "#4"},
				"up": {"uv": [3, 15, 2.66667, 14.66667], "texture": "#4"},
				"down": {"uv": [15, 2.66667, 14.66667, 3], "texture": "#4"}
			}
		},
		{
			"from": [7.54257, 11.96346, 9.71512],
			"to": [8.45743, 12.87831, 10.62997],
			"rotation": {"angle": 0, "axis": "y", "origin": [8, 11.08932, 9.9442]},
			"faces": {
				"north": {"uv": [0.66667, 12.66667, 1.33333, 13.33333], "texture": "#4"},
				"east": {"uv": [12.66667, 0.66667, 13.33333, 1.33333], "texture": "#4"},
				"south": {"uv": [1.33333, 12.66667, 2, 13.33333], "texture": "#4"},
				"west": {"uv": [12.66667, 1.33333, 13.33333, 2], "texture": "#4"},
				"up": {"uv": [2.66667, 13.33333, 2, 12.66667], "texture": "#4"},
				"down": {"uv": [13.33333, 2, 12.66667, 2.66667], "texture": "#4"}
			}
		},
		{
			"from": [7.65693, 12.22001, 9.91862],
			"to": [8.34307, 12.90615, 10.60476],
			"rotation": {"angle": 22.5, "axis": "x", "origin": [8, 11.08932, 9.9442]},
			"faces": {
				"east": {"uv": [13.33333, 8, 13.83333, 8.5], "texture": "#4"},
				"south": {"uv": [13.33333, 8.66667, 13.83333, 9.16667], "texture": "#4"},
				"west": {"uv": [9.33333, 13.33333, 9.83333, 13.83333], "texture": "#4"},
				"up": {"uv": [13.83333, 9.83333, 13.33333, 9.33333], "texture": "#4"},
				"down": {"uv": [10.5, 13.33333, 10, 13.83333], "texture": "#4"}
			}
		},
		{
			"from": [7.74613, 10.69173, 11.32432],
			"to": [8.25387, 11.19948, 11.83206],
			"rotation": {"angle": -45, "axis": "x", "origin": [8, 11.08932, 9.9442]},
			"faces": {
				"north": {"uv": [3.33333, 14.66667, 3.66667, 15], "texture": "#4"},
				"east": {"uv": [14.66667, 3.33333, 15, 3.66667], "texture": "#4"},
				"south": {"uv": [4, 14.66667, 4.33333, 15], "texture": "#4"},
				"west": {"uv": [14.66667, 4, 15, 4.33333], "texture": "#4"},
				"down": {"uv": [5, 14.66667, 4.66667, 15], "texture": "#4"}
			}
		},
		{
			"from": [7.58324, 10.16301, 9.79688],
			"to": [8.41677, 10.99654, 10.63041],
			"rotation": {"angle": 22.5, "axis": "x", "origin": [8, 11.14681, 9.86168]},
			"faces": {
				"north": {"uv": [13.33333, 13.33333, 13.83333, 13.83333], "texture": "#4"},
				"east": {"uv": [0, 14, 0.5, 14.5], "texture": "#4"},
				"south": {"uv": [0.66667, 14, 1.16667, 14.5], "texture": "#4"},
				"west": {"uv": [14, 0.66667, 14.5, 1.16667], "texture": "#4"},
				"up": {"uv": [14.5, 1.83333, 14, 1.33333], "texture": "#4"},
				"down": {"uv": [14.5, 2, 14, 2.5], "texture": "#4"}
			}
		},
		{
			"from": [7.68743, 9.73073, 9.30222],
			"to": [8.31257, 10.35588, 9.92736],
			"rotation": {"angle": -45, "axis": "x", "origin": [8, 11.14681, 9.86168]},
			"faces": {
				"north": {"uv": [10.66667, 13.33333, 11.16667, 13.83333], "texture": "#4"},
				"east": {"uv": [11.33333, 13.33333, 11.83333, 13.83333], "texture": "#4"},
				"south": {"uv": [12, 13.33333, 12.5, 13.83333], "texture": "#4"},
				"west": {"uv": [12.66667, 13.33333, 13.16667, 13.83333], "texture": "#4"},
				"down": {"uv": [13.83333, 12.66667, 13.33333, 13.16667], "texture": "#4"}
			}
		},
		{
			"from": [7.7687, 9.42397, 9.96207],
			"to": [8.2313, 9.88658, 10.42468],
			"rotation": {"angle": -22.5, "axis": "x", "origin": [8, 11.14681, 9.86168]},
			"faces": {
				"north": {"uv": [14.66667, 4.66667, 15, 5], "texture": "#4"},
				"east": {"uv": [5.33333, 14.66667, 5.66667, 15], "texture": "#4"},
				"south": {"uv": [14.66667, 5.33333, 15, 5.66667], "texture": "#4"},
				"west": {"uv": [6, 14.66667, 6.33333, 15], "texture": "#4"},
				"down": {"uv": [15, 6, 14.66667, 6.33333], "texture": "#4"}
			}
		},
		{
			"from": [7.62074, 8.0629, 8.75368],
			"to": [8.37926, 8.82141, 9.5122],
			"rotation": {"angle": 45, "axis": "x", "origin": [8, 8.327, 9.55939]},
			"faces": {
				"north": {"uv": [2.66667, 14, 3.16667, 14.5], "texture": "#4"},
				"east": {"uv": [14, 2.66667, 14.5, 3.16667], "texture": "#4"},
				"south": {"uv": [3.33333, 14, 3.83333, 14.5], "texture": "#4"},
				"west": {"uv": [4, 14, 4.5, 14.5], "texture": "#4"},
				"up": {"uv": [5.16667, 14.5, 4.66667, 14], "texture": "#4"},
				"down": {"uv": [14.5, 4.66667, 14, 5.16667], "texture": "#4"}
			}
		},
		{
			"from": [7.71556, 7.9698, 9.34762],
			"to": [8.28444, 8.53868, 9.91651],
			"rotation": {"angle": -22.5, "axis": "x", "origin": [8, 8.327, 9.55939]},
			"faces": {
				"north": {"uv": [14.66667, 8.66667, 15, 9], "texture": "#4"},
				"east": {"uv": [9.33333, 14.66667, 9.66667, 15], "texture": "#4"},
				"south": {"uv": [14.66667, 9.33333, 15, 9.66667], "texture": "#4"},
				"west": {"uv": [10, 14.66667, 10.33333, 15], "texture": "#4"},
				"down": {"uv": [15, 10, 14.66667, 10.33333], "texture": "#4"}
			}
		},
		{
			"from": [7.78951, 7.73354, 9.56901],
			"to": [8.21049, 8.15451, 9.98999],
			"rotation": {"angle": 0, "axis": "y", "origin": [8, 8.327, 9.55939]},
			"faces": {
				"north": {"uv": [14.66667, 6.66667, 15, 7], "texture": "#4"},
				"east": {"uv": [7.33333, 14.66667, 7.66667, 15], "texture": "#4"},
				"south": {"uv": [14.66667, 7.33333, 15, 7.66667], "texture": "#4"},
				"west": {"uv": [8, 14.66667, 8.33333, 15], "texture": "#4"},
				"down": {"uv": [15, 8, 14.66667, 8.33333], "texture": "#4"}
			}
		},
		{
			"from": [7.985, -2.5, 7],
			"to": [8.015, 0.5, 9],
			"rotation": {"angle": 0, "axis": "y", "origin": [7.985, 0, 7]},
			"faces": {
				"east": {"uv": [2, 4, 3.33333, 6], "texture": "#4"},
				"west": {"uv": [4, 2, 5.33333, 4], "texture": "#4"}
			}
		},
		{
			"from": [6.85, 13.1, 7.1],
			"to": [6.88, 14.6, 8.35],
			"rotation": {"angle": 0, "axis": "y", "origin": [0, -0.25, -0.25]},
			"faces": {
				"east": {"uv": [10, 4.66667, 10.83333, 5.66667], "texture": "#4"},
				"west": {"uv": [10.66667, 0, 11.5, 1], "texture": "#4"}
			}
		},
		{
			"from": [7.985, 11.1, 10.475],
			"to": [8.015, 12.1, 11.225],
			"rotation": {"angle": 0, "axis": "y", "origin": [7.985, 4.8, 1.675]},
			"faces": {
				"east": {"uv": [9.33333, 12.66667, 9.83333, 13.33333], "texture": "#4"},
				"west": {"uv": [10, 12.66667, 10.5, 13.33333], "texture": "#4"}
			}
		},
		{
			"from": [8.2, 8.5, 8.75],
			"to": [8.23, 10.5, 10.75],
			"rotation": {"angle": 0, "axis": "y", "origin": [8, -0.25, -0.25]},
			"faces": {
				"east": {"uv": [7.33333, 1.33333, 8.66667, 2.66667], "texture": "#4"},
				"west": {"uv": [7.33333, 2.66667, 8.66667, 4], "texture": "#4"}
			}
		},
		{
			"from": [6.8, 14.875, 7.1],
			"to": [6.8, 16.875, 9.1],
			"rotation": {"angle": 0, "axis": "y", "origin": [8, -0.25, -0.25]},
			"faces": {
				"north": {"uv": [0, 0, 0, 1.33333], "texture": "#4"},
				"south": {"uv": [0, 0, 0, 1.33333], "texture": "#4"},
				"west": {"uv": [6.66667, 7.33333, 8, 8.66667], "texture": "#4"},
				"up": {"uv": [0, 1.33333, 0, 0], "texture": "#4"},
				"down": {"uv": [0, 0, 0, 1.33333], "texture": "#4"}
			}
		},
		{
			"from": [8.485, 13, 3.5],
			"to": [8.515, 19, 7.5],
			"rotation": {"angle": -45, "axis": "z", "origin": [8.5, 16, 5.5]},
			"faces": {
				"east": {"uv": [8, 0, 0, 12], "texture": "#2"},
				"west": {"uv": [0, 0, 8, 12], "texture": "#2"}
			}
		},
		{
			"from": [7.485, 13, 3.5],
			"to": [7.515, 19, 7.5],
			"rotation": {"angle": 45, "axis": "z", "origin": [7.5, 16, 5.5]},
			"faces": {
				"east": {"uv": [8, 0, 0, 12], "texture": "#2"},
				"west": {"uv": [0, 0, 8, 12], "texture": "#2"}
			}
		},
		{
			"from": [7.5, 6.75, 7.5],
			"to": [8.5, 10.75, 8.5],
			"rotation": {"angle": 0, "axis": "y", "origin": [7.5, 6.75, 7.5]},
			"faces": {
				"north": {"uv": [2.66667, 7.33333, 3.33333, 10], "texture": "#4"},
				"east": {"uv": [0, 8, 0.66667, 10.66667], "texture": "#4"},
				"south": {"uv": [0.66667, 8, 1.33333, 10.66667], "texture": "#4"},
				"west": {"uv": [3.33333, 8, 4, 10.66667], "texture": "#4"},
				"up": {"uv": [6.66667, 13.33333, 6, 12.66667], "texture": "#4"},
				"down": {"uv": [7.33333, 12.66667, 6.66667, 13.33333], "texture": "#4"}
			}
		},
		{
			"from": [7.5, 11.14645, 6.06802],
			"to": [8.5, 13.64645, 8.56802],
			"rotation": {"angle": -45, "axis": "x", "origin": [7.5, 11.14645, 6.06802]},
			"faces": {
				"north": {"uv": [4, 9.33333, 4.66667, 11], "texture": "#4"},
				"east": {"uv": [0, 4, 1.66667, 5.66667], "texture": "#4"},
				"south": {"uv": [9.33333, 4, 10, 5.66667], "texture": "#4"},
				"west": {"uv": [4, 0, 5.66667, 1.66667], "texture": "#4"},
				"up": {"uv": [5.33333, 11, 4.66667, 9.33333], "texture": "#4"},
				"down": {"uv": [6, 9.33333, 5.33333, 11], "texture": "#4"}
			}
		},
		{
			"from": [7.775, 13.01583, 2.09338],
			"to": [8.225, 13.96583, 6.59338],
			"rotation": {"angle": -22.5, "axis": "x", "origin": [7.75, 12.99083, 4.59338]},
			"faces": {
				"north": {"uv": [11.33333, 14, 11.66667, 14.66667], "texture": "#4"},
				"east": {"uv": [6, 0, 9, 0.66667], "texture": "#4"},
				"south": {"uv": [14, 11.33333, 14.33333, 12], "texture": "#4"},
				"west": {"uv": [6, 0.66667, 9, 1.33333], "texture": "#4"},
				"up": {"uv": [6.33333, 12.33333, 6, 9.33333], "texture": "#4"},
				"down": {"uv": [9.66667, 7.33333, 9.33333, 10.33333], "texture": "#4"}
			}
		},
		{
			"from": [8, 10.66203, -0.92576],
			"to": [8, 13.11203, 5.07424],
			"rotation": {"angle": -22.5, "axis": "x", "origin": [7.525, 13.03703, 4.57424]},
			"faces": {
				"east": {"uv": [4, 0, 0, 1.66667], "texture": "#4"},
				"west": {"uv": [0, 0, 4, 1.66667], "texture": "#4"}
			}
		},
		{
			"from": [7.832, 11.47534, 0.76549],
			"to": [8.168, 12.31134, 2.52549],
			"rotation": {"angle": -45, "axis": "x", "origin": [8.25, 11.89334, 1.49549]},
			"faces": {
				"north": {"uv": [14.66667, 12, 14.83333, 12.5], "texture": "#4"},
				"east": {"uv": [6, 1.33333, 7.16667, 1.83333], "texture": "#4"},
				"west": {"uv": [10.66667, 4, 11.83333, 4.5], "texture": "#4"},
				"up": {"uv": [12.16667, 15.16667, 12, 14], "texture": "#4"},
				"down": {"uv": [14.16667, 12, 14, 13.16667], "texture": "#4"}
			}
		},
		{
			"from": [7.5, 11.14645, 7.43198],
			"to": [8.5, 13.64645, 9.93198],
			"rotation": {"angle": 45, "axis": "x", "origin": [7.5, 11.14645, 9.93198]},
			"faces": {
				"north": {"uv": [10, 4, 9.33333, 5.66667], "texture": "#4"},
				"east": {"uv": [1.66667, 4, 0, 5.66667], "texture": "#4"},
				"south": {"uv": [4.66667, 9.33333, 4, 11], "texture": "#4"},
				"west": {"uv": [5.66667, 0, 4, 1.66667], "texture": "#4"},
				"up": {"uv": [5.33333, 9.33333, 4.66667, 11], "texture": "#4"},
				"down": {"uv": [6, 11, 5.33333, 9.33333], "texture": "#4"}
			}
		},
		{
			"from": [7.775, 13.01583, 9.40662],
			"to": [8.225, 13.96583, 13.90662],
			"rotation": {"angle": 22.5, "axis": "x", "origin": [7.75, 12.99083, 11.40662]},
			"faces": {
				"north": {"uv": [14.33333, 11.33333, 14, 12], "texture": "#4"},
				"east": {"uv": [9, 0, 6, 0.66667], "texture": "#4"},
				"south": {"uv": [11.66667, 14, 11.33333, 14.66667], "texture": "#4"},
				"west": {"uv": [9, 0.66667, 6, 1.33333], "texture": "#4"},
				"up": {"uv": [6.33333, 9.33333, 6, 12.33333], "texture": "#4"},
				"down": {"uv": [9.66667, 10.33333, 9.33333, 7.33333], "texture": "#4"}
			}
		},
		{
			"from": [8, 10.66203, 10.92576],
			"to": [8, 13.11203, 16.92576],
			"rotation": {"angle": 22.5, "axis": "x", "origin": [7.525, 13.03703, 11.42576]},
			"faces": {
				"east": {"uv": [0, 0, 4, 1.66667], "texture": "#4"},
				"west": {"uv": [4, 0, 0, 1.66667], "texture": "#4"}
			}
		},
		{
			"from": [7.832, 11.47534, 13.47451],
			"to": [8.168, 12.31134, 15.23451],
			"rotation": {"angle": 45, "axis": "x", "origin": [8.25, 11.89334, 14.50451]},
			"faces": {
				"east": {"uv": [7.16667, 1.33333, 6, 1.83333], "texture": "#4"},
				"south": {"uv": [14.83333, 12, 14.66667, 12.5], "texture": "#4"},
				"west": {"uv": [11.83333, 4, 10.66667, 4.5], "texture": "#4"},
				"up": {"uv": [12.16667, 14, 12, 15.16667], "texture": "#4"},
				"down": {"uv": [14.16667, 13.16667, 14, 12], "texture": "#4"}
			}
		}
	],
	"gui_light": "front",
	"display": {
		"thirdperson_righthand": {
			"translation": [0, 1.75, 1]
		},
		"thirdperson_lefthand": {
			"translation": [0, 1.75, 1]
		},
		"firstperson_righthand": {
			"rotation": [15, 2.95, 0.53],
			"translation": [4, 2.5, -1]
		},
		"firstperson_lefthand": {
			"rotation": [-15, 0, 0],
			"translation": [0, 2.25, 0.75]
		},
		"ground": {
			"rotation": [-45, 0, 0],
			"translation": [0, 4.5, 0]
		},
		"gui": {
			"rotation": [-90, 135, 90],
			"translation": [0.25, -0.25, 0],
			"scale": [0.8, 0.8, 0.8]
		},
		"head": {
			"rotation": [0, -90, 0]
		},
		"fixed": {
			"rotation": [0, -90, 0],
			"translation": [0, 0.25, -2.25],
			"scale": [2.5, 2.5, 2.5]
		}
	}
}