{
    "credit": "MadewithBlockbench",
    "texture_size": [64, 64],
    "textures": {
        "0": "item/multiple/pumpkin/pumkinsaw_01_texture",
        "2": "item/multiple/pumpkin/pumkinsaw_animation_02_texture",
        "3": "item/multiple/pumpkin/pumkinsaw_02_texture",
        "4": "item/multiple/pumpkin/pumkinsaw_animation_03_texture",
        "particle": "item/multiple/pumpkin/pumkinsaw_01_texture"
    },
    "elements": [{
        "from": [6, 1, 4],
        "to": [10, 7, 11],
        "rotation": {
            "angle": 0,
            "axis": "y",
            "origin": [0, 1, 0]
        },
        "faces": {
            "north": {
                "uv": [1.75, 0, 2.75, 1.5],
                "texture": "#3"
            },
            "east": {
                "uv": [0, 0, 1.75, 1.5],
                "texture": "#3"
            },
            "south": {
                "uv": [1.75, 0, 2.75, 1.5],
                "texture": "#3"
            },
            "west": {
                "uv": [0, 0, 1.75, 1.5],
                "texture": "#3"
            },
            "up": {
                "uv": [0, 1.5, 1, 3.25],
                "texture": "#3"
            },
            "down": {
                "uv": [0, 1.5, 1, 3.25],
                "texture": "#3"
            }
        }
    }, {
        "from": [8, 7, 3.5],
        "to": [8, 32, 14.5],
        "rotation": {
            "angle": 0,
            "axis": "y",
            "origin": [0, 1, 0]
        },
        "faces": {
            "north": {
                "uv": [1.75, 0, 2.75, 1.5],
                "texture": "#3"
            },
            "east": {
                "uv": [2.75, 9.75, 0, 16],
                "texture": "#3"
            },
            "south": {
                "uv": [1.75, 0, 2.75, 1.5],
                "texture": "#3"
            },
            "west": {
                "uv": [0, 9.75, 2.75, 16],
                "texture": "#3"
            },
            "up": {
                "uv": [0, 1.5, 1, 3.25],
                "texture": "#3"
            },
            "down": {
                "uv": [0, 1.5, 1, 3.25],
                "texture": "#3"
            }
        }
    }, {
        "from": [8, -16, 4.5],
        "to": [8, -12, 10.5],
        "rotation": {
            "angle": 0,
            "axis": "y",
            "origin": [0, 1, 0]
        },
        "faces": {
            "north": {
                "uv": [1.75, 0, 2.75, 1.5],
                "texture": "#3"
            },
            "east": {
                "uv": [1.75, 3.25, 3.25, 4.25],
                "texture": "#3"
            },
            "south": {
                "uv": [1.75, 0, 2.75, 1.5],
                "texture": "#3"
            },
            "west": {
                "uv": [1.75, 3.25, 3.25, 4.25],
                "texture": "#3"
            },
            "up": {
                "uv": [0, 1.5, 1, 3.25],
                "texture": "#3"
            },
            "down": {
                "uv": [0, 1.5, 1, 3.25],
                "texture": "#3"
            }
        }
    }, {
        "from": [7.25, 9, 3.7],
        "to": [8.75, 11, 5.2],
        "rotation": {
            "angle": 22.5,
            "axis": "x",
            "origin": [0.2, 0.8, 0]
        },
        "faces": {
            "north": {
                "uv": [3.125, 4, 3.5, 4.5],
                "texture": "#0"
            },
            "east": {
                "uv": [3.125, 4, 2.75, 4.5],
                "texture": "#0"
            },
            "south": {
                "uv": [3.125, 4, 3.5, 4.5],
                "texture": "#0"
            },
            "west": {
                "uv": [2.75, 4, 3.125, 4.5],
                "texture": "#0"
            },
            "up": {
                "uv": [3.5, 4, 3.875, 4.375],
                "rotation": 270,
                "texture": "#0"
            },
            "down": {
                "uv": [3.5, 4, 3.875, 4.375],
                "rotation": 90,
                "texture": "#0"
            }
        }
    }, {
        "from": [7.5, 11.5, -0.4],
        "to": [8.8, 13.5, 0.9],
        "rotation": {
            "angle": 45,
            "axis": "x",
            "origin": [0.2, 0.8, 0]
        },
        "faces": {
            "north": {
                "uv": [2.8, 4.5, 3.125, 5],
                "texture": "#0"
            },
            "east": {
                "uv": [3.125, 4.5, 3.45, 5],
                "texture": "#0"
            },
            "south": {
                "uv": [3.125, 4.5, 2.8, 5],
                "texture": "#0"
            },
            "west": {
                "uv": [3.125, 4.5, 3.45, 5],
                "texture": "#0"
            },
            "up": {
                "uv": [3.5, 4.375, 3.825, 4.7],
                "texture": "#0"
            },
            "down": {
                "uv": [3.5, 4.375, 3.825, 4.7],
                "texture": "#0"
            }
        }
    }, {
        "from": [7.5, -9, 6],
        "to": [8.5, 1, 9],
        "rotation": {
            "angle": 0,
            "axis": "y",
            "origin": [0, 1, 0]
        },
        "faces": {
            "north": {
                "uv": [3.75, 0, 4, 2.5],
                "texture": "#3"
            },
            "east": {
                "uv": [3.75, 0, 3, 2.5],
                "texture": "#3"
            },
            "south": {
                "uv": [3.75, 0, 4, 2.5],
                "texture": "#3"
            },
            "west": {
                "uv": [3, 0, 3.75, 2.5],
                "texture": "#3"
            },
            "up": {
                "uv": [0, 0, 0.25, 0.75],
                "texture": "#3"
            },
            "down": {
                "uv": [0, 0, 0.25, 0.75],
                "texture": "#3"
            }
        }
    }, {
        "from": [6.5, -11, 5],
        "to": [9.5, -8, 10],
        "rotation": {
            "angle": 0,
            "axis": "y",
            "origin": [0, 1, 0]
        },
        "faces": {
            "north": {
                "uv": [4, 1.75, 4.75, 2.5],
                "texture": "#3"
            },
            "east": {
                "uv": [3, 2.5, 4.25, 3.25],
                "texture": "#3"
            },
            "south": {
                "uv": [4, 1.75, 4.75, 2.5],
                "texture": "#3"
            },
            "west": {
                "uv": [3, 2.5, 4.25, 3.25],
                "texture": "#3"
            },
            "up": {
                "uv": [4, 0.5, 4.75, 1.75],
                "texture": "#3"
            },
            "down": {
                "uv": [4, 0.5, 4.75, 1.75],
                "texture": "#3"
            }
        }
    }, {
        "from": [7, -12, 6],
        "to": [9, -11, 9],
        "rotation": {
            "angle": 0,
            "axis": "y",
            "origin": [0, 1, 0]
        },
        "faces": {
            "north": {
                "uv": [4.75, 1.25, 5.25, 1.5],
                "texture": "#3"
            },
            "east": {
                "uv": [4, 0, 4.75, 0.25],
                "texture": "#3"
            },
            "south": {
                "uv": [4.75, 1.25, 5.25, 1.5],
                "texture": "#3"
            },
            "west": {
                "uv": [4, 0, 4.75, 0.25],
                "texture": "#3"
            },
            "up": {
                "uv": [4.75, 0.5, 5.25, 1.25],
                "texture": "#3"
            },
            "down": {
                "uv": [4.75, 0.5, 5.25, 1.25],
                "texture": "#3"
            }
        }
    }, {
        "from": [7, -2, 5.5],
        "to": [9, 0, 9.5],
        "rotation": {
            "angle": 0,
            "axis": "y",
            "origin": [0, 1, 0]
        },
        "faces": {
            "north": {
                "uv": [2.25, 2.5, 2.75, 3],
                "texture": "#3"
            },
            "east": {
                "uv": [1.25, 2.75, 2.25, 3.25],
                "texture": "#3"
            },
            "south": {
                "uv": [2.25, 2.5, 2.75, 3],
                "texture": "#3"
            },
            "west": {
                "uv": [1.25, 2.75, 2.25, 3.25],
                "texture": "#3"
            },
            "up": {
                "uv": [1.25, 3.25, 1.75, 4.25],
                "texture": "#3"
            },
            "down": {
                "uv": [1.25, 3.25, 1.75, 4.25],
                "texture": "#3"
            }
        }
    }, {
        "from": [5, 2, 4],
        "to": [6, 6, 11],
        "rotation": {
            "angle": 0,
            "axis": "y",
            "origin": [0, 1, 0]
        },
        "faces": {
            "north": {
                "uv": [2.75, 1.75, 3, 2.75],
                "texture": "#3"
            },
            "east": {
                "uv": [1, 1.5, 2.75, 2.5],
                "texture": "#3"
            },
            "south": {
                "uv": [2.75, 1.75, 3, 2.75],
                "texture": "#3"
            },
            "west": {
                "uv": [1, 1.5, 2.75, 2.5],
                "texture": "#3"
            },
            "up": {
                "uv": [2.75, 0, 3, 1.75],
                "texture": "#3"
            },
            "down": {
                "uv": [2.75, 0, 3, 1.75],
                "texture": "#3"
            }
        }
    }, {
        "from": [8, 3.5, 0],
        "to": [8, 4.5, 8],
        "rotation": {
            "angle": 22.5,
            "axis": "x",
            "origin": [0, 9, 0]
        },
        "faces": {
            "east": {
                "uv": [0, 0, 16, 2],
                "texture": "#2"
            },
            "west": {
                "uv": [16, 2, 0, 0],
                "texture": "#2"
            }
        }
    }, {
        "from": [8, 4.5, 0],
        "to": [8, 8.5, 7],
        "rotation": {
            "angle": 22.5,
            "axis": "x",
            "origin": [0, 9, 0]
        },
        "faces": {
            "north": {
                "uv": [0, 0, 0, 64],
                "texture": "#missing"
            },
            "east": {
                "uv": [5.75, 4.25, 4, 5.25],
                "texture": "#0"
            },
            "south": {
                "uv": [0, 0, 0, 64],
                "texture": "#missing"
            },
            "west": {
                "uv": [4, 4.25, 5.75, 5.25],
                "texture": "#0"
            },
            "up": {
                "uv": [0, 0, 0, 112],
                "texture": "#missing"
            },
            "down": {
                "uv": [0, 0, 0, 112],
                "texture": "#missing"
            }
        }
    }, {
        "from": [8, 4.5, -1],
        "to": [8, 8.5, 0],
        "rotation": {
            "angle": 22.5,
            "axis": "x",
            "origin": [0, 9, 0]
        },
        "faces": {
            "east": {
                "uv": [0, 2, 8, 0],
                "rotation": 270,
                "texture": "#2"
            },
            "west": {
                "uv": [0, 0, 8, 2],
                "rotation": 270,
                "texture": "#2"
            }
        }
    }, {
        "from": [8, 8.5, 0],
        "to": [8, 9.5, 8],
        "rotation": {
            "angle": 22.5,
            "axis": "x",
            "origin": [0, 9, 0]
        },
        "faces": {
            "east": {
                "uv": [16, 0, 0, 2],
                "texture": "#2"
            },
            "west": {
                "uv": [0, 0, 16, 2],
                "texture": "#2"
            }
        }
    }, {
        "from": [10, 2, 4],
        "to": [11, 6, 11],
        "rotation": {
            "angle": 0,
            "axis": "y",
            "origin": [16, 1, 0]
        },
        "faces": {
            "north": {
                "uv": [3, 1.75, 2.75, 2.75],
                "texture": "#3"
            },
            "east": {
                "uv": [1, 1.5, 2.75, 2.5],
                "texture": "#3"
            },
            "south": {
                "uv": [3, 1.75, 2.75, 2.75],
                "texture": "#3"
            },
            "west": {
                "uv": [2.75, 1.5, 1, 2.5],
                "texture": "#3"
            },
            "up": {
                "uv": [3, 0, 2.75, 1.75],
                "texture": "#3"
            },
            "down": {
                "uv": [3, 0, 2.75, 1.75],
                "texture": "#3"
            }
        }
    }, {
        "from": [6, 2, 3],
        "to": [10, 6, 4],
        "rotation": {
            "angle": 0,
            "axis": "y",
            "origin": [0, 1, 16]
        },
        "faces": {
            "north": {
                "uv": [1, 3.25, 0, 4.25],
                "texture": "#3"
            },
            "east": {
                "uv": [1, 2.5, 1.25, 3.5],
                "texture": "#3"
            },
            "south": {
                "uv": [0, 3.25, 1, 4.25],
                "texture": "#3"
            },
            "west": {
                "uv": [1, 2.5, 1.25, 3.5],
                "texture": "#3"
            },
            "up": {
                "uv": [1.25, 2.5, 2.25, 2.75],
                "texture": "#3"
            },
            "down": {
                "uv": [1.25, 2.5, 2.25, 2.75],
                "texture": "#3"
            }
        }
    }, {
        "from": [6, 2, 11],
        "to": [10, 6, 12],
        "rotation": {
            "angle": 0,
            "axis": "y",
            "origin": [0, 1, 0]
        },
        "faces": {
            "north": {
                "uv": [1, 3.25, 0, 4.25],
                "texture": "#3"
            },
            "east": {
                "uv": [1.25, 2.5, 1, 3.5],
                "texture": "#3"
            },
            "south": {
                "uv": [1, 3.25, 0, 4.25],
                "texture": "#3"
            },
            "west": {
                "uv": [1.25, 2.5, 1, 3.5],
                "texture": "#3"
            },
            "up": {
                "uv": [1.25, 2.75, 2.25, 2.5],
                "texture": "#3"
            },
            "down": {
                "uv": [1.25, 2.75, 2.25, 2.5],
                "texture": "#3"
            }
        }
    }, {
        "from": [4.9, 1, 4],
        "to": [4.9, 7, 11],
        "faces": {
            "west": {
                "uv": [0, 0, 14, 12],
                "texture": "#4"
            }
        }
    }, {
        "from": [11.1, 1, 4],
        "to": [11.1, 7, 11],
        "rotation": {
            "angle": 0,
            "axis": "y",
            "origin": [16, 0, 0]
        },
        "faces": {
            "east": {
                "uv": [14, 0, 0, 12],
                "texture": "#4"
            }
        }
    }, {
        "from": [6.5, -1, 5],
        "to": [9.5, 2, 10],
        "rotation": {
            "angle": 0,
            "axis": "y",
            "origin": [0, 1, 0]
        },
        "faces": {
            "north": {
                "uv": [1.25, 4.5, 2, 5.25],
                "texture": "#3"
            },
            "east": {
                "uv": [0, 4.25, 1.25, 5],
                "texture": "#3"
            },
            "south": {
                "uv": [1.25, 4.5, 2, 5.25],
                "texture": "#3"
            },
            "west": {
                "uv": [0, 4.25, 1.25, 5],
                "texture": "#3"
            },
            "up": {
                "uv": [0, 5, 0.75, 6.25],
                "texture": "#3"
            },
            "down": {
                "uv": [0, 5, 0.75, 6.25],
                "texture": "#3"
            }
        }
    }, {
        "from": [3.4, -6, 5.5],
        "to": [3.4, -3, 9.5],
        "rotation": {
            "angle": -22.5,
            "axis": "z",
            "origin": [16, -10, 0]
        },
        "faces": {
            "north": {
                "uv": [9.25, 1.75, 10.25, 0],
                "rotation": 180,
                "texture": "#0"
            },
            "east": {
                "uv": [6.25, 3.75, 7.25, 4.5],
                "texture": "#0"
            },
            "south": {
                "uv": [9.25, 1.75, 10.25, 0],
                "rotation": 180,
                "texture": "#0"
            },
            "west": {
                "uv": [6.25, 4.5, 7.25, 3.75],
                "rotation": 180,
                "texture": "#0"
            },
            "up": {
                "uv": [9.25, 2.75, 10.25, 1.75],
                "rotation": 90,
                "texture": "#0"
            },
            "down": {
                "uv": [9.25, 2.75, 10.25, 1.75],
                "rotation": 270,
                "texture": "#0"
            }
        }
    }, {
        "from": [13, -5, 5.5],
        "to": [13, -2, 9.5],
        "rotation": {
            "angle": 22.5,
            "axis": "z",
            "origin": [0, -10, 0]
        },
        "faces": {
            "north": {
                "uv": [10.25, 1.75, 9.25, 0],
                "rotation": 180,
                "texture": "#0"
            },
            "east": {
                "uv": [7.25, 4.5, 6.25, 3.75],
                "rotation": 180,
                "texture": "#0"
            },
            "south": {
                "uv": [10.25, 1.75, 9.25, 0],
                "rotation": 180,
                "texture": "#0"
            },
            "west": {
                "uv": [7.25, 3.75, 6.25, 4.5],
                "texture": "#0"
            },
            "up": {
                "uv": [9.25, 1.75, 10.25, 2.75],
                "rotation": 90,
                "texture": "#0"
            },
            "down": {
                "uv": [9.25, 1.75, 10.25, 2.75],
                "rotation": 270,
                "texture": "#0"
            }
        }
    }],
    "gui_light": "front",
    "display": {
        "thirdperson_righthand": {
            "translation": [0, 7, 2.25],
            "scale": [0.7, 0.7, 0.7]
        },
        "thirdperson_lefthand": {
            "translation": [0, 7, 2.25],
            "scale": [0.7, 0.7, 0.7]
        },
        "firstperson_righthand": {
            "translation": [20, 6.25, 2.25],
            "scale": [0.39063, 0.39063, 0.39063]
        },
        "firstperson_lefthand": {
            "translation": [20, 6.25, 2.25],
            "scale": [0.39063, 0.39063, 0.39063]
        },
        "ground": {
            "rotation": [-45, 0, 0],
            "translation": [0, 9, 0],
            "scale": [0.5, 0.5, 0.5]
        },
        "gui": {
            "rotation": [-90, -45, -90],
            "translation": [0, -0.5, 0],
            "scale": [0.41758, 0.41758, 0.41758]
        },
        "head": {
            "scale": [0, 0, 0]
        },
        "fixed": {
            "rotation": [0, -90, 0],
            "translation": [-0.75, 8, -2],
            "scale": [1.3, 1.3, 1.3]
        }
    }
}