{
	"credit": "Pologony Creation Co.,Ltd.",
	"textures": {
		"1": "item/multiple/ender_dragon/dragon_head",
		"2": "item/multiple/ender_dragon/fire_eyes",
		"3": "item/hoes/ender_dragon_hoe",
		"particle": "item/multiple/ender_dragon/dragon_head"
	},
	"elements": [
		{
			"from": [7.5, 0, 5.5],
			"to": [8.5, 1.25, 7.5],
			"rotation": {"angle": 22.5, "axis": "x", "origin": [6.5, -0.25, 4.5]},
			"faces": {
				"north": {"uv": [13.77778, 13.77778, 14.22222, 14.33333], "texture": "#3"},
				"east": {"uv": [11.55556, 6.66667, 12.44444, 7.22222], "texture": "#3"},
				"south": {"uv": [0, 14.22222, 0.44444, 14.77778], "texture": "#3"},
				"west": {"uv": [11.55556, 8, 12.44444, 8.55556], "texture": "#3"},
				"up": {"uv": [5.33333, 13.33333, 4.88889, 12.44444], "texture": "#3"},
				"down": {"uv": [7.55556, 12.44444, 7.11111, 13.33333], "texture": "#3"}
			}
		},
		{
			"from": [7.625, -1.5566, 5.3227],
			"to": [8.375, 1.0934, 6.4477],
			"rotation": {"angle": -22.5, "axis": "x", "origin": [7.975, 0.6434, 5.5602]},
			"faces": {
				"north": {"uv": [4, 12.44444, 4.33333, 13.66667], "texture": "#3"},
				"east": {"uv": [6.22222, 9.77778, 6.77778, 11], "texture": "#3"},
				"south": {"uv": [12.44444, 4, 12.77778, 5.22222], "texture": "#3"},
				"west": {"uv": [8.88889, 9.77778, 9.44444, 11], "texture": "#3"},
				"up": {"uv": [15, 3.22222, 14.66667, 2.66667], "texture": "#3"},
				"down": {"uv": [15, 4, 14.66667, 4.55556], "texture": "#3"}
			}
		},
		{
			"from": [7.25, -1.5, 8],
			"to": [8.75, 0.5, 10],
			"rotation": {"angle": -45, "axis": "x", "origin": [7.5, -1.5, 8]},
			"faces": {
				"north": {"uv": [10.22222, 7.55556, 10.88889, 8.44444], "texture": "#3"},
				"east": {"uv": [3.11111, 0, 4, 0.88889], "texture": "#3"},
				"south": {"uv": [10.22222, 8.88889, 10.88889, 9.77778], "texture": "#3"},
				"west": {"uv": [0.88889, 8.44444, 1.77778, 9.33333], "texture": "#3"},
				"up": {"uv": [10.88889, 11.11111, 10.22222, 10.22222], "texture": "#3"},
				"down": {"uv": [11.33333, 0, 10.66667, 0.88889], "texture": "#3"}
			}
		},
		{
			"from": [7.75, -2.5, 8],
			"to": [8.25, -0.5, 10],
			"rotation": {"angle": -45, "axis": "x", "origin": [7.5, -2.5, 8]},
			"faces": {
				"north": {"uv": [3.55556, 14.22222, 3.77778, 15.11111], "texture": "#3"},
				"east": {"uv": [6.22222, 8.44444, 7.11111, 9.33333], "texture": "#3"},
				"west": {"uv": [2.22222, 8.88889, 3.11111, 9.77778], "texture": "#3"},
				"down": {"uv": [6, 14.22222, 5.77778, 15.11111], "texture": "#3"}
			}
		},
		{
			"from": [7.11612, 1.07843, 7.92678],
			"to": [8.61612, 1.57843, 9.42678],
			"rotation": {"angle": 45, "axis": "y", "origin": [7.11612, 1.07843, 8.17678]},
			"faces": {
				"north": {"uv": [14.66667, 5.33333, 15.33333, 5.55556], "texture": "#3"},
				"east": {"uv": [14.66667, 6.22222, 15.33333, 6.44444], "texture": "#3"},
				"south": {"uv": [14.66667, 7.11111, 15.33333, 7.33333], "texture": "#3"},
				"west": {"uv": [14.66667, 9.77778, 15.33333, 10], "texture": "#3"},
				"up": {"uv": [12.66667, 0.66667, 12, 0], "texture": "#3"},
				"down": {"uv": [12.66667, 1.33333, 12, 2], "texture": "#3"}
			}
		},
		{
			"from": [7.11612, 5.57843, 7.92678],
			"to": [8.61612, 6.07843, 9.42678],
			"rotation": {"angle": 45, "axis": "y", "origin": [7.11612, -0.42157, 8.17678]},
			"faces": {
				"north": {"uv": [10.22222, 14.66667, 10.88889, 14.88889], "texture": "#3"},
				"east": {"uv": [11.55556, 14.66667, 12.22222, 14.88889], "texture": "#3"},
				"south": {"uv": [14.66667, 13.77778, 15.33333, 14], "texture": "#3"},
				"west": {"uv": [14.66667, 14.66667, 15.33333, 14.88889], "texture": "#3"},
				"up": {"uv": [11.77778, 12.66667, 11.11111, 12], "texture": "#3"},
				"down": {"uv": [2, 12.44444, 1.33333, 13.11111], "texture": "#3"}
			}
		},
		{
			"from": [7.11612, 3.32843, 8],
			"to": [8.36612, 3.82843, 9.25],
			"rotation": {"angle": 45, "axis": "y", "origin": [7.11612, 0.32843, 8]},
			"faces": {
				"north": {"uv": [15.11111, 0, 15.66667, 0.22222], "texture": "#3"},
				"east": {"uv": [15.11111, 0.88889, 15.66667, 1.11111], "texture": "#3"},
				"south": {"uv": [15.11111, 1.77778, 15.66667, 2], "texture": "#3"},
				"west": {"uv": [4.44444, 15.11111, 5, 15.33333], "texture": "#3"},
				"up": {"uv": [13.88889, 4.55556, 13.33333, 4], "texture": "#3"},
				"down": {"uv": [11.22222, 13.33333, 10.66667, 13.88889], "texture": "#3"}
			}
		},
		{
			"from": [7.29289, 0.57843, 8],
			"to": [8.29289, 6.57843, 9],
			"rotation": {"angle": 45, "axis": "y", "origin": [7.29289, 0.07843, 8]},
			"faces": {
				"north": {"uv": [8, 4, 8.44444, 6.66667], "texture": "#3"},
				"east": {"uv": [8, 7.11111, 8.44444, 9.77778], "texture": "#3"},
				"south": {"uv": [0, 8.44444, 0.44444, 11.11111], "texture": "#3"},
				"west": {"uv": [8.44444, 0, 8.88889, 2.66667], "texture": "#3"},
				"up": {"uv": [1.77778, 12, 1.33333, 11.55556], "texture": "#3"},
				"down": {"uv": [8, 14.22222, 7.55556, 14.66667], "texture": "#3"}
			}
		},
		{
			"from": [7.25, 11.75, 5.5],
			"to": [8.75, 14.25, 8],
			"rotation": {"angle": 45, "axis": "x", "origin": [7.5, 11.75, 8]},
			"faces": {
				"north": {"uv": [9.33333, 1.33333, 10, 2.44444], "texture": "#3"},
				"east": {"uv": [6.66667, 2.22222, 7.77778, 3.33333], "texture": "#3"},
				"south": {"uv": [3.55556, 9.33333, 4.22222, 10.44444], "texture": "#3"},
				"west": {"uv": [6.22222, 6.66667, 7.33333, 7.77778], "texture": "#3"},
				"up": {"uv": [5.55556, 10.44444, 4.88889, 9.33333], "texture": "#3"},
				"down": {"uv": [1.55556, 9.77778, 0.88889, 10.88889], "texture": "#3"}
			}
		},
		{
			"from": [7, 12, 5.75],
			"to": [9, 14, 7.75],
			"rotation": {"angle": 45, "axis": "x", "origin": [7.5, 11.75, 8]},
			"faces": {
				"north": {"uv": [8.88889, 3.11111, 9.77778, 4], "texture": "#3"},
				"east": {"uv": [8.88889, 4.44444, 9.77778, 5.33333], "texture": "#3"},
				"south": {"uv": [8.88889, 5.77778, 9.77778, 6.66667], "texture": "#3"},
				"west": {"uv": [8.88889, 7.11111, 9.77778, 8], "texture": "#3"},
				"up": {"uv": [9.77778, 9.33333, 8.88889, 8.44444], "texture": "#3"},
				"down": {"uv": [10.22222, 0, 9.33333, 0.88889], "texture": "#3"}
			}
		},
		{
			"from": [7.525, 12.53773, 2.0084],
			"to": [8.475, 14.03773, 4.0084],
			"rotation": {"angle": -22.5, "axis": "x", "origin": [8, 13.78666, 2.11395]},
			"faces": {
				"north": {"uv": [13.33333, 11.11111, 13.77778, 11.77778], "texture": "#3"},
				"east": {"uv": [10.66667, 1.33333, 11.55556, 2], "texture": "#3"},
				"south": {"uv": [12, 13.33333, 12.44444, 14], "texture": "#3"},
				"west": {"uv": [11.11111, 2.66667, 12, 3.33333], "texture": "#3"},
				"up": {"uv": [12.88889, 12.88889, 12.44444, 12], "texture": "#3"},
				"down": {"uv": [0.44444, 12.88889, 0, 13.77778], "texture": "#3"}
			}
		},
		{
			"from": [7.5285, 11.78522, 1.8416],
			"to": [8.4715, 13.78522, 3.3416],
			"rotation": {"angle": 45, "axis": "x", "origin": [8, 13.78666, 2.11395]},
			"faces": {
				"north": {"uv": [5.77778, 12.88889, 6.22222, 13.77778], "texture": "#3"},
				"east": {"uv": [3.11111, 11.11111, 3.77778, 12], "texture": "#3"},
				"south": {"uv": [12.88889, 5.77778, 13.33333, 6.66667], "texture": "#3"},
				"west": {"uv": [11.11111, 4, 11.77778, 4.88889], "texture": "#3"},
				"down": {"uv": [13.77778, 12.44444, 13.33333, 13.11111], "texture": "#3"}
			}
		},
		{
			"from": [7.5335, 11.46777, 0.48224],
			"to": [8.4665, 12.71777, 2.48224],
			"rotation": {"angle": 22.5, "axis": "x", "origin": [8, 13.78666, 2.11395]},
			"faces": {
				"north": {"uv": [14.22222, 0, 14.66667, 0.55556], "texture": "#3"},
				"east": {"uv": [8.44444, 11.55556, 9.33333, 12.11111], "texture": "#3"},
				"west": {"uv": [11.55556, 9.33333, 12.44444, 9.88889], "texture": "#3"},
				"up": {"uv": [13.33333, 8, 12.88889, 7.11111], "texture": "#3"},
				"down": {"uv": [8.44444, 12.88889, 8, 13.77778], "texture": "#3"}
			}
		},
		{
			"from": [7.525, 14.03773, 3.0084],
			"to": [8.475, 15.03773, 4.5084],
			"rotation": {"angle": -22.5, "axis": "x", "origin": [8, 13.78666, 2.11395]},
			"faces": {
				"north": {"uv": [8.44444, 14.22222, 8.88889, 14.66667], "texture": "#3"},
				"east": {"uv": [0.88889, 13.77778, 1.55556, 14.22222], "texture": "#3"},
				"south": {"uv": [9.33333, 14.22222, 9.77778, 14.66667], "texture": "#3"},
				"west": {"uv": [2.22222, 13.77778, 2.88889, 14.22222], "texture": "#3"},
				"up": {"uv": [14.22222, 3.33333, 13.77778, 2.66667], "texture": "#3"},
				"down": {"uv": [5.33333, 13.77778, 4.88889, 14.44444], "texture": "#3"}
			}
		},
		{
			"from": [7.5, 12.45911, 8.55583],
			"to": [8.5, 13.95911, 10.55583],
			"rotation": {"angle": 22.5, "axis": "x", "origin": [7.875, 12.86601, 10.98417]},
			"faces": {
				"north": {"uv": [13.77778, 5.33333, 14.22222, 6], "texture": "#3"},
				"east": {"uv": [4.44444, 11.11111, 5.33333, 11.77778], "texture": "#3"},
				"south": {"uv": [6.66667, 13.77778, 7.11111, 14.44444], "texture": "#3"},
				"west": {"uv": [11.11111, 5.33333, 12, 6], "texture": "#3"},
				"up": {"uv": [13.33333, 9.33333, 12.88889, 8.44444], "texture": "#3"},
				"down": {"uv": [9.33333, 12.88889, 8.88889, 13.77778], "texture": "#3"}
			}
		},
		{
			"from": [7.5035, 12.19622, 10.05281],
			"to": [8.4965, 13.69622, 12.05281],
			"rotation": {"angle": 45, "axis": "x", "origin": [7.8785, 12.71651, 10.94454]},
			"faces": {
				"east": {"uv": [0, 11.55556, 0.88889, 12.22222], "texture": "#3"},
				"south": {"uv": [13.77778, 6.66667, 14.22222, 7.33333], "texture": "#3"},
				"west": {"uv": [5.77778, 11.55556, 6.66667, 12.22222], "texture": "#3"},
				"up": {"uv": [10.22222, 13.77778, 9.77778, 12.88889], "texture": "#3"},
				"down": {"uv": [13.33333, 9.77778, 12.88889, 10.66667], "texture": "#3"}
			}
		},
		{
			"from": [7.5085, 11.4935, 10.88796],
			"to": [8.4915, 12.7435, 12.88796],
			"rotation": {"angle": -22.5, "axis": "x", "origin": [7.8835, 12.71651, 10.94454]},
			"faces": {
				"east": {"uv": [9.77778, 11.55556, 10.66667, 12.11111], "texture": "#3"},
				"south": {"uv": [14.22222, 1.33333, 14.66667, 1.88889], "texture": "#3"},
				"west": {"uv": [11.55556, 10.66667, 12.44444, 11.22222], "texture": "#3"},
				"up": {"uv": [13.77778, 0.88889, 13.33333, 0], "texture": "#3"},
				"down": {"uv": [13.77778, 1.33333, 13.33333, 2.22222], "texture": "#3"}
			}
		},
		{
			"from": [7.5, 14.23116, 8.54481],
			"to": [8.5, 15.23116, 10.04481],
			"rotation": {"angle": 22.5, "axis": "x", "origin": [7.5, 14.23116, 10.54481]},
			"faces": {
				"north": {"uv": [14.22222, 11.11111, 14.66667, 11.55556], "texture": "#3"},
				"east": {"uv": [13.77778, 8, 14.44444, 8.44444], "texture": "#3"},
				"south": {"uv": [14.22222, 12, 14.66667, 12.44444], "texture": "#3"},
				"west": {"uv": [13.77778, 8.88889, 14.44444, 9.33333], "texture": "#3"},
				"up": {"uv": [14.22222, 10.44444, 13.77778, 9.77778], "texture": "#3"},
				"down": {"uv": [13.33333, 13.77778, 12.88889, 14.44444], "texture": "#3"}
			}
		},
		{
			"from": [7.985, -3.27092, 5.83435],
			"to": [8.015, 1.47908, 8.08435],
			"rotation": {"angle": -22.5, "axis": "x", "origin": [7.985, -2.52092, 4.58435]},
			"faces": {
				"east": {"uv": [5.44444, 4, 4.44444, 6.11111], "texture": "#3"},
				"west": {"uv": [4.44444, 4, 5.44444, 6.11111], "texture": "#3"}
			}
		},
		{
			"from": [7.5, 0, 8.5],
			"to": [8.5, 1.25, 10.5],
			"rotation": {"angle": -22.5, "axis": "x", "origin": [6.5, -0.25, 11.5]},
			"faces": {
				"north": {"uv": [0.44444, 14.22222, 0, 14.77778], "texture": "#3"},
				"east": {"uv": [12.44444, 6.66667, 11.55556, 7.22222], "texture": "#3"},
				"south": {"uv": [14.22222, 13.77778, 13.77778, 14.33333], "texture": "#3"},
				"west": {"uv": [12.44444, 8, 11.55556, 8.55556], "texture": "#3"},
				"up": {"uv": [5.33333, 12.44444, 4.88889, 13.33333], "texture": "#3"},
				"down": {"uv": [7.55556, 13.33333, 7.11111, 12.44444], "texture": "#3"}
			}
		},
		{
			"from": [7.625, -1.5566, 9.5523],
			"to": [8.375, 1.0934, 10.6773],
			"rotation": {"angle": 22.5, "axis": "x", "origin": [7.975, 0.6434, 10.4398]},
			"faces": {
				"north": {"uv": [12.77778, 4, 12.44444, 5.22222], "texture": "#3"},
				"east": {"uv": [6.77778, 9.77778, 6.22222, 11], "texture": "#3"},
				"south": {"uv": [4.33333, 12.44444, 4, 13.66667], "texture": "#3"},
				"west": {"uv": [9.44444, 9.77778, 8.88889, 11], "texture": "#3"},
				"up": {"uv": [15, 2.66667, 14.66667, 3.22222], "texture": "#3"},
				"down": {"uv": [15, 4.55556, 14.66667, 4], "texture": "#3"}
			}
		},
		{
			"from": [7.985, -3.27092, 7.91565],
			"to": [8.015, 1.47908, 10.16565],
			"rotation": {"angle": 22.5, "axis": "x", "origin": [7.985, -2.52092, 11.41565]},
			"faces": {
				"east": {"uv": [4.44444, 4, 5.44444, 6.11111], "texture": "#3"},
				"west": {"uv": [5.44444, 4, 4.44444, 6.11111], "texture": "#3"}
			}
		},
		{
			"from": [7.04289, 6.57843, 7.75],
			"to": [8.54289, 11.57843, 9.25],
			"rotation": {"angle": 45, "axis": "y", "origin": [7.29289, 8.82843, 8]},
			"faces": {
				"north": {"uv": [2.22222, 6.22222, 2.88889, 8.44444], "texture": "#3"},
				"east": {"uv": [6.22222, 4, 6.88889, 6.22222], "texture": "#3"},
				"south": {"uv": [3.55556, 6.66667, 4.22222, 8.88889], "texture": "#3"},
				"west": {"uv": [4.88889, 6.66667, 5.55556, 8.88889], "texture": "#3"},
				"up": {"uv": [3.33333, 13.11111, 2.66667, 12.44444], "texture": "#3"},
				"down": {"uv": [13.11111, 2.66667, 12.44444, 3.33333], "texture": "#3"}
			}
		},
		{
			"from": [7.29289, 11.57843, 8],
			"to": [8.29289, 12.57843, 9],
			"rotation": {"angle": 45, "axis": "y", "origin": [7.29289, 11.57843, 8]},
			"faces": {
				"north": {"uv": [14.22222, 12.88889, 14.66667, 13.33333], "texture": "#3"},
				"east": {"uv": [0.88889, 14.66667, 1.33333, 15.11111], "texture": "#3"},
				"south": {"uv": [1.77778, 14.66667, 2.22222, 15.11111], "texture": "#3"},
				"west": {"uv": [2.66667, 14.66667, 3.11111, 15.11111], "texture": "#3"}
			}
		},
		{
			"from": [7.5, 11.39645, 5.86091],
			"to": [8.5, 14.64645, 9.11091],
			"rotation": {"angle": -45, "axis": "x", "origin": [7.5, 11.39645, 6.11091]},
			"faces": {
				"north": {"uv": [2.22222, 10.22222, 2.66667, 11.66667], "texture": "#3"},
				"east": {"uv": [0, 6.22222, 1.44444, 7.66667], "texture": "#3"},
				"south": {"uv": [10.22222, 3.11111, 10.66667, 4.55556], "texture": "#3"},
				"west": {"uv": [6.22222, 0, 7.66667, 1.44444], "texture": "#3"},
				"up": {"uv": [10.66667, 6.77778, 10.22222, 5.33333], "texture": "#3"},
				"down": {"uv": [8, 10.22222, 7.55556, 11.66667], "texture": "#3"}
			}
		},
		{
			"from": [7.985, 14.45974, 7.1622],
			"to": [8.015, 18.45974, 10.6622],
			"rotation": {"angle": 22.5, "axis": "x", "origin": [7.985, 14.45974, 7.6622]},
			"faces": {
				"east": {"uv": [1.55556, 4, 0, 5.77778], "texture": "#3"},
				"west": {"uv": [0, 4, 1.55556, 5.77778], "texture": "#3"}
			}
		},
		{
			"from": [7.99, 17.3072, 10.30772],
			"to": [8.01, 21.0072, 13.30772],
			"rotation": {"angle": 45, "axis": "x", "origin": [7.99, 17.0072, 6.30772]},
			"faces": {
				"east": {"uv": [5.77778, 0, 4.44444, 1.77778], "texture": "#3"},
				"west": {"uv": [4.44444, 0, 5.77778, 1.77778], "texture": "#3"}
			}
		},
		{
			"from": [7.995, 11.27276, 11.8035],
			"to": [8.005, 14.27276, 15.0035],
			"rotation": {"angle": -22.5, "axis": "x", "origin": [7.995, 12.27276, 13.0035]},
			"faces": {
				"east": {"uv": [6.11111, 2.22222, 4.44444, 3.55556], "texture": "#3"},
				"west": {"uv": [4.44444, 2.22222, 6.11111, 3.55556], "texture": "#3"}
			}
		},
		{
			"from": [7.985, 9.17375, 1.87602],
			"to": [8.015, 13.17375, 5.37602],
			"rotation": {"angle": -22.5, "axis": "x", "origin": [7.985, 11.17375, 0.37602]},
			"faces": {
				"east": {"uv": [3.77778, 4, 2.22222, 5.77778], "texture": "#3"},
				"west": {"uv": [2.22222, 4, 3.77778, 5.77778], "texture": "#3"}
			}
		},
		{
			"from": [7.99, 8.71356, -0.35708],
			"to": [8.01, 12.41356, 3.14292],
			"rotation": {"angle": -45, "axis": "x", "origin": [7.99, 10.41356, 0.64292]},
			"faces": {
				"east": {"uv": [1.77778, 1.77778, 0, 3.55556], "texture": "#3"},
				"west": {"uv": [0, 1.77778, 1.77778, 3.55556], "texture": "#3"}
			}
		},
		{
			"from": [7.995, 6.74112, -1.05662],
			"to": [8.005, 10.24112, 2.36838],
			"rotation": {"angle": 22.5, "axis": "x", "origin": [7.995, 11.74112, 0.94338]},
			"faces": {
				"east": {"uv": [4, 1.77778, 2.22222, 3.55556], "texture": "#3"},
				"west": {"uv": [2.22222, 1.77778, 4, 3.55556], "texture": "#3"}
			}
		},
		{
			"from": [4.1695, 13.43805, 5.25],
			"to": [6.6695, 13.46805, 10.75],
			"rotation": {"angle": 45, "axis": "z", "origin": [4.4195, 12.93805, 5]},
			"faces": {
				"up": {"uv": [5, 11, 0, 0], "texture": "#2"},
				"down": {"uv": [5, 0, 0, 11], "texture": "#2"}
			}
		},
		{
			"from": [5.28855, 10.66126, 6.875],
			"to": [6.28855, 12.66126, 9.125],
			"rotation": {"angle": -45, "axis": "z", "origin": [5.18865, 13.8499, 8.125]},
			"faces": {
				"north": {"uv": [4, 8, 4.57143, 9.14286], "texture": "#1"},
				"east": {"uv": [5.14286, 0, 6.42857, 1.14286], "texture": "#1"},
				"south": {"uv": [1.71429, 9.14286, 2.28571, 10.28571], "texture": "#1"},
				"west": {"uv": [5.71429, 4, 7, 5.14286], "texture": "#1"},
				"down": {"uv": [8.57143, 2.28571, 8, 3.57143], "texture": "#1"}
			}
		},
		{
			"from": [5.03855, 10.41126, 7.25],
			"to": [6.03855, 11.41126, 8.75],
			"rotation": {"angle": -45, "axis": "z", "origin": [5.18865, 13.8499, 8]},
			"faces": {
				"north": {"uv": [9.14286, 10.85714, 9.71429, 11.42857], "texture": "#1"},
				"east": {"uv": [10.28571, 4.57143, 11.14286, 5.14286], "texture": "#1"},
				"south": {"uv": [10.85714, 9.14286, 11.42857, 9.71429], "texture": "#1"},
				"west": {"uv": [10.28571, 5.71429, 11.14286, 6.28571], "texture": "#1"},
				"up": {"uv": [3.42857, 11.14286, 2.85714, 10.28571], "texture": "#1"},
				"down": {"uv": [11.42857, 0, 10.85714, 0.85714], "texture": "#1"}
			}
		},
		{
			"from": [5.99995, 10.33082, 6.875],
			"to": [6.99995, 12.83082, 9.125],
			"rotation": {"angle": -22.5, "axis": "z", "origin": [5.18865, 13.8499, 8.125]},
			"faces": {
				"north": {"uv": [6.28571, 7.42857, 6.85714, 8.85714], "texture": "#1"},
				"east": {"uv": [1.71429, 4.57143, 3, 6], "texture": "#1"},
				"south": {"uv": [8, 0, 8.57143, 1.42857], "texture": "#1"},
				"west": {"uv": [4.57143, 1.71429, 5.85714, 3.14286], "texture": "#1"},
				"down": {"uv": [3.42857, 8, 2.85714, 9.28571], "texture": "#1"}
			}
		},
		{
			"from": [5.28855, 13.66126, 6.375],
			"to": [7.28855, 15.66126, 9.625],
			"rotation": {"angle": -45, "axis": "z", "origin": [5.18865, 13.8499, 8.125]},
			"faces": {
				"north": {"uv": [5.71429, 5.71429, 6.85714, 6.85714], "texture": "#1"},
				"east": {"uv": [0, 2.28571, 1.85714, 3.42857], "texture": "#1"},
				"south": {"uv": [0, 6.85714, 1.14286, 8], "texture": "#1"},
				"west": {"uv": [2.28571, 0, 4.14286, 1.14286], "texture": "#1"},
				"up": {"uv": [4, 3.57143, 2.85714, 1.71429], "texture": "#1"},
				"down": {"uv": [1.14286, 4, 0, 5.85714], "texture": "#1"}
			}
		},
		{
			"from": [5.28855, 12.66126, 6.625],
			"to": [7.28855, 13.66126, 9.375],
			"rotation": {"angle": -45, "axis": "z", "origin": [5.18865, 13.8499, 8.125]},
			"faces": {
				"north": {"uv": [9.14286, 3.42857, 10.28571, 4], "texture": "#1"},
				"east": {"uv": [2.85714, 6.85714, 4.42857, 7.42857], "texture": "#1"},
				"south": {"uv": [9.14286, 8, 10.28571, 8.57143], "texture": "#1"},
				"down": {"uv": [5.14286, 4.57143, 4, 6.14286], "texture": "#1"}
			}
		},
		{
			"from": [4.28855, 12.66126, 6.625],
			"to": [5.28855, 15.66126, 9.375],
			"rotation": {"angle": -45, "axis": "z", "origin": [5.18865, 13.8499, 8.125]},
			"faces": {
				"north": {"uv": [1.71429, 6.85714, 2.28571, 8.57143], "texture": "#1"},
				"south": {"uv": [6.85714, 1.71429, 7.42857, 3.42857], "texture": "#1"},
				"west": {"uv": [0, 0, 1.57143, 1.71429], "texture": "#1"},
				"up": {"uv": [5.71429, 9, 5.14286, 7.42857], "texture": "#1"},
				"down": {"uv": [8, 5.71429, 7.42857, 7.28571], "texture": "#1"}
			}
		},
		{
			"from": [4.18711, 14.79224, 6.25],
			"to": [5.68711, 16.29224, 7.75],
			"rotation": {"angle": -22.5, "axis": "z", "origin": [5.18865, 13.8499, 8.25]},
			"faces": {
				"north": {"uv": [7.42857, 8, 8.28571, 8.85714], "texture": "#1"},
				"east": {"uv": [0, 8.57143, 0.85714, 9.42857], "texture": "#1"},
				"south": {"uv": [8.57143, 4.57143, 9.42857, 5.42857], "texture": "#1"},
				"west": {"uv": [8.57143, 6.28571, 9.42857, 7.14286], "texture": "#1"},
				"up": {"uv": [10, 0.85714, 9.14286, 0], "texture": "#1"},
				"down": {"uv": [10, 1.71429, 9.14286, 2.57143], "texture": "#1"}
			}
		},
		{
			"from": [5.2838, 15.91557, 6.375],
			"to": [6.5338, 17.16557, 7.625],
			"rotation": {"angle": 0, "axis": "y", "origin": [5.18865, 13.8499, 8.25]},
			"faces": {
				"north": {"uv": [9.14286, 9.14286, 9.85714, 9.85714], "texture": "#1"},
				"east": {"uv": [4, 9.71429, 4.71429, 10.42857], "texture": "#1"},
				"south": {"uv": [5.71429, 9.71429, 6.42857, 10.42857], "texture": "#1"},
				"west": {"uv": [7.42857, 9.71429, 8.14286, 10.42857], "texture": "#1"},
				"up": {"uv": [0.71429, 11, 0, 10.28571], "texture": "#1"}
			}
		},
		{
			"from": [6.60768, 16.39598, 6.5],
			"to": [7.60768, 17.39598, 7.5],
			"rotation": {"angle": 22.5, "axis": "z", "origin": [5.18865, 13.8499, 8.25]},
			"faces": {
				"north": {"uv": [10.28571, 10.85714, 10.85714, 11.42857], "texture": "#1"},
				"east": {"uv": [4, 11.42857, 4.57143, 12], "texture": "#1"},
				"south": {"uv": [5.14286, 11.42857, 5.71429, 12], "texture": "#1"},
				"west": {"uv": [6.28571, 11.42857, 6.85714, 12], "texture": "#1"},
				"up": {"uv": [8, 12, 7.42857, 11.42857], "texture": "#1"}
			}
		},
		{
			"from": [6.60768, 16.39598, 8.5],
			"to": [7.60768, 17.39598, 9.5],
			"rotation": {"angle": 22.5, "axis": "z", "origin": [5.18865, 13.8499, 7.75]},
			"faces": {
				"north": {"uv": [5.71429, 11.42857, 5.14286, 12], "texture": "#1"},
				"east": {"uv": [4.57143, 11.42857, 4, 12], "texture": "#1"},
				"south": {"uv": [10.85714, 10.85714, 10.28571, 11.42857], "texture": "#1"},
				"west": {"uv": [6.85714, 11.42857, 6.28571, 12], "texture": "#1"},
				"up": {"uv": [8, 11.42857, 7.42857, 12], "texture": "#1"}
			}
		},
		{
			"from": [5.2838, 15.91557, 8.375],
			"to": [6.5338, 17.16557, 9.625],
			"rotation": {"angle": 0, "axis": "y", "origin": [5.18865, 13.8499, 7.75]},
			"faces": {
				"north": {"uv": [6.42857, 9.71429, 5.71429, 10.42857], "texture": "#1"},
				"east": {"uv": [4.71429, 9.71429, 4, 10.42857], "texture": "#1"},
				"south": {"uv": [9.85714, 9.14286, 9.14286, 9.85714], "texture": "#1"},
				"west": {"uv": [8.14286, 9.71429, 7.42857, 10.42857], "texture": "#1"},
				"up": {"uv": [0.71429, 10.28571, 0, 11], "texture": "#1"}
			}
		},
		{
			"from": [4.18711, 14.79224, 8.25],
			"to": [5.68711, 16.29224, 9.75],
			"rotation": {"angle": -22.5, "axis": "z", "origin": [5.18865, 13.8499, 7.75]},
			"faces": {
				"north": {"uv": [9.42857, 4.57143, 8.57143, 5.42857], "texture": "#1"},
				"east": {"uv": [0.85714, 8.57143, 0, 9.42857], "texture": "#1"},
				"south": {"uv": [8.28571, 8, 7.42857, 8.85714], "texture": "#1"},
				"west": {"uv": [9.42857, 6.28571, 8.57143, 7.14286], "texture": "#1"},
				"up": {"uv": [10, 0, 9.14286, 0.85714], "texture": "#1"},
				"down": {"uv": [10, 2.57143, 9.14286, 1.71429], "texture": "#1"}
			}
		},
		{
			"from": [5.51538, 9.90554, 7.5],
			"to": [6.26538, 10.90554, 8.5],
			"rotation": {"angle": 0, "axis": "y", "origin": [6.01538, 9.90554, 7.5]},
			"faces": {
				"north": {"uv": [0, 12, 0.42857, 12.57143], "texture": "#1"},
				"east": {"uv": [11.42857, 10.28571, 12, 10.85714], "texture": "#1"},
				"south": {"uv": [12, 0, 12.42857, 0.57143], "texture": "#1"},
				"up": {"uv": [12.42857, 1.71429, 12, 1.14286], "texture": "#1"},
				"down": {"uv": [12.42857, 2.28571, 12, 2.85714], "texture": "#1"}
			}
		},
		{
			"from": [6.16538, 10.20554, 7.625],
			"to": [6.91538, 10.95554, 8.375],
			"rotation": {"angle": 22.5, "axis": "z", "origin": [6.79038, 10.28054, 7.875]},
			"faces": {
				"north": {"uv": [2.85714, 12, 3.28571, 12.42857], "texture": "#1"},
				"east": {"uv": [12, 3.42857, 12.42857, 3.85714], "texture": "#1"},
				"south": {"uv": [12, 4.57143, 12.42857, 5], "texture": "#1"},
				"up": {"uv": [12.42857, 6.14286, 12, 5.71429], "texture": "#1"},
				"down": {"uv": [12.42857, 6.85714, 12, 7.28571], "texture": "#1"}
			}
		},
		{
			"from": [5.49995, 10.48082, 7.025],
			"to": [5.99995, 12.83082, 7.055],
			"rotation": {"angle": -22.5, "axis": "z", "origin": [5.18865, 13.8499, 7.875]},
			"faces": {
				"north": {"uv": [1.71429, 10.85714, 2, 12.14286], "texture": "#1"},
				"south": {"uv": [2, 10.85714, 1.71429, 12.14286], "texture": "#1"}
			}
		},
		{
			"from": [5.49995, 10.48082, 8.945],
			"to": [5.99995, 12.83082, 8.975],
			"rotation": {"angle": -22.5, "axis": "z", "origin": [5.18865, 13.8499, 8.125]},
			"faces": {
				"north": {"uv": [1.71429, 10.85714, 2, 12.14286], "texture": "#1"},
				"south": {"uv": [2, 10.85714, 1.71429, 12.14286], "texture": "#1"}
			}
		},
		{
			"from": [4.16793, 10.52248, 7.025],
			"to": [4.66793, 10.55248, 8.975],
			"rotation": {"angle": -22.5, "axis": "z", "origin": [4.41793, 10.52248, 8.2]},
			"faces": {
				"up": {"uv": [11.71429, 12.57143, 11.42857, 11.42857], "texture": "#1"},
				"down": {"uv": [11.71429, 11.42857, 11.42857, 12.57143], "texture": "#1"}
			}
		},
		{
			"from": [4.05388, 10.61859, 6.925],
			"to": [4.55388, 10.64859, 9.075],
			"rotation": {"angle": -45, "axis": "z", "origin": [4.30388, 11.05609, 8]},
			"faces": {
				"up": {"uv": [11.14286, 1.71429, 10.85714, 3], "texture": "#1"},
				"down": {"uv": [11.14286, 1.71429, 10.85714, 3], "texture": "#1"}
			}
		},
		{
			"from": [4.05388, 10.61859, 6.925],
			"to": [4.55388, 12.96859, 6.955],
			"rotation": {"angle": -45, "axis": "z", "origin": [4.30388, 11.05609, 8]},
			"faces": {
				"north": {"uv": [10.85714, 6.85714, 11.14286, 8.14286], "texture": "#1"},
				"south": {"uv": [11.14286, 6.85714, 10.85714, 8.14286], "texture": "#1"}
			}
		},
		{
			"from": [4.05388, 10.61859, 9.045],
			"to": [4.55388, 12.96859, 9.075],
			"rotation": {"angle": -45, "axis": "z", "origin": [4.30388, 11.05609, 10.12]},
			"faces": {
				"north": {"uv": [10.85714, 6.85714, 11.14286, 8.14286], "texture": "#1"},
				"south": {"uv": [11.14286, 6.85714, 10.85714, 8.14286], "texture": "#1"}
			}
		},
		{
			"from": [9.3305, 13.43805, 5.25],
			"to": [11.8305, 13.46805, 10.75],
			"rotation": {"angle": -45, "axis": "z", "origin": [11.5805, 12.93805, 5]},
			"faces": {
				"up": {"uv": [0, 11, 5, 0], "texture": "#2"},
				"down": {"uv": [0, 0, 5, 11], "texture": "#2"}
			}
		},
		{
			"from": [9.71145, 10.66126, 6.875],
			"to": [10.71145, 12.66126, 9.125],
			"rotation": {"angle": 45, "axis": "z", "origin": [10.81135, 13.8499, 8.125]},
			"faces": {
				"north": {"uv": [4.57143, 8, 4, 9.14286], "texture": "#1"},
				"east": {"uv": [7, 4, 5.71429, 5.14286], "texture": "#1"},
				"south": {"uv": [2.28571, 9.14286, 1.71429, 10.28571], "texture": "#1"},
				"west": {"uv": [6.42857, 0, 5.14286, 1.14286], "texture": "#1"},
				"down": {"uv": [8, 2.28571, 8.57143, 3.57143], "texture": "#1"}
			}
		},
		{
			"from": [9.96145, 10.41126, 7.25],
			"to": [10.96145, 11.41126, 8.75],
			"rotation": {"angle": 45, "axis": "z", "origin": [10.81135, 13.8499, 8]},
			"faces": {
				"north": {"uv": [9.71429, 10.85714, 9.14286, 11.42857], "texture": "#1"},
				"east": {"uv": [11.14286, 5.71429, 10.28571, 6.28571], "texture": "#1"},
				"south": {"uv": [11.42857, 9.14286, 10.85714, 9.71429], "texture": "#1"},
				"west": {"uv": [11.14286, 4.57143, 10.28571, 5.14286], "texture": "#1"},
				"up": {"uv": [2.85714, 11.14286, 3.42857, 10.28571], "texture": "#1"},
				"down": {"uv": [10.85714, 0, 11.42857, 0.85714], "texture": "#1"}
			}
		},
		{
			"from": [9.00005, 10.33082, 6.875],
			"to": [10.00005, 12.83082, 9.125],
			"rotation": {"angle": 22.5, "axis": "z", "origin": [10.81135, 13.8499, 8.125]},
			"faces": {
				"north": {"uv": [6.85714, 7.42857, 6.28571, 8.85714], "texture": "#1"},
				"east": {"uv": [5.85714, 1.71429, 4.57143, 3.14286], "texture": "#1"},
				"south": {"uv": [8.57143, 0, 8, 1.42857], "texture": "#1"},
				"west": {"uv": [3, 4.57143, 1.71429, 6], "texture": "#1"},
				"down": {"uv": [2.85714, 8, 3.42857, 9.28571], "texture": "#1"}
			}
		},
		{
			"from": [8.71145, 13.66126, 6.375],
			"to": [10.71145, 15.66126, 9.625],
			"rotation": {"angle": 45, "axis": "z", "origin": [10.81135, 13.8499, 8.125]},
			"faces": {
				"north": {"uv": [6.85714, 5.71429, 5.71429, 6.85714], "texture": "#1"},
				"east": {"uv": [4.14286, 0, 2.28571, 1.14286], "texture": "#1"},
				"south": {"uv": [1.14286, 6.85714, 0, 8], "texture": "#1"},
				"west": {"uv": [1.85714, 2.28571, 0, 3.42857], "texture": "#1"},
				"up": {"uv": [2.85714, 3.57143, 4, 1.71429], "texture": "#1"},
				"down": {"uv": [0, 4, 1.14286, 5.85714], "texture": "#1"}
			}
		},
		{
			"from": [8.71145, 12.66126, 6.625],
			"to": [10.71145, 13.66126, 9.375],
			"rotation": {"angle": 45, "axis": "z", "origin": [10.81135, 13.8499, 8.125]},
			"faces": {
				"north": {"uv": [10.28571, 3.42857, 9.14286, 4], "texture": "#1"},
				"south": {"uv": [10.28571, 8, 9.14286, 8.57143], "texture": "#1"},
				"west": {"uv": [4.42857, 6.85714, 2.85714, 7.42857], "texture": "#1"},
				"down": {"uv": [4, 4.57143, 5.14286, 6.14286], "texture": "#1"}
			}
		},
		{
			"from": [10.71145, 12.66126, 6.625],
			"to": [11.71145, 15.66126, 9.375],
			"rotation": {"angle": 45, "axis": "z", "origin": [10.81135, 13.8499, 8.125]},
			"faces": {
				"north": {"uv": [2.28571, 6.85714, 1.71429, 8.57143], "texture": "#1"},
				"east": {"uv": [1.57143, 0, 0, 1.71429], "texture": "#1"},
				"south": {"uv": [7.42857, 1.71429, 6.85714, 3.42857], "texture": "#1"},
				"up": {"uv": [5.14286, 9, 5.71429, 7.42857], "texture": "#1"},
				"down": {"uv": [7.42857, 5.71429, 8, 7.28571], "texture": "#1"}
			}
		},
		{
			"from": [10.31289, 14.79224, 6.25],
			"to": [11.81289, 16.29224, 7.75],
			"rotation": {"angle": 22.5, "axis": "z", "origin": [10.81135, 13.8499, 8.25]},
			"faces": {
				"north": {"uv": [8.28571, 8, 7.42857, 8.85714], "texture": "#1"},
				"east": {"uv": [9.42857, 6.28571, 8.57143, 7.14286], "texture": "#1"},
				"south": {"uv": [9.42857, 4.57143, 8.57143, 5.42857], "texture": "#1"},
				"west": {"uv": [0.85714, 8.57143, 0, 9.42857], "texture": "#1"},
				"up": {"uv": [9.14286, 0.85714, 10, 0], "texture": "#1"},
				"down": {"uv": [9.14286, 1.71429, 10, 2.57143], "texture": "#1"}
			}
		},
		{
			"from": [9.4662, 15.91557, 6.375],
			"to": [10.7162, 17.16557, 7.625],
			"rotation": {"angle": 0, "axis": "y", "origin": [10.81135, 13.8499, 8.25]},
			"faces": {
				"north": {"uv": [9.85714, 9.14286, 9.14286, 9.85714], "texture": "#1"},
				"east": {"uv": [8.14286, 9.71429, 7.42857, 10.42857], "texture": "#1"},
				"south": {"uv": [6.42857, 9.71429, 5.71429, 10.42857], "texture": "#1"},
				"west": {"uv": [4.71429, 9.71429, 4, 10.42857], "texture": "#1"},
				"up": {"uv": [0, 11, 0.71429, 10.28571], "texture": "#1"}
			}
		},
		{
			"from": [8.39232, 16.39598, 6.5],
			"to": [9.39232, 17.39598, 7.5],
			"rotation": {"angle": -22.5, "axis": "z", "origin": [10.81135, 13.8499, 8.25]},
			"faces": {
				"north": {"uv": [10.85714, 10.85714, 10.28571, 11.42857], "texture": "#1"},
				"east": {"uv": [6.85714, 11.42857, 6.28571, 12], "texture": "#1"},
				"south": {"uv": [5.71429, 11.42857, 5.14286, 12], "texture": "#1"},
				"west": {"uv": [4.57143, 11.42857, 4, 12], "texture": "#1"},
				"up": {"uv": [7.42857, 12, 8, 11.42857], "texture": "#1"}
			}
		},
		{
			"from": [8.39232, 16.39598, 8.5],
			"to": [9.39232, 17.39598, 9.5],
			"rotation": {"angle": -22.5, "axis": "z", "origin": [10.81135, 13.8499, 7.75]},
			"faces": {
				"north": {"uv": [5.14286, 11.42857, 5.71429, 12], "texture": "#1"},
				"east": {"uv": [6.28571, 11.42857, 6.85714, 12], "texture": "#1"},
				"south": {"uv": [10.28571, 10.85714, 10.85714, 11.42857], "texture": "#1"},
				"west": {"uv": [4, 11.42857, 4.57143, 12], "texture": "#1"},
				"up": {"uv": [7.42857, 11.42857, 8, 12], "texture": "#1"}
			}
		},
		{
			"from": [9.4662, 15.91557, 8.375],
			"to": [10.7162, 17.16557, 9.625],
			"rotation": {"angle": 0, "axis": "y", "origin": [10.81135, 13.8499, 7.75]},
			"faces": {
				"north": {"uv": [5.71429, 9.71429, 6.42857, 10.42857], "texture": "#1"},
				"east": {"uv": [7.42857, 9.71429, 8.14286, 10.42857], "texture": "#1"},
				"south": {"uv": [9.14286, 9.14286, 9.85714, 9.85714], "texture": "#1"},
				"west": {"uv": [4, 9.71429, 4.71429, 10.42857], "texture": "#1"},
				"up": {"uv": [0, 10.28571, 0.71429, 11], "texture": "#1"}
			}
		},
		{
			"from": [10.31289, 14.79224, 8.25],
			"to": [11.81289, 16.29224, 9.75],
			"rotation": {"angle": 22.5, "axis": "z", "origin": [10.81135, 13.8499, 7.75]},
			"faces": {
				"north": {"uv": [8.57143, 4.57143, 9.42857, 5.42857], "texture": "#1"},
				"east": {"uv": [8.57143, 6.28571, 9.42857, 7.14286], "texture": "#1"},
				"south": {"uv": [7.42857, 8, 8.28571, 8.85714], "texture": "#1"},
				"west": {"uv": [0, 8.57143, 0.85714, 9.42857], "texture": "#1"},
				"up": {"uv": [9.14286, 0, 10, 0.85714], "texture": "#1"},
				"down": {"uv": [9.14286, 2.57143, 10, 1.71429], "texture": "#1"}
			}
		},
		{
			"from": [9.73462, 9.90554, 7.5],
			"to": [10.48462, 10.90554, 8.5],
			"rotation": {"angle": 0, "axis": "y", "origin": [9.98462, 9.90554, 7.5]},
			"faces": {
				"north": {"uv": [0.42857, 12, 0, 12.57143], "texture": "#1"},
				"south": {"uv": [12.42857, 0, 12, 0.57143], "texture": "#1"},
				"west": {"uv": [12, 10.28571, 11.42857, 10.85714], "texture": "#1"},
				"up": {"uv": [12, 1.71429, 12.42857, 1.14286], "texture": "#1"},
				"down": {"uv": [12, 2.28571, 12.42857, 2.85714], "texture": "#1"}
			}
		},
		{
			"from": [9.08462, 10.20554, 7.625],
			"to": [9.83462, 10.95554, 8.375],
			"rotation": {"angle": -22.5, "axis": "z", "origin": [9.20962, 10.28054, 7.875]},
			"faces": {
				"north": {"uv": [3.28571, 12, 2.85714, 12.42857], "texture": "#1"},
				"south": {"uv": [12.42857, 4.57143, 12, 5], "texture": "#1"},
				"west": {"uv": [12.42857, 3.42857, 12, 3.85714], "texture": "#1"},
				"up": {"uv": [12, 6.14286, 12.42857, 5.71429], "texture": "#1"},
				"down": {"uv": [12, 6.85714, 12.42857, 7.28571], "texture": "#1"}
			}
		},
		{
			"from": [10.00005, 10.48082, 7.025],
			"to": [10.50005, 12.83082, 7.055],
			"rotation": {"angle": 22.5, "axis": "z", "origin": [10.81135, 13.8499, 7.875]},
			"faces": {
				"north": {"uv": [2, 10.85714, 1.71429, 12.14286], "texture": "#1"},
				"south": {"uv": [1.71429, 10.85714, 2, 12.14286], "texture": "#1"}
			}
		},
		{
			"from": [10.00005, 10.48082, 8.945],
			"to": [10.50005, 12.83082, 8.975],
			"rotation": {"angle": 22.5, "axis": "z", "origin": [10.81135, 13.8499, 8.125]},
			"faces": {
				"north": {"uv": [2, 10.85714, 1.71429, 12.14286], "texture": "#1"},
				"south": {"uv": [1.71429, 10.85714, 2, 12.14286], "texture": "#1"}
			}
		},
		{
			"from": [11.33207, 10.52248, 7.025],
			"to": [11.83207, 10.55248, 8.975],
			"rotation": {"angle": 22.5, "axis": "z", "origin": [11.58207, 10.52248, 8.2]},
			"faces": {
				"up": {"uv": [11.42857, 12.57143, 11.71429, 11.42857], "texture": "#1"},
				"down": {"uv": [11.42857, 11.42857, 11.71429, 12.57143], "texture": "#1"}
			}
		},
		{
			"from": [11.44612, 10.61859, 6.925],
			"to": [11.94612, 10.64859, 9.075],
			"rotation": {"angle": 45, "axis": "z", "origin": [11.69612, 11.05609, 8]},
			"faces": {
				"up": {"uv": [10.85714, 1.71429, 11.14286, 3], "texture": "#1"},
				"down": {"uv": [10.85714, 1.71429, 11.14286, 3], "texture": "#1"}
			}
		},
		{
			"from": [11.44612, 10.61859, 6.925],
			"to": [11.94612, 12.96859, 6.955],
			"rotation": {"angle": 45, "axis": "z", "origin": [11.69612, 11.05609, 8]},
			"faces": {
				"north": {"uv": [11.14286, 6.85714, 10.85714, 8.14286], "texture": "#1"},
				"south": {"uv": [10.85714, 6.85714, 11.14286, 8.14286], "texture": "#1"}
			}
		},
		{
			"from": [11.44612, 10.61859, 9.045],
			"to": [11.94612, 12.96859, 9.075],
			"rotation": {"angle": 45, "axis": "z", "origin": [11.69612, 11.05609, 10.12]},
			"faces": {
				"north": {"uv": [11.14286, 6.85714, 10.85714, 8.14286], "texture": "#1"},
				"south": {"uv": [10.85714, 6.85714, 11.14286, 8.14286], "texture": "#1"}
			}
		}
	],
	"gui_light": "front",
	"display": {
		"thirdperson_righthand": {
			"translation": [0, 2.5, 0.75]
		},
		"thirdperson_lefthand": {
			"translation": [0, 2.5, 0.75]
		},
		"firstperson_righthand": {
			"rotation": [10, 0, 0],
			"translation": [4, 1.5, -1.25],
			"scale": [0.85, 0.85, 0.85]
		},
		"firstperson_lefthand": {
			"rotation": [10, 0, 0],
			"translation": [4, 1.5, -1.25],
			"scale": [0.85, 0.85, 0.85]
		},
		"ground": {
			"rotation": [-45, 0, 0],
			"translation": [0, 4, 0],
			"scale": [0.6, 0.6, 0.6]
		},
		"gui": {
			"rotation": [-90, 45, 90],
			"translation": [0.5, -0.25, 0],
			"scale": [0.7, 0.7, 0.7]
		},
		"head": {
			"rotation": [0, -90, 0]
		},
		"fixed": {
			"rotation": [0, -90, 0],
			"translation": [0, 0, -1.5],
			"scale": [2, 2, 2]
		}
	}
}