{
	"credit": "Made with Blockbench",
	"texture_size": [32, 32],
	"textures": {
		"0": "item/multiple/xmas_antlers/antler",
		"1": "item/multiple/xmas_antlers/antler_animation_1texture",
		"particle": "item/multiple/xmas_antlers/antler"
	},
	"elements": [
		{
			"from": [7, -1, 7],
			"to": [9, 7, 9],
			"rotation": {"angle": 0, "axis": "y", "origin": [0, 9, 0]},
			"faces": {
				"north": {"uv": [1, 1.75, 1.5, 3.75], "texture": "#0"},
				"east": {"uv": [1.5, 1.75, 2, 3.75], "texture": "#0"},
				"south": {"uv": [2, 1.75, 2.5, 3.75], "texture": "#0"},
				"west": {"uv": [2.5, 0, 3, 2], "texture": "#0"},
				"up": {"uv": [1, 8, 0.5, 7.5], "texture": "#0"},
				"down": {"uv": [2.75, 7.5, 2.25, 8], "texture": "#0"}
			}
		},
		{
			"from": [6.5, 7, 6.5],
			"to": [9.5, 9, 9.5],
			"rotation": {"angle": 0, "axis": "y", "origin": [0, 9, 0]},
			"faces": {
				"north": {"uv": [7.25, 1, 8, 1.5], "texture": "#0"},
				"east": {"uv": [7.25, 1.5, 8, 2], "texture": "#0"},
				"south": {"uv": [7.25, 2, 8, 2.5], "texture": "#0"},
				"west": {"uv": [7.25, 2.5, 8, 3], "texture": "#0"},
				"up": {"uv": [6.25, 4.25, 5.5, 3.5], "texture": "#0"},
				"down": {"uv": [6.25, 4.25, 5.5, 5], "texture": "#0"}
			}
		},
		{
			"from": [6.5, 9, 5.5],
			"to": [9.5, 12, 10.5],
			"rotation": {"angle": 0, "axis": "y", "origin": [0, 9, 0]},
			"faces": {
				"north": {"uv": [5.75, 0, 6.5, 0.75], "texture": "#0"},
				"east": {"uv": [2.5, 2, 3.75, 2.75], "texture": "#0"},
				"south": {"uv": [5.75, 0.75, 6.5, 1.5], "texture": "#0"},
				"west": {"uv": [2.5, 2.75, 3.75, 3.5], "texture": "#0"},
				"up": {"uv": [3.75, 1.25, 3, 0], "texture": "#0"},
				"down": {"uv": [0.75, 3.5, 0, 4.75], "texture": "#0"}
			}
		},
		{
			"from": [6.5, -3, 6.5],
			"to": [9.5, -1, 9.5],
			"rotation": {"angle": 0, "axis": "y", "origin": [0, 9, 0]},
			"faces": {
				"north": {"uv": [2.25, 7, 3, 7.5], "texture": "#0"},
				"east": {"uv": [3, 7, 3.75, 7.5], "texture": "#0"},
				"south": {"uv": [6.75, 7, 7.5, 7.5], "texture": "#0"},
				"west": {"uv": [1, 7.25, 1.75, 7.75], "texture": "#0"},
				"up": {"uv": [3.75, 2, 3, 1.25], "texture": "#0"},
				"down": {"uv": [2, 5.5, 1.25, 6.25], "texture": "#0"}
			}
		},
		{
			"from": [9.5, -3, 7],
			"to": [12.5, -1, 9],
			"rotation": {"angle": -22.5, "axis": "z", "origin": [9.5, -1, 8]},
			"faces": {
				"north": {"uv": [6.75, 3, 7.5, 3.5], "texture": "#0"},
				"east": {"uv": [7.25, 6, 7.75, 6.5], "texture": "#0"},
				"south": {"uv": [6.75, 6.5, 7.5, 7], "texture": "#0"},
				"west": {"uv": [0, 7.5, 0.5, 8], "texture": "#0"},
				"up": {"uv": [7.75, 0.5, 7, 0], "texture": "#0"},
				"down": {"uv": [7.75, 0.5, 7, 1], "texture": "#0"}
			}
		},
		{
			"from": [12.27164, -1.87695, 6.975],
			"to": [16.27164, 0.17305, 9.025],
			"rotation": {"angle": -45, "axis": "z", "origin": [9.5, -1, 8]},
			"faces": {
				"north": {"uv": [5.75, 1.5, 6.75, 2], "texture": "#0"},
				"east": {"uv": [7.25, 5, 7.75, 5.5], "texture": "#0"},
				"south": {"uv": [5.75, 2, 6.75, 2.5], "texture": "#0"},
				"west": {"uv": [7.25, 5.5, 7.75, 6], "texture": "#0"},
				"up": {"uv": [6.75, 3, 5.75, 2.5], "texture": "#0"},
				"down": {"uv": [6.75, 3, 5.75, 3.5], "texture": "#0"}
			}
		},
		{
			"from": [6.5, -12, 6.5],
			"to": [9.5, -10, 9.5],
			"faces": {
				"north": {"uv": [2.25, 7, 3, 7.5], "texture": "#0"},
				"east": {"uv": [3, 7, 3.75, 7.5], "texture": "#0"},
				"south": {"uv": [6.75, 7, 7.5, 7.5], "texture": "#0"},
				"west": {"uv": [1, 7.25, 1.75, 7.75], "texture": "#0"},
				"up": {"uv": [3.75, 2, 3, 1.25], "texture": "#0"},
				"down": {"uv": [2, 5.5, 1.25, 6.25], "texture": "#0"}
			}
		},
		{
			"from": [9.5, -12, 7],
			"to": [12.5, -10, 9],
			"rotation": {"angle": -22.5, "axis": "z", "origin": [9.5, -10, 8]},
			"faces": {
				"north": {"uv": [6.75, 3, 7.5, 3.5], "texture": "#0"},
				"east": {"uv": [7.25, 6, 7.75, 6.5], "texture": "#0"},
				"south": {"uv": [6.75, 6.5, 7.5, 7], "texture": "#0"},
				"west": {"uv": [0, 7.5, 0.5, 8], "texture": "#0"},
				"up": {"uv": [7.75, 0.5, 7, 0], "texture": "#0"},
				"down": {"uv": [7.75, 0.5, 7, 1], "texture": "#0"}
			}
		},
		{
			"from": [11.5, -16, 8],
			"to": [16.5, -10, 8],
			"rotation": {"angle": -22.5, "axis": "z", "origin": [9.5, -10, 8]},
			"faces": {
				"north": {"uv": [0, 0, 1.25, 1.5], "rotation": 180, "texture": "#0"},
				"east": {"uv": [7.25, 6, 7.75, 6.5], "texture": "#0"},
				"south": {"uv": [1.25, 0, 0, 1.5], "rotation": 180, "texture": "#0"},
				"west": {"uv": [0, 7.5, 0.5, 8], "texture": "#0"},
				"up": {"uv": [7.75, 0.5, 7, 0], "texture": "#0"},
				"down": {"uv": [7.75, 0.5, 7, 1], "texture": "#0"}
			}
		},
		{
			"from": [9.17471, 19.92804, 6.975],
			"to": [11.22471, 26.92804, 9.025],
			"rotation": {"angle": 0, "axis": "y", "origin": [8.5, 9, 8]},
			"faces": {
				"north": {"uv": [0.75, 3.75, 1.25, 5.5], "texture": "#0"},
				"east": {"uv": [1.25, 3.75, 1.75, 5.5], "texture": "#0"},
				"south": {"uv": [1.75, 3.75, 2.25, 5.5], "texture": "#0"},
				"west": {"uv": [3.75, 1.75, 4.25, 3.5], "texture": "#0"},
				"up": {"uv": [8, 7.5, 7.5, 7], "texture": "#0"},
				"down": {"uv": [7.75, 7.5, 7.25, 8], "texture": "#0"}
			}
		},
		{
			"from": [10.22471, 20.92804, 7.975],
			"to": [15.22471, 31.92804, 7.975],
			"rotation": {"angle": 0, "axis": "y", "origin": [8.5, 9, 8]},
			"faces": {
				"north": {"uv": [0, 8.5, 1.25, 11.25], "texture": "#0"},
				"east": {"uv": [1.25, 3.75, 1.75, 5.5], "texture": "#0"},
				"south": {"uv": [1.25, 8.5, 0, 11.25], "texture": "#0"},
				"west": {"uv": [3.75, 1.75, 4.25, 3.5], "texture": "#0"},
				"up": {"uv": [8, 7.5, 7.5, 7], "texture": "#0"},
				"down": {"uv": [7.75, 7.5, 7.25, 8], "texture": "#0"}
			}
		},
		{
			"from": [9.19971, 19.92804, 7],
			"to": [11.19971, 25.92804, 9],
			"rotation": {"angle": 45, "axis": "z", "origin": [9.19971, 19.92804, 8]},
			"faces": {
				"north": {"uv": [3.75, 5.25, 4.25, 6.75], "texture": "#0"},
				"east": {"uv": [4.25, 5.25, 4.75, 6.75], "texture": "#0"},
				"south": {"uv": [4.75, 5.25, 5.25, 6.75], "texture": "#0"},
				"west": {"uv": [5.25, 5.25, 5.75, 6.75], "texture": "#0"},
				"up": {"uv": [4.75, 8.25, 4.25, 7.75], "texture": "#0"},
				"down": {"uv": [8.25, 4.5, 7.75, 5], "texture": "#0"}
			}
		},
		{
			"from": [4.93207, 24.17068, 6.975],
			"to": [6.98207, 27.17068, 9.025],
			"rotation": {"angle": 0, "axis": "y", "origin": [9.19971, 19.92804, 8]},
			"faces": {
				"north": {"uv": [5.75, 7, 6.25, 7.75], "texture": "#0"},
				"east": {"uv": [1.75, 7.25, 2.25, 8], "texture": "#0"},
				"south": {"uv": [7.25, 3.5, 7.75, 4.25], "texture": "#0"},
				"west": {"uv": [7.25, 4.25, 7.75, 5], "texture": "#0"},
				"up": {"uv": [5.25, 8.25, 4.75, 7.75], "texture": "#0"},
				"down": {"uv": [8.25, 5, 7.75, 5.5], "texture": "#0"}
			}
		},
		{
			"from": [2.50838, 24.99578, 7],
			"to": [4.50838, 28.99578, 9],
			"rotation": {"angle": -22.5, "axis": "z", "origin": [9.19971, 19.92804, 8]},
			"faces": {
				"north": {"uv": [6.25, 6.5, 6.75, 7.5], "texture": "#0"},
				"east": {"uv": [6.75, 1, 7.25, 2], "texture": "#0"},
				"south": {"uv": [6.75, 2, 7.25, 3], "texture": "#0"},
				"west": {"uv": [3.75, 6.75, 4.25, 7.75], "texture": "#0"},
				"up": {"uv": [5.75, 8.25, 5.25, 7.75], "texture": "#0"},
				"down": {"uv": [8.25, 5.5, 7.75, 6], "texture": "#0"}
			}
		},
		{
			"from": [-1.49162, 24.99578, 8],
			"to": [2.50838, 31.99578, 8],
			"rotation": {"angle": -22.5, "axis": "z", "origin": [9.19971, 19.92804, 8]},
			"faces": {
				"north": {"uv": [0, 1.75, 1, 3.5], "texture": "#0"},
				"east": {"uv": [0, 0, 0, 1.75], "texture": "#0"},
				"south": {"uv": [1, 1.75, 0, 3.5], "texture": "#0"},
				"west": {"uv": [0, 0, 0, 1.75], "texture": "#0"},
				"up": {"uv": [1, 0, 0, 0], "texture": "#0"},
				"down": {"uv": [1, 0, 0, 0], "texture": "#0"}
			}
		},
		{
			"from": [13.32843, 11.82843, 7],
			"to": [15.32843, 18.82843, 9],
			"rotation": {"angle": 22.5, "axis": "z", "origin": [8.5, 9, 8]},
			"faces": {
				"north": {"uv": [2.5, 3.5, 3, 5.25], "texture": "#0"},
				"east": {"uv": [3, 3.5, 3.5, 5.25], "texture": "#0"},
				"south": {"uv": [3.5, 3.5, 4, 5.25], "texture": "#0"},
				"west": {"uv": [3.75, 0, 4.25, 1.75], "texture": "#0"},
				"up": {"uv": [8, 7, 7.5, 6.5], "texture": "#0"},
				"down": {"uv": [7.25, 7.5, 6.75, 8], "texture": "#0"}
			}
		},
		{
			"from": [15.32843, 10.82843, 8],
			"to": [18.32843, 18.82843, 8],
			"rotation": {"angle": 22.5, "axis": "z", "origin": [8.5, 9, 8]},
			"faces": {
				"north": {"uv": [8.25, 0, 9, 2], "texture": "#0"},
				"east": {"uv": [0, 0, 0, 1.75], "texture": "#0"},
				"south": {"uv": [9, 0, 8.25, 2], "texture": "#0"},
				"west": {"uv": [0, 0, 0, 1.75], "texture": "#0"},
				"up": {"uv": [0.5, 0, 0, 0], "texture": "#0"},
				"down": {"uv": [0.5, 0, 0, 0], "texture": "#0"}
			}
		},
		{
			"from": [7, 24, 8],
			"to": [10, 32, 8],
			"rotation": {"angle": 0, "axis": "y", "origin": [8.5, 9, 8]},
			"faces": {
				"north": {"uv": [8.25, 0, 9, 2], "texture": "#0"},
				"east": {"uv": [0, 0, 0, 1.75], "texture": "#0"},
				"south": {"uv": [9, 0, 8.25, 2], "texture": "#0"},
				"west": {"uv": [0, 0, 0, 1.75], "texture": "#0"},
				"up": {"uv": [0.5, 0, 0, 0], "texture": "#0"},
				"down": {"uv": [0.5, 0, 0, 0], "texture": "#0"}
			}
		},
		{
			"from": [9.30343, 11.82843, 6.975],
			"to": [11.35343, 15.82843, 9.025],
			"rotation": {"angle": -22.5, "axis": "z", "origin": [8.5, 9, 8]},
			"faces": {
				"north": {"uv": [5.75, 5, 6.25, 6], "texture": "#0"},
				"east": {"uv": [5.75, 6, 6.25, 7], "texture": "#0"},
				"south": {"uv": [1.25, 6.25, 1.75, 7.25], "texture": "#0"},
				"west": {"uv": [1.75, 6.25, 2.25, 7.25], "texture": "#0"},
				"up": {"uv": [3.25, 8, 2.75, 7.5], "texture": "#0"},
				"down": {"uv": [8, 3, 7.5, 3.5], "texture": "#0"}
			}
		},
		{
			"from": [8.32843, 8.82843, 8],
			"to": [14.32843, 15.82843, 8],
			"rotation": {"angle": -22.5, "axis": "z", "origin": [8.5, 9, 8]},
			"faces": {
				"north": {"uv": [8.25, 2, 9.75, 3.75], "texture": "#0"},
				"east": {"uv": [0, 0, 0, 1], "texture": "#0"},
				"south": {"uv": [9.75, 2, 8.25, 3.75], "texture": "#0"},
				"west": {"uv": [0, 0, 0, 1], "texture": "#0"},
				"up": {"uv": [0.75, 0, 0, 0], "texture": "#0"},
				"down": {"uv": [0.75, 0, 0, 0], "texture": "#0"}
			}
		},
		{
			"from": [8.5, 9, 7],
			"to": [12.5, 11, 9],
			"rotation": {"angle": 22.5, "axis": "z", "origin": [8.5, 9, 8]},
			"faces": {
				"north": {"uv": [6.25, 3.5, 7.25, 4], "texture": "#0"},
				"east": {"uv": [3.25, 7.5, 3.75, 8], "texture": "#0"},
				"south": {"uv": [6.25, 4, 7.25, 4.5], "texture": "#0"},
				"west": {"uv": [6.25, 7.5, 6.75, 8], "texture": "#0"},
				"up": {"uv": [7.25, 5, 6.25, 4.5], "texture": "#0"},
				"down": {"uv": [7.25, 5, 6.25, 5.5], "texture": "#0"}
			}
		},
		{
			"from": [7.80029, 17.92804, 7],
			"to": [9.80029, 24.92804, 9],
			"rotation": {"angle": 22.5, "axis": "z", "origin": [10.5, 7, 8]},
			"faces": {
				"north": {"uv": [4, 3.5, 4.5, 5.25], "texture": "#0"},
				"east": {"uv": [4.25, 0, 4.75, 1.75], "texture": "#0"},
				"south": {"uv": [4.25, 1.75, 4.75, 3.5], "texture": "#0"},
				"west": {"uv": [4.5, 3.5, 5, 5.25], "texture": "#0"},
				"up": {"uv": [8.25, 0.5, 7.75, 0], "texture": "#0"},
				"down": {"uv": [8.25, 0.5, 7.75, 1], "texture": "#0"}
			}
		},
		{
			"from": [3.64657, 9.82843, 6.975],
			"to": [5.69657, 16.82843, 9.025],
			"rotation": {"angle": 0, "axis": "y", "origin": [10.5, 7, 8]},
			"faces": {
				"north": {"uv": [0, 4.75, 0.5, 6.5], "texture": "#0"},
				"east": {"uv": [4.75, 0, 5.25, 1.75], "texture": "#0"},
				"south": {"uv": [4.75, 1.75, 5.25, 3.5], "texture": "#0"},
				"west": {"uv": [5, 3.5, 5.5, 5.25], "texture": "#0"},
				"up": {"uv": [1.5, 8.25, 1, 7.75], "texture": "#0"},
				"down": {"uv": [8.25, 3.5, 7.75, 4], "texture": "#0"}
			}
		},
		{
			"from": [-1.32843, 9.82843, 8],
			"to": [3.67157, 16.82843, 8],
			"rotation": {"angle": 0, "axis": "y", "origin": [10.5, 7, 8]},
			"faces": {
				"north": {"uv": [0, 0, 1.25, 1.75], "texture": "#0"},
				"east": {"uv": [0, 0, 0, 1.75], "texture": "#0"},
				"south": {"uv": [1.25, 0, 0, 1.75], "texture": "#0"},
				"west": {"uv": [0, 0, 0, 1.75], "texture": "#0"},
				"up": {"uv": [1.25, 0, 0, 0], "texture": "#0"},
				"down": {"uv": [1.25, 0, 0, 0], "texture": "#0"}
			}
		},
		{
			"from": [7.67157, 9.82843, 7],
			"to": [9.67157, 13.82843, 9],
			"rotation": {"angle": 45, "axis": "z", "origin": [10.5, 7, 8]},
			"faces": {
				"north": {"uv": [6.25, 5.5, 6.75, 6.5], "texture": "#0"},
				"east": {"uv": [0, 6.5, 0.5, 7.5], "texture": "#0"},
				"south": {"uv": [6.5, 0, 7, 1], "texture": "#0"},
				"west": {"uv": [0.5, 6.5, 1, 7.5], "texture": "#0"},
				"up": {"uv": [4.25, 8.25, 3.75, 7.75], "texture": "#0"},
				"down": {"uv": [8.25, 4, 7.75, 4.5], "texture": "#0"}
			}
		},
		{
			"from": [3.64657, -11.32843, 6.975],
			"to": [5.69657, -4.32843, 9.025],
			"rotation": {"angle": 0, "axis": "y", "origin": [10.5, -1.5, 8]},
			"faces": {
				"north": {"uv": [5.25, 1.75, 5.75, 3.5], "texture": "#0"},
				"east": {"uv": [2.25, 5.25, 2.75, 7], "texture": "#0"},
				"south": {"uv": [2.75, 5.25, 3.25, 7], "texture": "#0"},
				"west": {"uv": [3.25, 5.25, 3.75, 7], "texture": "#0"},
				"up": {"uv": [6.25, 8.25, 5.75, 7.75], "texture": "#0"},
				"down": {"uv": [8.25, 6, 7.75, 6.5], "texture": "#0"}
			}
		},
		{
			"from": [-1.32843, -15.32843, 8],
			"to": [3.67157, -8.32843, 8],
			"rotation": {"angle": 0, "axis": "y", "origin": [10.5, -1.5, 8]},
			"faces": {
				"north": {"uv": [1.25, 0, 2.5, 1.75], "texture": "#0"},
				"east": {"uv": [0, 0, 0, 1.75], "texture": "#0"},
				"south": {"uv": [2.5, 0, 1.25, 1.75], "texture": "#0"},
				"west": {"uv": [0, 0, 0, 1.75], "texture": "#0"},
				"up": {"uv": [1.25, 0, 0, 0], "texture": "#0"},
				"down": {"uv": [1.25, 0, 0, 0], "texture": "#0"}
			}
		},
		{
			"from": [7.67157, -8.32843, 7],
			"to": [9.67157, -4.32843, 9],
			"rotation": {"angle": -45, "axis": "z", "origin": [10.5, -1.5, 8]},
			"faces": {
				"north": {"uv": [4.25, 6.75, 4.75, 7.75], "texture": "#0"},
				"east": {"uv": [4.75, 6.75, 5.25, 7.75], "texture": "#0"},
				"south": {"uv": [5.25, 6.75, 5.75, 7.75], "texture": "#0"},
				"west": {"uv": [6.75, 5.5, 7.25, 6.5], "texture": "#0"},
				"up": {"uv": [8.25, 8, 7.75, 7.5], "texture": "#0"},
				"down": {"uv": [0.5, 8, 0, 8.5], "texture": "#0"}
			}
		},
		{
			"from": [7.5, -7, 7],
			"to": [8.5, -4, 9],
			"rotation": {"angle": 0, "axis": "y", "origin": [8, -6, 8]},
			"faces": {
				"north": {"uv": [2.25, 8, 2.5, 8.75], "texture": "#0"},
				"east": {"uv": [2.5, 8, 3, 8.75], "texture": "#0"},
				"south": {"uv": [2.25, 8, 2.5, 8.75], "texture": "#0"},
				"west": {"uv": [2.5, 8, 3, 8.75], "texture": "#0"},
				"up": {"uv": [2.25, 8.75, 2.75, 9], "rotation": 90, "texture": "#0"},
				"down": {"uv": [2.25, 8.75, 2.75, 9], "rotation": 270, "texture": "#0"}
			}
		},
		{
			"from": [7, -9, 7.5],
			"to": [9, -6, 8.5],
			"rotation": {"angle": 0, "axis": "y", "origin": [8, -7.5, 8]},
			"faces": {
				"north": {"uv": [2.5, 8, 3, 8.75], "texture": "#0"},
				"east": {"uv": [2.25, 8, 2.5, 8.75], "texture": "#0"},
				"south": {"uv": [2.5, 8, 3, 8.75], "texture": "#0"},
				"west": {"uv": [2.25, 8, 2.5, 8.75], "texture": "#0"},
				"up": {"uv": [2.25, 8.75, 2.75, 9], "rotation": 180, "texture": "#0"},
				"down": {"uv": [2.25, 8.75, 2.75, 9], "rotation": 180, "texture": "#0"}
			}
		},
		{
			"from": [7.5, -10, 7],
			"to": [8.5, -8, 9],
			"rotation": {"angle": 0, "axis": "y", "origin": [8, -2, 8]},
			"faces": {
				"north": {"uv": [2.25, 8.25, 2.5, 8.75], "texture": "#0"},
				"east": {"uv": [2.5, 8.125, 3, 8.625], "texture": "#0"},
				"south": {"uv": [2.25, 8.25, 2.5, 8.75], "texture": "#0"},
				"west": {"uv": [2.5, 8.125, 3, 8.625], "texture": "#0"},
				"up": {"uv": [2.25, 8.75, 2.75, 9], "rotation": 90, "texture": "#0"},
				"down": {"uv": [2.25, 8.75, 2.75, 9], "rotation": 270, "texture": "#0"}
			}
		},
		{
			"from": [7, -5, 7.5],
			"to": [9, -3, 8.5],
			"rotation": {"angle": 0, "axis": "y", "origin": [0, 9, 0]},
			"faces": {
				"north": {"uv": [1.75, 8, 2.25, 8.5], "texture": "#0"},
				"east": {"uv": [1.5, 8, 1.75, 8.5], "texture": "#0"},
				"south": {"uv": [1.75, 8, 2.25, 8.5], "texture": "#0"},
				"west": {"uv": [1.5, 8, 1.75, 8.5], "texture": "#0"},
				"up": {"uv": [1.5, 8.5, 2, 8.75], "texture": "#0"},
				"down": {"uv": [1.5, 8.5, 2, 8.75], "texture": "#0"}
			}
		},
		{
			"from": [7.5, 15, 7],
			"to": [8.5, 18, 9],
			"rotation": {"angle": -45, "axis": "z", "origin": [8, 15.5, 8]},
			"faces": {
				"north": {"uv": [2.25, 8, 2.5, 8.75], "texture": "#0"},
				"east": {"uv": [2.5, 8, 3, 8.75], "texture": "#0"},
				"south": {"uv": [2.25, 8, 2.5, 8.75], "texture": "#0"},
				"west": {"uv": [2.5, 8, 3, 8.75], "texture": "#0"},
				"up": {"uv": [2.25, 8.75, 2.75, 9], "rotation": 90, "texture": "#0"},
				"down": {"uv": [2.25, 8.75, 2.75, 9], "rotation": 270, "texture": "#0"}
			}
		},
		{
			"from": [7, 13, 7.5],
			"to": [9, 16, 8.5],
			"rotation": {"angle": -45, "axis": "z", "origin": [8, 15.5, 8]},
			"faces": {
				"north": {"uv": [2.5, 8, 3, 8.75], "texture": "#0"},
				"east": {"uv": [2.25, 8, 2.5, 8.75], "texture": "#0"},
				"south": {"uv": [2.5, 8, 3, 8.75], "texture": "#0"},
				"west": {"uv": [2.25, 8, 2.5, 8.75], "texture": "#0"},
				"up": {"uv": [2.25, 8.75, 2.75, 9], "rotation": 180, "texture": "#0"},
				"down": {"uv": [2.25, 8.75, 2.75, 9], "rotation": 180, "texture": "#0"}
			}
		},
		{
			"from": [7.5, 12, 7],
			"to": [8.5, 14, 9],
			"rotation": {"angle": -45, "axis": "z", "origin": [8, 15.5, 8]},
			"faces": {
				"north": {"uv": [2.25, 8.25, 2.5, 8.75], "texture": "#0"},
				"east": {"uv": [2.5, 8.125, 3, 8.625], "texture": "#0"},
				"south": {"uv": [2.25, 8.25, 2.5, 8.75], "texture": "#0"},
				"west": {"uv": [2.5, 8.125, 3, 8.625], "texture": "#0"},
				"up": {"uv": [2.25, 8.75, 2.75, 9], "rotation": 90, "texture": "#0"},
				"down": {"uv": [2.25, 8.75, 2.75, 9], "rotation": 270, "texture": "#0"}
			}
		},
		{
			"from": [7, 17, 7.5],
			"to": [9, 19, 8.5],
			"rotation": {"angle": -45, "axis": "z", "origin": [8, 15.5, 8]},
			"faces": {
				"north": {"uv": [1.75, 8, 2.25, 8.5], "texture": "#0"},
				"east": {"uv": [1.5, 8, 1.75, 8.5], "texture": "#0"},
				"south": {"uv": [1.75, 8, 2.25, 8.5], "texture": "#0"},
				"west": {"uv": [1.5, 8, 1.75, 8.5], "texture": "#0"},
				"up": {"uv": [1.5, 8.5, 2, 8.75], "texture": "#0"},
				"down": {"uv": [1.5, 8.5, 2, 8.75], "texture": "#0"}
			}
		},
		{
			"from": [7.5, 19, 7],
			"to": [10.5, 20, 9],
			"rotation": {"angle": 22.5, "axis": "z", "origin": [8, 15.5, 8]},
			"faces": {
				"north": {"uv": [2.25, 8, 2.5, 8.75], "rotation": 270, "texture": "#0"},
				"east": {"uv": [2.25, 8.75, 2.75, 9], "rotation": 180, "texture": "#0"},
				"south": {"uv": [2.25, 8, 2.5, 8.75], "rotation": 90, "texture": "#0"},
				"west": {"uv": [2.25, 8.75, 2.75, 9], "texture": "#0"},
				"up": {"uv": [2.5, 8, 3, 8.75], "rotation": 90, "texture": "#0"},
				"down": {"uv": [2.5, 8, 3, 8.75], "rotation": 90, "texture": "#0"}
			}
		},
		{
			"from": [5.5, 18.5, 7.5],
			"to": [8.5, 20.5, 8.5],
			"rotation": {"angle": 22.5, "axis": "z", "origin": [8, 15.5, 8]},
			"faces": {
				"north": {"uv": [2.5, 8, 3, 8.75], "rotation": 270, "texture": "#0"},
				"east": {"uv": [2.25, 8.75, 2.75, 9], "rotation": 270, "texture": "#0"},
				"south": {"uv": [2.5, 8, 3, 8.75], "rotation": 90, "texture": "#0"},
				"west": {"uv": [2.25, 8.75, 2.75, 9], "rotation": 270, "texture": "#0"},
				"up": {"uv": [2.25, 8, 2.5, 8.75], "rotation": 90, "texture": "#0"},
				"down": {"uv": [2.25, 8, 2.5, 8.75], "rotation": 90, "texture": "#0"}
			}
		},
		{
			"from": [9.5, 18.5, 7.5],
			"to": [11.5, 20.5, 8.5],
			"rotation": {"angle": 22.5, "axis": "z", "origin": [8, 15.5, 8]},
			"faces": {
				"north": {"uv": [1.75, 8, 2.25, 8.5], "rotation": 270, "texture": "#0"},
				"east": {"uv": [1.5, 8.5, 2, 8.75], "rotation": 90, "texture": "#0"},
				"south": {"uv": [1.75, 8, 2.25, 8.5], "rotation": 90, "texture": "#0"},
				"west": {"uv": [1.5, 8.5, 2, 8.75], "rotation": 90, "texture": "#0"},
				"up": {"uv": [1.5, 8, 1.75, 8.5], "rotation": 90, "texture": "#0"},
				"down": {"uv": [1.5, 8, 1.75, 8.5], "rotation": 90, "texture": "#0"}
			}
		},
		{
			"from": [-11, 11, 8],
			"to": [3, 29, 8],
			"rotation": {"angle": -22.5, "axis": "z", "origin": [0, 0, 0]},
			"faces": {
				"north": {"uv": [7, 0, 0, 9], "texture": "#1"},
				"east": {"uv": [0, 0, 0, 9], "texture": "#1"},
				"south": {"uv": [0, 0, 7, 9], "texture": "#1"},
				"west": {"uv": [0, 0, 0, 9], "texture": "#1"},
				"up": {"uv": [0, 0, 7, 0], "texture": "#1"},
				"down": {"uv": [0, 0, 7, 0], "texture": "#1"}
			}
		},
		{
			"from": [-2, -7, 8],
			"to": [12, 11, 8],
			"faces": {
				"north": {"uv": [0, 0, 7, 9], "texture": "#1"},
				"east": {"uv": [0, 0, 0, 9], "texture": "#1"},
				"south": {"uv": [7, 0, 0, 9], "texture": "#1"},
				"west": {"uv": [0, 0, 0, 9], "texture": "#1"},
				"up": {"uv": [0, 0, 7, 0], "texture": "#1"},
				"down": {"uv": [0, 0, 7, 0], "texture": "#1"}
			}
		}
	],
	"display": {
		"thirdperson_righthand": {
			"rotation": [0, 90, 0],
			"translation": [0, 3, 1.75],
			"scale": [0.6, 0.6, 0.6]
		},
		"thirdperson_lefthand": {
			"rotation": [0, -90, 0],
			"translation": [0, 3, 1.75],
			"scale": [0.6, 0.6, 0.6]
		},
		"firstperson_righthand": {
			"rotation": [0, 90, 20],
			"translation": [1.25, 0, 0],
			"scale": [0.4, 0.4, 0.4]
		},
		"firstperson_lefthand": {
			"rotation": [0, -90, -20],
			"translation": [1.25, 0, 0],
			"scale": [0.4, 0.4, 0.4]
		},
		"ground": {
			"translation": [0, 6, 0],
			"scale": [0.5, 0.5, 0.5]
		},
		"gui": {
			"rotation": [0, 0, -45],
			"scale": [0.4, 0.4, 0.4]
		},
		"head": {
			"rotation": [-180, -90, 0],
			"translation": [0, 14.5, 1.75],
			"scale": [0.6, 0.6, 0.6]
		},
		"fixed": {
			"rotation": [0, 0, -45],
			"translation": [0, 0, -1.5],
			"scale": [0.6, 0.6, 0.6]
		}
	},
	"groups": [
		0,
		1,
		2,
		3,
		4,
		5,
		6,
		7,
		8,
		{
			"name": "group",
			"origin": [9.5, 0, 8],
			"color": 0,
			"children": [
				9,
				10,
				{
					"name": "group",
					"origin": [8.5, 0, 8],
					"color": 0,
					"children": [11, 12, 13, 14]
				},
				15,
				16,
				17,
				18,
				19,
				20
			]
		},
		{
			"name": "group",
			"origin": [9.5, 0, 8],
			"color": 0,
			"children": [21, 22, 23, 24]
		},
		{
			"name": "group",
			"origin": [9.5, 0, 8],
			"color": 0,
			"children": [25, 26, 27]
		},
		{
			"name": "group",
			"origin": [0, 9, 0],
			"color": 0,
			"children": [28, 29, 30, 31]
		},
		{
			"name": "group",
			"origin": [0, 9, 0],
			"color": 0,
			"children": [32, 33, 34, 35]
		},
		{
			"name": "group",
			"origin": [0, 9, 0],
			"color": 0,
			"children": [36, 37, 38]
		},
		39,
		40
	]
}