{
	"credit": "Made with Blockbench",
	"texture_size": [32, 32],
	"textures": {
		"0": "item/swords/candy_apple",
		"particle": "item/swords/candy_apple"
	},
	"elements": [
		{
			"from": [7.25, -0.25, 7.25],
			"to": [8.75, 14, 8.75],
			"rotation": {"angle": 0, "axis": "y", "origin": [8, 23.5375, 8]},
			"faces": {
				"north": {"uv": [0, 0, 1, 13], "texture": "#0"},
				"east": {"uv": [1, 0, 2, 13], "texture": "#0"},
				"south": {"uv": [2, 0, 3, 13], "texture": "#0"},
				"west": {"uv": [3, 0, 4, 13], "texture": "#0"},
				"up": {"uv": [12, 10, 11, 9], "texture": "#0"},
				"down": {"uv": [13, 9, 12, 10], "texture": "#0"}
			}
		},
		{
			"from": [5, 13.2, 5],
			"to": [11, 19.2, 11],
			"rotation": {"angle": 0, "axis": "y", "origin": [8, 23.5375, 8]},
			"faces": {
				"north": {"uv": [4, 10.5, 7, 13.5], "texture": "#0"},
				"east": {"uv": [7, 10.5, 10, 13.5], "texture": "#0"},
				"south": {"uv": [10, 10.5, 13, 13.5], "texture": "#0"},
				"west": {"uv": [11, 0, 14, 3], "texture": "#0"},
				"up": {"uv": [14, 6, 11, 3], "texture": "#0"},
				"down": {"uv": [14, 6, 11, 9], "texture": "#0"}
			}
		},
		{
			"from": [4.75, 12.2, 4.75],
			"to": [11.25, 19.45, 11.25],
			"rotation": {"angle": 0, "axis": "y", "origin": [8, 23.5375, 8]},
			"faces": {
				"north": {"uv": [4, 0, 7.5, 3.5], "texture": "#0"},
				"east": {"uv": [4, 3.5, 7.5, 7], "texture": "#0"},
				"south": {"uv": [4, 7, 7.5, 10.5], "texture": "#0"},
				"west": {"uv": [7.5, 0, 11, 3.5], "texture": "#0"},
				"up": {"uv": [11, 7, 7.5, 3.5], "texture": "#0"},
				"down": {"uv": [11, 7, 7.5, 10.5], "texture": "#0"}
			}
		}
	],
	"display": {
		"thirdperson_righthand": {
			"translation": [0, 1, 2],
			"scale": [0.8, 0.8, 0.8]
		},
		"thirdperson_lefthand": {
			"translation": [0, 1, 2],
			"scale": [0.8, 0.8, 0.8]
		},
		"firstperson_righthand": {
			"rotation": [20, 0, 0],
			"translation": [0, 1.25, 0.5],
			"scale": [0.6, 0.6, 0.6]
		},
		"firstperson_lefthand": {
			"rotation": [20, 0, 0],
			"translation": [0, 1.25, 0.5],
			"scale": [0.6, 0.6, 0.6]
		},
		"ground": {
			"translation": [0, 3.25, 0],
			"scale": [0.8, 0.8, 0.8]
		},
		"gui": {
			"rotation": [0, 0, -45],
			"translation": [-1.5, -1.5, 0],
			"scale": [0.9, 0.9, 0.9]
		},
		"fixed": {
			"rotation": [0, 0, 45],
			"translation": [1.5, -1.75, -0.25]
		}
	}
}