{
	"credit": "Made with Blockbench",
	"textures": {
		"0": "item/swords/devil_trident/devil_trident",
		"1": "item/swords/devil_trident/devil_tridenthilt",
		"particle": "item/swords/devil_trident/devil_trident"
	},
	"elements": [
		{
			"from": [7.61015, 0.1725, 7.6619],
			"to": [8.38985, 22.9011, 8.4416],
			"rotation": {"angle": 0, "axis": "y", "origin": [8, 20.50977, 8]},
			"faces": {
				"north": {"uv": [0, 0, 1, 16], "texture": "#1"},
				"east": {"uv": [1, 0, 2, 16], "texture": "#1"},
				"south": {"uv": [2, 0, 3, 16], "texture": "#1"},
				"west": {"uv": [3, 0, 4, 16], "texture": "#1"},
				"up": {"uv": [5, 1, 4, 0], "texture": "#1"},
				"down": {"uv": [5, 1, 4, 2], "texture": "#1"}
			}
		},
		{
			"from": [7.43765, 0.069, 7.5239],
			"to": [8.56235, 1.9251, 8.5796],
			"rotation": {"angle": 0, "axis": "y", "origin": [8, 20.50977, 8]},
			"faces": {
				"north": {"uv": [4, 2, 5, 3], "texture": "#1"},
				"east": {"uv": [4, 3, 5, 4], "texture": "#1"},
				"south": {"uv": [4, 4, 5, 5], "texture": "#1"},
				"west": {"uv": [5, 0, 6, 1], "texture": "#1"},
				"up": {"uv": [6, 2, 5, 1], "texture": "#1"},
				"down": {"uv": [6, 2, 5, 3], "texture": "#1"}
			}
		},
		{
			"name": "deviltrident_0",
			"from": [7.71379, 22.89987, 7.41799],
			"to": [8.28621, 31.20002, 8.47852],
			"rotation": {"angle": 0, "axis": "y", "origin": [8, 20.50977, 8]},
			"faces": {
				"north": {"uv": [8.5, 0, 7.5, 14.5], "texture": "#0"},
				"east": {"uv": [8, 0, 8.5, 14.5], "texture": "#0"},
				"south": {"uv": [7.5, 0, 8.5, 14.5], "texture": "#0"},
				"west": {"uv": [7.5, 0, 8, 14.5], "texture": "#0"},
				"up": {"uv": [7.5, 0, 8.5, 0.5], "texture": "#0"},
				"down": {"uv": [7.5, 14, 8.5, 14.5], "texture": "#0"}
			}
		},
		{
			"name": "deviltrident_1",
			"from": [4.56546, 27.47926, 7.59049],
			"to": [4.85167, 30.05517, 8.30602],
			"rotation": {"angle": 0, "axis": "y", "origin": [8, 20.50977, 8]},
			"faces": {
				"north": {"uv": [2.5, 2, 2, 6.5], "texture": "#0"},
				"east": {"uv": [2, 2, 2.5, 6.5], "texture": "#0"},
				"south": {"uv": [2, 2, 2.5, 6.5], "texture": "#0"},
				"west": {"uv": [2, 2, 2.5, 6.5], "texture": "#0"},
				"up": {"uv": [2, 2, 2.5, 2.5], "texture": "#0"},
				"down": {"uv": [2, 6, 2.5, 6.5], "texture": "#0"}
			}
		},
		{
			"name": "deviltrident_2",
			"from": [7.42758, 28.91032, 7.41799],
			"to": [7.71379, 30.05517, 8.47852],
			"rotation": {"angle": 0, "axis": "y", "origin": [8, 20.50977, 8]},
			"faces": {
				"north": {"uv": [7.5, 2, 7, 4], "texture": "#0"},
				"east": {"uv": [7, 2, 7.5, 4], "texture": "#0"},
				"south": {"uv": [7, 2, 7.5, 4], "texture": "#0"},
				"west": {"uv": [7, 2, 7.5, 4], "texture": "#0"},
				"up": {"uv": [7, 2, 7.5, 2.5], "texture": "#0"},
				"down": {"uv": [7, 3.5, 7.5, 4], "texture": "#0"}
			}
		},
		{
			"name": "deviltrident_3",
			"from": [8.28621, 28.91032, 7.41799],
			"to": [8.57242, 30.05517, 8.47852],
			"rotation": {"angle": 0, "axis": "y", "origin": [8, 20.50977, 8]},
			"faces": {
				"north": {"uv": [9, 2, 8.5, 4], "texture": "#0"},
				"east": {"uv": [8.5, 2, 9, 4], "texture": "#0"},
				"south": {"uv": [8.5, 2, 9, 4], "texture": "#0"},
				"west": {"uv": [8.5, 2, 9, 4], "texture": "#0"},
				"up": {"uv": [8.5, 2, 9, 2.5], "texture": "#0"},
				"down": {"uv": [8.5, 3.5, 9, 4], "texture": "#0"}
			}
		},
		{
			"name": "deviltrident_4",
			"from": [11.14833, 27.47926, 7.59049],
			"to": [11.43454, 30.05517, 8.30602],
			"rotation": {"angle": 0, "axis": "y", "origin": [8, 20.50977, 8]},
			"faces": {
				"north": {"uv": [14, 2, 13.5, 6.5], "texture": "#0"},
				"east": {"uv": [13.5, 2, 14, 6.5], "texture": "#0"},
				"south": {"uv": [13.5, 2, 14, 6.5], "texture": "#0"},
				"west": {"uv": [13.5, 2, 14, 6.5], "texture": "#0"},
				"up": {"uv": [13.5, 2, 14, 2.5], "texture": "#0"},
				"down": {"uv": [13.5, 6, 14, 6.5], "texture": "#0"}
			}
		},
		{
			"name": "deviltrident_5",
			"from": [4.85167, 22.89987, 7.59049],
			"to": [5.13788, 29.48275, 8.30602],
			"rotation": {"angle": 0, "axis": "y", "origin": [8, 20.50977, 8]},
			"faces": {
				"north": {"uv": [3, 3, 2.5, 14.5], "texture": "#0"},
				"east": {"uv": [2.5, 3, 3, 14.5], "texture": "#0"},
				"south": {"uv": [2.5, 3, 3, 14.5], "texture": "#0"},
				"west": {"uv": [2.5, 3, 3, 14.5], "texture": "#0"},
				"up": {"uv": [2.5, 3, 3, 3.5], "texture": "#0"},
				"down": {"uv": [2.5, 14, 3, 14.5], "texture": "#0"}
			}
		},
		{
			"name": "deviltrident_6",
			"from": [10.86212, 22.89987, 7.59049],
			"to": [11.14833, 29.48275, 8.30602],
			"rotation": {"angle": 0, "axis": "y", "origin": [8, 20.50977, 8]},
			"faces": {
				"north": {"uv": [13.5, 3, 13, 14.5], "texture": "#0"},
				"east": {"uv": [13, 3, 13.5, 14.5], "texture": "#0"},
				"south": {"uv": [13, 3, 13.5, 14.5], "texture": "#0"},
				"west": {"uv": [13, 3, 13.5, 14.5], "texture": "#0"},
				"up": {"uv": [13, 3, 13.5, 3.5], "texture": "#0"},
				"down": {"uv": [13, 14, 13.5, 14.5], "texture": "#0"}
			}
		},
		{
			"name": "deviltrident_7",
			"from": [5.13788, 26.33442, 7.59049],
			"to": [5.42409, 29.19654, 8.30602],
			"rotation": {"angle": 0, "axis": "y", "origin": [8, 20.50977, 8]},
			"faces": {
				"north": {"uv": [3.5, 3.5, 3, 8.5], "texture": "#0"},
				"east": {"uv": [3, 3.5, 3.5, 8.5], "texture": "#0"},
				"south": {"uv": [3, 3.5, 3.5, 8.5], "texture": "#0"},
				"west": {"uv": [3, 3.5, 3.5, 8.5], "texture": "#0"},
				"up": {"uv": [3, 3.5, 3.5, 4], "texture": "#0"},
				"down": {"uv": [3, 8, 3.5, 8.5], "texture": "#0"}
			}
		},
		{
			"name": "deviltrident_8",
			"from": [7.14136, 28.62411, 7.41799],
			"to": [7.42758, 29.19654, 8.47852],
			"rotation": {"angle": 0, "axis": "y", "origin": [8, 20.50977, 8]},
			"faces": {
				"north": {"uv": [7, 3.5, 6.5, 4.5], "texture": "#0"},
				"east": {"uv": [6.5, 3.5, 7, 4.5], "texture": "#0"},
				"south": {"uv": [6.5, 3.5, 7, 4.5], "texture": "#0"},
				"west": {"uv": [6.5, 3.5, 7, 4.5], "texture": "#0"},
				"up": {"uv": [6.5, 3.5, 7, 4], "texture": "#0"},
				"down": {"uv": [6.5, 4, 7, 4.5], "texture": "#0"}
			}
		},
		{
			"name": "deviltrident_9",
			"from": [8.57242, 28.62411, 7.41799],
			"to": [8.85864, 29.19654, 8.47852],
			"rotation": {"angle": 0, "axis": "y", "origin": [8, 20.50977, 8]},
			"faces": {
				"north": {"uv": [9.5, 3.5, 9, 4.5], "texture": "#0"},
				"east": {"uv": [9, 3.5, 9.5, 4.5], "texture": "#0"},
				"south": {"uv": [9, 3.5, 9.5, 4.5], "texture": "#0"},
				"west": {"uv": [9, 3.5, 9.5, 4.5], "texture": "#0"},
				"up": {"uv": [9, 3.5, 9.5, 4], "texture": "#0"},
				"down": {"uv": [9, 4, 9.5, 4.5], "texture": "#0"}
			}
		},
		{
			"name": "deviltrident_10",
			"from": [10.57591, 26.33442, 7.59049],
			"to": [10.86212, 29.19654, 8.30602],
			"rotation": {"angle": 0, "axis": "y", "origin": [8, 20.50977, 8]},
			"faces": {
				"north": {"uv": [13, 3.5, 12.5, 8.5], "texture": "#0"},
				"east": {"uv": [12.5, 3.5, 13, 8.5], "texture": "#0"},
				"south": {"uv": [12.5, 3.5, 13, 8.5], "texture": "#0"},
				"west": {"uv": [12.5, 3.5, 13, 8.5], "texture": "#0"},
				"up": {"uv": [12.5, 3.5, 13, 4], "texture": "#0"},
				"down": {"uv": [12.5, 8, 13, 8.5], "texture": "#0"}
			}
		},
		{
			"name": "deviltrident_11",
			"from": [4.27924, 27.47926, 7.72849],
			"to": [4.56546, 28.91032, 8.16802],
			"rotation": {"angle": 0, "axis": "y", "origin": [8, 20.50977, 8]},
			"faces": {
				"north": {"uv": [2, 4, 1.5, 6.5], "texture": "#0"},
				"east": {"uv": [1.5, 4, 2, 6.5], "texture": "#0"},
				"south": {"uv": [1.5, 4, 2, 6.5], "texture": "#0"},
				"west": {"uv": [1.5, 4, 2, 6.5], "texture": "#0"},
				"up": {"uv": [1.5, 4, 2, 4.5], "texture": "#0"},
				"down": {"uv": [1.5, 6, 2, 6.5], "texture": "#0"}
			}
		},
		{
			"name": "deviltrident_12",
			"from": [5.42409, 26.33442, 7.59049],
			"to": [5.7103, 28.91032, 8.30602],
			"rotation": {"angle": 0, "axis": "y", "origin": [8, 20.50977, 8]},
			"faces": {
				"north": {"uv": [4, 4, 3.5, 8.5], "texture": "#0"},
				"east": {"uv": [3.5, 4, 4, 8.5], "texture": "#0"},
				"south": {"uv": [3.5, 4, 4, 8.5], "texture": "#0"},
				"west": {"uv": [3.5, 4, 4, 8.5], "texture": "#0"},
				"up": {"uv": [3.5, 4, 4, 4.5], "texture": "#0"},
				"down": {"uv": [3.5, 8, 4, 8.5], "texture": "#0"}
			}
		},
		{
			"name": "deviltrident_13",
			"from": [10.2897, 26.33442, 7.59049],
			"to": [10.57591, 28.91032, 8.30602],
			"rotation": {"angle": 0, "axis": "y", "origin": [8, 20.50977, 8]},
			"faces": {
				"north": {"uv": [12.5, 4, 12, 8.5], "texture": "#0"},
				"east": {"uv": [12, 4, 12.5, 8.5], "texture": "#0"},
				"south": {"uv": [12, 4, 12.5, 8.5], "texture": "#0"},
				"west": {"uv": [12, 4, 12.5, 8.5], "texture": "#0"},
				"up": {"uv": [12, 4, 12.5, 4.5], "texture": "#0"},
				"down": {"uv": [12, 8, 12.5, 8.5], "texture": "#0"}
			}
		},
		{
			"name": "deviltrident_14",
			"from": [11.43454, 27.47926, 7.72849],
			"to": [11.72076, 28.91032, 8.16802],
			"rotation": {"angle": 0, "axis": "y", "origin": [8, 20.50977, 8]},
			"faces": {
				"north": {"uv": [14.5, 4, 14, 6.5], "texture": "#0"},
				"east": {"uv": [14, 4, 14.5, 6.5], "texture": "#0"},
				"south": {"uv": [14, 4, 14.5, 6.5], "texture": "#0"},
				"west": {"uv": [14, 4, 14.5, 6.5], "texture": "#0"},
				"up": {"uv": [14, 4, 14.5, 4.5], "texture": "#0"},
				"down": {"uv": [14, 6, 14.5, 6.5], "texture": "#0"}
			}
		},
		{
			"name": "deviltrident_15",
			"from": [5.7103, 27.47926, 7.59049],
			"to": [5.99652, 28.62411, 8.30602],
			"rotation": {"angle": 0, "axis": "y", "origin": [8, 20.50977, 8]},
			"faces": {
				"north": {"uv": [4.5, 4.5, 4, 6.5], "texture": "#0"},
				"east": {"uv": [4, 4.5, 4.5, 6.5], "texture": "#0"},
				"south": {"uv": [4, 4.5, 4.5, 6.5], "texture": "#0"},
				"west": {"uv": [4, 4.5, 4.5, 6.5], "texture": "#0"},
				"up": {"uv": [4, 4.5, 4.5, 5], "texture": "#0"},
				"down": {"uv": [4, 6, 4.5, 6.5], "texture": "#0"}
			}
		},
		{
			"name": "deviltrident_16",
			"from": [10.00348, 27.47926, 7.59049],
			"to": [10.2897, 28.62411, 8.30602],
			"rotation": {"angle": 0, "axis": "y", "origin": [8, 20.50977, 8]},
			"faces": {
				"north": {"uv": [12, 4.5, 11.5, 6.5], "texture": "#0"},
				"east": {"uv": [11.5, 4.5, 12, 6.5], "texture": "#0"},
				"south": {"uv": [11.5, 4.5, 12, 6.5], "texture": "#0"},
				"west": {"uv": [11.5, 4.5, 12, 6.5], "texture": "#0"},
				"up": {"uv": [11.5, 4.5, 12, 5], "texture": "#0"},
				"down": {"uv": [11.5, 6, 12, 6.5], "texture": "#0"}
			}
		},
		{
			"name": "deviltrident_17",
			"from": [7.42758, 22.89987, 7.27999],
			"to": [7.71379, 28.3379, 8.61652],
			"rotation": {"angle": 0, "axis": "y", "origin": [8, 20.50977, 8]},
			"faces": {
				"north": {"uv": [7.5, 5, 7, 14.5], "texture": "#0"},
				"east": {"uv": [7, 5, 7.5, 14.5], "texture": "#0"},
				"south": {"uv": [7, 5, 7.5, 14.5], "texture": "#0"},
				"west": {"uv": [7, 5, 7.5, 14.5], "texture": "#0"},
				"up": {"uv": [7, 5, 7.5, 5.5], "texture": "#0"},
				"down": {"uv": [7, 14, 7.5, 14.5], "texture": "#0"}
			}
		},
		{
			"name": "deviltrident_18",
			"from": [8.28621, 22.89987, 7.27999],
			"to": [8.57242, 28.3379, 8.61652],
			"rotation": {"angle": 0, "axis": "y", "origin": [8, 20.50977, 8]},
			"faces": {
				"north": {"uv": [9, 5, 8.5, 14.5], "texture": "#0"},
				"east": {"uv": [8.5, 5, 9, 14.5], "texture": "#0"},
				"south": {"uv": [8.5, 5, 9, 14.5], "texture": "#0"},
				"west": {"uv": [8.5, 5, 9, 14.5], "texture": "#0"},
				"up": {"uv": [8.5, 5, 9, 5.5], "texture": "#0"},
				"down": {"uv": [8.5, 14, 9, 14.5], "texture": "#0"}
			}
		},
		{
			"name": "deviltrident_19",
			"from": [5.99652, 27.47926, 7.41799],
			"to": [6.28273, 28.05169, 8.47852],
			"rotation": {"angle": 0, "axis": "y", "origin": [8, 20.50977, 8]},
			"faces": {
				"north": {"uv": [5, 5.5, 4.5, 6.5], "texture": "#0"},
				"east": {"uv": [4.5, 5.5, 5, 6.5], "texture": "#0"},
				"south": {"uv": [4.5, 5.5, 5, 6.5], "texture": "#0"},
				"west": {"uv": [4.5, 5.5, 5, 6.5], "texture": "#0"},
				"up": {"uv": [4.5, 5.5, 5, 6], "texture": "#0"},
				"down": {"uv": [4.5, 6, 5, 6.5], "texture": "#0"}
			}
		},
		{
			"name": "deviltrident_20",
			"from": [9.71727, 27.47926, 7.41799],
			"to": [10.00348, 28.05169, 8.47852],
			"rotation": {"angle": 0, "axis": "y", "origin": [8, 20.50977, 8]},
			"faces": {
				"north": {"uv": [11.5, 5.5, 11, 6.5], "texture": "#0"},
				"east": {"uv": [11, 5.5, 11.5, 6.5], "texture": "#0"},
				"south": {"uv": [11, 5.5, 11.5, 6.5], "texture": "#0"},
				"west": {"uv": [11, 5.5, 11.5, 6.5], "texture": "#0"},
				"up": {"uv": [11, 5.5, 11.5, 6], "texture": "#0"},
				"down": {"uv": [11, 6, 11.5, 6.5], "texture": "#0"}
			}
		},
		{
			"name": "deviltrident_21",
			"from": [3.99303, 27.47926, 7.72849],
			"to": [4.27924, 27.76548, 8.16802],
			"rotation": {"angle": 0, "axis": "y", "origin": [8, 20.50977, 8]},
			"faces": {
				"north": {"uv": [1.5, 6, 1, 6.5], "texture": "#0"},
				"east": {"uv": [1, 6, 1.5, 6.5], "texture": "#0"},
				"south": {"uv": [1, 6, 1.5, 6.5], "texture": "#0"},
				"west": {"uv": [1, 6, 1.5, 6.5], "texture": "#0"},
				"up": {"uv": [1, 6, 1.5, 6.5], "texture": "#0"},
				"down": {"uv": [1, 6, 1.5, 6.5], "texture": "#0"}
			}
		},
		{
			"name": "deviltrident_22",
			"from": [6.28273, 27.47926, 7.41799],
			"to": [6.56894, 27.76548, 8.47852],
			"rotation": {"angle": 0, "axis": "y", "origin": [8, 20.50977, 8]},
			"faces": {
				"north": {"uv": [5.5, 6, 5, 6.5], "texture": "#0"},
				"east": {"uv": [5, 6, 5.5, 6.5], "texture": "#0"},
				"south": {"uv": [5, 6, 5.5, 6.5], "texture": "#0"},
				"west": {"uv": [5, 6, 5.5, 6.5], "texture": "#0"},
				"up": {"uv": [5, 6, 5.5, 6.5], "texture": "#0"},
				"down": {"uv": [5, 6, 5.5, 6.5], "texture": "#0"}
			}
		},
		{
			"name": "deviltrident_23",
			"from": [7.14136, 25.47578, 7.41799],
			"to": [7.42758, 27.76548, 8.47852],
			"rotation": {"angle": 0, "axis": "y", "origin": [8, 20.50977, 8]},
			"faces": {
				"north": {"uv": [7, 6, 6.5, 10], "texture": "#0"},
				"east": {"uv": [6.5, 6, 7, 10], "texture": "#0"},
				"south": {"uv": [6.5, 6, 7, 10], "texture": "#0"},
				"west": {"uv": [6.5, 6, 7, 10], "texture": "#0"},
				"up": {"uv": [6.5, 6, 7, 6.5], "texture": "#0"},
				"down": {"uv": [6.5, 9.5, 7, 10], "texture": "#0"}
			}
		},
		{
			"name": "deviltrident_24",
			"from": [8.57242, 25.47578, 7.41799],
			"to": [8.85864, 27.76548, 8.47852],
			"rotation": {"angle": 0, "axis": "y", "origin": [8, 20.50977, 8]},
			"faces": {
				"north": {"uv": [9.5, 6, 9, 10], "texture": "#0"},
				"east": {"uv": [9, 6, 9.5, 10], "texture": "#0"},
				"south": {"uv": [9, 6, 9.5, 10], "texture": "#0"},
				"west": {"uv": [9, 6, 9.5, 10], "texture": "#0"},
				"up": {"uv": [9, 6, 9.5, 6.5], "texture": "#0"},
				"down": {"uv": [9, 9.5, 9.5, 10], "texture": "#0"}
			}
		},
		{
			"name": "deviltrident_25",
			"from": [9.43106, 27.47926, 7.41799],
			"to": [9.71727, 27.76548, 8.47852],
			"rotation": {"angle": 0, "axis": "y", "origin": [8, 20.50977, 8]},
			"faces": {
				"north": {"uv": [11, 6, 10.5, 6.5], "texture": "#0"},
				"east": {"uv": [10.5, 6, 11, 6.5], "texture": "#0"},
				"south": {"uv": [10.5, 6, 11, 6.5], "texture": "#0"},
				"west": {"uv": [10.5, 6, 11, 6.5], "texture": "#0"},
				"up": {"uv": [10.5, 6, 11, 6.5], "texture": "#0"},
				"down": {"uv": [10.5, 6, 11, 6.5], "texture": "#0"}
			}
		},
		{
			"name": "deviltrident_26",
			"from": [11.72076, 27.47926, 7.72849],
			"to": [12.00697, 27.76548, 8.16802],
			"rotation": {"angle": 0, "axis": "y", "origin": [8, 20.50977, 8]},
			"faces": {
				"north": {"uv": [15, 6, 14.5, 6.5], "texture": "#0"},
				"east": {"uv": [14.5, 6, 15, 6.5], "texture": "#0"},
				"south": {"uv": [14.5, 6, 15, 6.5], "texture": "#0"},
				"west": {"uv": [14.5, 6, 15, 6.5], "texture": "#0"},
				"up": {"uv": [14.5, 6, 15, 6.5], "texture": "#0"},
				"down": {"uv": [14.5, 6, 15, 6.5], "texture": "#0"}
			}
		},
		{
			"name": "deviltrident_27",
			"from": [4.56546, 23.18608, 7.59049],
			"to": [4.85167, 27.19305, 8.30602],
			"rotation": {"angle": 0, "axis": "y", "origin": [8, 20.50977, 8]},
			"faces": {
				"north": {"uv": [2.5, 7, 2, 14], "texture": "#0"},
				"east": {"uv": [2, 7, 2.5, 14], "texture": "#0"},
				"south": {"uv": [2, 7, 2.5, 14], "texture": "#0"},
				"west": {"uv": [2, 7, 2.5, 14], "texture": "#0"},
				"up": {"uv": [2, 7, 2.5, 7.5], "texture": "#0"},
				"down": {"uv": [2, 13.5, 2.5, 14], "texture": "#0"}
			}
		},
		{
			"name": "deviltrident_28",
			"from": [11.14833, 23.18608, 7.59049],
			"to": [11.43454, 27.19305, 8.30602],
			"rotation": {"angle": 0, "axis": "y", "origin": [8, 20.50977, 8]},
			"faces": {
				"north": {"uv": [14, 7, 13.5, 14], "texture": "#0"},
				"east": {"uv": [13.5, 7, 14, 14], "texture": "#0"},
				"south": {"uv": [13.5, 7, 14, 14], "texture": "#0"},
				"west": {"uv": [13.5, 7, 14, 14], "texture": "#0"},
				"up": {"uv": [13.5, 7, 14, 7.5], "texture": "#0"},
				"down": {"uv": [13.5, 13.5, 14, 14], "texture": "#0"}
			}
		},
		{
			"name": "deviltrident_29",
			"from": [4.27924, 23.75851, 7.59049],
			"to": [4.56546, 26.62063, 8.30602],
			"rotation": {"angle": 0, "axis": "y", "origin": [8, 20.50977, 8]},
			"faces": {
				"north": {"uv": [2, 8, 1.5, 13], "texture": "#0"},
				"east": {"uv": [1.5, 8, 2, 13], "texture": "#0"},
				"south": {"uv": [1.5, 8, 2, 13], "texture": "#0"},
				"west": {"uv": [1.5, 8, 2, 13], "texture": "#0"},
				"up": {"uv": [1.5, 8, 2, 8.5], "texture": "#0"},
				"down": {"uv": [1.5, 12.5, 2, 13], "texture": "#0"}
			}
		},
		{
			"name": "deviltrident_30",
			"from": [6.85515, 25.18957, 7.41799],
			"to": [7.14136, 26.62063, 8.47852],
			"rotation": {"angle": 0, "axis": "y", "origin": [8, 20.50977, 8]},
			"faces": {
				"north": {"uv": [6.5, 8, 6, 10.5], "texture": "#0"},
				"east": {"uv": [6, 8, 6.5, 10.5], "texture": "#0"},
				"south": {"uv": [6, 8, 6.5, 10.5], "texture": "#0"},
				"west": {"uv": [6, 8, 6.5, 10.5], "texture": "#0"},
				"up": {"uv": [6, 8, 6.5, 8.5], "texture": "#0"},
				"down": {"uv": [6, 10, 6.5, 10.5], "texture": "#0"}
			}
		},
		{
			"name": "deviltrident_31",
			"from": [8.85864, 25.18957, 7.41799],
			"to": [9.14485, 26.62063, 8.47852],
			"rotation": {"angle": 0, "axis": "y", "origin": [8, 20.50977, 8]},
			"faces": {
				"north": {"uv": [10, 8, 9.5, 10.5], "texture": "#0"},
				"east": {"uv": [9.5, 8, 10, 10.5], "texture": "#0"},
				"south": {"uv": [9.5, 8, 10, 10.5], "texture": "#0"},
				"west": {"uv": [9.5, 8, 10, 10.5], "texture": "#0"},
				"up": {"uv": [9.5, 8, 10, 8.5], "texture": "#0"},
				"down": {"uv": [9.5, 10, 10, 10.5], "texture": "#0"}
			}
		},
		{
			"name": "deviltrident_32",
			"from": [11.43454, 23.75851, 7.59049],
			"to": [11.72076, 26.62063, 8.30602],
			"rotation": {"angle": 0, "axis": "y", "origin": [8, 20.50977, 8]},
			"faces": {
				"north": {"uv": [14.5, 8, 14, 13], "texture": "#0"},
				"east": {"uv": [14, 8, 14.5, 13], "texture": "#0"},
				"south": {"uv": [14, 8, 14.5, 13], "texture": "#0"},
				"west": {"uv": [14, 8, 14.5, 13], "texture": "#0"},
				"up": {"uv": [14, 8, 14.5, 8.5], "texture": "#0"},
				"down": {"uv": [14, 12.5, 14.5, 13], "texture": "#0"}
			}
		},
		{
			"name": "deviltrident_33",
			"from": [3.99303, 24.33093, 7.59049],
			"to": [4.27924, 26.0482, 8.30602],
			"rotation": {"angle": 0, "axis": "y", "origin": [8, 20.50977, 8]},
			"faces": {
				"north": {"uv": [1.5, 9, 1, 12], "texture": "#0"},
				"east": {"uv": [1, 9, 1.5, 12], "texture": "#0"},
				"south": {"uv": [1, 9, 1.5, 12], "texture": "#0"},
				"west": {"uv": [1, 9, 1.5, 12], "texture": "#0"},
				"up": {"uv": [1, 9, 1.5, 9.5], "texture": "#0"},
				"down": {"uv": [1, 11.5, 1.5, 12], "texture": "#0"}
			}
		},
		{
			"name": "deviltrident_34",
			"from": [11.72076, 24.33093, 7.59049],
			"to": [12.00697, 26.0482, 8.30602],
			"rotation": {"angle": 0, "axis": "y", "origin": [8, 20.50977, 8]},
			"faces": {
				"north": {"uv": [15, 9, 14.5, 12], "texture": "#0"},
				"east": {"uv": [14.5, 9, 15, 12], "texture": "#0"},
				"south": {"uv": [14.5, 9, 15, 12], "texture": "#0"},
				"west": {"uv": [14.5, 9, 15, 12], "texture": "#0"},
				"up": {"uv": [14.5, 9, 15, 9.5], "texture": "#0"},
				"down": {"uv": [14.5, 11.5, 15, 12], "texture": "#0"}
			}
		},
		{
			"name": "deviltrident_35",
			"from": [5.13788, 22.61366, 7.59049],
			"to": [5.42409, 25.18957, 8.30602],
			"rotation": {"angle": 0, "axis": "y", "origin": [8, 20.50977, 8]},
			"faces": {
				"north": {"uv": [3.5, 10.5, 3, 15], "texture": "#0"},
				"east": {"uv": [3, 10.5, 3.5, 15], "texture": "#0"},
				"south": {"uv": [3, 10.5, 3.5, 15], "texture": "#0"},
				"west": {"uv": [3, 10.5, 3.5, 15], "texture": "#0"},
				"up": {"uv": [3, 10.5, 3.5, 11], "texture": "#0"},
				"down": {"uv": [3, 14.5, 3.5, 15], "texture": "#0"}
			}
		},
		{
			"name": "deviltrident_36",
			"from": [10.57591, 22.61366, 7.59049],
			"to": [10.86212, 25.18957, 8.30602],
			"rotation": {"angle": 0, "axis": "y", "origin": [8, 20.50977, 8]},
			"faces": {
				"north": {"uv": [13, 10.5, 12.5, 15], "texture": "#0"},
				"east": {"uv": [12.5, 10.5, 13, 15], "texture": "#0"},
				"south": {"uv": [12.5, 10.5, 13, 15], "texture": "#0"},
				"west": {"uv": [12.5, 10.5, 13, 15], "texture": "#0"},
				"up": {"uv": [12.5, 10.5, 13, 11], "texture": "#0"},
				"down": {"uv": [12.5, 14.5, 13, 15], "texture": "#0"}
			}
		},
		{
			"name": "deviltrident_37",
			"from": [5.42409, 22.61366, 7.59049],
			"to": [5.7103, 24.90336, 8.30602],
			"rotation": {"angle": 0, "axis": "y", "origin": [8, 20.50977, 8]},
			"faces": {
				"north": {"uv": [4, 11, 3.5, 15], "texture": "#0"},
				"east": {"uv": [3.5, 11, 4, 15], "texture": "#0"},
				"south": {"uv": [3.5, 11, 4, 15], "texture": "#0"},
				"west": {"uv": [3.5, 11, 4, 15], "texture": "#0"},
				"up": {"uv": [3.5, 11, 4, 11.5], "texture": "#0"},
				"down": {"uv": [3.5, 14.5, 4, 15], "texture": "#0"}
			}
		},
		{
			"name": "deviltrident_38",
			"from": [10.2897, 22.61366, 7.59049],
			"to": [10.57591, 24.90336, 8.30602],
			"rotation": {"angle": 0, "axis": "y", "origin": [8, 20.50977, 8]},
			"faces": {
				"north": {"uv": [12.5, 11, 12, 15], "texture": "#0"},
				"east": {"uv": [12, 11, 12.5, 15], "texture": "#0"},
				"south": {"uv": [12, 11, 12.5, 15], "texture": "#0"},
				"west": {"uv": [12, 11, 12.5, 15], "texture": "#0"},
				"up": {"uv": [12, 11, 12.5, 11.5], "texture": "#0"},
				"down": {"uv": [12, 14.5, 12.5, 15], "texture": "#0"}
			}
		},
		{
			"name": "deviltrident_39",
			"from": [5.7103, 22.32745, 7.59049],
			"to": [5.99652, 24.61714, 8.30602],
			"rotation": {"angle": 0, "axis": "y", "origin": [8, 20.50977, 8]},
			"faces": {
				"north": {"uv": [4.5, 11.5, 4, 15.5], "texture": "#0"},
				"east": {"uv": [4, 11.5, 4.5, 15.5], "texture": "#0"},
				"south": {"uv": [4, 11.5, 4.5, 15.5], "texture": "#0"},
				"west": {"uv": [4, 11.5, 4.5, 15.5], "texture": "#0"},
				"up": {"uv": [4, 11.5, 4.5, 12], "texture": "#0"},
				"down": {"uv": [4, 15, 4.5, 15.5], "texture": "#0"}
			}
		},
		{
			"name": "deviltrident_40",
			"from": [10.00348, 22.32745, 7.59049],
			"to": [10.2897, 24.61714, 8.30602],
			"rotation": {"angle": 0, "axis": "y", "origin": [8, 20.50977, 8]},
			"faces": {
				"north": {"uv": [12, 11.5, 11.5, 15.5], "texture": "#0"},
				"east": {"uv": [11.5, 11.5, 12, 15.5], "texture": "#0"},
				"south": {"uv": [11.5, 11.5, 12, 15.5], "texture": "#0"},
				"west": {"uv": [11.5, 11.5, 12, 15.5], "texture": "#0"},
				"up": {"uv": [11.5, 11.5, 12, 12], "texture": "#0"},
				"down": {"uv": [11.5, 15, 12, 15.5], "texture": "#0"}
			}
		},
		{
			"name": "deviltrident_41",
			"from": [5.99652, 22.32745, 7.41799],
			"to": [6.56894, 24.33093, 8.47852],
			"rotation": {"angle": 0, "axis": "y", "origin": [8, 20.50977, 8]},
			"faces": {
				"north": {"uv": [5.5, 12, 4.5, 15.5], "texture": "#0"},
				"east": {"uv": [5, 12, 5.5, 15.5], "texture": "#0"},
				"south": {"uv": [4.5, 12, 5.5, 15.5], "texture": "#0"},
				"west": {"uv": [4.5, 12, 5, 15.5], "texture": "#0"},
				"up": {"uv": [4.5, 12, 5.5, 12.5], "texture": "#0"},
				"down": {"uv": [4.5, 15, 5.5, 15.5], "texture": "#0"}
			}
		},
		{
			"name": "deviltrident_42",
			"from": [9.43106, 22.32745, 7.41799],
			"to": [10.00348, 24.33093, 8.47852],
			"rotation": {"angle": 0, "axis": "y", "origin": [8, 20.50977, 8]},
			"faces": {
				"north": {"uv": [11.5, 12, 10.5, 15.5], "texture": "#0"},
				"east": {"uv": [11, 12, 11.5, 15.5], "texture": "#0"},
				"south": {"uv": [10.5, 12, 11.5, 15.5], "texture": "#0"},
				"west": {"uv": [10.5, 12, 11, 15.5], "texture": "#0"},
				"up": {"uv": [10.5, 12, 11.5, 12.5], "texture": "#0"},
				"down": {"uv": [10.5, 15, 11.5, 15.5], "texture": "#0"}
			}
		},
		{
			"name": "deviltrident_43",
			"from": [6.56894, 22.89987, 7.41799],
			"to": [7.42758, 24.04472, 8.47852],
			"rotation": {"angle": 0, "axis": "y", "origin": [8, 20.50977, 8]},
			"faces": {
				"north": {"uv": [7, 12.5, 5.5, 14.5], "texture": "#0"},
				"east": {"uv": [6.5, 12.5, 7, 14.5], "texture": "#0"},
				"south": {"uv": [5.5, 12.5, 7, 14.5], "texture": "#0"},
				"west": {"uv": [5.5, 12.5, 6, 14.5], "texture": "#0"},
				"up": {"uv": [5.5, 12.5, 7, 13], "texture": "#0"},
				"down": {"uv": [5.5, 14, 7, 14.5], "texture": "#0"}
			}
		},
		{
			"name": "deviltrident_44",
			"from": [8.57242, 22.89987, 7.41799],
			"to": [9.43106, 24.04472, 8.47852],
			"rotation": {"angle": 0, "axis": "y", "origin": [8, 20.50977, 8]},
			"faces": {
				"north": {"uv": [10.5, 12.5, 9, 14.5], "texture": "#0"},
				"east": {"uv": [10, 12.5, 10.5, 14.5], "texture": "#0"},
				"south": {"uv": [9, 12.5, 10.5, 14.5], "texture": "#0"},
				"west": {"uv": [9, 12.5, 9.5, 14.5], "texture": "#0"},
				"up": {"uv": [9, 12.5, 10.5, 13], "texture": "#0"},
				"down": {"uv": [9, 14, 10.5, 14.5], "texture": "#0"}
			}
		},
		{
			"name": "deviltrident_45",
			"from": [6.56894, 22.32745, 7.41799],
			"to": [7.14136, 22.89987, 8.47852],
			"rotation": {"angle": 0, "axis": "y", "origin": [8, 20.50977, 8]},
			"faces": {
				"north": {"uv": [6.5, 14.5, 5.5, 15.5], "texture": "#0"},
				"east": {"uv": [6, 14.5, 6.5, 15.5], "texture": "#0"},
				"south": {"uv": [5.5, 14.5, 6.5, 15.5], "texture": "#0"},
				"west": {"uv": [5.5, 14.5, 6, 15.5], "texture": "#0"},
				"up": {"uv": [5.5, 14.5, 6.5, 15], "texture": "#0"},
				"down": {"uv": [5.5, 15, 6.5, 15.5], "texture": "#0"}
			}
		},
		{
			"name": "deviltrident_46",
			"from": [8.85864, 22.32745, 7.41799],
			"to": [9.43106, 22.89987, 8.47852],
			"rotation": {"angle": 0, "axis": "y", "origin": [8, 20.50977, 8]},
			"faces": {
				"north": {"uv": [10.5, 14.5, 9.5, 15.5], "texture": "#0"},
				"east": {"uv": [10, 14.5, 10.5, 15.5], "texture": "#0"},
				"south": {"uv": [9.5, 14.5, 10.5, 15.5], "texture": "#0"},
				"west": {"uv": [9.5, 14.5, 10, 15.5], "texture": "#0"},
				"up": {"uv": [9.5, 14.5, 10.5, 15], "texture": "#0"},
				"down": {"uv": [9.5, 15, 10.5, 15.5], "texture": "#0"}
			}
		},
		{
			"name": "deviltrident_47",
			"from": [6.28273, 22.04124, 7.41799],
			"to": [6.85515, 22.32745, 8.47852],
			"rotation": {"angle": 0, "axis": "y", "origin": [8, 20.50977, 8]},
			"faces": {
				"north": {"uv": [6, 15.5, 5, 16], "texture": "#0"},
				"east": {"uv": [5.5, 15.5, 6, 16], "texture": "#0"},
				"south": {"uv": [5, 15.5, 6, 16], "texture": "#0"},
				"west": {"uv": [5, 15.5, 5.5, 16], "texture": "#0"},
				"up": {"uv": [5, 15.5, 6, 16], "texture": "#0"},
				"down": {"uv": [5, 15.5, 6, 16], "texture": "#0"}
			}
		},
		{
			"name": "deviltrident_48",
			"from": [9.14485, 22.04124, 7.41799],
			"to": [9.71727, 22.32745, 8.47852],
			"rotation": {"angle": 0, "axis": "y", "origin": [8, 20.50977, 8]},
			"faces": {
				"north": {"uv": [11, 15.5, 10, 16], "texture": "#0"},
				"east": {"uv": [10.5, 15.5, 11, 16], "texture": "#0"},
				"south": {"uv": [10, 15.5, 11, 16], "texture": "#0"},
				"west": {"uv": [10, 15.5, 10.5, 16], "texture": "#0"},
				"up": {"uv": [10, 15.5, 11, 16], "texture": "#0"},
				"down": {"uv": [10, 15.5, 11, 16], "texture": "#0"}
			}
		}
	],
	"display": {
		"thirdperson_righthand": {
			"rotation": [0, 90, 0],
			"translation": [0, 3, 1.75],
			"scale": [0.6, 0.6, 0.6]
		},
		"thirdperson_lefthand": {
			"rotation": [0, -90, 0],
			"translation": [0, 3, 1.75],
			"scale": [0.6, 0.6, 0.6]
		},
		"firstperson_righthand": {
			"rotation": [0, 90, 20],
			"translation": [1.25, 0, 0],
			"scale": [0.4, 0.4, 0.4]
		},
		"firstperson_lefthand": {
			"rotation": [0, -90, -20],
			"translation": [1.25, 0, 0],
			"scale": [0.4, 0.4, 0.4]
		},
		"ground": {
			"translation": [0, 6, 0],
			"scale": [0.5, 0.5, 0.5]
		},
		"gui": {
			"rotation": [0, 0, -45],
			"translation": [-2, -2, 0],
			"scale": [0.5, 0.5, 0.5]
		},
		"fixed": {
			"rotation": [0, 0, 45],
			"translation": [3.5, -3.5, 0],
			"scale": [0.7, 0.7, 0.7]
		}
	},
	"groups": [
		0,
		1,
		{
			"name": "deviltrident",
			"origin": [8, 8, 9.07848],
			"color": 0,
			"children": [
				2,
				3,
				4,
				5,
				6,
				7,
				8,
				9,
				10,
				11,
				12,
				13,
				14,
				15,
				16,
				17,
				18,
				19,
				20,
				21,
				22,
				23,
				24,
				25,
				26,
				27,
				28,
				29,
				30,
				31,
				32,
				33,
				34,
				35,
				36,
				37,
				38,
				39,
				40,
				41,
				42,
				43,
				44,
				45,
				46,
				47,
				48,
				49,
				50
			]
		}
	]
}