{
    "display": {
        "thirdperson_righthand": {
            "rotation": [0, 95, 0],
            "translation": [0, -1, 1.5],
            "scale": [0.8, 0.8, 0.8]
        },
        "thirdperson_lefthand": {
            "rotation": [0, 95, 0],
            "translation": [0, -1, 1.5],
            "scale": [0.8, 0.8, 0.8]
        },
        "firstperson_righthand": {
            "rotation": [0, 90, 20],
            "translation": [5, -7, -8.5],
            "scale": [0.9, 0.9, 0.9]
        },
        "firstperson_lefthand": {
            "rotation": [0, 90, 20],
            "translation": [5, -7, -8.5],
            "scale": [0.9, 0.9, 0.9]
        },
        "ground": {
            "scale": [0.5, 0.5, 0.5]
        },
        "gui": {
            "rotation": [0, -180, 45],
            "translation": [-3, -3.5, -0.5],
            "scale": [0.6, 0.6, 0.6]
        },
        "fixed": {
            "rotation": [0, 0, 45],
            "translation": [2, -2, -0.5],
            "scale": [0.5, 0.5, 0.5]
        }
    },
    "texture_size": [64, 64],
    "textures": {
        "0": "item/swords/doom_axe",
        "particle": "item/swords/doom_axe"
    },
    "elements": [{
        "from": [7.025, 0, 7.025],
        "to": [9.025, 3.7, 9.025],
        "faces": {
            "north": {
                "uv": [0, 9, 1.25, 11.25],
                "texture": "#0"
            },
            "east": {
                "uv": [0, 9, 1.25, 11.25],
                "texture": "#0"
            },
            "south": {
                "uv": [0, 9, 1.25, 11.25],
                "texture": "#0"
            },
            "west": {
                "uv": [0, 9, 1.25, 11.25],
                "texture": "#0"
            },
            "up": {
                "uv": [1.25, 0, 2.5, 1.25],
                "texture": "#0"
            },
            "down": {
                "uv": [1.25, 1.25, 2.5, 2.5],
                "texture": "#0"
            }
        }
    }, {
        "from": [7.025, 15.3, 7.025],
        "to": [9.025, 18.2, 9.025],
        "faces": {
            "north": {
                "uv": [0, 0, 1.25, 1.75],
                "texture": "#0"
            },
            "east": {
                "uv": [0, 0, 1.25, 1.75],
                "texture": "#0"
            },
            "south": {
                "uv": [0, 0, 1.25, 1.75],
                "texture": "#0"
            },
            "west": {
                "uv": [0, 0, 1.25, 1.75],
                "texture": "#0"
            },
            "up": {
                "uv": [1.25, 0, 2.5, 1.25],
                "texture": "#0"
            },
            "down": {
                "uv": [1.25, 1.25, 2.5, 2.5],
                "texture": "#0"
            }
        }
    }, {
        "from": [9.325, 14.3, 8.025],
        "to": [16.025, 26.9, 8.025],
        "faces": {
            "north": {
                "uv": [11.75, 0, 16, 8],
                "texture": "#0"
            },
            "east": {
                "uv": [0, 0, 1.25, 1.75],
                "texture": "#0"
            },
            "south": {
                "uv": [16, 0, 11.75, 8],
                "texture": "#0"
            },
            "west": {
                "uv": [0, 0, 1.25, 1.75],
                "texture": "#0"
            },
            "up": {
                "uv": [1.25, 0, 2.5, 1.25],
                "texture": "#0"
            },
            "down": {
                "uv": [1.25, 1.25, 2.5, 2.5],
                "texture": "#0"
            }
        }
    }, {
        "from": [-0.075, 14.3, 8.025],
        "to": [6.625, 26.9, 8.025],
        "faces": {
            "north": {
                "uv": [16, 0, 11.75, 8],
                "texture": "#0"
            },
            "east": {
                "uv": [0, 0, 1.25, 1.75],
                "texture": "#0"
            },
            "south": {
                "uv": [11.75, 0, 16, 8],
                "texture": "#0"
            },
            "west": {
                "uv": [0, 0, 1.25, 1.75],
                "texture": "#0"
            },
            "up": {
                "uv": [1.25, 0, 2.5, 1.25],
                "texture": "#0"
            },
            "down": {
                "uv": [1.25, 1.25, 2.5, 2.5],
                "texture": "#0"
            }
        }
    }, {
        "from": [-0.475, 11.1, 7.625],
        "to": [6.225, 23.7, 7.625],
        "rotation": {
            "angle": 22.5,
            "axis": "y",
            "origin": [3.275, 17.4, 7.025]
        },
        "faces": {
            "north": {
                "uv": [16, 8, 11.75, 16],
                "texture": "#0"
            },
            "east": {
                "uv": [0, 0, 1.25, 1.75],
                "texture": "#0"
            },
            "south": {
                "uv": [11.75, 8, 16, 16],
                "texture": "#0"
            },
            "west": {
                "uv": [0, 0, 1.25, 1.75],
                "texture": "#0"
            },
            "up": {
                "uv": [1.25, 0, 2.5, 1.25],
                "texture": "#0"
            },
            "down": {
                "uv": [1.25, 1.25, 2.5, 2.5],
                "texture": "#0"
            }
        }
    }, {
        "from": [0.325, 11.1, 8.275],
        "to": [7.025, 23.7, 8.275],
        "rotation": {
            "angle": -22.5,
            "axis": "y",
            "origin": [3.275, 17.4, 7.025]
        },
        "faces": {
            "north": {
                "uv": [16, 8, 11.75, 16],
                "texture": "#0"
            },
            "east": {
                "uv": [0, 0, 1.25, 1.75],
                "texture": "#0"
            },
            "south": {
                "uv": [11.75, 8, 16, 16],
                "texture": "#0"
            },
            "west": {
                "uv": [0, 0, 1.25, 1.75],
                "texture": "#0"
            },
            "up": {
                "uv": [1.25, 0, 2.5, 1.25],
                "texture": "#0"
            },
            "down": {
                "uv": [1.25, 1.25, 2.5, 2.5],
                "texture": "#0"
            }
        }
    }, {
        "from": [8.975, 11.1, 8.275],
        "to": [15.675, 23.7, 8.275],
        "rotation": {
            "angle": 22.5,
            "axis": "y",
            "origin": [12.725, 17.4, 7.025]
        },
        "faces": {
            "north": {
                "uv": [11.75, 8, 16, 16],
                "texture": "#0"
            },
            "east": {
                "uv": [1.25, 0, 0, 1.75],
                "texture": "#0"
            },
            "south": {
                "uv": [16, 8, 11.75, 16],
                "texture": "#0"
            },
            "west": {
                "uv": [1.25, 0, 0, 1.75],
                "texture": "#0"
            },
            "up": {
                "uv": [2.5, 0, 1.25, 1.25],
                "texture": "#0"
            },
            "down": {
                "uv": [2.5, 1.25, 1.25, 2.5],
                "texture": "#0"
            }
        }
    }, {
        "from": [9.775, 11.1, 7.625],
        "to": [16.475, 23.7, 7.625],
        "rotation": {
            "angle": -22.5,
            "axis": "y",
            "origin": [12.725, 17.4, 7.025]
        },
        "faces": {
            "north": {
                "uv": [11.75, 8, 16, 16],
                "texture": "#0"
            },
            "east": {
                "uv": [1.25, 0, 0, 1.75],
                "texture": "#0"
            },
            "south": {
                "uv": [16, 8, 11.75, 16],
                "texture": "#0"
            },
            "west": {
                "uv": [1.25, 0, 0, 1.75],
                "texture": "#0"
            },
            "up": {
                "uv": [2.5, 0, 1.25, 1.25],
                "texture": "#0"
            },
            "down": {
                "uv": [2.5, 1.25, 1.25, 2.5],
                "texture": "#0"
            }
        }
    }, {
        "from": [6.625, 22.3, 5.725],
        "to": [9.425, 25.3, 8.525],
        "rotation": {
            "angle": 0,
            "axis": "x",
            "origin": [8.025, 23.8, 8.025]
        },
        "faces": {
            "north": {
                "uv": [4.25, 7.5, 6, 9.25],
                "texture": "#0"
            },
            "east": {
                "uv": [6, 7.5, 7.75, 9.25],
                "texture": "#0"
            },
            "south": {
                "uv": [7.75, 7.5, 9.5, 9.25],
                "texture": "#0"
            },
            "west": {
                "uv": [6, 7.5, 7.75, 9.25],
                "texture": "#0"
            },
            "up": {
                "uv": [4.25, 10.25, 6, 12],
                "texture": "#0"
            },
            "down": {
                "uv": [2.5, 10.25, 4.25, 12],
                "texture": "#0"
            }
        }
    }, {
        "from": [7.425, 21.5, 5.725],
        "to": [8.625, 22.3, 6.525],
        "rotation": {
            "angle": 0,
            "axis": "x",
            "origin": [8.025, 23.8, 8.025]
        },
        "faces": {
            "north": {
                "uv": [4.75, 9.25, 5.5, 9.75],
                "texture": "#0"
            },
            "east": {
                "uv": [4.25, 9.75, 4.75, 10.25],
                "texture": "#0"
            },
            "south": {
                "uv": [5, 9.75, 5.75, 10.25],
                "texture": "#0"
            },
            "west": {
                "uv": [4.25, 9.75, 4.75, 10.25],
                "texture": "#0"
            },
            "up": {
                "uv": [4.25, 10.25, 6, 12],
                "texture": "#0"
            },
            "down": {
                "uv": [5, 9.75, 5.25, 10],
                "texture": "#0"
            }
        }
    }, {
        "from": [6.675, 18.05, 6.625],
        "to": [9.375, 22.15, 9.425],
        "faces": {
            "north": {
                "uv": [2.5, 7.5, 4.25, 10.25],
                "texture": "#0"
            },
            "east": {
                "uv": [2.5, 7.5, 4.25, 10.25],
                "texture": "#0"
            },
            "south": {
                "uv": [2.5, 7.5, 4.25, 10.25],
                "texture": "#0"
            },
            "west": {
                "uv": [2.5, 7.5, 4.25, 10.25],
                "texture": "#0"
            },
            "up": {
                "uv": [2.5, 7.5, 2.75, 7.75],
                "texture": "#0"
            },
            "down": {
                "uv": [2.5, 7.5, 2.75, 7.75],
                "texture": "#0"
            }
        }
    }, {
        "from": [6.375, 17.75, 6.325],
        "to": [9.675, 22.45, 9.725],
        "faces": {
            "north": {
                "uv": [7, 5, 9.25, 7.5],
                "texture": "#0"
            },
            "east": {
                "uv": [4.75, 5, 7, 7.5],
                "texture": "#0"
            },
            "south": {
                "uv": [2.5, 5, 4.75, 7.5],
                "texture": "#0"
            },
            "west": {
                "uv": [4.75, 5, 7, 7.5],
                "texture": "#0"
            },
            "up": {
                "uv": [2.75, 4, 3, 4.25],
                "texture": "#0"
            },
            "down": {
                "uv": [3.5, 3.5, 3.75, 3.75],
                "texture": "#0"
            }
        }
    }, {
        "from": [6.475, 22.45391, 9.04874],
        "to": [9.675, 24.55391, 9.04874],
        "rotation": {
            "angle": -45,
            "axis": "x",
            "origin": [8.075, 23.25391, 9.39874]
        },
        "faces": {
            "north": {
                "uv": [7, 5, 9.25, 7.5],
                "texture": "#0"
            },
            "east": {
                "uv": [4.75, 5, 7, 7.5],
                "texture": "#0"
            },
            "south": {
                "uv": [2.5, 6, 4.75, 7.5],
                "texture": "#0"
            },
            "west": {
                "uv": [4.75, 5, 7, 7.5],
                "texture": "#0"
            },
            "up": {
                "uv": [2.75, 4, 3, 4.25],
                "texture": "#0"
            },
            "down": {
                "uv": [3.5, 3.5, 3.75, 3.75],
                "texture": "#0"
            }
        }
    }, {
        "from": [7.025, 8.5, 7.025],
        "to": [9.025, 11.4, 9.025],
        "faces": {
            "north": {
                "uv": [0, 4.25, 1.25, 6],
                "texture": "#0"
            },
            "east": {
                "uv": [0, 4.25, 1.25, 6],
                "texture": "#0"
            },
            "south": {
                "uv": [0, 4.25, 1.25, 6],
                "texture": "#0"
            },
            "west": {
                "uv": [0, 4.25, 1.25, 6],
                "texture": "#0"
            },
            "up": {
                "uv": [1.25, 0, 2.5, 1.25],
                "texture": "#0"
            },
            "down": {
                "uv": [1.25, 1.25, 2.5, 2.5],
                "texture": "#0"
            }
        }
    }, {
        "from": [7.425, 3.7, 7.425],
        "to": [8.625, 8.5, 8.625],
        "faces": {
            "north": {
                "uv": [0.25, 6, 1, 9],
                "texture": "#0"
            },
            "east": {
                "uv": [0.25, 6, 1, 9],
                "texture": "#0"
            },
            "south": {
                "uv": [0.25, 6, 1, 9],
                "texture": "#0"
            },
            "west": {
                "uv": [0.25, 6, 1, 9],
                "texture": "#0"
            },
            "up": {
                "uv": [1.25, 0, 2.5, 1.25],
                "texture": "#0"
            },
            "down": {
                "uv": [1.25, 1.25, 2.5, 2.5],
                "texture": "#0"
            }
        }
    }, {
        "from": [7.425, 11.4, 7.425],
        "to": [8.625, 15.3, 8.625],
        "faces": {
            "north": {
                "uv": [0.25, 1.75, 1, 4.25],
                "texture": "#0"
            },
            "east": {
                "uv": [0.25, 1.75, 1, 4.25],
                "texture": "#0"
            },
            "south": {
                "uv": [0.25, 1.75, 1, 4.25],
                "texture": "#0"
            },
            "west": {
                "uv": [0.25, 1.75, 1, 4.25],
                "texture": "#0"
            },
            "up": {
                "uv": [1.25, 0, 2.5, 1.25],
                "texture": "#0"
            },
            "down": {
                "uv": [1.25, 1.25, 2.5, 2.5],
                "texture": "#0"
            }
        }
    }]
}