{
	"credit": "Made with Blockbench",
	"texture_size": [32, 32],
	"textures": {
		"1": "item/multiple/gifts_2023/gift_animation",
		"7": "item/multiple/gifts_2023/gift_texture",
		"particle": "item/multiple/gifts_2023/gift_animation"
	},
	"elements": [
		{
			"from": [3, 12, 8],
			"to": [8, 32, 8],
			"rotation": {"angle": 0, "axis": "y", "origin": [5.5, 20, 8]},
			"faces": {
				"north": {"uv": [10, 16, 0, 13.5], "rotation": 90, "texture": "#7"},
				"east": {"uv": [0, 0, 0, 11], "texture": "#7"},
				"south": {"uv": [10, 13.5, 0, 16], "rotation": 90, "texture": "#7"},
				"west": {"uv": [0, 0, 0, 11.5], "texture": "#7"},
				"up": {"uv": [0, 2.5, 0, 0], "rotation": 90, "texture": "#7"},
				"down": {"uv": [0, 0, 0, 2.5], "rotation": 270, "texture": "#7"}
			}
		},
		{
			"from": [8, 12, 8],
			"to": [13, 32, 8],
			"rotation": {"angle": 0, "axis": "y", "origin": [10.5, 20, 8]},
			"faces": {
				"north": {"uv": [10, 13.5, 0, 16], "rotation": 90, "texture": "#7"},
				"east": {"uv": [0, 0, 0, 11.5], "texture": "#7"},
				"south": {"uv": [10, 16, 0, 13.5], "rotation": 90, "texture": "#7"},
				"west": {"uv": [0, 0, 0, 11], "texture": "#7"},
				"up": {"uv": [0, 0, 0, 2.5], "rotation": 90, "texture": "#7"},
				"down": {"uv": [0, 2.5, 0, 0], "rotation": 270, "texture": "#7"}
			}
		},
		{
			"from": [5.4025, 12, 7.7475],
			"to": [10.4025, 27, 8.2475],
			"rotation": {"angle": 0, "axis": "y", "origin": [8.0025, 10.875, 8]},
			"faces": {
				"north": {"uv": [0, 6, 2.5, 13.5], "texture": "#7"},
				"east": {"uv": [2.25, 6, 2.5, 13.5], "texture": "#7"},
				"south": {"uv": [2.5, 6, 0, 13.5], "texture": "#7"},
				"west": {"uv": [2.5, 6, 2.25, 13.5], "texture": "#7"},
				"up": {"uv": [2.5, 10, 0, 10.25], "texture": "#7"},
				"down": {"uv": [0, 5.75, 2.5, 6], "texture": "#7"}
			}
		},
		{
			"from": [6.4525, -6.25, 6.4975],
			"to": [9.4525, -5.25, 9.4975],
			"rotation": {"angle": 0, "axis": "y", "origin": [8.0025, 7.875, 8]},
			"faces": {
				"north": {"uv": [9.5, 1, 11, 1.5], "texture": "#7"},
				"east": {"uv": [9, 8, 10.5, 8.5], "texture": "#7"},
				"south": {"uv": [9.5, 0, 11, 0.5], "texture": "#7"},
				"west": {"uv": [9.5, 0.5, 11, 1], "texture": "#7"},
				"up": {"uv": [9.5, 1.5, 8, 0], "rotation": 90, "texture": "#7"},
				"down": {"uv": [9.5, 1.5, 8, 3], "rotation": 270, "texture": "#7"}
			}
		},
		{
			"from": [6.4525, -15.25, 6.4975],
			"to": [9.4525, -12.25, 9.4975],
			"rotation": {"angle": 0, "axis": "y", "origin": [8.0025, 7.875, 8]},
			"faces": {
				"north": {"uv": [13, 6, 14.5, 7.5], "texture": "#7"},
				"east": {"uv": [11.5, 9, 13, 10.5], "texture": "#7"},
				"south": {"uv": [13, 9, 14.5, 10.5], "texture": "#7"},
				"west": {"uv": [11.5, 7.5, 13, 9], "texture": "#7"},
				"up": {"uv": [13, 7.5, 14.5, 9], "texture": "#7"},
				"down": {"uv": [11.5, 6, 13, 7.5], "texture": "#7"}
			}
		},
		{
			"from": [6.9525, -11.25, 7.9975],
			"to": [8.9525, -7.25, 7.9975],
			"rotation": {"angle": 0, "axis": "y", "origin": [8.0025, 7.875, 8]},
			"faces": {
				"north": {"uv": [11.25, 2, 12.25, 4], "texture": "#7"},
				"east": {"uv": [9, 8, 10.5, 8.5], "texture": "#7"},
				"south": {"uv": [12.25, 2, 11.25, 4], "texture": "#7"},
				"west": {"uv": [9.5, 0.5, 11, 1], "texture": "#7"},
				"up": {"uv": [9.5, 1.5, 8, 0], "rotation": 90, "texture": "#7"},
				"down": {"uv": [9.5, 1.5, 8, 3], "rotation": 270, "texture": "#7"}
			}
		},
		{
			"from": [6.9525, -7.25, 6.9975],
			"to": [8.9525, -6.25, 8.9975],
			"rotation": {"angle": 0, "axis": "y", "origin": [8.0025, 7.875, 8]},
			"faces": {
				"north": {"uv": [9.5, 9, 10.5, 9.5], "texture": "#7"},
				"east": {"uv": [9.5, 2.5, 10.5, 3], "texture": "#7"},
				"south": {"uv": [8.5, 9.5, 9.5, 10], "texture": "#7"},
				"west": {"uv": [9.5, 8.5, 10.5, 9], "texture": "#7"},
				"up": {"uv": [10, 7, 9, 6], "rotation": 90, "texture": "#7"},
				"down": {"uv": [10, 7, 9, 8], "rotation": 270, "texture": "#7"}
			}
		},
		{
			"from": [6.9525, -12.25, 6.9975],
			"to": [8.9525, -11.25, 8.9975],
			"rotation": {"angle": 0, "axis": "y", "origin": [8.0025, 8.125, 8]},
			"faces": {
				"north": {"uv": [9.5, 9.5, 10.5, 9], "texture": "#7"},
				"east": {"uv": [9.5, 3, 10.5, 2.5], "texture": "#7"},
				"south": {"uv": [8.5, 10, 9.5, 9.5], "texture": "#7"},
				"west": {"uv": [9.5, 9, 10.5, 8.5], "texture": "#7"},
				"up": {"uv": [9, 6, 10, 7], "rotation": 270, "texture": "#7"},
				"down": {"uv": [9, 7, 10, 6], "rotation": 90, "texture": "#7"}
			}
		},
		{
			"from": [7.5025, -5.3, 7.4975],
			"to": [8.5025, 4.5, 8.4975],
			"rotation": {"angle": 0, "axis": "y", "origin": [8.0025, 7.875, 8]},
			"faces": {
				"north": {"uv": [4, 5, 4.5, 10], "texture": "#7"},
				"east": {"uv": [2.5, 5, 3, 10], "texture": "#7"},
				"south": {"uv": [3, 5, 3.5, 10], "texture": "#7"},
				"west": {"uv": [3.5, 5, 4, 10], "texture": "#7"},
				"up": {"uv": [6, 8.5, 5.5, 8], "rotation": 90, "texture": "#7"},
				"down": {"uv": [10, 9.5, 9.5, 10], "rotation": 270, "texture": "#7"}
			}
		},
		{
			"from": [7.66411, 10.71339, 8.5975],
			"to": [8.16411, 11.21339, 8.5975],
			"rotation": {"angle": -45, "axis": "z", "origin": [8.0025, 10.875, 8]},
			"faces": {
				"north": {"uv": [10, 4.5, 10.25, 4.75], "texture": "#7"},
				"east": {"uv": [0, 0, 0, 0.25], "texture": "#7"},
				"south": {"uv": [4.5, 10, 4.75, 10.25], "texture": "#7"},
				"west": {"uv": [0, 0, 0, 0.25], "texture": "#7"},
				"up": {"uv": [0, 0.25, 0, 0], "rotation": 90, "texture": "#7"},
				"down": {"uv": [0, 0, 0, 0.25], "rotation": 270, "texture": "#7"}
			}
		},
		{
			"from": [7.66411, 10.71339, 7.3975],
			"to": [8.16411, 11.21339, 7.3975],
			"rotation": {"angle": -45, "axis": "z", "origin": [8.0025, 10.875, 8]},
			"faces": {
				"north": {"uv": [10, 5, 10.25, 5.25], "texture": "#7"},
				"east": {"uv": [0, 0, 0, 0.25], "texture": "#7"},
				"south": {"uv": [5, 10, 5.25, 10.25], "texture": "#7"},
				"west": {"uv": [0, 0, 0, 0.25], "texture": "#7"},
				"up": {"uv": [0, 0.25, 0, 0], "rotation": 90, "texture": "#7"},
				"down": {"uv": [0, 0, 0, 0.25], "rotation": 270, "texture": "#7"}
			}
		},
		{
			"from": [6.91411, 9.96339, 7.4475],
			"to": [8.91411, 11.96339, 8.5475],
			"rotation": {"angle": -45, "axis": "z", "origin": [8.0025, 10.875, 8]},
			"faces": {
				"north": {"uv": [9, 5, 10, 6], "texture": "#7"},
				"east": {"uv": [5.5, 4, 6, 5], "texture": "#7"},
				"south": {"uv": [4.5, 9, 5.5, 10], "texture": "#7"},
				"west": {"uv": [9.5, 1.5, 10, 2.5], "texture": "#7"},
				"up": {"uv": [8, 10.5, 7.5, 9.5], "rotation": 90, "texture": "#7"},
				"down": {"uv": [8.5, 9.5, 8, 10.5], "rotation": 270, "texture": "#7"}
			}
		},
		{
			"from": [4.8025, 10, 7.7975],
			"to": [11.0025, 12, 8.1975],
			"rotation": {"angle": 0, "axis": "y", "origin": [8.0025, 10.875, 8]},
			"faces": {
				"north": {"uv": [5, 0, 8, 1], "texture": "#7"},
				"east": {"uv": [10, 1.5, 10.25, 2.5], "texture": "#7"},
				"south": {"uv": [2.5, 4, 5.5, 5], "texture": "#7"},
				"west": {"uv": [2.5, 10, 2.75, 11], "texture": "#7"},
				"up": {"uv": [6.75, 12.5, 6.5, 9.5], "rotation": 90, "texture": "#7"},
				"down": {"uv": [7.25, 9.5, 7, 12.5], "rotation": 270, "texture": "#7"}
			}
		},
		{
			"from": [4.7025, 10.4, 7.6975],
			"to": [11.1025, 11.6, 8.2975],
			"rotation": {"angle": 0, "axis": "y", "origin": [8.0025, 10.875, 8]},
			"faces": {
				"north": {"uv": [8, 3.5, 11.25, 4], "texture": "#7"},
				"east": {"uv": [3, 10, 3.25, 10.5], "texture": "#7"},
				"south": {"uv": [8, 3, 11.25, 3.5], "texture": "#7"},
				"west": {"uv": [3.5, 10, 3.75, 10.5], "texture": "#7"},
				"up": {"uv": [5.75, 12.75, 5.5, 9.5], "rotation": 90, "texture": "#7"},
				"down": {"uv": [6.25, 9.5, 6, 12.75], "rotation": 270, "texture": "#7"}
			}
		},
		{
			"from": [6, -10, 8],
			"to": [22, 6, 8],
			"rotation": {"angle": 22.5, "axis": "z", "origin": [8, 4, 8]},
			"faces": {
				"north": {"uv": [16, 0, 0, 16], "texture": "#1"},
				"east": {"uv": [0, 0, 0, 8], "texture": "#missing"},
				"south": {"uv": [0, 0, 16, 16], "texture": "#1"},
				"west": {"uv": [0, 0, 0, 8], "texture": "#missing"},
				"up": {"uv": [8, 0, 0, 0], "texture": "#missing"},
				"down": {"uv": [8, 0, 0, 0], "texture": "#missing"}
			}
		},
		{
			"from": [-6, -10, 8],
			"to": [10, 6, 8],
			"rotation": {"angle": -22.5, "axis": "z", "origin": [8, 4, 8]},
			"faces": {
				"north": {"uv": [0, 0, 16, 16], "texture": "#1"},
				"east": {"uv": [0, 0, 0, 8], "texture": "#missing"},
				"south": {"uv": [16, 0, 0, 16], "texture": "#1"},
				"west": {"uv": [0, 0, 0, 8], "texture": "#missing"},
				"up": {"uv": [0, 0, 8, 0], "texture": "#missing"},
				"down": {"uv": [0, 0, 8, 0], "texture": "#missing"}
			}
		},
		{
			"from": [-2, -10, 6.9],
			"to": [14, 6, 6.9],
			"rotation": {"angle": 0, "axis": "y", "origin": [8, 4, 8]},
			"faces": {
				"north": {"uv": [0, 0, 16, 16], "texture": "#1"},
				"east": {"uv": [0, 0, 0, 8], "texture": "#missing"},
				"south": {"uv": [16, 0, 0, 16], "texture": "#1"},
				"west": {"uv": [0, 0, 0, 8], "texture": "#missing"},
				"up": {"uv": [0, 0, 8, 0], "texture": "#missing"},
				"down": {"uv": [0, 0, 8, 0], "texture": "#missing"}
			}
		},
		{
			"from": [3.90818, 6.65649, 6.4975],
			"to": [6.90818, 9.65649, 9.4975],
			"rotation": {"angle": 0, "axis": "y", "origin": [8.0025, 10.875, 8]},
			"faces": {
				"north": {"uv": [7.5, 4, 9, 5.5], "texture": "#7"},
				"east": {"uv": [6.5, 2.5, 8, 4], "texture": "#7"},
				"south": {"uv": [4.5, 6.5, 6, 8], "texture": "#7"},
				"west": {"uv": [6, 7, 7.5, 8.5], "texture": "#7"},
				"up": {"uv": [9, 7, 7.5, 5.5], "rotation": 90, "texture": "#7"},
				"down": {"uv": [9, 7, 7.5, 8.5], "rotation": 270, "texture": "#7"}
			}
		},
		{
			"from": [8.90818, 6.65649, 6.4975],
			"to": [11.90818, 9.65649, 9.4975],
			"rotation": {"angle": 0, "axis": "y", "origin": [8.0025, 10.875, 8]},
			"faces": {
				"north": {"uv": [6, 4, 7.5, 5.5], "texture": "#7"},
				"east": {"uv": [5, 1, 6.5, 2.5], "texture": "#7"},
				"south": {"uv": [5, 2.5, 6.5, 4], "texture": "#7"},
				"west": {"uv": [4.5, 5, 6, 6.5], "texture": "#7"},
				"up": {"uv": [7.5, 7, 6, 5.5], "rotation": 90, "texture": "#7"},
				"down": {"uv": [8, 1, 6.5, 2.5], "rotation": 270, "texture": "#7"}
			}
		},
		{
			"from": [6.90818, 7, 6.9975],
			"to": [8.90818, 9, 8.9975],
			"rotation": {"angle": 0, "axis": "y", "origin": [8.0025, 10.875, 8]},
			"faces": {
				"north": {"uv": [7.5, 8.5, 8.5, 9.5], "texture": "#7"},
				"east": {"uv": [4.5, 8, 5.5, 9], "texture": "#7"},
				"south": {"uv": [5.5, 8.5, 6.5, 9.5], "texture": "#7"},
				"west": {"uv": [6.5, 8.5, 7.5, 9.5], "texture": "#7"},
				"up": {"uv": [9.5, 9.5, 8.5, 8.5], "rotation": 90, "texture": "#7"},
				"down": {"uv": [10, 4, 9, 5], "rotation": 270, "texture": "#7"}
			}
		},
		{
			"from": [2, 4, 7],
			"to": [14, 7, 9],
			"rotation": {"angle": 0, "axis": "y", "origin": [8, 5.5, 8]},
			"faces": {
				"north": {"uv": [14, 0, 12.5, 6], "rotation": 270, "texture": "#7"},
				"east": {"uv": [12.5, 0, 11, 1], "rotation": 270, "texture": "#7"},
				"south": {"uv": [14.5, 6, 16, 12], "rotation": 270, "texture": "#7"},
				"west": {"uv": [12.5, 1, 11, 2], "rotation": 270, "texture": "#7"},
				"up": {"uv": [15, 0, 14, 6], "rotation": 270, "texture": "#7"},
				"down": {"uv": [16, 0, 15, 6], "rotation": 270, "texture": "#7"}
			}
		},
		{
			"from": [3.00818, -2.34351, 7.9975],
			"to": [7.50818, 5.65649, 7.9975],
			"rotation": {"angle": 0, "axis": "y", "origin": [8.0025, 10.875, 8]},
			"faces": {
				"north": {"uv": [2.5, 0, 4.75, 4], "texture": "#7"},
				"east": {"uv": [0, 0, 0, 4], "texture": "#7"},
				"south": {"uv": [4.75, 0, 2.5, 4], "texture": "#7"},
				"west": {"uv": [0, 0, 0, 4], "texture": "#7"},
				"up": {"uv": [0, 2.25, 0, 0], "rotation": 90, "texture": "#7"},
				"down": {"uv": [0, 0, 0, 2.25], "rotation": 270, "texture": "#7"}
			}
		},
		{
			"from": [8.49682, -2.34351, 7.9975],
			"to": [12.99682, 5.65649, 7.9975],
			"rotation": {"angle": 0, "axis": "y", "origin": [8.0025, 10.875, 8]},
			"faces": {
				"north": {"uv": [4.75, 0, 2.5, 4], "texture": "#7"},
				"east": {"uv": [0, 0, 0, 4], "texture": "#7"},
				"south": {"uv": [2.5, 0, 4.75, 4], "texture": "#7"},
				"west": {"uv": [0, 0, 0, 4], "texture": "#7"},
				"up": {"uv": [0, 0, 0, 2.25], "rotation": 90, "texture": "#7"},
				"down": {"uv": [0, 2.25, 0, 0], "rotation": 270, "texture": "#7"}
			}
		},
		{
			"from": [7.6775, 7.75, 6.9875],
			"to": [8.1775, 8.25, 6.9875],
			"rotation": {"angle": 0, "axis": "y", "origin": [8.0025, 10.875, 8]},
			"faces": {
				"north": {"uv": [10, 4, 10.25, 4.25], "texture": "#7"},
				"east": {"uv": [0, 0, 0, 0.25], "texture": "#7"},
				"south": {"uv": [4, 10, 4.25, 10.25], "texture": "#7"},
				"west": {"uv": [0, 0, 0, 0.25], "texture": "#7"},
				"up": {"uv": [0, 0.25, 0, 0], "rotation": 90, "texture": "#7"},
				"down": {"uv": [0, 0, 0, 0.25], "rotation": 270, "texture": "#7"}
			}
		},
		{
			"from": [7.6775, 7.75, 9.0125],
			"to": [8.1775, 8.25, 9.0125],
			"rotation": {"angle": 0, "axis": "y", "origin": [8.0025, 10.875, 8]},
			"faces": {
				"north": {"uv": [10, 6, 10.25, 6.25], "texture": "#7"},
				"east": {"uv": [0, 0, 0, 0.25], "texture": "#7"},
				"south": {"uv": [10, 5.5, 10.25, 5.75], "texture": "#7"},
				"west": {"uv": [0, 0, 0, 0.25], "texture": "#7"},
				"up": {"uv": [0, 0.25, 0, 0], "rotation": 90, "texture": "#7"},
				"down": {"uv": [0, 0, 0, 0.25], "rotation": 270, "texture": "#7"}
			}
		}
	],
	"display": {
		"thirdperson_righthand": {
			"rotation": [0, 90, 0],
			"translation": [0, 5, 1.75],
			"scale": [0.65, 0.65, 0.65]
		},
		"thirdperson_lefthand": {
			"rotation": [0, -90, 0],
			"translation": [0, 5, 1.75],
			"scale": [0.65, 0.65, 0.65]
		},
		"firstperson_righthand": {
			"rotation": [0, 90, 20],
			"translation": [1.25, 1, 0],
			"scale": [0.4, 0.4, 0.4]
		},
		"firstperson_lefthand": {
			"rotation": [0, -90, -20],
			"translation": [1.25, 1, 0],
			"scale": [0.4, 0.4, 0.4]
		},
		"ground": {
			"translation": [0, 6, 0],
			"scale": [0.5, 0.5, 0.5]
		},
		"gui": {
			"rotation": [0, 0, -45],
			"translation": [-0.5, -0.75, 0],
			"scale": [0.475, 0.475, 0.475]
		},
		"head": {
			"rotation": [-180, -90, 0],
			"translation": [0, 14.5, 1.75],
			"scale": [0.6, 0.6, 0.6]
		},
		"fixed": {
			"rotation": [0, 0, -45],
			"translation": [0, 0, -1.5],
			"scale": [0.6, 0.6, 0.6]
		}
	},
	"groups": [
		{
			"name": "scythe",
			"origin": [0, 0, 0],
			"color": 0,
			"children": [0, 1, 2, 3, 4, 5, 6, 7, 8, 9, 10, 11, 12, 13, 14, 15, 16]
		},
		{
			"name": "knot",
			"origin": [0, 0, 0],
			"color": 0,
			"children": [17, 18, 19, 20, 21, 22, 23, 24]
		}
	]
}