{
	"credit": "Made with Blockbench",
	"texture_size": [32, 32],
	"textures": {
		"0": "item/swords/horseman_blade/horsemanblade_blade",
		"1": "item/swords/horseman_blade/horsemanblade_hilt",
		"particle": "item/swords/horseman_blade/horsemanblade_blade"
	},
	"elements": [
		{
			"from": [7.268, 6.0085, 7.451],
			"to": [8.732, 10.065, 8.549],
			"rotation": {"angle": 0, "axis": "y", "origin": [8, 6.48735, 8]},
			"faces": {
				"north": {"uv": [0, 2, 0.625, 3.625], "texture": "#1"},
				"east": {"uv": [2.5, 3, 3, 4.625], "texture": "#1"},
				"south": {"uv": [2, 0, 2.625, 1.625], "texture": "#1"},
				"west": {"uv": [3, 3, 3.5, 4.625], "texture": "#1"},
				"up": {"uv": [8.125, 4.5, 7.5, 4], "texture": "#1"},
				"down": {"uv": [5.125, 7.5, 4.5, 8], "texture": "#1"}
			}
		},
		{
			"from": [7.268, 2.806, 7.6035],
			"to": [8.732, 6.5575, 8.3965],
			"rotation": {"angle": 0, "axis": "y", "origin": [8, 7.21935, 8]},
			"faces": {
				"north": {"uv": [0, 0, 0.625, 1.75], "texture": "#1"},
				"east": {"uv": [0, 4, 0.375, 5.75], "texture": "#1"},
				"south": {"uv": [1, 0, 1.625, 1.75], "texture": "#1"},
				"west": {"uv": [0.5, 4, 0.875, 5.75], "texture": "#1"},
				"up": {"uv": [8.625, 7.875, 8, 7.5], "texture": "#1"},
				"down": {"uv": [8.625, 8, 8, 8.375], "texture": "#1"}
			}
		},
		{
			"from": [4.31242, 3.56227, 7.634],
			"to": [5.53242, 4.72127, 8.366],
			"rotation": {"angle": 45, "axis": "z", "origin": [8, 7.21935, 8]},
			"faces": {
				"north": {"uv": [5.5, 6.5, 6, 7], "texture": "#1"},
				"east": {"uv": [9.5, 0.5, 9.75, 1], "texture": "#1"},
				"south": {"uv": [4, 8, 4.5, 8.5], "texture": "#1"},
				"west": {"uv": [9.5, 1, 9.75, 1.5], "texture": "#1"},
				"up": {"uv": [2, 9.75, 1.5, 9.5], "texture": "#1"},
				"down": {"uv": [10, 1.5, 9.5, 1.75], "texture": "#1"}
			}
		},
		{
			"from": [12.87966, 7.08867, 7.63126],
			"to": [14.26955, 8.47856, 8.36874],
			"rotation": {"angle": 0, "axis": "y", "origin": [7.695, 6.48735, 8]},
			"faces": {
				"north": {"uv": [6, 0, 6.625, 0.625], "texture": "#1"},
				"east": {"uv": [3, 9, 3.25, 9.625], "texture": "#1"},
				"south": {"uv": [6, 3, 6.625, 3.625], "texture": "#1"},
				"west": {"uv": [9, 3, 9.25, 3.625], "texture": "#1"},
				"up": {"uv": [5.125, 9.25, 4.5, 9], "texture": "#1"},
				"down": {"uv": [9.625, 4.5, 9, 4.75], "texture": "#1"}
			}
		},
		{
			"from": [7.89607, 4.73737, 7.573],
			"to": [8.75007, 7.48237, 8.427],
			"rotation": {"angle": 22.5, "axis": "z", "origin": [8, 6.48735, 8]},
			"faces": {
				"north": {"uv": [5.5, 5, 5.875, 6.125], "texture": "#1"},
				"east": {"uv": [0, 6, 0.375, 7.125], "texture": "#1"},
				"south": {"uv": [0.5, 6, 0.875, 7.125], "texture": "#1"},
				"west": {"uv": [1, 6, 1.375, 7.125], "texture": "#1"},
				"up": {"uv": [7.875, 9.375, 7.5, 9], "texture": "#1"},
				"down": {"uv": [9.375, 7.5, 9, 7.875], "texture": "#1"}
			}
		},
		{
			"from": [7.24993, 4.73737, 7.573],
			"to": [8.10393, 7.48237, 8.427],
			"rotation": {"angle": -22.5, "axis": "z", "origin": [8, 6.48735, 8]},
			"faces": {
				"north": {"uv": [1.5, 6, 1.875, 7.125], "texture": "#1"},
				"east": {"uv": [2, 6, 2.375, 7.125], "texture": "#1"},
				"south": {"uv": [2.5, 6, 2.875, 7.125], "texture": "#1"},
				"west": {"uv": [3, 6, 3.375, 7.125], "texture": "#1"},
				"up": {"uv": [9.375, 8.375, 9, 8], "texture": "#1"},
				"down": {"uv": [9.375, 8.5, 9, 8.875], "texture": "#1"}
			}
		},
		{
			"from": [4.76046, 5.44382, 7.512],
			"to": [6.22446, 6.96882, 8.488],
			"rotation": {"angle": 45, "axis": "z", "origin": [8, 6.48735, 8]},
			"faces": {
				"north": {"uv": [3.5, 6, 4.125, 6.625], "texture": "#1"},
				"east": {"uv": [0, 8.5, 0.375, 9.125], "texture": "#1"},
				"south": {"uv": [4.5, 6, 5.125, 6.625], "texture": "#1"},
				"west": {"uv": [0.5, 8.5, 0.875, 9.125], "texture": "#1"},
				"up": {"uv": [1.625, 8.875, 1, 8.5], "texture": "#1"},
				"down": {"uv": [9.125, 1, 8.5, 1.375], "texture": "#1"}
			}
		},
		{
			"from": [6.536, 3.7515, 7.512],
			"to": [8, 5.2765, 8.488],
			"rotation": {"angle": 0, "axis": "y", "origin": [8, 6.48735, 8]},
			"faces": {
				"north": {"uv": [6, 5, 6.625, 5.625], "texture": "#1"},
				"east": {"uv": [8.5, 1.5, 8.875, 2.125], "texture": "#1"},
				"south": {"uv": [6, 6, 6.625, 6.625], "texture": "#1"},
				"west": {"uv": [2, 8.5, 2.375, 9.125], "texture": "#1"},
				"up": {"uv": [3.125, 8.875, 2.5, 8.5], "texture": "#1"},
				"down": {"uv": [9.125, 2.5, 8.5, 2.875], "texture": "#1"}
			}
		},
		{
			"from": [9.77554, 5.44382, 7.512],
			"to": [11.23954, 6.96882, 8.488],
			"rotation": {"angle": -45, "axis": "z", "origin": [8, 6.48735, 8]},
			"faces": {
				"north": {"uv": [6.5, 1, 7.125, 1.625], "texture": "#1"},
				"east": {"uv": [8.5, 3, 8.875, 3.625], "texture": "#1"},
				"south": {"uv": [6.5, 2, 7.125, 2.625], "texture": "#1"},
				"west": {"uv": [4, 8.5, 4.375, 9.125], "texture": "#1"},
				"up": {"uv": [9.125, 4.375, 8.5, 4], "texture": "#1"},
				"down": {"uv": [5.125, 8.5, 4.5, 8.875], "texture": "#1"}
			}
		},
		{
			"from": [8, 3.7515, 7.512],
			"to": [9.464, 5.2765, 8.488],
			"rotation": {"angle": 0, "axis": "y", "origin": [8, 6.48735, 8]},
			"faces": {
				"north": {"uv": [6.5, 4, 7.125, 4.625], "texture": "#1"},
				"east": {"uv": [8.5, 4.5, 8.875, 5.125], "texture": "#1"},
				"south": {"uv": [7, 0, 7.625, 0.625], "texture": "#1"},
				"west": {"uv": [5.5, 8.5, 5.875, 9.125], "texture": "#1"},
				"up": {"uv": [9.125, 5.875, 8.5, 5.5], "texture": "#1"},
				"down": {"uv": [6.625, 8.5, 6, 8.875], "texture": "#1"}
			}
		},
		{
			"from": [10.50676, 7.3174, 7.37597],
			"to": [13.72603, 8.79238, 8.62403],
			"rotation": {"angle": 22.5, "axis": "z", "origin": [7.695, 6.48735, 8]},
			"faces": {
				"north": {"uv": [1, 2, 2.375, 2.625], "texture": "#1"},
				"east": {"uv": [5.5, 7.5, 6, 8.125], "texture": "#1"},
				"south": {"uv": [2.5, 2, 3.875, 2.625], "texture": "#1"},
				"west": {"uv": [6, 7.5, 6.5, 8.125], "texture": "#1"},
				"up": {"uv": [4.375, 1.5, 3, 1], "texture": "#1"},
				"down": {"uv": [4.375, 1.5, 3, 2], "texture": "#1"}
			}
		},
		{
			"from": [8.60316, 8.81037, 7.4327],
			"to": [10.21997, 11.24976, 8.5673],
			"rotation": {"angle": 0, "axis": "y", "origin": [8, 6.48735, 8]},
			"faces": {
				"north": {"uv": [1, 4, 1.625, 5], "texture": "#1"},
				"east": {"uv": [2, 4, 2.5, 5], "texture": "#1"},
				"south": {"uv": [4, 2, 4.625, 3], "texture": "#1"},
				"west": {"uv": [5, 2, 5.5, 3], "texture": "#1"},
				"up": {"uv": [8.125, 5, 7.5, 4.5], "texture": "#1"},
				"down": {"uv": [8.125, 6, 7.5, 6.5], "texture": "#1"}
			}
		},
		{
			"from": [10.96834, 8.72406, 7.40434],
			"to": [13.08138, 10.08558, 8.59566],
			"rotation": {"angle": 22.5, "axis": "z", "origin": [7.695, 6.48735, 8]},
			"faces": {
				"north": {"uv": [5.5, 1, 6.375, 1.5], "texture": "#1"},
				"east": {"uv": [4.5, 8, 5, 8.5], "texture": "#1"},
				"south": {"uv": [5.5, 1.5, 6.375, 2], "texture": "#1"},
				"west": {"uv": [5, 8, 5.5, 8.5], "texture": "#1"},
				"up": {"uv": [6.375, 2.5, 5.5, 2], "texture": "#1"},
				"down": {"uv": [6.375, 2.5, 5.5, 3], "texture": "#1"}
			}
		},
		{
			"from": [11.79802, 6.27359, 7.48943],
			"to": [14.12395, 7.63511, 8.51057],
			"rotation": {"angle": 45, "axis": "z", "origin": [7.695, 6.48735, 8]},
			"faces": {
				"north": {"uv": [3, 5, 4, 5.5], "texture": "#1"},
				"east": {"uv": [1.5, 9, 1.875, 9.5], "texture": "#1"},
				"south": {"uv": [5, 3, 6, 3.5], "texture": "#1"},
				"west": {"uv": [9, 1.5, 9.375, 2], "texture": "#1"},
				"up": {"uv": [5.5, 7.375, 4.5, 7], "texture": "#1"},
				"down": {"uv": [8, 5, 7, 5.375], "texture": "#1"}
			}
		},
		{
			"from": [12.02258, 3.31406, 7.5178],
			"to": [13.63939, 5.58326, 8.4822],
			"rotation": {"angle": 45, "axis": "z", "origin": [7.695, 6.48735, 8]},
			"faces": {
				"north": {"uv": [4.5, 1, 5.125, 1.875], "texture": "#1"},
				"east": {"uv": [2, 7.5, 2.375, 8.375], "texture": "#1"},
				"south": {"uv": [4.5, 4, 5.125, 4.875], "texture": "#1"},
				"west": {"uv": [7.5, 2, 7.875, 2.875], "texture": "#1"},
				"up": {"uv": [9.125, 6.375, 8.5, 6], "texture": "#1"},
				"down": {"uv": [9.125, 6.5, 8.5, 6.875], "texture": "#1"}
			}
		},
		{
			"from": [2.36061, 3.31406, 7.5178],
			"to": [3.97742, 5.58326, 8.4822],
			"rotation": {"angle": -45, "axis": "z", "origin": [8.305, 6.48735, 8]},
			"faces": {
				"north": {"uv": [1, 5, 1.625, 5.875], "texture": "#1"},
				"east": {"uv": [2.5, 7.5, 2.875, 8.375], "texture": "#1"},
				"south": {"uv": [2, 5, 2.625, 5.875], "texture": "#1"},
				"west": {"uv": [3, 7.5, 3.375, 8.375], "texture": "#1"},
				"up": {"uv": [7.625, 8.875, 7, 8.5], "texture": "#1"},
				"down": {"uv": [9.125, 7, 8.5, 7.375], "texture": "#1"}
			}
		},
		{
			"from": [1.73045, 7.08867, 7.63126],
			"to": [3.12034, 8.47856, 8.36874],
			"rotation": {"angle": 0, "axis": "y", "origin": [8.305, 6.48735, 8]},
			"faces": {
				"north": {"uv": [7, 3, 7.625, 3.625], "texture": "#1"},
				"east": {"uv": [3.5, 9, 3.75, 9.625], "texture": "#1"},
				"south": {"uv": [3.5, 7, 4.125, 7.625], "texture": "#1"},
				"west": {"uv": [6, 9, 6.25, 9.625], "texture": "#1"},
				"up": {"uv": [9.625, 5.25, 9, 5], "texture": "#1"},
				"down": {"uv": [7.125, 9, 6.5, 9.25], "texture": "#1"}
			}
		},
		{
			"from": [1.87605, 6.27359, 7.48943],
			"to": [4.20198, 7.63511, 8.51057],
			"rotation": {"angle": -45, "axis": "z", "origin": [8.305, 6.48735, 8]},
			"faces": {
				"north": {"uv": [5, 3.5, 6, 4], "texture": "#1"},
				"east": {"uv": [9, 2, 9.375, 2.5], "texture": "#1"},
				"south": {"uv": [4, 5, 5, 5.5], "texture": "#1"},
				"west": {"uv": [2.5, 9, 2.875, 9.5], "texture": "#1"},
				"up": {"uv": [6.5, 7.375, 5.5, 7], "texture": "#1"},
				"down": {"uv": [8, 5.5, 7, 5.875], "texture": "#1"}
			}
		},
		{
			"from": [8.75623, 8.15434, 7.57453],
			"to": [9.74901, 9.64335, 8.42547],
			"rotation": {"angle": -22.5, "axis": "z", "origin": [8, 6.48735, 8]},
			"faces": {
				"north": {"uv": [8, 8.5, 8.375, 9.125], "texture": "#1"},
				"east": {"uv": [8.5, 8.5, 8.875, 9.125], "texture": "#1"},
				"south": {"uv": [9, 0, 9.375, 0.625], "texture": "#1"},
				"west": {"uv": [1, 9, 1.375, 9.625], "texture": "#1"},
				"up": {"uv": [9.375, 9.375, 9, 9], "texture": "#1"},
				"down": {"uv": [0.375, 9.5, 0, 9.875], "texture": "#1"}
			}
		},
		{
			"from": [6.25099, 8.15434, 7.57453],
			"to": [7.24377, 9.64335, 8.42547],
			"rotation": {"angle": 22.5, "axis": "z", "origin": [8, 6.48735, 8]},
			"faces": {
				"north": {"uv": [8.375, 8.5, 8, 9.125], "texture": "#1"},
				"east": {"uv": [1.375, 9, 1, 9.625], "texture": "#1"},
				"south": {"uv": [9.375, 0, 9, 0.625], "texture": "#1"},
				"west": {"uv": [8.875, 8.5, 8.5, 9.125], "texture": "#1"},
				"up": {"uv": [9, 9.375, 9.375, 9], "texture": "#1"},
				"down": {"uv": [0, 9.5, 0.375, 9.875], "texture": "#1"}
			}
		},
		{
			"from": [2.27397, 7.3174, 7.37597],
			"to": [5.49324, 8.79238, 8.62403],
			"rotation": {"angle": -22.5, "axis": "z", "origin": [8.305, 6.48735, 8]},
			"faces": {
				"north": {"uv": [3, 0, 4.375, 0.625], "texture": "#1"},
				"east": {"uv": [7.5, 6.5, 8, 7.125], "texture": "#1"},
				"south": {"uv": [1, 3, 2.375, 3.625], "texture": "#1"},
				"west": {"uv": [7.5, 7.5, 8, 8.125], "texture": "#1"},
				"up": {"uv": [4.875, 3.5, 3.5, 3], "texture": "#1"},
				"down": {"uv": [4.875, 3.5, 3.5, 4], "texture": "#1"}
			}
		},
		{
			"from": [5.78003, 8.81037, 7.4327],
			"to": [7.39684, 11.24976, 8.5673],
			"rotation": {"angle": 0, "axis": "y", "origin": [8, 6.48735, 8]},
			"faces": {
				"north": {"uv": [3.5, 4, 4.125, 5], "texture": "#1"},
				"east": {"uv": [5, 5, 5.5, 6], "texture": "#1"},
				"south": {"uv": [4.5, 0, 5.125, 1], "texture": "#1"},
				"west": {"uv": [5.5, 0, 6, 1], "texture": "#1"},
				"up": {"uv": [8.625, 0.5, 8, 0], "texture": "#1"},
				"down": {"uv": [8.625, 0.5, 8, 1], "texture": "#1"}
			}
		},
		{
			"from": [8.101, 9.45224, 7.4205],
			"to": [9.2295, 11.16024, 8.5795],
			"rotation": {"angle": 22.5, "axis": "z", "origin": [8, 6.48735, 8]},
			"faces": {
				"north": {"uv": [7, 6, 7.5, 6.75], "texture": "#1"},
				"east": {"uv": [6.5, 7, 7, 7.75], "texture": "#1"},
				"south": {"uv": [7, 7, 7.5, 7.75], "texture": "#1"},
				"west": {"uv": [0, 7.5, 0.5, 8.25], "texture": "#1"},
				"up": {"uv": [8.5, 5.5, 8, 5], "texture": "#1"},
				"down": {"uv": [8.5, 5.5, 8, 6], "texture": "#1"}
			}
		},
		{
			"from": [6.7705, 9.45224, 7.4205],
			"to": [7.899, 11.16024, 8.5795],
			"rotation": {"angle": -22.5, "axis": "z", "origin": [8, 6.48735, 8]},
			"faces": {
				"north": {"uv": [0.5, 7.5, 1, 8.25], "texture": "#1"},
				"east": {"uv": [1, 7.5, 1.5, 8.25], "texture": "#1"},
				"south": {"uv": [7.5, 1, 8, 1.75], "texture": "#1"},
				"west": {"uv": [1.5, 7.5, 2, 8.25], "texture": "#1"},
				"up": {"uv": [7, 8.5, 6.5, 8], "texture": "#1"},
				"down": {"uv": [8.5, 6.5, 8, 7], "texture": "#1"}
			}
		},
		{
			"from": [2.91862, 8.72406, 7.40434],
			"to": [5.03166, 10.08558, 8.59566],
			"rotation": {"angle": -22.5, "axis": "z", "origin": [8.305, 6.48735, 8]},
			"faces": {
				"north": {"uv": [3, 5.5, 3.875, 6], "texture": "#1"},
				"east": {"uv": [7, 8, 7.5, 8.5], "texture": "#1"},
				"south": {"uv": [4, 5.5, 4.875, 6], "texture": "#1"},
				"west": {"uv": [8, 7, 8.5, 7.5], "texture": "#1"},
				"up": {"uv": [6.375, 4.5, 5.5, 4], "texture": "#1"},
				"down": {"uv": [6.375, 4.5, 5.5, 5], "texture": "#1"}
			}
		},
		{
			"name": "blade2_0",
			"from": [12.01189, 22.07277, 7.66908],
			"to": [15.58039, 25.64127, 8.33093],
			"rotation": {"angle": 45, "axis": "z", "origin": [8.488, 17.92438, 8]},
			"faces": {
				"north": {"uv": [15, 1, 12.5, 3.5], "texture": "#0"},
				"east": {"uv": [14.75, 1, 15, 3.5], "texture": "#0"},
				"south": {"uv": [12.5, 1, 15, 3.5], "texture": "#0"},
				"west": {"uv": [12.5, 1, 12.75, 3.5], "texture": "#0"},
				"up": {"uv": [12.5, 1, 15, 1.25], "texture": "#0"},
				"down": {"uv": [12.5, 3.25, 15, 3.5], "texture": "#0"}
			}
		},
		{
			"name": "blade2_1",
			"from": [11.65504, 19.21797, 7.66908],
			"to": [12.01189, 24.92757, 8.33093],
			"rotation": {"angle": 45, "axis": "z", "origin": [8.488, 17.92438, 8]},
			"faces": {
				"north": {"uv": [12.5, 1.5, 12.25, 5.5], "texture": "#0"},
				"east": {"uv": [12.25, 1.5, 12.5, 5.5], "texture": "#0"},
				"south": {"uv": [12.25, 1.5, 12.5, 5.5], "texture": "#0"},
				"west": {"uv": [12.25, 1.5, 12.5, 5.5], "texture": "#0"},
				"up": {"uv": [12.25, 1.5, 12.5, 1.75], "texture": "#0"},
				"down": {"uv": [12.25, 5.25, 12.5, 5.5], "texture": "#0"}
			}
		},
		{
			"name": "blade2_2",
			"from": [11.29819, 19.21797, 7.66908],
			"to": [11.65504, 24.57072, 8.33093],
			"rotation": {"angle": 45, "axis": "z", "origin": [8.488, 17.92438, 8]},
			"faces": {
				"north": {"uv": [12.25, 1.75, 12, 5.5], "texture": "#0"},
				"east": {"uv": [12, 1.75, 12.25, 5.5], "texture": "#0"},
				"south": {"uv": [12, 1.75, 12.25, 5.5], "texture": "#0"},
				"west": {"uv": [12, 1.75, 12.25, 5.5], "texture": "#0"},
				"up": {"uv": [12, 1.75, 12.25, 2], "texture": "#0"},
				"down": {"uv": [12, 5.25, 12.25, 5.5], "texture": "#0"}
			}
		},
		{
			"name": "blade2_3",
			"from": [10.94134, 18.86112, 7.66908],
			"to": [11.29819, 24.21387, 8.33093],
			"rotation": {"angle": 45, "axis": "z", "origin": [8.488, 17.92438, 8]},
			"faces": {
				"north": {"uv": [12, 2, 11.75, 5.75], "texture": "#0"},
				"east": {"uv": [11.75, 2, 12, 5.75], "texture": "#0"},
				"south": {"uv": [11.75, 2, 12, 5.75], "texture": "#0"},
				"west": {"uv": [11.75, 2, 12, 5.75], "texture": "#0"},
				"up": {"uv": [11.75, 2, 12, 2.25], "texture": "#0"},
				"down": {"uv": [11.75, 5.5, 12, 5.75], "texture": "#0"}
			}
		},
		{
			"name": "blade2_4",
			"from": [10.58449, 18.50427, 7.66908],
			"to": [10.94134, 23.85702, 8.33093],
			"rotation": {"angle": 45, "axis": "z", "origin": [8.488, 17.92438, 8]},
			"faces": {
				"north": {"uv": [11.75, 2.25, 11.5, 6], "texture": "#0"},
				"east": {"uv": [11.5, 2.25, 11.75, 6], "texture": "#0"},
				"south": {"uv": [11.5, 2.25, 11.75, 6], "texture": "#0"},
				"west": {"uv": [11.5, 2.25, 11.75, 6], "texture": "#0"},
				"up": {"uv": [11.5, 2.25, 11.75, 2.5], "texture": "#0"},
				"down": {"uv": [11.5, 5.75, 11.75, 6], "texture": "#0"}
			}
		},
		{
			"name": "blade2_5",
			"from": [10.22764, 18.14742, 7.66908],
			"to": [10.58449, 23.50017, 8.33093],
			"rotation": {"angle": 45, "axis": "z", "origin": [8.488, 17.92438, 8]},
			"faces": {
				"north": {"uv": [11.5, 2.5, 11.25, 6.25], "texture": "#0"},
				"east": {"uv": [11.25, 2.5, 11.5, 6.25], "texture": "#0"},
				"south": {"uv": [11.25, 2.5, 11.5, 6.25], "texture": "#0"},
				"west": {"uv": [11.25, 2.5, 11.5, 6.25], "texture": "#0"},
				"up": {"uv": [11.25, 2.5, 11.5, 2.75], "texture": "#0"},
				"down": {"uv": [11.25, 6, 11.5, 6.25], "texture": "#0"}
			}
		},
		{
			"name": "blade2_6",
			"from": [9.87079, 17.79057, 7.66908],
			"to": [10.22764, 23.14332, 8.33093],
			"rotation": {"angle": 45, "axis": "z", "origin": [8.488, 17.92438, 8]},
			"faces": {
				"north": {"uv": [11.25, 2.75, 11, 6.5], "texture": "#0"},
				"east": {"uv": [11, 2.75, 11.25, 6.5], "texture": "#0"},
				"south": {"uv": [11, 2.75, 11.25, 6.5], "texture": "#0"},
				"west": {"uv": [11, 2.75, 11.25, 6.5], "texture": "#0"},
				"up": {"uv": [11, 2.75, 11.25, 3], "texture": "#0"},
				"down": {"uv": [11, 6.25, 11.25, 6.5], "texture": "#0"}
			}
		},
		{
			"name": "blade2_7",
			"from": [9.51394, 17.43372, 7.66908],
			"to": [9.87079, 22.78647, 8.33093],
			"rotation": {"angle": 45, "axis": "z", "origin": [8.488, 17.92438, 8]},
			"faces": {
				"north": {"uv": [11, 3, 10.75, 6.75], "texture": "#0"},
				"east": {"uv": [10.75, 3, 11, 6.75], "texture": "#0"},
				"south": {"uv": [10.75, 3, 11, 6.75], "texture": "#0"},
				"west": {"uv": [10.75, 3, 11, 6.75], "texture": "#0"},
				"up": {"uv": [10.75, 3, 11, 3.25], "texture": "#0"},
				"down": {"uv": [10.75, 6.5, 11, 6.75], "texture": "#0"}
			}
		},
		{
			"name": "blade2_8",
			"from": [9.15709, 17.07687, 7.66908],
			"to": [9.51394, 22.42962, 8.33093],
			"rotation": {"angle": 45, "axis": "z", "origin": [8.488, 17.92438, 8]},
			"faces": {
				"north": {"uv": [10.75, 3.25, 10.5, 7], "texture": "#0"},
				"east": {"uv": [10.5, 3.25, 10.75, 7], "texture": "#0"},
				"south": {"uv": [10.5, 3.25, 10.75, 7], "texture": "#0"},
				"west": {"uv": [10.5, 3.25, 10.75, 7], "texture": "#0"},
				"up": {"uv": [10.5, 3.25, 10.75, 3.5], "texture": "#0"},
				"down": {"uv": [10.5, 6.75, 10.75, 7], "texture": "#0"}
			}
		},
		{
			"name": "blade2_9",
			"from": [12.01189, 20.64537, 7.66908],
			"to": [13.79614, 22.07277, 8.33093],
			"rotation": {"angle": 45, "axis": "z", "origin": [8.488, 17.92438, 8]},
			"faces": {
				"north": {"uv": [13.75, 3.5, 12.5, 4.5], "texture": "#0"},
				"east": {"uv": [13.5, 3.5, 13.75, 4.5], "texture": "#0"},
				"south": {"uv": [12.5, 3.5, 13.75, 4.5], "texture": "#0"},
				"west": {"uv": [12.5, 3.5, 12.75, 4.5], "texture": "#0"},
				"up": {"uv": [12.5, 3.5, 13.75, 3.75], "texture": "#0"},
				"down": {"uv": [12.5, 4.25, 13.75, 4.5], "texture": "#0"}
			}
		},
		{
			"name": "blade2_10",
			"from": [13.79614, 21.35907, 7.66908],
			"to": [14.50984, 22.07277, 8.33093],
			"rotation": {"angle": 45, "axis": "z", "origin": [8.488, 17.92438, 8]},
			"faces": {
				"north": {"uv": [14.25, 3.5, 13.75, 4], "texture": "#0"},
				"east": {"uv": [14, 3.5, 14.25, 4], "texture": "#0"},
				"south": {"uv": [13.75, 3.5, 14.25, 4], "texture": "#0"},
				"west": {"uv": [13.75, 3.5, 14, 4], "texture": "#0"},
				"up": {"uv": [13.75, 3.5, 14.25, 3.75], "texture": "#0"},
				"down": {"uv": [13.75, 3.75, 14.25, 4], "texture": "#0"}
			}
		},
		{
			"name": "blade2_11",
			"from": [14.50984, 21.71592, 7.66908],
			"to": [14.86669, 22.07277, 8.33093],
			"rotation": {"angle": 45, "axis": "z", "origin": [8.488, 17.92438, 8]},
			"faces": {
				"north": {"uv": [14.5, 3.5, 14.25, 3.75], "texture": "#0"},
				"east": {"uv": [14.25, 3.5, 14.5, 3.75], "texture": "#0"},
				"south": {"uv": [14.25, 3.5, 14.5, 3.75], "texture": "#0"},
				"west": {"uv": [14.25, 3.5, 14.5, 3.75], "texture": "#0"},
				"up": {"uv": [14.25, 3.5, 14.5, 3.75], "texture": "#0"},
				"down": {"uv": [14.25, 3.5, 14.5, 3.75], "texture": "#0"}
			}
		},
		{
			"name": "blade2_12",
			"from": [8.80024, 16.72002, 7.66908],
			"to": [9.15709, 21.35907, 8.33093],
			"rotation": {"angle": 45, "axis": "z", "origin": [8.488, 17.92438, 8]},
			"faces": {
				"north": {"uv": [10.5, 4, 10.25, 7.25], "texture": "#0"},
				"east": {"uv": [10.25, 4, 10.5, 7.25], "texture": "#0"},
				"south": {"uv": [10.25, 4, 10.5, 7.25], "texture": "#0"},
				"west": {"uv": [10.25, 4, 10.5, 7.25], "texture": "#0"},
				"up": {"uv": [10.25, 4, 10.5, 4.25], "texture": "#0"},
				"down": {"uv": [10.25, 7, 10.5, 7.25], "texture": "#0"}
			}
		},
		{
			"name": "blade2_13",
			"from": [13.79614, 21.00222, 7.66908],
			"to": [14.15299, 21.35907, 8.33093],
			"rotation": {"angle": 45, "axis": "z", "origin": [8.488, 17.92438, 8]},
			"faces": {
				"north": {"uv": [14, 4, 13.75, 4.25], "texture": "#0"},
				"east": {"uv": [13.75, 4, 14, 4.25], "texture": "#0"},
				"south": {"uv": [13.75, 4, 14, 4.25], "texture": "#0"},
				"west": {"uv": [13.75, 4, 14, 4.25], "texture": "#0"},
				"up": {"uv": [13.75, 4, 14, 4.25], "texture": "#0"},
				"down": {"uv": [13.75, 4, 14, 4.25], "texture": "#0"}
			}
		},
		{
			"name": "blade2_14",
			"from": [8.44339, 16.36317, 7.66908],
			"to": [8.80024, 21.00222, 8.33093],
			"rotation": {"angle": 45, "axis": "z", "origin": [8.488, 17.92438, 8]},
			"faces": {
				"north": {"uv": [10.25, 4.25, 10, 7.5], "texture": "#0"},
				"east": {"uv": [10, 4.25, 10.25, 7.5], "texture": "#0"},
				"south": {"uv": [10, 4.25, 10.25, 7.5], "texture": "#0"},
				"west": {"uv": [10, 4.25, 10.25, 7.5], "texture": "#0"},
				"up": {"uv": [10, 4.25, 10.25, 4.5], "texture": "#0"},
				"down": {"uv": [10, 7.25, 10.25, 7.5], "texture": "#0"}
			}
		},
		{
			"name": "blade2_15",
			"from": [8.08654, 16.00632, 7.66908],
			"to": [8.44339, 20.64537, 8.33093],
			"rotation": {"angle": 45, "axis": "z", "origin": [8.488, 17.92438, 8]},
			"faces": {
				"north": {"uv": [10, 4.5, 9.75, 7.75], "texture": "#0"},
				"east": {"uv": [9.75, 4.5, 10, 7.75], "texture": "#0"},
				"south": {"uv": [9.75, 4.5, 10, 7.75], "texture": "#0"},
				"west": {"uv": [9.75, 4.5, 10, 7.75], "texture": "#0"},
				"up": {"uv": [9.75, 4.5, 10, 4.75], "texture": "#0"},
				"down": {"uv": [9.75, 7.5, 10, 7.75], "texture": "#0"}
			}
		},
		{
			"name": "blade2_16",
			"from": [12.01189, 19.93167, 7.66908],
			"to": [13.08244, 20.64537, 8.33093],
			"rotation": {"angle": 45, "axis": "z", "origin": [8.488, 17.92438, 8]},
			"faces": {
				"north": {"uv": [13.25, 4.5, 12.5, 5], "texture": "#0"},
				"east": {"uv": [13, 4.5, 13.25, 5], "texture": "#0"},
				"south": {"uv": [12.5, 4.5, 13.25, 5], "texture": "#0"},
				"west": {"uv": [12.5, 4.5, 12.75, 5], "texture": "#0"},
				"up": {"uv": [12.5, 4.5, 13.25, 4.75], "texture": "#0"},
				"down": {"uv": [12.5, 4.75, 13.25, 5], "texture": "#0"}
			}
		},
		{
			"name": "blade2_17",
			"from": [13.08244, 20.28852, 7.66908],
			"to": [13.43929, 20.64537, 8.33093],
			"rotation": {"angle": 45, "axis": "z", "origin": [8.488, 17.92438, 8]},
			"faces": {
				"north": {"uv": [13.5, 4.5, 13.25, 4.75], "texture": "#0"},
				"east": {"uv": [13.25, 4.5, 13.5, 4.75], "texture": "#0"},
				"south": {"uv": [13.25, 4.5, 13.5, 4.75], "texture": "#0"},
				"west": {"uv": [13.25, 4.5, 13.5, 4.75], "texture": "#0"},
				"up": {"uv": [13.25, 4.5, 13.5, 4.75], "texture": "#0"},
				"down": {"uv": [13.25, 4.5, 13.5, 4.75], "texture": "#0"}
			}
		},
		{
			"name": "blade2_18",
			"from": [7.72969, 15.64947, 7.66908],
			"to": [8.08654, 20.28852, 8.33093],
			"rotation": {"angle": 45, "axis": "z", "origin": [8.488, 17.92438, 8]},
			"faces": {
				"north": {"uv": [9.75, 4.75, 9.5, 8], "texture": "#0"},
				"east": {"uv": [9.5, 4.75, 9.75, 8], "texture": "#0"},
				"south": {"uv": [9.5, 4.75, 9.75, 8], "texture": "#0"},
				"west": {"uv": [9.5, 4.75, 9.75, 8], "texture": "#0"},
				"up": {"uv": [9.5, 4.75, 9.75, 5], "texture": "#0"},
				"down": {"uv": [9.5, 7.75, 9.75, 8], "texture": "#0"}
			}
		},
		{
			"name": "blade2_19",
			"from": [7.37284, 15.64947, 7.66908],
			"to": [7.72969, 19.93167, 8.33093],
			"rotation": {"angle": 45, "axis": "z", "origin": [8.488, 17.92438, 8]},
			"faces": {
				"north": {"uv": [9.5, 5, 9.25, 8], "texture": "#0"},
				"east": {"uv": [9.25, 5, 9.5, 8], "texture": "#0"},
				"south": {"uv": [9.25, 5, 9.5, 8], "texture": "#0"},
				"west": {"uv": [9.25, 5, 9.5, 8], "texture": "#0"},
				"up": {"uv": [9.25, 5, 9.5, 5.25], "texture": "#0"},
				"down": {"uv": [9.25, 7.75, 9.5, 8], "texture": "#0"}
			}
		},
		{
			"name": "blade2_20",
			"from": [12.01189, 19.57482, 7.66908],
			"to": [12.72559, 19.93167, 8.33093],
			"rotation": {"angle": 45, "axis": "z", "origin": [8.488, 17.92438, 8]},
			"faces": {
				"north": {"uv": [13, 5, 12.5, 5.25], "texture": "#0"},
				"east": {"uv": [12.75, 5, 13, 5.25], "texture": "#0"},
				"south": {"uv": [12.5, 5, 13, 5.25], "texture": "#0"},
				"west": {"uv": [12.5, 5, 12.75, 5.25], "texture": "#0"},
				"up": {"uv": [12.5, 5, 13, 5.25], "texture": "#0"},
				"down": {"uv": [12.5, 5, 13, 5.25], "texture": "#0"}
			}
		},
		{
			"name": "blade2_21",
			"from": [7.01599, 15.64947, 7.66908],
			"to": [7.37284, 19.57482, 8.33093],
			"rotation": {"angle": 45, "axis": "z", "origin": [8.488, 17.92438, 8]},
			"faces": {
				"north": {"uv": [9.25, 5.25, 9, 8], "texture": "#0"},
				"east": {"uv": [9, 5.25, 9.25, 8], "texture": "#0"},
				"south": {"uv": [9, 5.25, 9.25, 8], "texture": "#0"},
				"west": {"uv": [9, 5.25, 9.25, 8], "texture": "#0"},
				"up": {"uv": [9, 5.25, 9.25, 5.5], "texture": "#0"},
				"down": {"uv": [9, 7.75, 9.25, 8], "texture": "#0"}
			}
		},
		{
			"name": "blade2_22",
			"from": [12.01189, 19.21797, 7.66908],
			"to": [12.36874, 19.57482, 8.33093],
			"rotation": {"angle": 45, "axis": "z", "origin": [8.488, 17.92438, 8]},
			"faces": {
				"north": {"uv": [12.75, 5.25, 12.5, 5.5], "texture": "#0"},
				"east": {"uv": [12.5, 5.25, 12.75, 5.5], "texture": "#0"},
				"south": {"uv": [12.5, 5.25, 12.75, 5.5], "texture": "#0"},
				"west": {"uv": [12.5, 5.25, 12.75, 5.5], "texture": "#0"},
				"up": {"uv": [12.5, 5.25, 12.75, 5.5], "texture": "#0"},
				"down": {"uv": [12.5, 5.25, 12.75, 5.5], "texture": "#0"}
			}
		},
		{
			"name": "blade2_23",
			"from": [6.65914, 15.29262, 7.66908],
			"to": [7.01599, 19.21797, 8.33093],
			"rotation": {"angle": 45, "axis": "z", "origin": [8.488, 17.92438, 8]},
			"faces": {
				"north": {"uv": [9, 5.5, 8.75, 8.25], "texture": "#0"},
				"east": {"uv": [8.75, 5.5, 9, 8.25], "texture": "#0"},
				"south": {"uv": [8.75, 5.5, 9, 8.25], "texture": "#0"},
				"west": {"uv": [8.75, 5.5, 9, 8.25], "texture": "#0"},
				"up": {"uv": [8.75, 5.5, 9, 5.75], "texture": "#0"},
				"down": {"uv": [8.75, 8, 9, 8.25], "texture": "#0"}
			}
		},
		{
			"name": "blade2_24",
			"from": [6.30229, 14.93577, 7.66908],
			"to": [6.65914, 18.86112, 8.33093],
			"rotation": {"angle": 45, "axis": "z", "origin": [8.488, 17.92438, 8]},
			"faces": {
				"north": {"uv": [8.75, 5.75, 8.5, 8.5], "texture": "#0"},
				"east": {"uv": [8.5, 5.75, 8.75, 8.5], "texture": "#0"},
				"south": {"uv": [8.5, 5.75, 8.75, 8.5], "texture": "#0"},
				"west": {"uv": [8.5, 5.75, 8.75, 8.5], "texture": "#0"},
				"up": {"uv": [8.5, 5.75, 8.75, 6], "texture": "#0"},
				"down": {"uv": [8.5, 8.25, 8.75, 8.5], "texture": "#0"}
			}
		},
		{
			"name": "blade2_25",
			"from": [5.94544, 12.43782, 7.66908],
			"to": [6.30229, 18.50427, 8.33093],
			"rotation": {"angle": 45, "axis": "z", "origin": [8.488, 17.92438, 8]},
			"faces": {
				"north": {"uv": [8.5, 6, 8.25, 10.25], "texture": "#0"},
				"east": {"uv": [8.25, 6, 8.5, 10.25], "texture": "#0"},
				"south": {"uv": [8.25, 6, 8.5, 10.25], "texture": "#0"},
				"west": {"uv": [8.25, 6, 8.5, 10.25], "texture": "#0"},
				"up": {"uv": [8.25, 6, 8.5, 6.25], "texture": "#0"},
				"down": {"uv": [8.25, 10, 8.5, 10.25], "texture": "#0"}
			}
		},
		{
			"name": "blade2_26",
			"from": [5.58859, 12.08097, 7.66908],
			"to": [5.94544, 18.14742, 8.33093],
			"rotation": {"angle": 45, "axis": "z", "origin": [8.488, 17.92438, 8]},
			"faces": {
				"north": {"uv": [8.25, 6.25, 8, 10.5], "texture": "#0"},
				"east": {"uv": [8, 6.25, 8.25, 10.5], "texture": "#0"},
				"south": {"uv": [8, 6.25, 8.25, 10.5], "texture": "#0"},
				"west": {"uv": [8, 6.25, 8.25, 10.5], "texture": "#0"},
				"up": {"uv": [8, 6.25, 8.25, 6.5], "texture": "#0"},
				"down": {"uv": [8, 10.25, 8.25, 10.5], "texture": "#0"}
			}
		},
		{
			"name": "blade2_27",
			"from": [5.23174, 12.08097, 7.66908],
			"to": [5.58859, 17.07687, 8.33093],
			"rotation": {"angle": 45, "axis": "z", "origin": [8.488, 17.92438, 8]},
			"faces": {
				"north": {"uv": [8, 7, 7.75, 10.5], "texture": "#0"},
				"east": {"uv": [7.75, 7, 8, 10.5], "texture": "#0"},
				"south": {"uv": [7.75, 7, 8, 10.5], "texture": "#0"},
				"west": {"uv": [7.75, 7, 8, 10.5], "texture": "#0"},
				"up": {"uv": [7.75, 7, 8, 7.25], "texture": "#0"},
				"down": {"uv": [7.75, 10.25, 8, 10.5], "texture": "#0"}
			}
		},
		{
			"name": "blade2_28",
			"from": [2.73379, 12.08097, 7.66908],
			"to": [3.44749, 16.72002, 8.33093],
			"rotation": {"angle": 45, "axis": "z", "origin": [8.488, 17.92438, 8]},
			"faces": {
				"north": {"uv": [6.5, 7.25, 6, 10.5], "texture": "#0"},
				"east": {"uv": [6.25, 7.25, 6.5, 10.5], "texture": "#0"},
				"south": {"uv": [6, 7.25, 6.5, 10.5], "texture": "#0"},
				"west": {"uv": [6, 7.25, 6.25, 10.5], "texture": "#0"},
				"up": {"uv": [6, 7.25, 6.5, 7.5], "texture": "#0"},
				"down": {"uv": [6, 10.25, 6.5, 10.5], "texture": "#0"}
			}
		},
		{
			"name": "blade2_29",
			"from": [4.87489, 12.08097, 7.66908],
			"to": [5.23174, 16.72002, 8.33093],
			"rotation": {"angle": 45, "axis": "z", "origin": [8.488, 17.92438, 8]},
			"faces": {
				"north": {"uv": [7.75, 7.25, 7.5, 10.5], "texture": "#0"},
				"east": {"uv": [7.5, 7.25, 7.75, 10.5], "texture": "#0"},
				"south": {"uv": [7.5, 7.25, 7.75, 10.5], "texture": "#0"},
				"west": {"uv": [7.5, 7.25, 7.75, 10.5], "texture": "#0"},
				"up": {"uv": [7.5, 7.25, 7.75, 7.5], "texture": "#0"},
				"down": {"uv": [7.5, 10.25, 7.75, 10.5], "texture": "#0"}
			}
		},
		{
			"name": "blade2_30",
			"from": [2.37694, 12.79467, 7.66908],
			"to": [2.73379, 16.36317, 8.33093],
			"rotation": {"angle": 45, "axis": "z", "origin": [8.488, 17.92438, 8]},
			"faces": {
				"north": {"uv": [6, 7.5, 5.75, 10], "texture": "#0"},
				"east": {"uv": [5.75, 7.5, 6, 10], "texture": "#0"},
				"south": {"uv": [5.75, 7.5, 6, 10], "texture": "#0"},
				"west": {"uv": [5.75, 7.5, 6, 10], "texture": "#0"},
				"up": {"uv": [5.75, 7.5, 6, 7.75], "texture": "#0"},
				"down": {"uv": [5.75, 9.75, 6, 10], "texture": "#0"}
			}
		},
		{
			"name": "blade2_31",
			"from": [3.44749, 12.08097, 7.66908],
			"to": [4.87489, 16.36317, 8.33093],
			"rotation": {"angle": 45, "axis": "z", "origin": [8.488, 17.92438, 8]},
			"faces": {
				"north": {"uv": [7.5, 7.5, 6.5, 10.5], "texture": "#0"},
				"east": {"uv": [7.25, 7.5, 7.5, 10.5], "texture": "#0"},
				"south": {"uv": [6.5, 7.5, 7.5, 10.5], "texture": "#0"},
				"west": {"uv": [6.5, 7.5, 6.75, 10.5], "texture": "#0"},
				"up": {"uv": [6.5, 7.5, 7.5, 7.75], "texture": "#0"},
				"down": {"uv": [6.5, 10.25, 7.5, 10.5], "texture": "#0"}
			}
		},
		{
			"name": "blade2_32",
			"from": [2.02009, 12.79467, 7.66908],
			"to": [2.37694, 16.00632, 8.33093],
			"rotation": {"angle": 45, "axis": "z", "origin": [8.488, 17.92438, 8]},
			"faces": {
				"north": {"uv": [5.75, 7.75, 5.5, 10], "texture": "#0"},
				"east": {"uv": [5.5, 7.75, 5.75, 10], "texture": "#0"},
				"south": {"uv": [5.5, 7.75, 5.75, 10], "texture": "#0"},
				"west": {"uv": [5.5, 7.75, 5.75, 10], "texture": "#0"},
				"up": {"uv": [5.5, 7.75, 5.75, 8], "texture": "#0"},
				"down": {"uv": [5.5, 9.75, 5.75, 10], "texture": "#0"}
			}
		},
		{
			"name": "blade2_33",
			"from": [1.30639, 13.50837, 7.66908],
			"to": [2.02009, 14.22207, 8.33093],
			"rotation": {"angle": 45, "axis": "z", "origin": [8.488, 17.92438, 8]},
			"faces": {
				"north": {"uv": [5.5, 9, 5, 9.5], "texture": "#0"},
				"east": {"uv": [5.25, 9, 5.5, 9.5], "texture": "#0"},
				"south": {"uv": [5, 9, 5.5, 9.5], "texture": "#0"},
				"west": {"uv": [5, 9, 5.25, 9.5], "texture": "#0"},
				"up": {"uv": [5, 9, 5.5, 9.25], "texture": "#0"},
				"down": {"uv": [5, 9.25, 5.5, 9.5], "texture": "#0"}
			}
		},
		{
			"name": "blade2_34",
			"from": [6.30229, 12.79467, 7.66908],
			"to": [6.65914, 13.50837, 8.33093],
			"rotation": {"angle": 45, "axis": "z", "origin": [8.488, 17.92438, 8]},
			"faces": {
				"north": {"uv": [8.75, 9.5, 8.5, 10], "texture": "#0"},
				"east": {"uv": [8.5, 9.5, 8.75, 10], "texture": "#0"},
				"south": {"uv": [8.5, 9.5, 8.75, 10], "texture": "#0"},
				"west": {"uv": [8.5, 9.5, 8.75, 10], "texture": "#0"},
				"up": {"uv": [8.5, 9.5, 8.75, 9.75], "texture": "#0"},
				"down": {"uv": [8.5, 9.75, 8.75, 10], "texture": "#0"}
			}
		},
		{
			"name": "blade2_35",
			"from": [3.44749, 11.72412, 7.66908],
			"to": [4.16119, 12.08097, 8.33093],
			"rotation": {"angle": 45, "axis": "z", "origin": [8.488, 17.92438, 8]},
			"faces": {
				"north": {"uv": [7, 10.5, 6.5, 10.75], "texture": "#0"},
				"east": {"uv": [6.75, 10.5, 7, 10.75], "texture": "#0"},
				"south": {"uv": [6.5, 10.5, 7, 10.75], "texture": "#0"},
				"west": {"uv": [6.5, 10.5, 6.75, 10.75], "texture": "#0"},
				"up": {"uv": [6.5, 10.5, 7, 10.75], "texture": "#0"},
				"down": {"uv": [6.5, 10.5, 7, 10.75], "texture": "#0"}
			}
		},
		{
			"name": "blade2_36",
			"from": [3.44749, 11.36727, 7.66908],
			"to": [3.80434, 11.72412, 8.33093],
			"rotation": {"angle": 45, "axis": "z", "origin": [8.488, 17.92438, 8]},
			"faces": {
				"north": {"uv": [6.75, 10.75, 6.5, 11], "texture": "#0"},
				"east": {"uv": [6.5, 10.75, 6.75, 11], "texture": "#0"},
				"south": {"uv": [6.5, 10.75, 6.75, 11], "texture": "#0"},
				"west": {"uv": [6.5, 10.75, 6.75, 11], "texture": "#0"},
				"up": {"uv": [6.5, 10.75, 6.75, 11], "texture": "#0"},
				"down": {"uv": [6.5, 10.75, 6.75, 11], "texture": "#0"}
			}
		}
	],
	"display": {
		"thirdperson_righthand": {
			"rotation": [0, 90, 0],
			"translation": [0, 0.25, 2.25],
			"scale": [0.7, 0.7, 0.7]
		},
		"thirdperson_lefthand": {
			"rotation": [0, -90, 0],
			"translation": [0, 0.25, 2.25],
			"scale": [0.7, 0.7, 0.7]
		},
		"firstperson_righthand": {
			"rotation": [20, 90, 0],
			"translation": [0, 0.5, 1.5],
			"scale": [0.5, 0.5, 0.5]
		},
		"firstperson_lefthand": {
			"rotation": [20, -90, 0],
			"translation": [0, 0.5, 1.5],
			"scale": [0.5, 0.5, 0.5]
		},
		"ground": {
			"translation": [0, -0.25, 0],
			"scale": [0.6, 0.6, 0.6]
		},
		"gui": {
			"rotation": [0, 0, -45],
			"translation": [-3.5, -3.75, 0],
			"scale": [0.75, 0.75, 0.75]
		},
		"fixed": {
			"rotation": [0, 0, 45],
			"translation": [3.25, -3.25, 0],
			"scale": [0.8, 0.8, 0.8]
		}
	},
	"groups": [
		{
			"name": "sword",
			"origin": [8, 7.66154, 8],
			"color": 0,
			"children": [0, 1, 2, 3, 4, 5, 6, 7, 8, 9, 10, 11, 12, 13, 14, 15, 16, 17, 18, 19, 20, 21, 22, 23, 24]
		},
		{
			"name": "blade2",
			"origin": [5.82767, 8, 9.01375],
			"color": 0,
			"children": [25, 26, 27, 28, 29, 30, 31, 32, 33, 34, 35, 36, 37, 38, 39, 40, 41, 42, 43, 44, 45, 46, 47, 48, 49, 50, 51, 52, 53, 54, 55, 56, 57, 58, 59, 60, 61]
		}
	]
}