{
	"credit": "Made by PolygonMC",
	"texture_size": [28, 28],
	"textures": {
		"3": "item/swords/inferno_sword/animations_2",
		"5": "item/swords/inferno_sword/sword",
		"particle": "item/swords/inferno_sword/sword"
	},
	"elements": [
		{
			"from": [7.4, 0, 8],
			"to": [8.6, 1.5, 9.5],
			"rotation": {"angle": -45, "axis": "x", "origin": [7.5, 0, 8]},
			"faces": {
				"north": {"uv": [1.14286, 11.42857, 1.85714, 12.28571], "texture": "#5"},
				"east": {"uv": [2.28571, 10.28571, 3.14286, 11.14286], "texture": "#5"},
				"south": {"uv": [2.28571, 11.42857, 3, 12.28571], "texture": "#5"},
				"west": {"uv": [4.57143, 10.28571, 5.42857, 11.14286], "texture": "#5"},
				"up": {"uv": [5.28571, 12.28571, 4.57143, 11.42857], "texture": "#5"},
				"down": {"uv": [12.14286, 6.85714, 11.42857, 7.71429], "texture": "#5"}
			}
		},
		{
			"from": [7.15, 7.25, 8.25],
			"to": [8.85, 8.75, 9.75],
			"rotation": {"angle": -45, "axis": "x", "origin": [7.5, 7, 8]},
			"faces": {
				"north": {"uv": [9.71429, 3.42857, 10.71429, 4.28571], "texture": "#5"},
				"east": {"uv": [8.57143, 10.28571, 9.42857, 11.14286], "texture": "#5"},
				"south": {"uv": [9.71429, 4.57143, 10.71429, 5.42857], "texture": "#5"},
				"west": {"uv": [9.71429, 10.28571, 10.57143, 11.14286], "texture": "#5"},
				"up": {"uv": [10.71429, 6.57143, 9.71429, 5.71429], "texture": "#5"},
				"down": {"uv": [10.71429, 6.85714, 9.71429, 7.71429], "texture": "#5"}
			}
		},
		{
			"from": [7.15, 0.25, 8.25],
			"to": [8.85, 1.25, 9.25],
			"rotation": {"angle": -45, "axis": "x", "origin": [7.5, 0, 8]},
			"faces": {
				"north": {"uv": [12, 0, 13, 0.57143], "texture": "#5"},
				"east": {"uv": [12.57143, 7.42857, 13.14286, 8], "texture": "#5"},
				"south": {"uv": [12, 0.57143, 13, 1.14286], "texture": "#5"},
				"west": {"uv": [8.57143, 12.57143, 9.14286, 13.14286], "texture": "#5"},
				"up": {"uv": [13, 1.71429, 12, 1.14286], "texture": "#5"},
				"down": {"uv": [13, 1.71429, 12, 2.28571], "texture": "#5"}
			}
		},
		{
			"from": [7.75, 0.56066, 6.45723],
			"to": [8.25, 1.56066, 7.45723],
			"rotation": {"angle": 45, "axis": "x", "origin": [8, 1.06066, 6.95723]},
			"faces": {
				"north": {"uv": [10.85714, 13.71429, 11.14286, 14.28571], "texture": "#5"},
				"east": {"uv": [9.14286, 12.57143, 9.71429, 13.14286], "texture": "#5"},
				"south": {"uv": [13.71429, 10.85714, 14, 11.42857], "texture": "#5"},
				"west": {"uv": [12.57143, 9.14286, 13.14286, 9.71429], "texture": "#5"},
				"up": {"uv": [11.71429, 14.28571, 11.42857, 13.71429], "texture": "#5"},
				"down": {"uv": [14, 11.42857, 13.71429, 12], "texture": "#5"}
			}
		},
		{
			"from": [7.75, -0.50711, 7.5],
			"to": [8.25, 0.49289, 8.5],
			"rotation": {"angle": 45, "axis": "x", "origin": [8, -0.00711, 8]},
			"faces": {
				"north": {"uv": [13.71429, 12, 14, 12.57143], "texture": "#5"},
				"east": {"uv": [9.71429, 12.57143, 10.28571, 13.14286], "texture": "#5"},
				"south": {"uv": [13.71429, 12.57143, 14, 13.14286], "texture": "#5"},
				"west": {"uv": [12.57143, 9.71429, 13.14286, 10.28571], "texture": "#5"},
				"up": {"uv": [14, 13.71429, 13.71429, 13.14286], "texture": "#5"},
				"down": {"uv": [14, 13.71429, 13.71429, 14.28571], "texture": "#5"}
			}
		},
		{
			"from": [7.75, 0.56066, 8.54277],
			"to": [8.25, 1.56066, 9.54277],
			"rotation": {"angle": -45, "axis": "x", "origin": [8, 1.06066, 9.04277]},
			"faces": {
				"north": {"uv": [14.28571, 0, 14.57143, 0.57143], "texture": "#5"},
				"east": {"uv": [10.28571, 12.57143, 10.85714, 13.14286], "texture": "#5"},
				"south": {"uv": [14.28571, 0.57143, 14.57143, 1.14286], "texture": "#5"},
				"west": {"uv": [10.85714, 12.57143, 11.42857, 13.14286], "texture": "#5"},
				"up": {"uv": [14.57143, 1.71429, 14.28571, 1.14286], "texture": "#5"},
				"down": {"uv": [14.57143, 1.71429, 14.28571, 2.28571], "texture": "#5"}
			}
		},
		{
			"from": [7.5, 1.62132, 7.5],
			"to": [8.5, 2.62132, 8.5],
			"rotation": {"angle": 0, "axis": "y", "origin": [7.5, 1.62132, 7.5]},
			"faces": {
				"north": {"uv": [11.42857, 12.57143, 12, 13.14286], "texture": "#5"},
				"east": {"uv": [12, 12.57143, 12.57143, 13.14286], "texture": "#5"},
				"south": {"uv": [12.57143, 12.57143, 13.14286, 13.14286], "texture": "#5"},
				"west": {"uv": [13.14286, 0, 13.71429, 0.57143], "texture": "#5"}
			}
		},
		{
			"from": [7.5, 6.62132, 7.5],
			"to": [8.5, 7.62132, 8.5],
			"rotation": {"angle": 0, "axis": "y", "origin": [7.5, 6.62132, 7.5]},
			"faces": {
				"north": {"uv": [13.14286, 0.57143, 13.71429, 1.14286], "texture": "#5"},
				"east": {"uv": [13.14286, 1.14286, 13.71429, 1.71429], "texture": "#5"},
				"south": {"uv": [13.14286, 1.71429, 13.71429, 2.28571], "texture": "#5"},
				"west": {"uv": [2.28571, 13.14286, 2.85714, 13.71429], "texture": "#5"}
			}
		},
		{
			"from": [7.6, 3.12132, 7.6],
			"to": [8.4, 6.12132, 8.4],
			"rotation": {"angle": 45, "axis": "y", "origin": [8, 4.12132, 8]},
			"faces": {
				"north": {"uv": [3.42857, 6.85714, 3.85714, 8.57143], "texture": "#5"},
				"east": {"uv": [3.42857, 8.57143, 3.85714, 10.28571], "texture": "#5"},
				"south": {"uv": [3.42857, 10.28571, 3.85714, 12], "texture": "#5"},
				"west": {"uv": [5.71429, 10.28571, 6.14286, 12], "texture": "#5"},
				"up": {"uv": [14.14286, 9.57143, 13.71429, 9.14286], "texture": "#5"},
				"down": {"uv": [10.14286, 13.71429, 9.71429, 14.14286], "texture": "#5"}
			}
		},
		{
			"from": [7.35, 2.62132, 7.35],
			"to": [8.65, 3.12132, 8.65],
			"rotation": {"angle": 0, "axis": "y", "origin": [7.5, 2.62132, 7.5]},
			"faces": {
				"north": {"uv": [13.71429, 2.85714, 14.42857, 3.14286], "texture": "#5"},
				"east": {"uv": [13.71429, 4, 14.42857, 4.28571], "texture": "#5"},
				"south": {"uv": [13.71429, 4.57143, 14.42857, 4.85714], "texture": "#5"},
				"west": {"uv": [13.71429, 5.14286, 14.42857, 5.42857], "texture": "#5"},
				"up": {"uv": [12.71429, 4.71429, 12, 4], "texture": "#5"},
				"down": {"uv": [12.71429, 5.14286, 12, 5.85714], "texture": "#5"}
			}
		},
		{
			"from": [7.35, 6.12132, 7.35],
			"to": [8.65, 6.62132, 8.65],
			"rotation": {"angle": 0, "axis": "y", "origin": [7.5, 6.12132, 7.5]},
			"faces": {
				"north": {"uv": [5.71429, 13.71429, 6.42857, 14], "texture": "#5"},
				"east": {"uv": [13.71429, 5.71429, 14.42857, 6], "texture": "#5"},
				"south": {"uv": [13.71429, 6.28571, 14.42857, 6.57143], "texture": "#5"},
				"west": {"uv": [6.85714, 13.71429, 7.57143, 14], "texture": "#5"},
				"up": {"uv": [8.14286, 12.71429, 7.42857, 12], "texture": "#5"},
				"down": {"uv": [12.71429, 8, 12, 8.71429], "texture": "#5"}
			}
		},
		{
			"from": [7.75, 7.75, 8],
			"to": [8.25, 9.75, 10],
			"rotation": {"angle": -45, "axis": "x", "origin": [7.75, 7.75, 8]},
			"faces": {
				"east": {"uv": [7.42857, 4.57143, 8.57143, 5.71429], "texture": "#5"},
				"south": {"uv": [13.14286, 2.28571, 13.42857, 3.42857], "texture": "#5"},
				"west": {"uv": [7.42857, 5.71429, 8.57143, 6.85714], "texture": "#5"},
				"up": {"uv": [3.14286, 14.28571, 2.85714, 13.14286], "texture": "#5"}
			}
		},
		{
			"from": [7.75, 12.66295, 8],
			"to": [8.25, 14.07895, 9.416],
			"rotation": {"angle": -45, "axis": "x", "origin": [7.75, 12.66295, 8]},
			"faces": {
				"north": {"uv": [12, 13.14286, 12.28571, 14], "texture": "#5"},
				"east": {"uv": [10.85714, 0, 11.71429, 0.85714], "texture": "#5"},
				"south": {"uv": [13.14286, 12, 13.42857, 12.85714], "texture": "#5"},
				"west": {"uv": [10.85714, 1.14286, 11.71429, 2], "texture": "#5"},
				"up": {"uv": [12.85714, 14, 12.57143, 13.14286], "texture": "#5"},
				"down": {"uv": [13.42857, 13.14286, 13.14286, 14], "texture": "#5"}
			}
		},
		{
			"from": [7.7535, 9.41421, 7],
			"to": [8.2465, 13.66421, 9],
			"rotation": {"angle": 0, "axis": "x", "origin": [8.0035, 10.41421, 8]},
			"faces": {
				"north": {"uv": [6.28571, 10.85714, 6.57143, 13.28571], "texture": "#5"},
				"east": {"uv": [2.28571, 0, 3.42857, 2.42857], "texture": "#5"},
				"south": {"uv": [6.85714, 10.85714, 7.14286, 13.28571], "texture": "#5"},
				"west": {"uv": [2.28571, 2.85714, 3.42857, 5.28571], "texture": "#5"}
			}
		},
		{
			"from": [7.7535, 13.66421, 7.25],
			"to": [8.2465, 24.91421, 8.75],
			"rotation": {"angle": 0, "axis": "x", "origin": [8.0035, 12.66421, 8]},
			"faces": {
				"north": {"uv": [5.71429, 3.42857, 6, 9.85714], "texture": "#5"},
				"east": {"uv": [0, 0, 0.85714, 6.42857], "texture": "#5"},
				"south": {"uv": [4, 5.71429, 4.28571, 12.14286], "texture": "#5"},
				"west": {"uv": [1.14286, 0, 2, 6.42857], "texture": "#5"}
			}
		},
		{
			"from": [7.75, 24, 8],
			"to": [8.25, 25.5, 9.5],
			"rotation": {"angle": -45, "axis": "x", "origin": [7.5, 24, 8]},
			"faces": {
				"north": {"uv": [0, 13.71429, 0.28571, 14.57143], "texture": "#5"},
				"east": {"uv": [10.85714, 2.28571, 11.71429, 3.14286], "texture": "#5"},
				"south": {"uv": [13.71429, 0, 14, 0.85714], "texture": "#5"},
				"west": {"uv": [10.85714, 3.42857, 11.71429, 4.28571], "texture": "#5"},
				"up": {"uv": [0.85714, 14.57143, 0.57143, 13.71429], "texture": "#5"},
				"down": {"uv": [1.42857, 13.71429, 1.14286, 14.57143], "texture": "#5"}
			}
		},
		{
			"from": [7.8, 25, 8],
			"to": [8.2, 26.25, 9.25],
			"rotation": {"angle": -45, "axis": "x", "origin": [7.45, 25, 8]},
			"faces": {
				"north": {"uv": [13.71429, 7.42857, 14, 8.14286], "texture": "#5"},
				"east": {"uv": [12, 10.28571, 12.71429, 11], "texture": "#5"},
				"south": {"uv": [8, 13.71429, 8.28571, 14.42857], "texture": "#5"},
				"west": {"uv": [12, 11.42857, 12.71429, 12.14286], "texture": "#5"},
				"up": {"uv": [8.85714, 14.42857, 8.57143, 13.71429], "texture": "#5"},
				"down": {"uv": [9.42857, 13.71429, 9.14286, 14.42857], "texture": "#5"}
			}
		},
		{
			"from": [7.85, 26.16618, 6.25628],
			"to": [8.15, 28.21618, 8.30628],
			"rotation": {"angle": -45, "axis": "x", "origin": [8, 28.16618, 7.38128]},
			"faces": {
				"north": {"uv": [2.85714, 14.28571, 3, 15.42857], "texture": "#5"},
				"east": {"uv": [7.42857, 6.85714, 8.57143, 8], "texture": "#5"},
				"south": {"uv": [5.71429, 14.28571, 5.85714, 15.42857], "texture": "#5"},
				"west": {"uv": [4.57143, 8, 5.71429, 9.14286], "texture": "#5"},
				"up": {"uv": [6.42857, 15.42857, 6.28571, 14.28571], "texture": "#5"},
				"down": {"uv": [7, 14.28571, 6.85714, 15.42857], "texture": "#5"}
			}
		},
		{
			"from": [7.75, 7.21243, 4.80391],
			"to": [8.25, 7.71243, 6.55391],
			"rotation": {"angle": 22.5, "axis": "x", "origin": [8, 7.33743, 6.50391]},
			"faces": {
				"east": {"uv": [13.14286, 10.28571, 14.14286, 10.57143], "texture": "#5"},
				"west": {"uv": [10.85714, 13.14286, 11.85714, 13.42857], "texture": "#5"},
				"down": {"uv": [13.42857, 10.85714, 13.14286, 11.85714], "texture": "#5"}
			}
		},
		{
			"from": [7.75, 7.94657, 6.93211],
			"to": [8.25, 8.94657, 7.93211],
			"rotation": {"angle": -45, "axis": "x", "origin": [7.75, 5.59657, 5.93211]},
			"faces": {
				"east": {"uv": [13.14286, 4, 13.71429, 4.57143], "texture": "#5"},
				"south": {"uv": [14.28571, 2.28571, 14.57143, 2.85714], "texture": "#5"},
				"west": {"uv": [13.14286, 4.57143, 13.71429, 5.14286], "texture": "#5"}
			}
		},
		{
			"from": [7.5, 6.425, 5.225],
			"to": [8.5, 8.425, 6.725],
			"rotation": {"angle": -45, "axis": "x", "origin": [7.5, 8.425, 5.225]},
			"faces": {
				"north": {"uv": [10.85714, 6.85714, 11.42857, 8], "texture": "#5"},
				"east": {"uv": [9.71429, 1.14286, 10.57143, 2.28571], "texture": "#5"},
				"south": {"uv": [7.42857, 10.85714, 8, 12], "texture": "#5"},
				"west": {"uv": [9.71429, 2.28571, 10.57143, 3.42857], "texture": "#5"},
				"up": {"uv": [6.28571, 12.85714, 5.71429, 12], "texture": "#5"},
				"down": {"uv": [0.57143, 12.57143, 0, 13.42857], "texture": "#5"}
			}
		},
		{
			"from": [7.5035, 7.35097, 4.08918],
			"to": [8.4965, 8.35097, 6.08918],
			"rotation": {"angle": -22.5, "axis": "x", "origin": [7.5035, 8.35097, 4.08918]},
			"faces": {
				"north": {"uv": [13.14286, 5.14286, 13.71429, 5.71429], "texture": "#5"},
				"east": {"uv": [10.85714, 8, 12, 8.57143], "texture": "#5"},
				"west": {"uv": [10.85714, 8.57143, 12, 9.14286], "texture": "#5"},
				"up": {"uv": [8.57143, 12, 8, 10.85714], "texture": "#5"},
				"down": {"uv": [11.42857, 9.14286, 10.85714, 10.28571], "texture": "#5"}
			}
		},
		{
			"from": [7.507, 7.6771, 2.36831],
			"to": [8.493, 8.6771, 4.36831],
			"rotation": {"angle": 45, "axis": "x", "origin": [7.507, 7.4271, 4.11831]},
			"faces": {
				"north": {"uv": [5.71429, 13.14286, 6.28571, 13.71429], "texture": "#5"},
				"east": {"uv": [10.85714, 10.28571, 12, 10.85714], "texture": "#5"},
				"west": {"uv": [10.85714, 10.85714, 12, 11.42857], "texture": "#5"},
				"up": {"uv": [0.57143, 12.57143, 0, 11.42857], "texture": "#5"},
				"down": {"uv": [1.14286, 11.42857, 0.57143, 12.57143], "texture": "#5"}
			}
		},
		{
			"from": [7.507, 8.97519, 4.14864],
			"to": [8.493, 9.97519, 5.14864],
			"rotation": {"angle": 45, "axis": "x", "origin": [8, 9.72519, 4.64864]},
			"faces": {
				"north": {"uv": [13.14286, 5.71429, 13.71429, 6.28571], "texture": "#5"},
				"east": {"uv": [13.14286, 6.28571, 13.71429, 6.85714], "texture": "#5"},
				"south": {"uv": [7.42857, 13.14286, 8, 13.71429], "texture": "#5"},
				"west": {"uv": [13.14286, 7.42857, 13.71429, 8], "texture": "#5"},
				"up": {"uv": [8.57143, 13.71429, 8, 13.14286], "texture": "#5"}
			}
		},
		{
			"from": [7.85, 12, 5.45],
			"to": [8.15, 13.75, 7.2],
			"rotation": {"angle": 22.5, "axis": "x", "origin": [7.6, 11.5, 4.7]},
			"faces": {
				"north": {"uv": [14.28571, 11.42857, 14.42857, 12.42857], "texture": "#5"},
				"east": {"uv": [8.57143, 9.14286, 9.57143, 10.14286], "texture": "#5"},
				"west": {"uv": [9.71429, 0, 10.71429, 1], "texture": "#5"},
				"up": {"uv": [12.14286, 15.28571, 12, 14.28571], "texture": "#5"},
				"down": {"uv": [12.71429, 14.28571, 12.57143, 15.28571], "texture": "#5"}
			}
		},
		{
			"from": [7.8535, 15.23752, 6.26956],
			"to": [8.1465, 16.48752, 7.76956],
			"rotation": {"angle": 45, "axis": "x", "origin": [7.8535, 15.33319, 6.25053]},
			"faces": {
				"east": {"uv": [8.57143, 11.42857, 9.42857, 12.14286], "texture": "#5"},
				"west": {"uv": [11.42857, 9.14286, 12.28571, 9.85714], "texture": "#5"},
				"down": {"uv": [13.85714, 14.28571, 13.71429, 15.14286], "texture": "#5"}
			}
		},
		{
			"from": [7.85, 15.25209, 6.19634],
			"to": [8.15, 17.25209, 7.94634],
			"rotation": {"angle": 0, "axis": "x", "origin": [8, 13.25209, 6.82134]},
			"faces": {
				"north": {"uv": [14.28571, 6.85714, 14.42857, 8], "texture": "#5"},
				"east": {"uv": [2.28571, 9.14286, 3.28571, 10.28571], "texture": "#5"},
				"west": {"uv": [4.57143, 9.14286, 5.57143, 10.28571], "texture": "#5"},
				"up": {"uv": [14.42857, 13.57143, 14.28571, 12.57143], "texture": "#5"},
				"down": {"uv": [13.28571, 14.28571, 13.14286, 15.28571], "texture": "#5"}
			}
		},
		{
			"from": [7.8535, 9.17336, 5.8332],
			"to": [8.1465, 11.92336, 7.0832],
			"rotation": {"angle": -22.5, "axis": "x", "origin": [8.0035, 11.17336, 6.3332]},
			"faces": {
				"north": {"uv": [4, 13.71429, 4.14286, 15.28571], "texture": "#5"},
				"east": {"uv": [6.28571, 9.14286, 7, 10.71429], "texture": "#5"},
				"west": {"uv": [7.42857, 9.14286, 8.14286, 10.71429], "texture": "#5"}
			}
		},
		{
			"from": [7.8535, 15.82531, 6.26956],
			"to": [8.1465, 17.07531, 7.76956],
			"rotation": {"angle": -45, "axis": "x", "origin": [7.6035, 17.07531, 6.01956]},
			"faces": {
				"east": {"uv": [9.71429, 11.42857, 10.57143, 12.14286], "texture": "#5"},
				"west": {"uv": [10.85714, 11.42857, 11.71429, 12.14286], "texture": "#5"},
				"up": {"uv": [14.42857, 14.57143, 14.28571, 13.71429], "texture": "#5"}
			}
		},
		{
			"from": [7.8535, 20.18792, 8.29658],
			"to": [8.1465, 22.18792, 10.29658],
			"rotation": {"angle": 22.5, "axis": "x", "origin": [7.8535, 21.95695, 10.20091]},
			"faces": {
				"east": {"uv": [6.28571, 8, 7.42857, 9.14286], "texture": "#5"},
				"south": {"uv": [7.42857, 14.28571, 7.57143, 15.42857], "texture": "#5"},
				"west": {"uv": [7.42857, 8, 8.57143, 9.14286], "texture": "#5"},
				"down": {"uv": [14.42857, 8, 14.28571, 9.14286], "texture": "#5"}
			}
		},
		{
			"from": [7.85, 21.83456, 8.27004],
			"to": [8.15, 23.83456, 11.29504],
			"rotation": {"angle": 45, "axis": "x", "origin": [8, 23.45956, 10.29504]},
			"faces": {
				"north": {"uv": [14.28571, 9.14286, 14.42857, 10.28571], "texture": "#5"},
				"east": {"uv": [5.71429, 0, 7.42857, 1.14286], "texture": "#5"},
				"south": {"uv": [9.71429, 14.28571, 9.85714, 15.42857], "texture": "#5"},
				"west": {"uv": [5.71429, 1.14286, 7.42857, 2.28571], "texture": "#5"},
				"up": {"uv": [13.85714, 2.85714, 13.71429, 1.14286], "texture": "#5"},
				"down": {"uv": [1.85714, 13.71429, 1.71429, 15.42857], "texture": "#5"}
			}
		},
		{
			"from": [7.852, 22.03262, 9.41542],
			"to": [8.148, 26.78262, 11.06542],
			"rotation": {"angle": -22.5, "axis": "x", "origin": [8.002, 23.03262, 8.69042]},
			"faces": {
				"east": {"uv": [3.42857, 0, 4.42857, 2.71429], "texture": "#5"},
				"south": {"uv": [4.57143, 12.57143, 4.71429, 15.28571], "texture": "#5"},
				"west": {"uv": [3.42857, 2.85714, 4.42857, 5.57143], "texture": "#5"}
			}
		},
		{
			"from": [7.65, 13.94029, 4.58649],
			"to": [8.35, 14.44029, 6.83649],
			"rotation": {"angle": 22.5, "axis": "x", "origin": [7.5, 12.44029, 3.73649]},
			"faces": {
				"north": {"uv": [0, 14.85714, 0.42857, 15.14286], "texture": "#5"},
				"east": {"uv": [12.57143, 3.42857, 13.85714, 3.71429], "texture": "#5"},
				"south": {"uv": [14.85714, 0, 15.28571, 0.28571], "texture": "#5"},
				"west": {"uv": [12.57143, 6.85714, 13.85714, 7.14286], "texture": "#5"},
				"up": {"uv": [12.42857, 3.57143, 12, 2.28571], "texture": "#5"},
				"down": {"uv": [3.85714, 12, 3.42857, 13.28571], "texture": "#5"}
			}
		},
		{
			"from": [7.9925, 9.68162, 4.48558],
			"to": [8.0225, 13.18162, 5.73558],
			"rotation": {"angle": 22.5, "axis": "x", "origin": [8, 11.68162, 5.56808]},
			"faces": {
				"east": {"uv": [4.57143, 5.71429, 5.28571, 7.71429], "texture": "#5"},
				"west": {"uv": [6.28571, 3.42857, 7, 5.42857], "texture": "#5"}
			}
		},
		{
			"from": [7.3675, 9.68162, 5.11058],
			"to": [8.6175, 13.18162, 5.14058],
			"rotation": {"angle": 22.5, "axis": "x", "origin": [8, 11.68162, 5.56808]},
			"faces": {
				"north": {"uv": [6.28571, 5.71429, 7, 7.71429], "texture": "#5"},
				"south": {"uv": [0, 6.85714, 0.71429, 8.85714], "texture": "#5"}
			}
		},
		{
			"from": [7.3675, 17.62286, 6.79917],
			"to": [8.6175, 21.12286, 6.82917],
			"rotation": {"angle": 45, "axis": "y", "origin": [8, 19.37286, 6.80667]},
			"faces": {
				"north": {"uv": [1.14286, 6.85714, 1.85714, 8.85714], "texture": "#5"},
				"south": {"uv": [2.28571, 6.85714, 3, 8.85714], "texture": "#5"}
			}
		},
		{
			"from": [7.9925, 17.62286, 6.17417],
			"to": [8.0225, 21.12286, 7.42417],
			"rotation": {"angle": 45, "axis": "y", "origin": [8, 19.37286, 6.80667]},
			"faces": {
				"east": {"uv": [7.42857, 0, 8.14286, 2], "texture": "#5"},
				"west": {"uv": [7.42857, 2.28571, 8.14286, 4.28571], "texture": "#5"}
			}
		},
		{
			"from": [7.852, 22.03262, 4.93458],
			"to": [8.148, 26.78262, 6.58458],
			"rotation": {"angle": 22.5, "axis": "x", "origin": [8.002, 23.03262, 7.30958]},
			"faces": {
				"north": {"uv": [5.14286, 12.57143, 5.28571, 15.28571], "texture": "#5"},
				"east": {"uv": [4.57143, 0, 5.57143, 2.71429], "texture": "#5"},
				"west": {"uv": [4.57143, 2.85714, 5.57143, 5.57143], "texture": "#5"}
			}
		},
		{
			"from": [7.85, 21.83456, 4.70496],
			"to": [8.15, 23.83456, 7.72996],
			"rotation": {"angle": -45, "axis": "x", "origin": [8, 23.45956, 5.70496]},
			"faces": {
				"north": {"uv": [10.28571, 14.28571, 10.42857, 15.42857], "texture": "#5"},
				"east": {"uv": [2.28571, 5.71429, 4, 6.85714], "texture": "#5"},
				"south": {"uv": [14.28571, 10.28571, 14.42857, 11.42857], "texture": "#5"},
				"west": {"uv": [5.71429, 2.28571, 7.42857, 3.42857], "texture": "#5"},
				"up": {"uv": [2.42857, 15.42857, 2.28571, 13.71429], "texture": "#5"},
				"down": {"uv": [3.57143, 13.71429, 3.42857, 15.42857], "texture": "#5"}
			}
		},
		{
			"from": [7.8535, 20.18792, 5.70342],
			"to": [8.1465, 22.18792, 7.70342],
			"rotation": {"angle": -22.5, "axis": "x", "origin": [7.8535, 21.95695, 5.79909]},
			"faces": {
				"north": {"uv": [10.85714, 14.28571, 11, 15.42857], "texture": "#5"},
				"east": {"uv": [8.57143, 0, 9.71429, 1.14286], "texture": "#5"},
				"west": {"uv": [8.57143, 1.14286, 9.71429, 2.28571], "texture": "#5"},
				"down": {"uv": [11.57143, 14.28571, 11.42857, 15.42857], "texture": "#5"}
			}
		},
		{
			"from": [7.4, 7.41066, 7],
			"to": [8.6, 9.41066, 9],
			"rotation": {"angle": -45, "axis": "x", "origin": [8, 8.41066, 8]},
			"faces": {
				"north": {"uv": [9.71429, 8, 10.42857, 9.14286], "texture": "#5"},
				"east": {"uv": [8.57143, 2.28571, 9.71429, 3.42857], "texture": "#5"},
				"south": {"uv": [9.71429, 9.14286, 10.42857, 10.28571], "texture": "#5"},
				"west": {"uv": [8.57143, 3.42857, 9.71429, 4.57143], "texture": "#5"},
				"up": {"uv": [0.71429, 11.42857, 0, 10.28571], "texture": "#5"},
				"down": {"uv": [1.85714, 10.28571, 1.14286, 11.42857], "texture": "#5"}
			}
		},
		{
			"from": [6.25, 6.36548, 7.25],
			"to": [7.25, 7.86548, 8.75],
			"rotation": {"angle": -22.5, "axis": "z", "origin": [6.5, 8.11548, 8]},
			"faces": {
				"north": {"uv": [0.57143, 12.57143, 1.14286, 13.42857], "texture": "#5"},
				"east": {"uv": [10.85714, 4.57143, 11.71429, 5.42857], "texture": "#5"},
				"south": {"uv": [1.14286, 12.57143, 1.71429, 13.42857], "texture": "#5"},
				"west": {"uv": [10.85714, 5.71429, 11.71429, 6.57143], "texture": "#5"},
				"down": {"uv": [2.28571, 12.57143, 1.71429, 13.42857], "texture": "#5"}
			}
		},
		{
			"from": [5.25, 7.86548, 7],
			"to": [7.25, 9.86548, 9],
			"rotation": {"angle": -22.5, "axis": "z", "origin": [6.5, 8.11548, 8]},
			"faces": {
				"north": {"uv": [8.57143, 4.57143, 9.71429, 5.71429], "texture": "#5"},
				"east": {"uv": [8.57143, 5.71429, 9.71429, 6.85714], "texture": "#5"},
				"south": {"uv": [8.57143, 6.85714, 9.71429, 8], "texture": "#5"},
				"west": {"uv": [8.57143, 8, 9.71429, 9.14286], "texture": "#5"},
				"up": {"uv": [1.14286, 10.28571, 0, 9.14286], "texture": "#5"},
				"down": {"uv": [2.28571, 9.14286, 1.14286, 10.28571], "texture": "#5"}
			}
		},
		{
			"from": [6.20769, 9.31204, 5.99718],
			"to": [7.20769, 10.31204, 7.49718],
			"rotation": {"angle": -22.5, "axis": "z", "origin": [6.4, 10.31204, 5.90014]},
			"faces": {
				"north": {"uv": [13.14286, 8, 13.71429, 8.57143], "texture": "#5"},
				"east": {"uv": [12, 6.28571, 12.85714, 6.85714], "texture": "#5"},
				"south": {"uv": [8.57143, 13.14286, 9.14286, 13.71429], "texture": "#5"},
				"west": {"uv": [2.28571, 12.57143, 3.14286, 13.14286], "texture": "#5"},
				"up": {"uv": [13.14286, 3.14286, 12.57143, 2.28571], "texture": "#5"},
				"down": {"uv": [4.57143, 12.57143, 4, 13.42857], "texture": "#5"}
			}
		},
		{
			"from": [6.21537, 9.42204, 5.10818],
			"to": [6.99537, 10.20204, 6.27818],
			"rotation": {"angle": -22.5, "axis": "z", "origin": [6.4, 10.31204, 5.90014]},
			"faces": {
				"north": {"uv": [13.71429, 9.71429, 14.14286, 10.14286], "texture": "#5"},
				"east": {"uv": [13.14286, 8.57143, 13.85714, 9], "texture": "#5"},
				"west": {"uv": [9.14286, 13.14286, 9.85714, 13.57143], "texture": "#5"},
				"up": {"uv": [13.57143, 9.85714, 13.14286, 9.14286], "texture": "#5"},
				"down": {"uv": [10.71429, 13.14286, 10.28571, 13.85714], "texture": "#5"}
			}
		},
		{
			"from": [5.36919, 9.42068, 5.10818],
			"to": [6.23499, 9.99788, 5.68538],
			"rotation": {"angle": -22.5, "axis": "z", "origin": [6.67164, 10.30928, 5.90619]},
			"faces": {
				"north": {"uv": [0.57143, 14.85714, 1, 15.14286], "texture": "#5"},
				"south": {"uv": [14.85714, 0.57143, 15.28571, 0.85714], "texture": "#5"},
				"west": {"uv": [14.85714, 1.71429, 15.14286, 2], "texture": "#5"},
				"up": {"uv": [1.57143, 15.14286, 1.14286, 14.85714], "texture": "#5"},
				"down": {"uv": [15.28571, 1.14286, 14.85714, 1.42857], "texture": "#5"}
			}
		},
		{
			"from": [7.75, 7.21243, 9.44609],
			"to": [8.25, 7.71243, 11.19609],
			"rotation": {"angle": -22.5, "axis": "x", "origin": [8, 7.33743, 9.49609]},
			"faces": {
				"east": {"uv": [14.14286, 10.28571, 13.14286, 10.57143], "texture": "#5"},
				"west": {"uv": [11.85714, 13.14286, 10.85714, 13.42857], "texture": "#5"},
				"down": {"uv": [13.42857, 11.85714, 13.14286, 10.85714], "texture": "#5"}
			}
		},
		{
			"from": [7.75, 7.94657, 8.06789],
			"to": [8.25, 8.94657, 9.06789],
			"rotation": {"angle": 45, "axis": "x", "origin": [7.75, 5.59657, 10.06789]},
			"faces": {
				"north": {"uv": [14.57143, 2.28571, 14.28571, 2.85714], "texture": "#5"},
				"east": {"uv": [13.71429, 4, 13.14286, 4.57143], "texture": "#5"},
				"west": {"uv": [13.71429, 4.57143, 13.14286, 5.14286], "texture": "#5"}
			}
		},
		{
			"from": [7.5, 6.425, 9.275],
			"to": [8.5, 8.425, 10.775],
			"rotation": {"angle": 45, "axis": "x", "origin": [7.5, 8.425, 10.775]},
			"faces": {
				"north": {"uv": [8, 10.85714, 7.42857, 12], "texture": "#5"},
				"east": {"uv": [10.57143, 1.14286, 9.71429, 2.28571], "texture": "#5"},
				"south": {"uv": [11.42857, 6.85714, 10.85714, 8], "texture": "#5"},
				"west": {"uv": [10.57143, 2.28571, 9.71429, 3.42857], "texture": "#5"},
				"up": {"uv": [6.28571, 12, 5.71429, 12.85714], "texture": "#5"},
				"down": {"uv": [0.57143, 13.42857, 0, 12.57143], "texture": "#5"}
			}
		},
		{
			"from": [7.5035, 7.35097, 9.91082],
			"to": [8.4965, 8.35097, 11.91082],
			"rotation": {"angle": 22.5, "axis": "x", "origin": [7.5035, 8.35097, 11.91082]},
			"faces": {
				"east": {"uv": [12, 8, 10.85714, 8.57143], "texture": "#5"},
				"south": {"uv": [13.71429, 5.14286, 13.14286, 5.71429], "texture": "#5"},
				"west": {"uv": [12, 8.57143, 10.85714, 9.14286], "texture": "#5"},
				"up": {"uv": [8.57143, 10.85714, 8, 12], "texture": "#5"},
				"down": {"uv": [11.42857, 10.28571, 10.85714, 9.14286], "texture": "#5"}
			}
		},
		{
			"from": [7.507, 7.6771, 11.63169],
			"to": [8.493, 8.6771, 13.63169],
			"rotation": {"angle": -45, "axis": "x", "origin": [7.507, 7.4271, 11.88169]},
			"faces": {
				"east": {"uv": [12, 10.28571, 10.85714, 10.85714], "texture": "#5"},
				"south": {"uv": [6.28571, 13.14286, 5.71429, 13.71429], "texture": "#5"},
				"west": {"uv": [12, 10.85714, 10.85714, 11.42857], "texture": "#5"},
				"up": {"uv": [0.57143, 11.42857, 0, 12.57143], "texture": "#5"},
				"down": {"uv": [1.14286, 12.57143, 0.57143, 11.42857], "texture": "#5"}
			}
		},
		{
			"from": [7.507, 8.97519, 10.85136],
			"to": [8.493, 9.97519, 11.85136],
			"rotation": {"angle": -45, "axis": "x", "origin": [8, 9.72519, 11.35136]},
			"faces": {
				"north": {"uv": [8, 13.14286, 7.42857, 13.71429], "texture": "#5"},
				"east": {"uv": [13.71429, 6.28571, 13.14286, 6.85714], "texture": "#5"},
				"south": {"uv": [13.71429, 5.71429, 13.14286, 6.28571], "texture": "#5"},
				"west": {"uv": [13.71429, 7.42857, 13.14286, 8], "texture": "#5"},
				"up": {"uv": [8.57143, 13.14286, 8, 13.71429], "texture": "#5"}
			}
		},
		{
			"from": [7.85, 12, 8.8],
			"to": [8.15, 13.75, 10.55],
			"rotation": {"angle": -22.5, "axis": "x", "origin": [7.6, 11.5, 11.3]},
			"faces": {
				"east": {"uv": [9.57143, 9.14286, 8.57143, 10.14286], "texture": "#5"},
				"south": {"uv": [14.42857, 11.42857, 14.28571, 12.42857], "texture": "#5"},
				"west": {"uv": [10.71429, 0, 9.71429, 1], "texture": "#5"},
				"up": {"uv": [12.14286, 14.28571, 12, 15.28571], "texture": "#5"},
				"down": {"uv": [12.71429, 15.28571, 12.57143, 14.28571], "texture": "#5"}
			}
		},
		{
			"from": [7.8535, 15.23752, 8.23044],
			"to": [8.1465, 16.48752, 9.73044],
			"rotation": {"angle": -45, "axis": "x", "origin": [7.8535, 15.33319, 9.74947]},
			"faces": {
				"east": {"uv": [9.42857, 11.42857, 8.57143, 12.14286], "texture": "#5"},
				"west": {"uv": [12.28571, 9.14286, 11.42857, 9.85714], "texture": "#5"},
				"down": {"uv": [13.85714, 15.14286, 13.71429, 14.28571], "texture": "#5"}
			}
		},
		{
			"from": [7.85, 15.25209, 8.05366],
			"to": [8.15, 17.25209, 9.80366],
			"rotation": {"angle": 0, "axis": "x", "origin": [8, 13.25209, 9.17866]},
			"faces": {
				"east": {"uv": [3.28571, 9.14286, 2.28571, 10.28571], "texture": "#5"},
				"south": {"uv": [14.42857, 6.85714, 14.28571, 8], "texture": "#5"},
				"west": {"uv": [5.57143, 9.14286, 4.57143, 10.28571], "texture": "#5"},
				"up": {"uv": [14.42857, 12.57143, 14.28571, 13.57143], "texture": "#5"},
				"down": {"uv": [13.28571, 15.28571, 13.14286, 14.28571], "texture": "#5"}
			}
		},
		{
			"from": [7.8535, 9.17336, 8.9168],
			"to": [8.1465, 11.92336, 10.1668],
			"rotation": {"angle": 22.5, "axis": "x", "origin": [8.0035, 11.17336, 9.6668]},
			"faces": {
				"east": {"uv": [7, 9.14286, 6.28571, 10.71429], "texture": "#5"},
				"south": {"uv": [4.14286, 13.71429, 4, 15.28571], "texture": "#5"},
				"west": {"uv": [8.14286, 9.14286, 7.42857, 10.71429], "texture": "#5"}
			}
		},
		{
			"from": [7.8535, 15.82531, 8.23044],
			"to": [8.1465, 17.07531, 9.73044],
			"rotation": {"angle": 45, "axis": "x", "origin": [7.6035, 17.07531, 9.98044]},
			"faces": {
				"east": {"uv": [10.57143, 11.42857, 9.71429, 12.14286], "texture": "#5"},
				"west": {"uv": [11.71429, 11.42857, 10.85714, 12.14286], "texture": "#5"},
				"up": {"uv": [14.42857, 13.71429, 14.28571, 14.57143], "texture": "#5"}
			}
		},
		{
			"from": [7.65, 13.94029, 9.16351],
			"to": [8.35, 14.44029, 11.41351],
			"rotation": {"angle": -22.5, "axis": "x", "origin": [7.5, 12.44029, 12.26351]},
			"faces": {
				"north": {"uv": [15.28571, 0, 14.85714, 0.28571], "texture": "#5"},
				"east": {"uv": [13.85714, 3.42857, 12.57143, 3.71429], "texture": "#5"},
				"south": {"uv": [0.42857, 14.85714, 0, 15.14286], "texture": "#5"},
				"west": {"uv": [13.85714, 6.85714, 12.57143, 7.14286], "texture": "#5"},
				"up": {"uv": [12.42857, 2.28571, 12, 3.57143], "texture": "#5"},
				"down": {"uv": [3.85714, 13.28571, 3.42857, 12], "texture": "#5"}
			}
		},
		{
			"from": [7.9925, 9.68162, 10.26442],
			"to": [8.0225, 13.18162, 11.51442],
			"rotation": {"angle": -22.5, "axis": "x", "origin": [8, 11.68162, 10.43192]},
			"faces": {
				"east": {"uv": [5.28571, 5.71429, 4.57143, 7.71429], "texture": "#5"},
				"west": {"uv": [7, 3.42857, 6.28571, 5.42857], "texture": "#5"}
			}
		},
		{
			"from": [7.3675, 9.68162, 10.85942],
			"to": [8.6175, 13.18162, 10.88942],
			"rotation": {"angle": -22.5, "axis": "x", "origin": [8, 11.68162, 10.43192]},
			"faces": {
				"north": {"uv": [0.71429, 6.85714, 0, 8.85714], "texture": "#5"},
				"south": {"uv": [7, 5.71429, 6.28571, 7.71429], "texture": "#5"}
			}
		},
		{
			"from": [7.3675, 17.62286, 9.17083],
			"to": [8.6175, 21.12286, 9.20083],
			"rotation": {"angle": -45, "axis": "y", "origin": [8, 19.37286, 9.19333]},
			"faces": {
				"north": {"uv": [3, 6.85714, 2.28571, 8.85714], "texture": "#5"},
				"south": {"uv": [1.85714, 6.85714, 1.14286, 8.85714], "texture": "#5"}
			}
		},
		{
			"from": [7.9925, 17.62286, 8.57583],
			"to": [8.0225, 21.12286, 9.82583],
			"rotation": {"angle": -45, "axis": "y", "origin": [8, 19.37286, 9.19333]},
			"faces": {
				"east": {"uv": [8.14286, 0, 7.42857, 2], "texture": "#5"},
				"west": {"uv": [8.14286, 2.28571, 7.42857, 4.28571], "texture": "#5"}
			}
		},
		{
			"from": [6.20769, 9.31204, 8.50282],
			"to": [7.20769, 10.31204, 10.00282],
			"rotation": {"angle": -22.5, "axis": "z", "origin": [6.4, 10.31204, 10.09986]},
			"faces": {
				"north": {"uv": [9.14286, 13.14286, 8.57143, 13.71429], "texture": "#5"},
				"east": {"uv": [12.85714, 6.28571, 12, 6.85714], "texture": "#5"},
				"south": {"uv": [13.71429, 8, 13.14286, 8.57143], "texture": "#5"},
				"west": {"uv": [3.14286, 12.57143, 2.28571, 13.14286], "texture": "#5"},
				"up": {"uv": [13.14286, 2.28571, 12.57143, 3.14286], "texture": "#5"},
				"down": {"uv": [4.57143, 13.42857, 4, 12.57143], "texture": "#5"}
			}
		},
		{
			"from": [6.21537, 9.42204, 9.72182],
			"to": [6.99537, 10.20204, 10.89182],
			"rotation": {"angle": -22.5, "axis": "z", "origin": [6.4, 10.31204, 10.09986]},
			"faces": {
				"east": {"uv": [13.85714, 8.57143, 13.14286, 9], "texture": "#5"},
				"south": {"uv": [14.14286, 9.71429, 13.71429, 10.14286], "texture": "#5"},
				"west": {"uv": [9.85714, 13.14286, 9.14286, 13.57143], "texture": "#5"},
				"up": {"uv": [13.57143, 9.14286, 13.14286, 9.85714], "texture": "#5"},
				"down": {"uv": [10.71429, 13.85714, 10.28571, 13.14286], "texture": "#5"}
			}
		},
		{
			"from": [5.36919, 9.42068, 10.31462],
			"to": [6.23499, 9.99788, 10.89182],
			"rotation": {"angle": -22.5, "axis": "z", "origin": [6.67164, 10.30928, 10.09381]},
			"faces": {
				"north": {"uv": [15.28571, 0.57143, 14.85714, 0.85714], "texture": "#5"},
				"south": {"uv": [1, 14.85714, 0.57143, 15.14286], "texture": "#5"},
				"west": {"uv": [15.14286, 1.71429, 14.85714, 2], "texture": "#5"},
				"up": {"uv": [1.57143, 14.85714, 1.14286, 15.14286], "texture": "#5"},
				"down": {"uv": [15.28571, 1.42857, 14.85714, 1.14286], "texture": "#5"}
			}
		},
		{
			"from": [5.5724, 6.07983, 7.5],
			"to": [5.6024, 6.57983, 8.5],
			"rotation": {"angle": -22.5, "axis": "z", "origin": [5.5474, 6.14233, 7.75]},
			"faces": {
				"east": {"uv": [14.85714, 3.42857, 14.28571, 3.71429], "texture": "#5"},
				"west": {"uv": [14.28571, 3.42857, 14.85714, 3.71429], "texture": "#5"}
			}
		},
		{
			"from": [8.75, 6.36548, 7.25],
			"to": [9.75, 7.86548, 8.75],
			"rotation": {"angle": 22.5, "axis": "z", "origin": [9.5, 8.11548, 8]},
			"faces": {
				"north": {"uv": [1.14286, 12.57143, 0.57143, 13.42857], "texture": "#5"},
				"east": {"uv": [11.71429, 5.71429, 10.85714, 6.57143], "texture": "#5"},
				"south": {"uv": [1.71429, 12.57143, 1.14286, 13.42857], "texture": "#5"},
				"west": {"uv": [11.71429, 4.57143, 10.85714, 5.42857], "texture": "#5"},
				"down": {"uv": [1.71429, 12.57143, 2.28571, 13.42857], "texture": "#5"}
			}
		},
		{
			"from": [8.75, 7.86548, 7],
			"to": [10.75, 9.86548, 9],
			"rotation": {"angle": 22.5, "axis": "z", "origin": [9.5, 8.11548, 8]},
			"faces": {
				"north": {"uv": [9.71429, 4.57143, 8.57143, 5.71429], "texture": "#5"},
				"east": {"uv": [9.71429, 8, 8.57143, 9.14286], "texture": "#5"},
				"south": {"uv": [9.71429, 6.85714, 8.57143, 8], "texture": "#5"},
				"west": {"uv": [9.71429, 5.71429, 8.57143, 6.85714], "texture": "#5"},
				"up": {"uv": [0, 10.28571, 1.14286, 9.14286], "texture": "#5"},
				"down": {"uv": [1.14286, 9.14286, 2.28571, 10.28571], "texture": "#5"}
			}
		},
		{
			"from": [8.79231, 9.31204, 5.99718],
			"to": [9.79231, 10.31204, 7.49718],
			"rotation": {"angle": 22.5, "axis": "z", "origin": [9.6, 10.31204, 5.90014]},
			"faces": {
				"north": {"uv": [13.71429, 8, 13.14286, 8.57143], "texture": "#5"},
				"east": {"uv": [3.14286, 12.57143, 2.28571, 13.14286], "texture": "#5"},
				"south": {"uv": [9.14286, 13.14286, 8.57143, 13.71429], "texture": "#5"},
				"west": {"uv": [12.85714, 6.28571, 12, 6.85714], "texture": "#5"},
				"up": {"uv": [12.57143, 3.14286, 13.14286, 2.28571], "texture": "#5"},
				"down": {"uv": [4, 12.57143, 4.57143, 13.42857], "texture": "#5"}
			}
		},
		{
			"from": [9.00463, 9.42204, 5.10818],
			"to": [9.78463, 10.20204, 6.27818],
			"rotation": {"angle": 22.5, "axis": "z", "origin": [9.6, 10.31204, 5.90014]},
			"faces": {
				"north": {"uv": [14.14286, 9.71429, 13.71429, 10.14286], "texture": "#5"},
				"east": {"uv": [9.85714, 13.14286, 9.14286, 13.57143], "texture": "#5"},
				"west": {"uv": [13.85714, 8.57143, 13.14286, 9], "texture": "#5"},
				"up": {"uv": [13.14286, 9.85714, 13.57143, 9.14286], "texture": "#5"},
				"down": {"uv": [10.28571, 13.14286, 10.71429, 13.85714], "texture": "#5"}
			}
		},
		{
			"from": [9.76501, 9.42068, 5.10818],
			"to": [10.63081, 9.99788, 5.68538],
			"rotation": {"angle": 22.5, "axis": "z", "origin": [9.32836, 10.30928, 5.90619]},
			"faces": {
				"north": {"uv": [1, 14.85714, 0.57143, 15.14286], "texture": "#5"},
				"east": {"uv": [15.14286, 1.71429, 14.85714, 2], "texture": "#5"},
				"south": {"uv": [15.28571, 0.57143, 14.85714, 0.85714], "texture": "#5"},
				"up": {"uv": [1.14286, 15.14286, 1.57143, 14.85714], "texture": "#5"},
				"down": {"uv": [14.85714, 1.14286, 15.28571, 1.42857], "texture": "#5"}
			}
		},
		{
			"from": [10.3976, 6.07983, 7.5],
			"to": [10.4276, 6.57983, 8.5],
			"rotation": {"angle": 22.5, "axis": "z", "origin": [10.4526, 6.14233, 7.75]},
			"faces": {
				"east": {"uv": [14.85714, 3.42857, 14.28571, 3.71429], "texture": "#5"},
				"west": {"uv": [14.28571, 3.42857, 14.85714, 3.71429], "texture": "#5"}
			}
		},
		{
			"from": [9.76501, 9.42068, 10.31462],
			"to": [10.63081, 9.99788, 10.89182],
			"rotation": {"angle": 22.5, "axis": "z", "origin": [9.32836, 10.30928, 10.09381]},
			"faces": {
				"north": {"uv": [14.85714, 0.57143, 15.28571, 0.85714], "texture": "#5"},
				"east": {"uv": [14.85714, 1.71429, 15.14286, 2], "texture": "#5"},
				"south": {"uv": [0.57143, 14.85714, 1, 15.14286], "texture": "#5"},
				"up": {"uv": [1.14286, 14.85714, 1.57143, 15.14286], "texture": "#5"},
				"down": {"uv": [14.85714, 1.42857, 15.28571, 1.14286], "texture": "#5"}
			}
		},
		{
			"from": [9.00463, 9.42204, 9.72182],
			"to": [9.78463, 10.20204, 10.89182],
			"rotation": {"angle": 22.5, "axis": "z", "origin": [9.6, 10.31204, 10.09986]},
			"faces": {
				"east": {"uv": [9.14286, 13.14286, 9.85714, 13.57143], "texture": "#5"},
				"south": {"uv": [13.71429, 9.71429, 14.14286, 10.14286], "texture": "#5"},
				"west": {"uv": [13.14286, 8.57143, 13.85714, 9], "texture": "#5"},
				"up": {"uv": [13.14286, 9.14286, 13.57143, 9.85714], "texture": "#5"},
				"down": {"uv": [10.28571, 13.85714, 10.71429, 13.14286], "texture": "#5"}
			}
		},
		{
			"from": [8.79231, 9.31204, 8.50282],
			"to": [9.79231, 10.31204, 10.00282],
			"rotation": {"angle": 22.5, "axis": "z", "origin": [9.6, 10.31204, 10.09986]},
			"faces": {
				"north": {"uv": [8.57143, 13.14286, 9.14286, 13.71429], "texture": "#5"},
				"east": {"uv": [2.28571, 12.57143, 3.14286, 13.14286], "texture": "#5"},
				"south": {"uv": [13.14286, 8, 13.71429, 8.57143], "texture": "#5"},
				"west": {"uv": [12, 6.28571, 12.85714, 6.85714], "texture": "#5"},
				"up": {"uv": [12.57143, 2.28571, 13.14286, 3.14286], "texture": "#5"},
				"down": {"uv": [4, 13.42857, 4.57143, 12.57143], "texture": "#5"}
			}
		},
		{
			"from": [10.47067, 6.59437, 6],
			"to": [10.50067, 8.59437, 10],
			"rotation": {"angle": 22.5, "axis": "z", "origin": [10.40067, 6.59437, 6]},
			"faces": {
				"east": {"uv": [16, 0, 0, 7.98929], "texture": "#3"},
				"west": {"uv": [0, 0, 16, 7.98929], "texture": "#3"}
			}
		},
		{
			"from": [5.49933, 6.59437, 6],
			"to": [5.52933, 8.59437, 10],
			"rotation": {"angle": -22.5, "axis": "z", "origin": [5.59933, 6.59437, 6]},
			"faces": {
				"east": {"uv": [16, 0, 0, 7.98929], "texture": "#3"},
				"west": {"uv": [0, 0, 16, 7.98929], "texture": "#3"}
			}
		}
	],
	"gui_light": "front",
	"display": {
		"thirdperson_righthand": {
			"translation": [0, 1.25, 1],
			"scale": [0.8, 0.8, 0.8]
		},
		"thirdperson_lefthand": {
			"translation": [0, 1.25, 1],
			"scale": [0.8, 0.8, 0.8]
		},
		"firstperson_righthand": {
			"rotation": [20, 0, 0],
			"translation": [0, 1, 0],
			"scale": [0.55, 0.55, 0.55]
		},
		"firstperson_lefthand": {
			"rotation": [20, 0, 0],
			"translation": [0, 1, 0],
			"scale": [0.55, 0.55, 0.55]
		},
		"ground": {
			"rotation": [-45, 0, 0],
			"translation": [0, 4.5, 0],
			"scale": [0.6, 0.6, 0.6]
		},
		"gui": {
			"rotation": [-90, -45, -90],
			"translation": [-2, -3, 0],
			"scale": [0.65, 0.65, 0.65]
		},
		"head": {
			"rotation": [0, 90, 0]
		},
		"fixed": {
			"rotation": [0, -90, 0],
			"translation": [0, -14.25, -1.5],
			"scale": [2.5, 2.5, 2.5]
		}
	},
	"groups": [
		{
			"name": "sword",
			"origin": [5.59933, 6.59437, 6],
			"color": 0,
			"boneType": "",
			"children": [
				0,
				1,
				2,
				3,
				4,
				5,
				6,
				7,
				8,
				9,
				10,
				11,
				12,
				13,
				14,
				15,
				16,
				17,
				18,
				19,
				20,
				21,
				22,
				23,
				24,
				25,
				26,
				27,
				28,
				29,
				30,
				31,
				32,
				33,
				34,
				35,
				36,
				37,
				38,
				39,
				40,
				41,
				42,
				43,
				44,
				45,
				46,
				47,
				48,
				49,
				50,
				51,
				52,
				53,
				54,
				55,
				56,
				57,
				58,
				59,
				60,
				61,
				62,
				63,
				64,
				65,
				66,
				67,
				68,
				69,
				70,
				71,
				72,
				73,
				74,
				75,
				76
			]
		}
	]
}