{
	"credit": "Made with Blockbench",
	"texture_size": [64, 64],
	"textures": {
		"0": "item/multiple/necrodius/1",
		"1": "item/multiple/necrodius/2",
		"particle": "item/multiple/necrodius/1"
	},
	"elements": [
		{
			"from": [8, -8, 7.5],
			"to": [10, 1, 9.5],
			"rotation": {"angle": 0, "axis": "y", "origin": [17, -8, 0.5]},
			"faces": {
				"north": {"uv": [3.75, 3.75, 4.25, 6], "texture": "#0"},
				"east": {"uv": [0, 4, 0.5, 6.25], "texture": "#0"},
				"south": {"uv": [0.5, 4, 1, 6.25], "texture": "#0"},
				"west": {"uv": [1, 4, 1.5, 6.25], "texture": "#0"},
				"up": {"uv": [4.75, 1.25, 4.25, 0.75], "texture": "#0"},
				"down": {"uv": [4.25, 7.25, 3.75, 7.75], "texture": "#0"}
			}
		},
		{
			"from": [6.5, -6, 8],
			"to": [7.5, 1, 9],
			"rotation": {"angle": 0, "axis": "y", "origin": [17, -8, 0.5]},
			"faces": {
				"north": {"uv": [2.75, 4, 3, 5.75], "texture": "#0"},
				"east": {"uv": [3, 4, 3.25, 5.75], "texture": "#0"},
				"south": {"uv": [3.25, 4, 3.5, 5.75], "texture": "#0"},
				"west": {"uv": [3.5, 4, 3.75, 5.75], "texture": "#0"},
				"up": {"uv": [3.75, 1.5, 3.5, 1.25], "texture": "#0"},
				"down": {"uv": [6, 1.75, 5.75, 2], "texture": "#0"}
			}
		},
		{
			"from": [5.5, -8, 7.5],
			"to": [7.5, -6, 9.5],
			"rotation": {"angle": 0, "axis": "y", "origin": [17, -8, 0.5]},
			"faces": {
				"north": {"uv": [0, 7.5, 0.5, 8], "texture": "#0"},
				"east": {"uv": [7.5, 0, 8, 0.5], "texture": "#0"},
				"south": {"uv": [0.5, 7.5, 1, 8], "texture": "#0"},
				"west": {"uv": [1, 7.5, 1.5, 8], "texture": "#0"},
				"up": {"uv": [2, 8, 1.5, 7.5], "texture": "#0"},
				"down": {"uv": [8, 1.75, 7.5, 2.25], "texture": "#0"}
			}
		},
		{
			"from": [6.5, -12, 7],
			"to": [10.5, -9, 9],
			"rotation": {"angle": 0, "axis": "y", "origin": [17, -9, 0.5]},
			"faces": {
				"north": {"uv": [1.5, 6, 2.5, 6.75], "texture": "#0"},
				"east": {"uv": [4.75, 6.75, 5.25, 7.5], "texture": "#0"},
				"south": {"uv": [4.25, 6, 5.25, 6.75], "texture": "#0"},
				"west": {"uv": [7, 6.25, 7.5, 7], "texture": "#0"},
				"up": {"uv": [4.75, 7.25, 3.75, 6.75], "texture": "#0"},
				"down": {"uv": [7, 6.75, 6, 7.25], "texture": "#0"}
			}
		},
		{
			"from": [7, -9, 7.5],
			"to": [10, -8, 9],
			"rotation": {"angle": 0, "axis": "y", "origin": [17, -9, 0.5]},
			"faces": {
				"north": {"uv": [0, 8.5, 0.75, 8.75], "texture": "#0"},
				"east": {"uv": [0.75, 8.5, 1.125, 8.75], "texture": "#0"},
				"south": {"uv": [0.5, 8.25, 1.25, 8.5], "texture": "#0"},
				"west": {"uv": [0.75, 8.75, 1.125, 9], "texture": "#0"},
				"up": {"uv": [0.75, 9.125, 0, 8.75], "texture": "#0"},
				"down": {"uv": [2, 8, 1.25, 8.375], "texture": "#0"}
			}
		},
		{
			"from": [6.525, -12, 7.775],
			"to": [7.475, -10, 8.725],
			"rotation": {"angle": -45, "axis": "z", "origin": [6.5, -10, 8.25]},
			"faces": {
				"north": {"uv": [4.75, 0.75, 5, 1.25], "texture": "#0"},
				"east": {"uv": [5.25, 6, 5.5, 6.5], "texture": "#0"},
				"south": {"uv": [4, 7.75, 4.25, 8.25], "texture": "#0"},
				"west": {"uv": [4.25, 7.75, 4.5, 8.25], "texture": "#0"},
				"up": {"uv": [2.5, 6, 2.25, 5.75], "texture": "#0"},
				"down": {"uv": [6.25, 1.75, 6, 2], "texture": "#0"}
			}
		},
		{
			"from": [5.09268, -13.40242, 7.75],
			"to": [6.09268, -11.40242, 8.75],
			"rotation": {"angle": -22.5, "axis": "z", "origin": [5.075, -11.4, 8.25]},
			"faces": {
				"north": {"uv": [4.5, 7.75, 4.75, 8.25], "texture": "#0"},
				"east": {"uv": [7.75, 4.75, 8, 5.25], "texture": "#0"},
				"south": {"uv": [5.25, 7.75, 5.5, 8.25], "texture": "#0"},
				"west": {"uv": [7.75, 5.25, 8, 5.75], "texture": "#0"},
				"up": {"uv": [2.75, 6.75, 2.5, 6.5], "texture": "#0"},
				"down": {"uv": [4, 6.5, 3.75, 6.75], "texture": "#0"}
			}
		},
		{
			"from": [6.525, -13.25, 7.025],
			"to": [7.475, -11.25, 7.975],
			"rotation": {"angle": 22.5, "axis": "x", "origin": [7, -11.25, 7]},
			"faces": {
				"north": {"uv": [6.25, 7.75, 6.5, 8.25], "texture": "#0"},
				"east": {"uv": [7.75, 6.25, 8, 6.75], "texture": "#0"},
				"south": {"uv": [6.5, 7.75, 6.75, 8.25], "texture": "#0"},
				"west": {"uv": [6.75, 7.75, 7, 8.25], "texture": "#0"},
				"up": {"uv": [8, 1.5, 7.75, 1.25], "texture": "#0"},
				"down": {"uv": [8, 6.75, 7.75, 7], "texture": "#0"}
			}
		},
		{
			"from": [6.5, -15.10381, 6.23495],
			"to": [7.5, -13.10381, 7.23495],
			"rotation": {"angle": 0, "axis": "y", "origin": [7, -13.1, 6.25]},
			"faces": {
				"north": {"uv": [7, 7.75, 7.25, 8.25], "texture": "#0"},
				"east": {"uv": [7.25, 7.75, 7.5, 8.25], "texture": "#0"},
				"south": {"uv": [7.75, 7.25, 8, 7.75], "texture": "#0"},
				"west": {"uv": [7.5, 7.75, 7.75, 8.25], "texture": "#0"},
				"up": {"uv": [0.75, 8.25, 0.5, 8], "texture": "#0"},
				"down": {"uv": [8.25, 0.5, 8, 0.75], "texture": "#0"}
			}
		},
		{
			"from": [7.775, -13.25, 7.025],
			"to": [8.725, -11.25, 7.975],
			"rotation": {"angle": 45, "axis": "x", "origin": [8.25, -11.25, 7]},
			"faces": {
				"north": {"uv": [6.25, 7.75, 6.5, 8.25], "texture": "#0"},
				"east": {"uv": [7.75, 6.25, 8, 6.75], "texture": "#0"},
				"south": {"uv": [6.5, 7.75, 6.75, 8.25], "texture": "#0"},
				"west": {"uv": [6.75, 7.75, 7, 8.25], "texture": "#0"},
				"up": {"uv": [8, 1.5, 7.75, 1.25], "texture": "#0"},
				"down": {"uv": [8, 6.75, 7.75, 7], "texture": "#0"}
			}
		},
		{
			"from": [7.75, -15.10381, 6.23495],
			"to": [8.75, -13.10381, 7.23495],
			"rotation": {"angle": 22.5, "axis": "x", "origin": [8.25, -11.25, 7]},
			"faces": {
				"north": {"uv": [7, 7.75, 7.25, 8.25], "texture": "#0"},
				"east": {"uv": [7.25, 7.75, 7.5, 8.25], "texture": "#0"},
				"south": {"uv": [7.75, 7.25, 8, 7.75], "texture": "#0"},
				"west": {"uv": [7.5, 7.75, 7.75, 8.25], "texture": "#0"},
				"up": {"uv": [0.75, 8.25, 0.5, 8], "texture": "#0"},
				"down": {"uv": [8.25, 0.5, 8, 0.75], "texture": "#0"}
			}
		},
		{
			"from": [9.025, -13.25, 7.025],
			"to": [9.975, -11.25, 7.975],
			"rotation": {"angle": 22.5, "axis": "x", "origin": [9.5, -11.25, 7]},
			"faces": {
				"north": {"uv": [6.25, 7.75, 6.5, 8.25], "texture": "#0"},
				"east": {"uv": [7.75, 6.25, 8, 6.75], "texture": "#0"},
				"south": {"uv": [6.5, 7.75, 6.75, 8.25], "texture": "#0"},
				"west": {"uv": [6.75, 7.75, 7, 8.25], "texture": "#0"},
				"up": {"uv": [8, 1.5, 7.75, 1.25], "texture": "#0"},
				"down": {"uv": [8, 6.75, 7.75, 7], "texture": "#0"}
			}
		},
		{
			"from": [9, -15.10381, 6.23495],
			"to": [10, -13.10381, 7.23495],
			"rotation": {"angle": 0, "axis": "y", "origin": [9.5, -11.25, 7]},
			"faces": {
				"north": {"uv": [7, 7.75, 7.25, 8.25], "texture": "#0"},
				"east": {"uv": [7.25, 7.75, 7.5, 8.25], "texture": "#0"},
				"south": {"uv": [7.75, 7.25, 8, 7.75], "texture": "#0"},
				"west": {"uv": [7.5, 7.75, 7.75, 8.25], "texture": "#0"},
				"up": {"uv": [0.75, 8.25, 0.5, 8], "texture": "#0"},
				"down": {"uv": [8.25, 0.5, 8, 0.75], "texture": "#0"}
			}
		},
		{
			"from": [10.275, -12.25, 7.025],
			"to": [11.225, -10.25, 7.975],
			"rotation": {"angle": 22.5, "axis": "x", "origin": [10.75, -10.25, 7]},
			"faces": {
				"north": {"uv": [6.25, 7.75, 6.5, 8.25], "texture": "#0"},
				"east": {"uv": [7.75, 6.25, 8, 6.75], "texture": "#0"},
				"south": {"uv": [6.5, 7.75, 6.75, 8.25], "texture": "#0"},
				"west": {"uv": [6.75, 7.75, 7, 8.25], "texture": "#0"},
				"up": {"uv": [8, 1.5, 7.75, 1.25], "texture": "#0"},
				"down": {"uv": [8, 6.75, 7.75, 7], "texture": "#0"}
			}
		},
		{
			"from": [10.25, -14.10381, 6.23495],
			"to": [11.25, -12.10381, 7.23495],
			"rotation": {"angle": 0, "axis": "y", "origin": [10.75, -10.25, 7]},
			"faces": {
				"north": {"uv": [7, 7.75, 7.25, 8.25], "texture": "#0"},
				"east": {"uv": [7.25, 7.75, 7.5, 8.25], "texture": "#0"},
				"south": {"uv": [7.75, 7.25, 8, 7.75], "texture": "#0"},
				"west": {"uv": [7.5, 7.75, 7.75, 8.25], "texture": "#0"},
				"up": {"uv": [0.75, 8.25, 0.5, 8], "texture": "#0"},
				"down": {"uv": [8.25, 0.5, 8, 0.75], "texture": "#0"}
			}
		},
		{
			"from": [6.25, -4, 9.75],
			"to": [10.25, 1, 9.75],
			"rotation": {"angle": 0, "axis": "y", "origin": [17, -8, 0.5]},
			"faces": {
				"north": {"uv": [4.75, 2.5, 3.75, 3.75], "texture": "#0"},
				"east": {"uv": [1.5, 4.75, 2.125, 6], "texture": "#0"},
				"south": {"uv": [3.75, 2.5, 4.75, 3.75], "texture": "#0"},
				"west": {"uv": [5, 0.75, 5, 2], "texture": "#0"}
			}
		},
		{
			"from": [6.25, -4, 7.25],
			"to": [6.25, 1, 9.75],
			"rotation": {"angle": 0, "axis": "y", "origin": [17, -8, 0.5]},
			"faces": {
				"north": {"uv": [3.75, 1.25, 4.875, 2.5], "texture": "#0"},
				"east": {"uv": [5.625, 0.75, 5, 2], "texture": "#0"},
				"south": {"uv": [3.75, 2.5, 4.875, 3.75], "texture": "#0"},
				"west": {"uv": [5, 0.75, 5.625, 2], "texture": "#0"}
			}
		},
		{
			"from": [10.25, -4, 7.25],
			"to": [10.25, 1, 9.75],
			"rotation": {"angle": 0, "axis": "y", "origin": [17, -8, 0.5]},
			"faces": {
				"north": {"uv": [3.75, 1.25, 4.875, 2.5], "texture": "#0"},
				"east": {"uv": [1.5, 4.75, 2.125, 6], "texture": "#0"},
				"south": {"uv": [3.75, 2.5, 4.875, 3.75], "texture": "#0"},
				"west": {"uv": [2.125, 4.75, 1.5, 6], "texture": "#0"}
			}
		},
		{
			"from": [6.25, -4, 7.25],
			"to": [10.25, 1, 7.25],
			"rotation": {"angle": 0, "axis": "y", "origin": [17, -8, 0.5]},
			"faces": {
				"north": {"uv": [3.75, 1.25, 4.75, 2.5], "texture": "#0"},
				"east": {"uv": [1.5, 4.75, 2.125, 6], "texture": "#0"},
				"south": {"uv": [4.75, 1.25, 3.75, 2.5], "texture": "#0"},
				"west": {"uv": [5, 0.75, 5, 2], "texture": "#0"}
			}
		},
		{
			"from": [6.25, -8, 7.15],
			"to": [10.25, -3, 7.15],
			"rotation": {"angle": 0, "axis": "y", "origin": [17, -8, 0.5]},
			"faces": {
				"north": {"uv": [0, 9.25, 1, 10.5], "texture": "#0"},
				"east": {"uv": [1.5, 4.75, 2.125, 6], "texture": "#0"},
				"south": {"uv": [0, 9.25, 1, 10.5], "texture": "#0"},
				"west": {"uv": [5, 0.75, 5, 2], "texture": "#0"}
			}
		},
		{
			"from": [11.37849, 7.93015, 7.75],
			"to": [12.87849, 10.93015, 9.25],
			"rotation": {"angle": 0, "axis": "y", "origin": [9.5, 5, 8.5]},
			"faces": {
				"north": {"uv": [14.5, 2.25, 15.25, 1.875], "rotation": 270, "texture": "#0"},
				"east": {"uv": [16, 2.25, 15.25, 1.875], "rotation": 90, "texture": "#0"},
				"south": {"uv": [14.5, 1.875, 15.25, 1.5], "rotation": 90, "texture": "#0"},
				"west": {"uv": [16, 1.5, 15.25, 1.875], "rotation": 90, "texture": "#0"},
				"up": {"uv": [15.25, 2.625, 15.625, 2.25], "rotation": 90, "texture": "#0"},
				"down": {"uv": [15.625, 2.625, 16, 2.25], "rotation": 90, "texture": "#0"}
			}
		},
		{
			"from": [12.12849, 9.78015, 8],
			"to": [15.12849, 10.78015, 9],
			"rotation": {"angle": 22.5, "axis": "z", "origin": [11.37849, 8.93015, 8.5]},
			"faces": {
				"north": {"uv": [15.25, 2.875, 14.5, 3.125], "texture": "#0"},
				"east": {"uv": [15, 2.375, 14.75, 2.625], "texture": "#0"},
				"south": {"uv": [15.25, 2.625, 14.5, 2.875], "texture": "#0"},
				"west": {"uv": [15.25, 2.375, 15, 2.625], "texture": "#0"},
				"up": {"uv": [15.25, 2.875, 16, 2.625], "texture": "#0"},
				"down": {"uv": [15.25, 2.875, 16, 3.125], "texture": "#0"}
			}
		},
		{
			"from": [9.5, 5, 7.5],
			"to": [11.5, 9, 9.5],
			"rotation": {"angle": -22.5, "axis": "z", "origin": [9.5, 5, 8.5]},
			"faces": {
				"north": {"uv": [14, 1, 15, 0.5], "rotation": 270, "texture": "#0"},
				"east": {"uv": [16, 1, 15, 0.5], "rotation": 90, "texture": "#0"},
				"south": {"uv": [14, 0.5, 15, 0], "rotation": 90, "texture": "#0"},
				"west": {"uv": [16, 0, 15, 0.5], "rotation": 90, "texture": "#0"},
				"up": {"uv": [15.5, 1.5, 16, 1], "rotation": 90, "texture": "#0"},
				"down": {"uv": [15, 1.5, 15.5, 1], "rotation": 90, "texture": "#0"}
			}
		},
		{
			"from": [3.12151, 7.93015, 7.75],
			"to": [4.62151, 10.93015, 9.25],
			"rotation": {"angle": 0, "axis": "y", "origin": [6.5, 5, 8.5]},
			"faces": {
				"north": {"uv": [14.5, 1.875, 15.25, 2.25], "rotation": 270, "texture": "#0"},
				"east": {"uv": [16, 1.875, 15.25, 1.5], "rotation": 90, "texture": "#0"},
				"south": {"uv": [14.5, 1.5, 15.25, 1.875], "rotation": 90, "texture": "#0"},
				"west": {"uv": [16, 1.875, 15.25, 2.25], "rotation": 90, "texture": "#0"},
				"up": {"uv": [15.25, 2.25, 15.625, 2.625], "rotation": 90, "texture": "#0"},
				"down": {"uv": [15.625, 2.25, 16, 2.625], "rotation": 90, "texture": "#0"}
			}
		},
		{
			"from": [0.87151, 9.78015, 8],
			"to": [3.87151, 10.78015, 9],
			"rotation": {"angle": -22.5, "axis": "z", "origin": [4.62151, 8.93015, 8.5]},
			"faces": {
				"north": {"uv": [14.5, 2.875, 15.25, 3.125], "texture": "#0"},
				"east": {"uv": [15, 2.375, 15.25, 2.625], "texture": "#0"},
				"south": {"uv": [14.5, 2.625, 15.25, 2.875], "texture": "#0"},
				"west": {"uv": [14.75, 2.375, 15, 2.625], "texture": "#0"},
				"up": {"uv": [16, 2.875, 15.25, 2.625], "texture": "#0"},
				"down": {"uv": [16, 2.875, 15.25, 3.125], "texture": "#0"}
			}
		},
		{
			"from": [4.5, 5, 7.5],
			"to": [6.5, 9, 9.5],
			"rotation": {"angle": 22.5, "axis": "z", "origin": [6.5, 5, 8.5]},
			"faces": {
				"north": {"uv": [14, 0.5, 15, 1], "rotation": 270, "texture": "#0"},
				"east": {"uv": [16, 0.5, 15, 0], "rotation": 90, "texture": "#0"},
				"south": {"uv": [14, 0, 15, 0.5], "rotation": 90, "texture": "#0"},
				"west": {"uv": [16, 0.5, 15, 1], "rotation": 90, "texture": "#0"},
				"up": {"uv": [15.5, 1, 16, 1.5], "rotation": 90, "texture": "#0"},
				"down": {"uv": [15, 1, 15.5, 1.5], "rotation": 90, "texture": "#0"}
			}
		},
		{
			"from": [5.5, 3, 6],
			"to": [10.5, 8, 11],
			"rotation": {"angle": 0, "axis": "y", "origin": [17, -18, 0.5]},
			"faces": {
				"north": {"uv": [0, 1.5, 1.25, 2.75], "texture": "#0"},
				"east": {"uv": [1.25, 1.5, 2.5, 2.75], "texture": "#0"},
				"south": {"uv": [2.5, 1.5, 3.75, 2.75], "texture": "#0"},
				"west": {"uv": [0, 2.75, 1.25, 4], "texture": "#0"},
				"up": {"uv": [2.5, 4, 1.25, 2.75], "texture": "#0"},
				"down": {"uv": [3.75, 2.75, 2.5, 4], "texture": "#0"}
			}
		},
		{
			"from": [8, 7, 3],
			"to": [8, 12, 8],
			"rotation": {"angle": 0, "axis": "y", "origin": [8, 9.5, 8]},
			"faces": {
				"east": {"uv": [3, 0, 4.25, 1.25], "texture": "#0"},
				"west": {"uv": [4.25, 0, 3, 1.25], "texture": "#0"}
			}
		},
		{
			"from": [8, 7, 8],
			"to": [8, 12, 13],
			"rotation": {"angle": 0, "axis": "y", "origin": [8, 9.5, 8]},
			"faces": {
				"east": {"uv": [4.25, 0, 3, 1.25], "texture": "#0"},
				"west": {"uv": [3, 0, 4.25, 1.25], "texture": "#0"}
			}
		},
		{
			"from": [2, 4, 8.5],
			"to": [13, 32, 8.5],
			"rotation": {"angle": 0, "axis": "y", "origin": [17, -17, 0.5]},
			"faces": {
				"north": {"uv": [16, 9, 13.25, 16], "texture": "#0"},
				"east": {"uv": [1.25, 1.5, 1.25, 8], "texture": "#0"},
				"south": {"uv": [13.25, 9, 16, 16], "texture": "#0"},
				"west": {"uv": [0, 2.75, 0, 9.25], "texture": "#0"},
				"up": {"uv": [3.5, 2.75, 1.25, 2.75], "texture": "#0"},
				"down": {"uv": [4.75, 2.75, 2.5, 2.75], "texture": "#0"}
			}
		},
		{
			"from": [6, 1, 6.5],
			"to": [10, 3, 10.5],
			"rotation": {"angle": 0, "axis": "y", "origin": [17, 24, 1]},
			"faces": {
				"north": {"uv": [0.125, 2, 1.125, 1.5], "texture": "#0"},
				"east": {"uv": [1.375, 2, 2.375, 1.5], "texture": "#0"},
				"south": {"uv": [2.625, 2, 3.625, 1.5], "texture": "#0"},
				"west": {"uv": [0.125, 3.25, 1.125, 2.75], "texture": "#0"},
				"up": {"uv": [3.625, 3.75, 2.625, 2.75], "texture": "#0"},
				"down": {"uv": [2.375, 2.75, 1.375, 3.75], "texture": "#0"}
			}
		},
		{
			"from": [3, 8, 8],
			"to": [8, 13, 8],
			"rotation": {"angle": 0, "axis": "y", "origin": [17, -17, 0.5]},
			"faces": {
				"north": {"uv": [3, 0, 4.25, 1.25], "texture": "#0"},
				"south": {"uv": [4.25, 0, 3, 1.25], "texture": "#0"}
			}
		},
		{
			"from": [8, 8, 8],
			"to": [13, 13, 8],
			"rotation": {"angle": 0, "axis": "y", "origin": [-1, -17, 0.5]},
			"faces": {
				"north": {"uv": [4.25, 0, 3, 1.25], "texture": "#0"},
				"south": {"uv": [3, 0, 4.25, 1.25], "texture": "#0"}
			}
		},
		{
			"from": [9.5, 3, 6.75],
			"to": [11.5, 5, 10.25],
			"rotation": {"angle": -45, "axis": "z", "origin": [10.5, 4, 8.5]},
			"faces": {
				"north": {"uv": [8, 2.25, 7.5, 2.75], "texture": "#0"},
				"east": {"uv": [7.875, 4.25, 7, 4.75], "texture": "#0"},
				"south": {"uv": [8, 2.75, 7.5, 3.25], "texture": "#0"},
				"west": {"uv": [7.875, 3.75, 7, 4.25], "texture": "#0"},
				"up": {"uv": [2.25, 5.625, 2.75, 4.75], "texture": "#0"},
				"down": {"uv": [2.25, 6.75, 2.75, 7.625], "texture": "#0"}
			}
		},
		{
			"from": [5.72258, 3.15368, 8],
			"to": [11.72258, 4.15368, 9],
			"rotation": {"angle": -45, "axis": "z", "origin": [10.725, 1.15, 8.5]},
			"faces": {
				"north": {"uv": [8, 1.5, 6.5, 1.75], "texture": "#0"},
				"east": {"uv": [8, 0.5, 7.75, 0.75], "texture": "#0"},
				"south": {"uv": [8.5, 7, 7, 7.25], "texture": "#0"},
				"west": {"uv": [7.75, 1.25, 7.5, 1.5], "texture": "#0"},
				"up": {"uv": [7.25, 1, 8.75, 0.75], "texture": "#0"},
				"down": {"uv": [7.25, 1, 8.75, 1.25], "texture": "#0"}
			}
		},
		{
			"from": [10.72258, 1.15368, 8],
			"to": [11.72258, 3.15368, 9],
			"rotation": {"angle": -45, "axis": "z", "origin": [10.725, 1.15, 8.5]},
			"faces": {
				"north": {"uv": [5.75, 7.75, 5.5, 8.25], "texture": "#0"},
				"east": {"uv": [6.25, 7.75, 6, 8.25], "texture": "#0"},
				"south": {"uv": [8, 5.75, 7.75, 6.25], "texture": "#0"},
				"west": {"uv": [6, 7.75, 5.75, 8.25], "texture": "#0"},
				"up": {"uv": [7.25, 1.5, 7.5, 1.25], "texture": "#0"},
				"down": {"uv": [7.5, 0.5, 7.75, 0.75], "texture": "#0"}
			}
		},
		{
			"from": [9.5, -2, 8],
			"to": [10.5, 1, 9],
			"rotation": {"angle": -22.5, "axis": "z", "origin": [10.5, -2, 8.5]},
			"faces": {
				"north": {"uv": [2.75, 5.75, 2.5, 6.5], "texture": "#0"},
				"east": {"uv": [2.5, 7.75, 2.25, 8.5], "texture": "#0"},
				"south": {"uv": [7.75, 6.25, 7.5, 7], "texture": "#0"},
				"west": {"uv": [2.25, 7.5, 2, 8.25], "texture": "#0"},
				"up": {"uv": [4, 6.75, 4.25, 6.5], "texture": "#0"},
				"down": {"uv": [6, 6.5, 6.25, 6.75], "texture": "#0"}
			}
		},
		{
			"from": [5.75, 1.75, 6],
			"to": [10.75, 3.75, 6],
			"rotation": {"angle": 22.5, "axis": "x", "origin": [8.25, 3.75, 6]},
			"faces": {
				"north": {"uv": [1.25, 8.5, 2.5, 9], "texture": "#0"},
				"east": {"uv": [2.5, 7.75, 2.5, 8.25], "texture": "#0"},
				"south": {"uv": [2.5, 8.5, 1.25, 9], "texture": "#0"},
				"west": {"uv": [3.75, 7.75, 3.75, 8.25], "texture": "#0"},
				"up": {"uv": [4.25, 1.25, 3, 1.25], "texture": "#0"},
				"down": {"uv": [6.25, 3.5, 5, 3.5], "texture": "#0"}
			}
		},
		{
			"from": [5.75, 1.25, 6.5],
			"to": [10.75, 3.25, 6.5],
			"rotation": {"angle": -22.5, "axis": "x", "origin": [8.25, 1.25, 6.5]},
			"faces": {
				"north": {"uv": [1.25, 9, 2.5, 8.5], "texture": "#0"},
				"east": {"uv": [2.5, 8.25, 2.5, 7.75], "texture": "#0"},
				"south": {"uv": [2.5, 9, 1.25, 8.5], "texture": "#0"},
				"west": {"uv": [3.75, 8.25, 3.75, 7.75], "texture": "#0"},
				"up": {"uv": [6.25, 3.5, 5, 3.5], "texture": "#0"},
				"down": {"uv": [4.25, 1.25, 3, 1.25], "texture": "#0"}
			}
		},
		{
			"from": [4.5, 3, 6.75],
			"to": [6.5, 5, 10.25],
			"rotation": {"angle": 45, "axis": "z", "origin": [5.5, 4, 8.5]},
			"faces": {
				"north": {"uv": [7.5, 2.25, 8, 2.75], "texture": "#0"},
				"east": {"uv": [7, 3.75, 7.875, 4.25], "texture": "#0"},
				"south": {"uv": [7.5, 2.75, 8, 3.25], "texture": "#0"},
				"west": {"uv": [7, 4.25, 7.875, 4.75], "texture": "#0"},
				"up": {"uv": [2.75, 5.625, 2.25, 4.75], "texture": "#0"},
				"down": {"uv": [2.75, 6.75, 2.25, 7.625], "texture": "#0"}
			}
		},
		{
			"from": [4.27742, 3.15368, 8],
			"to": [10.27742, 4.15368, 9],
			"rotation": {"angle": 45, "axis": "z", "origin": [5.275, 1.15, 8.5]},
			"faces": {
				"north": {"uv": [6.5, 1.5, 8, 1.75], "texture": "#0"},
				"east": {"uv": [7.5, 1.25, 7.75, 1.5], "texture": "#0"},
				"south": {"uv": [7, 7, 8.5, 7.25], "texture": "#0"},
				"west": {"uv": [7.75, 0.5, 8, 0.75], "texture": "#0"},
				"up": {"uv": [8.75, 1, 7.25, 0.75], "texture": "#0"},
				"down": {"uv": [8.75, 1, 7.25, 1.25], "texture": "#0"}
			}
		},
		{
			"from": [4.27742, 1.15368, 8],
			"to": [5.27742, 3.15368, 9],
			"rotation": {"angle": 45, "axis": "z", "origin": [5.275, 1.15, 8.5]},
			"faces": {
				"north": {"uv": [5.5, 7.75, 5.75, 8.25], "texture": "#0"},
				"east": {"uv": [5.75, 7.75, 6, 8.25], "texture": "#0"},
				"south": {"uv": [7.75, 5.75, 8, 6.25], "texture": "#0"},
				"west": {"uv": [6, 7.75, 6.25, 8.25], "texture": "#0"},
				"up": {"uv": [7.5, 1.5, 7.25, 1.25], "texture": "#0"},
				"down": {"uv": [7.75, 0.5, 7.5, 0.75], "texture": "#0"}
			}
		},
		{
			"from": [5.5, -2, 8],
			"to": [6.5, 1, 9],
			"rotation": {"angle": 22.5, "axis": "z", "origin": [5.5, -2, 8.5]},
			"faces": {
				"north": {"uv": [2.5, 5.75, 2.75, 6.5], "texture": "#0"},
				"east": {"uv": [2, 7.5, 2.25, 8.25], "texture": "#0"},
				"south": {"uv": [7.5, 6.25, 7.75, 7], "texture": "#0"},
				"west": {"uv": [2.25, 7.75, 2.5, 8.5], "texture": "#0"},
				"up": {"uv": [4.25, 6.75, 4, 6.5], "texture": "#0"},
				"down": {"uv": [6.25, 6.5, 6, 6.75], "texture": "#0"}
			}
		},
		{
			"from": [3.5, 8, 8.5],
			"to": [12.5, 15, 8.5],
			"rotation": {"angle": 22.5, "axis": "y", "origin": [8, 9.5, 8.5]},
			"faces": {
				"north": {"uv": [9, 0, 0, 7], "texture": "#1"},
				"east": {"uv": [13.75, 0, 13.75, 1.75], "texture": "#0"},
				"south": {"uv": [0, 0, 9, 7], "texture": "#1"},
				"west": {"uv": [13.75, 0, 13.75, 1.75], "texture": "#0"},
				"up": {"uv": [13.75, 0, 16, 0], "texture": "#0"},
				"down": {"uv": [13.75, 0, 16, 0], "texture": "#0"}
			}
		},
		{
			"from": [3.5, 8, 8.5],
			"to": [12.5, 15, 8.5],
			"rotation": {"angle": -22.5, "axis": "y", "origin": [8, 9.5, 8.5]},
			"faces": {
				"north": {"uv": [0, 0, 9, 7], "texture": "#1"},
				"east": {"uv": [13.75, 0, 13.75, 1.75], "texture": "#0"},
				"south": {"uv": [9, 0, 0, 7], "texture": "#1"},
				"west": {"uv": [13.75, 0, 13.75, 1.75], "texture": "#0"},
				"up": {"uv": [13.75, 0, 16, 0], "texture": "#0"},
				"down": {"uv": [13.75, 0, 16, 0], "texture": "#0"}
			}
		}
	],
	"display": {
		"thirdperson_righthand": {
			"rotation": [0, 90, 0],
			"translation": [0, 4.25, 1.75],
			"scale": [0.5, 0.5, 0.5]
		},
		"thirdperson_lefthand": {
			"rotation": [0, -90, 0],
			"translation": [0, 4.25, 1.75],
			"scale": [0.5, 0.5, 0.5]
		},
		"firstperson_righthand": {
			"rotation": [0, 90, 20],
			"translation": [1.25, 2.75, 0],
			"scale": [0.4, 0.4, 0.4]
		},
		"firstperson_lefthand": {
			"rotation": [0, -90, -20],
			"translation": [1.25, 2.75, 0],
			"scale": [0.4, 0.4, 0.4]
		},
		"ground": {
			"translation": [0, 6, 0],
			"scale": [0.5, 0.5, 0.5]
		},
		"gui": {
			"rotation": [0, 0, -45],
			"translation": [0.25, -0.25, 0],
			"scale": [0.435, 0.435, 0.435]
		},
		"head": {
			"rotation": [-180, -90, 0],
			"translation": [0, 14.5, 1.75],
			"scale": [0.6, 0.6, 0.6]
		},
		"fixed": {
			"rotation": [0, 0, -45],
			"translation": [0, 0, -1.5],
			"scale": [0.6, 0.6, 0.6]
		}
	},
	"groups": [
		0,
		1,
		2,
		{
			"name": "group",
			"origin": [0, 0, 0],
			"color": 0,
			"children": [
				3,
				4,
				{
					"name": "thumb",
					"origin": [0, 0, 0],
					"color": 0,
					"children": [
						5,
						{
							"name": "group",
							"origin": [0, 0, 0],
							"color": 0,
							"children": [6]
						}
					]
				},
				{
					"name": "finger",
					"origin": [0, 0, 0],
					"color": 0,
					"children": [
						7,
						{
							"name": "group",
							"origin": [0, 0, 0],
							"color": 0,
							"children": [
								8,
								{
									"name": "group",
									"origin": [0, 0, 0],
									"color": 0,
									"children": []
								}
							]
						}
					]
				},
				{
					"name": "finger",
					"origin": [0, 0, 0],
					"color": 0,
					"children": [
						9,
						{
							"name": "group",
							"origin": [0, 0, 0],
							"color": 0,
							"children": [
								10,
								{
									"name": "group",
									"origin": [0, 0, 0],
									"color": 0,
									"children": []
								}
							]
						}
					]
				},
				{
					"name": "finger",
					"origin": [0, 0, 0],
					"color": 0,
					"children": [
						11,
						{
							"name": "group",
							"origin": [0, 0, 0],
							"color": 0,
							"children": [
								12,
								{
									"name": "group",
									"origin": [0, 0, 0],
									"color": 0,
									"children": []
								}
							]
						}
					]
				},
				{
					"name": "finger",
					"origin": [0, 0, 0],
					"color": 0,
					"children": [
						13,
						{
							"name": "group",
							"origin": [0, 0, 0],
							"color": 0,
							"children": [
								14,
								{
									"name": "group",
									"origin": [0, 0, 0],
									"color": 0,
									"children": []
								}
							]
						}
					]
				}
			]
		},
		{
			"name": "group",
			"origin": [0, 0, 0],
			"color": 0,
			"children": [15, 16, 17, 18, 19]
		},
		{
			"name": "group",
			"origin": [-1, -6, 0.5],
			"color": 0,
			"children": [
				{
					"name": "group",
					"origin": [17, 0, 0.5],
					"color": 0,
					"children": [20, 21, 22]
				},
				{
					"name": "group",
					"origin": [17, 0, 0.5],
					"color": 0,
					"children": [23, 24, 25]
				},
				26,
				27,
				28,
				29,
				30,
				{
					"name": "group",
					"origin": [-1, -13, 0.5],
					"color": 0,
					"children": [31, 32]
				},
				{
					"name": "group",
					"origin": [8, 15, 11.5],
					"color": 0,
					"children": [33, 34, 35, 36]
				},
				{
					"name": "group",
					"origin": [8, 15, 11.5],
					"color": 0,
					"children": [37, 38, 39, 40, 41, 42]
				}
			]
		},
		{
			"name": "group",
			"origin": [8, 26.5, 8.5],
			"color": 0,
			"children": [43, 44]
		}
	]
}