{
    "display": {
        "thirdperson_righthand": {
            "translation": [-0.5, 1, 1.25],
            "scale": [0.8, 0.8, 0.8]
        },
        "thirdperson_lefthand": {
            "translation": [-0.5, 1, 1.25],
            "scale": [0.8, 0.8, 0.8]
        },
        "firstperson_righthand": {
            "rotation": [20, 0, 0],
            "translation": [1, 1, 0],
            "scale": [0.5, 0.5, 0.5]
        },
        "firstperson_lefthand": {
            "rotation": [20, 0, 0],
            "translation": [1, 1, 0],
            "scale": [0.5, 0.5, 0.5]
        },
        "ground": {
            "translation": [0, 1.25, 0],
            "scale": [0.5, 0.5, 0.5]
        },
        "gui": {
            "rotation": [-90, -43.25, -90],
            "translation": [-2.5, -2.75, 0],
            "scale": [0.6, 0.6, 0.6]
        },
        "fixed": {
            "rotation": [90, -45, 90],
            "translation": [3.25, -2.75, -1.5],
            "scale": [0.7, 0.7, 0.7]
        }
    },
    "ambientocclusion": false,
    "texture_size": [64, 64],
    "textures": {
        "1": "item/swords/neptune_sword"
    },
    "elements": [{
        "from": [8, -3.1, 8],
        "to": [9, 6.8, 9],
        "faces": {
            "north": {
                "uv": [9, 3.25, 9.75, 9.5],
                "texture": "#1"
            },
            "east": {
                "uv": [9, 3.25, 9.75, 9.5],
                "texture": "#1"
            },
            "south": {
                "uv": [9, 3.25, 9.75, 9.5],
                "texture": "#1"
            },
            "west": {
                "uv": [9, 3.25, 9.75, 9.5],
                "texture": "#1"
            },
            "up": {
                "uv": [0, 0, 0.25, 0.25],
                "texture": "#missing"
            },
            "down": {
                "uv": [9, 8.75, 9.75, 9.5],
                "texture": "#1"
            }
        }
    }, {
        "from": [8, 6.8, 7.65],
        "to": [9, 7.15, 9.4],
        "faces": {
            "north": {
                "uv": [10.5, 2.5, 10.75, 2.75],
                "texture": "#1"
            },
            "east": {
                "uv": [8.75, 2.5, 10, 2.75],
                "texture": "#1"
            },
            "south": {
                "uv": [10.5, 2.5, 10.75, 2.75],
                "texture": "#1"
            },
            "west": {
                "uv": [8.75, 2.5, 10, 2.75],
                "texture": "#1"
            },
            "up": {
                "uv": [12.5, 2.75, 11.25, 2.5],
                "texture": "#1"
            },
            "down": {
                "uv": [11.25, 2.5, 12.5, 2.75],
                "texture": "#1"
            }
        }
    }, {
        "from": [8, 7.15, 7.25],
        "to": [9, 8, 9.8],
        "faces": {
            "north": {
                "uv": [10.5, 1.75, 10.75, 2.25],
                "texture": "#1"
            },
            "east": {
                "uv": [8.5, 1.75, 10.25, 2.25],
                "texture": "#1"
            },
            "south": {
                "uv": [10.5, 1.75, 10.75, 2.25],
                "texture": "#1"
            },
            "west": {
                "uv": [8.5, 1.75, 10.25, 2.25],
                "texture": "#1"
            },
            "up": {
                "uv": [12.5, 2.75, 11.25, 2.5],
                "texture": "#1"
            },
            "down": {
                "uv": [11.25, 2.5, 12.5, 2.75],
                "texture": "#1"
            }
        }
    }, {
        "from": [8, 8, 6.85],
        "to": [9, 10.35, 10.2],
        "faces": {
            "north": {
                "uv": [9, 3.5, 9.75, 5],
                "texture": "#1"
            },
            "east": {
                "uv": [8.25, 0, 10.5, 1.5],
                "texture": "#1"
            },
            "south": {
                "uv": [9, 3.5, 9.75, 5],
                "texture": "#1"
            },
            "west": {
                "uv": [8.25, 0, 10.5, 1.5],
                "texture": "#1"
            },
            "up": {
                "uv": [12.5, 2.75, 11.25, 2.5],
                "texture": "#1"
            },
            "down": {
                "uv": [11.25, 2.5, 12.5, 2.75],
                "texture": "#1"
            }
        }
    }, {
        "from": [7.85, 9.7, 7.6],
        "to": [8.1, 10.55, 9.45],
        "faces": {
            "north": {
                "uv": [5.75, 8.25, 6, 9],
                "texture": "#1"
            },
            "east": {
                "uv": [4.25, 8.25, 6, 9],
                "texture": "#1"
            },
            "south": {
                "uv": [5.75, 8.25, 6, 9],
                "texture": "#1"
            },
            "west": {
                "uv": [4.25, 8.25, 6, 9],
                "texture": "#1"
            },
            "up": {
                "uv": [6, 8.5, 4.25, 8.25],
                "rotation": 90,
                "texture": "#1"
            },
            "down": {
                "uv": [4.25, 9, 6, 8.75],
                "rotation": 90,
                "texture": "#1"
            }
        }
    }, {
        "from": [8.35, 20.1, 7.5],
        "to": [8.7, 20.45, 9.45],
        "faces": {
            "north": {
                "uv": [1.5, 12, 1.75, 12.25],
                "texture": "#1"
            },
            "east": {
                "uv": [0.75, 12, 2, 12.25],
                "texture": "#1"
            },
            "south": {
                "uv": [1.5, 12, 1.75, 12.25],
                "texture": "#1"
            },
            "west": {
                "uv": [0.75, 12, 2, 12.25],
                "texture": "#1"
            },
            "up": {
                "uv": [2, 12.25, 0.75, 12],
                "rotation": 90,
                "texture": "#1"
            },
            "down": {
                "uv": [0.25, 12.25, 2.5, 12],
                "rotation": 90,
                "texture": "#1"
            }
        }
    }, {
        "from": [8.35, 11.4, 7.6],
        "to": [8.7, 11.75, 9.45],
        "faces": {
            "north": {
                "uv": [1.5, 12, 1.75, 12.25],
                "texture": "#1"
            },
            "east": {
                "uv": [0.75, 12, 2, 12.25],
                "texture": "#1"
            },
            "south": {
                "uv": [1.5, 12, 1.75, 12.25],
                "texture": "#1"
            },
            "west": {
                "uv": [0.75, 12, 2, 12.25],
                "texture": "#1"
            },
            "up": {
                "uv": [2, 12.25, 0.75, 12],
                "rotation": 90,
                "texture": "#1"
            },
            "down": {
                "uv": [0.25, 12.25, 2.5, 12],
                "rotation": 90,
                "texture": "#1"
            }
        }
    }, {
        "from": [8.35, 26.3, 7.2],
        "to": [8.7, 26.65, 9.85],
        "faces": {
            "north": {
                "uv": [1.5, 12, 1.75, 12.25],
                "texture": "#1"
            },
            "east": {
                "uv": [0.5, 12, 2.25, 12.25],
                "texture": "#1"
            },
            "south": {
                "uv": [1.5, 12, 1.75, 12.25],
                "texture": "#1"
            },
            "west": {
                "uv": [0.5, 12, 2.25, 12.25],
                "texture": "#1"
            },
            "up": {
                "uv": [2.25, 12.25, 0.5, 12],
                "rotation": 90,
                "texture": "#1"
            },
            "down": {
                "uv": [0.25, 12.25, 2.5, 12],
                "rotation": 90,
                "texture": "#1"
            }
        }
    }, {
        "from": [8.45, 26.6, 8.1],
        "to": [8.6, 26.95, 8.95],
        "faces": {
            "north": {
                "uv": [1.5, 12, 1.75, 12.25],
                "texture": "#1"
            },
            "east": {
                "uv": [1, 11.5, 1.75, 11.75],
                "texture": "#1"
            },
            "south": {
                "uv": [1.5, 12, 1.75, 12.25],
                "texture": "#1"
            },
            "west": {
                "uv": [1, 11.75, 1.75, 11.5],
                "texture": "#1"
            },
            "up": {
                "uv": [1.75, 12.25, 1, 12],
                "rotation": 90,
                "texture": "#1"
            },
            "down": {
                "uv": [0.25, 12.25, 2.5, 12],
                "rotation": 90,
                "texture": "#1"
            }
        }
    }, {
        "from": [8.45, 11.65, 8.35],
        "to": [8.6, 12, 8.7],
        "faces": {
            "north": {
                "uv": [1.5, 12, 1.75, 12.25],
                "texture": "#1"
            },
            "east": {
                "uv": [1.25, 11.5, 1.5, 11.75],
                "texture": "#1"
            },
            "south": {
                "uv": [1.5, 12, 1.75, 12.25],
                "texture": "#1"
            },
            "west": {
                "uv": [1.25, 11.75, 1.5, 11.5],
                "texture": "#1"
            },
            "up": {
                "uv": [1.5, 11.5, 1.25, 11.75],
                "rotation": 90,
                "texture": "#1"
            },
            "down": {
                "uv": [0.25, 12.25, 2.5, 12],
                "rotation": 90,
                "texture": "#1"
            }
        }
    }, {
        "from": [8.45, 20.35, 8.25],
        "to": [8.6, 20.7, 8.7],
        "faces": {
            "north": {
                "uv": [1.5, 12, 1.75, 12.25],
                "texture": "#1"
            },
            "east": {
                "uv": [1.25, 11.5, 1.5, 11.75],
                "texture": "#1"
            },
            "south": {
                "uv": [1.5, 12, 1.75, 12.25],
                "texture": "#1"
            },
            "west": {
                "uv": [1.25, 11.75, 1.5, 11.5],
                "texture": "#1"
            },
            "up": {
                "uv": [1.5, 11.5, 1.25, 11.75],
                "rotation": 90,
                "texture": "#1"
            },
            "down": {
                "uv": [0.25, 12.25, 2.5, 12],
                "rotation": 90,
                "texture": "#1"
            }
        }
    }, {
        "from": [8.45, 19.8, 7.9],
        "to": [8.6, 20.15, 9.05],
        "faces": {
            "north": {
                "uv": [1.5, 12, 1.75, 12.25],
                "texture": "#1"
            },
            "east": {
                "uv": [0.75, 12.5, 2, 12.75],
                "texture": "#1"
            },
            "south": {
                "uv": [1.5, 12, 1.75, 12.25],
                "texture": "#1"
            },
            "west": {
                "uv": [0.75, 12.5, 2, 12.75],
                "texture": "#1"
            },
            "up": {
                "uv": [2.5, 12.25, 0.25, 12],
                "rotation": 90,
                "texture": "#1"
            },
            "down": {
                "uv": [0.25, 12.25, 2.5, 12],
                "rotation": 90,
                "texture": "#1"
            }
        }
    }, {
        "from": [8.45, 11.1, 7.8],
        "to": [8.6, 11.45, 9.25],
        "faces": {
            "north": {
                "uv": [1.5, 12, 1.75, 12.25],
                "texture": "#1"
            },
            "east": {
                "uv": [0.75, 12.5, 2, 12.75],
                "texture": "#1"
            },
            "south": {
                "uv": [1.5, 12, 1.75, 12.25],
                "texture": "#1"
            },
            "west": {
                "uv": [0.75, 12.5, 2, 12.75],
                "texture": "#1"
            },
            "up": {
                "uv": [2.5, 12.25, 0.25, 12],
                "rotation": 90,
                "texture": "#1"
            },
            "down": {
                "uv": [0.25, 12.25, 2.5, 12],
                "rotation": 90,
                "texture": "#1"
            }
        }
    }, {
        "from": [8.45, 26, 7.6],
        "to": [8.6, 26.35, 9.45],
        "faces": {
            "north": {
                "uv": [1.5, 12, 1.75, 12.25],
                "texture": "#1"
            },
            "east": {
                "uv": [0.75, 12.5, 2, 12.75],
                "texture": "#1"
            },
            "south": {
                "uv": [1.5, 12, 1.75, 12.25],
                "texture": "#1"
            },
            "west": {
                "uv": [0.75, 12.5, 2, 12.75],
                "texture": "#1"
            },
            "up": {
                "uv": [2.5, 12.25, 0.25, 12],
                "rotation": 90,
                "texture": "#1"
            },
            "down": {
                "uv": [0.25, 12.25, 2.5, 12],
                "rotation": 90,
                "texture": "#1"
            }
        }
    }, {
        "from": [8.05, 10.2, 7.8],
        "to": [8.3, 10.75, 9.25],
        "faces": {
            "north": {
                "uv": [5.5, 7.75, 5.75, 8],
                "texture": "#1"
            },
            "east": {
                "uv": [4.5, 8, 5.75, 7.75],
                "texture": "#1"
            },
            "south": {
                "uv": [5.75, 8.25, 6, 8.5],
                "texture": "#1"
            },
            "west": {
                "uv": [4.5, 7.75, 5.75, 8],
                "texture": "#1"
            },
            "up": {
                "uv": [5.75, 8, 4.5, 7.75],
                "rotation": 90,
                "texture": "#1"
            },
            "down": {
                "uv": [4.5, 8, 5.75, 7.75],
                "rotation": 90,
                "texture": "#1"
            }
        }
    }, {
        "from": [8.75, 10.2, 7.9],
        "to": [9, 10.75, 9.15],
        "faces": {
            "north": {
                "uv": [5.5, 7.75, 5.75, 8],
                "texture": "#1"
            },
            "east": {
                "uv": [4.5, 8, 5.75, 7.75],
                "texture": "#1"
            },
            "south": {
                "uv": [5.75, 8.25, 6, 8.5],
                "texture": "#1"
            },
            "west": {
                "uv": [4.5, 7.75, 5.75, 8],
                "texture": "#1"
            },
            "up": {
                "uv": [5.75, 8, 4.5, 7.75],
                "rotation": 90,
                "texture": "#1"
            },
            "down": {
                "uv": [4.5, 8, 5.75, 7.75],
                "rotation": 90,
                "texture": "#1"
            }
        }
    }, {
        "from": [8.55, 10.2, 8.1],
        "to": [8.8, 10.85, 8.95],
        "faces": {
            "north": {
                "uv": [5.5, 7.75, 5.75, 8],
                "texture": "#1"
            },
            "east": {
                "uv": [4.75, 7.5, 5.5, 7.25],
                "texture": "#1"
            },
            "south": {
                "uv": [4.75, 7.25, 5.5, 7.5],
                "texture": "#1"
            },
            "west": {
                "uv": [4.75, 7.25, 5.5, 7.5],
                "texture": "#1"
            },
            "up": {
                "uv": [5.5, 7.5, 4.75, 7.25],
                "rotation": 90,
                "texture": "#1"
            },
            "down": {
                "uv": [4.75, 7.5, 5.5, 7.25],
                "rotation": 90,
                "texture": "#1"
            }
        }
    }, {
        "from": [8.25, 10.2, 8.1],
        "to": [8.5, 10.85, 8.95],
        "faces": {
            "north": {
                "uv": [5.5, 7.75, 5.75, 8],
                "texture": "#1"
            },
            "east": {
                "uv": [4.75, 7.5, 5.5, 7.25],
                "texture": "#1"
            },
            "south": {
                "uv": [4.75, 7.25, 5.5, 7.5],
                "texture": "#1"
            },
            "west": {
                "uv": [4.75, 7.25, 5.5, 7.5],
                "texture": "#1"
            },
            "up": {
                "uv": [5.5, 7.5, 4.75, 7.25],
                "rotation": 90,
                "texture": "#1"
            },
            "down": {
                "uv": [4.75, 7.5, 5.5, 7.25],
                "rotation": 90,
                "texture": "#1"
            }
        }
    }, {
        "from": [7.95, 9.5, 7.9],
        "to": [8.2, 9.75, 9.15],
        "faces": {
            "north": {
                "uv": [4.5, 9.25, 4.75, 9.5],
                "texture": "#1"
            },
            "east": {
                "uv": [4.5, 9.25, 5.75, 9.5],
                "texture": "#1"
            },
            "south": {
                "uv": [5.5, 9.25, 5.75, 9.5],
                "texture": "#1"
            },
            "west": {
                "uv": [4.5, 9.25, 5.75, 9.5],
                "texture": "#1"
            },
            "up": {
                "uv": [6, 8.5, 4.25, 8.25],
                "rotation": 90,
                "texture": "#1"
            },
            "down": {
                "uv": [4.5, 9.5, 5.75, 9.25],
                "rotation": 90,
                "texture": "#1"
            }
        }
    }, {
        "from": [7.95, 9.25, 8.4],
        "to": [8.2, 9.5, 8.65],
        "faces": {
            "north": {
                "uv": [5, 9.75, 5.25, 10],
                "texture": "#1"
            },
            "east": {
                "uv": [5, 9.75, 5.25, 10],
                "texture": "#1"
            },
            "south": {
                "uv": [5.25, 9.75, 5, 10],
                "texture": "#1"
            },
            "west": {
                "uv": [5, 9.75, 5.25, 10],
                "texture": "#1"
            },
            "up": {
                "uv": [5.25, 10, 5, 9.75],
                "rotation": 90,
                "texture": "#1"
            },
            "down": {
                "uv": [5, 10, 5.25, 9.75],
                "rotation": 90,
                "texture": "#1"
            }
        }
    }, {
        "from": [8.85, 9.25, 8.4],
        "to": [9.1, 9.5, 8.65],
        "faces": {
            "north": {
                "uv": [5, 9.75, 5.25, 10],
                "texture": "#1"
            },
            "east": {
                "uv": [5, 9.75, 5.25, 10],
                "texture": "#1"
            },
            "south": {
                "uv": [5.25, 9.75, 5, 10],
                "texture": "#1"
            },
            "west": {
                "uv": [5, 9.75, 5.25, 10],
                "texture": "#1"
            },
            "up": {
                "uv": [5.25, 10, 5, 9.75],
                "rotation": 90,
                "texture": "#1"
            },
            "down": {
                "uv": [5, 10, 5.25, 9.75],
                "rotation": 90,
                "texture": "#1"
            }
        }
    }, {
        "from": [8.85, 9.5, 7.9],
        "to": [9.1, 9.75, 9.15],
        "faces": {
            "north": {
                "uv": [5.5, 9.25, 5.75, 9.5],
                "texture": "#1"
            },
            "east": {
                "uv": [4.5, 9.25, 5.75, 9.5],
                "texture": "#1"
            },
            "south": {
                "uv": [5.5, 9.25, 5.75, 9.5],
                "texture": "#1"
            },
            "west": {
                "uv": [4.5, 9.25, 5.75, 9.5],
                "texture": "#1"
            },
            "up": {
                "uv": [6, 8.5, 4.25, 8.25],
                "rotation": 90,
                "texture": "#1"
            },
            "down": {
                "uv": [4.5, 9.5, 5.75, 9.25],
                "rotation": 90,
                "texture": "#1"
            }
        }
    }, {
        "from": [8.95, 9.7, 7.6],
        "to": [9.2, 10.55, 9.45],
        "faces": {
            "north": {
                "uv": [5.75, 8.25, 6, 9],
                "texture": "#1"
            },
            "east": {
                "uv": [4.25, 8.25, 6, 9],
                "texture": "#1"
            },
            "south": {
                "uv": [5.75, 8.25, 6, 9],
                "texture": "#1"
            },
            "west": {
                "uv": [4.25, 8.25, 6, 9],
                "texture": "#1"
            },
            "up": {
                "uv": [6, 8.5, 4.25, 8.25],
                "rotation": 90,
                "texture": "#1"
            },
            "down": {
                "uv": [4.25, 9, 6, 8.75],
                "rotation": 90,
                "texture": "#1"
            }
        }
    }, {
        "from": [8.5, 10.3, 6.85],
        "to": [8.5, 18.65, 10.2],
        "faces": {
            "north": {
                "uv": [9, 3.5, 9.75, 5],
                "texture": "#1"
            },
            "east": {
                "uv": [5.25, 0, 3, 5.75],
                "texture": "#1"
            },
            "south": {
                "uv": [9, 3.5, 9.75, 5],
                "texture": "#1"
            },
            "west": {
                "uv": [3, 0, 5.25, 5.75],
                "texture": "#1"
            },
            "up": {
                "uv": [12.5, 2.75, 11.25, 2.5],
                "texture": "#1"
            },
            "down": {
                "uv": [11.25, 2.5, 12.5, 2.75],
                "texture": "#1"
            }
        }
    }, {
        "from": [8.5, 18.65, 6.45],
        "to": [8.5, 31.5, 10.95],
        "faces": {
            "north": {
                "uv": [9, 3.5, 9.75, 5],
                "texture": "#1"
            },
            "east": {
                "uv": [3, 0, 0, 10.5],
                "texture": "#1"
            },
            "south": {
                "uv": [9, 3.5, 9.75, 5],
                "texture": "#1"
            },
            "west": {
                "uv": [0, 0, 3, 10.5],
                "texture": "#1"
            },
            "up": {
                "uv": [12.5, 2.75, 11.25, 2.5],
                "texture": "#1"
            },
            "down": {
                "uv": [11.25, 2.5, 12.5, 2.75],
                "texture": "#1"
            }
        }
    }, {
        "from": [8.5, 8, 3.55],
        "to": [8.5, 9.85, 6.9],
        "faces": {
            "north": {
                "uv": [9, 3.5, 9.75, 5],
                "texture": "#1"
            },
            "east": {
                "uv": [5.5, 1.75, 8, 3],
                "texture": "#1"
            },
            "south": {
                "uv": [9, 3.5, 9.75, 5],
                "texture": "#1"
            },
            "west": {
                "uv": [5.5, 0.25, 8, 1.5],
                "texture": "#1"
            },
            "up": {
                "uv": [12.5, 2.75, 11.25, 2.5],
                "texture": "#1"
            },
            "down": {
                "uv": [11.25, 2.5, 12.5, 2.75],
                "texture": "#1"
            }
        }
    }, {
        "from": [8.5, 8, 10.15],
        "to": [8.5, 9.85, 13.75],
        "faces": {
            "north": {
                "uv": [9, 3.5, 9.75, 5],
                "texture": "#1"
            },
            "east": {
                "uv": [5.5, 0.25, 8, 1.5],
                "texture": "#1"
            },
            "south": {
                "uv": [9, 3.5, 9.75, 5],
                "texture": "#1"
            },
            "west": {
                "uv": [5.5, 1.75, 8, 3],
                "texture": "#1"
            },
            "up": {
                "uv": [12.5, 2.75, 11.25, 2.5],
                "texture": "#1"
            },
            "down": {
                "uv": [11.25, 2.5, 12.5, 2.75],
                "texture": "#1"
            }
        }
    }, {
        "from": [8.3, -1.9, 9],
        "to": [8.7, -0.7, 9.3],
        "faces": {
            "north": {
                "uv": [8, 8.25, 8.25, 9],
                "texture": "#1"
            },
            "east": {
                "uv": [8, 8.25, 8.25, 9],
                "texture": "#1"
            },
            "south": {
                "uv": [8, 8.25, 8.25, 9],
                "texture": "#1"
            },
            "west": {
                "uv": [8.25, 8.25, 8, 9],
                "texture": "#1"
            },
            "up": {
                "uv": [8, 8.25, 8.25, 8.5],
                "texture": "#1"
            },
            "down": {
                "uv": [8, 8.75, 8.25, 9],
                "texture": "#1"
            }
        }
    }, {
        "from": [8.5, -0.7, 9],
        "to": [8.5, 6.2, 9.3],
        "faces": {
            "north": {
                "uv": [8, 8.25, 8.25, 9],
                "texture": "#1"
            },
            "east": {
                "uv": [8, 3.75, 8.25, 8],
                "texture": "#1"
            },
            "south": {
                "uv": [8, 8.25, 8.25, 9],
                "texture": "#1"
            },
            "west": {
                "uv": [8.25, 3.75, 8, 8],
                "texture": "#1"
            },
            "up": {
                "uv": [8, 8.25, 8.25, 8.5],
                "texture": "#1"
            },
            "down": {
                "uv": [8, 8.75, 8.25, 9],
                "texture": "#1"
            }
        }
    }, {
        "from": [8.5, -0.7, 7.7],
        "to": [8.5, 6.2, 8],
        "faces": {
            "north": {
                "uv": [8, 8.25, 8.25, 9],
                "texture": "#1"
            },
            "east": {
                "uv": [8, 3.75, 8.25, 8],
                "texture": "#1"
            },
            "south": {
                "uv": [8, 8.25, 8.25, 9],
                "texture": "#1"
            },
            "west": {
                "uv": [8.25, 3.75, 8, 8],
                "texture": "#1"
            },
            "up": {
                "uv": [8, 8.25, 8.25, 8.5],
                "texture": "#1"
            },
            "down": {
                "uv": [8, 8.75, 8.25, 9],
                "texture": "#1"
            }
        }
    }, {
        "from": [8.3, -1.9, 7.7],
        "to": [8.7, -0.7, 8],
        "faces": {
            "north": {
                "uv": [8, 8.25, 8.25, 9],
                "texture": "#1"
            },
            "east": {
                "uv": [8, 8.25, 8.25, 9],
                "texture": "#1"
            },
            "south": {
                "uv": [8, 8.25, 8.25, 9],
                "texture": "#1"
            },
            "west": {
                "uv": [8.25, 8.25, 8, 9],
                "texture": "#1"
            },
            "up": {
                "uv": [8, 8.25, 8.25, 8.5],
                "texture": "#1"
            },
            "down": {
                "uv": [8, 8.75, 8.25, 9],
                "texture": "#1"
            }
        }
    }, {
        "from": [7.7, -1.9, 8.3],
        "to": [8, -0.7, 8.7],
        "faces": {
            "north": {
                "uv": [8, 8.25, 8.25, 9],
                "texture": "#1"
            },
            "east": {
                "uv": [8, 8.25, 8.25, 9],
                "texture": "#1"
            },
            "south": {
                "uv": [8, 8.25, 8.25, 9],
                "texture": "#1"
            },
            "west": {
                "uv": [8.25, 8.25, 8, 9],
                "texture": "#1"
            },
            "up": {
                "uv": [8, 8.25, 8.25, 8.5],
                "texture": "#1"
            },
            "down": {
                "uv": [8, 8.75, 8.25, 9],
                "texture": "#1"
            }
        }
    }, {
        "from": [8.3, -3.4, 8.3],
        "to": [8.7, -3.1, 8.7],
        "faces": {
            "north": {
                "uv": [9.25, 9, 9.5, 9.25],
                "texture": "#1"
            },
            "east": {
                "uv": [9.25, 9, 9.5, 9.25],
                "texture": "#1"
            },
            "south": {
                "uv": [9.5, 8.75, 9.75, 9],
                "texture": "#1"
            },
            "west": {
                "uv": [9.5, 9, 9.25, 9.25],
                "texture": "#1"
            },
            "up": {
                "uv": [8, 8.25, 8.25, 8.5],
                "texture": "#1"
            },
            "down": {
                "uv": [9, 9.25, 9.25, 9.5],
                "texture": "#1"
            }
        }
    }, {
        "from": [9, -1.85, 8.3],
        "to": [9.3, -0.65, 8.7],
        "faces": {
            "north": {
                "uv": [8, 8.25, 8.25, 9],
                "texture": "#1"
            },
            "east": {
                "uv": [8, 8.25, 8.25, 9],
                "texture": "#1"
            },
            "south": {
                "uv": [8, 8.25, 8.25, 9],
                "texture": "#1"
            },
            "west": {
                "uv": [8.25, 8.25, 8, 9],
                "texture": "#1"
            },
            "up": {
                "uv": [8, 8.25, 8.25, 8.5],
                "texture": "#1"
            },
            "down": {
                "uv": [8, 8.75, 8.25, 9],
                "texture": "#1"
            }
        }
    }]
}