{
    "display": {
        "thirdperson_righthand": {
            "rotation": [0, 90, 0],
            "translation": [0, 7, 1.5],
            "scale": [0.8, 0.8, 0.8]
        },
        "thirdperson_lefthand": {
            "rotation": [0, 90, 0],
            "translation": [0, 7, 1.5],
            "scale": [0.8, 0.8, 0.8]
        },
        "firstperson_righthand": {
            "rotation": [20, 95, 0],
            "translation": [1, 3, 0],
            "scale": [0.4, 0.4, 0.4]
        },
        "firstperson_lefthand": {
            "rotation": [20, 95, 0],
            "translation": [1, 3, 0],
            "scale": [0.4, 0.4, 0.4]
        },
        "ground": {
            "translation": [0, 6, 0],
            "scale": [0.5, 0.5, 0.5]
        },
        "gui": {
            "rotation": [0, 0, -45],
            "translation": [-1.25, -1, 0],
            "scale": [0.5, 0.5, 0.5]
        },
        "fixed": {
            "rotation": [0, 0, 45],
            "translation": [0.5, -1, -0.5],
            "scale": [0.5, 0.5, 0.5]
        }
    },
    "texture_size": [32, 32],
    "textures": {
        "0": "item/swords/ninja_sword",
        "particle": "item/swords/ninja_sword"
    },
    "elements": [{
        "from": [6, 1, 8],
        "to": [10, 26, 8],
        "faces": {
            "north": {
                "uv": [14, 1.5, 16, 16],
                "texture": "#0"
            },
            "east": {
                "uv": [0, 0, 0.5, 0.5],
                "texture": "#0"
            },
            "south": {
                "uv": [16, 1.5, 14, 16],
                "texture": "#0"
            },
            "west": {
                "uv": [0, 0, 0.5, 0.5],
                "texture": "#0"
            },
            "up": {
                "uv": [0, 0, 0.5, 0.5],
                "texture": "#0"
            },
            "down": {
                "uv": [0, 0, 0.5, 0.5],
                "texture": "#0"
            }
        }
    }, {
        "from": [7.1, -8.8, 7],
        "to": [9.1, 1, 9],
        "faces": {
            "north": {
                "uv": [3, 10.5, 4, 16],
                "texture": "#0"
            },
            "east": {
                "uv": [3, 10.5, 4, 16],
                "texture": "#0"
            },
            "south": {
                "uv": [3, 10.5, 4, 16],
                "texture": "#0"
            },
            "west": {
                "uv": [3, 10.5, 4, 16],
                "texture": "#0"
            },
            "up": {
                "uv": [0, 0, 0.5, 0.5],
                "texture": "#0"
            },
            "down": {
                "uv": [14.5, 15, 15.5, 16],
                "texture": "#0"
            }
        }
    }, {
        "from": [5.1, 0.7, 8.5],
        "to": [7.1, 1.3, 10.5],
        "faces": {
            "north": {
                "uv": [5.5, 15.5, 6.5, 16],
                "texture": "#0"
            },
            "east": {
                "uv": [4, 15.5, 5, 16],
                "texture": "#0"
            },
            "south": {
                "uv": [5.5, 15.5, 6.5, 16],
                "texture": "#0"
            },
            "west": {
                "uv": [5.5, 15.5, 6.5, 16],
                "texture": "#0"
            },
            "up": {
                "uv": [5.5, 15, 6.5, 16],
                "rotation": 90,
                "texture": "#0"
            },
            "down": {
                "uv": [4, 15, 5, 16],
                "rotation": 90,
                "texture": "#0"
            }
        }
    }, {
        "from": [5.1, 0.7, 5.5],
        "to": [7.1, 1.3, 7.5],
        "faces": {
            "north": {
                "uv": [4, 15.5, 5, 16],
                "texture": "#0"
            },
            "east": {
                "uv": [5.5, 15.5, 6.5, 16],
                "texture": "#0"
            },
            "south": {
                "uv": [4, 15.5, 5, 16],
                "texture": "#0"
            },
            "west": {
                "uv": [4, 15.5, 5, 16],
                "texture": "#0"
            },
            "up": {
                "uv": [4, 15, 5, 16],
                "rotation": 90,
                "texture": "#0"
            },
            "down": {
                "uv": [5.5, 15, 6.5, 16],
                "rotation": 90,
                "texture": "#0"
            }
        }
    }, {
        "from": [8.1, 0.7, 5.5],
        "to": [10.1, 1.3, 7.5],
        "faces": {
            "north": {
                "uv": [4, 15.5, 5, 16],
                "texture": "#0"
            },
            "east": {
                "uv": [5.5, 15.5, 6.5, 16],
                "texture": "#0"
            },
            "south": {
                "uv": [3, 10.5, 4, 16],
                "texture": "#0"
            },
            "west": {
                "uv": [4, 15.5, 5, 16],
                "texture": "#0"
            },
            "up": {
                "uv": [4, 13.5, 5, 14.5],
                "rotation": 90,
                "texture": "#0"
            },
            "down": {
                "uv": [5.5, 13.5, 6.5, 14.5],
                "rotation": 90,
                "texture": "#0"
            }
        }
    }, {
        "from": [8.1, 0.7, 8.5],
        "to": [10.1, 1.3, 10.5],
        "faces": {
            "north": {
                "uv": [3, 10.5, 4, 16],
                "texture": "#0"
            },
            "east": {
                "uv": [4, 15.5, 5, 16],
                "texture": "#0"
            },
            "south": {
                "uv": [5.5, 15.5, 6.5, 16],
                "texture": "#0"
            },
            "west": {
                "uv": [5.5, 15.5, 6.5, 16],
                "texture": "#0"
            },
            "up": {
                "uv": [5.5, 13.5, 6.5, 14.5],
                "rotation": 90,
                "texture": "#0"
            },
            "down": {
                "uv": [4, 13.5, 5, 14.5],
                "rotation": 90,
                "texture": "#0"
            }
        }
    }, {
        "from": [10.1, 0.7, 8.5],
        "to": [11.1, 1.3, 9.5],
        "faces": {
            "north": {
                "uv": [3, 10.5, 4, 16],
                "texture": "#0"
            },
            "east": {
                "uv": [4.5, 15.5, 5, 16],
                "texture": "#0"
            },
            "south": {
                "uv": [5.5, 15.5, 6, 16],
                "texture": "#0"
            },
            "west": {
                "uv": [3, 10.5, 4, 16],
                "texture": "#0"
            },
            "up": {
                "uv": [5.5, 13, 6, 13.5],
                "rotation": 90,
                "texture": "#0"
            },
            "down": {
                "uv": [5.5, 13, 6, 13.5],
                "rotation": 90,
                "texture": "#0"
            }
        }
    }, {
        "from": [7.1, 0.7, 8.5],
        "to": [8.1, 1.3, 9.5],
        "faces": {
            "north": {
                "uv": [3, 10.5, 4, 16],
                "texture": "#0"
            },
            "east": {
                "uv": [3, 10.5, 4, 16],
                "texture": "#0"
            },
            "south": {
                "uv": [6, 15.5, 6.5, 16],
                "texture": "#0"
            },
            "west": {
                "uv": [3, 10.5, 4, 16],
                "texture": "#0"
            },
            "up": {
                "uv": [5.5, 14.5, 6, 15],
                "rotation": 90,
                "texture": "#0"
            },
            "down": {
                "uv": [5.5, 14.5, 6, 15],
                "rotation": 90,
                "texture": "#0"
            }
        }
    }, {
        "from": [10.1, 0.7, 6.5],
        "to": [11.1, 1.3, 7.5],
        "faces": {
            "north": {
                "uv": [4.5, 15.5, 5, 16],
                "texture": "#0"
            },
            "east": {
                "uv": [5.5, 15.5, 6, 16],
                "texture": "#0"
            },
            "south": {
                "uv": [3, 10.5, 4, 16],
                "texture": "#0"
            },
            "west": {
                "uv": [3, 10.5, 4, 16],
                "texture": "#0"
            },
            "up": {
                "uv": [4.5, 13, 5, 13.5],
                "rotation": 90,
                "texture": "#0"
            },
            "down": {
                "uv": [4.5, 13, 5, 13.5],
                "rotation": 90,
                "texture": "#0"
            }
        }
    }, {
        "from": [7.1, 0.7, 6.5],
        "to": [8.1, 1.3, 7.5],
        "faces": {
            "north": {
                "uv": [6, 15.5, 6.5, 16],
                "texture": "#0"
            },
            "east": {
                "uv": [3, 10.5, 4, 16],
                "texture": "#0"
            },
            "south": {
                "uv": [3, 10.5, 4, 16],
                "texture": "#0"
            },
            "west": {
                "uv": [3, 10.5, 4, 16],
                "texture": "#0"
            },
            "up": {
                "uv": [4.5, 14.5, 5, 15],
                "rotation": 90,
                "texture": "#0"
            },
            "down": {
                "uv": [4.5, 14.5, 5, 15],
                "rotation": 90,
                "texture": "#0"
            }
        }
    }, {
        "from": [6.1, 0.7, 7.5],
        "to": [12.1, 1.3, 8.5],
        "faces": {
            "north": {
                "uv": [4, 15.5, 4.5, 16],
                "texture": "#0"
            },
            "east": {
                "uv": [5, 12.5, 5.5, 13],
                "texture": "#0"
            },
            "south": {
                "uv": [6, 15.5, 6.5, 16],
                "texture": "#0"
            },
            "west": {
                "uv": [5, 15, 5.5, 15.5],
                "texture": "#0"
            },
            "up": {
                "uv": [5, 12.5, 5.5, 15.5],
                "rotation": 90,
                "texture": "#0"
            },
            "down": {
                "uv": [5, 12.5, 5.5, 15.5],
                "rotation": 90,
                "texture": "#0"
            }
        }
    }, {
        "from": [8, 7, 7.8],
        "to": [9.6, 19.1, 8.2],
        "faces": {
            "north": {
                "uv": [14, 5.5, 15, 12.5],
                "texture": "#0"
            },
            "east": {
                "uv": [14, 5.5, 14.5, 12.5],
                "texture": "#0"
            },
            "south": {
                "uv": [15, 5, 14, 12.5],
                "texture": "#0"
            },
            "west": {
                "uv": [14.5, 5, 15, 12.5],
                "texture": "#0"
            },
            "up": {
                "uv": [15, 5, 14, 5.5],
                "texture": "#0"
            },
            "down": {
                "uv": [0, 0, 0.5, 0.5],
                "texture": "#0"
            }
        }
    }, {
        "from": [7.4, 1, 7.6],
        "to": [9.4, 7.1, 8.4],
        "rotation": {
            "angle": 0,
            "axis": "y",
            "origin": [8, 4.05, 8]
        },
        "faces": {
            "north": {
                "uv": [14.5, 12.5, 15.5, 15.5],
                "texture": "#0"
            },
            "east": {
                "uv": [14.5, 12.5, 15, 15.5],
                "texture": "#0"
            },
            "south": {
                "uv": [15.5, 12.5, 14.5, 15.5],
                "texture": "#0"
            },
            "west": {
                "uv": [15, 12.5, 15.5, 15.5],
                "texture": "#0"
            },
            "up": {
                "uv": [15, 14.5, 16, 15],
                "texture": "#0"
            },
            "down": {
                "uv": [0, 0, 0.5, 0.5],
                "texture": "#0"
            }
        }
    }]
}