{
	"credit": "Made with Blockbench",
	"texture_size": [32, 32],
	"textures": {
		"1": "item/swords/shadow_assassin_sword/shadow_assassin_animation",
		"2": "item/swords/shadow_assassin_sword/shadow_assassin",
		"particle": "item/swords/shadow_assassin_sword/shadow_assassin"
	},
	"elements": [
		{
			"from": [7, -11.5, 7],
			"to": [9, 1.5, 9],
			"rotation": {"angle": 0, "axis": "y", "origin": [-4, 13.5, -4]},
			"faces": {
				"north": {"uv": [4, 0, 5, 6.5], "texture": "#2"},
				"east": {"uv": [5, 0, 6, 6.5], "texture": "#2"},
				"south": {"uv": [6, 0, 7, 6.5], "texture": "#2"},
				"west": {"uv": [6, 0, 5, 6.5], "texture": "#2"},
				"up": {"uv": [7.5, 10.5, 6.5, 9.5], "texture": "#2"},
				"down": {"uv": [11, 4.5, 10, 5.5], "texture": "#2"}
			}
		},
		{
			"from": [7, 3.5, 7.75],
			"to": [9, 25.5, 8.25],
			"rotation": {"angle": 0, "axis": "y", "origin": [-4, 13.5, -4]},
			"faces": {
				"north": {"uv": [2, 0, 3, 11], "texture": "#2"},
				"east": {"uv": [7.5, 2.5, 7.75, 13.5], "texture": "#2"},
				"south": {"uv": [3, 0, 2, 11], "texture": "#2"},
				"west": {"uv": [8, 2.5, 8.25, 13.5], "texture": "#2"},
				"up": {"uv": [11, 7.25, 10, 7], "texture": "#2"},
				"down": {"uv": [9.5, 10, 8.5, 10.25], "texture": "#2"}
			}
		},
		{
			"from": [6, 3.5, 7.9],
			"to": [10, 29.5, 7.9],
			"rotation": {"angle": 0, "axis": "y", "origin": [-4, 13.5, -4]},
			"faces": {
				"north": {"uv": [0, 0, 2, 13], "texture": "#2"},
				"east": {"uv": [0, 0, 0, 13], "texture": "#2"},
				"south": {"uv": [2, 0, 0, 13], "texture": "#2"},
				"west": {"uv": [0, 0, 0, 13], "texture": "#2"},
				"up": {"uv": [2, 0, 0, 0], "texture": "#2"},
				"down": {"uv": [2, 0, 0, 0], "texture": "#2"}
			}
		},
		{
			"from": [6, 3.5, 8.15],
			"to": [10, 29.5, 8.15],
			"rotation": {"angle": 0, "axis": "y", "origin": [-4, 13.5, -4]},
			"faces": {
				"north": {"uv": [0, 0, 2, 13], "texture": "#2"},
				"east": {"uv": [0, 0, 0, 13], "texture": "#2"},
				"south": {"uv": [2, 0, 0, 13], "texture": "#2"},
				"west": {"uv": [0, 0, 0, 13], "texture": "#2"},
				"up": {"uv": [2, 0, 0, 0], "texture": "#2"},
				"down": {"uv": [2, 0, 0, 0], "texture": "#2"}
			}
		},
		{
			"from": [5.5, 1.5, 5.5],
			"to": [10.5, 2.5, 10.5],
			"rotation": {"angle": 0, "axis": "y", "origin": [-4, 13.5, -4]},
			"faces": {
				"north": {"uv": [8.5, 7.5, 11, 8], "texture": "#2"},
				"east": {"uv": [8.5, 8, 11, 8.5], "texture": "#2"},
				"south": {"uv": [8.5, 8.5, 11, 9], "texture": "#2"},
				"west": {"uv": [5, 9, 7.5, 9.5], "texture": "#2"},
				"up": {"uv": [7.5, 9, 5, 6.5], "texture": "#2"},
				"down": {"uv": [9.5, 0, 7, 2.5], "texture": "#2"}
			}
		},
		{
			"from": [6, 2.5, 7],
			"to": [10, 3.5, 9],
			"rotation": {"angle": 0, "axis": "y", "origin": [-4, 13.5, -4]},
			"faces": {
				"north": {"uv": [9.5, 2, 11.5, 2.5], "texture": "#2"},
				"east": {"uv": [10, 6, 11, 6.5], "texture": "#2"},
				"south": {"uv": [10, 5.5, 12, 6], "texture": "#2"},
				"west": {"uv": [10, 6.5, 11, 7], "texture": "#2"},
				"up": {"uv": [10.5, 3.5, 8.5, 2.5], "texture": "#2"},
				"down": {"uv": [10.5, 3.5, 8.5, 4.5], "texture": "#2"}
			}
		},
		{
			"from": [6.75, -13.5, 6.75],
			"to": [9.25, -11.5, 9.25],
			"rotation": {"angle": 0, "axis": "y", "origin": [-4, 13.5, -4]},
			"faces": {
				"north": {"uv": [8.5, 9, 9.75, 10], "texture": "#2"},
				"east": {"uv": [9.5, 0, 10.75, 1], "texture": "#2"},
				"south": {"uv": [9.5, 1, 10.75, 2], "texture": "#2"},
				"west": {"uv": [5, 9.5, 6.25, 10.5], "texture": "#2"},
				"up": {"uv": [9.75, 5.75, 8.5, 4.5], "texture": "#2"},
				"down": {"uv": [9.75, 6, 8.5, 7.25], "texture": "#2"}
			}
		},
		{
			"from": [0, 6, 8],
			"to": [16, 22, 8],
			"rotation": {"angle": 0, "axis": "y", "origin": [8, 14, 8]},
			"faces": {
				"north": {"uv": [0, 0, 16, 16], "texture": "#1"},
				"east": {"uv": [0, 0, 0, 8], "texture": "#missing"},
				"south": {"uv": [16, 0, 0, 16], "texture": "#1"},
				"west": {"uv": [0, 0, 0, 8], "texture": "#missing"},
				"up": {"uv": [0, 0, 8, 0], "texture": "#missing"},
				"down": {"uv": [0, 0, 8, 0], "texture": "#missing"}
			}
		},
		{
			"from": [0, -2, 8],
			"to": [16, 14, 8],
			"rotation": {"angle": 45, "axis": "y", "origin": [8, 14, 8]},
			"faces": {
				"north": {"uv": [16, 0, 0, 16], "texture": "#1"},
				"east": {"uv": [0, 0, 0, 8], "texture": "#missing"},
				"south": {"uv": [0, 0, 16, 16], "texture": "#1"},
				"west": {"uv": [0, 0, 0, 8], "texture": "#missing"},
				"up": {"uv": [0, 0, 8, 0], "texture": "#missing"},
				"down": {"uv": [0, 0, 8, 0], "texture": "#missing"}
			}
		}
	],
	"display": {
		"thirdperson_righthand": {
			"rotation": [0, 90, 0],
			"translation": [0, 5.25, 1.5],
			"scale": [0.55, 0.55, 0.55]
		},
		"thirdperson_lefthand": {
			"rotation": [0, -90, 0],
			"translation": [0, 5.25, 1.5],
			"scale": [0.55, 0.55, 0.55]
		},
		"firstperson_righthand": {
			"rotation": [0, 90, 20],
			"translation": [1.25, 3, 0],
			"scale": [0.45, 0.45, 0.45]
		},
		"firstperson_lefthand": {
			"rotation": [0, -90, -20],
			"translation": [1.25, 3, 0],
			"scale": [0.45, 0.45, 0.45]
		},
		"ground": {
			"translation": [0, 7, 0],
			"scale": [0.5, 0.5, 0.5]
		},
		"gui": {
			"rotation": [0, 0, -45],
			"translation": [-0.25, -0.25, -0.25],
			"scale": [0.45, 0.45, 0.45]
		},
		"head": {
			"translation": [0, 26.75, 0]
		},
		"fixed": {
			"rotation": [0, 0, -45],
			"translation": [-0.25, -0.25, -0.25],
			"scale": [0.5, 0.5, 0.5]
		}
	},
	"groups": [
		{
			"name": "group",
			"origin": [8, 4, 8],
			"color": 0,
			"children": []
		},
		0,
		1,
		2,
		3,
		4,
		5,
		6,
		7,
		8
	]
}