{
	"credit": "Made with Blockbench",
	"texture_size": [128, 128],
	"textures": {
		"0": "item/multiple/sweet/valentine_texture_01",
		"1": "item/multiple/sweet/valentine_animation_01",
		"2": "item/multiple/sweet/valentine_animation_02",
		"3": "item/multiple/sweet/valentine_animation_05",
		"particle": "item/multiple/sweet/valentine_texture_01"
	},
	"elements": [
		{
			"from": [7, -13.5, 7],
			"to": [9, 8.5, 9],
			"rotation": {"angle": -45, "axis": "y", "origin": [8, -5.5, 8]},
			"faces": {
				"north": {"uv": [2.875, 2.1875, 3.125, 4.9375], "texture": "#0"},
				"east": {"uv": [3.125, 2.1875, 3.375, 4.9375], "texture": "#0"},
				"south": {"uv": [3.375, 2.1875, 3.625, 4.9375], "texture": "#0"},
				"west": {"uv": [3.625, 2.1875, 3.875, 4.9375], "texture": "#0"},
				"up": {"uv": [1.3125, 1.4375, 1.5625, 1.6875], "texture": "#0"},
				"down": {"uv": [1.3125, 1.4375, 1.5625, 1.6875], "texture": "#0"}
			}
		},
		{
			"from": [8, -16, 5.75],
			"to": [8, -12, 10.25],
			"rotation": {"angle": -22.5, "axis": "y", "origin": [8, -14, 8]},
			"faces": {
				"north": {"uv": [1.625, 1.4375, 1.875, 2.6875], "texture": "#0"},
				"east": {"uv": [13.8125, 0, 14.375, 0.5], "texture": "#0"},
				"south": {"uv": [1.0625, 1.375, 1.3125, 2.625], "texture": "#0"},
				"west": {"uv": [13.8125, 0, 14.375, 0.5], "texture": "#0"},
				"up": {"uv": [1.3125, 1.4375, 1.5625, 1.6875], "texture": "#0"},
				"down": {"uv": [1.3125, 1.4375, 1.5625, 1.6875], "texture": "#0"}
			}
		},
		{
			"from": [8, -16, 5.75],
			"to": [8, -12, 10.25],
			"rotation": {"angle": 22.5, "axis": "y", "origin": [8, -14, 8]},
			"faces": {
				"north": {"uv": [1.625, 1.4375, 1.875, 2.6875], "texture": "#0"},
				"east": {"uv": [13.8125, 0, 14.375, 0.5], "texture": "#0"},
				"south": {"uv": [1.0625, 1.375, 1.3125, 2.625], "texture": "#0"},
				"west": {"uv": [13.8125, 0, 14.375, 0.5], "texture": "#0"},
				"up": {"uv": [1.3125, 1.4375, 1.5625, 1.6875], "texture": "#0"},
				"down": {"uv": [1.3125, 1.4375, 1.5625, 1.6875], "texture": "#0"}
			}
		},
		{
			"from": [6.8, 8.5, 6.7],
			"to": [9.3, 11.5, 9.2],
			"rotation": {"angle": -45, "axis": "y", "origin": [8, -9.5, 7.9]},
			"faces": {
				"north": {"uv": [1.3125, 2.375, 1.625, 2.75], "texture": "#0"},
				"east": {"uv": [1.3125, 2.375, 1.625, 2.75], "texture": "#0"},
				"south": {"uv": [1.3125, 2.375, 1.625, 2.75], "texture": "#0"},
				"west": {"uv": [1.3125, 2.375, 1.625, 2.75], "texture": "#0"},
				"up": {"uv": [1.3125, 2.0625, 1.625, 2.375], "texture": "#0"},
				"down": {"uv": [1.3125, 2.0625, 1.625, 2.375], "texture": "#0"}
			}
		},
		{
			"from": [6.8, -11.6, 6.7],
			"to": [9.3, -8.6, 9.2],
			"rotation": {"angle": -45, "axis": "y", "origin": [8, -7.5, 7.9]},
			"faces": {
				"north": {"uv": [1.3125, 1.6875, 1.625, 2.0625], "texture": "#0"},
				"east": {"uv": [1.3125, 1.6875, 1.625, 2.0625], "texture": "#0"},
				"south": {"uv": [1.3125, 1.6875, 1.625, 2.0625], "texture": "#0"},
				"west": {"uv": [1.3125, 1.6875, 1.625, 2.0625], "texture": "#0"},
				"up": {"uv": [1.3125, 2.0625, 1.625, 2.375], "texture": "#0"},
				"down": {"uv": [1.3125, 2.0625, 1.625, 2.375], "texture": "#0"}
			}
		},
		{
			"from": [6.8, 2.4, 6.7],
			"to": [9.3, 5.4, 9.2],
			"rotation": {"angle": -45, "axis": "y", "origin": [8, -7.5, 7.9]},
			"faces": {
				"north": {"uv": [1.3125, 1.6875, 1.625, 2.0625], "texture": "#0"},
				"east": {"uv": [1.3125, 1.6875, 1.625, 2.0625], "texture": "#0"},
				"south": {"uv": [1.3125, 1.6875, 1.625, 2.0625], "texture": "#0"},
				"west": {"uv": [1.3125, 1.6875, 1.625, 2.0625], "texture": "#0"},
				"up": {"uv": [1.3125, 2.0625, 1.625, 2.375], "texture": "#0"},
				"down": {"uv": [1.3125, 2.0625, 1.625, 2.375], "texture": "#0"}
			}
		},
		{
			"from": [5.5, 15, -3],
			"to": [5.5, 21, 6],
			"rotation": {"angle": -22.5, "axis": "x", "origin": [5.5, 19.5, -0.5]},
			"faces": {
				"north": {"uv": [0, 0, 0, 5], "texture": "#3"},
				"east": {"uv": [0, 0, 9, 5], "texture": "#3"},
				"south": {"uv": [0, 0, 0, 5], "texture": "#3"},
				"west": {"uv": [0, 0, 9, 5], "texture": "#3"},
				"up": {"uv": [0, 9, 0, 0], "texture": "#3"},
				"down": {"uv": [0, 0, 0, 9], "texture": "#3"}
			}
		},
		{
			"from": [5.5, 5, -3.5],
			"to": [5.5, 11, 5.5],
			"rotation": {"angle": 0, "axis": "y", "origin": [5.5, 8.5, -0.5]},
			"faces": {
				"north": {"uv": [0, 0, 0, 5], "texture": "#3"},
				"east": {"uv": [0, 0, 9, 5], "texture": "#3"},
				"south": {"uv": [0, 0, 0, 5], "texture": "#3"},
				"west": {"uv": [0, 0, 9, 5], "texture": "#3"},
				"up": {"uv": [0, 9, 0, 0], "texture": "#3"},
				"down": {"uv": [0, 0, 0, 9], "texture": "#3"}
			}
		},
		{
			"from": [5.5, 11, 10],
			"to": [5.5, 17, 19],
			"rotation": {"angle": 22.5, "axis": "x", "origin": [5.5, 13.5, 16.5]},
			"faces": {
				"north": {"uv": [0, 0, 0, 5], "texture": "#3"},
				"east": {"uv": [0, 0, 9, 5], "texture": "#3"},
				"south": {"uv": [0, 0, 0, 5], "texture": "#3"},
				"west": {"uv": [0, 0, 9, 5], "texture": "#3"},
				"up": {"uv": [0, 9, 0, 0], "texture": "#3"},
				"down": {"uv": [0, 0, 0, 9], "texture": "#3"}
			}
		},
		{
			"from": [10.5, 15, -3],
			"to": [10.5, 21, 6],
			"rotation": {"angle": -22.5, "axis": "x", "origin": [10.5, 19.5, -0.5]},
			"faces": {
				"north": {"uv": [0, 0, 0, 5], "texture": "#3"},
				"east": {"uv": [9, 0, 0, 5], "texture": "#3"},
				"south": {"uv": [0, 0, 0, 5], "texture": "#3"},
				"west": {"uv": [9, 0, 0, 5], "texture": "#3"},
				"up": {"uv": [0, 9, 0, 0], "texture": "#3"},
				"down": {"uv": [0, 0, 0, 9], "texture": "#3"}
			}
		},
		{
			"from": [10.5, 5, -3.5],
			"to": [10.5, 11, 5.5],
			"rotation": {"angle": 0, "axis": "y", "origin": [10.5, 8.5, -0.5]},
			"faces": {
				"north": {"uv": [0, 0, 0, 5], "texture": "#3"},
				"east": {"uv": [9, 0, 0, 5], "texture": "#3"},
				"south": {"uv": [0, 0, 0, 5], "texture": "#3"},
				"west": {"uv": [9, 0, 0, 5], "texture": "#3"},
				"up": {"uv": [0, 9, 0, 0], "texture": "#3"},
				"down": {"uv": [0, 0, 0, 9], "texture": "#3"}
			}
		},
		{
			"from": [10.5, 11, 10],
			"to": [10.5, 17, 19],
			"rotation": {"angle": 22.5, "axis": "x", "origin": [10.5, 13.5, 16.5]},
			"faces": {
				"north": {"uv": [0, 0, 0, 5], "texture": "#3"},
				"east": {"uv": [9, 0, 0, 5], "texture": "#3"},
				"south": {"uv": [0, 0, 0, 5], "texture": "#3"},
				"west": {"uv": [9, 0, 0, 5], "texture": "#3"},
				"up": {"uv": [0, 9, 0, 0], "texture": "#3"},
				"down": {"uv": [0, 0, 0, 9], "texture": "#3"}
			}
		},
		{
			"from": [7, 12, 6],
			"to": [9, 22, 8],
			"rotation": {"angle": 22.5, "axis": "x", "origin": [0, 11, 14]},
			"faces": {
				"north": {"uv": [1.4375, 2.9375, 1.1875, 4.1875], "texture": "#0"},
				"east": {"uv": [1.1875, 2.9375, 0.9375, 4.1875], "texture": "#0"},
				"south": {"uv": [0.9375, 2.9375, 0.6875, 4.1875], "texture": "#0"},
				"west": {"uv": [1.6875, 2.9375, 1.4375, 4.1875], "texture": "#0"},
				"up": {"uv": [1.625, 2.9375, 1.875, 2.6875], "texture": "#0"},
				"down": {"uv": [1.625, 2.9375, 1.875, 2.6875], "texture": "#0"}
			}
		},
		{
			"from": [6.75, 11, 6.5],
			"to": [9.25, 23, 9],
			"rotation": {"angle": 45, "axis": "x", "origin": [0, 11, 14]},
			"faces": {
				"north": {"uv": [1.625, 4.1875, 1.3125, 5.6875], "texture": "#0"},
				"east": {"uv": [1.3125, 4.1875, 1, 5.6875], "texture": "#0"},
				"south": {"uv": [1, 4.1875, 0.6875, 5.6875], "texture": "#0"},
				"west": {"uv": [1.9375, 4.1875, 1.625, 5.6875], "texture": "#0"},
				"up": {"uv": [0.125, 4.9375, 0.4375, 4.625], "texture": "#0"},
				"down": {"uv": [0.125, 4.9375, 0.4375, 4.625], "texture": "#0"}
			}
		},
		{
			"from": [6.15, 10, 7.5],
			"to": [9.85, 17.5, 12],
			"rotation": {"angle": -45, "axis": "x", "origin": [25, 10.5, 8]},
			"faces": {
				"north": {"uv": [1.75, 0.5625, 0.8125, 1], "rotation": 90, "texture": "#0"},
				"east": {"uv": [1.4375, 0, 2.375, 0.5625], "rotation": 90, "texture": "#0"},
				"south": {"uv": [3.3125, 0, 2.375, 0.4375], "rotation": 90, "texture": "#0"},
				"west": {"uv": [1.4375, 0.5625, 2.375, 0], "rotation": 90, "texture": "#0"},
				"up": {"uv": [2.3125, 0.5625, 2.875, 1], "rotation": 90, "texture": "#0"},
				"down": {"uv": [1.75, 0.5625, 2.3125, 1], "rotation": 90, "texture": "#0"}
			}
		},
		{
			"from": [6.15, 10, 12],
			"to": [9.85, 14.5, 15],
			"rotation": {"angle": -45, "axis": "x", "origin": [25, 10.5, 8]},
			"faces": {
				"north": {"uv": [1.9375, 1, 1.375, 1.4375], "rotation": 90, "texture": "#0"},
				"east": {"uv": [0.8125, 1, 1.375, 1.375], "rotation": 90, "texture": "#0"},
				"south": {"uv": [1.9375, 1, 1.375, 1.4375], "rotation": 90, "texture": "#0"},
				"west": {"uv": [0.8125, 1.375, 1.375, 1], "rotation": 90, "texture": "#0"},
				"up": {"uv": [2.3125, 1, 2.6875, 1.4375], "rotation": 90, "texture": "#0"},
				"down": {"uv": [1.9375, 1, 2.3125, 1.4375], "rotation": 90, "texture": "#0"}
			}
		},
		{
			"from": [6, 12, 5],
			"to": [6, 17, 10],
			"rotation": {"angle": 45, "axis": "x", "origin": [2, 14, 8]},
			"faces": {
				"north": {"uv": [0, 0, 0, 10], "texture": "#1"},
				"east": {"uv": [10, 0, 0, 10], "texture": "#1"},
				"south": {"uv": [0, 0, 0, 10], "texture": "#1"},
				"west": {"uv": [0, 0, 10, 10], "texture": "#1"},
				"up": {"uv": [0, 10, 0, 0], "texture": "#1"},
				"down": {"uv": [0, 0, 0, 10], "texture": "#1"}
			}
		},
		{
			"from": [10, 12, 5],
			"to": [10, 17, 10],
			"rotation": {"angle": 45, "axis": "x", "origin": [14, 14, 8]},
			"faces": {
				"north": {"uv": [0, 0, 0, 10], "texture": "#1"},
				"east": {"uv": [10, 0, 0, 10], "texture": "#1"},
				"south": {"uv": [0, 0, 0, 10], "texture": "#1"},
				"west": {"uv": [0, 0, 10, 10], "texture": "#1"},
				"up": {"uv": [0, 10, 0, 0], "texture": "#1"},
				"down": {"uv": [0, 0, 0, 10], "texture": "#1"}
			}
		},
		{
			"from": [10.5, 12, 3],
			"to": [10.5, 16, 13],
			"rotation": {"angle": 0, "axis": "y", "origin": [16, 13, 0]},
			"faces": {
				"north": {"uv": [0, 0, 0, 6], "texture": "#2"},
				"east": {"uv": [0, 0, 14, 6], "texture": "#2"},
				"south": {"uv": [0, 0, 0, 6], "texture": "#2"},
				"west": {"uv": [14, 0, 0, 6], "texture": "#2"},
				"up": {"uv": [0, 0, 0, 12], "texture": "#2"},
				"down": {"uv": [0, 0, 0, 12], "texture": "#2"}
			}
		},
		{
			"from": [5.5, 12, 3],
			"to": [5.5, 16, 13],
			"rotation": {"angle": 0, "axis": "y", "origin": [0, 13, 0]},
			"faces": {
				"north": {"uv": [0, 0, 0, 6], "texture": "#2"},
				"east": {"uv": [14, 0, 0, 6], "texture": "#2"},
				"south": {"uv": [0, 0, 0, 6], "texture": "#2"},
				"west": {"uv": [0, 0, 14, 6], "texture": "#2"},
				"up": {"uv": [0, 0, 0, 12], "texture": "#2"},
				"down": {"uv": [0, 0, 0, 12], "texture": "#2"}
			}
		},
		{
			"from": [9.5, 1.5, 10],
			"to": [9.5, 13.5, 16],
			"rotation": {"angle": -22.5, "axis": "x", "origin": [8.5, 6.5, 14]},
			"faces": {
				"north": {"uv": [0, 0, 0, 24], "texture": "#missing"},
				"east": {"uv": [14.375, 0.625, 13.625, 2.125], "texture": "#0"},
				"south": {"uv": [0, 0, 0, 24], "texture": "#missing"},
				"west": {"uv": [13.625, 0.625, 14.375, 2.125], "texture": "#0"},
				"up": {"uv": [0, 0, 0, 12], "texture": "#missing"},
				"down": {"uv": [0, 0, 0, 12], "texture": "#missing"}
			}
		},
		{
			"from": [6.5, 1.5, 10],
			"to": [6.5, 13.5, 16],
			"rotation": {"angle": -22.5, "axis": "x", "origin": [7.5, 6.5, 14]},
			"faces": {
				"north": {"uv": [0, 0, 0, 24], "texture": "#missing"},
				"east": {"uv": [14.375, 0.625, 13.625, 2.125], "texture": "#0"},
				"south": {"uv": [0, 0, 0, 24], "texture": "#missing"},
				"west": {"uv": [13.625, 0.625, 14.375, 2.125], "texture": "#0"},
				"up": {"uv": [0, 0, 0, 12], "texture": "#missing"},
				"down": {"uv": [0, 0, 0, 12], "texture": "#missing"}
			}
		},
		{
			"from": [9.5, 1.5, 0],
			"to": [9.5, 13.5, 6],
			"rotation": {"angle": 22.5, "axis": "x", "origin": [8.5, 6.5, 2]},
			"faces": {
				"north": {"uv": [0, 0, 0, 24], "texture": "#missing"},
				"east": {"uv": [13.625, 0.625, 14.375, 2.125], "texture": "#0"},
				"south": {"uv": [0, 0, 0, 24], "texture": "#missing"},
				"west": {"uv": [14.375, 0.625, 13.625, 2.125], "texture": "#0"},
				"up": {"uv": [0, 12, 0, 0], "texture": "#missing"},
				"down": {"uv": [0, 12, 0, 0], "texture": "#missing"}
			}
		},
		{
			"from": [6.5, 1.5, 0],
			"to": [6.5, 13.5, 6],
			"rotation": {"angle": 22.5, "axis": "x", "origin": [7.5, 6.5, 2]},
			"faces": {
				"north": {"uv": [0, 0, 0, 24], "texture": "#missing"},
				"east": {"uv": [13.625, 0.625, 14.375, 2.125], "texture": "#0"},
				"south": {"uv": [0, 0, 0, 24], "texture": "#missing"},
				"west": {"uv": [14.375, 0.625, 13.625, 2.125], "texture": "#0"},
				"up": {"uv": [0, 12, 0, 0], "texture": "#missing"},
				"down": {"uv": [0, 12, 0, 0], "texture": "#missing"}
			}
		},
		{
			"from": [10.1, 8.5, 3.5],
			"to": [10.1, 14, 12.5],
			"rotation": {"angle": 0, "axis": "y", "origin": [8.6, 32.75, 8]},
			"faces": {
				"north": {"uv": [0.6875, 0, 0.8125, 2.5625], "texture": "#0"},
				"east": {"uv": [13.625, 1.4375, 12.5, 2.125], "texture": "#0"},
				"south": {"uv": [0.6875, 0, 0.8125, 2.5625], "texture": "#0"},
				"west": {"uv": [13.625, 1.4375, 12.5, 2.125], "texture": "#0"},
				"up": {"uv": [0.6875, 0, 0.8125, 0.6875], "texture": "#0"},
				"down": {"uv": [0.6875, 0, 0.8125, 0.6875], "texture": "#0"}
			}
		},
		{
			"from": [5.9, 8.5, 3.5],
			"to": [5.9, 14, 12.5],
			"rotation": {"angle": 0, "axis": "y", "origin": [7.4, 32.75, 8]},
			"faces": {
				"north": {"uv": [0.8125, 0, 0.6875, 2.5625], "texture": "#0"},
				"east": {"uv": [12.5, 1.4375, 13.625, 2.125], "texture": "#0"},
				"south": {"uv": [0.8125, 0, 0.6875, 2.5625], "texture": "#0"},
				"west": {"uv": [12.5, 1.4375, 13.625, 2.125], "texture": "#0"},
				"up": {"uv": [0.8125, 0, 0.6875, 0.6875], "texture": "#0"},
				"down": {"uv": [0.8125, 0, 0.6875, 0.6875], "texture": "#0"}
			}
		},
		{
			"from": [7.55, 18.45, -3.2],
			"to": [8.45, 22.45, 0.9],
			"rotation": {"angle": 45, "axis": "x", "origin": [8, 18.5, -3.1]},
			"faces": {
				"north": {"uv": [3.4375, 4.9375, 3.5625, 5.4375], "texture": "#0"},
				"east": {"uv": [3.4375, 4.9375, 2.875, 5.4375], "texture": "#0"},
				"south": {"uv": [3.4375, 4.9375, 3.5625, 5.4375], "texture": "#0"},
				"west": {"uv": [2.875, 4.9375, 3.4375, 5.4375], "texture": "#0"},
				"up": {"uv": [3.5625, 4.9375, 3.6875, 5.5], "texture": "#0"},
				"down": {"uv": [3.5625, 4.9375, 3.6875, 5.5], "texture": "#0"}
			}
		},
		{
			"from": [7.5, 13, -3.2],
			"to": [8.5, 18.5, 2.5],
			"rotation": {"angle": 0, "axis": "y", "origin": [0, 2, 1]},
			"faces": {
				"north": {"uv": [1.70625, 3.5, 1.83125, 4.1875], "texture": "#0"},
				"east": {"uv": [0.6875, 5.125, 0, 5.8125], "texture": "#0"},
				"south": {"uv": [1.51875, 5.6875, 1.64375, 6.375], "texture": "#0"},
				"west": {"uv": [0, 5.125, 0.6875, 5.8125], "texture": "#0"},
				"up": {"uv": [1.83125, 4.1875, 1.95625, 3.5], "texture": "#0"},
				"down": {"uv": [1.83125, 4.1875, 1.95625, 3.5], "texture": "#0"}
			}
		},
		{
			"from": [7.55, 7.5, -3.2],
			"to": [8.45, 13, 2],
			"rotation": {"angle": -22.5, "axis": "x", "origin": [8, 13, -3.2]},
			"faces": {
				"north": {"uv": [0.625, 5.8125, 0.75, 6.5], "texture": "#0"},
				"east": {"uv": [0.625, 5.8125, 0, 6.5], "texture": "#0"},
				"south": {"uv": [1.6875, 5.6875, 1.8125, 6.375], "texture": "#0"},
				"west": {"uv": [0, 5.8125, 0.625, 6.5], "texture": "#0"},
				"up": {"uv": [1.875, 2.8125, 2, 3.4375], "texture": "#0"},
				"down": {"uv": [1.875, 2.8125, 2, 3.4375], "texture": "#0"}
			}
		},
		{
			"from": [7.6, 7.91154, -1.11542],
			"to": [8.4, 12.91154, 2.38458],
			"rotation": {"angle": 45, "axis": "x", "origin": [8, 7.9, -1.1]},
			"faces": {
				"north": {"uv": [1.875, 3.5625, 2, 4.1875], "texture": "#0"},
				"east": {"uv": [0.75, 5.6875, 1.375, 6.125], "rotation": 270, "texture": "#0"},
				"south": {"uv": [1.875, 3.5625, 2, 4.1875], "texture": "#0"},
				"west": {"uv": [0.75, 5.6875, 1.375, 6.125], "rotation": 270, "texture": "#0"},
				"up": {"uv": [1.8125, 5.6875, 1.9375, 6.125], "rotation": 180, "texture": "#0"},
				"down": {"uv": [1.375, 5.6875, 1.5, 6.125], "rotation": 180, "texture": "#0"}
			}
		},
		{
			"from": [7.55, 18.45, 15.1],
			"to": [8.45, 22.45, 19.2],
			"rotation": {"angle": -45, "axis": "x", "origin": [8, 18.5, 19.1]},
			"faces": {
				"north": {"uv": [3.5625, 4.9375, 3.4375, 5.4375], "texture": "#0"},
				"east": {"uv": [2.875, 4.9375, 3.4375, 5.4375], "texture": "#0"},
				"south": {"uv": [3.5625, 4.9375, 3.4375, 5.4375], "texture": "#0"},
				"west": {"uv": [3.4375, 4.9375, 2.875, 5.4375], "texture": "#0"},
				"up": {"uv": [3.5625, 5.5, 3.6875, 4.9375], "texture": "#0"},
				"down": {"uv": [3.5625, 5.5, 3.6875, 4.9375], "texture": "#0"}
			}
		},
		{
			"from": [7.5, 13, 13.5],
			"to": [8.5, 18.5, 19.2],
			"rotation": {"angle": 0, "axis": "y", "origin": [0, 2, 15]},
			"faces": {
				"north": {"uv": [1.64375, 5.6875, 1.51875, 6.375], "texture": "#0"},
				"east": {"uv": [0, 5.125, 0.6875, 5.8125], "texture": "#0"},
				"south": {"uv": [1.83125, 3.5, 1.70625, 4.1875], "texture": "#0"},
				"west": {"uv": [0.6875, 5.125, 0, 5.8125], "texture": "#0"},
				"up": {"uv": [1.83125, 3.5, 1.95625, 4.1875], "texture": "#0"},
				"down": {"uv": [1.83125, 3.5, 1.95625, 4.1875], "texture": "#0"}
			}
		},
		{
			"from": [7.55, 7.5, 14],
			"to": [8.45, 13, 19.2],
			"rotation": {"angle": 22.5, "axis": "x", "origin": [8, 13, 19.2]},
			"faces": {
				"north": {"uv": [1.8125, 5.6875, 1.6875, 6.375], "texture": "#0"},
				"east": {"uv": [0, 5.8125, 0.625, 6.5], "texture": "#0"},
				"south": {"uv": [0.75, 5.8125, 0.625, 6.5], "texture": "#0"},
				"west": {"uv": [0.625, 5.8125, 0, 6.5], "texture": "#0"},
				"up": {"uv": [1.875, 3.4375, 2, 2.8125], "texture": "#0"},
				"down": {"uv": [1.875, 3.4375, 2, 2.8125], "texture": "#0"}
			}
		},
		{
			"from": [7.6, 7.91154, 13.61542],
			"to": [8.4, 12.91154, 17.11542],
			"rotation": {"angle": -45, "axis": "x", "origin": [8, 7.9, 17.1]},
			"faces": {
				"north": {"uv": [2, 3.5625, 1.875, 4.1875], "texture": "#0"},
				"east": {"uv": [0.75, 6.125, 1.375, 5.6875], "rotation": 270, "texture": "#0"},
				"south": {"uv": [2, 3.5625, 1.875, 4.1875], "texture": "#0"},
				"west": {"uv": [0.75, 6.125, 1.375, 5.6875], "rotation": 270, "texture": "#0"},
				"up": {"uv": [1.8125, 6.125, 1.9375, 5.6875], "rotation": 180, "texture": "#0"},
				"down": {"uv": [1.375, 6.125, 1.5, 5.6875], "rotation": 180, "texture": "#0"}
			}
		},
		{
			"from": [7.6, 12, 2.5],
			"to": [8.4, 17.5, 13.5],
			"rotation": {"angle": 0, "axis": "y", "origin": [-0.3, -0.5, -0.5]},
			"faces": {
				"north": {"uv": [4.09375, 0, 4.19375, 0.6875], "texture": "#0"},
				"east": {"uv": [1.9375, 5.5625, 3.3125, 6.25], "texture": "#0"},
				"south": {"uv": [4.09375, 0, 4.19375, 0.6875], "texture": "#0"},
				"west": {"uv": [1.9375, 5.5625, 3.3125, 6.25], "texture": "#0"},
				"up": {"uv": [3.75, 0.8125, 3.85, 2.1875], "texture": "#0"},
				"down": {"uv": [3.75, 0.8125, 3.85, 2.1875], "texture": "#0"}
			}
		},
		{
			"from": [8, 19.25587, 4.50523],
			"to": [8, 23.25587, 8.50523],
			"rotation": {"angle": 0, "axis": "y", "origin": [8, 19.50157, 6.19239]},
			"faces": {
				"north": {"uv": [3, 0.9375, 3.5, 0.5625], "rotation": 180, "texture": "#0"},
				"east": {"uv": [3.875, 0, 3.375, 0.5], "rotation": 270, "texture": "#0"},
				"south": {"uv": [3, 0.5625, 3.5, 0.9375], "texture": "#0"},
				"west": {"uv": [3.375, 0, 3.875, 0.5], "rotation": 90, "texture": "#0"},
				"up": {"uv": [2.875, 0.9375, 3.375, 1.4375], "rotation": 180, "texture": "#0"},
				"down": {"uv": [2.875, 0.9375, 3.375, 1.4375], "texture": "#0"}
			}
		},
		{
			"from": [6.5, 16.03987, 5.71166],
			"to": [9.5, 20.03987, 8.71166],
			"rotation": {"angle": 45, "axis": "x", "origin": [8, 19.50157, 6.19239]},
			"faces": {
				"north": {"uv": [2.875, 0.9375, 3.375, 1.4375], "texture": "#0"},
				"east": {"uv": [3.75, 0.9375, 3.375, 1.4375], "texture": "#0"},
				"south": {"uv": [2.875, 0.9375, 3.375, 1.4375], "texture": "#0"},
				"west": {"uv": [3.375, 0.9375, 3.75, 1.4375], "texture": "#0"},
				"up": {"uv": [3, 0.5625, 3.5, 0.9375], "texture": "#0"},
				"down": {"uv": [3, 0.9375, 3.5, 0.5625], "texture": "#0"}
			}
		}
	],
	"gui_light": "front",
	"display": {
		"thirdperson_righthand": {
			"translation": [0, 5.5, 1],
			"scale": [0.6, 0.6, 0.6]
		},
		"thirdperson_lefthand": {
			"translation": [0, 5.5, 1],
			"scale": [0.6, 0.6, 0.6]
		},
		"firstperson_righthand": {
			"rotation": [20, 15, 3],
			"translation": [0.75, 3.5, 1],
			"scale": [0.4, 0.4, 0.4]
		},
		"firstperson_lefthand": {
			"rotation": [20, 15, 3],
			"translation": [0.75, 3.5, 1],
			"scale": [0.4, 0.4, 0.4]
		},
		"ground": {
			"rotation": [0, 0, 90],
			"translation": [-4.75, 0.25, 0],
			"scale": [0.5, 0.5, 0.5]
		},
		"gui": {
			"rotation": [90, 45, -90],
			"translation": [0, 0, -1.25],
			"scale": [0.43609, 0.43609, 0.43609]
		},
		"head": {
			"rotation": [90, -168, 90],
			"translation": [-0.5, 11.75, 0],
			"scale": [0.56, 0.56, 0.56]
		},
		"fixed": {
			"rotation": [-90, -90, -90],
			"translation": [0, 5.5, -2.25],
			"scale": [1.2, 1.2, 1.2]
		}
	},
	"groups": [
		0,
		1,
		2,
		3,
		4,
		5,
		6,
		7,
		8,
		9,
		10,
		11,
		12,
		13,
		{
			"name": "group",
			"origin": [8.6, 34.75, 8],
			"color": 0,
			"boneType": "",
			"children": [14, 15, 16, 17, 18, 19, 20, 21, 22, 23, 24, 25]
		},
		26,
		27,
		28,
		29,
		30,
		31,
		32,
		33,
		34,
		35,
		36
	]
}