{
    "display": {
        "thirdperson_righthand": {
            "rotation": [0, 90, 0],
            "translation": [0, 2, 1.5],
            "scale": [0.6, 0.7, 0.7]
        },
        "thirdperson_lefthand": {
            "rotation": [0, 90, 0],
            "translation": [0, 2, 1.5],
            "scale": [0.6, 0.7, 0.7]
        },
        "firstperson_righthand": {
            "rotation": [0, 90, 20],
            "translation": [7.5, -3.5, -8.5],
            "scale": [0.65, 0.65, 0.65]
        },
        "firstperson_lefthand": {
            "rotation": [0, 90, 20],
            "translation": [7.5, -3.5, -8.5],
            "scale": [0.65, 0.65, 0.65]
        },
        "ground": {
            "translation": [0, 5, 0],
            "scale": [0.5, 0.5, 0.5]
        },
        "gui": {
            "rotation": [0, 0, -45],
            "translation": [-1.75, -2.25, -0.75],
            "scale": [0.55, 0.55, 0.55]
        },
        "head": {
            "rotation": [0, 0, -180],
            "translation": [0, 17, 0]
        },
        "fixed": {
            "translation": [0, -3.5, -0.5],
            "scale": [0.55, 0.55, 0.55]
        }
    },
    "texture_size": [64, 64],
    "textures": {
        "0": "item/swords/vassal_sword",
        "particle": "item/swords/vassal_sword"
    },
    "elements": [{
        "from": [7.5, -2, 7.5],
        "to": [8.5, 5, 8.5],
        "rotation": {
            "angle": 45,
            "axis": "y",
            "origin": [8, -0.5, 8]
        },
        "faces": {
            "north": {
                "uv": [5.5, 6.75, 5.75, 8.5],
                "texture": "#0"
            },
            "east": {
                "uv": [5.75, 6.75, 6, 8.5],
                "texture": "#0"
            },
            "south": {
                "uv": [7.25, 1.5, 7.5, 3.25],
                "texture": "#0"
            },
            "west": {
                "uv": [0.5, 7.5, 0.75, 9.25],
                "texture": "#0"
            },
            "up": {
                "uv": [8, 7.75, 7.75, 7.5],
                "texture": "#0"
            },
            "down": {
                "uv": [8, 7.75, 7.75, 8],
                "texture": "#0"
            }
        }
    }, {
        "from": [7, -1, 7],
        "to": [9, 0, 9],
        "rotation": {
            "angle": 0,
            "axis": "y",
            "origin": [8, -0.5, 8]
        },
        "faces": {
            "north": {
                "uv": [7.5, 3, 8, 3.25],
                "texture": "#0"
            },
            "east": {
                "uv": [7.75, 5.75, 8.25, 6],
                "texture": "#0"
            },
            "south": {
                "uv": [7.75, 6, 8.25, 6.25],
                "texture": "#0"
            },
            "west": {
                "uv": [7.75, 6.25, 8.25, 6.5],
                "texture": "#0"
            },
            "up": {
                "uv": [3.5, 8, 3, 7.5],
                "texture": "#0"
            },
            "down": {
                "uv": [4, 7.5, 3.5, 8],
                "texture": "#0"
            }
        }
    }, {
        "from": [7, 5, 7],
        "to": [9, 6, 9],
        "rotation": {
            "angle": 0,
            "axis": "y",
            "origin": [8, -0.5, 8]
        },
        "faces": {
            "north": {
                "uv": [7.75, 6.5, 8.25, 6.75],
                "texture": "#0"
            },
            "east": {
                "uv": [7.75, 6.75, 8.25, 7],
                "texture": "#0"
            },
            "south": {
                "uv": [7.75, 7, 8.25, 7.25],
                "texture": "#0"
            },
            "west": {
                "uv": [7.75, 7.25, 8.25, 7.5],
                "texture": "#0"
            },
            "up": {
                "uv": [4.5, 8, 4, 7.5],
                "texture": "#0"
            },
            "down": {
                "uv": [5, 7.5, 4.5, 8],
                "texture": "#0"
            }
        }
    }, {
        "from": [2, 5, 8],
        "to": [14, 32, 8],
        "rotation": {
            "angle": 0,
            "axis": "y",
            "origin": [8, -0.5, 8]
        },
        "faces": {
            "north": {
                "uv": [0, 0, 3, 6.75],
                "texture": "#0"
            },
            "east": {
                "uv": [0, 0, 0, 6.75],
                "texture": "#0"
            },
            "south": {
                "uv": [3, 0, 6, 6.75],
                "texture": "#0"
            },
            "west": {
                "uv": [0, 0, 0, 6.75],
                "texture": "#0"
            },
            "up": {
                "uv": [3, 0, 0, 0],
                "texture": "#0"
            },
            "down": {
                "uv": [3, 0, 0, 0],
                "texture": "#0"
            }
        }
    }, {
        "from": [6.5, 8, 7.25],
        "to": [9.5, 25, 8.75],
        "rotation": {
            "angle": 0,
            "axis": "y",
            "origin": [8, -0.5, 8]
        },
        "faces": {
            "north": {
                "uv": [6, 0, 6.75, 4.25],
                "texture": "#0"
            },
            "east": {
                "uv": [0, 6.75, 0.375, 11],
                "texture": "#0"
            },
            "south": {
                "uv": [6, 4.25, 6.75, 8.5],
                "texture": "#0"
            },
            "west": {
                "uv": [6.75, 0, 7.125, 4.25],
                "texture": "#0"
            },
            "up": {
                "uv": [3, 7.875, 2.25, 7.5],
                "texture": "#0"
            },
            "down": {
                "uv": [8.25, 2.5, 7.5, 2.875],
                "texture": "#0"
            }
        }
    }, {
        "from": [6, 6, 6.5],
        "to": [10, 8, 9.5],
        "rotation": {
            "angle": 0,
            "axis": "y",
            "origin": [8, -0.5, 8]
        },
        "faces": {
            "north": {
                "uv": [6.75, 6, 7.75, 6.5],
                "texture": "#0"
            },
            "east": {
                "uv": [7.25, 3.25, 8, 3.75],
                "texture": "#0"
            },
            "south": {
                "uv": [6.75, 6.5, 7.75, 7],
                "texture": "#0"
            },
            "west": {
                "uv": [7.25, 3.75, 8, 4.25],
                "texture": "#0"
            },
            "up": {
                "uv": [1.5, 7.5, 0.5, 6.75],
                "texture": "#0"
            },
            "down": {
                "uv": [2.5, 6.75, 1.5, 7.5],
                "texture": "#0"
            }
        }
    }, {
        "from": [4.88388, 6.46231, 6.75],
        "to": [8.88388, 8.46231, 9.25],
        "rotation": {
            "angle": -45,
            "axis": "z",
            "origin": [6.88388, 9.71231, 7.5]
        },
        "faces": {
            "north": {
                "uv": [6.75, 7, 7.75, 7.5],
                "texture": "#0"
            },
            "east": {
                "uv": [0.75, 7.5, 1.375, 8],
                "texture": "#0"
            },
            "south": {
                "uv": [7.25, 0, 8.25, 0.5],
                "texture": "#0"
            },
            "west": {
                "uv": [1.5, 7.5, 2.125, 8],
                "texture": "#0"
            },
            "up": {
                "uv": [3.5, 7.375, 2.5, 6.75],
                "texture": "#0"
            },
            "down": {
                "uv": [4.5, 6.75, 3.5, 7.375],
                "texture": "#0"
            }
        }
    }, {
        "from": [8.70711, 7.12132, 6.75],
        "to": [12.70711, 9.12132, 9.25],
        "rotation": {
            "angle": 45,
            "axis": "z",
            "origin": [10.70711, 8.12132, 5.5]
        },
        "faces": {
            "north": {
                "uv": [7.25, 0.5, 8.25, 1],
                "texture": "#0"
            },
            "east": {
                "uv": [7.5, 1.5, 8.125, 2],
                "texture": "#0"
            },
            "south": {
                "uv": [7.25, 1, 8.25, 1.5],
                "texture": "#0"
            },
            "west": {
                "uv": [7.5, 2, 8.125, 2.5],
                "texture": "#0"
            },
            "up": {
                "uv": [7.75, 4.875, 6.75, 4.25],
                "texture": "#0"
            },
            "down": {
                "uv": [5.5, 6.75, 4.5, 7.375],
                "texture": "#0"
            }
        }
    }, {
        "from": [6, -3, 8],
        "to": [10, -1, 8],
        "rotation": {
            "angle": 0,
            "axis": "y",
            "origin": [8, -0.5, 8]
        },
        "faces": {
            "north": {
                "uv": [6.75, 5, 7.75, 5.5],
                "texture": "#0"
            },
            "east": {
                "uv": [0, 0, 0, 0.5],
                "texture": "#0"
            },
            "south": {
                "uv": [6.75, 5.5, 7.75, 6],
                "texture": "#0"
            },
            "west": {
                "uv": [0, 0, 0, 0.5],
                "texture": "#0"
            },
            "up": {
                "uv": [1, 0, 0, 0],
                "texture": "#0"
            },
            "down": {
                "uv": [1, 0, 0, 0],
                "texture": "#0"
            }
        }
    }, {
        "from": [7.75, 8.75, 7],
        "to": [9.75, 10.75, 9],
        "rotation": {
            "angle": 45,
            "axis": "z",
            "origin": [8, 9, 7]
        },
        "faces": {
            "north": {
                "uv": [5, 7.5, 5.5, 8],
                "texture": "#0"
            },
            "east": {
                "uv": [6.75, 7.5, 7.25, 8],
                "texture": "#0"
            },
            "south": {
                "uv": [7.25, 7.5, 7.75, 8],
                "texture": "#0"
            },
            "west": {
                "uv": [7.75, 4.25, 8.25, 4.75],
                "texture": "#0"
            },
            "up": {
                "uv": [8.25, 5.25, 7.75, 4.75],
                "texture": "#0"
            },
            "down": {
                "uv": [8.25, 5.25, 7.75, 5.75],
                "texture": "#0"
            }
        }
    }]
}