{
	"credit": "Made with Blockbench",
	"texture_size": [64, 64],
	"textures": {
		"0": "item/backpacks/electric_guitar/electric_guitar",
		"1": "item/backpacks/electric_guitar/electric_guitar_strings",
		"particle": "item/backpacks/electric_guitar/electric_guitar"
	},
	"elements": [
		{
			"from": [15.91904, -14.32535, 7],
			"to": [15.91904, -1.32535, 10],
			"rotation": {"angle": -45, "axis": "z", "origin": [7.5, 6, 8.5]},
			"faces": {
				"north": {"uv": [0, 0, 0, 3.25], "texture": "#0"},
				"east": {"uv": [6.75, 2.25, 6, 5.5], "texture": "#0", "tintindex": 0},
				"south": {"uv": [0, 0, 0, 3.25], "texture": "#0"},
				"west": {"uv": [6, 2.25, 6.75, 5.5], "texture": "#0", "tintindex": 0},
				"up": {"uv": [0, 0, 0, 0.75], "texture": "#0"},
				"down": {"uv": [0, 0, 0, 0.75], "texture": "#0"}
			}
		},
		{
			"from": [6.5, -16, 7],
			"to": [12.5, 6, 10],
			"rotation": {"angle": -22.5, "axis": "z", "origin": [7.5, 6, 8.5]},
			"faces": {
				"north": {"uv": [0, 9.5, 1.5, 15], "texture": "#0", "tintindex": 0},
				"south": {"uv": [5.75, 0, 4.25, 5.5], "texture": "#0", "tintindex": 0},
				"west": {"uv": [3.25, 0, 4, 5.5], "texture": "#0", "tintindex": 0},
				"up": {"uv": [6, 0.5, 6.75, 2], "rotation": 90, "texture": "#0", "tintindex": 0},
				"down": {"uv": [12.25, 4, 11.5, 5.5], "rotation": 90, "texture": "#0", "tintindex": 0}
			}
		},
		{
			"from": [6.5, -16, 7],
			"to": [12.5, 6, 10],
			"rotation": {"angle": -22.5, "axis": "z", "origin": [7.5, 6, 8.5]},
			"faces": {
				"north": {"uv": [1.75, 9.5, 3.25, 15], "texture": "#0"}
			}
		},
		{
			"from": [0.08096, -14.32535, 7],
			"to": [0.08096, -1.32535, 10],
			"rotation": {"angle": 45, "axis": "z", "origin": [8.5, 6, 8.5]},
			"faces": {
				"north": {"uv": [0, 0, 0, 3.25], "texture": "#0"},
				"east": {"uv": [6.75, 2.25, 6, 5.5], "texture": "#0", "tintindex": 0},
				"south": {"uv": [0, 0, 0, 3.25], "texture": "#0"},
				"west": {"uv": [6, 2.25, 6.75, 5.5], "texture": "#0", "tintindex": 0},
				"up": {"uv": [0, 0, 0, 0.75], "texture": "#0"},
				"down": {"uv": [0, 0, 0, 0.75], "texture": "#0"}
			}
		},
		{
			"from": [3.5, -16, 7],
			"to": [9.5, 6, 10],
			"rotation": {"angle": 22.5, "axis": "z", "origin": [8.5, 6, 8.5]},
			"faces": {
				"north": {"uv": [1.5, 0, 0, 5.5], "texture": "#0", "tintindex": 0},
				"east": {"uv": [4, 0, 3.25, 5.5], "texture": "#0", "tintindex": 0},
				"south": {"uv": [4.25, 0, 5.75, 5.5], "texture": "#0", "tintindex": 0},
				"up": {"uv": [6, 2, 6.75, 0.5], "rotation": 90, "texture": "#0", "tintindex": 0},
				"down": {"uv": [12.25, 5.5, 11.5, 4], "rotation": 90, "texture": "#0", "tintindex": 0}
			}
		},
		{
			"from": [3.5, -16, 7],
			"to": [9.5, 6, 10],
			"rotation": {"angle": 22.5, "axis": "z", "origin": [8.5, 6, 8.5]},
			"faces": {
				"north": {"uv": [3.25, 0, 1.75, 5.5], "texture": "#0"}
			}
		},
		{
			"from": [-2.88685, 3.0552, 8],
			"to": [8.11315, 3.0552, 10],
			"rotation": {"angle": -45, "axis": "z", "origin": [7.5, 2, 9]},
			"faces": {
				"north": {"uv": [0, 0, 2.75, 0], "texture": "#0"},
				"east": {"uv": [0, 0, 0.5, 0], "texture": "#0"},
				"south": {"uv": [0, 0, 2.75, 0], "texture": "#0"},
				"west": {"uv": [0, 0, 0.5, 0], "texture": "#0"},
				"up": {"uv": [4.25, 5.75, 3.75, 8.5], "rotation": 270, "texture": "#0", "tintindex": 0},
				"down": {"uv": [3.75, 5.75, 4.25, 8.5], "rotation": 270, "texture": "#0", "tintindex": 0}
			}
		},
		{
			"from": [3.5, 1, 8],
			"to": [8.5, 12, 10],
			"rotation": {"angle": 22.5, "axis": "z", "origin": [7.5, 2, 9]},
			"faces": {
				"north": {"uv": [0, 5.75, 1.25, 8.5], "texture": "#0", "tintindex": 0},
				"south": {"uv": [3.5, 5.75, 2.25, 8.5], "texture": "#0", "tintindex": 0},
				"west": {"uv": [1.5, 5.75, 2, 8.5], "texture": "#0", "tintindex": 0},
				"up": {"uv": [1.5, 4.75, 2, 6], "rotation": 90, "texture": "#0", "tintindex": 0},
				"down": {"uv": [2.25, 9.25, 3.5, 8.75], "texture": "#0", "tintindex": 0}
			}
		},
		{
			"from": [7.88685, 3.0552, 8],
			"to": [18.88685, 3.0552, 10],
			"rotation": {"angle": 45, "axis": "z", "origin": [8.5, 2, 9]},
			"faces": {
				"north": {"uv": [2.75, 0, 0, 0], "texture": "#0"},
				"east": {"uv": [0.5, 0, 0, 0], "texture": "#0"},
				"south": {"uv": [2.75, 0, 0, 0], "texture": "#0"},
				"west": {"uv": [0.5, 0, 0, 0], "texture": "#0"},
				"up": {"uv": [4.25, 8.5, 3.75, 5.75], "rotation": 270, "texture": "#0", "tintindex": 0},
				"down": {"uv": [3.75, 8.5, 4.25, 5.75], "rotation": 270, "texture": "#0", "tintindex": 0}
			}
		},
		{
			"from": [7.5, 1, 8],
			"to": [12.5, 12, 10],
			"rotation": {"angle": -22.5, "axis": "z", "origin": [8.5, 2, 9]},
			"faces": {
				"north": {"uv": [1.25, 5.75, 0, 8.5], "texture": "#0", "tintindex": 0},
				"east": {"uv": [2, 5.75, 1.5, 8.5], "texture": "#0", "tintindex": 0},
				"south": {"uv": [2.25, 5.75, 3.5, 8.5], "texture": "#0", "tintindex": 0},
				"up": {"uv": [1.5, 6, 2, 4.75], "rotation": 90, "texture": "#0", "tintindex": 0},
				"down": {"uv": [3.5, 9.25, 2.25, 8.75], "texture": "#0", "tintindex": 0}
			}
		},
		{
			"from": [5.35, 17, 6],
			"to": [9.85, 24.5, 8.5],
			"rotation": {"angle": -22.5, "axis": "z", "origin": [9.1, 17.75, 6.25]},
			"faces": {
				"north": {"uv": [6.25, 5.75, 5.25, 7.5], "texture": "#0", "tintindex": 0},
				"east": {"uv": [7, 5.75, 6.5, 7.5], "texture": "#0", "tintindex": 0},
				"south": {"uv": [8.25, 5.75, 7.25, 7.5], "texture": "#0", "tintindex": 0},
				"west": {"uv": [6.5, 5.75, 7, 7.5], "texture": "#0", "tintindex": 0},
				"up": {"uv": [9.5, 6.25, 8.5, 5.75], "texture": "#0", "tintindex": 0},
				"down": {"uv": [9.5, 6.5, 8.5, 7], "texture": "#0", "tintindex": 0}
			}
		},
		{
			"from": [5.35, 17, 6],
			"to": [9.85, 24.5, 8.5],
			"rotation": {"angle": -22.5, "axis": "z", "origin": [9.1, 17.75, 6.25]},
			"faces": {
				"north": {"uv": [6.25, 7.75, 5.25, 9.5], "texture": "#0"}
			}
		},
		{
			"from": [3.85, 17, 7.25],
			"to": [5.85, 24.5, 7.25],
			"rotation": {"angle": -22.5, "axis": "z", "origin": [9.1, 17.75, 6.25]},
			"faces": {
				"north": {"uv": [10.25, 5.75, 9.75, 7.5], "texture": "#0"},
				"south": {"uv": [10.25, 5.75, 9.75, 7.5], "texture": "#0"}
			}
		},
		{
			"from": [6.5, -1.75, 6.5],
			"to": [9.5, 20.25, 8.5],
			"rotation": {"angle": 0, "axis": "y", "origin": [9.5, -1.75, 6.5]},
			"faces": {
				"north": {"uv": [7.75, 0, 7, 5.5], "texture": "#0", "tintindex": 0},
				"east": {"uv": [8.5, 0, 8, 5.5], "texture": "#0", "tintindex": 0},
				"south": {"uv": [11.25, 0, 10.5, 5.5], "texture": "#0", "tintindex": 0},
				"west": {"uv": [8, 0, 8.5, 5.5], "texture": "#0", "tintindex": 0},
				"up": {"uv": [7.75, 0, 7, 0.5], "texture": "#0", "tintindex": 0},
				"down": {"uv": [7.75, 0, 7, 0.5], "texture": "#0", "tintindex": 0}
			}
		},
		{
			"from": [6.5, -1.75, 6.5],
			"to": [9.5, 20.25, 8.5],
			"rotation": {"angle": 0, "axis": "y", "origin": [9.5, -1.75, 6.5]},
			"faces": {
				"north": {"uv": [9.5, 0, 8.75, 5.5], "texture": "#0"},
				"east": {"uv": [10.25, 0, 9.75, 5.5], "texture": "#0"},
				"west": {"uv": [9.75, 0, 10.25, 5.5], "texture": "#0"}
			}
		},
		{
			"from": [6.5, -7, 6],
			"to": [9.5, -5, 8],
			"rotation": {"angle": 0, "axis": "y", "origin": [9.5, -7, 6]},
			"faces": {
				"north": {"uv": [12.25, 0, 11.5, 0.5], "texture": "#0", "tintindex": 0},
				"east": {"uv": [13, 0, 12.5, 0.5], "texture": "#0", "tintindex": 0},
				"south": {"uv": [12.25, 0.75, 11.5, 1.25], "texture": "#0", "tintindex": 0},
				"west": {"uv": [13, 0, 12.5, 0.5], "texture": "#0", "tintindex": 0},
				"up": {"uv": [12.25, 0, 11.5, 0.5], "texture": "#0", "tintindex": 0},
				"down": {"uv": [12.25, 0.75, 11.5, 1.25], "texture": "#0", "tintindex": 0}
			}
		},
		{
			"from": [7, -5.5, 6],
			"to": [7, 18.5, 7],
			"rotation": {"angle": 0, "axis": "y", "origin": [7, 9, 6.5]},
			"faces": {
				"north": {"uv": [0, 0, 0, 7.25], "texture": "#1"},
				"east": {"uv": [1, 0, 0.5, 12], "texture": "#1", "tintindex": 0},
				"south": {"uv": [0, 0, 0, 7.25], "texture": "#1"},
				"west": {"uv": [1, 0, 0.5, 12], "texture": "#1", "tintindex": 0},
				"up": {"uv": [0, 0, 0, 0.25], "texture": "#1"},
				"down": {"uv": [0, 0, 0, 0.25], "texture": "#1"}
			}
		},
		{
			"from": [8, -5.5, 6],
			"to": [8, 18.5, 7],
			"rotation": {"angle": 0, "axis": "y", "origin": [8, 9, 6.5]},
			"faces": {
				"north": {"uv": [0, 0, 0, 7.25], "texture": "#1"},
				"east": {"uv": [2, 0, 1.5, 12], "texture": "#1", "tintindex": 0},
				"south": {"uv": [0, 0, 0, 7.25], "texture": "#1"},
				"west": {"uv": [2, 0, 1.5, 12], "texture": "#1", "tintindex": 0},
				"up": {"uv": [0, 0, 0, 0.25], "texture": "#1"},
				"down": {"uv": [0, 0, 0, 0.25], "texture": "#1"}
			}
		},
		{
			"from": [9, -5.5, 6],
			"to": [9, 18.5, 7],
			"rotation": {"angle": 0, "axis": "y", "origin": [9, 9, 6.5]},
			"faces": {
				"north": {"uv": [0, 0, 0, 7.25], "texture": "#1"},
				"east": {"uv": [3, 0, 2.5, 12], "texture": "#1", "tintindex": 0},
				"south": {"uv": [0, 0, 0, 7.25], "texture": "#1"},
				"west": {"uv": [3, 0, 2.5, 12], "texture": "#1", "tintindex": 0},
				"up": {"uv": [0, 0, 0, 0.25], "texture": "#1"},
				"down": {"uv": [0, 0, 0, 0.25], "texture": "#1"}
			}
		}
	],
	"display": {
		"thirdperson_righthand": {
			"rotation": [40, 10, 0],
			"translation": [0, 0.75, 0],
			"scale": [0.5, 0.5, 0.5]
		},
		"thirdperson_lefthand": {
			"rotation": [40, 10, 0],
			"translation": [0, 0.75, 0],
			"scale": [0.5, 0.5, 0.5]
		},
		"firstperson_righthand": {
			"rotation": [150, 35, -135],
			"translation": [2, 4, 0],
			"scale": [0.4, 0.4, 0.4]
		},
		"firstperson_lefthand": {
			"rotation": [150, 35, -135],
			"translation": [2, 4, 0],
			"scale": [0.4, 0.4, 0.4]
		},
		"ground": {
			"rotation": [85, 0, 0],
			"translation": [0, 3, 0],
			"scale": [0.4, 0.4, 0.4]
		},
		"gui": {
			"rotation": [-22.5, 180, -45],
			"translation": [-1.75, 1.75, 0],
			"scale": [0.42, 0.42, 0.42]
		},
		"head": {
			"rotation": [7.5, 180, -80],
			"translation": [-10.5, -61.5, 7.5],
			"scale": [1.7, 1.7, 1.7]
		},
		"fixed": {
			"rotation": [-180, 180, 0],
			"translation": [0, 1.5, -3.25],
			"scale": [1.75, 1.75, 1.75]
		}
	},
	"groups": [
		{
			"name": "group",
			"origin": [8, 6, 1.5],
			"color": 0,
			"boneType": "",
			"children": [0, 1, 2]
		},
		{
			"name": "group",
			"origin": [8, 6, 1.5],
			"color": 0,
			"boneType": "",
			"children": [3, 4, 5]
		},
		{
			"name": "group",
			"origin": [-6, -1, 1],
			"color": 0,
			"boneType": "",
			"children": [6, 7]
		},
		{
			"name": "group",
			"origin": [-6, -1, 1],
			"color": 0,
			"boneType": "",
			"children": [8, 9]
		},
		{
			"name": "group",
			"origin": [6.5, 21.75, -0.75],
			"color": 0,
			"boneType": "",
			"children": [10, 11, 12]
		},
		{
			"name": "group",
			"origin": [8, 7.5, -0.5],
			"color": 0,
			"boneType": "",
			"children": [13, 14, 15, 16, 17, 18]
		}
	]
}