{
	"credit": "Pologony Creation Co.,Ltd.",
	"textures": {
		"0": "item/backpacks/heaven_wings",
		"1": "item/multiple/heaven/animation_1",
		"particle": "item/backpacks/heaven_wings"
	},
	"elements": [
		{
			"from": [9.73227, 3.35936, 6.0035],
			"to": [12.73227, 4.85936, 6.9965],
			"rotation": {"angle": 22.5, "axis": "z", "origin": [10.73227, 3.65225, 6.5035]},
			"faces": {
				"north": {"uv": [0.14286, 11, 1.85714, 11.85714], "texture": "#0"},
				"east": {"uv": [13.85714, 5.85714, 14.42857, 6.71429], "texture": "#0"},
				"south": {"uv": [1.85714, 11, 3.57143, 11.85714], "texture": "#0"},
				"up": {"uv": [1.85714, 12.71429, 0.14286, 12.14286], "texture": "#0"},
				"down": {"uv": [3.57143, 12.14286, 1.85714, 12.71429], "texture": "#0"}
			}
		},
		{
			"from": [11.57599, 5.34157, 6.0085],
			"to": [12.57599, 6.72657, 6.9915],
			"rotation": {"angle": 45, "axis": "z", "origin": [13.57599, 6.09157, 6.5085]},
			"faces": {
				"north": {"uv": [7, 13.85714, 7.57143, 14.71429], "texture": "#0"},
				"east": {"uv": [13.85714, 7, 14.42857, 7.85714], "texture": "#0"},
				"south": {"uv": [7.57143, 13.85714, 8.14286, 14.71429], "texture": "#0"},
				"up": {"uv": [15, 9.28571, 14.42857, 8.71429], "texture": "#0"},
				"down": {"uv": [13.85714, 14.42857, 13.28571, 15], "texture": "#0"}
			}
		},
		{
			"from": [13.49987, 4.97425, 6.0085],
			"to": [15.49987, 6.47425, 6.9915],
			"rotation": {"angle": 22.5, "axis": "z", "origin": [13.49987, 5.72425, 6.5085]},
			"faces": {
				"north": {"uv": [3.57143, 12.14286, 4.71429, 13], "texture": "#0"},
				"east": {"uv": [8.14286, 13.85714, 8.71429, 14.71429], "texture": "#0"},
				"south": {"uv": [4.71429, 12.14286, 5.85714, 13], "texture": "#0"},
				"west": {"uv": [13.85714, 8.14286, 14.42857, 9], "texture": "#0"},
				"up": {"uv": [12.71429, 13.85714, 11.57143, 13.28571], "texture": "#0"},
				"down": {"uv": [13.85714, 13.28571, 12.71429, 13.85714], "texture": "#0"}
			}
		},
		{
			"from": [14.82442, 6.0076, 6.0135],
			"to": [16.07442, 8.5076, 6.9865],
			"rotation": {"angle": -22.5, "axis": "z", "origin": [15.32442, 7.0076, 6.505]},
			"faces": {
				"north": {"uv": [10.42857, 11.57143, 11.14286, 13], "texture": "#0"},
				"east": {"uv": [5.85714, 12.14286, 6.42857, 13.57143], "texture": "#0"},
				"south": {"uv": [11.57143, 11.57143, 12.28571, 13], "texture": "#0"},
				"west": {"uv": [6.42857, 12.14286, 7, 13.57143], "texture": "#0"}
			}
		},
		{
			"from": [21.63372, 12.83005, 6.0135],
			"to": [27.13372, 13.83005, 6.9865],
			"rotation": {"angle": 0, "axis": "z", "origin": [22.17034, 12.89883, 6.5]},
			"faces": {
				"north": {"uv": [0.14286, 10.42857, 3.28571, 11], "texture": "#0"},
				"south": {"uv": [3.57143, 10.42857, 6.71429, 11], "texture": "#0"},
				"up": {"uv": [10.14286, 11, 7, 10.42857], "texture": "#0"},
				"down": {"uv": [13.57143, 10.42857, 10.42857, 11], "texture": "#0"}
			}
		},
		{
			"from": [26.5605, 13.21394, 6.0085],
			"to": [28.0605, 14.21394, 6.9915],
			"rotation": {"angle": 45, "axis": "z", "origin": [27.3105, 13.71394, 6.495]},
			"faces": {
				"north": {"uv": [13.85714, 9.28571, 14.71429, 9.85714], "texture": "#0"},
				"east": {"uv": [14.42857, 14.42857, 15, 15], "texture": "#0"},
				"south": {"uv": [9.85714, 13.85714, 10.71429, 14.42857], "texture": "#0"},
				"west": {"uv": [0.14286, 15, 0.71429, 15.57143], "texture": "#0"},
				"up": {"uv": [14.71429, 10.42857, 13.85714, 9.85714], "texture": "#0"},
				"down": {"uv": [14.71429, 10.42857, 13.85714, 11], "texture": "#0"}
			}
		},
		{
			"from": [7.95716, 1.68633, 6.0085],
			"to": [8.95716, 2.93633, 6.9915],
			"rotation": {"angle": -22.5, "axis": "z", "origin": [8.10716, 2.08633, 6.5]},
			"faces": {
				"north": {"uv": [14.42857, 7.57143, 15, 8.28571], "texture": "#0"},
				"east": {"uv": [9.85714, 14.42857, 10.42857, 15.14286], "texture": "#0"},
				"south": {"uv": [10.42857, 14.42857, 11, 15.14286], "texture": "#0"},
				"west": {"uv": [11, 14.42857, 11.57143, 15.14286], "texture": "#0"},
				"down": {"uv": [15.57143, 0.14286, 15, 0.71429], "texture": "#0"}
			}
		},
		{
			"from": [21.13242, 11.67786, 6.0085],
			"to": [22.38242, 13.17786, 6.9915],
			"rotation": {"angle": -45, "axis": "z", "origin": [22.17034, 12.89883, 6.5]},
			"faces": {
				"north": {"uv": [13.85714, 0.14286, 14.57143, 1], "texture": "#0"},
				"east": {"uv": [8.71429, 13.85714, 9.28571, 14.71429], "texture": "#0"},
				"south": {"uv": [13.85714, 1.28571, 14.57143, 2.14286], "texture": "#0"},
				"west": {"uv": [9.28571, 13.85714, 9.85714, 14.71429], "texture": "#0"},
				"up": {"uv": [15.14286, 7, 14.42857, 6.42857], "texture": "#0"},
				"down": {"uv": [15.14286, 7, 14.42857, 7.57143], "texture": "#0"}
			}
		},
		{
			"from": [19.87016, 8.07203, 6.0085],
			"to": [21.37016, 9.32203, 6.9915],
			"rotation": {"angle": 0, "axis": "z", "origin": [22.96115, 6.96143, 6.5]},
			"faces": {
				"north": {"uv": [13.85714, 2.42857, 14.71429, 3.14286], "texture": "#0"},
				"east": {"uv": [14.42857, 11, 15, 11.71429], "texture": "#0"},
				"south": {"uv": [13.85714, 3.57143, 14.71429, 4.28571], "texture": "#0"},
				"west": {"uv": [11.57143, 14.42857, 12.14286, 15.14286], "texture": "#0"},
				"up": {"uv": [14.14286, 14.42857, 13.28571, 13.85714], "texture": "#0"},
				"down": {"uv": [14.71429, 13.28571, 13.85714, 13.85714], "texture": "#0"}
			}
		},
		{
			"from": [20.16695, 6.50563, 6.0135],
			"to": [23.66695, 7.50563, 6.9865],
			"rotation": {"angle": -45, "axis": "z", "origin": [22.96115, 6.96143, 6.5]},
			"faces": {
				"north": {"uv": [5.85714, 11, 7.85714, 11.57143], "texture": "#0"},
				"south": {"uv": [8.14286, 11, 10.14286, 11.57143], "texture": "#0"},
				"up": {"uv": [12.42857, 11.57143, 10.42857, 11], "texture": "#0"},
				"down": {"uv": [7.85714, 11.57143, 5.85714, 12.14286], "texture": "#0"}
			}
		},
		{
			"from": [23.13792, 6.14005, 6.0085],
			"to": [24.63792, 7.14005, 6.9915],
			"rotation": {"angle": 0, "axis": "z", "origin": [21.54693, 8.37565, 6.5]},
			"faces": {
				"north": {"uv": [11, 13.85714, 11.85714, 14.42857], "texture": "#0"},
				"east": {"uv": [0.71429, 15, 1.28571, 15.57143], "texture": "#0"},
				"south": {"uv": [12.14286, 13.85714, 13, 14.42857], "texture": "#0"},
				"west": {"uv": [15, 0.71429, 15.57143, 1.28571], "texture": "#0"},
				"up": {"uv": [14.71429, 12.71429, 13.85714, 12.14286], "texture": "#0"},
				"down": {"uv": [14.71429, 12.71429, 13.85714, 13.28571], "texture": "#0"}
			}
		},
		{
			"from": [20.13792, 2.14005, 6.0085],
			"to": [21.63792, 3.14005, 6.9915],
			"rotation": {"angle": -22.5, "axis": "z", "origin": [19.25404, 3.66854, 6.5]},
			"faces": {
				"north": {"uv": [2.42857, 14.42857, 3.28571, 15], "texture": "#0"},
				"east": {"uv": [1.28571, 15, 1.85714, 15.57143], "texture": "#0"},
				"south": {"uv": [3.57143, 14.42857, 4.42857, 15], "texture": "#0"},
				"west": {"uv": [15, 1.28571, 15.57143, 1.85714], "texture": "#0"},
				"up": {"uv": [5.57143, 15, 4.71429, 14.42857], "texture": "#0"},
				"down": {"uv": [15.28571, 5.85714, 14.42857, 6.42857], "texture": "#0"}
			}
		},
		{
			"from": [18.79823, 1.96274, 6.0135],
			"to": [19.79823, 5.46274, 6.9865],
			"rotation": {"angle": 22.5, "axis": "z", "origin": [19.25404, 3.66854, 6.5]},
			"faces": {
				"north": {"uv": [8.14286, 11.57143, 8.71429, 13.57143], "texture": "#0"},
				"east": {"uv": [8.71429, 11.57143, 9.28571, 13.57143], "texture": "#0"},
				"south": {"uv": [9.28571, 11.57143, 9.85714, 13.57143], "texture": "#0"},
				"west": {"uv": [9.85714, 11.57143, 10.42857, 13.57143], "texture": "#0"}
			}
		},
		{
			"from": [16.87016, 4.07203, 6.0085],
			"to": [18.37016, 5.32203, 6.9915],
			"rotation": {"angle": -22.5, "axis": "z", "origin": [19.25404, 3.66854, 6.5]},
			"faces": {
				"north": {"uv": [13.85714, 4.71429, 14.71429, 5.42857], "texture": "#0"},
				"east": {"uv": [12.14286, 14.42857, 12.71429, 15.14286], "texture": "#0"},
				"south": {"uv": [5.85714, 13.85714, 6.71429, 14.57143], "texture": "#0"},
				"west": {"uv": [12.71429, 14.42857, 13.28571, 15.14286], "texture": "#0"},
				"up": {"uv": [1, 15, 0.14286, 14.42857], "texture": "#0"},
				"down": {"uv": [2.14286, 14.42857, 1.28571, 15], "texture": "#0"}
			}
		},
		{
			"from": [13.82442, 8.5076, 6.0135],
			"to": [16.07442, 9.5076, 6.9865],
			"rotation": {"angle": -22.5, "axis": "z", "origin": [15.32442, 7.0076, 6.505]},
			"faces": {
				"north": {"uv": [0.14286, 12.71429, 1.42857, 13.28571], "texture": "#0"},
				"east": {"uv": [13.85714, 14.42857, 14.42857, 15], "texture": "#0"},
				"south": {"uv": [1.85714, 12.71429, 3.14286, 13.28571], "texture": "#0"},
				"west": {"uv": [14.42857, 13.85714, 15, 14.42857], "texture": "#0"},
				"up": {"uv": [14, 11.57143, 12.71429, 11], "texture": "#0"},
				"down": {"uv": [14, 11.57143, 12.71429, 12.14286], "texture": "#0"}
			}
		},
		{
			"from": [8.34645, 1.97058, 6],
			"to": [10.34645, 3.97058, 7],
			"rotation": {"angle": -45, "axis": "z", "origin": [9.34645, 2.97058, 6.5]},
			"faces": {
				"north": {"uv": [3.57143, 11, 4.71429, 12.14286], "texture": "#0"},
				"east": {"uv": [4.71429, 13.28571, 5.28571, 14.42857], "texture": "#0"},
				"south": {"uv": [4.71429, 11, 5.85714, 12.14286], "texture": "#0"},
				"west": {"uv": [5.28571, 13.28571, 5.85714, 14.42857], "texture": "#0"},
				"up": {"uv": [8.14286, 13.85714, 7, 13.28571], "texture": "#0"},
				"down": {"uv": [11.57143, 13.28571, 10.42857, 13.85714], "texture": "#0"}
			}
		},
		{
			"from": [8.59645, 2.22058, 5.75],
			"to": [10.09645, 3.72058, 7.25],
			"rotation": {"angle": -45, "axis": "z", "origin": [9.34645, 2.97058, 6.5]},
			"faces": {
				"north": {"uv": [7, 12.14286, 7.85714, 13], "texture": "#0"},
				"east": {"uv": [12.71429, 12.14286, 13.57143, 13], "texture": "#0"},
				"south": {"uv": [0.14286, 13.28571, 1, 14.14286], "texture": "#0"},
				"west": {"uv": [1.28571, 13.28571, 2.14286, 14.14286], "texture": "#0"},
				"up": {"uv": [3.28571, 14.14286, 2.42857, 13.28571], "texture": "#0"},
				"down": {"uv": [4.42857, 13.28571, 3.57143, 14.14286], "texture": "#0"}
			}
		},
		{
			"from": [19.23779, 11.42387, 6.19387],
			"to": [19.95029, 12.24887, 6.80612],
			"rotation": {"angle": 0, "axis": "z", "origin": [17.7, 12.01288, 6.625]},
			"faces": {
				"north": {"uv": [5.28571, 15, 5.71429, 15.42857], "texture": "#0"},
				"east": {"uv": [15, 15, 15.28571, 15.42857], "texture": "#0"},
				"south": {"uv": [15, 5.28571, 15.42857, 5.71429], "texture": "#0"},
				"west": {"uv": [0.14286, 15.57143, 0.42857, 16], "texture": "#0"},
				"up": {"uv": [16, 0.42857, 15.57143, 0.14286], "texture": "#0"}
			}
		},
		{
			"from": [19.23565, 11.50486, 6.19013],
			"to": [20.0044, 12.32986, 6.80988],
			"rotation": {"angle": -22.5, "axis": "z", "origin": [17.7, 12.01288, 6.625]},
			"faces": {
				"north": {"uv": [4.71429, 15, 5.14286, 15.42857], "texture": "#0"},
				"east": {"uv": [15, 13.85714, 15.28571, 14.28571], "texture": "#0"},
				"south": {"uv": [15, 4.71429, 15.42857, 5.14286], "texture": "#0"},
				"west": {"uv": [14.42857, 15, 14.71429, 15.42857], "texture": "#0"},
				"up": {"uv": [15.42857, 14.71429, 15, 14.42857], "texture": "#0"}
			}
		},
		{
			"from": [19.1984, 11.60039, 6.1875],
			"to": [20.0234, 12.42539, 6.8125],
			"rotation": {"angle": -45, "axis": "z", "origin": [17.7, 12.01288, 6.625]},
			"faces": {
				"north": {"uv": [3, 15, 3.42857, 15.42857], "texture": "#0"},
				"east": {"uv": [15, 3, 15.42857, 3.42857], "texture": "#0"},
				"south": {"uv": [3.57143, 15, 4, 15.42857], "texture": "#0"},
				"west": {"uv": [15, 3.57143, 15.42857, 4], "texture": "#0"},
				"up": {"uv": [4.57143, 15.42857, 4.14286, 15], "texture": "#0"},
				"down": {"uv": [15.42857, 4.14286, 15, 4.57143], "texture": "#0"}
			}
		},
		{
			"from": [17.38303, 9.70849, 6.19013],
			"to": [18.20803, 10.47724, 6.80988],
			"rotation": {"angle": 22.5, "axis": "z", "origin": [17.7, 12.01288, 6.625]},
			"faces": {
				"north": {"uv": [2.42857, 15, 2.85714, 15.42857], "texture": "#0"},
				"south": {"uv": [15, 2.42857, 15.42857, 2.85714], "texture": "#0"},
				"west": {"uv": [13.28571, 15, 13.57143, 15.42857], "texture": "#0"},
				"up": {"uv": [15.42857, 13.57143, 15, 13.28571], "texture": "#0"},
				"down": {"uv": [14.28571, 15, 13.85714, 15.28571], "texture": "#0"}
			}
		},
		{
			"from": [17.46401, 9.7626, 6.19387],
			"to": [18.28901, 10.4751, 6.80612],
			"rotation": {"angle": 0, "axis": "z", "origin": [17.7, 12.01288, 6.625]},
			"faces": {
				"north": {"uv": [1.85714, 15, 2.28571, 15.42857], "texture": "#0"},
				"south": {"uv": [15, 1.85714, 15.42857, 2.28571], "texture": "#0"},
				"west": {"uv": [15, 11.57143, 15.28571, 12], "texture": "#0"},
				"up": {"uv": [15.42857, 12.42857, 15, 12.14286], "texture": "#0"},
				"down": {"uv": [15.42857, 12.71429, 15, 13], "texture": "#0"}
			}
		},
		{
			"from": [17.11099, 13.55067, 6.19387],
			"to": [17.93599, 14.26317, 6.80612],
			"rotation": {"angle": 0, "axis": "y", "origin": [16.66473, 13.04816, 6.5]},
			"faces": {
				"north": {"uv": [15, 10.42857, 15.42857, 10.85714], "texture": "#0"},
				"east": {"uv": [15.57143, 3, 15.85714, 3.42857], "texture": "#0"},
				"south": {"uv": [15, 11, 15.42857, 11.42857], "texture": "#0"},
				"up": {"uv": [4, 15.85714, 3.57143, 15.57143], "texture": "#0"},
				"down": {"uv": [16, 3.57143, 15.57143, 3.85714], "texture": "#0"}
			}
		},
		{
			"from": [16.71698, 13.23115, 6.19013],
			"to": [17.54198, 13.9999, 6.80988],
			"rotation": {"angle": 22.5, "axis": "z", "origin": [16.66473, 13.04816, 6.5]},
			"faces": {
				"north": {"uv": [15, 9.28571, 15.42857, 9.71429], "texture": "#0"},
				"east": {"uv": [2.42857, 15.57143, 2.71429, 16], "texture": "#0"},
				"south": {"uv": [15, 9.85714, 15.42857, 10.28571], "texture": "#0"},
				"up": {"uv": [16, 2.71429, 15.57143, 2.42857], "texture": "#0"},
				"down": {"uv": [3.42857, 15.57143, 3, 15.85714], "texture": "#0"}
			}
		},
		{
			"from": [16.25222, 13.08246, 6.1875],
			"to": [17.07722, 13.90746, 6.8125],
			"rotation": {"angle": 45, "axis": "z", "origin": [16.66473, 13.04816, 6.5]},
			"faces": {
				"north": {"uv": [15, 7.57143, 15.42857, 8], "texture": "#0"},
				"east": {"uv": [8.14286, 15, 8.57143, 15.42857], "texture": "#0"},
				"south": {"uv": [15, 8.14286, 15.42857, 8.57143], "texture": "#0"},
				"west": {"uv": [8.71429, 15, 9.14286, 15.42857], "texture": "#0"},
				"up": {"uv": [15.42857, 9.14286, 15, 8.71429], "texture": "#0"},
				"down": {"uv": [9.71429, 15, 9.28571, 15.42857], "texture": "#0"}
			}
		},
		{
			"from": [15.71297, 12.17089, 6.19013],
			"to": [16.48172, 12.99589, 6.80988],
			"rotation": {"angle": -22.5, "axis": "z", "origin": [16.66473, 13.04816, 6.5]},
			"faces": {
				"north": {"uv": [7, 15, 7.42857, 15.42857], "texture": "#0"},
				"east": {"uv": [15.57143, 1.28571, 15.85714, 1.71429], "texture": "#0"},
				"south": {"uv": [7.57143, 15, 8, 15.42857], "texture": "#0"},
				"west": {"uv": [1.85714, 15.57143, 2.14286, 16], "texture": "#0"},
				"down": {"uv": [16, 1.85714, 15.57143, 2.14286], "texture": "#0"}
			}
		},
		{
			"from": [15.44971, 11.7769, 6.19387],
			"to": [16.16221, 12.6019, 6.80612],
			"rotation": {"angle": 0, "axis": "z", "origin": [16.66473, 13.04816, 6.5]},
			"faces": {
				"north": {"uv": [5.85714, 15, 6.28571, 15.42857], "texture": "#0"},
				"east": {"uv": [0.71429, 15.57143, 1, 16], "texture": "#0"},
				"south": {"uv": [6.42857, 15, 6.85714, 15.42857], "texture": "#0"},
				"west": {"uv": [15.57143, 0.71429, 15.85714, 1.14286], "texture": "#0"},
				"down": {"uv": [1.71429, 15.57143, 1.28571, 15.85714], "texture": "#0"}
			}
		},
		{
			"from": [7.95, -1.9831, 6.485],
			"to": [31.45, 15.7169, 6.515],
			"rotation": {"angle": 0, "axis": "y", "origin": [-0.55, -3.5331, 6.485]},
			"faces": {
				"north": {"uv": [0, 0, 13.42857, 10.28571], "texture": "#0"},
				"south": {"uv": [13.42857, 0, 0, 10.28571], "texture": "#0"}
			}
		},
		{
			"from": [6.01706, 6.43848, 8.60154],
			"to": [7.01006, 7.93848, 11.60154],
			"rotation": {"angle": -22.5, "axis": "x", "origin": [6.51356, 8, 17.9]},
			"faces": {
				"east": {"uv": [0.14286, 11, 1.85714, 11.85714], "texture": "#0"},
				"south": {"uv": [13.85714, 5.85714, 14.42857, 6.71429], "texture": "#0"},
				"west": {"uv": [1.85714, 11, 3.57143, 11.85714], "texture": "#0"},
				"up": {"uv": [1.85714, 12.71429, 0.14286, 12.14286], "rotation": 90, "texture": "#0"},
				"down": {"uv": [3.57143, 12.14286, 1.85714, 12.71429], "rotation": 270, "texture": "#0"}
			}
		},
		{
			"from": [6.01356, -2.6142, 14.39847],
			"to": [7.01356, -0.6142, 16.39847],
			"rotation": {"angle": 45, "axis": "x", "origin": [6.51356, 8, 17.9]},
			"faces": {
				"north": {"uv": [5.28571, 13.28571, 5.85714, 14.42857], "texture": "#0"},
				"east": {"uv": [3.57143, 11, 4.71429, 12.14286], "texture": "#0"},
				"south": {"uv": [4.71429, 13.28571, 5.28571, 14.42857], "texture": "#0"},
				"west": {"uv": [4.71429, 11, 5.85714, 12.14286], "texture": "#0"},
				"up": {"uv": [8.14286, 13.85714, 7, 13.28571], "rotation": 90, "texture": "#0"},
				"down": {"uv": [11.57143, 13.28571, 10.42857, 13.85714], "rotation": 270, "texture": "#0"}
			}
		},
		{
			"from": [6.02206, 8.96766, 11.48341],
			"to": [7.00506, 10.35266, 12.48341],
			"rotation": {"angle": -45, "axis": "x", "origin": [6.51356, 8, 17.9]},
			"faces": {
				"east": {"uv": [7, 13.85714, 7.57143, 14.71429], "texture": "#0"},
				"south": {"uv": [13.85714, 7, 14.42857, 7.85714], "texture": "#0"},
				"west": {"uv": [7.57143, 13.85714, 8.14286, 14.71429], "texture": "#0"},
				"up": {"uv": [15, 9.28571, 14.42857, 8.71429], "rotation": 90, "texture": "#0"},
				"down": {"uv": [13.85714, 14.42857, 13.28571, 15], "rotation": 270, "texture": "#0"}
			}
		},
		{
			"from": [6.02206, 6.83653, 12.95139],
			"to": [7.00506, 8.33653, 14.95139],
			"rotation": {"angle": -22.5, "axis": "x", "origin": [6.51356, 8, 17.9]},
			"faces": {
				"north": {"uv": [13.85714, 8.14286, 14.42857, 9], "texture": "#0"},
				"east": {"uv": [3.57143, 12.14286, 4.71429, 13], "texture": "#0"},
				"south": {"uv": [8.14286, 13.85714, 8.71429, 14.71429], "texture": "#0"},
				"west": {"uv": [4.71429, 12.14286, 5.85714, 13], "texture": "#0"},
				"up": {"uv": [12.71429, 13.85714, 11.57143, 13.28571], "rotation": 90, "texture": "#0"},
				"down": {"uv": [13.85714, 13.28571, 12.71429, 13.85714], "rotation": 270, "texture": "#0"}
			}
		},
		{
			"from": [6.02706, 5.09232, 15.38772],
			"to": [7.00006, 7.59232, 16.63772],
			"rotation": {"angle": 22.5, "axis": "x", "origin": [6.51356, 8, 17.9]},
			"faces": {
				"north": {"uv": [6.42857, 12.14286, 7, 13.57143], "texture": "#0"},
				"east": {"uv": [10.42857, 11.57143, 11.14286, 13], "texture": "#0"},
				"south": {"uv": [5.85714, 12.14286, 6.42857, 13.57143], "texture": "#0"},
				"west": {"uv": [11.57143, 11.57143, 12.28571, 13], "texture": "#0"}
			}
		},
		{
			"from": [6.02706, 7.59232, 14.38772],
			"to": [7.00006, 8.59232, 16.63772],
			"rotation": {"angle": 22.5, "axis": "x", "origin": [6.51356, 8, 17.9]},
			"faces": {
				"north": {"uv": [14.42857, 13.85714, 15, 14.42857], "texture": "#0"},
				"east": {"uv": [0.14286, 12.71429, 1.42857, 13.28571], "texture": "#0"},
				"south": {"uv": [13.85714, 14.42857, 14.42857, 15], "texture": "#0"},
				"west": {"uv": [1.85714, 12.71429, 3.14286, 13.28571], "texture": "#0"},
				"up": {"uv": [14, 11.57143, 12.71429, 11], "rotation": 90, "texture": "#0"},
				"down": {"uv": [14, 11.57143, 12.71429, 12.14286], "rotation": 270, "texture": "#0"}
			}
		},
		{
			"from": [6.20744, 9.7626, 17.45045],
			"to": [6.81969, 10.4751, 18.27545],
			"rotation": {"angle": 0, "axis": "z", "origin": [6.51356, 8, 17.9]},
			"faces": {
				"north": {"uv": [15, 11.57143, 15.28571, 12], "texture": "#0"},
				"east": {"uv": [1.85714, 15, 2.28571, 15.42857], "texture": "#0"},
				"west": {"uv": [15, 1.85714, 15.42857, 2.28571], "texture": "#0"},
				"up": {"uv": [15.42857, 12.42857, 15, 12.14286], "rotation": 90, "texture": "#0"},
				"down": {"uv": [15.42857, 12.71429, 15, 13], "rotation": 270, "texture": "#0"}
			}
		},
		{
			"from": [6.20369, 9.48475, 18.92139],
			"to": [6.82344, 10.2535, 19.74639],
			"rotation": {"angle": -22.5, "axis": "x", "origin": [6.51356, 8, 17.9]},
			"faces": {
				"north": {"uv": [13.28571, 15, 13.57143, 15.42857], "texture": "#0"},
				"east": {"uv": [2.42857, 15, 2.85714, 15.42857], "texture": "#0"},
				"west": {"uv": [15, 2.42857, 15.42857, 2.85714], "texture": "#0"},
				"up": {"uv": [15.42857, 13.57143, 15, 13.28571], "rotation": 90, "texture": "#0"},
				"down": {"uv": [14.28571, 15, 13.85714, 15.28571], "rotation": 270, "texture": "#0"}
			}
		},
		{
			"from": [6.20106, 10.27403, 16.40985],
			"to": [6.82606, 11.09903, 17.23485],
			"rotation": {"angle": 45, "axis": "x", "origin": [6.51356, 8, 17.9]},
			"faces": {
				"north": {"uv": [15, 3.57143, 15.42857, 4], "texture": "#0"},
				"east": {"uv": [3, 15, 3.42857, 15.42857], "texture": "#0"},
				"south": {"uv": [15, 3, 15.42857, 3.42857], "texture": "#0"},
				"west": {"uv": [3.57143, 15, 4, 15.42857], "texture": "#0"},
				"up": {"uv": [4.57143, 15.42857, 4.14286, 15], "rotation": 90, "texture": "#0"},
				"down": {"uv": [15.42857, 4.14286, 15, 4.57143], "rotation": 270, "texture": "#0"}
			}
		},
		{
			"from": [6.20369, 11.11767, 17.70268],
			"to": [6.82344, 11.94267, 18.47143],
			"rotation": {"angle": 22.5, "axis": "x", "origin": [6.51356, 8, 17.9]},
			"faces": {
				"north": {"uv": [14.42857, 15, 14.71429, 15.42857], "texture": "#0"},
				"east": {"uv": [4.71429, 15, 5.14286, 15.42857], "texture": "#0"},
				"south": {"uv": [15, 13.85714, 15.28571, 14.28571], "texture": "#0"},
				"west": {"uv": [15, 4.71429, 15.42857, 5.14286], "texture": "#0"},
				"up": {"uv": [15.42857, 14.71429, 15, 14.42857], "rotation": 90, "texture": "#0"}
			}
		},
		{
			"from": [6.20744, 11.42387, 19.22423],
			"to": [6.81969, 12.24887, 19.93673],
			"rotation": {"angle": 0, "axis": "z", "origin": [6.51356, 8, 17.9]},
			"faces": {
				"north": {"uv": [0.14286, 15.57143, 0.42857, 16], "texture": "#0"},
				"east": {"uv": [5.28571, 15, 5.71429, 15.42857], "texture": "#0"},
				"south": {"uv": [15, 15, 15.28571, 15.42857], "texture": "#0"},
				"west": {"uv": [15, 5.28571, 15.42857, 5.71429], "texture": "#0"},
				"up": {"uv": [16, 0.42857, 15.57143, 0.14286], "rotation": 90, "texture": "#0"}
			}
		},
		{
			"from": [5.76356, -2.3642, 14.64847],
			"to": [7.26356, -0.8642, 16.14847],
			"rotation": {"angle": 45, "axis": "x", "origin": [6.51356, 8, 17.9]},
			"faces": {
				"north": {"uv": [1.28571, 13.28571, 2.14286, 14.14286], "texture": "#0"},
				"east": {"uv": [7, 12.14286, 7.85714, 13], "texture": "#0"},
				"south": {"uv": [12.71429, 12.14286, 13.57143, 13], "texture": "#0"},
				"west": {"uv": [0.14286, 13.28571, 1, 14.14286], "texture": "#0"},
				"up": {"uv": [3.28571, 14.14286, 2.42857, 13.28571], "rotation": 90, "texture": "#0"},
				"down": {"uv": [4.42857, 13.28571, 3.57143, 14.14286], "rotation": 270, "texture": "#0"}
			}
		},
		{
			"from": [6.02206, 13.25302, 16.40808],
			"to": [7.00506, 14.75302, 17.65808],
			"rotation": {"angle": 45, "axis": "x", "origin": [6.51356, 8, 17.9]},
			"faces": {
				"north": {"uv": [9.28571, 13.85714, 9.85714, 14.71429], "texture": "#0"},
				"east": {"uv": [13.85714, 0.14286, 14.57143, 1], "texture": "#0"},
				"south": {"uv": [8.71429, 13.85714, 9.28571, 14.71429], "texture": "#0"},
				"west": {"uv": [13.85714, 1.28571, 14.57143, 2.14286], "texture": "#0"},
				"up": {"uv": [15.14286, 7, 14.42857, 6.42857], "rotation": 90, "texture": "#0"},
				"down": {"uv": [15.14286, 7, 14.42857, 7.57143], "rotation": 270, "texture": "#0"}
			}
		},
		{
			"from": [6.02706, 12.83005, 21.62016],
			"to": [7.00006, 13.83005, 27.12016],
			"rotation": {"angle": 0, "axis": "z", "origin": [6.51356, 8, 17.9]},
			"faces": {
				"east": {"uv": [0.14286, 10.42857, 3.28571, 11], "texture": "#0"},
				"west": {"uv": [3.57143, 10.42857, 6.71429, 11], "texture": "#0"},
				"up": {"uv": [10.14286, 11, 7, 10.42857], "rotation": 90, "texture": "#0"},
				"down": {"uv": [13.57143, 10.42857, 10.42857, 11], "rotation": 270, "texture": "#0"}
			}
		},
		{
			"from": [6.02206, 4.89572, 27.835],
			"to": [7.00506, 5.89572, 29.335],
			"rotation": {"angle": -45, "axis": "x", "origin": [6.51356, 8, 17.9]},
			"faces": {
				"north": {"uv": [0.14286, 15, 0.71429, 15.57143], "texture": "#0"},
				"east": {"uv": [13.85714, 9.28571, 14.71429, 9.85714], "texture": "#0"},
				"south": {"uv": [14.42857, 14.42857, 15, 15], "texture": "#0"},
				"west": {"uv": [9.85714, 13.85714, 10.71429, 14.42857], "texture": "#0"},
				"up": {"uv": [14.71429, 10.42857, 13.85714, 9.85714], "rotation": 90, "texture": "#0"},
				"down": {"uv": [14.71429, 10.42857, 13.85714, 11], "rotation": 270, "texture": "#0"}
			}
		},
		{
			"from": [6.02206, -1.61627, 10.95313],
			"to": [7.00506, -0.36627, 11.95313],
			"rotation": {"angle": 22.5, "axis": "x", "origin": [6.51356, 8, 17.9]},
			"faces": {
				"north": {"uv": [11, 14.42857, 11.57143, 15.14286], "texture": "#0"},
				"east": {"uv": [14.42857, 7.57143, 15, 8.28571], "texture": "#0"},
				"south": {"uv": [9.85714, 14.42857, 10.42857, 15.14286], "texture": "#0"},
				"west": {"uv": [10.42857, 14.42857, 11, 15.14286], "texture": "#0"},
				"down": {"uv": [15.57143, 0.14286, 15, 0.71429], "rotation": 270, "texture": "#0"}
			}
		},
		{
			"from": [6.49856, -1.9831, 7.93644],
			"to": [6.52856, 15.7169, 31.43644],
			"rotation": {"angle": 0, "axis": "y", "origin": [6.51356, 8, 17.9]},
			"faces": {
				"east": {"uv": [0, 0, 13.42857, 10.28571], "texture": "#0"},
				"west": {"uv": [13.42857, 0, 0, 10.28571], "texture": "#0"}
			}
		},
		{
			"from": [6.20744, 11.7769, 15.43615],
			"to": [6.81969, 12.6019, 16.14865],
			"rotation": {"angle": 0, "axis": "z", "origin": [6.51356, 8, 17.9]},
			"faces": {
				"north": {"uv": [15.57143, 0.71429, 15.85714, 1.14286], "texture": "#0"},
				"east": {"uv": [5.85714, 15, 6.28571, 15.42857], "texture": "#0"},
				"south": {"uv": [0.71429, 15.57143, 1, 16], "texture": "#0"},
				"west": {"uv": [6.42857, 15, 6.85714, 15.42857], "texture": "#0"},
				"down": {"uv": [1.71429, 15.57143, 1.28571, 15.85714], "rotation": 270, "texture": "#0"}
			}
		},
		{
			"from": [6.20369, 11.30872, 13.86263],
			"to": [6.82344, 12.13372, 14.63138],
			"rotation": {"angle": 22.5, "axis": "x", "origin": [6.51356, 8, 17.9]},
			"faces": {
				"north": {"uv": [1.85714, 15.57143, 2.14286, 16], "texture": "#0"},
				"east": {"uv": [7, 15, 7.42857, 15.42857], "texture": "#0"},
				"south": {"uv": [15.57143, 1.28571, 15.85714, 1.71429], "texture": "#0"},
				"west": {"uv": [7.57143, 15, 8, 15.42857], "texture": "#0"},
				"down": {"uv": [16, 1.85714, 15.57143, 2.14286], "rotation": 270, "texture": "#0"}
			}
		},
		{
			"from": [6.20106, 12.48695, 20.17402],
			"to": [6.82606, 13.31195, 20.99902],
			"rotation": {"angle": -45, "axis": "x", "origin": [6.51356, 8, 17.9]},
			"faces": {
				"north": {"uv": [8.71429, 15, 9.14286, 15.42857], "texture": "#0"},
				"east": {"uv": [15, 7.57143, 15.42857, 8], "texture": "#0"},
				"south": {"uv": [8.14286, 15, 8.57143, 15.42857], "texture": "#0"},
				"west": {"uv": [15, 8.14286, 15.42857, 8.57143], "texture": "#0"},
				"up": {"uv": [15.42857, 9.14286, 15, 8.71429], "rotation": 90, "texture": "#0"},
				"down": {"uv": [9.71429, 15, 9.28571, 15.42857], "rotation": 270, "texture": "#0"}
			}
		},
		{
			"from": [6.20369, 13.32479, 18.73033],
			"to": [6.82344, 14.09354, 19.55533],
			"rotation": {"angle": -22.5, "axis": "x", "origin": [6.51356, 8, 17.9]},
			"faces": {
				"east": {"uv": [15, 9.28571, 15.42857, 9.71429], "texture": "#0"},
				"south": {"uv": [2.42857, 15.57143, 2.71429, 16], "texture": "#0"},
				"west": {"uv": [15, 9.85714, 15.42857, 10.28571], "texture": "#0"},
				"up": {"uv": [16, 2.71429, 15.57143, 2.42857], "rotation": 90, "texture": "#0"},
				"down": {"uv": [3.42857, 15.57143, 3, 15.85714], "rotation": 270, "texture": "#0"}
			}
		},
		{
			"from": [6.20744, 13.55067, 17.09743],
			"to": [6.81969, 14.26317, 17.92243],
			"rotation": {"angle": 0, "axis": "y", "origin": [6.51356, 8, 17.9]},
			"faces": {
				"east": {"uv": [15, 10.42857, 15.42857, 10.85714], "texture": "#0"},
				"south": {"uv": [15.57143, 3, 15.85714, 3.42857], "texture": "#0"},
				"west": {"uv": [15, 11, 15.42857, 11.42857], "texture": "#0"},
				"up": {"uv": [4, 15.85714, 3.57143, 15.57143], "rotation": 90, "texture": "#0"},
				"down": {"uv": [16, 3.57143, 15.57143, 3.85714], "rotation": 270, "texture": "#0"}
			}
		},
		{
			"from": [6.02206, 6.14005, 23.12436],
			"to": [7.00506, 7.14005, 24.62436],
			"rotation": {"angle": 0, "axis": "z", "origin": [6.51356, 8, 17.9]},
			"faces": {
				"north": {"uv": [15, 0.71429, 15.57143, 1.28571], "texture": "#0"},
				"east": {"uv": [11, 13.85714, 11.85714, 14.42857], "texture": "#0"},
				"south": {"uv": [0.71429, 15, 1.28571, 15.57143], "texture": "#0"},
				"west": {"uv": [12.14286, 13.85714, 13, 14.42857], "texture": "#0"},
				"up": {"uv": [14.71429, 12.71429, 13.85714, 12.14286], "rotation": 90, "texture": "#0"},
				"down": {"uv": [14.71429, 12.71429, 13.85714, 13.28571], "rotation": 270, "texture": "#0"}
			}
		},
		{
			"from": [6.02706, 10.379, 19.40936],
			"to": [7.00006, 11.379, 22.90936],
			"rotation": {"angle": 45, "axis": "x", "origin": [6.51356, 8, 17.9]},
			"faces": {
				"east": {"uv": [5.85714, 11, 7.85714, 11.57143], "texture": "#0"},
				"west": {"uv": [8.14286, 11, 10.14286, 11.57143], "texture": "#0"},
				"up": {"uv": [12.42857, 11.57143, 10.42857, 11], "rotation": 90, "texture": "#0"},
				"down": {"uv": [7.85714, 11.57143, 5.85714, 12.14286], "rotation": 270, "texture": "#0"}
			}
		},
		{
			"from": [6.02206, 8.07203, 19.85659],
			"to": [7.00506, 9.32203, 21.35659],
			"rotation": {"angle": 0, "axis": "z", "origin": [6.51356, 8, 17.9]},
			"faces": {
				"north": {"uv": [11.57143, 14.42857, 12.14286, 15.14286], "texture": "#0"},
				"east": {"uv": [13.85714, 2.42857, 14.71429, 3.14286], "texture": "#0"},
				"south": {"uv": [14.42857, 11, 15, 11.71429], "texture": "#0"},
				"west": {"uv": [13.85714, 3.57143, 14.71429, 4.28571], "texture": "#0"},
				"up": {"uv": [14.14286, 14.42857, 13.28571, 13.85714], "rotation": 90, "texture": "#0"},
				"down": {"uv": [14.71429, 13.28571, 13.85714, 13.85714], "rotation": 270, "texture": "#0"}
			}
		},
		{
			"from": [6.02206, 4.91472, 18.41213],
			"to": [7.00506, 6.16472, 19.91213],
			"rotation": {"angle": 22.5, "axis": "x", "origin": [6.51356, 8, 17.9]},
			"faces": {
				"north": {"uv": [12.71429, 14.42857, 13.28571, 15.14286], "texture": "#0"},
				"east": {"uv": [13.85714, 4.71429, 14.71429, 5.42857], "texture": "#0"},
				"south": {"uv": [12.14286, 14.42857, 12.71429, 15.14286], "texture": "#0"},
				"west": {"uv": [5.85714, 13.85714, 6.71429, 14.57143], "texture": "#0"},
				"up": {"uv": [1, 15, 0.14286, 14.42857], "rotation": 90, "texture": "#0"},
				"down": {"uv": [2.14286, 14.42857, 1.28571, 15], "rotation": 270, "texture": "#0"}
			}
		},
		{
			"from": [6.02706, 1.77947, 17.02506],
			"to": [7.00006, 5.27947, 18.02506],
			"rotation": {"angle": -22.5, "axis": "x", "origin": [6.51356, 8, 17.9]},
			"faces": {
				"north": {"uv": [9.85714, 11.57143, 10.42857, 13.57143], "texture": "#0"},
				"east": {"uv": [8.14286, 11.57143, 8.71429, 13.57143], "texture": "#0"},
				"south": {"uv": [8.71429, 11.57143, 9.28571, 13.57143], "texture": "#0"},
				"west": {"uv": [9.28571, 11.57143, 9.85714, 13.57143], "texture": "#0"}
			}
		},
		{
			"from": [6.02206, 2.98274, 21.6799],
			"to": [7.00506, 3.98274, 23.1799],
			"rotation": {"angle": 22.5, "axis": "x", "origin": [6.51356, 8, 17.9]},
			"faces": {
				"north": {"uv": [15, 1.28571, 15.57143, 1.85714], "texture": "#0"},
				"east": {"uv": [2.42857, 14.42857, 3.28571, 15], "texture": "#0"},
				"south": {"uv": [1.28571, 15, 1.85714, 15.57143], "texture": "#0"},
				"west": {"uv": [3.57143, 14.42857, 4.42857, 15], "texture": "#0"},
				"up": {"uv": [5.57143, 15, 4.71429, 14.42857], "rotation": 90, "texture": "#0"},
				"down": {"uv": [15.28571, 5.85714, 14.42857, 6.42857], "rotation": 270, "texture": "#0"}
			}
		},
		{
			"from": [13.98061, 3.11925, 3],
			"to": [14.01061, 13.11925, 13],
			"rotation": {"angle": -45, "axis": "y", "origin": [8.01061, 8.11925, 8]},
			"faces": {
				"east": {"uv": [12.5, 0, 0, 12.5], "texture": "#1"},
				"west": {"uv": [0, 0, 12.5, 12.5], "texture": "#1"}
			}
		}
	],
	"gui_light": "front",
	"display": {
		"thirdperson_righthand": {
			"rotation": [-122, 45, -180],
			"translation": [0, 2.25, 3.5],
			"scale": [0.7, 0.7, 0.7]
		},
		"thirdperson_lefthand": {
			"rotation": [60.5, 45, 0],
			"translation": [-5.5, -4.75, 14.25]
		},
		"firstperson_righthand": {
			"rotation": [155, 50, 180],
			"translation": [2, 5.5, 0]
		},
		"firstperson_lefthand": {
			"rotation": [155, -35, 180],
			"translation": [2, 5.5, 0],
			"scale": [0, 0, 0]
		},
		"ground": {
			"rotation": [-60, -45, 0],
			"translation": [0, 0.5, 0],
			"scale": [0.7, 0.7, 0.7]
		},
		"gui": {
			"rotation": [0, 135, 0],
			"translation": [0, 1.25, 0],
			"scale": [0.7, 0.7, 0.7]
		},
		"head": {
			"rotation": [0, -45, 0],
			"translation": [0, -38.25, 6.25],
			"scale": [1.6, 1.6, 1.6]
		},
		"fixed": {
			"rotation": [0, 135, 0],
			"translation": [0, 10, -2.25],
			"scale": [2, 2, 2]
		}
	}
}