{
	"credit": "Made with Blockbench",
	"texture_size": [128, 128],
	"textures": {
		"0": "item/backpacks/illager_backpack",
		"particle": "item/backpacks/illager_backpack"
	},
	"elements": [
		{
			"from": [2, 1, 10],
			"to": [14, 9, 16],
			"rotation": {"angle": 0, "axis": "y", "origin": [2, 6, 10]},
			"faces": {
				"north": {"uv": [5.25, 5.25, 6.75, 6.25], "texture": "#0"},
				"east": {"uv": [2, 1.25, 2.75, 2.25], "texture": "#0"},
				"south": {"uv": [0, 5.875, 1.5, 6.875], "texture": "#0"},
				"west": {"uv": [1.5, 5.875, 2.25, 6.875], "texture": "#0"},
				"up": {"uv": [6.5, 3.5, 5, 2.75], "texture": "#0"},
				"down": {"uv": [4.5, 6.125, 3, 6.875], "texture": "#0"}
			}
		},
		{
			"from": [1.5, 2, 10],
			"to": [15.5, 9, 17],
			"rotation": {"angle": 0, "axis": "y", "origin": [2.5, 6, 10]},
			"faces": {
				"north": {"uv": [0, 5, 1.75, 5.875], "texture": "#0"},
				"east": {"uv": [3.5, 1.5, 4.375, 2.375], "texture": "#0"},
				"south": {"uv": [5, 1, 6.75, 1.875], "texture": "#0"},
				"west": {"uv": [1.75, 5, 2.625, 5.875], "texture": "#0"},
				"up": {"uv": [6.75, 2.75, 5, 1.875], "texture": "#0"},
				"down": {"uv": [5.25, 5.25, 3.5, 6.125], "texture": "#0"}
			}
		},
		{
			"from": [1, 11, 13.999],
			"to": [15, 32, 13.999],
			"rotation": {"angle": 0, "axis": "y", "origin": [2, 13, 12]},
			"faces": {
				"north": {"uv": [4.5, 6.25, 6.25, 8.875], "texture": "#0"},
				"east": {"uv": [0, 0, 0, 2.625], "texture": "#0"},
				"south": {"uv": [6.25, 6.25, 8, 8.875], "texture": "#0"},
				"west": {"uv": [0, 0, 0, 2.625], "texture": "#0"},
				"up": {"uv": [1.75, 0, 0, 0], "texture": "#0"},
				"down": {"uv": [1.75, 0, 0, 0], "texture": "#0"}
			}
		},
		{
			"from": [7.001, 9.001, 14.001],
			"to": [8.999, 31.999, 14.999],
			"rotation": {"angle": 0, "axis": "y", "origin": [2, 13, 12]},
			"faces": {
				"north": {"uv": [3, 1.5, 3.25, 4.375], "texture": "#0"},
				"east": {"uv": [2.75, 3.375, 2.875, 6.25], "texture": "#0"},
				"south": {"uv": [3.25, 1.5, 3.5, 4.375], "texture": "#0"},
				"west": {"uv": [2.875, 3.375, 3, 6.25], "texture": "#0"},
				"up": {"uv": [5, 3.375, 4.75, 3.25], "texture": "#0"},
				"down": {"uv": [5, 3.375, 4.75, 3.5], "texture": "#0"}
			}
		},
		{
			"from": [2.5, -3, 10],
			"to": [13.5, 1, 14],
			"rotation": {"angle": 0, "axis": "y", "origin": [1.5, -2, 10]},
			"faces": {
				"north": {"uv": [4.75, 3.5, 6.125, 4], "texture": "#0"},
				"east": {"uv": [4.875, 0.5, 5.375, 1], "texture": "#0"},
				"south": {"uv": [4.75, 4.25, 6.125, 4.75], "texture": "#0"},
				"west": {"uv": [3, 4.875, 3.5, 5.375], "texture": "#0"},
				"up": {"uv": [6.125, 5.25, 4.75, 4.75], "texture": "#0"},
				"down": {"uv": [6.25, 0, 4.875, 0.5], "texture": "#0"}
			}
		},
		{
			"from": [0.5, -1, 10],
			"to": [2.5, 4, 14],
			"rotation": {"angle": 0, "axis": "y", "origin": [-8.5, -1, 10]},
			"faces": {
				"north": {"uv": [1.5, 1.25, 1.75, 1.875], "texture": "#0"},
				"east": {"uv": [1.5, 0, 2, 0.625], "texture": "#0"},
				"south": {"uv": [1.75, 1.25, 2, 1.875], "texture": "#0"},
				"west": {"uv": [1.5, 0.625, 2, 1.25], "texture": "#0"},
				"up": {"uv": [1.75, 2.375, 1.5, 1.875], "texture": "#0"},
				"down": {"uv": [2, 1.875, 1.75, 2.375], "texture": "#0"}
			}
		},
		{
			"from": [1.5, 3, 10],
			"to": [1.5, 8, 14],
			"rotation": {"angle": 22.5, "axis": "y", "origin": [1.5, 5.5, 12]},
			"faces": {
				"north": {"uv": [0, 0, 0, 0.625], "texture": "#0"},
				"east": {"uv": [2, 0, 2.5, 0.625], "texture": "#0"},
				"south": {"uv": [0, 0, 0, 0.625], "texture": "#0"},
				"west": {"uv": [2, 0.625, 2.5, 1.25], "texture": "#0"},
				"up": {"uv": [0, 0.5, 0, 0], "texture": "#0"},
				"down": {"uv": [0, 0, 0, 0.5], "texture": "#0"}
			}
		},
		{
			"from": [1, 2, 10],
			"to": [1, 7, 14],
			"rotation": {"angle": 22.5, "axis": "x", "origin": [1, 4.5, 12]},
			"faces": {
				"north": {"uv": [0, 0, 0, 0.625], "texture": "#0"},
				"east": {"uv": [2, 0, 2.5, 0.625], "texture": "#0"},
				"south": {"uv": [0, 0, 0, 0.625], "texture": "#0"},
				"west": {"uv": [2, 0.625, 2.5, 1.25], "texture": "#0"},
				"up": {"uv": [0, 0.5, 0, 0], "texture": "#0"},
				"down": {"uv": [0, 0, 0, 0.5], "texture": "#0"}
			}
		},
		{
			"from": [15.3, -1.7315, 9.34985],
			"to": [17.3, 2.2685, 11.34985],
			"rotation": {"angle": -22.5, "axis": "x", "origin": [16.3, -0.2315, 10.34985]},
			"faces": {
				"north": {"uv": [3.75, 4.125, 4, 4.625], "texture": "#0"},
				"east": {"uv": [0.75, 4.5, 1, 5], "texture": "#0"},
				"south": {"uv": [1, 4.5, 1.25, 5], "texture": "#0"},
				"west": {"uv": [4.5, 1, 4.75, 1.5], "texture": "#0"},
				"up": {"uv": [5, 2, 4.75, 1.75], "texture": "#0"},
				"down": {"uv": [5, 2, 4.75, 2.25], "texture": "#0"}
			}
		},
		{
			"from": [16.3, 1, 9],
			"to": [16.3, 2, 17],
			"rotation": {"angle": 0, "axis": "y", "origin": [15.3, 2, 12]},
			"faces": {
				"north": {"uv": [0, 0, 0, 0.125], "texture": "#0"},
				"east": {"uv": [4.5, 4, 5.5, 4.125], "texture": "#0"},
				"south": {"uv": [0, 0, 0, 0.125], "texture": "#0"},
				"west": {"uv": [4.5, 4.125, 5.5, 4.25], "texture": "#0"},
				"up": {"uv": [0, 1, 0, 0], "texture": "#0"},
				"down": {"uv": [0, 0, 0, 1], "texture": "#0"}
			}
		},
		{
			"from": [17.3, -2, 13],
			"to": [18.3, 0, 13],
			"rotation": {"angle": 0, "axis": "y", "origin": [14.3, -1, 12]},
			"faces": {
				"north": {"uv": [2.375, 4.375, 2.5, 4.625], "texture": "#0"},
				"east": {"uv": [0, 0, 0, 0.25], "texture": "#0"},
				"south": {"uv": [3.375, 4.375, 3.5, 4.625], "texture": "#0"},
				"west": {"uv": [0, 0, 0, 0.25], "texture": "#0"},
				"up": {"uv": [0.125, 0, 0, 0], "texture": "#0"},
				"down": {"uv": [0.125, 0, 0, 0], "texture": "#0"}
			}
		},
		{
			"from": [15.299, -2.001, 9.999],
			"to": [17.301, 0.001, 16.001],
			"rotation": {"angle": 0, "axis": "y", "origin": [15.3, -1, 12]},
			"faces": {
				"north": {"uv": [4.75, 1.25, 5, 1.5], "texture": "#0"},
				"east": {"uv": [0, 4.25, 0.75, 4.5], "texture": "#0"},
				"south": {"uv": [4.75, 1.5, 5, 1.75], "texture": "#0"},
				"west": {"uv": [0.75, 4.25, 1.5, 4.5], "texture": "#0"},
				"up": {"uv": [2.75, 4.625, 2.5, 3.875], "texture": "#0"},
				"down": {"uv": [3.75, 4.125, 3.5, 4.875], "texture": "#0"}
			}
		},
		{
			"from": [15.3, -1.7315, 14.65015],
			"to": [17.3, 2.2685, 16.65015],
			"rotation": {"angle": 22.5, "axis": "x", "origin": [16.3, -0.2315, 15.65015]},
			"faces": {
				"north": {"uv": [1.25, 4.5, 1.5, 5], "texture": "#0"},
				"east": {"uv": [4.5, 3, 4.75, 3.5], "texture": "#0"},
				"south": {"uv": [4.5, 3.5, 4.75, 4], "texture": "#0"},
				"west": {"uv": [4, 4.5, 4.25, 5], "texture": "#0"},
				"up": {"uv": [5, 2.5, 4.75, 2.25], "texture": "#0"},
				"down": {"uv": [5, 2.5, 4.75, 2.75], "texture": "#0"}
			}
		},
		{
			"from": [14.2999, -3.0001, 11.9999],
			"to": [16.3001, 6.0001, 14.0001],
			"rotation": {"angle": 0, "axis": "y", "origin": [14.3, -1, 12]},
			"faces": {
				"north": {"uv": [3.5, 3, 3.75, 4.125], "texture": "#0"},
				"east": {"uv": [3.75, 3, 4, 4.125], "texture": "#0"},
				"south": {"uv": [1.5, 3.875, 1.75, 5], "texture": "#0"},
				"west": {"uv": [1.75, 3.875, 2, 5], "texture": "#0"},
				"up": {"uv": [4.75, 4.875, 4.5, 4.625], "texture": "#0"},
				"down": {"uv": [5, 1, 4.75, 1.25], "texture": "#0"}
			}
		},
		{
			"from": [13.53223, 4.85355, 12],
			"to": [15.53223, 7.85355, 14],
			"rotation": {"angle": 45, "axis": "z", "origin": [14.53223, 6.35355, 13]},
			"faces": {
				"north": {"uv": [4.25, 4.5, 4.5, 4.875], "texture": "#0"},
				"east": {"uv": [4.5, 4.25, 4.75, 4.625], "texture": "#0"},
				"south": {"uv": [2.375, 4.625, 2.625, 5], "texture": "#0"},
				"west": {"uv": [3.75, 4.625, 4, 5], "texture": "#0"},
				"up": {"uv": [5, 3, 4.75, 2.75], "texture": "#0"},
				"down": {"uv": [5, 3, 4.75, 3.25], "texture": "#0"}
			}
		}
	],
	"gui_light": "front",
	"display": {
		"thirdperson_righthand": {
			"rotation": [-135, 0, 180],
			"translation": [0, 0.75, 3.75],
			"scale": [0.5, 0.5, 0.5]
		},
		"thirdperson_lefthand": {
			"rotation": [-135, 0, 180],
			"translation": [0, 0.75, 3.75],
			"scale": [0.5, 0.5, 0.5]
		},
		"firstperson_righthand": {
			"rotation": [-165, 0, 180],
			"translation": [0, 2.75, 6.75],
			"scale": [0.5, 0.5, 0.5]
		},
		"firstperson_lefthand": {
			"rotation": [-165, 0, 180],
			"translation": [0, 2.75, 6.75],
			"scale": [0.5, 0.5, 0.5]
		},
		"ground": {
			"translation": [0, 5, 0],
			"scale": [0.5, 0.5, 0.5]
		},
		"gui": {
			"rotation": [0, 0, 45],
			"translation": [1.75, -1.75, 0],
			"scale": [0.43, 0.43, 0.43]
		},
		"head": {
			"translation": [0, -54.75, 0],
			"scale": [1.5, 1.5, 1.5]
		},
		"fixed": {
			"rotation": [-180, 0, -135],
			"translation": [-0.5, -0.5, 4],
			"scale": [0.75, 0.75, 0.75]
		}
	},
	"groups": [
		{
			"name": "illager_backpack",
			"origin": [8, 8, 8],
			"color": 0,
			"boneType": "",
			"children": [0, 1, 2, 3, 4, 5, 6, 7, 8, 9, 10, 11, 12, 13, 14]
		}
	]
}