{
	"credit": "Pologony Creation Co.,Ltd.",
	"textures": {
		"2": "item/multiple/ender_dragon/dragon_head",
		"4": "item/multiple/ender_dragon/fire_eyes",
		"5": "item/keys/ender_dragon_key",
		"particle": "item/multiple/ender_dragon/dragon_head"
	},
	"elements": [
		{
			"from": [7.5, 5.28771, 2.65359],
			"to": [8.5, 7.28771, 3.90359],
			"rotation": {"angle": 22.5, "axis": "x", "origin": [8, 8, 8]},
			"faces": {
				"north": {"uv": [9.71429, 10.28571, 9.14286, 11.42857], "rotation": 180, "texture": "#5"},
				"east": {"uv": [9.14286, 0, 10.28571, 0.71429], "rotation": 270, "texture": "#5"},
				"south": {"uv": [8.57143, 11.42857, 8, 10.28571], "texture": "#5"},
				"west": {"uv": [5.14286, 9.71429, 6.28571, 10.42857], "rotation": 90, "texture": "#5"},
				"up": {"uv": [10.85714, 0, 11.42857, 0.71429], "rotation": 180, "texture": "#5"},
				"down": {"uv": [1.71429, 10.85714, 2.28571, 11.57143], "texture": "#5"}
			}
		},
		{
			"from": [7.625, 9.95182, 2.46586],
			"to": [8.375, 11.07682, 5.11586],
			"rotation": {"angle": -22.5, "axis": "x", "origin": [8, 8, 8]},
			"faces": {
				"north": {"uv": [10.71429, 12, 10.28571, 12.71429], "rotation": 180, "texture": "#5"},
				"east": {"uv": [8.57143, 2.28571, 9.28571, 3.85714], "rotation": 270, "texture": "#5"},
				"south": {"uv": [12.42857, 9.85714, 12, 9.14286], "texture": "#5"},
				"west": {"uv": [8.57143, 4.57143, 9.28571, 6.14286], "rotation": 90, "texture": "#5"},
				"up": {"uv": [6.85714, 10.28571, 7.28571, 11.85714], "rotation": 180, "texture": "#5"},
				"down": {"uv": [10.28571, 6.85714, 10.71429, 8.42857], "texture": "#5"}
			}
		},
		{
			"from": [7.25, 9.68952, 2.7654],
			"to": [8.75, 11.68952, 4.7654],
			"rotation": {"angle": -45, "axis": "x", "origin": [8, 8, 8]},
			"faces": {
				"north": {"uv": [0.85714, 9.14286, 0, 10.28571], "rotation": 180, "texture": "#5"},
				"east": {"uv": [3.42857, 4.57143, 4.57143, 5.71429], "rotation": 270, "texture": "#5"},
				"south": {"uv": [9.42857, 9.71429, 8.57143, 8.57143], "texture": "#5"},
				"west": {"uv": [5.14286, 4, 6.28571, 5.14286], "rotation": 90, "texture": "#5"},
				"up": {"uv": [6.85714, 8.57143, 7.71429, 9.71429], "rotation": 180, "texture": "#5"},
				"down": {"uv": [8.57143, 6.85714, 9.42857, 8], "texture": "#5"}
			}
		},
		{
			"from": [7.75, 10.39663, 2.0583],
			"to": [8.25, 12.39663, 4.0583],
			"rotation": {"angle": -45, "axis": "x", "origin": [8, 8, 8]},
			"faces": {
				"north": {"uv": [9.42857, 12, 9.14286, 13.14286], "rotation": 180, "texture": "#5"},
				"east": {"uv": [5.71429, 0, 6.85714, 1.14286], "rotation": 270, "texture": "#5"},
				"west": {"uv": [5.71429, 1.71429, 6.85714, 2.85714], "rotation": 90, "texture": "#5"},
				"up": {"uv": [4, 12, 4.28571, 13.14286], "rotation": 180, "texture": "#5"},
				"down": {"uv": [8, 12, 8.28571, 13.14286], "texture": "#5"}
			}
		},
		{
			"from": [6.47746, 6.47746, 4.26813],
			"to": [7.97746, 7.97746, 4.76813],
			"rotation": {"angle": 45, "axis": "z", "origin": [8, 8, 8]},
			"faces": {
				"north": {"uv": [4.28571, 10.28571, 3.42857, 11.14286], "rotation": 180, "texture": "#5"},
				"east": {"uv": [0, 12.57143, 0.85714, 12.85714], "rotation": 270, "texture": "#5"},
				"south": {"uv": [11.14286, 2.57143, 10.28571, 1.71429], "texture": "#5"},
				"west": {"uv": [12.57143, 10.85714, 13.42857, 11.14286], "rotation": 90, "texture": "#5"},
				"up": {"uv": [11.42857, 12, 12.28571, 12.28571], "rotation": 180, "texture": "#5"},
				"down": {"uv": [6.28571, 12.57143, 7.14286, 12.85714], "texture": "#5"}
			}
		},
		{
			"from": [6.47746, 6.47746, 8.76813],
			"to": [7.97746, 7.97746, 9.26813],
			"rotation": {"angle": 45, "axis": "z", "origin": [8, 8, 8]},
			"faces": {
				"north": {"uv": [11.14286, 5.14286, 10.28571, 6], "rotation": 180, "texture": "#5"},
				"east": {"uv": [13.14286, 1.14286, 14, 1.42857], "rotation": 270, "texture": "#5"},
				"south": {"uv": [11.14286, 4.28571, 10.28571, 3.42857], "texture": "#5"},
				"west": {"uv": [13.14286, 4.57143, 14, 4.85714], "rotation": 90, "texture": "#5"},
				"up": {"uv": [13.14286, 0, 14, 0.28571], "rotation": 180, "texture": "#5"},
				"down": {"uv": [13.14286, 3.42857, 14, 3.71429], "texture": "#5"}
			}
		},
		{
			"from": [6.60246, 6.60246, 6.51813],
			"to": [7.85246, 7.85246, 7.01813],
			"rotation": {"angle": 45, "axis": "z", "origin": [8, 8, 8]},
			"faces": {
				"north": {"uv": [0.71429, 10.85714, 0, 11.57143], "rotation": 180, "texture": "#5"},
				"east": {"uv": [12.57143, 13.14286, 13.28571, 13.42857], "rotation": 270, "texture": "#5"},
				"south": {"uv": [11, 9.85714, 10.28571, 9.14286], "texture": "#5"},
				"west": {"uv": [4, 13.71429, 4.71429, 14], "rotation": 90, "texture": "#5"},
				"up": {"uv": [13.14286, 12, 13.85714, 12.28571], "rotation": 180, "texture": "#5"},
				"down": {"uv": [0, 13.71429, 0.71429, 14], "texture": "#5"}
			}
		},
		{
			"from": [6.72746, 6.72746, 3.76813],
			"to": [7.72746, 7.72746, 9.76813],
			"rotation": {"angle": 45, "axis": "z", "origin": [8, 8, 8]},
			"faces": {
				"north": {"uv": [12.57143, 5.71429, 12, 6.28571], "rotation": 180, "texture": "#5"},
				"east": {"uv": [1.14286, 3.42857, 1.71429, 6.85714], "rotation": 270, "texture": "#5"},
				"south": {"uv": [8, 2.85714, 7.42857, 2.28571], "texture": "#5"},
				"west": {"uv": [2.28571, 4.57143, 2.85714, 8], "rotation": 90, "texture": "#5"},
				"up": {"uv": [0, 3.42857, 0.57143, 6.85714], "rotation": 180, "texture": "#5"},
				"down": {"uv": [4.57143, 0, 5.14286, 3.42857], "texture": "#5"}
			}
		},
		{
			"from": [7.25, 7.89193, 9.437],
			"to": [8.75, 10.39193, 11.937],
			"rotation": {"angle": 45, "axis": "x", "origin": [8, 8, 8]},
			"faces": {
				"north": {"uv": [2.57143, 8.57143, 1.71429, 10], "rotation": 180, "texture": "#5"},
				"east": {"uv": [2.28571, 0, 3.71429, 1.42857], "rotation": 270, "texture": "#5"},
				"south": {"uv": [4.28571, 9.42857, 3.42857, 8], "texture": "#5"},
				"west": {"uv": [2.28571, 2.28571, 3.71429, 3.71429], "rotation": 90, "texture": "#5"},
				"up": {"uv": [7.42857, 0, 8.28571, 1.42857], "rotation": 180, "texture": "#5"},
				"down": {"uv": [5.14286, 7.42857, 6, 8.85714], "texture": "#5"}
			}
		},
		{
			"from": [7, 8.14193, 9.687],
			"to": [9, 10.14193, 11.687],
			"rotation": {"angle": 45, "axis": "x", "origin": [8, 8, 8]},
			"faces": {
				"north": {"uv": [1.14286, 7.42857, 0, 8.57143], "rotation": 180, "texture": "#5"},
				"east": {"uv": [3.42857, 6.28571, 4.57143, 7.42857], "rotation": 270, "texture": "#5"},
				"south": {"uv": [8, 8, 6.85714, 6.85714], "texture": "#5"},
				"west": {"uv": [6.85714, 5.14286, 8, 6.28571], "rotation": 90, "texture": "#5"},
				"up": {"uv": [5.14286, 5.71429, 6.28571, 6.85714], "rotation": 180, "texture": "#5"},
				"down": {"uv": [6.85714, 3.42857, 8, 4.57143], "texture": "#5"}
			}
		},
		{
			"from": [7.985, 9.45182, 1.36585],
			"to": [8.015, 11.70182, 6.11585],
			"rotation": {"angle": -22.5, "axis": "x", "origin": [8, 8, 8]},
			"faces": {
				"east": {"uv": [1.28571, 0, 0, 2.71429], "rotation": 270, "texture": "#5"},
				"west": {"uv": [0, 0, 1.28571, 2.71429], "rotation": 90, "texture": "#5"}
			}
		},
		{
			"from": [6.875, 9.58325, 6.28171],
			"to": [9.125, 10.58325, 8.28171],
			"rotation": {"angle": 22.5, "axis": "x", "origin": [8, 8, 8]},
			"faces": {
				"north": {"uv": [8.57143, 2.28571, 8, 3.57143], "rotation": 90, "texture": "#2"},
				"east": {"uv": [4, 8, 4.57143, 9.14286], "rotation": 270, "texture": "#2"},
				"west": {"uv": [1.71429, 9.14286, 2.28571, 10.28571], "rotation": 90, "texture": "#2"},
				"up": {"uv": [5.71429, 4, 7, 5.14286], "rotation": 180, "texture": "#2"},
				"down": {"uv": [5.14286, 0, 6.42857, 1.14286], "texture": "#2"}
			}
		},
		{
			"from": [7.25, 9.83325, 6.03171],
			"to": [8.75, 10.83325, 7.03171],
			"rotation": {"angle": 22.5, "axis": "x", "origin": [8, 8, 8]},
			"faces": {
				"north": {"uv": [11.42857, 0, 10.85714, 0.85714], "rotation": 90, "texture": "#2"},
				"east": {"uv": [9.14286, 10.85714, 9.71429, 11.42857], "rotation": 270, "texture": "#2"},
				"south": {"uv": [3.42857, 11.14286, 2.85714, 10.28571], "rotation": 90, "texture": "#2"},
				"west": {"uv": [10.85714, 9.14286, 11.42857, 9.71429], "rotation": 90, "texture": "#2"},
				"up": {"uv": [10.28571, 5.71429, 11.14286, 6.28571], "rotation": 180, "texture": "#2"},
				"down": {"uv": [10.28571, 4.57143, 11.14286, 5.14286], "texture": "#2"}
			}
		},
		{
			"from": [6.875, 8.10493, 6.86615],
			"to": [9.125, 9.10493, 9.36615],
			"rotation": {"angle": 0, "axis": "x", "origin": [8, 8, 8]},
			"faces": {
				"north": {"uv": [3.42857, 8, 2.85714, 9.28571], "rotation": 90, "texture": "#2"},
				"east": {"uv": [6.28571, 7.42857, 6.85714, 8.85714], "rotation": 270, "texture": "#2"},
				"west": {"uv": [8, 0, 8.57143, 1.42857], "rotation": 90, "texture": "#2"},
				"up": {"uv": [4.57143, 1.71429, 5.85714, 3.14286], "rotation": 180, "texture": "#2"},
				"down": {"uv": [1.71429, 4.57143, 3, 6], "texture": "#2"}
			}
		},
		{
			"from": [6.375, 8.58325, 9.28171],
			"to": [9.625, 10.58325, 11.28171],
			"rotation": {"angle": 22.5, "axis": "x", "origin": [8, 8, 8]},
			"faces": {
				"north": {"uv": [1.14286, 4, 0, 5.85714], "rotation": 90, "texture": "#2"},
				"east": {"uv": [5.71429, 5.71429, 6.85714, 6.85714], "rotation": 270, "texture": "#2"},
				"south": {"uv": [4, 3.57143, 2.85714, 1.71429], "rotation": 90, "texture": "#2"},
				"west": {"uv": [0, 6.85714, 1.14286, 8], "rotation": 90, "texture": "#2"},
				"up": {"uv": [2.28571, 0, 4.14286, 1.14286], "rotation": 180, "texture": "#2"},
				"down": {"uv": [0, 2.28571, 1.85714, 3.42857], "texture": "#2"}
			}
		},
		{
			"from": [6.625, 8.58325, 8.28171],
			"to": [9.375, 10.58325, 9.28171],
			"rotation": {"angle": 22.5, "axis": "x", "origin": [8, 8, 8]},
			"faces": {
				"north": {"uv": [5.14286, 4.57143, 4, 6.14286], "rotation": 90, "texture": "#2"},
				"east": {"uv": [9.14286, 3.42857, 10.28571, 4], "rotation": 270, "texture": "#2"},
				"west": {"uv": [9.14286, 8, 10.28571, 8.57143], "rotation": 90, "texture": "#2"},
				"down": {"uv": [2.85714, 6.85714, 4.42857, 7.42857], "texture": "#2"}
			}
		},
		{
			"from": [6.625, 10.58325, 8.28171],
			"to": [9.375, 11.58325, 11.28171],
			"rotation": {"angle": 22.5, "axis": "x", "origin": [8, 8, 8]},
			"faces": {
				"north": {"uv": [8, 5.71429, 7.42857, 7.28571], "rotation": 90, "texture": "#2"},
				"east": {"uv": [1.71429, 6.85714, 2.28571, 8.57143], "rotation": 270, "texture": "#2"},
				"south": {"uv": [5.71429, 9, 5.14286, 7.42857], "rotation": 90, "texture": "#2"},
				"west": {"uv": [6.85714, 1.71429, 7.42857, 3.42857], "rotation": 90, "texture": "#2"},
				"up": {"uv": [0, 0, 1.57143, 1.71429], "rotation": 180, "texture": "#2"}
			}
		},
		{
			"from": [8.25, 9.41777, 11.32757],
			"to": [9.75, 10.91777, 12.82757],
			"rotation": {"angle": 0, "axis": "x", "origin": [8, 8, 8]},
			"faces": {
				"north": {"uv": [10, 1.71429, 9.14286, 2.57143], "rotation": 90, "texture": "#2"},
				"east": {"uv": [7.42857, 8, 8.28571, 8.85714], "rotation": 270, "texture": "#2"},
				"south": {"uv": [10, 0.85714, 9.14286, 0], "rotation": 90, "texture": "#2"},
				"west": {"uv": [8.57143, 4.57143, 9.42857, 5.42857], "rotation": 90, "texture": "#2"},
				"up": {"uv": [8.57143, 6.28571, 9.42857, 7.14286], "rotation": 180, "texture": "#2"},
				"down": {"uv": [0, 8.57143, 0.85714, 9.42857], "texture": "#2"}
			}
		},
		{
			"from": [8.375, 7.51243, 13.00264],
			"to": [9.625, 8.76243, 14.25264],
			"rotation": {"angle": -22.5, "axis": "x", "origin": [8, 8, 8]},
			"faces": {
				"east": {"uv": [9.14286, 9.14286, 9.85714, 9.85714], "rotation": 270, "texture": "#2"},
				"south": {"uv": [0.71429, 11, 0, 10.28571], "rotation": 90, "texture": "#2"},
				"west": {"uv": [5.71429, 9.71429, 6.42857, 10.42857], "rotation": 90, "texture": "#2"},
				"up": {"uv": [7.42857, 9.71429, 8.14286, 10.42857], "rotation": 180, "texture": "#2"},
				"down": {"uv": [4, 9.71429, 4.71429, 10.42857], "texture": "#2"}
			}
		},
		{
			"from": [8.5, 5.24934, 13.58767],
			"to": [9.5, 6.24934, 14.58767],
			"rotation": {"angle": -45, "axis": "x", "origin": [8, 8, 8]},
			"faces": {
				"east": {"uv": [10.28571, 10.85714, 10.85714, 11.42857], "rotation": 270, "texture": "#2"},
				"south": {"uv": [8, 12, 7.42857, 11.42857], "rotation": 90, "texture": "#2"},
				"west": {"uv": [5.14286, 11.42857, 5.71429, 12], "rotation": 90, "texture": "#2"},
				"up": {"uv": [6.28571, 11.42857, 6.85714, 12], "rotation": 180, "texture": "#2"},
				"down": {"uv": [4, 11.42857, 4.57143, 12], "texture": "#2"}
			}
		},
		{
			"from": [6.5, 5.24934, 13.58767],
			"to": [7.5, 6.24934, 14.58767],
			"rotation": {"angle": -45, "axis": "x", "origin": [8, 8, 8]},
			"faces": {
				"east": {"uv": [5.71429, 11.42857, 5.14286, 12], "rotation": 270, "texture": "#2"},
				"south": {"uv": [8, 11.42857, 7.42857, 12], "rotation": 90, "texture": "#2"},
				"west": {"uv": [10.85714, 10.85714, 10.28571, 11.42857], "rotation": 90, "texture": "#2"},
				"up": {"uv": [6.85714, 11.42857, 6.28571, 12], "rotation": 180, "texture": "#2"},
				"down": {"uv": [4.57143, 11.42857, 4, 12], "texture": "#2"}
			}
		},
		{
			"from": [6.375, 7.51243, 13.00264],
			"to": [7.625, 8.76243, 14.25264],
			"rotation": {"angle": -22.5, "axis": "x", "origin": [8, 8, 8]},
			"faces": {
				"east": {"uv": [6.42857, 9.71429, 5.71429, 10.42857], "rotation": 270, "texture": "#2"},
				"south": {"uv": [0.71429, 10.28571, 0, 11], "rotation": 90, "texture": "#2"},
				"west": {"uv": [9.85714, 9.14286, 9.14286, 9.85714], "rotation": 90, "texture": "#2"},
				"up": {"uv": [8.14286, 9.71429, 7.42857, 10.42857], "rotation": 180, "texture": "#2"},
				"down": {"uv": [4.71429, 9.71429, 4, 10.42857], "texture": "#2"}
			}
		},
		{
			"from": [6.25, 9.41777, 11.32757],
			"to": [7.75, 10.91777, 12.82757],
			"rotation": {"angle": 0, "axis": "x", "origin": [8, 8, 8]},
			"faces": {
				"north": {"uv": [10, 2.57143, 9.14286, 1.71429], "rotation": 90, "texture": "#2"},
				"east": {"uv": [9.42857, 4.57143, 8.57143, 5.42857], "rotation": 270, "texture": "#2"},
				"south": {"uv": [10, 0, 9.14286, 0.85714], "rotation": 90, "texture": "#2"},
				"west": {"uv": [8.28571, 8, 7.42857, 8.85714], "rotation": 90, "texture": "#2"},
				"up": {"uv": [9.42857, 6.28571, 8.57143, 7.14286], "rotation": 180, "texture": "#2"},
				"down": {"uv": [0.85714, 8.57143, 0, 9.42857], "texture": "#2"}
			}
		},
		{
			"from": [7.5, 7.78085, 6.99261],
			"to": [8.5, 8.53085, 7.99261],
			"rotation": {"angle": -22.5, "axis": "x", "origin": [8, 8, 8]},
			"faces": {
				"north": {"uv": [12.42857, 2.28571, 12, 2.85714], "rotation": 90, "texture": "#2"},
				"east": {"uv": [0, 12, 0.42857, 12.57143], "rotation": 270, "texture": "#2"},
				"south": {"uv": [12.42857, 1.71429, 12, 1.14286], "rotation": 90, "texture": "#2"},
				"west": {"uv": [12, 0, 12.42857, 0.57143], "rotation": 90, "texture": "#2"},
				"down": {"uv": [11.42857, 10.28571, 12, 10.85714], "texture": "#2"}
			}
		},
		{
			"from": [7.625, 7.4295, 7.05597],
			"to": [8.375, 8.1795, 7.80597],
			"rotation": {"angle": -45, "axis": "x", "origin": [8, 8, 8]},
			"faces": {
				"north": {"uv": [12.42857, 6.85714, 12, 7.28571], "rotation": 90, "texture": "#2"},
				"east": {"uv": [2.85714, 12, 3.28571, 12.42857], "rotation": 270, "texture": "#2"},
				"south": {"uv": [12.42857, 6.14286, 12, 5.71429], "rotation": 90, "texture": "#2"},
				"west": {"uv": [12, 4.57143, 12.42857, 5], "rotation": 90, "texture": "#2"},
				"down": {"uv": [12, 3.42857, 12.42857, 3.85714], "texture": "#2"}
			}
		},
		{
			"from": [8.945, 9.10493, 7.01615],
			"to": [8.975, 9.60493, 9.36615],
			"rotation": {"angle": 0, "axis": "x", "origin": [8, 8, 8]},
			"faces": {
				"east": {"uv": [1.71429, 10.85714, 2, 12.14286], "rotation": 270, "texture": "#2"},
				"west": {"uv": [2, 10.85714, 1.71429, 12.14286], "rotation": 90, "texture": "#2"}
			}
		},
		{
			"from": [7.025, 9.10493, 7.01615],
			"to": [7.055, 9.60493, 9.36615],
			"rotation": {"angle": 0, "axis": "x", "origin": [8, 8, 8]},
			"faces": {
				"east": {"uv": [1.71429, 10.85714, 2, 12.14286], "rotation": 270, "texture": "#2"},
				"west": {"uv": [2, 10.85714, 1.71429, 12.14286], "rotation": 90, "texture": "#2"}
			}
		},
		{
			"from": [7.025, 9.10493, 7.01615],
			"to": [8.975, 9.60493, 7.04615],
			"rotation": {"angle": 0, "axis": "x", "origin": [8, 8, 8]},
			"faces": {
				"north": {"uv": [11.71429, 11.42857, 11.42857, 12.57143], "rotation": 90, "texture": "#2"},
				"south": {"uv": [11.71429, 12.57143, 11.42857, 11.42857], "rotation": 90, "texture": "#2"}
			}
		},
		{
			"from": [6.925, 9.08326, 6.4317],
			"to": [9.075, 9.58326, 6.4617],
			"rotation": {"angle": 22.5, "axis": "x", "origin": [8, 8, 8]},
			"faces": {
				"north": {"uv": [11.14286, 1.71429, 10.85714, 3], "rotation": 90, "texture": "#2"},
				"south": {"uv": [11.14286, 1.71429, 10.85714, 3], "rotation": 90, "texture": "#2"}
			}
		},
		{
			"from": [9.045, 9.08326, 6.4317],
			"to": [9.075, 9.58326, 8.7817],
			"rotation": {"angle": 22.5, "axis": "x", "origin": [8, 8, 8]},
			"faces": {
				"east": {"uv": [10.85714, 6.85714, 11.14286, 8.14286], "rotation": 270, "texture": "#2"},
				"west": {"uv": [11.14286, 6.85714, 10.85714, 8.14286], "rotation": 90, "texture": "#2"}
			}
		},
		{
			"from": [6.925, 9.08326, 6.4317],
			"to": [6.955, 9.58326, 8.7817],
			"rotation": {"angle": 22.5, "axis": "x", "origin": [8, 8, 8]},
			"faces": {
				"east": {"uv": [10.85714, 6.85714, 11.14286, 8.14286], "rotation": 270, "texture": "#2"},
				"west": {"uv": [11.14286, 6.85714, 10.85714, 8.14286], "rotation": 90, "texture": "#2"}
			}
		},
		{
			"from": [5.25, 11.08225, 8.03171],
			"to": [10.75, 11.11225, 10.53171],
			"rotation": {"angle": 22.5, "axis": "x", "origin": [8, 8, 8]},
			"faces": {
				"up": {"uv": [5, 11, 0, 0], "rotation": 90, "texture": "#4"},
				"down": {"uv": [5, 0, 0, 11], "rotation": 270, "texture": "#4"}
			}
		},
		{
			"from": [7.775, 4.15747, 2.3397],
			"to": [8.225, 6.40747, 2.8397],
			"rotation": {"angle": 0, "axis": "y", "origin": [8, 8, 8]},
			"faces": {
				"north": {"uv": [12.28571, 0, 12, 1.28571], "rotation": 180, "texture": "#5"},
				"east": {"uv": [10.28571, 10.85714, 11.57143, 11.14286], "rotation": 270, "texture": "#5"},
				"south": {"uv": [5.42857, 12.71429, 5.14286, 11.42857], "texture": "#5"},
				"west": {"uv": [11.42857, 6.85714, 12.71429, 7.14286], "rotation": 90, "texture": "#5"},
				"up": {"uv": [5.71429, 13.71429, 6, 14], "rotation": 180, "texture": "#5"},
				"down": {"uv": [6.85714, 13.71429, 7.14286, 14], "texture": "#5"}
			}
		},
		{
			"from": [7.775, 4.15747, 3.3397],
			"to": [8.225, 6.40747, 3.8397],
			"rotation": {"angle": 0, "axis": "y", "origin": [8, 8, 8]},
			"faces": {
				"north": {"uv": [12.28571, 3.42857, 12, 4.71429], "rotation": 180, "texture": "#5"},
				"east": {"uv": [11.42857, 8, 12.71429, 8.28571], "rotation": 270, "texture": "#5"},
				"south": {"uv": [3.14286, 13.28571, 2.85714, 12], "texture": "#5"},
				"west": {"uv": [12, 2.28571, 13.28571, 2.57143], "rotation": 90, "texture": "#5"},
				"up": {"uv": [13.71429, 8, 14, 8.28571], "rotation": 180, "texture": "#5"},
				"down": {"uv": [9.14286, 13.71429, 9.42857, 14], "texture": "#5"}
			}
		},
		{
			"from": [7.775, 4.90747, 2.8397],
			"to": [8.225, 6.40747, 3.3397],
			"rotation": {"angle": 0, "axis": "y", "origin": [8, 8, 8]},
			"faces": {
				"north": {"uv": [11.71429, 13.14286, 11.42857, 14], "rotation": 180, "texture": "#5"},
				"east": {"uv": [13.14286, 5.71429, 14, 6], "rotation": 270, "texture": "#5"},
				"south": {"uv": [2, 13.42857, 1.71429, 12.57143], "texture": "#5"},
				"west": {"uv": [13.14286, 9.14286, 14, 9.42857], "rotation": 90, "texture": "#5"},
				"up": {"uv": [13.71429, 6.85714, 14, 7.14286], "rotation": 180, "texture": "#5"},
				"down": {"uv": [8, 13.71429, 8.28571, 14], "texture": "#5"}
			}
		}
	],
	"gui_light": "front",
	"display": {
		"thirdperson_righthand": {
			"rotation": [90, 0, 0],
			"translation": [-0.5, 3.75, 2]
		},
		"thirdperson_lefthand": {
			"rotation": [90, 0, 0],
			"translation": [-0.5, 3.75, 2]
		},
		"firstperson_righthand": {
			"rotation": [30, 0, -15],
			"translation": [0.5, 4.5, 1.25],
			"scale": [0.9, 0.9, 0.9]
		},
		"firstperson_lefthand": {
			"rotation": [30, 0, -15],
			"translation": [0.5, 4.5, 1.25],
			"scale": [0.9, 0.9, 0.9]
		},
		"ground": {
			"rotation": [45, 0, 0],
			"translation": [0, 3, 0],
			"scale": [0.7, 0.7, 0.7]
		},
		"gui": {
			"rotation": [-90, 135, 90],
			"translation": [0, -0.5, 0],
			"scale": [1.1, 1.1, 1.1]
		},
		"head": {
			"rotation": [0, -90, 0]
		},
		"fixed": {
			"rotation": [0, -90, 0],
			"translation": [0, 0, -1.5],
			"scale": [2, 2, 2]
		}
	}
}