{
    "credit": "Pologony Creation Co.,Ltd.",
    "texture_size": [
        20,
        20
    ],
    "textures": {
        "0": "item/keys/heaven_key",
        "1": "item/multiple/heaven/animation_1",
        "particle": "item/keys/heaven_key"
    },
    "elements": [
        {
            "from": [
                7.25,
                7.25,
                1.82447
            ],
            "to": [
                8.75,
                8.75,
                3.32447
            ],
            "rotation": {
                "angle": 45,
                "axis": "x",
                "origin": [
                    8,
                    8,
                    2.57447
                ]
            },
            "faces": {
                "north": {
                    "uv": [
                        6,
                        9.6,
                        4.8,
                        10.8
                    ],
                    "rotation": 180,
                    "texture": "#0"
                },
                "east": {
                    "uv": [
                        0,
                        9.6,
                        1.2,
                        10.8
                    ],
                    "rotation": 270,
                    "texture": "#0"
                },
                "south": {
                    "uv": [
                        4.4,
                        10.8,
                        3.2,
                        9.6
                    ],
                    "texture": "#0"
                },
                "west": {
                    "uv": [
                        1.6,
                        9.6,
                        2.8,
                        10.8
                    ],
                    "rotation": 90,
                    "texture": "#0"
                },
                "up": {
                    "uv": [
                        8.8,
                        4.8,
                        10,
                        6
                    ],
                    "rotation": 180,
                    "texture": "#0"
                },
                "down": {
                    "uv": [
                        9.6,
                        0,
                        10.8,
                        1.2
                    ],
                    "texture": "#0"
                }
            }
        },
        {
            "from": [
                7,
                7,
                3.13513
            ],
            "to": [
                9,
                9,
                3.63513
            ],
            "rotation": {
                "angle": -45,
                "axis": "z",
                "origin": [
                    8,
                    8,
                    8
                ]
            },
            "faces": {
                "north": {
                    "uv": [
                        8,
                        6.4,
                        6.4,
                        8
                    ],
                    "rotation": 180,
                    "texture": "#0"
                },
                "east": {
                    "uv": [
                        11.2,
                        3.2,
                        12.8,
                        3.6
                    ],
                    "rotation": 270,
                    "texture": "#0"
                },
                "south": {
                    "uv": [
                        6.4,
                        8,
                        4.8,
                        6.4
                    ],
                    "texture": "#0"
                },
                "west": {
                    "uv": [
                        4.8,
                        11.2,
                        6.4,
                        11.6
                    ],
                    "rotation": 90,
                    "texture": "#0"
                },
                "up": {
                    "uv": [
                        3.2,
                        11.2,
                        4.8,
                        11.6
                    ],
                    "rotation": 180,
                    "texture": "#0"
                },
                "down": {
                    "uv": [
                        11.2,
                        4,
                        12.8,
                        4.4
                    ],
                    "texture": "#0"
                }
            }
        },
        {
            "from": [
                7.25,
                7.25,
                3.63513
            ],
            "to": [
                8.75,
                8.75,
                4.38513
            ],
            "rotation": {
                "angle": -45,
                "axis": "z",
                "origin": [
                    8,
                    8,
                    8
                ]
            },
            "faces": {
                "east": {
                    "uv": [
                        10.4,
                        5.6,
                        11.6,
                        6.2
                    ],
                    "rotation": 270,
                    "texture": "#0"
                },
                "west": {
                    "uv": [
                        10.4,
                        7.2,
                        11.6,
                        7.8
                    ],
                    "rotation": 90,
                    "texture": "#0"
                },
                "up": {
                    "uv": [
                        10.4,
                        4.8,
                        11.6,
                        5.4
                    ],
                    "rotation": 180,
                    "texture": "#0"
                },
                "down": {
                    "uv": [
                        7.2,
                        10.4,
                        8.4,
                        11
                    ],
                    "texture": "#0"
                }
            }
        },
        {
            "from": [
                7,
                7,
                5.63513
            ],
            "to": [
                9,
                9,
                6.13513
            ],
            "rotation": {
                "angle": -45,
                "axis": "z",
                "origin": [
                    8,
                    8,
                    8
                ]
            },
            "faces": {
                "north": {
                    "uv": [
                        8.8,
                        3.2,
                        7.2,
                        4.8
                    ],
                    "rotation": 180,
                    "texture": "#0"
                },
                "east": {
                    "uv": [
                        9.6,
                        11.2,
                        11.2,
                        11.6
                    ],
                    "rotation": 270,
                    "texture": "#0"
                },
                "south": {
                    "uv": [
                        8.8,
                        3.2,
                        7.2,
                        1.6
                    ],
                    "texture": "#0"
                },
                "west": {
                    "uv": [
                        11.2,
                        11.2,
                        12.8,
                        11.6
                    ],
                    "rotation": 90,
                    "texture": "#0"
                },
                "up": {
                    "uv": [
                        7.2,
                        11.2,
                        8.8,
                        11.6
                    ],
                    "rotation": 180,
                    "texture": "#0"
                },
                "down": {
                    "uv": [
                        11.2,
                        10.4,
                        12.8,
                        10.8
                    ],
                    "texture": "#0"
                }
            }
        },
        {
            "from": [
                7.25,
                7.25,
                4.88513
            ],
            "to": [
                8.75,
                8.75,
                5.63513
            ],
            "rotation": {
                "angle": -45,
                "axis": "z",
                "origin": [
                    8,
                    8,
                    8
                ]
            },
            "faces": {
                "east": {
                    "uv": [
                        10.4,
                        8.8,
                        11.6,
                        9.4
                    ],
                    "rotation": 270,
                    "texture": "#0"
                },
                "west": {
                    "uv": [
                        0,
                        11.2,
                        1.2,
                        11.8
                    ],
                    "rotation": 90,
                    "texture": "#0"
                },
                "up": {
                    "uv": [
                        10.4,
                        8,
                        11.6,
                        8.6
                    ],
                    "rotation": 180,
                    "texture": "#0"
                },
                "down": {
                    "uv": [
                        9.6,
                        10.4,
                        10.8,
                        11
                    ],
                    "texture": "#0"
                }
            }
        },
        {
            "from": [
                7,
                7,
                4.38513
            ],
            "to": [
                9,
                9,
                4.88513
            ],
            "rotation": {
                "angle": -45,
                "axis": "z",
                "origin": [
                    8,
                    8,
                    8
                ]
            },
            "faces": {
                "north": {
                    "uv": [
                        9.6,
                        0,
                        8,
                        1.6
                    ],
                    "rotation": 180,
                    "texture": "#0"
                },
                "east": {
                    "uv": [
                        1.6,
                        12,
                        3.2,
                        12.4
                    ],
                    "rotation": 270,
                    "texture": "#0"
                },
                "south": {
                    "uv": [
                        8.8,
                        6.4,
                        7.2,
                        4.8
                    ],
                    "texture": "#0"
                },
                "west": {
                    "uv": [
                        4.8,
                        12,
                        6.4,
                        12.4
                    ],
                    "rotation": 90,
                    "texture": "#0"
                },
                "up": {
                    "uv": [
                        0,
                        12,
                        1.6,
                        12.4
                    ],
                    "rotation": 180,
                    "texture": "#0"
                },
                "down": {
                    "uv": [
                        3.2,
                        12,
                        4.8,
                        12.4
                    ],
                    "texture": "#0"
                }
            }
        },
        {
            "from": [
                7,
                7,
                10.63513
            ],
            "to": [
                9,
                9,
                11.13513
            ],
            "rotation": {
                "angle": -45,
                "axis": "z",
                "origin": [
                    8,
                    8,
                    8
                ]
            },
            "faces": {
                "north": {
                    "uv": [
                        8,
                        8,
                        6.4,
                        9.6
                    ],
                    "rotation": 180,
                    "texture": "#0"
                },
                "east": {
                    "uv": [
                        12,
                        5.6,
                        13.6,
                        6
                    ],
                    "rotation": 270,
                    "texture": "#0"
                },
                "south": {
                    "uv": [
                        6.4,
                        9.6,
                        4.8,
                        8
                    ],
                    "texture": "#0"
                },
                "west": {
                    "uv": [
                        7.2,
                        12,
                        8.8,
                        12.4
                    ],
                    "rotation": 90,
                    "texture": "#0"
                },
                "up": {
                    "uv": [
                        12,
                        4.8,
                        13.6,
                        5.2
                    ],
                    "rotation": 180,
                    "texture": "#0"
                },
                "down": {
                    "uv": [
                        12,
                        6.4,
                        13.6,
                        6.8
                    ],
                    "texture": "#0"
                }
            }
        },
        {
            "from": [
                7.25,
                7.25,
                9.88513
            ],
            "to": [
                8.75,
                8.75,
                10.63513
            ],
            "rotation": {
                "angle": -45,
                "axis": "z",
                "origin": [
                    8,
                    8,
                    8
                ]
            },
            "faces": {
                "east": {
                    "uv": [
                        11.2,
                        0.8,
                        12.4,
                        1.4
                    ],
                    "rotation": 270,
                    "texture": "#0"
                },
                "west": {
                    "uv": [
                        11.2,
                        2.4,
                        12.4,
                        3
                    ],
                    "rotation": 90,
                    "texture": "#0"
                },
                "up": {
                    "uv": [
                        11.2,
                        0,
                        12.4,
                        0.6
                    ],
                    "rotation": 180,
                    "texture": "#0"
                },
                "down": {
                    "uv": [
                        1.6,
                        11.2,
                        2.8,
                        11.8
                    ],
                    "texture": "#0"
                }
            }
        },
        {
            "from": [
                7,
                7,
                9.38513
            ],
            "to": [
                9,
                9,
                9.88513
            ],
            "rotation": {
                "angle": -45,
                "axis": "z",
                "origin": [
                    8,
                    8,
                    8
                ]
            },
            "faces": {
                "north": {
                    "uv": [
                        9.6,
                        8,
                        8,
                        9.6
                    ],
                    "rotation": 180,
                    "texture": "#0"
                },
                "east": {
                    "uv": [
                        12,
                        8,
                        13.6,
                        8.4
                    ],
                    "rotation": 270,
                    "texture": "#0"
                },
                "south": {
                    "uv": [
                        9.6,
                        8,
                        8,
                        6.4
                    ],
                    "texture": "#0"
                },
                "west": {
                    "uv": [
                        12,
                        8.8,
                        13.6,
                        9.2
                    ],
                    "rotation": 90,
                    "texture": "#0"
                },
                "up": {
                    "uv": [
                        12,
                        7.2,
                        13.6,
                        7.6
                    ],
                    "rotation": 180,
                    "texture": "#0"
                },
                "down": {
                    "uv": [
                        8.8,
                        12,
                        10.4,
                        12.4
                    ],
                    "texture": "#0"
                }
            }
        },
        {
            "from": [
                7,
                3.82082,
                9.92918
            ],
            "to": [
                9,
                6.07082,
                12.17918
            ],
            "rotation": {
                "angle": -45,
                "axis": "x",
                "origin": [
                    8,
                    8,
                    8
                ]
            },
            "faces": {
                "north": {
                    "uv": [
                        5.6,
                        2.4,
                        4,
                        4.2
                    ],
                    "rotation": 180,
                    "texture": "#0"
                },
                "east": {
                    "uv": [
                        0,
                        0,
                        1.8,
                        1.8
                    ],
                    "rotation": 270,
                    "texture": "#0"
                },
                "south": {
                    "uv": [
                        5.6,
                        1.8,
                        4,
                        0
                    ],
                    "texture": "#0"
                },
                "west": {
                    "uv": [
                        0,
                        2.4,
                        1.8,
                        4.2
                    ],
                    "rotation": 90,
                    "texture": "#0"
                },
                "up": {
                    "uv": [
                        2.4,
                        0,
                        4,
                        1.8
                    ],
                    "rotation": 180,
                    "texture": "#0"
                },
                "down": {
                    "uv": [
                        2.4,
                        2.4,
                        4,
                        4.2
                    ],
                    "texture": "#0"
                }
            }
        },
        {
            "from": [
                6.75,
                4.07082,
                10.17918
            ],
            "to": [
                9.25,
                5.82082,
                11.92918
            ],
            "rotation": {
                "angle": -45,
                "axis": "x",
                "origin": [
                    8,
                    8,
                    8
                ]
            },
            "faces": {
                "north": {
                    "uv": [
                        0,
                        4.8,
                        2,
                        6.2
                    ],
                    "texture": "#0"
                },
                "east": {
                    "uv": [
                        8.8,
                        1.6,
                        10.2,
                        3
                    ],
                    "texture": "#0"
                },
                "south": {
                    "uv": [
                        2.4,
                        4.8,
                        4.4,
                        6.2
                    ],
                    "texture": "#0"
                },
                "west": {
                    "uv": [
                        8.8,
                        3.2,
                        10.2,
                        4.6
                    ],
                    "texture": "#0"
                },
                "up": {
                    "uv": [
                        6.8,
                        6.2,
                        4.8,
                        4.8
                    ],
                    "texture": "#0"
                },
                "down": {
                    "uv": [
                        7.6,
                        0,
                        5.6,
                        1.4
                    ],
                    "texture": "#0"
                }
            }
        },
        {
            "from": [
                7.375,
                7.375,
                6.13513
            ],
            "to": [
                8.625,
                8.625,
                9.38513
            ],
            "rotation": {
                "angle": -45,
                "axis": "z",
                "origin": [
                    8,
                    8,
                    8
                ]
            },
            "faces": {
                "east": {
                    "uv": [
                        0,
                        6.4,
                        1,
                        9
                    ],
                    "rotation": 270,
                    "texture": "#0"
                },
                "west": {
                    "uv": [
                        3.2,
                        6.4,
                        4.2,
                        9
                    ],
                    "rotation": 90,
                    "texture": "#0"
                },
                "up": {
                    "uv": [
                        5.6,
                        1.6,
                        6.6,
                        4.2
                    ],
                    "rotation": 180,
                    "texture": "#0"
                },
                "down": {
                    "uv": [
                        1.6,
                        6.4,
                        2.6,
                        9
                    ],
                    "texture": "#0"
                }
            }
        },
        {
            "from": [
                7.7585,
                10.87103,
                7.91392
            ],
            "to": [
                8.2415,
                11.97103,
                8.86392
            ],
            "rotation": {
                "angle": 45,
                "axis": "x",
                "origin": [
                    8,
                    8,
                    8
                ]
            },
            "faces": {
                "north": {
                    "uv": [
                        11.6,
                        12.8,
                        11.2,
                        13.6
                    ],
                    "rotation": 180,
                    "texture": "#0"
                },
                "east": {
                    "uv": [
                        12,
                        9.6,
                        12.8,
                        10.4
                    ],
                    "rotation": 270,
                    "texture": "#0"
                },
                "south": {
                    "uv": [
                        13.2,
                        11.2,
                        12.8,
                        10.4
                    ],
                    "texture": "#0"
                },
                "west": {
                    "uv": [
                        10.4,
                        12,
                        11.2,
                        12.8
                    ],
                    "rotation": 90,
                    "texture": "#0"
                },
                "down": {
                    "uv": [
                        12.8,
                        9.6,
                        13.2,
                        10.4
                    ],
                    "texture": "#0"
                }
            }
        },
        {
            "from": [
                7.7535,
                8.57417,
                11.63582
            ],
            "to": [
                8.2465,
                9.59917,
                12.73582
            ],
            "rotation": {
                "angle": -22.5,
                "axis": "x",
                "origin": [
                    8,
                    8,
                    8
                ]
            },
            "faces": {
                "north": {
                    "uv": [
                        13.2,
                        12,
                        12.8,
                        12.8
                    ],
                    "rotation": 180,
                    "texture": "#0"
                },
                "east": {
                    "uv": [
                        11.2,
                        12,
                        12,
                        12.8
                    ],
                    "rotation": 270,
                    "texture": "#0"
                },
                "west": {
                    "uv": [
                        12,
                        12,
                        12.8,
                        12.8
                    ],
                    "rotation": 90,
                    "texture": "#0"
                },
                "up": {
                    "uv": [
                        12.8,
                        11.2,
                        13.2,
                        12
                    ],
                    "rotation": 180,
                    "texture": "#0"
                },
                "down": {
                    "uv": [
                        12,
                        12.8,
                        12.4,
                        13.6
                    ],
                    "texture": "#0"
                }
            }
        },
        {
            "from": [
                7.75,
                10.18976,
                11.76335
            ],
            "to": [
                8.25,
                11.28976,
                12.86335
            ],
            "rotation": {
                "angle": 0,
                "axis": "y",
                "origin": [
                    8,
                    8,
                    8
                ]
            },
            "faces": {
                "north": {
                    "uv": [
                        1.2,
                        13.6,
                        0.8,
                        14.4
                    ],
                    "rotation": 180,
                    "texture": "#0"
                },
                "east": {
                    "uv": [
                        0,
                        12.8,
                        0.8,
                        13.6
                    ],
                    "rotation": 270,
                    "texture": "#0"
                },
                "south": {
                    "uv": [
                        14,
                        0.8,
                        13.6,
                        0
                    ],
                    "texture": "#0"
                },
                "west": {
                    "uv": [
                        12.8,
                        0,
                        13.6,
                        0.8
                    ],
                    "rotation": 90,
                    "texture": "#0"
                },
                "up": {
                    "uv": [
                        12.8,
                        12.8,
                        13.2,
                        13.6
                    ],
                    "rotation": 180,
                    "texture": "#0"
                },
                "down": {
                    "uv": [
                        0,
                        13.6,
                        0.4,
                        14.4
                    ],
                    "texture": "#0"
                }
            }
        },
        {
            "from": [
                7.7585,
                4.77104,
                13.23607
            ],
            "to": [
                8.2415,
                5.87104,
                14.18607
            ],
            "rotation": {
                "angle": -45,
                "axis": "x",
                "origin": [
                    8,
                    8,
                    8
                ]
            },
            "faces": {
                "north": {
                    "uv": [
                        14,
                        1.6,
                        13.6,
                        2.4
                    ],
                    "rotation": 180,
                    "texture": "#0"
                },
                "east": {
                    "uv": [
                        0.8,
                        12.8,
                        1.6,
                        13.6
                    ],
                    "rotation": 270,
                    "texture": "#0"
                },
                "south": {
                    "uv": [
                        2,
                        14.4,
                        1.6,
                        13.6
                    ],
                    "texture": "#0"
                },
                "west": {
                    "uv": [
                        12.8,
                        0.8,
                        13.6,
                        1.6
                    ],
                    "rotation": 90,
                    "texture": "#0"
                },
                "down": {
                    "uv": [
                        13.6,
                        0.8,
                        14,
                        1.6
                    ],
                    "texture": "#0"
                }
            }
        },
        {
            "from": [
                7.7535,
                11.87547,
                11.23421
            ],
            "to": [
                8.2465,
                12.90047,
                12.33421
            ],
            "rotation": {
                "angle": 22.5,
                "axis": "x",
                "origin": [
                    8,
                    8,
                    8
                ]
            },
            "faces": {
                "east": {
                    "uv": [
                        1.6,
                        12.8,
                        2.4,
                        13.6
                    ],
                    "rotation": 270,
                    "texture": "#0"
                },
                "south": {
                    "uv": [
                        3.6,
                        14.4,
                        3.2,
                        13.6
                    ],
                    "texture": "#0"
                },
                "west": {
                    "uv": [
                        12.8,
                        1.6,
                        13.6,
                        2.4
                    ],
                    "rotation": 90,
                    "texture": "#0"
                },
                "up": {
                    "uv": [
                        2.4,
                        13.6,
                        2.8,
                        14.4
                    ],
                    "rotation": 180,
                    "texture": "#0"
                },
                "down": {
                    "uv": [
                        13.6,
                        2.4,
                        14,
                        3.2
                    ],
                    "texture": "#0"
                }
            }
        },
        {
            "from": [
                7.7585,
                4.02897,
                7.91392
            ],
            "to": [
                8.2415,
                5.12897,
                8.86392
            ],
            "rotation": {
                "angle": -45,
                "axis": "x",
                "origin": [
                    8,
                    8,
                    8
                ]
            },
            "faces": {
                "north": {
                    "uv": [
                        14,
                        4,
                        13.6,
                        4.8
                    ],
                    "rotation": 180,
                    "texture": "#0"
                },
                "east": {
                    "uv": [
                        2.4,
                        12.8,
                        3.2,
                        13.6
                    ],
                    "rotation": 270,
                    "texture": "#0"
                },
                "south": {
                    "uv": [
                        4.4,
                        14.4,
                        4,
                        13.6
                    ],
                    "texture": "#0"
                },
                "west": {
                    "uv": [
                        12.8,
                        2.4,
                        13.6,
                        3.2
                    ],
                    "rotation": 90,
                    "texture": "#0"
                },
                "up": {
                    "uv": [
                        13.6,
                        3.2,
                        14,
                        4
                    ],
                    "rotation": 180,
                    "texture": "#0"
                }
            }
        },
        {
            "from": [
                7.7535,
                6.40083,
                11.63582
            ],
            "to": [
                8.2465,
                7.42583,
                12.73582
            ],
            "rotation": {
                "angle": 22.5,
                "axis": "x",
                "origin": [
                    8,
                    8,
                    8
                ]
            },
            "faces": {
                "north": {
                    "uv": [
                        6,
                        13.6,
                        5.6,
                        14.4
                    ],
                    "rotation": 180,
                    "texture": "#0"
                },
                "east": {
                    "uv": [
                        3.2,
                        12.8,
                        4,
                        13.6
                    ],
                    "rotation": 270,
                    "texture": "#0"
                },
                "west": {
                    "uv": [
                        12.8,
                        3.2,
                        13.6,
                        4
                    ],
                    "rotation": 90,
                    "texture": "#0"
                },
                "up": {
                    "uv": [
                        4.8,
                        13.6,
                        5.2,
                        14.4
                    ],
                    "rotation": 180,
                    "texture": "#0"
                },
                "down": {
                    "uv": [
                        13.6,
                        4.8,
                        14,
                        5.6
                    ],
                    "texture": "#0"
                }
            }
        },
        {
            "from": [
                7.75,
                4.71024,
                11.76335
            ],
            "to": [
                8.25,
                5.81024,
                12.86335
            ],
            "rotation": {
                "angle": 0,
                "axis": "y",
                "origin": [
                    8,
                    8,
                    8
                ]
            },
            "faces": {
                "north": {
                    "uv": [
                        7.6,
                        13.6,
                        7.2,
                        14.4
                    ],
                    "rotation": 180,
                    "texture": "#0"
                },
                "east": {
                    "uv": [
                        4,
                        12.8,
                        4.8,
                        13.6
                    ],
                    "rotation": 270,
                    "texture": "#0"
                },
                "south": {
                    "uv": [
                        14,
                        7.2,
                        13.6,
                        6.4
                    ],
                    "texture": "#0"
                },
                "west": {
                    "uv": [
                        12.8,
                        4,
                        13.6,
                        4.8
                    ],
                    "rotation": 90,
                    "texture": "#0"
                },
                "up": {
                    "uv": [
                        13.6,
                        5.6,
                        14,
                        6.4
                    ],
                    "rotation": 180,
                    "texture": "#0"
                },
                "down": {
                    "uv": [
                        6.4,
                        13.6,
                        6.8,
                        14.4
                    ],
                    "texture": "#0"
                }
            }
        },
        {
            "from": [
                7.7535,
                3.09953,
                11.23421
            ],
            "to": [
                8.2465,
                4.12453,
                12.33421
            ],
            "rotation": {
                "angle": -22.5,
                "axis": "x",
                "origin": [
                    8,
                    8,
                    8
                ]
            },
            "faces": {
                "east": {
                    "uv": [
                        4.8,
                        12.8,
                        5.6,
                        13.6
                    ],
                    "rotation": 270,
                    "texture": "#0"
                },
                "south": {
                    "uv": [
                        14,
                        8.8,
                        13.6,
                        8
                    ],
                    "texture": "#0"
                },
                "west": {
                    "uv": [
                        5.6,
                        12.8,
                        6.4,
                        13.6
                    ],
                    "rotation": 90,
                    "texture": "#0"
                },
                "up": {
                    "uv": [
                        13.6,
                        7.2,
                        14,
                        8
                    ],
                    "rotation": 180,
                    "texture": "#0"
                },
                "down": {
                    "uv": [
                        8,
                        13.6,
                        8.4,
                        14.4
                    ],
                    "texture": "#0"
                }
            }
        },
        {
            "from": [
                7.7585,
                10.12896,
                13.23607
            ],
            "to": [
                8.2415,
                11.22896,
                14.18607
            ],
            "rotation": {
                "angle": 45,
                "axis": "x",
                "origin": [
                    8,
                    8,
                    8
                ]
            },
            "faces": {
                "north": {
                    "uv": [
                        10,
                        13.6,
                        9.6,
                        14.4
                    ],
                    "rotation": 180,
                    "texture": "#0"
                },
                "east": {
                    "uv": [
                        6.4,
                        12.8,
                        7.2,
                        13.6
                    ],
                    "rotation": 270,
                    "texture": "#0"
                },
                "south": {
                    "uv": [
                        14,
                        9.6,
                        13.6,
                        8.8
                    ],
                    "texture": "#0"
                },
                "west": {
                    "uv": [
                        7.2,
                        12.8,
                        8,
                        13.6
                    ],
                    "rotation": 90,
                    "texture": "#0"
                },
                "up": {
                    "uv": [
                        8.8,
                        13.6,
                        9.2,
                        14.4
                    ],
                    "rotation": 180,
                    "texture": "#0"
                }
            }
        },
        {
            "from": [
                6.9,
                4.875,
                9.19236
            ],
            "to": [
                6.9,
                11.125,
                15.44236
            ],
            "rotation": {
                "angle": 0,
                "axis": "y",
                "origin": [
                    8,
                    8,
                    8
                ]
            },
            "faces": {
                "west": {
                    "uv": [
                        0,
                        0,
                        12.5,
                        12.5
                    ],
                    "rotation": 90,
                    "texture": "#1"
                }
            }
        },
        {
            "from": [
                9.1,
                4.875,
                9.19236
            ],
            "to": [
                9.1,
                11.125,
                15.44236
            ],
            "rotation": {
                "angle": 0,
                "axis": "y",
                "origin": [
                    8,
                    8,
                    8
                ]
            },
            "faces": {
                "east": {
                    "uv": [
                        12.5,
                        0,
                        0,
                        12.5
                    ],
                    "rotation": 270,
                    "texture": "#1"
                }
            }
        },
        {
            "from": [
                7.75,
                5.375,
                1.81736
            ],
            "to": [
                8.25,
                7.875,
                2.31736
            ],
            "rotation": {
                "angle": 0,
                "axis": "y",
                "origin": [
                    8,
                    8,
                    8
                ]
            },
            "faces": {
                "north": {
                    "uv": [
                        9.2,
                        9.6,
                        8.8,
                        11.6
                    ],
                    "rotation": 180,
                    "texture": "#0"
                },
                "east": {
                    "uv": [
                        6.4,
                        9.6,
                        8.4,
                        10
                    ],
                    "rotation": 270,
                    "texture": "#0"
                },
                "south": {
                    "uv": [
                        10,
                        9.2,
                        9.6,
                        7.2
                    ],
                    "texture": "#0"
                },
                "west": {
                    "uv": [
                        9.6,
                        6.4,
                        11.6,
                        6.8
                    ],
                    "rotation": 90,
                    "texture": "#0"
                },
                "down": {
                    "uv": [
                        13.6,
                        9.6,
                        14,
                        10
                    ],
                    "texture": "#0"
                }
            }
        },
        {
            "from": [
                7.75,
                5.375,
                2.81736
            ],
            "to": [
                8.25,
                7.875,
                3.31736
            ],
            "rotation": {
                "angle": 0,
                "axis": "y",
                "origin": [
                    8,
                    8,
                    8
                ]
            },
            "faces": {
                "north": {
                    "uv": [
                        6.8,
                        10.4,
                        6.4,
                        12.4
                    ],
                    "rotation": 180,
                    "texture": "#0"
                },
                "east": {
                    "uv": [
                        9.6,
                        9.6,
                        11.6,
                        10
                    ],
                    "rotation": 270,
                    "texture": "#0"
                },
                "south": {
                    "uv": [
                        10.8,
                        4.4,
                        10.4,
                        2.4
                    ],
                    "texture": "#0"
                },
                "west": {
                    "uv": [
                        10.4,
                        1.6,
                        12.4,
                        2
                    ],
                    "rotation": 90,
                    "texture": "#0"
                },
                "down": {
                    "uv": [
                        13.6,
                        10.4,
                        14,
                        10.8
                    ],
                    "texture": "#0"
                }
            }
        },
        {
            "from": [
                7.75,
                5.875,
                2.31736
            ],
            "to": [
                8.25,
                7.875,
                2.81736
            ],
            "rotation": {
                "angle": 0,
                "axis": "y",
                "origin": [
                    8,
                    8,
                    8
                ]
            },
            "faces": {
                "east": {
                    "uv": [
                        8,
                        12.8,
                        9.6,
                        13.2
                    ],
                    "rotation": 270,
                    "texture": "#0"
                },
                "west": {
                    "uv": [
                        9.6,
                        12.8,
                        11.2,
                        13.2
                    ],
                    "rotation": 90,
                    "texture": "#0"
                },
                "down": {
                    "uv": [
                        10.4,
                        13.6,
                        10.8,
                        14
                    ],
                    "texture": "#0"
                }
            }
        }
    ],
    "gui_light": "front",
    "display": {
        "thirdperson_righthand": {
            "translation": [
                0,
                0.75,
                1
            ]
        },
        "thirdperson_lefthand": {
            "translation": [
                0,
                0.75,
                1
            ]
        },
        "firstperson_righthand": {
            "rotation": [
                5,
                0,
                0
            ],
            "translation": [
                2.75,
                0.25,
                0
            ],
            "scale": [
                0.7,
                0.7,
                0.7
            ]
        },
        "firstperson_lefthand": {
            "rotation": [
                5,
                0,
                0
            ],
            "translation": [
                2.75,
                0.25,
                0
            ],
            "scale": [
                0.7,
                0.7,
                0.7
            ]
        },
        "ground": {
            "rotation": [
                45,
                0,
                0
            ],
            "translation": [
                0,
                3,
                0
            ],
            "scale": [
                0.7,
                0.7,
                0.7
            ]
        },
        "gui": {
            "rotation": [
                -90,
                135,
                90
            ],
            "translation": [
                -0.5,
                0.5,
                0
            ],
            "scale": [
                1.2,
                1.2,
                1.2
            ]
        },
        "head": {
            "rotation": [
                0,
                90,
                0
            ]
        },
        "fixed": {
            "rotation": [
                0,
                90,
                0
            ],
            "translation": [
                0,
                0,
                -1.75
            ],
            "scale": [
                2,
                2,
                2
            ]
        }
    }
}