{
	"credit": "Made with Blockbench",
	"texture_size": [128, 128],
	"textures": {
		"0": "item/multiple/hw_phantom_2024/ghost_texture",
		"1": "item/multiple/hw_phantom_2024/ghost_animation",
		"particle": "item/multiple/hw_phantom_2024/ghost_texture"
	},
	"elements": [
		{
			"from": [5.5, -1.5, 6.75],
			"to": [6.5, 3, 9.25],
			"rotation": {"angle": 0, "axis": "y", "origin": [6.5, -0.25, 8]},
			"faces": {
				"north": {"uv": [1.0625, 4.5625, 1.1875, 5.125], "texture": "#0"},
				"east": {"uv": [0.75, 5.125, 1.0625, 4.5625], "texture": "#0"},
				"south": {"uv": [1.0625, 4.5625, 1.1875, 5.125], "texture": "#0"},
				"west": {"uv": [0.75, 5.125, 1.0625, 4.5625], "texture": "#0"},
				"up": {"uv": [1.375, 2.3125, 1.5, 2], "texture": "#0"},
				"down": {"uv": [1.375, 2.3125, 1.5, 2], "texture": "#0"}
			}
		},
		{
			"from": [6, -2.5, 6.25],
			"to": [8, 4, 9.75],
			"rotation": {"angle": 0, "axis": "y", "origin": [6.5, -0.75, 8]},
			"faces": {
				"north": {"uv": [0.75, 4.5625, 0.5, 5.375], "texture": "#0"},
				"east": {"uv": [0.0625, 5.375, 0.5, 4.5625], "texture": "#0"},
				"south": {"uv": [0.5, 4.5625, 0.75, 5.375], "texture": "#0"},
				"west": {"uv": [0.0625, 5.375, 0.5, 4.5625], "texture": "#0"},
				"up": {"uv": [1.375, 2, 1.625, 1.5625], "texture": "#0"},
				"down": {"uv": [1.375, 2.75, 1.625, 2.3125], "texture": "#0"}
			}
		},
		{
			"from": [8, -2.5, 6.25],
			"to": [10, 4, 9.75],
			"rotation": {"angle": 0, "axis": "y", "origin": [9.5, -0.75, 8]},
			"faces": {
				"north": {"uv": [0.5, 4.5625, 0.75, 5.375], "texture": "#0"},
				"east": {"uv": [0.5, 5.375, 0.0625, 4.5625], "texture": "#0"},
				"south": {"uv": [0.75, 4.5625, 0.5, 5.375], "texture": "#0"},
				"west": {"uv": [0.5, 5.375, 0.0625, 4.5625], "texture": "#0"},
				"up": {"uv": [1.625, 2, 1.375, 1.5625], "texture": "#0"},
				"down": {"uv": [1.625, 2.75, 1.375, 2.3125], "texture": "#0"}
			}
		},
		{
			"from": [9.5, -1.5, 6.75],
			"to": [10.5, 3, 9.25],
			"rotation": {"angle": 0, "axis": "y", "origin": [9.5, -0.25, 8]},
			"faces": {
				"north": {"uv": [1.1875, 4.5625, 1.0625, 5.125], "texture": "#0"},
				"east": {"uv": [1.0625, 5.125, 0.75, 4.5625], "texture": "#0"},
				"south": {"uv": [1.1875, 4.5625, 1.0625, 5.125], "texture": "#0"},
				"west": {"uv": [1.0625, 5.125, 0.75, 4.5625], "texture": "#0"},
				"up": {"uv": [1.5, 2.3125, 1.375, 2], "texture": "#0"},
				"down": {"uv": [1.5, 2.3125, 1.375, 2], "texture": "#0"}
			}
		},
		{
			"from": [6.5, -3.5, 6.5],
			"to": [9.5, -2, 9.5],
			"rotation": {"angle": 45, "axis": "y", "origin": [8, -3, 8]},
			"faces": {
				"north": {"uv": [2.1875, 1.75, 2.5625, 1.9375], "texture": "#0"},
				"east": {"uv": [2.5625, 1.75, 2.1875, 1.9375], "texture": "#0"},
				"south": {"uv": [2.1875, 1.75, 2.5625, 1.9375], "texture": "#0"},
				"west": {"uv": [2.5625, 1.75, 2.1875, 1.9375], "texture": "#0"},
				"up": {"uv": [2.1875, 1.375, 2.5625, 1.75], "rotation": 90, "texture": "#0"},
				"down": {"uv": [2.1875, 1.375, 2.5625, 1.75], "rotation": 90, "texture": "#0"}
			}
		},
		{
			"from": [6.75, -14, 6.75],
			"to": [9.25, -12.5, 9.25],
			"rotation": {"angle": 45, "axis": "y", "origin": [8, -14.5, 8]},
			"faces": {
				"north": {"uv": [2.1875, 1.9375, 2.5, 2.125], "texture": "#0"},
				"east": {"uv": [2.5, 1.9375, 2.1875, 2.125], "texture": "#0"},
				"south": {"uv": [2.1875, 1.9375, 2.5, 2.125], "texture": "#0"},
				"west": {"uv": [2.5, 1.9375, 2.1875, 2.125], "texture": "#0"}
			}
		},
		{
			"from": [6.5, -12.5, 6.5],
			"to": [9.5, -11, 9.5],
			"rotation": {"angle": 45, "axis": "y", "origin": [8, -11.5, 8]},
			"faces": {
				"north": {"uv": [2.1875, 2.5, 2.5625, 2.6875], "texture": "#0"},
				"east": {"uv": [2.1875, 2.5, 2.5625, 2.6875], "texture": "#0"},
				"south": {"uv": [2.1875, 2.5, 2.5625, 2.6875], "texture": "#0"},
				"west": {"uv": [2.1875, 2.5, 2.5625, 2.6875], "texture": "#0"},
				"up": {"uv": [2.1875, 2.125, 2.5625, 2.5], "texture": "#0"},
				"down": {"uv": [2.1875, 2.125, 2.5625, 2.5], "texture": "#0"}
			}
		},
		{
			"from": [6.25, -15.5, 6.25],
			"to": [9.75, -14, 9.75],
			"rotation": {"angle": 45, "axis": "y", "origin": [8, -14.75, 8]},
			"faces": {
				"north": {"uv": [2.1875, 2.6875, 2.625, 2.875], "texture": "#0"},
				"east": {"uv": [2.1875, 2.6875, 2.625, 2.875], "texture": "#0"},
				"south": {"uv": [2.1875, 2.6875, 2.625, 2.875], "texture": "#0"},
				"west": {"uv": [2.1875, 2.6875, 2.625, 2.875], "texture": "#0"},
				"up": {"uv": [2.1875, 2.875, 2.625, 3.3125], "texture": "#0"},
				"down": {"uv": [2.1875, 2.875, 2.625, 3.3125], "texture": "#0"}
			}
		},
		{
			"from": [7, -16, 7],
			"to": [9, -2, 9],
			"rotation": {"angle": 45, "axis": "y", "origin": [8, -8, 8]},
			"faces": {
				"north": {"uv": [2.1875, 1.375, 1.9375, 3.125], "texture": "#0"},
				"east": {"uv": [2.1875, 1.375, 1.9375, 3.125], "texture": "#0"},
				"south": {"uv": [2.1875, 1.375, 1.9375, 3.125], "texture": "#0"},
				"west": {"uv": [1.9375, 1.375, 2.1875, 3.125], "texture": "#0"},
				"up": {"uv": [2.1875, 3.125, 1.9375, 3.375], "texture": "#0"},
				"down": {"uv": [2.1875, 3.125, 1.9375, 3.375], "texture": "#0"}
			}
		},
		{
			"from": [7.25, 10.5, 2.5],
			"to": [8.75, 15, 7],
			"rotation": {"angle": 0, "axis": "y", "origin": [-0.2, -3, 0.1]},
			"faces": {
				"north": {"uv": [6.125, 4.9375, 6.3125, 5.5], "texture": "#0"},
				"east": {"uv": [5.9375, 4.9375, 5.375, 5.5], "texture": "#0"},
				"south": {"uv": [6.3125, 4.9375, 6.5, 5.5], "texture": "#0"},
				"west": {"uv": [5.375, 4.9375, 5.9375, 5.5], "texture": "#0"},
				"up": {"uv": [5.9375, 4.9375, 6.125, 5.5], "texture": "#0"},
				"down": {"uv": [6.5, 4.9375, 6.6875, 5.5], "texture": "#0"}
			}
		},
		{
			"from": [7.25, 7, 3.5],
			"to": [8.75, 9.5, 7],
			"rotation": {"angle": 0, "axis": "y", "origin": [-0.2, -9.5, 0.1]},
			"faces": {
				"north": {"uv": [6.8125, 4.75, 7, 5.0625], "texture": "#0"},
				"east": {"uv": [6.1875, 5.5, 6.625, 5.8125], "texture": "#0"},
				"south": {"uv": [6.8125, 5.0625, 7, 5.375], "texture": "#0"},
				"west": {"uv": [6.625, 5.5, 6.1875, 5.8125], "texture": "#0"},
				"up": {"uv": [6.6875, 5.375, 6.875, 5.8125], "texture": "#0"},
				"down": {"uv": [6.6875, 5.8125, 6.875, 5.375], "texture": "#0"}
			}
		},
		{
			"from": [7.5, 2.5, 7],
			"to": [8.5, 15.5, 9],
			"rotation": {"angle": 0, "axis": "y", "origin": [0.2, -1.5, 0.6]},
			"faces": {
				"north": {"uv": [5.25, 6.0625, 5.375, 7.6875], "texture": "#0"},
				"east": {"uv": [5.125, 6.0625, 4.875, 7.6875], "texture": "#0"},
				"south": {"uv": [5.125, 6.0625, 5.25, 7.6875], "texture": "#0"},
				"west": {"uv": [4.875, 6.0625, 5.125, 7.6875], "texture": "#0"},
				"up": {"uv": [4.75, 6.9375, 4.875, 7.1875], "texture": "#0"},
				"down": {"uv": [4.75, 6.9375, 4.875, 7.1875], "texture": "#0"}
			}
		},
		{
			"from": [7.7, 9.8, 1.05],
			"to": [7.7, 20.8, 7.05],
			"rotation": {"angle": 0, "axis": "y", "origin": [7.7, 15.3, 4]},
			"faces": {
				"north": {"uv": [0, 0, 0, 8], "texture": "#1"},
				"east": {"uv": [6, 0, 0, 11], "texture": "#1"},
				"south": {"uv": [0, 0, 0, 8], "texture": "#1"},
				"west": {"uv": [0, 0, 6, 11], "texture": "#1"},
				"up": {"uv": [0, 6, 0, 0], "texture": "#1"},
				"down": {"uv": [0, 0, 0, 6], "texture": "#1"}
			}
		},
		{
			"from": [7, -0.95, 8.6],
			"to": [9.1, 3.45, 10.7],
			"rotation": {"angle": -45, "axis": "y", "origin": [8, 1.25, 9.6]},
			"faces": {
				"north": {"uv": [1.8125, 4.375, 1.4375, 3.8125], "texture": "#0"},
				"east": {"uv": [1.4375, 4.375, 1.8125, 3.8125], "texture": "#0"},
				"south": {"uv": [1.8125, 4.375, 1.4375, 3.8125], "texture": "#0"},
				"west": {"uv": [1.8125, 4.375, 1.4375, 3.8125], "texture": "#0"},
				"up": {"uv": [1.625, 3, 1.375, 3.25], "rotation": 270, "texture": "#0"},
				"down": {"uv": [1.625, 2.75, 1.375, 3], "rotation": 270, "texture": "#0"}
			}
		},
		{
			"from": [7, -0.95, 5.3],
			"to": [9.1, 3.45, 7.4],
			"rotation": {"angle": 45, "axis": "y", "origin": [8, 1.25, 6.4]},
			"faces": {
				"north": {"uv": [1.4375, 4.375, 1.8125, 3.8125], "texture": "#0"},
				"east": {"uv": [1.8125, 4.375, 1.4375, 3.8125], "texture": "#0"},
				"south": {"uv": [1.4375, 4.375, 1.8125, 3.8125], "texture": "#0"},
				"west": {"uv": [1.4375, 4.375, 1.8125, 3.8125], "texture": "#0"},
				"up": {"uv": [1.375, 3, 1.625, 3.25], "rotation": 270, "texture": "#0"},
				"down": {"uv": [1.375, 2.75, 1.625, 3], "rotation": 270, "texture": "#0"}
			}
		}
	],
	"gui_light": "front",
	"display": {
		"thirdperson_righthand": {
			"rotation": [-15, 0, 0],
			"translation": [0, 4.5, -1.75],
			"scale": [0.5, 0.5, 0.5]
		},
		"thirdperson_lefthand": {
			"rotation": [-15, 0, 0],
			"translation": [0, 4.5, -1.75],
			"scale": [0.5, 0.5, 0.5]
		},
		"firstperson_righthand": {
			"rotation": [-54, 0, 0],
			"translation": [5, 4.5, -4.25],
			"scale": [0.6, 0.6, 0.6]
		},
		"firstperson_lefthand": {
			"rotation": [-54, 0, 0],
			"translation": [5, 4.5, -4.25],
			"scale": [0.6, 0.6, 0.6]
		},
		"ground": {
			"rotation": [0, 0, 88],
			"translation": [-4, 1, 0.25],
			"scale": [0.5, 0.5, 0.5]
		},
		"gui": {
			"rotation": [-90, 90, -90],
			"translation": [0.25, -2.75, -1.5],
			"scale": [0.42, 0.42, 0.42]
		},
		"head": {
			"rotation": [-180, 0, 0],
			"translation": [0, 15.5, 1.75],
			"scale": [0.6, 0.6, 0.6]
		},
		"fixed": {
			"rotation": [-90, -90, -90],
			"translation": [0, 9.25, -2],
			"scale": [1.2, 1.2, 1.2]
		}
	}
}