{
	"credit": "Made with Blockbench",
	"textures": {
		"0": "item/multiple/halloween_2024/animation_1",
		"1": "item/hoes/halloween_2024_scythe",
		"particle": "item/hoes/halloween_2024_scythe"
	},
	"elements": [
		{
			"from": [7.625, 20.55944, -1.68921],
			"to": [8.375, 22.05944, 5.81079],
			"rotation": {"angle": -22.5, "axis": "x", "origin": [8, 21.44268, 0.41369]},
			"faces": {
				"north": {"uv": [11.33333, 12.33333, 11.66667, 12.83333], "texture": "#1"},
				"east": {"uv": [4.33333, 2.33333, 6.83333, 2.83333], "texture": "#1"},
				"south": {"uv": [12.33333, 11.66667, 12.66667, 12.16667], "texture": "#1"},
				"west": {"uv": [4.33333, 3.33333, 6.83333, 3.83333], "texture": "#1"},
				"up": {"uv": [3, 10.5, 2.66667, 8], "texture": "#1"},
				"down": {"uv": [3.66667, 8, 3.33333, 10.5], "texture": "#1"}
			}
		},
		{
			"from": [7.985, 16.78517, -7.58493],
			"to": [8.015, 22.78517, 5.91507],
			"rotation": {"angle": -22.5, "axis": "x", "origin": [8, 21.5434, 2.29007]},
			"faces": {
				"east": {"uv": [4.5, 0, 0, 2], "texture": "#1"},
				"west": {"uv": [0, 0, 4.5, 2], "texture": "#1"}
			}
		},
		{
			"from": [7.6225, 19.68471, -1.5952],
			"to": [8.3775, 21.05971, -0.0952],
			"rotation": {"angle": 22.5, "axis": "x", "origin": [8, 21.44268, 0.41369]},
			"faces": {
				"north": {"uv": [12.66667, 5, 13, 5.5], "texture": "#1"},
				"east": {"uv": [10.66667, 5.66667, 11.16667, 6.16667], "texture": "#1"},
				"west": {"uv": [9.33333, 10.66667, 9.83333, 11.16667], "texture": "#1"},
				"up": {"uv": [13, 7.83333, 12.66667, 7.33333], "texture": "#1"},
				"down": {"uv": [8.66667, 12.66667, 8.33333, 13.16667], "texture": "#1"}
			}
		},
		{
			"from": [7.625, 22.53517, 10.83493],
			"to": [8.375, 24.03517, 16.33493],
			"rotation": {"angle": 0, "axis": "y", "origin": [7.875, 21.93517, 14.58493]},
			"faces": {
				"north": {"uv": [12.66667, 8.33333, 13, 8.83333], "texture": "#1"},
				"east": {"uv": [5, 1.33333, 6.83333, 1.83333], "texture": "#1"},
				"south": {"uv": [9, 12.66667, 9.33333, 13.16667], "texture": "#1"},
				"west": {"uv": [7.33333, 2.66667, 9.16667, 3.16667], "texture": "#1"},
				"up": {"uv": [8.66667, 5.5, 8.33333, 3.66667], "texture": "#1"},
				"down": {"uv": [4.33333, 8.33333, 4, 10.16667], "texture": "#1"}
			}
		},
		{
			"from": [7.6225, 22.91905, 15.26171],
			"to": [8.3775, 24.29405, 16.76171],
			"rotation": {"angle": -45, "axis": "x", "origin": [7.994, 23.41905, 16.01171]},
			"faces": {
				"east": {"uv": [10.66667, 9.33333, 11.16667, 9.83333], "texture": "#1"},
				"south": {"uv": [9.66667, 12.66667, 10, 13.16667], "texture": "#1"},
				"west": {"uv": [10.33333, 10.66667, 10.83333, 11.16667], "texture": "#1"},
				"up": {"uv": [10.66667, 13.16667, 10.33333, 12.66667], "texture": "#1"},
				"down": {"uv": [12.33333, 12.66667, 12, 13.16667], "texture": "#1"}
			}
		},
		{
			"from": [7.985, 19.53517, 11.08493],
			"to": [8.015, 24.53517, 20.08493],
			"rotation": {"angle": 0, "axis": "y", "origin": [7.485, 21.43517, 12.83493]},
			"faces": {
				"east": {"uv": [3, 2.33333, 0, 4], "texture": "#1"},
				"west": {"uv": [0, 2.33333, 3, 4], "texture": "#1"}
			}
		},
		{
			"from": [7.5, -10.25, 7.25],
			"to": [8.5, -8.75, 8.75],
			"rotation": {"angle": -45, "axis": "x", "origin": [8, -9.5, 8]},
			"faces": {
				"north": {"uv": [12.66667, 12.66667, 13, 13.16667], "texture": "#1"},
				"east": {"uv": [11, 0, 11.5, 0.5], "texture": "#1"},
				"south": {"uv": [0, 13, 0.33333, 13.5], "texture": "#1"},
				"west": {"uv": [11, 1, 11.5, 1.5], "texture": "#1"},
				"up": {"uv": [13.33333, 0.5, 13, 0], "texture": "#1"},
				"down": {"uv": [1, 13, 0.66667, 13.5], "texture": "#1"}
			}
		},
		{
			"from": [7, -9, 7],
			"to": [9, -7, 9],
			"rotation": {"angle": 0, "axis": "y", "origin": [8, -8, 8]},
			"faces": {
				"north": {"uv": [8.66667, 8.33333, 9.33333, 9], "texture": "#1"},
				"east": {"uv": [9, 0, 9.66667, 0.66667], "texture": "#1"},
				"south": {"uv": [9, 3.66667, 9.66667, 4.33333], "texture": "#1"},
				"west": {"uv": [9, 4.66667, 9.66667, 5.33333], "texture": "#1"},
				"up": {"uv": [10, 7.66667, 9.33333, 7], "texture": "#1"},
				"down": {"uv": [9.33333, 9.33333, 8.66667, 10], "texture": "#1"}
			}
		},
		{
			"from": [7.75, -7, 6.68934],
			"to": [9.75, -6.5, 8.68934],
			"rotation": {"angle": -45, "axis": "y", "origin": [8, -7, 6.93934]},
			"faces": {
				"north": {"uv": [13, 4.33333, 13.66667, 4.5], "texture": "#1"},
				"east": {"uv": [4.66667, 13, 5.33333, 13.16667], "texture": "#1"},
				"south": {"uv": [5.66667, 13, 6.33333, 13.16667], "texture": "#1"},
				"west": {"uv": [13, 6, 13.66667, 6.16667], "texture": "#1"},
				"up": {"uv": [0.66667, 10.33333, 0, 9.66667], "texture": "#1"},
				"down": {"uv": [1.66667, 9.66667, 1, 10.33333], "texture": "#1"}
			}
		},
		{
			"from": [8, -6.5, 6.93934],
			"to": [9.5, -5.5, 8.43934],
			"rotation": {"angle": -45, "axis": "y", "origin": [8, -6.5, 6.93934]},
			"faces": {
				"north": {"uv": [13, 1, 13.5, 1.33333], "texture": "#1"},
				"east": {"uv": [1.33333, 13, 1.83333, 13.33333], "texture": "#1"},
				"south": {"uv": [13, 1.66667, 13.5, 2], "texture": "#1"},
				"west": {"uv": [2.33333, 13, 2.83333, 13.33333], "texture": "#1"},
				"up": {"uv": [3.16667, 11.5, 2.66667, 11], "texture": "#1"}
			}
		},
		{
			"from": [8, 4.5, 6.93934],
			"to": [9.5, 6, 8.43934],
			"rotation": {"angle": -45, "axis": "y", "origin": [8, 6.5, 6.93934]},
			"faces": {
				"north": {"uv": [11, 3.33333, 11.5, 3.83333], "texture": "#1"},
				"east": {"uv": [11, 6.66667, 11.5, 7.16667], "texture": "#1"},
				"south": {"uv": [11, 7.66667, 11.5, 8.16667], "texture": "#1"},
				"west": {"uv": [11.33333, 2, 11.83333, 2.5], "texture": "#1"},
				"up": {"uv": [11.83333, 4.83333, 11.33333, 4.33333], "texture": "#1"},
				"down": {"uv": [11.83333, 10.33333, 11.33333, 10.83333], "texture": "#1"}
			}
		},
		{
			"from": [7.75, 5, 6.68934],
			"to": [9.75, 5.5, 8.68934],
			"rotation": {"angle": -45, "axis": "y", "origin": [8, 5.5, 6.93934]},
			"faces": {
				"north": {"uv": [6.66667, 13, 7.33333, 13.16667], "texture": "#1"},
				"east": {"uv": [13, 6.66667, 13.66667, 6.83333], "texture": "#1"},
				"south": {"uv": [13, 9.33333, 13.66667, 9.5], "texture": "#1"},
				"west": {"uv": [13, 10, 13.66667, 10.16667], "texture": "#1"},
				"up": {"uv": [10.33333, 3, 9.66667, 2.33333], "texture": "#1"},
				"down": {"uv": [5.33333, 9.66667, 4.66667, 10.33333], "texture": "#1"}
			}
		},
		{
			"from": [8, 11.5, 6.93934],
			"to": [9.5, 13, 8.43934],
			"rotation": {"angle": -45, "axis": "y", "origin": [8, 13.5, 6.93934]},
			"faces": {
				"north": {"uv": [11.66667, 5.33333, 12.16667, 5.83333], "texture": "#1"},
				"east": {"uv": [8.66667, 11.66667, 9.16667, 12.16667], "texture": "#1"},
				"south": {"uv": [11.66667, 8.66667, 12.16667, 9.16667], "texture": "#1"},
				"west": {"uv": [9.66667, 11.66667, 10.16667, 12.16667], "texture": "#1"},
				"up": {"uv": [0.5, 12.5, 0, 12], "texture": "#1"},
				"down": {"uv": [12.5, 0, 12, 0.5], "texture": "#1"}
			}
		},
		{
			"from": [7.75, 12, 6.68934],
			"to": [9.75, 12.5, 8.68934],
			"rotation": {"angle": -45, "axis": "y", "origin": [8, 12.5, 6.93934]},
			"faces": {
				"north": {"uv": [13.33333, 7.33333, 14, 7.5], "texture": "#1"},
				"east": {"uv": [13.33333, 8, 14, 8.16667], "texture": "#1"},
				"south": {"uv": [13.33333, 8.66667, 14, 8.83333], "texture": "#1"},
				"west": {"uv": [11, 13.33333, 11.66667, 13.5], "texture": "#1"},
				"up": {"uv": [10.33333, 10.33333, 9.66667, 9.66667], "texture": "#1"},
				"down": {"uv": [10.66667, 0, 10, 0.66667], "texture": "#1"}
			}
		},
		{
			"from": [7.75, 19.75, 6.68934],
			"to": [9.75, 20.25, 8.68934],
			"rotation": {"angle": -45, "axis": "y", "origin": [8, 20.25, 6.93934]},
			"faces": {
				"north": {"uv": [13.33333, 12.66667, 14, 12.83333], "texture": "#1"},
				"east": {"uv": [13.33333, 13.33333, 14, 13.5], "texture": "#1"},
				"south": {"uv": [13.66667, 0, 14.33333, 0.16667], "texture": "#1"},
				"west": {"uv": [1.33333, 13.66667, 2, 13.83333], "texture": "#1"},
				"up": {"uv": [10.66667, 1.66667, 10, 1], "texture": "#1"},
				"down": {"uv": [10.66667, 3.33333, 10, 4], "texture": "#1"}
			}
		},
		{
			"from": [8, 19.25, 6.93934],
			"to": [9.5, 20.75, 8.43934],
			"rotation": {"angle": -45, "axis": "y", "origin": [8, 21.25, 6.93934]},
			"faces": {
				"north": {"uv": [1, 12, 1.5, 12.5], "texture": "#1"},
				"east": {"uv": [12, 1, 12.5, 1.5], "texture": "#1"},
				"south": {"uv": [2, 12, 2.5, 12.5], "texture": "#1"},
				"west": {"uv": [3, 12, 3.5, 12.5], "texture": "#1"},
				"up": {"uv": [12.5, 3.5, 12, 3], "texture": "#1"},
				"down": {"uv": [4.5, 12, 4, 12.5], "texture": "#1"}
			}
		},
		{
			"from": [8, 8.5, 6.93934],
			"to": [9.5, 9, 8.43934],
			"rotation": {"angle": -45, "axis": "y", "origin": [8, 9.5, 6.93934]},
			"faces": {
				"north": {"uv": [2.33333, 13.66667, 2.83333, 13.83333], "texture": "#1"},
				"east": {"uv": [13.66667, 2.33333, 14.16667, 2.5], "texture": "#1"},
				"south": {"uv": [13.66667, 3, 14.16667, 3.16667], "texture": "#1"},
				"west": {"uv": [13.66667, 3.66667, 14.16667, 3.83333], "texture": "#1"},
				"up": {"uv": [11.83333, 11.83333, 11.33333, 11.33333], "texture": "#1"}
			}
		},
		{
			"from": [7.75, 8, 6.68934],
			"to": [9.75, 8.5, 8.68934],
			"rotation": {"angle": -45, "axis": "y", "origin": [8, 8.5, 6.93934]},
			"faces": {
				"north": {"uv": [13, 10.66667, 13.66667, 10.83333], "texture": "#1"},
				"east": {"uv": [13, 11.33333, 13.66667, 11.5], "texture": "#1"},
				"south": {"uv": [13, 12, 13.66667, 12.16667], "texture": "#1"},
				"west": {"uv": [13.33333, 5, 14, 5.16667], "texture": "#1"},
				"up": {"uv": [6.33333, 10.33333, 5.66667, 9.66667], "texture": "#1"},
				"down": {"uv": [10.33333, 5.66667, 9.66667, 6.33333], "texture": "#1"}
			}
		},
		{
			"from": [8, -5.5, 7.29289],
			"to": [9, -3.5, 8.29289],
			"rotation": {"angle": -45, "axis": "y", "origin": [8, -6.5, 7.29289]},
			"faces": {
				"north": {"uv": [10.66667, 11.66667, 11, 12.33333], "texture": "#1"},
				"east": {"uv": [7, 12, 7.33333, 12.66667], "texture": "#1"},
				"south": {"uv": [12, 7.33333, 12.33333, 8], "texture": "#1"},
				"west": {"uv": [7.66667, 12, 8, 12.66667], "texture": "#1"}
			}
		},
		{
			"from": [8, 6, 7.29289],
			"to": [9, 8, 8.29289],
			"rotation": {"angle": -45, "axis": "y", "origin": [8, 5.5, 7.29289]},
			"faces": {
				"north": {"uv": [12.33333, 2, 12.66667, 2.66667], "texture": "#1"},
				"east": {"uv": [12.33333, 4, 12.66667, 4.66667], "texture": "#1"},
				"south": {"uv": [12.33333, 9.66667, 12.66667, 10.33333], "texture": "#1"},
				"west": {"uv": [12.33333, 10.66667, 12.66667, 11.33333], "texture": "#1"}
			}
		},
		{
			"from": [7, 20, 8],
			"to": [9, 22.5, 10.5],
			"rotation": {"angle": -45, "axis": "x", "origin": [7.75, 20, 8]},
			"faces": {
				"north": {"uv": [4.66667, 8.33333, 5.33333, 9.16667], "texture": "#1"},
				"east": {"uv": [7.66667, 0, 8.5, 0.83333], "texture": "#1"},
				"south": {"uv": [5.66667, 8.33333, 6.33333, 9.16667], "texture": "#1"},
				"west": {"uv": [8, 7, 8.83333, 7.83333], "texture": "#1"},
				"up": {"uv": [7.33333, 9.16667, 6.66667, 8.33333], "texture": "#1"},
				"down": {"uv": [8.33333, 8.33333, 7.66667, 9.16667], "texture": "#1"}
			}
		},
		{
			"from": [6.75, 20.25, 8.25],
			"to": [9.25, 22.25, 10.25],
			"rotation": {"angle": -45, "axis": "x", "origin": [7.75, 20, 8]},
			"faces": {
				"north": {"uv": [8.33333, 6, 9.16667, 6.66667], "texture": "#1"},
				"east": {"uv": [6.66667, 9.66667, 7.33333, 10.33333], "texture": "#1"},
				"south": {"uv": [0, 8.66667, 0.83333, 9.33333], "texture": "#1"},
				"west": {"uv": [7.66667, 9.66667, 8.33333, 10.33333], "texture": "#1"},
				"up": {"uv": [2.16667, 9.33333, 1.33333, 8.66667], "texture": "#1"},
				"down": {"uv": [9.5, 1.33333, 8.66667, 2], "texture": "#1"}
			}
		},
		{
			"from": [8, 9, 7.29289],
			"to": [9, 11.5, 8.29289],
			"rotation": {"angle": -45, "axis": "y", "origin": [8, 9, 7.29289]},
			"faces": {
				"north": {"uv": [6, 10.66667, 6.33333, 11.5], "texture": "#1"},
				"east": {"uv": [6.66667, 10.66667, 7, 11.5], "texture": "#1"},
				"south": {"uv": [7.33333, 10.66667, 7.66667, 11.5], "texture": "#1"},
				"west": {"uv": [8, 10.66667, 8.33333, 11.5], "texture": "#1"},
				"up": {"uv": [11.33333, 9, 11, 8.66667], "texture": "#1"}
			}
		},
		{
			"from": [7.5, 19.07225, 5.51297],
			"to": [8.5, 22.07225, 8.51297],
			"rotation": {"angle": -22.5, "axis": "x", "origin": [7.5, 18.07225, 5.51297]},
			"faces": {
				"north": {"uv": [10, 4.33333, 10.33333, 5.33333], "texture": "#1"},
				"east": {"uv": [5, 0, 6, 1], "texture": "#1"},
				"south": {"uv": [10.33333, 6.66667, 10.66667, 7.66667], "texture": "#1"},
				"west": {"uv": [6.33333, 0, 7.33333, 1], "texture": "#1"},
				"up": {"uv": [10.66667, 9, 10.33333, 8], "texture": "#1"},
				"down": {"uv": [9, 10.33333, 8.66667, 11.33333], "texture": "#1"}
			}
		},
		{
			"from": [7.5035, 21.76777, 3.98223],
			"to": [8.4965, 24.76777, 7.15723],
			"rotation": {"angle": 22.5, "axis": "x", "origin": [7.5035, 21.76777, 3.98223]},
			"faces": {
				"north": {"uv": [0, 10.66667, 0.33333, 11.66667], "texture": "#1"},
				"east": {"uv": [4, 7, 5, 8], "texture": "#1"},
				"west": {"uv": [5.33333, 7, 6.33333, 8], "texture": "#1"},
				"up": {"uv": [1, 11.66667, 0.66667, 10.66667], "texture": "#1"}
			}
		},
		{
			"from": [7.5, 19.07225, 7.48703],
			"to": [8.5, 22.07225, 10.48703],
			"rotation": {"angle": 22.5, "axis": "x", "origin": [7.5, 18.07225, 10.48703]},
			"faces": {
				"north": {"uv": [1.33333, 10.66667, 1.66667, 11.66667], "texture": "#1"},
				"east": {"uv": [6.66667, 7, 7.66667, 8], "texture": "#1"},
				"south": {"uv": [10.66667, 2, 11, 3], "texture": "#1"},
				"west": {"uv": [0, 7.33333, 1, 8.33333], "texture": "#1"},
				"up": {"uv": [4.33333, 11.66667, 4, 10.66667], "texture": "#1"},
				"down": {"uv": [11, 4.33333, 10.66667, 5.33333], "texture": "#1"}
			}
		},
		{
			"from": [7.5035, 21.76777, 8.84277],
			"to": [8.4965, 24.76777, 12.01777],
			"rotation": {"angle": -22.5, "axis": "x", "origin": [7.5035, 21.76777, 12.01777]},
			"faces": {
				"east": {"uv": [1.33333, 7.33333, 2.33333, 8.33333], "texture": "#1"},
				"south": {"uv": [4.66667, 10.66667, 5, 11.66667], "texture": "#1"},
				"west": {"uv": [7.33333, 1.33333, 8.33333, 2.33333], "texture": "#1"},
				"up": {"uv": [5.66667, 11.66667, 5.33333, 10.66667], "texture": "#1"}
			}
		},
		{
			"from": [7.625, 23.26777, 7],
			"to": [8.375, 27.26777, 9],
			"rotation": {"angle": 0, "axis": "y", "origin": [7.625, 25.26777, 6]},
			"faces": {
				"north": {"uv": [2, 9.66667, 2.33333, 11], "texture": "#1"},
				"east": {"uv": [7.33333, 3.66667, 8, 5], "texture": "#1"},
				"south": {"uv": [9.66667, 8, 10, 9.33333], "texture": "#1"},
				"west": {"uv": [7.33333, 5.33333, 8, 6.66667], "texture": "#1"}
			}
		},
		{
			"from": [7.18934, -3.5, 8.17678],
			"to": [8.43934, 4.5, 9.42678],
			"rotation": {"angle": 45, "axis": "y", "origin": [6.93934, -3.5, 8.17678]},
			"faces": {
				"north": {"uv": [3.33333, 2.33333, 3.83333, 5], "texture": "#1"},
				"east": {"uv": [0, 4.33333, 0.5, 7], "texture": "#1"},
				"south": {"uv": [1, 4.33333, 1.5, 7], "texture": "#1"},
				"west": {"uv": [2, 4.33333, 2.5, 7], "texture": "#1"},
				"down": {"uv": [5.5, 12, 5, 12.5], "texture": "#1"}
			}
		},
		{
			"from": [7.18934, 13, 8.17678],
			"to": [8.43934, 19.25, 9.42678],
			"rotation": {"angle": 45, "axis": "y", "origin": [6.93934, 12.25, 8.17678]},
			"faces": {
				"north": {"uv": [4.33333, 4.33333, 4.83333, 6.5], "texture": "#1"},
				"east": {"uv": [3, 5.33333, 3.5, 7.5], "texture": "#1"},
				"south": {"uv": [5.33333, 4.33333, 5.83333, 6.5], "texture": "#1"},
				"west": {"uv": [6.33333, 4.33333, 6.83333, 6.5], "texture": "#1"}
			}
		},
		{
			"from": [7.6225, 25.76014, 8],
			"to": [8.3775, 27.18514, 9.425],
			"rotation": {"angle": -45, "axis": "x", "origin": [7.3725, 25.76014, 8]},
			"faces": {
				"north": {"uv": [13, 2.33333, 13.33333, 2.83333], "texture": "#1"},
				"east": {"uv": [6, 12, 6.5, 12.5], "texture": "#1"},
				"south": {"uv": [3.33333, 13, 3.66667, 13.5], "texture": "#1"},
				"west": {"uv": [12, 6.33333, 12.5, 6.83333], "texture": "#1"},
				"up": {"uv": [13.33333, 3.83333, 13, 3.33333], "texture": "#1"},
				"down": {"uv": [4.33333, 13, 4, 13.5], "texture": "#1"}
			}
		},
		{
			"from": [6.9, 22.75, 2],
			"to": [6.9, 26.25, 9.5],
			"rotation": {"angle": -22.5, "axis": "x", "origin": [6.9, 24.5, 5.75]},
			"faces": {
				"west": {"uv": [0, 0, 7.5, 3.5], "texture": "#0"}
			}
		},
		{
			"from": [6.65, 18, 7],
			"to": [6.65, 21.5, 13.5],
			"rotation": {"angle": 22.5, "axis": "x", "origin": [6.65, 19.75, 10.25]},
			"faces": {
				"west": {"uv": [6, 5.5, 12.5, 9], "texture": "#0"}
			}
		},
		{
			"from": [9.1, 22.75, 2],
			"to": [9.1, 26.25, 9.5],
			"rotation": {"angle": -22.5, "axis": "x", "origin": [9.1, 24.5, 5.75]},
			"faces": {
				"east": {"uv": [7.5, 0, 0, 3.5], "texture": "#0"}
			}
		},
		{
			"from": [9.35, 18, 7],
			"to": [9.35, 21.5, 13.5],
			"rotation": {"angle": 22.5, "axis": "x", "origin": [9.35, 19.75, 10.25]},
			"faces": {
				"east": {"uv": [12.5, 5.5, 6, 9], "texture": "#0"}
			}
		}
	],
	"gui_light": "front",
	"display": {
		"thirdperson_righthand": {
			"translation": [0, -2.75, 1]
		},
		"thirdperson_lefthand": {
			"translation": [0, -2.75, 1]
		},
		"firstperson_righthand": {
			"rotation": [10, 0, 0],
			"translation": [2.25, -2.25, -1],
			"scale": [0.7, 0.7, 0.7]
		},
		"firstperson_lefthand": {
			"rotation": [10, 0, 0],
			"translation": [2.25, -2.25, -1],
			"scale": [0.7, 0.7, 0.7]
		},
		"ground": {
			"rotation": [-45, 0, 0],
			"translation": [0, 5, 0],
			"scale": [0.5, 0.5, 0.5]
		},
		"gui": {
			"rotation": [-90, 45, 90],
			"translation": [1.25, -1.25, 0],
			"scale": [0.5, 0.5, 0.5]
		},
		"head": {
			"rotation": [0, -90, 0]
		},
		"fixed": {
			"rotation": [0, -90, 0],
			"translation": [0, 0, -1.5],
			"scale": [2, 2, 2]
		}
	}
}