{
	"credit": "Made with Blockbench",
	"texture_size": [24, 24],
	"textures": {
		"0": "item/axes/little_crocodile_axe/little_crocodile",
		"1": "item/hoes/little_crocodile_hoe",
		"particle": "item/hoes/little_crocodile_hoe"
	},
	"elements": [
		{
			"from": [7.2, -0.05, 7.75],
			"to": [8.8, 1.45, 9.25],
			"rotation": {"angle": -45, "axis": "x", "origin": [7.5, 0.2, 8]},
			"faces": {
				"north": {"uv": [0.33333, 9.66667, 1.33333, 10.66667], "texture": "#1"},
				"east": {"uv": [1.66667, 9.66667, 2.66667, 10.66667], "texture": "#1"},
				"south": {"uv": [9.66667, 1.66667, 10.66667, 2.66667], "texture": "#1"},
				"west": {"uv": [3, 9.66667, 4, 10.66667], "texture": "#1"},
				"up": {"uv": [10.66667, 4, 9.66667, 3], "texture": "#1"},
				"down": {"uv": [10.66667, 4.33333, 9.66667, 5.33333], "texture": "#1"}
			}
		},
		{
			"from": [7.25, 13, 7.5],
			"to": [8.75, 16, 10.5],
			"rotation": {"angle": -45, "axis": "x", "origin": [7.5, 13.5, 8]},
			"faces": {
				"north": {"uv": [5.66667, 3.66667, 6.66667, 5.66667], "texture": "#1"},
				"east": {"uv": [0.33333, 3.66667, 2.33333, 5.66667], "texture": "#1"},
				"south": {"uv": [5.66667, 5.66667, 6.66667, 7.66667], "texture": "#1"},
				"west": {"uv": [2.33333, 3.66667, 4.33333, 5.66667], "texture": "#1"},
				"up": {"uv": [7.33333, 2.33333, 6.33333, 0.33333], "texture": "#1"},
				"down": {"uv": [8, 2.33333, 7, 4.33333], "texture": "#1"}
			}
		},
		{
			"from": [7, 13.5, 8],
			"to": [9, 15.5, 10],
			"rotation": {"angle": -45, "axis": "x", "origin": [7.5, 13.5, 8]},
			"faces": {
				"north": {"uv": [7, 7, 8.33333, 8.33333], "texture": "#1"},
				"east": {"uv": [7.66667, 0.33333, 9, 1.66667], "texture": "#1"},
				"south": {"uv": [4.33333, 7.66667, 5.66667, 9], "texture": "#1"},
				"west": {"uv": [5.66667, 7.66667, 7, 9], "texture": "#1"},
				"up": {"uv": [9.66667, 3, 8.33333, 1.66667], "texture": "#1"},
				"down": {"uv": [9.66667, 3, 8.33333, 4.33333], "texture": "#1"}
			}
		},
		{
			"from": [7.35, 1.22132, 7.35],
			"to": [8.65, 2.52132, 8.65],
			"rotation": {"angle": 0, "axis": "y", "origin": [7.5, 1.37132, 7.5]},
			"faces": {
				"north": {"uv": [9.66667, 5.66667, 10.66667, 6.66667], "texture": "#1"},
				"east": {"uv": [6.33333, 9.66667, 7.33333, 10.66667], "texture": "#1"},
				"south": {"uv": [9.66667, 7, 10.66667, 8], "texture": "#1"},
				"west": {"uv": [7.66667, 9.66667, 8.66667, 10.66667], "texture": "#1"},
				"up": {"uv": [10.66667, 9.33333, 9.66667, 8.33333], "texture": "#1"},
				"down": {"uv": [10, 9.66667, 9, 10.66667], "texture": "#1"}
			}
		},
		{
			"from": [7.35, 5.22132, 7.35],
			"to": [8.65, 6.52132, 8.65],
			"rotation": {"angle": 0, "axis": "y", "origin": [7.5, 4.37132, 7.5]},
			"faces": {
				"north": {"uv": [10.33333, 0.33333, 11.33333, 1.33333], "texture": "#1"},
				"east": {"uv": [10.33333, 9.66667, 11.33333, 10.66667], "texture": "#1"},
				"south": {"uv": [0.33333, 11, 1.33333, 12], "texture": "#1"},
				"west": {"uv": [1.66667, 11, 2.66667, 12], "texture": "#1"},
				"up": {"uv": [12, 2.66667, 11, 1.66667], "texture": "#1"},
				"down": {"uv": [4, 11, 3, 12], "texture": "#1"}
			}
		},
		{
			"from": [7.35, 7.02132, 7.35],
			"to": [8.65, 12.57132, 8.65],
			"rotation": {"angle": 0, "axis": "y", "origin": [7.5, 6.17132, 7.5]},
			"faces": {
				"north": {"uv": [4.33333, 3.66667, 5.33333, 7.33333], "texture": "#1"},
				"east": {"uv": [0.33333, 5.66667, 1.33333, 9.33333], "texture": "#1"},
				"south": {"uv": [1.66667, 5.66667, 2.66667, 9.33333], "texture": "#1"},
				"west": {"uv": [3, 5.66667, 4, 9.33333], "texture": "#1"}
			}
		},
		{
			"from": [7.5, 2.52132, 7.5],
			"to": [8.5, 5.22132, 8.5],
			"rotation": {"angle": 0, "axis": "y", "origin": [7.5, 2.62132, 7.5]},
			"faces": {
				"north": {"uv": [4.33333, 9, 5, 10.66667], "texture": "#1"},
				"east": {"uv": [9, 4.33333, 9.66667, 6], "texture": "#1"},
				"south": {"uv": [5, 9, 5.66667, 10.66667], "texture": "#1"},
				"west": {"uv": [5.66667, 9, 6.33333, 10.66667], "texture": "#1"},
				"up": {"uv": [8.33333, 2.33333, 7.66667, 1.66667], "texture": "#1"},
				"down": {"uv": [7, 9, 6.33333, 9.66667], "texture": "#1"}
			}
		},
		{
			"from": [7.5, 14.27132, 4.75],
			"to": [8.5, 15.77132, 6.75],
			"rotation": {"angle": 22.5, "axis": "x", "origin": [7.5, 14.27132, 5.75]},
			"faces": {
				"north": {"uv": [7.66667, 11, 8.33333, 12], "texture": "#1"},
				"east": {"uv": [8.33333, 8.33333, 9.66667, 9.33333], "texture": "#1"},
				"south": {"uv": [11, 7.66667, 11.66667, 8.66667], "texture": "#1"},
				"west": {"uv": [9, 0.33333, 10.33333, 1.33333], "texture": "#1"},
				"up": {"uv": [7, 3.66667, 6.33333, 2.33333], "texture": "#1"},
				"down": {"uv": [11.66667, 4.33333, 11, 5.66667], "texture": "#1"}
			}
		},
		{
			"from": [7.4875, 14.32037, 3.15968],
			"to": [8.5125, 15.37037, 5.15968],
			"rotation": {"angle": -45, "axis": "x", "origin": [7.9875, 15.84537, 4.10968]},
			"faces": {
				"north": {"uv": [9, 6.33333, 9.66667, 7], "texture": "#1"},
				"east": {"uv": [5.66667, 11, 7, 11.66667], "texture": "#1"},
				"south": {"uv": [11, 9, 11.66667, 9.66667], "texture": "#1"},
				"west": {"uv": [11, 5.66667, 12.33333, 6.33333], "texture": "#1"},
				"up": {"uv": [11.66667, 7.66667, 11, 6.33333], "texture": "#1"},
				"down": {"uv": [7.66667, 11, 7, 12.33333], "texture": "#1"}
			}
		},
		{
			"from": [7.491, 14.34274, 2.86036],
			"to": [8.509, 15.31774, 3.86036],
			"rotation": {"angle": -22.5, "axis": "x", "origin": [7.991, 15.86774, 4.81036]},
			"faces": {
				"north": {"uv": [9.66667, 11, 10.33333, 11.66667], "texture": "#1"},
				"east": {"uv": [10.33333, 11, 11, 11.66667], "texture": "#1"},
				"south": {"uv": [11, 11, 11.66667, 11.66667], "texture": "#1"},
				"west": {"uv": [11.66667, 0.33333, 12.33333, 1], "texture": "#1"},
				"up": {"uv": [12.33333, 1.66667, 11.66667, 1], "texture": "#1"},
				"down": {"uv": [12.33333, 4.33333, 11.66667, 5], "texture": "#1"}
			}
		},
		{
			"from": [7.75, 14.69528, 1.66626],
			"to": [8.25, 16.69528, 2.16626],
			"rotation": {"angle": 0, "axis": "y", "origin": [7.75, 14.69528, -1.33374]},
			"faces": {
				"north": {"uv": [5.66667, 11.66667, 6, 13], "texture": "#1"},
				"east": {"uv": [6.33333, 11.66667, 6.66667, 13], "texture": "#1"},
				"south": {"uv": [11.66667, 6.33333, 12, 7.66667], "texture": "#1"},
				"west": {"uv": [11.66667, 7.66667, 12, 9], "texture": "#1"},
				"up": {"uv": [2, 12.66667, 1.66667, 12.33333], "texture": "#1"},
				"down": {"uv": [12.66667, 1.66667, 12.33333, 2], "texture": "#1"}
			}
		},
		{
			"from": [7.75, 14.69528, 2.16626],
			"to": [8.25, 16.19528, 5.16626],
			"rotation": {"angle": 0, "axis": "y", "origin": [7.75, 14.69528, 1.66626]},
			"faces": {
				"east": {"uv": [7, 4.33333, 9, 5.33333], "texture": "#1"},
				"south": {"uv": [11.66667, 10.33333, 12, 11.33333], "texture": "#1"},
				"west": {"uv": [7, 5.66667, 9, 6.66667], "texture": "#1"},
				"up": {"uv": [8.66667, 13, 8.33333, 11], "texture": "#1"},
				"down": {"uv": [9.33333, 11, 9, 13], "texture": "#1"}
			}
		},
		{
			"from": [7.5, 14.27132, 9.25],
			"to": [8.5, 15.77132, 11.25],
			"rotation": {"angle": -22.5, "axis": "x", "origin": [7.5, 14.27132, 10.25]},
			"faces": {
				"north": {"uv": [11.66667, 7.66667, 11, 8.66667], "texture": "#1"},
				"east": {"uv": [9.66667, 8.33333, 8.33333, 9.33333], "texture": "#1"},
				"south": {"uv": [8.33333, 11, 7.66667, 12], "texture": "#1"},
				"west": {"uv": [10.33333, 0.33333, 9, 1.33333], "texture": "#1"},
				"up": {"uv": [7, 2.33333, 6.33333, 3.66667], "texture": "#1"},
				"down": {"uv": [11.66667, 5.66667, 11, 4.33333], "texture": "#1"}
			}
		},
		{
			"from": [7.4875, 14.32037, 10.84032],
			"to": [8.5125, 15.37037, 12.84032],
			"rotation": {"angle": 45, "axis": "x", "origin": [7.9875, 15.84537, 11.89032]},
			"faces": {
				"north": {"uv": [11.66667, 9, 11, 9.66667], "texture": "#1"},
				"east": {"uv": [7, 11, 5.66667, 11.66667], "texture": "#1"},
				"south": {"uv": [9.66667, 6.33333, 9, 7], "texture": "#1"},
				"west": {"uv": [12.33333, 5.66667, 11, 6.33333], "texture": "#1"},
				"up": {"uv": [11.66667, 6.33333, 11, 7.66667], "texture": "#1"},
				"down": {"uv": [7.66667, 12.33333, 7, 11], "texture": "#1"}
			}
		},
		{
			"from": [7.491, 14.34274, 12.13964],
			"to": [8.509, 15.31774, 13.13964],
			"rotation": {"angle": 22.5, "axis": "x", "origin": [7.991, 15.86774, 11.18964]},
			"faces": {
				"north": {"uv": [11.66667, 11, 11, 11.66667], "texture": "#1"},
				"east": {"uv": [11, 11, 10.33333, 11.66667], "texture": "#1"},
				"south": {"uv": [10.33333, 11, 9.66667, 11.66667], "texture": "#1"},
				"west": {"uv": [12.33333, 0.33333, 11.66667, 1], "texture": "#1"},
				"up": {"uv": [12.33333, 1, 11.66667, 1.66667], "texture": "#1"},
				"down": {"uv": [12.33333, 5, 11.66667, 4.33333], "texture": "#1"}
			}
		},
		{
			"from": [7.75, 14.69528, 10.83374],
			"to": [8.25, 16.19528, 13.83374],
			"rotation": {"angle": 0, "axis": "y", "origin": [7.75, 14.69528, 14.33374]},
			"faces": {
				"north": {"uv": [12, 10.33333, 11.66667, 11.33333], "texture": "#1"},
				"east": {"uv": [9, 4.33333, 7, 5.33333], "texture": "#1"},
				"west": {"uv": [9, 5.66667, 7, 6.66667], "texture": "#1"},
				"up": {"uv": [8.66667, 11, 8.33333, 13], "texture": "#1"},
				"down": {"uv": [9.33333, 13, 9, 11], "texture": "#1"}
			}
		},
		{
			"from": [7.75, 14.69528, 13.83374],
			"to": [8.25, 16.69528, 14.33374],
			"rotation": {"angle": 0, "axis": "y", "origin": [7.75, 14.69528, 17.33374]},
			"faces": {
				"north": {"uv": [12, 6.33333, 11.66667, 7.66667], "texture": "#1"},
				"east": {"uv": [6.66667, 11.66667, 6.33333, 13], "texture": "#1"},
				"south": {"uv": [6, 11.66667, 5.66667, 13], "texture": "#1"},
				"west": {"uv": [12, 7.66667, 11.66667, 9], "texture": "#1"},
				"up": {"uv": [2, 12.33333, 1.66667, 12.66667], "texture": "#1"},
				"down": {"uv": [12.66667, 2, 12.33333, 1.66667], "texture": "#1"}
			}
		},
		{
			"from": [7.25, 6.52132, 7.25],
			"to": [8.75, 7.02132, 8.75],
			"rotation": {"angle": 0, "axis": "y", "origin": [8, 6.77132, 8]},
			"faces": {
				"north": {"uv": [11, 11.66667, 12, 12], "texture": "#1"},
				"east": {"uv": [0.33333, 12.33333, 1.33333, 12.66667], "texture": "#1"},
				"south": {"uv": [12.33333, 0.33333, 13.33333, 0.66667], "texture": "#1"},
				"west": {"uv": [12.33333, 1, 13.33333, 1.33333], "texture": "#1"},
				"up": {"uv": [12, 4, 11, 3], "texture": "#1"},
				"down": {"uv": [5.33333, 11, 4.33333, 12], "texture": "#1"}
			}
		},
		{
			"from": [7, 12.52132, 7],
			"to": [9, 13.02132, 9],
			"rotation": {"angle": 0, "axis": "y", "origin": [8, 12.77132, 8]},
			"faces": {
				"north": {"uv": [11.66667, 5, 13, 5.33333], "texture": "#1"},
				"east": {"uv": [11.66667, 9, 13, 9.33333], "texture": "#1"},
				"south": {"uv": [9.66667, 11.66667, 11, 12], "texture": "#1"},
				"west": {"uv": [11.66667, 9.66667, 13, 10], "texture": "#1"},
				"up": {"uv": [8.33333, 9.66667, 7, 8.33333], "texture": "#1"},
				"down": {"uv": [9.66667, 7, 8.33333, 8.33333], "texture": "#1"}
			}
		},
		{
			"from": [7.985, 11.19528, -2.83374],
			"to": [8.015, 16.19528, 6.16626],
			"rotation": {"angle": 0, "axis": "y", "origin": [7.985, 8.69528, -0.83374]},
			"faces": {
				"east": {"uv": [6, 0, 0, 3.33333], "texture": "#1"},
				"west": {"uv": [0, 0, 6, 3.33333], "texture": "#1"}
			}
		},
		{
			"from": [8.72, 17.025, 5.725],
			"to": [8.75, 17.525, 9.725],
			"rotation": {"angle": 22.5, "axis": "x", "origin": [8, 14.86628, 11.18146]},
			"faces": {
				"east": {"uv": [0, 10.66667, 2.66667, 11], "texture": "#0"},
				"west": {"uv": [10.66667, 6.66667, 13.33333, 7], "texture": "#0"}
			}
		},
		{
			"from": [8.72, 17.25112, 9.95012],
			"to": [8.75, 17.75112, 12.95012],
			"rotation": {"angle": 0, "axis": "y", "origin": [8, 16.09046, 13.56863]},
			"faces": {
				"east": {"uv": [0, 11.33333, 2, 11.66667], "texture": "#0"},
				"west": {"uv": [11.33333, 0, 13.33333, 0.33333], "texture": "#0"}
			}
		},
		{
			"from": [8.47, 17.77355, 12.45313],
			"to": [8.5, 18.27355, 14.95313],
			"rotation": {"angle": -22.5, "axis": "x", "origin": [8, 17.44098, 14.883]},
			"faces": {
				"east": {"uv": [2.66667, 12, 3, 13.66667], "rotation": 90, "texture": "#0"},
				"west": {"uv": [3.33333, 12, 3.66667, 13.66667], "rotation": 270, "texture": "#0"}
			}
		},
		{
			"from": [8.22, 17.55723, 14.89895],
			"to": [8.25, 18.05723, 17.39895],
			"rotation": {"angle": 0, "axis": "y", "origin": [8, 17.44098, 14.883]},
			"faces": {
				"east": {"uv": [4, 12, 4.33333, 13.66667], "rotation": 90, "texture": "#0"},
				"west": {"uv": [4.66667, 12, 5, 13.66667], "rotation": 270, "texture": "#0"}
			}
		},
		{
			"from": [9, 17.975, 4.775],
			"to": [10, 19.475, 6.275],
			"rotation": {"angle": 0, "axis": "y", "origin": [8.75, 17.35, 9.525]},
			"faces": {
				"north": {"uv": [2.66667, 10.66667, 3.33333, 11.66667], "texture": "#0"},
				"east": {"uv": [10, 2, 11, 3], "texture": "#0"},
				"south": {"uv": [11.33333, 0.66667, 12, 1.66667], "texture": "#0"},
				"west": {"uv": [8.66667, 10, 9.66667, 11], "texture": "#0"},
				"up": {"uv": [2.66667, 12.33333, 2, 11.33333], "texture": "#0"},
				"down": {"uv": [12, 2, 11.33333, 3], "texture": "#0"}
			}
		},
		{
			"from": [7.75, 17.55723, 14.89895],
			"to": [7.78, 18.05723, 17.39895],
			"rotation": {"angle": 0, "axis": "y", "origin": [8, 17.44098, 14.883]},
			"faces": {
				"east": {"uv": [12, 4.66667, 12.33333, 6.33333], "rotation": 90, "texture": "#0"},
				"west": {"uv": [5.33333, 12, 5.66667, 13.66667], "rotation": 270, "texture": "#0"}
			}
		},
		{
			"from": [7.5, 17.77355, 12.45313],
			"to": [7.53, 18.27355, 14.95313],
			"rotation": {"angle": -22.5, "axis": "x", "origin": [8, 17.44098, 14.883]},
			"faces": {
				"east": {"uv": [6, 12, 6.33333, 13.66667], "rotation": 90, "texture": "#0"},
				"west": {"uv": [6.66667, 12, 7, 13.66667], "rotation": 270, "texture": "#0"}
			}
		},
		{
			"from": [7.25, 17.25112, 9.95012],
			"to": [7.28, 17.75112, 12.95012],
			"rotation": {"angle": 0, "axis": "y", "origin": [8, 16.09046, 13.56863]},
			"faces": {
				"east": {"uv": [11.33333, 3.33333, 13.33333, 3.66667], "texture": "#0"},
				"west": {"uv": [11.33333, 4, 13.33333, 4.33333], "texture": "#0"}
			}
		},
		{
			"from": [7.25, 17.025, 5.725],
			"to": [7.28, 17.525, 9.725],
			"rotation": {"angle": 22.5, "axis": "x", "origin": [8, 14.86628, 11.18146]},
			"faces": {
				"east": {"uv": [10.66667, 7.33333, 13.33333, 7.66667], "texture": "#0"},
				"west": {"uv": [10.66667, 8, 13.33333, 8.33333], "texture": "#0"}
			}
		},
		{
			"from": [6.75, 15.75112, 9.95012],
			"to": [9.25, 17.25112, 12.95012],
			"rotation": {"angle": 0, "axis": "y", "origin": [8, 16.09046, 13.56863]},
			"faces": {
				"north": {"uv": [8, 8.66667, 9.66667, 9.66667], "texture": "#0"},
				"east": {"uv": [8, 2, 10, 3], "texture": "#0"},
				"south": {"uv": [1.33333, 9.33333, 3, 10.33333], "texture": "#0"},
				"west": {"uv": [4, 8.66667, 6, 9.66667], "texture": "#0"},
				"up": {"uv": [7, 5.33333, 5.33333, 3.33333], "texture": "#0"},
				"down": {"uv": [7, 5.33333, 5.33333, 7.33333], "texture": "#0"}
			}
		},
		{
			"from": [6, 17.975, 4.775],
			"to": [7, 19.475, 6.275],
			"rotation": {"angle": 0, "axis": "y", "origin": [7.25, 17.35, 9.525]},
			"faces": {
				"north": {"uv": [11.33333, 4.66667, 12, 5.66667], "texture": "#0"},
				"east": {"uv": [10, 8.66667, 11, 9.66667], "texture": "#0"},
				"south": {"uv": [8.66667, 11.33333, 9.33333, 12.33333], "texture": "#0"},
				"west": {"uv": [10, 10, 11, 11], "texture": "#0"},
				"up": {"uv": [12, 9.66667, 11.33333, 8.66667], "texture": "#0"},
				"down": {"uv": [10, 11.33333, 9.33333, 12.33333], "texture": "#0"}
			}
		},
		{
			"from": [6.75, 16.725, 0.775],
			"to": [9.25, 18.725, 1.775],
			"rotation": {"angle": 0, "axis": "y", "origin": [7.25, 17.6, 9.525]},
			"faces": {
				"north": {"uv": [6.66667, 7.33333, 8.33333, 8.66667], "texture": "#0"},
				"east": {"uv": [4.66667, 6, 5.33333, 7.33333], "texture": "#0"},
				"south": {"uv": [2, 8, 3.66667, 9.33333], "texture": "#0"},
				"west": {"uv": [2, 6.66667, 2.66667, 8], "texture": "#0"},
				"up": {"uv": [10.33333, 8.66667, 8.66667, 8], "texture": "#0"},
				"down": {"uv": [11, 6, 9.33333, 6.66667], "texture": "#0"}
			}
		},
		{
			"from": [6.75, 16.725, 1.775],
			"to": [9.25, 18.225, 4.525],
			"rotation": {"angle": 0, "axis": "y", "origin": [7.25, 17.6, 9.525]},
			"faces": {
				"north": {"uv": [9.33333, 3.33333, 11, 4.33333], "texture": "#0"},
				"east": {"uv": [6, 8.66667, 8, 9.66667], "texture": "#0"},
				"south": {"uv": [9.33333, 4.66667, 11, 5.66667], "texture": "#0"},
				"west": {"uv": [8.66667, 6.66667, 10.66667, 7.66667], "texture": "#0"},
				"up": {"uv": [4.33333, 8, 2.66667, 6], "texture": "#0"},
				"down": {"uv": [1.66667, 6.66667, 0, 8.66667], "texture": "#0"}
			}
		},
		{
			"from": [6.25, 16.725, 4.525],
			"to": [9.75, 19.225, 7.025],
			"rotation": {"angle": 0, "axis": "y", "origin": [7.25, 17.6, 9.525]},
			"faces": {
				"north": {"uv": [0, 2.66667, 2.33333, 4.33333], "texture": "#0"},
				"east": {"uv": [6.66667, 0, 8.33333, 1.66667], "texture": "#0"},
				"south": {"uv": [2.66667, 2.66667, 5, 4.33333], "texture": "#0"},
				"west": {"uv": [7.33333, 3.33333, 9, 5], "texture": "#0"},
				"up": {"uv": [6.33333, 1.66667, 4, 0], "texture": "#0"},
				"down": {"uv": [2.33333, 4.66667, 0, 6.33333], "texture": "#0"}
			}
		},
		{
			"from": [7.25, 17.05723, 14.89895],
			"to": [8.75, 17.55723, 17.39895],
			"rotation": {"angle": 0, "axis": "y", "origin": [8, 17.44098, 14.883]},
			"faces": {
				"north": {"uv": [10.33333, 13, 9.33333, 12.66667], "rotation": 180, "texture": "#0"},
				"east": {"uv": [7.33333, 12, 7.66667, 13.66667], "rotation": 90, "texture": "#0"},
				"south": {"uv": [13.66667, 9.33333, 12.66667, 9.66667], "texture": "#0"},
				"west": {"uv": [8, 12, 8.33333, 13.66667], "rotation": 270, "texture": "#0"},
				"up": {"uv": [3.33333, 10, 4.33333, 11.66667], "texture": "#0"},
				"down": {"uv": [10, 0, 11, 1.66667], "rotation": 180, "texture": "#0"}
			}
		},
		{
			"from": [7, 16.77355, 12.45313],
			"to": [9, 17.77355, 14.95313],
			"rotation": {"angle": -22.5, "axis": "x", "origin": [8, 17.44098, 14.883]},
			"faces": {
				"north": {"uv": [5.33333, 2.66667, 4, 2], "rotation": 180, "texture": "#0"},
				"east": {"uv": [7.33333, 10, 8, 11.66667], "rotation": 90, "texture": "#0"},
				"south": {"uv": [8.66667, 6.66667, 7.33333, 7.33333], "texture": "#0"},
				"west": {"uv": [8, 10, 8.66667, 11.66667], "rotation": 270, "texture": "#0"},
				"up": {"uv": [8.66667, 0, 10, 1.66667], "texture": "#0"},
				"down": {"uv": [0, 8.66667, 1.33333, 10.33333], "rotation": 180, "texture": "#0"}
			}
		},
		{
			"from": [6.5, 15.025, 5.725],
			"to": [9.5, 17.025, 9.725],
			"rotation": {"angle": 22.5, "axis": "x", "origin": [8, 14.86628, 11.18146]},
			"faces": {
				"north": {"uv": [4.66667, 7.33333, 6.66667, 8.66667], "texture": "#0"},
				"east": {"uv": [2.66667, 4.66667, 5.33333, 6], "texture": "#0"},
				"south": {"uv": [7.33333, 5.33333, 9.33333, 6.66667], "texture": "#0"},
				"west": {"uv": [5.33333, 2, 8, 3.33333], "texture": "#0"},
				"up": {"uv": [2, 2.66667, 0, 0], "texture": "#0"},
				"down": {"uv": [4, 0, 2, 2.66667], "texture": "#0"}
			}
		},
		{
			"from": [6.35, 15.125, 9.275],
			"to": [7.35, 16.125, 10.275],
			"rotation": {"angle": 45, "axis": "z", "origin": [6.85, 15.25, 9.65]},
			"faces": {
				"north": {"uv": [3.33333, 9.33333, 4, 10], "texture": "#0"},
				"east": {"uv": [11.33333, 6, 12, 6.66667], "texture": "#0"},
				"south": {"uv": [12, 2, 12.66667, 2.66667], "texture": "#0"},
				"west": {"uv": [12, 2.66667, 12.66667, 3.33333], "texture": "#0"},
				"up": {"uv": [12.66667, 9.33333, 12, 8.66667], "texture": "#0"}
			}
		},
		{
			"from": [6.35, 14.625, 8.775],
			"to": [7.35, 15.125, 10.275],
			"rotation": {"angle": 45, "axis": "z", "origin": [6.85, 15.25, 9.65]},
			"faces": {
				"north": {"uv": [13.33333, 0.66667, 14, 1], "texture": "#0"},
				"east": {"uv": [12.66667, 10, 13.66667, 10.33333], "texture": "#0"},
				"south": {"uv": [1.33333, 13.33333, 2, 13.66667], "texture": "#0"},
				"west": {"uv": [10.66667, 12.66667, 11.66667, 13], "texture": "#0"},
				"up": {"uv": [10.66667, 12.33333, 10, 11.33333], "texture": "#0"},
				"down": {"uv": [12, 10, 11.33333, 11], "texture": "#0"}
			}
		},
		{
			"from": [8.65, 15.125, 9.275],
			"to": [9.65, 16.125, 10.275],
			"rotation": {"angle": -45, "axis": "z", "origin": [9.15, 15.25, 9.65]},
			"faces": {
				"north": {"uv": [12, 9.33333, 12.66667, 10], "texture": "#0"},
				"east": {"uv": [12, 10, 12.66667, 10.66667], "texture": "#0"},
				"south": {"uv": [12, 10.66667, 12.66667, 11.33333], "texture": "#0"},
				"west": {"uv": [12, 11.33333, 12.66667, 12], "texture": "#0"},
				"up": {"uv": [12.66667, 12.66667, 12, 12], "texture": "#0"}
			}
		},
		{
			"from": [8.65, 14.625, 8.775],
			"to": [9.65, 15.125, 10.275],
			"rotation": {"angle": -45, "axis": "z", "origin": [9.15, 15.25, 9.65]},
			"faces": {
				"north": {"uv": [13.33333, 1.33333, 14, 1.66667], "texture": "#0"},
				"east": {"uv": [12.66667, 10.66667, 13.66667, 11], "texture": "#0"},
				"south": {"uv": [2, 13.33333, 2.66667, 13.66667], "texture": "#0"},
				"west": {"uv": [12.66667, 11.33333, 13.66667, 11.66667], "texture": "#0"},
				"up": {"uv": [11.33333, 12.33333, 10.66667, 11.33333], "texture": "#0"},
				"down": {"uv": [12, 11.33333, 11.33333, 12.33333], "texture": "#0"}
			}
		},
		{
			"from": [8.65, 15.875, 6.775],
			"to": [9.65, 16.375, 8.275],
			"rotation": {"angle": -22.5, "axis": "z", "origin": [9.15, 16.5, 7.65]},
			"faces": {
				"north": {"uv": [13.33333, 2, 14, 2.33333], "texture": "#0"},
				"east": {"uv": [12, 12.66667, 13, 13], "texture": "#0"},
				"south": {"uv": [13.33333, 2.66667, 14, 3], "texture": "#0"},
				"west": {"uv": [12.66667, 12, 13.66667, 12.33333], "texture": "#0"},
				"up": {"uv": [0.66667, 13, 0, 12], "texture": "#0"},
				"down": {"uv": [1.33333, 12, 0.66667, 13], "texture": "#0"}
			}
		},
		{
			"from": [8.65, 16.375, 7.275],
			"to": [9.65, 17.375, 8.275],
			"rotation": {"angle": -22.5, "axis": "z", "origin": [9.15, 16.5, 7.65]},
			"faces": {
				"north": {"uv": [12.66667, 0.66667, 13.33333, 1.33333], "texture": "#0"},
				"east": {"uv": [12.66667, 1.33333, 13.33333, 2], "texture": "#0"},
				"south": {"uv": [2, 12.66667, 2.66667, 13.33333], "texture": "#0"},
				"west": {"uv": [12.66667, 2, 13.33333, 2.66667], "texture": "#0"},
				"up": {"uv": [13.33333, 3.33333, 12.66667, 2.66667], "texture": "#0"}
			}
		},
		{
			"from": [6.35, 16.375, 7.275],
			"to": [7.35, 17.375, 8.275],
			"rotation": {"angle": 22.5, "axis": "z", "origin": [6.85, 16.5, 7.65]},
			"faces": {
				"north": {"uv": [12.66667, 4.66667, 13.33333, 5.33333], "texture": "#0"},
				"east": {"uv": [12.66667, 5.33333, 13.33333, 6], "texture": "#0"},
				"south": {"uv": [12.66667, 6, 13.33333, 6.66667], "texture": "#0"},
				"west": {"uv": [8.66667, 12.66667, 9.33333, 13.33333], "texture": "#0"},
				"up": {"uv": [13.33333, 9.33333, 12.66667, 8.66667], "texture": "#0"}
			}
		},
		{
			"from": [6.35, 15.875, 6.775],
			"to": [7.35, 16.375, 8.275],
			"rotation": {"angle": 22.5, "axis": "z", "origin": [6.85, 16.5, 7.65]},
			"faces": {
				"north": {"uv": [13.33333, 3.33333, 14, 3.66667], "texture": "#0"},
				"east": {"uv": [0, 13.33333, 1, 13.66667], "texture": "#0"},
				"south": {"uv": [13.33333, 4, 14, 4.33333], "texture": "#0"},
				"west": {"uv": [13.33333, 0, 14.33333, 0.33333], "texture": "#0"},
				"up": {"uv": [12.66667, 1.66667, 12, 0.66667], "texture": "#0"},
				"down": {"uv": [2, 12, 1.33333, 13], "texture": "#0"}
			}
		}
	],
	"gui_light": "front",
	"display": {
		"thirdperson_righthand": {
			"translation": [0, 1.5, 1]
		},
		"thirdperson_lefthand": {
			"translation": [0, 1.5, 1]
		},
		"firstperson_righthand": {
			"rotation": [15, 0, 5],
			"translation": [4, 0.5, -2.5],
			"scale": [0.75, 0.75, 0.75]
		},
		"firstperson_lefthand": {
			"rotation": [15, 0, 5],
			"translation": [4, 0.5, -2.5],
			"scale": [0.75, 0.75, 0.75]
		},
		"ground": {
			"rotation": [-45, 0, 0],
			"translation": [0, 5, 0],
			"scale": [0.7, 0.7, 0.7]
		},
		"gui": {
			"rotation": [-90, 45, 90],
			"translation": [2.5, -2.5, 0],
			"scale": [0.75, 0.75, 0.75]
		},
		"head": {
			"rotation": [0, -90, 0]
		},
		"fixed": {
			"rotation": [0, -90, 0],
			"translation": [0, 0, -1.75],
			"scale": [2, 2, 2]
		}
	},
	"groups": [
		0,
		1,
		2,
		3,
		4,
		5,
		6,
		7,
		8,
		9,
		10,
		11,
		12,
		13,
		14,
		15,
		16,
		17,
		18,
		19,
		{
			"name": "crocodile",
			"origin": [6.85, 9.5, 7.65],
			"color": 0,
			"boneType": "",
			"children": [20, 21, 22, 23, 24, 25, 26, 27, 28, 29, 30, 31, 32, 33, 34, 35, 36, 37, 38, 39, 40, 41, 42, 43, 44]
		}
	]
}