{
	"credit": "Made with Blockbench",
	"texture_size": [128, 128],
	"textures": {
		"0": "item/multiple/hw_phantom_2024/ghost_texture",
		"1": "item/multiple/hw_phantom_2024/ghost_animation",
		"2": "item/multiple/hw_phantom_2024/ghost_animation2",
		"particle": "item/multiple/hw_phantom_2024/ghost_texture"
	},
	"elements": [
		{
			"from": [8, 8.5, 6.25],
			"to": [10, 15, 9.75],
			"rotation": {"angle": 0, "axis": "y", "origin": [9.5, 10.25, 8]},
			"faces": {
				"north": {"uv": [0.75, 4.5625, 0.5, 5.375], "texture": "#0"},
				"east": {"uv": [0.5, 5.375, 0.0625, 4.5625], "texture": "#0"},
				"south": {"uv": [0.75, 4.5625, 0.5, 5.375], "texture": "#0"},
				"west": {"uv": [0.5, 5.375, 0.0625, 4.5625], "texture": "#0"},
				"up": {"uv": [1.625, 2, 1.375, 1.5625], "texture": "#0"},
				"down": {"uv": [1.625, 2.75, 1.375, 2.3125], "texture": "#0"}
			}
		},
		{
			"from": [9.5, 9.5, 6.75],
			"to": [10.5, 14, 9.25],
			"rotation": {"angle": 0, "axis": "y", "origin": [9.5, 10.75, 8]},
			"faces": {
				"north": {"uv": [1.1875, 4.5625, 1.0625, 5.125], "texture": "#0"},
				"east": {"uv": [1.0625, 5.125, 0.75, 4.5625], "texture": "#0"},
				"south": {"uv": [1.1875, 4.5625, 1.0625, 5.125], "texture": "#0"},
				"west": {"uv": [1.0625, 5.125, 0.75, 4.5625], "texture": "#0"},
				"up": {"uv": [1.5, 2.3125, 1.375, 2], "texture": "#0"},
				"down": {"uv": [1.5, 2.3125, 1.375, 2], "texture": "#0"}
			}
		},
		{
			"from": [6, 8.5, 6.25],
			"to": [8, 15, 9.75],
			"rotation": {"angle": 0, "axis": "y", "origin": [6.5, 10.25, 8]},
			"faces": {
				"north": {"uv": [0.5, 4.5625, 0.75, 5.375], "texture": "#0"},
				"east": {"uv": [0.0625, 5.375, 0.5, 4.5625], "texture": "#0"},
				"south": {"uv": [0.5, 4.5625, 0.75, 5.375], "texture": "#0"},
				"west": {"uv": [0.0625, 5.375, 0.5, 4.5625], "texture": "#0"},
				"up": {"uv": [1.375, 2, 1.625, 1.5625], "texture": "#0"},
				"down": {"uv": [1.375, 2.75, 1.625, 2.3125], "texture": "#0"}
			}
		},
		{
			"from": [5.5, 9.5, 6.75],
			"to": [6.5, 14, 9.25],
			"rotation": {"angle": 0, "axis": "y", "origin": [6.5, 10.75, 8]},
			"faces": {
				"north": {"uv": [1.0625, 4.5625, 1.1875, 5.125], "texture": "#0"},
				"east": {"uv": [0.75, 5.125, 1.0625, 4.5625], "texture": "#0"},
				"south": {"uv": [1.0625, 4.5625, 1.1875, 5.125], "texture": "#0"},
				"west": {"uv": [0.75, 5.125, 1.0625, 4.5625], "texture": "#0"},
				"up": {"uv": [1.375, 2.3125, 1.5, 2], "texture": "#0"},
				"down": {"uv": [1.375, 2.3125, 1.5, 2], "texture": "#0"}
			}
		},
		{
			"from": [7, 9.05, 12.4],
			"to": [9.1, 13.45, 14.5],
			"rotation": {"angle": -45, "axis": "y", "origin": [8, 11.25, 13.4]},
			"faces": {
				"north": {"uv": [1.8125, 4.375, 1.4375, 3.8125], "texture": "#0"},
				"east": {"uv": [1.4375, 4.375, 1.8125, 3.8125], "texture": "#0"},
				"south": {"uv": [1.8125, 4.375, 1.4375, 3.8125], "texture": "#0"},
				"west": {"uv": [1.8125, 4.375, 1.4375, 3.8125], "texture": "#0"},
				"up": {"uv": [1.625, 3, 1.375, 3.25], "rotation": 270, "texture": "#0"},
				"down": {"uv": [1.625, 2.75, 1.375, 3], "rotation": 270, "texture": "#0"}
			}
		},
		{
			"from": [7, 9.05, 1.5],
			"to": [9.1, 13.45, 3.6],
			"rotation": {"angle": 45, "axis": "y", "origin": [8, 11.25, 2.6]},
			"faces": {
				"north": {"uv": [1.4375, 4.375, 1.8125, 3.8125], "texture": "#0"},
				"east": {"uv": [1.8125, 4.375, 1.4375, 3.8125], "texture": "#0"},
				"south": {"uv": [1.4375, 4.375, 1.8125, 3.8125], "texture": "#0"},
				"west": {"uv": [1.4375, 4.375, 1.8125, 3.8125], "texture": "#0"},
				"up": {"uv": [1.375, 3, 1.625, 3.25], "rotation": 270, "texture": "#0"},
				"down": {"uv": [1.375, 2.75, 1.625, 3], "rotation": 270, "texture": "#0"}
			}
		},
		{
			"from": [6.5, -3.5, 6.5],
			"to": [9.5, -2, 9.5],
			"rotation": {"angle": 45, "axis": "y", "origin": [8, -3, 8]},
			"faces": {
				"north": {"uv": [2.1875, 1.75, 2.5625, 1.9375], "texture": "#0"},
				"east": {"uv": [2.5625, 1.75, 2.1875, 1.9375], "texture": "#0"},
				"south": {"uv": [2.1875, 1.75, 2.5625, 1.9375], "texture": "#0"},
				"west": {"uv": [2.5625, 1.75, 2.1875, 1.9375], "texture": "#0"},
				"up": {"uv": [2.5625, 1.375, 2.1875, 1.75], "rotation": 90, "texture": "#0"},
				"down": {"uv": [2.1875, 1.375, 2.5625, 1.75], "rotation": 90, "texture": "#0"}
			}
		},
		{
			"from": [6.5, 7.5, 6.5],
			"to": [9.5, 9, 9.5],
			"rotation": {"angle": 45, "axis": "y", "origin": [8, 8, 8]},
			"faces": {
				"north": {"uv": [2.1875, 1.75, 2.5625, 1.9375], "texture": "#0"},
				"east": {"uv": [2.5625, 1.75, 2.1875, 1.9375], "texture": "#0"},
				"south": {"uv": [2.1875, 1.75, 2.5625, 1.9375], "texture": "#0"},
				"west": {"uv": [2.5625, 1.75, 2.1875, 1.9375], "texture": "#0"},
				"up": {"uv": [2.5625, 1.375, 2.1875, 1.75], "rotation": 90, "texture": "#0"},
				"down": {"uv": [2.1875, 1.375, 2.5625, 1.75], "rotation": 90, "texture": "#0"}
			}
		},
		{
			"from": [6.75, -14, 6.75],
			"to": [9.25, -12.5, 9.25],
			"rotation": {"angle": 45, "axis": "y", "origin": [8, -14.5, 8]},
			"faces": {
				"north": {"uv": [2.1875, 1.9375, 2.5, 2.125], "texture": "#0"},
				"east": {"uv": [2.5, 1.9375, 2.1875, 2.125], "texture": "#0"},
				"south": {"uv": [2.1875, 1.9375, 2.5, 2.125], "texture": "#0"},
				"west": {"uv": [2.5, 1.9375, 2.1875, 2.125], "texture": "#0"}
			}
		},
		{
			"from": [6.5, -12.5, 6.5],
			"to": [9.5, -11, 9.5],
			"rotation": {"angle": 45, "axis": "y", "origin": [8, -11.5, 8]},
			"faces": {
				"north": {"uv": [2.1875, 2.5, 2.5625, 2.6875], "texture": "#0"},
				"east": {"uv": [2.1875, 2.5, 2.5625, 2.6875], "texture": "#0"},
				"south": {"uv": [2.1875, 2.5, 2.5625, 2.6875], "texture": "#0"},
				"west": {"uv": [2.1875, 2.5, 2.5625, 2.6875], "texture": "#0"},
				"up": {"uv": [2.1875, 2.125, 2.5625, 2.5], "texture": "#0"},
				"down": {"uv": [2.1875, 2.125, 2.5625, 2.5], "texture": "#0"}
			}
		},
		{
			"from": [8.1, 17.5, 5],
			"to": [8.1, 28.5, 11],
			"rotation": {"angle": 0, "axis": "y", "origin": [8.1, 22.5, 8]},
			"faces": {
				"north": {"uv": [0, 0, 0, 8], "texture": "#1"},
				"east": {"uv": [6, 0, 0, 11], "texture": "#1"},
				"south": {"uv": [0, 0, 0, 8], "texture": "#1"},
				"west": {"uv": [0, 0, 6, 11], "texture": "#1"},
				"up": {"uv": [0, 6, 0, 0], "texture": "#1"},
				"down": {"uv": [0, 0, 0, 6], "texture": "#1"}
			}
		},
		{
			"from": [6.25, -15.5, 6.25],
			"to": [9.75, -14, 9.75],
			"rotation": {"angle": 45, "axis": "y", "origin": [8, -14.75, 8]},
			"faces": {
				"north": {"uv": [2.1875, 2.6875, 2.625, 2.875], "texture": "#0"},
				"east": {"uv": [2.1875, 2.6875, 2.625, 2.875], "texture": "#0"},
				"south": {"uv": [2.1875, 2.6875, 2.625, 2.875], "texture": "#0"},
				"west": {"uv": [2.1875, 2.6875, 2.625, 2.875], "texture": "#0"},
				"up": {"uv": [2.1875, 2.875, 2.625, 3.3125], "texture": "#0"},
				"down": {"uv": [2.1875, 2.875, 2.625, 3.3125], "texture": "#0"}
			}
		},
		{
			"from": [7, -16, 7],
			"to": [9, 10, 9],
			"rotation": {"angle": 45, "axis": "y", "origin": [8, 4, 8]},
			"faces": {
				"north": {"uv": [2.875, 0, 2.625, 3.25], "texture": "#0"},
				"east": {"uv": [2.625, 0, 2.875, 3.25], "texture": "#0"},
				"south": {"uv": [2.875, 0, 2.625, 3.25], "texture": "#0"},
				"west": {"uv": [2.625, 0, 2.875, 3.25], "texture": "#0"},
				"up": {"uv": [2.1875, 3.125, 1.9375, 3.375], "texture": "#0"},
				"down": {"uv": [2.1875, 3.125, 1.9375, 3.375], "texture": "#0"}
			}
		},
		{
			"from": [7, 15, 7],
			"to": [9, 17.5, 9],
			"rotation": {"angle": 45, "axis": "y", "origin": [8, 12, 8]},
			"faces": {
				"north": {"uv": [4.25, 0, 4.5, 0.3125], "texture": "#0"},
				"east": {"uv": [4.5, 0, 4.25, 0.3125], "texture": "#0"},
				"south": {"uv": [4.25, 0, 4.5, 0.3125], "texture": "#0"},
				"west": {"uv": [4.5, 0, 4.25, 0.3125], "texture": "#0"},
				"up": {"uv": [4.5, 0.3125, 4.25, 0.5625], "texture": "#0"},
				"down": {"uv": [4.5, 0.3125, 4.25, 0.5625], "texture": "#0"}
			}
		},
		{
			"from": [6.5, 9, 2.5],
			"to": [9.5, 13.5, 13.5],
			"rotation": {"angle": 0, "axis": "y", "origin": [8, 3.88858, 8.0625]},
			"faces": {
				"north": {"uv": [1.4375, 3.8125, 1.8125, 3.25], "texture": "#0"},
				"east": {"uv": [0.0625, 3.8125, 1.4375, 3.25], "texture": "#0"},
				"south": {"uv": [1.4375, 3.8125, 1.8125, 3.25], "texture": "#0"},
				"west": {"uv": [0.0625, 3.8125, 1.4375, 3.25], "texture": "#0"},
				"up": {"uv": [0.0625, 3.8125, 1.4375, 4.1875], "rotation": 270, "texture": "#0"},
				"down": {"uv": [0.0625, 4.1875, 1.4375, 4.5625], "rotation": 270, "texture": "#0"}
			}
		},
		{
			"from": [8, -9.8, 13.5],
			"to": [8, 12.2, 26.5],
			"rotation": {"angle": -22.5, "axis": "x", "origin": [8, 1.2, 20]},
			"faces": {
				"north": {"uv": [0, 0, 0, 10], "rotation": 180, "texture": "#missing"},
				"east": {"uv": [6.5, 0, 0, 11], "rotation": 180, "texture": "#2"},
				"south": {"uv": [0, 0, 0, 10], "rotation": 180, "texture": "#missing"},
				"west": {"uv": [0, 0, 6.5, 11], "rotation": 180, "texture": "#2"},
				"up": {"uv": [0, 0, 0, 5], "texture": "#missing"},
				"down": {"uv": [0, 5, 0, 0], "texture": "#missing"}
			}
		},
		{
			"from": [7, 9.7, 0.25],
			"to": [9, 13.2, 15.75],
			"rotation": {"angle": 0, "axis": "y", "origin": [7.8, 5.46583, -1.294]},
			"faces": {
				"north": {"uv": [7, 4.375, 6.75, 4.75], "texture": "#0"},
				"east": {"uv": [0.8125, 6.875, 2.75, 7.25], "texture": "#0"},
				"south": {"uv": [7, 4.375, 6.75, 4.75], "texture": "#0"},
				"west": {"uv": [2.75, 6.875, 0.8125, 7.25], "texture": "#0"},
				"up": {"uv": [1.0625, 7.25, 0.8125, 9.1875], "texture": "#0"},
				"down": {"uv": [1.3125, 7.25, 1.0625, 9.1875], "texture": "#0"}
			}
		},
		{
			"from": [7.25, 9.42183, -0.26922],
			"to": [8.75, 11.92183, 3.23078],
			"rotation": {"angle": -22.5, "axis": "x", "origin": [8, 5.56583, 0.406]},
			"faces": {
				"north": {"uv": [4.1875, 5.1875, 4.375, 5.5], "rotation": 180, "texture": "#0"},
				"east": {"uv": [4.1875, 5.1875, 3.75, 5.5], "rotation": 180, "texture": "#0"},
				"south": {"uv": [4.1875, 5.1875, 4.375, 5.5], "rotation": 180, "texture": "#0"},
				"west": {"uv": [3.75, 5.1875, 4.1875, 5.5], "rotation": 180, "texture": "#0"},
				"up": {"uv": [5, 4.9375, 5.1875, 5.375], "rotation": 180, "texture": "#0"},
				"down": {"uv": [5.1875, 4.9375, 5.375, 5.375], "rotation": 180, "texture": "#0"}
			}
		},
		{
			"from": [7.5, 9.32183, -0.35983],
			"to": [8.5, 10.82183, 2.64017],
			"rotation": {"angle": -45, "axis": "x", "origin": [8, 5.46583, 0.406]},
			"faces": {
				"north": {"uv": [4.75, 5.375, 4.875, 5.1875], "rotation": 180, "texture": "#0"},
				"east": {"uv": [4.75, 5.1875, 4.375, 5.375], "rotation": 180, "texture": "#0"},
				"south": {"uv": [4.75, 5.375, 4.875, 5.1875], "rotation": 180, "texture": "#0"},
				"west": {"uv": [4.375, 5.1875, 4.75, 5.375], "rotation": 180, "texture": "#0"},
				"up": {"uv": [4.75, 5.375, 4.375, 5.5], "rotation": 90, "texture": "#0"},
				"down": {"uv": [5.125, 5.375, 4.75, 5.5], "rotation": 90, "texture": "#0"}
			}
		},
		{
			"from": [7.25, 9.42183, 12.76922],
			"to": [8.75, 11.92183, 16.26922],
			"rotation": {"angle": 22.5, "axis": "x", "origin": [8, 5.56583, 15.594]},
			"faces": {
				"north": {"uv": [4.375, 5.1875, 4.1875, 5.5], "rotation": 180, "texture": "#0"},
				"east": {"uv": [3.75, 5.1875, 4.1875, 5.5], "rotation": 180, "texture": "#0"},
				"south": {"uv": [4.375, 5.1875, 4.1875, 5.5], "rotation": 180, "texture": "#0"},
				"west": {"uv": [4.1875, 5.1875, 3.75, 5.5], "rotation": 180, "texture": "#0"},
				"up": {"uv": [5, 5.375, 5.1875, 4.9375], "rotation": 180, "texture": "#0"},
				"down": {"uv": [5, 5.375, 5.1875, 4.9375], "rotation": 180, "texture": "#0"}
			}
		},
		{
			"from": [7.5, 9.32183, 13.35983],
			"to": [8.5, 10.82183, 16.35983],
			"rotation": {"angle": 45, "axis": "x", "origin": [8, 5.46583, 15.594]},
			"faces": {
				"north": {"uv": [4.875, 5.375, 4.75, 5.1875], "rotation": 180, "texture": "#0"},
				"east": {"uv": [4.75, 5.1875, 4.375, 5.375], "rotation": 180, "texture": "#0"},
				"south": {"uv": [4.875, 5.375, 4.75, 5.1875], "rotation": 180, "texture": "#0"},
				"west": {"uv": [4.75, 5.1875, 4.375, 5.375], "rotation": 180, "texture": "#0"},
				"up": {"uv": [4.375, 5.375, 4.75, 5.5], "rotation": 90, "texture": "#0"},
				"down": {"uv": [4.375, 5.375, 4.75, 5.5], "rotation": 90, "texture": "#0"}
			}
		}
	],
	"gui_light": "front",
	"display": {
		"thirdperson_righthand": {
			"translation": [0, 7, 1.25],
			"scale": [0.6, 0.6, 0.6]
		},
		"thirdperson_lefthand": {
			"translation": [0, 7, 1.25],
			"scale": [0.6, 0.6, 0.6]
		},
		"firstperson_righthand": {
			"rotation": [12, 5, 0],
			"translation": [4.5, 5, -3.5],
			"scale": [0.6, 0.6, 0.6]
		},
		"firstperson_lefthand": {
			"rotation": [12, 5, 0],
			"translation": [4.5, 5, -3.5],
			"scale": [0.6, 0.6, 0.6]
		},
		"ground": {
			"rotation": [0, 0, 88],
			"translation": [-2, 2.5, 0.25],
			"scale": [0.45, 0.45, 0.45]
		},
		"gui": {
			"rotation": [-90, -135, -90],
			"translation": [-2, 2, -1.5],
			"scale": [0.4, 0.4, 0.4]
		},
		"head": {
			"rotation": [90, -156, 90],
			"translation": [-6.5, 10.5, 1.75],
			"scale": [0.6, 0.6, 0.6]
		},
		"fixed": {
			"rotation": [-90, -90, -90],
			"translation": [0, 2.75, -1.75],
			"scale": [1.2, 1.2, 1.2]
		}
	}
}