{
	"credit": "Made with Blockbench",
	"texture_size": [64, 64],
	"textures": {
		"0": "item/hats/cauldron_hat",
		"particle": "item/hats/cauldron_hat"
	},
	"elements": [
		{
			"from": [6, 8, 10],
			"to": [10, 12, 10],
			"rotation": {"angle": 0, "axis": "y", "origin": [8, 10, 10]},
			"faces": {
				"north": {"uv": [14, 4, 15, 5], "texture": "#0"},
				"east": {"uv": [0, 0, 0, 1], "texture": "#0"},
				"south": {"uv": [14, 4, 15, 5], "texture": "#0"},
				"west": {"uv": [0, 0, 0, 1], "texture": "#0"},
				"up": {"uv": [0, 0, 1, 0], "texture": "#0"},
				"down": {"uv": [0, 0, 1, 0], "texture": "#0"}
			}
		},
		{
			"from": [8, 8, 6],
			"to": [12, 12, 6],
			"rotation": {"angle": 45, "axis": "y", "origin": [10, 10, 6]},
			"faces": {
				"north": {"uv": [15, 0, 16, 1], "texture": "#0"},
				"east": {"uv": [0, 0, 0, 1], "texture": "#0"},
				"south": {"uv": [15, 0, 16, 1], "texture": "#0"},
				"west": {"uv": [0, 0, 0, 1], "texture": "#0"},
				"up": {"uv": [0, 0, 1, 0], "texture": "#0"},
				"down": {"uv": [0, 0, 1, 0], "texture": "#0"}
			}
		},
		{
			"from": [4, 6, 6],
			"to": [8, 10, 6],
			"rotation": {"angle": -45, "axis": "y", "origin": [6, 8, 6]},
			"faces": {
				"north": {"uv": [14.5, 13.5, 15.5, 14.5], "texture": "#0"},
				"east": {"uv": [0, 0, 0, 1], "texture": "#0"},
				"south": {"uv": [14.5, 13.5, 15.5, 14.5], "texture": "#0"},
				"west": {"uv": [0, 0, 0, 1], "texture": "#0"},
				"up": {"uv": [0, 0, 1, 0], "texture": "#0"},
				"down": {"uv": [0, 0, 1, 0], "texture": "#0"}
			}
		},
		{
			"name": "head",
			"from": [3, 0, 3],
			"to": [13, 4, 13],
			"shade": false,
			"rotation": {"angle": 0, "axis": "y", "origin": [0, -5, 0]},
			"faces": {
				"north": {"uv": [7, 0, 9.5, 1], "texture": "#0"},
				"east": {"uv": [7, 0, 9.5, 1], "texture": "#0"},
				"south": {"uv": [7, 0, 9.5, 1], "texture": "#0"},
				"west": {"uv": [7, 0, 9.5, 1], "texture": "#0"},
				"up": {"uv": [2.5, 2.5, 0, 0], "texture": "#0"},
				"down": {"uv": [2.5, 2.5, 0, 5], "texture": "#0"}
			}
		},
		{
			"name": "head",
			"from": [-2.5, 2, 6],
			"to": [1.5, 4, 10],
			"shade": false,
			"rotation": {"angle": -22.5, "axis": "z", "origin": [0.5, -5, 0]},
			"faces": {
				"north": {"uv": [5.5, 8, 6.5, 8.5], "texture": "#0"},
				"east": {"uv": [8, 5.5, 9, 6], "texture": "#0"},
				"south": {"uv": [8, 6, 9, 6.5], "texture": "#0"},
				"west": {"uv": [6.5, 8, 7.5, 8.5], "texture": "#0"},
				"up": {"uv": [6, 5, 5, 4], "texture": "#0"},
				"down": {"uv": [5.5, 7, 4.5, 8], "texture": "#0"}
			}
		},
		{
			"name": "head",
			"from": [14.5, 2, 6],
			"to": [18.5, 4, 10],
			"shade": false,
			"rotation": {"angle": 22.5, "axis": "z", "origin": [15.5, -5, 0]},
			"faces": {
				"north": {"uv": [8, 6.5, 9, 7], "texture": "#0"},
				"east": {"uv": [8, 7, 9, 7.5], "texture": "#0"},
				"south": {"uv": [7.5, 8, 8.5, 8.5], "texture": "#0"},
				"west": {"uv": [8, 7.5, 9, 8], "texture": "#0"},
				"up": {"uv": [5.5, 9, 4.5, 8], "texture": "#0"},
				"down": {"uv": [9, 4.5, 8, 5.5], "texture": "#0"}
			}
		},
		{
			"name": "head",
			"from": [4, 4, 4],
			"to": [12, 5, 12],
			"shade": false,
			"rotation": {"angle": 0, "axis": "y", "origin": [0, -5, 0]},
			"faces": {
				"north": {"uv": [2, 8.5, 4, 8.75], "texture": "#0"},
				"east": {"uv": [5.5, 8.5, 7.5, 8.75], "texture": "#0"},
				"south": {"uv": [7.5, 8.5, 9.5, 8.75], "texture": "#0"},
				"west": {"uv": [8.5, 8, 10.5, 8.25], "texture": "#0"},
				"up": {"uv": [8, 8, 6, 6], "texture": "#0"},
				"down": {"uv": [2, 7, 0, 9], "texture": "#0"}
			}
		},
		{
			"name": "head",
			"from": [3, 5, 3],
			"to": [13, 7, 13],
			"shade": false,
			"rotation": {"angle": 0, "axis": "y", "origin": [0, -5, 0]},
			"faces": {
				"north": {"uv": [7, 3, 9.5, 3.5], "texture": "#0"},
				"east": {"uv": [7, 3, 9.5, 3.5], "texture": "#0"},
				"south": {"uv": [7, 3, 9.5, 3.5], "texture": "#0"},
				"west": {"uv": [7, 3, 9.5, 3.5], "texture": "#0"},
				"up": {"uv": [5, 2.5, 2.5, 0], "texture": "#0"},
				"down": {"uv": [5, 2.5, 2.5, 5], "texture": "#0"}
			}
		},
		{
			"name": "head",
			"from": [7, 10.25, 8],
			"to": [8, 16.25, 9],
			"shade": false,
			"rotation": {"angle": -22.5, "axis": "z", "origin": [-4, 0.25, 0]},
			"faces": {
				"north": {"uv": [4, 8.5, 4.25, 10], "texture": "#0"},
				"east": {"uv": [4.25, 8.5, 4.5, 10], "texture": "#0"},
				"south": {"uv": [2, 8.75, 2.25, 10.25], "texture": "#0"},
				"west": {"uv": [2.25, 8.75, 2.5, 10.25], "texture": "#0"},
				"up": {"uv": [5.75, 7.25, 5.5, 7], "texture": "#0"},
				"down": {"uv": [6, 7, 5.75, 7.25], "texture": "#0"}
			}
		}
	],
	"display": {
		"thirdperson_righthand": {
			"translation": [0, 2.5, 0],
			"scale": [0.5, 0.5, 0.5]
		},
		"thirdperson_lefthand": {
			"translation": [0, 2.25, 0],
			"scale": [0.5, 0.5, 0.5]
		},
		"firstperson_righthand": {
			"translation": [4.25, 2.25, 0]
		},
		"firstperson_lefthand": {
			"translation": [5.25, 2.75, 0]
		},
		"ground": {
			"scale": [0.5, 0.5, 0.5]
		},
		"gui": {
			"rotation": [12, -153, 0],
			"translation": [0, 2.75, 0]
		},
		"head": {
			"translation": [0, 13, 0],
			"scale": [1.6, 1.6, 1.6]
		},
		"fixed": {
			"translation": [0, 2.75, 0]
		}
	},
	"groups": [
		{
			"name": "head",
			"origin": [0, 24, 0],
			"color": 0,
			"shade": false,
			"children": [
				{
					"name": "group",
					"origin": [8, 8, 8],
					"color": 0,
					"children": [0, 1, 2]
				},
				3,
				4,
				5,
				6,
				7,
				8
			]
		}
	]
}