{
	"credit": "Made with Blockbench",
	"texture_size": [64, 64],
	"textures": {
		"1": "item/hats/firefighter_hat/firefighter_hat",
		"2": "item/hats/firefighter_hat/firefighter_animation",
		"particle": "item/hats/firefighter_hat/firefighter_animation"
	},
	"elements": [
		{
			"from": [-4, 0, 0],
			"to": [20, 0, 21],
			"faces": {
				"north": {"uv": [0, 0, 6, 0], "texture": "#1"},
				"east": {"uv": [0, 0, 5.25, 0], "texture": "#1"},
				"south": {"uv": [0, 0, 6, 0], "texture": "#1"},
				"west": {"uv": [0, 0, 5.25, 0], "texture": "#1"},
				"up": {"uv": [6, 5.25, 0, 0], "texture": "#1"},
				"down": {"uv": [6, 0, 0, 5.25], "texture": "#1"}
			}
		},
		{
			"from": [5, 1, -0.5],
			"to": [11, 8, 0.5],
			"faces": {
				"north": {"uv": [0, 0, 6, 7], "texture": "#2"},
				"east": {"uv": [12, 12.5, 12.25, 14.25], "texture": "#1"},
				"south": {"uv": [1.5, 10.5, 3, 12.25], "texture": "#1"},
				"west": {"uv": [12.25, 12.5, 12.5, 14.25], "texture": "#1"},
				"up": {"uv": [14, 12.75, 12.5, 12.5], "texture": "#1"},
				"down": {"uv": [4.5, 12.75, 3, 13], "texture": "#1"}
			}
		},
		{
			"from": [6, 8, 2.5],
			"to": [10, 13, 10.5],
			"rotation": {"angle": 0, "axis": "y", "origin": [0, -1, 0]},
			"faces": {
				"north": {"uv": [1, 12.25, 2, 13.5], "texture": "#1"},
				"east": {"uv": [3, 10.5, 5, 11.75], "texture": "#1"},
				"south": {"uv": [2, 12.25, 3, 13.5], "texture": "#1"},
				"west": {"uv": [5, 10.5, 7, 11.75], "texture": "#1"},
				"up": {"uv": [8, 13.75, 7, 11.75], "texture": "#1"},
				"down": {"uv": [9, 11.75, 8, 13.75], "texture": "#1"}
			}
		},
		{
			"from": [6, 8, 10.5],
			"to": [10, 13, 17.5],
			"rotation": {"angle": 22.5, "axis": "x", "origin": [8, 13.5, 10.5]},
			"faces": {
				"north": {"uv": [10, 12.5, 11, 13.75], "texture": "#1"},
				"east": {"uv": [7, 10.5, 8.75, 11.75], "texture": "#1"},
				"south": {"uv": [11, 12.5, 12, 13.75], "texture": "#1"},
				"west": {"uv": [8.75, 10.5, 10.5, 11.75], "texture": "#1"},
				"up": {"uv": [10, 13.5, 9, 11.75], "texture": "#1"},
				"down": {"uv": [1, 12.25, 0, 14], "texture": "#1"}
			}
		},
		{
			"from": [0.5, 0, 0.5],
			"to": [15.5, 9, 15.5],
			"faces": {
				"north": {"uv": [6, 3.75, 9.75, 6], "texture": "#1"},
				"east": {"uv": [6, 6, 9.75, 8.25], "texture": "#1"},
				"south": {"uv": [6, 8.25, 9.75, 10.5], "texture": "#1"},
				"west": {"uv": [9.75, 0, 13.5, 2.25], "texture": "#1"},
				"up": {"uv": [9.75, 3.75, 6, 0], "texture": "#1"}
			}
		},
		{
			"from": [0.525, 5, 0.5],
			"to": [15.475, 9, 8.5],
			"rotation": {"angle": -22.5, "axis": "x", "origin": [0.5, 9, 0.5]},
			"faces": {
				"north": {"uv": [9.75, 6.5, 13.5, 7.5], "texture": "#1"},
				"east": {"uv": [3, 11.75, 5, 12.75], "texture": "#1"},
				"south": {"uv": [9.75, 7.5, 13.5, 8.5], "texture": "#1"},
				"west": {"uv": [5, 11.75, 7, 12.75], "texture": "#1"},
				"up": {"uv": [13.5, 6.5, 9.75, 4.5], "texture": "#1"}
			}
		},
		{
			"from": [0.55, 5, 7.25],
			"to": [15.45, 9, 15.5],
			"rotation": {"angle": 22.5, "axis": "x", "origin": [0.5, 9, 15.5]},
			"faces": {
				"north": {"uv": [9.75, 8.5, 13.5, 9.5], "texture": "#1"},
				"east": {"uv": [10.5, 10.5, 12.625, 11.5], "texture": "#1"},
				"south": {"uv": [9.75, 9.5, 13.5, 10.5], "texture": "#1"},
				"west": {"uv": [10.5, 11.5, 12.625, 12.5], "texture": "#1"},
				"up": {"uv": [13.5, 4.375, 9.75, 2.25], "texture": "#1"}
			}
		}
	],
	"display": {
		"thirdperson_righthand": {
			"rotation": [0, -90, 0],
			"translation": [0, 2.25, 1.5],
			"scale": [0.3, 0.3, 0.3]
		},
		"thirdperson_lefthand": {
			"rotation": [0, -90, 0],
			"translation": [0, 2.25, 1.5],
			"scale": [0.3, 0.3, 0.3]
		},
		"firstperson_righthand": {
			"rotation": [0, -90, 0],
			"translation": [0, 2.25, 1.5],
			"scale": [0.3, 0.3, 0.3]
		},
		"firstperson_lefthand": {
			"rotation": [0, 90, 0],
			"translation": [0, 2.25, 1.5],
			"scale": [0.3, 0.3, 0.3]
		},
		"ground": {
			"scale": [0.4, 0.4, 0.4]
		},
		"gui": {
			"rotation": [30, -135, 0],
			"translation": [0.5, 1.75, 0],
			"scale": [0.5, 0.5, 0.5]
		},
		"head": {
			"translation": [0, 8.75, 0],
			"scale": [0.97, 0.97, 0.97]
		},
		"fixed": {
			"translation": [-0.25, 1, -0.25],
			"scale": [0.75, 0.75, 0.75]
		}
	}
}