{
    "display": {
        "thirdperson_righthand": {
            "translation": [0, 2.5, 0],
            "scale": [0.25, 0.25, 0.25]
        },
        "thirdperson_lefthand": {
            "translation": [0, 2.5, 0],
            "scale": [0.25, 0.25, 0.25]
        },
        "firstperson_righthand": {
            "scale": [0.25, 0.25, 0.25]
        },
        "firstperson_lefthand": {
            "scale": [0.25, 0.25, 0.25]
        },
        "ground": {
            "scale": [0.25, 0.25, 0.25]
        },
        "gui": {
            "rotation": [30, -135, 0],
            "translation": [0, 1.5, 0],
            "scale": [0.8, 0.8, 0.8]
        },
        "head": {
            "translation": [0, 9.5, 0],
            "scale": [1.6, 1.6, 1.6]
        },
        "fixed": {
            "translation": [0, 3, -4]
        }
    },
    "texture_size": [64, 64],
    "textures": {
        "0": "item/hats/green_dino_hat",
        "particle": "item/hats/green_dino_hat"
    },
    "elements": [{
        "from": [3, 4, 1],
        "to": [13, 9, 13],
        "faces": {
            "north": {
                "uv": [8, 14.75, 10.5, 16],
                "texture": "#0"
            },
            "east": {
                "uv": [5, 14.75, 8, 16],
                "texture": "#0"
            },
            "south": {
                "uv": [13.5, 14.75, 16, 16],
                "texture": "#0"
            },
            "west": {
                "uv": [10.5, 14.75, 13.5, 16],
                "texture": "#0"
            },
            "up": {
                "uv": [10.5, 14.75, 8, 11.75],
                "texture": "#0"
            },
            "down": {
                "uv": [13, 11.75, 10.5, 14.75],
                "texture": "#0"
            }
        }
    }, {
        "from": [12, 3, 4],
        "to": [13, 4, 6],
        "faces": {
            "north": {
                "uv": [6.5, 12.5, 6.75, 12.75],
                "texture": "#0"
            },
            "east": {
                "uv": [6, 12.5, 6.5, 12.75],
                "texture": "#0"
            },
            "south": {
                "uv": [7.25, 12.5, 7.5, 12.75],
                "texture": "#0"
            },
            "west": {
                "uv": [6.75, 12.5, 7.25, 12.75],
                "texture": "#0"
            },
            "up": {
                "uv": [6.75, 12.5, 6.5, 12],
                "texture": "#0"
            },
            "down": {
                "uv": [7, 12, 6.75, 12.5],
                "texture": "#0"
            }
        }
    }, {
        "from": [3, 3, 4],
        "to": [4, 4, 6],
        "faces": {
            "north": {
                "uv": [6.5, 12.5, 6.75, 12.75],
                "texture": "#0"
            },
            "east": {
                "uv": [6, 12.5, 6.5, 12.75],
                "texture": "#0"
            },
            "south": {
                "uv": [7.25, 12.5, 7.5, 12.75],
                "texture": "#0"
            },
            "west": {
                "uv": [6.75, 12.5, 7.25, 12.75],
                "texture": "#0"
            },
            "up": {
                "uv": [6.75, 12.5, 6.5, 12],
                "texture": "#0"
            },
            "down": {
                "uv": [7, 12, 6.75, 12.5],
                "texture": "#0"
            }
        }
    }, {
        "from": [12, 3, 1],
        "to": [13, 4, 3],
        "faces": {
            "north": {
                "uv": [6.5, 12.5, 6.75, 12.75],
                "texture": "#0"
            },
            "east": {
                "uv": [6, 12.5, 6.5, 12.75],
                "texture": "#0"
            },
            "south": {
                "uv": [7.25, 12.5, 7.5, 12.75],
                "texture": "#0"
            },
            "west": {
                "uv": [6.75, 12.5, 7.25, 12.75],
                "texture": "#0"
            },
            "up": {
                "uv": [6.75, 12.5, 6.5, 12],
                "texture": "#0"
            },
            "down": {
                "uv": [7, 12, 6.75, 12.5],
                "texture": "#0"
            }
        }
    }, {
        "from": [3, 3, 1],
        "to": [4, 4, 3],
        "faces": {
            "north": {
                "uv": [6.5, 12.5, 6.75, 12.75],
                "texture": "#0"
            },
            "east": {
                "uv": [6, 12.5, 6.5, 12.75],
                "texture": "#0"
            },
            "south": {
                "uv": [7.25, 12.5, 7.5, 12.75],
                "texture": "#0"
            },
            "west": {
                "uv": [6.75, 12.5, 7.25, 12.75],
                "texture": "#0"
            },
            "up": {
                "uv": [6.75, 12.5, 6.5, 12],
                "texture": "#0"
            },
            "down": {
                "uv": [7, 12, 6.75, 12.5],
                "texture": "#0"
            }
        }
    }, {
        "from": [5, 3, 1],
        "to": [7, 4, 2],
        "faces": {
            "north": {
                "uv": [6.25, 12.5, 6.75, 12.75],
                "texture": "#0"
            },
            "east": {
                "uv": [6, 12.5, 6.25, 12.75],
                "texture": "#0"
            },
            "south": {
                "uv": [7, 12.5, 7.5, 12.75],
                "texture": "#0"
            },
            "west": {
                "uv": [6.75, 12.5, 7, 12.75],
                "texture": "#0"
            },
            "up": {
                "uv": [6.75, 12.5, 6.25, 12.25],
                "texture": "#0"
            },
            "down": {
                "uv": [7.25, 12.25, 6.75, 12.5],
                "texture": "#0"
            }
        }
    }, {
        "from": [9, 3, 1],
        "to": [11, 4, 2],
        "faces": {
            "north": {
                "uv": [6.25, 12.5, 6.75, 12.75],
                "texture": "#0"
            },
            "east": {
                "uv": [6, 12.5, 6.25, 12.75],
                "texture": "#0"
            },
            "south": {
                "uv": [7, 12.5, 7.5, 12.75],
                "texture": "#0"
            },
            "west": {
                "uv": [6.75, 12.5, 7, 12.75],
                "texture": "#0"
            },
            "up": {
                "uv": [6.75, 12.5, 6.25, 12.25],
                "texture": "#0"
            },
            "down": {
                "uv": [7.25, 12.25, 6.75, 12.5],
                "texture": "#0"
            }
        }
    }, {
        "from": [7, 7, 11],
        "to": [9, 11, 15],
        "faces": {
            "north": {
                "uv": [9.75, 3, 10.25, 4],
                "texture": "#0"
            },
            "east": {
                "uv": [8.75, 3, 9.75, 4],
                "texture": "#0"
            },
            "south": {
                "uv": [11.25, 3, 11.75, 4],
                "texture": "#0"
            },
            "west": {
                "uv": [10.25, 3, 11.25, 4],
                "texture": "#0"
            },
            "up": {
                "uv": [10.25, 3, 9.75, 2],
                "texture": "#0"
            },
            "down": {
                "uv": [10.75, 2, 10.25, 3],
                "texture": "#0"
            }
        }
    }, {
        "from": [7, 2, 11],
        "to": [9, 6, 15],
        "faces": {
            "north": {
                "uv": [9.75, 3, 10.25, 4],
                "texture": "#0"
            },
            "east": {
                "uv": [8.75, 3, 9.75, 4],
                "texture": "#0"
            },
            "south": {
                "uv": [11.25, 3, 11.75, 4],
                "texture": "#0"
            },
            "west": {
                "uv": [10.25, 3, 11.25, 4],
                "texture": "#0"
            },
            "up": {
                "uv": [10.25, 3, 9.75, 2],
                "texture": "#0"
            },
            "down": {
                "uv": [10.75, 2, 10.25, 3],
                "texture": "#0"
            }
        }
    }, {
        "from": [7, -3, 11],
        "to": [9, 1, 15],
        "faces": {
            "north": {
                "uv": [9.75, 3, 10.25, 4],
                "texture": "#0"
            },
            "east": {
                "uv": [8.75, 3, 9.75, 4],
                "texture": "#0"
            },
            "south": {
                "uv": [11.25, 3, 11.75, 4],
                "texture": "#0"
            },
            "west": {
                "uv": [10.25, 3, 11.25, 4],
                "texture": "#0"
            },
            "up": {
                "uv": [10.25, 3, 9.75, 2],
                "texture": "#0"
            },
            "down": {
                "uv": [10.75, 2, 10.25, 3],
                "texture": "#0"
            }
        }
    }, {
        "from": [10, 9, 7],
        "to": [13, 12, 12],
        "faces": {
            "north": {
                "uv": [13.25, 1.25, 14, 2],
                "texture": "#0"
            },
            "east": {
                "uv": [12, 1.25, 13.25, 2],
                "texture": "#0"
            },
            "south": {
                "uv": [15.25, 1.25, 16, 2],
                "texture": "#0"
            },
            "west": {
                "uv": [14, 1.25, 15.25, 2],
                "texture": "#0"
            },
            "up": {
                "uv": [14, 1.25, 13.25, 0],
                "texture": "#0"
            },
            "down": {
                "uv": [14.75, 0, 14, 1.25],
                "texture": "#0"
            }
        }
    }, {
        "from": [3, 9, 7],
        "to": [6, 12, 12],
        "shade": false,
        "rotation": {
            "angle": 0,
            "axis": "y",
            "origin": [16, 0, 0]
        },
        "faces": {
            "north": {
                "uv": [14, 1.25, 13.25, 2],
                "texture": "#0"
            },
            "east": {
                "uv": [15.25, 1.25, 14, 2],
                "texture": "#0"
            },
            "south": {
                "uv": [16, 1.25, 15.25, 2],
                "texture": "#0"
            },
            "west": {
                "uv": [13.25, 1.25, 12, 2],
                "texture": "#0"
            },
            "up": {
                "uv": [13.25, 1.25, 14, 0],
                "texture": "#0"
            },
            "down": {
                "uv": [14, 0, 14.75, 1.25],
                "texture": "#0"
            }
        }
    }, {
        "from": [3, -2, 8],
        "to": [13, 4, 13],
        "faces": {
            "north": {
                "uv": [9.75, 7, 12.25, 8.5],
                "texture": "#0"
            },
            "east": {
                "uv": [8.5, 7, 9.75, 8.5],
                "texture": "#0"
            },
            "south": {
                "uv": [13.5, 7, 16, 8.5],
                "texture": "#0"
            },
            "west": {
                "uv": [12.25, 7, 13.5, 8.5],
                "texture": "#0"
            },
            "up": {
                "uv": [12.25, 7, 9.75, 5.75],
                "texture": "#0"
            },
            "down": {
                "uv": [14.75, 5.75, 12.25, 7],
                "texture": "#0"
            }
        }
    }]
}