{
	"credit": "Made with Blockbench",
	"textures": {
		"0": "item/multiple/xmas_magic_stone/magic_stone",
		"1": "item/multiple/xmas_magic_stone/magic_stone_animation_1texture",
		"2": "item/multiple/xmas_magic_stone/magic_stone_animation_3texture",
		"3": "item/multiple/xmas_magic_stone/magic_stone_animation_2texture",
		"particle": "item/multiple/xmas_magic_stone/magic_stone"
	},
	"elements": [
		{
			"from": [4, 7, 1],
			"to": [6, 8, 2],
			"rotation": {"angle": 0, "axis": "y", "origin": [7.5, 9, 8.6]},
			"faces": {
				"north": {"uv": [1.125, 7.875, 1.375, 7.375], "rotation": 90, "texture": "#0"},
				"east": {"uv": [1.125, 7.625, 1.375, 7.375], "rotation": 270, "texture": "#0"},
				"south": {"uv": [1.125, 7.875, 1.375, 7.375], "rotation": 270, "texture": "#0"},
				"west": {"uv": [1.125, 7.625, 1.375, 7.375], "rotation": 270, "texture": "#0"},
				"up": {"uv": [1.125, 7.875, 1.375, 7.375], "rotation": 270, "texture": "#0"},
				"down": {"uv": [1.125, 7.875, 1.375, 7.375], "rotation": 270, "texture": "#0"}
			}
		},
		{
			"from": [3.5, 6, 0.5],
			"to": [6.5, 7, 2.5],
			"rotation": {"angle": 0, "axis": "y", "origin": [7.5, 9, 8.6]},
			"faces": {
				"north": {"uv": [7.75, 3.25, 8, 2.5], "rotation": 90, "texture": "#0"},
				"east": {"uv": [8, 7.75, 7.75, 8.25], "rotation": 270, "texture": "#0"},
				"south": {"uv": [7.75, 4, 8, 3.25], "rotation": 270, "texture": "#0"},
				"west": {"uv": [0.25, 8.5, 0, 8], "rotation": 270, "texture": "#0"},
				"up": {"uv": [1, 8, 1.5, 7.25], "rotation": 270, "texture": "#0"},
				"down": {"uv": [1.5, 8, 2, 7.25], "rotation": 270, "texture": "#0"}
			}
		},
		{
			"from": [4, 5, 1],
			"to": [6, 6, 2],
			"rotation": {"angle": 0, "axis": "y", "origin": [7.5, 9, 8.6]},
			"faces": {
				"north": {"uv": [0.75, 5.5, 1, 5], "rotation": 90, "texture": "#0"},
				"east": {"uv": [2, 5.5, 1.75, 5.75], "rotation": 270, "texture": "#0"},
				"south": {"uv": [3, 6.25, 3.25, 5.75], "rotation": 270, "texture": "#0"},
				"west": {"uv": [0.75, 6.25, 0.5, 6], "rotation": 270, "texture": "#0"},
				"up": {"uv": [3.75, 6, 4, 5.5], "rotation": 270, "texture": "#0"},
				"down": {"uv": [4.75, 7, 5, 6.5], "rotation": 270, "texture": "#0"}
			}
		},
		{
			"from": [3.5, 3, 0.5],
			"to": [6.5, 5, 2.5],
			"rotation": {"angle": 0, "axis": "y", "origin": [7.5, 9, 8.6]},
			"faces": {
				"north": {"uv": [0, 8, 0.5, 7.25], "rotation": 90, "texture": "#0"},
				"east": {"uv": [5.75, 7.5, 5.25, 8], "rotation": 270, "texture": "#0"},
				"south": {"uv": [0.5, 8, 1, 7.25], "rotation": 270, "texture": "#0"},
				"west": {"uv": [5.75, 7.5, 5.25, 8], "rotation": 270, "texture": "#0"},
				"up": {"uv": [7.25, 0.75, 7.75, 0], "rotation": 270, "texture": "#0"},
				"down": {"uv": [7.25, 1.5, 7.75, 0.75], "rotation": 270, "texture": "#0"}
			}
		},
		{
			"from": [10, 7, 1],
			"to": [12, 8, 2],
			"rotation": {"angle": 0, "axis": "y", "origin": [8.5, 9, 8.6]},
			"faces": {
				"north": {"uv": [1.125, 7.375, 1.375, 7.875], "rotation": 90, "texture": "#0"},
				"east": {"uv": [1.125, 7.375, 1.375, 7.625], "rotation": 270, "texture": "#0"},
				"south": {"uv": [1.125, 7.375, 1.375, 7.875], "rotation": 270, "texture": "#0"},
				"west": {"uv": [1.125, 7.375, 1.375, 7.625], "rotation": 270, "texture": "#0"},
				"up": {"uv": [1.125, 7.375, 1.375, 7.875], "rotation": 270, "texture": "#0"},
				"down": {"uv": [1.125, 7.375, 1.375, 7.875], "rotation": 270, "texture": "#0"}
			}
		},
		{
			"from": [9.5, 6, 0.5],
			"to": [12.5, 7, 2.5],
			"rotation": {"angle": 0, "axis": "y", "origin": [8.5, 9, 8.6]},
			"faces": {
				"north": {"uv": [7.75, 2.5, 8, 3.25], "rotation": 90, "texture": "#0"},
				"east": {"uv": [0.25, 8, 0, 8.5], "rotation": 270, "texture": "#0"},
				"south": {"uv": [7.75, 3.25, 8, 4], "rotation": 270, "texture": "#0"},
				"west": {"uv": [8, 8.25, 7.75, 7.75], "rotation": 270, "texture": "#0"},
				"up": {"uv": [1, 7.25, 1.5, 8], "rotation": 270, "texture": "#0"},
				"down": {"uv": [1.5, 7.25, 2, 8], "rotation": 270, "texture": "#0"}
			}
		},
		{
			"from": [10, 5, 1],
			"to": [12, 6, 2],
			"rotation": {"angle": 0, "axis": "y", "origin": [8.5, 9, 8.6]},
			"faces": {
				"north": {"uv": [0.75, 5, 1, 5.5], "rotation": 90, "texture": "#0"},
				"east": {"uv": [0.75, 6, 0.5, 6.25], "rotation": 270, "texture": "#0"},
				"south": {"uv": [3, 5.75, 3.25, 6.25], "rotation": 270, "texture": "#0"},
				"west": {"uv": [2, 5.75, 1.75, 5.5], "rotation": 270, "texture": "#0"},
				"up": {"uv": [3.75, 5.5, 4, 6], "rotation": 270, "texture": "#0"},
				"down": {"uv": [4.75, 6.5, 5, 7], "rotation": 270, "texture": "#0"}
			}
		},
		{
			"from": [9.5, 3, 0.5],
			"to": [12.5, 5, 2.5],
			"rotation": {"angle": 0, "axis": "y", "origin": [8.5, 9, 8.6]},
			"faces": {
				"north": {"uv": [0, 7.25, 0.5, 8], "rotation": 90, "texture": "#0"},
				"east": {"uv": [5.75, 8, 5.25, 7.5], "rotation": 270, "texture": "#0"},
				"south": {"uv": [0.5, 7.25, 1, 8], "rotation": 270, "texture": "#0"},
				"west": {"uv": [5.75, 8, 5.25, 7.5], "rotation": 270, "texture": "#0"},
				"up": {"uv": [7.25, 0, 7.75, 0.75], "rotation": 270, "texture": "#0"},
				"down": {"uv": [7.25, 0.75, 7.75, 1.5], "rotation": 270, "texture": "#0"}
			}
		},
		{
			"from": [14, 7, 4.5],
			"to": [15, 8, 6.5],
			"rotation": {"angle": 0, "axis": "y", "origin": [7.5, 9, 7.6]},
			"faces": {
				"north": {"uv": [1.125, 7.625, 1.375, 7.375], "rotation": 270, "texture": "#0"},
				"east": {"uv": [1.125, 7.875, 1.375, 7.375], "rotation": 90, "texture": "#0"},
				"south": {"uv": [1.125, 7.625, 1.375, 7.375], "rotation": 270, "texture": "#0"},
				"west": {"uv": [1.125, 7.875, 1.375, 7.375], "rotation": 270, "texture": "#0"},
				"up": {"uv": [1.125, 7.875, 1.375, 7.375], "texture": "#0"},
				"down": {"uv": [1.125, 7.875, 1.375, 7.375], "rotation": 180, "texture": "#0"}
			}
		},
		{
			"from": [13.5, 6, 4],
			"to": [15.5, 7, 7],
			"rotation": {"angle": 0, "axis": "y", "origin": [7.5, 9, 7.6]},
			"faces": {
				"north": {"uv": [0.25, 8.5, 0, 8], "rotation": 270, "texture": "#0"},
				"east": {"uv": [7.75, 3.25, 8, 2.5], "rotation": 90, "texture": "#0"},
				"south": {"uv": [8, 7.75, 7.75, 8.25], "rotation": 270, "texture": "#0"},
				"west": {"uv": [7.75, 4, 8, 3.25], "rotation": 270, "texture": "#0"},
				"up": {"uv": [1, 8, 1.5, 7.25], "texture": "#0"},
				"down": {"uv": [1.5, 8, 2, 7.25], "rotation": 180, "texture": "#0"}
			}
		},
		{
			"from": [14, 7, 9.5],
			"to": [15, 8, 11.5],
			"rotation": {"angle": 0, "axis": "y", "origin": [7.5, 9, 8.6]},
			"faces": {
				"north": {"uv": [1.125, 7.375, 1.375, 7.625], "rotation": 270, "texture": "#0"},
				"east": {"uv": [1.125, 7.375, 1.375, 7.875], "rotation": 90, "texture": "#0"},
				"south": {"uv": [1.125, 7.375, 1.375, 7.625], "rotation": 270, "texture": "#0"},
				"west": {"uv": [1.125, 7.375, 1.375, 7.875], "rotation": 270, "texture": "#0"},
				"up": {"uv": [1.125, 7.375, 1.375, 7.875], "texture": "#0"},
				"down": {"uv": [1.125, 7.375, 1.375, 7.875], "rotation": 180, "texture": "#0"}
			}
		},
		{
			"from": [13.5, 6, 9],
			"to": [15.5, 7, 12],
			"rotation": {"angle": 0, "axis": "y", "origin": [7.5, 9, 8.6]},
			"faces": {
				"north": {"uv": [8, 8.25, 7.75, 7.75], "rotation": 270, "texture": "#0"},
				"east": {"uv": [7.75, 2.5, 8, 3.25], "rotation": 90, "texture": "#0"},
				"south": {"uv": [0.25, 8, 0, 8.5], "rotation": 270, "texture": "#0"},
				"west": {"uv": [7.75, 3.25, 8, 4], "rotation": 270, "texture": "#0"},
				"up": {"uv": [1, 7.25, 1.5, 8], "texture": "#0"},
				"down": {"uv": [1.5, 7.25, 2, 8], "rotation": 180, "texture": "#0"}
			}
		},
		{
			"from": [14, 5, 9.5],
			"to": [15, 6, 11.5],
			"rotation": {"angle": 0, "axis": "y", "origin": [7.5, 9, 8.6]},
			"faces": {
				"north": {"uv": [2, 5.75, 1.75, 5.5], "rotation": 270, "texture": "#0"},
				"east": {"uv": [0.75, 5, 1, 5.5], "rotation": 90, "texture": "#0"},
				"south": {"uv": [0.75, 6, 0.5, 6.25], "rotation": 270, "texture": "#0"},
				"west": {"uv": [3, 5.75, 3.25, 6.25], "rotation": 270, "texture": "#0"},
				"up": {"uv": [3.75, 5.5, 4, 6], "texture": "#0"},
				"down": {"uv": [4.75, 6.5, 5, 7], "rotation": 180, "texture": "#0"}
			}
		},
		{
			"from": [13.5, 3, 9],
			"to": [15.5, 5, 12],
			"rotation": {"angle": 0, "axis": "y", "origin": [7.5, 9, 8.6]},
			"faces": {
				"north": {"uv": [5.75, 8, 5.25, 7.5], "rotation": 270, "texture": "#0"},
				"east": {"uv": [0, 7.25, 0.5, 8], "rotation": 90, "texture": "#0"},
				"south": {"uv": [5.75, 8, 5.25, 7.5], "rotation": 270, "texture": "#0"},
				"west": {"uv": [0.5, 7.25, 1, 8], "rotation": 270, "texture": "#0"},
				"up": {"uv": [7.25, 0, 7.75, 0.75], "texture": "#0"},
				"down": {"uv": [7.25, 0.75, 7.75, 1.5], "rotation": 180, "texture": "#0"}
			}
		},
		{
			"from": [13.5, 3, 4],
			"to": [15.5, 5, 7],
			"rotation": {"angle": 0, "axis": "y", "origin": [7.5, 9, 7.6]},
			"faces": {
				"north": {"uv": [5.75, 7.5, 5.25, 8], "rotation": 270, "texture": "#0"},
				"east": {"uv": [0, 8, 0.5, 7.25], "rotation": 90, "texture": "#0"},
				"south": {"uv": [5.75, 7.5, 5.25, 8], "rotation": 270, "texture": "#0"},
				"west": {"uv": [0.5, 8, 1, 7.25], "rotation": 270, "texture": "#0"},
				"up": {"uv": [7.25, 0.75, 7.75, 0], "texture": "#0"},
				"down": {"uv": [7.25, 1.5, 7.75, 0.75], "rotation": 180, "texture": "#0"}
			}
		},
		{
			"from": [14, 5, 4.5],
			"to": [15, 6, 6.5],
			"rotation": {"angle": 0, "axis": "y", "origin": [7.5, 9, 7.6]},
			"faces": {
				"north": {"uv": [0.75, 6.25, 0.5, 6], "rotation": 270, "texture": "#0"},
				"east": {"uv": [0.75, 5.5, 1, 5], "rotation": 90, "texture": "#0"},
				"south": {"uv": [2, 5.5, 1.75, 5.75], "rotation": 270, "texture": "#0"},
				"west": {"uv": [3, 6.25, 3.25, 5.75], "rotation": 270, "texture": "#0"},
				"up": {"uv": [3.75, 6, 4, 5.5], "texture": "#0"},
				"down": {"uv": [4.75, 7, 5, 6.5], "rotation": 180, "texture": "#0"}
			}
		},
		{
			"from": [1, 7, 4.5],
			"to": [2, 8, 6.5],
			"rotation": {"angle": 0, "axis": "y", "origin": [8.5, 9, 7.6]},
			"faces": {
				"north": {"uv": [1.125, 7.375, 1.375, 7.625], "rotation": 270, "texture": "#0"},
				"east": {"uv": [1.125, 7.375, 1.375, 7.875], "rotation": 270, "texture": "#0"},
				"south": {"uv": [1.125, 7.375, 1.375, 7.625], "rotation": 270, "texture": "#0"},
				"west": {"uv": [1.125, 7.375, 1.375, 7.875], "rotation": 90, "texture": "#0"},
				"up": {"uv": [1.375, 7.875, 1.125, 7.375], "texture": "#0"},
				"down": {"uv": [1.375, 7.875, 1.125, 7.375], "rotation": 180, "texture": "#0"}
			}
		},
		{
			"from": [0.5, 6, 4],
			"to": [2.5, 7, 7],
			"rotation": {"angle": 0, "axis": "y", "origin": [8.5, 9, 7.6]},
			"faces": {
				"north": {"uv": [0.25, 8, 0, 8.5], "rotation": 270, "texture": "#0"},
				"east": {"uv": [7.75, 3.25, 8, 4], "rotation": 270, "texture": "#0"},
				"south": {"uv": [8, 8.25, 7.75, 7.75], "rotation": 270, "texture": "#0"},
				"west": {"uv": [7.75, 2.5, 8, 3.25], "rotation": 90, "texture": "#0"},
				"up": {"uv": [1.5, 8, 1, 7.25], "texture": "#0"},
				"down": {"uv": [2, 8, 1.5, 7.25], "rotation": 180, "texture": "#0"}
			}
		},
		{
			"from": [1, 7, 9.5],
			"to": [2, 8, 11.5],
			"rotation": {"angle": 0, "axis": "y", "origin": [8.5, 9, 8.6]},
			"faces": {
				"north": {"uv": [1.125, 7.625, 1.375, 7.375], "rotation": 270, "texture": "#0"},
				"east": {"uv": [1.125, 7.875, 1.375, 7.375], "rotation": 270, "texture": "#0"},
				"south": {"uv": [1.125, 7.625, 1.375, 7.375], "rotation": 270, "texture": "#0"},
				"west": {"uv": [1.125, 7.875, 1.375, 7.375], "rotation": 90, "texture": "#0"},
				"up": {"uv": [1.375, 7.375, 1.125, 7.875], "texture": "#0"},
				"down": {"uv": [1.375, 7.375, 1.125, 7.875], "rotation": 180, "texture": "#0"}
			}
		},
		{
			"from": [0.5, 6, 9],
			"to": [2.5, 7, 12],
			"rotation": {"angle": 0, "axis": "y", "origin": [8.5, 9, 8.6]},
			"faces": {
				"north": {"uv": [8, 7.75, 7.75, 8.25], "rotation": 270, "texture": "#0"},
				"east": {"uv": [7.75, 4, 8, 3.25], "rotation": 270, "texture": "#0"},
				"south": {"uv": [0.25, 8.5, 0, 8], "rotation": 270, "texture": "#0"},
				"west": {"uv": [7.75, 3.25, 8, 2.5], "rotation": 90, "texture": "#0"},
				"up": {"uv": [1.5, 7.25, 1, 8], "texture": "#0"},
				"down": {"uv": [2, 7.25, 1.5, 8], "rotation": 180, "texture": "#0"}
			}
		},
		{
			"from": [1, 5, 9.5],
			"to": [2, 6, 11.5],
			"rotation": {"angle": 0, "axis": "y", "origin": [8.5, 9, 8.6]},
			"faces": {
				"north": {"uv": [2, 5.5, 1.75, 5.75], "rotation": 270, "texture": "#0"},
				"east": {"uv": [3, 6.25, 3.25, 5.75], "rotation": 270, "texture": "#0"},
				"south": {"uv": [0.75, 6.25, 0.5, 6], "rotation": 270, "texture": "#0"},
				"west": {"uv": [0.75, 5.5, 1, 5], "rotation": 90, "texture": "#0"},
				"up": {"uv": [4, 5.5, 3.75, 6], "texture": "#0"},
				"down": {"uv": [5, 6.5, 4.75, 7], "rotation": 180, "texture": "#0"}
			}
		},
		{
			"from": [0.5, 3, 9],
			"to": [2.5, 5, 12],
			"rotation": {"angle": 0, "axis": "y", "origin": [8.5, 9, 8.6]},
			"faces": {
				"north": {"uv": [5.75, 7.5, 5.25, 8], "rotation": 270, "texture": "#0"},
				"east": {"uv": [0.5, 8, 1, 7.25], "rotation": 270, "texture": "#0"},
				"south": {"uv": [5.75, 7.5, 5.25, 8], "rotation": 270, "texture": "#0"},
				"west": {"uv": [0, 8, 0.5, 7.25], "rotation": 90, "texture": "#0"},
				"up": {"uv": [7.75, 0, 7.25, 0.75], "texture": "#0"},
				"down": {"uv": [7.75, 0.75, 7.25, 1.5], "rotation": 180, "texture": "#0"}
			}
		},
		{
			"from": [0.5, 3, 4],
			"to": [2.5, 5, 7],
			"rotation": {"angle": 0, "axis": "y", "origin": [8.5, 9, 7.6]},
			"faces": {
				"north": {"uv": [5.75, 8, 5.25, 7.5], "rotation": 270, "texture": "#0"},
				"east": {"uv": [0.5, 7.25, 1, 8], "rotation": 270, "texture": "#0"},
				"south": {"uv": [5.75, 8, 5.25, 7.5], "rotation": 270, "texture": "#0"},
				"west": {"uv": [0, 7.25, 0.5, 8], "rotation": 90, "texture": "#0"},
				"up": {"uv": [7.75, 0.75, 7.25, 0], "texture": "#0"},
				"down": {"uv": [7.75, 1.5, 7.25, 0.75], "rotation": 180, "texture": "#0"}
			}
		},
		{
			"from": [1, 5, 4.5],
			"to": [2, 6, 6.5],
			"rotation": {"angle": 0, "axis": "y", "origin": [8.5, 9, 7.6]},
			"faces": {
				"north": {"uv": [0.75, 6, 0.5, 6.25], "rotation": 270, "texture": "#0"},
				"east": {"uv": [3, 5.75, 3.25, 6.25], "rotation": 270, "texture": "#0"},
				"south": {"uv": [2, 5.75, 1.75, 5.5], "rotation": 270, "texture": "#0"},
				"west": {"uv": [0.75, 5, 1, 5.5], "rotation": 90, "texture": "#0"},
				"up": {"uv": [4, 6, 3.75, 5.5], "texture": "#0"},
				"down": {"uv": [5, 7, 4.75, 6.5], "rotation": 180, "texture": "#0"}
			}
		},
		{
			"from": [4, 7, 14],
			"to": [6, 8, 15],
			"rotation": {"angle": 0, "axis": "y", "origin": [7.5, 9, 7.6]},
			"faces": {
				"north": {"uv": [1.125, 7.375, 1.375, 7.875], "rotation": 270, "texture": "#0"},
				"east": {"uv": [1.125, 7.375, 1.375, 7.625], "rotation": 270, "texture": "#0"},
				"south": {"uv": [1.125, 7.375, 1.375, 7.875], "rotation": 90, "texture": "#0"},
				"west": {"uv": [1.125, 7.375, 1.375, 7.625], "rotation": 270, "texture": "#0"},
				"up": {"uv": [1.375, 7.875, 1.125, 7.375], "rotation": 270, "texture": "#0"},
				"down": {"uv": [1.375, 7.875, 1.125, 7.375], "rotation": 270, "texture": "#0"}
			}
		},
		{
			"from": [3.5, 6, 13.5],
			"to": [6.5, 7, 15.5],
			"rotation": {"angle": 0, "axis": "y", "origin": [7.5, 9, 7.6]},
			"faces": {
				"north": {"uv": [7.75, 3.25, 8, 4], "rotation": 270, "texture": "#0"},
				"east": {"uv": [8, 8.25, 7.75, 7.75], "rotation": 270, "texture": "#0"},
				"south": {"uv": [7.75, 2.5, 8, 3.25], "rotation": 90, "texture": "#0"},
				"west": {"uv": [0.25, 8, 0, 8.5], "rotation": 270, "texture": "#0"},
				"up": {"uv": [1.5, 8, 1, 7.25], "rotation": 270, "texture": "#0"},
				"down": {"uv": [2, 8, 1.5, 7.25], "rotation": 270, "texture": "#0"}
			}
		},
		{
			"from": [4, 5, 14],
			"to": [6, 6, 15],
			"rotation": {"angle": 0, "axis": "y", "origin": [7.5, 9, 7.6]},
			"faces": {
				"north": {"uv": [3, 5.75, 3.25, 6.25], "rotation": 270, "texture": "#0"},
				"east": {"uv": [2, 5.75, 1.75, 5.5], "rotation": 270, "texture": "#0"},
				"south": {"uv": [0.75, 5, 1, 5.5], "rotation": 90, "texture": "#0"},
				"west": {"uv": [0.75, 6, 0.5, 6.25], "rotation": 270, "texture": "#0"},
				"up": {"uv": [4, 6, 3.75, 5.5], "rotation": 270, "texture": "#0"},
				"down": {"uv": [5, 7, 4.75, 6.5], "rotation": 270, "texture": "#0"}
			}
		},
		{
			"from": [3.5, 3, 13.5],
			"to": [6.5, 5, 15.5],
			"rotation": {"angle": 0, "axis": "y", "origin": [7.5, 9, 7.6]},
			"faces": {
				"north": {"uv": [0.5, 7.25, 1, 8], "rotation": 270, "texture": "#0"},
				"east": {"uv": [5.75, 8, 5.25, 7.5], "rotation": 270, "texture": "#0"},
				"south": {"uv": [0, 7.25, 0.5, 8], "rotation": 90, "texture": "#0"},
				"west": {"uv": [5.75, 8, 5.25, 7.5], "rotation": 270, "texture": "#0"},
				"up": {"uv": [7.75, 0.75, 7.25, 0], "rotation": 270, "texture": "#0"},
				"down": {"uv": [7.75, 1.5, 7.25, 0.75], "rotation": 270, "texture": "#0"}
			}
		},
		{
			"from": [10, 7, 14],
			"to": [12, 8, 15],
			"rotation": {"angle": 0, "axis": "y", "origin": [8.5, 9, 7.6]},
			"faces": {
				"north": {"uv": [1.125, 7.875, 1.375, 7.375], "rotation": 270, "texture": "#0"},
				"east": {"uv": [1.125, 7.625, 1.375, 7.375], "rotation": 270, "texture": "#0"},
				"south": {"uv": [1.125, 7.875, 1.375, 7.375], "rotation": 90, "texture": "#0"},
				"west": {"uv": [1.125, 7.625, 1.375, 7.375], "rotation": 270, "texture": "#0"},
				"up": {"uv": [1.375, 7.375, 1.125, 7.875], "rotation": 270, "texture": "#0"},
				"down": {"uv": [1.375, 7.375, 1.125, 7.875], "rotation": 270, "texture": "#0"}
			}
		},
		{
			"from": [9.5, 6, 13.5],
			"to": [12.5, 7, 15.5],
			"rotation": {"angle": 0, "axis": "y", "origin": [8.5, 9, 7.6]},
			"faces": {
				"north": {"uv": [7.75, 4, 8, 3.25], "rotation": 270, "texture": "#0"},
				"east": {"uv": [0.25, 8.5, 0, 8], "rotation": 270, "texture": "#0"},
				"south": {"uv": [7.75, 3.25, 8, 2.5], "rotation": 90, "texture": "#0"},
				"west": {"uv": [8, 7.75, 7.75, 8.25], "rotation": 270, "texture": "#0"},
				"up": {"uv": [1.5, 7.25, 1, 8], "rotation": 270, "texture": "#0"},
				"down": {"uv": [2, 7.25, 1.5, 8], "rotation": 270, "texture": "#0"}
			}
		},
		{
			"from": [10, 5, 14],
			"to": [12, 6, 15],
			"rotation": {"angle": 0, "axis": "y", "origin": [8.5, 9, 7.6]},
			"faces": {
				"north": {"uv": [3, 6.25, 3.25, 5.75], "rotation": 270, "texture": "#0"},
				"east": {"uv": [0.75, 6.25, 0.5, 6], "rotation": 270, "texture": "#0"},
				"south": {"uv": [0.75, 5.5, 1, 5], "rotation": 90, "texture": "#0"},
				"west": {"uv": [2, 5.5, 1.75, 5.75], "rotation": 270, "texture": "#0"},
				"up": {"uv": [4, 5.5, 3.75, 6], "rotation": 270, "texture": "#0"},
				"down": {"uv": [5, 6.5, 4.75, 7], "rotation": 270, "texture": "#0"}
			}
		},
		{
			"from": [9.5, 3, 13.5],
			"to": [12.5, 5, 15.5],
			"rotation": {"angle": 0, "axis": "y", "origin": [8.5, 9, 7.6]},
			"faces": {
				"north": {"uv": [0.5, 8, 1, 7.25], "rotation": 270, "texture": "#0"},
				"east": {"uv": [5.75, 7.5, 5.25, 8], "rotation": 270, "texture": "#0"},
				"south": {"uv": [0, 8, 0.5, 7.25], "rotation": 90, "texture": "#0"},
				"west": {"uv": [5.75, 7.5, 5.25, 8], "rotation": 270, "texture": "#0"},
				"up": {"uv": [7.75, 0, 7.25, 0.75], "rotation": 270, "texture": "#0"},
				"down": {"uv": [7.75, 0.75, 7.25, 1.5], "rotation": 270, "texture": "#0"}
			}
		},
		{
			"from": [0, 0, 0.1],
			"to": [16, 3, 16.1],
			"rotation": {"angle": 0, "axis": "y", "origin": [0, 0, -0.4]},
			"faces": {
				"north": {"uv": [11.75, 0, 15.75, 0.75], "texture": "#0"},
				"east": {"uv": [11.75, 0, 15.75, 0.75], "texture": "#0"},
				"south": {"uv": [11.75, 0, 15.75, 0.75], "texture": "#0"},
				"west": {"uv": [11.75, 0, 15.75, 0.75], "texture": "#0"},
				"up": {"uv": [15.75, 4.75, 11.75, 0.75], "texture": "#0"},
				"down": {"uv": [15.75, 4.75, 11.75, 0.75], "texture": "#0"}
			}
		},
		{
			"from": [4.5, 0.5, -0.5],
			"to": [5.5, 3.5, 2.5],
			"rotation": {"angle": 0, "axis": "y", "origin": [16, 9, 0]},
			"faces": {
				"north": {"uv": [8, 4, 7.75, 4.75], "texture": "#0"},
				"east": {"uv": [7.25, 0.75, 6.5, 1.5], "texture": "#0"},
				"south": {"uv": [8, 5.5, 7.75, 6.25], "texture": "#0"},
				"west": {"uv": [7.25, 0, 6.5, 0.75], "texture": "#0"},
				"up": {"uv": [7.75, 7.75, 8, 7], "texture": "#0"},
				"down": {"uv": [7.25, 7.75, 7.5, 8.5], "texture": "#0"}
			}
		},
		{
			"from": [10.5, 0.5, -0.5],
			"to": [11.5, 3.5, 2.5],
			"rotation": {"angle": 0, "axis": "y", "origin": [0, 9, 0]},
			"faces": {
				"north": {"uv": [7.75, 4, 8, 4.75], "texture": "#0"},
				"east": {"uv": [6.5, 0, 7.25, 0.75], "texture": "#0"},
				"south": {"uv": [7.75, 5.5, 8, 6.25], "texture": "#0"},
				"west": {"uv": [6.5, 0.75, 7.25, 1.5], "texture": "#0"},
				"up": {"uv": [8, 7.75, 7.75, 7], "texture": "#0"},
				"down": {"uv": [7.5, 7.75, 7.25, 8.5], "texture": "#0"}
			}
		},
		{
			"from": [13.5, 0.5, 4.5],
			"to": [16.5, 3.5, 5.5],
			"rotation": {"angle": 0, "axis": "y", "origin": [16, 9, 0]},
			"faces": {
				"north": {"uv": [7.25, 0, 6.5, 0.75], "texture": "#0"},
				"east": {"uv": [8, 4, 7.75, 4.75], "texture": "#0"},
				"south": {"uv": [7.25, 0.75, 6.5, 1.5], "texture": "#0"},
				"west": {"uv": [8, 5.5, 7.75, 6.25], "texture": "#0"},
				"up": {"uv": [7.75, 7.75, 8, 7], "rotation": 90, "texture": "#0"},
				"down": {"uv": [7.25, 7.75, 7.5, 8.5], "rotation": 270, "texture": "#0"}
			}
		},
		{
			"from": [13.5, 0.5, 10.5],
			"to": [16.5, 3.5, 11.5],
			"rotation": {"angle": 0, "axis": "y", "origin": [16, 9, -16]},
			"faces": {
				"north": {"uv": [6.5, 0.75, 7.25, 1.5], "texture": "#0"},
				"east": {"uv": [7.75, 4, 8, 4.75], "texture": "#0"},
				"south": {"uv": [6.5, 0, 7.25, 0.75], "texture": "#0"},
				"west": {"uv": [7.75, 5.5, 8, 6.25], "texture": "#0"},
				"up": {"uv": [8, 7.75, 7.75, 7], "rotation": 90, "texture": "#0"},
				"down": {"uv": [7.5, 7.75, 7.25, 8.5], "rotation": 270, "texture": "#0"}
			}
		},
		{
			"from": [-0.5, 0.5, 4.5],
			"to": [2.5, 3.5, 5.5],
			"rotation": {"angle": 0, "axis": "y", "origin": [0, 9, 0]},
			"faces": {
				"north": {"uv": [6.5, 0, 7.25, 0.75], "texture": "#0"},
				"east": {"uv": [7.75, 5.5, 8, 6.25], "texture": "#0"},
				"south": {"uv": [6.5, 0.75, 7.25, 1.5], "texture": "#0"},
				"west": {"uv": [7.75, 4, 8, 4.75], "texture": "#0"},
				"up": {"uv": [7.75, 7, 8, 7.75], "rotation": 90, "texture": "#0"},
				"down": {"uv": [7.25, 8.5, 7.5, 7.75], "rotation": 270, "texture": "#0"}
			}
		},
		{
			"from": [-0.5, 0.5, 10.5],
			"to": [2.5, 3.5, 11.5],
			"rotation": {"angle": 0, "axis": "y", "origin": [0, 9, -16]},
			"faces": {
				"north": {"uv": [7.25, 0.75, 6.5, 1.5], "texture": "#0"},
				"east": {"uv": [8, 5.5, 7.75, 6.25], "texture": "#0"},
				"south": {"uv": [7.25, 0, 6.5, 0.75], "texture": "#0"},
				"west": {"uv": [8, 4, 7.75, 4.75], "texture": "#0"},
				"up": {"uv": [8, 7, 7.75, 7.75], "rotation": 90, "texture": "#0"},
				"down": {"uv": [7.5, 8.5, 7.25, 7.75], "rotation": 270, "texture": "#0"}
			}
		},
		{
			"from": [8.25, 5.5, 0.35],
			"to": [9.75, 6.5, 0.85],
			"rotation": {"angle": 0, "axis": "y", "origin": [6, 27.75, 7.6]},
			"faces": {
				"north": {"uv": [1.25, 8, 1.5, 8.375], "rotation": 270, "texture": "#0"},
				"east": {"uv": [2.25, 6.875, 2, 6.75], "rotation": 90, "texture": "#0"},
				"south": {"uv": [8, 1.25, 8.25, 1.625], "rotation": 90, "texture": "#0"},
				"west": {"uv": [2.5, 6.75, 2.25, 6.875], "rotation": 90, "texture": "#0"},
				"up": {"uv": [8, 4, 8.125, 4.375], "rotation": 90, "texture": "#0"},
				"down": {"uv": [4, 8, 4.125, 8.375], "rotation": 90, "texture": "#0"}
			}
		},
		{
			"from": [6.25, 5.5, 0.35],
			"to": [7.75, 6.5, 0.85],
			"rotation": {"angle": 0, "axis": "y", "origin": [6, 27.75, 7.6]},
			"faces": {
				"north": {"uv": [1.25, 8, 1.5, 8.375], "rotation": 270, "texture": "#0"},
				"east": {"uv": [2.25, 6.875, 2, 6.75], "rotation": 90, "texture": "#0"},
				"south": {"uv": [8, 1.25, 8.25, 1.625], "rotation": 90, "texture": "#0"},
				"west": {"uv": [2.5, 6.75, 2.25, 6.875], "rotation": 90, "texture": "#0"},
				"up": {"uv": [8, 4, 8.125, 4.375], "rotation": 90, "texture": "#0"},
				"down": {"uv": [4, 8, 4.125, 8.375], "rotation": 90, "texture": "#0"}
			}
		},
		{
			"from": [7.25, 3.5, -1.25],
			"to": [8.75, 4.5, -0.75],
			"rotation": {"angle": 0, "axis": "y", "origin": [6, 27.75, 7.6]},
			"faces": {
				"north": {"uv": [1.5, 8, 1.25, 8.375], "rotation": 270, "texture": "#0"},
				"east": {"uv": [2.25, 6.875, 2, 6.75], "rotation": 90, "texture": "#0"},
				"south": {"uv": [8, 1.25, 8.25, 1.625], "rotation": 90, "texture": "#0"},
				"west": {"uv": [2.5, 6.75, 2.25, 6.875], "rotation": 90, "texture": "#0"},
				"up": {"uv": [8, 4, 8.125, 4.375], "rotation": 90, "texture": "#0"},
				"down": {"uv": [4, 8, 4.125, 8.375], "rotation": 90, "texture": "#0"}
			}
		},
		{
			"from": [7.25, 2.5, -1.25],
			"to": [8.75, 3.5, -0.75],
			"rotation": {"angle": 0, "axis": "y", "origin": [6, -11.75, 7.6]},
			"faces": {
				"north": {"uv": [1.25, 8, 1.5, 8.375], "rotation": 270, "texture": "#0"},
				"east": {"uv": [2, 6.875, 2.25, 6.75], "rotation": 90, "texture": "#0"},
				"south": {"uv": [8.25, 1.25, 8, 1.625], "rotation": 90, "texture": "#0"},
				"west": {"uv": [2.25, 6.75, 2.5, 6.875], "rotation": 90, "texture": "#0"},
				"up": {"uv": [4.125, 8, 4, 8.375], "rotation": 90, "texture": "#0"},
				"down": {"uv": [8.125, 4, 8, 4.375], "rotation": 90, "texture": "#0"}
			}
		},
		{
			"from": [6, 3.5, -0.9],
			"to": [10, 5.5, 2.1],
			"rotation": {"angle": 0, "axis": "y", "origin": [9.5, 29, 7.6]},
			"faces": {
				"north": {"uv": [5.625, 5.875, 6.625, 6.375], "texture": "#0"},
				"east": {"uv": [4, 2.5, 4.75, 3], "texture": "#0"},
				"south": {"uv": [5.625, 5.875, 6.625, 6.375], "texture": "#0"},
				"west": {"uv": [4, 3.25, 4.75, 3.75], "texture": "#0"},
				"up": {"uv": [4.75, 3.75, 4, 2.75], "rotation": 90, "texture": "#0"},
				"down": {"uv": [1.75, 5.5, 0.75, 6.25], "texture": "#0"}
			}
		},
		{
			"from": [6, 1.5, -0.9],
			"to": [10, 3.5, 2.1],
			"rotation": {"angle": 0, "axis": "y", "origin": [9.5, -13, 7.6]},
			"faces": {
				"north": {"uv": [5.625, 6.375, 6.625, 5.875], "texture": "#0"},
				"east": {"uv": [4, 3, 4.75, 2.5], "texture": "#0"},
				"south": {"uv": [5.625, 6.375, 6.625, 5.875], "texture": "#0"},
				"west": {"uv": [4, 3.75, 4.75, 3.25], "texture": "#0"},
				"up": {"uv": [1.75, 6.25, 0.75, 5.5], "texture": "#0"},
				"down": {"uv": [4, 3.75, 4.75, 2.75], "rotation": 90, "texture": "#0"}
			}
		},
		{
			"from": [12, 2.5, 1.35],
			"to": [13, 4.5, 1.85],
			"rotation": {"angle": 0, "axis": "y", "origin": [6.5, 29, 7.6]},
			"faces": {
				"north": {"uv": [0.5, 8, 0.25, 8.5], "texture": "#0"},
				"east": {"uv": [3.375, 8, 3.25, 8.5], "texture": "#0"},
				"south": {"uv": [0.75, 8, 0.5, 8.5], "texture": "#0"},
				"west": {"uv": [8.125, 3, 8, 3.5], "texture": "#0"},
				"up": {"uv": [7, 2.125, 7.25, 2], "texture": "#0"},
				"down": {"uv": [7.75, 1.25, 8, 1.375], "texture": "#0"}
			}
		},
		{
			"from": [3, 2.5, 1.35],
			"to": [4, 4.5, 1.85],
			"rotation": {"angle": 0, "axis": "y", "origin": [9.5, 29, 7.6]},
			"faces": {
				"north": {"uv": [0.25, 8, 0.5, 8.5], "texture": "#0"},
				"east": {"uv": [8, 3, 8.125, 3.5], "texture": "#0"},
				"south": {"uv": [0.5, 8, 0.75, 8.5], "texture": "#0"},
				"west": {"uv": [3.25, 8, 3.375, 8.5], "texture": "#0"},
				"up": {"uv": [7.25, 2.125, 7, 2], "texture": "#0"},
				"down": {"uv": [8, 1.25, 7.75, 1.375], "texture": "#0"}
			}
		},
		{
			"from": [0.6, 0.5, 10.5],
			"to": [0.6, 7.5, 17.5],
			"rotation": {"angle": 0, "axis": "y", "origin": [7, 22, 8]},
			"faces": {
				"north": {"uv": [3.75, 7, 3.5, 8.5], "texture": "#0"},
				"east": {"uv": [0, 10.25, 1.75, 8.5], "texture": "#0"},
				"south": {"uv": [4.75, 0, 4.5, 1.5], "texture": "#0"},
				"west": {"uv": [1.75, 10.25, 0, 8.5], "texture": "#0"},
				"up": {"uv": [7, 5.5, 8, 5.25], "rotation": 270, "texture": "#0"},
				"down": {"uv": [7.75, 0.5, 8.75, 0.75], "rotation": 90, "texture": "#0"}
			}
		},
		{
			"from": [15.4, 0.5, 10.5],
			"to": [15.4, 7.5, 17.5],
			"rotation": {"angle": 0, "axis": "y", "origin": [9, 22, 8]},
			"faces": {
				"north": {"uv": [3.5, 7, 3.75, 8.5], "texture": "#0"},
				"east": {"uv": [0, 10.25, 1.75, 8.5], "texture": "#0"},
				"south": {"uv": [4.5, 0, 4.75, 1.5], "texture": "#0"},
				"west": {"uv": [1.75, 10.25, 0, 8.5], "texture": "#0"},
				"up": {"uv": [7, 5.25, 8, 5.5], "rotation": 270, "texture": "#0"},
				"down": {"uv": [7.75, 0.75, 8.75, 0.5], "rotation": 90, "texture": "#0"}
			}
		},
		{
			"from": [0.6, -0.5, 4.5],
			"to": [0.6, 6.5, 11.5],
			"rotation": {"angle": 0, "axis": "y", "origin": [7, 22, 8]},
			"faces": {
				"north": {"uv": [4.5, 0, 4.75, 1.5], "texture": "#0"},
				"east": {"uv": [1.75, 10.25, 0, 8.5], "texture": "#0"},
				"south": {"uv": [3.5, 7, 3.75, 8.5], "texture": "#0"},
				"west": {"uv": [0, 10.25, 1.75, 8.5], "texture": "#0"},
				"up": {"uv": [8, 5.5, 7, 5.25], "rotation": 270, "texture": "#0"},
				"down": {"uv": [8.75, 0.5, 7.75, 0.75], "rotation": 90, "texture": "#0"}
			}
		},
		{
			"from": [15.4, -0.5, 4.5],
			"to": [15.4, 6.5, 11.5],
			"rotation": {"angle": 0, "axis": "y", "origin": [9, 22, 8]},
			"faces": {
				"north": {"uv": [4.75, 0, 4.5, 1.5], "texture": "#0"},
				"east": {"uv": [1.75, 10.25, 0, 8.5], "texture": "#0"},
				"south": {"uv": [3.75, 7, 3.5, 8.5], "texture": "#0"},
				"west": {"uv": [0, 10.25, 1.75, 8.5], "texture": "#0"},
				"up": {"uv": [8, 5.25, 7, 5.5], "rotation": 270, "texture": "#0"},
				"down": {"uv": [8.75, 0.75, 7.75, 0.5], "rotation": 90, "texture": "#0"}
			}
		},
		{
			"from": [1.1, 2.01254, 10.50838],
			"to": [1.1, 10.01254, 14.50838],
			"rotation": {"angle": 0, "axis": "y", "origin": [9.5, 16, 8]},
			"faces": {
				"north": {"uv": [0, 0, 0, 3.5], "texture": "#0"},
				"east": {"uv": [0, 2, 1, 0], "texture": "#0"},
				"south": {"uv": [0, 0, 0, 3.5], "texture": "#0"},
				"west": {"uv": [1, 2, 0, 0], "texture": "#0"},
				"up": {"uv": [1, 0, 0, 0], "rotation": 90, "texture": "#0"},
				"down": {"uv": [1, 0, 0, 0], "rotation": 270, "texture": "#0"}
			}
		},
		{
			"from": [14.9, 3.01254, 11.00838],
			"to": [14.9, 9.01254, 15.00838],
			"rotation": {"angle": 0, "axis": "y", "origin": [6.5, 16, 8]},
			"faces": {
				"north": {"uv": [0, 0, 0, 3.5], "texture": "#0"},
				"east": {"uv": [0, 3.5, 1, 2], "texture": "#0"},
				"south": {"uv": [0, 0, 0, 3.5], "texture": "#0"},
				"west": {"uv": [1, 3.5, 0, 2], "texture": "#0"},
				"up": {"uv": [0, 0, 1, 0], "rotation": 270, "texture": "#0"},
				"down": {"uv": [0, 0, 1, 0], "rotation": 90, "texture": "#0"}
			}
		},
		{
			"from": [-6.2, -4.5, 6],
			"to": [0.8, 2.5, 6],
			"rotation": {"angle": 22.5, "axis": "y", "origin": [7, 22, 8]},
			"faces": {
				"north": {"uv": [1.75, 8.5, 0, 10.25], "texture": "#0"},
				"east": {"uv": [3.75, 7, 3.5, 8.5], "texture": "#0"},
				"south": {"uv": [0, 8.5, 1.75, 10.25], "texture": "#0"},
				"west": {"uv": [4.75, 0, 4.5, 1.5], "texture": "#0"},
				"up": {"uv": [7, 5.5, 8, 5.25], "texture": "#0"},
				"down": {"uv": [7.75, 0.5, 8.75, 0.75], "texture": "#0"}
			}
		},
		{
			"from": [15.2, -4.5, 6],
			"to": [22.2, 2.5, 6],
			"rotation": {"angle": -22.5, "axis": "y", "origin": [9, 22, 8]},
			"faces": {
				"north": {"uv": [0, 8.5, 1.75, 10.25], "texture": "#0"},
				"east": {"uv": [4.5, 0, 4.75, 1.5], "texture": "#0"},
				"south": {"uv": [1.75, 8.5, 0, 10.25], "texture": "#0"},
				"west": {"uv": [3.5, 7, 3.75, 8.5], "texture": "#0"},
				"up": {"uv": [8, 5.5, 7, 5.25], "texture": "#0"},
				"down": {"uv": [8.75, 0.5, 7.75, 0.75], "texture": "#0"}
			}
		},
		{
			"from": [3.00838, 4.98746, 2],
			"to": [7.00838, 12.98746, 2],
			"rotation": {"angle": 22.5, "axis": "z", "origin": [9.5, 0, 8]},
			"faces": {
				"north": {"uv": [0, 2, 1, 0], "texture": "#0"},
				"east": {"uv": [0, 3.5, 0, 0], "texture": "#0"},
				"south": {"uv": [1, 2, 0, 0], "texture": "#0"},
				"west": {"uv": [0, 3.5, 0, 0], "texture": "#0"},
				"up": {"uv": [1, 0, 0, 0], "texture": "#0"},
				"down": {"uv": [1, 0, 0, 0], "texture": "#0"}
			}
		},
		{
			"from": [8.99162, 4.98746, 2],
			"to": [12.99162, 12.98746, 2],
			"rotation": {"angle": -22.5, "axis": "z", "origin": [6.5, 0, 8]},
			"faces": {
				"north": {"uv": [1, 2, 0, 0], "texture": "#0"},
				"east": {"uv": [0, 3.5, 0, 0], "texture": "#0"},
				"south": {"uv": [0, 2, 1, 0], "texture": "#0"},
				"west": {"uv": [0, 3.5, 0, 0], "texture": "#0"},
				"up": {"uv": [0, 0, 1, 0], "texture": "#0"},
				"down": {"uv": [0, 0, 1, 0], "texture": "#0"}
			}
		},
		{
			"from": [0.4, -2.5, 6.5],
			"to": [3.4, 0, 10.5],
			"rotation": {"angle": 0, "axis": "y", "origin": [9.5, -13, 8]},
			"faces": {
				"north": {"uv": [4, 3.125, 4.75, 2.5], "texture": "#0"},
				"east": {"uv": [5.625, 6.5, 6.625, 5.875], "texture": "#0"},
				"south": {"uv": [4, 3.875, 4.75, 3.25], "texture": "#0"},
				"west": {"uv": [5.625, 6.5, 6.625, 5.875], "texture": "#0"},
				"up": {"uv": [1.75, 6.25, 0.75, 5.5], "rotation": 270, "texture": "#0"},
				"down": {"uv": [4, 3.75, 4.75, 2.75], "rotation": 180, "texture": "#0"}
			}
		},
		{
			"from": [12.6, -2.5, 6.5],
			"to": [15.6, 0, 10.5],
			"rotation": {"angle": 0, "axis": "y", "origin": [6.5, -13, 8]},
			"faces": {
				"north": {"uv": [4.75, 3.125, 4, 2.5], "texture": "#0"},
				"east": {"uv": [6.625, 6.5, 5.625, 5.875], "texture": "#0"},
				"south": {"uv": [4.75, 3.875, 4, 3.25], "texture": "#0"},
				"west": {"uv": [6.625, 6.5, 5.625, 5.875], "texture": "#0"},
				"up": {"uv": [1.75, 5.5, 0.75, 6.25], "rotation": 270, "texture": "#0"},
				"down": {"uv": [4.75, 3.75, 4, 2.75], "rotation": 180, "texture": "#0"}
			}
		},
		{
			"from": [18, -3.5, 1.7],
			"to": [23, 1.5, 1.7],
			"rotation": {"angle": -22.5, "axis": "y", "origin": [0, 0, 0]},
			"faces": {
				"north": {"uv": [6, 5, 16, 15], "texture": "#1"},
				"south": {"uv": [16, 5, 6, 15], "texture": "#1"}
			}
		},
		{
			"from": [0.3, 2.9, 10],
			"to": [0.3, 7.9, 15],
			"faces": {
				"east": {"uv": [16, 5, 6, 15], "texture": "#1"},
				"west": {"uv": [6, 5, 16, 15], "texture": "#1"}
			}
		},
		{
			"from": [-9, -4, 7.9],
			"to": [-5, 0, 7.9],
			"rotation": {"angle": 22.5, "axis": "y", "origin": [0, 0, 0]},
			"faces": {
				"north": {"uv": [0, 0, 8, 8], "texture": "#2"},
				"south": {"uv": [8, 0, 0, 8], "texture": "#2"}
			}
		},
		{
			"from": [0, 4, 1.8],
			"to": [4, 8, 1.8],
			"faces": {
				"north": {"uv": [0, 0, 8, 8], "texture": "#2"},
				"south": {"uv": [8, 0, 0, 8], "texture": "#2"}
			}
		},
		{
			"from": [15.6, 2.5, 11.4],
			"to": [15.6, 6.5, 15.4],
			"rotation": {"angle": 0, "axis": "y", "origin": [16, 0, 0]},
			"faces": {
				"east": {"uv": [8, 0, 0, 8], "texture": "#2"},
				"west": {"uv": [0, 0, 8, 8], "texture": "#2"}
			}
		},
		{
			"from": [12, -12, 8.9],
			"to": [20, -2, 8.9],
			"rotation": {"angle": -22.5, "axis": "y", "origin": [16, 0, 16]},
			"faces": {
				"north": {"uv": [8, 0, 0, 10], "texture": "#3"},
				"east": {"uv": [0, 0, 0, 10], "texture": "#3"},
				"south": {"uv": [0, 0, 8, 10], "texture": "#3"},
				"west": {"uv": [0, 0, 0, 10], "texture": "#3"},
				"up": {"uv": [0, 8, 0, 0], "rotation": 270, "texture": "#3"},
				"down": {"uv": [0, 8, 0, 0], "rotation": 90, "texture": "#3"}
			}
		},
		{
			"from": [-4, -12, 8.9],
			"to": [4, -2, 8.9],
			"rotation": {"angle": 22.5, "axis": "y", "origin": [0, 0, 16]},
			"faces": {
				"north": {"uv": [0, 0, 8, 10], "texture": "#3"},
				"east": {"uv": [0, 0, 0, 10], "texture": "#3"},
				"south": {"uv": [8, 0, 0, 10], "texture": "#3"},
				"west": {"uv": [0, 0, 0, 10], "texture": "#3"},
				"up": {"uv": [0, 0, 0, 8], "rotation": 270, "texture": "#3"},
				"down": {"uv": [0, 0, 0, 8], "rotation": 90, "texture": "#3"}
			}
		}
	],
	"display": {
		"thirdperson_righthand": {
			"rotation": [0, -90, 0],
			"translation": [0, 2.25, 1.5],
			"scale": [0.3, 0.3, 0.3]
		},
		"thirdperson_lefthand": {
			"rotation": [0, -90, 0],
			"translation": [0, 2.25, 1.5],
			"scale": [0.3, 0.3, 0.3]
		},
		"firstperson_righthand": {
			"rotation": [0, -90, 0],
			"translation": [0, 2.25, 1.5],
			"scale": [0.3, 0.3, 0.3]
		},
		"firstperson_lefthand": {
			"rotation": [0, 90, 0],
			"translation": [0, 2.25, 1.5],
			"scale": [0.3, 0.3, 0.3]
		},
		"ground": {
			"translation": [0, 3.75, 0],
			"scale": [0.75, 0.75, 0.75]
		},
		"gui": {
			"rotation": [30, -135, 0],
			"translation": [0.25, 2.75, -0.25],
			"scale": [0.65, 0.65, 0.65]
		},
		"head": {
			"translation": [0, 11.5, 0]
		},
		"fixed": {
			"rotation": [0, 0, 45],
			"translation": [0, 0.5, -0.25],
			"scale": [0.5, 0.5, 0.5]
		}
	},
	"groups": [
		{
			"name": "group",
			"origin": [9.5, 0, 8],
			"color": 0,
			"children": []
		},
		{
			"name": "group",
			"origin": [0, 9, 0],
			"color": 0,
			"children": [
				{
					"name": "group",
					"origin": [9.5, 16, 8],
					"color": 0,
					"children": []
				}
			]
		},
		0,
		1,
		2,
		3,
		4,
		5,
		6,
		7,
		8,
		9,
		10,
		11,
		12,
		13,
		14,
		15,
		16,
		17,
		18,
		19,
		20,
		21,
		22,
		23,
		24,
		25,
		26,
		27,
		28,
		29,
		30,
		31,
		32,
		33,
		34,
		35,
		36,
		37,
		38,
		39,
		40,
		41,
		42,
		43,
		44,
		45,
		46,
		47,
		48,
		49,
		50,
		51,
		52,
		53,
		54,
		55,
		56,
		57,
		58,
		59,
		60,
		61,
		62,
		63,
		64,
		65
	]
}