{
    "texture_size": [64, 64],
    "textures": {
        "1": "item/hats/snowman_hat"
    },
    "elements": [{
        "from": [2.5, 9.5, 2.5],
        "to": [13.5, 10.5, 13.5],
        "rotation": {
            "angle": 0,
            "axis": "y",
            "origin": [4.5, 2.5, 4.5]
        },
        "faces": {
            "north": {
                "uv": [8.258, 3.758, 10.992, 3.992],
                "texture": "#1"
            },
            "east": {
                "uv": [8.258, 4.258, 10.992, 4.492],
                "texture": "#1"
            },
            "south": {
                "uv": [8.258, 4.758, 10.992, 4.992],
                "texture": "#1"
            },
            "west": {
                "uv": [8.258, 5.258, 10.992, 5.492],
                "texture": "#1"
            },
            "up": {
                "uv": [2.742, 2.742, 0.008, 0.008],
                "texture": "#1"
            },
            "down": {
                "uv": [2.742, 3.008, 0.008, 5.742],
                "texture": "#1"
            }
        }
    }, {
        "from": [3.5, 10.5, 3.5],
        "to": [12.5, 12.5, 12.5],
        "rotation": {
            "angle": 0,
            "axis": "y",
            "origin": [4.5, 2.5, 4.5]
        },
        "faces": {
            "north": {
                "uv": [7.508, 6.508, 9.742, 6.992],
                "texture": "#1"
            },
            "east": {
                "uv": [8.008, 7.258, 10.242, 7.742],
                "texture": "#1"
            },
            "south": {
                "uv": [8.008, 8.008, 10.242, 8.492],
                "texture": "#1"
            },
            "west": {
                "uv": [8.258, 3.008, 10.492, 3.492],
                "texture": "#1"
            },
            "up": {
                "uv": [5.242, 2.242, 3.008, 0.008],
                "texture": "#1"
            },
            "down": {
                "uv": [5.242, 2.508, 3.008, 4.742],
                "texture": "#1"
            }
        }
    }, {
        "from": [4, 12.5, 4],
        "to": [12, 18.5, 12],
        "rotation": {
            "angle": 0,
            "axis": "y",
            "origin": [4, 2.5, 5]
        },
        "faces": {
            "north": {
                "uv": [5.508, 0.008, 7.492, 1.492],
                "texture": "#1"
            },
            "east": {
                "uv": [5.508, 1.758, 7.492, 3.242],
                "texture": "#1"
            },
            "south": {
                "uv": [0.008, 6.008, 1.992, 7.492],
                "texture": "#1"
            },
            "west": {
                "uv": [2.258, 7.258, 4.242, 8.742],
                "texture": "#1"
            },
            "up": {
                "uv": [4.992, 6.992, 3.008, 5.008],
                "texture": "#1"
            },
            "down": {
                "uv": [7.242, 5.008, 5.258, 6.992],
                "texture": "#1"
            }
        }
    }, {
        "from": [7.5, 14.5, 0],
        "to": [8.5, 15.5, 4],
        "rotation": {
            "angle": 0,
            "axis": "y",
            "origin": [0.5, 2.5, 5]
        },
        "faces": {
            "north": {
                "uv": [7.758, 3.008, 7.992, 3.242],
                "texture": "#1"
            },
            "east": {
                "uv": [8.508, 2.008, 9.492, 2.242],
                "texture": "#1"
            },
            "south": {
                "uv": [3.508, 9.758, 3.742, 9.992],
                "texture": "#1"
            },
            "west": {
                "uv": [8.508, 2.508, 9.492, 2.742],
                "texture": "#1"
            },
            "up": {
                "uv": [2.492, 6.992, 2.258, 6.008],
                "texture": "#1"
            },
            "down": {
                "uv": [1.742, 7.758, 1.508, 8.742],
                "texture": "#1"
            }
        }
    }, {
        "from": [5, 18.5, 5],
        "to": [11, 19.5, 11],
        "rotation": {
            "angle": 0,
            "axis": "y",
            "origin": [4, 2.5, 5]
        },
        "faces": {
            "north": {
                "uv": [5.508, 3.508, 6.992, 3.742],
                "texture": "#1"
            },
            "east": {
                "uv": [5.508, 4.008, 6.992, 4.242],
                "texture": "#1"
            },
            "south": {
                "uv": [5.508, 4.508, 6.992, 4.742],
                "texture": "#1"
            },
            "west": {
                "uv": [8.508, 1.508, 9.992, 1.742],
                "texture": "#1"
            },
            "up": {
                "uv": [5.992, 8.742, 4.508, 7.258],
                "texture": "#1"
            },
            "down": {
                "uv": [7.742, 7.258, 6.258, 8.742],
                "texture": "#1"
            }
        }
    }, {
        "from": [12.92806, 7.62464, 2.5],
        "to": [14.92806, 8.62464, 13.5],
        "rotation": {
            "angle": -22.5,
            "axis": "z",
            "origin": [17.92806, 8.12464, 8.5]
        },
        "faces": {
            "north": {
                "uv": [2.008, 9.758, 2.492, 9.992],
                "texture": "#1"
            },
            "east": {
                "uv": [8.258, 5.758, 10.992, 5.992],
                "texture": "#1"
            },
            "south": {
                "uv": [9.758, 2.008, 10.242, 2.242],
                "texture": "#1"
            },
            "west": {
                "uv": [8.508, 0.008, 11.242, 0.242],
                "texture": "#1"
            },
            "up": {
                "uv": [7.992, 6.242, 7.508, 3.508],
                "texture": "#1"
            },
            "down": {
                "uv": [0.492, 7.758, 0.008, 10.492],
                "texture": "#1"
            }
        }
    }, {
        "from": [1.07194, 7.62464, 2.5],
        "to": [3.07194, 8.62464, 13.5],
        "rotation": {
            "angle": 22.5,
            "axis": "z",
            "origin": [-1.92806, 8.12464, 8.5]
        },
        "faces": {
            "north": {
                "uv": [9.758, 2.508, 10.242, 2.742],
                "texture": "#1"
            },
            "east": {
                "uv": [8.508, 0.508, 11.242, 0.742],
                "texture": "#1"
            },
            "south": {
                "uv": [2.758, 9.758, 3.242, 9.992],
                "texture": "#1"
            },
            "west": {
                "uv": [8.508, 1.008, 11.242, 1.242],
                "texture": "#1"
            },
            "up": {
                "uv": [8.242, 2.742, 7.758, 0.008],
                "texture": "#1"
            },
            "down": {
                "uv": [1.242, 7.758, 0.758, 10.492],
                "texture": "#1"
            }
        }
    }, {
        "from": [12, 10, 7],
        "to": [14, 12, 9],
        "rotation": {
            "angle": -22.5,
            "axis": "z",
            "origin": [13, 11, 8]
        },
        "faces": {
            "north": {
                "uv": [8.008, 8.758, 8.492, 9.242],
                "texture": "#1"
            },
            "east": {
                "uv": [8.758, 8.758, 9.242, 9.242],
                "texture": "#1"
            },
            "south": {
                "uv": [1.508, 9.008, 1.992, 9.492],
                "texture": "#1"
            },
            "west": {
                "uv": [2.258, 9.008, 2.742, 9.492],
                "texture": "#1"
            },
            "up": {
                "uv": [3.492, 9.492, 3.008, 9.008],
                "texture": "#1"
            },
            "down": {
                "uv": [4.242, 9.008, 3.758, 9.492],
                "texture": "#1"
            }
        }
    }, {
        "from": [12.5, 12, 7.5],
        "to": [13.5, 15, 8.5],
        "rotation": {
            "angle": -22.5,
            "axis": "z",
            "origin": [13, 11, 8]
        },
        "faces": {
            "north": {
                "uv": [6.508, 9.008, 6.742, 9.742],
                "texture": "#1"
            },
            "east": {
                "uv": [7.008, 9.008, 7.242, 9.742],
                "texture": "#1"
            },
            "south": {
                "uv": [7.508, 9.008, 7.742, 9.742],
                "texture": "#1"
            },
            "west": {
                "uv": [8.008, 9.508, 8.242, 10.242],
                "texture": "#1"
            },
            "up": {
                "uv": [4.242, 9.992, 4.008, 9.758],
                "texture": "#1"
            },
            "down": {
                "uv": [9.742, 9.758, 9.508, 9.992],
                "texture": "#1"
            }
        }
    }, {
        "from": [13.99267, 14.50418, 7.5],
        "to": [14.99267, 18.50418, 8.5],
        "rotation": {
            "angle": 0,
            "axis": "z",
            "origin": [14.49267, 13.50418, 8]
        },
        "faces": {
            "north": {
                "uv": [4.508, 9.008, 4.742, 9.992],
                "texture": "#1"
            },
            "east": {
                "uv": [5.008, 9.008, 5.242, 9.992],
                "texture": "#1"
            },
            "south": {
                "uv": [5.508, 9.008, 5.742, 9.992],
                "texture": "#1"
            },
            "west": {
                "uv": [6.008, 9.008, 6.242, 9.992],
                "texture": "#1"
            },
            "up": {
                "uv": [10.242, 6.492, 10.008, 6.258],
                "texture": "#1"
            },
            "down": {
                "uv": [6.742, 10.008, 6.508, 10.242],
                "texture": "#1"
            }
        }
    }, {
        "from": [17.26044, 15.56484, 7.5],
        "to": [18.26044, 18.56484, 8.5],
        "rotation": {
            "angle": -45,
            "axis": "z",
            "origin": [16.76044, 19.56484, 8]
        },
        "faces": {
            "north": {
                "uv": [8.508, 9.508, 8.742, 10.242],
                "texture": "#1"
            },
            "east": {
                "uv": [9.508, 8.758, 9.742, 9.492],
                "texture": "#1"
            },
            "south": {
                "uv": [9.008, 9.508, 9.242, 10.242],
                "texture": "#1"
            },
            "west": {
                "uv": [1.508, 9.758, 1.742, 10.492],
                "texture": "#1"
            },
            "up": {
                "uv": [10.242, 6.992, 10.008, 6.758],
                "texture": "#1"
            },
            "down": {
                "uv": [7.242, 10.008, 7.008, 10.242],
                "texture": "#1"
            }
        }
    }],
    "display": {
        "thirdperson_righthand": {
            "translation": [0, -1.5, 1.75],
            "scale": [0.5, 0.5, 0.5]
        },
        "thirdperson_lefthand": {
            "translation": [0, -1.5, 1.75],
            "scale": [0.5, 0.5, 0.5]
        },
        "firstperson_righthand": {
            "scale": [0.5, 0.5, 0.5]
        },
        "firstperson_lefthand": {
            "scale": [0.5, 0.5, 0.5]
        },
        "ground": {
            "translation": [0, 3, 0],
            "scale": [0.25, 0.25, 0.25]
        },
        "gui": {
            "rotation": [30, 225, 0],
            "translation": [0, -4, 0],
            "scale": [0.8, 0.8, 0.8]
        },
        "head": {
            "translation": [0, -0.25, 0],
            "scale": [1.7, 1.7, 1.7]
        },
        "fixed": {
            "rotation": [-90, 0, 0],
            "translation": [0, 0, 5],
            "scale": [2, 2, 2]
        }
    }
}