{
	"credit": "Made with Blockbench",
	"texture_size": [128, 128],
	"textures": {
		"0": "item/multiple/sweet/valentine_texture_01",
		"2": "item/multiple/sweet/valentine_animation_02",
		"3": "item/multiple/sweet/valentine_animation_05",
		"particle": "item/multiple/sweet/valentine_texture_01"
	},
	"elements": [
		{
			"from": [11.5, 10, 10.5],
			"to": [20.5, 16, 10.5],
			"rotation": {"angle": -22.5, "axis": "z", "origin": [17, 14.5, 6.5]},
			"faces": {
				"north": {"uv": [0, 0, 9, 5], "texture": "#3"},
				"east": {"uv": [0, 0, 0, 5], "texture": "#3"},
				"south": {"uv": [0, 0, 9, 5], "texture": "#3"},
				"west": {"uv": [0, 0, 0, 5], "texture": "#3"},
				"up": {"uv": [0, 9, 0, 0], "rotation": 90, "texture": "#3"},
				"down": {"uv": [0, 0, 0, 9], "rotation": 270, "texture": "#3"}
			}
		},
		{
			"from": [12, 0, 7.5],
			"to": [21, 6, 7.5],
			"rotation": {"angle": 0, "axis": "y", "origin": [17, 3.5, 7.5]},
			"faces": {
				"north": {"uv": [0, 0, 9, 5], "texture": "#3"},
				"east": {"uv": [0, 0, 0, 5], "texture": "#3"},
				"south": {"uv": [0, 0, 9, 5], "texture": "#3"},
				"west": {"uv": [0, 0, 0, 5], "texture": "#3"},
				"up": {"uv": [0, 9, 0, 0], "rotation": 90, "texture": "#3"},
				"down": {"uv": [0, 0, 0, 9], "rotation": 270, "texture": "#3"}
			}
		},
		{
			"from": [-3.5, 7, 8.5],
			"to": [5.5, 13, 8.5],
			"rotation": {"angle": 22.5, "axis": "z", "origin": [0, 8.5, 6.5]},
			"faces": {
				"north": {"uv": [0, 0, 9, 5], "texture": "#3"},
				"east": {"uv": [0, 0, 0, 5], "texture": "#3"},
				"south": {"uv": [0, 0, 9, 5], "texture": "#3"},
				"west": {"uv": [0, 0, 0, 5], "texture": "#3"},
				"up": {"uv": [0, 9, 0, 0], "rotation": 90, "texture": "#3"},
				"down": {"uv": [0, 0, 0, 9], "rotation": 270, "texture": "#3"}
			}
		},
		{
			"from": [3, 5, 3.7],
			"to": [13, 9, 3.7],
			"rotation": {"angle": 0, "axis": "y", "origin": [16, 11, 21.5]},
			"faces": {
				"north": {"uv": [0, 0, 14, 6], "texture": "#2"},
				"east": {"uv": [0, 0, 0, 6], "texture": "#2"},
				"south": {"uv": [14, 0, 0, 6], "texture": "#2"},
				"west": {"uv": [0, 0, 0, 6], "texture": "#2"},
				"up": {"uv": [0, 0, 0, 12], "rotation": 90, "texture": "#2"},
				"down": {"uv": [0, 0, 0, 12], "rotation": 270, "texture": "#2"}
			}
		},
		{
			"from": [2.5, 0, 2.5],
			"to": [13.5, 1.5, 13.5],
			"faces": {
				"north": {"uv": [4.25, 12.375, 5.625, 12.5625], "texture": "#0"},
				"east": {"uv": [4.25, 12.5625, 5.625, 12.75], "texture": "#0"},
				"south": {"uv": [4.25, 12.375, 5.625, 12.5625], "texture": "#0"},
				"west": {"uv": [4.25, 12.5625, 5.625, 12.75], "texture": "#0"},
				"up": {"uv": [4.25, 11, 5.625, 12.375], "texture": "#0"},
				"down": {"uv": [4.25, 11, 5.625, 12.375], "texture": "#0"}
			}
		},
		{
			"from": [4, 1.5, 4],
			"to": [12, 10.5, 12],
			"rotation": {"angle": 0, "axis": "y", "origin": [0, 0, -2]},
			"faces": {
				"north": {"uv": [5.6875, 7.75, 6.6875, 8.875], "texture": "#0"},
				"east": {"uv": [5.6875, 8.875, 6.6875, 10], "texture": "#0"},
				"south": {"uv": [5.6875, 7.75, 6.6875, 8.875], "texture": "#0"},
				"west": {"uv": [5.6875, 8.875, 6.6875, 10], "texture": "#0"},
				"up": {"uv": [5.6875, 10, 6.6875, 11], "texture": "#0"},
				"down": {"uv": [5.6875, 10, 6.6875, 11], "texture": "#0"}
			}
		},
		{
			"from": [6, 9, 6.5],
			"to": [10, 12, 10.5],
			"rotation": {"angle": -22.5, "axis": "x", "origin": [8.5, 9.5, 7.5]},
			"faces": {
				"north": {"uv": [3, 0.9375, 3.5, 0.5625], "rotation": 180, "texture": "#0"},
				"east": {"uv": [3.75, 0.9375, 3.375, 1.4375], "rotation": 270, "texture": "#0"},
				"south": {"uv": [3, 0.5625, 3.5, 0.9375], "texture": "#0"},
				"west": {"uv": [3.375, 0.9375, 3.75, 1.4375], "rotation": 90, "texture": "#0"},
				"up": {"uv": [2.875, 0.9375, 3.375, 1.4375], "rotation": 180, "texture": "#0"},
				"down": {"uv": [2.875, 0.9375, 3.375, 1.4375], "texture": "#0"}
			}
		},
		{
			"from": [8, 12.3, 8],
			"to": [8, 16.3, 12],
			"rotation": {"angle": 22.5, "axis": "x", "origin": [8, 14, 9.5]},
			"faces": {
				"north": {"uv": [3, 0.9375, 3.5, 0.5625], "rotation": 180, "texture": "#0"},
				"east": {"uv": [3.875, 0, 3.375, 0.5], "rotation": 270, "texture": "#0"},
				"south": {"uv": [3, 0.5625, 3.5, 0.9375], "texture": "#0"},
				"west": {"uv": [3.375, 0, 3.875, 0.5], "rotation": 90, "texture": "#0"},
				"up": {"uv": [2.875, 0.9375, 3.375, 1.4375], "rotation": 180, "texture": "#0"},
				"down": {"uv": [2.875, 0.9375, 3.375, 1.4375], "texture": "#0"}
			}
		},
		{
			"from": [6.5, 2.5, 2.1],
			"to": [9.5, 4.5, 3.1],
			"rotation": {"angle": 22.5, "axis": "x", "origin": [0, 0, 0]},
			"faces": {
				"north": {"uv": [3.5, 6.1875, 3.875, 6.4375], "texture": "#0"},
				"east": {"uv": [3.375, 6.1875, 3.5, 6.4375], "texture": "#0"},
				"south": {"uv": [3.5, 6.1875, 3.875, 6.4375], "texture": "#0"},
				"west": {"uv": [3.5, 6.1875, 3.375, 6.4375], "texture": "#0"},
				"up": {"uv": [1.125, 6.25, 1.5, 6.125], "texture": "#0"},
				"down": {"uv": [1.125, 6.25, 1.5, 6.125], "texture": "#0"}
			}
		},
		{
			"from": [3, -5.5, 3.1],
			"to": [3, -2.5, 10.1],
			"rotation": {"angle": 0, "axis": "y", "origin": [3, 0, 3]},
			"faces": {
				"north": {"uv": [0.5625, 4, 0.5625, 4.375], "texture": "#missing"},
				"east": {"uv": [11.125, 4.125, 10.25, 4.5], "texture": "#0"},
				"south": {"uv": [0.5625, 4, 0.5625, 4.375], "texture": "#missing"},
				"west": {"uv": [10.25, 4.125, 11.125, 4.5], "texture": "#0"},
				"up": {"uv": [0.5625, 1.5, 1.8125, 1.5], "rotation": 90, "texture": "#missing"},
				"down": {"uv": [0.5625, 2.75, 1.8125, 2.75], "rotation": 270, "texture": "#missing"}
			}
		},
		{
			"from": [13, -5.5, 3.1],
			"to": [13, -2.5, 10.1],
			"rotation": {"angle": 0, "axis": "y", "origin": [13, 0, 3]},
			"faces": {
				"north": {"uv": [0.5625, 4, 0.5625, 4.375], "texture": "#missing"},
				"east": {"uv": [11.125, 4.125, 10.25, 4.5], "texture": "#0"},
				"south": {"uv": [0.5625, 4, 0.5625, 4.375], "texture": "#missing"},
				"west": {"uv": [10.25, 4.125, 11.125, 4.5], "texture": "#0"},
				"up": {"uv": [0.5625, 1.5, 1.8125, 1.5], "rotation": 90, "texture": "#missing"},
				"down": {"uv": [0.5625, 2.75, 1.8125, 2.75], "rotation": 270, "texture": "#missing"}
			}
		},
		{
			"from": [3, -8, 3.1],
			"to": [13, -1, 3.1],
			"rotation": {"angle": 0, "axis": "y", "origin": [3, 0, 3]},
			"faces": {
				"north": {"uv": [11.0625, 4.8125, 12.3125, 5.6875], "texture": "#0"},
				"east": {"uv": [0.5625, 4, 0.5625, 4.375], "texture": "#missing"},
				"south": {"uv": [11.0625, 4.8125, 12.3125, 5.6875], "texture": "#0"},
				"west": {"uv": [0.5625, 4, 0.5625, 4.375], "texture": "#missing"},
				"up": {"uv": [0.5625, 1.5, 1.8125, 1.5], "texture": "#missing"},
				"down": {"uv": [0.5625, 2.75, 1.8125, 2.75], "texture": "#missing"}
			}
		},
		{
			"from": [3, -8, 2.9],
			"to": [13, -1, 2.9],
			"rotation": {"angle": 0, "axis": "y", "origin": [3, 0, 3]},
			"faces": {
				"north": {"uv": [11.0625, 4.8125, 12.3125, 5.6875], "texture": "#0"},
				"east": {"uv": [0.5625, 4, 0.5625, 4.375], "texture": "#missing"},
				"south": {"uv": [11.0625, 4.8125, 12.3125, 5.6875], "texture": "#0"},
				"west": {"uv": [0.5625, 4, 0.5625, 4.375], "texture": "#missing"},
				"up": {"uv": [0.5625, 1.5, 1.8125, 1.5], "texture": "#missing"},
				"down": {"uv": [0.5625, 2.75, 1.8125, 2.75], "texture": "#missing"}
			}
		},
		{
			"from": [3, -2.2, 6],
			"to": [5, 7.8, 8],
			"rotation": {"angle": 22.5, "axis": "x", "origin": [-4, -3.5, 14]},
			"faces": {
				"north": {"uv": [1.4375, 2.9375, 1.1875, 4.1875], "texture": "#0"},
				"east": {"uv": [1.1875, 2.9375, 0.9375, 4.1875], "texture": "#0"},
				"south": {"uv": [0.9375, 2.9375, 0.6875, 4.1875], "texture": "#0"},
				"west": {"uv": [1.6875, 2.9375, 1.4375, 4.1875], "texture": "#0"},
				"up": {"uv": [1.625, 2.9375, 1.875, 2.6875], "texture": "#0"},
				"down": {"uv": [1.625, 2.9375, 1.875, 2.6875], "texture": "#0"}
			}
		},
		{
			"from": [2.75, -3.5, 6.5],
			"to": [5.25, 8.5, 9],
			"rotation": {"angle": 45, "axis": "x", "origin": [-4, -3.5, 14]},
			"faces": {
				"north": {"uv": [1.625, 4.1875, 1.3125, 5.6875], "texture": "#0"},
				"east": {"uv": [1.3125, 4.1875, 1, 5.6875], "texture": "#0"},
				"south": {"uv": [1, 4.1875, 0.6875, 5.6875], "texture": "#0"},
				"west": {"uv": [1.9375, 4.1875, 1.625, 5.6875], "texture": "#0"},
				"up": {"uv": [0.125, 4.9375, 0.4375, 4.625], "texture": "#0"},
				"down": {"uv": [0.125, 4.9375, 0.4375, 4.625], "texture": "#0"}
			}
		}
	],
	"gui_light": "front",
	"display": {
		"thirdperson_righthand": {
			"rotation": [42.76, 10.93, -4.97],
			"translation": [0, 4.75, 1],
			"scale": [0.6, 0.6, 0.6]
		},
		"thirdperson_lefthand": {
			"rotation": [42.76, 10.93, -4.97],
			"translation": [0, 4.75, 1],
			"scale": [0.6, 0.6, 0.6]
		},
		"firstperson_righthand": {
			"rotation": [5, 106, 0],
			"translation": [16, 8.75, -23.25],
			"scale": [1.73633, 1.73633, 1.73633]
		},
		"firstperson_lefthand": {
			"rotation": [5, 106, 0],
			"translation": [16, 8.75, -23.25],
			"scale": [1.73633, 1.73633, 1.73633]
		},
		"ground": {
			"translation": [0, 3, 0],
			"scale": [0.54688, 0.54688, 0.54688]
		},
		"gui": {
			"rotation": [30, 225, 0],
            "translation": [0, 1.5, 0],
            "scale": [0.7, 0.7, 0.7]
		},
		"head": {
			"translation": [0, 18.5, 0.5],
			"scale": [1.45414, 1.73539, 1.57914]
		},
		"fixed": {
			"translation": [0, 4.5, -9.5],
			"scale": [1.61133, 1.61133, 1.61133]
		}
	}
}