{
    "display": {
        "thirdperson_righthand": {
            "translation": [0, -1.5, 1.75],
            "scale": [0.5, 0.5, 0.5]
        },
        "thirdperson_lefthand": {
            "translation": [0, -1.5, 1.75],
            "scale": [0.5, 0.5, 0.5]
        },
        "firstperson_righthand": {
            "scale": [0.5, 0.5, 0.5]
        },
        "firstperson_lefthand": {
            "scale": [0.5, 0.5, 0.5]
        },
        "ground": {
            "translation": [0, 3, 0],
            "scale": [0.5, 0.5, 0.5]
        },
        "gui": {
            "rotation": [30, 225, 0],
            "translation": [-1.5, -4, 0]
        },
        "head": {
            "scale": [1.7, 1.7, 1.7]
        },
        "fixed": {
            "rotation": [-90, 0, 0],
            "translation": [0, 0, 5],
            "scale": [2, 2, 2]
        }
    },
    "textures": {
        "0": "item/hats/teddy_panda_hat",
        "particle": "item/hats/teddy_panda_hat"
    },
    "elements": [{
        "from": [3.5, 10, 0],
        "to": [12.5, 11, 3.5],
        "rotation": {
            "angle": 0,
            "axis": "y",
            "origin": [4, 4, 6]
        },
        "faces": {
            "north": {
                "uv": [10, 7, 11, 8],
                "texture": "#0"
            },
            "east": {
                "uv": [10, 7, 11, 8],
                "texture": "#0"
            },
            "south": {
                "uv": [10, 7, 11, 8],
                "texture": "#0"
            },
            "west": {
                "uv": [10, 7, 11, 8],
                "texture": "#0"
            },
            "up": {
                "uv": [10, 7, 11, 8],
                "texture": "#0"
            },
            "down": {
                "uv": [10, 7, 11, 8],
                "texture": "#0"
            }
        }
    }, {
        "from": [9.95532, 12.85, 3.85],
        "to": [10.9, 13.92356, 4.85],
        "rotation": {
            "angle": 0,
            "axis": "z",
            "origin": [10.4, 13.475, 4.35]
        },
        "faces": {
            "north": {
                "uv": [1, 7, 2, 8],
                "texture": "#0"
            },
            "east": {
                "uv": [1, 7, 2, 8],
                "texture": "#0"
            },
            "south": {
                "uv": [1, 7, 2, 8],
                "texture": "#0"
            },
            "west": {
                "uv": [1, 7, 2, 8],
                "texture": "#0"
            },
            "up": {
                "uv": [1, 7, 2, 8],
                "texture": "#0"
            },
            "down": {
                "uv": [1, 7, 2, 8],
                "texture": "#0"
            }
        }
    }, {
        "from": [10.1045, 12.31339, 3.85],
        "to": [10.6045, 13.56339, 4.85],
        "rotation": {
            "angle": 45,
            "axis": "z",
            "origin": [10.1045, 12.93839, 4.35]
        },
        "faces": {
            "north": {
                "uv": [1, 7, 2, 8],
                "texture": "#0"
            },
            "east": {
                "uv": [1, 7, 2, 8],
                "texture": "#0"
            },
            "south": {
                "uv": [1, 7, 2, 8],
                "texture": "#0"
            },
            "west": {
                "uv": [1, 7, 2, 8],
                "texture": "#0"
            },
            "up": {
                "uv": [1, 7, 2, 8],
                "texture": "#0"
            },
            "down": {
                "uv": [1, 7, 2, 8],
                "texture": "#0"
            }
        }
    }, {
        "from": [9.67145, 12.49645, 3.85],
        "to": [10.54645, 12.99645, 4.85],
        "rotation": {
            "angle": 0,
            "axis": "z",
            "origin": [9.92145, 12.49645, 4.35]
        },
        "faces": {
            "north": {
                "uv": [1, 7, 2, 8],
                "texture": "#0"
            },
            "east": {
                "uv": [1, 7, 2, 8],
                "texture": "#0"
            },
            "south": {
                "uv": [1, 7, 2, 8],
                "texture": "#0"
            },
            "west": {
                "uv": [1, 7, 2, 8],
                "texture": "#0"
            },
            "up": {
                "uv": [1, 7, 2, 8],
                "texture": "#0"
            },
            "down": {
                "uv": [1, 7, 2, 8],
                "texture": "#0"
            }
        }
    }, {
        "from": [10.00629, 12.56305, 3.85],
        "to": [10.50629, 13.43805, 4.85],
        "rotation": {
            "angle": 22.5,
            "axis": "z",
            "origin": [10.00629, 11.68805, 4.35]
        },
        "faces": {
            "north": {
                "uv": [1, 7, 2, 8],
                "texture": "#0"
            },
            "east": {
                "uv": [1, 7, 2, 8],
                "texture": "#0"
            },
            "south": {
                "uv": [1, 7, 2, 8],
                "texture": "#0"
            },
            "west": {
                "uv": [1, 7, 2, 8],
                "texture": "#0"
            },
            "up": {
                "uv": [1, 7, 2, 8],
                "texture": "#0"
            },
            "down": {
                "uv": [1, 7, 2, 8],
                "texture": "#0"
            }
        }
    }, {
        "from": [8.13209, 12.14691, 3.85],
        "to": [8.63209, 13.02191, 4.85],
        "rotation": {
            "angle": -45,
            "axis": "z",
            "origin": [10.13209, 11.27191, 4.35]
        },
        "faces": {
            "north": {
                "uv": [1, 7, 2, 8],
                "texture": "#0"
            },
            "east": {
                "uv": [1, 7, 2, 8],
                "texture": "#0"
            },
            "south": {
                "uv": [1, 7, 2, 8],
                "texture": "#0"
            },
            "west": {
                "uv": [1, 7, 2, 8],
                "texture": "#0"
            },
            "up": {
                "uv": [1, 7, 2, 8],
                "texture": "#0"
            },
            "down": {
                "uv": [1, 7, 2, 8],
                "texture": "#0"
            }
        }
    }, {
        "from": [9, 14.025, 4.425],
        "to": [9.925, 14.325, 5.25],
        "rotation": {
            "angle": 22.5,
            "axis": "z",
            "origin": [9.7125, 14.175, 4.75]
        },
        "faces": {
            "north": {
                "uv": [4, 7, 5, 8],
                "texture": "#0"
            },
            "east": {
                "uv": [4, 7, 5, 8],
                "texture": "#0"
            },
            "south": {
                "uv": [4, 7, 5, 8],
                "texture": "#0"
            },
            "west": {
                "uv": [4, 7, 5, 8],
                "texture": "#0"
            },
            "up": {
                "uv": [4, 7, 5, 8],
                "texture": "#0"
            },
            "down": {
                "uv": [4, 7, 5, 8],
                "texture": "#0"
            }
        }
    }, {
        "from": [9.85, 12.925, 3.75],
        "to": [10.4, 13.475, 4.7],
        "rotation": {
            "angle": 0,
            "axis": "z",
            "origin": [10.125, 13.2, 4.225]
        },
        "faces": {
            "north": {
                "uv": [1, 10, 2, 11],
                "texture": "#0"
            },
            "east": {
                "uv": [1, 10, 2, 11],
                "texture": "#0"
            },
            "south": {
                "uv": [1, 10, 2, 11],
                "texture": "#0"
            },
            "west": {
                "uv": [1, 10, 2, 11],
                "texture": "#0"
            },
            "up": {
                "uv": [1, 10, 2, 11],
                "texture": "#0"
            },
            "down": {
                "uv": [1, 10, 2, 11],
                "texture": "#0"
            }
        }
    }, {
        "from": [5.6, 12.925, 3.75],
        "to": [6.15, 13.475, 4.7],
        "rotation": {
            "angle": 0,
            "axis": "z",
            "origin": [5.875, 13.2, 4.225]
        },
        "faces": {
            "north": {
                "uv": [1, 10, 2, 11],
                "texture": "#0"
            },
            "east": {
                "uv": [1, 10, 2, 11],
                "texture": "#0"
            },
            "south": {
                "uv": [1, 10, 2, 11],
                "texture": "#0"
            },
            "west": {
                "uv": [1, 10, 2, 11],
                "texture": "#0"
            },
            "up": {
                "uv": [1, 10, 2, 11],
                "texture": "#0"
            },
            "down": {
                "uv": [1, 10, 2, 11],
                "texture": "#0"
            }
        }
    }, {
        "from": [5.1, 12.85, 3.85],
        "to": [6.04468, 13.92356, 4.85],
        "rotation": {
            "angle": 0,
            "axis": "z",
            "origin": [5.6, 13.475, 4.35]
        },
        "faces": {
            "north": {
                "uv": [1, 7, 2, 8],
                "texture": "#0"
            },
            "east": {
                "uv": [1, 7, 2, 8],
                "texture": "#0"
            },
            "south": {
                "uv": [1, 7, 2, 8],
                "texture": "#0"
            },
            "west": {
                "uv": [1, 7, 2, 8],
                "texture": "#0"
            },
            "up": {
                "uv": [1, 7, 2, 8],
                "texture": "#0"
            },
            "down": {
                "uv": [1, 7, 2, 8],
                "texture": "#0"
            }
        }
    }, {
        "from": [7.36791, 12.14691, 3.85],
        "to": [7.86791, 13.02191, 4.85],
        "rotation": {
            "angle": 45,
            "axis": "z",
            "origin": [5.86791, 11.27191, 4.35]
        },
        "faces": {
            "north": {
                "uv": [1, 7, 2, 8],
                "texture": "#0"
            },
            "east": {
                "uv": [1, 7, 2, 8],
                "texture": "#0"
            },
            "south": {
                "uv": [1, 7, 2, 8],
                "texture": "#0"
            },
            "west": {
                "uv": [1, 7, 2, 8],
                "texture": "#0"
            },
            "up": {
                "uv": [1, 7, 2, 8],
                "texture": "#0"
            },
            "down": {
                "uv": [1, 7, 2, 8],
                "texture": "#0"
            }
        }
    }, {
        "from": [5.49371, 12.56305, 3.85],
        "to": [5.99371, 13.43805, 4.85],
        "rotation": {
            "angle": -22.5,
            "axis": "z",
            "origin": [5.99371, 11.68805, 4.35]
        },
        "faces": {
            "north": {
                "uv": [1, 7, 2, 8],
                "texture": "#0"
            },
            "east": {
                "uv": [1, 7, 2, 8],
                "texture": "#0"
            },
            "south": {
                "uv": [1, 7, 2, 8],
                "texture": "#0"
            },
            "west": {
                "uv": [1, 7, 2, 8],
                "texture": "#0"
            },
            "up": {
                "uv": [1, 7, 2, 8],
                "texture": "#0"
            },
            "down": {
                "uv": [1, 7, 2, 8],
                "texture": "#0"
            }
        }
    }, {
        "from": [5.45355, 12.49645, 3.85],
        "to": [6.32855, 12.99645, 4.85],
        "rotation": {
            "angle": 0,
            "axis": "z",
            "origin": [6.07855, 12.49645, 4.35]
        },
        "faces": {
            "north": {
                "uv": [1, 7, 2, 8],
                "texture": "#0"
            },
            "east": {
                "uv": [1, 7, 2, 8],
                "texture": "#0"
            },
            "south": {
                "uv": [1, 7, 2, 8],
                "texture": "#0"
            },
            "west": {
                "uv": [1, 7, 2, 8],
                "texture": "#0"
            },
            "up": {
                "uv": [1, 7, 2, 8],
                "texture": "#0"
            },
            "down": {
                "uv": [1, 7, 2, 8],
                "texture": "#0"
            }
        }
    }, {
        "from": [5.3955, 12.31339, 3.85],
        "to": [5.8955, 13.56339, 4.85],
        "rotation": {
            "angle": -45,
            "axis": "z",
            "origin": [5.8955, 12.93839, 4.35]
        },
        "faces": {
            "north": {
                "uv": [1, 7, 2, 8],
                "texture": "#0"
            },
            "east": {
                "uv": [1, 7, 2, 8],
                "texture": "#0"
            },
            "south": {
                "uv": [1, 7, 2, 8],
                "texture": "#0"
            },
            "west": {
                "uv": [1, 7, 2, 8],
                "texture": "#0"
            },
            "up": {
                "uv": [1, 7, 2, 8],
                "texture": "#0"
            },
            "down": {
                "uv": [1, 7, 2, 8],
                "texture": "#0"
            }
        }
    }, {
        "from": [6.075, 14.025, 4.425],
        "to": [7, 14.325, 5.25],
        "rotation": {
            "angle": -22.5,
            "axis": "z",
            "origin": [6.2875, 14.175, 4.75]
        },
        "faces": {
            "north": {
                "uv": [4, 7, 5, 8],
                "texture": "#0"
            },
            "east": {
                "uv": [4, 7, 5, 8],
                "texture": "#0"
            },
            "south": {
                "uv": [4, 7, 5, 8],
                "texture": "#0"
            },
            "west": {
                "uv": [4, 7, 5, 8],
                "texture": "#0"
            },
            "up": {
                "uv": [4, 7, 5, 8],
                "texture": "#0"
            },
            "down": {
                "uv": [4, 7, 5, 8],
                "texture": "#0"
            }
        }
    }, {
        "from": [3.5, 10, 3.5],
        "to": [12.5, 12.25, 12.5],
        "rotation": {
            "angle": 0,
            "axis": "y",
            "origin": [4, 4, 6]
        },
        "faces": {
            "north": {
                "uv": [13, 1, 14, 2],
                "texture": "#0"
            },
            "east": {
                "uv": [13, 1, 14, 2],
                "texture": "#0"
            },
            "south": {
                "uv": [13, 1, 14, 2],
                "texture": "#0"
            },
            "west": {
                "uv": [13, 1, 14, 2],
                "texture": "#0"
            },
            "up": {
                "uv": [13, 1, 14, 2],
                "texture": "#0"
            },
            "down": {
                "uv": [13, 1, 14, 2],
                "texture": "#0"
            }
        }
    }, {
        "from": [7.875, 12.725, 4.375],
        "to": [8.125, 13.475, 5.375],
        "rotation": {
            "angle": 0,
            "axis": "z",
            "origin": [8, 12.8, 4.5]
        },
        "faces": {
            "north": {
                "uv": [4, 7, 5, 8],
                "texture": "#0"
            },
            "east": {
                "uv": [4, 7, 5, 8],
                "texture": "#0"
            },
            "south": {
                "uv": [4, 7, 5, 8],
                "texture": "#0"
            },
            "west": {
                "uv": [4, 7, 5, 8],
                "texture": "#0"
            },
            "up": {
                "uv": [4, 7, 5, 8],
                "texture": "#0"
            },
            "down": {
                "uv": [4, 7, 5, 8],
                "texture": "#0"
            }
        }
    }, {
        "from": [8.10355, 12.42322, 4.375],
        "to": [8.35355, 12.92322, 5.375],
        "rotation": {
            "angle": 45,
            "axis": "z",
            "origin": [8.22855, 12.54822, 4.5]
        },
        "faces": {
            "north": {
                "uv": [4, 7, 5, 8],
                "texture": "#0"
            },
            "east": {
                "uv": [4, 7, 5, 8],
                "texture": "#0"
            },
            "south": {
                "uv": [4, 7, 5, 8],
                "texture": "#0"
            },
            "west": {
                "uv": [4, 7, 5, 8],
                "texture": "#0"
            },
            "up": {
                "uv": [4, 7, 5, 8],
                "texture": "#0"
            },
            "down": {
                "uv": [4, 7, 5, 8],
                "texture": "#0"
            }
        }
    }, {
        "from": [7.64645, 12.42322, 4.375],
        "to": [7.89645, 12.92322, 5.375],
        "rotation": {
            "angle": -45,
            "axis": "z",
            "origin": [7.77145, 12.54822, 4.5]
        },
        "faces": {
            "north": {
                "uv": [4, 7, 5, 8],
                "texture": "#0"
            },
            "east": {
                "uv": [4, 7, 5, 8],
                "texture": "#0"
            },
            "south": {
                "uv": [4, 7, 5, 8],
                "texture": "#0"
            },
            "west": {
                "uv": [4, 7, 5, 8],
                "texture": "#0"
            },
            "up": {
                "uv": [4, 7, 5, 8],
                "texture": "#0"
            },
            "down": {
                "uv": [4, 7, 5, 8],
                "texture": "#0"
            }
        }
    }, {
        "from": [3.58798, 10.44229, 4],
        "to": [8.58798, 12.19229, 12],
        "rotation": {
            "angle": -22.5,
            "axis": "z",
            "origin": [8.08798, 11.56729, 7.5]
        },
        "faces": {
            "north": {
                "uv": [10, 1, 11, 2],
                "texture": "#0"
            },
            "east": {
                "uv": [10, 1, 11, 2],
                "texture": "#0"
            },
            "south": {
                "uv": [10, 1, 11, 2],
                "texture": "#0"
            },
            "west": {
                "uv": [10, 1, 11, 2],
                "texture": "#0"
            },
            "up": {
                "uv": [10, 1, 11, 2],
                "texture": "#0"
            },
            "down": {
                "uv": [10, 1, 11, 2],
                "texture": "#0"
            }
        }
    }, {
        "from": [3.64717, 10.3553, 4.5],
        "to": [8.64717, 12.1053, 11.5],
        "rotation": {
            "angle": -45,
            "axis": "z",
            "origin": [8.14717, 11.4803, 7]
        },
        "faces": {
            "north": {
                "uv": [7, 1, 8, 2],
                "texture": "#0"
            },
            "east": {
                "uv": [7, 1, 8, 2],
                "texture": "#0"
            },
            "south": {
                "uv": [7, 1, 8, 2],
                "texture": "#0"
            },
            "west": {
                "uv": [7, 1, 8, 2],
                "texture": "#0"
            },
            "up": {
                "uv": [7, 1, 8, 2],
                "texture": "#0"
            },
            "down": {
                "uv": [7, 1, 8, 2],
                "texture": "#0"
            }
        }
    }, {
        "from": [5.40713, 12.4303, 5],
        "to": [10.59287, 15.10423, 11],
        "rotation": {
            "angle": 0,
            "axis": "z",
            "origin": [8.14717, 11.4803, 6.5]
        },
        "faces": {
            "north": {
                "uv": [4, 1, 5, 2],
                "texture": "#0"
            },
            "east": {
                "uv": [4, 1, 5, 2],
                "texture": "#0"
            },
            "south": {
                "uv": [4, 1, 5, 2],
                "texture": "#0"
            },
            "west": {
                "uv": [4, 1, 5, 2],
                "texture": "#0"
            },
            "up": {
                "uv": [4, 1, 5, 2],
                "texture": "#0"
            },
            "down": {
                "uv": [4, 1, 5, 2],
                "texture": "#0"
            }
        }
    }, {
        "from": [7.29199, 15.08887, 7.72318],
        "to": [9.75801, 15.65497, 8.35318],
        "rotation": {
            "angle": 22.5,
            "axis": "z",
            "origin": [8.63, 15.79192, 6.67318]
        },
        "faces": {
            "north": {
                "uv": [10, 4, 11, 5],
                "texture": "#0"
            },
            "east": {
                "uv": [10, 4, 11, 5],
                "texture": "#0"
            },
            "south": {
                "uv": [10, 4, 11, 5],
                "texture": "#0"
            },
            "west": {
                "uv": [10, 4, 11, 5],
                "texture": "#0"
            },
            "up": {
                "uv": [10, 4, 11, 5],
                "texture": "#0"
            },
            "down": {
                "uv": [10, 4, 11, 5],
                "texture": "#0"
            }
        }
    }, {
        "from": [9.72455, 14.63036, 7.72318],
        "to": [11.39673, 15.22676, 8.35318],
        "rotation": {
            "angle": 45,
            "axis": "z",
            "origin": [8.69372, 15.36371, 8.03818]
        },
        "faces": {
            "north": {
                "uv": [10, 4, 11, 5],
                "texture": "#0"
            },
            "east": {
                "uv": [10, 4, 11, 5],
                "texture": "#0"
            },
            "south": {
                "uv": [10, 4, 11, 5],
                "texture": "#0"
            },
            "west": {
                "uv": [10, 4, 11, 5],
                "texture": "#0"
            },
            "up": {
                "uv": [10, 4, 11, 5],
                "texture": "#0"
            },
            "down": {
                "uv": [10, 4, 11, 5],
                "texture": "#0"
            }
        }
    }, {
        "from": [9.38855, 15.72236, 7.72318],
        "to": [11.24338, 16.27159, 8.35318],
        "rotation": {
            "angle": 22.5,
            "axis": "z",
            "origin": [8.69372, 15.36371, 8.03818]
        },
        "faces": {
            "north": {
                "uv": [10, 4, 11, 5],
                "texture": "#0"
            },
            "east": {
                "uv": [10, 4, 11, 5],
                "texture": "#0"
            },
            "south": {
                "uv": [10, 4, 11, 5],
                "texture": "#0"
            },
            "west": {
                "uv": [10, 4, 11, 5],
                "texture": "#0"
            },
            "up": {
                "uv": [10, 4, 11, 5],
                "texture": "#0"
            },
            "down": {
                "uv": [10, 4, 11, 5],
                "texture": "#0"
            }
        }
    }, {
        "from": [8.98955, 15.40736, 7.72318],
        "to": [9.98338, 15.95659, 8.35318],
        "rotation": {
            "angle": 22.5,
            "axis": "z",
            "origin": [8.69372, 15.36371, 8.03818]
        },
        "faces": {
            "north": {
                "uv": [10, 4, 11, 5],
                "texture": "#0"
            },
            "east": {
                "uv": [10, 4, 11, 5],
                "texture": "#0"
            },
            "south": {
                "uv": [10, 4, 11, 5],
                "texture": "#0"
            },
            "west": {
                "uv": [10, 4, 11, 5],
                "texture": "#0"
            },
            "up": {
                "uv": [10, 4, 11, 5],
                "texture": "#0"
            },
            "down": {
                "uv": [10, 4, 11, 5],
                "texture": "#0"
            }
        }
    }, {
        "from": [6.01662, 15.40736, 7.72318],
        "to": [7.01045, 15.95659, 8.35318],
        "rotation": {
            "angle": -22.5,
            "axis": "z",
            "origin": [7.30628, 15.36371, 8.03818]
        },
        "faces": {
            "north": {
                "uv": [10, 4, 11, 5],
                "texture": "#0"
            },
            "east": {
                "uv": [10, 4, 11, 5],
                "texture": "#0"
            },
            "south": {
                "uv": [10, 4, 11, 5],
                "texture": "#0"
            },
            "west": {
                "uv": [10, 4, 11, 5],
                "texture": "#0"
            },
            "up": {
                "uv": [10, 4, 11, 5],
                "texture": "#0"
            },
            "down": {
                "uv": [10, 4, 11, 5],
                "texture": "#0"
            }
        }
    }, {
        "from": [4.75662, 15.72236, 7.72318],
        "to": [6.61145, 16.27159, 8.35318],
        "rotation": {
            "angle": -22.5,
            "axis": "z",
            "origin": [7.30628, 15.36371, 8.03818]
        },
        "faces": {
            "north": {
                "uv": [10, 4, 11, 5],
                "texture": "#0"
            },
            "east": {
                "uv": [10, 4, 11, 5],
                "texture": "#0"
            },
            "south": {
                "uv": [10, 4, 11, 5],
                "texture": "#0"
            },
            "west": {
                "uv": [10, 4, 11, 5],
                "texture": "#0"
            },
            "up": {
                "uv": [10, 4, 11, 5],
                "texture": "#0"
            },
            "down": {
                "uv": [10, 4, 11, 5],
                "texture": "#0"
            }
        }
    }, {
        "from": [7.49259, 14.98736, 7.09318],
        "to": [8.50741, 16.03736, 8.14318],
        "rotation": {
            "angle": -45,
            "axis": "x",
            "origin": [8, 15.99697, 8.03818]
        },
        "faces": {
            "north": {
                "uv": [7, 4, 8, 5],
                "texture": "#0"
            },
            "east": {
                "uv": [7, 4, 8, 5],
                "texture": "#0"
            },
            "south": {
                "uv": [7, 4, 8, 5],
                "texture": "#0"
            },
            "west": {
                "uv": [7, 4, 8, 5],
                "texture": "#0"
            },
            "up": {
                "uv": [7, 4, 8, 5],
                "texture": "#0"
            },
            "down": {
                "uv": [7, 4, 8, 5],
                "texture": "#0"
            }
        }
    }, {
        "from": [5.62302, 14.38217, 7.72318],
        "to": [7.47785, 14.9314, 8.35318],
        "rotation": {
            "angle": -45,
            "axis": "z",
            "origin": [8.17269, 14.02353, 8.03818]
        },
        "faces": {
            "north": {
                "uv": [10, 4, 11, 5],
                "texture": "#0"
            },
            "east": {
                "uv": [10, 4, 11, 5],
                "texture": "#0"
            },
            "south": {
                "uv": [10, 4, 11, 5],
                "texture": "#0"
            },
            "west": {
                "uv": [10, 4, 11, 5],
                "texture": "#0"
            },
            "up": {
                "uv": [10, 4, 11, 5],
                "texture": "#0"
            },
            "down": {
                "uv": [10, 4, 11, 5],
                "texture": "#0"
            }
        }
    }, {
        "from": [8.52215, 14.38217, 7.72318],
        "to": [10.37698, 14.9314, 8.35318],
        "rotation": {
            "angle": 45,
            "axis": "z",
            "origin": [7.82731, 14.02353, 8.03818]
        },
        "faces": {
            "north": {
                "uv": [10, 4, 11, 5],
                "texture": "#0"
            },
            "east": {
                "uv": [10, 4, 11, 5],
                "texture": "#0"
            },
            "south": {
                "uv": [10, 4, 11, 5],
                "texture": "#0"
            },
            "west": {
                "uv": [10, 4, 11, 5],
                "texture": "#0"
            },
            "up": {
                "uv": [10, 4, 11, 5],
                "texture": "#0"
            },
            "down": {
                "uv": [10, 4, 11, 5],
                "texture": "#0"
            }
        }
    }, {
        "from": [6.24199, 15.08887, 7.72318],
        "to": [8.70801, 15.65497, 8.35318],
        "rotation": {
            "angle": -22.5,
            "axis": "z",
            "origin": [7.37, 15.79192, 6.67318]
        },
        "faces": {
            "north": {
                "uv": [10, 4, 11, 5],
                "texture": "#0"
            },
            "east": {
                "uv": [10, 4, 11, 5],
                "texture": "#0"
            },
            "south": {
                "uv": [10, 4, 11, 5],
                "texture": "#0"
            },
            "west": {
                "uv": [10, 4, 11, 5],
                "texture": "#0"
            },
            "up": {
                "uv": [10, 4, 11, 5],
                "texture": "#0"
            },
            "down": {
                "uv": [10, 4, 11, 5],
                "texture": "#0"
            }
        }
    }, {
        "from": [4.60327, 14.63036, 7.72318],
        "to": [6.27545, 15.22676, 8.35318],
        "rotation": {
            "angle": -45,
            "axis": "z",
            "origin": [7.30628, 15.36371, 8.03818]
        },
        "faces": {
            "north": {
                "uv": [10, 4, 11, 5],
                "texture": "#0"
            },
            "east": {
                "uv": [10, 4, 11, 5],
                "texture": "#0"
            },
            "south": {
                "uv": [10, 4, 11, 5],
                "texture": "#0"
            },
            "west": {
                "uv": [10, 4, 11, 5],
                "texture": "#0"
            },
            "up": {
                "uv": [10, 4, 11, 5],
                "texture": "#0"
            },
            "down": {
                "uv": [10, 4, 11, 5],
                "texture": "#0"
            }
        }
    }, {
        "from": [7.35283, 10.3553, 4.5],
        "to": [12.35283, 12.1053, 11.5],
        "rotation": {
            "angle": 45,
            "axis": "z",
            "origin": [7.85283, 11.4803, 7]
        },
        "faces": {
            "north": {
                "uv": [7, 1, 8, 2],
                "texture": "#0"
            },
            "east": {
                "uv": [7, 1, 8, 2],
                "texture": "#0"
            },
            "south": {
                "uv": [7, 1, 8, 2],
                "texture": "#0"
            },
            "west": {
                "uv": [7, 1, 8, 2],
                "texture": "#0"
            },
            "up": {
                "uv": [7, 1, 8, 2],
                "texture": "#0"
            },
            "down": {
                "uv": [7, 1, 8, 2],
                "texture": "#0"
            }
        }
    }, {
        "from": [7.41202, 10.44229, 4],
        "to": [12.41202, 12.19229, 12],
        "rotation": {
            "angle": 22.5,
            "axis": "z",
            "origin": [7.91202, 11.56729, 7.5]
        },
        "faces": {
            "north": {
                "uv": [10, 1, 11, 2],
                "texture": "#0"
            },
            "east": {
                "uv": [10, 1, 11, 2],
                "texture": "#0"
            },
            "south": {
                "uv": [10, 1, 11, 2],
                "texture": "#0"
            },
            "west": {
                "uv": [10, 1, 11, 2],
                "texture": "#0"
            },
            "up": {
                "uv": [10, 1, 11, 2],
                "texture": "#0"
            },
            "down": {
                "uv": [10, 1, 11, 2],
                "texture": "#0"
            }
        }
    }, {
        "from": [7.98959, 10, 1.64645],
        "to": [10.48959, 11, 4.14645],
        "rotation": {
            "angle": 45,
            "axis": "y",
            "origin": [6.48959, 10.5, -0.35355]
        },
        "faces": {
            "north": {
                "uv": [10, 7, 11, 8],
                "texture": "#0"
            },
            "east": {
                "uv": [10, 7, 11, 8],
                "texture": "#0"
            },
            "south": {
                "uv": [10, 7, 11, 8],
                "texture": "#0"
            },
            "west": {
                "uv": [10, 7, 11, 8],
                "texture": "#0"
            },
            "up": {
                "uv": [10, 7, 11, 8],
                "texture": "#0"
            },
            "down": {
                "uv": [10, 7, 11, 8],
                "texture": "#0"
            }
        }
    }, {
        "from": [5.51041, 10, 1.64645],
        "to": [8.01041, 11, 4.14645],
        "rotation": {
            "angle": -45,
            "axis": "y",
            "origin": [9.51041, 10.5, -0.35355]
        },
        "faces": {
            "north": {
                "uv": [10, 7, 11, 8],
                "texture": "#0"
            },
            "east": {
                "uv": [10, 7, 11, 8],
                "texture": "#0"
            },
            "south": {
                "uv": [10, 7, 11, 8],
                "texture": "#0"
            },
            "west": {
                "uv": [10, 7, 11, 8],
                "texture": "#0"
            },
            "up": {
                "uv": [10, 7, 11, 8],
                "texture": "#0"
            },
            "down": {
                "uv": [10, 7, 11, 8],
                "texture": "#0"
            }
        }
    }, {
        "from": [6.92452, 9.905, -1.86643],
        "to": [9.07548, 11.07, -0.48843],
        "rotation": {
            "angle": 0,
            "axis": "y",
            "origin": [8, 10.5, 0.53126]
        },
        "faces": {
            "north": {
                "uv": [7, 7, 8, 8],
                "texture": "#0"
            },
            "east": {
                "uv": [7, 7, 8, 8],
                "texture": "#0"
            },
            "south": {
                "uv": [7, 7, 8, 8],
                "texture": "#0"
            },
            "west": {
                "uv": [7, 7, 8, 8],
                "texture": "#0"
            },
            "up": {
                "uv": [7, 7, 8, 8],
                "texture": "#0"
            },
            "down": {
                "uv": [7, 7, 8, 8],
                "texture": "#0"
            }
        }
    }, {
        "from": [5.84952, 9.93, -0.61643],
        "to": [10.15048, 11.045, 1.26157],
        "rotation": {
            "angle": 0,
            "axis": "y",
            "origin": [8, 10.5, 0.53126]
        },
        "faces": {
            "north": {
                "uv": [13, 4, 14, 5],
                "texture": "#0"
            },
            "east": {
                "uv": [13, 4, 14, 5],
                "texture": "#0"
            },
            "south": {
                "uv": [13, 4, 14, 5],
                "texture": "#0"
            },
            "west": {
                "uv": [13, 4, 14, 5],
                "texture": "#0"
            },
            "up": {
                "uv": [13, 4, 14, 5],
                "texture": "#0"
            },
            "down": {
                "uv": [13, 4, 14, 5],
                "texture": "#0"
            }
        }
    }, {
        "from": [4.87452, 9.955, 1.13357],
        "to": [11.10048, 11.02, 3.51157],
        "rotation": {
            "angle": 0,
            "axis": "y",
            "origin": [8, 10.5, 0.53126]
        },
        "faces": {
            "north": {
                "uv": [4, 10, 5, 11],
                "texture": "#0"
            },
            "east": {
                "uv": [4, 10, 5, 11],
                "texture": "#0"
            },
            "south": {
                "uv": [4, 10, 5, 11],
                "texture": "#0"
            },
            "west": {
                "uv": [4, 10, 5, 11],
                "texture": "#0"
            },
            "up": {
                "uv": [4, 10, 5, 11],
                "texture": "#0"
            },
            "down": {
                "uv": [4, 10, 5, 11],
                "texture": "#0"
            }
        }
    }, {
        "from": [5.26777, 10, -1.76777],
        "to": [10.73223, 11, 0.73223],
        "rotation": {
            "angle": 0,
            "axis": "y",
            "origin": [10.26777, 10.5, 2.23223]
        },
        "faces": {
            "north": {
                "uv": [10, 7, 11, 8],
                "texture": "#0"
            },
            "east": {
                "uv": [10, 7, 11, 8],
                "texture": "#0"
            },
            "south": {
                "uv": [10, 7, 11, 8],
                "texture": "#0"
            },
            "west": {
                "uv": [10, 7, 11, 8],
                "texture": "#0"
            },
            "up": {
                "uv": [10, 7, 11, 8],
                "texture": "#0"
            },
            "down": {
                "uv": [10, 7, 11, 8],
                "texture": "#0"
            }
        }
    }, {
        "from": [5.00849, 9.905, 1.3358],
        "to": [6.38649, 11.07, 5.00883],
        "rotation": {
            "angle": -22.5,
            "axis": "y",
            "origin": [8, 10.5, 0.53126]
        },
        "faces": {
            "north": {
                "uv": [7, 7, 8, 8],
                "texture": "#0"
            },
            "east": {
                "uv": [7, 7, 8, 8],
                "texture": "#0"
            },
            "south": {
                "uv": [7, 7, 8, 8],
                "texture": "#0"
            },
            "west": {
                "uv": [7, 7, 8, 8],
                "texture": "#0"
            },
            "up": {
                "uv": [7, 7, 8, 8],
                "texture": "#0"
            },
            "down": {
                "uv": [7, 7, 8, 8],
                "texture": "#0"
            }
        }
    }, {
        "from": [5.54409, 9.905, -0.40368],
        "to": [6.92209, 11.07, 2.41935],
        "rotation": {
            "angle": -45,
            "axis": "y",
            "origin": [8, 10.5, 0.53126]
        },
        "faces": {
            "north": {
                "uv": [7, 7, 8, 8],
                "texture": "#0"
            },
            "east": {
                "uv": [7, 7, 8, 8],
                "texture": "#0"
            },
            "south": {
                "uv": [7, 7, 8, 8],
                "texture": "#0"
            },
            "west": {
                "uv": [7, 7, 8, 8],
                "texture": "#0"
            },
            "up": {
                "uv": [7, 7, 8, 8],
                "texture": "#0"
            },
            "down": {
                "uv": [7, 7, 8, 8],
                "texture": "#0"
            }
        }
    }, {
        "from": [9.07791, 9.905, -0.40368],
        "to": [10.45591, 11.07, 2.41935],
        "rotation": {
            "angle": 45,
            "axis": "y",
            "origin": [8, 10.5, 0.53126]
        },
        "faces": {
            "north": {
                "uv": [7, 7, 8, 8],
                "texture": "#0"
            },
            "east": {
                "uv": [7, 7, 8, 8],
                "texture": "#0"
            },
            "south": {
                "uv": [7, 7, 8, 8],
                "texture": "#0"
            },
            "west": {
                "uv": [7, 7, 8, 8],
                "texture": "#0"
            },
            "up": {
                "uv": [7, 7, 8, 8],
                "texture": "#0"
            },
            "down": {
                "uv": [7, 7, 8, 8],
                "texture": "#0"
            }
        }
    }, {
        "from": [9.61351, 9.905, 1.3358],
        "to": [10.99151, 11.07, 5.00883],
        "rotation": {
            "angle": 22.5,
            "axis": "y",
            "origin": [8, 10.5, 0.53126]
        },
        "faces": {
            "north": {
                "uv": [7, 7, 8, 8],
                "texture": "#0"
            },
            "east": {
                "uv": [7, 7, 8, 8],
                "texture": "#0"
            },
            "south": {
                "uv": [7, 7, 8, 8],
                "texture": "#0"
            },
            "west": {
                "uv": [7, 7, 8, 8],
                "texture": "#0"
            },
            "up": {
                "uv": [7, 7, 8, 8],
                "texture": "#0"
            },
            "down": {
                "uv": [7, 7, 8, 8],
                "texture": "#0"
            }
        }
    }, {
        "from": [10.58819, 13.70607, 7.615],
        "to": [11.34819, 15.70607, 8.615],
        "rotation": {
            "angle": -22.5,
            "axis": "z",
            "origin": [10.96819, 15.40607, 8.115]
        },
        "faces": {
            "north": {
                "uv": [1, 1, 2, 2],
                "texture": "#0"
            },
            "east": {
                "uv": [1, 1, 2, 2],
                "texture": "#0"
            },
            "south": {
                "uv": [1, 1, 2, 2],
                "texture": "#0"
            },
            "west": {
                "uv": [1, 1, 2, 2],
                "texture": "#0"
            },
            "up": {
                "uv": [1, 1, 2, 2],
                "texture": "#0"
            },
            "down": {
                "uv": [1, 1, 2, 2],
                "texture": "#0"
            }
        }
    }, {
        "from": [9.1357, 16.17503, 7.615],
        "to": [9.9957, 17.17503, 8.615],
        "rotation": {
            "angle": -45,
            "axis": "z",
            "origin": [9.5157, 14.07503, 8.115]
        },
        "faces": {
            "north": {
                "uv": [1, 1, 2, 2],
                "texture": "#0"
            },
            "east": {
                "uv": [1, 1, 2, 2],
                "texture": "#0"
            },
            "south": {
                "uv": [1, 1, 2, 2],
                "texture": "#0"
            },
            "west": {
                "uv": [1, 1, 2, 2],
                "texture": "#0"
            },
            "up": {
                "uv": [1, 1, 2, 2],
                "texture": "#0"
            },
            "down": {
                "uv": [1, 1, 2, 2],
                "texture": "#0"
            }
        }
    }, {
        "from": [11.7443, 14.98105, 7.615],
        "to": [12.7443, 15.76105, 8.615],
        "rotation": {
            "angle": 22.5,
            "axis": "z",
            "origin": [9.6443, 15.38105, 8.115]
        },
        "faces": {
            "north": {
                "uv": [1, 1, 2, 2],
                "texture": "#0"
            },
            "east": {
                "uv": [1, 1, 2, 2],
                "texture": "#0"
            },
            "south": {
                "uv": [1, 1, 2, 2],
                "texture": "#0"
            },
            "west": {
                "uv": [1, 1, 2, 2],
                "texture": "#0"
            },
            "up": {
                "uv": [1, 1, 2, 2],
                "texture": "#0"
            },
            "down": {
                "uv": [1, 1, 2, 2],
                "texture": "#0"
            }
        }
    }, {
        "from": [12.36291, 16.15844, 7.615],
        "to": [13.36291, 16.91844, 8.615],
        "rotation": {
            "angle": 0,
            "axis": "z",
            "origin": [10.26291, 16.53844, 8.115]
        },
        "faces": {
            "north": {
                "uv": [1, 1, 2, 2],
                "texture": "#0"
            },
            "east": {
                "uv": [1, 1, 2, 2],
                "texture": "#0"
            },
            "south": {
                "uv": [1, 1, 2, 2],
                "texture": "#0"
            },
            "west": {
                "uv": [1, 1, 2, 2],
                "texture": "#0"
            },
            "up": {
                "uv": [1, 1, 2, 2],
                "texture": "#0"
            },
            "down": {
                "uv": [1, 1, 2, 2],
                "texture": "#0"
            }
        }
    }, {
        "from": [13.37734, 16.85101, 7.615],
        "to": [14.17734, 17.75101, 8.615],
        "rotation": {
            "angle": -22.5,
            "axis": "z",
            "origin": [11.27734, 17.37101, 8.115]
        },
        "faces": {
            "north": {
                "uv": [1, 1, 2, 2],
                "texture": "#0"
            },
            "east": {
                "uv": [1, 1, 2, 2],
                "texture": "#0"
            },
            "south": {
                "uv": [1, 1, 2, 2],
                "texture": "#0"
            },
            "west": {
                "uv": [1, 1, 2, 2],
                "texture": "#0"
            },
            "up": {
                "uv": [1, 1, 2, 2],
                "texture": "#0"
            },
            "down": {
                "uv": [1, 1, 2, 2],
                "texture": "#0"
            }
        }
    }, {
        "from": [14.44839, 17.20852, 7.615],
        "to": [15.24839, 18.20852, 8.615],
        "rotation": {
            "angle": -45,
            "axis": "z",
            "origin": [12.34839, 17.82852, 8.115]
        },
        "faces": {
            "north": {
                "uv": [1, 1, 2, 2],
                "texture": "#0"
            },
            "east": {
                "uv": [1, 1, 2, 2],
                "texture": "#0"
            },
            "south": {
                "uv": [1, 1, 2, 2],
                "texture": "#0"
            },
            "west": {
                "uv": [1, 1, 2, 2],
                "texture": "#0"
            },
            "up": {
                "uv": [1, 1, 2, 2],
                "texture": "#0"
            },
            "down": {
                "uv": [1, 1, 2, 2],
                "texture": "#0"
            }
        }
    }, {
        "from": [13.01299, 14.94134, 7.615],
        "to": [13.89299, 15.74134, 8.615],
        "rotation": {
            "angle": 22.5,
            "axis": "z",
            "origin": [13.51299, 17.84134, 8.115]
        },
        "faces": {
            "north": {
                "uv": [1, 1, 2, 2],
                "texture": "#0"
            },
            "east": {
                "uv": [1, 1, 2, 2],
                "texture": "#0"
            },
            "south": {
                "uv": [1, 1, 2, 2],
                "texture": "#0"
            },
            "west": {
                "uv": [1, 1, 2, 2],
                "texture": "#0"
            },
            "up": {
                "uv": [1, 1, 2, 2],
                "texture": "#0"
            },
            "down": {
                "uv": [1, 1, 2, 2],
                "texture": "#0"
            }
        }
    }, {
        "from": [14.21385, 14.10751, 7.615],
        "to": [14.97385, 15.30751, 8.615],
        "rotation": {
            "angle": 0,
            "axis": "z",
            "origin": [14.59385, 17.40751, 8.115]
        },
        "faces": {
            "north": {
                "uv": [1, 1, 2, 2],
                "texture": "#0"
            },
            "east": {
                "uv": [1, 1, 2, 2],
                "texture": "#0"
            },
            "south": {
                "uv": [1, 1, 2, 2],
                "texture": "#0"
            },
            "west": {
                "uv": [1, 1, 2, 2],
                "texture": "#0"
            },
            "up": {
                "uv": [1, 1, 2, 2],
                "texture": "#0"
            },
            "down": {
                "uv": [1, 1, 2, 2],
                "texture": "#0"
            }
        }
    }, {
        "from": [14.92641, 13.29308, 7.615],
        "to": [15.80641, 14.09308, 8.615],
        "rotation": {
            "angle": -22.5,
            "axis": "z",
            "origin": [15.42641, 16.19308, 8.115]
        },
        "faces": {
            "north": {
                "uv": [1, 1, 2, 2],
                "texture": "#0"
            },
            "east": {
                "uv": [1, 1, 2, 2],
                "texture": "#0"
            },
            "south": {
                "uv": [1, 1, 2, 2],
                "texture": "#0"
            },
            "west": {
                "uv": [1, 1, 2, 2],
                "texture": "#0"
            },
            "up": {
                "uv": [1, 1, 2, 2],
                "texture": "#0"
            },
            "down": {
                "uv": [1, 1, 2, 2],
                "texture": "#0"
            }
        }
    }, {
        "from": [15.34392, 11.82203, 7.615],
        "to": [16.26392, 13.02203, 8.615],
        "rotation": {
            "angle": -45,
            "axis": "z",
            "origin": [15.88392, 15.12203, 8.115]
        },
        "faces": {
            "north": {
                "uv": [1, 1, 2, 2],
                "texture": "#0"
            },
            "east": {
                "uv": [1, 1, 2, 2],
                "texture": "#0"
            },
            "south": {
                "uv": [1, 1, 2, 2],
                "texture": "#0"
            },
            "west": {
                "uv": [1, 1, 2, 2],
                "texture": "#0"
            },
            "up": {
                "uv": [1, 1, 2, 2],
                "texture": "#0"
            },
            "down": {
                "uv": [1, 1, 2, 2],
                "texture": "#0"
            }
        }
    }, {
        "from": [12.5139, 13.29459, 7.615],
        "to": [13.5139, 14.05459, 8.615],
        "rotation": {
            "angle": 22.5,
            "axis": "z",
            "origin": [15.6139, 13.67459, 8.115]
        },
        "faces": {
            "north": {
                "uv": [1, 1, 2, 2],
                "texture": "#0"
            },
            "east": {
                "uv": [1, 1, 2, 2],
                "texture": "#0"
            },
            "south": {
                "uv": [1, 1, 2, 2],
                "texture": "#0"
            },
            "west": {
                "uv": [1, 1, 2, 2],
                "texture": "#0"
            },
            "up": {
                "uv": [1, 1, 2, 2],
                "texture": "#0"
            },
            "down": {
                "uv": [1, 1, 2, 2],
                "texture": "#0"
            }
        }
    }, {
        "from": [11.75529, 12.13719, 7.615],
        "to": [12.89529, 13.37719, 8.615],
        "rotation": {
            "angle": 0,
            "axis": "z",
            "origin": [14.99529, 12.51719, 8.115]
        },
        "faces": {
            "north": {
                "uv": [1, 1, 2, 2],
                "texture": "#0"
            },
            "east": {
                "uv": [1, 1, 2, 2],
                "texture": "#0"
            },
            "south": {
                "uv": [1, 1, 2, 2],
                "texture": "#0"
            },
            "west": {
                "uv": [1, 1, 2, 2],
                "texture": "#0"
            },
            "up": {
                "uv": [1, 1, 2, 2],
                "texture": "#0"
            },
            "down": {
                "uv": [1, 1, 2, 2],
                "texture": "#0"
            }
        }
    }, {
        "from": [12.33529, 12.23719, 7.615],
        "to": [13.07529, 15.37719, 8.615],
        "rotation": {
            "angle": 45,
            "axis": "z",
            "origin": [12.39529, 12.87719, 8.115]
        },
        "faces": {
            "north": {
                "uv": [1, 1, 2, 2],
                "texture": "#0"
            },
            "east": {
                "uv": [1, 1, 2, 2],
                "texture": "#0"
            },
            "south": {
                "uv": [1, 1, 2, 2],
                "texture": "#0"
            },
            "west": {
                "uv": [1, 1, 2, 2],
                "texture": "#0"
            },
            "up": {
                "uv": [1, 1, 2, 2],
                "texture": "#0"
            },
            "down": {
                "uv": [1, 1, 2, 2],
                "texture": "#0"
            }
        }
    }, {
        "from": [12.27545, 16.00515, 7.415],
        "to": [13.27545, 16.20515, 8.015],
        "rotation": {
            "angle": 0,
            "axis": "z",
            "origin": [12.23545, 16.02515, 7.715]
        },
        "faces": {
            "north": {
                "uv": [1, 4, 2, 5],
                "texture": "#0"
            },
            "east": {
                "uv": [1, 4, 2, 5],
                "texture": "#0"
            },
            "south": {
                "uv": [1, 4, 2, 5],
                "texture": "#0"
            },
            "west": {
                "uv": [1, 4, 2, 5],
                "texture": "#0"
            },
            "up": {
                "uv": [1, 4, 2, 5],
                "texture": "#0"
            },
            "down": {
                "uv": [1, 4, 2, 5],
                "texture": "#0"
            }
        }
    }, {
        "from": [14.06539, 14.2152, 7.415],
        "to": [14.26539, 15.2152, 8.015],
        "rotation": {
            "angle": 0,
            "axis": "z",
            "origin": [14.08539, 15.2552, 7.715]
        },
        "faces": {
            "north": {
                "uv": [1, 4, 2, 5],
                "texture": "#0"
            },
            "east": {
                "uv": [1, 4, 2, 5],
                "texture": "#0"
            },
            "south": {
                "uv": [1, 4, 2, 5],
                "texture": "#0"
            },
            "west": {
                "uv": [1, 4, 2, 5],
                "texture": "#0"
            },
            "up": {
                "uv": [1, 4, 2, 5],
                "texture": "#0"
            },
            "down": {
                "uv": [1, 4, 2, 5],
                "texture": "#0"
            }
        }
    }, {
        "from": [14.1464, 12.63076, 7.415],
        "to": [14.3464, 14.33076, 8.015],
        "rotation": {
            "angle": -45,
            "axis": "z",
            "origin": [14.1664, 14.37076, 7.715]
        },
        "faces": {
            "north": {
                "uv": [1, 4, 2, 5],
                "texture": "#0"
            },
            "east": {
                "uv": [1, 4, 2, 5],
                "texture": "#0"
            },
            "south": {
                "uv": [1, 4, 2, 5],
                "texture": "#0"
            },
            "west": {
                "uv": [1, 4, 2, 5],
                "texture": "#0"
            },
            "up": {
                "uv": [1, 4, 2, 5],
                "texture": "#0"
            },
            "down": {
                "uv": [1, 4, 2, 5],
                "texture": "#0"
            }
        }
    }, {
        "from": [12.29787, 14.47929, 7.415],
        "to": [12.49787, 16.17929, 8.015],
        "rotation": {
            "angle": -45,
            "axis": "z",
            "origin": [12.31787, 16.21929, 7.715]
        },
        "faces": {
            "north": {
                "uv": [1, 4, 2, 5],
                "texture": "#0"
            },
            "east": {
                "uv": [1, 4, 2, 5],
                "texture": "#0"
            },
            "south": {
                "uv": [1, 4, 2, 5],
                "texture": "#0"
            },
            "west": {
                "uv": [1, 4, 2, 5],
                "texture": "#0"
            },
            "up": {
                "uv": [1, 4, 2, 5],
                "texture": "#0"
            },
            "down": {
                "uv": [1, 4, 2, 5],
                "texture": "#0"
            }
        }
    }, {
        "from": [11.0342, 12.61763, 7.415],
        "to": [11.2342, 15.21763, 8.015],
        "rotation": {
            "angle": 45,
            "axis": "z",
            "origin": [11.5542, 15.25763, 7.715]
        },
        "faces": {
            "north": {
                "uv": [1, 4, 2, 5],
                "texture": "#0"
            },
            "east": {
                "uv": [1, 4, 2, 5],
                "texture": "#0"
            },
            "south": {
                "uv": [1, 4, 2, 5],
                "texture": "#0"
            },
            "west": {
                "uv": [1, 4, 2, 5],
                "texture": "#0"
            },
            "up": {
                "uv": [1, 4, 2, 5],
                "texture": "#0"
            },
            "down": {
                "uv": [1, 4, 2, 5],
                "texture": "#0"
            }
        }
    }, {
        "from": [13.05829, 15.68088, 7.415],
        "to": [14.45829, 15.88088, 8.015],
        "rotation": {
            "angle": -45,
            "axis": "z",
            "origin": [13.55829, 15.78088, 7.715]
        },
        "faces": {
            "north": {
                "uv": [1, 4, 2, 5],
                "texture": "#0"
            },
            "east": {
                "uv": [1, 4, 2, 5],
                "texture": "#0"
            },
            "south": {
                "uv": [1, 4, 2, 5],
                "texture": "#0"
            },
            "west": {
                "uv": [1, 4, 2, 5],
                "texture": "#0"
            },
            "up": {
                "uv": [1, 4, 2, 5],
                "texture": "#0"
            },
            "down": {
                "uv": [1, 4, 2, 5],
                "texture": "#0"
            }
        }
    }, {
        "from": [10.30195, 10.41365, 7.815],
        "to": [12.60195, 13.31365, 8.615],
        "rotation": {
            "angle": 45,
            "axis": "z",
            "origin": [8.48537, 15.17349, 8]
        },
        "faces": {
            "north": {
                "uv": [4, 4, 5, 5],
                "texture": "#0"
            },
            "east": {
                "uv": [1, 1, 2, 2],
                "texture": "#0"
            },
            "south": {
                "uv": [1, 1, 2, 2],
                "texture": "#0"
            },
            "west": {
                "uv": [1, 1, 2, 2],
                "texture": "#0"
            },
            "up": {
                "uv": [1, 1, 2, 2],
                "texture": "#0"
            },
            "down": {
                "uv": [1, 1, 2, 2],
                "texture": "#0"
            }
        }
    }, {
        "from": [3.10471, 12.13719, 7.615],
        "to": [4.24471, 13.37719, 8.615],
        "rotation": {
            "angle": 0,
            "axis": "z",
            "origin": [1.00471, 12.51719, 8.115]
        },
        "faces": {
            "north": {
                "uv": [1, 1, 2, 2],
                "texture": "#0"
            },
            "east": {
                "uv": [1, 1, 2, 2],
                "texture": "#0"
            },
            "south": {
                "uv": [1, 1, 2, 2],
                "texture": "#0"
            },
            "west": {
                "uv": [1, 1, 2, 2],
                "texture": "#0"
            },
            "up": {
                "uv": [1, 1, 2, 2],
                "texture": "#0"
            },
            "down": {
                "uv": [1, 1, 2, 2],
                "texture": "#0"
            }
        }
    }, {
        "from": [2.92471, 12.23719, 7.615],
        "to": [3.66471, 15.37719, 8.615],
        "rotation": {
            "angle": -45,
            "axis": "z",
            "origin": [3.60471, 12.87719, 8.115]
        },
        "faces": {
            "north": {
                "uv": [1, 1, 2, 2],
                "texture": "#0"
            },
            "east": {
                "uv": [1, 1, 2, 2],
                "texture": "#0"
            },
            "south": {
                "uv": [1, 1, 2, 2],
                "texture": "#0"
            },
            "west": {
                "uv": [1, 1, 2, 2],
                "texture": "#0"
            },
            "up": {
                "uv": [1, 1, 2, 2],
                "texture": "#0"
            },
            "down": {
                "uv": [1, 1, 2, 2],
                "texture": "#0"
            }
        }
    }, {
        "from": [4.65181, 13.70607, 7.615],
        "to": [5.41181, 15.70607, 8.615],
        "rotation": {
            "angle": 22.5,
            "axis": "z",
            "origin": [5.03181, 15.40607, 8.115]
        },
        "faces": {
            "north": {
                "uv": [1, 1, 2, 2],
                "texture": "#0"
            },
            "east": {
                "uv": [1, 1, 2, 2],
                "texture": "#0"
            },
            "south": {
                "uv": [1, 1, 2, 2],
                "texture": "#0"
            },
            "west": {
                "uv": [1, 1, 2, 2],
                "texture": "#0"
            },
            "up": {
                "uv": [1, 1, 2, 2],
                "texture": "#0"
            },
            "down": {
                "uv": [1, 1, 2, 2],
                "texture": "#0"
            }
        }
    }, {
        "from": [6.0043, 16.17503, 7.615],
        "to": [6.8643, 17.17503, 8.615],
        "rotation": {
            "angle": 45,
            "axis": "z",
            "origin": [6.4843, 14.07503, 8.115]
        },
        "faces": {
            "north": {
                "uv": [1, 1, 2, 2],
                "texture": "#0"
            },
            "east": {
                "uv": [1, 1, 2, 2],
                "texture": "#0"
            },
            "south": {
                "uv": [1, 1, 2, 2],
                "texture": "#0"
            },
            "west": {
                "uv": [1, 1, 2, 2],
                "texture": "#0"
            },
            "up": {
                "uv": [1, 1, 2, 2],
                "texture": "#0"
            },
            "down": {
                "uv": [1, 1, 2, 2],
                "texture": "#0"
            }
        }
    }, {
        "from": [3.2557, 14.98105, 7.615],
        "to": [4.2557, 15.76105, 8.615],
        "rotation": {
            "angle": -22.5,
            "axis": "z",
            "origin": [6.3557, 15.38105, 8.115]
        },
        "faces": {
            "north": {
                "uv": [1, 1, 2, 2],
                "texture": "#0"
            },
            "east": {
                "uv": [1, 1, 2, 2],
                "texture": "#0"
            },
            "south": {
                "uv": [1, 1, 2, 2],
                "texture": "#0"
            },
            "west": {
                "uv": [1, 1, 2, 2],
                "texture": "#0"
            },
            "up": {
                "uv": [1, 1, 2, 2],
                "texture": "#0"
            },
            "down": {
                "uv": [1, 1, 2, 2],
                "texture": "#0"
            }
        }
    }, {
        "from": [1.82266, 16.85101, 7.615],
        "to": [2.62266, 17.75101, 8.615],
        "rotation": {
            "angle": 22.5,
            "axis": "z",
            "origin": [4.72266, 17.37101, 8.115]
        },
        "faces": {
            "north": {
                "uv": [1, 1, 2, 2],
                "texture": "#0"
            },
            "east": {
                "uv": [1, 1, 2, 2],
                "texture": "#0"
            },
            "south": {
                "uv": [1, 1, 2, 2],
                "texture": "#0"
            },
            "west": {
                "uv": [1, 1, 2, 2],
                "texture": "#0"
            },
            "up": {
                "uv": [1, 1, 2, 2],
                "texture": "#0"
            },
            "down": {
                "uv": [1, 1, 2, 2],
                "texture": "#0"
            }
        }
    }, {
        "from": [0.75161, 17.20852, 7.615],
        "to": [1.55161, 18.20852, 8.615],
        "rotation": {
            "angle": 45,
            "axis": "z",
            "origin": [3.65161, 17.82852, 8.115]
        },
        "faces": {
            "north": {
                "uv": [1, 1, 2, 2],
                "texture": "#0"
            },
            "east": {
                "uv": [1, 1, 2, 2],
                "texture": "#0"
            },
            "south": {
                "uv": [1, 1, 2, 2],
                "texture": "#0"
            },
            "west": {
                "uv": [1, 1, 2, 2],
                "texture": "#0"
            },
            "up": {
                "uv": [1, 1, 2, 2],
                "texture": "#0"
            },
            "down": {
                "uv": [1, 1, 2, 2],
                "texture": "#0"
            }
        }
    }, {
        "from": [2.10701, 14.94134, 7.615],
        "to": [2.98701, 15.74134, 8.615],
        "rotation": {
            "angle": -22.5,
            "axis": "z",
            "origin": [2.48701, 17.84134, 8.115]
        },
        "faces": {
            "north": {
                "uv": [1, 1, 2, 2],
                "texture": "#0"
            },
            "east": {
                "uv": [1, 1, 2, 2],
                "texture": "#0"
            },
            "south": {
                "uv": [1, 1, 2, 2],
                "texture": "#0"
            },
            "west": {
                "uv": [1, 1, 2, 2],
                "texture": "#0"
            },
            "up": {
                "uv": [1, 1, 2, 2],
                "texture": "#0"
            },
            "down": {
                "uv": [1, 1, 2, 2],
                "texture": "#0"
            }
        }
    }, {
        "from": [1.02615, 14.10751, 7.615],
        "to": [1.78615, 15.30751, 8.615],
        "rotation": {
            "angle": 0,
            "axis": "z",
            "origin": [1.40615, 17.40751, 8.115]
        },
        "faces": {
            "north": {
                "uv": [1, 1, 2, 2],
                "texture": "#0"
            },
            "east": {
                "uv": [1, 1, 2, 2],
                "texture": "#0"
            },
            "south": {
                "uv": [1, 1, 2, 2],
                "texture": "#0"
            },
            "west": {
                "uv": [1, 1, 2, 2],
                "texture": "#0"
            },
            "up": {
                "uv": [1, 1, 2, 2],
                "texture": "#0"
            },
            "down": {
                "uv": [1, 1, 2, 2],
                "texture": "#0"
            }
        }
    }, {
        "from": [-0.26392, 11.82203, 7.615],
        "to": [0.65608, 13.02203, 8.615],
        "rotation": {
            "angle": 45,
            "axis": "z",
            "origin": [0.11608, 15.12203, 8.115]
        },
        "faces": {
            "north": {
                "uv": [1, 1, 2, 2],
                "texture": "#0"
            },
            "east": {
                "uv": [1, 1, 2, 2],
                "texture": "#0"
            },
            "south": {
                "uv": [1, 1, 2, 2],
                "texture": "#0"
            },
            "west": {
                "uv": [1, 1, 2, 2],
                "texture": "#0"
            },
            "up": {
                "uv": [1, 1, 2, 2],
                "texture": "#0"
            },
            "down": {
                "uv": [1, 1, 2, 2],
                "texture": "#0"
            }
        }
    }, {
        "from": [0.19359, 13.29308, 7.615],
        "to": [1.07359, 14.09308, 8.615],
        "rotation": {
            "angle": 22.5,
            "axis": "z",
            "origin": [0.57359, 16.19308, 8.115]
        },
        "faces": {
            "north": {
                "uv": [1, 1, 2, 2],
                "texture": "#0"
            },
            "east": {
                "uv": [1, 1, 2, 2],
                "texture": "#0"
            },
            "south": {
                "uv": [1, 1, 2, 2],
                "texture": "#0"
            },
            "west": {
                "uv": [1, 1, 2, 2],
                "texture": "#0"
            },
            "up": {
                "uv": [1, 1, 2, 2],
                "texture": "#0"
            },
            "down": {
                "uv": [1, 1, 2, 2],
                "texture": "#0"
            }
        }
    }, {
        "from": [2.4861, 13.29459, 7.615],
        "to": [3.4861, 14.05459, 8.615],
        "rotation": {
            "angle": -22.5,
            "axis": "z",
            "origin": [0.3861, 13.67459, 8.115]
        },
        "faces": {
            "north": {
                "uv": [1, 1, 2, 2],
                "texture": "#0"
            },
            "east": {
                "uv": [1, 1, 2, 2],
                "texture": "#0"
            },
            "south": {
                "uv": [1, 1, 2, 2],
                "texture": "#0"
            },
            "west": {
                "uv": [1, 1, 2, 2],
                "texture": "#0"
            },
            "up": {
                "uv": [1, 1, 2, 2],
                "texture": "#0"
            },
            "down": {
                "uv": [1, 1, 2, 2],
                "texture": "#0"
            }
        }
    }, {
        "from": [4.7658, 12.61763, 7.415],
        "to": [4.9658, 15.21763, 8.015],
        "rotation": {
            "angle": -45,
            "axis": "z",
            "origin": [4.4458, 15.25763, 7.715]
        },
        "faces": {
            "north": {
                "uv": [1, 4, 2, 5],
                "texture": "#0"
            },
            "east": {
                "uv": [1, 4, 2, 5],
                "texture": "#0"
            },
            "south": {
                "uv": [1, 4, 2, 5],
                "texture": "#0"
            },
            "west": {
                "uv": [1, 4, 2, 5],
                "texture": "#0"
            },
            "up": {
                "uv": [1, 4, 2, 5],
                "texture": "#0"
            },
            "down": {
                "uv": [1, 4, 2, 5],
                "texture": "#0"
            }
        }
    }, {
        "from": [3.50213, 14.47929, 7.415],
        "to": [3.70213, 16.17929, 8.015],
        "rotation": {
            "angle": 45,
            "axis": "z",
            "origin": [3.68213, 16.21929, 7.715]
        },
        "faces": {
            "north": {
                "uv": [1, 4, 2, 5],
                "texture": "#0"
            },
            "east": {
                "uv": [1, 4, 2, 5],
                "texture": "#0"
            },
            "south": {
                "uv": [1, 4, 2, 5],
                "texture": "#0"
            },
            "west": {
                "uv": [1, 4, 2, 5],
                "texture": "#0"
            },
            "up": {
                "uv": [1, 4, 2, 5],
                "texture": "#0"
            },
            "down": {
                "uv": [1, 4, 2, 5],
                "texture": "#0"
            }
        }
    }, {
        "from": [2.63709, 16.15844, 7.615],
        "to": [3.63709, 16.91844, 8.615],
        "rotation": {
            "angle": 0,
            "axis": "z",
            "origin": [5.73709, 16.53844, 8.115]
        },
        "faces": {
            "north": {
                "uv": [1, 1, 2, 2],
                "texture": "#0"
            },
            "east": {
                "uv": [1, 1, 2, 2],
                "texture": "#0"
            },
            "south": {
                "uv": [1, 1, 2, 2],
                "texture": "#0"
            },
            "west": {
                "uv": [1, 1, 2, 2],
                "texture": "#0"
            },
            "up": {
                "uv": [1, 1, 2, 2],
                "texture": "#0"
            },
            "down": {
                "uv": [1, 1, 2, 2],
                "texture": "#0"
            }
        }
    }, {
        "from": [1.6536, 12.63076, 7.415],
        "to": [1.8536, 14.33076, 8.015],
        "rotation": {
            "angle": 45,
            "axis": "z",
            "origin": [1.8336, 14.37076, 7.715]
        },
        "faces": {
            "north": {
                "uv": [1, 4, 2, 5],
                "texture": "#0"
            },
            "east": {
                "uv": [1, 4, 2, 5],
                "texture": "#0"
            },
            "south": {
                "uv": [1, 4, 2, 5],
                "texture": "#0"
            },
            "west": {
                "uv": [1, 4, 2, 5],
                "texture": "#0"
            },
            "up": {
                "uv": [1, 4, 2, 5],
                "texture": "#0"
            },
            "down": {
                "uv": [1, 4, 2, 5],
                "texture": "#0"
            }
        }
    }, {
        "from": [1.73461, 14.2152, 7.415],
        "to": [1.93461, 15.2152, 8.015],
        "rotation": {
            "angle": 0,
            "axis": "z",
            "origin": [1.91461, 15.2552, 7.715]
        },
        "faces": {
            "north": {
                "uv": [1, 4, 2, 5],
                "texture": "#0"
            },
            "east": {
                "uv": [1, 4, 2, 5],
                "texture": "#0"
            },
            "south": {
                "uv": [1, 4, 2, 5],
                "texture": "#0"
            },
            "west": {
                "uv": [1, 4, 2, 5],
                "texture": "#0"
            },
            "up": {
                "uv": [1, 4, 2, 5],
                "texture": "#0"
            },
            "down": {
                "uv": [1, 4, 2, 5],
                "texture": "#0"
            }
        }
    }, {
        "from": [1.54171, 15.68088, 7.415],
        "to": [2.94171, 15.88088, 8.015],
        "rotation": {
            "angle": 45,
            "axis": "z",
            "origin": [2.44171, 15.78088, 7.715]
        },
        "faces": {
            "north": {
                "uv": [1, 4, 2, 5],
                "texture": "#0"
            },
            "east": {
                "uv": [1, 4, 2, 5],
                "texture": "#0"
            },
            "south": {
                "uv": [1, 4, 2, 5],
                "texture": "#0"
            },
            "west": {
                "uv": [1, 4, 2, 5],
                "texture": "#0"
            },
            "up": {
                "uv": [1, 4, 2, 5],
                "texture": "#0"
            },
            "down": {
                "uv": [1, 4, 2, 5],
                "texture": "#0"
            }
        }
    }, {
        "from": [2.72455, 16.00515, 7.415],
        "to": [3.72455, 16.20515, 8.015],
        "rotation": {
            "angle": 0,
            "axis": "z",
            "origin": [3.76455, 16.02515, 7.715]
        },
        "faces": {
            "north": {
                "uv": [1, 4, 2, 5],
                "texture": "#0"
            },
            "east": {
                "uv": [1, 4, 2, 5],
                "texture": "#0"
            },
            "south": {
                "uv": [1, 4, 2, 5],
                "texture": "#0"
            },
            "west": {
                "uv": [1, 4, 2, 5],
                "texture": "#0"
            },
            "up": {
                "uv": [1, 4, 2, 5],
                "texture": "#0"
            },
            "down": {
                "uv": [1, 4, 2, 5],
                "texture": "#0"
            }
        }
    }, {
        "from": [3.39805, 10.41365, 7.815],
        "to": [5.69805, 13.31365, 8.615],
        "rotation": {
            "angle": -45,
            "axis": "z",
            "origin": [7.51463, 15.17349, 8]
        },
        "faces": {
            "north": {
                "uv": [4, 4, 5, 5],
                "texture": "#0"
            },
            "east": {
                "uv": [1, 1, 2, 2],
                "texture": "#0"
            },
            "south": {
                "uv": [1, 1, 2, 2],
                "texture": "#0"
            },
            "west": {
                "uv": [1, 1, 2, 2],
                "texture": "#0"
            },
            "up": {
                "uv": [1, 1, 2, 2],
                "texture": "#0"
            },
            "down": {
                "uv": [1, 1, 2, 2],
                "texture": "#0"
            }
        }
    }]
}