{
	"credit": "magic_store_official",
	"texture_size": [64, 64],
	"textures": {
		"0": "item/hats/tv_hat/tv_hat",
		"particle": "item/hats/tv_hat/tv_hat"
	},
	"elements": [
		{
			"from": [3, 1, 7],
			"to": [13, 9, 13],
			"faces": {
				"east": {"uv": [5.5, 0, 7, 2], "texture": "#0"},
				"south": {"uv": [3, 2, 5.5, 4], "texture": "#0"},
				"west": {"uv": [7, 0, 5.5, 2], "texture": "#0"},
				"up": {"uv": [5.5, 5.5, 3, 4], "texture": "#0"},
				"down": {"uv": [2.5, 5, 0, 6.5], "texture": "#0"}
			}
		},
		{
			"from": [2, 0, 3],
			"to": [14, 10, 7],
			"faces": {
				"north": {"uv": [0, 0, 3, 2.5], "texture": "#0"},
				"east": {"uv": [5.5, 5, 6.5, 7.5], "texture": "#0"},
				"south": {"uv": [0, 2.5, 3, 5], "texture": "#0"},
				"west": {"uv": [6.5, 5, 5.5, 7.5], "texture": "#0"},
				"up": {"uv": [5.5, 6.5, 2.5, 5.5], "texture": "#0"},
				"down": {"uv": [8.5, 4, 5.5, 5], "texture": "#0"}
			}
		},
		{
			"from": [6, 9, 9],
			"to": [7, 15, 9],
			"rotation": {"angle": 22.5, "axis": "z", "origin": [6.5, 9, 9]},
			"faces": {
				"north": {"uv": [0, 0.75, 0.25, 2.25], "texture": "#0"},
				"east": {"uv": [0, 0, 0, 1.5], "texture": "#missing"},
				"south": {"uv": [0, 0.75, 0.25, 2.25], "texture": "#0"},
				"west": {"uv": [0, 0, 0, 1.5], "texture": "#missing"},
				"up": {"uv": [0, 0, 0.25, 0], "texture": "#missing"},
				"down": {"uv": [0, 0, 0.25, 0], "texture": "#0"}
			}
		},
		{
			"from": [9, 9, 9],
			"to": [10, 15, 9],
			"rotation": {"angle": -22.5, "axis": "z", "origin": [9.5, 9, 9]},
			"faces": {
				"north": {"uv": [0.25, 0.75, 0, 2.25], "texture": "#0"},
				"east": {"uv": [0, 0, 0, 1.5], "texture": "#missing"},
				"south": {"uv": [0.25, 0.75, 0, 2.25], "texture": "#0"},
				"west": {"uv": [0, 0, 0, 1.5], "texture": "#missing"},
				"up": {"uv": [0.25, 0, 0, 0], "texture": "#missing"},
				"down": {"uv": [0.25, 0, 0, 0], "texture": "#0"}
			}
		}
	],
	"display": {
		"thirdperson_righthand": {
			"translation": [0, 2, 0],
			"scale": [0.45, 0.45, 0.45]
		},
		"thirdperson_lefthand": {
			"translation": [0, 2, 0],
			"scale": [0.45, 0.45, 0.45]
		},
		"firstperson_righthand": {
			"rotation": [0, 20.75, 0],
			"translation": [3, 4, 0],
			"scale": [0.7, 0.7, 0.7]
		},
		"firstperson_lefthand": {
			"rotation": [0, 20.75, 0],
			"translation": [3, 4, 0],
			"scale": [0.7, 0.7, 0.7]
		},
		"ground": {
			"scale": [0.5, 0.5, 0.5]
		},
		"gui": {
			"rotation": [30, 135, 0],
			"translation": [0.25, 1.5, 0],
			"scale": [0.85, 0.85, 0.85]
		},
		"head": {
			"translation": [0, 5.75, -0.5],
			"scale": [1.6, 1.6, 1.6]
		}
	}
}