{
	"credit": "Made with Blockbench",
	"texture_size": [64, 64],
	"textures": {
		"1": "item/hats/vikings_hat/vikings_hat",
		"2": "item/hats/vikings_hat/vikings_animation",
		"particle": "item/hats/vikings_hat/vikings_animation"
	},
	"elements": [
		{
			"from": [0, 0, 0],
			"to": [16, 1, 16],
			"faces": {
				"north": {"uv": [11.5, 9, 15.5, 9.25], "texture": "#1"},
				"east": {"uv": [11.5, 9.25, 15.5, 9.5], "texture": "#1"},
				"south": {"uv": [11.5, 9.5, 15.5, 9.75], "texture": "#1"},
				"west": {"uv": [11.75, 6.5, 15.75, 6.75], "texture": "#1"},
				"up": {"uv": [4, 4, 0, 0], "texture": "#1"},
				"down": {"uv": [4, 4, 0, 8], "texture": "#1"}
			}
		},
		{
			"from": [16, 3, 7],
			"to": [32, 19, 7],
			"faces": {
				"north": {"uv": [16, 0, 0, 16], "texture": "#2"},
				"east": {"uv": [11.5, 9.25, 15.5, 9.5], "texture": "#1"},
				"south": {"uv": [0, 0, 16, 16], "texture": "#2"},
				"west": {"uv": [11.75, 6.5, 15.75, 6.75], "texture": "#1"},
				"up": {"uv": [4, 4, 0, 0], "texture": "#1"},
				"down": {"uv": [4, 4, 0, 8], "texture": "#1"}
			}
		},
		{
			"from": [-14, -1, 7],
			"to": [2, 7, 7],
			"rotation": {"angle": -22.5, "axis": "z", "origin": [-6, 3, 7]},
			"faces": {
				"north": {"uv": [0, 8, 16, 16], "texture": "#2"},
				"east": {"uv": [15.75, 6.5, 11.75, 6.75], "texture": "#1"},
				"south": {"uv": [16, 8, 0, 16], "texture": "#2"},
				"west": {"uv": [15.5, 9.25, 11.5, 9.5], "texture": "#1"},
				"up": {"uv": [0, 4, 4, 0], "texture": "#1"},
				"down": {"uv": [0, 4, 4, 8], "texture": "#1"}
			}
		},
		{
			"from": [0.5, 1, 0.5],
			"to": [15.5, 9, 15.5],
			"faces": {
				"north": {"uv": [4, 7.75, 7.75, 9.75], "texture": "#1"},
				"east": {"uv": [7.75, 7.75, 11.5, 9.75], "texture": "#1"},
				"south": {"uv": [0, 8, 3.75, 10], "texture": "#1"},
				"west": {"uv": [8, 2.25, 11.75, 4.25], "texture": "#1"},
				"up": {"uv": [7.75, 3.75, 4, 0], "texture": "#1"}
			}
		},
		{
			"from": [0.525, 5, 0.5],
			"to": [15.475, 9, 8.5],
			"rotation": {"angle": -22.5, "axis": "x", "origin": [0.5, 9, 0.5]},
			"faces": {
				"north": {"uv": [8, 6.25, 11.75, 7.25], "texture": "#1"},
				"east": {"uv": [0, 11, 2, 12], "texture": "#1"},
				"south": {"uv": [3.75, 9.75, 7.5, 10.75], "texture": "#1"},
				"west": {"uv": [11.25, 9.75, 13.25, 10.75], "texture": "#1"},
				"up": {"uv": [11.75, 6.25, 8, 4.25], "texture": "#1"}
			}
		},
		{
			"from": [0.55, 5, 7.25],
			"to": [15.45, 9, 15.5],
			"rotation": {"angle": 22.5, "axis": "x", "origin": [0.5, 9, 15.5]},
			"faces": {
				"north": {"uv": [7.5, 9.75, 11.25, 10.75], "texture": "#1"},
				"east": {"uv": [7.25, 10.75, 9.375, 11.75], "texture": "#1"},
				"south": {"uv": [0, 10, 3.75, 11], "texture": "#1"},
				"west": {"uv": [9.5, 10.75, 11.625, 11.75], "texture": "#1"},
				"up": {"uv": [11.5, 2.125, 7.75, 0], "texture": "#1"}
			}
		},
		{
			"from": [-5.5, 4, 5.5],
			"to": [-2.5, 9, 10.5],
			"faces": {
				"north": {"uv": [0, 12, 0.75, 13.25], "texture": "#1"},
				"east": {"uv": [2, 11, 3.25, 12.25], "texture": "#1"},
				"south": {"uv": [0.75, 12, 1.5, 13.25], "texture": "#1"},
				"west": {"uv": [11.5, 0, 12.75, 1.25], "texture": "#1"},
				"up": {"uv": [2.25, 13.5, 1.5, 12.25], "texture": "#1"},
				"down": {"uv": [3, 12.25, 2.25, 13.5], "texture": "#1"}
			}
		},
		{
			"from": [-9.5, 4.5, 6],
			"to": [-5.5, 8.5, 10],
			"rotation": {"angle": -22.5, "axis": "z", "origin": [-5.5, 4.5, 8]},
			"faces": {
				"north": {"uv": [7.25, 11.75, 8.25, 12.75], "texture": "#1"},
				"east": {"uv": [8.25, 11.75, 9.25, 12.75], "texture": "#1"},
				"south": {"uv": [9.25, 11.75, 10.25, 12.75], "texture": "#1"},
				"west": {"uv": [10.25, 11.75, 11.25, 12.75], "texture": "#1"},
				"up": {"uv": [12.75, 11.75, 11.75, 10.75], "texture": "#1"},
				"down": {"uv": [12.25, 11.75, 11.25, 12.75], "texture": "#1"}
			}
		},
		{
			"from": [-14.38686, 3.43121, 6.5],
			"to": [-9.38686, 6.43121, 9.5],
			"rotation": {"angle": -45, "axis": "z", "origin": [-5.5, 4.5, 8]},
			"faces": {
				"north": {"uv": [12.25, 6.75, 13.5, 7.5], "texture": "#1"},
				"east": {"uv": [3, 12.25, 3.75, 13], "texture": "#1"},
				"south": {"uv": [12.25, 7.5, 13.5, 8.25], "texture": "#1"},
				"west": {"uv": [12.5, 2.25, 13.25, 3], "texture": "#1"},
				"up": {"uv": [13.5, 9, 12.25, 8.25], "texture": "#1"},
				"down": {"uv": [13.5, 11.75, 12.25, 12.5], "texture": "#1"}
			}
		},
		{
			"from": [-9.42635, 12.49272, 7],
			"to": [-7.42635, 17.49272, 9],
			"rotation": {"angle": 22.5, "axis": "z", "origin": [-5.5, 4.5, 8]},
			"faces": {
				"north": {"uv": [8, 7.25, 9.25, 7.75], "rotation": 270, "texture": "#1"},
				"east": {"uv": [13.75, 1.75, 12.5, 1.25], "rotation": 90, "texture": "#1"},
				"south": {"uv": [9.25, 7.25, 10.5, 7.75], "rotation": 90, "texture": "#1"},
				"west": {"uv": [13.75, 1.75, 12.5, 2.25], "rotation": 90, "texture": "#1"},
				"up": {"uv": [3.25, 11, 3.75, 11.5], "rotation": 90, "texture": "#1"},
				"down": {"uv": [10.5, 7.25, 11, 7.75], "rotation": 90, "texture": "#1"}
			}
		},
		{
			"from": [-2.5, 3, 4.5],
			"to": [0.5, 10, 11.5],
			"faces": {
				"north": {"uv": [11.5, 7.25, 12.25, 9], "texture": "#1"},
				"east": {"uv": [3.75, 10.75, 5.5, 12.5], "texture": "#1"},
				"south": {"uv": [11.75, 1.25, 12.5, 3], "texture": "#1"},
				"west": {"uv": [5.5, 10.75, 7.25, 12.5], "texture": "#1"},
				"up": {"uv": [12.5, 4.75, 11.75, 3], "texture": "#1"},
				"down": {"uv": [12.5, 4.75, 11.75, 6.5], "texture": "#1"}
			}
		},
		{
			"from": [18.5, 4, 5.5],
			"to": [21.5, 9, 10.5],
			"rotation": {"angle": 0, "axis": "y", "origin": [16, 0, 0]},
			"faces": {
				"north": {"uv": [0.75, 12, 0, 13.25], "texture": "#1"},
				"east": {"uv": [12.75, 0, 11.5, 1.25], "texture": "#1"},
				"south": {"uv": [1.5, 12, 0.75, 13.25], "texture": "#1"},
				"west": {"uv": [3.25, 11, 2, 12.25], "texture": "#1"},
				"up": {"uv": [1.5, 13.5, 2.25, 12.25], "texture": "#1"},
				"down": {"uv": [2.25, 12.25, 3, 13.5], "texture": "#1"}
			}
		},
		{
			"from": [21.5, 4.5, 6],
			"to": [25.5, 8.5, 10],
			"rotation": {"angle": 22.5, "axis": "z", "origin": [21.5, 4.5, 8]},
			"faces": {
				"north": {"uv": [8.25, 11.75, 7.25, 12.75], "texture": "#1"},
				"east": {"uv": [11.25, 11.75, 10.25, 12.75], "texture": "#1"},
				"south": {"uv": [10.25, 11.75, 9.25, 12.75], "texture": "#1"},
				"west": {"uv": [9.25, 11.75, 8.25, 12.75], "texture": "#1"},
				"up": {"uv": [11.75, 11.75, 12.75, 10.75], "texture": "#1"},
				"down": {"uv": [11.25, 11.75, 12.25, 12.75], "texture": "#1"}
			}
		},
		{
			"from": [25.38686, 3.43121, 6.5],
			"to": [30.38686, 6.43121, 9.5],
			"rotation": {"angle": 45, "axis": "z", "origin": [21.5, 4.5, 8]},
			"faces": {
				"north": {"uv": [13.5, 6.75, 12.25, 7.5], "texture": "#1"},
				"east": {"uv": [13.25, 2.25, 12.5, 3], "texture": "#1"},
				"south": {"uv": [13.5, 7.5, 12.25, 8.25], "texture": "#1"},
				"west": {"uv": [3.75, 12.25, 3, 13], "texture": "#1"},
				"up": {"uv": [12.25, 9, 13.5, 8.25], "texture": "#1"},
				"down": {"uv": [12.25, 11.75, 13.5, 12.5], "texture": "#1"}
			}
		},
		{
			"from": [23.42635, 12.49272, 7],
			"to": [25.42635, 17.49272, 9],
			"rotation": {"angle": -22.5, "axis": "z", "origin": [21.5, 4.5, 8]},
			"faces": {
				"north": {"uv": [8, 7.75, 9.25, 7.25], "rotation": 270, "texture": "#1"},
				"east": {"uv": [13.75, 2.25, 12.5, 1.75], "rotation": 90, "texture": "#1"},
				"south": {"uv": [9.25, 7.75, 10.5, 7.25], "rotation": 90, "texture": "#1"},
				"west": {"uv": [13.75, 1.25, 12.5, 1.75], "rotation": 90, "texture": "#1"},
				"up": {"uv": [3.25, 11.5, 3.75, 11], "rotation": 90, "texture": "#1"},
				"down": {"uv": [10.5, 7.75, 11, 7.25], "rotation": 90, "texture": "#1"}
			}
		},
		{
			"from": [15.5, 3, 4.5],
			"to": [18.5, 10, 11.5],
			"rotation": {"angle": 0, "axis": "y", "origin": [16, 0, 0]},
			"faces": {
				"north": {"uv": [12.25, 7.25, 11.5, 9], "texture": "#1"},
				"east": {"uv": [7.25, 10.75, 5.5, 12.5], "texture": "#1"},
				"south": {"uv": [12.5, 1.25, 11.75, 3], "texture": "#1"},
				"west": {"uv": [5.5, 10.75, 3.75, 12.5], "texture": "#1"},
				"up": {"uv": [11.75, 4.75, 12.5, 3], "texture": "#1"},
				"down": {"uv": [11.75, 4.75, 12.5, 6.5], "texture": "#1"}
			}
		},
		{
			"from": [0.5, -16, 4],
			"to": [0.5, 0, 12],
			"rotation": {"angle": -22.5, "axis": "z", "origin": [0.5, 0, 12]},
			"faces": {
				"north": {"uv": [0, 0, 0, 4], "texture": "#1"},
				"east": {"uv": [6, 3.75, 8, 7.75], "texture": "#1"},
				"south": {"uv": [0, 0, 0, 4], "texture": "#1"},
				"west": {"uv": [6, 3.75, 8, 7.75], "texture": "#1"},
				"up": {"uv": [0, 2, 0, 0], "texture": "#1"},
				"down": {"uv": [0, 0, 0, 2], "texture": "#1"}
			}
		},
		{
			"from": [0.5, -16, 7],
			"to": [0.5, 0, 15],
			"rotation": {"angle": 0, "axis": "y", "origin": [0.5, 0, 12]},
			"faces": {
				"north": {"uv": [0, 0, 0, 4], "texture": "#1"},
				"east": {"uv": [6, 3.75, 4, 7.75], "texture": "#1"},
				"south": {"uv": [0, 0, 0, 4], "texture": "#1"},
				"west": {"uv": [4, 3.75, 6, 7.75], "texture": "#1"},
				"up": {"uv": [0, 2, 0, 0], "texture": "#1"},
				"down": {"uv": [0, 0, 0, 2], "texture": "#1"}
			}
		},
		{
			"from": [15.5, -16, 4],
			"to": [15.5, 0, 12],
			"rotation": {"angle": 22.5, "axis": "z", "origin": [15.5, 0, 12]},
			"faces": {
				"north": {"uv": [0, 0, 0, 4], "texture": "#1"},
				"east": {"uv": [8, 3.75, 6, 7.75], "texture": "#1"},
				"south": {"uv": [0, 0, 0, 4], "texture": "#1"},
				"west": {"uv": [8, 3.75, 6, 7.75], "texture": "#1"},
				"up": {"uv": [0, 2, 0, 0], "texture": "#1"},
				"down": {"uv": [0, 0, 0, 2], "texture": "#1"}
			}
		},
		{
			"from": [15.5, -16, 7],
			"to": [15.5, 0, 15],
			"rotation": {"angle": 0, "axis": "y", "origin": [15.5, 0, 12]},
			"faces": {
				"north": {"uv": [0, 0, 0, 4], "texture": "#1"},
				"east": {"uv": [6, 3.75, 4, 7.75], "texture": "#1"},
				"south": {"uv": [0, 0, 0, 4], "texture": "#1"},
				"west": {"uv": [4, 3.75, 6, 7.75], "texture": "#1"},
				"up": {"uv": [0, 2, 0, 0], "texture": "#1"},
				"down": {"uv": [0, 0, 0, 2], "texture": "#1"}
			}
		}
	],
	"display": {
		"thirdperson_righthand": {
			"rotation": [0, -90, 0],
			"translation": [0, 2.25, 1.5],
			"scale": [0.3, 0.3, 0.3]
		},
		"thirdperson_lefthand": {
			"rotation": [0, -90, 0],
			"translation": [0, 2.25, 1.5],
			"scale": [0.3, 0.3, 0.3]
		},
		"firstperson_righthand": {
			"rotation": [0, -90, 0],
			"translation": [0, 2.25, 1.5],
			"scale": [0.3, 0.3, 0.3]
		},
		"firstperson_lefthand": {
			"rotation": [0, 90, 0],
			"translation": [0, 2.25, 1.5],
			"scale": [0.3, 0.3, 0.3]
		},
		"ground": {
			"translation": [0, 2, 0],
			"scale": [0.5, 0.5, 0.5]
		},
		"gui": {
			"rotation": [30, -135, 0],
			"translation": [-0.5, 2, -0.25],
			"scale": [0.4, 0.4, 0.4]
		},
		"head": {
			"translation": [0, 8.75, 0]
		},
		"fixed": {
			"translation": [-0.25, 0.25, -0.25],
			"scale": [0.4, 0.4, 0.4]
		}
	},
	"groups": [
		0,
		1,
		2,
		3,
		4,
		5,
		{
			"name": "group",
			"origin": [0, 0, 0],
			"color": 0,
			"children": [6, 7, 8, 9, 10]
		},
		{
			"name": "group",
			"origin": [0, 0, 0],
			"color": 0,
			"children": [11, 12, 13, 14, 15]
		},
		{
			"name": "group",
			"origin": [0.5, 0, 12],
			"color": 0,
			"children": [16, 17]
		},
		{
			"name": "group",
			"origin": [0.5, 0, 12],
			"color": 0,
			"children": [18, 19]
		}
	]
}