{
	"credit": "Made with Blockbench",
	"texture_size": [64, 64],
	"textures": {
		"0": "item/multiple/xmas_cookie/cookie_texture",
		"1": "item/multiple/xmas_cookie/cookie_animation_1texture",
		"2": "item/multiple/xmas_cookie/cookie_animation_2texture",
		"3": "item/multiple/xmas_cookie/cookie_animation_3texture",
		"particle": "item/multiple/xmas_cookie/cookie_texture"
	},
	"elements": [
		{
			"from": [7, -5, 7],
			"to": [9, 2, 9],
			"rotation": {"angle": 0, "axis": "y", "origin": [16, 5, 0]},
			"faces": {
				"north": {"uv": [0, 4.5, 0.5, 6.25], "texture": "#0"},
				"east": {"uv": [0.5, 4.5, 1, 6.25], "texture": "#0"},
				"south": {"uv": [1, 4.5, 1.5, 6.25], "texture": "#0"},
				"west": {"uv": [4.25, 4.5, 4.75, 6.25], "texture": "#0"},
				"up": {"uv": [0.5, 6.75, 0, 6.25], "texture": "#0"},
				"down": {"uv": [1, 6.25, 0.5, 6.75], "texture": "#0"}
			}
		},
		{
			"from": [6.5, 3, 6.5],
			"to": [9.5, 5, 9.5],
			"rotation": {"angle": 0, "axis": "y", "origin": [16, 5, 0]},
			"faces": {
				"north": {"uv": [1.75, 3.75, 2.5, 4.25], "texture": "#0"},
				"east": {"uv": [6, 0.25, 6.75, 0.75], "texture": "#0"},
				"south": {"uv": [6, 0.75, 6.75, 1.25], "texture": "#0"},
				"west": {"uv": [6, 2, 6.75, 2.5], "texture": "#0"},
				"up": {"uv": [6, 2.75, 5.25, 2], "texture": "#0"},
				"down": {"uv": [3, 5.25, 2.25, 6], "texture": "#0"}
			}
		},
		{
			"from": [4.5, 19, 4.5],
			"to": [11.5, 22, 11.5],
			"rotation": {"angle": 0, "axis": "y", "origin": [16, 19, 0]},
			"faces": {
				"north": {"uv": [2.5, 3.5, 4.25, 4.25], "texture": "#0"},
				"east": {"uv": [0, 3.75, 1.75, 4.5], "texture": "#0"},
				"south": {"uv": [2.5, 3.5, 4.25, 4.25], "texture": "#0"},
				"west": {"uv": [4.25, 0.75, 6, 1.5], "texture": "#0"},
				"up": {"uv": [4.25, 1.75, 2.5, 0], "texture": "#0"},
				"down": {"uv": [4.25, 1.75, 2.5, 3.5], "texture": "#0"}
			}
		},
		{
			"from": [4.5, 22, 7],
			"to": [11.5, 23, 9],
			"rotation": {"angle": 0, "axis": "y", "origin": [16, 19, 0]},
			"faces": {
				"north": {"uv": [5.75, 4.25, 7.5, 4.5], "texture": "#0"},
				"south": {"uv": [6, 0, 7.75, 0.25], "texture": "#0"},
				"up": {"uv": [6.5, 5, 4.75, 4.5], "texture": "#0"},
				"down": {"uv": [6.5, 5, 4.75, 5.5], "texture": "#0"}
			}
		},
		{
			"from": [9.25, 22, 4.75],
			"to": [11.25, 23, 6.75],
			"rotation": {"angle": 0, "axis": "y", "origin": [16, 19, 0]},
			"faces": {
				"north": {"uv": [6.5, 4.5, 7, 4.75], "texture": "#0"},
				"east": {"uv": [4.75, 6.5, 5.25, 6.75], "texture": "#0"},
				"south": {"uv": [6.5, 4.75, 7, 5], "texture": "#0"},
				"west": {"uv": [6.5, 5, 7, 5.25], "texture": "#0"},
				"up": {"uv": [4.75, 6.75, 4.25, 6.25], "texture": "#0"},
				"down": {"uv": [6.75, 6.25, 6.25, 6.75], "texture": "#0"}
			}
		},
		{
			"from": [4.75, 22, 4.75],
			"to": [6.75, 23, 6.75],
			"rotation": {"angle": 0, "axis": "y", "origin": [16, 19, 0]},
			"faces": {
				"north": {"uv": [5.25, 6.5, 5.75, 6.75], "texture": "#0"},
				"east": {"uv": [6.5, 5.25, 7, 5.5], "texture": "#0"},
				"south": {"uv": [5.75, 6.5, 6.25, 6.75], "texture": "#0"},
				"west": {"uv": [6.5, 6, 7, 6.25], "texture": "#0"},
				"up": {"uv": [1.5, 7, 1, 6.5], "texture": "#0"},
				"down": {"uv": [2, 6.5, 1.5, 7], "texture": "#0"}
			}
		},
		{
			"from": [7, 22, 4.75],
			"to": [9, 23, 6.75],
			"rotation": {"angle": 0, "axis": "y", "origin": [16, 19, 0]},
			"faces": {
				"north": {"uv": [0, 6.75, 0.5, 7], "texture": "#0"},
				"east": {"uv": [6.75, 0.25, 7.25, 0.5], "texture": "#0"},
				"south": {"uv": [0.5, 6.75, 1, 7], "texture": "#0"},
				"west": {"uv": [6.75, 0.5, 7.25, 0.75], "texture": "#0"},
				"up": {"uv": [7, 2, 6.5, 1.5], "texture": "#0"},
				"down": {"uv": [2.5, 6.5, 2, 7], "texture": "#0"}
			}
		},
		{
			"from": [9.25, 22, 9.25],
			"to": [11.25, 23, 11.25],
			"rotation": {"angle": 0, "axis": "y", "origin": [0, 19, 16]},
			"faces": {
				"north": {"uv": [5.75, 6.5, 6.25, 6.75], "texture": "#0"},
				"east": {"uv": [6.5, 6, 7, 6.25], "texture": "#0"},
				"south": {"uv": [5.25, 6.5, 5.75, 6.75], "texture": "#0"},
				"west": {"uv": [6.5, 5.25, 7, 5.5], "texture": "#0"},
				"up": {"uv": [1, 6.5, 1.5, 7], "texture": "#0"},
				"down": {"uv": [1.5, 7, 2, 6.5], "texture": "#0"}
			}
		},
		{
			"from": [7, 22, 9.25],
			"to": [9, 23, 11.25],
			"rotation": {"angle": 0, "axis": "y", "origin": [0, 19, 16]},
			"faces": {
				"north": {"uv": [0.5, 6.75, 1, 7], "texture": "#0"},
				"east": {"uv": [6.75, 0.5, 7.25, 0.75], "texture": "#0"},
				"south": {"uv": [0, 6.75, 0.5, 7], "texture": "#0"},
				"west": {"uv": [6.75, 0.25, 7.25, 0.5], "texture": "#0"},
				"up": {"uv": [6.5, 1.5, 7, 2], "texture": "#0"},
				"down": {"uv": [2, 7, 2.5, 6.5], "texture": "#0"}
			}
		},
		{
			"from": [4.75, 22, 9.25],
			"to": [6.75, 23, 11.25],
			"rotation": {"angle": 0, "axis": "y", "origin": [0, 19, 16]},
			"faces": {
				"north": {"uv": [6.5, 4.75, 7, 5], "texture": "#0"},
				"east": {"uv": [6.5, 5, 7, 5.25], "texture": "#0"},
				"south": {"uv": [6.5, 4.5, 7, 4.75], "texture": "#0"},
				"west": {"uv": [4.75, 6.5, 5.25, 6.75], "texture": "#0"},
				"up": {"uv": [4.25, 6.25, 4.75, 6.75], "texture": "#0"},
				"down": {"uv": [6.25, 6.75, 6.75, 6.25], "texture": "#0"}
			}
		},
		{
			"from": [4.5, 22, 4.5],
			"to": [11.5, 23, 4.5],
			"rotation": {"angle": 0, "axis": "y", "origin": [16, 19, 0]},
			"faces": {
				"north": {"uv": [5.75, 4, 7.5, 4.25], "texture": "#0"},
				"south": {"uv": [7.5, 4, 5.75, 4.25], "texture": "#0"}
			}
		},
		{
			"from": [4.5, 22, 11.5],
			"to": [11.5, 23, 11.5],
			"rotation": {"angle": 0, "axis": "y", "origin": [16, 19, 16]},
			"faces": {
				"north": {"uv": [5.75, 4, 7.5, 4.25], "texture": "#0"},
				"south": {"uv": [7.5, 4, 5.75, 4.25], "texture": "#0"}
			}
		},
		{
			"from": [4.5, 22, 4.5],
			"to": [4.5, 23, 11.5],
			"rotation": {"angle": 0, "axis": "y", "origin": [16, 19, 16]},
			"faces": {
				"east": {"uv": [5.75, 4, 7.5, 4.25], "texture": "#0"},
				"west": {"uv": [7.5, 4, 5.75, 4.25], "texture": "#0"}
			}
		},
		{
			"from": [11.5, 22, 4.5],
			"to": [11.5, 23, 11.5],
			"rotation": {"angle": 0, "axis": "y", "origin": [32, 19, 16]},
			"faces": {
				"east": {"uv": [5.75, 4, 7.5, 4.25], "texture": "#0"},
				"west": {"uv": [7.5, 4, 5.75, 4.25], "texture": "#0"}
			}
		},
		{
			"from": [6, 2, 6],
			"to": [10, 3, 10],
			"rotation": {"angle": 0, "axis": "y", "origin": [16, 5, 0]},
			"faces": {
				"north": {"uv": [1, 6.25, 2, 6.5], "texture": "#0"},
				"east": {"uv": [5.25, 6.25, 6.25, 6.5], "texture": "#0"},
				"south": {"uv": [6.25, 5.5, 7.25, 5.75], "texture": "#0"},
				"west": {"uv": [6.25, 5.75, 7.25, 6], "texture": "#0"},
				"up": {"uv": [5.25, 2.5, 4.25, 1.5], "texture": "#0"},
				"down": {"uv": [2.75, 4.25, 1.75, 5.25], "texture": "#0"}
			}
		},
		{
			"from": [6, 5, 6],
			"to": [10, 6, 10],
			"rotation": {"angle": 0, "axis": "y", "origin": [16, 5, 0]},
			"faces": {
				"north": {"uv": [1, 6.25, 2, 6.5], "texture": "#0"},
				"east": {"uv": [5.25, 6.25, 6.25, 6.5], "texture": "#0"},
				"south": {"uv": [6.25, 5.5, 7.25, 5.75], "texture": "#0"},
				"west": {"uv": [6.25, 5.75, 7.25, 6], "texture": "#0"},
				"up": {"uv": [5.25, 2.5, 4.25, 1.5], "texture": "#0"},
				"down": {"uv": [2.75, 4.25, 1.75, 5.25], "texture": "#0"}
			}
		},
		{
			"from": [6, -8, 6],
			"to": [10, -7, 10],
			"rotation": {"angle": 0, "axis": "y", "origin": [16, 5, 0]},
			"faces": {
				"north": {"uv": [1, 6.25, 2, 6.5], "texture": "#0"},
				"east": {"uv": [5.25, 6.25, 6.25, 6.5], "texture": "#0"},
				"south": {"uv": [6.25, 5.5, 7.25, 5.75], "texture": "#0"},
				"west": {"uv": [6.25, 5.75, 7.25, 6], "texture": "#0"},
				"up": {"uv": [5.25, 2.5, 4.25, 1.5], "texture": "#0"},
				"down": {"uv": [2.75, 4.25, 1.75, 5.25], "texture": "#0"}
			}
		},
		{
			"from": [6.5, -7, 6.5],
			"to": [9.5, -5, 9.5],
			"rotation": {"angle": 0, "axis": "y", "origin": [16, 5, 0]},
			"faces": {
				"north": {"uv": [2.25, 6, 3, 6.5], "texture": "#0"},
				"east": {"uv": [6, 2.5, 6.75, 3], "texture": "#0"},
				"south": {"uv": [3, 6, 3.75, 6.5], "texture": "#0"},
				"west": {"uv": [6, 3, 6.75, 3.5], "texture": "#0"},
				"up": {"uv": [6, 3.5, 5.25, 2.75], "texture": "#0"},
				"down": {"uv": [3.75, 5.25, 3, 6], "texture": "#0"}
			}
		},
		{
			"from": [7, 6, 7],
			"to": [9, 16, 9],
			"rotation": {"angle": 0, "axis": "y", "origin": [16, 19, 0]},
			"faces": {
				"north": {"uv": [0, 0.625, 0.5, 3.125], "texture": "#0"},
				"east": {"uv": [0.5, 0.625, 1, 3.125], "texture": "#0"},
				"south": {"uv": [1, 0.625, 1.5, 3.125], "texture": "#0"},
				"west": {"uv": [1.5, 0.625, 2, 3.125], "texture": "#0"},
				"up": {"uv": [0.5, 6.75, 0, 6.25], "texture": "#0"},
				"down": {"uv": [1, 6.25, 0.5, 6.75], "texture": "#0"}
			}
		},
		{
			"from": [6, 16, 6],
			"to": [10, 17, 10],
			"rotation": {"angle": 0, "axis": "y", "origin": [16, 19, 0]},
			"faces": {
				"north": {"uv": [1, 6.25, 2, 6.5], "texture": "#0"},
				"east": {"uv": [5.25, 6.25, 6.25, 6.5], "texture": "#0"},
				"south": {"uv": [6.25, 5.5, 7.25, 5.75], "texture": "#0"},
				"west": {"uv": [6.25, 5.75, 7.25, 6], "texture": "#0"},
				"up": {"uv": [5.25, 2.5, 4.25, 1.5], "texture": "#0"},
				"down": {"uv": [2.75, 4.25, 1.75, 5.25], "texture": "#0"}
			}
		},
		{
			"from": [6.5, 17, 6.5],
			"to": [9.5, 19, 9.5],
			"rotation": {"angle": 0, "axis": "y", "origin": [16, 19, 0]},
			"faces": {
				"north": {"uv": [1.75, 3.75, 2.5, 4.25], "texture": "#0"},
				"east": {"uv": [6, 0.25, 6.75, 0.75], "texture": "#0"},
				"south": {"uv": [6, 0.75, 6.75, 1.25], "texture": "#0"},
				"west": {"uv": [6, 2, 6.75, 2.5], "texture": "#0"},
				"up": {"uv": [6, 2.75, 5.25, 2], "texture": "#0"},
				"down": {"uv": [3, 5.25, 2.25, 6], "texture": "#0"}
			}
		},
		{
			"from": [11.5, 22, 6],
			"to": [15.5, 22, 10],
			"rotation": {"angle": 45, "axis": "z", "origin": [11.5, 22, 8]},
			"faces": {
				"north": {"uv": [0, 1, 0, 0], "rotation": 90, "texture": "#0"},
				"east": {"uv": [0, 0, 0, 1], "rotation": 270, "texture": "#0"},
				"south": {"uv": [0, 1, 0, 0], "rotation": 270, "texture": "#0"},
				"west": {"uv": [0, 1, 0, 0], "rotation": 270, "texture": "#0"},
				"up": {"uv": [4.25, 3.5, 5.25, 2.5], "rotation": 270, "texture": "#0"},
				"down": {"uv": [5.25, 3.5, 4.25, 2.5], "rotation": 270, "texture": "#0"}
			}
		},
		{
			"from": [14.32843, 24.82843, 6],
			"to": [14.32843, 27.82843, 10],
			"rotation": {"angle": 0, "axis": "y", "origin": [11.5, 22, 8]},
			"faces": {
				"north": {"uv": [0.75, 0, 0, 0], "rotation": 90, "texture": "#0"},
				"east": {"uv": [1.5, 5.25, 2.25, 6.25], "rotation": 270, "texture": "#0"},
				"south": {"uv": [0.75, 0, 0, 0], "rotation": 270, "texture": "#0"},
				"west": {"uv": [1.5, 6.25, 2.25, 5.25], "rotation": 270, "texture": "#0"},
				"up": {"uv": [1, 0, 0, 0], "rotation": 270, "texture": "#0"},
				"down": {"uv": [1, 0, 0, 0], "rotation": 270, "texture": "#0"}
			}
		},
		{
			"from": [14.32843, 24.32843, 6],
			"to": [14.32843, 27.32843, 10],
			"rotation": {"angle": -45, "axis": "z", "origin": [11.5, 21.5, 8]},
			"faces": {
				"north": {"uv": [0, 0, 0.75, 0], "rotation": 270, "texture": "#0"},
				"east": {"uv": [2.25, 6.25, 1.5, 5.25], "rotation": 90, "texture": "#0"},
				"south": {"uv": [0, 0, 0.75, 0], "rotation": 90, "texture": "#0"},
				"west": {"uv": [2.25, 5.25, 1.5, 6.25], "rotation": 90, "texture": "#0"},
				"up": {"uv": [0, 0, 1, 0], "rotation": 90, "texture": "#0"},
				"down": {"uv": [0, 0, 1, 0], "rotation": 90, "texture": "#0"}
			}
		},
		{
			"from": [11.5, 21.5, 6],
			"to": [15.5, 21.5, 10],
			"rotation": {"angle": 0, "axis": "y", "origin": [11.5, 21.5, 8]},
			"faces": {
				"north": {"uv": [0, 0, 0, 1], "rotation": 270, "texture": "#0"},
				"east": {"uv": [0, 1, 0, 0], "rotation": 90, "texture": "#0"},
				"south": {"uv": [0, 0, 0, 1], "rotation": 90, "texture": "#0"},
				"west": {"uv": [0, 0, 0, 1], "rotation": 90, "texture": "#0"},
				"up": {"uv": [5.25, 2.5, 4.25, 3.5], "rotation": 90, "texture": "#0"},
				"down": {"uv": [4.25, 2.5, 5.25, 3.5], "rotation": 90, "texture": "#0"}
			}
		},
		{
			"from": [9.5, 18.025, 6.525],
			"to": [16.5, 20.975, 9.475],
			"rotation": {"angle": -22.5, "axis": "z", "origin": [9.5, 21, 8]},
			"faces": {
				"north": {"uv": [0, 7, 1.75, 7.75], "texture": "#0"},
				"east": {"uv": [2.5, 7, 1.75, 7.75], "texture": "#0"},
				"south": {"uv": [1.75, 7.75, 0, 7], "texture": "#0"},
				"west": {"uv": [2.5, 7.75, 1.75, 8.5], "texture": "#0"},
				"up": {"uv": [0, 8.5, 1.75, 7.75], "texture": "#0"},
				"down": {"uv": [0, 8.5, 1.75, 7.75], "texture": "#0"}
			}
		},
		{
			"from": [15.96716, 19.67878, 7],
			"to": [20.96716, 24.67878, 9],
			"rotation": {"angle": -45, "axis": "z", "origin": [9.5, 21, 8]},
			"faces": {
				"north": {"uv": [1.25, 8.5, 0, 9.75], "texture": "#0"},
				"east": {"uv": [1.75, 8.5, 1.25, 9.75], "texture": "#0"},
				"south": {"uv": [0, 8.5, 1.25, 9.75], "texture": "#0"},
				"west": {"uv": [2.25, 8.5, 1.75, 9.75], "texture": "#0"},
				"up": {"uv": [0, 10.25, 1.25, 9.75], "texture": "#0"},
				"down": {"uv": [0, 9.75, 1.25, 10.25], "texture": "#0"}
			}
		},
		{
			"from": [18.96716, 22.67878, 6.5],
			"to": [19.96716, 23.67878, 7],
			"rotation": {"angle": -45, "axis": "z", "origin": [9.5, 21, 8]},
			"faces": {
				"north": {"uv": [1.5, 4.75, 1.75, 5], "texture": "#0"},
				"east": {"uv": [6.75, 0.75, 6.875, 1], "texture": "#0"},
				"south": {"uv": [1.5, 4.5, 1.75, 4.75], "texture": "#0"},
				"west": {"uv": [3.5, 6.5, 3.625, 6.75], "texture": "#0"},
				"up": {"uv": [6.75, 1, 7, 1.125], "texture": "#0"},
				"down": {"uv": [6.75, 2.125, 7, 2], "texture": "#0"}
			}
		},
		{
			"from": [17.96716, 20.67878, 6.5],
			"to": [18.96716, 21.67878, 7],
			"rotation": {"angle": -45, "axis": "z", "origin": [9.5, 21, 8]},
			"faces": {
				"north": {"uv": [1.5, 4.75, 1.75, 5], "texture": "#0"},
				"east": {"uv": [6.75, 0.75, 6.875, 1], "texture": "#0"},
				"south": {"uv": [1.5, 4.5, 1.75, 4.75], "texture": "#0"},
				"west": {"uv": [3.5, 6.5, 3.625, 6.75], "texture": "#0"},
				"up": {"uv": [6.75, 1, 7, 1.125], "texture": "#0"},
				"down": {"uv": [6.75, 2.125, 7, 2], "texture": "#0"}
			}
		},
		{
			"from": [16.96716, 23.17878, 6.5],
			"to": [17.96716, 24.17878, 7],
			"rotation": {"angle": -45, "axis": "z", "origin": [9.5, 21, 8]},
			"faces": {
				"north": {"uv": [1.5, 4.75, 1.75, 5], "texture": "#0"},
				"east": {"uv": [6.75, 0.75, 6.875, 1], "texture": "#0"},
				"south": {"uv": [1.5, 4.5, 1.75, 4.75], "texture": "#0"},
				"west": {"uv": [3.5, 6.5, 3.625, 6.75], "texture": "#0"},
				"up": {"uv": [6.75, 1, 7, 1.125], "texture": "#0"},
				"down": {"uv": [6.75, 2.125, 7, 2], "texture": "#0"}
			}
		},
		{
			"from": [18.96716, 22.67878, 9],
			"to": [19.96716, 23.67878, 9.5],
			"rotation": {"angle": -45, "axis": "z", "origin": [9.5, 21, 8]},
			"faces": {
				"north": {"uv": [1.75, 4.5, 1.5, 4.75], "texture": "#0"},
				"east": {"uv": [6.875, 0.75, 6.75, 1], "texture": "#0"},
				"south": {"uv": [1.75, 4.75, 1.5, 5], "texture": "#0"},
				"west": {"uv": [3.625, 6.5, 3.5, 6.75], "texture": "#0"},
				"up": {"uv": [6.75, 1.125, 7, 1], "texture": "#0"},
				"down": {"uv": [6.75, 2, 7, 2.125], "texture": "#0"}
			}
		},
		{
			"from": [17.96716, 20.67878, 9],
			"to": [18.96716, 21.67878, 9.5],
			"rotation": {"angle": -45, "axis": "z", "origin": [9.5, 21, 8]},
			"faces": {
				"north": {"uv": [1.75, 4.5, 1.5, 4.75], "texture": "#0"},
				"east": {"uv": [6.875, 0.75, 6.75, 1], "texture": "#0"},
				"south": {"uv": [1.75, 4.75, 1.5, 5], "texture": "#0"},
				"west": {"uv": [3.625, 6.5, 3.5, 6.75], "texture": "#0"},
				"up": {"uv": [6.75, 1.125, 7, 1], "texture": "#0"},
				"down": {"uv": [6.75, 2, 7, 2.125], "texture": "#0"}
			}
		},
		{
			"from": [16.96716, 23.17878, 9],
			"to": [17.96716, 24.17878, 9.5],
			"rotation": {"angle": -45, "axis": "z", "origin": [9.5, 21, 8]},
			"faces": {
				"north": {"uv": [1.75, 4.5, 1.5, 4.75], "texture": "#0"},
				"east": {"uv": [6.875, 0.75, 6.75, 1], "texture": "#0"},
				"south": {"uv": [1.75, 4.75, 1.5, 5], "texture": "#0"},
				"west": {"uv": [3.625, 6.5, 3.5, 6.75], "texture": "#0"},
				"up": {"uv": [6.75, 1.125, 7, 1], "texture": "#0"},
				"down": {"uv": [6.75, 2, 7, 2.125], "texture": "#0"}
			}
		},
		{
			"from": [20.96716, 21.67878, 7],
			"to": [22.96716, 23.67878, 9],
			"rotation": {"angle": -45, "axis": "z", "origin": [9.5, 21, 8]},
			"faces": {
				"north": {"uv": [0.5, 10.25, 0, 10.75], "texture": "#0"},
				"east": {"uv": [1.75, 9.75, 1.25, 10.25], "texture": "#0"},
				"south": {"uv": [0.5, 10.25, 0, 10.75], "texture": "#0"},
				"west": {"uv": [2.25, 9.75, 1.75, 10.25], "texture": "#0"},
				"up": {"uv": [0.5, 10.75, 1, 10.25], "texture": "#0"},
				"down": {"uv": [0.5, 10.25, 1, 10.75], "texture": "#0"}
			}
		},
		{
			"from": [0.5, 22, 6],
			"to": [4.5, 22, 10],
			"rotation": {"angle": -45, "axis": "z", "origin": [4.5, 22, 8]},
			"faces": {
				"north": {"uv": [0, 0, 0, 1], "rotation": 90, "texture": "#0"},
				"east": {"uv": [0, 0, 0, 1], "rotation": 270, "texture": "#0"},
				"south": {"uv": [0, 0, 0, 1], "rotation": 270, "texture": "#0"},
				"west": {"uv": [0, 1, 0, 0], "rotation": 270, "texture": "#0"},
				"up": {"uv": [4.25, 2.5, 5.25, 3.5], "rotation": 270, "texture": "#0"},
				"down": {"uv": [5.25, 2.5, 4.25, 3.5], "rotation": 270, "texture": "#0"}
			}
		},
		{
			"from": [1.67157, 24.82843, 6],
			"to": [1.67157, 27.82843, 10],
			"rotation": {"angle": 0, "axis": "y", "origin": [4.5, 22, 8]},
			"faces": {
				"north": {"uv": [0.75, 0, 0, 0], "rotation": 90, "texture": "#0"},
				"east": {"uv": [1.5, 5.25, 2.25, 6.25], "rotation": 270, "texture": "#0"},
				"south": {"uv": [0.75, 0, 0, 0], "rotation": 270, "texture": "#0"},
				"west": {"uv": [1.5, 6.25, 2.25, 5.25], "rotation": 270, "texture": "#0"},
				"up": {"uv": [1, 0, 0, 0], "rotation": 270, "texture": "#0"},
				"down": {"uv": [1, 0, 0, 0], "rotation": 270, "texture": "#0"}
			}
		},
		{
			"from": [1.67157, 24.32843, 6],
			"to": [1.67157, 27.32843, 10],
			"rotation": {"angle": 45, "axis": "z", "origin": [4.5, 21.5, 8]},
			"faces": {
				"north": {"uv": [0, 0, 0.75, 0], "rotation": 270, "texture": "#0"},
				"east": {"uv": [2.25, 6.25, 1.5, 5.25], "rotation": 90, "texture": "#0"},
				"south": {"uv": [0, 0, 0.75, 0], "rotation": 90, "texture": "#0"},
				"west": {"uv": [2.25, 5.25, 1.5, 6.25], "rotation": 90, "texture": "#0"},
				"up": {"uv": [0, 0, 1, 0], "rotation": 90, "texture": "#0"},
				"down": {"uv": [0, 0, 1, 0], "rotation": 90, "texture": "#0"}
			}
		},
		{
			"from": [0.5, 21.5, 6],
			"to": [4.5, 21.5, 10],
			"rotation": {"angle": 0, "axis": "y", "origin": [4.5, 21.5, 8]},
			"faces": {
				"north": {"uv": [0, 1, 0, 0], "rotation": 270, "texture": "#0"},
				"east": {"uv": [0, 1, 0, 0], "rotation": 90, "texture": "#0"},
				"south": {"uv": [0, 1, 0, 0], "rotation": 90, "texture": "#0"},
				"west": {"uv": [0, 0, 0, 1], "rotation": 90, "texture": "#0"},
				"up": {"uv": [5.25, 3.5, 4.25, 2.5], "rotation": 90, "texture": "#0"},
				"down": {"uv": [4.25, 3.5, 5.25, 2.5], "rotation": 90, "texture": "#0"}
			}
		},
		{
			"from": [-0.5, 18.025, 6.525],
			"to": [6.5, 20.975, 9.475],
			"rotation": {"angle": 22.5, "axis": "z", "origin": [6.5, 21, 8]},
			"faces": {
				"north": {"uv": [1.75, 7, 0, 7.75], "texture": "#0"},
				"east": {"uv": [1.75, 7.75, 2.5, 8.5], "texture": "#0"},
				"south": {"uv": [0, 7.75, 1.75, 7], "texture": "#0"},
				"west": {"uv": [1.75, 7, 2.5, 7.75], "texture": "#0"},
				"up": {"uv": [1.75, 8.5, 0, 7.75], "texture": "#0"},
				"down": {"uv": [1.75, 8.5, 0, 7.75], "texture": "#0"}
			}
		},
		{
			"from": [-4.96716, 19.67878, 7],
			"to": [0.03284, 24.67878, 9],
			"rotation": {"angle": 45, "axis": "z", "origin": [6.5, 21, 8]},
			"faces": {
				"north": {"uv": [0, 8.5, 1.25, 9.75], "texture": "#0"},
				"east": {"uv": [1.75, 8.5, 2.25, 9.75], "texture": "#0"},
				"south": {"uv": [1.25, 8.5, 0, 9.75], "texture": "#0"},
				"west": {"uv": [1.25, 8.5, 1.75, 9.75], "texture": "#0"},
				"up": {"uv": [1.25, 10.25, 0, 9.75], "texture": "#0"},
				"down": {"uv": [1.25, 9.75, 0, 10.25], "texture": "#0"}
			}
		},
		{
			"from": [-3.96716, 22.67878, 6.5],
			"to": [-2.96716, 23.67878, 7],
			"rotation": {"angle": 45, "axis": "z", "origin": [6.5, 21, 8]},
			"faces": {
				"north": {"uv": [1.75, 4.75, 1.5, 5], "texture": "#0"},
				"east": {"uv": [3.625, 6.5, 3.5, 6.75], "texture": "#0"},
				"south": {"uv": [1.75, 4.5, 1.5, 4.75], "texture": "#0"},
				"west": {"uv": [6.875, 0.75, 6.75, 1], "texture": "#0"},
				"up": {"uv": [7, 1, 6.75, 1.125], "texture": "#0"},
				"down": {"uv": [7, 2.125, 6.75, 2], "texture": "#0"}
			}
		},
		{
			"from": [-2.96716, 20.67878, 6.5],
			"to": [-1.96716, 21.67878, 7],
			"rotation": {"angle": 45, "axis": "z", "origin": [6.5, 21, 8]},
			"faces": {
				"north": {"uv": [1.75, 4.75, 1.5, 5], "texture": "#0"},
				"east": {"uv": [3.625, 6.5, 3.5, 6.75], "texture": "#0"},
				"south": {"uv": [1.75, 4.5, 1.5, 4.75], "texture": "#0"},
				"west": {"uv": [6.875, 0.75, 6.75, 1], "texture": "#0"},
				"up": {"uv": [7, 1, 6.75, 1.125], "texture": "#0"},
				"down": {"uv": [7, 2.125, 6.75, 2], "texture": "#0"}
			}
		},
		{
			"from": [-1.96716, 23.17878, 6.5],
			"to": [-0.96716, 24.17878, 7],
			"rotation": {"angle": 45, "axis": "z", "origin": [6.5, 21, 8]},
			"faces": {
				"north": {"uv": [1.75, 4.75, 1.5, 5], "texture": "#0"},
				"east": {"uv": [3.625, 6.5, 3.5, 6.75], "texture": "#0"},
				"south": {"uv": [1.75, 4.5, 1.5, 4.75], "texture": "#0"},
				"west": {"uv": [6.875, 0.75, 6.75, 1], "texture": "#0"},
				"up": {"uv": [7, 1, 6.75, 1.125], "texture": "#0"},
				"down": {"uv": [7, 2.125, 6.75, 2], "texture": "#0"}
			}
		},
		{
			"from": [-3.96716, 22.67878, 9],
			"to": [-2.96716, 23.67878, 9.5],
			"rotation": {"angle": 45, "axis": "z", "origin": [6.5, 21, 8]},
			"faces": {
				"north": {"uv": [1.5, 4.5, 1.75, 4.75], "texture": "#0"},
				"east": {"uv": [3.5, 6.5, 3.625, 6.75], "texture": "#0"},
				"south": {"uv": [1.5, 4.75, 1.75, 5], "texture": "#0"},
				"west": {"uv": [6.75, 0.75, 6.875, 1], "texture": "#0"},
				"up": {"uv": [7, 1.125, 6.75, 1], "texture": "#0"},
				"down": {"uv": [7, 2, 6.75, 2.125], "texture": "#0"}
			}
		},
		{
			"from": [-2.96716, 20.67878, 9],
			"to": [-1.96716, 21.67878, 9.5],
			"rotation": {"angle": 45, "axis": "z", "origin": [6.5, 21, 8]},
			"faces": {
				"north": {"uv": [1.5, 4.5, 1.75, 4.75], "texture": "#0"},
				"east": {"uv": [3.5, 6.5, 3.625, 6.75], "texture": "#0"},
				"south": {"uv": [1.5, 4.75, 1.75, 5], "texture": "#0"},
				"west": {"uv": [6.75, 0.75, 6.875, 1], "texture": "#0"},
				"up": {"uv": [7, 1.125, 6.75, 1], "texture": "#0"},
				"down": {"uv": [7, 2, 6.75, 2.125], "texture": "#0"}
			}
		},
		{
			"from": [-1.96716, 23.17878, 9],
			"to": [-0.96716, 24.17878, 9.5],
			"rotation": {"angle": 45, "axis": "z", "origin": [6.5, 21, 8]},
			"faces": {
				"north": {"uv": [1.5, 4.5, 1.75, 4.75], "texture": "#0"},
				"east": {"uv": [3.5, 6.5, 3.625, 6.75], "texture": "#0"},
				"south": {"uv": [1.5, 4.75, 1.75, 5], "texture": "#0"},
				"west": {"uv": [6.75, 0.75, 6.875, 1], "texture": "#0"},
				"up": {"uv": [7, 1.125, 6.75, 1], "texture": "#0"},
				"down": {"uv": [7, 2, 6.75, 2.125], "texture": "#0"}
			}
		},
		{
			"from": [-6.96716, 21.67878, 7],
			"to": [-4.96716, 23.67878, 9],
			"rotation": {"angle": 45, "axis": "z", "origin": [6.5, 21, 8]},
			"faces": {
				"north": {"uv": [0, 10.25, 0.5, 10.75], "texture": "#0"},
				"east": {"uv": [1.75, 9.75, 2.25, 10.25], "texture": "#0"},
				"south": {"uv": [0, 10.25, 0.5, 10.75], "texture": "#0"},
				"west": {"uv": [1.25, 9.75, 1.75, 10.25], "texture": "#0"},
				"up": {"uv": [1, 10.75, 0.5, 10.25], "texture": "#0"},
				"down": {"uv": [1, 10.25, 0.5, 10.75], "texture": "#0"}
			}
		},
		{
			"from": [-9.5, 2, 8],
			"to": [6.5, 18, 8],
			"rotation": {"angle": 22.5, "axis": "z", "origin": [7, 16, 8]},
			"faces": {
				"north": {"uv": [16, 0, 0, 16], "texture": "#1"},
				"east": {"uv": [4.25, 4.25, 4, 8], "texture": "#0"},
				"south": {"uv": [0, 0, 16, 16], "texture": "#1"},
				"west": {"uv": [4, 4.25, 3.75, 8], "texture": "#0"},
				"up": {"uv": [6, 1.5, 7.25, 1.25], "texture": "#0"},
				"down": {"uv": [5.25, 6, 6.5, 6.25], "texture": "#0"}
			}
		},
		{
			"from": [9.5, 7, 8],
			"to": [17.5, 23, 8],
			"rotation": {"angle": -22.5, "axis": "z", "origin": [9, 16, 8]},
			"faces": {
				"north": {"uv": [0, 0, 8, 16], "texture": "#2"},
				"east": {"uv": [3.75, 4.25, 4, 8], "texture": "#0"},
				"south": {"uv": [8, 0, 0, 16], "texture": "#2"},
				"west": {"uv": [4, 4.25, 4.25, 8], "texture": "#0"},
				"up": {"uv": [7.25, 1.5, 6, 1.25], "texture": "#0"},
				"down": {"uv": [6.5, 6, 5.25, 6.25], "texture": "#0"}
			}
		},
		{
			"from": [0, 5.5, 1.5],
			"to": [0, 13.5, 17.5],
			"rotation": {"angle": 0, "axis": "y", "origin": [16, 5, 0]},
			"faces": {
				"north": {"uv": [0, 0, 16, 8], "texture": "#3"},
				"east": {"uv": [16, 8, 0, 16], "texture": "#3"},
				"south": {"uv": [0, 0, 16, 8], "texture": "#3"},
				"west": {"uv": [0, 8, 16, 16], "texture": "#3"}
			}
		},
		{
			"from": [16, 5.5, -1.5],
			"to": [16, 13.5, 14.5],
			"rotation": {"angle": 0, "axis": "y", "origin": [0, 5, 0]},
			"faces": {
				"north": {"uv": [16, 0, 0, 8], "texture": "#3"},
				"east": {"uv": [0, 8, 16, 16], "texture": "#3"},
				"south": {"uv": [16, 0, 0, 8], "texture": "#3"},
				"west": {"uv": [0, 8, 16, 16], "texture": "#3"}
			}
		},
		{
			"from": [0, 5, 1.5],
			"to": [16, 13, 1.5],
			"rotation": {"angle": 0, "axis": "y", "origin": [16, 5, 0]},
			"faces": {
				"north": {"uv": [0, 0, 16, 8], "texture": "#3"},
				"east": {"uv": [0, 0, 16, 8], "texture": "#3"},
				"south": {"uv": [16, 0, 0, 8], "texture": "#3"},
				"west": {"uv": [0, 8, 16, 16], "texture": "#3"}
			}
		},
		{
			"from": [0, 5, 14.5],
			"to": [16, 13, 14.5],
			"rotation": {"angle": 0, "axis": "y", "origin": [16, 5, 16]},
			"faces": {
				"north": {"uv": [16, 0, 0, 8], "texture": "#3"},
				"east": {"uv": [16, 0, 0, 8], "texture": "#3"},
				"south": {"uv": [0, 0, 16, 8], "texture": "#3"},
				"west": {"uv": [16, 8, 0, 16], "texture": "#3"}
			}
		}
	],
	"display": {
		"thirdperson_righthand": {
			"rotation": [0, 90, 0],
			"translation": [0, 1, 1.75],
			"scale": [0.6, 0.6, 0.6]
		},
		"thirdperson_lefthand": {
			"rotation": [0, -90, 0],
			"translation": [0, 1, 1.75],
			"scale": [0.6, 0.6, 0.6]
		},
		"firstperson_righthand": {
			"rotation": [0, 90, 20],
			"translation": [0.5, -0.25, 0.25],
			"scale": [0.45, 0.45, 0.45]
		},
		"firstperson_lefthand": {
			"rotation": [0, 90, 20],
			"translation": [0.5, -0.25, 0.25],
			"scale": [0.45, 0.45, 0.45]
		},
		"ground": {
			"translation": [0, 2.25, 0],
			"scale": [0.45, 0.45, 0.45]
		},
		"gui": {
			"rotation": [0, 180, 45],
			"translation": [-0.5, -0.5, 0],
			"scale": [0.575, 0.575, 0.575]
		}
	},
	"groups": [
		0,
		1,
		2,
		3,
		4,
		5,
		6,
		7,
		8,
		9,
		10,
		11,
		12,
		13,
		14,
		15,
		16,
		17,
		18,
		19,
		20,
		{
			"name": "group",
			"origin": [16, 19, 0],
			"color": 0,
			"children": [
				21,
				22,
				23,
				24,
				25,
				26,
				{
					"name": "group",
					"origin": [9.5, 21, 8],
					"color": 0,
					"children": [27, 28, 29, 30, 31, 32]
				},
				33
			]
		},
		{
			"name": "group",
			"origin": [16, 19, 0],
			"color": 0,
			"children": [
				34,
				35,
				36,
				37,
				38,
				39,
				{
					"name": "group",
					"origin": [9.5, 21, 8],
					"color": 0,
					"children": [40, 41, 42, 43, 44, 45]
				},
				46
			]
		},
		47,
		48,
		{
			"name": "group",
			"origin": [16, 5, 0],
			"color": 0,
			"children": [49, 50, 51, 52]
		}
	]
}