{
	"credit": "Made with Blockbench",
	"texture_size": [64, 64],
	"textures": {
		"1": "item/wands/earth/earth_wand",
		"2": "item/wands/earth/earth_animation",
		"3": "item/wands/earth/earth_animation_2",
		"particle": "item/wands/earth/earth_animation_2"
	},
	"elements": [
		{
			"from": [5.5, 16, 5.5],
			"to": [10.5, 19, 10.5],
			"rotation": {"angle": 0, "axis": "y", "origin": [8, -6, -6]},
			"faces": {
				"north": {"uv": [4.25, 0, 5.5, 0.75], "texture": "#1"},
				"east": {"uv": [4.25, 0.75, 5.5, 1.5], "texture": "#1"},
				"south": {"uv": [1.5, 4.25, 2.75, 5], "texture": "#1"},
				"west": {"uv": [4.25, 1.5, 5.5, 2.25], "texture": "#1"},
				"up": {"uv": [4.25, 1.25, 3, 0], "texture": "#1"},
				"down": {"uv": [4.25, 1.25, 3, 2.5], "texture": "#1"}
			}
		},
		{
			"from": [8.5, 16, 5.5],
			"to": [10, 18, 7],
			"rotation": {"angle": -45, "axis": "x", "origin": [9.25, 16, 5.5]},
			"faces": {
				"north": {"uv": [2, 7.25, 2.375, 7.75], "texture": "#1"},
				"east": {"uv": [7.25, 2.25, 7.625, 2.75], "texture": "#1"},
				"south": {"uv": [2.5, 7.25, 2.875, 7.75], "texture": "#1"},
				"west": {"uv": [7.25, 2.75, 7.625, 3.25], "texture": "#1"},
				"up": {"uv": [1.375, 7.875, 1, 7.5], "texture": "#1"},
				"down": {"uv": [3.375, 7.5, 3, 7.875], "texture": "#1"}
			}
		},
		{
			"from": [6, 16, 5.5],
			"to": [7.5, 17, 7],
			"rotation": {"angle": -45, "axis": "x", "origin": [9.25, 16, 5.5]},
			"faces": {
				"north": {"uv": [7.75, 6.25, 8.125, 6.5], "texture": "#1"},
				"east": {"uv": [7.75, 6.5, 8.125, 6.75], "texture": "#1"},
				"south": {"uv": [7.75, 7, 8.125, 7.25], "texture": "#1"},
				"west": {"uv": [7.75, 7.5, 8.125, 7.75], "texture": "#1"},
				"up": {"uv": [5.875, 7.875, 5.5, 7.5], "texture": "#1"},
				"down": {"uv": [7.125, 7.5, 6.75, 7.875], "texture": "#1"}
			}
		},
		{
			"from": [8.5, 16, 9],
			"to": [10, 17, 10.5],
			"rotation": {"angle": 45, "axis": "x", "origin": [9.25, 16, 10.5]},
			"faces": {
				"north": {"uv": [8.125, 7, 7.75, 7.25], "texture": "#1"},
				"east": {"uv": [8.125, 6.5, 7.75, 6.75], "texture": "#1"},
				"south": {"uv": [8.125, 6.25, 7.75, 6.5], "texture": "#1"},
				"west": {"uv": [8.125, 7.5, 7.75, 7.75], "texture": "#1"},
				"up": {"uv": [5.875, 7.5, 5.5, 7.875], "texture": "#1"},
				"down": {"uv": [7.125, 7.875, 6.75, 7.5], "texture": "#1"}
			}
		},
		{
			"from": [6, 16, 9],
			"to": [7.5, 18, 10.5],
			"rotation": {"angle": 45, "axis": "x", "origin": [9.25, 16, 10.5]},
			"faces": {
				"north": {"uv": [2.875, 7.25, 2.5, 7.75], "texture": "#1"},
				"east": {"uv": [7.625, 2.25, 7.25, 2.75], "texture": "#1"},
				"south": {"uv": [2.375, 7.25, 2, 7.75], "texture": "#1"},
				"west": {"uv": [7.625, 2.75, 7.25, 3.25], "texture": "#1"},
				"up": {"uv": [1.375, 7.5, 1, 7.875], "texture": "#1"},
				"down": {"uv": [3.375, 7.875, 3, 7.5], "texture": "#1"}
			}
		},
		{
			"from": [9, 16, 8.75],
			"to": [10.5, 18, 10.25],
			"rotation": {"angle": -45, "axis": "z", "origin": [10.5, 16, 9.5]},
			"faces": {
				"north": {"uv": [7.25, 3.25, 7.625, 3.75], "texture": "#1"},
				"east": {"uv": [3.5, 7.25, 3.875, 7.75], "texture": "#1"},
				"south": {"uv": [4, 7.25, 4.375, 7.75], "texture": "#1"},
				"west": {"uv": [7.25, 4.25, 7.625, 4.75], "texture": "#1"},
				"up": {"uv": [7.625, 7.875, 7.25, 7.5], "texture": "#1"},
				"down": {"uv": [0.375, 7.75, 0, 8.125], "texture": "#1"}
			}
		},
		{
			"from": [6, 19, 8],
			"to": [8, 20, 10],
			"rotation": {"angle": 0, "axis": "y", "origin": [8, -6, -6]},
			"faces": {
				"north": {"uv": [7.5, 7.25, 8, 7.5], "texture": "#1"},
				"east": {"uv": [7.75, 1.75, 8.25, 2], "texture": "#1"},
				"south": {"uv": [2.25, 7.75, 2.75, 8], "texture": "#1"},
				"west": {"uv": [7.75, 2.25, 8.25, 2.5], "texture": "#1"},
				"up": {"uv": [2, 7.25, 1.5, 6.75], "texture": "#1"},
				"down": {"uv": [4.75, 6.75, 4.25, 7.25], "texture": "#1"}
			}
		},
		{
			"from": [8, 19, 6],
			"to": [10, 20, 8],
			"rotation": {"angle": 0, "axis": "y", "origin": [8, -6, -6]},
			"faces": {
				"north": {"uv": [7.75, 2.5, 8.25, 2.75], "texture": "#1"},
				"east": {"uv": [7.75, 2.75, 8.25, 3], "texture": "#1"},
				"south": {"uv": [7.75, 3, 8.25, 3.25], "texture": "#1"},
				"west": {"uv": [7.75, 3.25, 8.25, 3.5], "texture": "#1"},
				"up": {"uv": [7.25, 7, 6.75, 6.5], "texture": "#1"},
				"down": {"uv": [7.5, 0, 7, 0.5], "texture": "#1"}
			}
		},
		{
			"from": [9, 19, 9],
			"to": [10, 20, 10],
			"rotation": {"angle": 0, "axis": "y", "origin": [8, -6, -6]},
			"faces": {
				"north": {"uv": [2, 6.75, 2.25, 7], "texture": "#1"},
				"east": {"uv": [3.5, 7, 3.75, 7.25], "texture": "#1"},
				"south": {"uv": [7.5, 0.75, 7.75, 1], "texture": "#1"},
				"west": {"uv": [5.25, 7.75, 5.5, 8], "texture": "#1"},
				"up": {"uv": [2.5, 8.25, 2.25, 8], "texture": "#1"},
				"down": {"uv": [2.75, 8, 2.5, 8.25], "texture": "#1"}
			}
		},
		{
			"from": [7, 21, 7],
			"to": [8, 21.5, 8],
			"rotation": {"angle": 0, "axis": "y", "origin": [8, -6, -6]},
			"faces": {
				"north": {"uv": [4.75, 8, 5, 8.125], "texture": "#1"},
				"east": {"uv": [8, 4.75, 8.25, 4.875], "texture": "#1"},
				"south": {"uv": [5, 8, 5.25, 8.125], "texture": "#1"},
				"west": {"uv": [8, 5, 8.25, 5.125], "texture": "#1"},
				"up": {"uv": [3.25, 8.25, 3, 8], "texture": "#1"},
				"down": {"uv": [3.5, 8, 3.25, 8.25], "texture": "#1"}
			}
		},
		{
			"from": [8.25, 21, 8],
			"to": [9.25, 22, 9],
			"rotation": {"angle": 0, "axis": "y", "origin": [8, -6, -6]},
			"faces": {
				"north": {"uv": [8, 3.5, 8.25, 3.75], "texture": "#1"},
				"east": {"uv": [8, 3.75, 8.25, 4], "texture": "#1"},
				"south": {"uv": [8, 4, 8.25, 4.25], "texture": "#1"},
				"west": {"uv": [4.25, 8, 4.5, 8.25], "texture": "#1"},
				"up": {"uv": [8.25, 4.5, 8, 4.25], "texture": "#1"},
				"down": {"uv": [4.75, 8, 4.5, 8.25], "texture": "#1"}
			}
		},
		{
			"from": [6.5, 19, 6.5],
			"to": [9.5, 21, 9.5],
			"rotation": {"angle": 0, "axis": "y", "origin": [8, -6, -6]},
			"faces": {
				"north": {"uv": [5.75, 4.75, 6.5, 5.25], "texture": "#1"},
				"east": {"uv": [5, 5.75, 5.75, 6.25], "texture": "#1"},
				"south": {"uv": [5.75, 5.25, 6.5, 5.75], "texture": "#1"},
				"west": {"uv": [5.75, 5.75, 6.5, 6.25], "texture": "#1"},
				"up": {"uv": [2, 5.75, 1.25, 5], "texture": "#1"},
				"down": {"uv": [2.75, 5, 2, 5.75], "texture": "#1"}
			}
		},
		{
			"from": [5, 15, 5],
			"to": [11, 16, 11],
			"rotation": {"angle": 0, "axis": "y", "origin": [8, -6, -6]},
			"faces": {
				"north": {"uv": [5.25, 3.75, 6.75, 4], "texture": "#1"},
				"east": {"uv": [5.25, 4, 6.75, 4.25], "texture": "#1"},
				"south": {"uv": [5.75, 4.25, 7.25, 4.5], "texture": "#1"},
				"west": {"uv": [5.75, 4.5, 7.25, 4.75], "texture": "#1"},
				"up": {"uv": [1.5, 1.5, 0, 0], "texture": "#1"},
				"down": {"uv": [1.5, 1.5, 0, 3], "texture": "#1"}
			}
		},
		{
			"from": [6, 14, 6],
			"to": [10, 15, 10],
			"rotation": {"angle": 0, "axis": "y", "origin": [8, -6, -6]},
			"faces": {
				"north": {"uv": [6.5, 6, 7.5, 6.25], "texture": "#1"},
				"east": {"uv": [0.5, 6.75, 1.5, 7], "texture": "#1"},
				"south": {"uv": [6.75, 3.75, 7.75, 4], "texture": "#1"},
				"west": {"uv": [6.75, 4, 7.75, 4.25], "texture": "#1"},
				"up": {"uv": [1.5, 4, 0.5, 3], "texture": "#1"},
				"down": {"uv": [1.5, 4, 0.5, 5], "texture": "#1"}
			}
		},
		{
			"from": [5.5, 13, 5.5],
			"to": [10.5, 14, 10.5],
			"rotation": {"angle": 0, "axis": "y", "origin": [8, -6, -6]},
			"faces": {
				"north": {"uv": [6.25, 2, 7.5, 2.25], "texture": "#1"},
				"east": {"uv": [4.75, 6.25, 6, 6.5], "texture": "#1"},
				"south": {"uv": [6, 6.25, 7.25, 6.5], "texture": "#1"},
				"west": {"uv": [1, 6.5, 2.25, 6.75], "texture": "#1"},
				"up": {"uv": [4.25, 3.75, 3, 2.5], "texture": "#1"},
				"down": {"uv": [4.25, 3.75, 3, 5], "texture": "#1"}
			}
		},
		{
			"from": [9.5, 12, 7.5],
			"to": [11, 14, 8.5],
			"rotation": {"angle": -22.5, "axis": "z", "origin": [9.5, 13.5, 8]},
			"faces": {
				"north": {"uv": [0, 7.25, 0.375, 7.75], "texture": "#1"},
				"east": {"uv": [1.75, 7.75, 2, 8.25], "texture": "#1"},
				"south": {"uv": [1.5, 7.25, 1.875, 7.75], "texture": "#1"},
				"west": {"uv": [2, 7.75, 2.25, 8.25], "texture": "#1"},
				"up": {"uv": [5.125, 8, 4.75, 7.75], "texture": "#1"},
				"down": {"uv": [6.625, 7.75, 6.25, 8], "texture": "#1"}
			}
		},
		{
			"from": [5, 12, 7.5],
			"to": [6.5, 14, 8.5],
			"rotation": {"angle": 22.5, "axis": "z", "origin": [6.5, 13.5, 8]},
			"faces": {
				"north": {"uv": [0.375, 7.25, 0, 7.75], "texture": "#1"},
				"east": {"uv": [2.25, 7.75, 2, 8.25], "texture": "#1"},
				"south": {"uv": [1.875, 7.25, 1.5, 7.75], "texture": "#1"},
				"west": {"uv": [2, 7.75, 1.75, 8.25], "texture": "#1"},
				"up": {"uv": [4.75, 8, 5.125, 7.75], "texture": "#1"},
				"down": {"uv": [6.25, 7.75, 6.625, 8], "texture": "#1"}
			}
		},
		{
			"from": [6.5, 11, 6.5],
			"to": [9.5, 13, 9.5],
			"rotation": {"angle": 0, "axis": "y", "origin": [8, -6, -6]},
			"faces": {
				"north": {"uv": [6.25, 0, 7, 0.5], "texture": "#1"},
				"east": {"uv": [6.25, 0.5, 7, 1], "texture": "#1"},
				"south": {"uv": [6.25, 1, 7, 1.5], "texture": "#1"},
				"west": {"uv": [6.25, 1.5, 7, 2], "texture": "#1"},
				"up": {"uv": [3.5, 5.75, 2.75, 5], "texture": "#1"},
				"down": {"uv": [4.25, 5, 3.5, 5.75], "texture": "#1"}
			}
		},
		{
			"from": [6.75, 9, 6.75],
			"to": [9.25, 11, 9.25],
			"rotation": {"angle": 0, "axis": "y", "origin": [8, -6, -6]},
			"faces": {
				"north": {"uv": [2.25, 6.5, 2.875, 7], "texture": "#1"},
				"east": {"uv": [6.5, 2.25, 7.125, 2.75], "texture": "#1"},
				"south": {"uv": [6.5, 2.75, 7.125, 3.25], "texture": "#1"},
				"west": {"uv": [3, 6.5, 3.625, 7], "texture": "#1"},
				"up": {"uv": [6.125, 1.375, 5.5, 0.75], "texture": "#1"},
				"down": {"uv": [6.125, 1.5, 5.5, 2.125], "texture": "#1"}
			}
		},
		{
			"from": [9.25, 9, 7.25],
			"to": [11.75, 11, 8.75],
			"rotation": {"angle": 0, "axis": "y", "origin": [8, -6, -6]},
			"faces": {
				"north": {"uv": [6.5, 3.25, 7.125, 3.75], "texture": "#1"},
				"east": {"uv": [6.25, 7.25, 6.625, 7.75], "texture": "#1"},
				"south": {"uv": [6.5, 5.5, 7.125, 6], "texture": "#1"},
				"west": {"uv": [7.25, 6.25, 7.625, 6.75], "texture": "#1"},
				"up": {"uv": [7.625, 1.375, 7, 1], "texture": "#1"},
				"down": {"uv": [7.625, 1.5, 7, 1.875], "texture": "#1"}
			}
		},
		{
			"from": [4.25, 9, 7.25],
			"to": [6.75, 11, 8.75],
			"rotation": {"angle": 0, "axis": "y", "origin": [8, -6, -6]},
			"faces": {
				"north": {"uv": [7.125, 3.25, 6.5, 3.75], "texture": "#1"},
				"east": {"uv": [7.625, 6.25, 7.25, 6.75], "texture": "#1"},
				"south": {"uv": [7.125, 5.5, 6.5, 6], "texture": "#1"},
				"west": {"uv": [6.625, 7.25, 6.25, 7.75], "texture": "#1"},
				"up": {"uv": [7, 1.375, 7.625, 1], "texture": "#1"},
				"down": {"uv": [7, 1.5, 7.625, 1.875], "texture": "#1"}
			}
		},
		{
			"from": [6.25, 6.5, 6.25],
			"to": [9.75, 7.5, 9.75],
			"rotation": {"angle": 0, "axis": "y", "origin": [8, -6, -6]},
			"faces": {
				"north": {"uv": [7, 5, 7.875, 5.25], "texture": "#1"},
				"east": {"uv": [7, 5.25, 7.875, 5.5], "texture": "#1"},
				"south": {"uv": [5.75, 7, 6.625, 7.25], "texture": "#1"},
				"west": {"uv": [6.75, 7, 7.625, 7.25], "texture": "#1"},
				"up": {"uv": [5.125, 3.125, 4.25, 2.25], "texture": "#1"},
				"down": {"uv": [5.125, 3.25, 4.25, 4.125], "texture": "#1"}
			}
		},
		{
			"from": [6.25, 8, 6.25],
			"to": [9.75, 9, 9.75],
			"rotation": {"angle": 0, "axis": "y", "origin": [8, -6, -6]},
			"faces": {
				"north": {"uv": [7, 5, 7.875, 5.25], "texture": "#1"},
				"east": {"uv": [7, 5.25, 7.875, 5.5], "texture": "#1"},
				"south": {"uv": [5.75, 7, 6.625, 7.25], "texture": "#1"},
				"west": {"uv": [6.75, 7, 7.625, 7.25], "texture": "#1"},
				"up": {"uv": [5.125, 3.125, 4.25, 2.25], "texture": "#1"},
				"down": {"uv": [5.125, 3.25, 4.25, 4.125], "texture": "#1"}
			}
		},
		{
			"from": [6.25, -6.5, 6.25],
			"to": [9.75, -5.5, 9.75],
			"rotation": {"angle": 0, "axis": "y", "origin": [8, 22, -6]},
			"faces": {
				"north": {"uv": [7, 5.25, 7.875, 5], "texture": "#1"},
				"east": {"uv": [7, 5.5, 7.875, 5.25], "texture": "#1"},
				"south": {"uv": [5.75, 7.25, 6.625, 7], "texture": "#1"},
				"west": {"uv": [6.75, 7.25, 7.625, 7], "texture": "#1"},
				"up": {"uv": [5.125, 4.125, 4.25, 3.25], "texture": "#1"},
				"down": {"uv": [5.125, 2.25, 4.25, 3.125], "texture": "#1"}
			}
		},
		{
			"from": [6.25, -8, 6.25],
			"to": [9.75, -7, 9.75],
			"rotation": {"angle": 0, "axis": "y", "origin": [8, 22, -6]},
			"faces": {
				"north": {"uv": [7, 5.25, 7.875, 5], "texture": "#1"},
				"east": {"uv": [7, 5.5, 7.875, 5.25], "texture": "#1"},
				"south": {"uv": [5.75, 7.25, 6.625, 7], "texture": "#1"},
				"west": {"uv": [6.75, 7.25, 7.625, 7], "texture": "#1"},
				"up": {"uv": [5.125, 4.125, 4.25, 3.25], "texture": "#1"},
				"down": {"uv": [5.125, 2.25, 4.25, 3.125], "texture": "#1"}
			}
		},
		{
			"from": [7.25, -9, 7.25],
			"to": [8.75, 8, 8.75],
			"rotation": {"angle": 0, "axis": "y", "origin": [8, -6, -6]},
			"faces": {
				"north": {"uv": [1.5, 0, 1.875, 4.25], "texture": "#1"},
				"east": {"uv": [2, 0, 2.375, 4.25], "texture": "#1"},
				"south": {"uv": [2.5, 0, 2.875, 4.25], "texture": "#1"},
				"west": {"uv": [0, 3, 0.375, 7.25], "texture": "#1"},
				"up": {"uv": [7.875, 0.625, 7.5, 0.25], "texture": "#1"},
				"down": {"uv": [0.875, 7.5, 0.5, 7.875], "texture": "#1"}
			}
		},
		{
			"from": [8.75, -2, 8.25],
			"to": [11.25, 4, 8.25],
			"rotation": {"angle": -45, "axis": "y", "origin": [8.75, 2.75, 8.25]},
			"faces": {
				"north": {"uv": [0, 8.25, 0.625, 9.75], "texture": "#1"},
				"east": {"uv": [2, 0, 2, 1.5], "texture": "#1"},
				"south": {"uv": [0.625, 8.25, 0, 9.75], "texture": "#1"},
				"west": {"uv": [0, 3, 0, 4.5], "texture": "#1"},
				"up": {"uv": [8.125, 0.25, 7.5, 0.25], "texture": "#1"},
				"down": {"uv": [1.125, 7.5, 0.5, 7.5], "texture": "#1"}
			}
		},
		{
			"from": [8.75, -3, 8.25],
			"to": [11.25, 3, 8.25],
			"rotation": {"angle": 0, "axis": "y", "origin": [8.75, 2.75, 8.25]},
			"faces": {
				"north": {"uv": [0, 8.25, 0.625, 9.75], "texture": "#1"},
				"east": {"uv": [2, 0, 2, 1.5], "texture": "#1"},
				"south": {"uv": [0.625, 8.25, 0, 9.75], "texture": "#1"},
				"west": {"uv": [0, 3, 0, 4.5], "texture": "#1"},
				"up": {"uv": [8.125, 0.25, 7.5, 0.25], "texture": "#1"},
				"down": {"uv": [1.125, 7.5, 0.5, 7.5], "texture": "#1"}
			}
		},
		{
			"from": [6.75, -10, 6.75],
			"to": [9.25, -9, 9.25],
			"rotation": {"angle": 0, "axis": "y", "origin": [8, -6, -6]},
			"faces": {
				"north": {"uv": [7.25, 5.75, 7.875, 6], "texture": "#1"},
				"east": {"uv": [6.75, 7.25, 7.375, 7.5], "texture": "#1"},
				"south": {"uv": [7.25, 6.75, 7.875, 7], "texture": "#1"},
				"west": {"uv": [7.5, 0, 8.125, 0.25], "texture": "#1"},
				"up": {"uv": [1.875, 6.375, 1.25, 5.75], "texture": "#1"},
				"down": {"uv": [2.625, 5.75, 2, 6.375], "texture": "#1"}
			}
		},
		{
			"from": [7.25, -11, 7],
			"to": [8.75, -10, 9],
			"rotation": {"angle": 0, "axis": "y", "origin": [8, -6, -6]},
			"faces": {
				"north": {"uv": [4.25, 7.75, 4.625, 8], "texture": "#1"},
				"east": {"uv": [7.5, 2, 8, 2.25], "texture": "#1"},
				"south": {"uv": [7.75, 4.5, 8.125, 4.75], "texture": "#1"},
				"west": {"uv": [7.5, 6, 8, 6.25], "texture": "#1"},
				"up": {"uv": [1.375, 7.5, 1, 7], "texture": "#1"},
				"down": {"uv": [3.375, 7, 3, 7.5], "texture": "#1"}
			}
		},
		{
			"from": [7.25, -14, 5.5],
			"to": [8.75, -12, 6.5],
			"rotation": {"angle": 0, "axis": "y", "origin": [8, -6, -6]},
			"faces": {
				"north": {"uv": [4.5, 7.25, 4.875, 7.75], "texture": "#1"},
				"east": {"uv": [2.75, 7.75, 3, 8.25], "texture": "#1"},
				"south": {"uv": [5, 7.25, 5.375, 7.75], "texture": "#1"},
				"west": {"uv": [3.5, 7.75, 3.75, 8.25], "texture": "#1"},
				"up": {"uv": [8.125, 8, 7.75, 7.75], "texture": "#1"},
				"down": {"uv": [8.375, 0.25, 8, 0.5], "texture": "#1"}
			}
		},
		{
			"from": [7.25, -14, 9.5],
			"to": [8.75, -12, 10.5],
			"rotation": {"angle": 0, "axis": "y", "origin": [8, -6, 22]},
			"faces": {
				"north": {"uv": [5.375, 7.25, 5, 7.75], "texture": "#1"},
				"east": {"uv": [3, 7.75, 2.75, 8.25], "texture": "#1"},
				"south": {"uv": [4.875, 7.25, 4.5, 7.75], "texture": "#1"},
				"west": {"uv": [3.75, 7.75, 3.5, 8.25], "texture": "#1"},
				"up": {"uv": [8.125, 7.75, 7.75, 8], "texture": "#1"},
				"down": {"uv": [8.375, 0.5, 8, 0.25], "texture": "#1"}
			}
		},
		{
			"from": [6.75, -14, 6.5],
			"to": [9.25, -11, 9.5],
			"rotation": {"angle": 0, "axis": "y", "origin": [8, -6, -6]},
			"faces": {
				"north": {"uv": [5.25, 2.25, 5.875, 3], "texture": "#1"},
				"east": {"uv": [5, 4.25, 5.75, 5], "texture": "#1"},
				"south": {"uv": [5.25, 3, 5.875, 3.75], "texture": "#1"},
				"west": {"uv": [5, 5, 5.75, 5.75], "texture": "#1"},
				"up": {"uv": [4.875, 6, 4.25, 5.25], "texture": "#1"},
				"down": {"uv": [6.125, 0, 5.5, 0.75], "texture": "#1"}
			}
		},
		{
			"from": [6.5, -15, 6.25],
			"to": [9.5, -14, 9.75],
			"rotation": {"angle": 0, "axis": "y", "origin": [8, -6, -6]},
			"faces": {
				"north": {"uv": [5.5, 7.25, 6.25, 7.5], "texture": "#1"},
				"east": {"uv": [2, 7, 2.875, 7.25], "texture": "#1"},
				"south": {"uv": [7.25, 5.5, 8, 5.75], "texture": "#1"},
				"west": {"uv": [7, 4.75, 7.875, 5], "texture": "#1"},
				"up": {"uv": [5, 5.125, 4.25, 4.25], "texture": "#1"},
				"down": {"uv": [1.25, 5, 0.5, 5.875], "texture": "#1"}
			}
		},
		{
			"from": [9.25, -13.5, 7],
			"to": [10.25, -11.5, 9],
			"rotation": {"angle": 0, "axis": "y", "origin": [8, -6, -6]},
			"faces": {
				"north": {"uv": [7.75, 3.5, 8, 4], "texture": "#1"},
				"east": {"uv": [0.5, 7, 1, 7.5], "texture": "#1"},
				"south": {"uv": [3.75, 7.75, 4, 8.25], "texture": "#1"},
				"west": {"uv": [7, 0.5, 7.5, 1], "texture": "#1"},
				"up": {"uv": [4.25, 8.25, 4, 7.75], "texture": "#1"},
				"down": {"uv": [8, 4, 7.75, 4.5], "texture": "#1"}
			}
		},
		{
			"from": [5.75, -13.5, 7],
			"to": [6.75, -11.5, 9],
			"rotation": {"angle": 0, "axis": "y", "origin": [8, -6, -6]},
			"faces": {
				"north": {"uv": [8, 3.5, 7.75, 4], "texture": "#1"},
				"east": {"uv": [7.5, 0.5, 7, 1], "texture": "#1"},
				"south": {"uv": [4, 7.75, 3.75, 8.25], "texture": "#1"},
				"west": {"uv": [1, 7, 0.5, 7.5], "texture": "#1"},
				"up": {"uv": [4, 8.25, 4.25, 7.75], "texture": "#1"},
				"down": {"uv": [7.75, 4, 8, 4.5], "texture": "#1"}
			}
		},
		{
			"from": [7.5, 15.5, 4.5],
			"to": [8.5, 17.5, 5.5],
			"rotation": {"angle": 0, "axis": "y", "origin": [8, -6, -6]},
			"faces": {
				"north": {"uv": [2.75, 4.25, 3, 4.75], "texture": "#1"},
				"east": {"uv": [1, 6, 1.25, 6.5], "texture": "#1"},
				"south": {"uv": [6, 7.5, 6.25, 8], "texture": "#1"},
				"west": {"uv": [1.5, 7.75, 1.75, 8.25], "texture": "#1"},
				"up": {"uv": [3, 5, 2.75, 4.75], "texture": "#1"},
				"down": {"uv": [5, 6, 4.75, 6.25], "texture": "#1"}
			}
		},
		{
			"from": [7.5, 15.5, 10.5],
			"to": [8.5, 17.5, 11.5],
			"rotation": {"angle": 0, "axis": "y", "origin": [8, -6, 22]},
			"faces": {
				"north": {"uv": [6.25, 7.5, 6, 8], "texture": "#1"},
				"east": {"uv": [1.25, 6, 1, 6.5], "texture": "#1"},
				"south": {"uv": [3, 4.25, 2.75, 4.75], "texture": "#1"},
				"west": {"uv": [1.75, 7.75, 1.5, 8.25], "texture": "#1"},
				"up": {"uv": [3, 4.75, 2.75, 5], "texture": "#1"},
				"down": {"uv": [5, 6.25, 4.75, 6], "texture": "#1"}
			}
		},
		{
			"from": [10, 15, 7],
			"to": [12, 18, 9],
			"rotation": {"angle": -22.5, "axis": "z", "origin": [11, 15, 8]},
			"faces": {
				"north": {"uv": [0.5, 6, 1, 6.75], "texture": "#1"},
				"east": {"uv": [6, 2.25, 6.5, 3], "texture": "#1"},
				"south": {"uv": [6, 3, 6.5, 3.75], "texture": "#1"},
				"west": {"uv": [4.25, 6, 4.75, 6.75], "texture": "#1"},
				"up": {"uv": [6.25, 7, 5.75, 6.5], "texture": "#1"},
				"down": {"uv": [6.75, 6.5, 6.25, 7], "texture": "#1"}
			}
		},
		{
			"from": [11.14805, 17.77164, 6.75],
			"to": [13.14805, 20.27164, 9.25],
			"rotation": {"angle": 0, "axis": "y", "origin": [11, 15, 8]},
			"faces": {
				"north": {"uv": [3.75, 6.5, 4.25, 7.125], "texture": "#1"},
				"east": {"uv": [2.75, 5.75, 3.375, 6.375], "texture": "#1"},
				"south": {"uv": [4.75, 6.5, 5.25, 7.125], "texture": "#1"},
				"west": {"uv": [3.5, 5.75, 4.125, 6.375], "texture": "#1"},
				"up": {"uv": [7, 5.375, 6.5, 4.75], "texture": "#1"},
				"down": {"uv": [5.75, 6.5, 5.25, 7.125], "texture": "#1"}
			}
		},
		{
			"from": [11.14805, 20.27164, 7.25],
			"to": [12.64805, 21.27164, 8.75],
			"rotation": {"angle": 0, "axis": "y", "origin": [11, 15, 8]},
			"faces": {
				"north": {"uv": [0.5, 8, 0.875, 8.25], "texture": "#1"},
				"east": {"uv": [8, 0.5, 8.375, 0.75], "texture": "#1"},
				"south": {"uv": [1, 8, 1.375, 8.25], "texture": "#1"},
				"west": {"uv": [8, 2, 8.375, 2.25], "texture": "#1"},
				"up": {"uv": [8.125, 1.125, 7.75, 0.75], "texture": "#1"},
				"down": {"uv": [8.125, 1.25, 7.75, 1.625], "texture": "#1"}
			}
		},
		{
			"from": [4, 15, 7],
			"to": [6, 18, 9],
			"rotation": {"angle": 22.5, "axis": "z", "origin": [5, 15, 8]},
			"faces": {
				"north": {"uv": [1, 6, 0.5, 6.75], "texture": "#1"},
				"east": {"uv": [4.75, 6, 4.25, 6.75], "texture": "#1"},
				"south": {"uv": [6.5, 3, 6, 3.75], "texture": "#1"},
				"west": {"uv": [6.5, 2.25, 6, 3], "texture": "#1"},
				"up": {"uv": [5.75, 7, 6.25, 6.5], "texture": "#1"},
				"down": {"uv": [6.25, 6.5, 6.75, 7], "texture": "#1"}
			}
		},
		{
			"from": [2.85195, 17.77164, 6.75],
			"to": [4.85195, 20.27164, 9.25],
			"rotation": {"angle": 0, "axis": "y", "origin": [5, 15, 8]},
			"faces": {
				"north": {"uv": [4.25, 6.5, 3.75, 7.125], "texture": "#1"},
				"east": {"uv": [4.125, 5.75, 3.5, 6.375], "texture": "#1"},
				"south": {"uv": [5.25, 6.5, 4.75, 7.125], "texture": "#1"},
				"west": {"uv": [3.375, 5.75, 2.75, 6.375], "texture": "#1"},
				"up": {"uv": [6.5, 5.375, 7, 4.75], "texture": "#1"},
				"down": {"uv": [5.25, 6.5, 5.75, 7.125], "texture": "#1"}
			}
		},
		{
			"from": [3.35195, 20.27164, 7.25],
			"to": [4.85195, 21.27164, 8.75],
			"rotation": {"angle": 0, "axis": "y", "origin": [5, 15, 8]},
			"faces": {
				"north": {"uv": [0.875, 8, 0.5, 8.25], "texture": "#1"},
				"east": {"uv": [8.375, 2, 8, 2.25], "texture": "#1"},
				"south": {"uv": [1.375, 8, 1, 8.25], "texture": "#1"},
				"west": {"uv": [8.375, 0.5, 8, 0.75], "texture": "#1"},
				"up": {"uv": [7.75, 1.125, 8.125, 0.75], "texture": "#1"},
				"down": {"uv": [7.75, 1.25, 8.125, 1.625], "texture": "#1"}
			}
		},
		{
			"from": [0, 11, 8.5],
			"to": [16, 27, 8.5],
			"rotation": {"angle": 0, "axis": "y", "origin": [8, 22, 8]},
			"faces": {
				"north": {"uv": [0, 0, 16, 16], "texture": "#2"},
				"south": {"uv": [16, 0, 0, 16], "texture": "#2"}
			}
		},
		{
			"from": [5.25, 14, 5.25],
			"to": [10.75, 15, 10.75],
			"rotation": {"angle": 0, "axis": "y", "origin": [8, -6, -6]},
			"faces": {
				"north": {"uv": [12, 12, 16, 16], "texture": "#3"},
				"east": {"uv": [12, 12, 16, 16], "texture": "#3"},
				"south": {"uv": [12, 12, 16, 16], "texture": "#3"},
				"west": {"uv": [12, 12, 16, 16], "texture": "#3"}
			}
		},
		{
			"from": [5.25, 14, 5.25],
			"to": [10.75, 15, 10.75],
			"rotation": {"angle": 0, "axis": "y", "origin": [8, -6, -6]},
			"faces": {
				"north": {"uv": [0, 12, 4, 16], "texture": "#3"},
				"east": {"uv": [0, 12, 4, 16], "texture": "#3"},
				"south": {"uv": [0, 12, 4, 16], "texture": "#3"},
				"west": {"uv": [0, 12, 4, 16], "texture": "#3"}
			}
		},
		{
			"from": [5.5, 14, 5.5],
			"to": [10.5, 15, 10.5],
			"rotation": {"angle": 0, "axis": "y", "origin": [8, -6, -6]},
			"faces": {
				"north": {"uv": [12, 0, 16, 4], "texture": "#3"},
				"east": {"uv": [12, 0, 16, 4], "texture": "#3"},
				"south": {"uv": [12, 0, 16, 4], "texture": "#3"},
				"west": {"uv": [12, 0, 16, 4], "texture": "#3"}
			}
		},
		{
			"from": [5.75, 14, 5.75],
			"to": [10.25, 15, 10.25],
			"rotation": {"angle": 0, "axis": "y", "origin": [8, -6, -6]},
			"faces": {
				"north": {"uv": [0, 0, 4, 4], "texture": "#3"},
				"east": {"uv": [0, 0, 4, 4], "texture": "#3"},
				"south": {"uv": [0, 0, 4, 4], "texture": "#3"},
				"west": {"uv": [0, 0, 4, 4], "texture": "#3"}
			}
		}
	],
	"display": {
		"thirdperson_righthand": {
			"rotation": [0, 90, 0],
			"translation": [0, 5, 1.5],
			"scale": [0.65, 0.65, 0.65]
		},
		"thirdperson_lefthand": {
			"rotation": [0, 90, 0],
			"translation": [0, 5, 1.5],
			"scale": [0.65, 0.65, 0.65]
		},
		"firstperson_righthand": {
			"rotation": [0, 90, 20],
			"translation": [1.25, 2.75, 0],
			"scale": [0.35, 0.35, 0.35]
		},
		"firstperson_lefthand": {
			"rotation": [0, 90, 20],
			"translation": [1.25, 2.75, 0],
			"scale": [0.35, 0.35, 0.35]
		},
		"ground": {
			"translation": [0, 4.75, 0],
			"scale": [0.4, 0.4, 0.4]
		},
		"gui": {
			"rotation": [0, -180, 45],
			"translation": [0, 0, -0.5],
			"scale": [0.58, 0.58, 0.58]
		},
		"head": {
			"translation": [0, 12.5, 0]
		},
		"fixed": {
			"rotation": [0, 0, 45],
			"translation": [-1.25, 1.5, 0],
			"scale": [0.7, 0.7, 0.7]
		}
	},
	"groups": [
		{
			"name": "group",
			"origin": [8, 25, 22],
			"color": 0,
			"children": [
				0,
				1,
				2,
				3,
				4,
				5,
				6,
				7,
				8,
				9,
				10,
				11,
				12,
				13,
				14,
				{
					"name": "group",
					"origin": [9.5, 13.5, 8],
					"color": 0,
					"children": [15, 16]
				},
				17,
				18,
				19,
				20,
				21,
				22,
				23,
				24,
				25,
				26,
				27,
				28,
				29,
				30,
				31,
				32,
				33,
				34,
				35,
				36,
				37,
				{
					"name": "group",
					"origin": [11, 15, 8],
					"color": 0,
					"children": [38, 39, 40]
				},
				{
					"name": "group",
					"origin": [11, 15, 8],
					"color": 0,
					"children": [41, 42, 43]
				}
			]
		},
		{
			"name": "group",
			"origin": [8, 8, 8],
			"color": 0,
			"children": [44]
		},
		{
			"name": "group",
			"origin": [8, -6, -6],
			"color": 0,
			"children": [45, 46, 47, 48]
		}
	]
}