{
	"credit": "Made with Blockbench",
	"texture_size": [32, 32],
	"textures": {
		"2": "item/wands/lightning/lighting_animation",
		"3": "item/wands/lightning/lighting_animation_2",
		"4": "item/wands/lightning/lighting_wand"
	},
	"elements": [
		{
			"from": [5.5, 16, 5.5],
			"to": [10.5, 19, 10.5],
			"rotation": {"angle": 0, "axis": "y", "origin": [8, -6, -6]},
			"faces": {
				"north": {"uv": [8.5, 0, 11, 1.5], "texture": "#4"},
				"east": {"uv": [8.5, 1.5, 11, 3], "texture": "#4"},
				"south": {"uv": [3, 8.5, 5.5, 10], "texture": "#4"},
				"west": {"uv": [8.5, 3, 11, 4.5], "texture": "#4"},
				"up": {"uv": [8.5, 2.5, 6, 0], "texture": "#4"},
				"down": {"uv": [8.5, 2.5, 6, 5], "texture": "#4"}
			}
		},
		{
			"from": [6.5, 19, 6.5],
			"to": [9.5, 21, 9.5],
			"rotation": {"angle": 0, "axis": "y", "origin": [8, -6, -6]},
			"faces": {
				"north": {"uv": [12, 9, 13.5, 10], "texture": "#4"},
				"east": {"uv": [12, 10, 13.5, 11], "texture": "#4"},
				"south": {"uv": [12, 11, 13.5, 12], "texture": "#4"},
				"west": {"uv": [12, 12, 13.5, 13], "texture": "#4"},
				"up": {"uv": [7.5, 11.5, 6, 10], "texture": "#4"},
				"down": {"uv": [12, 4.5, 10.5, 6], "texture": "#4"}
			}
		},
		{
			"from": [5, 15, 5],
			"to": [11, 16, 11],
			"rotation": {"angle": 0, "axis": "y", "origin": [8, -6, -6]},
			"faces": {
				"north": {"uv": [12, 7.5, 15, 8], "texture": "#4"},
				"east": {"uv": [12, 8, 15, 8.5], "texture": "#4"},
				"south": {"uv": [12, 8.5, 15, 9], "texture": "#4"},
				"west": {"uv": [9, 12, 12, 12.5], "texture": "#4"},
				"up": {"uv": [3, 3, 0, 0], "texture": "#4"},
				"down": {"uv": [3, 3, 0, 6], "texture": "#4"}
			}
		},
		{
			"from": [10, 15, 7.5],
			"to": [11, 19, 8.5],
			"rotation": {"angle": -22.5, "axis": "z", "origin": [11, 16, 8]},
			"faces": {
				"north": {"uv": [5.5, 12, 6, 14], "texture": "#4"},
				"east": {"uv": [11, 12.5, 11.5, 14.5], "texture": "#4"},
				"south": {"uv": [11.5, 12.5, 12, 14.5], "texture": "#4"},
				"west": {"uv": [6, 13, 6.5, 15], "texture": "#4"},
				"up": {"uv": [10, 15, 9.5, 14.5], "texture": "#4"},
				"down": {"uv": [15, 9.5, 14.5, 10], "texture": "#4"}
			}
		},
		{
			"from": [9, 19, 7.5],
			"to": [11, 20, 8.5],
			"rotation": {"angle": -22.5, "axis": "z", "origin": [11, 16, 8]},
			"faces": {
				"north": {"uv": [1, 14.5, 2, 15], "texture": "#4"},
				"east": {"uv": [10, 14.5, 10.5, 15], "texture": "#4"},
				"south": {"uv": [2, 14.5, 3, 15], "texture": "#4"},
				"west": {"uv": [10.5, 14.5, 11, 15], "texture": "#4"},
				"up": {"uv": [15.5, 2.5, 14.5, 2], "texture": "#4"},
				"down": {"uv": [15.5, 2.5, 14.5, 3], "texture": "#4"}
			}
		},
		{
			"from": [7.5, 15, 10],
			"to": [8.5, 19, 11],
			"rotation": {"angle": 22.5, "axis": "x", "origin": [8, 16, 11]},
			"faces": {
				"north": {"uv": [6, 13, 6.5, 15], "texture": "#4"},
				"east": {"uv": [5.5, 12, 6, 14], "texture": "#4"},
				"south": {"uv": [11, 12.5, 11.5, 14.5], "texture": "#4"},
				"west": {"uv": [11.5, 12.5, 12, 14.5], "texture": "#4"},
				"up": {"uv": [10, 15, 9.5, 14.5], "rotation": 90, "texture": "#4"},
				"down": {"uv": [15, 9.5, 14.5, 10], "rotation": 270, "texture": "#4"}
			}
		},
		{
			"from": [7.5, 19, 9],
			"to": [8.5, 20, 11],
			"rotation": {"angle": 22.5, "axis": "x", "origin": [8, 16, 11]},
			"faces": {
				"north": {"uv": [10.5, 14.5, 11, 15], "texture": "#4"},
				"east": {"uv": [1, 14.5, 2, 15], "texture": "#4"},
				"south": {"uv": [10, 14.5, 10.5, 15], "texture": "#4"},
				"west": {"uv": [2, 14.5, 3, 15], "texture": "#4"},
				"up": {"uv": [15.5, 2.5, 14.5, 2], "rotation": 90, "texture": "#4"},
				"down": {"uv": [15.5, 2.5, 14.5, 3], "rotation": 270, "texture": "#4"}
			}
		},
		{
			"from": [5, 15, 7.5],
			"to": [6, 19, 8.5],
			"rotation": {"angle": 22.5, "axis": "z", "origin": [5, 16, 8]},
			"faces": {
				"north": {"uv": [6, 12, 5.5, 14], "texture": "#4"},
				"east": {"uv": [6.5, 13, 6, 15], "texture": "#4"},
				"south": {"uv": [12, 12.5, 11.5, 14.5], "texture": "#4"},
				"west": {"uv": [11.5, 12.5, 11, 14.5], "texture": "#4"},
				"up": {"uv": [9.5, 15, 10, 14.5], "texture": "#4"},
				"down": {"uv": [14.5, 9.5, 15, 10], "texture": "#4"}
			}
		},
		{
			"from": [5, 19, 7.5],
			"to": [7, 20, 8.5],
			"rotation": {"angle": 22.5, "axis": "z", "origin": [5, 16, 8]},
			"faces": {
				"north": {"uv": [2, 14.5, 1, 15], "texture": "#4"},
				"east": {"uv": [11, 14.5, 10.5, 15], "texture": "#4"},
				"south": {"uv": [3, 14.5, 2, 15], "texture": "#4"},
				"west": {"uv": [10.5, 14.5, 10, 15], "texture": "#4"},
				"up": {"uv": [14.5, 2.5, 15.5, 2], "texture": "#4"},
				"down": {"uv": [14.5, 2.5, 15.5, 3], "texture": "#4"}
			}
		},
		{
			"from": [7.5, 15, 5],
			"to": [8.5, 19, 6],
			"rotation": {"angle": -22.5, "axis": "x", "origin": [8, 16, 5]},
			"faces": {
				"north": {"uv": [11.5, 12.5, 11, 14.5], "texture": "#4"},
				"east": {"uv": [6, 12, 5.5, 14], "texture": "#4"},
				"south": {"uv": [6.5, 13, 6, 15], "texture": "#4"},
				"west": {"uv": [12, 12.5, 11.5, 14.5], "texture": "#4"},
				"up": {"uv": [9.5, 15, 10, 14.5], "rotation": 90, "texture": "#4"},
				"down": {"uv": [14.5, 9.5, 15, 10], "rotation": 270, "texture": "#4"}
			}
		},
		{
			"from": [7.5, 19, 5],
			"to": [8.5, 20, 7],
			"rotation": {"angle": -22.5, "axis": "x", "origin": [8, 16, 5]},
			"faces": {
				"north": {"uv": [10.5, 14.5, 10, 15], "texture": "#4"},
				"east": {"uv": [2, 14.5, 1, 15], "texture": "#4"},
				"south": {"uv": [11, 14.5, 10.5, 15], "texture": "#4"},
				"west": {"uv": [3, 14.5, 2, 15], "texture": "#4"},
				"up": {"uv": [14.5, 2.5, 15.5, 2], "rotation": 90, "texture": "#4"},
				"down": {"uv": [14.5, 2.5, 15.5, 3], "rotation": 270, "texture": "#4"}
			}
		},
		{
			"from": [6, 14, 6],
			"to": [10, 15, 10],
			"rotation": {"angle": 0, "axis": "y", "origin": [8, -6, -6]},
			"faces": {
				"north": {"uv": [12.5, 2, 14.5, 2.5], "texture": "#4"},
				"east": {"uv": [12.5, 2.5, 14.5, 3], "texture": "#4"},
				"south": {"uv": [12.5, 3, 14.5, 3.5], "texture": "#4"},
				"west": {"uv": [12.5, 3.5, 14.5, 4], "texture": "#4"},
				"up": {"uv": [3, 8, 1, 6], "texture": "#4"},
				"down": {"uv": [3, 8, 1, 10], "texture": "#4"}
			}
		},
		{
			"from": [5.5, 13, 5.5],
			"to": [10.5, 14, 10.5],
			"rotation": {"angle": 0, "axis": "y", "origin": [8, -6, -6]},
			"faces": {
				"north": {"uv": [12.5, 0, 15, 0.5], "texture": "#4"},
				"east": {"uv": [12.5, 0.5, 15, 1], "texture": "#4"},
				"south": {"uv": [12.5, 1, 15, 1.5], "texture": "#4"},
				"west": {"uv": [12.5, 1.5, 15, 2], "texture": "#4"},
				"up": {"uv": [8.5, 7.5, 6, 5], "texture": "#4"},
				"down": {"uv": [8.5, 7.5, 6, 10], "texture": "#4"}
			}
		},
		{
			"from": [6.5, 10.5, 6.5],
			"to": [9.5, 13, 9.5],
			"rotation": {"angle": 0, "axis": "y", "origin": [8, -6, -6]},
			"faces": {
				"north": {"uv": [10.5, 9, 12, 10.25], "texture": "#4"},
				"east": {"uv": [10.5, 10.5, 12, 11.75], "texture": "#4"},
				"south": {"uv": [11, 0, 12.5, 1.25], "texture": "#4"},
				"west": {"uv": [11, 1.5, 12.5, 2.75], "texture": "#4"},
				"up": {"uv": [12, 7.5, 10.5, 6], "texture": "#4"},
				"down": {"uv": [9, 10.5, 7.5, 12], "texture": "#4"}
			}
		},
		{
			"from": [6.25, 9.5, 5.5],
			"to": [9.75, 13, 6.5],
			"rotation": {"angle": 0, "axis": "y", "origin": [8, -6, -6]},
			"faces": {
				"north": {"uv": [8.5, 8.5, 10.25, 10.25], "texture": "#4"},
				"east": {"uv": [8.5, 13.5, 9, 15.25], "texture": "#4"},
				"south": {"uv": [1, 10, 2.75, 11.75], "texture": "#4"},
				"west": {"uv": [9, 13.5, 9.5, 15.25], "texture": "#4"},
				"up": {"uv": [15.25, 7, 13.5, 6.5], "texture": "#4"},
				"down": {"uv": [15.25, 7, 13.5, 7.5], "texture": "#4"}
			}
		},
		{
			"from": [9.5, 11.5, 7.5],
			"to": [12.5, 12.5, 8.5],
			"rotation": {"angle": 0, "axis": "y", "origin": [8, -6, -6]},
			"faces": {
				"north": {"uv": [13.5, 11, 15, 11.5], "texture": "#4"},
				"east": {"uv": [5.5, 9.5, 6, 10], "texture": "#4"},
				"south": {"uv": [13.5, 11.5, 15, 12], "texture": "#4"},
				"west": {"uv": [14.5, 9, 15, 9.5], "texture": "#4"},
				"up": {"uv": [15, 12.5, 13.5, 12], "texture": "#4"},
				"down": {"uv": [15, 12.5, 13.5, 13], "texture": "#4"}
			}
		},
		{
			"from": [10.5, 11, 7],
			"to": [11.5, 13, 9],
			"rotation": {"angle": 0, "axis": "y", "origin": [8, -6, -6]},
			"faces": {
				"north": {"uv": [5.5, 8.5, 6, 9.5], "texture": "#4"},
				"east": {"uv": [9, 12.5, 10, 13.5], "texture": "#4"},
				"south": {"uv": [10.5, 13.5, 11, 14.5], "texture": "#4"},
				"west": {"uv": [10, 12.5, 11, 13.5], "texture": "#4"},
				"up": {"uv": [6, 15, 5.5, 14], "texture": "#4"},
				"down": {"uv": [8.5, 14, 8, 15], "texture": "#4"}
			}
		},
		{
			"from": [12.5, 11, 7],
			"to": [13.5, 13, 9],
			"rotation": {"angle": 0, "axis": "y", "origin": [8, -6, -6]},
			"faces": {
				"north": {"uv": [5.5, 8.5, 6, 9.5], "texture": "#4"},
				"east": {"uv": [9, 12.5, 10, 13.5], "texture": "#4"},
				"south": {"uv": [10.5, 13.5, 11, 14.5], "texture": "#4"},
				"west": {"uv": [10, 12.5, 11, 13.5], "texture": "#4"},
				"up": {"uv": [6, 15, 5.5, 14], "texture": "#4"},
				"down": {"uv": [8.5, 14, 8, 15], "texture": "#4"}
			}
		},
		{
			"from": [9.25, 9.5, 7.75],
			"to": [12.25, 10, 8.25],
			"rotation": {"angle": 45, "axis": "z", "origin": [9.25, 9.5, 8]},
			"faces": {
				"north": {"uv": [14.5, 3.5, 16, 3.75], "texture": "#4"},
				"east": {"uv": [11, 14.5, 11.25, 14.75], "texture": "#4"},
				"south": {"uv": [4, 14.5, 5.5, 14.75], "texture": "#4"},
				"west": {"uv": [11.5, 14.5, 11.75, 14.75], "texture": "#4"},
				"up": {"uv": [16, 4.25, 14.5, 4], "texture": "#4"},
				"down": {"uv": [8, 14.5, 6.5, 14.75], "texture": "#4"}
			}
		},
		{
			"from": [3.5, 11.5, 7.5],
			"to": [6.5, 12.5, 8.5],
			"rotation": {"angle": 0, "axis": "y", "origin": [8, -6, -6]},
			"faces": {
				"north": {"uv": [15, 11, 13.5, 11.5], "texture": "#4"},
				"east": {"uv": [15, 9, 14.5, 9.5], "texture": "#4"},
				"south": {"uv": [15, 11.5, 13.5, 12], "texture": "#4"},
				"west": {"uv": [6, 9.5, 5.5, 10], "texture": "#4"},
				"up": {"uv": [13.5, 12.5, 15, 12], "texture": "#4"},
				"down": {"uv": [13.5, 12.5, 15, 13], "texture": "#4"}
			}
		},
		{
			"from": [4.5, 11, 7],
			"to": [5.5, 13, 9],
			"rotation": {"angle": 0, "axis": "y", "origin": [8, -6, -6]},
			"faces": {
				"north": {"uv": [6, 8.5, 5.5, 9.5], "texture": "#4"},
				"east": {"uv": [11, 12.5, 10, 13.5], "texture": "#4"},
				"south": {"uv": [11, 13.5, 10.5, 14.5], "texture": "#4"},
				"west": {"uv": [10, 12.5, 9, 13.5], "texture": "#4"},
				"up": {"uv": [5.5, 15, 6, 14], "texture": "#4"},
				"down": {"uv": [8, 14, 8.5, 15], "texture": "#4"}
			}
		},
		{
			"from": [2.5, 11, 7],
			"to": [3.5, 13, 9],
			"rotation": {"angle": 0, "axis": "y", "origin": [8, -6, -6]},
			"faces": {
				"north": {"uv": [6, 8.5, 5.5, 9.5], "texture": "#4"},
				"east": {"uv": [11, 12.5, 10, 13.5], "texture": "#4"},
				"south": {"uv": [11, 13.5, 10.5, 14.5], "texture": "#4"},
				"west": {"uv": [10, 12.5, 9, 13.5], "texture": "#4"},
				"up": {"uv": [5.5, 15, 6, 14], "texture": "#4"},
				"down": {"uv": [8, 14, 8.5, 15], "texture": "#4"}
			}
		},
		{
			"from": [3.75, 9.5, 7.75],
			"to": [6.75, 10, 8.25],
			"rotation": {"angle": -45, "axis": "z", "origin": [6.75, 9.5, 8]},
			"faces": {
				"north": {"uv": [16, 3.5, 14.5, 3.75], "texture": "#4"},
				"east": {"uv": [11.75, 14.5, 11.5, 14.75], "texture": "#4"},
				"south": {"uv": [5.5, 14.5, 4, 14.75], "texture": "#4"},
				"west": {"uv": [11.25, 14.5, 11, 14.75], "texture": "#4"},
				"up": {"uv": [14.5, 4.25, 16, 4], "texture": "#4"},
				"down": {"uv": [6.5, 14.5, 8, 14.75], "texture": "#4"}
			}
		},
		{
			"from": [6.75, 9, 6.75],
			"to": [9.25, 10.5, 9.25],
			"rotation": {"angle": 0, "axis": "y", "origin": [8, -6, -6]},
			"faces": {
				"north": {"uv": [12, 13, 13.25, 13.75], "texture": "#4"},
				"east": {"uv": [1, 13.5, 2.25, 14.25], "texture": "#4"},
				"south": {"uv": [2.5, 13.5, 3.75, 14.25], "texture": "#4"},
				"west": {"uv": [4, 13.5, 5.25, 14.25], "texture": "#4"},
				"up": {"uv": [5.25, 13.25, 4, 12], "texture": "#4"},
				"down": {"uv": [13.25, 4.5, 12, 5.75], "texture": "#4"}
			}
		},
		{
			"from": [6.25, 8, 6.25],
			"to": [9.75, 9, 9.75],
			"rotation": {"angle": 0, "axis": "y", "origin": [8, -6, -6]},
			"faces": {
				"north": {"uv": [13.5, 5, 15.25, 5.5], "texture": "#4"},
				"east": {"uv": [13.5, 5.5, 15.25, 6], "texture": "#4"},
				"south": {"uv": [13.5, 6, 15.25, 6.5], "texture": "#4"},
				"west": {"uv": [6.5, 13.5, 8.25, 14], "texture": "#4"},
				"up": {"uv": [10.25, 6.25, 8.5, 4.5], "texture": "#4"},
				"down": {"uv": [10.25, 6.5, 8.5, 8.25], "texture": "#4"}
			}
		},
		{
			"from": [6.25, 6.5, 6.25],
			"to": [9.75, 7.5, 9.75],
			"rotation": {"angle": 0, "axis": "y", "origin": [8, -6, -6]},
			"faces": {
				"north": {"uv": [13.5, 5, 15.25, 5.5], "texture": "#4"},
				"east": {"uv": [13.5, 5.5, 15.25, 6], "texture": "#4"},
				"south": {"uv": [13.5, 6, 15.25, 6.5], "texture": "#4"},
				"west": {"uv": [6.5, 13.5, 8.25, 14], "texture": "#4"},
				"up": {"uv": [10.25, 6.25, 8.5, 4.5], "texture": "#4"},
				"down": {"uv": [10.25, 6.5, 8.5, 8.25], "texture": "#4"}
			}
		},
		{
			"from": [6.25, -6.5, 6.25],
			"to": [9.75, -5.5, 9.75],
			"rotation": {"angle": 0, "axis": "y", "origin": [8, 22, -6]},
			"faces": {
				"north": {"uv": [13.5, 5.5, 15.25, 5], "texture": "#4"},
				"east": {"uv": [13.5, 6, 15.25, 5.5], "texture": "#4"},
				"south": {"uv": [13.5, 6.5, 15.25, 6], "texture": "#4"},
				"west": {"uv": [6.5, 14, 8.25, 13.5], "texture": "#4"},
				"up": {"uv": [10.25, 8.25, 8.5, 6.5], "texture": "#4"},
				"down": {"uv": [10.25, 4.5, 8.5, 6.25], "texture": "#4"}
			}
		},
		{
			"from": [6.25, -8, 6.25],
			"to": [9.75, -7, 9.75],
			"rotation": {"angle": 0, "axis": "y", "origin": [8, 22, -6]},
			"faces": {
				"north": {"uv": [13.5, 5.5, 15.25, 5], "texture": "#4"},
				"east": {"uv": [13.5, 6, 15.25, 5.5], "texture": "#4"},
				"south": {"uv": [13.5, 6.5, 15.25, 6], "texture": "#4"},
				"west": {"uv": [6.5, 14, 8.25, 13.5], "texture": "#4"},
				"up": {"uv": [10.25, 8.25, 8.5, 6.5], "texture": "#4"},
				"down": {"uv": [10.25, 4.5, 8.5, 6.25], "texture": "#4"}
			}
		},
		{
			"from": [7.25, -9, 7.25],
			"to": [8.75, 8, 8.75],
			"rotation": {"angle": 0, "axis": "y", "origin": [8, -6, -6]},
			"faces": {
				"north": {"uv": [3, 0, 3.75, 8.5], "texture": "#4"},
				"east": {"uv": [4, 0, 4.75, 8.5], "texture": "#4"},
				"south": {"uv": [5, 0, 5.75, 8.5], "texture": "#4"},
				"west": {"uv": [0, 6, 0.75, 14.5], "texture": "#4"},
				"up": {"uv": [14.25, 14.75, 13.5, 14], "texture": "#4"},
				"down": {"uv": [0.75, 14.5, 0, 15.25], "texture": "#4"}
			}
		},
		{
			"from": [6.75, -10, 6.75],
			"to": [9.25, -9, 9.25],
			"rotation": {"angle": 0, "axis": "y", "origin": [8, -6, -6]},
			"faces": {
				"north": {"uv": [13.5, 13, 14.75, 13.5], "texture": "#4"},
				"east": {"uv": [13.5, 13.5, 14.75, 14], "texture": "#4"},
				"south": {"uv": [6.5, 14, 7.75, 14.5], "texture": "#4"},
				"west": {"uv": [12, 14, 13.25, 14.5], "texture": "#4"},
				"up": {"uv": [13.25, 7.25, 12, 6], "texture": "#4"},
				"down": {"uv": [8.75, 12, 7.5, 13.25], "texture": "#4"}
			}
		},
		{
			"from": [7.25, -11, 7],
			"to": [8.75, -10, 9],
			"rotation": {"angle": 0, "axis": "y", "origin": [8, -6, -6]},
			"faces": {
				"north": {"uv": [3, 14.5, 3.75, 15], "texture": "#4"},
				"east": {"uv": [7.5, 10, 8.5, 10.5], "texture": "#4"},
				"south": {"uv": [14.5, 3, 15.25, 3.5], "texture": "#4"},
				"west": {"uv": [6.5, 13, 7.5, 13.5], "texture": "#4"},
				"up": {"uv": [14.25, 10, 13.5, 9], "texture": "#4"},
				"down": {"uv": [10.25, 13.5, 9.5, 14.5], "texture": "#4"}
			}
		},
		{
			"from": [6.75, -14, 6.5],
			"to": [9.25, -11, 9.5],
			"rotation": {"angle": 0, "axis": "y", "origin": [8, -6, -6]},
			"faces": {
				"north": {"uv": [11, 3, 12.25, 4.5], "texture": "#4"},
				"east": {"uv": [10.5, 7.5, 12, 9], "texture": "#4"},
				"south": {"uv": [6, 11.5, 7.25, 13], "texture": "#4"},
				"west": {"uv": [9, 10.5, 10.5, 12], "texture": "#4"},
				"up": {"uv": [2.25, 13.5, 1, 12], "texture": "#4"},
				"down": {"uv": [3.75, 12, 2.5, 13.5], "texture": "#4"}
			}
		},
		{
			"from": [6.5, -15, 6.25],
			"to": [9.5, -14, 9.75],
			"rotation": {"angle": 0, "axis": "y", "origin": [8, -6, -6]},
			"faces": {
				"north": {"uv": [13.5, 10, 15, 10.5], "texture": "#4"},
				"east": {"uv": [12.5, 4, 14.25, 4.5], "texture": "#4"},
				"south": {"uv": [13.5, 10.5, 15, 11], "texture": "#4"},
				"west": {"uv": [13.5, 4.5, 15.25, 5], "texture": "#4"},
				"up": {"uv": [4.5, 11.75, 3, 10], "texture": "#4"},
				"down": {"uv": [6, 10, 4.5, 11.75], "texture": "#4"}
			}
		},
		{
			"from": [0, 9, 8.5],
			"to": [16, 25, 8.5],
			"rotation": {"angle": 0, "axis": "y", "origin": [8, 22, 8]},
			"faces": {
				"north": {"uv": [0, 0, 16, 16], "texture": "#2"},
				"south": {"uv": [0, 0, 16, 16], "texture": "#2"}
			}
		},
		{
			"from": [5, 7, 5],
			"to": [11, 8, 5],
			"rotation": {"angle": 0, "axis": "y", "origin": [8, -6, -6]},
			"faces": {
				"north": {"uv": [8, 8, 16, 16], "texture": "#3"},
				"east": {"uv": [8, 8, 16, 16], "texture": "#3"},
				"south": {"uv": [8, 8, 16, 16], "texture": "#3"},
				"west": {"uv": [8, 8, 16, 16], "texture": "#3"}
			}
		},
		{
			"from": [5, 7, 11],
			"to": [11, 8, 11],
			"rotation": {"angle": 0, "axis": "y", "origin": [8, -6, -6]},
			"faces": {
				"north": {"uv": [8, 8, 16, 16], "texture": "#3"},
				"east": {"uv": [8, 8, 16, 16], "texture": "#3"},
				"south": {"uv": [8, 8, 16, 16], "texture": "#3"},
				"west": {"uv": [8, 8, 16, 16], "texture": "#3"}
			}
		},
		{
			"from": [5, 7, 5],
			"to": [5, 8, 11],
			"rotation": {"angle": 0, "axis": "y", "origin": [8, -6, -6]},
			"faces": {
				"north": {"uv": [8, 8, 16, 16], "texture": "#3"},
				"east": {"uv": [8, 8, 16, 16], "texture": "#3"},
				"south": {"uv": [8, 8, 16, 16], "texture": "#3"},
				"west": {"uv": [8, 8, 16, 16], "texture": "#3"}
			}
		},
		{
			"from": [11, 7, 5],
			"to": [11, 8, 11],
			"rotation": {"angle": 0, "axis": "y", "origin": [8, -6, -6]},
			"faces": {
				"north": {"uv": [8, 8, 16, 16], "texture": "#3"},
				"east": {"uv": [8, 8, 16, 16], "texture": "#3"},
				"south": {"uv": [8, 8, 16, 16], "texture": "#3"},
				"west": {"uv": [8, 8, 16, 16], "texture": "#3"}
			}
		},
		{
			"from": [10.75, 7, 5.25],
			"to": [10.75, 8, 10.75],
			"rotation": {"angle": 0, "axis": "y", "origin": [8, -6, -6]},
			"faces": {
				"north": {"uv": [0, 8, 8, 16], "texture": "#3"},
				"east": {"uv": [0, 8, 8, 16], "texture": "#3"},
				"south": {"uv": [0, 8, 8, 16], "texture": "#3"},
				"west": {"uv": [0, 8, 8, 16], "texture": "#3"}
			}
		},
		{
			"from": [5.25, 7, 5.25],
			"to": [10.75, 8, 5.25],
			"rotation": {"angle": 0, "axis": "y", "origin": [8, -6, -6]},
			"faces": {
				"north": {"uv": [0, 8, 8, 16], "texture": "#3"},
				"east": {"uv": [0, 8, 8, 16], "texture": "#3"},
				"south": {"uv": [0, 8, 8, 16], "texture": "#3"},
				"west": {"uv": [0, 8, 8, 16], "texture": "#3"}
			}
		},
		{
			"from": [5.25, 7, 5.25],
			"to": [5.25, 8, 10.75],
			"rotation": {"angle": 0, "axis": "y", "origin": [8, -6, -6]},
			"faces": {
				"north": {"uv": [0, 8, 8, 16], "texture": "#3"},
				"east": {"uv": [0, 8, 8, 16], "texture": "#3"},
				"south": {"uv": [0, 8, 8, 16], "texture": "#3"},
				"west": {"uv": [0, 8, 8, 16], "texture": "#3"}
			}
		},
		{
			"from": [5.25, 7, 10.75],
			"to": [10.75, 8, 10.75],
			"rotation": {"angle": 0, "axis": "y", "origin": [8, -6, -6]},
			"faces": {
				"north": {"uv": [0, 8, 8, 16], "texture": "#3"},
				"east": {"uv": [0, 8, 8, 16], "texture": "#3"},
				"south": {"uv": [0, 8, 8, 16], "texture": "#3"},
				"west": {"uv": [0, 8, 8, 16], "texture": "#3"}
			}
		},
		{
			"from": [10.5, 7, 5.5],
			"to": [10.5, 8, 10.5],
			"rotation": {"angle": 0, "axis": "y", "origin": [8, -6, -6]},
			"faces": {
				"north": {"uv": [8, 0, 16, 8], "texture": "#3"},
				"east": {"uv": [8, 0, 16, 8], "texture": "#3"},
				"south": {"uv": [8, 0, 16, 8], "texture": "#3"},
				"west": {"uv": [8, 0, 16, 8], "texture": "#3"}
			}
		},
		{
			"from": [5.5, 7, 5.5],
			"to": [10.5, 8, 10.5],
			"rotation": {"angle": 0, "axis": "y", "origin": [8, -6, -6]},
			"faces": {
				"north": {"uv": [8, 0, 16, 8], "texture": "#3"},
				"east": {"uv": [8, 0, 16, 8], "texture": "#3"},
				"south": {"uv": [8, 0, 16, 8], "texture": "#3"},
				"west": {"uv": [8, 0, 16, 8], "texture": "#3"}
			}
		},
		{
			"from": [5.5, 7, 5.5],
			"to": [10.5, 8, 5.5],
			"rotation": {"angle": 0, "axis": "y", "origin": [8, -6, -6]},
			"faces": {
				"north": {"uv": [8, 0, 16, 8], "texture": "#3"},
				"east": {"uv": [8, 0, 16, 8], "texture": "#3"},
				"south": {"uv": [8, 0, 16, 8], "texture": "#3"},
				"west": {"uv": [8, 0, 16, 8], "texture": "#3"}
			}
		},
		{
			"from": [5.5, 7, 10.5],
			"to": [10.5, 8, 10.5],
			"rotation": {"angle": 0, "axis": "y", "origin": [8, -6, -6]},
			"faces": {
				"north": {"uv": [8, 0, 16, 8], "texture": "#3"},
				"east": {"uv": [8, 0, 16, 8], "texture": "#3"},
				"south": {"uv": [8, 0, 16, 8], "texture": "#3"},
				"west": {"uv": [8, 0, 16, 8], "texture": "#3"}
			}
		},
		{
			"from": [5.5, 7, 5.5],
			"to": [5.5, 8, 10.5],
			"rotation": {"angle": 0, "axis": "y", "origin": [8, -6, -6]},
			"faces": {
				"north": {"uv": [8, 0, 16, 8], "texture": "#3"},
				"east": {"uv": [8, 0, 16, 8], "texture": "#3"},
				"south": {"uv": [8, 0, 16, 8], "texture": "#3"},
				"west": {"uv": [8, 0, 16, 8], "texture": "#3"}
			}
		},
		{
			"from": [10.25, 7, 5.75],
			"to": [10.25, 8, 10.25],
			"rotation": {"angle": 0, "axis": "y", "origin": [8, -6, -6]},
			"faces": {
				"north": {"uv": [0, 0, 8, 8], "texture": "#3"},
				"east": {"uv": [0, 0, 8, 8], "texture": "#3"},
				"south": {"uv": [0, 0, 8, 8], "texture": "#3"},
				"west": {"uv": [0, 0, 8, 8], "texture": "#3"}
			}
		},
		{
			"from": [5.75, 7, 5.75],
			"to": [10.25, 8, 5.75],
			"rotation": {"angle": 0, "axis": "y", "origin": [8, -6, -6]},
			"faces": {
				"north": {"uv": [0, 0, 8, 8], "texture": "#3"},
				"east": {"uv": [0, 0, 8, 8], "texture": "#3"},
				"south": {"uv": [0, 0, 8, 8], "texture": "#3"},
				"west": {"uv": [0, 0, 8, 8], "texture": "#3"}
			}
		},
		{
			"from": [5.75, 7, 5.75],
			"to": [5.75, 8, 10.25],
			"rotation": {"angle": 0, "axis": "y", "origin": [8, -6, -6]},
			"faces": {
				"north": {"uv": [0, 0, 8, 8], "texture": "#3"},
				"east": {"uv": [0, 0, 8, 8], "texture": "#3"},
				"south": {"uv": [0, 0, 8, 8], "texture": "#3"},
				"west": {"uv": [0, 0, 8, 8], "texture": "#3"}
			}
		},
		{
			"from": [5.75, 7, 10.25],
			"to": [10.25, 8, 10.25],
			"rotation": {"angle": 0, "axis": "y", "origin": [8, -6, -6]},
			"faces": {
				"north": {"uv": [0, 0, 8, 8], "texture": "#3"},
				"east": {"uv": [0, 0, 8, 8], "texture": "#3"},
				"south": {"uv": [0, 0, 8, 8], "texture": "#3"},
				"west": {"uv": [0, 0, 8, 8], "texture": "#3"}
			}
		},
		{
			"from": [5, -7, 5],
			"to": [11, -6, 5],
			"rotation": {"angle": 0, "axis": "y", "origin": [8, -6, -6]},
			"faces": {
				"north": {"uv": [8, 8, 16, 16], "texture": "#3"},
				"east": {"uv": [8, 8, 16, 16], "texture": "#3"},
				"south": {"uv": [8, 8, 16, 16], "texture": "#3"},
				"west": {"uv": [8, 8, 16, 16], "texture": "#3"}
			}
		},
		{
			"from": [5, -7, 11],
			"to": [11, -6, 11],
			"rotation": {"angle": 0, "axis": "y", "origin": [8, -6, -6]},
			"faces": {
				"north": {"uv": [8, 8, 16, 16], "texture": "#3"},
				"east": {"uv": [8, 8, 16, 16], "texture": "#3"},
				"south": {"uv": [8, 8, 16, 16], "texture": "#3"},
				"west": {"uv": [8, 8, 16, 16], "texture": "#3"}
			}
		},
		{
			"from": [5, -7, 5],
			"to": [5, -6, 11],
			"rotation": {"angle": 0, "axis": "y", "origin": [8, -6, -6]},
			"faces": {
				"north": {"uv": [8, 8, 16, 16], "texture": "#3"},
				"east": {"uv": [8, 8, 16, 16], "texture": "#3"},
				"south": {"uv": [8, 8, 16, 16], "texture": "#3"},
				"west": {"uv": [8, 8, 16, 16], "texture": "#3"}
			}
		},
		{
			"from": [11, -7, 5],
			"to": [11, -6, 11],
			"rotation": {"angle": 0, "axis": "y", "origin": [8, -6, -6]},
			"faces": {
				"north": {"uv": [8, 8, 16, 16], "texture": "#3"},
				"east": {"uv": [8, 8, 16, 16], "texture": "#3"},
				"south": {"uv": [8, 8, 16, 16], "texture": "#3"},
				"west": {"uv": [8, 8, 16, 16], "texture": "#3"}
			}
		},
		{
			"from": [10.75, -7, 5.25],
			"to": [10.75, -6, 10.75],
			"rotation": {"angle": 0, "axis": "y", "origin": [8, -6, -6]},
			"faces": {
				"north": {"uv": [0, 8, 8, 16], "texture": "#3"},
				"east": {"uv": [0, 8, 8, 16], "texture": "#3"},
				"south": {"uv": [0, 8, 8, 16], "texture": "#3"},
				"west": {"uv": [0, 8, 8, 16], "texture": "#3"}
			}
		},
		{
			"from": [5.25, -7, 5.25],
			"to": [10.75, -6, 5.25],
			"rotation": {"angle": 0, "axis": "y", "origin": [8, -6, -6]},
			"faces": {
				"north": {"uv": [0, 8, 8, 16], "texture": "#3"},
				"east": {"uv": [0, 8, 8, 16], "texture": "#3"},
				"south": {"uv": [0, 8, 8, 16], "texture": "#3"},
				"west": {"uv": [0, 8, 8, 16], "texture": "#3"}
			}
		},
		{
			"from": [5.25, -7, 5.25],
			"to": [5.25, -6, 10.75],
			"rotation": {"angle": 0, "axis": "y", "origin": [8, -6, -6]},
			"faces": {
				"north": {"uv": [0, 8, 8, 16], "texture": "#3"},
				"east": {"uv": [0, 8, 8, 16], "texture": "#3"},
				"south": {"uv": [0, 8, 8, 16], "texture": "#3"},
				"west": {"uv": [0, 8, 8, 16], "texture": "#3"}
			}
		},
		{
			"from": [5.25, -7, 10.75],
			"to": [10.75, -6, 10.75],
			"rotation": {"angle": 0, "axis": "y", "origin": [8, -6, -6]},
			"faces": {
				"north": {"uv": [0, 8, 8, 16], "texture": "#3"},
				"east": {"uv": [0, 8, 8, 16], "texture": "#3"},
				"south": {"uv": [0, 8, 8, 16], "texture": "#3"},
				"west": {"uv": [0, 8, 8, 16], "texture": "#3"}
			}
		},
		{
			"from": [10.5, -7, 5.5],
			"to": [10.5, -6, 10.5],
			"rotation": {"angle": 0, "axis": "y", "origin": [8, -6, -6]},
			"faces": {
				"north": {"uv": [8, 0, 16, 8], "texture": "#3"},
				"east": {"uv": [8, 0, 16, 8], "texture": "#3"},
				"south": {"uv": [8, 0, 16, 8], "texture": "#3"},
				"west": {"uv": [8, 0, 16, 8], "texture": "#3"}
			}
		},
		{
			"from": [5.5, -7, 5.5],
			"to": [10.5, -6, 10.5],
			"rotation": {"angle": 0, "axis": "y", "origin": [8, -6, -6]},
			"faces": {
				"north": {"uv": [8, 0, 16, 8], "texture": "#3"},
				"east": {"uv": [8, 0, 16, 8], "texture": "#3"},
				"south": {"uv": [8, 0, 16, 8], "texture": "#3"},
				"west": {"uv": [8, 0, 16, 8], "texture": "#3"}
			}
		},
		{
			"from": [5.5, -7, 5.5],
			"to": [10.5, -6, 5.5],
			"rotation": {"angle": 0, "axis": "y", "origin": [8, -6, -6]},
			"faces": {
				"north": {"uv": [8, 0, 16, 8], "texture": "#3"},
				"east": {"uv": [8, 0, 16, 8], "texture": "#3"},
				"south": {"uv": [8, 0, 16, 8], "texture": "#3"},
				"west": {"uv": [8, 0, 16, 8], "texture": "#3"}
			}
		},
		{
			"from": [5.5, -7, 10.5],
			"to": [10.5, -6, 10.5],
			"rotation": {"angle": 0, "axis": "y", "origin": [8, -6, -6]},
			"faces": {
				"north": {"uv": [8, 0, 16, 8], "texture": "#3"},
				"east": {"uv": [8, 0, 16, 8], "texture": "#3"},
				"south": {"uv": [8, 0, 16, 8], "texture": "#3"},
				"west": {"uv": [8, 0, 16, 8], "texture": "#3"}
			}
		},
		{
			"from": [5.5, -7, 5.5],
			"to": [5.5, -6, 10.5],
			"rotation": {"angle": 0, "axis": "y", "origin": [8, -6, -6]},
			"faces": {
				"north": {"uv": [8, 0, 16, 8], "texture": "#3"},
				"east": {"uv": [8, 0, 16, 8], "texture": "#3"},
				"south": {"uv": [8, 0, 16, 8], "texture": "#3"},
				"west": {"uv": [8, 0, 16, 8], "texture": "#3"}
			}
		},
		{
			"from": [10.25, -7, 5.75],
			"to": [10.25, -6, 10.25],
			"rotation": {"angle": 0, "axis": "y", "origin": [8, -6, -6]},
			"faces": {
				"north": {"uv": [0, 0, 8, 8], "texture": "#3"},
				"east": {"uv": [0, 0, 8, 8], "texture": "#3"},
				"south": {"uv": [0, 0, 8, 8], "texture": "#3"},
				"west": {"uv": [0, 0, 8, 8], "texture": "#3"}
			}
		},
		{
			"from": [5.75, -7, 5.75],
			"to": [10.25, -6, 5.75],
			"rotation": {"angle": 0, "axis": "y", "origin": [8, -6, -6]},
			"faces": {
				"north": {"uv": [0, 0, 8, 8], "texture": "#3"},
				"east": {"uv": [0, 0, 8, 8], "texture": "#3"},
				"south": {"uv": [0, 0, 8, 8], "texture": "#3"},
				"west": {"uv": [0, 0, 8, 8], "texture": "#3"}
			}
		},
		{
			"from": [5.75, -7, 5.75],
			"to": [5.75, -6, 10.25],
			"rotation": {"angle": 0, "axis": "y", "origin": [8, -6, -6]},
			"faces": {
				"north": {"uv": [0, 0, 8, 8], "texture": "#3"},
				"east": {"uv": [0, 0, 8, 8], "texture": "#3"},
				"south": {"uv": [0, 0, 8, 8], "texture": "#3"},
				"west": {"uv": [0, 0, 8, 8], "texture": "#3"}
			}
		},
		{
			"from": [5.75, -7, 10.25],
			"to": [10.25, -6, 10.25],
			"rotation": {"angle": 0, "axis": "y", "origin": [8, -6, -6]},
			"faces": {
				"north": {"uv": [0, 0, 8, 8], "texture": "#3"},
				"east": {"uv": [0, 0, 8, 8], "texture": "#3"},
				"south": {"uv": [0, 0, 8, 8], "texture": "#3"},
				"west": {"uv": [0, 0, 8, 8], "texture": "#3"}
			}
		}
	],
	"display": {
		"thirdperson_righthand": {
			"rotation": [0, 90, 0],
			"translation": [0, 5, 1.5],
			"scale": [0.65, 0.65, 0.65]
		},
		"thirdperson_lefthand": {
			"rotation": [0, 90, 0],
			"translation": [0, 5, 1.5],
			"scale": [0.65, 0.65, 0.65]
		},
		"firstperson_righthand": {
			"rotation": [0, 90, 20],
			"translation": [1.25, 2.75, 0],
			"scale": [0.35, 0.35, 0.35]
		},
		"firstperson_lefthand": {
			"rotation": [0, 90, 20],
			"translation": [1.25, 2.75, 0],
			"scale": [0.35, 0.35, 0.35]
		},
		"ground": {
			"translation": [0, 4.75, 0],
			"scale": [0.4, 0.4, 0.4]
		},
		"gui": {
			"rotation": [0, -180, 45],
			"translation": [0, 0, -0.5],
			"scale": [0.58, 0.58, 0.58]
		},
		"head": {
			"translation": [0, 12.5, 0]
		},
		"fixed": {
			"rotation": [0, 0, 45],
			"translation": [-1.25, 1.5, 0],
			"scale": [0.7, 0.7, 0.7]
		}
	},
	"groups": [
		{
			"name": "group",
			"origin": [8, 25, 22],
			"color": 0,
			"children": [
				0,
				1,
				2,
				{
					"name": "group",
					"origin": [11, 16, 8],
					"color": 0,
					"children": [3, 4, 5, 6]
				},
				{
					"name": "group",
					"origin": [11, 16, 8],
					"color": 0,
					"children": [7, 8, 9, 10]
				},
				11,
				12,
				13,
				14,
				{
					"name": "group",
					"origin": [9.25, 9.5, 8],
					"color": 0,
					"children": [15, 16, 17, 18]
				},
				{
					"name": "group",
					"origin": [9.25, 9.5, 8],
					"color": 0,
					"children": [19, 20, 21, 22]
				},
				23,
				24,
				25,
				26,
				27,
				28,
				29,
				30,
				31,
				32
			]
		},
		{
			"name": "group",
			"origin": [8, 8, 8],
			"color": 0,
			"children": [33]
		},
		{
			"name": "group",
			"origin": [8, -6, -6],
			"color": 0,
			"children": [
				{
					"name": "group",
					"origin": [8, -6, -6],
					"color": 0,
					"children": [34, 35, 36, 37]
				},
				{
					"name": "group",
					"origin": [8, -6, -6],
					"color": 0,
					"children": [38, 39, 40, 41]
				},
				{
					"name": "group",
					"origin": [8, -6, -6],
					"color": 0,
					"children": [42, 43, 44, 45, 46]
				},
				{
					"name": "group",
					"origin": [8, -6, -6],
					"color": 0,
					"children": [47, 48, 49, 50]
				}
			]
		},
		{
			"name": "group",
			"origin": [8, -6, -6],
			"color": 0,
			"children": [
				{
					"name": "group",
					"origin": [8, -6, -6],
					"color": 0,
					"children": [51, 52, 53, 54]
				},
				{
					"name": "group",
					"origin": [8, -6, -6],
					"color": 0,
					"children": [55, 56, 57, 58]
				},
				{
					"name": "group",
					"origin": [8, -6, -6],
					"color": 0,
					"children": [59, 60, 61, 62, 63]
				},
				{
					"name": "group",
					"origin": [8, -6, -6],
					"color": 0,
					"children": [64, 65, 66, 67]
				}
			]
		}
	]
}