{
  "parent": "item/generated",
  "textures": {
    "layer0": "item/pickaxes/pixels/cherry_pickaxe"
  },
  "display": {
    "thirdperson_righthand": {
      "rotation": [ 0, -90, 50 ],
      "translation": [ 0, 3.5, 1.5 ],
      "scale": [ 0.8, 0.8, 0.8 ]
    },
    "thirdperson_lefthand": {
      "rotation": [ 0, 90, -50 ],
      "translation": [ 0, 3.5, 1.5 ],
      "scale": [ 0.8, 0.8, 0.8 ]
    },
    "firstperson_righthand": {
      "rotation": [ 0, -90, 25 ],
      "translation": [ 1, 2.5, 1 ],
      "scale": [ 0.75, 0.75, 0.75 ]
    },
    "firstperson_lefthand": {
      "rotation": [ 0, 90, -25 ],
      "translation": [ 1, 2.5, 1 ],
      "scale": [ 0.75, 0.75, 0.75 ]
    }
  }
}