{
  "parent": "minecraft:item/handheld",
  "textures": {
    "layer0": "minecraft:item/netherite_pickaxe"
  },
  "overrides": [
    {"predicate":{"custom_model_data":1},"model":"item/pickaxes/angelic_pickaxe"},
    {"predicate":{"custom_model_data":2},"model":"item/pickaxes/angelic_pickaxe"},
    {"predicate":{"custom_model_data":3},"model":"item/pickaxes/golden_pickaxe"},
    {"predicate":{"custom_model_data":4},"model":"item/pickaxes/doom_pickaxe"},
    {"predicate":{"custom_model_data":5},"model":"item/pickaxes/pumpkin_pickaxe"},
    {"predicate":{"custom_model_data":6},"model":"item/pickaxes/soulless_pickaxe"},
    {"predicate":{"custom_model_data":7},"model":"item/pickaxes/neptune_pickaxe"},
    {"predicate":{"custom_model_data":8},"model":"item/pickaxes/candy_pickaxe"},
    {"predicate":{"custom_model_data":9},"model":"item/pickaxes/christmas_tree_pickaxe"},
    {"predicate":{"custom_model_data":10},"model":"item/pickaxes/necrodius_pickaxe"},
    {"predicate":{"custom_model_data":11},"model":"item/pickaxes/chaotics_pickaxe"},
    {"predicate":{"custom_model_data":12},"model":"item/pickaxes/chocolate_pickaxe"},
    {"predicate":{"custom_model_data":13},"model":"item/pickaxes/cookie_pickaxe"},
    {"predicate":{"custom_model_data":14},"model":"item/pickaxes/golden_tree_pickaxe"},
    {"predicate":{"custom_model_data":15},"model":"item/pickaxes/magic_stone_pickaxe"},
    {"predicate":{"custom_model_data":16},"model":"item/pickaxes/antler_pickaxe"},
    {"predicate":{"custom_model_data":17},"model":"item/pickaxes/firework_pickaxe_2023"},
    {"predicate":{"custom_model_data":18},"model":"item/pickaxes/gift_pickaxe_2023"},
    {"predicate":{"custom_model_data":19},"model":"item/pickaxes/music_joy_pickaxe"},
    {"predicate":{"custom_model_data":20},"model":"item/pickaxes/chocolate_vine_pickaxe"},
    {"predicate":{"custom_model_data":21},"model":"item/pickaxes/celestial_pickaxe"},
    {"predicate":{"custom_model_data":22},"model":"item/pickaxes/dragon_claw_pickaxe"},
    {"predicate":{"custom_model_data":23},"model":"item/pickaxes/dwarven_pickaxe"},
    {"predicate":{"custom_model_data":24},"model":"item/pickaxes/element_pickaxe"},
    {"predicate":{"custom_model_data":25},"model":"item/pickaxes/elfin_pickaxe"},
    {"predicate":{"custom_model_data":26},"model":"item/pickaxes/goblin_pickaxe"},
    {"predicate":{"custom_model_data":27},"model":"item/pickaxes/necrotic_pickaxe"},
    {"predicate":{"custom_model_data":28},"model":"item/pickaxes/orcish_pickaxe"},
    {"predicate":{"custom_model_data":29},"model":"item/pickaxes/paladin_pickaxe"},
    {"predicate":{"custom_model_data":30},"model":"item/pickaxes/warlock_pickaxe"},
    {"predicate":{"custom_model_data":31},"model":"item/pickaxes/bloody_pickaxe"},
    {"predicate":{"custom_model_data":32},"model":"item/pickaxes/magma_pickaxe"},
    {"predicate":{"custom_model_data":33},"model":"item/pickaxes/ghost_pickaxe"},
    {"predicate":{"custom_model_data":34},"model":"item/pickaxes/scarecrow_pickaxe"},
    {"predicate":{"custom_model_data":35},"model":"item/pickaxes/skeleton_pickaxe"},
    {"predicate":{"custom_model_data":36},"model":"item/pickaxes/shark_pickaxe"},
    {"predicate":{"custom_model_data":37},"model":"item/pickaxes/penguin_pickaxe"},
    {"predicate":{"custom_model_data":38},"model":"item/pickaxes/christmas_pickaxe"},
    {"predicate":{"custom_model_data":39},"model":"item/pickaxes/winter_pickaxe"},
    {"predicate":{"custom_model_data":40},"model":"item/pickaxes/newyear_pickaxe"},
    {"predicate":{"custom_model_data":41},"model":"item/pickaxes/ifrit_pickaxe"},
    {"predicate":{"custom_model_data":42},"model":"item/pickaxes/inferno_pickaxe"},
    {"predicate":{"custom_model_data":43},"model":"item/pickaxes/sakura_pickaxe"},
    {"predicate":{"custom_model_data":44},"model":"item/pickaxes/fiend_pickaxe"},
    {"predicate":{"custom_model_data":45},"model":"item/pickaxes/cupid_pickaxe"},
    {"predicate":{"custom_model_data":46},"model":"item/pickaxes/sweet_pickaxe"},
    {"predicate":{"custom_model_data":47},"model":"item/pickaxes/stpatrick_2024_pickaxe"},
    {"predicate":{"custom_model_data":48},"model":"item/pickaxes/lightning_power_pickaxe"},
    {"predicate":{"custom_model_data":49},"model":"item/pickaxes/little_crocodile_pickaxe"},
    {"predicate":{"custom_model_data":50},"model":"item/pickaxes/heaven_pickaxe"},
    {"predicate":{"custom_model_data":51},"model":"item/pickaxes/ender_dragon_pickaxe"},
    {"predicate":{"custom_model_data":52},"model":"item/pickaxes/halloween_2024_pickaxe"},
    {"predicate":{"custom_model_data":53},"model":"item/pickaxes/hw_phantom_2024_pickaxe"},
	
    {"predicate":{"custom_model_data":10000},"model":"item/pickaxes/pixels/nebula_pickaxe"},
    {"predicate":{"custom_model_data":10001},"model":"item/pickaxes/pixels/solar_flare_pickaxe"},
    {"predicate":{"custom_model_data":10002},"model":"item/pickaxes/pixels/stardust_pickaxe"},
    {"predicate":{"custom_model_data":10003},"model":"item/pickaxes/pixels/vortex_pickaxe"},
    {"predicate":{"custom_model_data":10004},"model":"item/pickaxes/pixels/bomber_pickaxe"},
    {"predicate":{"custom_model_data":10005},"model":"item/pickaxes/pixels/tsunami_pickaxe"},
    {"predicate":{"custom_model_data":10006},"model":"item/pickaxes/pixels/zeus_pickaxe"},
    {"predicate":{"custom_model_data":10007},"model":"item/pickaxes/pixels/stars_pickaxe"},
    {"predicate":{"custom_model_data":10008},"model":"item/pickaxes/pixels/shadower_pickaxe"},
    {"predicate":{"custom_model_data":10009},"model":"item/pickaxes/pixels/cherry_pickaxe"},
    {"predicate":{"custom_model_data":10010},"model":"item/pickaxes/pixels/jade_pickaxe"},
    {"predicate":{"custom_model_data":10011},"model":"item/pickaxes/pixels/japanese_pickaxe"},
    {"predicate":{"custom_model_data":10012},"model":"item/pickaxes/pixels/holy_pickaxe"},
    {"predicate":{"custom_model_data":10013},"model":"item/pickaxes/pixels/unholy_pickaxe"},
    {"predicate":{"custom_model_data":10014},"model":"item/pickaxes/pixels/elf_pickaxe"},
    {"predicate":{"custom_model_data":10015},"model":"item/pickaxes/pixels/arctic_chisel"},
    {"predicate":{"custom_model_data":10016},"model":"item/pickaxes/pixels/crimson_cutter"},
    {"predicate":{"custom_model_data":10017},"model":"item/pickaxes/pixels/emerald_breaker"},
    {"predicate":{"custom_model_data":10018},"model":"item/pickaxes/pixels/golden_digger"},
    {"predicate":{"custom_model_data":10019},"model":"item/pickaxes/pixels/granite_hammer"},
    {"predicate":{"custom_model_data":10020},"model":"item/pickaxes/pixels/rainbow_pickaxe"},
    {"predicate":{"custom_model_data":10021},"model":"item/pickaxes/pixels/sapphire_slicer"},
    {"predicate":{"custom_model_data":10022},"model":"item/pickaxes/pixels/sunburst_cleaver"},
    {"predicate":{"custom_model_data":10023},"model":"item/pickaxes/pixels/thunderstrike_pickaxe"},
    {"predicate":{"custom_model_data":10024},"model":"item/pickaxes/pixels/violet_hammer"},
    {"predicate":{"custom_model_data":10025},"model":"item/pickaxes/pixels/common_1_pick"},
    {"predicate":{"custom_model_data":10026},"model":"item/pickaxes/pixels/common_2_pick"},
    {"predicate":{"custom_model_data":10027},"model":"item/pickaxes/pixels/common_3_pick"},
    {"predicate":{"custom_model_data":10028},"model":"item/pickaxes/pixels/common_4_pick"},
    {"predicate":{"custom_model_data":10029},"model":"item/pickaxes/pixels/epic_1_pick"},
    {"predicate":{"custom_model_data":10030},"model":"item/pickaxes/pixels/epic_2_pick"},
    {"predicate":{"custom_model_data":10031},"model":"item/pickaxes/pixels/epic_3_pick"},
    {"predicate":{"custom_model_data":10032},"model":"item/pickaxes/pixels/epic_4_pick"},
    {"predicate":{"custom_model_data":10033},"model":"item/pickaxes/pixels/legendary_1_pick"},
    {"predicate":{"custom_model_data":10034},"model":"item/pickaxes/pixels/legendary_2_pick"},
    {"predicate":{"custom_model_data":10035},"model":"item/pickaxes/pixels/legendary_3_pick"},
    {"predicate":{"custom_model_data":10036},"model":"item/pickaxes/pixels/legendary_4_pick"},
    {"predicate":{"custom_model_data":10037},"model":"item/pickaxes/pixels/mythic_pick"},
    {"predicate":{"custom_model_data":10038},"model":"item/pickaxes/pixels/rare_1_pick"},
    {"predicate":{"custom_model_data":10039},"model":"item/pickaxes/pixels/rare_2_pick"},
    {"predicate":{"custom_model_data":10040},"model":"item/pickaxes/pixels/rare_3_pick"},
    {"predicate":{"custom_model_data":10041},"model":"item/pickaxes/pixels/rare_4_pick"}
  ]
}
