{
	"credit": "Made with Blockbench",
	"texture_size": [128, 128],
	"textures": {
		"0": "item/multiple/sweet/valentine_texture_01",
		"1": "item/multiple/sweet/valentine_animation_01",
		"2": "item/multiple/sweet/valentine_animation_02",
		"3": "item/multiple/sweet/valentine_animation_05",
		"particle": "item/multiple/sweet/valentine_texture_01"
	},
	"elements": [
		{
			"from": [7, -13.5, 7],
			"to": [9, 8.5, 9],
			"rotation": {"angle": -45, "axis": "y", "origin": [8, -5.5, 8]},
			"faces": {
				"north": {"uv": [2.875, 2.1875, 3.125, 4.9375], "texture": "#0"},
				"east": {"uv": [3.125, 2.1875, 3.375, 4.9375], "texture": "#0"},
				"south": {"uv": [3.375, 2.1875, 3.625, 4.9375], "texture": "#0"},
				"west": {"uv": [3.625, 2.1875, 3.875, 4.9375], "texture": "#0"},
				"up": {"uv": [1.3125, 1.4375, 1.5625, 1.6875], "texture": "#0"},
				"down": {"uv": [1.3125, 1.4375, 1.5625, 1.6875], "texture": "#0"}
			}
		},
		{
			"from": [8, -16, 5.75],
			"to": [8, -12, 10.25],
			"rotation": {"angle": -22.5, "axis": "y", "origin": [8, -14, 8]},
			"faces": {
				"north": {"uv": [1.625, 1.4375, 1.875, 2.6875], "texture": "#0"},
				"east": {"uv": [13.8125, 0, 14.375, 0.5], "texture": "#0"},
				"south": {"uv": [1.0625, 1.375, 1.3125, 2.625], "texture": "#0"},
				"west": {"uv": [13.8125, 0, 14.375, 0.5], "texture": "#0"},
				"up": {"uv": [1.3125, 1.4375, 1.5625, 1.6875], "texture": "#0"},
				"down": {"uv": [1.3125, 1.4375, 1.5625, 1.6875], "texture": "#0"}
			}
		},
		{
			"from": [8, -16, 5.75],
			"to": [8, -12, 10.25],
			"rotation": {"angle": 22.5, "axis": "y", "origin": [8, -14, 8]},
			"faces": {
				"north": {"uv": [1.625, 1.4375, 1.875, 2.6875], "texture": "#0"},
				"east": {"uv": [13.8125, 0, 14.375, 0.5], "texture": "#0"},
				"south": {"uv": [1.0625, 1.375, 1.3125, 2.625], "texture": "#0"},
				"west": {"uv": [13.8125, 0, 14.375, 0.5], "texture": "#0"},
				"up": {"uv": [1.3125, 1.4375, 1.5625, 1.6875], "texture": "#0"},
				"down": {"uv": [1.3125, 1.4375, 1.5625, 1.6875], "texture": "#0"}
			}
		},
		{
			"from": [6.8, 8.5, 6.7],
			"to": [9.3, 11.5, 9.2],
			"rotation": {"angle": -45, "axis": "y", "origin": [8, -9.5, 7.9]},
			"faces": {
				"north": {"uv": [1.3125, 2.375, 1.625, 2.75], "texture": "#0"},
				"east": {"uv": [1.3125, 2.375, 1.625, 2.75], "texture": "#0"},
				"south": {"uv": [1.3125, 2.375, 1.625, 2.75], "texture": "#0"},
				"west": {"uv": [1.3125, 2.375, 1.625, 2.75], "texture": "#0"},
				"up": {"uv": [1.3125, 2.0625, 1.625, 2.375], "texture": "#0"},
				"down": {"uv": [1.3125, 2.0625, 1.625, 2.375], "texture": "#0"}
			}
		},
		{
			"from": [6.8, -11.6, 6.7],
			"to": [9.3, -8.6, 9.2],
			"rotation": {"angle": -45, "axis": "y", "origin": [8, -7.5, 7.9]},
			"faces": {
				"north": {"uv": [1.3125, 1.6875, 1.625, 2.0625], "texture": "#0"},
				"east": {"uv": [1.3125, 1.6875, 1.625, 2.0625], "texture": "#0"},
				"south": {"uv": [1.3125, 1.6875, 1.625, 2.0625], "texture": "#0"},
				"west": {"uv": [1.3125, 1.6875, 1.625, 2.0625], "texture": "#0"},
				"up": {"uv": [1.3125, 2.0625, 1.625, 2.375], "texture": "#0"},
				"down": {"uv": [1.3125, 2.0625, 1.625, 2.375], "texture": "#0"}
			}
		},
		{
			"from": [6.8, 2.4, 6.7],
			"to": [9.3, 5.4, 9.2],
			"rotation": {"angle": -45, "axis": "y", "origin": [8, -7.5, 7.9]},
			"faces": {
				"north": {"uv": [1.3125, 1.6875, 1.625, 2.0625], "texture": "#0"},
				"east": {"uv": [1.3125, 1.6875, 1.625, 2.0625], "texture": "#0"},
				"south": {"uv": [1.3125, 1.6875, 1.625, 2.0625], "texture": "#0"},
				"west": {"uv": [1.3125, 1.6875, 1.625, 2.0625], "texture": "#0"},
				"up": {"uv": [1.3125, 2.0625, 1.625, 2.375], "texture": "#0"},
				"down": {"uv": [1.3125, 2.0625, 1.625, 2.375], "texture": "#0"}
			}
		},
		{
			"from": [8, 16, -4],
			"to": [8, 22, 5],
			"rotation": {"angle": -22.5, "axis": "x", "origin": [8, 19.5, -0.5]},
			"faces": {
				"north": {"uv": [0, 0, 0, 5], "texture": "#3"},
				"east": {"uv": [9, 0, 0, 5], "texture": "#3"},
				"south": {"uv": [0, 0, 0, 5], "texture": "#3"},
				"west": {"uv": [9, 0, 0, 5], "texture": "#3"},
				"up": {"uv": [0, 9, 0, 0], "texture": "#3"},
				"down": {"uv": [0, 0, 0, 9], "texture": "#3"}
			}
		},
		{
			"from": [8, 3, 10.5],
			"to": [8, 9, 19.5],
			"rotation": {"angle": 0, "axis": "y", "origin": [8, 6, 15]},
			"faces": {
				"north": {"uv": [0, 0, 0, 5], "texture": "#3"},
				"east": {"uv": [0, 0, 9, 5], "texture": "#3"},
				"south": {"uv": [0, 0, 0, 5], "texture": "#3"},
				"west": {"uv": [0, 0, 9, 5], "texture": "#3"},
				"up": {"uv": [0, 0, 0, 9], "texture": "#3"},
				"down": {"uv": [0, 9, 0, 0], "texture": "#3"}
			}
		},
		{
			"from": [8, 13, 13],
			"to": [8, 19, 22],
			"rotation": {"angle": 22.5, "axis": "x", "origin": [8, 13.5, 16.5]},
			"faces": {
				"north": {"uv": [0, 0, 0, 5], "texture": "#3"},
				"east": {"uv": [9, 0, 0, 5], "texture": "#3"},
				"south": {"uv": [0, 0, 0, 5], "texture": "#3"},
				"west": {"uv": [9, 0, 0, 5], "texture": "#3"},
				"up": {"uv": [0, 9, 0, 0], "texture": "#3"},
				"down": {"uv": [0, 0, 0, 9], "texture": "#3"}
			}
		},
		{
			"from": [7.15, 16, 4.5],
			"to": [8.65, 22, 11.5],
			"rotation": {"angle": 0, "axis": "y", "origin": [0, 3, 0]},
			"faces": {
				"north": {"uv": [5.875, 0.8125, 6.0625, 1.5625], "texture": "#0"},
				"east": {"uv": [5, 0.8125, 5.875, 1.5625], "texture": "#0"},
				"south": {"uv": [5.875, 0.8125, 6.0625, 1.5625], "texture": "#0"},
				"west": {"uv": [4.0625, 1.5625, 4.9375, 2.3125], "texture": "#0"},
				"up": {"uv": [3.875, 1.125, 4.0625, 2], "texture": "#0"},
				"down": {"uv": [3.875, 1.125, 4.0625, 2], "texture": "#0"}
			}
		},
		{
			"from": [7.15, 22, 7],
			"to": [8.65, 27, 9],
			"rotation": {"angle": 22.5, "axis": "z", "origin": [8.76863, 21.95442, 8]},
			"faces": {
				"north": {"uv": [6.5, 0.8125, 6.3125, 1.4375], "texture": "#0"},
				"east": {"uv": [6.3125, 0.8125, 6.0625, 1.4375], "texture": "#0"},
				"south": {"uv": [6.3125, 0.8125, 6.5, 1.4375], "texture": "#0"},
				"west": {"uv": [6.75, 0.8125, 6.5, 1.4375], "texture": "#0"},
				"up": {"uv": [6.875, 0.8125, 7.0625, 0.5625], "texture": "#0"},
				"down": {"uv": [6.875, 0.8125, 7.0625, 0.5625], "texture": "#0"}
			}
		},
		{
			"from": [7.15, 22, 4],
			"to": [8.65, 27, 6],
			"rotation": {"angle": 22.5, "axis": "z", "origin": [8.76863, 21.95442, 8]},
			"faces": {
				"north": {"uv": [6.5, 0.8125, 6.3125, 1.4375], "texture": "#0"},
				"east": {"uv": [6.3125, 0.8125, 6.0625, 1.4375], "texture": "#0"},
				"south": {"uv": [6.3125, 0.8125, 6.5, 1.4375], "texture": "#0"},
				"west": {"uv": [6.75, 0.8125, 6.5, 1.4375], "texture": "#0"},
				"up": {"uv": [6.875, 0.8125, 7.0625, 0.5625], "texture": "#0"},
				"down": {"uv": [6.875, 0.8125, 7.0625, 0.5625], "texture": "#0"}
			}
		},
		{
			"from": [7.15, 22, 10],
			"to": [8.65, 27, 12],
			"rotation": {"angle": 22.5, "axis": "z", "origin": [8.76863, 21.95442, 8]},
			"faces": {
				"north": {"uv": [6.5, 0.8125, 6.3125, 1.4375], "texture": "#0"},
				"east": {"uv": [6.0625, 0.8125, 6.3125, 1.4375], "texture": "#0"},
				"south": {"uv": [6.3125, 0.8125, 6.5, 1.4375], "texture": "#0"},
				"west": {"uv": [6.75, 0.8125, 6.5, 1.4375], "texture": "#0"},
				"up": {"uv": [6.875, 0.5625, 7.0625, 0.8125], "texture": "#0"},
				"down": {"uv": [6.875, 0.5625, 7.0625, 0.8125], "texture": "#0"}
			}
		},
		{
			"from": [7, 12, 7],
			"to": [9, 22, 9],
			"rotation": {"angle": 22.5, "axis": "x", "origin": [0, 11, 15]},
			"faces": {
				"north": {"uv": [1.4375, 2.9375, 1.1875, 4.1875], "texture": "#0"},
				"east": {"uv": [1.1875, 2.9375, 0.9375, 4.1875], "texture": "#0"},
				"south": {"uv": [0.9375, 2.9375, 0.6875, 4.1875], "texture": "#0"},
				"west": {"uv": [1.6875, 2.9375, 1.4375, 4.1875], "texture": "#0"},
				"up": {"uv": [1.625, 2.9375, 1.875, 2.6875], "texture": "#0"},
				"down": {"uv": [1.625, 2.9375, 1.875, 2.6875], "texture": "#0"}
			}
		},
		{
			"from": [6.75, 11, 7.5],
			"to": [9.25, 23, 10],
			"rotation": {"angle": 45, "axis": "x", "origin": [0, 11, 15]},
			"faces": {
				"north": {"uv": [1.625, 4.1875, 1.3125, 5.6875], "texture": "#0"},
				"east": {"uv": [1.3125, 4.1875, 1, 5.6875], "texture": "#0"},
				"south": {"uv": [1, 4.1875, 0.6875, 5.6875], "texture": "#0"},
				"west": {"uv": [1.9375, 4.1875, 1.625, 5.6875], "texture": "#0"},
				"up": {"uv": [0.125, 4.9375, 0.4375, 4.625], "texture": "#0"},
				"down": {"uv": [0.125, 4.9375, 0.4375, 4.625], "texture": "#0"}
			}
		},
		{
			"from": [6.15, 10, 7.5],
			"to": [9.85, 17.5, 12],
			"rotation": {"angle": -45, "axis": "x", "origin": [25, 10.5, 8]},
			"faces": {
				"north": {"uv": [1.75, 0.5625, 0.8125, 1], "rotation": 90, "texture": "#0"},
				"east": {"uv": [1.4375, 0, 2.375, 0.5625], "rotation": 90, "texture": "#0"},
				"south": {"uv": [3.3125, 0, 2.375, 0.4375], "rotation": 90, "texture": "#0"},
				"west": {"uv": [1.4375, 0.5625, 2.375, 0], "rotation": 90, "texture": "#0"},
				"up": {"uv": [2.3125, 0.5625, 2.875, 1], "rotation": 90, "texture": "#0"},
				"down": {"uv": [1.75, 0.5625, 2.3125, 1], "rotation": 90, "texture": "#0"}
			}
		},
		{
			"from": [6.15, 10, 12],
			"to": [9.85, 14.5, 15],
			"rotation": {"angle": -45, "axis": "x", "origin": [25, 10.5, 8]},
			"faces": {
				"north": {"uv": [1.9375, 1, 1.375, 1.4375], "rotation": 90, "texture": "#0"},
				"east": {"uv": [0.8125, 1, 1.375, 1.375], "rotation": 90, "texture": "#0"},
				"south": {"uv": [1.9375, 1, 1.375, 1.4375], "rotation": 90, "texture": "#0"},
				"west": {"uv": [0.8125, 1.375, 1.375, 1], "rotation": 90, "texture": "#0"},
				"up": {"uv": [2.3125, 1, 2.6875, 1.4375], "rotation": 90, "texture": "#0"},
				"down": {"uv": [1.9375, 1, 2.3125, 1.4375], "rotation": 90, "texture": "#0"}
			}
		},
		{
			"from": [6, 12, 5],
			"to": [6, 17, 10],
			"rotation": {"angle": 45, "axis": "x", "origin": [2, 14, 8]},
			"faces": {
				"north": {"uv": [0, 0, 0, 10], "texture": "#1"},
				"east": {"uv": [10, 0, 0, 10], "texture": "#1"},
				"south": {"uv": [0, 0, 0, 10], "texture": "#1"},
				"west": {"uv": [0, 0, 10, 10], "texture": "#1"},
				"up": {"uv": [0, 10, 0, 0], "texture": "#1"},
				"down": {"uv": [0, 0, 0, 10], "texture": "#1"}
			}
		},
		{
			"from": [10, 12, 5],
			"to": [10, 17, 10],
			"rotation": {"angle": 45, "axis": "x", "origin": [14, 14, 8]},
			"faces": {
				"north": {"uv": [0, 0, 0, 10], "texture": "#1"},
				"east": {"uv": [10, 0, 0, 10], "texture": "#1"},
				"south": {"uv": [0, 0, 0, 10], "texture": "#1"},
				"west": {"uv": [0, 0, 10, 10], "texture": "#1"},
				"up": {"uv": [0, 10, 0, 0], "texture": "#1"},
				"down": {"uv": [0, 0, 0, 10], "texture": "#1"}
			}
		},
		{
			"from": [10.5, 12, 3],
			"to": [10.5, 16, 13],
			"rotation": {"angle": 0, "axis": "y", "origin": [16, 13, 0]},
			"faces": {
				"north": {"uv": [0, 0, 0, 6], "texture": "#2"},
				"east": {"uv": [0, 0, 14, 6], "texture": "#2"},
				"south": {"uv": [0, 0, 0, 6], "texture": "#2"},
				"west": {"uv": [14, 0, 0, 6], "texture": "#2"},
				"up": {"uv": [0, 0, 0, 12], "texture": "#2"},
				"down": {"uv": [0, 0, 0, 12], "texture": "#2"}
			}
		},
		{
			"from": [5.5, 12, 3],
			"to": [5.5, 16, 13],
			"rotation": {"angle": 0, "axis": "y", "origin": [0, 13, 0]},
			"faces": {
				"north": {"uv": [0, 0, 0, 6], "texture": "#2"},
				"east": {"uv": [14, 0, 0, 6], "texture": "#2"},
				"south": {"uv": [0, 0, 0, 6], "texture": "#2"},
				"west": {"uv": [0, 0, 14, 6], "texture": "#2"},
				"up": {"uv": [0, 0, 0, 12], "texture": "#2"},
				"down": {"uv": [0, 0, 0, 12], "texture": "#2"}
			}
		},
		{
			"from": [9.5, 1.5, 10],
			"to": [9.5, 13.5, 16],
			"rotation": {"angle": -22.5, "axis": "x", "origin": [8.5, 6.5, 14]},
			"faces": {
				"north": {"uv": [0, 0, 0, 24], "texture": "#missing"},
				"east": {"uv": [14.375, 0.625, 13.625, 2.125], "texture": "#0"},
				"south": {"uv": [0, 0, 0, 24], "texture": "#missing"},
				"west": {"uv": [13.625, 0.625, 14.375, 2.125], "texture": "#0"},
				"up": {"uv": [0, 0, 0, 12], "texture": "#missing"},
				"down": {"uv": [0, 0, 0, 12], "texture": "#missing"}
			}
		},
		{
			"from": [9.5, 1.5, 0],
			"to": [9.5, 13.5, 6],
			"rotation": {"angle": 22.5, "axis": "x", "origin": [8.5, 6.5, 2]},
			"faces": {
				"north": {"uv": [0, 0, 0, 24], "texture": "#missing"},
				"east": {"uv": [13.625, 0.625, 14.375, 2.125], "texture": "#0"},
				"south": {"uv": [0, 0, 0, 24], "texture": "#missing"},
				"west": {"uv": [14.375, 0.625, 13.625, 2.125], "texture": "#0"},
				"up": {"uv": [0, 12, 0, 0], "texture": "#missing"},
				"down": {"uv": [0, 12, 0, 0], "texture": "#missing"}
			}
		},
		{
			"from": [10.1, 8.5, 3.5],
			"to": [10.1, 14, 12.5],
			"rotation": {"angle": 0, "axis": "y", "origin": [8.6, 32.75, 8]},
			"faces": {
				"north": {"uv": [0.6875, 0, 0.8125, 2.5625], "texture": "#0"},
				"east": {"uv": [13.625, 1.4375, 12.5, 2.125], "texture": "#0"},
				"south": {"uv": [0.6875, 0, 0.8125, 2.5625], "texture": "#0"},
				"west": {"uv": [13.625, 1.4375, 12.5, 2.125], "texture": "#0"},
				"up": {"uv": [0.6875, 0, 0.8125, 0.6875], "texture": "#0"},
				"down": {"uv": [0.6875, 0, 0.8125, 0.6875], "texture": "#0"}
			}
		},
		{
			"from": [6.5, 1.5, 10],
			"to": [6.5, 13.5, 16],
			"rotation": {"angle": -22.5, "axis": "x", "origin": [7.5, 6.5, 14]},
			"faces": {
				"north": {"uv": [0, 0, 0, 24], "texture": "#missing"},
				"east": {"uv": [14.375, 0.625, 13.625, 2.125], "texture": "#0"},
				"south": {"uv": [0, 0, 0, 24], "texture": "#missing"},
				"west": {"uv": [13.625, 0.625, 14.375, 2.125], "texture": "#0"},
				"up": {"uv": [0, 0, 0, 12], "texture": "#missing"},
				"down": {"uv": [0, 0, 0, 12], "texture": "#missing"}
			}
		},
		{
			"from": [6.5, 1.5, 0],
			"to": [6.5, 13.5, 6],
			"rotation": {"angle": 22.5, "axis": "x", "origin": [7.5, 6.5, 2]},
			"faces": {
				"north": {"uv": [0, 0, 0, 24], "texture": "#missing"},
				"east": {"uv": [13.625, 0.625, 14.375, 2.125], "texture": "#0"},
				"south": {"uv": [0, 0, 0, 24], "texture": "#missing"},
				"west": {"uv": [14.375, 0.625, 13.625, 2.125], "texture": "#0"},
				"up": {"uv": [0, 12, 0, 0], "texture": "#missing"},
				"down": {"uv": [0, 12, 0, 0], "texture": "#missing"}
			}
		}
	],
	"gui_light": "front",
	"display": {
		"thirdperson_righthand": {
			"translation": [0, 5.25, 1],
			"scale": [0.55, 0.55, 0.55]
		},
		"thirdperson_lefthand": {
			"rotation": [0, 180, 0],
			"translation": [0, 5.25, 1],
			"scale": [0.55, 0.55, 0.55]
		},
		"firstperson_righthand": {
			"rotation": [20, 15, 3],
			"translation": [0.75, 3.5, 2],
			"scale": [0.3, 0.3, 0.3]
		},
		"firstperson_lefthand": {
			"rotation": [20, 15, 3],
			"translation": [0.75, 3.5, 2],
			"scale": [0.3, 0.3, 0.3]
		},
		"ground": {
			"rotation": [180, 0, 88],
			"translation": [-2, 2.5, 0.25],
			"scale": [0.45, 0.45, 0.45]
		},
		"gui": {
			"rotation": [90, 45, -90],
			"translation": [0, 0, -1.25],
			"scale": [0.43609, 0.43609, 0.43609]
		},
		"head": {
			"rotation": [90, -156, 90],
			"translation": [1, 10.5, 1.75],
			"scale": [0.6, 0.6, 0.6]
		},
		"fixed": {
			"rotation": [-90, -90, -90],
			"translation": [0, 5.5, -2.25],
			"scale": [1.2, 1.2, 1.2]
		}
	},
	"groups": [
		0,
		1,
		2,
		3,
		4,
		5,
		6,
		7,
		8,
		9,
		10,
		11,
		12,
		13,
		14,
		{
			"name": "group",
			"origin": [8.6, 34.75, 8],
			"color": 0,
			"boneType": "",
			"children": [15, 16, 17, 18, 19, 20, 21, 22, 23, 24, 25]
		}
	]
}