{
	"credit": "Made by PolygonMC",
	"texture_size": [28, 28],
	"textures": {
		"2": "item/backpacks/fiend_backpack/animations_1",
		"5": "item/backpacks/fiend_backpack/backpack",
		"particle": "item/backpacks/fiend_backpack/backpack"
	},
	"elements": [
		{
			"from": [5, -15.48609, 5],
			"to": [11, -8.48609, 9],
			"rotation": {"angle": 0, "axis": "y", "origin": [4, -15.48609, 5.5]},
			"faces": {
				"north": {"uv": [0, 0, 3.42857, 4], "texture": "#5"},
				"east": {"uv": [0, 4, 2.28571, 8], "texture": "#5"},
				"south": {"uv": [3.42857, 0, 6.85714, 4], "texture": "#5"},
				"west": {"uv": [2.28571, 4, 4.57143, 8], "texture": "#5"},
				"up": {"uv": [8, 6.28571, 4.57143, 4], "texture": "#5"},
				"down": {"uv": [8, 6.28571, 4.57143, 8.57143], "texture": "#5"}
			}
		},
		{
			"from": [7, -6.53609, 6.95],
			"to": [9, -4.53609, 9.2],
			"rotation": {"angle": 22.5, "axis": "x", "origin": [8, -6.37185, 7.85187]},
			"faces": {
				"north": {"uv": [7.42857, 9.71429, 8.57143, 10.85714], "texture": "#5"},
				"east": {"uv": [6.28571, 8.57143, 7.57143, 9.71429], "texture": "#5"},
				"south": {"uv": [9.71429, 7.42857, 10.85714, 8.57143], "texture": "#5"},
				"west": {"uv": [8, 8.57143, 9.28571, 9.71429], "texture": "#5"},
				"up": {"uv": [10.28571, 4.71429, 9.14286, 3.42857], "texture": "#5"},
				"down": {"uv": [5.71429, 9.71429, 4.57143, 11], "texture": "#5"}
			}
		},
		{
			"from": [7, -6.99011, 7.26882],
			"to": [9, -6.49011, 7.29882],
			"rotation": {"angle": 22.5, "axis": "x", "origin": [8, -6.17587, 7.77069]},
			"faces": {
				"north": {"uv": [12.57143, 8, 13.71429, 8.28571], "texture": "#5"},
				"south": {"uv": [9.14286, 12.57143, 10.28571, 12.85714], "texture": "#5"}
			}
		},
		{
			"from": [6.75, -7.89021, 7.1758],
			"to": [7, -7.39021, 9.1758],
			"rotation": {"angle": -22.5, "axis": "x", "origin": [8, -7.39021, 7.9258]},
			"faces": {
				"north": {"uv": [9.71429, 15.42857, 9.85714, 15.71429], "texture": "#5"},
				"east": {"uv": [12.57143, 10.28571, 13.71429, 10.57143], "texture": "#5"},
				"south": {"uv": [15.42857, 9.71429, 15.57143, 10], "texture": "#5"},
				"west": {"uv": [12.57143, 10.85714, 13.71429, 11.14286], "texture": "#5"},
				"up": {"uv": [14.42857, 13.71429, 14.28571, 12.57143], "texture": "#5"},
				"down": {"uv": [13.28571, 14.28571, 13.14286, 15.42857], "texture": "#5"}
			}
		},
		{
			"from": [7, -7.89021, 6.9258],
			"to": [9, -7.39021, 7.4258],
			"rotation": {"angle": -22.5, "axis": "x", "origin": [8, -7.39021, 7.9258]},
			"faces": {
				"north": {"uv": [12.57143, 11.42857, 13.71429, 11.71429], "texture": "#5"},
				"east": {"uv": [14.85714, 7.42857, 15.14286, 7.71429], "texture": "#5"},
				"south": {"uv": [12, 12.57143, 13.14286, 12.85714], "texture": "#5"},
				"west": {"uv": [8, 14.85714, 8.28571, 15.14286], "texture": "#5"},
				"up": {"uv": [13.71429, 12.28571, 12.57143, 12], "texture": "#5"},
				"down": {"uv": [1.14286, 13.14286, 0, 13.42857], "texture": "#5"}
			}
		},
		{
			"from": [6.75, -7.39021, 8.1758],
			"to": [7, -6.89021, 9.1758],
			"rotation": {"angle": -22.5, "axis": "x", "origin": [8, -7.39021, 7.9258]},
			"faces": {
				"north": {"uv": [10.28571, 15.42857, 10.42857, 15.71429], "texture": "#5"},
				"east": {"uv": [13.71429, 14.28571, 14.28571, 14.57143], "texture": "#5"},
				"south": {"uv": [15.42857, 10.28571, 15.57143, 10.57143], "texture": "#5"},
				"west": {"uv": [14.28571, 13.71429, 14.85714, 14], "texture": "#5"},
				"up": {"uv": [15, 8.57143, 14.85714, 8], "texture": "#5"}
			}
		},
		{
			"from": [9, -7.39021, 8.1758],
			"to": [9.25, -6.89021, 9.1758],
			"rotation": {"angle": -22.5, "axis": "x", "origin": [8, -7.39021, 7.9258]},
			"faces": {
				"north": {"uv": [10.85714, 15.42857, 11, 15.71429], "texture": "#5"},
				"east": {"uv": [14.28571, 14.28571, 14.85714, 14.57143], "texture": "#5"},
				"south": {"uv": [15.42857, 10.85714, 15.57143, 11.14286], "texture": "#5"},
				"west": {"uv": [0, 14.85714, 0.57143, 15.14286], "texture": "#5"},
				"up": {"uv": [8.71429, 15.42857, 8.57143, 14.85714], "texture": "#5"}
			}
		},
		{
			"from": [9.07, -7.39021, 7.2758],
			"to": [9.1, -6.89021, 8.1758],
			"rotation": {"angle": -22.5, "axis": "x", "origin": [8, -7.39021, 7.9258]},
			"faces": {
				"east": {"uv": [14.85714, 0, 15.42857, 0.28571], "texture": "#5"},
				"west": {"uv": [0.57143, 14.85714, 1.14286, 15.14286], "texture": "#5"}
			}
		},
		{
			"from": [6.9, -7.39021, 7.2758],
			"to": [9.1, -6.89021, 7.3058],
			"rotation": {"angle": -22.5, "axis": "x", "origin": [8, -7.39021, 7.9258]},
			"faces": {
				"north": {"uv": [12.57143, 6.85714, 13.85714, 7.14286], "texture": "#5"},
				"south": {"uv": [12.57143, 7.42857, 13.85714, 7.71429], "texture": "#5"}
			}
		},
		{
			"from": [6.9, -7.39021, 7.2758],
			"to": [6.93, -6.89021, 8.1758],
			"rotation": {"angle": -22.5, "axis": "x", "origin": [8, -7.39021, 7.9258]},
			"faces": {
				"east": {"uv": [14.85714, 0.57143, 15.42857, 0.85714], "texture": "#5"},
				"west": {"uv": [1.14286, 14.85714, 1.71429, 15.14286], "texture": "#5"}
			}
		},
		{
			"from": [9, -7.89021, 7.1758],
			"to": [9.25, -7.39021, 9.1758],
			"rotation": {"angle": -22.5, "axis": "x", "origin": [8, -7.39021, 7.9258]},
			"faces": {
				"north": {"uv": [11.42857, 15.42857, 11.57143, 15.71429], "texture": "#5"},
				"east": {"uv": [13.14286, 1.14286, 14.28571, 1.42857], "texture": "#5"},
				"south": {"uv": [15.42857, 11.42857, 15.57143, 11.71429], "texture": "#5"},
				"west": {"uv": [13.14286, 1.71429, 14.28571, 2], "texture": "#5"},
				"up": {"uv": [15, 2.28571, 14.85714, 1.14286], "texture": "#5"},
				"down": {"uv": [1.85714, 14.85714, 1.71429, 16], "texture": "#5"}
			}
		},
		{
			"from": [8.5, -5.28609, 6.8],
			"to": [9.25, -5.03609, 7.3],
			"rotation": {"angle": 22.5, "axis": "x", "origin": [8, -6.37185, 7.85187]},
			"faces": {
				"north": {"uv": [8.57143, 15.42857, 9, 15.57143], "texture": "#5"},
				"east": {"uv": [12, 15.42857, 12.28571, 15.57143], "texture": "#5"},
				"south": {"uv": [15.42857, 8.57143, 15.85714, 8.71429], "texture": "#5"},
				"west": {"uv": [15.42857, 12, 15.71429, 12.14286], "texture": "#5"},
				"up": {"uv": [5.57143, 15.14286, 5.14286, 14.85714], "texture": "#5"},
				"down": {"uv": [15.28571, 5.14286, 14.85714, 5.42857], "texture": "#5"}
			}
		},
		{
			"from": [6.75, -5.28609, 6.8],
			"to": [7.5, -5.03609, 7.3],
			"rotation": {"angle": 22.5, "axis": "x", "origin": [8, -6.37185, 7.85187]},
			"faces": {
				"north": {"uv": [9.14286, 15.42857, 9.57143, 15.57143], "texture": "#5"},
				"east": {"uv": [12.57143, 15.42857, 12.85714, 15.57143], "texture": "#5"},
				"south": {"uv": [15.42857, 9.14286, 15.85714, 9.28571], "texture": "#5"},
				"west": {"uv": [15.42857, 12.57143, 15.71429, 12.71429], "texture": "#5"},
				"up": {"uv": [6.14286, 15.14286, 5.71429, 14.85714], "texture": "#5"},
				"down": {"uv": [15.28571, 5.71429, 14.85714, 6], "texture": "#5"}
			}
		},
		{
			"from": [6.75, -6.03609, 7.45],
			"to": [9.25, -4.28609, 9.45],
			"rotation": {"angle": 22.5, "axis": "x", "origin": [8, -6.37185, 7.85187]},
			"faces": {
				"north": {"uv": [5.71429, 9.71429, 7.14286, 10.71429], "texture": "#5"},
				"east": {"uv": [10.28571, 2.28571, 11.42857, 3.28571], "texture": "#5"},
				"south": {"uv": [9.71429, 6.28571, 11.14286, 7.28571], "texture": "#5"},
				"west": {"uv": [10.28571, 3.42857, 11.42857, 4.42857], "texture": "#5"},
				"up": {"uv": [9.42857, 7.42857, 8, 6.28571], "texture": "#5"},
				"down": {"uv": [9.42857, 7.42857, 8, 8.57143], "texture": "#5"}
			}
		},
		{
			"from": [7.5, -8.70759, 11.1095],
			"to": [8.5, -6.70759, 12.1095],
			"rotation": {"angle": -45, "axis": "x", "origin": [8, -11.30699, 10.08929]},
			"faces": {
				"north": {"uv": [11.42857, 0, 12, 1.14286], "texture": "#5"},
				"east": {"uv": [11.42857, 1.14286, 12, 2.28571], "texture": "#5"},
				"south": {"uv": [11.42857, 2.28571, 12, 3.42857], "texture": "#5"},
				"west": {"uv": [11.42857, 3.42857, 12, 4.57143], "texture": "#5"},
				"up": {"uv": [8.57143, 13.14286, 8, 12.57143], "texture": "#5"},
				"down": {"uv": [10.85714, 12.57143, 10.28571, 13.14286], "texture": "#5"}
			}
		},
		{
			"from": [7.55, -9.93235, 10.06097],
			"to": [8.45, -8.13235, 10.96097],
			"rotation": {"angle": -22.5, "axis": "x", "origin": [8, -11.30699, 10.08929]},
			"faces": {
				"north": {"uv": [8, 11.42857, 8.57143, 12.42857], "texture": "#5"},
				"east": {"uv": [0, 12, 0.57143, 13], "texture": "#5"},
				"south": {"uv": [12, 0, 12.57143, 1], "texture": "#5"},
				"west": {"uv": [0.57143, 12, 1.14286, 13], "texture": "#5"},
				"down": {"uv": [13.71429, 2.28571, 13.14286, 2.85714], "texture": "#5"}
			}
		},
		{
			"from": [7.5905, -11.34141, 9.54957],
			"to": [8.4095, -9.70341, 10.36857],
			"rotation": {"angle": 0, "axis": "y", "origin": [8, -11.30699, 10.08929]},
			"faces": {
				"north": {"uv": [12, 10.28571, 12.42857, 11.28571], "texture": "#5"},
				"east": {"uv": [10.85714, 12, 11.28571, 13], "texture": "#5"},
				"south": {"uv": [11.42857, 12, 11.85714, 13], "texture": "#5"},
				"west": {"uv": [12, 11.42857, 12.42857, 12.42857], "texture": "#5"},
				"down": {"uv": [13.57143, 13.71429, 13.14286, 14.14286], "texture": "#5"}
			}
		},
		{
			"from": [7.63555, -13.68974, 9.63157],
			"to": [8.36446, -11.23192, 10.36048],
			"rotation": {"angle": 22.5, "axis": "x", "origin": [8, -11.30699, 10.08929]},
			"faces": {
				"north": {"uv": [4.57143, 11.42857, 5, 12.85714], "texture": "#5"},
				"east": {"uv": [5.14286, 11.42857, 5.57143, 12.85714], "texture": "#5"},
				"south": {"uv": [5.71429, 11.42857, 6.14286, 12.85714], "texture": "#5"},
				"west": {"uv": [6.28571, 11.42857, 6.71429, 12.85714], "texture": "#5"},
				"down": {"uv": [14.14286, 13.71429, 13.71429, 14.14286], "texture": "#5"}
			}
		},
		{
			"from": [7.67564, -14.63066, 8.75458],
			"to": [8.32436, -13.3332, 9.40331],
			"rotation": {"angle": 0, "axis": "y", "origin": [8, -11.30699, 10.08929]},
			"faces": {
				"north": {"uv": [6.85714, 13.14286, 7.28571, 13.85714], "texture": "#5"},
				"east": {"uv": [7.42857, 13.14286, 7.85714, 13.85714], "texture": "#5"},
				"south": {"uv": [8, 13.14286, 8.42857, 13.85714], "texture": "#5"},
				"west": {"uv": [8.57143, 13.14286, 9, 13.85714], "texture": "#5"},
				"down": {"uv": [0.42857, 14.28571, 0, 14.71429], "texture": "#5"}
			}
		},
		{
			"from": [7.71132, -15.02163, 7.58426],
			"to": [8.28868, -13.86689, 8.16163],
			"rotation": {"angle": -22.5, "axis": "x", "origin": [8, -11.30699, 10.08929]},
			"faces": {
				"north": {"uv": [6.28571, 13.71429, 6.57143, 14.42857], "texture": "#5"},
				"east": {"uv": [13.71429, 8, 14, 8.71429], "texture": "#5"},
				"south": {"uv": [13.71429, 9.14286, 14, 9.85714], "texture": "#5"},
				"west": {"uv": [13.71429, 10.28571, 14, 11], "texture": "#5"},
				"down": {"uv": [15.14286, 8.57143, 14.85714, 8.85714], "texture": "#5"}
			}
		},
		{
			"from": [7.49175, -8.38865, 10.48271],
			"to": [8.50825, -7.37215, 11.49921],
			"rotation": {"angle": -22.5, "axis": "x", "origin": [8, -11.27928, 10.34918]},
			"faces": {
				"north": {"uv": [13.14286, 2.85714, 13.71429, 3.42857], "texture": "#5"},
				"east": {"uv": [3.42857, 13.14286, 4, 13.71429], "texture": "#5"},
				"south": {"uv": [13.14286, 3.42857, 13.71429, 4], "texture": "#5"},
				"west": {"uv": [4, 13.14286, 4.57143, 13.71429], "texture": "#5"},
				"up": {"uv": [13.71429, 4.57143, 13.14286, 4], "texture": "#5"},
				"down": {"uv": [5.14286, 13.14286, 4.57143, 13.71429], "texture": "#5"}
			}
		},
		{
			"from": [7.61881, -8.10119, 9.94477],
			"to": [8.38119, -7.33882, 10.70715],
			"rotation": {"angle": 0, "axis": "y", "origin": [8, -11.27928, 10.34918]},
			"faces": {
				"east": {"uv": [0.57143, 14.28571, 1, 14.71429], "texture": "#5"},
				"south": {"uv": [14.28571, 1.14286, 14.71429, 1.57143], "texture": "#5"},
				"west": {"uv": [14.28571, 1.71429, 14.71429, 2.14286], "texture": "#5"},
				"up": {"uv": [14.71429, 2.71429, 14.28571, 2.28571], "texture": "#5"},
				"down": {"uv": [3.28571, 14.28571, 2.85714, 14.71429], "texture": "#5"}
			}
		},
		{
			"from": [7.71792, -8.11422, 9.14399],
			"to": [8.28208, -7.55006, 9.70815],
			"rotation": {"angle": 22.5, "axis": "x", "origin": [8, -11.27928, 10.34918]},
			"faces": {
				"east": {"uv": [9.14286, 14.85714, 9.42857, 15.14286], "texture": "#5"},
				"south": {"uv": [14.85714, 9.14286, 15.14286, 9.42857], "texture": "#5"},
				"west": {"uv": [9.71429, 14.85714, 10, 15.14286], "texture": "#5"},
				"up": {"uv": [15.14286, 10, 14.85714, 9.71429], "texture": "#5"},
				"down": {"uv": [10.57143, 14.85714, 10.28571, 15.14286], "texture": "#5"}
			}
		},
		{
			"from": [7.54257, -10.27263, 9.96512],
			"to": [8.45743, -9.35778, 10.87997],
			"rotation": {"angle": 0, "axis": "y", "origin": [8, -11.14677, 10.1942]},
			"faces": {
				"north": {"uv": [13.14286, 4.57143, 13.71429, 5.14286], "texture": "#5"},
				"east": {"uv": [5.14286, 13.14286, 5.71429, 13.71429], "texture": "#5"},
				"south": {"uv": [13.14286, 5.14286, 13.71429, 5.71429], "texture": "#5"},
				"west": {"uv": [5.71429, 13.14286, 6.28571, 13.71429], "texture": "#5"},
				"up": {"uv": [13.71429, 6.28571, 13.14286, 5.71429], "texture": "#5"},
				"down": {"uv": [6.85714, 13.14286, 6.28571, 13.71429], "texture": "#5"}
			}
		},
		{
			"from": [7.65693, -10.01608, 10.16862],
			"to": [8.34307, -9.32994, 10.85476],
			"rotation": {"angle": 22.5, "axis": "x", "origin": [8, -11.14677, 10.1942]},
			"faces": {
				"east": {"uv": [14.28571, 2.85714, 14.71429, 3.28571], "texture": "#5"},
				"south": {"uv": [3.42857, 14.28571, 3.85714, 14.71429], "texture": "#5"},
				"west": {"uv": [14.28571, 3.42857, 14.71429, 3.85714], "texture": "#5"},
				"up": {"uv": [14.71429, 4.42857, 14.28571, 4], "texture": "#5"},
				"down": {"uv": [5, 14.28571, 4.57143, 14.71429], "texture": "#5"}
			}
		},
		{
			"from": [7.74613, -11.54436, 11.57432],
			"to": [8.25387, -11.03661, 12.08206],
			"rotation": {"angle": -45, "axis": "x", "origin": [8, -11.14677, 10.1942]},
			"faces": {
				"north": {"uv": [14.85714, 10.28571, 15.14286, 10.57143], "texture": "#5"},
				"east": {"uv": [10.85714, 14.85714, 11.14286, 15.14286], "texture": "#5"},
				"south": {"uv": [14.85714, 10.85714, 15.14286, 11.14286], "texture": "#5"},
				"west": {"uv": [11.42857, 14.85714, 11.71429, 15.14286], "texture": "#5"},
				"down": {"uv": [15.14286, 11.42857, 14.85714, 11.71429], "texture": "#5"}
			}
		},
		{
			"from": [7.58324, -12.07308, 10.04688],
			"to": [8.41677, -11.23955, 10.88041],
			"rotation": {"angle": 22.5, "axis": "x", "origin": [8, -11.08928, 10.11168]},
			"faces": {
				"north": {"uv": [5.14286, 14.28571, 5.57143, 14.71429], "texture": "#5"},
				"east": {"uv": [14.28571, 5.14286, 14.71429, 5.57143], "texture": "#5"},
				"south": {"uv": [14.28571, 5.71429, 14.71429, 6.14286], "texture": "#5"},
				"west": {"uv": [6.85714, 14.28571, 7.28571, 14.71429], "texture": "#5"},
				"up": {"uv": [14.71429, 7.28571, 14.28571, 6.85714], "texture": "#5"},
				"down": {"uv": [7.85714, 14.28571, 7.42857, 14.71429], "texture": "#5"}
			}
		},
		{
			"from": [7.68743, -12.50536, 9.55222],
			"to": [8.31257, -11.88021, 10.17736],
			"rotation": {"angle": -45, "axis": "x", "origin": [8, -11.08928, 10.11168]},
			"faces": {
				"north": {"uv": [14.28571, 7.42857, 14.71429, 7.85714], "texture": "#5"},
				"east": {"uv": [8, 14.28571, 8.42857, 14.71429], "texture": "#5"},
				"south": {"uv": [14.28571, 8, 14.71429, 8.42857], "texture": "#5"},
				"west": {"uv": [8.57143, 14.28571, 9, 14.71429], "texture": "#5"},
				"down": {"uv": [14.71429, 8.57143, 14.28571, 9], "texture": "#5"}
			}
		},
		{
			"from": [7.7687, -12.81212, 10.21207],
			"to": [8.2313, -12.34951, 10.67468],
			"rotation": {"angle": -22.5, "axis": "x", "origin": [8, -11.08928, 10.11168]},
			"faces": {
				"north": {"uv": [12, 14.85714, 12.28571, 15.14286], "texture": "#5"},
				"east": {"uv": [14.85714, 12, 15.14286, 12.28571], "texture": "#5"},
				"south": {"uv": [12.57143, 14.85714, 12.85714, 15.14286], "texture": "#5"},
				"west": {"uv": [14.85714, 12.57143, 15.14286, 12.85714], "texture": "#5"},
				"down": {"uv": [15.14286, 13.14286, 14.85714, 13.42857], "texture": "#5"}
			}
		},
		{
			"from": [7.62074, -14.17319, 9.00368],
			"to": [8.37926, -13.41468, 9.7622],
			"rotation": {"angle": 45, "axis": "x", "origin": [8, -13.90909, 9.80939]},
			"faces": {
				"north": {"uv": [9.14286, 14.28571, 9.57143, 14.71429], "texture": "#5"},
				"east": {"uv": [14.28571, 9.14286, 14.71429, 9.57143], "texture": "#5"},
				"south": {"uv": [9.71429, 14.28571, 10.14286, 14.71429], "texture": "#5"},
				"west": {"uv": [14.28571, 9.71429, 14.71429, 10.14286], "texture": "#5"},
				"up": {"uv": [10.71429, 14.71429, 10.28571, 14.28571], "texture": "#5"},
				"down": {"uv": [14.71429, 10.28571, 14.28571, 10.71429], "texture": "#5"}
			}
		},
		{
			"from": [7.71556, -14.26629, 9.59762],
			"to": [8.28444, -13.69741, 10.16651],
			"rotation": {"angle": -22.5, "axis": "x", "origin": [8, -13.90909, 9.80939]},
			"faces": {
				"north": {"uv": [13.71429, 14.85714, 14, 15.14286], "texture": "#5"},
				"east": {"uv": [14.85714, 13.71429, 15.14286, 14], "texture": "#5"},
				"south": {"uv": [14.28571, 14.85714, 14.57143, 15.14286], "texture": "#5"},
				"west": {"uv": [14.85714, 14.28571, 15.14286, 14.57143], "texture": "#5"},
				"down": {"uv": [15.14286, 14.85714, 14.85714, 15.14286], "texture": "#5"}
			}
		},
		{
			"from": [7.78951, -14.50255, 9.81901],
			"to": [8.21049, -14.08158, 10.23999],
			"rotation": {"angle": 0, "axis": "y", "origin": [8, -13.90909, 9.80939]},
			"faces": {
				"north": {"uv": [0, 15.42857, 0.28571, 15.71429], "texture": "#5"},
				"east": {"uv": [15.42857, 0, 15.71429, 0.28571], "texture": "#5"},
				"south": {"uv": [0.57143, 15.42857, 0.85714, 15.71429], "texture": "#5"},
				"west": {"uv": [15.42857, 0.57143, 15.71429, 0.85714], "texture": "#5"},
				"down": {"uv": [1.42857, 15.42857, 1.14286, 15.71429], "texture": "#5"}
			}
		},
		{
			"from": [7.775, -10.48609, 8.75],
			"to": [7.805, -7.48609, 11.75],
			"rotation": {"angle": 0, "axis": "y", "origin": [8, -22.48609, 0]},
			"faces": {
				"east": {"uv": [6.85714, 0, 8.57143, 1.71429], "texture": "#5"},
				"west": {"uv": [6.85714, 1.71429, 8.57143, 3.42857], "texture": "#5"}
			}
		},
		{
			"from": [6.85, -9.13609, 7.35],
			"to": [6.88, -7.63609, 8.6],
			"rotation": {"angle": 0, "axis": "y", "origin": [0, -22.48609, 0]},
			"faces": {
				"east": {"uv": [11.42857, 6.28571, 12.14286, 7.14286], "texture": "#5"},
				"west": {"uv": [6.85714, 11.42857, 7.57143, 12.28571], "texture": "#5"}
			}
		},
		{
			"from": [11.22, -15.98609, 4.75],
			"to": [11.25, -14.48609, 6],
			"rotation": {"angle": 0, "axis": "y", "origin": [-1.38, -25.33609, 5.15]},
			"faces": {
				"east": {"uv": [11.42857, 6.28571, 12.14286, 7.14286], "texture": "#5"},
				"west": {"uv": [6.85714, 11.42857, 7.57143, 12.28571], "texture": "#5"}
			}
		},
		{
			"from": [4.75, -15.98609, 8],
			"to": [4.78, -14.48609, 9.25],
			"rotation": {"angle": 0, "axis": "y", "origin": [17.38, -25.33609, 10.85]},
			"faces": {
				"east": {"uv": [6.85714, 11.42857, 7.57143, 12.28571], "texture": "#5"},
				"west": {"uv": [11.42857, 6.28571, 12.14286, 7.14286], "texture": "#5"}
			}
		},
		{
			"from": [7.985, -11.13609, 10.725],
			"to": [8.015, -10.13609, 11.475],
			"rotation": {"angle": 0, "axis": "y", "origin": [7.985, -17.43609, 1.925]},
			"faces": {
				"east": {"uv": [11.42857, 13.14286, 11.85714, 13.71429], "texture": "#5"},
				"west": {"uv": [12, 13.14286, 12.42857, 13.71429], "texture": "#5"}
			}
		},
		{
			"from": [8.2, -13.73609, 9],
			"to": [8.23, -11.73609, 11],
			"rotation": {"angle": 0, "axis": "y", "origin": [8, -22.48609, 0]},
			"faces": {
				"east": {"uv": [8.57143, 9.71429, 9.71429, 10.85714], "texture": "#5"},
				"west": {"uv": [9.71429, 8.57143, 10.85714, 9.71429], "texture": "#5"}
			}
		},
		{
			"from": [6.8, -7.36109, 7.35],
			"to": [6.8, -5.36109, 9.35],
			"rotation": {"angle": 0, "axis": "y", "origin": [8, -22.48609, 0]},
			"faces": {
				"north": {"uv": [0, 0, 0, 1.14286], "texture": "#5"},
				"south": {"uv": [0, 0, 0, 1.14286], "texture": "#5"},
				"west": {"uv": [9.71429, 9.71429, 10.85714, 10.85714], "texture": "#5"},
				"up": {"uv": [0, 1.14286, 0, 0], "texture": "#5"},
				"down": {"uv": [0, 0, 0, 1.14286], "texture": "#5"}
			}
		},
		{
			"from": [8.485, -9.45, 3.5],
			"to": [8.515, -3.45, 7.5],
			"rotation": {"angle": -45, "axis": "z", "origin": [8.5, -6.45, 5.5]},
			"faces": {
				"east": {"uv": [8, 0, 0, 12], "texture": "#2"},
				"west": {"uv": [0, 0, 8, 12], "texture": "#2"}
			}
		},
		{
			"from": [7.485, -9.45, 3.5],
			"to": [7.515, -3.45, 7.5],
			"rotation": {"angle": 45, "axis": "z", "origin": [7.5, -6.45, 5.5]},
			"faces": {
				"east": {"uv": [8, 0, 0, 12], "texture": "#2"},
				"west": {"uv": [0, 0, 8, 12], "texture": "#2"}
			}
		},
		{
			"from": [4.5, -10.48609, 4.5],
			"to": [5.75, -9.48609, 9.5],
			"rotation": {"angle": 0, "axis": "y", "origin": [0, -15.48609, 0]},
			"faces": {
				"north": {"uv": [12.57143, 0.57143, 13.28571, 1.14286], "texture": "#5"},
				"east": {"uv": [8.57143, 0, 11.42857, 0.57143], "texture": "#5"},
				"south": {"uv": [3.42857, 12.57143, 4.14286, 13.14286], "texture": "#5"},
				"west": {"uv": [8.57143, 0.57143, 11.42857, 1.14286], "texture": "#5"},
				"up": {"uv": [1.85714, 10.85714, 1.14286, 8], "texture": "#5"},
				"down": {"uv": [3, 8, 2.28571, 10.85714], "texture": "#5"}
			}
		},
		{
			"from": [5.75, -10.48609, 9],
			"to": [10.25, -9.48609, 9.5],
			"rotation": {"angle": 0, "axis": "y", "origin": [0, -15.48609, 0]},
			"faces": {
				"north": {"uv": [9.14286, 5.14286, 11.71429, 5.71429], "texture": "#5"},
				"east": {"uv": [2.28571, 14.85714, 2.57143, 15.42857], "texture": "#5"},
				"south": {"uv": [9.14286, 5.71429, 11.71429, 6.28571], "texture": "#5"},
				"west": {"uv": [14.85714, 2.28571, 15.14286, 2.85714], "texture": "#5"},
				"up": {"uv": [12.85714, 4.85714, 10.28571, 4.57143], "texture": "#5"},
				"down": {"uv": [8.28571, 10.85714, 5.71429, 11.14286], "texture": "#5"}
			}
		},
		{
			"from": [10.25, -10.48609, 4.5],
			"to": [11.5, -9.48609, 9.5],
			"rotation": {"angle": 0, "axis": "y", "origin": [16, -15.48609, 0]},
			"faces": {
				"north": {"uv": [12.57143, 6.28571, 13.28571, 6.85714], "texture": "#5"},
				"east": {"uv": [8.57143, 1.14286, 11.42857, 1.71429], "texture": "#5"},
				"south": {"uv": [6.85714, 12.57143, 7.57143, 13.14286], "texture": "#5"},
				"west": {"uv": [8.57143, 1.71429, 11.42857, 2.28571], "texture": "#5"},
				"up": {"uv": [4.14286, 10.85714, 3.42857, 8], "texture": "#5"},
				"down": {"uv": [8.71429, 3.42857, 8, 6.28571], "texture": "#5"}
			}
		},
		{
			"from": [5.75, -12.48609, 9],
			"to": [10.25, -11.48609, 9.5],
			"rotation": {"angle": 0, "axis": "y", "origin": [0, -15.48609, 0]},
			"faces": {
				"north": {"uv": [9.14286, 5.14286, 11.71429, 5.71429], "texture": "#5"},
				"east": {"uv": [2.28571, 14.85714, 2.57143, 15.42857], "texture": "#5"},
				"south": {"uv": [9.14286, 5.71429, 11.71429, 6.28571], "texture": "#5"},
				"west": {"uv": [14.85714, 2.28571, 15.14286, 2.85714], "texture": "#5"},
				"up": {"uv": [12.85714, 4.85714, 10.28571, 4.57143], "texture": "#5"},
				"down": {"uv": [8.28571, 10.85714, 5.71429, 11.14286], "texture": "#5"}
			}
		},
		{
			"from": [4.5, -12.48609, 4.5],
			"to": [5.75, -11.48609, 9.5],
			"rotation": {"angle": 0, "axis": "y", "origin": [0, -15.48609, 0]},
			"faces": {
				"north": {"uv": [12.57143, 0.57143, 13.28571, 1.14286], "texture": "#5"},
				"east": {"uv": [8.57143, 0, 11.42857, 0.57143], "texture": "#5"},
				"south": {"uv": [3.42857, 12.57143, 4.14286, 13.14286], "texture": "#5"},
				"west": {"uv": [8.57143, 0.57143, 11.42857, 1.14286], "texture": "#5"},
				"up": {"uv": [1.85714, 10.85714, 1.14286, 8], "texture": "#5"},
				"down": {"uv": [3, 8, 2.28571, 10.85714], "texture": "#5"}
			}
		},
		{
			"from": [10.25, -12.48609, 4.5],
			"to": [11.5, -11.48609, 9.5],
			"rotation": {"angle": 0, "axis": "y", "origin": [16, -15.48609, 0]},
			"faces": {
				"north": {"uv": [12.57143, 6.28571, 13.28571, 6.85714], "texture": "#5"},
				"east": {"uv": [8.57143, 1.14286, 11.42857, 1.71429], "texture": "#5"},
				"south": {"uv": [6.85714, 12.57143, 7.57143, 13.14286], "texture": "#5"},
				"west": {"uv": [8.57143, 1.71429, 11.42857, 2.28571], "texture": "#5"},
				"up": {"uv": [4.14286, 10.85714, 3.42857, 8], "texture": "#5"},
				"down": {"uv": [8.71429, 3.42857, 8, 6.28571], "texture": "#5"}
			}
		},
		{
			"from": [5.75, -14.48609, 9],
			"to": [10.25, -13.48609, 9.5],
			"rotation": {"angle": 0, "axis": "y", "origin": [0, -15.48609, 0]},
			"faces": {
				"north": {"uv": [9.14286, 5.14286, 11.71429, 5.71429], "texture": "#5"},
				"east": {"uv": [2.28571, 14.85714, 2.57143, 15.42857], "texture": "#5"},
				"south": {"uv": [9.14286, 5.71429, 11.71429, 6.28571], "texture": "#5"},
				"west": {"uv": [14.85714, 2.28571, 15.14286, 2.85714], "texture": "#5"},
				"up": {"uv": [12.85714, 4.85714, 10.28571, 4.57143], "texture": "#5"},
				"down": {"uv": [8.28571, 10.85714, 5.71429, 11.14286], "texture": "#5"}
			}
		},
		{
			"from": [4.5, -14.48609, 4.5],
			"to": [5.75, -13.48609, 9.5],
			"rotation": {"angle": 0, "axis": "y", "origin": [0, -15.48609, 0]},
			"faces": {
				"north": {"uv": [12.57143, 0.57143, 13.28571, 1.14286], "texture": "#5"},
				"east": {"uv": [8.57143, 0, 11.42857, 0.57143], "texture": "#5"},
				"south": {"uv": [3.42857, 12.57143, 4.14286, 13.14286], "texture": "#5"},
				"west": {"uv": [8.57143, 0.57143, 11.42857, 1.14286], "texture": "#5"},
				"up": {"uv": [1.85714, 10.85714, 1.14286, 8], "texture": "#5"},
				"down": {"uv": [3, 8, 2.28571, 10.85714], "texture": "#5"}
			}
		},
		{
			"from": [10.25, -14.48609, 4.5],
			"to": [11.5, -13.48609, 9.5],
			"rotation": {"angle": 0, "axis": "y", "origin": [16, -15.48609, 0]},
			"faces": {
				"north": {"uv": [12.57143, 6.28571, 13.28571, 6.85714], "texture": "#5"},
				"east": {"uv": [8.57143, 1.14286, 11.42857, 1.71429], "texture": "#5"},
				"south": {"uv": [6.85714, 12.57143, 7.57143, 13.14286], "texture": "#5"},
				"west": {"uv": [8.57143, 1.71429, 11.42857, 2.28571], "texture": "#5"},
				"up": {"uv": [4.14286, 10.85714, 3.42857, 8], "texture": "#5"},
				"down": {"uv": [8.71429, 3.42857, 8, 6.28571], "texture": "#5"}
			}
		},
		{
			"from": [5, -8.48609, 5],
			"to": [6, -6.98609, 5.5],
			"rotation": {"angle": 0, "axis": "y", "origin": [5, -15.48609, 5]},
			"faces": {
				"north": {"uv": [12, 7.42857, 12.57143, 8.28571], "texture": "#5"},
				"east": {"uv": [12.57143, 13.14286, 12.85714, 14], "texture": "#5"},
				"south": {"uv": [8.57143, 12, 9.14286, 12.85714], "texture": "#5"},
				"west": {"uv": [13.14286, 12.57143, 13.42857, 13.42857], "texture": "#5"},
				"up": {"uv": [3.42857, 15.14286, 2.85714, 14.85714], "texture": "#5"},
				"down": {"uv": [15.42857, 2.85714, 14.85714, 3.14286], "texture": "#5"}
			}
		},
		{
			"from": [5, -13.98609, 1.5],
			"to": [6, -6.98609, 2],
			"rotation": {"angle": 0, "axis": "y", "origin": [5, -15.48609, 5]},
			"faces": {
				"north": {"uv": [0, 8, 0.57143, 12], "texture": "#5"},
				"east": {"uv": [1.14286, 10.85714, 1.42857, 14.85714], "texture": "#5"},
				"south": {"uv": [0.57143, 8, 1.14286, 12], "texture": "#5"},
				"west": {"uv": [1.71429, 10.85714, 2, 14.85714], "texture": "#5"},
				"up": {"uv": [4.57143, 15.14286, 4, 14.85714], "texture": "#5"},
				"down": {"uv": [15.42857, 4, 14.85714, 4.28571], "texture": "#5"}
			}
		},
		{
			"from": [5, -7.48609, 2],
			"to": [6, -6.98609, 5],
			"rotation": {"angle": 0, "axis": "x", "origin": [8, -6.73609, 4]},
			"faces": {
				"north": {"uv": [3.42857, 14.85714, 4, 15.14286], "texture": "#5"},
				"east": {"uv": [12, 8.57143, 13.71429, 8.85714], "texture": "#5"},
				"south": {"uv": [14.85714, 3.42857, 15.42857, 3.71429], "texture": "#5"},
				"west": {"uv": [9.14286, 12, 10.85714, 12.28571], "texture": "#5"},
				"up": {"uv": [2.85714, 12.57143, 2.28571, 10.85714], "texture": "#5"},
				"down": {"uv": [3.42857, 10.85714, 2.85714, 12.57143], "texture": "#5"}
			}
		},
		{
			"from": [5, -13.98609, 2],
			"to": [6, -13.48609, 5],
			"rotation": {"angle": 0, "axis": "x", "origin": [8, -6.73609, 4]},
			"faces": {
				"north": {"uv": [4.57143, 14.85714, 5.14286, 15.14286], "texture": "#5"},
				"east": {"uv": [12, 9.14286, 13.71429, 9.42857], "texture": "#5"},
				"south": {"uv": [14.85714, 4.57143, 15.42857, 4.85714], "texture": "#5"},
				"west": {"uv": [12, 9.71429, 13.71429, 10], "texture": "#5"},
				"up": {"uv": [4, 12.57143, 3.42857, 10.85714], "texture": "#5"},
				"down": {"uv": [4.57143, 10.85714, 4, 12.57143], "texture": "#5"}
			}
		},
		{
			"from": [10, -7.48609, 2],
			"to": [11, -6.98609, 5],
			"rotation": {"angle": 0, "axis": "x", "origin": [8, -6.73609, 4]},
			"faces": {
				"north": {"uv": [4, 14.85714, 3.42857, 15.14286], "texture": "#5"},
				"east": {"uv": [10.85714, 12, 9.14286, 12.28571], "texture": "#5"},
				"south": {"uv": [15.42857, 3.42857, 14.85714, 3.71429], "texture": "#5"},
				"west": {"uv": [13.71429, 8.57143, 12, 8.85714], "texture": "#5"},
				"up": {"uv": [2.28571, 12.57143, 2.85714, 10.85714], "texture": "#5"},
				"down": {"uv": [2.85714, 10.85714, 3.42857, 12.57143], "texture": "#5"}
			}
		},
		{
			"from": [10, -13.98609, 1.5],
			"to": [11, -6.98609, 2],
			"rotation": {"angle": 0, "axis": "y", "origin": [11, -15.48609, 5]},
			"faces": {
				"north": {"uv": [0.57143, 8, 0, 12], "texture": "#5"},
				"east": {"uv": [2, 10.85714, 1.71429, 14.85714], "texture": "#5"},
				"south": {"uv": [1.14286, 8, 0.57143, 12], "texture": "#5"},
				"west": {"uv": [1.42857, 10.85714, 1.14286, 14.85714], "texture": "#5"},
				"up": {"uv": [4, 15.14286, 4.57143, 14.85714], "texture": "#5"},
				"down": {"uv": [14.85714, 4, 15.42857, 4.28571], "texture": "#5"}
			}
		},
		{
			"from": [10, -8.48609, 5],
			"to": [11, -6.98609, 5.5],
			"rotation": {"angle": 0, "axis": "y", "origin": [11, -15.48609, 5]},
			"faces": {
				"north": {"uv": [12.57143, 7.42857, 12, 8.28571], "texture": "#5"},
				"east": {"uv": [13.42857, 12.57143, 13.14286, 13.42857], "texture": "#5"},
				"south": {"uv": [9.14286, 12, 8.57143, 12.85714], "texture": "#5"},
				"west": {"uv": [12.85714, 13.14286, 12.57143, 14], "texture": "#5"},
				"up": {"uv": [2.85714, 15.14286, 3.42857, 14.85714], "texture": "#5"},
				"down": {"uv": [14.85714, 2.85714, 15.42857, 3.14286], "texture": "#5"}
			}
		},
		{
			"from": [10, -13.98609, 2],
			"to": [11, -13.48609, 5],
			"rotation": {"angle": 0, "axis": "x", "origin": [8, -6.73609, 4]},
			"faces": {
				"north": {"uv": [5.14286, 14.85714, 4.57143, 15.14286], "texture": "#5"},
				"east": {"uv": [13.71429, 9.71429, 12, 10], "texture": "#5"},
				"south": {"uv": [15.42857, 4.57143, 14.85714, 4.85714], "texture": "#5"},
				"west": {"uv": [13.71429, 9.14286, 12, 9.42857], "texture": "#5"},
				"up": {"uv": [3.42857, 12.57143, 4, 10.85714], "texture": "#5"},
				"down": {"uv": [4, 10.85714, 4.57143, 12.57143], "texture": "#5"}
			}
		},
		{
			"from": [3.62101, -7.38306, 9.04609],
			"to": [4.20485, -6.21538, 9.62993],
			"rotation": {"angle": 22.5, "axis": "z", "origin": [3.90658, -6.04944, 8.92239]},
			"faces": {
				"north": {"uv": [13.71429, 6.28571, 14.42857, 6.57143], "rotation": 270, "texture": "#5"},
				"east": {"uv": [14, 12.14286, 13.71429, 11.42857], "texture": "#5"},
				"south": {"uv": [11.42857, 13.71429, 12.14286, 14], "rotation": 90, "texture": "#5"},
				"west": {"uv": [14, 12.57143, 13.71429, 13.28571], "rotation": 180, "texture": "#5"}
			}
		},
		{
			"from": [5.09739, -6.9134, 9.01001],
			"to": [6.90939, -6.2574, 9.66601],
			"rotation": {"angle": -45, "axis": "z", "origin": [3.90658, -6.04944, 8.92239]},
			"faces": {
				"north": {"uv": [6.85714, 3.42857, 7.85714, 3.85714], "texture": "#5"},
				"east": {"uv": [10.85714, 14.28571, 11.28571, 14.71429], "texture": "#5"},
				"south": {"uv": [12.57143, 0, 13.57143, 0.42857], "texture": "#5"},
				"up": {"uv": [2.71429, 13.57143, 2.28571, 12.57143], "rotation": 270, "texture": "#5"},
				"down": {"uv": [3.28571, 12.57143, 2.85714, 13.57143], "rotation": 90, "texture": "#5"}
			}
		},
		{
			"from": [5.37239, -6.9634, 9.33601],
			"to": [8.18439, -5.3074, 9.36601],
			"rotation": {"angle": -45, "axis": "z", "origin": [3.90658, -6.04944, 8.92239]},
			"faces": {
				"north": {"uv": [8.57143, 2.28571, 10.14286, 3.28571], "texture": "#5"},
				"south": {"uv": [4.57143, 8.57143, 6.14286, 9.57143], "texture": "#5"}
			}
		},
		{
			"from": [3.04966, -6.43355, 8.95989],
			"to": [4.29966, -5.18355, 9.75989],
			"rotation": {"angle": -22.5, "axis": "z", "origin": [3.90658, -6.04944, 8.92239]},
			"faces": {
				"north": {"uv": [12, 1.14286, 12.71429, 1.85714], "texture": "#5"},
				"east": {"uv": [9.71429, 13.14286, 10.14286, 13.85714], "texture": "#5"},
				"south": {"uv": [12, 2.28571, 12.71429, 3], "texture": "#5"},
				"west": {"uv": [9.14286, 13.14286, 9.57143, 13.85714], "texture": "#5"},
				"up": {"uv": [10.71429, 13.85714, 10.28571, 13.14286], "rotation": 270, "texture": "#5"},
				"down": {"uv": [11.28571, 13.14286, 10.85714, 13.85714], "rotation": 90, "texture": "#5"}
			}
		},
		{
			"from": [4.46387, -7.34776, 8.95989],
			"to": [5.21387, -6.59776, 9.75989],
			"rotation": {"angle": -22.5, "axis": "z", "origin": [3.90658, -6.04944, 8.92239]},
			"faces": {
				"north": {"uv": [11.42857, 14.28571, 11.85714, 14.71429], "texture": "#5"},
				"east": {"uv": [14.28571, 11.42857, 14.71429, 11.85714], "texture": "#5"},
				"south": {"uv": [12, 14.28571, 12.42857, 14.71429], "texture": "#5"},
				"west": {"uv": [14.28571, 10.85714, 14.71429, 11.28571], "texture": "#5"},
				"up": {"uv": [14.71429, 12.42857, 14.28571, 12], "rotation": 270, "texture": "#5"},
				"down": {"uv": [13, 14.28571, 12.57143, 14.71429], "rotation": 90, "texture": "#5"}
			}
		},
		{
			"from": [2.51933, -5.90322, 9.20989],
			"to": [3.76933, -4.65322, 9.50989],
			"rotation": {"angle": -22.5, "axis": "z", "origin": [3.90658, -6.04944, 8.92239]},
			"faces": {
				"north": {"uv": [12, 3.42857, 12.71429, 4.14286], "texture": "#5"},
				"east": {"uv": [14.85714, 6.28571, 15, 7], "texture": "#5"},
				"south": {"uv": [12, 5.14286, 12.71429, 5.85714], "texture": "#5"},
				"west": {"uv": [6.28571, 14.85714, 6.42857, 15.57143], "texture": "#5"},
				"up": {"uv": [7, 15.57143, 6.85714, 14.85714], "rotation": 270, "texture": "#5"},
				"down": {"uv": [7.57143, 14.85714, 7.42857, 15.57143], "rotation": 90, "texture": "#5"}
			}
		},
		{
			"from": [3.66293, -4.73833, 9.10989],
			"to": [4.16293, -3.23833, 9.60989],
			"rotation": {"angle": 22.5, "axis": "z", "origin": [3.90658, -6.04944, 8.92239]},
			"faces": {
				"north": {"uv": [0, 13.71429, 0.85714, 14], "rotation": 270, "texture": "#5"},
				"east": {"uv": [2.57143, 14.57143, 2.28571, 13.71429], "texture": "#5"},
				"south": {"uv": [13.71429, 0, 14.57143, 0.28571], "rotation": 90, "texture": "#5"},
				"west": {"uv": [14, 2.28571, 13.71429, 3.14286], "rotation": 180, "texture": "#5"},
				"up": {"uv": [15.42857, 1.14286, 15.71429, 1.42857], "rotation": 90, "texture": "#5"},
				"down": {"uv": [15.42857, 1.71429, 15.71429, 2], "rotation": 90, "texture": "#5"}
			}
		},
		{
			"from": [3.88793, -3.98833, 7.60989],
			"to": [3.91793, -2.73833, 9.35989],
			"rotation": {"angle": 22.5, "axis": "z", "origin": [3.90658, -6.04944, 8.92239]},
			"faces": {
				"east": {"uv": [11.85714, 8.14286, 10.85714, 7.42857], "texture": "#5"},
				"west": {"uv": [9.57143, 10.85714, 8.57143, 11.57143], "rotation": 180, "texture": "#5"}
			}
		},
		{
			"from": [3.66293, -3.73833, 8.60989],
			"to": [4.16293, -3.23833, 9.10989],
			"rotation": {"angle": 22.5, "axis": "z", "origin": [3.90658, -6.04944, 8.92239]},
			"faces": {
				"north": {"uv": [15.42857, 2.28571, 15.71429, 2.57143], "rotation": 270, "texture": "#5"},
				"east": {"uv": [15.71429, 3.14286, 15.42857, 2.85714], "texture": "#5"},
				"west": {"uv": [3.71429, 15.42857, 3.42857, 15.71429], "rotation": 180, "texture": "#5"},
				"up": {"uv": [2.28571, 15.42857, 2.57143, 15.71429], "rotation": 90, "texture": "#5"},
				"down": {"uv": [2.85714, 15.42857, 3.14286, 15.71429], "rotation": 90, "texture": "#5"}
			}
		},
		{
			"from": [3.77836, -4.73581, 9.10989],
			"to": [4.27836, -3.23581, 9.60989],
			"rotation": {"angle": 0, "axis": "z", "origin": [3.90658, -6.04944, 8.92239]},
			"faces": {
				"north": {"uv": [13.71429, 0.57143, 14.57143, 0.85714], "rotation": 270, "texture": "#5"},
				"east": {"uv": [14, 4.28571, 13.71429, 3.42857], "texture": "#5"},
				"south": {"uv": [2.85714, 13.71429, 3.71429, 14], "rotation": 90, "texture": "#5"},
				"west": {"uv": [4.28571, 13.71429, 4, 14.57143], "rotation": 180, "texture": "#5"},
				"up": {"uv": [15.42857, 3.42857, 15.71429, 3.71429], "rotation": 90, "texture": "#5"},
				"down": {"uv": [4, 15.42857, 4.28571, 15.71429], "rotation": 90, "texture": "#5"}
			}
		},
		{
			"from": [3.77836, -3.73581, 8.60989],
			"to": [4.27836, -3.23581, 9.10989],
			"rotation": {"angle": 0, "axis": "z", "origin": [3.90658, -6.04944, 8.92239]},
			"faces": {
				"north": {"uv": [4.57143, 15.42857, 4.85714, 15.71429], "rotation": 270, "texture": "#5"},
				"east": {"uv": [5.42857, 15.71429, 5.14286, 15.42857], "texture": "#5"},
				"west": {"uv": [15.71429, 5.14286, 15.42857, 5.42857], "rotation": 180, "texture": "#5"},
				"up": {"uv": [15.42857, 4, 15.71429, 4.28571], "rotation": 90, "texture": "#5"},
				"down": {"uv": [15.42857, 4.57143, 15.71429, 4.85714], "rotation": 90, "texture": "#5"}
			}
		},
		{
			"from": [4.00336, -3.98581, 7.60989],
			"to": [4.03336, -2.73581, 9.35989],
			"rotation": {"angle": 0, "axis": "z", "origin": [3.90658, -6.04944, 8.92239]},
			"faces": {
				"east": {"uv": [11.85714, 9.28571, 10.85714, 8.57143], "texture": "#5"},
				"west": {"uv": [10.71429, 10.85714, 9.71429, 11.57143], "rotation": 180, "texture": "#5"}
			}
		},
		{
			"from": [1.10002, -6.40415, 9.10989],
			"to": [2.60002, -5.90415, 9.60989],
			"rotation": {"angle": -45, "axis": "z", "origin": [3.90658, -6.04944, 8.92239]},
			"faces": {
				"north": {"uv": [4.57143, 13.71429, 5.42857, 14], "texture": "#5"},
				"east": {"uv": [15.42857, 5.71429, 15.71429, 6], "texture": "#5"},
				"south": {"uv": [13.71429, 4.57143, 14.57143, 4.85714], "texture": "#5"},
				"west": {"uv": [5.71429, 15.42857, 6, 15.71429], "texture": "#5"},
				"up": {"uv": [14, 6, 13.71429, 5.14286], "rotation": 270, "texture": "#5"},
				"down": {"uv": [6, 13.71429, 5.71429, 14.57143], "rotation": 90, "texture": "#5"}
			}
		},
		{
			"from": [1.10002, -6.40415, 8.60989],
			"to": [1.60002, -5.90415, 9.10989],
			"rotation": {"angle": -45, "axis": "z", "origin": [3.90658, -6.04944, 8.92239]},
			"faces": {
				"north": {"uv": [15.42857, 6.85714, 15.71429, 7.14286], "texture": "#5"},
				"east": {"uv": [15.42857, 7.42857, 15.71429, 7.71429], "texture": "#5"},
				"west": {"uv": [15.42857, 6.28571, 15.71429, 6.57143], "texture": "#5"},
				"up": {"uv": [8.28571, 15.71429, 8, 15.42857], "rotation": 270, "texture": "#5"},
				"down": {"uv": [15.71429, 8, 15.42857, 8.28571], "rotation": 90, "texture": "#5"}
			}
		},
		{
			"from": [0.60002, -6.17915, 7.60989],
			"to": [1.85002, -6.14915, 9.35989],
			"rotation": {"angle": -45, "axis": "z", "origin": [3.90658, -6.04944, 8.92239]},
			"faces": {
				"up": {"uv": [11.85714, 10.42857, 10.85714, 9.71429], "rotation": 270, "texture": "#5"},
				"down": {"uv": [11.85714, 10.85714, 10.85714, 11.57143], "rotation": 90, "texture": "#5"}
			}
		},
		{
			"from": [11.79515, -7.38306, 9.04609],
			"to": [12.37899, -6.21538, 9.62993],
			"rotation": {"angle": -22.5, "axis": "z", "origin": [12.09342, -6.04944, 8.92239]},
			"faces": {
				"north": {"uv": [13.71429, 6.57143, 14.42857, 6.28571], "rotation": 270, "texture": "#5"},
				"east": {"uv": [13.71429, 12.57143, 14, 13.28571], "rotation": 180, "texture": "#5"},
				"south": {"uv": [11.42857, 14, 12.14286, 13.71429], "rotation": 90, "texture": "#5"},
				"west": {"uv": [13.71429, 12.14286, 14, 11.42857], "texture": "#5"}
			}
		},
		{
			"from": [9.09061, -6.9134, 9.01001],
			"to": [10.90261, -6.2574, 9.66601],
			"rotation": {"angle": 45, "axis": "z", "origin": [12.09342, -6.04944, 8.92239]},
			"faces": {
				"north": {"uv": [7.85714, 3.42857, 6.85714, 3.85714], "texture": "#5"},
				"south": {"uv": [13.57143, 0, 12.57143, 0.42857], "texture": "#5"},
				"west": {"uv": [11.28571, 14.28571, 10.85714, 14.71429], "texture": "#5"},
				"up": {"uv": [2.71429, 12.57143, 2.28571, 13.57143], "rotation": 270, "texture": "#5"},
				"down": {"uv": [3.28571, 13.57143, 2.85714, 12.57143], "rotation": 90, "texture": "#5"}
			}
		},
		{
			"from": [7.81561, -6.9634, 9.33601],
			"to": [10.62761, -5.3074, 9.36601],
			"rotation": {"angle": 45, "axis": "z", "origin": [12.09342, -6.04944, 8.92239]},
			"faces": {
				"north": {"uv": [10.14286, 2.28571, 8.57143, 3.28571], "texture": "#5"},
				"south": {"uv": [6.14286, 8.57143, 4.57143, 9.57143], "texture": "#5"}
			}
		},
		{
			"from": [11.70034, -6.43355, 8.95989],
			"to": [12.95034, -5.18355, 9.75989],
			"rotation": {"angle": 22.5, "axis": "z", "origin": [12.09342, -6.04944, 8.92239]},
			"faces": {
				"north": {"uv": [12.71429, 1.14286, 12, 1.85714], "texture": "#5"},
				"east": {"uv": [9.57143, 13.14286, 9.14286, 13.85714], "texture": "#5"},
				"south": {"uv": [12.71429, 2.28571, 12, 3], "texture": "#5"},
				"west": {"uv": [10.14286, 13.14286, 9.71429, 13.85714], "texture": "#5"},
				"up": {"uv": [10.71429, 13.14286, 10.28571, 13.85714], "rotation": 270, "texture": "#5"},
				"down": {"uv": [11.28571, 13.85714, 10.85714, 13.14286], "rotation": 90, "texture": "#5"}
			}
		},
		{
			"from": [10.78613, -7.34776, 8.95989],
			"to": [11.53613, -6.59776, 9.75989],
			"rotation": {"angle": 22.5, "axis": "z", "origin": [12.09342, -6.04944, 8.92239]},
			"faces": {
				"north": {"uv": [11.85714, 14.28571, 11.42857, 14.71429], "texture": "#5"},
				"east": {"uv": [14.71429, 10.85714, 14.28571, 11.28571], "texture": "#5"},
				"south": {"uv": [12.42857, 14.28571, 12, 14.71429], "texture": "#5"},
				"west": {"uv": [14.71429, 11.42857, 14.28571, 11.85714], "texture": "#5"},
				"up": {"uv": [14.71429, 12, 14.28571, 12.42857], "rotation": 270, "texture": "#5"},
				"down": {"uv": [13, 14.71429, 12.57143, 14.28571], "rotation": 90, "texture": "#5"}
			}
		},
		{
			"from": [12.23067, -5.90322, 9.20989],
			"to": [13.48067, -4.65322, 9.50989],
			"rotation": {"angle": 22.5, "axis": "z", "origin": [12.09342, -6.04944, 8.92239]},
			"faces": {
				"north": {"uv": [12.71429, 3.42857, 12, 4.14286], "texture": "#5"},
				"east": {"uv": [6.42857, 14.85714, 6.28571, 15.57143], "texture": "#5"},
				"south": {"uv": [12.71429, 5.14286, 12, 5.85714], "texture": "#5"},
				"west": {"uv": [15, 6.28571, 14.85714, 7], "texture": "#5"},
				"up": {"uv": [7, 14.85714, 6.85714, 15.57143], "rotation": 270, "texture": "#5"},
				"down": {"uv": [7.57143, 15.57143, 7.42857, 14.85714], "rotation": 90, "texture": "#5"}
			}
		},
		{
			"from": [11.83707, -4.73833, 9.10989],
			"to": [12.33707, -3.23833, 9.60989],
			"rotation": {"angle": -22.5, "axis": "z", "origin": [12.09342, -6.04944, 8.92239]},
			"faces": {
				"north": {"uv": [0, 14, 0.85714, 13.71429], "rotation": 270, "texture": "#5"},
				"east": {"uv": [13.71429, 2.28571, 14, 3.14286], "rotation": 180, "texture": "#5"},
				"south": {"uv": [13.71429, 0.28571, 14.57143, 0], "rotation": 90, "texture": "#5"},
				"west": {"uv": [2.28571, 14.57143, 2.57143, 13.71429], "texture": "#5"},
				"up": {"uv": [15.42857, 1.42857, 15.71429, 1.14286], "rotation": 90, "texture": "#5"},
				"down": {"uv": [15.42857, 2, 15.71429, 1.71429], "rotation": 90, "texture": "#5"}
			}
		},
		{
			"from": [12.08207, -3.98833, 7.60989],
			"to": [12.11207, -2.73833, 9.35989],
			"rotation": {"angle": -22.5, "axis": "z", "origin": [12.09342, -6.04944, 8.92239]},
			"faces": {
				"east": {"uv": [8.57143, 10.85714, 9.57143, 11.57143], "rotation": 180, "texture": "#5"},
				"west": {"uv": [10.85714, 8.14286, 11.85714, 7.42857], "texture": "#5"}
			}
		},
		{
			"from": [11.83707, -3.73833, 8.60989],
			"to": [12.33707, -3.23833, 9.10989],
			"rotation": {"angle": -22.5, "axis": "z", "origin": [12.09342, -6.04944, 8.92239]},
			"faces": {
				"north": {"uv": [15.42857, 2.57143, 15.71429, 2.28571], "rotation": 270, "texture": "#5"},
				"east": {"uv": [3.42857, 15.42857, 3.71429, 15.71429], "rotation": 180, "texture": "#5"},
				"west": {"uv": [15.42857, 3.14286, 15.71429, 2.85714], "texture": "#5"},
				"up": {"uv": [2.28571, 15.71429, 2.57143, 15.42857], "rotation": 90, "texture": "#5"},
				"down": {"uv": [2.85714, 15.71429, 3.14286, 15.42857], "rotation": 90, "texture": "#5"}
			}
		},
		{
			"from": [11.72164, -4.73581, 9.10989],
			"to": [12.22164, -3.23581, 9.60989],
			"rotation": {"angle": 0, "axis": "z", "origin": [12.09342, -6.04944, 8.92239]},
			"faces": {
				"north": {"uv": [13.71429, 0.85714, 14.57143, 0.57143], "rotation": 270, "texture": "#5"},
				"east": {"uv": [4, 13.71429, 4.28571, 14.57143], "rotation": 180, "texture": "#5"},
				"south": {"uv": [2.85714, 14, 3.71429, 13.71429], "rotation": 90, "texture": "#5"},
				"west": {"uv": [13.71429, 4.28571, 14, 3.42857], "texture": "#5"},
				"up": {"uv": [15.42857, 3.71429, 15.71429, 3.42857], "rotation": 90, "texture": "#5"},
				"down": {"uv": [4, 15.71429, 4.28571, 15.42857], "rotation": 90, "texture": "#5"}
			}
		},
		{
			"from": [11.72164, -3.73581, 8.60989],
			"to": [12.22164, -3.23581, 9.10989],
			"rotation": {"angle": 0, "axis": "z", "origin": [12.09342, -6.04944, 8.92239]},
			"faces": {
				"north": {"uv": [4.57143, 15.71429, 4.85714, 15.42857], "rotation": 270, "texture": "#5"},
				"east": {"uv": [15.42857, 5.14286, 15.71429, 5.42857], "rotation": 180, "texture": "#5"},
				"west": {"uv": [5.14286, 15.71429, 5.42857, 15.42857], "texture": "#5"},
				"up": {"uv": [15.42857, 4.28571, 15.71429, 4], "rotation": 90, "texture": "#5"},
				"down": {"uv": [15.42857, 4.85714, 15.71429, 4.57143], "rotation": 90, "texture": "#5"}
			}
		},
		{
			"from": [11.96664, -3.98581, 7.60989],
			"to": [11.99664, -2.73581, 9.35989],
			"rotation": {"angle": 0, "axis": "z", "origin": [12.09342, -6.04944, 8.92239]},
			"faces": {
				"east": {"uv": [9.71429, 10.85714, 10.71429, 11.57143], "rotation": 180, "texture": "#5"},
				"west": {"uv": [10.85714, 9.28571, 11.85714, 8.57143], "texture": "#5"}
			}
		},
		{
			"from": [13.39998, -6.40415, 9.10989],
			"to": [14.89998, -5.90415, 9.60989],
			"rotation": {"angle": 45, "axis": "z", "origin": [12.09342, -6.04944, 8.92239]},
			"faces": {
				"north": {"uv": [5.42857, 13.71429, 4.57143, 14], "texture": "#5"},
				"east": {"uv": [6, 15.42857, 5.71429, 15.71429], "texture": "#5"},
				"south": {"uv": [14.57143, 4.57143, 13.71429, 4.85714], "texture": "#5"},
				"west": {"uv": [15.71429, 5.71429, 15.42857, 6], "texture": "#5"},
				"up": {"uv": [14, 5.14286, 13.71429, 6], "rotation": 270, "texture": "#5"},
				"down": {"uv": [6, 14.57143, 5.71429, 13.71429], "rotation": 90, "texture": "#5"}
			}
		},
		{
			"from": [14.39998, -6.40415, 8.60989],
			"to": [14.89998, -5.90415, 9.10989],
			"rotation": {"angle": 45, "axis": "z", "origin": [12.09342, -6.04944, 8.92239]},
			"faces": {
				"north": {"uv": [15.71429, 6.85714, 15.42857, 7.14286], "texture": "#5"},
				"east": {"uv": [15.71429, 6.28571, 15.42857, 6.57143], "texture": "#5"},
				"west": {"uv": [15.71429, 7.42857, 15.42857, 7.71429], "texture": "#5"},
				"up": {"uv": [8.28571, 15.42857, 8, 15.71429], "rotation": 270, "texture": "#5"},
				"down": {"uv": [15.71429, 8.28571, 15.42857, 8], "rotation": 90, "texture": "#5"}
			}
		},
		{
			"from": [14.14998, -6.17915, 7.60989],
			"to": [15.39998, -6.14915, 9.35989],
			"rotation": {"angle": 45, "axis": "z", "origin": [12.09342, -6.04944, 8.92239]},
			"faces": {
				"up": {"uv": [11.85714, 9.71429, 10.85714, 10.42857], "rotation": 270, "texture": "#5"},
				"down": {"uv": [11.85714, 11.57143, 10.85714, 10.85714], "rotation": 90, "texture": "#5"}
			}
		}
	],
	"gui_light": "front",
	"display": {
		"thirdperson_righthand": {
			"rotation": [48, 180, 0],
			"translation": [0, 0.75, -2]
		},
		"thirdperson_lefthand": {
			"rotation": [68, 0, 0],
			"translation": [-5.5, -8.25, 10.75],
			"scale": [1.33984, 1.33984, 1.33984]
		},
		"firstperson_righthand": {
			"rotation": [-15, 180, 0],
			"translation": [-3.5, 3, 3.5]
		},
		"firstperson_lefthand": {
			"rotation": [-15, 0, 0],
			"translation": [0, 0, 0.75],
			"scale": [0, 0, 0]
		},
		"ground": {
			"rotation": [-45, 0, 0],
			"translation": [0, 6, 0]
		},
		"gui": {
			"rotation": [0, 150, 0],
			"translation": [0.75, 18.25, 0],
			"scale": [1.03008, 1.03008, 1.03008]
		},
		"head": {
			"translation": [0, -10.25, 9.5],
			"scale": [1.99141, 1.99141, 1.99141]
		},
		"fixed": {
			"rotation": [-90, 0, 0],
			"translation": [0, 3.5, -16.75],
			"scale": [3, 3, 3]
		}
	}
}