{
	"credit": "Made with Blockbench",
	"texture_size": [128, 128],
	"textures": {
		"0": "item/multiple/hw_phantom_2024/ghost_texture",
		"1": "item/multiple/hw_phantom_2024/ghost_animation",
		"2": "item/multiple/hw_phantom_2024/ghost_animation2",
		"particle": "item/multiple/hw_phantom_2024/ghost_texture"
	},
	"elements": [
		{
			"from": [11.75, -2, 8.75],
			"to": [14.25, -0.5, 11.25],
			"rotation": {"angle": 45, "axis": "y", "origin": [13, -2.5, 10]},
			"faces": {
				"north": {"uv": [2.1875, 1.9375, 2.5, 2.125], "texture": "#0"},
				"east": {"uv": [2.5, 1.9375, 2.1875, 2.125], "texture": "#0"},
				"south": {"uv": [2.1875, 1.9375, 2.5, 2.125], "texture": "#0"},
				"west": {"uv": [2.5, 1.9375, 2.1875, 2.125], "texture": "#0"}
			}
		},
		{
			"from": [11.5, -0.5, 8.5],
			"to": [14.5, 1, 11.5],
			"rotation": {"angle": 45, "axis": "y", "origin": [13, 0.5, 10]},
			"faces": {
				"north": {"uv": [2.1875, 2.5, 2.5625, 2.6875], "texture": "#0"},
				"east": {"uv": [2.1875, 2.5, 2.5625, 2.6875], "texture": "#0"},
				"south": {"uv": [2.1875, 2.5, 2.5625, 2.6875], "texture": "#0"},
				"west": {"uv": [2.1875, 2.5, 2.5625, 2.6875], "texture": "#0"},
				"up": {"uv": [2.1875, 2.125, 2.5625, 2.5], "texture": "#0"},
				"down": {"uv": [2.1875, 2.125, 2.5625, 2.5], "texture": "#0"}
			}
		},
		{
			"from": [5.1, 12.5, 13],
			"to": [11.1, 23.5, 13],
			"rotation": {"angle": 0, "axis": "y", "origin": [8.1, 17.5, 13]},
			"faces": {
				"north": {"uv": [0, 0, 6, 11], "texture": "#1"},
				"east": {"uv": [0, 0, 0, 8], "texture": "#1"},
				"south": {"uv": [6, 0, 0, 11], "texture": "#1"},
				"west": {"uv": [0, 0, 0, 8], "texture": "#1"},
				"up": {"uv": [0, 6, 0, 0], "rotation": 90, "texture": "#1"},
				"down": {"uv": [0, 0, 0, 6], "rotation": 270, "texture": "#1"}
			}
		},
		{
			"from": [11.25, -3.5, 8.25],
			"to": [14.75, -2, 11.75],
			"rotation": {"angle": 45, "axis": "y", "origin": [13, -2.75, 10]},
			"faces": {
				"north": {"uv": [2.1875, 2.6875, 2.625, 2.875], "texture": "#0"},
				"east": {"uv": [2.1875, 2.6875, 2.625, 2.875], "texture": "#0"},
				"south": {"uv": [2.1875, 2.6875, 2.625, 2.875], "texture": "#0"},
				"west": {"uv": [2.1875, 2.6875, 2.625, 2.875], "texture": "#0"},
				"up": {"uv": [2.1875, 2.875, 2.625, 3.3125], "texture": "#0"},
				"down": {"uv": [2.1875, 2.875, 2.625, 3.3125], "texture": "#0"}
			}
		},
		{
			"from": [12, -4, 9],
			"to": [14, 2, 11],
			"rotation": {"angle": 45, "axis": "y", "origin": [13, 4, 10]},
			"faces": {
				"north": {"uv": [2.1875, 2.375, 1.9375, 3.125], "texture": "#0"},
				"east": {"uv": [2.1875, 2.375, 1.9375, 3.125], "texture": "#0"},
				"south": {"uv": [2.1875, 2.375, 1.9375, 3.125], "texture": "#0"},
				"west": {"uv": [2.1875, 2.375, 1.9375, 3.125], "texture": "#0"},
				"up": {"uv": [2.6875, 7.3125, 2.4375, 7.5625], "texture": "#0"},
				"down": {"uv": [2.1875, 3.125, 1.9375, 3.375], "texture": "#0"}
			}
		},
		{
			"from": [1.5, 3, 6],
			"to": [3.5, 8, 11.5],
			"rotation": {"angle": 0, "axis": "y", "origin": [14, 0, 18]},
			"faces": {
				"north": {"uv": [6.5, 15.375, 6.25, 16], "texture": "#0"},
				"east": {"uv": [6, 15.375, 5.3125, 16], "texture": "#0"},
				"south": {"uv": [6.25, 15.375, 6, 16], "texture": "#0"},
				"west": {"uv": [6, 15.375, 5.3125, 16], "texture": "#0"},
				"up": {"uv": [5.1875, 14.3125, 5.4375, 13.625], "rotation": 180, "texture": "#0"},
				"down": {"uv": [5.4375, 14.3125, 5.6875, 13.625], "rotation": 180, "texture": "#0"}
			}
		},
		{
			"from": [12.5, 3, 6],
			"to": [14.5, 8, 11.5],
			"rotation": {"angle": 0, "axis": "y", "origin": [2, 0, 18]},
			"faces": {
				"north": {"uv": [6.25, 15.375, 6.5, 16], "texture": "#0"},
				"east": {"uv": [5.3125, 15.375, 6, 16], "texture": "#0"},
				"south": {"uv": [6, 15.375, 6.25, 16], "texture": "#0"},
				"west": {"uv": [5.3125, 15.375, 6, 16], "texture": "#0"},
				"up": {"uv": [5.4375, 14.3125, 5.1875, 13.625], "rotation": 180, "texture": "#0"},
				"down": {"uv": [5.6875, 14.3125, 5.4375, 13.625], "rotation": 180, "texture": "#0"}
			}
		},
		{
			"from": [3.5, 3, 6],
			"to": [12.5, 10.5, 11.5],
			"rotation": {"angle": 0, "axis": "y", "origin": [16.5, 0, 19]},
			"faces": {
				"north": {"uv": [2.25, 15.0625, 1.125, 16], "texture": "#0"},
				"east": {"uv": [2.25, 15.0625, 2.9375, 16], "texture": "#0"},
				"south": {"uv": [1.125, 15.0625, 0, 16], "texture": "#0"},
				"west": {"uv": [2.9375, 15.0625, 2.25, 16], "texture": "#0"},
				"up": {"uv": [4.0625, 15.3125, 2.9375, 16], "texture": "#0"},
				"down": {"uv": [4.0625, 15.3125, 2.9375, 16], "texture": "#0"}
			}
		},
		{
			"from": [3.5, 3, 11.5],
			"to": [12.5, 8.5, 13.5],
			"rotation": {"angle": 0, "axis": "y", "origin": [16.5, 0, 21]},
			"faces": {
				"north": {"uv": [4.0625, 14.625, 2.9375, 15.3125], "texture": "#0"},
				"east": {"uv": [4.9375, 13.625, 5.1875, 14.3125], "texture": "#0"},
				"south": {"uv": [4.0625, 14.625, 2.9375, 15.3125], "texture": "#0"},
				"west": {"uv": [5.1875, 13.625, 4.9375, 14.3125], "texture": "#0"},
				"up": {"uv": [5.1875, 14.9375, 4.0625, 15.1875], "texture": "#0"},
				"down": {"uv": [5.1875, 14.6875, 4.0625, 14.9375], "texture": "#0"}
			}
		},
		{
			"from": [3, 10.5, 6],
			"to": [13, 16.5, 12.5],
			"rotation": {"angle": 0, "axis": "y", "origin": [16, 0.5, 19]},
			"faces": {
				"north": {"uv": [4.625, 7.6875, 3.375, 8.4375], "texture": "#0"},
				"east": {"uv": [4.25, 10.625, 5.0625, 11.375], "texture": "#0"},
				"south": {"uv": [4.25, 10.625, 3, 11.375], "texture": "#0"},
				"west": {"uv": [5.0625, 10.625, 4.25, 11.375], "texture": "#0"},
				"up": {"uv": [3.375, 9.25, 4.625, 8.4375], "rotation": 180, "texture": "#0"},
				"down": {"uv": [4.0625, 16, 5.3125, 15.1875], "rotation": 180, "texture": "#0"}
			}
		},
		{
			"from": [6.75, 10, 11],
			"to": [9.25, 13, 13.5],
			"rotation": {"angle": -22.5, "axis": "x", "origin": [8.2, 11, 12.5]},
			"faces": {
				"north": {"uv": [5.625, 15, 5.9375, 15.375], "texture": "#0"},
				"east": {"uv": [5.9375, 15, 6.25, 15.375], "texture": "#0"},
				"south": {"uv": [5.625, 15, 5.9375, 15.375], "texture": "#0"},
				"west": {"uv": [5.9375, 15, 6.25, 15.375], "texture": "#0"},
				"up": {"uv": [5.3125, 14.6875, 5.625, 15], "texture": "#0"},
				"down": {"uv": [5.3125, 14.6875, 5.625, 15], "texture": "#0"}
			}
		},
		{
			"from": [1.5, 16.5, 7],
			"to": [14.5, 20, 10.5],
			"rotation": {"angle": 0, "axis": "y", "origin": [8.5, 29, 3.5]},
			"faces": {
				"north": {"uv": [5.375, 6.0625, 7, 6.5], "texture": "#0"},
				"east": {"uv": [7.3125, 5.375, 6.875, 5.8125], "texture": "#0"},
				"south": {"uv": [5.375, 6.0625, 7, 6.5], "texture": "#0"},
				"west": {"uv": [6.875, 5.375, 7.3125, 5.8125], "texture": "#0"},
				"up": {"uv": [5.375, 6.5, 7, 6.9375], "texture": "#0"},
				"down": {"uv": [5.375, 6.5, 7, 6.9375], "texture": "#0"}
			}
		},
		{
			"from": [7.25, 0.7, 10],
			"to": [7.25, 13.7, 32],
			"rotation": {"angle": 22.5, "axis": "x", "origin": [7.2, 7.2, 21]},
			"faces": {
				"north": {"uv": [0, 0, 0, 5], "rotation": 180, "texture": "#missing"},
				"east": {"uv": [6.5, 0, 0, 11], "rotation": 270, "texture": "#2"},
				"south": {"uv": [0, 5, 0, 0], "texture": "#missing"},
				"west": {"uv": [0, 0, 6.5, 11], "rotation": 90, "texture": "#2"},
				"up": {"uv": [0, 0, 0, 10], "rotation": 180, "texture": "#missing"},
				"down": {"uv": [0, 0, 0, 10], "texture": "#missing"}
			}
		},
		{
			"from": [12, 2, 10],
			"to": [14, 3, 10],
			"rotation": {"angle": 0, "axis": "y", "origin": [12, 1, 9]},
			"faces": {
				"north": {"uv": [2.0625, 7.875, 2.3125, 8], "texture": "#0"},
				"east": {"uv": [0, 0, 0, 0.125], "texture": "#missing"},
				"south": {"uv": [2.0625, 7.875, 2.3125, 8], "texture": "#0"},
				"west": {"uv": [0, 0, 0, 0.125], "texture": "#missing"},
				"up": {"uv": [0, 0, 0.25, 0], "texture": "#missing"},
				"down": {"uv": [0, 0, 0.25, 0], "texture": "#missing"}
			}
		}
	],
	"gui_light": "front",
	"display": {
		"thirdperson_righthand": {
			"rotation": [55, 180, 0],
			"translation": [0, -1, 0],
			"scale": [0.6, 0.6, 0.6]
		},
		"thirdperson_lefthand": {
			"rotation": [67.5, 0, 0],
			"translation": [-5.75, -8.75, 5.75]
		},
		"firstperson_righthand": {
			"rotation": [0, -75, 0],
			"translation": [11.75, -2.75, -10.75],
			"scale": [0.8, 0.8, 0.8]
		},
		"firstperson_lefthand": {
			"scale": [0, 0, 0]
		},
		"ground": {
			"rotation": [-80, 0, 0],
			"translation": [0, 1, -1.25],
			"scale": [0.6, 0.6, 0.6]
		},
		"gui": {
			"rotation": [14, 30, 0],
			"translation": [-0.25, -0.25, 0],
			"scale": [0.65, 0.65, 0.65]
		},
		"head": {
			"translation": [0, -56, 7],
			"scale": [1.6, 1.6, 1.6]
		},
		"fixed": {
			"rotation": [0, 180, 0],
			"translation": [0.5, -5.25, -3.25],
			"scale": [1.6, 1.6, 1.6]
		}
	}
}