{
	"credit": "Made with Blockbench",
	"texture_size": [64, 64],
	"textures": {
		"0": "item/backpacks/lush_backpack",
		"particle": "item/backpacks/lush_backpack"
	},
	"elements": [
		{
			"from": [4, 0, 10],
			"to": [12, 8, 15],
			"rotation": {"angle": 0, "axis": "y", "origin": [4, 0, 10]},
			"faces": {
				"north": {"uv": [2.5, 0, 4.5, 2], "texture": "#0"},
				"east": {"uv": [0, 4, 1.25, 6], "texture": "#0"},
				"south": {"uv": [2.5, 2, 4.5, 4], "texture": "#0"},
				"west": {"uv": [1.25, 4, 2.5, 6], "texture": "#0"},
				"up": {"uv": [4.5, 5.25, 2.5, 4], "texture": "#0"},
				"down": {"uv": [6.5, 0, 4.5, 1.25], "texture": "#0"}
			}
		},
		{
			"from": [2.99, -1.01, 9.99],
			"to": [13.01, 2.01, 18.01],
			"rotation": {"angle": 0, "axis": "y", "origin": [4, -1, 10]},
			"faces": {
				"north": {"uv": [4.5, 1.25, 7, 2], "texture": "#0"},
				"east": {"uv": [2.5, 5.25, 4.5, 6], "texture": "#0"},
				"south": {"uv": [4.5, 2, 7, 2.75], "texture": "#0"},
				"west": {"uv": [4.5, 5.25, 6.5, 6], "texture": "#0"},
				"up": {"uv": [2.5, 2, 0, 0], "texture": "#0"},
				"down": {"uv": [2.5, 2, 0, 4], "texture": "#0"}
			}
		},
		{
			"from": [5, -3, 10],
			"to": [10, -1, 15],
			"rotation": {"angle": 0, "axis": "y", "origin": [4, -3, 10]},
			"faces": {
				"north": {"uv": [5.75, 4.75, 7, 5.25], "texture": "#0"},
				"east": {"uv": [0, 6, 1.25, 6.5], "texture": "#0"},
				"south": {"uv": [1.25, 6, 2.5, 6.5], "texture": "#0"},
				"west": {"uv": [2.5, 6, 3.75, 6.5], "texture": "#0"},
				"up": {"uv": [5.75, 4, 4.5, 2.75], "texture": "#0"},
				"down": {"uv": [5.75, 4, 4.5, 5.25], "texture": "#0"}
			}
		},
		{
			"from": [6, 0, 18],
			"to": [12, 2, 20],
			"rotation": {"angle": 0, "axis": "y", "origin": [4, 0, 18]},
			"faces": {
				"north": {"uv": [5.75, 2.75, 7.25, 3.25], "texture": "#0"},
				"east": {"uv": [3.75, 6, 4.25, 6.5], "texture": "#0"},
				"south": {"uv": [5.75, 3.25, 7.25, 3.75], "texture": "#0"},
				"west": {"uv": [4.25, 6, 4.75, 6.5], "texture": "#0"},
				"up": {"uv": [7.25, 4.25, 5.75, 3.75], "texture": "#0"},
				"down": {"uv": [7.25, 4.25, 5.75, 4.75], "texture": "#0"}
			}
		},
		{
			"from": [2.5, -7, 12.5],
			"to": [5.5, -1, 12.5],
			"rotation": {"angle": 0, "axis": "y", "origin": [4, -4, 12.5]},
			"faces": {
				"north": {"uv": [4.5, 7, 5.25, 8.5], "texture": "#0"},
				"east": {"uv": [0, 0, 0, 1.5], "texture": "#0"},
				"south": {"uv": [7.25, 1.5, 8, 3], "texture": "#0"},
				"west": {"uv": [0, 0, 0, 1.5], "texture": "#0"},
				"up": {"uv": [0.75, 0, 0, 0], "texture": "#0"},
				"down": {"uv": [0.75, 0, 0, 0], "texture": "#0"}
			}
		},
		{
			"from": [4, -7, 11],
			"to": [4, -1, 14],
			"rotation": {"angle": 0, "axis": "y", "origin": [4, -4, 12.5]},
			"faces": {
				"north": {"uv": [0, 0, 0, 1.5], "texture": "#0"},
				"east": {"uv": [5.75, 6.5, 6.5, 8], "texture": "#0"},
				"south": {"uv": [0, 0, 0, 1.5], "texture": "#0"},
				"west": {"uv": [6.5, 6.75, 7.25, 8.25], "texture": "#0"},
				"up": {"uv": [0.75, 0, 0, 0], "texture": "#0"},
				"down": {"uv": [0.75, 0, 0, 0], "texture": "#0"}
			}
		},
		{
			"from": [12, -6, 11],
			"to": [12, 0, 14],
			"rotation": {"angle": -45, "axis": "y", "origin": [12, -3.5, 12.5]},
			"faces": {
				"north": {"uv": [0, 0, 0, 1.5], "texture": "#0"},
				"east": {"uv": [6.5, 5.25, 7.25, 6.75], "texture": "#0"},
				"south": {"uv": [0, 0, 0, 1.5], "texture": "#0"},
				"west": {"uv": [3.75, 6.5, 4.5, 8], "texture": "#0"},
				"up": {"uv": [0.75, 0, 0, 0], "texture": "#0"},
				"down": {"uv": [0.75, 0, 0, 0], "texture": "#0"}
			}
		},
		{
			"from": [12, -6, 11],
			"to": [12, 0, 14],
			"rotation": {"angle": 45, "axis": "y", "origin": [12, -3.5, 12.5]},
			"faces": {
				"north": {"uv": [0, 0, 0, 1.5], "texture": "#0"},
				"east": {"uv": [0, 7, 0.75, 8.5], "texture": "#0"},
				"south": {"uv": [0, 0, 0, 1.5], "texture": "#0"},
				"west": {"uv": [7, 0, 7.75, 1.5], "texture": "#0"},
				"up": {"uv": [0, 0.75, 0, 0], "texture": "#0"},
				"down": {"uv": [0, 0, 0, 0.75], "texture": "#0"}
			}
		},
		{
			"from": [8, -7, 15],
			"to": [8, -1, 18],
			"rotation": {"angle": 45, "axis": "y", "origin": [8, -4.5, 16.5]},
			"faces": {
				"north": {"uv": [0, 0, 0, 1.5], "texture": "#0"},
				"east": {"uv": [0.75, 6.5, 1.5, 8], "texture": "#0"},
				"south": {"uv": [0, 0, 0, 1.5], "texture": "#0"},
				"west": {"uv": [1.5, 6.5, 2.25, 8], "texture": "#0"},
				"up": {"uv": [0, 0.75, 0, 0], "texture": "#0"},
				"down": {"uv": [0, 0, 0, 0.75], "texture": "#0"}
			}
		},
		{
			"from": [8, -7, 15],
			"to": [8, -1, 18],
			"rotation": {"angle": -45, "axis": "y", "origin": [8, -4.5, 16.5]},
			"faces": {
				"north": {"uv": [0, 0, 0, 1.5], "texture": "#0"},
				"east": {"uv": [2.25, 6.5, 3, 8], "texture": "#0"},
				"south": {"uv": [0, 0, 0, 1.5], "texture": "#0"},
				"west": {"uv": [3, 6.5, 3.75, 8], "texture": "#0"},
				"up": {"uv": [0, 0.75, 0, 0], "texture": "#0"},
				"down": {"uv": [0, 0, 0, 0.75], "texture": "#0"}
			}
		},
		{
			"from": [10, 4, 15],
			"to": [11, 6, 16],
			"rotation": {"angle": 0, "axis": "y", "origin": [10, 1, 15]},
			"faces": {
				"north": {"uv": [5.75, 6, 6, 6.5], "texture": "#0"},
				"east": {"uv": [6, 6, 6.25, 6.5], "texture": "#0"},
				"south": {"uv": [6.25, 6, 6.5, 6.5], "texture": "#0"},
				"west": {"uv": [0, 6.5, 0.25, 7], "texture": "#0"},
				"up": {"uv": [6.75, 0.25, 6.5, 0], "texture": "#0"},
				"down": {"uv": [0.5, 6.5, 0.25, 6.75], "texture": "#0"}
			}
		},
		{
			"from": [10, 2, 16],
			"to": [11, 6, 17],
			"rotation": {"angle": 0, "axis": "y", "origin": [10, 2, 16]},
			"faces": {
				"north": {"uv": [4.75, 6, 5, 7], "texture": "#0"},
				"east": {"uv": [5, 6, 5.25, 7], "texture": "#0"},
				"south": {"uv": [5.25, 6, 5.5, 7], "texture": "#0"},
				"west": {"uv": [5.5, 6, 5.75, 7], "texture": "#0"},
				"up": {"uv": [6.75, 0.5, 6.5, 0.25], "texture": "#0"},
				"down": {"uv": [0.75, 6.5, 0.5, 6.75], "texture": "#0"}
			}
		}
	],
	"gui_light": "front",
	"display": {
		"thirdperson_righthand": {
			"rotation": [-135, 0, 180],
			"translation": [0, 0.75, 6.75],
			"scale": [0.75, 0.75, 0.75]
		},
		"thirdperson_lefthand": {
			"rotation": [-135, 0, 180],
			"translation": [0, 0.75, 6.75],
			"scale": [0.75, 0.75, 0.75]
		},
		"firstperson_righthand": {
			"rotation": [-165, 0, 180],
			"translation": [0, 2.75, 6.75],
			"scale": [0.75, 0.75, 0.75]
		},
		"firstperson_lefthand": {
			"rotation": [-165, 0, 180],
			"translation": [0, 2.75, 6.75],
			"scale": [0.75, 0.75, 0.75]
		},
		"ground": {
			"translation": [0, 5, 0],
			"scale": [0.5, 0.5, 0.5]
		},
		"gui": {
			"rotation": [0, 0, 45],
			"translation": [-4.5, 5, 0],
			"scale": [0.96, 0.96, 0.96]
		},
		"head": {
			"translation": [0, -53, 0],
			"scale": [1.5, 1.5, 1.5]
		},
		"fixed": {
			"rotation": [-180, 0, -135],
			"translation": [4.5, 4.5, 4]
		}
	},
	"groups": [
		{
			"name": "lush_backpack",
			"origin": [8, 8, 8],
			"color": 0,
			"boneType": "",
			"children": [0, 1, 2, 3, 4, 5, 6, 7, 8, 9, 10, 11]
		}
	]
}