{
	"credit": "Made with Blockbench",
	"texture_size": [32, 32],
	"textures": {
		"0": "item/backpacks/stronghold/backpack",
		"1": "item/backpacks/stronghold/backpack_anim",
		"particle": "item/backpacks/stronghold/backpack"
	},
	"elements": [
		{
			"from": [3, -2, 10],
			"to": [13, 8, 16],
			"rotation": {"angle": 0, "axis": "y", "origin": [4, 0, 10]},
			"faces": {
				"north": {"uv": [0, 0, 2.5, 2.5], "texture": "#0"},
				"east": {"uv": [4, 2.5, 2.5, 5], "texture": "#0"},
				"south": {"uv": [0, 2.5, 2.5, 5], "texture": "#0"},
				"west": {"uv": [2.5, 2.5, 4, 5], "texture": "#0"},
				"up": {"uv": [6.5, 1.5, 4, 0], "texture": "#0"},
				"down": {"uv": [6.5, 1.5, 4, 3], "texture": "#0"}
			}
		},
		{
			"from": [5, 1, 16],
			"to": [11, 7, 17],
			"rotation": {"angle": 0, "axis": "y", "origin": [4, 0, 11]},
			"faces": {
				"north": {"uv": [1.5, 6.5, 3, 8], "texture": "#0"},
				"east": {"uv": [6, 6.5, 6.25, 8], "texture": "#0"},
				"south": {"uv": [3, 6.5, 4.5, 8], "texture": "#0"},
				"west": {"uv": [6.25, 6.5, 6.5, 8], "texture": "#0"},
				"up": {"uv": [8, 2.25, 6.5, 2], "texture": "#0"},
				"down": {"uv": [8, 2.25, 6.5, 2.5], "texture": "#0"}
			}
		},
		{
			"from": [13, -1, 12],
			"to": [16, 5, 15],
			"rotation": {"angle": -22.5, "axis": "x", "origin": [14.5, 2, 13.5]},
			"faces": {
				"north": {"uv": [1.5, 5, 2.25, 6.5], "texture": "#0"},
				"east": {"uv": [2.25, 5, 3, 6.5], "texture": "#0"},
				"south": {"uv": [3, 5, 3.75, 6.5], "texture": "#0"},
				"west": {"uv": [3.75, 5, 4.5, 6.5], "texture": "#0"},
				"up": {"uv": [6.25, 3.75, 5.5, 3], "texture": "#0"},
				"down": {"uv": [6.25, 3.75, 5.5, 4.5], "texture": "#0"}
			}
		},
		{
			"from": [12.75, -2.25, 11.75],
			"to": [16.25, 6.25, 15.25],
			"rotation": {"angle": -22.5, "axis": "x", "origin": [14.5, 2, 13.5]},
			"faces": {
				"north": {"uv": [4, 3, 4.75, 5], "texture": "#0"},
				"east": {"uv": [4.75, 3, 5.5, 5], "texture": "#0"},
				"south": {"uv": [0, 5, 0.75, 7], "texture": "#0"},
				"west": {"uv": [0.75, 5, 1.5, 7], "texture": "#0"},
				"up": {"uv": [5.25, 5.75, 4.5, 5], "texture": "#0"},
				"down": {"uv": [6, 5, 5.25, 5.75], "texture": "#0"}
			}
		},
		{
			"from": [12.5, -2.5, 11.5],
			"to": [16.5, 6.5, 15.5],
			"rotation": {"angle": -22.5, "axis": "x", "origin": [14.5, 2, 13.5]},
			"faces": {
				"north": {"uv": [4.5, 5.75, 5.25, 7.75], "texture": "#0"},
				"east": {"uv": [5.25, 5.75, 6, 7.75], "texture": "#0"},
				"south": {"uv": [6, 4.5, 6.75, 6.5], "texture": "#0"},
				"west": {"uv": [6.5, 0, 7.25, 2], "texture": "#0"},
				"up": {"uv": [7, 3.75, 6.25, 3], "texture": "#0"},
				"down": {"uv": [7, 3.75, 6.25, 4.5], "texture": "#0"}
			}
		},
		{
			"from": [10, -4, 12],
			"to": [24, 10, 12],
			"rotation": {"angle": 22.5, "axis": "z", "origin": [10, 3, 12]},
			"faces": {
				"north": {"uv": [7, 0, 0, 7], "texture": "#1"},
				"east": {"uv": [0, 0, 0, 7], "texture": "#1"},
				"south": {"uv": [0, 0, 7, 7], "texture": "#1"},
				"west": {"uv": [0, 0, 0, 7], "texture": "#1"},
				"up": {"uv": [0, 0, 7, 0], "texture": "#1"},
				"down": {"uv": [0, 0, 7, 0], "texture": "#1"}
			}
		},
		{
			"from": [-8, -4, 12],
			"to": [6, 10, 12],
			"rotation": {"angle": -22.5, "axis": "z", "origin": [6, 3, 12]},
			"faces": {
				"north": {"uv": [0, 0, 7, 7], "texture": "#1"},
				"east": {"uv": [0, 0, 0, 7], "texture": "#1"},
				"south": {"uv": [7, 0, 0, 7], "texture": "#1"},
				"west": {"uv": [0, 0, 0, 7], "texture": "#1"},
				"up": {"uv": [7, 0, 0, 0], "texture": "#1"},
				"down": {"uv": [7, 0, 0, 0], "texture": "#1"}
			}
		}
	],
	"gui_light": "front",
	"display": {
		"thirdperson_righthand": {
			"rotation": [-135, 0, 180],
			"translation": [0, 0.75, 6.75],
			"scale": [0.75, 0.75, 0.75]
		},
		"thirdperson_lefthand": {
			"rotation": [-135, 0, 180],
			"translation": [0, 0.75, 6.75],
			"scale": [0.75, 0.75, 0.75]
		},
		"firstperson_righthand": {
			"rotation": [-165, 0, 180],
			"translation": [0, 2.75, 6.75],
			"scale": [0.75, 0.75, 0.75]
		},
		"firstperson_lefthand": {
			"rotation": [-165, 0, 180],
			"translation": [0, 2.75, 6.75],
			"scale": [0.75, 0.75, 0.75]
		},
		"ground": {
			"translation": [0, 5, 0],
			"scale": [0.5, 0.5, 0.5]
		},
		"gui": {
			"rotation": [0, 0, 45],
			"translation": [-4.5, 2.25, 0],
			"scale": [0.9, 0.9, 0.9]
		},
		"head": {
			"translation": [0, -54, 0],
			"scale": [1.5, 1.5, 1.5]
		},
		"fixed": {
			"rotation": [-180, 0, -135],
			"translation": [3.25, 3.25, 4]
		}
	},
	"groups": [
		{
			"name": "strongold_backpack",
			"origin": [8, 8, 8],
			"color": 0,
			"boneType": "",
			"children": [0, 1, 2, 3, 4, 5, 6]
		}
	]
}