{
    "credit": "MadebyPolygonMC",
    "texture_size": [32, 32],
    "textures": {
        "1": "item/backpacks/swim_tube",
        "particle": "item/backpacks/swim_tube"
    },
    "elements": [{
        "from": [3, 6.88318, 3.57612],
        "to": [5, 8.88318, 13.57612],
        "rotation": {
            "angle": 0,
            "axis": "y",
            "origin": [0, 2.88318, 5.57612]
        },
        "faces": {
            "north": {
                "uv": [1, 5, 2, 6],
                "texture": "#1"
            },
            "east": {
                "uv": [2.5, 0, 7.5, 1],
                "texture": "#1"
            },
            "south": {
                "uv": [1, 6, 2, 7],
                "texture": "#1"
            },
            "west": {
                "uv": [2.5, 1, 7.5, 2],
                "texture": "#1"
            },
            "up": {
                "uv": [3.5, 7, 2.5, 2],
                "texture": "#1"
            },
            "down": {
                "uv": [4.5, 2, 3.5, 7],
                "texture": "#1"
            }
        }
    }, {
        "from": [11, 6.88318, 3.57612],
        "to": [13, 8.88318, 13.57612],
        "rotation": {
            "angle": 0,
            "axis": "y",
            "origin": [16, 2.88318, 5.57612]
        },
        "faces": {
            "north": {
                "uv": [3.5, 7, 4.5, 8],
                "texture": "#1"
            },
            "east": {
                "uv": [4.5, 2, 9.5, 3],
                "texture": "#1"
            },
            "south": {
                "uv": [3.5, 8, 4.5, 9],
                "texture": "#1"
            },
            "west": {
                "uv": [4.5, 3, 9.5, 4],
                "texture": "#1"
            },
            "up": {
                "uv": [5.5, 9, 4.5, 4],
                "texture": "#1"
            },
            "down": {
                "uv": [1, 5, 0, 10],
                "texture": "#1"
            }
        }
    }, {
        "from": [5, 6.88318, 11.57612],
        "to": [11, 8.88318, 13.57612],
        "rotation": {
            "angle": 0,
            "axis": "y",
            "origin": [9, 3.88318, 12.57612]
        },
        "faces": {
            "north": {
                "uv": [8, 6, 11, 7],
                "texture": "#1"
            },
            "east": {
                "uv": [4, 9, 5, 10],
                "texture": "#1"
            },
            "south": {
                "uv": [8, 7, 11, 8],
                "texture": "#1"
            },
            "west": {
                "uv": [3, 10, 4, 11],
                "texture": "#1"
            },
            "up": {
                "uv": [11, 9, 8, 8],
                "texture": "#1"
            },
            "down": {
                "uv": [4, 9, 1, 10],
                "texture": "#1"
            }
        }
    }, {
        "from": [5, 6.88318, 3.57612],
        "to": [11, 8.88318, 5.57612],
        "rotation": {
            "angle": 0,
            "axis": "y",
            "origin": [9, 3.88318, 12.57612]
        },
        "faces": {
            "north": {
                "uv": [8, 9, 11, 10],
                "texture": "#1"
            },
            "east": {
                "uv": [4, 10, 5, 11],
                "texture": "#1"
            },
            "south": {
                "uv": [9.5, 2, 12.5, 3],
                "texture": "#1"
            },
            "west": {
                "uv": [5, 10, 6, 11],
                "texture": "#1"
            },
            "up": {
                "uv": [12.5, 4, 9.5, 3],
                "texture": "#1"
            },
            "down": {
                "uv": [3, 10, 0, 11],
                "texture": "#1"
            }
        }
    }, {
        "from": [6.25, 9.45628, 13.46232],
        "to": [9.75, 9.45628, 15.46232],
        "rotation": {
            "angle": -22.5,
            "axis": "x",
            "origin": [8, 9.45628, 14.96232]
        },
        "faces": {
            "north": {
                "uv": [0, 0, 1.75, 0],
                "texture": "#1"
            },
            "east": {
                "uv": [0, 0, 1, 0],
                "texture": "#1"
            },
            "south": {
                "uv": [0, 0, 1.75, 0],
                "texture": "#1"
            },
            "west": {
                "uv": [0, 0, 1, 0],
                "texture": "#1"
            },
            "up": {
                "uv": [11.75, 1, 10, 0],
                "texture": "#1"
            },
            "down": {
                "uv": [11.75, 1, 10, 2],
                "texture": "#1"
            }
        }
    }, {
        "from": [12.15316, 6.09199, 6.82612],
        "to": [17.15316, 6.64199, 10.32612],
        "rotation": {
            "angle": -45,
            "axis": "z",
            "origin": [14.65316, 6.36699, 8.57612]
        },
        "faces": {
            "north": {
                "uv": [13, 5, 10.5, 5.25],
                "texture": "#1"
            },
            "east": {
                "uv": [4.75, 11, 3, 11.25],
                "texture": "#1"
            },
            "south": {
                "uv": [13, 5.5, 10.5, 5.75],
                "texture": "#1"
            },
            "west": {
                "uv": [2.75, 11, 1, 11.25],
                "texture": "#1"
            },
            "up": {
                "uv": [8, 5.75, 10.5, 4],
                "texture": "#1"
            },
            "down": {
                "uv": [8, 4, 10.5, 5.75],
                "texture": "#1"
            }
        }
    }, {
        "from": [-1.15316, 6.09199, 6.82612],
        "to": [3.84684, 6.64199, 10.32612],
        "rotation": {
            "angle": 45,
            "axis": "z",
            "origin": [1.34684, 6.36699, 8.57612]
        },
        "faces": {
            "north": {
                "uv": [10.5, 5, 13, 5.25],
                "texture": "#1"
            },
            "east": {
                "uv": [1, 11, 2.75, 11.25],
                "texture": "#1"
            },
            "south": {
                "uv": [10.5, 5.5, 13, 5.75],
                "texture": "#1"
            },
            "west": {
                "uv": [3, 11, 4.75, 11.25],
                "texture": "#1"
            },
            "up": {
                "uv": [10.5, 5.75, 8, 4],
                "texture": "#1"
            },
            "down": {
                "uv": [10.5, 4, 8, 5.75],
                "texture": "#1"
            }
        }
    }, {
        "from": [5.5, 7.88318, 0.32612],
        "to": [10.5, 11.88318, 5.07612],
        "rotation": {
            "angle": 0,
            "axis": "y",
            "origin": [6, 4.88318, -4.67388]
        },
        "faces": {
            "north": {
                "uv": [5.5, 4, 8, 6],
                "texture": "#1"
            },
            "east": {
                "uv": [5.5, 6, 8, 8],
                "texture": "#1"
            },
            "south": {
                "uv": [1, 7, 3.5, 9],
                "texture": "#1"
            },
            "west": {
                "uv": [7.5, 0, 10, 2],
                "texture": "#1"
            },
            "up": {
                "uv": [2.5, 2.5, 0, 0],
                "texture": "#1"
            },
            "down": {
                "uv": [2.5, 2.5, 0, 5],
                "texture": "#1"
            }
        }
    }, {
        "from": [7.1, 8.40818, -1.17388],
        "to": [8.9, 9.35818, 0.32612],
        "rotation": {
            "angle": 0,
            "axis": "y",
            "origin": [7, 2.80818, -11.42388]
        },
        "faces": {
            "north": {
                "uv": [0, 11, 1, 11.5],
                "texture": "#1"
            },
            "east": {
                "uv": [5, 11, 5.75, 11.5],
                "texture": "#1"
            },
            "west": {
                "uv": [6, 11, 6.75, 11.5],
                "texture": "#1"
            },
            "up": {
                "uv": [7, 10.75, 6, 10],
                "texture": "#1"
            },
            "down": {
                "uv": [8, 10, 7, 10.75],
                "texture": "#1"
            }
        }
    }, {
        "from": [5, 6.34629, 13.27022],
        "to": [6.5, 6.34629, 15.27022],
        "rotation": {
            "angle": 22.5,
            "axis": "x",
            "origin": [5.75, 5.84629, 14.77022]
        },
        "faces": {
            "north": {
                "uv": [0, 0, 0.75, 0],
                "texture": "#1"
            },
            "east": {
                "uv": [0, 0, 1, 0],
                "texture": "#1"
            },
            "south": {
                "uv": [0, 0, 0.75, 0],
                "texture": "#1"
            },
            "west": {
                "uv": [0, 0, 1, 0],
                "texture": "#1"
            },
            "up": {
                "uv": [8.75, 11, 8, 10],
                "texture": "#1"
            },
            "down": {
                "uv": [9.75, 10, 9, 11],
                "texture": "#1"
            }
        }
    }, {
        "from": [5, 6.11682, 15.42388],
        "to": [6.5, 6.11682, 17.42388],
        "rotation": {
            "angle": 0,
            "axis": "x",
            "origin": [5.75, 5.61682, 15.92388]
        },
        "faces": {
            "north": {
                "uv": [0, 0, 0.75, 0],
                "texture": "#1"
            },
            "east": {
                "uv": [0, 0, 1, 0],
                "texture": "#1"
            },
            "south": {
                "uv": [0, 0, 0.75, 0],
                "texture": "#1"
            },
            "west": {
                "uv": [0, 0, 1, 0],
                "texture": "#1"
            },
            "up": {
                "uv": [10.75, 11, 10, 10],
                "texture": "#1"
            },
            "down": {
                "uv": [11.25, 4, 10.5, 5],
                "texture": "#1"
            }
        }
    }, {
        "from": [9.5, 6.34629, 13.27022],
        "to": [11, 6.34629, 15.27022],
        "rotation": {
            "angle": 22.5,
            "axis": "x",
            "origin": [10.25, 5.84629, 14.77022]
        },
        "faces": {
            "north": {
                "uv": [0.75, 0, 0, 0],
                "texture": "#1"
            },
            "east": {
                "uv": [1, 0, 0, 0],
                "texture": "#1"
            },
            "south": {
                "uv": [0.75, 0, 0, 0],
                "texture": "#1"
            },
            "west": {
                "uv": [1, 0, 0, 0],
                "texture": "#1"
            },
            "up": {
                "uv": [8, 11, 8.75, 10],
                "texture": "#1"
            },
            "down": {
                "uv": [9, 10, 9.75, 11],
                "texture": "#1"
            }
        }
    }, {
        "from": [9.5, 6.11682, 15.42388],
        "to": [11, 6.11682, 17.42388],
        "rotation": {
            "angle": 0,
            "axis": "x",
            "origin": [10.25, 5.61682, 15.92388]
        },
        "faces": {
            "north": {
                "uv": [0.75, 0, 0, 0],
                "texture": "#1"
            },
            "east": {
                "uv": [1, 0, 0, 0],
                "texture": "#1"
            },
            "south": {
                "uv": [0.75, 0, 0, 0],
                "texture": "#1"
            },
            "west": {
                "uv": [1, 0, 0, 0],
                "texture": "#1"
            },
            "up": {
                "uv": [10, 11, 10.75, 10],
                "texture": "#1"
            },
            "down": {
                "uv": [10.5, 4, 11.25, 5],
                "texture": "#1"
            }
        }
    }],
    "gui_light": "front",
    "display": {
        "thirdperson_righthand": {
            "rotation": [62.75, 0, 0],
            "translation": [0, 3.5, -1.25],
            "scale": [0.86719, 0.86719, 0.86719]
        },
        "thirdperson_lefthand": {
            "rotation": [67.5, 0, 0],
            "translation": [-5.5, -4.5, 1.25],
            "scale": [1.46094, 1.46094, 1.46094]
        },
        "firstperson_righthand": {
            "rotation": [155.25, 0, -180],
            "translation": [-1.25, -0.5, -3.25]
        },
        "firstperson_lefthand": {
            "rotation": [155.25, 0, -180],
            "translation": [-1.25, -0.5, -3.25],
            "scale": [0, 0, 0]
        },
        "ground": {
            "translation": [0, 4.75, 0],
            "scale": [1.21875, 1.21875, 1.21875]
        },
        "gui": {
            "rotation": [45, 135, 0],
            "translation": [-0.25, 0.75, 0],
            "scale": [1.08204, 1.08204, 1.08204]
        },
        "head": {
            "translation": [0, -57, -1.25],
            "scale": [2.26367, 2.26367, 2.26367]
        },
        "fixed": {
            "rotation": [-90, 0, 0],
            "translation": [0, -1.75, -3.75],
            "scale": [2.90625, 2.90625, 2.90625]
        }
    }
}