{
	"credit": "Made with Blockbench",
	"texture_size": [32, 32],
	"textures": {
		"0": "item/multiple/xmas_antlers/antler",
		"1": "item/multiple/xmas_antlers/antler_animation_1texture",
		"particle": "item/multiple/xmas_antlers/antler"
	},
	"elements": [
		{
			"from": [0.5, 3, 0.5],
			"to": [15.5, 9, 15.5],
			"faces": {
				"north": {"uv": [12.25, 11, 16, 12.5], "texture": "#0"},
				"east": {"uv": [12.25, 9.5, 16, 11], "texture": "#0"},
				"south": {"uv": [12.25, 11, 16, 12.5], "texture": "#0"},
				"west": {"uv": [12.25, 9.5, 16, 11], "texture": "#0"},
				"up": {"uv": [16, 9.5, 12.25, 5.75], "texture": "#0"},
				"down": {"uv": [16, 9.5, 12.25, 5.75], "texture": "#0"}
			}
		},
		{
			"from": [-4.32843, 6.82843, 8],
			"to": [0.67157, 13.82843, 8],
			"rotation": {"angle": 0, "axis": "y", "origin": [10.5, 7, 8]},
			"faces": {
				"north": {"uv": [0, 0, 1.25, 1.75], "texture": "#0"},
				"east": {"uv": [0, 0, 0, 3.5], "texture": "#missing"},
				"south": {"uv": [1.25, 0, 0, 1.75], "texture": "#0"},
				"west": {"uv": [0, 0, 0, 3.5], "texture": "#missing"},
				"up": {"uv": [2.5, 0, 0, 0], "texture": "#missing"},
				"down": {"uv": [2.5, 0, 0, 0], "texture": "#missing"}
			}
		},
		{
			"from": [21.32843, 10.82843, 8],
			"to": [26.32843, 17.82843, 8],
			"rotation": {"angle": 0, "axis": "y", "origin": [5.5, 7, 8]},
			"faces": {
				"north": {"uv": [1.25, 0, 0, 1.75], "texture": "#0"},
				"east": {"uv": [0, 0, 0, 3.5], "texture": "#missing"},
				"south": {"uv": [0, 0, 1.25, 1.75], "texture": "#0"},
				"west": {"uv": [0, 0, 0, 3.5], "texture": "#missing"},
				"up": {"uv": [0, 0, 2.5, 0], "texture": "#missing"},
				"down": {"uv": [0, 0, 2.5, 0], "texture": "#missing"}
			}
		},
		{
			"from": [6.5, 2, -2.5],
			"to": [9.5, 5, 0.5],
			"faces": {
				"north": {"uv": [11, 2.25, 10.25, 1.5], "texture": "#0"},
				"east": {"uv": [11, 1.5, 10.25, 0.75], "texture": "#0"},
				"south": {"uv": [11.75, 2.25, 11, 1.5], "texture": "#0"},
				"west": {"uv": [11.75, 1.5, 11, 0.75], "texture": "#0"},
				"up": {"uv": [11, 0.75, 10.25, 0], "texture": "#0"},
				"down": {"uv": [11.75, 0.75, 11, 0], "texture": "#0"}
			}
		},
		{
			"from": [-0.5, 0, -0.5],
			"to": [16.5, 3, 16.5],
			"faces": {
				"north": {"uv": [11.75, 0, 16, 0.75], "texture": "#0"},
				"east": {"uv": [11.75, 5, 16, 5.75], "texture": "#0"},
				"south": {"uv": [11.75, 0, 16, 0.75], "texture": "#0"},
				"west": {"uv": [11.75, 5, 16, 5.75], "texture": "#0"},
				"up": {"uv": [16, 5, 11.75, 0.75], "texture": "#0"},
				"down": {"uv": [4.25, 16, 0, 11.75], "texture": "#0"}
			}
		},
		{
			"from": [15.17471, 15.92804, 7],
			"to": [17.22471, 22.92804, 9.05],
			"rotation": {"angle": -22.5, "axis": "z", "origin": [14.5, 5, 8.025]},
			"faces": {
				"north": {"uv": [0.75, 3.75, 1.25, 5.5], "texture": "#0"},
				"east": {"uv": [1.25, 3.75, 1.75, 5.5], "texture": "#0"},
				"south": {"uv": [1.75, 3.75, 2.25, 5.5], "texture": "#0"},
				"west": {"uv": [3.75, 1.75, 4.25, 3.5], "texture": "#0"},
				"up": {"uv": [8, 7.5, 7.5, 7], "texture": "#0"},
				"down": {"uv": [7.75, 7.5, 7.25, 8], "texture": "#0"}
			}
		},
		{
			"from": [21.14047, 8.56268, 7.025],
			"to": [27.14047, 10.56268, 9.025],
			"rotation": {"angle": 0, "axis": "y", "origin": [25.81724, 9.17879, 8.025]},
			"faces": {
				"north": {"uv": [3.75, 5.25, 4.25, 6.75], "rotation": 270, "texture": "#0"},
				"east": {"uv": [4.75, 8.25, 4.25, 7.75], "rotation": 90, "texture": "#0"},
				"south": {"uv": [4.75, 5.25, 5.25, 6.75], "rotation": 90, "texture": "#0"},
				"west": {"uv": [8.25, 4.5, 7.75, 5], "rotation": 90, "texture": "#0"},
				"up": {"uv": [5.25, 5.25, 5.75, 6.75], "rotation": 90, "texture": "#0"},
				"down": {"uv": [4.25, 5.25, 4.75, 6.75], "rotation": 90, "texture": "#0"}
			}
		},
		{
			"from": [25.77435, 9.06801, 7],
			"to": [28.77435, 11.11801, 9.05],
			"rotation": {"angle": -45, "axis": "z", "origin": [25.81724, 9.17879, 8.025]},
			"faces": {
				"north": {"uv": [5.75, 7, 6.25, 7.75], "rotation": 270, "texture": "#0"},
				"east": {"uv": [5.25, 8.25, 4.75, 7.75], "rotation": 90, "texture": "#0"},
				"south": {"uv": [7.25, 3.5, 7.75, 4.25], "rotation": 90, "texture": "#0"},
				"west": {"uv": [8.25, 5, 7.75, 5.5], "rotation": 90, "texture": "#0"},
				"up": {"uv": [7.25, 4.25, 7.75, 5], "rotation": 90, "texture": "#0"},
				"down": {"uv": [1.75, 7.25, 2.25, 8], "rotation": 90, "texture": "#0"}
			}
		},
		{
			"from": [22.72206, 12.23252, 7.025],
			"to": [24.72206, 18.23252, 9.025],
			"rotation": {"angle": 22.5, "axis": "z", "origin": [14.5, 5, 8.025]},
			"faces": {
				"north": {"uv": [3.75, 5.25, 4.25, 6.75], "texture": "#0"},
				"east": {"uv": [4.25, 5.25, 4.75, 6.75], "texture": "#0"},
				"south": {"uv": [4.75, 5.25, 5.25, 6.75], "texture": "#0"},
				"west": {"uv": [5.25, 5.25, 5.75, 6.75], "texture": "#0"},
				"up": {"uv": [4.75, 8.25, 4.25, 7.75], "texture": "#0"},
				"down": {"uv": [8.25, 4.5, 7.75, 5], "texture": "#0"}
			}
		},
		{
			"from": [10.93207, 20.17068, 7],
			"to": [12.98207, 23.17068, 9.05],
			"rotation": {"angle": -22.5, "axis": "z", "origin": [14.5, 5, 8.025]},
			"faces": {
				"north": {"uv": [5.75, 7, 6.25, 7.75], "texture": "#0"},
				"east": {"uv": [1.75, 7.25, 2.25, 8], "texture": "#0"},
				"south": {"uv": [7.25, 3.5, 7.75, 4.25], "texture": "#0"},
				"west": {"uv": [7.25, 4.25, 7.75, 5], "texture": "#0"},
				"up": {"uv": [5.25, 8.25, 4.75, 7.75], "texture": "#0"},
				"down": {"uv": [8.25, 5, 7.75, 5.5], "texture": "#0"}
			}
		},
		{
			"from": [19.32843, 7.82843, 7.025],
			"to": [21.32843, 14.82843, 9.025],
			"rotation": {"angle": 0, "axis": "y", "origin": [14.5, 5, 8.025]},
			"faces": {
				"north": {"uv": [2.5, 3.5, 3, 5.25], "texture": "#0"},
				"east": {"uv": [3, 3.5, 3.5, 5.25], "texture": "#0"},
				"south": {"uv": [3.5, 3.5, 4, 5.25], "texture": "#0"},
				"west": {"uv": [3.75, 0, 4.25, 1.75], "texture": "#0"},
				"up": {"uv": [8, 7, 7.5, 6.5], "texture": "#0"},
				"down": {"uv": [7.25, 7.5, 6.75, 8], "texture": "#0"}
			}
		},
		{
			"from": [17.32843, 2.14657, 7],
			"to": [21.32843, 4.19657, 9.05],
			"rotation": {"angle": 45, "axis": "z", "origin": [14.5, 5, 8.025]},
			"faces": {
				"north": {"uv": [5.75, 5, 6.25, 6], "rotation": 270, "texture": "#0"},
				"east": {"uv": [3.25, 8, 2.75, 7.5], "rotation": 90, "texture": "#0"},
				"south": {"uv": [1.25, 6.25, 1.75, 7.25], "rotation": 90, "texture": "#0"},
				"west": {"uv": [8, 3, 7.5, 3.5], "rotation": 90, "texture": "#0"},
				"up": {"uv": [1.75, 6.25, 2.25, 7.25], "rotation": 90, "texture": "#0"},
				"down": {"uv": [5.75, 6, 6.25, 7], "rotation": 90, "texture": "#0"}
			}
		},
		{
			"from": [14.5, 5, 7.025],
			"to": [18.5, 7, 9.025],
			"rotation": {"angle": 0, "axis": "y", "origin": [14.5, 5, 8.025]},
			"faces": {
				"north": {"uv": [6.25, 3.5, 7.25, 4], "texture": "#0"},
				"east": {"uv": [3.25, 7.5, 3.75, 8], "texture": "#0"},
				"south": {"uv": [6.25, 4, 7.25, 4.5], "texture": "#0"},
				"west": {"uv": [6.25, 7.5, 6.75, 8], "texture": "#0"},
				"up": {"uv": [7.25, 5, 6.25, 4.5], "texture": "#0"},
				"down": {"uv": [7.25, 5, 6.25, 5.5], "texture": "#0"}
			}
		},
		{
			"from": [21, -4.25, 7.5],
			"to": [27, 0.75, 8.5],
			"rotation": {"angle": 0, "axis": "y", "origin": [8, 15.5, 8]},
			"faces": {
				"north": {"uv": [3.25, 8.75, 4.75, 10], "texture": "#0"},
				"east": {"uv": [3, 8.5, 3.25, 9.75], "texture": "#0"},
				"south": {"uv": [4.75, 8.75, 3.25, 10], "texture": "#0"},
				"west": {"uv": [3, 8.5, 3.25, 9.75], "texture": "#0"},
				"up": {"uv": [3.25, 8.25, 4.75, 8.5], "rotation": 180, "texture": "#0"},
				"down": {"uv": [3.25, 8.25, 4.75, 8.5], "rotation": 180, "texture": "#0"}
			}
		},
		{
			"from": [22.5, 0.75, 7.5],
			"to": [25.5, 1.75, 8.5],
			"rotation": {"angle": 0, "axis": "y", "origin": [8, 15.5, 8]},
			"faces": {
				"north": {"uv": [3.625, 8.5, 4.375, 8.75], "texture": "#0"},
				"east": {"uv": [3, 8.5, 3.25, 8.75], "texture": "#0"},
				"south": {"uv": [3.625, 8.5, 4.375, 8.75], "texture": "#0"},
				"west": {"uv": [3, 8.5, 3.25, 8.75], "texture": "#0"},
				"up": {"uv": [3.625, 8.25, 4.375, 8.5], "rotation": 180, "texture": "#0"},
				"down": {"uv": [3.625, 8.25, 4.375, 8.5], "rotation": 180, "texture": "#0"}
			}
		},
		{
			"from": [23.5, 4.75, 7],
			"to": [24.5, 7.75, 9],
			"rotation": {"angle": 0, "axis": "y", "origin": [8, 15.5, 8]},
			"faces": {
				"north": {"uv": [2.25, 8, 2.5, 8.75], "texture": "#0"},
				"east": {"uv": [2.5, 8, 3, 8.75], "texture": "#0"},
				"south": {"uv": [2.25, 8, 2.5, 8.75], "texture": "#0"},
				"west": {"uv": [2.5, 8, 3, 8.75], "texture": "#0"},
				"up": {"uv": [2.25, 8.75, 2.75, 9], "rotation": 90, "texture": "#0"},
				"down": {"uv": [2.25, 8.75, 2.75, 9], "rotation": 270, "texture": "#0"}
			}
		},
		{
			"from": [23, 2.75, 7.5],
			"to": [25, 5.75, 8.5],
			"rotation": {"angle": 0, "axis": "y", "origin": [8, 15.5, 8]},
			"faces": {
				"north": {"uv": [2.5, 8, 3, 8.75], "texture": "#0"},
				"east": {"uv": [2.25, 8, 2.5, 8.75], "texture": "#0"},
				"south": {"uv": [2.5, 8, 3, 8.75], "texture": "#0"},
				"west": {"uv": [2.25, 8, 2.5, 8.75], "texture": "#0"},
				"up": {"uv": [2.25, 8.75, 2.75, 9], "rotation": 180, "texture": "#0"},
				"down": {"uv": [2.25, 8.75, 2.75, 9], "rotation": 180, "texture": "#0"}
			}
		},
		{
			"from": [23.5, 1.75, 7],
			"to": [24.5, 3.75, 9],
			"rotation": {"angle": 0, "axis": "y", "origin": [8, 15.5, 8]},
			"faces": {
				"north": {"uv": [2.25, 8.25, 2.5, 8.75], "texture": "#0"},
				"east": {"uv": [2.5, 8.125, 3, 8.625], "texture": "#0"},
				"south": {"uv": [2.25, 8.25, 2.5, 8.75], "texture": "#0"},
				"west": {"uv": [2.5, 8.125, 3, 8.625], "texture": "#0"},
				"up": {"uv": [2.25, 8.75, 2.75, 9], "rotation": 90, "texture": "#0"},
				"down": {"uv": [2.25, 8.75, 2.75, 9], "rotation": 270, "texture": "#0"}
			}
		},
		{
			"from": [23, 6.75, 7.5],
			"to": [25, 8.75, 8.5],
			"rotation": {"angle": 0, "axis": "y", "origin": [8, 15.5, 8]},
			"faces": {
				"north": {"uv": [1.75, 8, 2.25, 8.5], "texture": "#0"},
				"east": {"uv": [1.5, 8, 1.75, 8.5], "texture": "#0"},
				"south": {"uv": [1.75, 8, 2.25, 8.5], "texture": "#0"},
				"west": {"uv": [1.5, 8, 1.75, 8.5], "texture": "#0"},
				"up": {"uv": [1.5, 8.5, 2, 8.75], "texture": "#0"},
				"down": {"uv": [1.5, 8.5, 2, 8.75], "texture": "#0"}
			}
		},
		{
			"from": [1.5, 9, 14.5],
			"to": [14.5, 16, 14.5],
			"faces": {
				"north": {"uv": [12.75, 12.5, 9.5, 14.25], "texture": "#0"},
				"east": {"uv": [12.75, 14.25, 16, 16], "texture": "#0"},
				"south": {"uv": [9.5, 12.5, 12.75, 14.25], "texture": "#0"},
				"west": {"uv": [9.5, 14.25, 12.75, 16], "texture": "#0"}
			}
		},
		{
			"from": [1.5, 9, 1.5],
			"to": [14.5, 16, 1.5],
			"faces": {
				"north": {"uv": [12.75, 12.5, 16, 14.25], "texture": "#0"},
				"east": {"uv": [12.75, 14.25, 16, 16], "texture": "#0"},
				"south": {"uv": [16, 12.5, 12.75, 14.25], "texture": "#0"},
				"west": {"uv": [9.5, 14.25, 12.75, 16], "texture": "#0"}
			}
		},
		{
			"from": [1.5, 9, 1.5],
			"to": [1.5, 16, 14.5],
			"faces": {
				"north": {"uv": [12.75, 12.5, 16, 14.25], "texture": "#0"},
				"east": {"uv": [12.75, 14.25, 9.5, 16], "texture": "#0"},
				"south": {"uv": [9.5, 12.5, 12.75, 14.25], "texture": "#0"},
				"west": {"uv": [9.5, 14.25, 12.75, 16], "texture": "#0"}
			}
		},
		{
			"from": [14.5, 9, 1.5],
			"to": [14.5, 16, 14.5],
			"faces": {
				"north": {"uv": [12.75, 12.5, 16, 14.25], "texture": "#0"},
				"east": {"uv": [12.75, 14.25, 16, 16], "texture": "#0"},
				"south": {"uv": [9.5, 12.5, 12.75, 14.25], "texture": "#0"},
				"west": {"uv": [16, 14.25, 12.75, 16], "texture": "#0"}
			}
		},
		{
			"from": [-1.22471, 15.92804, 7],
			"to": [0.82529, 22.92804, 9.05],
			"rotation": {"angle": 45, "axis": "z", "origin": [1.5, 5, 8.025]},
			"faces": {
				"north": {"uv": [1.25, 3.75, 0.75, 5.5], "texture": "#0"},
				"east": {"uv": [4.25, 1.75, 3.75, 3.5], "texture": "#0"},
				"south": {"uv": [2.25, 3.75, 1.75, 5.5], "texture": "#0"},
				"west": {"uv": [1.75, 3.75, 1.25, 5.5], "texture": "#0"},
				"up": {"uv": [7.5, 7.5, 8, 7], "texture": "#0"},
				"down": {"uv": [7.25, 7.5, 7.75, 8], "texture": "#0"}
			}
		},
		{
			"from": [-8.72206, 12.23252, 7.025],
			"to": [-6.72206, 18.23252, 9.025],
			"rotation": {"angle": 0, "axis": "y", "origin": [1.5, 5, 8.025]},
			"faces": {
				"north": {"uv": [4.25, 5.25, 3.75, 6.75], "texture": "#0"},
				"east": {"uv": [5.75, 5.25, 5.25, 6.75], "texture": "#0"},
				"south": {"uv": [5.25, 5.25, 4.75, 6.75], "texture": "#0"},
				"west": {"uv": [4.75, 5.25, 4.25, 6.75], "texture": "#0"},
				"up": {"uv": [4.25, 8.25, 4.75, 7.75], "texture": "#0"},
				"down": {"uv": [7.75, 4.5, 8.25, 5], "texture": "#0"}
			}
		},
		{
			"from": [3.01793, 20.17068, 7],
			"to": [5.06793, 23.17068, 9.05],
			"rotation": {"angle": 45, "axis": "z", "origin": [1.5, 5, 8.025]},
			"faces": {
				"north": {"uv": [6.25, 7, 5.75, 7.75], "texture": "#0"},
				"east": {"uv": [7.75, 4.25, 7.25, 5], "texture": "#0"},
				"south": {"uv": [7.75, 3.5, 7.25, 4.25], "texture": "#0"},
				"west": {"uv": [2.25, 7.25, 1.75, 8], "texture": "#0"},
				"up": {"uv": [4.75, 8.25, 5.25, 7.75], "texture": "#0"},
				"down": {"uv": [7.75, 5, 8.25, 5.5], "texture": "#0"}
			}
		},
		{
			"from": [-5.32843, 7.82843, 7.025],
			"to": [-3.32843, 14.82843, 9.025],
			"rotation": {"angle": 22.5, "axis": "z", "origin": [1.5, 5, 8.025]},
			"faces": {
				"north": {"uv": [3, 3.5, 2.5, 5.25], "texture": "#0"},
				"east": {"uv": [4.25, 0, 3.75, 1.75], "texture": "#0"},
				"south": {"uv": [4, 3.5, 3.5, 5.25], "texture": "#0"},
				"west": {"uv": [3.5, 3.5, 3, 5.25], "texture": "#0"},
				"up": {"uv": [7.5, 7, 8, 6.5], "texture": "#0"},
				"down": {"uv": [6.75, 7.5, 7.25, 8], "texture": "#0"}
			}
		},
		{
			"from": [-5.32843, 2.14657, 7],
			"to": [-1.32843, 4.19657, 9.05],
			"rotation": {"angle": -22.5, "axis": "z", "origin": [1.5, 5, 8.025]},
			"faces": {
				"north": {"uv": [5.75, 6, 6.25, 5], "rotation": 270, "texture": "#0"},
				"east": {"uv": [8, 3.5, 7.5, 3], "rotation": 90, "texture": "#0"},
				"south": {"uv": [1.25, 7.25, 1.75, 6.25], "rotation": 90, "texture": "#0"},
				"west": {"uv": [3.25, 7.5, 2.75, 8], "rotation": 90, "texture": "#0"},
				"up": {"uv": [1.75, 7.25, 2.25, 6.25], "rotation": 90, "texture": "#0"},
				"down": {"uv": [5.75, 7, 6.25, 6], "rotation": 90, "texture": "#0"}
			}
		},
		{
			"from": [-2.5, 5, 7.025],
			"to": [1.5, 7, 9.025],
			"rotation": {"angle": 22.5, "axis": "z", "origin": [1.5, 5, 8.025]},
			"faces": {
				"north": {"uv": [7.25, 3.5, 6.25, 4], "texture": "#0"},
				"east": {"uv": [6.75, 7.5, 6.25, 8], "texture": "#0"},
				"south": {"uv": [7.25, 4, 6.25, 4.5], "texture": "#0"},
				"west": {"uv": [3.75, 7.5, 3.25, 8], "texture": "#0"},
				"up": {"uv": [6.25, 5, 7.25, 4.5], "texture": "#0"},
				"down": {"uv": [6.25, 5, 7.25, 5.5], "texture": "#0"}
			}
		},
		{
			"from": [-8.5, 3.75, 7],
			"to": [-7.5, 6.75, 9],
			"rotation": {"angle": 0, "axis": "y", "origin": [8, 15.5, 8]},
			"faces": {
				"north": {"uv": [2.5, 8, 2.25, 8.75], "texture": "#0"},
				"east": {"uv": [3, 8, 2.5, 8.75], "texture": "#0"},
				"south": {"uv": [2.5, 8, 2.25, 8.75], "texture": "#0"},
				"west": {"uv": [3, 8, 2.5, 8.75], "texture": "#0"},
				"up": {"uv": [2.25, 9, 2.75, 8.75], "rotation": 90, "texture": "#0"},
				"down": {"uv": [2.25, 9, 2.75, 8.75], "rotation": 270, "texture": "#0"}
			}
		},
		{
			"from": [-8.5, -2.25, 7.5],
			"to": [-7.5, -1.25, 8.5],
			"rotation": {"angle": 0, "axis": "y", "origin": [8, 15.5, 8]},
			"faces": {
				"north": {"uv": [3.5, 8, 3.25, 8.25], "texture": "#0"},
				"east": {"uv": [3.75, 8, 3.5, 8.25], "texture": "#0"},
				"south": {"uv": [3.5, 8, 3.25, 8.25], "texture": "#0"},
				"west": {"uv": [3.75, 8, 3.5, 8.25], "texture": "#0"},
				"up": {"uv": [3, 8.25, 3.25, 8], "rotation": 90, "texture": "#0"},
				"down": {"uv": [3, 8.25, 3.25, 8], "rotation": 270, "texture": "#0"}
			}
		},
		{
			"from": [-9.5, 0.75, 6.5],
			"to": [-6.5, 3.75, 9.5],
			"rotation": {"angle": 0, "axis": "y", "origin": [8, 15.5, 8]},
			"faces": {
				"north": {"uv": [2.25, 9, 1.5, 9.75], "texture": "#0"},
				"east": {"uv": [3, 9, 2.25, 9.75], "texture": "#0"},
				"south": {"uv": [2.25, 9, 1.5, 9.75], "texture": "#0"},
				"west": {"uv": [3, 9, 2.25, 9.75], "texture": "#0"},
				"up": {"uv": [1.5, 10.5, 2.25, 9.75], "rotation": 90, "texture": "#0"},
				"down": {"uv": [1.5, 10.5, 2.25, 9.75], "rotation": 270, "texture": "#0"}
			}
		},
		{
			"from": [-10, -0.25, 6],
			"to": [-6, 0.75, 10],
			"rotation": {"angle": 0, "axis": "y", "origin": [8, 15.5, 8]},
			"faces": {
				"north": {"uv": [2.25, 10.5, 1.25, 10.75], "texture": "#0"},
				"east": {"uv": [2.25, 10.75, 1.25, 11], "texture": "#0"},
				"south": {"uv": [2.25, 10.5, 1.25, 10.75], "texture": "#0"},
				"west": {"uv": [2.25, 10.75, 1.25, 11], "texture": "#0"},
				"up": {"uv": [2.25, 10.75, 3.25, 9.75], "rotation": 90, "texture": "#0"},
				"down": {"uv": [2.25, 10.75, 3.25, 9.75], "rotation": 270, "texture": "#0"}
			}
		},
		{
			"from": [-10.5, -1.25, 5.5],
			"to": [-5.5, -0.25, 10.5],
			"rotation": {"angle": 0, "axis": "y", "origin": [8, 15.5, 8]},
			"faces": {
				"north": {"uv": [1.25, 11.25, 0, 11.5], "texture": "#0"},
				"east": {"uv": [1.25, 11.5, 0, 11.75], "texture": "#0"},
				"south": {"uv": [1.25, 11.25, 0, 11.5], "texture": "#0"},
				"west": {"uv": [1.25, 11.5, 0, 11.75], "texture": "#0"},
				"up": {"uv": [3.25, 11.25, 4.5, 10], "rotation": 90, "texture": "#0"},
				"down": {"uv": [3.25, 11.25, 4.5, 10], "rotation": 270, "texture": "#0"}
			}
		},
		{
			"from": [-8.5, 7.75, 7],
			"to": [-7.5, 10.75, 9],
			"rotation": {"angle": 0, "axis": "y", "origin": [8, 15.5, 8]},
			"faces": {
				"north": {"uv": [2.5, 8, 2.25, 8.75], "texture": "#0"},
				"east": {"uv": [3, 8, 2.5, 8.75], "texture": "#0"},
				"south": {"uv": [2.5, 8, 2.25, 8.75], "texture": "#0"},
				"west": {"uv": [3, 8, 2.5, 8.75], "texture": "#0"},
				"up": {"uv": [2.25, 9, 2.75, 8.75], "rotation": 90, "texture": "#0"},
				"down": {"uv": [2.25, 9, 2.75, 8.75], "rotation": 270, "texture": "#0"}
			}
		},
		{
			"from": [-9, 5.75, 7.5],
			"to": [-7, 8.75, 8.5],
			"rotation": {"angle": 0, "axis": "y", "origin": [8, 15.5, 8]},
			"faces": {
				"north": {"uv": [3, 8, 2.5, 8.75], "texture": "#0"},
				"east": {"uv": [2.5, 8, 2.25, 8.75], "texture": "#0"},
				"south": {"uv": [3, 8, 2.5, 8.75], "texture": "#0"},
				"west": {"uv": [2.5, 8, 2.25, 8.75], "texture": "#0"},
				"up": {"uv": [2.75, 8.75, 2.25, 9], "rotation": 180, "texture": "#0"},
				"down": {"uv": [2.75, 8.75, 2.25, 9], "rotation": 180, "texture": "#0"}
			}
		},
		{
			"from": [-9, 9.75, 7.5],
			"to": [-7, 11.75, 8.5],
			"rotation": {"angle": 0, "axis": "y", "origin": [8, 15.5, 8]},
			"faces": {
				"north": {"uv": [2.25, 8, 1.75, 8.5], "texture": "#0"},
				"east": {"uv": [1.75, 8, 1.5, 8.5], "texture": "#0"},
				"south": {"uv": [2.25, 8, 1.75, 8.5], "texture": "#0"},
				"west": {"uv": [1.75, 8, 1.5, 8.5], "texture": "#0"},
				"up": {"uv": [2, 8.5, 1.5, 8.75], "texture": "#0"},
				"down": {"uv": [2, 8.5, 1.5, 8.75], "texture": "#0"}
			}
		},
		{
			"from": [16, -10, 8],
			"to": [30, 8, 8],
			"faces": {
				"north": {"uv": [0, 0, 7, 9], "texture": "#1"},
				"south": {"uv": [7, 0, 0, 9], "texture": "#1"}
			}
		},
		{
			"from": [-14, -13, 8],
			"to": [0, 5, 8],
			"rotation": {"angle": 0, "axis": "y", "origin": [16, 0, 0]},
			"faces": {
				"north": {"uv": [7, 0, 0, 9], "texture": "#1"},
				"south": {"uv": [0, 0, 7, 9], "texture": "#1"}
			}
		}
	],
	"display": {
		"thirdperson_righthand": {
			"rotation": [0, -90, 0],
			"translation": [0, 2.25, 1.5],
			"scale": [0.3, 0.3, 0.3]
		},
		"thirdperson_lefthand": {
			"rotation": [0, -90, 0],
			"translation": [0, 2.25, 1.5],
			"scale": [0.3, 0.3, 0.3]
		},
		"firstperson_righthand": {
			"rotation": [0, -90, 0],
			"translation": [0, 2.25, 1.5],
			"scale": [0.3, 0.3, 0.3]
		},
		"firstperson_lefthand": {
			"rotation": [0, 90, 0],
			"translation": [0, 2.25, 1.5],
			"scale": [0.3, 0.3, 0.3]
		},
		"ground": {
			"translation": [0, 3.75, 0],
			"scale": [0.75, 0.75, 0.75]
		},
		"gui": {
			"rotation": [30, -135, 0],
			"translation": [0, 0, -0.25],
			"scale": [0.45, 0.45, 0.45]
		},
		"head": {
			"translation": [0, 10, 0]
		},
		"fixed": {
			"rotation": [0, 0, 45],
			"translation": [0, 0.5, -0.25],
			"scale": [0.5, 0.5, 0.5]
		}
	},
	"groups": [
		0,
		1,
		2,
		3,
		4,
		{
			"name": "group",
			"origin": [9.5, 0, 8],
			"color": 0,
			"children": [
				5,
				{
					"name": "group",
					"origin": [8.5, 0, 8],
					"color": 0,
					"children": [6, 7]
				},
				{
					"name": "group",
					"origin": [8.5, 0, 8],
					"color": 0,
					"children": [8, 9]
				},
				10,
				11,
				12,
				{
					"name": "group",
					"origin": [0, 9, 0],
					"color": 0,
					"children": [13, 14, 15, 16, 17, 18]
				}
			]
		},
		{
			"name": "group",
			"origin": [0, 0, 0],
			"color": 0,
			"children": [19, 20, 21, 22]
		},
		{
			"name": "group",
			"origin": [9.5, 0, 8],
			"color": 0,
			"children": [
				23,
				{
					"name": "group",
					"origin": [8.5, 0, 8],
					"color": 0,
					"children": [24, 25]
				},
				26,
				27,
				28,
				{
					"name": "group",
					"origin": [0, 9, 0],
					"color": 0,
					"children": [29, 30, 31, 32, 33, 34, 35, 36]
				}
			]
		},
		37,
		38
	]
}