{
	"credit": "magic_store_official",
	"texture_size": [64, 64],
	"textures": {
		"0": "item/hats/clown_hat/clown_hat",
		"particle": "item/hats/clown_hat/clown_hat"
	},
	"elements": [
		{
			"from": [3.5, 0, 3.5],
			"to": [12.5, 2, 12.5],
			"faces": {
				"north": {"uv": [5.25, 0, 7.5, 0.5], "texture": "#0"},
				"east": {"uv": [5.25, 0, 7.5, 0.5], "texture": "#0"},
				"south": {"uv": [5.25, 0, 7.5, 0.5], "texture": "#0"},
				"west": {"uv": [5.25, 0, 7.5, 0.5], "texture": "#0"},
				"up": {"uv": [2.25, 2.25, 0, 0], "texture": "#0"},
				"down": {"uv": [2.25, 2.25, 0, 4.5], "texture": "#0"}
			}
		},
		{
			"from": [3.5, 2, 3.5],
			"to": [6.5, 6, 12.5],
			"faces": {
				"north": {"uv": [5.25, 6.5, 6, 7.5], "texture": "#0"},
				"east": {"uv": [2.25, 1, 4.5, 2], "texture": "#0"},
				"south": {"uv": [6, 6.5, 5.25, 7.5], "texture": "#0"},
				"west": {"uv": [2.25, 1, 4.5, 2], "texture": "#0"},
				"up": {"uv": [5.25, 2.25, 4.5, 0], "texture": "#0"}
			}
		},
		{
			"from": [9.5, 2, 3.5],
			"to": [12.5, 6, 12.5],
			"faces": {
				"north": {"uv": [1.25, 6.75, 2, 7.75], "texture": "#0"},
				"east": {"uv": [2.25, 2, 4.5, 3], "texture": "#0"},
				"south": {"uv": [2, 6.75, 1.25, 7.75], "texture": "#0"},
				"west": {"uv": [2.25, 2, 4.5, 3], "texture": "#0"},
				"up": {"uv": [5.25, 6.75, 4.5, 4.5], "texture": "#0"}
			}
		},
		{
			"from": [11.5, 3.75, 6.5],
			"to": [16.5, 6.75, 9.5],
			"rotation": {"angle": 22.5, "axis": "z", "origin": [13, 4.5, 8]},
			"faces": {
				"north": {"uv": [5.25, 2, 6.5, 2.75], "texture": "#0"},
				"east": {"uv": [0, 7, 0.75, 7.75], "texture": "#0"},
				"south": {"uv": [6.5, 2, 5.25, 2.75], "texture": "#0"},
				"west": {"uv": [2, 7.25, 2.75, 8], "texture": "#0"},
				"up": {"uv": [6.5, 4.25, 5.25, 3.5], "texture": "#0"},
				"down": {"uv": [6.5, 4.25, 5.25, 5], "texture": "#0"}
			}
		},
		{
			"from": [15.5, 2.25, 7],
			"to": [17.5, 4.25, 9],
			"rotation": {"angle": 22.5, "axis": "z", "origin": [13, 4.5, 8]},
			"faces": {
				"north": {"uv": [7.25, 6, 7.75, 6.5], "texture": "#0"},
				"east": {"uv": [7.25, 6, 7.75, 6.5], "texture": "#0"},
				"south": {"uv": [7.25, 6, 7.75, 6.5], "texture": "#0"},
				"west": {"uv": [7.25, 6, 7.75, 6.5], "texture": "#0"},
				"up": {"uv": [7.25, 6, 7.75, 6.5], "texture": "#0"},
				"down": {"uv": [7.25, 6, 7.75, 6.5], "texture": "#0"}
			}
		},
		{
			"from": [-0.5, 3.75, 6.5],
			"to": [4.5, 6.75, 9.5],
			"rotation": {"angle": -22.5, "axis": "z", "origin": [3, 4.5, 8]},
			"faces": {
				"north": {"uv": [5.25, 5, 6.5, 5.75], "texture": "#0"},
				"south": {"uv": [6.5, 5, 5.25, 5.75], "texture": "#0"},
				"west": {"uv": [2.75, 7.25, 3.5, 8], "texture": "#0"},
				"up": {"uv": [6.5, 6.5, 5.25, 5.75], "texture": "#0"},
				"down": {"uv": [1.25, 6.25, 0, 7], "texture": "#0"}
			}
		},
		{
			"from": [6.5, 5, 7.5],
			"to": [9.5, 10, 10.5],
			"rotation": {"angle": 22.5, "axis": "x", "origin": [8, 8.5, 8]},
			"faces": {
				"north": {"uv": [1.25, 5.5, 2, 6.75], "texture": "#0"},
				"east": {"uv": [1.25, 5.5, 2, 6.75], "texture": "#0"},
				"south": {"uv": [1.25, 5.5, 2, 6.75], "texture": "#0"},
				"west": {"uv": [1.25, 5.5, 2, 6.75], "texture": "#0"},
				"up": {"uv": [8, 3.5, 7.25, 2.75], "texture": "#0"}
			}
		},
		{
			"from": [7, 7.73777, 10.34566],
			"to": [9, 9.73777, 12.34566],
			"rotation": {"angle": -45, "axis": "x", "origin": [8, 8.73777, 11.34566]},
			"faces": {
				"north": {"uv": [7.25, 6, 7.75, 6.5], "texture": "#0"},
				"east": {"uv": [7.25, 6, 7.75, 6.5], "texture": "#0"},
				"south": {"uv": [7.25, 6, 7.75, 6.5], "texture": "#0"},
				"west": {"uv": [7.25, 6, 7.75, 6.5], "texture": "#0"},
				"up": {"uv": [7.25, 6, 7.75, 6.5], "texture": "#0"},
				"down": {"uv": [7.25, 6, 7.75, 6.5], "texture": "#0"}
			}
		},
		{
			"from": [-1.5, 2.25, 7],
			"to": [0.5, 4.25, 9],
			"rotation": {"angle": -22.5, "axis": "z", "origin": [3, 4.5, 8]},
			"faces": {
				"north": {"uv": [7.25, 6, 7.75, 6.5], "texture": "#0"},
				"east": {"uv": [7.25, 6, 7.75, 6.5], "texture": "#0"},
				"south": {"uv": [7.25, 6, 7.75, 6.5], "texture": "#0"},
				"west": {"uv": [7.25, 6, 7.75, 6.5], "texture": "#0"},
				"up": {"uv": [7.25, 6, 7.75, 6.5], "texture": "#0"},
				"down": {"uv": [7.25, 6, 7.75, 6.5], "texture": "#0"}
			}
		},
		{
			"from": [6.5, 2, 3.5],
			"to": [9.5, 6, 12.5],
			"faces": {
				"north": {"uv": [6, 6.75, 6.75, 7.75], "texture": "#0"},
				"south": {"uv": [6, 6.75, 6.75, 7.75], "texture": "#0"},
				"up": {"uv": [3.75, 7.25, 3, 5], "texture": "#0"}
			}
		}
	],
	"display": {
		"thirdperson_righthand": {
			"translation": [0, 2, 0],
			"scale": [0.45, 0.45, 0.45]
		},
		"thirdperson_lefthand": {
			"translation": [0, 2, 0],
			"scale": [0.45, 0.45, 0.45]
		},
		"firstperson_righthand": {
			"rotation": [0, 20.75, 0],
			"translation": [3, 5, 0],
			"scale": [0.7, 0.7, 0.7]
		},
		"firstperson_lefthand": {
			"rotation": [0, 20.75, 0],
			"translation": [3, 5, 0],
			"scale": [0.7, 0.7, 0.7]
		},
		"ground": {
			"scale": [0.5, 0.5, 0.5]
		},
		"gui": {
			"rotation": [30, 135, 0],
			"translation": [0, 2, 0],
			"scale": [0.85, 0.85, 0.85]
		},
		"head": {
			"translation": [0, 14, -0.25],
			"scale": [1.65, 1.65, 1.65]
		}
	}
}