{
	"credit": "Made with Blockbench",
	"texture_size": [128, 128],
	"textures": {
		"0": "item/hats/hot_air_balloon_hat",
		"particle": "item/hats/hot_air_balloon_hat"
	},
	"elements": [
		{
			"from": [3, 8, 3],
			"to": [13, 13, 13],
			"rotation": {"angle": 0, "axis": "y", "origin": [3, 8, 3]},
			"faces": {
				"north": {"uv": [1.25, 4.375, 2.5, 5], "texture": "#0"},
				"east": {"uv": [0, 4.375, 1.25, 5], "texture": "#0"},
				"south": {"uv": [3.75, 4.375, 5, 5], "texture": "#0"},
				"west": {"uv": [2.5, 4.375, 3.75, 5], "texture": "#0"},
				"up": {"uv": [2.5, 4.375, 1.25, 3.125], "texture": "#0"},
				"down": {"uv": [3.75, 3.125, 2.5, 4.375], "texture": "#0"}
			}
		},
		{
			"from": [11.75, 3, 3.25],
			"to": [12.75, 8, 3.25],
			"rotation": {"angle": 0, "axis": "y", "origin": [2.75, 3, 3.25]},
			"faces": {
				"north": {"uv": [0.75, 0.625, 0.875, 1.25], "texture": "#0"},
				"east": {"uv": [0.75, 0.625, 0.75, 1.25], "texture": "#0"},
				"south": {"uv": [0.875, 0.625, 1, 1.25], "texture": "#0"},
				"west": {"uv": [0.875, 0.625, 0.875, 1.25], "texture": "#0"},
				"up": {"uv": [0.875, 0.625, 0.75, 0.625], "texture": "#0"},
				"down": {"uv": [1, 0.625, 0.875, 0.625], "texture": "#0"}
			}
		},
		{
			"from": [3, 0, 3],
			"to": [13, 3, 13],
			"rotation": {"angle": 0, "axis": "y", "origin": [3, 2, 3]},
			"faces": {
				"north": {"uv": [5, 5, 6.25, 5.375], "texture": "#0"},
				"east": {"uv": [3.75, 5, 5, 5.375], "texture": "#0"},
				"south": {"uv": [7.5, 5, 8.75, 5.375], "texture": "#0"},
				"west": {"uv": [6.25, 5, 7.5, 5.375], "texture": "#0"},
				"up": {"uv": [6.25, 5, 5, 3.75], "texture": "#0"},
				"down": {"uv": [7.5, 3.75, 6.25, 5], "texture": "#0"}
			}
		},
		{
			"from": [12.75, 3, 3.25],
			"to": [12.75, 8, 4.25],
			"rotation": {"angle": 0, "axis": "y", "origin": [2.75, 3, 3.25]},
			"faces": {
				"north": {"uv": [0.125, 0.75, 0.125, 1.375], "texture": "#0"},
				"east": {"uv": [0, 0.75, 0.125, 1.375], "texture": "#0"},
				"south": {"uv": [0.25, 0.75, 0.25, 1.375], "texture": "#0"},
				"west": {"uv": [0.125, 0.75, 0.25, 1.375], "texture": "#0"},
				"up": {"uv": [0.125, 0.75, 0.125, 0.625], "texture": "#0"},
				"down": {"uv": [0.125, 0.625, 0.125, 0.75], "texture": "#0"}
			}
		},
		{
			"from": [3.25, 3, 3.25],
			"to": [4.25, 8, 3.25],
			"rotation": {"angle": 0, "axis": "y", "origin": [13.25, 3, 3.25]},
			"faces": {
				"north": {"uv": [0.5, 0.75, 0.625, 1.375], "texture": "#0"},
				"east": {"uv": [0.5, 0.75, 0.5, 1.375], "texture": "#0"},
				"south": {"uv": [0.625, 0.75, 0.75, 1.375], "texture": "#0"},
				"west": {"uv": [0.625, 0.75, 0.625, 1.375], "texture": "#0"},
				"up": {"uv": [0.625, 0.75, 0.5, 0.75], "texture": "#0"},
				"down": {"uv": [0.75, 0.75, 0.625, 0.75], "texture": "#0"}
			}
		},
		{
			"from": [3.25, 3, 3.25],
			"to": [3.25, 8, 4.25],
			"rotation": {"angle": 0, "axis": "y", "origin": [13.25, 3, 3.25]},
			"faces": {
				"north": {"uv": [0.625, 0.125, 0.625, 0.75], "texture": "#0"},
				"east": {"uv": [0.5, 0.125, 0.625, 0.75], "texture": "#0"},
				"south": {"uv": [0.75, 0.125, 0.75, 0.75], "texture": "#0"},
				"west": {"uv": [0.625, 0.125, 0.75, 0.75], "texture": "#0"},
				"up": {"uv": [0.625, 0.125, 0.625, 0], "texture": "#0"},
				"down": {"uv": [0.625, 0, 0.625, 0.125], "texture": "#0"}
			}
		},
		{
			"from": [3.25, 3, 12.75],
			"to": [4.25, 8, 12.75],
			"rotation": {"angle": 0, "axis": "y", "origin": [13.25, 3, 12.75]},
			"faces": {
				"north": {"uv": [0.25, 0.75, 0.375, 1.375], "texture": "#0"},
				"east": {"uv": [0.25, 0.75, 0.25, 1.375], "texture": "#0"},
				"south": {"uv": [0.375, 0.75, 0.5, 1.375], "texture": "#0"},
				"west": {"uv": [0.375, 0.75, 0.375, 1.375], "texture": "#0"},
				"up": {"uv": [0.375, 0.75, 0.25, 0.75], "texture": "#0"},
				"down": {"uv": [0.5, 0.75, 0.375, 0.75], "texture": "#0"}
			}
		},
		{
			"from": [3.25, 3, 11.75],
			"to": [3.25, 8, 12.75],
			"rotation": {"angle": 0, "axis": "y", "origin": [13.25, 3, 12.75]},
			"faces": {
				"north": {"uv": [0.375, 0.125, 0.375, 0.75], "texture": "#0"},
				"east": {"uv": [0.25, 0.125, 0.375, 0.75], "texture": "#0"},
				"south": {"uv": [0.5, 0.125, 0.5, 0.75], "texture": "#0"},
				"west": {"uv": [0.375, 0.125, 0.5, 0.75], "texture": "#0"},
				"up": {"uv": [0.375, 0.125, 0.375, 0], "texture": "#0"},
				"down": {"uv": [0.375, 0, 0.375, 0.125], "texture": "#0"}
			}
		},
		{
			"from": [11.75, 3, 12.75],
			"to": [12.75, 8, 12.75],
			"rotation": {"angle": 0, "axis": "y", "origin": [2.75, 3, 12.75]},
			"faces": {
				"north": {"uv": [0.75, 0, 0.875, 0.625], "texture": "#0"},
				"east": {"uv": [0.75, 0, 0.75, 0.625], "texture": "#0"},
				"south": {"uv": [0.875, 0, 1, 0.625], "texture": "#0"},
				"west": {"uv": [0.875, 0, 0.875, 0.625], "texture": "#0"},
				"up": {"uv": [0.875, 0, 0.75, 0], "texture": "#0"},
				"down": {"uv": [1, 0, 0.875, 0], "texture": "#0"}
			}
		},
		{
			"from": [12.75, 3, 11.75],
			"to": [12.75, 8, 12.75],
			"rotation": {"angle": 0, "axis": "y", "origin": [2.75, 3, 12.75]},
			"faces": {
				"north": {"uv": [0.125, 0.125, 0.125, 0.75], "texture": "#0"},
				"east": {"uv": [0, 0.125, 0.125, 0.75], "texture": "#0"},
				"south": {"uv": [0.25, 0.125, 0.25, 0.75], "texture": "#0"},
				"west": {"uv": [0.125, 0.125, 0.25, 0.75], "texture": "#0"},
				"up": {"uv": [0.125, 0.125, 0.125, 0], "texture": "#0"},
				"down": {"uv": [0.125, 0, 0.125, 0.125], "texture": "#0"}
			}
		},
		{
			"from": [1, 13, 1],
			"to": [15, 24, 15],
			"rotation": {"angle": 0, "axis": "y", "origin": [3, 13, 3]},
			"faces": {
				"north": {"uv": [1.75, 1.75, 3.5, 3.125], "texture": "#0"},
				"east": {"uv": [0, 1.75, 1.75, 3.125], "texture": "#0"},
				"south": {"uv": [5.25, 1.75, 7, 3.125], "texture": "#0"},
				"west": {"uv": [3.5, 1.75, 5.25, 3.125], "texture": "#0"},
				"up": {"uv": [3.5, 1.75, 1.75, 0], "texture": "#0"},
				"down": {"uv": [5.25, 0, 3.5, 1.75], "texture": "#0"}
			}
		}
	],
	"gui_light": "front",
	"display": {
		"thirdperson_righthand": {
			"translation": [0, 2.75, -1.25],
			"scale": [0.75, 0.75, 0.75]
		},
		"thirdperson_lefthand": {
			"translation": [0, 2.75, -1.25],
			"scale": [0.75, 0.75, 0.75]
		},
		"firstperson_righthand": {
			"rotation": [-20, 0, 0],
			"translation": [0.75, 1, 0],
			"scale": [0.5, 0.5, 0.5]
		},
		"firstperson_lefthand": {
			"rotation": [-20, 0, 0],
			"translation": [0.75, 1, 0],
			"scale": [0.5, 0.5, 0.5]
		},
		"ground": {
			"translation": [0, 2, 0],
			"scale": [0.5, 0.5, 0.5]
		},
		"gui": {
			"rotation": [21, 45, 0],
			"translation": [0, -2.25, 0],
			"scale": [0.5, 0.5, 0.5]
		},
		"head": {
			"translation": [0, 3, 0],
			"scale": [1.6, 1.6, 1.6]
		},
		"fixed": {
			"rotation": [-90, 0, 0],
			"translation": [0, 0, -12.75],
			"scale": [1.6, 1.6, 1.6]
		}
	},
	"groups": [
		{
			"name": "hot_air_balloon_hat",
			"origin": [3, 10, 3],
			"color": 0,
			"children": [0, 1, 2, 3, 4, 5, 6, 7, 8, 9, 10]
		}
	]
}