{
	"credit": "Made by PolygonMC",
	"texture_size": [40, 40],
	"textures": {
		"1": "item/multiple/xmas_2023/winter_helmet"
	},
	"elements": [
		{
			"from": [3.8, 3.47426, 3.8],
			"to": [12.2, 11.87426, 12.2],
			"rotation": {"angle": 0, "axis": "y", "origin": [3.2, 3.47426, 3.2]},
			"faces": {
				"north": {"uv": [0, 4, 3.4, 7.4], "texture": "#1"},
				"east": {"uv": [4, 0, 7.4, 3.4], "texture": "#1"},
				"south": {"uv": [3.6, 4, 7, 7.4], "texture": "#1"},
				"west": {"uv": [7.2, 3.6, 10.6, 7], "texture": "#1"},
				"down": {"uv": [10.6, 7.2, 7.2, 10.6], "texture": "#1"}
			}
		},
		{
			"from": [3.2, 6.47426, 3.2],
			"to": [12.8, 12.47426, 12.8],
			"rotation": {"angle": 0, "axis": "y", "origin": [3.2, 3.47426, 3.2]},
			"faces": {
				"north": {"uv": [0, 7.6, 3.8, 10], "texture": "#1"},
				"east": {"uv": [7.6, 0, 11.4, 2.4], "texture": "#1"},
				"south": {"uv": [0, 10, 3.8, 12.4], "texture": "#1"},
				"west": {"uv": [10.8, 2.4, 14.6, 4.8], "texture": "#1"},
				"up": {"uv": [3.8, 3.8, 0, 0], "texture": "#1"}
			}
		},
		{
			"from": [6.8, 10.67426, 2.6],
			"to": [9.2, 13.07426, 13.4],
			"rotation": {"angle": -45, "axis": "z", "origin": [8, 11.87426, 2.9]},
			"faces": {
				"north": {"uv": [11.6, 0.8, 12.6, 1.8], "texture": "#1"},
				"east": {"uv": [4, 10.8, 8.4, 11.8], "texture": "#1"},
				"south": {"uv": [10.8, 11.6, 11.8, 12.6], "texture": "#1"},
				"west": {"uv": [10.8, 4.8, 15.2, 5.8], "texture": "#1"},
				"up": {"uv": [11.8, 10.4, 10.8, 6], "texture": "#1"},
				"down": {"uv": [9.4, 10.8, 8.4, 15.2], "texture": "#1"}
			}
		},
		{
			"from": [2.45, 8.27426, 7.4],
			"to": [3.35, 10.07426, 9.2],
			"rotation": {"angle": -22.5, "axis": "x", "origin": [2.75, 9.17426, 8.3]},
			"faces": {
				"north": {"uv": [12, 7.6, 12.4, 8.4], "texture": "#1"},
				"east": {"uv": [6.4, 7.6, 7.2, 8.4], "texture": "#1"},
				"south": {"uv": [8, 12, 8.4, 12.8], "texture": "#1"},
				"west": {"uv": [10, 2.4, 10.8, 3.2], "texture": "#1"},
				"up": {"uv": [12.4, 9.2, 12, 8.4], "texture": "#1"},
				"down": {"uv": [12.4, 9.2, 12, 10], "texture": "#1"}
			}
		},
		{
			"from": [2.58125, 11.41282, 6.70188],
			"to": [3.45125, 14.02282, 12.79188],
			"rotation": {"angle": -45, "axis": "x", "origin": [3.01625, 11.84782, 10.61688]},
			"faces": {
				"north": {"uv": [12, 6.4, 12.4, 7.4], "texture": "#1"},
				"east": {"uv": [7.6, 2.4, 10, 3.4], "texture": "#1"},
				"south": {"uv": [7.2, 12, 7.6, 13], "texture": "#1"},
				"west": {"uv": [4, 7.6, 6.4, 8.6], "texture": "#1"},
				"up": {"uv": [4.4, 14.4, 4, 12], "texture": "#1"},
				"down": {"uv": [4.8, 12, 4.4, 14.4], "texture": "#1"}
			}
		},
		{
			"from": [2.79875, 10.21976, 8.18706],
			"to": [3.45125, 11.95976, 12.53706],
			"rotation": {"angle": -22.5, "axis": "x", "origin": [3.01625, 10.00226, 11.23206]},
			"faces": {
				"south": {"uv": [3.2, 12.4, 3.4, 13], "texture": "#1"},
				"west": {"uv": [11.6, 0, 13.4, 0.6], "texture": "#1"},
				"down": {"uv": [7.8, 12, 7.6, 13.8], "texture": "#1"}
			}
		},
		{
			"from": [3.01625, 8.74511, 8.87449],
			"to": [3.45125, 10.48511, 11.48449],
			"rotation": {"angle": 0, "axis": "x", "origin": [3.01625, 10.48511, 11.04949]},
			"faces": {
				"south": {"uv": [3.6, 12.4, 3.8, 13], "texture": "#1"},
				"west": {"uv": [6, 10, 7, 10.6], "texture": "#1"},
				"down": {"uv": [12.2, 11.6, 12, 12.6], "texture": "#1"}
			}
		},
		{
			"from": [12.54875, 11.41282, 6.70188],
			"to": [13.41875, 14.02282, 12.79188],
			"rotation": {"angle": -45, "axis": "x", "origin": [12.98375, 11.84782, 10.61688]},
			"faces": {
				"north": {"uv": [12.4, 6.4, 12, 7.4], "texture": "#1"},
				"east": {"uv": [6.4, 7.6, 4, 8.6], "texture": "#1"},
				"south": {"uv": [7.6, 12, 7.2, 13], "texture": "#1"},
				"west": {"uv": [10, 2.4, 7.6, 3.4], "texture": "#1"},
				"up": {"uv": [4, 14.4, 4.4, 12], "texture": "#1"},
				"down": {"uv": [4.4, 12, 4.8, 14.4], "texture": "#1"}
			}
		},
		{
			"from": [12.54875, 10.21976, 8.18706],
			"to": [13.20125, 11.95976, 12.53706],
			"rotation": {"angle": -22.5, "axis": "x", "origin": [12.98375, 10.00226, 11.23206]},
			"faces": {
				"east": {"uv": [13.4, 0, 11.6, 0.6], "texture": "#1"},
				"south": {"uv": [3.4, 12.4, 3.2, 13], "texture": "#1"},
				"down": {"uv": [7.6, 12, 7.8, 13.8], "texture": "#1"}
			}
		},
		{
			"from": [12.65, 8.27426, 7.4],
			"to": [13.55, 10.07426, 9.2],
			"rotation": {"angle": -22.5, "axis": "x", "origin": [13.25, 9.17426, 8.3]},
			"faces": {
				"north": {"uv": [12.4, 7.6, 12, 8.4], "texture": "#1"},
				"east": {"uv": [10.8, 2.4, 10, 3.2], "texture": "#1"},
				"south": {"uv": [8.4, 12, 8, 12.8], "texture": "#1"},
				"west": {"uv": [7.2, 7.6, 6.4, 8.4], "texture": "#1"},
				"up": {"uv": [12, 9.2, 12.4, 8.4], "texture": "#1"},
				"down": {"uv": [12, 9.2, 12.4, 10], "texture": "#1"}
			}
		},
		{
			"from": [12.54875, 8.74511, 8.87449],
			"to": [12.98375, 10.48511, 11.48449],
			"rotation": {"angle": 0, "axis": "x", "origin": [12.98375, 10.48511, 11.04949]},
			"faces": {
				"east": {"uv": [7, 10, 6, 10.6], "texture": "#1"},
				"south": {"uv": [3.8, 12.4, 3.6, 13], "texture": "#1"},
				"down": {"uv": [12, 11.6, 12.2, 12.6], "texture": "#1"}
			}
		},
		{
			"from": [6.14853, 3.15074, 3.365],
			"to": [7.34853, 5.10074, 4.2608],
			"rotation": {"angle": 0, "axis": "z", "origin": [6.74853, 3.52574, 4.8479]},
			"faces": {
				"north": {"uv": [9.6, 12, 10, 12.8], "texture": "#1"},
				"east": {"uv": [10, 12, 10.4, 12.8], "texture": "#1"},
				"south": {"uv": [12, 10, 12.4, 10.8], "texture": "#1"},
				"west": {"uv": [10.4, 12, 10.8, 12.8], "texture": "#1"},
				"down": {"uv": [3.2, 12.4, 2.8, 12.8], "texture": "#1"}
			}
		},
		{
			"from": [5.54853, 3.65221, 3.35],
			"to": [6.74853, 4.85221, 4.55],
			"rotation": {"angle": -45, "axis": "z", "origin": [7.34853, 4.25221, 3.95]},
			"faces": {
				"north": {"uv": [0.4, 12.4, 0.8, 12.8], "texture": "#1"},
				"east": {"uv": [0.8, 12.4, 1.2, 12.8], "texture": "#1"},
				"south": {"uv": [1.2, 12.4, 1.6, 12.8], "texture": "#1"},
				"west": {"uv": [1.6, 12.4, 2, 12.8], "texture": "#1"},
				"up": {"uv": [2.4, 12.8, 2, 12.4], "texture": "#1"},
				"down": {"uv": [2.8, 12.4, 2.4, 12.8], "texture": "#1"}
			}
		},
		{
			"from": [3.35, 4.74926, 3.365],
			"to": [6.5, 5.94926, 6.3608],
			"rotation": {"angle": 0, "axis": "y", "origin": [12.8, 11.94926, 3.65]},
			"faces": {
				"north": {"uv": [4.8, 12, 6, 12.4], "texture": "#1"},
				"south": {"uv": [6, 12, 7.2, 12.4], "texture": "#1"},
				"west": {"uv": [12, 6, 13.2, 6.4], "texture": "#1"},
				"up": {"uv": [10.8, 12, 9.6, 10.8], "texture": "#1"},
				"down": {"uv": [12, 10.4, 10.8, 11.6], "texture": "#1"}
			}
		},
		{
			"from": [9.5, 4.74926, 3.365],
			"to": [12.65, 5.94926, 6.3608],
			"rotation": {"angle": 0, "axis": "y", "origin": [3.2, 11.94926, 3.65]},
			"faces": {
				"north": {"uv": [6, 12, 4.8, 12.4], "texture": "#1"},
				"east": {"uv": [13.2, 6, 12, 6.4], "texture": "#1"},
				"south": {"uv": [7.2, 12, 6, 12.4], "texture": "#1"},
				"up": {"uv": [9.6, 12, 10.8, 10.8], "texture": "#1"},
				"down": {"uv": [10.8, 10.4, 12, 11.6], "texture": "#1"}
			}
		},
		{
			"from": [9.25147, 3.65221, 3.35],
			"to": [10.45147, 4.85221, 4.55],
			"rotation": {"angle": 45, "axis": "z", "origin": [8.65147, 4.25221, 3.95]},
			"faces": {
				"north": {"uv": [0.8, 12.4, 0.4, 12.8], "texture": "#1"},
				"east": {"uv": [2, 12.4, 1.6, 12.8], "texture": "#1"},
				"south": {"uv": [1.6, 12.4, 1.2, 12.8], "texture": "#1"},
				"west": {"uv": [1.2, 12.4, 0.8, 12.8], "texture": "#1"},
				"up": {"uv": [2, 12.8, 2.4, 12.4], "texture": "#1"},
				"down": {"uv": [2.4, 12.4, 2.8, 12.8], "texture": "#1"}
			}
		},
		{
			"from": [8.65147, 3.15074, 3.365],
			"to": [9.85147, 5.10074, 4.2608],
			"rotation": {"angle": 0, "axis": "z", "origin": [9.25147, 3.52574, 4.8479]},
			"faces": {
				"north": {"uv": [10, 12, 9.6, 12.8], "texture": "#1"},
				"east": {"uv": [10.8, 12, 10.4, 12.8], "texture": "#1"},
				"south": {"uv": [12.4, 10, 12, 10.8], "texture": "#1"},
				"west": {"uv": [10.4, 12, 10, 12.8], "texture": "#1"},
				"down": {"uv": [2.8, 12.4, 3.2, 12.8], "texture": "#1"}
			}
		},
		{
			"from": [5.54853, 10.57132, 2.9],
			"to": [7.19853, 11.77132, 4.1],
			"rotation": {"angle": 45, "axis": "z", "origin": [7.34853, 11.17132, 3.5]},
			"faces": {
				"north": {"uv": [6.4, 8.4, 7, 8.8], "texture": "#1"},
				"south": {"uv": [10, 3.2, 10.6, 3.6], "texture": "#1"},
				"west": {"uv": [0, 12.4, 0.4, 12.8], "texture": "#1"},
				"up": {"uv": [12.6, 11.2, 12, 10.8], "texture": "#1"},
				"down": {"uv": [12.6, 11.2, 12, 11.6], "texture": "#1"}
			}
		},
		{
			"from": [2.9, 9.47426, 2.915],
			"to": [6.5, 10.67426, 5.9108],
			"rotation": {"angle": 0, "axis": "y", "origin": [12.8, 3.47426, 3.2]},
			"faces": {
				"north": {"uv": [4, 3.6, 5.4, 4], "texture": "#1"},
				"south": {"uv": [5.6, 3.6, 7, 4], "texture": "#1"},
				"west": {"uv": [11.6, 2, 12.8, 2.4], "texture": "#1"},
				"up": {"uv": [5.4, 10, 4, 8.8], "texture": "#1"},
				"down": {"uv": [7, 8.8, 5.6, 10], "texture": "#1"}
			}
		},
		{
			"from": [8.80147, 10.57132, 2.9],
			"to": [10.45147, 11.77132, 4.1],
			"rotation": {"angle": -45, "axis": "z", "origin": [8.65147, 11.17132, 3.5]},
			"faces": {
				"north": {"uv": [7, 8.4, 6.4, 8.8], "texture": "#1"},
				"east": {"uv": [0.4, 12.4, 0, 12.8], "texture": "#1"},
				"south": {"uv": [10.6, 3.2, 10, 3.6], "texture": "#1"},
				"up": {"uv": [12, 11.2, 12.6, 10.8], "texture": "#1"},
				"down": {"uv": [12, 11.2, 12.6, 11.6], "texture": "#1"}
			}
		},
		{
			"from": [9.5, 9.47426, 2.915],
			"to": [13.1, 10.67426, 5.9108],
			"rotation": {"angle": 0, "axis": "y", "origin": [3.2, 3.47426, 3.2]},
			"faces": {
				"north": {"uv": [5.4, 3.6, 4, 4], "texture": "#1"},
				"east": {"uv": [12.8, 2, 11.6, 2.4], "texture": "#1"},
				"south": {"uv": [7, 3.6, 5.6, 4], "texture": "#1"},
				"up": {"uv": [4, 10, 5.4, 8.8], "texture": "#1"},
				"down": {"uv": [5.6, 8.8, 7, 10], "texture": "#1"}
			}
		}
	],
	"gui_light": "front",
	"display": {
		"thirdperson_righthand": {
			"rotation": [57, 0, 0],
			"translation": [0, 3.25, 2],
			"scale": [0.68945, 0.68945, 0.68945]
		},
		"thirdperson_lefthand": {
			"rotation": [57, 0, 0],
			"translation": [0, 3.25, 2],
			"scale": [0.68945, 0.68945, 0.68945]
		},
		"firstperson_righthand": {
			"rotation": [156.5, 0, -180],
			"translation": [-1, 4.5, 0.5],
			"scale": [0.75391, 0.75391, 0.75391]
		},
		"firstperson_lefthand": {
			"rotation": [156.5, 0, -180],
			"translation": [-1, 4.5, 0.5],
			"scale": [0.75391, 0.75391, 0.75391]
		},
		"ground": {
			"translation": [0, 6.5, 0]
		},
		"gui": {
            "rotation": [30, -135, 0],
			"translation": [0.5, -1.5, 0],
			"scale": [0.9, 0.9, 0.9]
        },
		"head": {
			"translation": [0, 0.25, 0],
			"scale": [1.75, 1.75, 1.75]
		},
		"fixed": {
			"rotation": [-90, 0, 0],
			"translation": [0, 0, -10],
			"scale": [2, 2, 2]
		}
	}
}