{
  "providers": [
    {"file":"text/prefixes/staff/owner.png","chars":[""],"height":9,"ascent":8,"type":"bitmap"},
    {"file":"text/prefixes/staff/developer.png","chars":[""],"height":9,"ascent":8,"type":"bitmap"},
    {"file":"text/prefixes/staff/manager.png","chars":[""],"height":9,"ascent":8,"type":"bitmap"},
	{"file":"text/prefixes/staff/sysadmin.png","chars":[""],"height":9,"ascent":8,"type":"bitmap"},
    {"file":"text/prefixes/staff/admin.png","chars":[""],"height":9,"ascent":8,"type":"bitmap"},
    {"file":"text/prefixes/staff/srmod.png","chars":[""],"height":9,"ascent":8,"type":"bitmap"},
    {"file":"text/prefixes/staff/mod.png","chars":[""],"height":9,"ascent":8,"type":"bitmap"},
    {"file":"text/prefixes/staff/helper.png","chars":[""],"height":9,"ascent":8,"type":"bitmap"},
    {"file":"text/prefixes/member.png","chars":[""],"height":9,"ascent":8,"type":"bitmap"},
	
    {"file":"text/prefixes/skyblock/kraken.png","chars":[""],"height":9,"ascent":8,"type":"bitmap"},
    {"file":"text/prefixes/skyblock/phoenix.png","chars":[""],"height":9,"ascent":8,"type":"bitmap"},
    {"file":"text/prefixes/skyblock/spyro.png","chars":[""],"height":9,"ascent":8,"type":"bitmap"},
    {"file":"text/prefixes/skyblock/hydra.png","chars":[""],"height":9,"ascent":8,"type":"bitmap"},
    {"file":"text/prefixes/skyblock/wither.png","chars":[""],"height":9,"ascent":8,"type":"bitmap"},
    {"file":"text/prefixes/skyblock/dragon.png","chars":[""],"height":9,"ascent":8,"type":"bitmap"},
	
    {"file":"text/prefixes/prison/comet.png","chars":[""],"height":9,"ascent":8,"type":"bitmap"},
    {"file":"text/prefixes/prison/star.png","chars":[""],"height":9,"ascent":8,"type":"bitmap"},
    {"file":"text/prefixes/prison/zodiac.png","chars":[""],"height":9,"ascent":8,"type":"bitmap"},
    {"file":"text/prefixes/prison/nebula.png","chars":[""],"height":9,"ascent":8,"type":"bitmap"},
    {"file":"text/prefixes/prison/galaxy.png","chars":[""],"height":9,"ascent":8,"type":"bitmap"},
    {"file":"text/prefixes/prison/supernova.png","chars":[""],"height":9,"ascent":8,"type":"bitmap"},
	
    {"file":"text/prefixes/gens/ares.png","chars":[""],"height":9,"ascent":8,"type":"bitmap"},
    {"file":"text/prefixes/gens/apollo.png","chars":[""],"height":9,"ascent":8,"type":"bitmap"},
    {"file":"text/prefixes/gens/hades.png","chars":[""],"height":9,"ascent":8,"type":"bitmap"},
    {"file":"text/prefixes/gens/poseidon.png","chars":[""],"height":9,"ascent":8,"type":"bitmap"},
    {"file":"text/prefixes/gens/zeus.png","chars":[""],"height":9,"ascent":8,"type":"bitmap"},
	
    {"file":"text/prefixes/towny/squid.png","chars":[""],"height":9,"ascent":8,"type":"bitmap"},
    {"file":"text/prefixes/towny/bee.png","chars":[""],"height":9,"ascent":8,"type":"bitmap"},
    {"file":"text/prefixes/towny/llama.png","chars":[""],"height":9,"ascent":8,"type":"bitmap"},
    {"file":"text/prefixes/towny/turtle.png","chars":[""],"height":9,"ascent":8,"type":"bitmap"},
    {"file":"text/prefixes/towny/piglin.png","chars":[""],"height":9,"ascent":8,"type":"bitmap"},
    {"file":"text/prefixes/towny/phantom.png","chars":[""],"height":9,"ascent":8,"type":"bitmap"},
	
    {"file":"text/prefixes/cosmetic/donor.png","chars":[""],"height":9,"ascent":8,"type":"bitmap"},
    {"file":"text/prefixes/cosmetic/mvp.png","chars":[""],"height":9,"ascent":8,"type":"bitmap"},
    {"file":"text/prefixes/cosmetic/vip.png","chars":[""],"height":9,"ascent":8,"type":"bitmap"},
    {"file":"text/prefixes/cosmetic/platinum.png","chars":[""],"height":9,"ascent":8,"type":"bitmap"},
	
    {"file":"text/prefixes/void.png","chars":[""],"height":9,"ascent":8,"type":"bitmap"},
    {"file":"text/prefixes/creator.png","chars":[""],"height":9,"ascent":8,"type":"bitmap"},
	{"file":"text/prefixes/media.png","chars":[""],"height":9,"ascent":8,"type":"bitmap"},
	
    {"file":"text/prefixes/dungeons/neon.png","chars":[""],"height":9,"ascent":8,"type":"bitmap"},
    {"file":"text/prefixes/dungeons/volt.png","chars":[""],"height":9,"ascent":8,"type":"bitmap"},
    {"file":"text/prefixes/dungeons/ether.png","chars":[""],"height":9,"ascent":8,"type":"bitmap"},
    {"file":"text/prefixes/dungeons/plasma.png","chars":[""],"height":9,"ascent":8,"type":"bitmap"},

    {"file":"text/prefixes/tower_defense/ghoul.png","chars":[""],"height":9,"ascent":8,"type":"bitmap"},
    {"file":"text/prefixes/tower_defense/shinobi.png","chars":[""],"height":9,"ascent":8,"type":"bitmap"},
    {"file":"text/prefixes/tower_defense/saiyan.png","chars":[""],"height":9,"ascent":8,"type":"bitmap"},
    {"file":"text/prefixes/tower_defense/hashira.png","chars":[""],"height":9,"ascent":8,"type":"bitmap"},
    {"file":"text/prefixes/tower_defense/glitch.png","chars":[""],"height":9,"ascent":8,"type":"bitmap"},
    {"file":"text/prefixes/tower_defense/legend.png","chars":[""],"height":9,"ascent":8,"type":"bitmap"},
    {"file":"text/prefixes/tower_defense/pixel.png","chars":[""],"height":9,"ascent":8,"type":"bitmap"},
    {"file":"text/prefixes/tower_defense/retro.png","chars":[""],"height":9,"ascent":8,"type":"bitmap"},
	
	{"file":"text/rarities/common.png","chars":["𘭍"],"height":9,"ascent":8,"type":"bitmap"},
    {"file":"text/rarities/rare.png","chars":["𘭎"],"height":9,"ascent":8,"type":"bitmap"},
    {"file":"text/rarities/unique.png","chars":["𘭏"],"height":9,"ascent":8,"type":"bitmap"},
    {"file":"text/rarities/legendary.png","chars":["𘭐"],"height":9,"ascent":8,"type":"bitmap"},
	
	{"file":"text/status/locked.png","chars":["𘭑"],"height":9,"ascent":8,"type":"bitmap"},
    {"file":"text/status/unlocked.png","chars":["𘭒"],"height":9,"ascent":8,"type":"bitmap"},
	{"file":"text/status/equipped.png","chars":["𘭓"],"height":9,"ascent":8,"type":"bitmap"},
    
    {"file":"text/rarities/common_text.png","chars":[""],"height":9,"ascent":8,"type":"bitmap"},
    {"file":"text/rarities/stars/common_stars.png","chars":[""],"height":9,"ascent":8,"type":"bitmap"},
    {"file":"text/rarities/rare_text.png","chars":[""],"height":9,"ascent":8,"type":"bitmap"},
    {"file":"text/rarities/stars/rare_stars.png","chars":[""],"height":9,"ascent":8,"type":"bitmap"},
	{"file":"text/rarities/epic_text.png","chars":[""],"height":9,"ascent":8,"type":"bitmap"},
	{"file":"text/rarities/stars/epic_stars.png","chars":[""],"height":9,"ascent":8,"type":"bitmap"},
	{"file":"text/rarities/legendary_text.png","chars":[""],"height":9,"ascent":8,"type":"bitmap"},
	{"file":"text/rarities/stars/legendary_stars.png","chars":[""],"height":9,"ascent":8,"type":"bitmap"},
    {"file":"text/rarities/mythical_text.png","chars":[""],"height":9,"ascent":8,"type":"bitmap"},
    {"file":"text/rarities/shiny_text.png","chars":[""],"height":9,"ascent":8,"type":"bitmap"},
    {"file":"text/rarities/unique_text.png","chars":[""],"height":9,"ascent":8,"type":"bitmap"},

    {"file":"text/other/s.png","chars":[""],"height":9,"ascent":8,"type":"bitmap"},
    {"file":"text/other/ss.png","chars":[""],"height":9,"ascent":8,"type":"bitmap"},
    {"file":"text/other/sss.png","chars":[""],"height":9,"ascent":8,"type":"bitmap"},
    {"file":"text/other/a.png","chars":[""],"height":9,"ascent":8,"type":"bitmap"},
    {"file":"text/other/a_plus.png","chars":[""],"height":9,"ascent":8,"type":"bitmap"},
    {"file":"text/other/a_minus.png","chars":[""],"height":9,"ascent":8,"type":"bitmap"},
    {"file":"text/other/b.png","chars":[""],"height":9,"ascent":8,"type":"bitmap"},
    {"file":"text/other/b_plus.png","chars":[""],"height":9,"ascent":8,"type":"bitmap"},
    {"file":"text/other/b_minus.png","chars":[""],"height":9,"ascent":8,"type":"bitmap"},
    {"file":"text/other/c.png","chars":[""],"height":9,"ascent":8,"type":"bitmap"},
    {"file":"text/other/c_plus.png","chars":[""],"height":9,"ascent":8,"type":"bitmap"},
    {"file":"text/other/c_minus.png","chars":[""],"height":9,"ascent":8,"type":"bitmap"},
    
    {"file":"text/rarities/stars/star_1.png","chars":[""],"height":9,"ascent":8,"type":"bitmap"},
    {"file":"text/rarities/stars/star_2.png","chars":[""],"height":9,"ascent":8,"type":"bitmap"},
    {"file":"text/rarities/stars/star_3.png","chars":[""],"height":9,"ascent":8,"type":"bitmap"},
    {"file":"text/rarities/stars/star_4.png","chars":[""],"height":9,"ascent":8,"type":"bitmap"},
    {"file":"text/rarities/stars/star_5.png","chars":[""],"height":9,"ascent":8,"type":"bitmap"},
    {"file":"text/rarities/stars/star_6.png","chars":[""],"height":12,"ascent":10,"type":"bitmap"},
    {"file":"text/rarities/stars/star_7.png","chars":[""],"height":12,"ascent":10,"type":"bitmap"},
    {"file":"text/rarities/stars/star_8.png","chars":[""],"height":12,"ascent":10,"type":"bitmap"},
    {"file":"text/rarities/stars/star_9.png","chars":[""],"height":12,"ascent":10,"type":"bitmap"},
    {"file":"text/rarities/stars/star_10.png","chars":[""],"height":12,"ascent":10,"type":"bitmap"},
	
	{"file":"text/logo.png","chars":[""],"height":52,"ascent":33,"type":"bitmap"},
    {"type":"bitmap","file":"minecraft:ui/exit_screen_bottom.png","ascent":7,"height":256,"chars":[""]},
    {"type":"bitmap","file":"minecraft:ui/exit_screen_sidebar.png","ascent":60,"height":256,"chars":[""]},
    {"type":"bitmap","file":"minecraft:ui/exit_screen_sidebar_left.png","ascent":60,"height":256,"chars":[""]},
    {"type":"bitmap","file":"minecraft:ui/empty_character.png","ascent":-32768,"height":-6,"chars":[""]},
    {"type":"bitmap","file":"minecraft:ui/serverlogo.png","ascent":32,"height":100,"chars":["섏섐","섑섒"]},
    {"type":"bitmap","file":"minecraft:ui/space.png","ascent":-32768,"height":-3,"chars":["⻔"]},
    {"type":"bitmap","file":"minecraft:ui/space.png","ascent":-32768,"height":-31,"chars":[""]},
    {"type":"bitmap","file":"minecraft:ui/pixel_nosplit.png","ascent":-32768,"height":-34,"chars":[""]},
    {"type":"bitmap","file":"minecraft:ui/pixel_nosplit.png","ascent":-32768,"height":-8,"chars":[""]},

    {"type":"bitmap","file":"minecraft:ui/exit_screen_test.png","ascent":-89,"height":256,"chars":[""]},
	
    {"type":"bitmap","file":"minecraft:gui/custom/skulls.png","ascent":18,"height":256,"chars":[""]},
	{"type":"bitmap","file":"minecraft:gui/custom/cosmetics.png","ascent":28,"height":256,"chars":[""]},
	{"type":"bitmap","file":"minecraft:gui/custom/game_worlds.png","ascent":18,"height":256,"chars":[""]},
	{"type":"bitmap","file":"minecraft:gui/custom/leaderboards.png","ascent":18,"height":256,"chars":[""]},
	{"type":"bitmap","file":"minecraft:gui/custom/storage.png","ascent":18,"height":256,"chars":[""]},
	{"type":"bitmap","file":"minecraft:gui/custom/units.png","ascent":18,"height":256,"chars":[""]}
  ]
}
