{
	"credit": "Made with Blockbench",
	"textures": {
		"0": "item/swords/bone_blade",
		"particle": "item/swords/bone_blade"
	},
	"elements": [
		{
			"name": "bone-blade_0",
			"from": [8.77323, 26.65288, 7.85941],
			"to": [10.46028, 26.93405, 8.14059],
			"rotation": {"angle": 0, "axis": "y", "origin": [8, 7.71882, 8]},
			"faces": {
				"north": {"uv": [9, 2.25, 8.25, 2.375], "texture": "#0"},
				"east": {"uv": [8.875, 2.25, 9, 2.375], "texture": "#0"},
				"south": {"uv": [8.25, 2.25, 9, 2.375], "texture": "#0"},
				"west": {"uv": [8.25, 2.25, 8.375, 2.375], "texture": "#0"},
				"up": {"uv": [8.25, 2.25, 9, 2.375], "texture": "#0"},
				"down": {"uv": [8.25, 2.25, 9, 2.375], "texture": "#0"}
			}
		},
		{
			"name": "bone-blade_1",
			"from": [8.77323, 26.3717, 7.85941],
			"to": [10.46028, 26.65288, 8.14059],
			"rotation": {"angle": 0, "axis": "y", "origin": [8, 7.71882, 8]},
			"faces": {
				"north": {"uv": [9, 2.375, 8.25, 2.5], "texture": "#0"},
				"east": {"uv": [8.875, 2.375, 9, 2.5], "texture": "#0"},
				"south": {"uv": [8.25, 2.375, 9, 2.5], "texture": "#0"},
				"west": {"uv": [8.25, 2.375, 8.375, 2.5], "texture": "#0"},
				"up": {"uv": [8.25, 2.375, 9, 2.5], "texture": "#0"},
				"down": {"uv": [8.25, 2.375, 9, 2.5], "texture": "#0"}
			}
		},
		{
			"name": "bone-blade_2",
			"from": [8.21088, 26.09053, 7.85941],
			"to": [10.46028, 26.3717, 8.14059],
			"rotation": {"angle": 0, "axis": "y", "origin": [8, 7.71882, 8]},
			"faces": {
				"north": {"uv": [9, 2.5, 8, 2.625], "texture": "#0"},
				"east": {"uv": [8.875, 2.5, 9, 2.625], "texture": "#0"},
				"south": {"uv": [8, 2.5, 9, 2.625], "texture": "#0"},
				"west": {"uv": [8, 2.5, 8.125, 2.625], "texture": "#0"},
				"up": {"uv": [8, 2.5, 9, 2.625], "texture": "#0"},
				"down": {"uv": [8, 2.5, 9, 2.625], "texture": "#0"}
			}
		},
		{
			"name": "bone-blade_3",
			"from": [8.21088, 25.80935, 7.85941],
			"to": [10.46028, 26.09053, 8.14059],
			"rotation": {"angle": 0, "axis": "y", "origin": [8, 7.71882, 8]},
			"faces": {
				"north": {"uv": [9, 2.625, 8, 2.75], "texture": "#0"},
				"east": {"uv": [8.875, 2.625, 9, 2.75], "texture": "#0"},
				"south": {"uv": [8, 2.625, 9, 2.75], "texture": "#0"},
				"west": {"uv": [8, 2.625, 8.125, 2.75], "texture": "#0"},
				"up": {"uv": [8, 2.625, 9, 2.75], "texture": "#0"},
				"down": {"uv": [8, 2.625, 9, 2.75], "texture": "#0"}
			}
		},
		{
			"name": "bone-blade_4",
			"from": [7.64853, 25.52817, 7.85941],
			"to": [9.89793, 25.80935, 8.14059],
			"rotation": {"angle": 0, "axis": "y", "origin": [8, 7.71882, 8]},
			"faces": {
				"north": {"uv": [8.75, 2.75, 7.75, 2.875], "texture": "#0"},
				"east": {"uv": [8.625, 2.75, 8.75, 2.875], "texture": "#0"},
				"south": {"uv": [7.75, 2.75, 8.75, 2.875], "texture": "#0"},
				"west": {"uv": [7.75, 2.75, 7.875, 2.875], "texture": "#0"},
				"up": {"uv": [7.75, 2.75, 8.75, 2.875], "texture": "#0"},
				"down": {"uv": [7.75, 2.75, 8.75, 2.875], "texture": "#0"}
			}
		},
		{
			"name": "bone-blade_5",
			"from": [7.64853, 25.247, 7.85941],
			"to": [9.89793, 25.52817, 8.14059],
			"rotation": {"angle": 0, "axis": "y", "origin": [8, 7.71882, 8]},
			"faces": {
				"north": {"uv": [8.75, 2.875, 7.75, 3], "texture": "#0"},
				"east": {"uv": [8.625, 2.875, 8.75, 3], "texture": "#0"},
				"south": {"uv": [7.75, 2.875, 8.75, 3], "texture": "#0"},
				"west": {"uv": [7.75, 2.875, 7.875, 3], "texture": "#0"},
				"up": {"uv": [7.75, 2.875, 8.75, 3], "texture": "#0"},
				"down": {"uv": [7.75, 2.875, 8.75, 3], "texture": "#0"}
			}
		},
		{
			"name": "bone-blade_6",
			"from": [7.08618, 24.96582, 7.85941],
			"to": [9.89793, 25.247, 8.14059],
			"rotation": {"angle": 0, "axis": "y", "origin": [8, 7.71882, 8]},
			"faces": {
				"north": {"uv": [8.75, 3, 7.5, 3.125], "texture": "#0"},
				"east": {"uv": [8.625, 3, 8.75, 3.125], "texture": "#0"},
				"south": {"uv": [7.5, 3, 8.75, 3.125], "texture": "#0"},
				"west": {"uv": [7.5, 3, 7.625, 3.125], "texture": "#0"},
				"up": {"uv": [7.5, 3, 8.75, 3.125], "texture": "#0"},
				"down": {"uv": [7.5, 3, 8.75, 3.125], "texture": "#0"}
			}
		},
		{
			"name": "bone-blade_7",
			"from": [6.80501, 24.68465, 7.85941],
			"to": [9.89793, 24.96582, 8.14059],
			"rotation": {"angle": 0, "axis": "y", "origin": [8, 7.71882, 8]},
			"faces": {
				"north": {"uv": [8.75, 3.125, 7.375, 3.25], "texture": "#0"},
				"east": {"uv": [8.625, 3.125, 8.75, 3.25], "texture": "#0"},
				"south": {"uv": [7.375, 3.125, 8.75, 3.25], "texture": "#0"},
				"west": {"uv": [7.375, 3.125, 7.5, 3.25], "texture": "#0"},
				"up": {"uv": [7.375, 3.125, 8.75, 3.25], "texture": "#0"},
				"down": {"uv": [7.375, 3.125, 8.75, 3.25], "texture": "#0"}
			}
		},
		{
			"name": "bone-blade_8",
			"from": [6.52383, 24.40348, 7.85941],
			"to": [9.89793, 24.68465, 8.14059],
			"rotation": {"angle": 0, "axis": "y", "origin": [8, 7.71882, 8]},
			"faces": {
				"north": {"uv": [8.75, 3.25, 7.25, 3.375], "texture": "#0"},
				"east": {"uv": [8.625, 3.25, 8.75, 3.375], "texture": "#0"},
				"south": {"uv": [7.25, 3.25, 8.75, 3.375], "texture": "#0"},
				"west": {"uv": [7.25, 3.25, 7.375, 3.375], "texture": "#0"},
				"up": {"uv": [7.25, 3.25, 8.75, 3.375], "texture": "#0"},
				"down": {"uv": [7.25, 3.25, 8.75, 3.375], "texture": "#0"}
			}
		},
		{
			"name": "bone-blade_9",
			"from": [5.39913, 24.1223, 7.85941],
			"to": [9.89793, 24.40348, 8.14059],
			"rotation": {"angle": 0, "axis": "y", "origin": [8, 7.71882, 8]},
			"faces": {
				"north": {"uv": [8.75, 3.375, 6.75, 3.5], "texture": "#0"},
				"east": {"uv": [8.625, 3.375, 8.75, 3.5], "texture": "#0"},
				"south": {"uv": [6.75, 3.375, 8.75, 3.5], "texture": "#0"},
				"west": {"uv": [6.75, 3.375, 6.875, 3.5], "texture": "#0"},
				"up": {"uv": [6.75, 3.375, 8.75, 3.5], "texture": "#0"},
				"down": {"uv": [6.75, 3.375, 8.75, 3.5], "texture": "#0"}
			}
		},
		{
			"name": "bone-blade_10",
			"from": [4.55561, 23.84113, 7.94091],
			"to": [9.33558, 24.1223, 8.05909],
			"rotation": {"angle": 0, "axis": "y", "origin": [8, 7.71882, 8]},
			"faces": {
				"north": {"uv": [8.5, 3.5, 6.375, 3.625], "texture": "#0"},
				"east": {"uv": [8.375, 3.5, 8.5, 3.625], "texture": "#0"},
				"south": {"uv": [6.375, 3.5, 8.5, 3.625], "texture": "#0"},
				"west": {"uv": [6.375, 3.5, 6.5, 3.625], "texture": "#0"},
				"up": {"uv": [6.375, 3.5, 8.5, 3.625], "texture": "#0"},
				"down": {"uv": [6.375, 3.5, 8.5, 3.625], "texture": "#0"}
			}
		},
		{
			"name": "bone-blade_11",
			"from": [6.24266, 23.55995, 7.85941],
			"to": [9.33558, 23.84113, 8.14059],
			"rotation": {"angle": 0, "axis": "y", "origin": [8, 7.71882, 8]},
			"faces": {
				"north": {"uv": [8.5, 3.625, 7.125, 3.75], "texture": "#0"},
				"east": {"uv": [8.375, 3.625, 8.5, 3.75], "texture": "#0"},
				"south": {"uv": [7.125, 3.625, 8.5, 3.75], "texture": "#0"},
				"west": {"uv": [7.125, 3.625, 7.25, 3.75], "texture": "#0"},
				"up": {"uv": [7.125, 3.625, 8.5, 3.75], "texture": "#0"},
				"down": {"uv": [7.125, 3.625, 8.5, 3.75], "texture": "#0"}
			}
		},
		{
			"name": "bone-blade_12",
			"from": [5.96148, 23.27877, 7.85941],
			"to": [9.33558, 23.55995, 8.14059],
			"rotation": {"angle": 0, "axis": "y", "origin": [8, 7.71882, 8]},
			"faces": {
				"north": {"uv": [8.5, 3.75, 7, 3.875], "texture": "#0"},
				"east": {"uv": [8.375, 3.75, 8.5, 3.875], "texture": "#0"},
				"south": {"uv": [7, 3.75, 8.5, 3.875], "texture": "#0"},
				"west": {"uv": [7, 3.75, 7.125, 3.875], "texture": "#0"},
				"up": {"uv": [7, 3.75, 8.5, 3.875], "texture": "#0"},
				"down": {"uv": [7, 3.75, 8.5, 3.875], "texture": "#0"}
			}
		},
		{
			"name": "bone-blade_13",
			"from": [5.96148, 22.9976, 7.85941],
			"to": [9.33558, 23.27877, 8.14059],
			"rotation": {"angle": 0, "axis": "y", "origin": [8, 7.71882, 8]},
			"faces": {
				"north": {"uv": [8.5, 3.875, 7, 4], "texture": "#0"},
				"east": {"uv": [8.375, 3.875, 8.5, 4], "texture": "#0"},
				"south": {"uv": [7, 3.875, 8.5, 4], "texture": "#0"},
				"west": {"uv": [7, 3.875, 7.125, 4], "texture": "#0"},
				"up": {"uv": [7, 3.875, 8.5, 4], "texture": "#0"},
				"down": {"uv": [7, 3.875, 8.5, 4], "texture": "#0"}
			}
		},
		{
			"name": "bone-blade_14",
			"from": [5.68031, 22.71643, 7.85941],
			"to": [8.77323, 22.9976, 8.14059],
			"rotation": {"angle": 0, "axis": "y", "origin": [8, 7.71882, 8]},
			"faces": {
				"north": {"uv": [8.25, 4, 6.875, 4.125], "texture": "#0"},
				"east": {"uv": [8.125, 4, 8.25, 4.125], "texture": "#0"},
				"south": {"uv": [6.875, 4, 8.25, 4.125], "texture": "#0"},
				"west": {"uv": [6.875, 4, 7, 4.125], "texture": "#0"},
				"up": {"uv": [6.875, 4, 8.25, 4.125], "texture": "#0"},
				"down": {"uv": [6.875, 4, 8.25, 4.125], "texture": "#0"}
			}
		},
		{
			"name": "bone-blade_15",
			"from": [5.11796, 22.43525, 7.94091],
			"to": [8.77323, 22.71643, 8.05909],
			"rotation": {"angle": 0, "axis": "y", "origin": [8, 7.71882, 8]},
			"faces": {
				"north": {"uv": [8.25, 4.125, 6.625, 4.25], "texture": "#0"},
				"east": {"uv": [8.125, 4.125, 8.25, 4.25], "texture": "#0"},
				"south": {"uv": [6.625, 4.125, 8.25, 4.25], "texture": "#0"},
				"west": {"uv": [6.625, 4.125, 6.75, 4.25], "texture": "#0"},
				"up": {"uv": [6.625, 4.125, 8.25, 4.25], "texture": "#0"},
				"down": {"uv": [6.625, 4.125, 8.25, 4.25], "texture": "#0"}
			}
		},
		{
			"name": "bone-blade_16",
			"from": [4.27443, 22.15408, 7.94091],
			"to": [8.77323, 22.43525, 8.05909],
			"rotation": {"angle": 0, "axis": "y", "origin": [8, 7.71882, 8]},
			"faces": {
				"north": {"uv": [8.25, 4.25, 6.25, 4.375], "texture": "#0"},
				"east": {"uv": [8.125, 4.25, 8.25, 4.375], "texture": "#0"},
				"south": {"uv": [6.25, 4.25, 8.25, 4.375], "texture": "#0"},
				"west": {"uv": [6.25, 4.25, 6.375, 4.375], "texture": "#0"},
				"up": {"uv": [6.25, 4.25, 8.25, 4.375], "texture": "#0"},
				"down": {"uv": [6.25, 4.25, 8.25, 4.375], "texture": "#0"}
			}
		},
		{
			"name": "bone-blade_17",
			"from": [5.39913, 21.8729, 7.85941],
			"to": [8.77323, 22.15408, 8.14059],
			"rotation": {"angle": 0, "axis": "y", "origin": [8, 7.71882, 8]},
			"faces": {
				"north": {"uv": [8.25, 4.375, 6.75, 4.5], "texture": "#0"},
				"east": {"uv": [8.125, 4.375, 8.25, 4.5], "texture": "#0"},
				"south": {"uv": [6.75, 4.375, 8.25, 4.5], "texture": "#0"},
				"west": {"uv": [6.75, 4.375, 6.875, 4.5], "texture": "#0"},
				"up": {"uv": [6.75, 4.375, 8.25, 4.5], "texture": "#0"},
				"down": {"uv": [6.75, 4.375, 8.25, 4.5], "texture": "#0"}
			}
		},
		{
			"name": "bone-blade_18",
			"from": [5.39913, 21.59172, 7.85941],
			"to": [8.77323, 21.8729, 8.14059],
			"rotation": {"angle": 0, "axis": "y", "origin": [8, 7.71882, 8]},
			"faces": {
				"north": {"uv": [8.25, 4.5, 6.75, 4.625], "texture": "#0"},
				"east": {"uv": [8.125, 4.5, 8.25, 4.625], "texture": "#0"},
				"south": {"uv": [6.75, 4.5, 8.25, 4.625], "texture": "#0"},
				"west": {"uv": [6.75, 4.5, 6.875, 4.625], "texture": "#0"},
				"up": {"uv": [6.75, 4.5, 8.25, 4.625], "texture": "#0"},
				"down": {"uv": [6.75, 4.5, 8.25, 4.625], "texture": "#0"}
			}
		},
		{
			"name": "bone-blade_19",
			"from": [5.39913, 21.31055, 7.85941],
			"to": [8.77323, 21.59172, 8.14059],
			"rotation": {"angle": 0, "axis": "y", "origin": [8, 7.71882, 8]},
			"faces": {
				"north": {"uv": [8.25, 4.625, 6.75, 4.75], "texture": "#0"},
				"east": {"uv": [8.125, 4.625, 8.25, 4.75], "texture": "#0"},
				"south": {"uv": [6.75, 4.625, 8.25, 4.75], "texture": "#0"},
				"west": {"uv": [6.75, 4.625, 6.875, 4.75], "texture": "#0"},
				"up": {"uv": [6.75, 4.625, 8.25, 4.75], "texture": "#0"},
				"down": {"uv": [6.75, 4.625, 8.25, 4.75], "texture": "#0"}
			}
		},
		{
			"name": "bone-blade_20",
			"from": [5.39913, 21.02938, 7.85941],
			"to": [9.33558, 21.31055, 8.14059],
			"rotation": {"angle": 0, "axis": "y", "origin": [8, 7.71882, 8]},
			"faces": {
				"north": {"uv": [8.5, 4.75, 6.75, 4.875], "texture": "#0"},
				"east": {"uv": [8.375, 4.75, 8.5, 4.875], "texture": "#0"},
				"south": {"uv": [6.75, 4.75, 8.5, 4.875], "texture": "#0"},
				"west": {"uv": [6.75, 4.75, 6.875, 4.875], "texture": "#0"},
				"up": {"uv": [6.75, 4.75, 8.5, 4.875], "texture": "#0"},
				"down": {"uv": [6.75, 4.75, 8.5, 4.875], "texture": "#0"}
			}
		},
		{
			"name": "bone-blade_21",
			"from": [4.83678, 20.7482, 7.94091],
			"to": [9.33558, 21.02938, 8.05909],
			"rotation": {"angle": 0, "axis": "y", "origin": [8, 7.71882, 8]},
			"faces": {
				"north": {"uv": [8.5, 4.875, 6.5, 5], "texture": "#0"},
				"east": {"uv": [8.375, 4.875, 8.5, 5], "texture": "#0"},
				"south": {"uv": [6.5, 4.875, 8.5, 5], "texture": "#0"},
				"west": {"uv": [6.5, 4.875, 6.625, 5], "texture": "#0"},
				"up": {"uv": [6.5, 4.875, 8.5, 5], "texture": "#0"},
				"down": {"uv": [6.5, 4.875, 8.5, 5], "texture": "#0"}
			}
		},
		{
			"name": "bone-blade_22",
			"from": [3.43091, 20.46703, 7.94091],
			"to": [9.33558, 20.7482, 8.05909],
			"rotation": {"angle": 0, "axis": "y", "origin": [8, 7.71882, 8]},
			"faces": {
				"north": {"uv": [8.5, 5, 5.875, 5.125], "texture": "#0"},
				"east": {"uv": [8.375, 5, 8.5, 5.125], "texture": "#0"},
				"south": {"uv": [5.875, 5, 8.5, 5.125], "texture": "#0"},
				"west": {"uv": [5.875, 5, 6, 5.125], "texture": "#0"},
				"up": {"uv": [5.875, 5, 8.5, 5.125], "texture": "#0"},
				"down": {"uv": [5.875, 5, 8.5, 5.125], "texture": "#0"}
			}
		},
		{
			"name": "bone-blade_23",
			"from": [4.55561, 20.18585, 7.94091],
			"to": [9.33558, 20.46703, 8.05909],
			"rotation": {"angle": 0, "axis": "y", "origin": [8, 7.71882, 8]},
			"faces": {
				"north": {"uv": [8.5, 5.125, 6.375, 5.25], "texture": "#0"},
				"east": {"uv": [8.375, 5.125, 8.5, 5.25], "texture": "#0"},
				"south": {"uv": [6.375, 5.125, 8.5, 5.25], "texture": "#0"},
				"west": {"uv": [6.375, 5.125, 6.5, 5.25], "texture": "#0"},
				"up": {"uv": [6.375, 5.125, 8.5, 5.25], "texture": "#0"},
				"down": {"uv": [6.375, 5.125, 8.5, 5.25], "texture": "#0"}
			}
		},
		{
			"name": "bone-blade_24",
			"from": [5.39913, 19.90467, 7.85941],
			"to": [8.77323, 20.18585, 8.14059],
			"rotation": {"angle": 0, "axis": "y", "origin": [8, 7.71882, 8]},
			"faces": {
				"north": {"uv": [8.25, 5.25, 6.75, 5.375], "texture": "#0"},
				"east": {"uv": [8.125, 5.25, 8.25, 5.375], "texture": "#0"},
				"south": {"uv": [6.75, 5.25, 8.25, 5.375], "texture": "#0"},
				"west": {"uv": [6.75, 5.25, 6.875, 5.375], "texture": "#0"},
				"up": {"uv": [6.75, 5.25, 8.25, 5.375], "texture": "#0"},
				"down": {"uv": [6.75, 5.25, 8.25, 5.375], "texture": "#0"}
			}
		},
		{
			"name": "bone-blade_25",
			"from": [5.39913, 19.6235, 7.85941],
			"to": [8.77323, 19.90467, 8.14059],
			"rotation": {"angle": 0, "axis": "y", "origin": [8, 7.71882, 8]},
			"faces": {
				"north": {"uv": [8.25, 5.375, 6.75, 5.5], "texture": "#0"},
				"east": {"uv": [8.125, 5.375, 8.25, 5.5], "texture": "#0"},
				"south": {"uv": [6.75, 5.375, 8.25, 5.5], "texture": "#0"},
				"west": {"uv": [6.75, 5.375, 6.875, 5.5], "texture": "#0"},
				"up": {"uv": [6.75, 5.375, 8.25, 5.5], "texture": "#0"},
				"down": {"uv": [6.75, 5.375, 8.25, 5.5], "texture": "#0"}
			}
		},
		{
			"name": "bone-blade_26",
			"from": [5.39913, 19.34233, 7.85941],
			"to": [9.33558, 19.6235, 8.14059],
			"rotation": {"angle": 0, "axis": "y", "origin": [8, 7.71882, 8]},
			"faces": {
				"north": {"uv": [8.5, 5.5, 6.75, 5.625], "texture": "#0"},
				"east": {"uv": [8.375, 5.5, 8.5, 5.625], "texture": "#0"},
				"south": {"uv": [6.75, 5.5, 8.5, 5.625], "texture": "#0"},
				"west": {"uv": [6.75, 5.5, 6.875, 5.625], "texture": "#0"},
				"up": {"uv": [6.75, 5.5, 8.5, 5.625], "texture": "#0"},
				"down": {"uv": [6.75, 5.5, 8.5, 5.625], "texture": "#0"}
			}
		},
		{
			"name": "bone-blade_27",
			"from": [5.52138, 19.06115, 7.85941],
			"to": [9.21333, 19.34233, 8.14059],
			"rotation": {"angle": 0, "axis": "y", "origin": [8, 7.71882, 8]},
			"faces": {
				"north": {"uv": [8.5, 5.625, 6.75, 5.75], "texture": "#0"},
				"east": {"uv": [8.375, 5.625, 8.5, 5.75], "texture": "#0"},
				"south": {"uv": [6.75, 5.625, 8.5, 5.75], "texture": "#0"},
				"west": {"uv": [6.75, 5.625, 6.875, 5.75], "texture": "#0"},
				"up": {"uv": [6.75, 5.625, 8.5, 5.75], "texture": "#0"},
				"down": {"uv": [6.75, 5.625, 8.5, 5.75], "texture": "#0"}
			}
		},
		{
			"name": "bone-blade_28",
			"from": [5.52138, 18.77998, 7.85941],
			"to": [9.21333, 19.06115, 8.14059],
			"rotation": {"angle": 0, "axis": "y", "origin": [8, 7.71882, 8]},
			"faces": {
				"north": {"uv": [8.5, 5.75, 6.75, 5.875], "texture": "#0"},
				"east": {"uv": [8.375, 5.75, 8.5, 5.875], "texture": "#0"},
				"south": {"uv": [6.75, 5.75, 8.5, 5.875], "texture": "#0"},
				"west": {"uv": [6.75, 5.75, 6.875, 5.875], "texture": "#0"},
				"up": {"uv": [6.75, 5.75, 8.5, 5.875], "texture": "#0"},
				"down": {"uv": [6.75, 5.75, 8.5, 5.875], "texture": "#0"}
			}
		},
		{
			"name": "bone-blade_29",
			"from": [5.52138, 18.4988, 7.85941],
			"to": [9.21333, 18.77998, 8.14059],
			"rotation": {"angle": 0, "axis": "y", "origin": [8, 7.71882, 8]},
			"faces": {
				"north": {"uv": [8.5, 5.875, 6.75, 6], "texture": "#0"},
				"east": {"uv": [8.375, 5.875, 8.5, 6], "texture": "#0"},
				"south": {"uv": [6.75, 5.875, 8.5, 6], "texture": "#0"},
				"west": {"uv": [6.75, 5.875, 6.875, 6], "texture": "#0"},
				"up": {"uv": [6.75, 5.875, 8.5, 6], "texture": "#0"},
				"down": {"uv": [6.75, 5.875, 8.5, 6], "texture": "#0"}
			}
		},
		{
			"name": "bone-blade_30",
			"from": [5.52138, 18.21762, 7.85941],
			"to": [8.65098, 18.4988, 8.14059],
			"rotation": {"angle": 0, "axis": "y", "origin": [8, 7.71882, 8]},
			"faces": {
				"north": {"uv": [8.25, 6, 6.75, 6.125], "texture": "#0"},
				"east": {"uv": [8.125, 6, 8.25, 6.125], "texture": "#0"},
				"south": {"uv": [6.75, 6, 8.25, 6.125], "texture": "#0"},
				"west": {"uv": [6.75, 6, 6.875, 6.125], "texture": "#0"},
				"up": {"uv": [6.75, 6, 8.25, 6.125], "texture": "#0"},
				"down": {"uv": [6.75, 6, 8.25, 6.125], "texture": "#0"}
			}
		},
		{
			"name": "bone-blade_31",
			"from": [5.52138, 17.93645, 7.85941],
			"to": [8.65098, 18.21762, 8.14059],
			"rotation": {"angle": 0, "axis": "y", "origin": [8, 7.71882, 8]},
			"faces": {
				"north": {"uv": [8.25, 6.125, 6.75, 6.25], "texture": "#0"},
				"east": {"uv": [8.125, 6.125, 8.25, 6.25], "texture": "#0"},
				"south": {"uv": [6.75, 6.125, 8.25, 6.25], "texture": "#0"},
				"west": {"uv": [6.75, 6.125, 6.875, 6.25], "texture": "#0"},
				"up": {"uv": [6.75, 6.125, 8.25, 6.25], "texture": "#0"},
				"down": {"uv": [6.75, 6.125, 8.25, 6.25], "texture": "#0"}
			}
		},
		{
			"name": "bone-blade_32",
			"from": [5.52138, 17.65528, 7.85941],
			"to": [9.21333, 17.93645, 8.14059],
			"rotation": {"angle": 0, "axis": "y", "origin": [8, 7.71882, 8]},
			"faces": {
				"north": {"uv": [8.5, 6.25, 6.75, 6.375], "texture": "#0"},
				"east": {"uv": [8.375, 6.25, 8.5, 6.375], "texture": "#0"},
				"south": {"uv": [6.75, 6.25, 8.5, 6.375], "texture": "#0"},
				"west": {"uv": [6.75, 6.25, 6.875, 6.375], "texture": "#0"},
				"up": {"uv": [6.75, 6.25, 8.5, 6.375], "texture": "#0"},
				"down": {"uv": [6.75, 6.25, 8.5, 6.375], "texture": "#0"}
			}
		},
		{
			"name": "bone-blade_33",
			"from": [5.52138, 17.3741, 7.85941],
			"to": [9.21333, 17.65528, 8.14059],
			"rotation": {"angle": 0, "axis": "y", "origin": [8, 7.71882, 8]},
			"faces": {
				"north": {"uv": [8.5, 6.375, 6.75, 6.5], "texture": "#0"},
				"east": {"uv": [8.375, 6.375, 8.5, 6.5], "texture": "#0"},
				"south": {"uv": [6.75, 6.375, 8.5, 6.5], "texture": "#0"},
				"west": {"uv": [6.75, 6.375, 6.875, 6.5], "texture": "#0"},
				"up": {"uv": [6.75, 6.375, 8.5, 6.5], "texture": "#0"},
				"down": {"uv": [6.75, 6.375, 8.5, 6.5], "texture": "#0"}
			}
		},
		{
			"name": "bone-blade_34",
			"from": [5.52138, 17.09293, 7.85941],
			"to": [9.21333, 17.3741, 8.14059],
			"rotation": {"angle": 0, "axis": "y", "origin": [8, 7.71882, 8]},
			"faces": {
				"north": {"uv": [8.5, 6.5, 6.75, 6.625], "texture": "#0"},
				"east": {"uv": [8.375, 6.5, 8.5, 6.625], "texture": "#0"},
				"south": {"uv": [6.75, 6.5, 8.5, 6.625], "texture": "#0"},
				"west": {"uv": [6.75, 6.5, 6.875, 6.625], "texture": "#0"},
				"up": {"uv": [6.75, 6.5, 8.5, 6.625], "texture": "#0"},
				"down": {"uv": [6.75, 6.5, 8.5, 6.625], "texture": "#0"}
			}
		},
		{
			"name": "bone-blade_35",
			"from": [5.52138, 16.81175, 7.85941],
			"to": [9.21333, 17.09293, 8.14059],
			"rotation": {"angle": 0, "axis": "y", "origin": [8, 7.71882, 8]},
			"faces": {
				"north": {"uv": [8.5, 6.625, 6.75, 6.75], "texture": "#0"},
				"east": {"uv": [8.375, 6.625, 8.5, 6.75], "texture": "#0"},
				"south": {"uv": [6.75, 6.625, 8.5, 6.75], "texture": "#0"},
				"west": {"uv": [6.75, 6.625, 6.875, 6.75], "texture": "#0"},
				"up": {"uv": [6.75, 6.625, 8.5, 6.75], "texture": "#0"},
				"down": {"uv": [6.75, 6.625, 8.5, 6.75], "texture": "#0"}
			}
		},
		{
			"name": "bone-blade_36",
			"from": [5.52138, 16.53058, 7.85941],
			"to": [8.65098, 16.81175, 8.14059],
			"rotation": {"angle": 0, "axis": "y", "origin": [8, 7.71882, 8]},
			"faces": {
				"north": {"uv": [8.25, 6.75, 6.75, 6.875], "texture": "#0"},
				"east": {"uv": [8.125, 6.75, 8.25, 6.875], "texture": "#0"},
				"south": {"uv": [6.75, 6.75, 8.25, 6.875], "texture": "#0"},
				"west": {"uv": [6.75, 6.75, 6.875, 6.875], "texture": "#0"},
				"up": {"uv": [6.75, 6.75, 8.25, 6.875], "texture": "#0"},
				"down": {"uv": [6.75, 6.75, 8.25, 6.875], "texture": "#0"}
			}
		},
		{
			"name": "bone-blade_37",
			"from": [5.52138, 16.2494, 7.85941],
			"to": [8.65098, 16.53058, 8.14059],
			"rotation": {"angle": 0, "axis": "y", "origin": [8, 7.71882, 8]},
			"faces": {
				"north": {"uv": [8.25, 6.875, 6.75, 7], "texture": "#0"},
				"east": {"uv": [8.125, 6.875, 8.25, 7], "texture": "#0"},
				"south": {"uv": [6.75, 6.875, 8.25, 7], "texture": "#0"},
				"west": {"uv": [6.75, 6.875, 6.875, 7], "texture": "#0"},
				"up": {"uv": [6.75, 6.875, 8.25, 7], "texture": "#0"},
				"down": {"uv": [6.75, 6.875, 8.25, 7], "texture": "#0"}
			}
		},
		{
			"name": "bone-blade_38",
			"from": [5.52138, 15.96822, 7.85941],
			"to": [9.21333, 16.2494, 8.14059],
			"rotation": {"angle": 0, "axis": "y", "origin": [8, 7.71882, 8]},
			"faces": {
				"north": {"uv": [8.5, 7, 6.75, 7.125], "texture": "#0"},
				"east": {"uv": [8.375, 7, 8.5, 7.125], "texture": "#0"},
				"south": {"uv": [6.75, 7, 8.5, 7.125], "texture": "#0"},
				"west": {"uv": [6.75, 7, 6.875, 7.125], "texture": "#0"},
				"up": {"uv": [6.75, 7, 8.5, 7.125], "texture": "#0"},
				"down": {"uv": [6.75, 7, 8.5, 7.125], "texture": "#0"}
			}
		},
		{
			"name": "bone-blade_39",
			"from": [5.52138, 15.68705, 7.85941],
			"to": [9.21333, 15.96822, 8.14059],
			"rotation": {"angle": 0, "axis": "y", "origin": [8, 7.71882, 8]},
			"faces": {
				"north": {"uv": [8.5, 7.125, 6.75, 7.25], "texture": "#0"},
				"east": {"uv": [8.375, 7.125, 8.5, 7.25], "texture": "#0"},
				"south": {"uv": [6.75, 7.125, 8.5, 7.25], "texture": "#0"},
				"west": {"uv": [6.75, 7.125, 6.875, 7.25], "texture": "#0"},
				"up": {"uv": [6.75, 7.125, 8.5, 7.25], "texture": "#0"},
				"down": {"uv": [6.75, 7.125, 8.5, 7.25], "texture": "#0"}
			}
		},
		{
			"name": "bone-blade_40",
			"from": [5.52138, 15.40588, 7.85941],
			"to": [9.21333, 15.68705, 8.14059],
			"rotation": {"angle": 0, "axis": "y", "origin": [8, 7.71882, 8]},
			"faces": {
				"north": {"uv": [8.5, 7.25, 6.75, 7.375], "texture": "#0"},
				"east": {"uv": [8.375, 7.25, 8.5, 7.375], "texture": "#0"},
				"south": {"uv": [6.75, 7.25, 8.5, 7.375], "texture": "#0"},
				"west": {"uv": [6.75, 7.25, 6.875, 7.375], "texture": "#0"},
				"up": {"uv": [6.75, 7.25, 8.5, 7.375], "texture": "#0"},
				"down": {"uv": [6.75, 7.25, 8.5, 7.375], "texture": "#0"}
			}
		},
		{
			"name": "bone-blade_41",
			"from": [5.52138, 15.1247, 7.85941],
			"to": [9.21333, 15.40588, 8.14059],
			"rotation": {"angle": 0, "axis": "y", "origin": [8, 7.71882, 8]},
			"faces": {
				"north": {"uv": [8.5, 7.375, 6.75, 7.5], "texture": "#0"},
				"east": {"uv": [8.375, 7.375, 8.5, 7.5], "texture": "#0"},
				"south": {"uv": [6.75, 7.375, 8.5, 7.5], "texture": "#0"},
				"west": {"uv": [6.75, 7.375, 6.875, 7.5], "texture": "#0"},
				"up": {"uv": [6.75, 7.375, 8.5, 7.5], "texture": "#0"},
				"down": {"uv": [6.75, 7.375, 8.5, 7.5], "texture": "#0"}
			}
		},
		{
			"name": "bone-blade_42",
			"from": [5.52138, 14.84353, 7.85941],
			"to": [8.65098, 15.1247, 8.14059],
			"rotation": {"angle": 0, "axis": "y", "origin": [8, 7.71882, 8]},
			"faces": {
				"north": {"uv": [8.25, 7.5, 6.75, 7.625], "texture": "#0"},
				"east": {"uv": [8.125, 7.5, 8.25, 7.625], "texture": "#0"},
				"south": {"uv": [6.75, 7.5, 8.25, 7.625], "texture": "#0"},
				"west": {"uv": [6.75, 7.5, 6.875, 7.625], "texture": "#0"},
				"up": {"uv": [6.75, 7.5, 8.25, 7.625], "texture": "#0"},
				"down": {"uv": [6.75, 7.5, 8.25, 7.625], "texture": "#0"}
			}
		},
		{
			"name": "bone-blade_43",
			"from": [5.39913, 14.56235, 7.85941],
			"to": [8.77323, 14.84353, 8.14059],
			"rotation": {"angle": 0, "axis": "y", "origin": [8, 7.71882, 8]},
			"faces": {
				"north": {"uv": [8.25, 7.625, 6.75, 7.75], "texture": "#0"},
				"east": {"uv": [8.125, 7.625, 8.25, 7.75], "texture": "#0"},
				"south": {"uv": [6.75, 7.625, 8.25, 7.75], "texture": "#0"},
				"west": {"uv": [6.75, 7.625, 6.875, 7.75], "texture": "#0"},
				"up": {"uv": [6.75, 7.625, 8.25, 7.75], "texture": "#0"},
				"down": {"uv": [6.75, 7.625, 8.25, 7.75], "texture": "#0"}
			}
		},
		{
			"name": "bone-blade_44",
			"from": [5.39913, 14.28118, 7.85941],
			"to": [9.33558, 14.56235, 8.14059],
			"rotation": {"angle": 0, "axis": "y", "origin": [8, 7.71882, 8]},
			"faces": {
				"north": {"uv": [8.5, 7.75, 6.75, 7.875], "texture": "#0"},
				"east": {"uv": [8.375, 7.75, 8.5, 7.875], "texture": "#0"},
				"south": {"uv": [6.75, 7.75, 8.5, 7.875], "texture": "#0"},
				"west": {"uv": [6.75, 7.75, 6.875, 7.875], "texture": "#0"},
				"up": {"uv": [6.75, 7.75, 8.5, 7.875], "texture": "#0"},
				"down": {"uv": [6.75, 7.75, 8.5, 7.875], "texture": "#0"}
			}
		},
		{
			"name": "bone-blade_45",
			"from": [5.39913, 14, 7.85941],
			"to": [9.33558, 14.28118, 8.14059],
			"rotation": {"angle": 0, "axis": "y", "origin": [8, 7.71882, 8]},
			"faces": {
				"north": {"uv": [8.5, 7.875, 6.75, 8], "texture": "#0"},
				"east": {"uv": [8.375, 7.875, 8.5, 8], "texture": "#0"},
				"south": {"uv": [6.75, 7.875, 8.5, 8], "texture": "#0"},
				"west": {"uv": [6.75, 7.875, 6.875, 8], "texture": "#0"},
				"up": {"uv": [6.75, 7.875, 8.5, 8], "texture": "#0"},
				"down": {"uv": [6.75, 7.875, 8.5, 8], "texture": "#0"}
			}
		},
		{
			"name": "bone-blade_46",
			"from": [5.39913, 13.71883, 7.85941],
			"to": [9.33558, 14, 8.14059],
			"rotation": {"angle": 0, "axis": "y", "origin": [8, 7.71882, 8]},
			"faces": {
				"north": {"uv": [8.5, 8, 6.75, 8.125], "texture": "#0"},
				"east": {"uv": [8.375, 8, 8.5, 8.125], "texture": "#0"},
				"south": {"uv": [6.75, 8, 8.5, 8.125], "texture": "#0"},
				"west": {"uv": [6.75, 8, 6.875, 8.125], "texture": "#0"},
				"up": {"uv": [6.75, 8, 8.5, 8.125], "texture": "#0"},
				"down": {"uv": [6.75, 8, 8.5, 8.125], "texture": "#0"}
			}
		},
		{
			"name": "bone-blade_47",
			"from": [5.39913, 13.43765, 7.85941],
			"to": [9.33558, 13.71883, 8.14059],
			"rotation": {"angle": 0, "axis": "y", "origin": [8, 7.71882, 8]},
			"faces": {
				"north": {"uv": [8.5, 8.125, 6.75, 8.25], "texture": "#0"},
				"east": {"uv": [8.375, 8.125, 8.5, 8.25], "texture": "#0"},
				"south": {"uv": [6.75, 8.125, 8.5, 8.25], "texture": "#0"},
				"west": {"uv": [6.75, 8.125, 6.875, 8.25], "texture": "#0"},
				"up": {"uv": [6.75, 8.125, 8.5, 8.25], "texture": "#0"},
				"down": {"uv": [6.75, 8.125, 8.5, 8.25], "texture": "#0"}
			}
		},
		{
			"name": "bone-blade_48",
			"from": [5.96148, 13.15648, 7.85941],
			"to": [8.77323, 13.43765, 8.14059],
			"rotation": {"angle": 0, "axis": "y", "origin": [8, 7.71882, 8]},
			"faces": {
				"north": {"uv": [8.25, 8.25, 7, 8.375], "texture": "#0"},
				"east": {"uv": [8.125, 8.25, 8.25, 8.375], "texture": "#0"},
				"south": {"uv": [7, 8.25, 8.25, 8.375], "texture": "#0"},
				"west": {"uv": [7, 8.25, 7.125, 8.375], "texture": "#0"},
				"up": {"uv": [7, 8.25, 8.25, 8.375], "texture": "#0"},
				"down": {"uv": [7, 8.25, 8.25, 8.375], "texture": "#0"}
			}
		},
		{
			"name": "bone-blade_49",
			"from": [5.96148, 12.8753, 7.85941],
			"to": [8.77323, 13.15648, 8.14059],
			"rotation": {"angle": 0, "axis": "y", "origin": [8, 7.71882, 8]},
			"faces": {
				"north": {"uv": [8.25, 8.375, 7, 8.5], "texture": "#0"},
				"east": {"uv": [8.125, 8.375, 8.25, 8.5], "texture": "#0"},
				"south": {"uv": [7, 8.375, 8.25, 8.5], "texture": "#0"},
				"west": {"uv": [7, 8.375, 7.125, 8.5], "texture": "#0"},
				"up": {"uv": [7, 8.375, 8.25, 8.5], "texture": "#0"},
				"down": {"uv": [7, 8.375, 8.25, 8.5], "texture": "#0"}
			}
		},
		{
			"name": "bone-blade_50",
			"from": [5.96148, 12.59413, 7.85941],
			"to": [9.33558, 12.8753, 8.14059],
			"rotation": {"angle": 0, "axis": "y", "origin": [8, 7.71882, 8]},
			"faces": {
				"north": {"uv": [8.5, 8.5, 7, 8.625], "texture": "#0"},
				"east": {"uv": [8.375, 8.5, 8.5, 8.625], "texture": "#0"},
				"south": {"uv": [7, 8.5, 8.5, 8.625], "texture": "#0"},
				"west": {"uv": [7, 8.5, 7.125, 8.625], "texture": "#0"},
				"up": {"uv": [7, 8.5, 8.5, 8.625], "texture": "#0"},
				"down": {"uv": [7, 8.5, 8.5, 8.625], "texture": "#0"}
			}
		},
		{
			"name": "bone-blade_51",
			"from": [5.96148, 12.31295, 7.85941],
			"to": [9.33558, 12.59413, 8.14059],
			"rotation": {"angle": 0, "axis": "y", "origin": [8, 7.71882, 8]},
			"faces": {
				"north": {"uv": [8.5, 8.625, 7, 8.75], "texture": "#0"},
				"east": {"uv": [8.375, 8.625, 8.5, 8.75], "texture": "#0"},
				"south": {"uv": [7, 8.625, 8.5, 8.75], "texture": "#0"},
				"west": {"uv": [7, 8.625, 7.125, 8.75], "texture": "#0"},
				"up": {"uv": [7, 8.625, 8.5, 8.75], "texture": "#0"},
				"down": {"uv": [7, 8.625, 8.5, 8.75], "texture": "#0"}
			}
		},
		{
			"name": "bone-blade_52",
			"from": [5.96148, 12.03178, 7.90016],
			"to": [9.33558, 12.31295, 8.09984],
			"rotation": {"angle": 0, "axis": "y", "origin": [8, 7.71882, 8]},
			"faces": {
				"north": {"uv": [8.5, 8.75, 7, 8.875], "texture": "#0"},
				"east": {"uv": [8.375, 8.75, 8.5, 8.875], "texture": "#0"},
				"south": {"uv": [7, 8.75, 8.5, 8.875], "texture": "#0"},
				"west": {"uv": [7, 8.75, 7.125, 8.875], "texture": "#0"},
				"up": {"uv": [7, 8.75, 8.5, 8.875], "texture": "#0"},
				"down": {"uv": [7, 8.75, 8.5, 8.875], "texture": "#0"}
			}
		},
		{
			"name": "bone-blade_53",
			"from": [5.96148, 11.7506, 7.90016],
			"to": [9.33558, 12.03178, 8.09984],
			"rotation": {"angle": 0, "axis": "y", "origin": [8, 7.71882, 8]},
			"faces": {
				"north": {"uv": [8.5, 8.875, 7, 9], "texture": "#0"},
				"east": {"uv": [8.375, 8.875, 8.5, 9], "texture": "#0"},
				"south": {"uv": [7, 8.875, 8.5, 9], "texture": "#0"},
				"west": {"uv": [7, 8.875, 7.125, 9], "texture": "#0"},
				"up": {"uv": [7, 8.875, 8.5, 9], "texture": "#0"},
				"down": {"uv": [7, 8.875, 8.5, 9], "texture": "#0"}
			}
		},
		{
			"name": "bone-blade_54",
			"from": [5.96148, 11.46943, 7.90016],
			"to": [9.33558, 11.7506, 8.09984],
			"rotation": {"angle": 0, "axis": "y", "origin": [8, 7.71882, 8]},
			"faces": {
				"north": {"uv": [8.5, 9, 7, 9.125], "texture": "#0"},
				"east": {"uv": [8.375, 9, 8.5, 9.125], "texture": "#0"},
				"south": {"uv": [7, 9, 8.5, 9.125], "texture": "#0"},
				"west": {"uv": [7, 9, 7.125, 9.125], "texture": "#0"},
				"up": {"uv": [7, 9, 8.5, 9.125], "texture": "#0"},
				"down": {"uv": [7, 9, 8.5, 9.125], "texture": "#0"}
			}
		},
		{
			"name": "bone-blade_55",
			"from": [5.96148, 11.18825, 7.90016],
			"to": [9.33558, 11.46943, 8.09984],
			"rotation": {"angle": 0, "axis": "y", "origin": [8, 7.71882, 8]},
			"faces": {
				"north": {"uv": [8.5, 9.125, 7, 9.25], "texture": "#0"},
				"east": {"uv": [8.375, 9.125, 8.5, 9.25], "texture": "#0"},
				"south": {"uv": [7, 9.125, 8.5, 9.25], "texture": "#0"},
				"west": {"uv": [7, 9.125, 7.125, 9.25], "texture": "#0"},
				"up": {"uv": [7, 9.125, 8.5, 9.25], "texture": "#0"},
				"down": {"uv": [7, 9.125, 8.5, 9.25], "texture": "#0"}
			}
		},
		{
			"name": "bone-blade_56",
			"from": [5.96148, 10.90708, 7.90016],
			"to": [9.33558, 11.18825, 8.09984],
			"rotation": {"angle": 0, "axis": "y", "origin": [8, 7.71882, 8]},
			"faces": {
				"north": {"uv": [8.5, 9.25, 7, 9.375], "texture": "#0"},
				"east": {"uv": [8.375, 9.25, 8.5, 9.375], "texture": "#0"},
				"south": {"uv": [7, 9.25, 8.5, 9.375], "texture": "#0"},
				"west": {"uv": [7, 9.25, 7.125, 9.375], "texture": "#0"},
				"up": {"uv": [7, 9.25, 8.5, 9.375], "texture": "#0"},
				"down": {"uv": [7, 9.25, 8.5, 9.375], "texture": "#0"}
			}
		},
		{
			"name": "bone-blade_57",
			"from": [5.96148, 10.6259, 7.90016],
			"to": [9.33558, 10.90708, 8.09984],
			"rotation": {"angle": 0, "axis": "y", "origin": [8, 7.71882, 8]},
			"faces": {
				"north": {"uv": [8.5, 9.375, 7, 9.5], "texture": "#0"},
				"east": {"uv": [8.375, 9.375, 8.5, 9.5], "texture": "#0"},
				"south": {"uv": [7, 9.375, 8.5, 9.5], "texture": "#0"},
				"west": {"uv": [7, 9.375, 7.125, 9.5], "texture": "#0"},
				"up": {"uv": [7, 9.375, 8.5, 9.5], "texture": "#0"},
				"down": {"uv": [7, 9.375, 8.5, 9.5], "texture": "#0"}
			}
		},
		{
			"name": "bone-blade_58",
			"from": [5.96148, 10.34473, 7.90016],
			"to": [9.33558, 10.6259, 8.09984],
			"rotation": {"angle": 0, "axis": "y", "origin": [8, 7.71882, 8]},
			"faces": {
				"north": {"uv": [8.5, 9.5, 7, 9.625], "texture": "#0"},
				"east": {"uv": [8.375, 9.5, 8.5, 9.625], "texture": "#0"},
				"south": {"uv": [7, 9.5, 8.5, 9.625], "texture": "#0"},
				"west": {"uv": [7, 9.5, 7.125, 9.625], "texture": "#0"},
				"up": {"uv": [7, 9.5, 8.5, 9.625], "texture": "#0"},
				"down": {"uv": [7, 9.5, 8.5, 9.625], "texture": "#0"}
			}
		},
		{
			"name": "bone-blade_59",
			"from": [5.96148, 10.06355, 7.90016],
			"to": [9.33558, 10.34473, 8.09984],
			"rotation": {"angle": 0, "axis": "y", "origin": [8, 7.71882, 8]},
			"faces": {
				"north": {"uv": [8.5, 9.625, 7, 9.75], "texture": "#0"},
				"east": {"uv": [8.375, 9.625, 8.5, 9.75], "texture": "#0"},
				"south": {"uv": [7, 9.625, 8.5, 9.75], "texture": "#0"},
				"west": {"uv": [7, 9.625, 7.125, 9.75], "texture": "#0"},
				"up": {"uv": [7, 9.625, 8.5, 9.75], "texture": "#0"},
				"down": {"uv": [7, 9.625, 8.5, 9.75], "texture": "#0"}
			}
		},
		{
			"name": "bone-blade_60",
			"from": [5.96148, 9.78238, 7.85941],
			"to": [9.33558, 10.06355, 8.14059],
			"rotation": {"angle": 0, "axis": "y", "origin": [8, 7.71882, 8]},
			"faces": {
				"north": {"uv": [8.5, 9.75, 7, 9.875], "texture": "#0"},
				"east": {"uv": [8.375, 9.75, 8.5, 9.875], "texture": "#0"},
				"south": {"uv": [7, 9.75, 8.5, 9.875], "texture": "#0"},
				"west": {"uv": [7, 9.75, 7.125, 9.875], "texture": "#0"},
				"up": {"uv": [7, 9.75, 8.5, 9.875], "texture": "#0"},
				"down": {"uv": [7, 9.75, 8.5, 9.875], "texture": "#0"}
			}
		},
		{
			"name": "bone-blade_61",
			"from": [5.96148, 9.5012, 7.85941],
			"to": [9.33558, 9.78238, 8.14059],
			"rotation": {"angle": 0, "axis": "y", "origin": [8, 7.71882, 8]},
			"faces": {
				"north": {"uv": [8.5, 9.875, 7, 10], "texture": "#0"},
				"east": {"uv": [8.375, 9.875, 8.5, 10], "texture": "#0"},
				"south": {"uv": [7, 9.875, 8.5, 10], "texture": "#0"},
				"west": {"uv": [7, 9.875, 7.125, 10], "texture": "#0"},
				"up": {"uv": [7, 9.875, 8.5, 10], "texture": "#0"},
				"down": {"uv": [7, 9.875, 8.5, 10], "texture": "#0"}
			}
		},
		{
			"name": "bone-blade_62",
			"from": [4.83678, 9.22003, 7.53341],
			"to": [10.46028, 9.5012, 8.46659],
			"rotation": {"angle": 0, "axis": "y", "origin": [8, 7.71882, 8]},
			"faces": {
				"north": {"uv": [9, 10, 6.5, 10.125], "texture": "#0"},
				"east": {"uv": [8.875, 10, 9, 10.125], "texture": "#0"},
				"south": {"uv": [6.5, 10, 9, 10.125], "texture": "#0"},
				"west": {"uv": [6.5, 10, 6.625, 10.125], "texture": "#0"},
				"up": {"uv": [6.5, 10, 9, 10.125], "texture": "#0"},
				"down": {"uv": [6.5, 10, 9, 10.125], "texture": "#0"}
			}
		},
		{
			"name": "bone-blade_63",
			"from": [4.83678, 8.93885, 7.53341],
			"to": [10.46028, 9.22003, 8.46659],
			"rotation": {"angle": 0, "axis": "y", "origin": [8, 7.71882, 8]},
			"faces": {
				"north": {"uv": [9, 10.125, 6.5, 10.25], "texture": "#0"},
				"east": {"uv": [8.875, 10.125, 9, 10.25], "texture": "#0"},
				"south": {"uv": [6.5, 10.125, 9, 10.25], "texture": "#0"},
				"west": {"uv": [6.5, 10.125, 6.625, 10.25], "texture": "#0"},
				"up": {"uv": [6.5, 10.125, 9, 10.25], "texture": "#0"},
				"down": {"uv": [6.5, 10.125, 9, 10.25], "texture": "#0"}
			}
		},
		{
			"name": "bone-blade_64",
			"from": [4.83678, 8.65768, 7.53341],
			"to": [10.46028, 8.93885, 8.46659],
			"rotation": {"angle": 0, "axis": "y", "origin": [8, 7.71882, 8]},
			"faces": {
				"north": {"uv": [9, 10.25, 6.5, 10.375], "texture": "#0"},
				"east": {"uv": [8.875, 10.25, 9, 10.375], "texture": "#0"},
				"south": {"uv": [6.5, 10.25, 9, 10.375], "texture": "#0"},
				"west": {"uv": [6.5, 10.25, 6.625, 10.375], "texture": "#0"},
				"up": {"uv": [6.5, 10.25, 9, 10.375], "texture": "#0"},
				"down": {"uv": [6.5, 10.25, 9, 10.375], "texture": "#0"}
			}
		},
		{
			"name": "bone-blade_65",
			"from": [4.83678, 8.3765, 7.53341],
			"to": [10.46028, 8.65768, 8.46659],
			"rotation": {"angle": 0, "axis": "y", "origin": [8, 7.71882, 8]},
			"faces": {
				"north": {"uv": [9, 10.375, 6.5, 10.5], "texture": "#0"},
				"east": {"uv": [8.875, 10.375, 9, 10.5], "texture": "#0"},
				"south": {"uv": [6.5, 10.375, 9, 10.5], "texture": "#0"},
				"west": {"uv": [6.5, 10.375, 6.625, 10.5], "texture": "#0"},
				"up": {"uv": [6.5, 10.375, 9, 10.5], "texture": "#0"},
				"down": {"uv": [6.5, 10.375, 9, 10.5], "texture": "#0"}
			}
		},
		{
			"name": "bone-blade_66",
			"from": [5.39913, 8.09533, 7.53341],
			"to": [9.89793, 8.3765, 8.46659],
			"rotation": {"angle": 0, "axis": "y", "origin": [8, 7.71882, 8]},
			"faces": {
				"north": {"uv": [8.75, 10.5, 6.75, 10.625], "texture": "#0"},
				"east": {"uv": [8.625, 10.5, 8.75, 10.625], "texture": "#0"},
				"south": {"uv": [6.75, 10.5, 8.75, 10.625], "texture": "#0"},
				"west": {"uv": [6.75, 10.5, 6.875, 10.625], "texture": "#0"},
				"up": {"uv": [6.75, 10.5, 8.75, 10.625], "texture": "#0"},
				"down": {"uv": [6.75, 10.5, 8.75, 10.625], "texture": "#0"}
			}
		},
		{
			"name": "bone-blade_67",
			"from": [5.39913, 7.81415, 7.53341],
			"to": [9.89793, 8.09533, 8.46659],
			"rotation": {"angle": 0, "axis": "y", "origin": [8, 7.71882, 8]},
			"faces": {
				"north": {"uv": [8.75, 10.625, 6.75, 10.75], "texture": "#0"},
				"east": {"uv": [8.625, 10.625, 8.75, 10.75], "texture": "#0"},
				"south": {"uv": [6.75, 10.625, 8.75, 10.75], "texture": "#0"},
				"west": {"uv": [6.75, 10.625, 6.875, 10.75], "texture": "#0"},
				"up": {"uv": [6.75, 10.625, 8.75, 10.75], "texture": "#0"},
				"down": {"uv": [6.75, 10.625, 8.75, 10.75], "texture": "#0"}
			}
		},
		{
			"name": "bone-blade_68",
			"from": [5.96148, 7.53298, 7.53341],
			"to": [9.33558, 7.81415, 8.46659],
			"rotation": {"angle": 0, "axis": "y", "origin": [8, 7.71882, 8]},
			"faces": {
				"north": {"uv": [8.5, 10.75, 7, 10.875], "texture": "#0"},
				"east": {"uv": [8.375, 10.75, 8.5, 10.875], "texture": "#0"},
				"south": {"uv": [7, 10.75, 8.5, 10.875], "texture": "#0"},
				"west": {"uv": [7, 10.75, 7.125, 10.875], "texture": "#0"},
				"up": {"uv": [7, 10.75, 8.5, 10.875], "texture": "#0"},
				"down": {"uv": [7, 10.75, 8.5, 10.875], "texture": "#0"}
			}
		},
		{
			"name": "bone-blade_69",
			"from": [5.96148, 7.2518, 7.53341],
			"to": [9.33558, 7.53298, 8.46659],
			"rotation": {"angle": 0, "axis": "y", "origin": [8, 7.71882, 8]},
			"faces": {
				"north": {"uv": [8.5, 10.875, 7, 11], "texture": "#0"},
				"east": {"uv": [8.375, 10.875, 8.5, 11], "texture": "#0"},
				"south": {"uv": [7, 10.875, 8.5, 11], "texture": "#0"},
				"west": {"uv": [7, 10.875, 7.125, 11], "texture": "#0"},
				"up": {"uv": [7, 10.875, 8.5, 11], "texture": "#0"},
				"down": {"uv": [7, 10.875, 8.5, 11], "texture": "#0"}
			}
		},
		{
			"name": "bone-blade_70",
			"from": [6.52383, 6.97063, 7.53341],
			"to": [8.77323, 7.2518, 8.46659],
			"rotation": {"angle": 0, "axis": "y", "origin": [8, 7.71882, 8]},
			"faces": {
				"north": {"uv": [8.25, 11, 7.25, 11.125], "texture": "#0"},
				"east": {"uv": [8.125, 11, 8.25, 11.125], "texture": "#0"},
				"south": {"uv": [7.25, 11, 8.25, 11.125], "texture": "#0"},
				"west": {"uv": [7.25, 11, 7.375, 11.125], "texture": "#0"},
				"up": {"uv": [7.25, 11, 8.25, 11.125], "texture": "#0"},
				"down": {"uv": [7.25, 11, 8.25, 11.125], "texture": "#0"}
			}
		},
		{
			"name": "bone-blade_71",
			"from": [6.52383, 6.68945, 7.53341],
			"to": [8.77323, 6.97063, 8.46659],
			"rotation": {"angle": 0, "axis": "y", "origin": [8, 7.71882, 8]},
			"faces": {
				"north": {"uv": [8.25, 11.125, 7.25, 11.25], "texture": "#0"},
				"east": {"uv": [8.125, 11.125, 8.25, 11.25], "texture": "#0"},
				"south": {"uv": [7.25, 11.125, 8.25, 11.25], "texture": "#0"},
				"west": {"uv": [7.25, 11.125, 7.375, 11.25], "texture": "#0"},
				"up": {"uv": [7.25, 11.125, 8.25, 11.25], "texture": "#0"},
				"down": {"uv": [7.25, 11.125, 8.25, 11.25], "texture": "#0"}
			}
		},
		{
			"name": "bone-blade_72",
			"from": [5.96148, 6.40828, 7.53341],
			"to": [9.33558, 6.68945, 8.46659],
			"rotation": {"angle": 0, "axis": "y", "origin": [8, 7.71882, 8]},
			"faces": {
				"north": {"uv": [8.5, 11.25, 7, 11.375], "texture": "#0"},
				"east": {"uv": [8.375, 11.25, 8.5, 11.375], "texture": "#0"},
				"south": {"uv": [7, 11.25, 8.5, 11.375], "texture": "#0"},
				"west": {"uv": [7, 11.25, 7.125, 11.375], "texture": "#0"},
				"up": {"uv": [7, 11.25, 8.5, 11.375], "texture": "#0"},
				"down": {"uv": [7, 11.25, 8.5, 11.375], "texture": "#0"}
			}
		},
		{
			"name": "bone-blade_73",
			"from": [5.96148, 6.1271, 7.53341],
			"to": [9.33558, 6.40828, 8.46659],
			"rotation": {"angle": 0, "axis": "y", "origin": [8, 7.71882, 8]},
			"faces": {
				"north": {"uv": [8.5, 11.375, 7, 11.5], "texture": "#0"},
				"east": {"uv": [8.375, 11.375, 8.5, 11.5], "texture": "#0"},
				"south": {"uv": [7, 11.375, 8.5, 11.5], "texture": "#0"},
				"west": {"uv": [7, 11.375, 7.125, 11.5], "texture": "#0"},
				"up": {"uv": [7, 11.375, 8.5, 11.5], "texture": "#0"},
				"down": {"uv": [7, 11.375, 8.5, 11.5], "texture": "#0"}
			}
		},
		{
			"name": "bone-blade_74",
			"from": [5.96148, 5.84593, 7.53341],
			"to": [9.33558, 6.1271, 8.46659],
			"rotation": {"angle": 0, "axis": "y", "origin": [8, 7.71882, 8]},
			"faces": {
				"north": {"uv": [8.5, 11.5, 7, 11.625], "texture": "#0"},
				"east": {"uv": [8.375, 11.5, 8.5, 11.625], "texture": "#0"},
				"south": {"uv": [7, 11.5, 8.5, 11.625], "texture": "#0"},
				"west": {"uv": [7, 11.5, 7.125, 11.625], "texture": "#0"},
				"up": {"uv": [7, 11.5, 8.5, 11.625], "texture": "#0"},
				"down": {"uv": [7, 11.5, 8.5, 11.625], "texture": "#0"}
			}
		},
		{
			"name": "bone-blade_75",
			"from": [5.96148, 5.56475, 7.53341],
			"to": [9.33558, 5.84593, 8.46659],
			"rotation": {"angle": 0, "axis": "y", "origin": [8, 7.71882, 8]},
			"faces": {
				"north": {"uv": [8.5, 11.625, 7, 11.75], "texture": "#0"},
				"east": {"uv": [8.375, 11.625, 8.5, 11.75], "texture": "#0"},
				"south": {"uv": [7, 11.625, 8.5, 11.75], "texture": "#0"},
				"west": {"uv": [7, 11.625, 7.125, 11.75], "texture": "#0"},
				"up": {"uv": [7, 11.625, 8.5, 11.75], "texture": "#0"},
				"down": {"uv": [7, 11.625, 8.5, 11.75], "texture": "#0"}
			}
		},
		{
			"name": "bone-blade_76",
			"from": [6.52383, 5.28358, 7.53341],
			"to": [8.77323, 5.56475, 8.46659],
			"rotation": {"angle": 0, "axis": "y", "origin": [8, 7.71882, 8]},
			"faces": {
				"north": {"uv": [8.25, 11.75, 7.25, 11.875], "texture": "#0"},
				"east": {"uv": [8.125, 11.75, 8.25, 11.875], "texture": "#0"},
				"south": {"uv": [7.25, 11.75, 8.25, 11.875], "texture": "#0"},
				"west": {"uv": [7.25, 11.75, 7.375, 11.875], "texture": "#0"},
				"up": {"uv": [7.25, 11.75, 8.25, 11.875], "texture": "#0"},
				"down": {"uv": [7.25, 11.75, 8.25, 11.875], "texture": "#0"}
			}
		},
		{
			"name": "bone-blade_77",
			"from": [6.52383, 5.0024, 7.53341],
			"to": [8.77323, 5.28358, 8.46659],
			"rotation": {"angle": 0, "axis": "y", "origin": [8, 7.71882, 8]},
			"faces": {
				"north": {"uv": [8.25, 11.875, 7.25, 12], "texture": "#0"},
				"east": {"uv": [8.125, 11.875, 8.25, 12], "texture": "#0"},
				"south": {"uv": [7.25, 11.875, 8.25, 12], "texture": "#0"},
				"west": {"uv": [7.25, 11.875, 7.375, 12], "texture": "#0"},
				"up": {"uv": [7.25, 11.875, 8.25, 12], "texture": "#0"},
				"down": {"uv": [7.25, 11.875, 8.25, 12], "texture": "#0"}
			}
		},
		{
			"name": "bone-blade_78",
			"from": [6.52383, 4.72123, 7.53341],
			"to": [8.77323, 5.0024, 8.46659],
			"rotation": {"angle": 0, "axis": "y", "origin": [8, 7.71882, 8]},
			"faces": {
				"north": {"uv": [8.25, 12, 7.25, 12.125], "texture": "#0"},
				"east": {"uv": [8.125, 12, 8.25, 12.125], "texture": "#0"},
				"south": {"uv": [7.25, 12, 8.25, 12.125], "texture": "#0"},
				"west": {"uv": [7.25, 12, 7.375, 12.125], "texture": "#0"},
				"up": {"uv": [7.25, 12, 8.25, 12.125], "texture": "#0"},
				"down": {"uv": [7.25, 12, 8.25, 12.125], "texture": "#0"}
			}
		},
		{
			"name": "bone-blade_79",
			"from": [6.52383, 4.44005, 7.53341],
			"to": [8.77323, 4.72123, 8.46659],
			"rotation": {"angle": 0, "axis": "y", "origin": [8, 7.71882, 8]},
			"faces": {
				"north": {"uv": [8.25, 12.125, 7.25, 12.25], "texture": "#0"},
				"east": {"uv": [8.125, 12.125, 8.25, 12.25], "texture": "#0"},
				"south": {"uv": [7.25, 12.125, 8.25, 12.25], "texture": "#0"},
				"west": {"uv": [7.25, 12.125, 7.375, 12.25], "texture": "#0"},
				"up": {"uv": [7.25, 12.125, 8.25, 12.25], "texture": "#0"},
				"down": {"uv": [7.25, 12.125, 8.25, 12.25], "texture": "#0"}
			}
		},
		{
			"name": "bone-blade_80",
			"from": [5.96148, 4.15888, 7.53341],
			"to": [9.33558, 4.44005, 8.46659],
			"rotation": {"angle": 0, "axis": "y", "origin": [8, 7.71882, 8]},
			"faces": {
				"north": {"uv": [8.5, 12.25, 7, 12.375], "texture": "#0"},
				"east": {"uv": [8.375, 12.25, 8.5, 12.375], "texture": "#0"},
				"south": {"uv": [7, 12.25, 8.5, 12.375], "texture": "#0"},
				"west": {"uv": [7, 12.25, 7.125, 12.375], "texture": "#0"},
				"up": {"uv": [7, 12.25, 8.5, 12.375], "texture": "#0"},
				"down": {"uv": [7, 12.25, 8.5, 12.375], "texture": "#0"}
			}
		},
		{
			"name": "bone-blade_81",
			"from": [5.96148, 3.8777, 7.53341],
			"to": [9.33558, 4.15888, 8.46659],
			"rotation": {"angle": 0, "axis": "y", "origin": [8, 7.71882, 8]},
			"faces": {
				"north": {"uv": [8.5, 12.375, 7, 12.5], "texture": "#0"},
				"east": {"uv": [8.375, 12.375, 8.5, 12.5], "texture": "#0"},
				"south": {"uv": [7, 12.375, 8.5, 12.5], "texture": "#0"},
				"west": {"uv": [7, 12.375, 7.125, 12.5], "texture": "#0"},
				"up": {"uv": [7, 12.375, 8.5, 12.5], "texture": "#0"},
				"down": {"uv": [7, 12.375, 8.5, 12.5], "texture": "#0"}
			}
		},
		{
			"name": "bone-blade_82",
			"from": [5.96148, 3.59653, 7.53341],
			"to": [9.33558, 3.8777, 8.46659],
			"rotation": {"angle": 0, "axis": "y", "origin": [8, 7.71882, 8]},
			"faces": {
				"north": {"uv": [8.5, 12.5, 7, 12.625], "texture": "#0"},
				"east": {"uv": [8.375, 12.5, 8.5, 12.625], "texture": "#0"},
				"south": {"uv": [7, 12.5, 8.5, 12.625], "texture": "#0"},
				"west": {"uv": [7, 12.5, 7.125, 12.625], "texture": "#0"},
				"up": {"uv": [7, 12.5, 8.5, 12.625], "texture": "#0"},
				"down": {"uv": [7, 12.5, 8.5, 12.625], "texture": "#0"}
			}
		},
		{
			"name": "bone-blade_83",
			"from": [5.96148, 3.31535, 7.53341],
			"to": [9.33558, 3.59653, 8.46659],
			"rotation": {"angle": 0, "axis": "y", "origin": [8, 7.71882, 8]},
			"faces": {
				"north": {"uv": [8.5, 12.625, 7, 12.75], "texture": "#0"},
				"east": {"uv": [8.375, 12.625, 8.5, 12.75], "texture": "#0"},
				"south": {"uv": [7, 12.625, 8.5, 12.75], "texture": "#0"},
				"west": {"uv": [7, 12.625, 7.125, 12.75], "texture": "#0"},
				"up": {"uv": [7, 12.625, 8.5, 12.75], "texture": "#0"},
				"down": {"uv": [7, 12.625, 8.5, 12.75], "texture": "#0"}
			}
		},
		{
			"name": "bone-blade_84",
			"from": [6.52383, 3.03418, 7.53341],
			"to": [8.77323, 3.31535, 8.46659],
			"rotation": {"angle": 0, "axis": "y", "origin": [8, 7.71882, 8]},
			"faces": {
				"north": {"uv": [8.25, 12.75, 7.25, 12.875], "texture": "#0"},
				"east": {"uv": [8.125, 12.75, 8.25, 12.875], "texture": "#0"},
				"south": {"uv": [7.25, 12.75, 8.25, 12.875], "texture": "#0"},
				"west": {"uv": [7.25, 12.75, 7.375, 12.875], "texture": "#0"},
				"up": {"uv": [7.25, 12.75, 8.25, 12.875], "texture": "#0"},
				"down": {"uv": [7.25, 12.75, 8.25, 12.875], "texture": "#0"}
			}
		},
		{
			"name": "bone-blade_85",
			"from": [6.52383, 2.753, 7.53341],
			"to": [8.77323, 3.03418, 8.46659],
			"rotation": {"angle": 0, "axis": "y", "origin": [8, 7.71882, 8]},
			"faces": {
				"north": {"uv": [8.25, 12.875, 7.25, 13], "texture": "#0"},
				"east": {"uv": [8.125, 12.875, 8.25, 13], "texture": "#0"},
				"south": {"uv": [7.25, 12.875, 8.25, 13], "texture": "#0"},
				"west": {"uv": [7.25, 12.875, 7.375, 13], "texture": "#0"},
				"up": {"uv": [7.25, 12.875, 8.25, 13], "texture": "#0"},
				"down": {"uv": [7.25, 12.875, 8.25, 13], "texture": "#0"}
			}
		},
		{
			"name": "bone-blade_86",
			"from": [6.52383, 2.47183, 7.53341],
			"to": [8.77323, 2.753, 8.46659],
			"rotation": {"angle": 0, "axis": "y", "origin": [8, 7.71882, 8]},
			"faces": {
				"north": {"uv": [8.25, 13, 7.25, 13.125], "texture": "#0"},
				"east": {"uv": [8.125, 13, 8.25, 13.125], "texture": "#0"},
				"south": {"uv": [7.25, 13, 8.25, 13.125], "texture": "#0"},
				"west": {"uv": [7.25, 13, 7.375, 13.125], "texture": "#0"},
				"up": {"uv": [7.25, 13, 8.25, 13.125], "texture": "#0"},
				"down": {"uv": [7.25, 13, 8.25, 13.125], "texture": "#0"}
			}
		},
		{
			"name": "bone-blade_87",
			"from": [6.52383, 2.19065, 7.53341],
			"to": [8.77323, 2.47183, 8.46659],
			"rotation": {"angle": 0, "axis": "y", "origin": [8, 7.71882, 8]},
			"faces": {
				"north": {"uv": [8.25, 13.125, 7.25, 13.25], "texture": "#0"},
				"east": {"uv": [8.125, 13.125, 8.25, 13.25], "texture": "#0"},
				"south": {"uv": [7.25, 13.125, 8.25, 13.25], "texture": "#0"},
				"west": {"uv": [7.25, 13.125, 7.375, 13.25], "texture": "#0"},
				"up": {"uv": [7.25, 13.125, 8.25, 13.25], "texture": "#0"},
				"down": {"uv": [7.25, 13.125, 8.25, 13.25], "texture": "#0"}
			}
		},
		{
			"name": "bone-blade_88",
			"from": [5.96148, 1.90948, 7.53341],
			"to": [9.33558, 2.19065, 8.46659],
			"rotation": {"angle": 0, "axis": "y", "origin": [8, 7.71882, 8]},
			"faces": {
				"north": {"uv": [8.5, 13.25, 7, 13.375], "texture": "#0"},
				"east": {"uv": [8.375, 13.25, 8.5, 13.375], "texture": "#0"},
				"south": {"uv": [7, 13.25, 8.5, 13.375], "texture": "#0"},
				"west": {"uv": [7, 13.25, 7.125, 13.375], "texture": "#0"},
				"up": {"uv": [7, 13.25, 8.5, 13.375], "texture": "#0"},
				"down": {"uv": [7, 13.25, 8.5, 13.375], "texture": "#0"}
			}
		},
		{
			"name": "bone-blade_89",
			"from": [5.96148, 1.6283, 7.53341],
			"to": [9.33558, 1.90948, 8.46659],
			"rotation": {"angle": 0, "axis": "y", "origin": [8, 7.71882, 8]},
			"faces": {
				"north": {"uv": [8.5, 13.375, 7, 13.5], "texture": "#0"},
				"east": {"uv": [8.375, 13.375, 8.5, 13.5], "texture": "#0"},
				"south": {"uv": [7, 13.375, 8.5, 13.5], "texture": "#0"},
				"west": {"uv": [7, 13.375, 7.125, 13.5], "texture": "#0"},
				"up": {"uv": [7, 13.375, 8.5, 13.5], "texture": "#0"},
				"down": {"uv": [7, 13.375, 8.5, 13.5], "texture": "#0"}
			}
		},
		{
			"name": "bone-blade_90",
			"from": [5.96148, 1.34713, 7.53341],
			"to": [9.33558, 1.6283, 8.46659],
			"rotation": {"angle": 0, "axis": "y", "origin": [8, 7.71882, 8]},
			"faces": {
				"north": {"uv": [8.5, 13.5, 7, 13.625], "texture": "#0"},
				"east": {"uv": [8.375, 13.5, 8.5, 13.625], "texture": "#0"},
				"south": {"uv": [7, 13.5, 8.5, 13.625], "texture": "#0"},
				"west": {"uv": [7, 13.5, 7.125, 13.625], "texture": "#0"},
				"up": {"uv": [7, 13.5, 8.5, 13.625], "texture": "#0"},
				"down": {"uv": [7, 13.5, 8.5, 13.625], "texture": "#0"}
			}
		},
		{
			"name": "bone-blade_91",
			"from": [5.96148, 1.06595, 7.53341],
			"to": [9.33558, 1.34713, 8.46659],
			"rotation": {"angle": 0, "axis": "y", "origin": [8, 7.71882, 8]},
			"faces": {
				"north": {"uv": [8.5, 13.625, 7, 13.75], "texture": "#0"},
				"east": {"uv": [8.375, 13.625, 8.5, 13.75], "texture": "#0"},
				"south": {"uv": [7, 13.625, 8.5, 13.75], "texture": "#0"},
				"west": {"uv": [7, 13.625, 7.125, 13.75], "texture": "#0"},
				"up": {"uv": [7, 13.625, 8.5, 13.75], "texture": "#0"},
				"down": {"uv": [7, 13.625, 8.5, 13.75], "texture": "#0"}
			}
		},
		{
			"name": "bone-blade_92",
			"from": [6.52383, 0.78478, 7.53341],
			"to": [8.77323, 1.06595, 8.46659],
			"rotation": {"angle": 0, "axis": "y", "origin": [8, 7.71882, 8]},
			"faces": {
				"north": {"uv": [8.25, 13.75, 7.25, 13.875], "texture": "#0"},
				"east": {"uv": [8.125, 13.75, 8.25, 13.875], "texture": "#0"},
				"south": {"uv": [7.25, 13.75, 8.25, 13.875], "texture": "#0"},
				"west": {"uv": [7.25, 13.75, 7.375, 13.875], "texture": "#0"},
				"up": {"uv": [7.25, 13.75, 8.25, 13.875], "texture": "#0"},
				"down": {"uv": [7.25, 13.75, 8.25, 13.875], "texture": "#0"}
			}
		},
		{
			"name": "bone-blade_93",
			"from": [6.52383, 0.5036, 7.53341],
			"to": [8.77323, 0.78478, 8.46659],
			"rotation": {"angle": 0, "axis": "y", "origin": [8, 7.71882, 8]},
			"faces": {
				"north": {"uv": [8.25, 13.875, 7.25, 14], "texture": "#0"},
				"east": {"uv": [8.125, 13.875, 8.25, 14], "texture": "#0"},
				"south": {"uv": [7.25, 13.875, 8.25, 14], "texture": "#0"},
				"west": {"uv": [7.25, 13.875, 7.375, 14], "texture": "#0"},
				"up": {"uv": [7.25, 13.875, 8.25, 14], "texture": "#0"},
				"down": {"uv": [7.25, 13.875, 8.25, 14], "texture": "#0"}
			}
		}
	],
	"display": {
		"thirdperson_righthand": {
			"rotation": [0, 90, 0],
			"translation": [0, 3, 1.75],
			"scale": [0.6, 0.6, 0.6]
		},
		"thirdperson_lefthand": {
			"rotation": [0, -90, 0],
			"translation": [0, 3, 1.75],
			"scale": [0.6, 0.6, 0.6]
		},
		"firstperson_righthand": {
			"rotation": [20, -90, 0],
			"translation": [1.25, 0, 0],
			"scale": [0.4, 0.4, 0.4]
		},
		"firstperson_lefthand": {
			"rotation": [20, 90, 0],
			"translation": [1.25, 0, 0],
			"scale": [0.4, 0.4, 0.4]
		},
		"ground": {
			"translation": [0, 6, 0],
			"scale": [0.5, 0.5, 0.5]
		},
		"gui": {
			"rotation": [0, -135, 45],
			"translation": [-2.5, -3, 0],
			"scale": [0.7, 0.7, 0.7]
		},
		"fixed": {
			"rotation": [0, 0, 45],
			"translation": [2.25, -3, 0],
			"scale": [0.8, 0.8, 0.8]
		}
	},
	"groups": [
		{
			"name": "bone-blade",
			"origin": [8.21088, 8, 25.85461],
			"color": 0,
			"children": [
				0,
				1,
				2,
				3,
				4,
				5,
				6,
				7,
				8,
				9,
				10,
				11,
				12,
				13,
				14,
				15,
				16,
				17,
				18,
				19,
				20,
				21,
				22,
				23,
				24,
				25,
				26,
				27,
				28,
				29,
				30,
				31,
				32,
				33,
				34,
				35,
				36,
				37,
				38,
				39,
				40,
				41,
				42,
				43,
				44,
				45,
				46,
				47,
				48,
				49,
				50,
				51,
				52,
				53,
				54,
				55,
				56,
				57,
				58,
				59,
				60,
				61,
				62,
				63,
				64,
				65,
				66,
				67,
				68,
				69,
				70,
				71,
				72,
				73,
				74,
				75,
				76,
				77,
				78,
				79,
				80,
				81,
				82,
				83,
				84,
				85,
				86,
				87,
				88,
				89,
				90,
				91,
				92,
				93
			]
		}
	]
}