{
    "display": {
        "thirdperson_righthand": {
            "translation": [-0.5, -1.25, 1.25]
        },
        "thirdperson_lefthand": {
            "translation": [-0.5, -1.25, 1.25]
        },
        "firstperson_righthand": {
            "rotation": [20, 0, 0],
            "translation": [-1, 1, 1.5],
            "scale": [0.5, 0.5, 0.5]
        },
        "firstperson_lefthand": {
            "rotation": [20, 0, 0],
            "translation": [-1, 1, 1.5],
            "scale": [0.5, 0.5, 0.5]
        },
        "ground": {
            "scale": [0.8, 0.8, 0.8]
        },
        "gui": {
            "rotation": [-90, -45, -90],
            "translation": [-4.75, -4.75, 0],
            "scale": [0.9, 0.9, 0.9]
        },
        "fixed": {
            "rotation": [90, -49, 90],
            "translation": [3.75, -4.75, -0.75],
            "scale": [0.8, 0.8, 0.8]
        }
    },
    "texture_size": [64, 64],
    "textures": {
        "0": "item/swords/candy_sword/1",
        "particle": "item/swords/candy_sword/1"
    },
    "elements": [{
        "from": [8, 5, 7.25],
        "to": [9, 6, 9],
        "faces": {
            "north": {
                "uv": [8.24375, 15, 9, 15.75],
                "texture": "#0"
            },
            "east": {
                "uv": [7.75, 15, 9, 15.75],
                "texture": "#0"
            },
            "south": {
                "uv": [7.75, 15, 8.5, 15.75],
                "texture": "#0"
            },
            "west": {
                "uv": [7.75, 15, 9, 15.75],
                "texture": "#0"
            },
            "up": {
                "uv": [7.75, 15, 9, 15.75],
                "rotation": 90,
                "texture": "#0"
            },
            "down": {
                "uv": [7.75, 15, 9, 15.75],
                "rotation": 90,
                "texture": "#0"
            }
        }
    }, {
        "from": [8, 6, 7.6],
        "to": [9, 10.5, 8.65],
        "faces": {
            "north": {
                "uv": [3.75, 9.75, 4.5, 13],
                "texture": "#0"
            },
            "east": {
                "uv": [3.75, 9.24375, 4.5, 12.5],
                "texture": "#0"
            },
            "south": {
                "uv": [3.75, 8.75, 4.5, 12],
                "texture": "#0"
            },
            "west": {
                "uv": [3.75, 10.25, 4.5, 13.5],
                "texture": "#0"
            },
            "up": {
                "uv": [8, 15, 8.75, 15.75],
                "texture": "#0"
            },
            "down": {
                "uv": [8, 15, 8.75, 15.75],
                "texture": "#0"
            }
        }
    }, {
        "from": [8, 10.85, 6.2],
        "to": [9, 11.175, 10.05],
        "faces": {
            "north": {
                "uv": [6.99375, 11.25, 7.75, 11.5],
                "texture": "#0"
            },
            "east": {
                "uv": [9.75, 11.25, 7, 11.5],
                "texture": "#0"
            },
            "south": {
                "uv": [9, 11.25, 9.75, 11.5],
                "texture": "#0"
            },
            "west": {
                "uv": [7, 11.25, 9.75, 11.5],
                "texture": "#0"
            },
            "up": {
                "uv": [7, 11.25, 9.75, 11.5],
                "rotation": 90,
                "texture": "#0"
            },
            "down": {
                "uv": [7, 11.25, 9.75, 11.5],
                "rotation": 90,
                "texture": "#0"
            }
        }
    }, {
        "from": [8.225, 11.175, 7.6],
        "to": [8.725, 11.875, 8.65],
        "faces": {
            "north": {
                "uv": [8, 10.75, 8.25, 11.25],
                "texture": "#0"
            },
            "east": {
                "uv": [8.75, 10.75, 8, 11.25],
                "texture": "#0"
            },
            "south": {
                "uv": [8.5, 10.75, 8.75, 11.25],
                "texture": "#0"
            },
            "west": {
                "uv": [8, 10.75, 8.75, 11.25],
                "texture": "#0"
            },
            "up": {
                "uv": [8, 10.75, 8.75, 11.25],
                "rotation": 90,
                "texture": "#0"
            },
            "down": {
                "uv": [8, 10.75, 8.75, 11.25],
                "texture": "#0"
            }
        }
    }, {
        "from": [8.225, 11.875, 7.25],
        "to": [8.725, 13.275, 9],
        "faces": {
            "north": {
                "uv": [7.75, 9.75, 8, 10.75],
                "texture": "#0"
            },
            "east": {
                "uv": [9, 9.75, 7.75, 10.75],
                "texture": "#0"
            },
            "south": {
                "uv": [8.75, 9.75, 9, 10.75],
                "texture": "#0"
            },
            "west": {
                "uv": [7.75, 9.75, 9, 10.75],
                "texture": "#0"
            },
            "up": {
                "uv": [7.75, 9.75, 9, 10],
                "rotation": 90,
                "texture": "#0"
            },
            "down": {
                "uv": [9, 10.5, 7.75, 10.75],
                "rotation": 90,
                "texture": "#0"
            }
        }
    }, {
        "from": [8.225, 22.375, 5.85],
        "to": [8.725, 23.775, 10.4],
        "faces": {
            "north": {
                "uv": [6.75, 2.25, 7, 3.25],
                "texture": "#0"
            },
            "east": {
                "uv": [10, 2.25, 6.75, 3.25],
                "texture": "#0"
            },
            "south": {
                "uv": [9.75, 2.25, 10, 3.25],
                "texture": "#0"
            },
            "west": {
                "uv": [6.75, 2.25, 10, 3.25],
                "texture": "#0"
            },
            "up": {
                "uv": [6.75, 2.25, 10, 2.5],
                "rotation": 90,
                "texture": "#0"
            },
            "down": {
                "uv": [10, 3, 6.75, 3.25],
                "rotation": 90,
                "texture": "#0"
            }
        }
    }, {
        "from": [8.225, 13.275, 6.9],
        "to": [8.725, 13.975, 9.35],
        "faces": {
            "north": {
                "uv": [7.5, 9.25, 7.75, 9.75],
                "texture": "#0"
            },
            "east": {
                "uv": [9.25, 9.25, 7.5, 9.75],
                "texture": "#0"
            },
            "south": {
                "uv": [9, 9.25, 9.25, 9.75],
                "texture": "#0"
            },
            "west": {
                "uv": [7.5, 9.25, 9.25, 9.75],
                "texture": "#0"
            },
            "up": {
                "uv": [7.5, 9.25, 9.25, 9.5],
                "rotation": 90,
                "texture": "#0"
            },
            "down": {
                "uv": [9.25, 9.5, 7.5, 9.75],
                "rotation": 90,
                "texture": "#0"
            }
        }
    }, {
        "from": [8.225, 15.025, 6.9],
        "to": [8.725, 15.725, 9.35],
        "faces": {
            "north": {
                "uv": [7.5, 8, 7.75, 8.5],
                "texture": "#0"
            },
            "east": {
                "uv": [9.25, 8, 7.5, 8.5],
                "texture": "#0"
            },
            "south": {
                "uv": [9, 8, 9.25, 8.5],
                "texture": "#0"
            },
            "west": {
                "uv": [7.5, 8, 9.25, 8.5],
                "texture": "#0"
            },
            "up": {
                "uv": [7.5, 8, 9.25, 8.25],
                "rotation": 90,
                "texture": "#0"
            },
            "down": {
                "uv": [9.25, 8.25, 7.5, 8.5],
                "rotation": 90,
                "texture": "#0"
            }
        }
    }, {
        "from": [8.225, 23.775, 6.2],
        "to": [8.725, 24.475, 10.05],
        "faces": {
            "north": {
                "uv": [7, 1.75, 7.25, 2.25],
                "texture": "#0"
            },
            "east": {
                "uv": [9.75, 1.75, 7, 2.25],
                "texture": "#0"
            },
            "south": {
                "uv": [9.5, 1.75, 9.75, 2.25],
                "texture": "#0"
            },
            "west": {
                "uv": [7, 1.75, 9.75, 2.25],
                "texture": "#0"
            },
            "up": {
                "uv": [7, 1.75, 9.75, 2],
                "rotation": 90,
                "texture": "#0"
            },
            "down": {
                "uv": [9.75, 2, 7, 2.25],
                "rotation": 90,
                "texture": "#0"
            }
        }
    }, {
        "from": [8.225, 24.475, 6.55],
        "to": [8.725, 25.175, 9.7],
        "faces": {
            "north": {
                "uv": [7.25, 1.25, 7.5, 1.75],
                "texture": "#0"
            },
            "east": {
                "uv": [9.5, 1.25, 7.25, 1.75],
                "texture": "#0"
            },
            "south": {
                "uv": [9.25, 1.25, 9.5, 1.75],
                "texture": "#0"
            },
            "west": {
                "uv": [7.25, 1.25, 9.5, 1.75],
                "texture": "#0"
            },
            "up": {
                "uv": [7.25, 1.25, 9.5, 1.5],
                "rotation": 90,
                "texture": "#0"
            },
            "down": {
                "uv": [9.5, 1.5, 7.25, 1.75],
                "rotation": 90,
                "texture": "#0"
            }
        }
    }, {
        "from": [8.225, 25.175, 6.9],
        "to": [8.725, 25.875, 9.35],
        "faces": {
            "north": {
                "uv": [7.5, 0.75, 7.75, 1.25],
                "texture": "#0"
            },
            "east": {
                "uv": [9.25, 0.75, 7.5, 1.25],
                "texture": "#0"
            },
            "south": {
                "uv": [9, 0.75, 9.25, 1.25],
                "texture": "#0"
            },
            "west": {
                "uv": [7.5, 0.75, 9.25, 1.25],
                "texture": "#0"
            },
            "up": {
                "uv": [7.5, 0.75, 9.25, 1],
                "rotation": 90,
                "texture": "#0"
            },
            "down": {
                "uv": [9.25, 1, 7.5, 1.25],
                "rotation": 90,
                "texture": "#0"
            }
        }
    }, {
        "from": [8.225, 25.875, 7.25],
        "to": [8.725, 26.225, 9],
        "faces": {
            "north": {
                "uv": [7.75, 0.5, 8, 0.75],
                "texture": "#0"
            },
            "east": {
                "uv": [9, 0.5, 7.75, 0.75],
                "texture": "#0"
            },
            "south": {
                "uv": [8.75, 0.5, 9, 0.75],
                "texture": "#0"
            },
            "west": {
                "uv": [7.75, 0.5, 9, 0.75],
                "texture": "#0"
            },
            "up": {
                "uv": [7.75, 0.5, 9, 0.75],
                "rotation": 90,
                "texture": "#0"
            },
            "down": {
                "uv": [9, 0.75, 7.75, 0.5],
                "rotation": 90,
                "texture": "#0"
            }
        }
    }, {
        "from": [8.225, 26.225, 7.6],
        "to": [8.725, 26.575, 8.65],
        "faces": {
            "north": {
                "uv": [8, 0.25, 8.25, 0.5],
                "texture": "#0"
            },
            "east": {
                "uv": [8.75, 0.25, 8, 0.5],
                "texture": "#0"
            },
            "south": {
                "uv": [8.5, 0.25, 8.75, 0.5],
                "texture": "#0"
            },
            "west": {
                "uv": [8, 0.25, 8.75, 0.5],
                "texture": "#0"
            },
            "up": {
                "uv": [8, 0.25, 8.75, 0.5],
                "rotation": 90,
                "texture": "#0"
            },
            "down": {
                "uv": [8.75, 0.5, 8, 0.25],
                "rotation": 90,
                "texture": "#0"
            }
        }
    }, {
        "from": [8.225, 26.575, 7.95],
        "to": [8.725, 26.925, 8.3],
        "faces": {
            "north": {
                "uv": [8.25, 0, 8.5, 0.25],
                "texture": "#0"
            },
            "east": {
                "uv": [8.5, 0, 8.25, 0.25],
                "texture": "#0"
            },
            "south": {
                "uv": [8.25, 0, 8.5, 0.25],
                "texture": "#0"
            },
            "west": {
                "uv": [8.25, 0, 8.5, 0.25],
                "texture": "#0"
            },
            "up": {
                "uv": [8.25, 0, 8.5, 0.25],
                "rotation": 90,
                "texture": "#0"
            },
            "down": {
                "uv": [8.5, 0.25, 8.25, 0],
                "rotation": 90,
                "texture": "#0"
            }
        }
    }, {
        "from": [8.225, 16.775, 6.9],
        "to": [8.725, 18.525, 9.35],
        "faces": {
            "north": {
                "uv": [7.5, 6, 7.75, 7.25],
                "texture": "#0"
            },
            "east": {
                "uv": [9.25, 6, 7.5, 7.25],
                "texture": "#0"
            },
            "south": {
                "uv": [9, 6, 9.25, 7.25],
                "texture": "#0"
            },
            "west": {
                "uv": [7.5, 6, 9.25, 7.25],
                "texture": "#0"
            },
            "up": {
                "uv": [7.5, 6, 9.25, 6.25],
                "rotation": 90,
                "texture": "#0"
            },
            "down": {
                "uv": [9.25, 7, 7.5, 7.25],
                "rotation": 90,
                "texture": "#0"
            }
        }
    }, {
        "from": [8.225, 20.625, 6.2],
        "to": [8.725, 22.375, 10.05],
        "faces": {
            "north": {
                "uv": [7, 3.25, 7.25, 4.5],
                "texture": "#0"
            },
            "east": {
                "uv": [9.75, 3.25, 7, 4.5],
                "texture": "#0"
            },
            "south": {
                "uv": [9.5, 3.25, 9.75, 4.5],
                "texture": "#0"
            },
            "west": {
                "uv": [7, 3.25, 9.75, 4.5],
                "texture": "#0"
            },
            "up": {
                "uv": [7, 3.25, 9.75, 3.5],
                "rotation": 90,
                "texture": "#0"
            },
            "down": {
                "uv": [9.75, 4.25, 7, 4.5],
                "rotation": 90,
                "texture": "#0"
            }
        }
    }, {
        "from": [8.225, 18.525, 6.55],
        "to": [8.725, 20.625, 9.7],
        "faces": {
            "north": {
                "uv": [7.25, 4.5, 7.5, 6],
                "texture": "#0"
            },
            "east": {
                "uv": [9.5, 4.5, 7.25, 6],
                "texture": "#0"
            },
            "south": {
                "uv": [9.25, 4.5, 9.5, 6],
                "texture": "#0"
            },
            "west": {
                "uv": [7.25, 4.5, 9.5, 6],
                "texture": "#0"
            },
            "up": {
                "uv": [7.25, 4.5, 9.5, 4.75],
                "rotation": 90,
                "texture": "#0"
            },
            "down": {
                "uv": [9.5, 5.75, 7.25, 6],
                "rotation": 90,
                "texture": "#0"
            }
        }
    }, {
        "from": [8.225, 13.975, 6.55],
        "to": [8.725, 15.025, 9.7],
        "faces": {
            "north": {
                "uv": [7.25, 8.5, 7.5, 9.25],
                "texture": "#0"
            },
            "east": {
                "uv": [9.5, 8.5, 7.25, 9.25],
                "texture": "#0"
            },
            "south": {
                "uv": [9.25, 8.5, 9.5, 9.25],
                "texture": "#0"
            },
            "west": {
                "uv": [7.25, 8.5, 9.5, 9.25],
                "texture": "#0"
            },
            "up": {
                "uv": [7.25, 8.5, 9.5, 8.75],
                "rotation": 90,
                "texture": "#0"
            },
            "down": {
                "uv": [9.5, 9, 7.25, 9.25],
                "rotation": 90,
                "texture": "#0"
            }
        }
    }, {
        "from": [8.225, 15.725, 7.25],
        "to": [8.725, 16.775, 9],
        "faces": {
            "north": {
                "uv": [7.75, 7.25, 8, 8],
                "texture": "#0"
            },
            "east": {
                "uv": [9, 7.25, 7.75, 8],
                "texture": "#0"
            },
            "south": {
                "uv": [8.75, 7.25, 9, 8],
                "texture": "#0"
            },
            "west": {
                "uv": [7.75, 7.25, 9, 8],
                "texture": "#0"
            },
            "up": {
                "uv": [7.75, 7.25, 9, 7.5],
                "rotation": 90,
                "texture": "#0"
            },
            "down": {
                "uv": [9, 7.75, 7.75, 8],
                "rotation": 90,
                "texture": "#0"
            }
        }
    }, {
        "from": [8, 9.45, 8.65],
        "to": [9, 10.5, 10.725],
        "faces": {
            "north": {
                "uv": [9.75, 12, 10.5, 12.75],
                "texture": "#0"
            },
            "east": {
                "uv": [6.5, 11.75, 8, 12.5],
                "rotation": 180,
                "texture": "#0"
            },
            "south": {
                "uv": [10.5, 12, 9.75, 12.75],
                "rotation": 270,
                "texture": "#0"
            },
            "west": {
                "uv": [8.75, 11.75, 10.25, 12.5],
                "texture": "#0"
            },
            "up": {
                "uv": [10.25, 11.75, 8.75, 12.5],
                "rotation": 270,
                "texture": "#0"
            },
            "down": {
                "uv": [8, 11.75, 6.5, 12.5],
                "rotation": 90,
                "texture": "#0"
            }
        }
    }, {
        "from": [8, 10.5, 6.55],
        "to": [9, 10.85, 9.7],
        "faces": {
            "north": {
                "uv": [8, 11.5, 8.75, 11.75],
                "texture": "#0"
            },
            "east": {
                "uv": [7.25, 11.5, 9.5, 11.75],
                "rotation": 180,
                "texture": "#0"
            },
            "south": {
                "uv": [8.75, 11.5, 8, 11.75],
                "rotation": 180,
                "texture": "#0"
            },
            "west": {
                "uv": [7.25, 11.5, 9.5, 11.75],
                "texture": "#0"
            },
            "up": {
                "uv": [9.5, 11.5, 7.25, 11.75],
                "rotation": 270,
                "texture": "#0"
            },
            "down": {
                "uv": [9.5, 11.5, 7.25, 11.75],
                "rotation": 90,
                "texture": "#0"
            }
        }
    }, {
        "from": [8, 11.175, 5.15],
        "to": [9, 11.525, 7.25],
        "faces": {
            "north": {
                "uv": [8, 11.5, 8.75, 11.75],
                "texture": "#0"
            },
            "east": {
                "uv": [10.5, 11, 9, 11.25],
                "rotation": 180,
                "texture": "#0"
            },
            "south": {
                "uv": [8.75, 11.5, 8, 11.75],
                "rotation": 180,
                "texture": "#0"
            },
            "west": {
                "uv": [6.25, 11, 7.75, 11.25],
                "texture": "#0"
            },
            "up": {
                "uv": [7.75, 11, 6.25, 11.25],
                "rotation": 270,
                "texture": "#0"
            },
            "down": {
                "uv": [10.5, 11, 9, 11.25],
                "rotation": 90,
                "texture": "#0"
            }
        }
    }, {
        "from": [8, 10.825, 5.15],
        "to": [9, 11.175, 5.85],
        "faces": {
            "north": {
                "uv": [8, 11.5, 8.75, 11.75],
                "texture": "#0"
            },
            "east": {
                "uv": [10.5, 11.25, 10, 11.5],
                "rotation": 180,
                "texture": "#0"
            },
            "south": {
                "uv": [8.75, 11.5, 8, 11.75],
                "rotation": 180,
                "texture": "#0"
            },
            "west": {
                "uv": [6.75, 11.25, 6.25, 11.5],
                "texture": "#0"
            },
            "up": {
                "uv": [6.75, 11.25, 6.25, 11.5],
                "rotation": 270,
                "texture": "#0"
            },
            "down": {
                "uv": [10.5, 11.25, 10, 11.5],
                "rotation": 90,
                "texture": "#0"
            }
        }
    }, {
        "from": [8, 11.525, 5.5],
        "to": [9, 11.875, 6.9],
        "faces": {
            "north": {
                "uv": [8, 11.5, 8.75, 11.75],
                "texture": "#0"
            },
            "east": {
                "uv": [9.25, 10.75, 10.25, 11],
                "rotation": 180,
                "texture": "#0"
            },
            "south": {
                "uv": [8.75, 11.5, 8, 11.75],
                "rotation": 180,
                "texture": "#0"
            },
            "west": {
                "uv": [6.5, 10.75, 7.5, 11],
                "texture": "#0"
            },
            "up": {
                "uv": [7.5, 10.75, 6.5, 11],
                "rotation": 270,
                "texture": "#0"
            },
            "down": {
                "uv": [10.25, 10.75, 9.25, 11],
                "rotation": 90,
                "texture": "#0"
            }
        }
    }, {
        "from": [8, 11.175, 9],
        "to": [9, 11.525, 11.1],
        "faces": {
            "north": {
                "uv": [8, 11.5, 8.75, 11.75],
                "texture": "#0"
            },
            "east": {
                "uv": [9, 11, 10.5, 11.25],
                "rotation": 180,
                "texture": "#0"
            },
            "south": {
                "uv": [8.75, 11.5, 8, 11.75],
                "rotation": 180,
                "texture": "#0"
            },
            "west": {
                "uv": [7.75, 11, 6.25, 11.25],
                "texture": "#0"
            },
            "up": {
                "uv": [7.75, 11, 6.25, 11.25],
                "rotation": 270,
                "texture": "#0"
            },
            "down": {
                "uv": [10.5, 11, 9, 11.25],
                "rotation": 90,
                "texture": "#0"
            }
        }
    }, {
        "from": [8, 10.825, 10.4],
        "to": [9, 11.175, 11.1],
        "faces": {
            "north": {
                "uv": [8, 11.5, 8.75, 11.75],
                "texture": "#0"
            },
            "east": {
                "uv": [10, 11.25, 10.5, 11.5],
                "rotation": 180,
                "texture": "#0"
            },
            "south": {
                "uv": [8.75, 11.5, 8, 11.75],
                "rotation": 180,
                "texture": "#0"
            },
            "west": {
                "uv": [6.25, 11.25, 6.75, 11.5],
                "texture": "#0"
            },
            "up": {
                "uv": [6.75, 11.25, 6.25, 11.5],
                "rotation": 270,
                "texture": "#0"
            },
            "down": {
                "uv": [10.5, 11.25, 10, 11.5],
                "rotation": 90,
                "texture": "#0"
            }
        }
    }, {
        "from": [8, 11.525, 9.35],
        "to": [9, 11.875, 10.75],
        "faces": {
            "north": {
                "uv": [8, 11.5, 8.75, 11.75],
                "texture": "#0"
            },
            "east": {
                "uv": [9.25, 10.75, 10.25, 11],
                "rotation": 180,
                "texture": "#0"
            },
            "south": {
                "uv": [8.75, 11.5, 8, 11.75],
                "rotation": 180,
                "texture": "#0"
            },
            "west": {
                "uv": [6.5, 10.75, 7.5, 11],
                "texture": "#0"
            },
            "up": {
                "uv": [7.5, 10.75, 6.5, 11],
                "rotation": 270,
                "texture": "#0"
            },
            "down": {
                "uv": [10.25, 10.75, 9.25, 11],
                "rotation": 90,
                "texture": "#0"
            }
        }
    }, {
        "from": [8, 9.45, 5.525],
        "to": [9, 10.5, 7.6],
        "faces": {
            "north": {
                "uv": [6.25, 12, 7, 12.75],
                "rotation": 180,
                "texture": "#0"
            },
            "east": {
                "uv": [8.75, 11.75, 10.25, 12.5],
                "rotation": 180,
                "texture": "#0"
            },
            "south": {
                "uv": [10.5, 12, 9.75, 12.75],
                "rotation": 270,
                "texture": "#0"
            },
            "west": {
                "uv": [6.5, 11.75, 8, 12.5],
                "texture": "#0"
            },
            "up": {
                "uv": [10.25, 11.75, 8.75, 12.5],
                "rotation": 270,
                "texture": "#0"
            },
            "down": {
                "uv": [8, 11.75, 6.5, 12.5],
                "rotation": 90,
                "texture": "#0"
            }
        }
    }, {
        "from": [8, 8.75, 5.175],
        "to": [9, 9.1, 6.575],
        "faces": {
            "north": {
                "uv": [6.25, 12.5, 7, 12.75],
                "rotation": 180,
                "texture": "#0"
            },
            "east": {
                "uv": [9.5, 12.75, 10.5, 13],
                "rotation": 180,
                "texture": "#0"
            },
            "south": {
                "uv": [10.5, 12.5, 9.75, 12.75],
                "rotation": 180,
                "texture": "#0"
            },
            "west": {
                "uv": [6.25, 12.75, 7.25, 13],
                "texture": "#0"
            },
            "up": {
                "uv": [7.5, 11.75, 6.5, 12.5],
                "rotation": 270,
                "texture": "#0"
            },
            "down": {
                "uv": [8, 11.75, 7.75, 12.5],
                "rotation": 90,
                "texture": "#0"
            }
        }
    }, {
        "from": [8, 8.4, 5.525],
        "to": [9, 8.75, 6.575],
        "faces": {
            "north": {
                "uv": [6.25, 12.5, 7, 12.75],
                "rotation": 180,
                "texture": "#0"
            },
            "east": {
                "uv": [9.5, 13, 10.25, 13.25],
                "rotation": 180,
                "texture": "#0"
            },
            "south": {
                "uv": [10.5, 12.5, 9.75, 12.75],
                "rotation": 180,
                "texture": "#0"
            },
            "west": {
                "uv": [6.5, 13, 7.25, 13.25],
                "texture": "#0"
            },
            "up": {
                "uv": [7.5, 11.75, 6.5, 12.5],
                "rotation": 270,
                "texture": "#0"
            },
            "down": {
                "uv": [7.25, 11.75, 6.5, 12.5],
                "rotation": 90,
                "texture": "#0"
            }
        }
    }, {
        "from": [8, 9.1, 5.525],
        "to": [9, 9.45, 6.225],
        "faces": {
            "north": {
                "uv": [6.25, 12, 7, 12.75],
                "rotation": 180,
                "texture": "#0"
            },
            "east": {
                "uv": [9.75, 12.5, 10.25, 12.75],
                "rotation": 180,
                "texture": "#0"
            },
            "south": {
                "uv": [10.5, 12.5, 9.75, 12.75],
                "rotation": 180,
                "texture": "#0"
            },
            "west": {
                "uv": [6.5, 12.5, 7, 12.75],
                "texture": "#0"
            },
            "up": {
                "uv": [10.25, 11.75, 8.75, 12.5],
                "rotation": 270,
                "texture": "#0"
            },
            "down": {
                "uv": [8, 11.75, 7.5, 12.5],
                "rotation": 90,
                "texture": "#0"
            }
        }
    }, {
        "from": [8, 9.1, 5.175],
        "to": [9, 10.15, 5.525],
        "faces": {
            "north": {
                "uv": [6.24375, 12, 7, 12.75],
                "rotation": 180,
                "texture": "#0"
            },
            "east": {
                "uv": [10.25, 12, 10.5, 12.75],
                "rotation": 180,
                "texture": "#0"
            },
            "south": {
                "uv": [10.5, 12, 9.75, 12.75],
                "rotation": 270,
                "texture": "#0"
            },
            "west": {
                "uv": [6.25, 12, 6.5, 12.75],
                "texture": "#0"
            },
            "up": {
                "uv": [9, 11.75, 8.75, 12.5],
                "rotation": 270,
                "texture": "#0"
            },
            "down": {
                "uv": [9, 11.75, 8.75, 12.5],
                "rotation": 90,
                "texture": "#0"
            }
        }
    }, {
        "from": [8, 9.1, 10.725],
        "to": [9, 10.15, 11.075],
        "faces": {
            "north": {
                "uv": [6.24375, 12, 7, 12.75],
                "rotation": 180,
                "texture": "#0"
            },
            "east": {
                "uv": [10.25, 12, 10.5, 12.75],
                "rotation": 180,
                "texture": "#0"
            },
            "south": {
                "uv": [10.5, 12, 9.75, 12.75],
                "rotation": 270,
                "texture": "#0"
            },
            "west": {
                "uv": [6.25, 12, 6.5, 12.75],
                "texture": "#0"
            },
            "up": {
                "uv": [9, 11.75, 8.75, 12.5],
                "rotation": 270,
                "texture": "#0"
            },
            "down": {
                "uv": [9, 11.75, 8.75, 12.5],
                "rotation": 90,
                "texture": "#0"
            }
        }
    }, {
        "from": [8, 8.75, 9.675],
        "to": [9, 9.1, 11.075],
        "faces": {
            "north": {
                "uv": [6.25, 12.5, 7, 12.75],
                "rotation": 180,
                "texture": "#0"
            },
            "east": {
                "uv": [9.5, 12.75, 10.5, 13],
                "rotation": 180,
                "texture": "#0"
            },
            "south": {
                "uv": [10.5, 12.5, 9.75, 12.75],
                "rotation": 180,
                "texture": "#0"
            },
            "west": {
                "uv": [6.25, 12.75, 7.25, 13],
                "texture": "#0"
            },
            "up": {
                "uv": [7.5, 11.75, 6.5, 12.5],
                "rotation": 270,
                "texture": "#0"
            },
            "down": {
                "uv": [8, 11.75, 7.75, 12.5],
                "rotation": 90,
                "texture": "#0"
            }
        }
    }, {
        "from": [8, 9.1, 10.025],
        "to": [9, 9.45, 10.725],
        "faces": {
            "north": {
                "uv": [6.25, 12.5, 7, 12.75],
                "rotation": 180,
                "texture": "#0"
            },
            "east": {
                "uv": [9.75, 12.5, 10.25, 12.75],
                "rotation": 180,
                "texture": "#0"
            },
            "south": {
                "uv": [10.5, 12.5, 9.75, 12.75],
                "rotation": 180,
                "texture": "#0"
            },
            "west": {
                "uv": [6.5, 12.5, 7, 12.75],
                "texture": "#0"
            },
            "up": {
                "uv": [10.25, 11.75, 8.75, 12.5],
                "rotation": 270,
                "texture": "#0"
            },
            "down": {
                "uv": [8, 11.75, 7.5, 12.5],
                "rotation": 90,
                "texture": "#0"
            }
        }
    }, {
        "from": [8, 8.4, 9.675],
        "to": [9, 8.75, 10.725],
        "faces": {
            "north": {
                "uv": [6.25, 12.5, 7, 12.75],
                "rotation": 180,
                "texture": "#0"
            },
            "east": {
                "uv": [9.5, 13, 10.25, 13.25],
                "rotation": 180,
                "texture": "#0"
            },
            "south": {
                "uv": [10.5, 12.5, 9.75, 12.75],
                "rotation": 180,
                "texture": "#0"
            },
            "west": {
                "uv": [6.5, 13, 7.25, 13.25],
                "texture": "#0"
            },
            "up": {
                "uv": [7.5, 11.75, 6.5, 12.5],
                "rotation": 270,
                "texture": "#0"
            },
            "down": {
                "uv": [7.25, 11.75, 6.5, 12.5],
                "rotation": 90,
                "texture": "#0"
            }
        }
    }]
}