{
	"credit": "Made with Blockbench",
	"texture_size": [64, 64],
	"textures": {
		"0": "item/multiple/xmas_chocolate/chocolate",
		"1": "item/multiple/xmas_chocolate/chocolate_animation_1texture",
		"2": "item/multiple/xmas_chocolate/chocolate_animation_2texture",
		"particle": "item/multiple/xmas_chocolate/chocolate"
	},
	"elements": [
		{
			"from": [7, -4, 7],
			"to": [9, 6, 9],
			"rotation": {"angle": 0, "axis": "y", "origin": [0, 6, 0]},
			"faces": {
				"north": {"uv": [2.5, 3.75, 3, 6.25], "texture": "#0"},
				"east": {"uv": [3, 3.75, 3.5, 6.25], "texture": "#0"},
				"south": {"uv": [3.5, 3.75, 4, 6.25], "texture": "#0"},
				"west": {"uv": [4, 3.75, 4.5, 6.25], "texture": "#0"},
				"up": {"uv": [6.25, 7.75, 5.75, 7.25], "texture": "#0"},
				"down": {"uv": [7.75, 5.75, 7.25, 6.25], "texture": "#0"}
			}
		},
		{
			"from": [5.5, 6, 5.5],
			"to": [10.5, 9, 10.5],
			"rotation": {"angle": 0, "axis": "y", "origin": [0, 6, 0]},
			"faces": {
				"north": {"uv": [13.5, 1.25, 14.75, 2], "texture": "#0"},
				"east": {"uv": [14.75, 1.25, 16, 2], "texture": "#0"},
				"south": {"uv": [14.75, 2, 16, 2.75], "texture": "#0"},
				"west": {"uv": [13.5, 2, 14.75, 2.75], "texture": "#0"},
				"up": {"uv": [14.75, 1.25, 13.5, 0], "texture": "#0"},
				"down": {"uv": [16, 0, 14.75, 1.25], "texture": "#0"}
			}
		},
		{
			"from": [10.5, 8, 7.5],
			"to": [12.5, 9, 8.5],
			"rotation": {"angle": 0, "axis": "y", "origin": [0, 6, 0]},
			"faces": {
				"north": {"uv": [15, 3, 15.5, 3.25], "texture": "#0"},
				"east": {"uv": [15.75, 3.25, 16, 3.5], "texture": "#0"},
				"south": {"uv": [15.5, 3, 16, 3.25], "texture": "#0"},
				"west": {"uv": [15.5, 3.25, 15.75, 3.5], "texture": "#0"},
				"up": {"uv": [15.5, 3, 15, 2.75], "texture": "#0"},
				"down": {"uv": [16, 2.75, 15.5, 3], "texture": "#0"}
			}
		},
		{
			"from": [10.5, 6, 7.5],
			"to": [12.5, 7, 8.5],
			"rotation": {"angle": 0, "axis": "y", "origin": [0, 6, 0]},
			"faces": {
				"north": {"uv": [15, 4, 15.5, 4.25], "texture": "#0"},
				"east": {"uv": [15.75, 4.25, 16, 4.5], "texture": "#0"},
				"south": {"uv": [15.5, 4, 16, 4.25], "texture": "#0"},
				"west": {"uv": [15.5, 4.25, 15.75, 4.5], "texture": "#0"},
				"up": {"uv": [15.5, 4, 15, 3.75], "texture": "#0"},
				"down": {"uv": [16, 3.75, 15.5, 4], "texture": "#0"}
			}
		},
		{
			"from": [11.5, 7, 7.5],
			"to": [12.5, 8, 8.5],
			"rotation": {"angle": 0, "axis": "y", "origin": [0, 6, 0]},
			"faces": {
				"north": {"uv": [15, 3.5, 15.25, 3.75], "texture": "#0"},
				"east": {"uv": [15.75, 3.5, 16, 3.75], "texture": "#0"},
				"south": {"uv": [15.25, 3.5, 15.5, 3.75], "texture": "#0"},
				"west": {"uv": [15.5, 3.5, 15.75, 3.75], "texture": "#0"},
				"up": {"uv": [15.25, 3.5, 15, 3.25], "texture": "#0"},
				"down": {"uv": [15.5, 3.25, 15.25, 3.5], "texture": "#0"}
			}
		},
		{
			"from": [4.5, 9, 6.5],
			"to": [11.5, 10, 9.5],
			"rotation": {"angle": 0, "axis": "y", "origin": [0, 6, 0]},
			"faces": {
				"north": {"uv": [7, 2.25, 8.75, 2.5], "texture": "#0"},
				"east": {"uv": [7.25, 6.25, 8, 6.5], "texture": "#0"},
				"south": {"uv": [7, 2.5, 8.75, 2.75], "texture": "#0"},
				"west": {"uv": [7.75, 5, 8.5, 5.25], "texture": "#0"},
				"up": {"uv": [4.25, 3.75, 2.5, 3], "texture": "#0"},
				"down": {"uv": [5.25, 0, 3.5, 0.75], "texture": "#0"}
			}
		},
		{
			"from": [5.5, 10, 7.5],
			"to": [10.5, 27, 8.5],
			"rotation": {"angle": 0, "axis": "y", "origin": [0, 6, 0]},
			"faces": {
				"north": {"uv": [0, 0, 1.25, 4.25], "texture": "#0"},
				"east": {"uv": [1.5, 4.25, 1.75, 8.5], "texture": "#0"},
				"south": {"uv": [1.25, 0, 2.5, 4.25], "texture": "#0"},
				"west": {"uv": [1.75, 4.25, 2, 8.5], "texture": "#0"},
				"up": {"uv": [8.5, 0.75, 7.25, 0.5], "texture": "#0"},
				"down": {"uv": [8.5, 3.25, 7.25, 3.5], "texture": "#0"}
			}
		},
		{
			"from": [2, 13, 8],
			"to": [6, 27, 8],
			"rotation": {"angle": 0, "axis": "y", "origin": [0, 6, 0]},
			"faces": {
				"north": {"uv": [16, 0, 12, 16], "texture": "#1"},
				"east": {"uv": [1.5, 4.25, 1.5, 7.25], "texture": "#0"},
				"south": {"uv": [12, 0, 16, 16], "texture": "#1"},
				"west": {"uv": [1.75, 4.25, 1.75, 7.25], "texture": "#0"},
				"up": {"uv": [8.25, 0.5, 7.25, 0.5], "texture": "#0"},
				"down": {"uv": [8.25, 3.25, 7.25, 3.25], "texture": "#0"}
			}
		},
		{
			"from": [10, 13, 8],
			"to": [14, 27, 8],
			"rotation": {"angle": 0, "axis": "y", "origin": [16, 6, 0]},
			"faces": {
				"north": {"uv": [12, 0, 16, 16], "texture": "#1"},
				"east": {"uv": [1.75, 4.25, 1.75, 7.25], "texture": "#0"},
				"south": {"uv": [16, 0, 12, 16], "texture": "#1"},
				"west": {"uv": [1.5, 4.25, 1.5, 7.25], "texture": "#0"},
				"up": {"uv": [7.25, 0.5, 8.25, 0.5], "texture": "#0"},
				"down": {"uv": [7.25, 3.25, 8.25, 3.25], "texture": "#0"}
			}
		},
		{
			"from": [4, 10, 10],
			"to": [12, 22, 10],
			"rotation": {"angle": 0, "axis": "y", "origin": [0, 6, 0]},
			"faces": {
				"north": {"uv": [12.5, 4, 4.5, 16], "texture": "#2"},
				"east": {"uv": [1.5, 4.25, 1.75, 8.5], "texture": "#0"},
				"south": {"uv": [4.5, 4, 12.5, 16], "texture": "#2"},
				"west": {"uv": [1.75, 4.25, 2, 8.5], "texture": "#0"},
				"up": {"uv": [8.5, 0.75, 7.25, 0.5], "texture": "#0"},
				"down": {"uv": [8.5, 3.25, 7.25, 3.5], "texture": "#0"}
			}
		},
		{
			"from": [4, 10, 6],
			"to": [12, 22, 6],
			"rotation": {"angle": 0, "axis": "y", "origin": [0, 6, 16]},
			"faces": {
				"north": {"uv": [12.5, 4, 4.5, 16], "texture": "#2"},
				"east": {"uv": [1.75, 4.25, 1.5, 8.5], "texture": "#0"},
				"south": {"uv": [4.5, 4, 12.5, 16], "texture": "#2"},
				"west": {"uv": [2, 4.25, 1.75, 8.5], "texture": "#0"},
				"up": {"uv": [8.5, 0.5, 7.25, 0.75], "texture": "#0"},
				"down": {"uv": [8.5, 3.5, 7.25, 3.25], "texture": "#0"}
			}
		},
		{
			"from": [5, 27, 7],
			"to": [11, 29, 9],
			"rotation": {"angle": 0, "axis": "y", "origin": [0, 6, 0]},
			"faces": {
				"north": {"uv": [0, 5.75, 1.5, 6.25], "texture": "#0"},
				"east": {"uv": [3.5, 7.75, 4, 8.25], "texture": "#0"},
				"south": {"uv": [5.75, 3, 7.25, 3.5], "texture": "#0"},
				"west": {"uv": [7.75, 4.5, 8.25, 5], "texture": "#0"},
				"up": {"uv": [7.5, 4, 6, 3.5], "texture": "#0"},
				"down": {"uv": [7.5, 4, 6, 4.5], "texture": "#0"}
			}
		},
		{
			"from": [6, 29, 7.5],
			"to": [8, 31, 8.5],
			"rotation": {"angle": 0, "axis": "y", "origin": [0, 6, 0]},
			"faces": {
				"north": {"uv": [0, 5.75, 0.5, 6.25], "texture": "#0"},
				"east": {"uv": [3.5, 7.75, 3.75, 8.25], "texture": "#0"},
				"south": {"uv": [5.75, 3, 6.25, 3.5], "texture": "#0"},
				"west": {"uv": [7.75, 4.5, 8, 5], "texture": "#0"},
				"up": {"uv": [6.5, 3.75, 6, 3.5], "texture": "#0"},
				"down": {"uv": [6.5, 4, 6, 4.25], "texture": "#0"}
			}
		},
		{
			"from": [8, 28, 7.5],
			"to": [10, 30, 9.5],
			"rotation": {"angle": 22.5, "axis": "z", "origin": [9, 29, 8.5]},
			"faces": {
				"north": {"uv": [0, 5.75, 0.5, 6.25], "texture": "#0"},
				"east": {"uv": [3.5, 7.75, 4, 8.25], "texture": "#0"},
				"south": {"uv": [5.75, 3, 6.25, 3.5], "texture": "#0"},
				"west": {"uv": [7.75, 4.5, 8.25, 5], "texture": "#0"},
				"up": {"uv": [6.5, 4, 6, 3.5], "texture": "#0"},
				"down": {"uv": [6.5, 4, 6, 4.5], "texture": "#0"}
			}
		},
		{
			"from": [6, 9, 5],
			"to": [8, 11, 8],
			"rotation": {"angle": 0, "axis": "y", "origin": [0, -13.5, -1.5]},
			"faces": {
				"north": {"uv": [0, 5.75, 0.5, 6.25], "texture": "#0"},
				"east": {"uv": [2.625, 7, 3.375, 7.5], "texture": "#0"},
				"south": {"uv": [5.75, 3, 6.25, 3.5], "texture": "#0"},
				"west": {"uv": [6.375, 3.5, 7.125, 4], "texture": "#0"},
				"up": {"uv": [4.25, 3, 3.75, 2.25], "texture": "#0"},
				"down": {"uv": [5.75, 3.625, 5.25, 4.375], "texture": "#0"}
			}
		},
		{
			"from": [8, 8.5, 6],
			"to": [10, 10.5, 8],
			"rotation": {"angle": 22.5, "axis": "z", "origin": [9, 9.5, 7]},
			"faces": {
				"north": {"uv": [0, 5.75, 0.5, 6.25], "texture": "#0"},
				"east": {"uv": [3.5, 7.75, 4, 8.25], "texture": "#0"},
				"south": {"uv": [5.75, 3, 6.25, 3.5], "texture": "#0"},
				"west": {"uv": [7.75, 4.5, 8.25, 5], "texture": "#0"},
				"up": {"uv": [6.5, 4, 6, 3.5], "texture": "#0"},
				"down": {"uv": [6.5, 4, 6, 4.5], "texture": "#0"}
			}
		},
		{
			"from": [6.5, -6, 6.5],
			"to": [9.5, -4, 9.5],
			"rotation": {"angle": 0, "axis": "y", "origin": [0, 6, 0]},
			"faces": {
				"north": {"uv": [7, 6.5, 7.75, 7], "texture": "#0"},
				"east": {"uv": [7, 7, 7.75, 7.5], "texture": "#0"},
				"south": {"uv": [7.25, 0, 8, 0.5], "texture": "#0"},
				"west": {"uv": [7.25, 2.75, 8, 3.25], "texture": "#0"},
				"up": {"uv": [0.75, 7, 0, 6.25], "texture": "#0"},
				"down": {"uv": [1.5, 6.25, 0.75, 7], "texture": "#0"}
			}
		},
		{
			"from": [7, -8, 7],
			"to": [9, -6, 9],
			"rotation": {"angle": 0, "axis": "y", "origin": [0, 6, 0]},
			"faces": {
				"north": {"uv": [6.25, 7.25, 6.75, 7.75], "texture": "#0"},
				"east": {"uv": [0, 7.5, 0.5, 8], "texture": "#0"},
				"south": {"uv": [0.5, 7.5, 1, 8], "texture": "#0"},
				"west": {"uv": [7.5, 3.5, 8, 4], "texture": "#0"},
				"up": {"uv": [8, 4.5, 7.5, 4], "texture": "#0"},
				"down": {"uv": [7.25, 7.5, 6.75, 8], "texture": "#0"}
			}
		},
		{
			"from": [3, 9, 7.75],
			"to": [7, 15, 7.75],
			"rotation": {"angle": 0, "axis": "y", "origin": [5, 9, 8]},
			"faces": {
				"north": {"uv": [3.5, 3, 2.5, 1.5], "texture": "#0"},
				"east": {"uv": [0, 1.5, 0, 0], "texture": "#0"},
				"south": {"uv": [2.5, 3, 3.5, 1.5], "texture": "#0"},
				"west": {"uv": [0, 1.5, 0, 0], "texture": "#0"},
				"up": {"uv": [1, 0, 0, 0], "texture": "#0"},
				"down": {"uv": [1, 0, 0, 0], "texture": "#0"}
			}
		},
		{
			"from": [0, 7, 8.25],
			"to": [5, 11, 8.25],
			"rotation": {"angle": -45, "axis": "z", "origin": [5, 9, 8]},
			"faces": {
				"north": {"uv": [3.5, 3, 2.5, 1.75], "rotation": 90, "texture": "#0"},
				"east": {"uv": [0, 0, 1, 0], "rotation": 90, "texture": "#0"},
				"south": {"uv": [3.5, 1.75, 2.5, 3], "rotation": 90, "texture": "#0"},
				"west": {"uv": [0, 0, 1, 0], "rotation": 90, "texture": "#0"},
				"up": {"uv": [0, 0, 0, 1.25], "rotation": 90, "texture": "#0"},
				"down": {"uv": [0, 0, 0, 1.25], "rotation": 90, "texture": "#0"}
			}
		},
		{
			"from": [9, 9, 7.75],
			"to": [13, 15, 7.75],
			"rotation": {"angle": 0, "axis": "y", "origin": [11, 9, 8]},
			"faces": {
				"north": {"uv": [2.5, 3, 3.5, 1.5], "texture": "#0"},
				"east": {"uv": [0, 1.5, 0, 0], "texture": "#0"},
				"south": {"uv": [3.5, 3, 2.5, 1.5], "texture": "#0"},
				"west": {"uv": [0, 1.5, 0, 0], "texture": "#0"},
				"up": {"uv": [0, 0, 1, 0], "texture": "#0"},
				"down": {"uv": [0, 0, 1, 0], "texture": "#0"}
			}
		},
		{
			"from": [11, 7, 8.25],
			"to": [16, 11, 8.25],
			"rotation": {"angle": 45, "axis": "z", "origin": [11, 9, 8]},
			"faces": {
				"north": {"uv": [3.5, 1.75, 2.5, 3], "rotation": 90, "texture": "#0"},
				"east": {"uv": [0, 0, 1, 0], "rotation": 90, "texture": "#0"},
				"south": {"uv": [3.5, 3, 2.5, 1.75], "rotation": 90, "texture": "#0"},
				"west": {"uv": [0, 0, 1, 0], "rotation": 90, "texture": "#0"},
				"up": {"uv": [0, 1.25, 0, 0], "rotation": 90, "texture": "#0"},
				"down": {"uv": [0, 1.25, 0, 0], "rotation": 90, "texture": "#0"}
			}
		},
		{
			"from": [6, -12, 8],
			"to": [10, -6, 8],
			"rotation": {"angle": 0, "axis": "y", "origin": [8, -6, 8]},
			"faces": {
				"north": {"uv": [3.5, 1.5, 2.5, 3], "texture": "#0"},
				"east": {"uv": [0, 0, 0, 1.5], "texture": "#0"},
				"south": {"uv": [2.5, 1.5, 3.5, 3], "texture": "#0"},
				"west": {"uv": [0, 0, 0, 1.5], "texture": "#0"},
				"up": {"uv": [1, 0, 0, 0], "texture": "#0"},
				"down": {"uv": [1, 0, 0, 0], "texture": "#0"}
			}
		},
		{
			"from": [3, -8, 8.25],
			"to": [8, -4, 8.25],
			"rotation": {"angle": 45, "axis": "z", "origin": [8, -6, 8]},
			"faces": {
				"north": {"uv": [2.5, 3, 3.5, 1.75], "rotation": 90, "texture": "#0"},
				"east": {"uv": [1, 0, 0, 0], "rotation": 90, "texture": "#0"},
				"south": {"uv": [2.5, 1.75, 3.5, 3], "rotation": 90, "texture": "#0"},
				"west": {"uv": [1, 0, 0, 0], "rotation": 90, "texture": "#0"},
				"up": {"uv": [0, 0, 0, 1.25], "rotation": 90, "texture": "#0"},
				"down": {"uv": [0, 0, 0, 1.25], "rotation": 90, "texture": "#0"}
			}
		},
		{
			"from": [8, -7.5, 8.25],
			"to": [13, -3.5, 8.25],
			"rotation": {"angle": -45, "axis": "z", "origin": [8, -6, 8]},
			"faces": {
				"north": {"uv": [2.5, 1.75, 3.5, 3], "rotation": 90, "texture": "#0"},
				"east": {"uv": [1, 0, 0, 0], "rotation": 90, "texture": "#0"},
				"south": {"uv": [2.5, 3, 3.5, 1.75], "rotation": 90, "texture": "#0"},
				"west": {"uv": [1, 0, 0, 0], "rotation": 90, "texture": "#0"},
				"up": {"uv": [0, 1.25, 0, 0], "rotation": 90, "texture": "#0"},
				"down": {"uv": [0, 1.25, 0, 0], "rotation": 90, "texture": "#0"}
			}
		},
		{
			"from": [9.5, -6, 7],
			"to": [13.5, -4, 9],
			"rotation": {"angle": -22.5, "axis": "z", "origin": [9.5, -4, 8]},
			"faces": {
				"north": {"uv": [1, 7, 0, 7.5], "texture": "#0"},
				"east": {"uv": [2.5, 7.75, 2, 8.25], "texture": "#0"},
				"south": {"uv": [8, 0.75, 7, 1.25], "texture": "#0"},
				"west": {"uv": [7.75, 7.5, 7.25, 8], "texture": "#0"},
				"up": {"uv": [7, 1.75, 8, 1.25], "texture": "#0"},
				"down": {"uv": [7, 1.75, 8, 2.25], "texture": "#0"}
			}
		},
		{
			"from": [10.91421, -8.21764, 7.025],
			"to": [14.91421, -6.26764, 8.975],
			"rotation": {"angle": 22.5, "axis": "z", "origin": [9.5, -4, 8]},
			"faces": {
				"north": {"uv": [2.5, 6.75, 2, 7.75], "rotation": 270, "texture": "#0"},
				"east": {"uv": [5, 8.25, 5.5, 7.75], "rotation": 90, "texture": "#0"},
				"south": {"uv": [3, 7, 2.5, 8], "rotation": 90, "texture": "#0"},
				"west": {"uv": [5.5, 7.75, 6, 8.25], "rotation": 90, "texture": "#0"},
				"up": {"uv": [1.5, 7, 1, 8], "rotation": 90, "texture": "#0"},
				"down": {"uv": [3.5, 7, 3, 8], "rotation": 90, "texture": "#0"}
			}
		},
		{
			"from": [1.24486, -1.24264, 6.4875],
			"to": [4.24486, 4.75736, 9.4875],
			"rotation": {"angle": -22.5, "axis": "z", "origin": [5.5, 9, 8]},
			"faces": {
				"north": {"uv": [3.5, 0.75, 4.25, 2.25], "texture": "#0"},
				"east": {"uv": [0, 4.25, 0.75, 5.75], "texture": "#0"},
				"south": {"uv": [0.75, 4.25, 1.5, 5.75], "texture": "#0"},
				"west": {"uv": [4.25, 0.75, 5, 2.25], "texture": "#0"},
				"up": {"uv": [4.75, 7.25, 4, 6.5], "texture": "#0"},
				"down": {"uv": [5.5, 6.5, 4.75, 7.25], "texture": "#0"}
			}
		},
		{
			"from": [-1.75514, -0.74264, 7.9875],
			"to": [1.24486, 5.25736, 7.9875],
			"rotation": {"angle": -22.5, "axis": "z", "origin": [5.5, 9, 8]},
			"faces": {
				"north": {"uv": [8, 1.25, 9.5, 2], "rotation": 90, "texture": "#0"},
				"east": {"uv": [0, 4.25, 0.75, 5.75], "texture": "#0"},
				"south": {"uv": [8, 2, 9.5, 1.25], "rotation": 90, "texture": "#0"},
				"west": {"uv": [4.25, 0.75, 5, 2.25], "texture": "#0"},
				"up": {"uv": [4.75, 7.25, 4, 6.5], "texture": "#0"},
				"down": {"uv": [5.5, 6.5, 4.75, 7.25], "texture": "#0"}
			}
		},
		{
			"from": [-0.5, 6, 6.5],
			"to": [5.5, 9, 9.5],
			"rotation": {"angle": 22.5, "axis": "z", "origin": [5.5, 9, 8]},
			"faces": {
				"north": {"uv": [3.5, 2.25, 5, 3], "texture": "#0"},
				"east": {"uv": [5.5, 6.5, 6.25, 7.25], "texture": "#0"},
				"south": {"uv": [4.25, 3, 5.75, 3.75], "texture": "#0"},
				"west": {"uv": [6.25, 6.5, 7, 7.25], "texture": "#0"},
				"up": {"uv": [6, 4.5, 4.5, 3.75], "texture": "#0"},
				"down": {"uv": [6, 4.5, 4.5, 5.25], "texture": "#0"}
			}
		},
		{
			"from": [-0.5, 9, 8],
			"to": [5.5, 12, 8],
			"rotation": {"angle": 22.5, "axis": "z", "origin": [5.5, 9, 8]},
			"faces": {
				"north": {"uv": [9.5, 1.25, 8, 2], "texture": "#0"},
				"east": {"uv": [5.5, 6.5, 5.5, 7.25], "texture": "#0"},
				"south": {"uv": [8, 1.25, 9.5, 2], "texture": "#0"},
				"west": {"uv": [6.25, 6.5, 6.25, 7.25], "texture": "#0"},
				"up": {"uv": [6, 3.75, 4.5, 3.75], "texture": "#0"},
				"down": {"uv": [6, 4.5, 4.5, 4.5], "texture": "#0"}
			}
		},
		{
			"from": [2.5, -6, 7],
			"to": [6.5, -4, 9],
			"rotation": {"angle": 22.5, "axis": "z", "origin": [6.5, -4, 8]},
			"faces": {
				"north": {"uv": [0, 7, 1, 7.5], "texture": "#0"},
				"east": {"uv": [7.25, 7.5, 7.75, 8], "texture": "#0"},
				"south": {"uv": [7, 0.75, 8, 1.25], "texture": "#0"},
				"west": {"uv": [2, 7.75, 2.5, 8.25], "texture": "#0"},
				"up": {"uv": [8, 1.75, 7, 1.25], "texture": "#0"},
				"down": {"uv": [8, 1.75, 7, 2.25], "texture": "#0"}
			}
		},
		{
			"from": [1.08579, -8.21764, 7.025],
			"to": [5.08579, -6.26764, 8.975],
			"rotation": {"angle": -22.5, "axis": "z", "origin": [6.5, -4, 8]},
			"faces": {
				"north": {"uv": [2.5, 7.75, 2, 6.75], "rotation": 270, "texture": "#0"},
				"east": {"uv": [5.5, 8.25, 6, 7.75], "rotation": 90, "texture": "#0"},
				"south": {"uv": [3, 8, 2.5, 7], "rotation": 90, "texture": "#0"},
				"west": {"uv": [5, 7.75, 5.5, 8.25], "rotation": 90, "texture": "#0"},
				"up": {"uv": [1.5, 8, 1, 7], "rotation": 90, "texture": "#0"},
				"down": {"uv": [3.5, 8, 3, 7], "rotation": 90, "texture": "#0"}
			}
		}
	],
	"display": {
		"thirdperson_righthand": {
			"rotation": [0, 90, 0],
			"translation": [0, 3, 1.75],
			"scale": [0.65, 0.65, 0.65]
		},
		"thirdperson_lefthand": {
			"rotation": [0, -90, 0],
			"translation": [0, 3, 1.75],
			"scale": [0.65, 0.65, 0.65]
		},
		"firstperson_righthand": {
			"rotation": [0, 90, 20],
			"translation": [1.25, 1, 0],
			"scale": [0.4, 0.4, 0.4]
		},
		"firstperson_lefthand": {
			"rotation": [0, -90, -20],
			"translation": [1.25, 1, 0],
			"scale": [0.4, 0.4, 0.4]
		},
		"ground": {
			"translation": [0, 6, 0],
			"scale": [0.5, 0.5, 0.5]
		},
		"gui": {
			"rotation": [0, 0, -45],
			"translation": [0.25, -0.25, 0],
			"scale": [0.435, 0.435, 0.435]
		},
		"head": {
			"rotation": [-180, -90, 0],
			"translation": [0, 14.5, 1.75],
			"scale": [0.6, 0.6, 0.6]
		},
		"fixed": {
			"rotation": [0, 0, -45],
			"translation": [0, 0, -1.5],
			"scale": [0.6, 0.6, 0.6]
		}
	},
	"groups": [
		0,
		1,
		2,
		3,
		4,
		5,
		6,
		7,
		8,
		9,
		10,
		11,
		12,
		13,
		14,
		15,
		16,
		{
			"name": "group",
			"origin": [0, 9, 0],
			"color": 0,
			"children": [
				17,
				{
					"name": "group",
					"origin": [8, -6, 8],
					"color": 0,
					"children": [18, 19]
				},
				{
					"name": "group",
					"origin": [8, -6, 8],
					"color": 0,
					"children": [20, 21]
				},
				{
					"name": "group",
					"origin": [8, -6, 8],
					"color": 0,
					"children": [22, 23, 24]
				}
			]
		},
		{
			"name": "group",
			"origin": [9.5, 0, 8],
			"color": 0,
			"children": [25, 26]
		},
		{
			"name": "group",
			"origin": [9.5, 0, 8],
			"color": 0,
			"children": [27, 28, 29, 30]
		},
		{
			"name": "group",
			"origin": [9.5, 0, 8],
			"color": 0,
			"children": [31, 32]
		}
	]
}