{
	"credit": "Made with Blockbench",
	"texture_size": [64, 64],
	"textures": {
		"0": "item/multiple/fireworks_2023/firework_texture",
		"1": "item/multiple/fireworks_2023/firework_animation_2",
		"particle": "item/multiple/fireworks_2023/firework_texture"
	},
	"elements": [
		{
			"from": [4.5, 5, 7.5],
			"to": [11.5, 26, 8.5],
			"rotation": {"angle": 0, "axis": "y", "origin": [8, 6, 15]},
			"faces": {
				"north": {"uv": [12.5, 0, 14.25, 5.25], "texture": "#0"},
				"east": {"uv": [12, 0, 12.25, 5.25], "texture": "#0"},
				"south": {"uv": [14.25, 0, 12.5, 5.25], "texture": "#0"},
				"west": {"uv": [12.25, 0, 12.5, 5.25], "texture": "#0"},
				"up": {"uv": [9.75, 7.5, 8, 7.25], "texture": "#0"},
				"down": {"uv": [9.75, 7.5, 8, 7.75], "texture": "#0"}
			}
		},
		{
			"from": [1.5, 5, 8],
			"to": [14.5, 31, 8],
			"rotation": {"angle": 0, "axis": "y", "origin": [8, 6, 15]},
			"faces": {
				"north": {"uv": [12.75, 9.5, 16, 16], "texture": "#0"},
				"east": {"uv": [12, 0, 12.25, 5.25], "texture": "#0"},
				"south": {"uv": [16, 9.5, 12.75, 16], "texture": "#0"},
				"west": {"uv": [12.25, 0, 12.5, 5.25], "texture": "#0"},
				"up": {"uv": [9.75, 7.5, 8, 7.25], "texture": "#0"},
				"down": {"uv": [9.75, 7.5, 8, 7.75], "texture": "#0"}
			}
		},
		{
			"from": [5.5, 23.5, 7.475],
			"to": [10.5, 28.5, 8.525],
			"rotation": {"angle": 45, "axis": "z", "origin": [8, 26, 8]},
			"faces": {
				"north": {"uv": [0, 6, 1.25, 7.25], "texture": "#0"},
				"east": {"uv": [7.25, 7.5, 7.5, 8.75], "texture": "#0"},
				"south": {"uv": [1.25, 6, 0, 7.25], "texture": "#0"},
				"west": {"uv": [0.5, 8.5, 0.75, 9.75], "texture": "#0"},
				"up": {"uv": [9.5, 2, 8.25, 1.75], "texture": "#0"},
				"down": {"uv": [9.5, 3.75, 8.25, 4], "texture": "#0"}
			}
		},
		{
			"from": [5.5, 2, 6.5],
			"to": [10.5, 5, 9.5],
			"rotation": {"angle": 0, "axis": "y", "origin": [8, 3, 15]},
			"faces": {
				"north": {"uv": [1.25, 0.75, 2.5, 1.5], "texture": "#0"},
				"east": {"uv": [0, 1.5, 0.75, 2.25], "texture": "#0"},
				"south": {"uv": [1.25, 0, 2.5, 0.75], "texture": "#0"},
				"west": {"uv": [0.75, 1.5, 1.5, 2.25], "texture": "#0"},
				"up": {"uv": [0, 0, 1.25, 0.75], "texture": "#0"},
				"down": {"uv": [0, 0.75, 1.25, 1.5], "texture": "#0"}
			}
		},
		{
			"from": [11.5, 3.25, 7.25],
			"to": [15.5, 4.75, 8.75],
			"rotation": {"angle": 22.5, "axis": "z", "origin": [10.5, 3, 8]},
			"faces": {
				"north": {"uv": [1, 2.625, 2, 3], "texture": "#0"},
				"east": {"uv": [0, 3, 0.375, 3.375], "texture": "#0"},
				"south": {"uv": [1, 2.25, 2, 2.625], "texture": "#0"},
				"west": {"uv": [0.375, 3, 0.75, 3.375], "texture": "#0"},
				"up": {"uv": [0, 2.25, 1, 2.625], "texture": "#0"},
				"down": {"uv": [0, 2.625, 1, 3], "texture": "#0"}
			}
		},
		{
			"from": [9.5, 1.75, 7.25],
			"to": [11.5, 3.25, 8.75],
			"rotation": {"angle": -22.5, "axis": "z", "origin": [10.5, 2.5, 8]},
			"faces": {
				"north": {"uv": [3, 2.375, 3.5, 2.75], "texture": "#0"},
				"east": {"uv": [3.125, 2.75, 3.5, 3.125], "texture": "#0"},
				"south": {"uv": [3, 2, 3.5, 2.375], "texture": "#0"},
				"west": {"uv": [2.75, 2.75, 3.125, 3.125], "texture": "#0"},
				"up": {"uv": [2.5, 2, 3, 2.375], "texture": "#0"},
				"down": {"uv": [2.5, 2.375, 3, 2.75], "texture": "#0"}
			}
		},
		{
			"from": [10.5, 3, 7],
			"to": [11.5, 5, 9],
			"rotation": {"angle": 22.5, "axis": "z", "origin": [10.5, 3, 8]},
			"faces": {
				"north": {"uv": [3.25, 0.5, 3.5, 1], "texture": "#0"},
				"east": {"uv": [3, 1.5, 3.5, 2], "texture": "#0"},
				"south": {"uv": [3.25, 0, 3.5, 0.5], "texture": "#0"},
				"west": {"uv": [3, 1, 3.5, 1.5], "texture": "#0"},
				"up": {"uv": [3, 0, 3.25, 0.5], "texture": "#0"},
				"down": {"uv": [3, 0.5, 3.25, 1], "texture": "#0"}
			}
		},
		{
			"from": [0.5, 3.25, 7.25],
			"to": [4.5, 4.75, 8.75],
			"rotation": {"angle": -22.5, "axis": "z", "origin": [5.5, 3, 8]},
			"faces": {
				"north": {"uv": [2, 2.625, 1, 3], "texture": "#0"},
				"east": {"uv": [0.75, 3, 0.375, 3.375], "texture": "#0"},
				"south": {"uv": [2, 2.25, 1, 2.625], "texture": "#0"},
				"west": {"uv": [0.375, 3, 0, 3.375], "texture": "#0"},
				"up": {"uv": [1, 2.25, 0, 2.625], "texture": "#0"},
				"down": {"uv": [1, 2.625, 0, 3], "texture": "#0"}
			}
		},
		{
			"from": [4.5, 1.75, 7.25],
			"to": [6.5, 3.25, 8.75],
			"rotation": {"angle": 22.5, "axis": "z", "origin": [5.5, 2.5, 8]},
			"faces": {
				"north": {"uv": [3.5, 2.375, 3, 2.75], "texture": "#0"},
				"east": {"uv": [3.125, 2.75, 2.75, 3.125], "texture": "#0"},
				"south": {"uv": [3.5, 2, 3, 2.375], "texture": "#0"},
				"west": {"uv": [3.5, 2.75, 3.125, 3.125], "texture": "#0"},
				"up": {"uv": [3, 2, 2.5, 2.375], "texture": "#0"},
				"down": {"uv": [3, 2.375, 2.5, 2.75], "texture": "#0"}
			}
		},
		{
			"from": [4.5, 3, 7],
			"to": [5.5, 5, 9],
			"rotation": {"angle": -22.5, "axis": "z", "origin": [5.5, 3, 8]},
			"faces": {
				"north": {"uv": [3.5, 0.5, 3.25, 1], "texture": "#0"},
				"east": {"uv": [3.5, 1, 3, 1.5], "texture": "#0"},
				"south": {"uv": [3.5, 0, 3.25, 0.5], "texture": "#0"},
				"west": {"uv": [3.5, 1.5, 3, 2], "texture": "#0"},
				"up": {"uv": [3.25, 0, 3, 0.5], "texture": "#0"},
				"down": {"uv": [3.25, 0.5, 3, 1], "texture": "#0"}
			}
		},
		{
			"from": [7, -9, 7],
			"to": [9, 2, 9],
			"rotation": {"angle": 0, "axis": "y", "origin": [8, 3, 15]},
			"faces": {
				"north": {"uv": [14, 5.25, 14.5, 8], "texture": "#0"},
				"east": {"uv": [14.5, 5.25, 15, 8], "texture": "#0"},
				"south": {"uv": [15, 5.25, 15.5, 8], "texture": "#0"},
				"west": {"uv": [15.5, 5.25, 16, 8], "texture": "#0"},
				"up": {"uv": [14, 6.25, 13.5, 5.75], "texture": "#0"},
				"down": {"uv": [14, 5.25, 13.5, 5.75], "texture": "#0"}
			}
		},
		{
			"from": [6.5, -11, 6.5],
			"to": [9.5, -9, 9.5],
			"rotation": {"angle": 0, "axis": "y", "origin": [8, 3, 15]},
			"faces": {
				"north": {"uv": [0, 7.25, 0.75, 7.75], "texture": "#0"},
				"east": {"uv": [7.25, 1.25, 8, 1.75], "texture": "#0"},
				"south": {"uv": [4.75, 7.25, 5.5, 7.75], "texture": "#0"},
				"west": {"uv": [7.5, 0, 8.25, 0.5], "texture": "#0"},
				"up": {"uv": [7, 2, 6.25, 1.25], "texture": "#0"},
				"down": {"uv": [4.5, 6.5, 3.75, 7.25], "texture": "#0"}
			}
		},
		{
			"from": [6.25, -12, 6.25],
			"to": [9.75, -11, 9.75],
			"rotation": {"angle": 0, "axis": "y", "origin": [8, 3, 15]},
			"faces": {
				"north": {"uv": [9.75, 0, 10.625, 0.25], "texture": "#0"},
				"east": {"uv": [9.75, 0, 10.625, 0.25], "texture": "#0"},
				"south": {"uv": [9.75, 0, 10.625, 0.25], "texture": "#0"},
				"west": {"uv": [9.75, 0, 10.625, 0.25], "texture": "#0"},
				"up": {"uv": [9.75, 0.25, 10.625, 1.125], "texture": "#0"},
				"down": {"uv": [9.75, 0.25, 10.625, 1.125], "texture": "#0"}
			}
		},
		{
			"from": [11.5, -5.5, 8],
			"to": [27.5, 10.5, 8],
			"rotation": {"angle": -45, "axis": "z", "origin": [11.5, 2.5, 8]},
			"faces": {
				"north": {"uv": [0, 0, 16, 16], "rotation": 270, "texture": "#1"},
				"east": {"uv": [9, 1.75, 8.25, 1.25], "rotation": 90, "texture": "#missing"},
				"south": {"uv": [16, 0, 0, 16], "rotation": 90, "texture": "#1"},
				"west": {"uv": [6.25, 8.25, 5.5, 8.75], "rotation": 90, "texture": "#missing"},
				"up": {"uv": [5, 8.75, 5.5, 9.125], "rotation": 90, "texture": "#missing"},
				"down": {"uv": [8.75, 0.5, 9.25, 0.875], "rotation": 90, "texture": "#missing"}
			}
		},
		{
			"from": [-11.5, -5.5, 8],
			"to": [4.5, 10.5, 8],
			"rotation": {"angle": 45, "axis": "z", "origin": [4.5, 2.5, 8]},
			"faces": {
				"north": {"uv": [0, 16, 16, 0], "rotation": 270, "texture": "#1"},
				"east": {"uv": [6.25, 8.75, 5.5, 8.25], "rotation": 90, "texture": "#missing"},
				"south": {"uv": [16, 16, 0, 0], "rotation": 90, "texture": "#1"},
				"west": {"uv": [9, 1.25, 8.25, 1.75], "rotation": 90, "texture": "#missing"},
				"up": {"uv": [5, 9.125, 5.5, 8.75], "rotation": 90, "texture": "#missing"},
				"down": {"uv": [8.75, 0.875, 9.25, 0.5], "rotation": 90, "texture": "#missing"}
			}
		},
		{
			"from": [-7, 5.5, 8],
			"to": [9, 21.5, 8],
			"rotation": {"angle": 0, "axis": "y", "origin": [1, 13.5, 8]},
			"faces": {
				"north": {"uv": [16, 0, 0, 16], "texture": "#1"},
				"east": {"uv": [5.5, 8.75, 5, 9.125], "texture": "#missing"},
				"south": {"uv": [0, 0, 16, 16], "texture": "#1"},
				"west": {"uv": [9.25, 0.5, 8.75, 0.875], "texture": "#missing"},
				"up": {"uv": [8.25, 1.75, 9, 1.25], "texture": "#missing"},
				"down": {"uv": [5.5, 8.25, 6.25, 8.75], "texture": "#missing"}
			}
		},
		{
			"from": [7, 5.5, 8],
			"to": [23, 21.5, 8],
			"rotation": {"angle": 0, "axis": "y", "origin": [15, 13.5, 8]},
			"faces": {
				"north": {"uv": [0, 0, 16, 16], "texture": "#1"},
				"east": {"uv": [8.75, 0.5, 9.25, 0.875], "texture": "#missing"},
				"south": {"uv": [16, 0, 0, 16], "texture": "#1"},
				"west": {"uv": [5, 8.75, 5.5, 9.125], "texture": "#missing"},
				"up": {"uv": [9, 1.75, 8.25, 1.25], "texture": "#missing"},
				"down": {"uv": [6.25, 8.25, 5.5, 8.75], "texture": "#missing"}
			}
		}
	],
	"display": {
		"thirdperson_righthand": {
			"rotation": [0, 90, 0],
			"translation": [0, 5, 1.75],
			"scale": [0.65, 0.65, 0.65]
		},
		"thirdperson_lefthand": {
			"rotation": [0, -90, 0],
			"translation": [0, 5, 1.75],
			"scale": [0.65, 0.65, 0.65]
		},
		"firstperson_righthand": {
			"rotation": [0, 90, 20],
			"translation": [1.25, 1, 0],
			"scale": [0.4, 0.4, 0.4]
		},
		"firstperson_lefthand": {
			"rotation": [0, -90, -20],
			"translation": [1.25, 1, 0],
			"scale": [0.4, 0.4, 0.4]
		},
		"ground": {
			"translation": [0, 6, 0],
			"scale": [0.5, 0.5, 0.5]
		},
		"gui": {
			"rotation": [0, 0, -45],
			"translation": [-0.5, -0.5, -1.5],
			"scale": [0.5, 0.5, 0.5]
		},
		"head": {
			"rotation": [-180, -90, 0],
			"translation": [0, 14.5, 1.75],
			"scale": [0.6, 0.6, 0.6]
		},
		"fixed": {
			"rotation": [0, 0, -45],
			"translation": [0, 0, -1.5],
			"scale": [0.6, 0.6, 0.6]
		}
	},
	"groups": [
		{
			"name": "group",
			"origin": [8, -8, 8],
			"color": 0,
			"children": [
				0,
				1,
				2,
				3,
				{
					"name": "group",
					"origin": [10.5, 5, 8],
					"color": 0,
					"children": [4, 5, 6]
				},
				{
					"name": "group",
					"origin": [10.5, 5, 8],
					"color": 0,
					"children": [7, 8, 9]
				},
				10,
				11,
				12
			]
		},
		13,
		14,
		15,
		16
	]
}