{
	"credit": "Made with Blockbench",
	"textures": {
		"0": "item/multiple/xmas_magic_stone/magic_stone",
		"1": "item/multiple/xmas_magic_stone/magic_stone_animation_1texture",
		"2": "item/multiple/xmas_magic_stone/meagic_stone_animation_2texture",
		"3": "item/multiple/xmas_magic_stone/magic_stone_animation_2texture",
		"particle": "item/multiple/xmas_magic_stone/magic_stone"
	},
	"elements": [
		{
			"from": [7, -1, 7],
			"to": [9, 7, 9],
			"rotation": {"angle": 0, "axis": "y", "origin": [0, 9, 0]},
			"faces": {
				"north": {"uv": [4, 4, 4.5, 6], "texture": "#0"},
				"east": {"uv": [4.5, 4, 5, 6], "texture": "#0"},
				"south": {"uv": [4.75, 0, 5.25, 2], "texture": "#0"},
				"west": {"uv": [4.75, 2, 5.25, 4], "texture": "#0"},
				"up": {"uv": [7.75, 3.25, 7.25, 2.75], "texture": "#0"},
				"down": {"uv": [8, 1.5, 7.5, 2], "texture": "#0"}
			}
		},
		{
			"from": [6.5, 7, 6.5],
			"to": [9.5, 9, 9.5],
			"rotation": {"angle": 0, "axis": "y", "origin": [0, 9, 0]},
			"faces": {
				"north": {"uv": [7, 4.25, 7.75, 4.75], "texture": "#0"},
				"east": {"uv": [4.75, 7, 5.5, 7.5], "texture": "#0"},
				"south": {"uv": [7, 4.75, 7.75, 5.25], "texture": "#0"},
				"west": {"uv": [6.5, 7, 7.25, 7.5], "texture": "#0"},
				"up": {"uv": [7, 4.75, 6.25, 4], "texture": "#0"},
				"down": {"uv": [7, 4.75, 6.25, 5.5], "texture": "#0"}
			}
		},
		{
			"from": [4.5, 9, 5.5],
			"to": [9.5, 12, 10.5],
			"rotation": {"angle": 0, "axis": "y", "origin": [0, 9, 0]},
			"faces": {
				"north": {"uv": [2, 5, 3.25, 5.75], "texture": "#0"},
				"east": {"uv": [5, 4, 6.25, 4.75], "texture": "#0"},
				"south": {"uv": [5, 4.75, 6.25, 5.5], "texture": "#0"},
				"west": {"uv": [5.25, 0, 6.5, 0.75], "texture": "#0"},
				"up": {"uv": [2.25, 1.25, 1, 0], "texture": "#0"},
				"down": {"uv": [2.25, 1.25, 1, 2.5], "texture": "#0"}
			}
		},
		{
			"from": [3.5, 11, 6.5],
			"to": [8.5, 15, 9.5],
			"rotation": {"angle": 0, "axis": "y", "origin": [0, 9, 0]},
			"faces": {
				"north": {"uv": [3.5, 1.5, 4.75, 2.5], "texture": "#0"},
				"east": {"uv": [0, 5, 0.75, 6], "texture": "#0"},
				"south": {"uv": [2, 4, 3.25, 5], "texture": "#0"},
				"west": {"uv": [5.25, 2.25, 6, 3.25], "texture": "#0"},
				"up": {"uv": [6.5, 1.5, 5.25, 0.75], "texture": "#0"},
				"down": {"uv": [6.5, 1.5, 5.25, 2.25], "texture": "#0"}
			}
		},
		{
			"from": [4.5, 14, 5.5],
			"to": [9.5, 16, 10.5],
			"rotation": {"angle": 0, "axis": "y", "origin": [0, 9, 0]},
			"faces": {
				"north": {"uv": [5.5, 5.5, 6.75, 6], "texture": "#0"},
				"east": {"uv": [1.75, 5.75, 3, 6.25], "texture": "#0"},
				"south": {"uv": [6, 2.25, 7.25, 2.75], "texture": "#0"},
				"west": {"uv": [6, 2.75, 7.25, 3.25], "texture": "#0"},
				"up": {"uv": [3.5, 1.25, 2.25, 0], "texture": "#0"},
				"down": {"uv": [3.5, 1.25, 2.25, 2.5], "texture": "#0"}
			}
		},
		{
			"from": [6.5, -3, 6.5],
			"to": [9.5, -1, 9.5],
			"rotation": {"angle": 0, "axis": "y", "origin": [0, 9, 0]},
			"faces": {
				"north": {"uv": [2, 7, 2.75, 7.5], "texture": "#0"},
				"east": {"uv": [2.75, 7, 3.5, 7.5], "texture": "#0"},
				"south": {"uv": [7, 3.25, 7.75, 3.75], "texture": "#0"},
				"west": {"uv": [7, 3.75, 7.75, 4.25], "texture": "#0"},
				"up": {"uv": [3.25, 7, 2.5, 6.25], "texture": "#0"},
				"down": {"uv": [7, 3.25, 6.25, 4], "texture": "#0"}
			}
		},
		{
			"from": [5.5, -5, 7],
			"to": [10.5, -3, 9],
			"rotation": {"angle": 0, "axis": "y", "origin": [0, 9, 0]},
			"faces": {
				"north": {"uv": [3.75, 6, 5, 6.5], "texture": "#0"},
				"east": {"uv": [7.75, 0.75, 8.25, 1.25], "texture": "#0"},
				"south": {"uv": [5.5, 6, 6.75, 6.5], "texture": "#0"},
				"west": {"uv": [7.75, 2, 8.25, 2.5], "texture": "#0"},
				"up": {"uv": [1.25, 6.75, 0, 6.25], "texture": "#0"},
				"down": {"uv": [2.5, 6.25, 1.25, 6.75], "texture": "#0"}
			}
		},
		{
			"from": [10.5, -5.5, 6.5],
			"to": [11.5, -2.5, 9.5],
			"rotation": {"angle": 0, "axis": "y", "origin": [0, 9, 0]},
			"faces": {
				"north": {"uv": [7.75, 4, 8, 4.75], "texture": "#0"},
				"east": {"uv": [6.5, 0, 7.25, 0.75], "texture": "#0"},
				"south": {"uv": [7.75, 5.5, 8, 6.25], "texture": "#0"},
				"west": {"uv": [6.5, 0.75, 7.25, 1.5], "texture": "#0"},
				"up": {"uv": [8, 7.75, 7.75, 7], "texture": "#0"},
				"down": {"uv": [7.5, 7.75, 7.25, 8.5], "texture": "#0"}
			}
		},
		{
			"from": [4.5, -5.5, 6.5],
			"to": [5.5, -2.5, 9.5],
			"rotation": {"angle": 0, "axis": "y", "origin": [16, 9, 0]},
			"faces": {
				"north": {"uv": [8, 4, 7.75, 4.75], "texture": "#0"},
				"east": {"uv": [7.25, 0.75, 6.5, 1.5], "texture": "#0"},
				"south": {"uv": [8, 5.5, 7.75, 6.25], "texture": "#0"},
				"west": {"uv": [7.25, 0, 6.5, 0.75], "texture": "#0"},
				"up": {"uv": [7.75, 7.75, 8, 7], "texture": "#0"},
				"down": {"uv": [7.25, 7.75, 7.5, 8.5], "texture": "#0"}
			}
		},
		{
			"from": [13.32843, 11.82843, 7],
			"to": [15.32843, 14.82843, 9],
			"rotation": {"angle": 22.5, "axis": "z", "origin": [8.5, 9, 8]},
			"faces": {
				"north": {"uv": [0, 7.25, 0.5, 8], "texture": "#0"},
				"east": {"uv": [7.25, 0, 7.75, 0.75], "texture": "#0"},
				"south": {"uv": [0.5, 7.25, 1, 8], "texture": "#0"},
				"west": {"uv": [7.25, 0.75, 7.75, 1.5], "texture": "#0"},
				"up": {"uv": [5.75, 8, 5.25, 7.5], "texture": "#0"},
				"down": {"uv": [6.25, 7.5, 5.75, 8], "texture": "#0"}
			}
		},
		{
			"from": [15.32843, 11.82843, 7.5],
			"to": [16.32843, 13.82843, 8.5],
			"rotation": {"angle": 22.5, "axis": "z", "origin": [8.5, 9, 8]},
			"faces": {
				"north": {"uv": [0.75, 5, 1, 5.5], "texture": "#0"},
				"east": {"uv": [3.75, 5.5, 4, 6], "texture": "#0"},
				"south": {"uv": [3, 5.75, 3.25, 6.25], "texture": "#0"},
				"west": {"uv": [4.75, 6.5, 5, 7], "texture": "#0"},
				"up": {"uv": [2, 5.75, 1.75, 5.5], "texture": "#0"},
				"down": {"uv": [0.75, 6, 0.5, 6.25], "texture": "#0"}
			}
		},
		{
			"from": [16.32843, 11.32843, 7],
			"to": [17.32843, 14.32843, 9],
			"rotation": {"angle": 22.5, "axis": "z", "origin": [8.5, 9, 8]},
			"faces": {
				"north": {"uv": [7.75, 2.5, 8, 3.25], "texture": "#0"},
				"east": {"uv": [1, 7.25, 1.5, 8], "texture": "#0"},
				"south": {"uv": [7.75, 3.25, 8, 4], "texture": "#0"},
				"west": {"uv": [1.5, 7.25, 2, 8], "texture": "#0"},
				"up": {"uv": [8, 8.25, 7.75, 7.75], "texture": "#0"},
				"down": {"uv": [0.25, 8, 0, 8.5], "texture": "#0"}
			}
		},
		{
			"from": [17.32843, 11.82843, 7.5],
			"to": [18.32843, 13.82843, 8.5],
			"rotation": {"angle": 22.5, "axis": "z", "origin": [8.5, 9, 8]},
			"faces": {
				"north": {"uv": [1.125, 7.375, 1.375, 7.875], "texture": "#0"},
				"east": {"uv": [1.125, 7.375, 1.375, 7.875], "texture": "#0"},
				"south": {"uv": [1.125, 7.375, 1.375, 7.875], "texture": "#0"},
				"west": {"uv": [1.125, 7.375, 1.375, 7.875], "texture": "#0"},
				"up": {"uv": [1.125, 7.375, 1.375, 7.625], "texture": "#0"},
				"down": {"uv": [1.125, 7.375, 1.375, 7.625], "texture": "#0"}
			}
		},
		{
			"from": [9.35343, 11.82843, 7.025],
			"to": [11.30343, 15.82843, 8.975],
			"rotation": {"angle": -22.5, "axis": "z", "origin": [8.5, 9, 8]},
			"faces": {
				"north": {"uv": [3.75, 6.5, 4.25, 7.5], "texture": "#0"},
				"east": {"uv": [4.25, 6.5, 4.75, 7.5], "texture": "#0"},
				"south": {"uv": [5.5, 6.5, 6, 7.5], "texture": "#0"},
				"west": {"uv": [6, 6.5, 6.5, 7.5], "texture": "#0"},
				"up": {"uv": [3.5, 8, 3, 7.5], "texture": "#0"},
				"down": {"uv": [4.25, 7.5, 3.75, 8], "texture": "#0"}
			}
		},
		{
			"from": [11.32843, 12.82843, 7.5],
			"to": [13.32843, 14.82843, 8.5],
			"rotation": {"angle": -22.5, "axis": "z", "origin": [8.5, 9, 8]},
			"faces": {
				"north": {"uv": [6.25, 7.5, 6.75, 8], "texture": "#0"},
				"east": {"uv": [7.75, 4.75, 8, 5.25], "texture": "#0"},
				"south": {"uv": [7.5, 6.5, 8, 7], "texture": "#0"},
				"west": {"uv": [7.5, 7.75, 7.75, 8.25], "texture": "#0"},
				"up": {"uv": [0.5, 6.25, 0, 6], "texture": "#0"},
				"down": {"uv": [7, 2, 6.5, 2.25], "texture": "#0"}
			}
		},
		{
			"from": [13.32843, 12.32843, 7],
			"to": [15.32843, 15.32843, 9],
			"rotation": {"angle": -22.5, "axis": "z", "origin": [8.5, 9, 8]},
			"faces": {
				"north": {"uv": [7.25, 2, 7.75, 2.75], "texture": "#0"},
				"east": {"uv": [7.25, 7, 7.75, 7.75], "texture": "#0"},
				"south": {"uv": [2, 7.5, 2.5, 8.25], "texture": "#0"},
				"west": {"uv": [2.5, 7.5, 3, 8.25], "texture": "#0"},
				"up": {"uv": [7.25, 8, 6.75, 7.5], "texture": "#0"},
				"down": {"uv": [8.25, 0, 7.75, 0.5], "texture": "#0"}
			}
		},
		{
			"from": [15.32843, 12.82843, 7.5],
			"to": [16.32843, 14.82843, 8.5],
			"rotation": {"angle": -22.5, "axis": "z", "origin": [8.5, 9, 8]},
			"faces": {
				"north": {"uv": [1.125, 7.375, 1.375, 7.875], "texture": "#0"},
				"east": {"uv": [1.125, 7.375, 1.375, 7.875], "texture": "#0"},
				"south": {"uv": [1.125, 7.375, 1.375, 7.875], "texture": "#0"},
				"west": {"uv": [1.125, 7.375, 1.375, 7.875], "texture": "#0"},
				"up": {"uv": [1.125, 7.375, 1.375, 7.625], "texture": "#0"},
				"down": {"uv": [1.125, 7.375, 1.375, 7.625], "texture": "#0"}
			}
		},
		{
			"from": [8.5, 9, 7],
			"to": [12.5, 11, 9],
			"rotation": {"angle": 22.5, "axis": "z", "origin": [8.5, 9, 8]},
			"faces": {
				"north": {"uv": [6.5, 1.5, 7.5, 2], "texture": "#0"},
				"east": {"uv": [4.25, 7.5, 4.75, 8], "texture": "#0"},
				"south": {"uv": [6.5, 6.5, 7.5, 7], "texture": "#0"},
				"west": {"uv": [4.75, 7.5, 5.25, 8], "texture": "#0"},
				"up": {"uv": [1, 7.25, 0, 6.75], "texture": "#0"},
				"down": {"uv": [2, 6.75, 1, 7.25], "texture": "#0"}
			}
		},
		{
			"from": [3.50838, 20.01254, 7],
			"to": [7.50838, 26.01254, 9],
			"rotation": {"angle": 0, "axis": "y", "origin": [9.5, 16, 8]},
			"faces": {
				"north": {"uv": [3, 2.5, 4, 4], "texture": "#0"},
				"east": {"uv": [3.25, 5.5, 3.75, 7], "texture": "#0"},
				"south": {"uv": [0, 3.5, 1, 5], "texture": "#0"},
				"west": {"uv": [5, 5.5, 5.5, 7], "texture": "#0"},
				"up": {"uv": [7.75, 6, 6.75, 5.5], "texture": "#0"},
				"down": {"uv": [7.75, 6, 6.75, 6.5], "texture": "#0"}
			}
		},
		{
			"from": [7.50838, 16.51254, 7.9],
			"to": [12.50838, 21.51254, 7.9],
			"rotation": {"angle": 0, "axis": "y", "origin": [9.5, 16, 8]},
			"faces": {
				"north": {"uv": [0, 8.75, 1.25, 10], "texture": "#0"},
				"east": {"uv": [3.25, 5.5, 3.75, 7], "texture": "#0"},
				"south": {"uv": [1.25, 8.75, 0, 10], "texture": "#0"},
				"west": {"uv": [5, 5.5, 5.5, 7], "texture": "#0"},
				"up": {"uv": [7.75, 6, 6.75, 5.5], "texture": "#0"},
				"down": {"uv": [7.75, 6, 6.75, 6.5], "texture": "#0"}
			}
		},
		{
			"from": [0.50838, 3.01254, 7],
			"to": [4.50838, 11.01254, 7],
			"rotation": {"angle": 0, "axis": "y", "origin": [9.5, 16, 8]},
			"faces": {
				"north": {"uv": [0, 0, 1, 2], "texture": "#0"},
				"east": {"uv": [0, 0, 0, 3.5], "texture": "#0"},
				"south": {"uv": [1, 0, 0, 2], "texture": "#0"},
				"west": {"uv": [0, 0, 0, 3.5], "texture": "#0"},
				"up": {"uv": [1, 0, 0, 0], "texture": "#0"},
				"down": {"uv": [1, 0, 0, 0], "texture": "#0"}
			}
		},
		{
			"from": [2.50838, 3.01254, 8],
			"to": [6.50838, 9.01254, 8],
			"rotation": {"angle": 0, "axis": "y", "origin": [9.5, 16, 8]},
			"faces": {
				"north": {"uv": [0, 2, 1, 3.5], "texture": "#0"},
				"east": {"uv": [0, 0, 0, 3.5], "texture": "#0"},
				"south": {"uv": [1, 2, 0, 3.5], "texture": "#0"},
				"west": {"uv": [0, 0, 0, 3.5], "texture": "#0"},
				"up": {"uv": [1, 0, 0, 0], "texture": "#0"},
				"down": {"uv": [1, 0, 0, 0], "texture": "#0"}
			}
		},
		{
			"from": [1.50838, 4.01254, 9],
			"to": [5.50838, 12.01254, 9],
			"rotation": {"angle": 0, "axis": "y", "origin": [9.5, 16, 8]},
			"faces": {
				"north": {"uv": [0, 0, 1, 2], "texture": "#0"},
				"east": {"uv": [0, 0, 0, 3.5], "texture": "#0"},
				"south": {"uv": [1, 0, 0, 2], "texture": "#0"},
				"west": {"uv": [0, 0, 0, 3.5], "texture": "#0"},
				"up": {"uv": [1, 0, 0, 0], "texture": "#0"},
				"down": {"uv": [1, 0, 0, 0], "texture": "#0"}
			}
		},
		{
			"from": [2.50838, 21.01254, 7.75],
			"to": [3.50838, 23.01254, 8.25],
			"rotation": {"angle": 0, "axis": "y", "origin": [9.5, 16, 8]},
			"faces": {
				"north": {"uv": [0.25, 8, 0.5, 8.5], "texture": "#0"},
				"east": {"uv": [8, 3, 8.125, 3.5], "texture": "#0"},
				"south": {"uv": [0.5, 8, 0.75, 8.5], "texture": "#0"},
				"west": {"uv": [3.25, 8, 3.375, 8.5], "texture": "#0"},
				"up": {"uv": [7.25, 2.125, 7, 2], "texture": "#0"},
				"down": {"uv": [8, 1.25, 7.75, 1.375], "texture": "#0"}
			}
		},
		{
			"from": [2.50838, 24.51254, 7.75],
			"to": [3.50838, 26.01254, 8.25],
			"rotation": {"angle": 0, "axis": "y", "origin": [9.5, 16, 8]},
			"faces": {
				"north": {"uv": [1.5, 8, 1.75, 8.375], "texture": "#0"},
				"east": {"uv": [4.25, 8, 4.375, 8.375], "texture": "#0"},
				"south": {"uv": [1.75, 8, 2, 8.375], "texture": "#0"},
				"west": {"uv": [4.5, 8, 4.625, 8.375], "texture": "#0"},
				"up": {"uv": [8, 6.375, 7.75, 6.25], "texture": "#0"},
				"down": {"uv": [8.25, 1.75, 8, 1.875], "texture": "#0"}
			}
		},
		{
			"from": [0.13283, 22.95749, 7.5],
			"to": [4.13283, 28.95749, 8.5],
			"rotation": {"angle": -22.5, "axis": "z", "origin": [9.5, 16, 8]},
			"faces": {
				"north": {"uv": [3.5, 0, 4.5, 1.5], "texture": "#0"},
				"east": {"uv": [4.5, 0, 4.75, 1.5], "texture": "#0"},
				"south": {"uv": [1, 4, 2, 5.5], "texture": "#0"},
				"west": {"uv": [3.5, 7, 3.75, 8.5], "texture": "#0"},
				"up": {"uv": [8, 5.5, 7, 5.25], "texture": "#0"},
				"down": {"uv": [8.75, 0.5, 7.75, 0.75], "texture": "#0"}
			}
		},
		{
			"from": [4.13283, 20.95749, 8.1],
			"to": [11.13283, 27.95749, 8.1],
			"rotation": {"angle": -22.5, "axis": "z", "origin": [9.5, 16, 8]},
			"faces": {
				"north": {"uv": [0, 8.5, 1.75, 10.25], "texture": "#0"},
				"east": {"uv": [4.5, 0, 4.75, 1.5], "texture": "#0"},
				"south": {"uv": [1.75, 8.5, 0, 10.25], "texture": "#0"},
				"west": {"uv": [3.5, 7, 3.75, 8.5], "texture": "#0"},
				"up": {"uv": [8, 5.5, 7, 5.25], "texture": "#0"},
				"down": {"uv": [8.75, 0.5, 7.75, 0.75], "texture": "#0"}
			}
		},
		{
			"from": [-0.86717, 27.45749, 7.75],
			"to": [0.13283, 28.95749, 8.25],
			"rotation": {"angle": -22.5, "axis": "z", "origin": [9.5, 16, 8]},
			"faces": {
				"north": {"uv": [8, 2.5, 8.25, 2.875], "texture": "#0"},
				"east": {"uv": [8, 4.5, 8.125, 4.875], "texture": "#0"},
				"south": {"uv": [3, 8, 3.25, 8.375], "texture": "#0"},
				"west": {"uv": [4.75, 8, 4.875, 8.375], "texture": "#0"},
				"up": {"uv": [5.25, 8.125, 5, 8], "texture": "#0"},
				"down": {"uv": [8.25, 5, 8, 5.125], "texture": "#0"}
			}
		},
		{
			"from": [-0.86717, 23.95749, 7.75],
			"to": [0.13283, 25.95749, 8.25],
			"rotation": {"angle": -22.5, "axis": "z", "origin": [9.5, 16, 8]},
			"faces": {
				"north": {"uv": [0.75, 8, 1, 8.5], "texture": "#0"},
				"east": {"uv": [8, 3.5, 8.125, 4], "texture": "#0"},
				"south": {"uv": [1, 8, 1.25, 8.5], "texture": "#0"},
				"west": {"uv": [3.75, 8, 3.875, 8.5], "texture": "#0"},
				"up": {"uv": [5.5, 8.125, 5.25, 8], "texture": "#0"},
				"down": {"uv": [8.25, 5.25, 8, 5.375], "texture": "#0"}
			}
		},
		{
			"from": [5.5, 16, 6.5],
			"to": [9.5, 22, 9.5],
			"rotation": {"angle": 22.5, "axis": "z", "origin": [9.5, 16, 8]},
			"faces": {
				"north": {"uv": [1, 2.5, 2, 4], "texture": "#0"},
				"east": {"uv": [4, 2.5, 4.75, 4], "texture": "#0"},
				"south": {"uv": [2, 2.5, 3, 4], "texture": "#0"},
				"west": {"uv": [3.25, 4, 4, 5.5], "texture": "#0"},
				"up": {"uv": [6.25, 4, 5.25, 3.25], "texture": "#0"},
				"down": {"uv": [1.75, 5.5, 0.75, 6.25], "texture": "#0"}
			}
		},
		{
			"from": [4.5, 20, 7.75],
			"to": [5.5, 21.5, 8.25],
			"rotation": {"angle": 22.5, "axis": "z", "origin": [9.5, 16, 8]},
			"faces": {
				"north": {"uv": [1.25, 8, 1.5, 8.375], "texture": "#0"},
				"east": {"uv": [4, 8, 4.125, 8.375], "texture": "#0"},
				"south": {"uv": [8, 1.25, 8.25, 1.625], "texture": "#0"},
				"west": {"uv": [8, 4, 8.125, 4.375], "texture": "#0"},
				"up": {"uv": [2.25, 6.875, 2, 6.75], "texture": "#0"},
				"down": {"uv": [2.5, 6.75, 2.25, 6.875], "texture": "#0"}
			}
		},
		{
			"from": [8.6, 16.5, 7.8],
			"to": [12.6, 20.5, 7.8],
			"faces": {
				"north": {"uv": [0, 0, 8, 8], "texture": "#2"},
				"east": {"uv": [0, 0, 0, 8], "texture": "#2"},
				"south": {"uv": [8, 0, 0, 8], "texture": "#2"},
				"west": {"uv": [0, 0, 0, 8], "texture": "#2"},
				"up": {"uv": [0, 0, 8, 0], "texture": "#2"},
				"down": {"uv": [0, 0, 8, 0], "texture": "#2"}
			}
		},
		{
			"from": [2, 4.5, 6.9],
			"to": [7, 9.5, 6.9],
			"faces": {
				"north": {"uv": [6, 5.75, 16, 15.75], "texture": "#1"},
				"east": {"uv": [6, 5.75, 6, 15.75], "texture": "#missing"},
				"south": {"uv": [16, 5.75, 6, 15.75], "texture": "#1"},
				"west": {"uv": [6, 5.75, 6, 15.75], "texture": "#missing"},
				"up": {"uv": [6, 5.75, 16, 5.75], "texture": "#missing"},
				"down": {"uv": [6, 5.75, 16, 5.75], "texture": "#missing"}
			}
		},
		{
			"from": [8, 23.5, 8.3],
			"to": [12, 27.5, 8.3],
			"rotation": {"angle": 0, "axis": "y", "origin": [0, 0, 16]},
			"faces": {
				"north": {"uv": [0, 0, 8, 8], "texture": "#2"},
				"east": {"uv": [0, 0, 0, 8], "texture": "#2"},
				"south": {"uv": [8, 0, 0, 8], "texture": "#2"},
				"west": {"uv": [0, 0, 0, 8], "texture": "#2"},
				"up": {"uv": [0, 0, 8, 0], "texture": "#2"},
				"down": {"uv": [0, 0, 8, 0], "texture": "#2"}
			}
		},
		{
			"from": [2, 4.5, 9.1],
			"to": [7, 9.5, 9.1],
			"rotation": {"angle": 0, "axis": "y", "origin": [0, 0, 16]},
			"faces": {
				"north": {"uv": [6, 5.75, 16, 15.75], "texture": "#1"},
				"east": {"uv": [6, 5.75, 6, 15.75], "texture": "#missing"},
				"south": {"uv": [16, 5.75, 6, 15.75], "texture": "#1"},
				"west": {"uv": [6, 5.75, 6, 15.75], "texture": "#missing"},
				"up": {"uv": [6, 5.75, 16, 5.75], "texture": "#missing"},
				"down": {"uv": [6, 5.75, 16, 5.75], "texture": "#missing"}
			}
		},
		{
			"from": [-1, -5, 7.9],
			"to": [7, 5, 7.9],
			"rotation": {"angle": 0, "axis": "y", "origin": [0, 0, 16]},
			"faces": {
				"north": {"uv": [8, 0, 0, 10], "texture": "#3"},
				"east": {"uv": [0, 0, 0, 10], "texture": "#3"},
				"south": {"uv": [0, 0, 8, 10], "texture": "#3"},
				"west": {"uv": [0, 0, 0, 10], "texture": "#3"},
				"up": {"uv": [0, 0, 0, 8], "rotation": 270, "texture": "#3"},
				"down": {"uv": [0, 0, 0, 8], "rotation": 90, "texture": "#3"}
			}
		},
		{
			"from": [7, 12, 7.9],
			"to": [15, 22, 7.9],
			"rotation": {"angle": 0, "axis": "y", "origin": [16, 0, 16]},
			"faces": {
				"north": {"uv": [0, 0, 8, 10], "texture": "#3"},
				"east": {"uv": [0, 0, 0, 10], "texture": "#3"},
				"south": {"uv": [8, 0, 0, 10], "texture": "#3"},
				"west": {"uv": [0, 0, 0, 10], "texture": "#3"},
				"up": {"uv": [0, 8, 0, 0], "rotation": 270, "texture": "#3"},
				"down": {"uv": [0, 8, 0, 0], "rotation": 90, "texture": "#3"}
			}
		}
	],
	"display": {
		"thirdperson_righthand": {
			"rotation": [0, -90, 0],
			"translation": [0, 2, 1.75],
			"scale": [0.65, 0.65, 0.65]
		},
		"thirdperson_lefthand": {
			"rotation": [0, 90, 0],
			"translation": [0, 2, 1.75],
			"scale": [0.65, 0.65, 0.65]
		},
		"firstperson_righthand": {
			"rotation": [0, -90, -20],
			"translation": [1.25, 1, 0],
			"scale": [0.4, 0.4, 0.4]
		},
		"firstperson_lefthand": {
			"rotation": [0, 90, 20],
			"translation": [1.25, 1, 0],
			"scale": [0.4, 0.4, 0.4]
		},
		"ground": {
			"translation": [0, 6, 0],
			"scale": [0.5, 0.5, 0.5]
		},
		"gui": {
			"rotation": [0, 0, -45],
			"translation": [-1.25, -1.75, 0],
			"scale": [0.5, 0.5, 0.5]
		},
		"head": {
			"rotation": [-180, -90, 0],
			"translation": [0, 14.5, 1.75],
			"scale": [0.6, 0.6, 0.6]
		},
		"fixed": {
			"rotation": [0, 0, -45],
			"translation": [0, 0, -1.5],
			"scale": [0.6, 0.6, 0.6]
		}
	},
	"groups": [
		0,
		1,
		2,
		3,
		4,
		5,
		6,
		7,
		8,
		{
			"name": "group",
			"origin": [9.5, 0, 8],
			"color": 0,
			"children": [9, 10, 11, 12, 13, 14, 15, 16, 17]
		},
		{
			"name": "group",
			"origin": [0, 9, 0],
			"color": 0,
			"children": [
				18,
				19,
				{
					"name": "group",
					"origin": [9.5, 16, 8],
					"color": 0,
					"children": [20, 21, 22]
				},
				23,
				24,
				25,
				26,
				27,
				28,
				29,
				30
			]
		},
		31,
		32,
		33,
		34,
		35,
		36
	]
}