{
    "credit": "MadewithBlockbench",
    "texture_size": [128, 128],
    "textures": {
        "0": "item/multiple/headlesshorseman/headlesshorseman_texture_01",
        "1": "item/multiple/headlesshorseman/headlesshorseman_animation_01",
        "2": "item/multiple/headlesshorseman/headlesshorseman_animation_02",
        "3": "item/multiple/headlesshorseman/headlesshorseman_animation_03",
        "4": "item/multiple/headlesshorseman/headlesshorseman_animation_04",
        "5": "item/multiple/headlesshorseman/headlesshorseman_animation_05",
        "particle": "item/multiple/headlesshorseman/headlesshorseman_texture_01"
    },
    "elements": [{
        "from": [8, 2, 2.5],
        "to": [8, 26, 8],
        "rotation": {
            "angle": 0,
            "axis": "y",
            "origin": [7, 1, 8]
        },
        "faces": {
            "north": {
                "uv": [2.375, 0.75, 2.1875, 1],
                "texture": "#0"
            },
            "east": {
                "uv": [15.3125, 2.875, 16, 5.875],
                "texture": "#0"
            },
            "south": {
                "uv": [2.375, 0.75, 2.1875, 1],
                "texture": "#0"
            },
            "west": {
                "uv": [16, 2.875, 15.3125, 5.875],
                "texture": "#0"
            },
            "up": {
                "uv": [1.6875, 1, 1.5, 1.6875],
                "texture": "#0"
            },
            "down": {
                "uv": [1.6875, 1, 1.5, 1.6875],
                "texture": "#0"
            }
        }
    }, {
        "from": [8, 2, 8],
        "to": [8, 26, 13.5],
        "rotation": {
            "angle": 0,
            "axis": "y",
            "origin": [7, 1, 8]
        },
        "faces": {
            "north": {
                "uv": [2.1875, 0.75, 2.375, 1],
                "texture": "#0"
            },
            "east": {
                "uv": [16, 2.875, 15.3125, 5.875],
                "texture": "#0"
            },
            "south": {
                "uv": [2.1875, 0.75, 2.375, 1],
                "texture": "#0"
            },
            "west": {
                "uv": [15.3125, 2.875, 16, 5.875],
                "texture": "#0"
            },
            "up": {
                "uv": [1.6875, 1.6875, 1.5, 1],
                "texture": "#0"
            },
            "down": {
                "uv": [1.6875, 1.6875, 1.5, 1],
                "texture": "#0"
            }
        }
    }, {
        "from": [8, 2, 8],
        "to": [8, 26, 13.5],
        "rotation": {
            "angle": 0,
            "axis": "y",
            "origin": [7, 1, 8]
        },
        "faces": {
            "north": {
                "uv": [2.1875, 0.75, 2.375, 1],
                "texture": "#0"
            },
            "east": {
                "uv": [16, 2.875, 15.3125, 5.875],
                "texture": "#0"
            },
            "south": {
                "uv": [2.1875, 0.75, 2.375, 1],
                "texture": "#0"
            },
            "west": {
                "uv": [15.3125, 2.875, 16, 5.875],
                "texture": "#0"
            },
            "up": {
                "uv": [1.6875, 1.6875, 1.5, 1],
                "texture": "#0"
            },
            "down": {
                "uv": [1.6875, 1.6875, 1.5, 1],
                "texture": "#0"
            }
        }
    }, {
        "from": [8, 2, 2.5],
        "to": [8, 26, 8],
        "rotation": {
            "angle": 0,
            "axis": "y",
            "origin": [7, 1, 8]
        },
        "faces": {
            "north": {
                "uv": [2.375, 0.75, 2.1875, 1],
                "texture": "#0"
            },
            "east": {
                "uv": [15.3125, 2.875, 16, 5.875],
                "texture": "#0"
            },
            "south": {
                "uv": [2.375, 0.75, 2.1875, 1],
                "texture": "#0"
            },
            "west": {
                "uv": [16, 2.875, 15.3125, 5.875],
                "texture": "#0"
            },
            "up": {
                "uv": [1.6875, 1, 1.5, 1.6875],
                "texture": "#0"
            },
            "down": {
                "uv": [1.6875, 1, 1.5, 1.6875],
                "texture": "#0"
            }
        }
    }, {
        "from": [5, -0.79289, 6.5],
        "to": [11, 2.20711, 9.5],
        "rotation": {
            "angle": -45,
            "axis": "x",
            "origin": [8, 0.70711, 8]
        },
        "faces": {
            "north": {
                "uv": [2.5, 0, 1.75, 0.375],
                "texture": "#0"
            },
            "east": {
                "uv": [1, 0, 0.625, 0.375],
                "texture": "#0"
            },
            "south": {
                "uv": [1.75, 0, 1, 0.375],
                "texture": "#0"
            },
            "west": {
                "uv": [0.625, 0, 1, 0.375],
                "texture": "#0"
            },
            "up": {
                "uv": [1.75, 0, 1, 0.375],
                "texture": "#0"
            },
            "down": {
                "uv": [2.5, 0, 1.75, 0.375],
                "texture": "#0"
            }
        }
    }, {
        "from": [4.9, -0.79289, 6.5],
        "to": [4.9, 2.20711, 9.5],
        "rotation": {
            "angle": -45,
            "axis": "x",
            "origin": [8, 0.70711, 8]
        },
        "faces": {
            "north": {
                "uv": [0, 0, 0, 6],
                "texture": "#3"
            },
            "east": {
                "uv": [6, 0, 0, 6],
                "texture": "#3"
            },
            "south": {
                "uv": [0, 0, 0, 6],
                "texture": "#3"
            },
            "west": {
                "uv": [0, 0, 6, 6],
                "texture": "#3"
            },
            "up": {
                "uv": [0, 6, 0, 0],
                "texture": "#3"
            },
            "down": {
                "uv": [0, 0, 0, 6],
                "texture": "#3"
            }
        }
    }, {
        "from": [11.1, -0.79289, 6.5],
        "to": [11.1, 2.20711, 9.5],
        "rotation": {
            "angle": -45,
            "axis": "x",
            "origin": [8, 0.70711, 8]
        },
        "faces": {
            "north": {
                "uv": [0, 0, 0, 6],
                "texture": "#3"
            },
            "east": {
                "uv": [6, 0, 0, 6],
                "texture": "#3"
            },
            "south": {
                "uv": [0, 0, 0, 6],
                "texture": "#3"
            },
            "west": {
                "uv": [0, 0, 6, 6],
                "texture": "#3"
            },
            "up": {
                "uv": [0, 6, 0, 0],
                "texture": "#3"
            },
            "down": {
                "uv": [0, 0, 0, 6],
                "texture": "#3"
            }
        }
    }, {
        "from": [6, -2, 6],
        "to": [10, 3, 11],
        "rotation": {
            "angle": -45,
            "axis": "x",
            "origin": [8, 0, 8]
        },
        "faces": {
            "north": {
                "uv": [0, 0.625, 0.625, 1.125],
                "rotation": 90,
                "texture": "#0"
            },
            "east": {
                "uv": [0, 0, 0.625, 0.625],
                "rotation": 90,
                "texture": "#0"
            },
            "south": {
                "uv": [0, 0.625, 0.625, 1.125],
                "rotation": 90,
                "texture": "#0"
            },
            "west": {
                "uv": [0, 0, 0.625, 0.625],
                "rotation": 90,
                "texture": "#0"
            },
            "up": {
                "uv": [0.625, 0.625, 0, 1.125],
                "rotation": 90,
                "texture": "#0"
            },
            "down": {
                "uv": [0.625, 0.625, 0, 1.125],
                "rotation": 90,
                "texture": "#0"
            }
        }
    }, {
        "from": [7, -10, 7],
        "to": [9, 2, 9],
        "rotation": {
            "angle": 0,
            "axis": "y",
            "origin": [7, 5.5, 8]
        },
        "faces": {
            "north": {
                "uv": [0.625, 1.5625, 0.875, 3.0625],
                "texture": "#0"
            },
            "east": {
                "uv": [0.625, 1.5625, 0.875, 3.0625],
                "texture": "#0"
            },
            "south": {
                "uv": [0.625, 1.5625, 0.875, 3.0625],
                "texture": "#0"
            },
            "west": {
                "uv": [0.625, 1.5625, 0.875, 3.0625],
                "texture": "#0"
            },
            "up": {
                "uv": [0.625, 1.5625, 0.875, 1.8125],
                "texture": "#0"
            },
            "down": {
                "uv": [0.625, 1.5625, 0.875, 1.8125],
                "texture": "#0"
            }
        }
    }, {
        "from": [7, -15.5, 7.25],
        "to": [9, -13, 8.75],
        "rotation": {
            "angle": 0,
            "axis": "y",
            "origin": [7, 5.5, 8]
        },
        "faces": {
            "north": {
                "uv": [3.0625, 0.5625, 3.25, 0.875],
                "texture": "#0"
            },
            "east": {
                "uv": [3.0625, 0.5625, 3.25, 0.875],
                "texture": "#0"
            },
            "south": {
                "uv": [3.0625, 0.5625, 3.25, 0.875],
                "texture": "#0"
            },
            "west": {
                "uv": [3.0625, 0.5625, 3.25, 0.875],
                "texture": "#0"
            },
            "up": {
                "uv": [2.8125, 0.8125, 3.0625, 1],
                "texture": "#0"
            },
            "down": {
                "uv": [2.8125, 0.8125, 3.0625, 1],
                "texture": "#0"
            }
        }
    }, {
        "from": [6.5, -12.5, 6.5],
        "to": [9.5, -10, 9.5],
        "rotation": {
            "angle": 0,
            "axis": "y",
            "origin": [8, 6.31499, 8]
        },
        "faces": {
            "north": {
                "uv": [0.875, 1.5625, 1.25, 1.875],
                "texture": "#0"
            },
            "east": {
                "uv": [0.875, 1.5625, 1.25, 1.875],
                "texture": "#0"
            },
            "south": {
                "uv": [0.875, 1.5625, 1.25, 1.875],
                "texture": "#0"
            },
            "west": {
                "uv": [0.875, 1.5625, 1.25, 1.875],
                "texture": "#0"
            },
            "up": {
                "uv": [0.875, 1.875, 1.25, 2.25],
                "texture": "#0"
            },
            "down": {
                "uv": [0.875, 1.875, 1.25, 2.25],
                "texture": "#0"
            }
        }
    }, {
        "from": [6.5, -3.5, 6.5],
        "to": [9.5, -1, 9.5],
        "rotation": {
            "angle": 0,
            "axis": "y",
            "origin": [8, 7.68501, 8]
        },
        "faces": {
            "north": {
                "uv": [1.4375, 2.5625, 1.8125, 2.25],
                "texture": "#0"
            },
            "east": {
                "uv": [1.4375, 2.5625, 1.8125, 2.25],
                "texture": "#0"
            },
            "south": {
                "uv": [1.4375, 2.5625, 1.8125, 2.25],
                "texture": "#0"
            },
            "west": {
                "uv": [1.4375, 2.5625, 1.8125, 2.25],
                "texture": "#0"
            },
            "up": {
                "uv": [1.4375, 2.9375, 1.8125, 2.5625],
                "texture": "#0"
            },
            "down": {
                "uv": [1.4375, 2.9375, 1.8125, 2.5625],
                "texture": "#0"
            }
        }
    }, {
        "from": [5.75, -8.08922, -6.30421],
        "to": [10.25, -5.58922, -3.80421],
        "rotation": {
            "angle": -45,
            "axis": "x",
            "origin": [8, 6.21499, 8]
        },
        "faces": {
            "north": {
                "uv": [1.4375, 2.5625, 0.875, 2.875],
                "texture": "#0"
            },
            "east": {
                "uv": [1.1875, 2.25, 0.875, 2.5625],
                "texture": "#0"
            },
            "south": {
                "uv": [1.4375, 2.5625, 0.875, 2.875],
                "texture": "#0"
            },
            "west": {
                "uv": [0.875, 2.25, 1.1875, 2.5625],
                "texture": "#0"
            },
            "up": {
                "uv": [1.4375, 2.5625, 0.875, 2.875],
                "texture": "#0"
            },
            "down": {
                "uv": [1.4375, 2.5625, 0.875, 2.875],
                "texture": "#0"
            }
        }
    }, {
        "from": [7, -12.2, 8.8],
        "to": [9, -10.7, 10.8],
        "rotation": {
            "angle": 22.5,
            "axis": "x",
            "origin": [8, -12.175, 10.375]
        },
        "faces": {
            "north": {
                "uv": [3.5, 0.125, 3.75, 0.3125],
                "texture": "#0"
            },
            "east": {
                "uv": [3.25, 0.125, 3.5, 0.3125],
                "texture": "#0"
            },
            "south": {
                "uv": [3.5, 0.125, 3.75, 0.3125],
                "texture": "#0"
            },
            "west": {
                "uv": [3.25, 0.125, 3.5, 0.3125],
                "texture": "#0"
            },
            "up": {
                "uv": [2.8125, 0.3125, 3.0625, 0.5625],
                "rotation": 90,
                "texture": "#0"
            },
            "down": {
                "uv": [2.8125, 0.3125, 3.0625, 0.5625],
                "rotation": 90,
                "texture": "#0"
            }
        }
    }, {
        "from": [7.1, -13.58188, 10.02574],
        "to": [8.9, -11.58188, 11.52574],
        "rotation": {
            "angle": -22.5,
            "axis": "x",
            "origin": [8, -12.175, 10.375]
        },
        "faces": {
            "north": {
                "uv": [2.8125, 0.5625, 3.0625, 0.8125],
                "rotation": 90,
                "texture": "#0"
            },
            "east": {
                "uv": [3.75, 0.3125, 4, 0.125],
                "rotation": 90,
                "texture": "#0"
            },
            "south": {
                "uv": [2.8125, 0.5625, 3.0625, 0.8125],
                "rotation": 90,
                "texture": "#0"
            },
            "west": {
                "uv": [3.75, 0.125, 4, 0.3125],
                "rotation": 90,
                "texture": "#0"
            },
            "up": {
                "uv": [4.0125, 0.125, 4.2625, 0.3125],
                "texture": "#0"
            },
            "down": {
                "uv": [4.0125, 0.125, 4.2625, 0.3125],
                "texture": "#0"
            }
        }
    }, {
        "from": [7.25, -14.3, 10.5],
        "to": [8.75, -12.8, 11.5],
        "rotation": {
            "angle": 22.5,
            "axis": "x",
            "origin": [8, -12.175, 10.375]
        },
        "faces": {
            "north": {
                "uv": [4.3125, 0.125, 4.5, 0.3125],
                "rotation": 90,
                "texture": "#0"
            },
            "east": {
                "uv": [3.0625, 0.3125, 3.25, 0.4375],
                "rotation": 90,
                "texture": "#0"
            },
            "south": {
                "uv": [4.3125, 0.125, 4.5, 0.3125],
                "rotation": 90,
                "texture": "#0"
            },
            "west": {
                "uv": [3.0625, 0.3125, 3.25, 0.4375],
                "rotation": 90,
                "texture": "#0"
            },
            "up": {
                "uv": [3.0625, 0.4375, 3.25, 0.5625],
                "texture": "#0"
            },
            "down": {
                "uv": [3.0625, 0.4375, 3.25, 0.5625],
                "texture": "#0"
            }
        }
    }, {
        "from": [7.1, -13.58188, 4.47426],
        "to": [8.9, -11.58188, 5.97426],
        "rotation": {
            "angle": 22.5,
            "axis": "x",
            "origin": [8, -12.175, 5.625]
        },
        "faces": {
            "north": {
                "uv": [2.8125, 0.8125, 3.0625, 0.5625],
                "rotation": 90,
                "texture": "#0"
            },
            "east": {
                "uv": [3.75, 0.125, 4, 0.3125],
                "rotation": 90,
                "texture": "#0"
            },
            "south": {
                "uv": [2.8125, 0.8125, 3.0625, 0.5625],
                "rotation": 90,
                "texture": "#0"
            },
            "west": {
                "uv": [3.75, 0.3125, 4, 0.125],
                "rotation": 90,
                "texture": "#0"
            },
            "up": {
                "uv": [4.0125, 0.3125, 4.2625, 0.125],
                "texture": "#0"
            },
            "down": {
                "uv": [4.0125, 0.3125, 4.2625, 0.125],
                "texture": "#0"
            }
        }
    }, {
        "from": [7.25, -14.3, 4.5],
        "to": [8.75, -12.8, 5.5],
        "rotation": {
            "angle": -22.5,
            "axis": "x",
            "origin": [8, -12.175, 5.625]
        },
        "faces": {
            "north": {
                "uv": [4.3125, 0.3125, 4.5, 0.125],
                "rotation": 90,
                "texture": "#0"
            },
            "east": {
                "uv": [3.0625, 0.4375, 3.25, 0.3125],
                "rotation": 90,
                "texture": "#0"
            },
            "south": {
                "uv": [4.3125, 0.3125, 4.5, 0.125],
                "rotation": 90,
                "texture": "#0"
            },
            "west": {
                "uv": [3.0625, 0.4375, 3.25, 0.3125],
                "rotation": 90,
                "texture": "#0"
            },
            "up": {
                "uv": [3.0625, 0.5625, 3.25, 0.4375],
                "texture": "#0"
            },
            "down": {
                "uv": [3.0625, 0.5625, 3.25, 0.4375],
                "texture": "#0"
            }
        }
    }, {
        "from": [7, -12.2, 5.2],
        "to": [9, -10.7, 7.2],
        "rotation": {
            "angle": -22.5,
            "axis": "x",
            "origin": [8, -12.175, 5.625]
        },
        "faces": {
            "north": {
                "uv": [3.75, 0.125, 3.5, 0.3125],
                "texture": "#0"
            },
            "east": {
                "uv": [3.5, 0.125, 3.25, 0.3125],
                "texture": "#0"
            },
            "south": {
                "uv": [3.75, 0.125, 3.5, 0.3125],
                "texture": "#0"
            },
            "west": {
                "uv": [3.5, 0.125, 3.25, 0.3125],
                "texture": "#0"
            },
            "up": {
                "uv": [3.0625, 0.3125, 2.8125, 0.5625],
                "rotation": 90,
                "texture": "#0"
            },
            "down": {
                "uv": [3.0625, 0.3125, 2.8125, 0.5625],
                "rotation": 90,
                "texture": "#0"
            }
        }
    }, {
        "from": [7, -2, 9],
        "to": [9, 1, 14],
        "rotation": {
            "angle": -22.5,
            "axis": "x",
            "origin": [7, -1, 9]
        },
        "faces": {
            "north": {
                "uv": [1.25, 0.375, 1.5, 0.75],
                "texture": "#0"
            },
            "east": {
                "uv": [0.625, 0.375, 1.25, 0.75],
                "texture": "#0"
            },
            "south": {
                "uv": [1.25, 0.375, 1.5, 0.75],
                "texture": "#0"
            },
            "west": {
                "uv": [1.25, 0.375, 0.625, 0.75],
                "texture": "#0"
            },
            "up": {
                "uv": [0.625, 0.75, 0.875, 1.375],
                "texture": "#0"
            },
            "down": {
                "uv": [0.625, 0.75, 0.875, 1.375],
                "texture": "#0"
            }
        }
    }, {
        "from": [7.75, 15.73024, 11.77617],
        "to": [8.25, 17.73024, 12.27617],
        "rotation": {
            "angle": -22.5,
            "axis": "x",
            "origin": [8, 18.43834, 11.23275]
        },
        "faces": {
            "north": {
                "uv": [2.5, 1, 2.4375, 1.25],
                "texture": "#0"
            },
            "east": {
                "uv": [2.4375, 1, 2.375, 1.25],
                "texture": "#0"
            },
            "south": {
                "uv": [2.5, 1, 2.4375, 1.25],
                "texture": "#0"
            },
            "west": {
                "uv": [2.4375, 1, 2.375, 1.25],
                "texture": "#0"
            },
            "up": {
                "uv": [1.4375, 2, 1.5, 1.9375],
                "texture": "#0"
            },
            "down": {
                "uv": [1.4375, 2, 1.5, 1.9375],
                "texture": "#0"
            }
        }
    }, {
        "from": [7.5, 16.6544, 11.08428],
        "to": [8.5, 19.6544, 12.08428],
        "rotation": {
            "angle": -45,
            "axis": "x",
            "origin": [8, 18.43834, 11.23275]
        },
        "faces": {
            "north": {
                "uv": [2.125, 1.25, 2, 1.625],
                "texture": "#0"
            },
            "east": {
                "uv": [2, 1.25, 1.875, 1.625],
                "texture": "#0"
            },
            "south": {
                "uv": [2.125, 1.25, 2, 1.625],
                "texture": "#0"
            },
            "west": {
                "uv": [2, 1.25, 1.875, 1.625],
                "texture": "#0"
            },
            "up": {
                "uv": [2.375, 1, 2.5, 0.875],
                "texture": "#0"
            },
            "down": {
                "uv": [2.375, 1, 2.5, 0.875],
                "texture": "#0"
            }
        }
    }, {
        "from": [7.25, 18.08513, 7.46391],
        "to": [8.75, 20.08513, 11.46391],
        "rotation": {
            "angle": 22.5,
            "axis": "x",
            "origin": [8, 18.43834, 11.23275]
        },
        "faces": {
            "north": {
                "uv": [2.375, 1, 2.1875, 1.25],
                "texture": "#0"
            },
            "east": {
                "uv": [2.1875, 1, 1.6875, 1.25],
                "texture": "#0"
            },
            "south": {
                "uv": [2.375, 1, 2.1875, 1.25],
                "texture": "#0"
            },
            "west": {
                "uv": [1.6875, 1, 2.1875, 1.25],
                "texture": "#0"
            },
            "up": {
                "uv": [1.6875, 1.75, 1.875, 1.25],
                "texture": "#0"
            },
            "down": {
                "uv": [1.6875, 1.75, 1.875, 1.25],
                "texture": "#0"
            }
        }
    }, {
        "from": [7.75, 15.73024, 3.72383],
        "to": [8.25, 17.73024, 4.22383],
        "rotation": {
            "angle": 22.5,
            "axis": "x",
            "origin": [8, 18.43834, 4.76725]
        },
        "faces": {
            "north": {
                "uv": [2.4375, 1, 2.5, 1.25],
                "texture": "#0"
            },
            "east": {
                "uv": [2.375, 1, 2.4375, 1.25],
                "texture": "#0"
            },
            "south": {
                "uv": [2.4375, 1, 2.5, 1.25],
                "texture": "#0"
            },
            "west": {
                "uv": [2.375, 1, 2.4375, 1.25],
                "texture": "#0"
            },
            "up": {
                "uv": [1.4375, 1.9375, 1.5, 2],
                "texture": "#0"
            },
            "down": {
                "uv": [1.4375, 1.9375, 1.5, 2],
                "texture": "#0"
            }
        }
    }, {
        "from": [7.5, 16.6544, 3.91572],
        "to": [8.5, 19.6544, 4.91572],
        "rotation": {
            "angle": 45,
            "axis": "x",
            "origin": [8, 18.43834, 4.76725]
        },
        "faces": {
            "north": {
                "uv": [2, 1.25, 2.125, 1.625],
                "texture": "#0"
            },
            "east": {
                "uv": [1.875, 1.25, 2, 1.625],
                "texture": "#0"
            },
            "south": {
                "uv": [2, 1.25, 2.125, 1.625],
                "texture": "#0"
            },
            "west": {
                "uv": [1.875, 1.25, 2, 1.625],
                "texture": "#0"
            },
            "up": {
                "uv": [2.375, 0.875, 2.5, 1],
                "texture": "#0"
            },
            "down": {
                "uv": [2.375, 0.875, 2.5, 1],
                "texture": "#0"
            }
        }
    }, {
        "from": [7.25, 18.08513, 4.53609],
        "to": [8.75, 20.08513, 8.53609],
        "rotation": {
            "angle": -22.5,
            "axis": "x",
            "origin": [8, 18.43834, 4.76725]
        },
        "faces": {
            "north": {
                "uv": [2.1875, 1, 2.375, 1.25],
                "texture": "#0"
            },
            "east": {
                "uv": [1.6875, 1, 2.1875, 1.25],
                "texture": "#0"
            },
            "south": {
                "uv": [2.1875, 1, 2.375, 1.25],
                "texture": "#0"
            },
            "west": {
                "uv": [2.1875, 1, 1.6875, 1.25],
                "texture": "#0"
            },
            "up": {
                "uv": [1.6875, 1.25, 1.875, 1.75],
                "texture": "#0"
            },
            "down": {
                "uv": [1.6875, 1.25, 1.875, 1.75],
                "texture": "#0"
            }
        }
    }, {
        "from": [6.8, 18.9, 7.6],
        "to": [9.3, 21.9, 10.6],
        "rotation": {
            "angle": 45,
            "axis": "x",
            "origin": [8, 21.5, 8]
        },
        "faces": {
            "north": {
                "uv": [2.1875, 0.375, 1.875, 0.75],
                "texture": "#0"
            },
            "east": {
                "uv": [1.875, 0.375, 1.5, 0.75],
                "texture": "#0"
            },
            "south": {
                "uv": [2.5, 0.375, 2.1875, 0.75],
                "texture": "#0"
            },
            "west": {
                "uv": [1.5, 0.375, 1.875, 0.75],
                "texture": "#0"
            },
            "up": {
                "uv": [2.1875, 0.375, 1.875, 0.75],
                "texture": "#0"
            },
            "down": {
                "uv": [2.5, 0.375, 2.1875, 0.75],
                "texture": "#0"
            }
        }
    }, {
        "from": [6.9, -3, 10.2],
        "to": [9.1, -1.5, 11.7],
        "rotation": {
            "angle": -22.5,
            "axis": "x",
            "origin": [7, -1, 9]
        },
        "faces": {
            "north": {
                "uv": [1.5, 1.75, 1.25, 1.9375],
                "texture": "#0"
            },
            "east": {
                "uv": [1.4375, 1.9375, 1.25, 2.125],
                "texture": "#0"
            },
            "south": {
                "uv": [1.5, 1.75, 1.25, 1.9375],
                "texture": "#0"
            },
            "west": {
                "uv": [1.4375, 1.9375, 1.25, 2.125],
                "texture": "#0"
            },
            "up": {
                "uv": [1.5, 1.5625, 1.25, 1.75],
                "texture": "#0"
            },
            "down": {
                "uv": [1.5, 1.5625, 1.25, 1.75],
                "texture": "#0"
            }
        }
    }, {
        "from": [6, -1.65851, 10.73044],
        "to": [8, -0.65851, 11.73044],
        "rotation": {
            "angle": -22.5,
            "axis": "z",
            "origin": [7, -1.15851, 11.23044]
        },
        "faces": {
            "north": {
                "uv": [1.4375, 2.25, 1.1875, 2.375],
                "texture": "#0"
            },
            "east": {
                "uv": [1.3125, 2.375, 1.1875, 2.5],
                "texture": "#0"
            },
            "south": {
                "uv": [1.4375, 2.25, 1.1875, 2.375],
                "texture": "#0"
            },
            "west": {
                "uv": [1.3125, 2.375, 1.1875, 2.5],
                "texture": "#0"
            },
            "up": {
                "uv": [1.5, 2.125, 1.25, 2.25],
                "texture": "#0"
            },
            "down": {
                "uv": [1.5, 2.125, 1.25, 2.25],
                "texture": "#0"
            }
        }
    }, {
        "from": [8, -1.65851, 10.73044],
        "to": [10, -0.65851, 11.73044],
        "rotation": {
            "angle": 22.5,
            "axis": "z",
            "origin": [9, -1.15851, 11.23044]
        },
        "faces": {
            "north": {
                "uv": [1.1875, 2.25, 1.4375, 2.375],
                "texture": "#0"
            },
            "east": {
                "uv": [1.1875, 2.375, 1.3125, 2.5],
                "texture": "#0"
            },
            "south": {
                "uv": [1.1875, 2.25, 1.4375, 2.375],
                "texture": "#0"
            },
            "west": {
                "uv": [1.1875, 2.375, 1.3125, 2.5],
                "texture": "#0"
            },
            "up": {
                "uv": [1.25, 2.125, 1.5, 2.25],
                "texture": "#0"
            },
            "down": {
                "uv": [1.25, 2.125, 1.5, 2.25],
                "texture": "#0"
            }
        }
    }, {
        "from": [6.02827, -1.05072, 12.73044],
        "to": [8.02827, -0.05072, 13.73044],
        "rotation": {
            "angle": -22.5,
            "axis": "z",
            "origin": [8, -0.28356, 13.25518]
        },
        "faces": {
            "north": {
                "uv": [1.4375, 2.25, 1.1875, 2.375],
                "texture": "#0"
            },
            "east": {
                "uv": [1.3125, 2.375, 1.1875, 2.5],
                "texture": "#0"
            },
            "south": {
                "uv": [1.4375, 2.25, 1.1875, 2.375],
                "texture": "#0"
            },
            "west": {
                "uv": [1.3125, 2.375, 1.1875, 2.5],
                "texture": "#0"
            },
            "up": {
                "uv": [1.5, 2.125, 1.25, 2.25],
                "texture": "#0"
            },
            "down": {
                "uv": [1.5, 2.125, 1.25, 2.25],
                "texture": "#0"
            }
        }
    }, {
        "from": [7.97173, -1.05072, 12.73044],
        "to": [9.97173, -0.05072, 13.73044],
        "rotation": {
            "angle": 22.5,
            "axis": "z",
            "origin": [8, -0.28356, 13.25518]
        },
        "faces": {
            "north": {
                "uv": [1.1875, 2.25, 1.4375, 2.375],
                "texture": "#0"
            },
            "east": {
                "uv": [1.1875, 2.375, 1.3125, 2.5],
                "texture": "#0"
            },
            "south": {
                "uv": [1.1875, 2.25, 1.4375, 2.375],
                "texture": "#0"
            },
            "west": {
                "uv": [1.1875, 2.375, 1.3125, 2.5],
                "texture": "#0"
            },
            "up": {
                "uv": [1.25, 2.125, 1.5, 2.25],
                "texture": "#0"
            },
            "down": {
                "uv": [1.25, 2.125, 1.5, 2.25],
                "texture": "#0"
            }
        }
    }, {
        "from": [6.9, -1.15856, 12.48018],
        "to": [9.1, 0.34144, 13.98018],
        "rotation": {
            "angle": -22.5,
            "axis": "x",
            "origin": [8, -0.28356, 13.25518]
        },
        "faces": {
            "north": {
                "uv": [1.5, 1.75, 1.25, 1.9375],
                "texture": "#0"
            },
            "east": {
                "uv": [1.4375, 1.9375, 1.25, 2.125],
                "texture": "#0"
            },
            "south": {
                "uv": [1.5, 1.75, 1.25, 1.9375],
                "texture": "#0"
            },
            "west": {
                "uv": [1.4375, 1.9375, 1.25, 2.125],
                "texture": "#0"
            },
            "up": {
                "uv": [1.5, 1.5625, 1.25, 1.75],
                "texture": "#0"
            },
            "down": {
                "uv": [1.5, 1.5625, 1.25, 1.75],
                "texture": "#0"
            }
        }
    }, {
        "from": [7.5, 21, 3.25],
        "to": [7.5, 25, 13.25],
        "rotation": {
            "angle": 0,
            "axis": "y",
            "origin": [0, -1, 0]
        },
        "faces": {
            "north": {
                "uv": [0, 0, 0, 4],
                "texture": "#1"
            },
            "east": {
                "uv": [0, 0, 10, 4],
                "texture": "#1"
            },
            "south": {
                "uv": [0, 0, 0, 4],
                "texture": "#1"
            },
            "west": {
                "uv": [10, 0, 0, 4],
                "texture": "#1"
            },
            "up": {
                "uv": [0, 10, 0, 0],
                "texture": "#1"
            },
            "down": {
                "uv": [0, 0, 0, 10],
                "texture": "#1"
            }
        }
    }, {
        "from": [8.5, 21, 3.25],
        "to": [8.5, 25, 13.25],
        "rotation": {
            "angle": 0,
            "axis": "y",
            "origin": [16, -1, 0]
        },
        "faces": {
            "north": {
                "uv": [0, 0, 0, 4],
                "texture": "#1"
            },
            "east": {
                "uv": [0, 0, 10, 4],
                "texture": "#1"
            },
            "south": {
                "uv": [0, 0, 0, 4],
                "texture": "#1"
            },
            "west": {
                "uv": [10, 0, 0, 4],
                "texture": "#1"
            },
            "up": {
                "uv": [0, 10, 0, 0],
                "texture": "#1"
            },
            "down": {
                "uv": [0, 0, 0, 10],
                "texture": "#1"
            }
        }
    }, {
        "from": [7.15, 0.99144, 14.11982],
        "to": [8.85, 2.49144, 15.61982],
        "rotation": {
            "angle": 22.5,
            "axis": "x",
            "origin": [8.3, 1.71644, 14.74482]
        },
        "faces": {
            "north": {
                "uv": [1.25, 1.5625, 1.4375, 1.75],
                "texture": "#0"
            },
            "east": {
                "uv": [1.4375, 2.125, 1.25, 1.9375],
                "rotation": 270,
                "texture": "#0"
            },
            "south": {
                "uv": [1.25, 1.5625, 1.4375, 1.75],
                "rotation": 180,
                "texture": "#0"
            },
            "west": {
                "uv": [1.4375, 2.125, 1.25, 1.9375],
                "rotation": 90,
                "texture": "#0"
            },
            "up": {
                "uv": [1.4375, 1.9375, 1.25, 1.75],
                "rotation": 180,
                "texture": "#0"
            },
            "down": {
                "uv": [1.4375, 1.9375, 1.25, 1.75],
                "texture": "#0"
            }
        }
    }, {
        "from": [6.9, -3, 4.3],
        "to": [9.1, -1.5, 5.8],
        "rotation": {
            "angle": 22.5,
            "axis": "x",
            "origin": [7, -1, 7]
        },
        "faces": {
            "north": {
                "uv": [1.25, 1.75, 1.5, 1.9375],
                "texture": "#0"
            },
            "east": {
                "uv": [1.25, 1.9375, 1.4375, 2.125],
                "texture": "#0"
            },
            "south": {
                "uv": [1.25, 1.75, 1.5, 1.9375],
                "texture": "#0"
            },
            "west": {
                "uv": [1.25, 1.9375, 1.4375, 2.125],
                "texture": "#0"
            },
            "up": {
                "uv": [1.5, 1.75, 1.25, 1.5625],
                "texture": "#0"
            },
            "down": {
                "uv": [1.5, 1.75, 1.25, 1.5625],
                "texture": "#0"
            }
        }
    }, {
        "from": [8, -1.65851, 4.26956],
        "to": [10, -0.65851, 5.26956],
        "rotation": {
            "angle": 22.5,
            "axis": "z",
            "origin": [9, -1.15851, 4.76956]
        },
        "faces": {
            "north": {
                "uv": [1.4375, 2.25, 1.1875, 2.375],
                "texture": "#0"
            },
            "east": {
                "uv": [1.3125, 2.375, 1.1875, 2.5],
                "texture": "#0"
            },
            "south": {
                "uv": [1.4375, 2.25, 1.1875, 2.375],
                "texture": "#0"
            },
            "west": {
                "uv": [1.3125, 2.375, 1.1875, 2.5],
                "texture": "#0"
            },
            "up": {
                "uv": [1.25, 2.25, 1.5, 2.125],
                "texture": "#0"
            },
            "down": {
                "uv": [1.25, 2.25, 1.5, 2.125],
                "texture": "#0"
            }
        }
    }, {
        "from": [7.97173, -1.05072, 2.26956],
        "to": [9.97173, -0.05072, 3.26956],
        "rotation": {
            "angle": 22.5,
            "axis": "z",
            "origin": [8, -0.28356, 2.74482]
        },
        "faces": {
            "north": {
                "uv": [1.4375, 2.25, 1.1875, 2.375],
                "texture": "#0"
            },
            "east": {
                "uv": [1.3125, 2.375, 1.1875, 2.5],
                "texture": "#0"
            },
            "south": {
                "uv": [1.4375, 2.25, 1.1875, 2.375],
                "texture": "#0"
            },
            "west": {
                "uv": [1.3125, 2.375, 1.1875, 2.5],
                "texture": "#0"
            },
            "up": {
                "uv": [1.25, 2.25, 1.5, 2.125],
                "texture": "#0"
            },
            "down": {
                "uv": [1.25, 2.25, 1.5, 2.125],
                "texture": "#0"
            }
        }
    }, {
        "from": [6.9, -1.15856, 2.01982],
        "to": [9.1, 0.34144, 3.51982],
        "rotation": {
            "angle": 22.5,
            "axis": "x",
            "origin": [8, -0.28356, 2.74482]
        },
        "faces": {
            "north": {
                "uv": [1.25, 1.75, 1.5, 1.9375],
                "texture": "#0"
            },
            "east": {
                "uv": [1.25, 1.9375, 1.4375, 2.125],
                "texture": "#0"
            },
            "south": {
                "uv": [1.25, 1.75, 1.5, 1.9375],
                "texture": "#0"
            },
            "west": {
                "uv": [1.25, 1.9375, 1.4375, 2.125],
                "texture": "#0"
            },
            "up": {
                "uv": [1.5, 1.75, 1.25, 1.5625],
                "texture": "#0"
            },
            "down": {
                "uv": [1.5, 1.75, 1.25, 1.5625],
                "texture": "#0"
            }
        }
    }, {
        "from": [6.02827, -1.05072, 2.26956],
        "to": [8.02827, -0.05072, 3.26956],
        "rotation": {
            "angle": -22.5,
            "axis": "z",
            "origin": [8, -0.28356, 2.74482]
        },
        "faces": {
            "north": {
                "uv": [1.1875, 2.25, 1.4375, 2.375],
                "texture": "#0"
            },
            "east": {
                "uv": [1.1875, 2.375, 1.3125, 2.5],
                "texture": "#0"
            },
            "south": {
                "uv": [1.1875, 2.25, 1.4375, 2.375],
                "texture": "#0"
            },
            "west": {
                "uv": [1.1875, 2.375, 1.3125, 2.5],
                "texture": "#0"
            },
            "up": {
                "uv": [1.5, 2.25, 1.25, 2.125],
                "texture": "#0"
            },
            "down": {
                "uv": [1.5, 2.25, 1.25, 2.125],
                "texture": "#0"
            }
        }
    }, {
        "from": [6.02827, -10.64928, 5.43044],
        "to": [8.02827, -9.64928, 6.43044],
        "rotation": {
            "angle": 45,
            "axis": "z",
            "origin": [8, -10.41644, 5.95518]
        },
        "faces": {
            "north": {
                "uv": [1.4375, 2.375, 1.1875, 2.25],
                "texture": "#0"
            },
            "east": {
                "uv": [1.3125, 2.5, 1.1875, 2.375],
                "texture": "#0"
            },
            "south": {
                "uv": [1.4375, 2.375, 1.1875, 2.25],
                "texture": "#0"
            },
            "west": {
                "uv": [1.3125, 2.5, 1.1875, 2.375],
                "texture": "#0"
            },
            "up": {
                "uv": [1.5, 2.25, 1.25, 2.125],
                "texture": "#0"
            },
            "down": {
                "uv": [1.5, 2.25, 1.25, 2.125],
                "texture": "#0"
            }
        }
    }, {
        "from": [6.9, -11.34144, 5.18018],
        "to": [9.1, -9.84144, 6.68018],
        "rotation": {
            "angle": 22.5,
            "axis": "x",
            "origin": [8, -10.71644, 5.95518]
        },
        "faces": {
            "north": {
                "uv": [1.5, 1.9375, 1.25, 1.75],
                "texture": "#0"
            },
            "east": {
                "uv": [1.4375, 2.125, 1.25, 1.9375],
                "texture": "#0"
            },
            "south": {
                "uv": [1.5, 1.9375, 1.25, 1.75],
                "texture": "#0"
            },
            "west": {
                "uv": [1.4375, 2.125, 1.25, 1.9375],
                "texture": "#0"
            },
            "up": {
                "uv": [1.5, 1.75, 1.25, 1.5625],
                "texture": "#0"
            },
            "down": {
                "uv": [1.5, 1.75, 1.25, 1.5625],
                "texture": "#0"
            }
        }
    }, {
        "from": [7.97173, -10.64928, 5.43044],
        "to": [9.97173, -9.64928, 6.43044],
        "rotation": {
            "angle": -45,
            "axis": "z",
            "origin": [8, -10.41644, 5.95518]
        },
        "faces": {
            "north": {
                "uv": [1.1875, 2.375, 1.4375, 2.25],
                "texture": "#0"
            },
            "east": {
                "uv": [1.1875, 2.5, 1.3125, 2.375],
                "texture": "#0"
            },
            "south": {
                "uv": [1.1875, 2.375, 1.4375, 2.25],
                "texture": "#0"
            },
            "west": {
                "uv": [1.1875, 2.5, 1.3125, 2.375],
                "texture": "#0"
            },
            "up": {
                "uv": [1.25, 2.25, 1.5, 2.125],
                "texture": "#0"
            },
            "down": {
                "uv": [1.25, 2.25, 1.5, 2.125],
                "texture": "#0"
            }
        }
    }, {
        "from": [6.9, -11.34144, 9.31982],
        "to": [9.1, -9.84144, 10.81982],
        "rotation": {
            "angle": -22.5,
            "axis": "x",
            "origin": [8, -10.71644, 10.04482]
        },
        "faces": {
            "north": {
                "uv": [1.25, 1.9375, 1.5, 1.75],
                "texture": "#0"
            },
            "east": {
                "uv": [1.25, 2.125, 1.4375, 1.9375],
                "texture": "#0"
            },
            "south": {
                "uv": [1.25, 1.9375, 1.5, 1.75],
                "texture": "#0"
            },
            "west": {
                "uv": [1.25, 2.125, 1.4375, 1.9375],
                "texture": "#0"
            },
            "up": {
                "uv": [1.5, 1.5625, 1.25, 1.75],
                "texture": "#0"
            },
            "down": {
                "uv": [1.5, 1.5625, 1.25, 1.75],
                "texture": "#0"
            }
        }
    }, {
        "from": [6.02827, -10.64928, 9.56956],
        "to": [8.02827, -9.64928, 10.56956],
        "rotation": {
            "angle": 45,
            "axis": "z",
            "origin": [8, -10.41644, 10.04482]
        },
        "faces": {
            "north": {
                "uv": [1.1875, 2.375, 1.4375, 2.25],
                "texture": "#0"
            },
            "east": {
                "uv": [1.1875, 2.5, 1.3125, 2.375],
                "texture": "#0"
            },
            "south": {
                "uv": [1.1875, 2.375, 1.4375, 2.25],
                "texture": "#0"
            },
            "west": {
                "uv": [1.1875, 2.5, 1.3125, 2.375],
                "texture": "#0"
            },
            "up": {
                "uv": [1.5, 2.125, 1.25, 2.25],
                "texture": "#0"
            },
            "down": {
                "uv": [1.5, 2.125, 1.25, 2.25],
                "texture": "#0"
            }
        }
    }, {
        "from": [7.97173, -10.64928, 9.56956],
        "to": [9.97173, -9.64928, 10.56956],
        "rotation": {
            "angle": -45,
            "axis": "z",
            "origin": [8, -10.41644, 10.04482]
        },
        "faces": {
            "north": {
                "uv": [1.4375, 2.375, 1.1875, 2.25],
                "texture": "#0"
            },
            "east": {
                "uv": [1.3125, 2.5, 1.1875, 2.375],
                "texture": "#0"
            },
            "south": {
                "uv": [1.4375, 2.375, 1.1875, 2.25],
                "texture": "#0"
            },
            "west": {
                "uv": [1.3125, 2.5, 1.1875, 2.375],
                "texture": "#0"
            },
            "up": {
                "uv": [1.25, 2.125, 1.5, 2.25],
                "texture": "#0"
            },
            "down": {
                "uv": [1.25, 2.125, 1.5, 2.25],
                "texture": "#0"
            }
        }
    }, {
        "from": [6, -1.65851, 4.26956],
        "to": [8, -0.65851, 5.26956],
        "rotation": {
            "angle": -22.5,
            "axis": "z",
            "origin": [7, -1.15851, 4.76956]
        },
        "faces": {
            "north": {
                "uv": [1.1875, 2.25, 1.4375, 2.375],
                "texture": "#0"
            },
            "east": {
                "uv": [1.1875, 2.375, 1.3125, 2.5],
                "texture": "#0"
            },
            "south": {
                "uv": [1.1875, 2.25, 1.4375, 2.375],
                "texture": "#0"
            },
            "west": {
                "uv": [1.1875, 2.375, 1.3125, 2.5],
                "texture": "#0"
            },
            "up": {
                "uv": [1.5, 2.25, 1.25, 2.125],
                "texture": "#0"
            },
            "down": {
                "uv": [1.5, 2.25, 1.25, 2.125],
                "texture": "#0"
            }
        }
    }, {
        "from": [6.32827, 1.24117, 0.28803],
        "to": [8.32827, 2.24117, 1.28803],
        "rotation": {
            "angle": 45,
            "axis": "y",
            "origin": [8.3, 1.71644, 1.05518]
        },
        "faces": {
            "north": {
                "uv": [1.5, 2.125, 1.25, 2.25],
                "rotation": 180,
                "texture": "#0"
            },
            "east": {
                "uv": [1.3125, 2.375, 1.1875, 2.5],
                "rotation": 270,
                "texture": "#0"
            },
            "south": {
                "uv": [1.5, 2.125, 1.25, 2.25],
                "texture": "#0"
            },
            "west": {
                "uv": [1.3125, 2.375, 1.1875, 2.5],
                "rotation": 90,
                "texture": "#0"
            },
            "up": {
                "uv": [1.4375, 2.25, 1.1875, 2.375],
                "rotation": 180,
                "texture": "#0"
            },
            "down": {
                "uv": [1.4375, 2.25, 1.1875, 2.375],
                "texture": "#0"
            }
        }
    }, {
        "from": [7.15, 0.99144, 0.38018],
        "to": [8.85, 2.49144, 1.88018],
        "rotation": {
            "angle": -22.5,
            "axis": "x",
            "origin": [8.3, 1.71644, 1.25518]
        },
        "faces": {
            "north": {
                "uv": [1.4375, 1.5625, 1.25, 1.75],
                "rotation": 180,
                "texture": "#0"
            },
            "east": {
                "uv": [1.4375, 1.9375, 1.25, 2.125],
                "rotation": 270,
                "texture": "#0"
            },
            "south": {
                "uv": [1.4375, 1.5625, 1.25, 1.75],
                "texture": "#0"
            },
            "west": {
                "uv": [1.4375, 1.9375, 1.25, 2.125],
                "rotation": 90,
                "texture": "#0"
            },
            "up": {
                "uv": [1.4375, 1.75, 1.25, 1.9375],
                "rotation": 180,
                "texture": "#0"
            },
            "down": {
                "uv": [1.4375, 1.75, 1.25, 1.9375],
                "texture": "#0"
            }
        }
    }, {
        "from": [7.67173, 1.24117, 0.28803],
        "to": [9.67173, 2.24117, 1.28803],
        "rotation": {
            "angle": -45,
            "axis": "y",
            "origin": [7.7, 1.71644, 1.05518]
        },
        "faces": {
            "north": {
                "uv": [1.25, 2.125, 1.5, 2.25],
                "rotation": 180,
                "texture": "#0"
            },
            "east": {
                "uv": [1.3125, 2.5, 1.1875, 2.375],
                "rotation": 90,
                "texture": "#0"
            },
            "south": {
                "uv": [1.25, 2.125, 1.5, 2.25],
                "texture": "#0"
            },
            "west": {
                "uv": [1.3125, 2.5, 1.1875, 2.375],
                "rotation": 270,
                "texture": "#0"
            },
            "up": {
                "uv": [1.1875, 2.25, 1.4375, 2.375],
                "rotation": 180,
                "texture": "#0"
            },
            "down": {
                "uv": [1.1875, 2.25, 1.4375, 2.375],
                "texture": "#0"
            }
        }
    }, {
        "from": [6.32827, 1.24117, 14.71197],
        "to": [8.32827, 2.24117, 15.71197],
        "rotation": {
            "angle": -45,
            "axis": "y",
            "origin": [8.3, 1.71644, 14.94482]
        },
        "faces": {
            "north": {
                "uv": [1.25, 2.125, 1.5, 2.25],
                "texture": "#0"
            },
            "east": {
                "uv": [1.3125, 2.5, 1.1875, 2.375],
                "rotation": 270,
                "texture": "#0"
            },
            "south": {
                "uv": [1.25, 2.125, 1.5, 2.25],
                "rotation": 180,
                "texture": "#0"
            },
            "west": {
                "uv": [1.3125, 2.5, 1.1875, 2.375],
                "rotation": 90,
                "texture": "#0"
            },
            "up": {
                "uv": [1.4375, 2.375, 1.1875, 2.25],
                "rotation": 180,
                "texture": "#0"
            },
            "down": {
                "uv": [1.4375, 2.375, 1.1875, 2.25],
                "texture": "#0"
            }
        }
    }, {
        "from": [7.67173, 1.24117, 14.71197],
        "to": [9.67173, 2.24117, 15.71197],
        "rotation": {
            "angle": 45,
            "axis": "y",
            "origin": [7.7, 1.71644, 14.94482]
        },
        "faces": {
            "north": {
                "uv": [1.5, 2.125, 1.25, 2.25],
                "texture": "#0"
            },
            "east": {
                "uv": [1.3125, 2.375, 1.1875, 2.5],
                "rotation": 90,
                "texture": "#0"
            },
            "south": {
                "uv": [1.5, 2.125, 1.25, 2.25],
                "rotation": 180,
                "texture": "#0"
            },
            "west": {
                "uv": [1.3125, 2.375, 1.1875, 2.5],
                "rotation": 270,
                "texture": "#0"
            },
            "up": {
                "uv": [1.1875, 2.375, 1.4375, 2.25],
                "rotation": 180,
                "texture": "#0"
            },
            "down": {
                "uv": [1.1875, 2.375, 1.4375, 2.25],
                "texture": "#0"
            }
        }
    }, {
        "from": [7.5, 3.8, 13],
        "to": [8.5, 6.3, 14.5],
        "rotation": {
            "angle": 0,
            "axis": "y",
            "origin": [7.5, 3.5, 15.5]
        },
        "faces": {
            "north": {
                "uv": [1.5, 1.5625, 1.375, 1.25],
                "texture": "#0"
            },
            "east": {
                "uv": [1.375, 1.5625, 1.1875, 1.25],
                "texture": "#0"
            },
            "south": {
                "uv": [1.5, 1.5625, 1.375, 1.25],
                "texture": "#0"
            },
            "west": {
                "uv": [1.1875, 1.5625, 1.375, 1.25],
                "texture": "#0"
            },
            "up": {
                "uv": [0.75, 1.5625, 0.625, 1.375],
                "texture": "#0"
            },
            "down": {
                "uv": [0.75, 1.5625, 0.625, 1.375],
                "texture": "#0"
            }
        }
    }, {
        "from": [7.5, 3.8, 1.5],
        "to": [8.5, 6.3, 3],
        "rotation": {
            "angle": 0,
            "axis": "y",
            "origin": [7.5, 3.5, 0.5]
        },
        "faces": {
            "north": {
                "uv": [1.375, 1.5625, 1.5, 1.25],
                "texture": "#0"
            },
            "east": {
                "uv": [1.1875, 1.5625, 1.375, 1.25],
                "texture": "#0"
            },
            "south": {
                "uv": [1.375, 1.5625, 1.5, 1.25],
                "texture": "#0"
            },
            "west": {
                "uv": [1.375, 1.5625, 1.1875, 1.25],
                "texture": "#0"
            },
            "up": {
                "uv": [0.75, 1.375, 0.625, 1.5625],
                "texture": "#0"
            },
            "down": {
                "uv": [0.75, 1.375, 0.625, 1.5625],
                "texture": "#0"
            }
        }
    }, {
        "from": [7.25, 0, 11.5],
        "to": [8.75, 4, 14],
        "rotation": {
            "angle": 22.5,
            "axis": "x",
            "origin": [8, 0, 14]
        },
        "faces": {
            "north": {
                "uv": [1.1875, 0.75, 1.375, 1.25],
                "texture": "#0"
            },
            "east": {
                "uv": [0.875, 0.75, 1.1875, 1.25],
                "texture": "#0"
            },
            "south": {
                "uv": [1.1875, 0.75, 1.375, 1.25],
                "texture": "#0"
            },
            "west": {
                "uv": [0.875, 0.75, 1.1875, 1.25],
                "texture": "#0"
            },
            "up": {
                "uv": [0.875, 1.25, 1.0625, 1.5625],
                "texture": "#0"
            },
            "down": {
                "uv": [0.875, 1.25, 1.0625, 1.5625],
                "texture": "#0"
            }
        }
    }, {
        "from": [7.25, 0, 2],
        "to": [8.75, 4, 4.5],
        "rotation": {
            "angle": -22.5,
            "axis": "x",
            "origin": [8, 0, 2]
        },
        "faces": {
            "north": {
                "uv": [1.375, 0.75, 1.1875, 1.25],
                "texture": "#0"
            },
            "east": {
                "uv": [1.1875, 0.75, 0.875, 1.25],
                "texture": "#0"
            },
            "south": {
                "uv": [1.375, 0.75, 1.1875, 1.25],
                "texture": "#0"
            },
            "west": {
                "uv": [1.1875, 0.75, 0.875, 1.25],
                "texture": "#0"
            },
            "up": {
                "uv": [0.875, 1.5625, 1.0625, 1.25],
                "texture": "#0"
            },
            "down": {
                "uv": [0.875, 1.5625, 1.0625, 1.25],
                "texture": "#0"
            }
        }
    }, {
        "from": [7, -2, 2],
        "to": [9, 1, 7],
        "rotation": {
            "angle": 22.5,
            "axis": "x",
            "origin": [7, -1, 7]
        },
        "faces": {
            "north": {
                "uv": [1.5, 0.375, 1.25, 0.75],
                "texture": "#0"
            },
            "east": {
                "uv": [1.25, 0.375, 0.625, 0.75],
                "texture": "#0"
            },
            "south": {
                "uv": [1.5, 0.375, 1.25, 0.75],
                "texture": "#0"
            },
            "west": {
                "uv": [0.625, 0.375, 1.25, 0.75],
                "texture": "#0"
            },
            "up": {
                "uv": [0.625, 1.375, 0.875, 0.75],
                "texture": "#0"
            },
            "down": {
                "uv": [0.625, 1.375, 0.875, 0.75],
                "texture": "#0"
            }
        }
    }, {
        "from": [8, -16, 3.25],
        "to": [8, -12, 13.25],
        "rotation": {
            "angle": 0,
            "axis": "y",
            "origin": [0, 17, 0]
        },
        "faces": {
            "north": {
                "uv": [0, 4, 0, 0],
                "texture": "#1"
            },
            "east": {
                "uv": [0, 4, 10, 0],
                "texture": "#1"
            },
            "south": {
                "uv": [0, 4, 0, 0],
                "texture": "#1"
            },
            "west": {
                "uv": [10, 4, 0, 0],
                "texture": "#1"
            },
            "up": {
                "uv": [0, 10, 0, 0],
                "texture": "#1"
            },
            "down": {
                "uv": [0, 0, 0, 10],
                "texture": "#1"
            }
        }
    }, {
        "from": [4.6, -2, 4],
        "to": [4.6, 4, 12],
        "faces": {
            "north": {
                "uv": [0, 0, 0, 7],
                "texture": "#2"
            },
            "east": {
                "uv": [10, 0, 0, 8],
                "texture": "#2"
            },
            "south": {
                "uv": [0, 0, 0, 7],
                "texture": "#2"
            },
            "west": {
                "uv": [0, 0, 10, 8],
                "texture": "#2"
            },
            "up": {
                "uv": [0, 10, 0, 0],
                "texture": "#2"
            },
            "down": {
                "uv": [0, 0, 0, 10],
                "texture": "#2"
            }
        }
    }, {
        "from": [8, 7, -6],
        "to": [8, 11, 1],
        "rotation": {
            "angle": -22.5,
            "axis": "x",
            "origin": [8, 13, -2.5]
        },
        "faces": {
            "north": {
                "uv": [0, 0, 0, 6],
                "texture": "#4"
            },
            "east": {
                "uv": [14, 0, 0, 8],
                "texture": "#4"
            },
            "south": {
                "uv": [0, 0, 0, 6],
                "texture": "#4"
            },
            "west": {
                "uv": [14, 0, 0, 8],
                "texture": "#4"
            },
            "up": {
                "uv": [0, 0, 0, 14],
                "texture": "#4"
            },
            "down": {
                "uv": [0, 14, 0, 0],
                "texture": "#4"
            }
        }
    }, {
        "from": [7.9, 12, 12],
        "to": [7.9, 15.5, 17],
        "rotation": {
            "angle": -22.5,
            "axis": "x",
            "origin": [8, 13, 18.5]
        },
        "faces": {
            "north": {
                "uv": [0, 0, 0, 6],
                "texture": "#4"
            },
            "east": {
                "uv": [0, 0, 14, 8],
                "texture": "#4"
            },
            "south": {
                "uv": [0, 0, 0, 6],
                "texture": "#4"
            },
            "west": {
                "uv": [0, 0, 14, 8],
                "texture": "#4"
            },
            "up": {
                "uv": [0, 14, 0, 0],
                "texture": "#4"
            },
            "down": {
                "uv": [0, 0, 0, 14],
                "texture": "#4"
            }
        }
    }, {
        "from": [8, 14, 12],
        "to": [8, 18, 19],
        "rotation": {
            "angle": 22.5,
            "axis": "x",
            "origin": [8, 13, 18.5]
        },
        "faces": {
            "north": {
                "uv": [0, 0, 0, 6],
                "texture": "#4"
            },
            "east": {
                "uv": [0, 0, 14, 8],
                "texture": "#4"
            },
            "south": {
                "uv": [0, 0, 0, 6],
                "texture": "#4"
            },
            "west": {
                "uv": [0, 0, 14, 8],
                "texture": "#4"
            },
            "up": {
                "uv": [0, 14, 0, 0],
                "texture": "#4"
            },
            "down": {
                "uv": [0, 0, 0, 14],
                "texture": "#4"
            }
        }
    }, {
        "from": [9.1, 2, 6.5],
        "to": [9.1, 20, 9.5],
        "rotation": {
            "angle": 0,
            "axis": "y",
            "origin": [9, 1, 8]
        },
        "faces": {
            "east": {
                "uv": [4, 1.75, 1.5, 10.75],
                "texture": "#5"
            },
            "west": {
                "uv": [4, 1.75, 1.5, 10.75],
                "texture": "#5"
            }
        }
    }, {
        "from": [6.9, 2, 6.5],
        "to": [6.9, 20, 9.5],
        "rotation": {
            "angle": 0,
            "axis": "y",
            "origin": [7, 1, 8]
        },
        "faces": {
            "east": {
                "uv": [1.5, 1.75, 4, 10.75],
                "texture": "#5"
            },
            "west": {
                "uv": [1.5, 1.75, 4, 10.75],
                "texture": "#5"
            }
        }
    }, {
        "from": [11.4, -3, 3],
        "to": [11.4, 5, 13],
        "rotation": {
            "angle": 0,
            "axis": "y",
            "origin": [16, 0, 0]
        },
        "faces": {
            "north": {
                "uv": [0, 0, 0, 7],
                "texture": "#2"
            },
            "east": {
                "uv": [10, 0, 0, 8],
                "texture": "#2"
            },
            "south": {
                "uv": [0, 0, 0, 7],
                "texture": "#2"
            },
            "west": {
                "uv": [0, 0, 10, 8],
                "texture": "#2"
            },
            "up": {
                "uv": [0, 10, 0, 0],
                "texture": "#2"
            },
            "down": {
                "uv": [0, 0, 0, 10],
                "texture": "#2"
            }
        }
    }, {
        "from": [7, 2, 7],
        "to": [9, 19, 9],
        "rotation": {
            "angle": 0,
            "axis": "y",
            "origin": [7, 1, 8]
        },
        "faces": {
            "north": {
                "uv": [0.375, 2.25, 0.625, 4.375],
                "texture": "#0"
            },
            "east": {
                "uv": [0.3125, 2.25, 0.0625, 4.375],
                "texture": "#0"
            },
            "south": {
                "uv": [0.375, 2.25, 0.625, 4.375],
                "texture": "#0"
            },
            "west": {
                "uv": [0.3125, 2.25, 0.0625, 4.375],
                "texture": "#0"
            },
            "up": {
                "uv": [0.375, 1.625, 0.625, 1.875],
                "texture": "#0"
            },
            "down": {
                "uv": [0.375, 1.625, 0.625, 1.875],
                "texture": "#0"
            }
        }
    }],
    "gui_light": "front",
    "display": {
        "thirdperson_righthand": {
			"rotation": [0, 0, 0],
			"translation": [0, 6.5, 1.75],
			"scale": [0.6, 0.6, 0.6]
		},
		"thirdperson_lefthand": {
			"rotation": [0, 0, 0],
			"translation": [0, 6.5, 1.75],
			"scale": [0.6, 0.6, 0.6]
		},
		"firstperson_righthand": {
			"rotation": [20, 0, 0],
			"translation": [1.25, 2.5, 0],
			"scale": [0.4, 0.4, 0.4]
		},
		"firstperson_lefthand": {
			"rotation": [20, 0, 0],
			"translation": [1.25, 2.5, 0],
			"scale": [0.4, 0.4, 0.4]
		},
		"ground": {
			"translation": [0, 6, 0],
			"scale": [0.5, 0.5, 0.5]
		},
		"gui": {
			"rotation": [-90, -45, -90],
			"translation": [0.75, 0.5, -1.5],
			"scale": [0.4, 0.4, 0.4]
		},
        "head": {
            "scale": [0, 0, 0]
        },
        "fixed": {
            "rotation": [0, 90, 0],
            "translation": [0, 6, -4.25],
            "scale": [1.4, 1.4, 1.4]
        }
    }
}