{
	"credit": "Made with Blockbench",
	"texture_size": [32, 32],
	"textures": {
		"1": "item/swords/phantom_slice_sword/phantom_slice_animation",
		"2": "item/swords/phantom_slice_sword/phantom_slice",
		"3": "item/swords/phantom_slice_sword/phantom_slice_animation_2",
		"particle": "item/swords/phantom_slice_sword/phantom_slice"
	},
	"elements": [
		{
			"from": [7.025, -10.5, 7.025],
			"to": [8.975, -3.5, 8.975],
			"rotation": {"angle": 0, "axis": "y", "origin": [20, 9.5, -4]},
			"faces": {
				"north": {"uv": [1, 8.5, 0, 12], "texture": "#2"},
				"east": {"uv": [10, 2.5, 9, 6], "texture": "#2"},
				"south": {"uv": [3, 8.5, 2, 12], "texture": "#2"},
				"west": {"uv": [2, 8.5, 1, 12], "texture": "#2"},
				"up": {"uv": [4, 13, 5, 12], "texture": "#2"},
				"down": {"uv": [12, 12, 13, 13], "texture": "#2"}
			}
		},
		{
			"from": [7, -3.5, 7],
			"to": [10, -0.5, 9],
			"rotation": {"angle": 22.5, "axis": "z", "origin": [9, -3.5, 8]},
			"faces": {
				"north": {"uv": [9.5, 10.5, 11, 12], "texture": "#2"},
				"east": {"uv": [11, 11, 12, 12.5], "texture": "#2"},
				"south": {"uv": [11, 1, 12.5, 2.5], "texture": "#2"},
				"west": {"uv": [0, 12, 1, 13.5], "texture": "#2"},
				"up": {"uv": [4.5, 7, 3, 6], "texture": "#2"},
				"down": {"uv": [2.5, 12, 1, 13], "texture": "#2"}
			}
		},
		{
			"from": [5, -0.5, 7],
			"to": [9, 6.5, 9],
			"rotation": {"angle": 0, "axis": "y", "origin": [-4, 10.5, -4]},
			"faces": {
				"north": {"uv": [7, 2.5, 9, 6], "texture": "#2"},
				"east": {"uv": [9, 6, 10, 9.5], "texture": "#2"},
				"south": {"uv": [9, 2.5, 7, 6], "texture": "#2"},
				"west": {"uv": [7, 9, 8, 12.5], "texture": "#2"},
				"up": {"uv": [13, 3.5, 11, 2.5], "texture": "#2"},
				"down": {"uv": [13, 3.5, 11, 4.5], "texture": "#2"}
			}
		},
		{
			"from": [6.5, -12, 6.5],
			"to": [9.5, -10.5, 9.5],
			"rotation": {"angle": 0, "axis": "y", "origin": [-4, 9.5, -4]},
			"faces": {
				"north": {"uv": [2.5, 12, 4, 12.75], "texture": "#2"},
				"east": {"uv": [8, 12, 9.5, 12.75], "texture": "#2"},
				"south": {"uv": [9.5, 12, 11, 12.75], "texture": "#2"},
				"west": {"uv": [12, 11, 13.5, 11.75], "texture": "#2"},
				"up": {"uv": [4.5, 12, 3, 10.5], "texture": "#2"},
				"down": {"uv": [9.5, 10.5, 8, 12], "texture": "#2"}
			}
		},
		{
			"from": [4.5, -0.5, 5.5],
			"to": [10.5, 1.5, 10.5],
			"rotation": {"angle": 22.5, "axis": "z", "origin": [9.5, -0.5, 8]},
			"faces": {
				"north": {"uv": [8, 9.5, 11, 10.5], "texture": "#2"},
				"east": {"uv": [10, 7, 12.5, 8], "texture": "#2"},
				"south": {"uv": [10, 0, 13, 1], "texture": "#2"},
				"west": {"uv": [10, 8, 12.5, 9], "texture": "#2"},
				"up": {"uv": [3, 8.5, 0, 6], "texture": "#2"},
				"down": {"uv": [10, 0, 7, 2.5], "texture": "#2"}
			}
		},
		{
			"from": [4.99162, 12.51254, 7.75],
			"to": [13.99162, 24.51254, 7.75],
			"rotation": {"angle": 0, "axis": "y", "origin": [5, 6.5, 8]},
			"faces": {
				"north": {"uv": [0, 0, 4.5, 6], "texture": "#2"},
				"east": {"uv": [0, 0, 0, 6], "texture": "#2"},
				"south": {"uv": [4.5, 0, 0, 6], "texture": "#2"},
				"west": {"uv": [0, 0, 0, 6], "texture": "#2"},
				"up": {"uv": [4.5, 0, 0, 0], "texture": "#2"},
				"down": {"uv": [4.5, 0, 0, 0], "texture": "#2"}
			}
		},
		{
			"from": [4.99162, 12.51254, 8.25],
			"to": [13.99162, 24.51254, 8.25],
			"rotation": {"angle": 0, "axis": "y", "origin": [5, 6.5, 8]},
			"faces": {
				"north": {"uv": [0, 0, 4.5, 6], "texture": "#2"},
				"east": {"uv": [0, 0, 0, 6], "texture": "#2"},
				"south": {"uv": [4.5, 0, 0, 6], "texture": "#2"},
				"west": {"uv": [0, 0, 0, 6], "texture": "#2"},
				"up": {"uv": [4.5, 0, 0, 0], "texture": "#2"},
				"down": {"uv": [4.5, 0, 0, 0], "texture": "#2"}
			}
		},
		{
			"from": [5.99162, 10.51254, 7.25],
			"to": [10.99162, 17.51254, 8.75],
			"rotation": {"angle": 0, "axis": "y", "origin": [5, 6.5, 8]},
			"faces": {
				"north": {"uv": [4.5, 0, 7, 3.5], "texture": "#2"},
				"east": {"uv": [5, 10, 5.75, 13.5], "texture": "#2"},
				"south": {"uv": [7, 0, 4.5, 3.5], "texture": "#2"},
				"west": {"uv": [6, 10, 6.75, 13.5], "texture": "#2"},
				"up": {"uv": [13.5, 9.75, 11, 9], "texture": "#2"},
				"down": {"uv": [13.5, 10, 11, 10.75], "texture": "#2"}
			}
		},
		{
			"from": [5, 6.5, 7.025],
			"to": [9, 12.5, 8.975],
			"rotation": {"angle": -22.5, "axis": "z", "origin": [5, 6.5, 8]},
			"faces": {
				"north": {"uv": [5, 7, 7, 10], "texture": "#2"},
				"east": {"uv": [10, 1, 11, 4], "texture": "#2"},
				"south": {"uv": [7, 7, 5, 10], "texture": "#2"},
				"west": {"uv": [10, 4, 11, 7], "texture": "#2"},
				"up": {"uv": [13, 5.5, 11, 4.5], "texture": "#2"},
				"down": {"uv": [13, 5.5, 11, 6.5], "texture": "#2"}
			}
		},
		{
			"from": [1.5, 12, 8],
			"to": [17.5, 28, 8],
			"faces": {
				"north": {"uv": [0, 0, 16, 16], "texture": "#1"},
				"east": {"uv": [0, 0, 0, 8], "texture": "#missing"},
				"south": {"uv": [16, 0, 0, 16], "texture": "#1"},
				"west": {"uv": [0, 0, 0, 8], "texture": "#missing"},
				"up": {"uv": [0, 0, 8, 0], "texture": "#missing"},
				"down": {"uv": [0, 0, 8, 0], "texture": "#missing"}
			}
		},
		{
			"from": [-1, -13, 8.25],
			"to": [15, 3, 8.25],
			"faces": {
				"north": {"uv": [0, 0, 16, 16], "texture": "#3"},
				"east": {"uv": [0, 0, 0, 8], "texture": "#missing"},
				"south": {"uv": [16, 0, 0, 16], "texture": "#3"},
				"west": {"uv": [0, 0, 0, 8], "texture": "#missing"},
				"up": {"uv": [0, 0, 8, 0], "texture": "#missing"},
				"down": {"uv": [0, 0, 8, 0], "texture": "#missing"}
			}
		}
	],
	"display": {
		"thirdperson_righthand": {
			"rotation": [0, 90, 0],
			"translation": [0, 6.5, 1.5],
			"scale": [0.6, 0.6, 0.6]
		},
		"thirdperson_lefthand": {
			"rotation": [0, -90, 0],
			"translation": [0, 6.5, 1.5],
			"scale": [0.6, 0.6, 0.6]
		},
		"firstperson_righthand": {
			"rotation": [0, 90, 20],
			"translation": [1.25, 3, 0],
			"scale": [0.5, 0.5, 0.5]
		},
		"firstperson_lefthand": {
			"rotation": [0, -90, -20],
			"translation": [1.25, 3, 0],
			"scale": [0.5, 0.5, 0.5]
		},
		"ground": {
			"translation": [0, 6, 0],
			"scale": [0.5, 0.5, 0.5]
		},
		"gui": {
			"rotation": [0, 0, -45],
			"translation": [0.25, 0.25, -0.25],
			"scale": [0.5, 0.5, 0.5]
		},
		"head": {
			"translation": [0, 26.75, 0]
		},
		"fixed": {
			"rotation": [0, 0, 45],
			"translation": [-0.75, 0.75, -0.25],
			"scale": [0.6, 0.6, 0.6]
		}
	},
	"groups": [
		{
			"name": "group",
			"origin": [8, 4, 8],
			"color": 0,
			"children": []
		},
		0,
		1,
		2,
		3,
		4,
		{
			"name": "group",
			"origin": [5, 5.5, 8],
			"color": 0,
			"children": [5, 6, 7, 8]
		},
		9,
		10
	]
}