{
    "display": {
        "thirdperson_righthand": {
            "rotation": [0, -180, 0],
            "translation": [1, 5.75, 1.5]
        },
        "thirdperson_lefthand": {
            "rotation": [0, -180, 0],
            "translation": [-1, 5.75, 1.5]
        },
        "firstperson_righthand": {
            "rotation": [0, -180, 20],
            "translation": [1.25, 2, 0],
            "scale": [0.5, 0.5, 0.5]
        },
        "firstperson_lefthand": {
            "rotation": [0, -180, 20],
            "translation": [1.25, 2, 0],
            "scale": [0.5, 0.5, 0.5]
        },
        "ground": {
            "translation": [0, 2, 0],
            "scale": [0.55, 0.55, 0.55]
        },
        "gui": {
            "rotation": [-88, -45, -88],
            "translation": [-2.5, -2.5, 0],
            "scale": [0.68, 0.68, 0.68]
        },
        "fixed": {
            "rotation": [0, 90, 0],
            "translation": [-0.25, -3.75, 0]
        }
    },
    "textures": {
        "0": "item/swords/pumpkin_sword",
        "particle": "item/swords/pumpkin_sword"
    },
    "elements": [{
        "from": [8.5, 0, 8],
        "to": [9.5, 4, 9],
        "faces": {
            "north": {
                "uv": [1, 14, 1.5, 16],
                "texture": "#0"
            },
            "east": {
                "uv": [1, 14, 1.5, 16],
                "texture": "#0"
            },
            "south": {
                "uv": [1, 14, 1.5, 16],
                "texture": "#0"
            },
            "west": {
                "uv": [1, 14, 1.5, 16],
                "texture": "#0"
            },
            "up": {
                "uv": [1, 14, 1.5, 14.5],
                "texture": "#0"
            },
            "down": {
                "uv": [4.5, 13.25, 5, 13.75],
                "texture": "#0"
            }
        }
    }, {
        "from": [8.5, 3.7, 7],
        "to": [9.5, 4.7, 10],
        "rotation": {
            "angle": 45,
            "axis": "z",
            "origin": [9, 4.2, 8.5]
        },
        "faces": {
            "north": {
                "uv": [4.25, 13.25, 5, 14],
                "texture": "#0"
            },
            "east": {
                "uv": [2.25, 13.25, 3.75, 14],
                "texture": "#0"
            },
            "south": {
                "uv": [4.25, 13.25, 5, 14],
                "texture": "#0"
            },
            "west": {
                "uv": [2.25, 13.25, 3.75, 14],
                "texture": "#0"
            },
            "up": {
                "uv": [2.25, 13.25, 3.75, 14],
                "texture": "#0"
            },
            "down": {
                "uv": [4.5, 13.25, 5, 13.75],
                "texture": "#0"
            }
        }
    }, {
        "from": [8.2, 3.3, 6.6],
        "to": [8.2, 5.1, 10.7],
        "rotation": {
            "angle": -45,
            "axis": "z",
            "origin": [8.4, 4.2, 9.05]
        },
        "faces": {
            "north": {
                "uv": [4.25, 13.25, 5, 14],
                "texture": "#0"
            },
            "east": {
                "uv": [2, 13, 0, 13.75],
                "texture": "#0"
            },
            "south": {
                "uv": [4.25, 13.25, 5, 14],
                "texture": "#0"
            },
            "west": {
                "uv": [0, 13, 2, 13.75],
                "texture": "#0"
            },
            "up": {
                "uv": [2.25, 13.25, 3.75, 14],
                "texture": "#0"
            },
            "down": {
                "uv": [4.5, 13.25, 5, 13.75],
                "texture": "#0"
            }
        }
    }, {
        "from": [9.7, 3.6, 6.6],
        "to": [9.7, 5.4, 10.7],
        "rotation": {
            "angle": 45,
            "axis": "z",
            "origin": [9.9, 4.5, 9.05]
        },
        "faces": {
            "north": {
                "uv": [4.25, 13.25, 5, 14],
                "texture": "#0"
            },
            "east": {
                "uv": [2, 13, 0, 13.75],
                "texture": "#0"
            },
            "south": {
                "uv": [4.25, 13.25, 5, 14],
                "texture": "#0"
            },
            "west": {
                "uv": [0, 13, 2, 13.75],
                "texture": "#0"
            },
            "up": {
                "uv": [2.25, 13.25, 3.75, 14],
                "texture": "#0"
            },
            "down": {
                "uv": [4.5, 13.25, 5, 13.75],
                "texture": "#0"
            }
        }
    }, {
        "from": [9, 3.9, 3.8],
        "to": [9, 25.9, 12.9],
        "rotation": {
            "angle": 0,
            "axis": "y",
            "origin": [0, 0, 0.6]
        },
        "faces": {
            "north": {
                "uv": [7.75, 3.75, 12, 16],
                "texture": "#0"
            },
            "east": {
                "uv": [7.75, 3.75, 12, 16],
                "texture": "#0"
            },
            "south": {
                "uv": [7.75, 3.75, 12, 16],
                "texture": "#0"
            },
            "west": {
                "uv": [12, 3.75, 7.75, 16],
                "texture": "#0"
            },
            "up": {
                "uv": [1, 14, 1.5, 14.5],
                "texture": "#0"
            },
            "down": {
                "uv": [4.5, 13.25, 5, 13.75],
                "texture": "#0"
            }
        }
    }, {
        "from": [13.2, 3.9, 3.3],
        "to": [13.2, 14.9, 12.4],
        "rotation": {
            "angle": -22.5,
            "axis": "z",
            "origin": [13.2, 14.9, 7.85]
        },
        "faces": {
            "north": {
                "uv": [7.75, 3.75, 12, 16],
                "texture": "#0"
            },
            "east": {
                "uv": [11.75, 11, 16, 16],
                "texture": "#0"
            },
            "south": {
                "uv": [7.75, 3.75, 12, 16],
                "texture": "#0"
            },
            "west": {
                "uv": [16, 11, 11.75, 16],
                "texture": "#0"
            },
            "up": {
                "uv": [1, 14, 1.5, 14.5],
                "texture": "#0"
            },
            "down": {
                "uv": [4.5, 13.25, 5, 13.75],
                "texture": "#0"
            }
        }
    }, {
        "from": [4.8, 3.9, 3.3],
        "to": [4.8, 14.9, 12.4],
        "rotation": {
            "angle": 22.5,
            "axis": "z",
            "origin": [4.8, 14.9, 7.85]
        },
        "faces": {
            "north": {
                "uv": [7.75, 3.75, 12, 16],
                "texture": "#0"
            },
            "east": {
                "uv": [11.75, 11, 16, 16],
                "texture": "#0"
            },
            "south": {
                "uv": [7.75, 3.75, 12, 16],
                "texture": "#0"
            },
            "west": {
                "uv": [16, 11, 11.75, 16],
                "texture": "#0"
            },
            "up": {
                "uv": [1, 14, 1.5, 14.5],
                "texture": "#0"
            },
            "down": {
                "uv": [4.5, 13.25, 5, 13.75],
                "texture": "#0"
            }
        }
    }, {
        "from": [7.5, 4.1, 8.7],
        "to": [10.5, 7.1, 11.7],
        "rotation": {
            "angle": 22.5,
            "axis": "x",
            "origin": [9, 5.6, 10.2]
        },
        "faces": {
            "north": {
                "uv": [3.5, 3.5, 6.75, 6.75],
                "texture": "#0"
            },
            "east": {
                "uv": [3.5, 0, 6.75, 3.25],
                "texture": "#0"
            },
            "south": {
                "uv": [0, 3.5, 3.25, 6.75],
                "texture": "#0"
            },
            "west": {
                "uv": [6.75, 0, 3.5, 3.25],
                "texture": "#0"
            },
            "up": {
                "uv": [0, 0, 3.25, 3.25],
                "texture": "#0"
            },
            "down": {
                "uv": [0, 0, 3.25, 3.25],
                "texture": "#0"
            }
        }
    }]
}