{
    "display": {
        "thirdperson_righthand": {
            "rotation": [0, 90, 0],
            "translation": [0, 2.25, 1.5],
            "scale": [0.75, 0.75, 0.75]
        },
        "thirdperson_lefthand": {
            "rotation": [0, 90, 0],
            "translation": [0, 2.25, 1.5],
            "scale": [0.75, 0.75, 0.75]
        },
        "firstperson_righthand": {
            "rotation": [0, 90, 20],
            "translation": [7.5, -3.75, -8.5],
            "scale": [0.7, 0.7, 0.7]
        },
        "firstperson_lefthand": {
            "rotation": [0, 90, 20],
            "translation": [7.5, -3.75, -8.5],
            "scale": [0.7, 0.7, 0.7]
        },
        "ground": {
            "translation": [0, 0.5, 0],
            "scale": [0.5, 0.5, 0.5]
        },
        "gui": {
            "rotation": [0, 0, -45],
            "translation": [-2.5, -2.75, -0.5],
            "scale": [0.55, 0.55, 0.55]
        },
        "head": {
            "rotation": [0, 0, -180],
            "translation": [0, 17, 0]
        },
        "fixed": {
            "translation": [0, -3.75, -0.5],
            "scale": [0.55, 0.55, 0.55]
        }
    },
    "texture_size": [32, 32],
    "textures": {
        "0": "item/swords/rune_sword",
        "particle": "item/swords/rune_sword"
    },
    "elements": [{
        "from": [7.5, 0, 7.5],
        "to": [8.5, 5, 8.5],
        "rotation": {
            "angle": 45,
            "axis": "y",
            "origin": [8, 0.5, 8]
        },
        "faces": {
            "north": {
                "uv": [6, 10.5, 6.5, 13],
                "texture": "#0"
            },
            "east": {
                "uv": [6.5, 10.5, 7, 13],
                "texture": "#0"
            },
            "south": {
                "uv": [7, 10.5, 7.5, 13],
                "texture": "#0"
            },
            "west": {
                "uv": [7.5, 10.5, 8, 13],
                "texture": "#0"
            },
            "up": {
                "uv": [4.5, 13, 4, 12.5],
                "texture": "#0"
            },
            "down": {
                "uv": [13, 4, 12.5, 4.5],
                "texture": "#0"
            }
        }
    }, {
        "from": [7.25, -1, 7.25],
        "to": [8.75, 0, 8.75],
        "rotation": {
            "angle": 45,
            "axis": "y",
            "origin": [8, 0.5, 8]
        },
        "faces": {
            "north": {
                "uv": [12, 10.5, 12.75, 11],
                "texture": "#0"
            },
            "east": {
                "uv": [12, 11, 12.75, 11.5],
                "texture": "#0"
            },
            "south": {
                "uv": [11.5, 12, 12.25, 12.5],
                "texture": "#0"
            },
            "west": {
                "uv": [12, 11.5, 12.75, 12],
                "texture": "#0"
            },
            "up": {
                "uv": [12.25, 4.75, 11.5, 4],
                "texture": "#0"
            },
            "down": {
                "uv": [12.25, 5, 11.5, 5.75],
                "texture": "#0"
            }
        }
    }, {
        "from": [7.25, 5, 7.25],
        "to": [8.75, 6, 8.75],
        "rotation": {
            "angle": 45,
            "axis": "y",
            "origin": [8, 0.5, 8]
        },
        "faces": {
            "north": {
                "uv": [0, 12.5, 0.75, 13],
                "texture": "#0"
            },
            "east": {
                "uv": [1, 12.5, 1.75, 13],
                "texture": "#0"
            },
            "south": {
                "uv": [2, 12.5, 2.75, 13],
                "texture": "#0"
            },
            "west": {
                "uv": [3, 12.5, 3.75, 13],
                "texture": "#0"
            },
            "up": {
                "uv": [12.25, 6.75, 11.5, 6],
                "texture": "#0"
            },
            "down": {
                "uv": [12.25, 7, 11.5, 7.75],
                "texture": "#0"
            }
        }
    }, {
        "from": [6.75, 6, 6.75],
        "to": [9.25, 7, 9.25],
        "rotation": {
            "angle": 0,
            "axis": "y",
            "origin": [8, 0.5, 8]
        },
        "faces": {
            "north": {
                "uv": [11.5, 2, 12.75, 2.5],
                "texture": "#0"
            },
            "east": {
                "uv": [11.5, 2.5, 12.75, 3],
                "texture": "#0"
            },
            "south": {
                "uv": [11.5, 3, 12.75, 3.5],
                "texture": "#0"
            },
            "west": {
                "uv": [11.5, 3.5, 12.75, 4],
                "texture": "#0"
            },
            "up": {
                "uv": [11.25, 3.25, 10, 2],
                "texture": "#0"
            },
            "down": {
                "uv": [11.25, 3.5, 10, 4.75],
                "texture": "#0"
            }
        }
    }, {
        "from": [7, 7, 7.25],
        "to": [9, 26, 8.75],
        "rotation": {
            "angle": 0,
            "axis": "y",
            "origin": [8, 0.5, 8]
        },
        "faces": {
            "north": {
                "uv": [6, 0, 7, 9.5],
                "texture": "#0"
            },
            "east": {
                "uv": [8, 0, 8.75, 9.5],
                "texture": "#0"
            },
            "south": {
                "uv": [7, 0, 8, 9.5],
                "texture": "#0"
            },
            "west": {
                "uv": [9, 0, 9.75, 9.5],
                "texture": "#0"
            },
            "up": {
                "uv": [11, 11.75, 10, 11],
                "texture": "#0"
            },
            "down": {
                "uv": [12, 11, 11, 11.75],
                "texture": "#0"
            }
        }
    }, {
        "from": [7.25, 26, 7.5],
        "to": [8.75, 28, 8.5],
        "rotation": {
            "angle": 0,
            "axis": "y",
            "origin": [8, 0.5, 8]
        },
        "faces": {
            "north": {
                "uv": [8, 10.5, 8.75, 11.5],
                "texture": "#0"
            },
            "east": {
                "uv": [11.5, 10, 12, 11],
                "texture": "#0"
            },
            "south": {
                "uv": [9, 10.5, 9.75, 11.5],
                "texture": "#0"
            },
            "west": {
                "uv": [10, 12, 10.5, 13],
                "texture": "#0"
            },
            "up": {
                "uv": [12.75, 10.5, 12, 10],
                "texture": "#0"
            },
            "down": {
                "uv": [11.25, 12, 10.5, 12.5],
                "texture": "#0"
            }
        }
    }, {
        "from": [5, 7, 8],
        "to": [11, 32, 8],
        "rotation": {
            "angle": 0,
            "axis": "y",
            "origin": [8, 0.5, 8]
        },
        "faces": {
            "north": {
                "uv": [0, 0, 3, 12.5],
                "texture": "#0"
            },
            "east": {
                "uv": [0, 0, 0, 12.5],
                "texture": "#0"
            },
            "south": {
                "uv": [3, 0, 6, 12.5],
                "texture": "#0"
            },
            "west": {
                "uv": [0, 0, 0, 12.5],
                "texture": "#0"
            },
            "up": {
                "uv": [3, 0, 0, 0],
                "texture": "#0"
            },
            "down": {
                "uv": [3, 0, 0, 0],
                "texture": "#0"
            }
        }
    }, {
        "from": [4.75, 7, 7.5],
        "to": [11.25, 8, 8.5],
        "rotation": {
            "angle": 0,
            "axis": "y",
            "origin": [8, 0.5, 8]
        },
        "faces": {
            "north": {
                "uv": [10, 0, 13.25, 0.5],
                "texture": "#0"
            },
            "east": {
                "uv": [4.5, 12.5, 5, 13],
                "texture": "#0"
            },
            "south": {
                "uv": [10, 0.5, 13.25, 1],
                "texture": "#0"
            },
            "west": {
                "uv": [12.5, 4.5, 13, 5],
                "texture": "#0"
            },
            "up": {
                "uv": [13.25, 1.5, 10, 1],
                "texture": "#0"
            },
            "down": {
                "uv": [13.25, 1.5, 10, 2],
                "texture": "#0"
            }
        }
    }, {
        "from": [11.25, 6.75, 7.25],
        "to": [11.75, 8.25, 8.75],
        "rotation": {
            "angle": 0,
            "axis": "y",
            "origin": [8, 0.5, 8]
        },
        "faces": {
            "north": {
                "uv": [5, 12.5, 5.25, 13.25],
                "texture": "#0"
            },
            "east": {
                "uv": [8, 11.5, 8.75, 12.25],
                "texture": "#0"
            },
            "south": {
                "uv": [12.5, 5, 12.75, 5.75],
                "texture": "#0"
            },
            "west": {
                "uv": [11.5, 8, 12.25, 8.75],
                "texture": "#0"
            },
            "up": {
                "uv": [5.75, 13.25, 5.5, 12.5],
                "texture": "#0"
            },
            "down": {
                "uv": [12.75, 6, 12.5, 6.75],
                "texture": "#0"
            }
        }
    }, {
        "from": [4.25, 6.75, 7.25],
        "to": [4.75, 8.25, 8.75],
        "rotation": {
            "angle": 0,
            "axis": "y",
            "origin": [8, 0.5, 8]
        },
        "faces": {
            "north": {
                "uv": [12.5, 7, 12.75, 7.75],
                "texture": "#0"
            },
            "east": {
                "uv": [9, 11.5, 9.75, 12.25],
                "texture": "#0"
            },
            "south": {
                "uv": [8, 12.5, 8.25, 13.25],
                "texture": "#0"
            },
            "west": {
                "uv": [11.5, 9, 12.25, 9.75],
                "texture": "#0"
            },
            "up": {
                "uv": [12.75, 8.75, 12.5, 8],
                "texture": "#0"
            },
            "down": {
                "uv": [8.75, 12.5, 8.5, 13.25],
                "texture": "#0"
            }
        }
    }, {
        "from": [2.25, 6.25, 8],
        "to": [4.75, 8.75, 8],
        "rotation": {
            "angle": 0,
            "axis": "y",
            "origin": [8, 0.5, 8]
        },
        "faces": {
            "north": {
                "uv": [10, 5, 11.25, 6.25],
                "texture": "#0"
            },
            "east": {
                "uv": [0, 0, 0, 1.25],
                "texture": "#0"
            },
            "south": {
                "uv": [10, 6.5, 11.25, 7.75],
                "texture": "#0"
            },
            "west": {
                "uv": [0, 0, 0, 1.25],
                "texture": "#0"
            },
            "up": {
                "uv": [1.25, 0, 0, 0],
                "texture": "#0"
            },
            "down": {
                "uv": [1.25, 0, 0, 0],
                "texture": "#0"
            }
        }
    }, {
        "from": [11.25, 6.25, 8],
        "to": [13.75, 8.75, 8],
        "rotation": {
            "angle": 0,
            "axis": "y",
            "origin": [8, 0.5, 8]
        },
        "faces": {
            "north": {
                "uv": [10, 8, 11.25, 9.25],
                "texture": "#0"
            },
            "east": {
                "uv": [0, 0, 0, 1.25],
                "texture": "#0"
            },
            "south": {
                "uv": [10, 9.5, 11.25, 10.75],
                "texture": "#0"
            },
            "west": {
                "uv": [0, 0, 0, 1.25],
                "texture": "#0"
            },
            "up": {
                "uv": [1.25, 0, 0, 0],
                "texture": "#0"
            },
            "down": {
                "uv": [1.25, 0, 0, 0],
                "texture": "#0"
            }
        }
    }, {
        "from": [6, -3, 8],
        "to": [10, -1, 8],
        "faces": {
            "north": {
                "uv": [6, 9.5, 8, 10.5],
                "texture": "#0"
            },
            "east": {
                "uv": [0, 0, 0, 1],
                "texture": "#0"
            },
            "south": {
                "uv": [8, 9.5, 10, 10.5],
                "texture": "#0"
            },
            "west": {
                "uv": [0, 0, 0, 1],
                "texture": "#0"
            },
            "up": {
                "uv": [2, 0, 0, 0],
                "texture": "#0"
            },
            "down": {
                "uv": [2, 0, 0, 0],
                "texture": "#0"
            }
        }
    }]
}