{
	"credit": "Made with Blockbench",
	"texture_size": [64, 64],
	"textures": {
		"0": "item/swords/thunder_fury_sword/thunder_fury",
		"1": "item/swords/thunder_fury_sword/thunder_fury_animation",
		"particle": "item/swords/thunder_fury_sword/thunder_fury"
	},
	"elements": [
		{
			"from": [6.75, -4, 7],
			"to": [9.25, 5, 9],
			"rotation": {"angle": 0, "axis": "y", "origin": [0, 7, 0]},
			"faces": {
				"north": {"uv": [2.75, 0, 3.375, 2.25], "texture": "#0"},
				"east": {"uv": [4, 4, 4.5, 6.25], "texture": "#0"},
				"south": {"uv": [3.375, 0, 2.75, 2.25], "texture": "#0"},
				"west": {"uv": [0, 4.25, 0.5, 6.5], "texture": "#0"},
				"up": {"uv": [6.625, 4.5, 6, 4], "texture": "#0"},
				"down": {"uv": [6.625, 4.5, 6, 5], "texture": "#0"}
			}
		},
		{
			"from": [5, 7, 6],
			"to": [11, 9, 10],
			"rotation": {"angle": 0, "axis": "y", "origin": [0, 7, 0]},
			"faces": {
				"north": {"uv": [4.5, 4, 6, 4.5], "texture": "#0"},
				"east": {"uv": [5.25, 3, 6.25, 3.5], "texture": "#0"},
				"south": {"uv": [6, 4, 4.5, 4.5], "texture": "#0"},
				"west": {"uv": [2, 5.5, 3, 6], "texture": "#0"},
				"up": {"uv": [2.25, 3.25, 0.75, 2.25], "texture": "#0"},
				"down": {"uv": [3.75, 2.25, 2.25, 3.25], "texture": "#0"}
			}
		},
		{
			"from": [6, 5, 6],
			"to": [10, 7, 10],
			"rotation": {"angle": 0, "axis": "y", "origin": [0, 7, 0]},
			"faces": {
				"north": {"uv": [5.75, 1.5, 6.75, 2], "texture": "#0"},
				"east": {"uv": [5.75, 2, 6.75, 2.5], "texture": "#0"},
				"south": {"uv": [5.75, 2.5, 6.75, 3], "texture": "#0"},
				"west": {"uv": [2, 6, 3, 6.5], "texture": "#0"},
				"up": {"uv": [5.25, 1, 4.25, 0], "texture": "#0"},
				"down": {"uv": [5.25, 1, 4.25, 2], "texture": "#0"}
			}
		},
		{
			"from": [7, 6, 5],
			"to": [9, 8, 6],
			"rotation": {"angle": -45, "axis": "z", "origin": [8, 7, 5.5]},
			"faces": {
				"north": {"uv": [3, 5.5, 3.5, 6], "texture": "#0"},
				"east": {"uv": [3.75, 2, 4, 2.5], "texture": "#0"},
				"south": {"uv": [6, 6, 6.5, 6.5], "texture": "#0"},
				"west": {"uv": [3.75, 2.5, 4, 3], "texture": "#0"},
				"up": {"uv": [1.25, 2.25, 0.75, 2], "texture": "#0"},
				"down": {"uv": [1.75, 2, 1.25, 2.25], "texture": "#0"}
			}
		},
		{
			"from": [7, 6, 10],
			"to": [9, 8, 11],
			"rotation": {"angle": -45, "axis": "z", "origin": [8, 7, 10.5]},
			"faces": {
				"north": {"uv": [6.5, 6, 6, 6.5], "texture": "#0"},
				"east": {"uv": [4, 2, 3.75, 2.5], "texture": "#0"},
				"south": {"uv": [3.5, 5.5, 3, 6], "texture": "#0"},
				"west": {"uv": [4, 2.5, 3.75, 3], "texture": "#0"},
				"up": {"uv": [1.25, 2, 0.75, 2.25], "texture": "#0"},
				"down": {"uv": [1.75, 2.25, 1.25, 2], "texture": "#0"}
			}
		},
		{
			"from": [4, 3, 5.5],
			"to": [12, 11, 5.5],
			"rotation": {"angle": 0, "axis": "y", "origin": [8, 7, 5.5]},
			"faces": {
				"north": {"uv": [0, 0, 2, 2], "texture": "#0"},
				"east": {"uv": [0, 0, 0, 2], "texture": "#0"},
				"south": {"uv": [2, 0, 0, 2], "texture": "#0"},
				"west": {"uv": [0, 0, 0, 2], "texture": "#0"},
				"up": {"uv": [2, 0, 0, 0], "texture": "#0"},
				"down": {"uv": [2, 0, 0, 0], "texture": "#0"}
			}
		},
		{
			"from": [4, 3, 10.5],
			"to": [12, 11, 10.5],
			"rotation": {"angle": 0, "axis": "y", "origin": [8, 7, 10.5]},
			"faces": {
				"north": {"uv": [0, 0, 2, 2], "texture": "#0"},
				"east": {"uv": [0, 0, 0, 2], "texture": "#0"},
				"south": {"uv": [2, 0, 0, 2], "texture": "#0"},
				"west": {"uv": [0, 0, 0, 2], "texture": "#0"},
				"up": {"uv": [2, 0, 0, 0], "texture": "#0"},
				"down": {"uv": [2, 0, 0, 0], "texture": "#0"}
			}
		},
		{
			"from": [6.75, 9, 7.75],
			"to": [9.75, 18, 8.25],
			"rotation": {"angle": 22.5, "axis": "z", "origin": [9.75, 9, 8]},
			"faces": {
				"north": {"uv": [0, 2, 0.75, 4.25], "texture": "#0"},
				"east": {"uv": [5.5, 6, 5.625, 8.25], "texture": "#0"},
				"south": {"uv": [0.75, 2, 0, 4.25], "texture": "#0"},
				"west": {"uv": [5.75, 6, 5.875, 8.25], "texture": "#0"},
				"up": {"uv": [3.5, 6.625, 2.75, 6.5], "texture": "#0"},
				"down": {"uv": [7.25, 5, 6.5, 5.125], "texture": "#0"}
			}
		},
		{
			"from": [1.28972, 13.24264, 7.775],
			"to": [3.73972, 21.24264, 8.225],
			"rotation": {"angle": -22.5, "axis": "z", "origin": [9.75, 9, 8]},
			"faces": {
				"north": {"uv": [3.5, 0, 4.125, 2], "texture": "#0"},
				"east": {"uv": [4, 6.25, 4.125, 8.25], "texture": "#0"},
				"south": {"uv": [4.125, 0, 3.5, 2], "texture": "#0"},
				"west": {"uv": [4.25, 6.25, 4.375, 8.25], "texture": "#0"},
				"up": {"uv": [7.125, 5.375, 6.5, 5.25], "texture": "#0"},
				"down": {"uv": [7.125, 5.5, 6.5, 5.625], "texture": "#0"}
			}
		},
		{
			"from": [12.17462, 21.88909, 7.75],
			"to": [14.17462, 27.88909, 8.25],
			"rotation": {"angle": 22.5, "axis": "z", "origin": [9.75, 9, 8]},
			"faces": {
				"north": {"uv": [3.5, 4.5, 4, 6], "texture": "#0"},
				"east": {"uv": [6.5, 0, 6.625, 1.5], "texture": "#0"},
				"south": {"uv": [4, 4.5, 3.5, 6], "texture": "#0"},
				"west": {"uv": [2, 6.5, 2.125, 8], "texture": "#0"},
				"up": {"uv": [4, 6.625, 3.5, 6.5], "texture": "#0"},
				"down": {"uv": [7, 5.75, 6.5, 5.875], "texture": "#0"}
			}
		},
		{
			"from": [-1.86714, 24.07107, 7.775],
			"to": [-0.41714, 32, 8.225],
			"rotation": {"angle": -22.5, "axis": "z", "origin": [9.75, 9, 8]},
			"faces": {
				"north": {"uv": [4.5, 5, 4.875, 7], "texture": "#0"},
				"east": {"uv": [0, 6.5, 0.125, 8.5], "texture": "#0"},
				"south": {"uv": [4.875, 5, 4.5, 7], "texture": "#0"},
				"west": {"uv": [0.25, 6.5, 0.375, 8.5], "texture": "#0"},
				"up": {"uv": [6.375, 6.625, 6, 6.5], "texture": "#0"},
				"down": {"uv": [6.875, 6, 6.5, 6.125], "texture": "#0"}
			}
		},
		{
			"from": [12.17462, -11.88909, 7.75],
			"to": [14.17462, -5.88909, 8.25],
			"rotation": {"angle": -22.5, "axis": "z", "origin": [9.75, 7, 8]},
			"faces": {
				"north": {"uv": [3.5, 6, 4, 4.5], "texture": "#0"},
				"east": {"uv": [6.5, 1.5, 6.625, 0], "texture": "#0"},
				"south": {"uv": [4, 6, 3.5, 4.5], "texture": "#0"},
				"west": {"uv": [2, 8, 2.125, 6.5], "texture": "#0"},
				"up": {"uv": [7, 5.875, 6.5, 5.75], "texture": "#0"},
				"down": {"uv": [4, 6.5, 3.5, 6.625], "texture": "#0"}
			}
		},
		{
			"from": [-1.86714, -16, 7.775],
			"to": [-0.41714, -8.07107, 8.225],
			"rotation": {"angle": 22.5, "axis": "z", "origin": [9.75, 7, 8]},
			"faces": {
				"north": {"uv": [4.5, 7, 4.875, 5], "texture": "#0"},
				"east": {"uv": [0, 8.5, 0.125, 6.5], "texture": "#0"},
				"south": {"uv": [4.875, 7, 4.5, 5], "texture": "#0"},
				"west": {"uv": [0.25, 8.5, 0.375, 6.5], "texture": "#0"},
				"up": {"uv": [6.875, 6.125, 6.5, 6], "texture": "#0"},
				"down": {"uv": [6.375, 6.5, 6, 6.625], "texture": "#0"}
			}
		},
		{
			"from": [5.5, -8, 5.75],
			"to": [10.5, -6, 10.25],
			"rotation": {"angle": 0, "axis": "y", "origin": [0, 7, 0]},
			"faces": {
				"north": {"uv": [4.75, 3.5, 6, 4], "texture": "#0"},
				"east": {"uv": [5.25, 0.5, 6.375, 1], "texture": "#0"},
				"south": {"uv": [5.25, 0, 6.5, 0.5], "texture": "#0"},
				"west": {"uv": [5.25, 1, 6.375, 1.5], "texture": "#0"},
				"up": {"uv": [2.75, 4.375, 1.5, 3.25], "texture": "#0"},
				"down": {"uv": [4, 3.25, 2.75, 4.375], "texture": "#0"}
			}
		},
		{
			"from": [6, -6, 6.25],
			"to": [10, -4, 9.75],
			"rotation": {"angle": 0, "axis": "y", "origin": [0, 7, 0]},
			"faces": {
				"north": {"uv": [5.5, 5, 6.5, 5.5], "texture": "#0"},
				"east": {"uv": [3, 6, 3.875, 6.5], "texture": "#0"},
				"south": {"uv": [6.5, 5, 5.5, 5.5], "texture": "#0"},
				"west": {"uv": [6, 3.5, 6.875, 4], "texture": "#0"},
				"up": {"uv": [2.5, 5.375, 1.5, 4.5], "texture": "#0"},
				"down": {"uv": [3.5, 4.5, 2.5, 5.375], "texture": "#0"}
			}
		},
		{
			"from": [7.75, -7.25, 7.25],
			"to": [9.25, -1.25, 8.75],
			"rotation": {"angle": 22.5, "axis": "z", "origin": [9.25, -1.25, 8]},
			"faces": {
				"north": {"uv": [5.25, 1.5, 5.625, 3], "texture": "#0"},
				"east": {"uv": [0.5, 5.5, 0.875, 7], "texture": "#0"},
				"south": {"uv": [1, 5.5, 1.375, 7], "texture": "#0"},
				"west": {"uv": [1.5, 5.5, 1.875, 7], "texture": "#0"},
				"up": {"uv": [6.625, 3.375, 6.25, 3], "texture": "#0"},
				"down": {"uv": [2.625, 6.5, 2.25, 6.875], "texture": "#0"}
			}
		},
		{
			"from": [6.75, -7.25, 7.25],
			"to": [8.25, -1.25, 8.75],
			"rotation": {"angle": -22.5, "axis": "z", "origin": [6.75, -1.25, 8]},
			"faces": {
				"north": {"uv": [5.625, 1.5, 5.25, 3], "texture": "#0"},
				"east": {"uv": [1.875, 5.5, 1.5, 7], "texture": "#0"},
				"south": {"uv": [1.375, 5.5, 1, 7], "texture": "#0"},
				"west": {"uv": [0.875, 5.5, 0.5, 7], "texture": "#0"},
				"up": {"uv": [6.25, 3.375, 6.625, 3], "texture": "#0"},
				"down": {"uv": [2.25, 6.5, 2.625, 6.875], "texture": "#0"}
			}
		},
		{
			"from": [7, 7, 8],
			"to": [15, 23, 8],
			"faces": {
				"north": {"uv": [0, 0, 8, 16], "texture": "#1"},
				"east": {"uv": [0, 0, 0.5, 4], "texture": "#missing"},
				"south": {"uv": [8, 0, 0, 16], "texture": "#1"},
				"west": {"uv": [0, 0, 0.5, 4], "texture": "#missing"},
				"up": {"uv": [0, 0, 4, 0.5], "texture": "#missing"},
				"down": {"uv": [0, 0, 4, 0.5], "texture": "#missing"}
			}
		},
		{
			"from": [-2, 16, 8],
			"to": [6, 32, 8],
			"rotation": {"angle": 0, "axis": "y", "origin": [16, 0, 0]},
			"faces": {
				"north": {"uv": [8, 0, 16, 16], "texture": "#1"},
				"east": {"uv": [0.5, 0, 0, 4], "texture": "#missing"},
				"south": {"uv": [16, 0, 8, 16], "texture": "#1"},
				"west": {"uv": [0.5, 0, 0, 4], "texture": "#missing"},
				"up": {"uv": [4, 0, 0, 0.5], "texture": "#missing"},
				"down": {"uv": [4, 0, 0, 0.5], "texture": "#missing"}
			}
		},
		{
			"from": [9, -16, 8],
			"to": [17, 0, 8],
			"rotation": {"angle": 0, "axis": "y", "origin": [0, 16, 0]},
			"faces": {
				"north": {"uv": [16, 16, 8, 0], "texture": "#1"},
				"east": {"uv": [0, 4, 0.5, 0], "texture": "#missing"},
				"south": {"uv": [8, 16, 16, 0], "texture": "#1"},
				"west": {"uv": [0, 4, 0.5, 0], "texture": "#missing"},
				"up": {"uv": [0, 0.5, 4, 0], "texture": "#missing"},
				"down": {"uv": [0, 0.5, 4, 0], "texture": "#missing"}
			}
		}
	],
	"display": {
		"thirdperson_righthand": {
			"rotation": [0, -90, 0],
			"translation": [0, 2.75, 1.5],
			"scale": [0.6, 0.6, 0.6]
		},
		"thirdperson_lefthand": {
			"rotation": [0, 90, 0],
			"translation": [0, 2.75, 1.5],
			"scale": [0.6, 0.6, 0.6]
		},
		"firstperson_righthand": {
			"rotation": [0, -90, -20],
			"translation": [1.25, 3, 1],
			"scale": [0.4, 0.4, 0.4]
		},
		"firstperson_lefthand": {
			"rotation": [0, 90, 20],
			"translation": [1.25, 3, 1],
			"scale": [0.4, 0.4, 0.4]
		},
		"ground": {
			"translation": [0, 6, 0],
			"scale": [0.5, 0.5, 0.5]
		},
		"gui": {
			"rotation": [0, 0, -45],
			"translation": [-0.25, -0.25, -0.25],
			"scale": [0.4, 0.4, 0.4]
		},
		"head": {
			"translation": [0, 26.75, 0]
		},
		"fixed": {
			"rotation": [0, 0, -45],
			"translation": [-0.25, 0, -0.25],
			"scale": [0.5, 0.5, 0.5]
		}
	},
	"groups": [
		0,
		1,
		2,
		3,
		4,
		5,
		6,
		{
			"name": "group",
			"origin": [6, 2, 8],
			"color": 0,
			"children": [
				7,
				8,
				9,
				10,
				{
					"name": "group",
					"origin": [10.5, 9, 8],
					"color": 0,
					"children": [11, 12]
				}
			]
		},
		{
			"name": "group",
			"origin": [0, 0, 0],
			"color": 0,
			"children": [13, 14, 15, 16]
		},
		17,
		18,
		19
	]
}