{
	"credit": "Made with Blockbench",
	"texture_size": [128, 128],
	"textures": {
		"0": "item/multiple/sweet/valentine_texture_01",
		"1": "item/multiple/sweet/valentine_animation_01",
		"2": "item/multiple/sweet/valentine_animation_02",
		"3": "item/multiple/sweet/valentine_animation_05",
		"particle": "item/multiple/sweet/valentine_texture_01"
	},
	"elements": [
		{
			"from": [11.5, 16, 2.5],
			"to": [20.5, 22, 2.5],
			"rotation": {"angle": -22.5, "axis": "z", "origin": [17, 19.5, -1.5]},
			"faces": {
				"north": {"uv": [0, 0, 9, 5], "texture": "#3"},
				"east": {"uv": [0, 0, 0, 5], "texture": "#3"},
				"south": {"uv": [0, 0, 9, 5], "texture": "#3"},
				"west": {"uv": [0, 0, 0, 5], "texture": "#3"},
				"up": {"uv": [0, 9, 0, 0], "rotation": 90, "texture": "#3"},
				"down": {"uv": [0, 0, 0, 9], "rotation": 270, "texture": "#3"}
			}
		},
		{
			"from": [11, 5, -0.5],
			"to": [20, 11, -0.5],
			"rotation": {"angle": 0, "axis": "y", "origin": [17, 8.5, -0.5]},
			"faces": {
				"north": {"uv": [0, 0, 9, 5], "texture": "#3"},
				"east": {"uv": [0, 0, 0, 5], "texture": "#3"},
				"south": {"uv": [0, 0, 9, 5], "texture": "#3"},
				"west": {"uv": [0, 0, 0, 5], "texture": "#3"},
				"up": {"uv": [0, 9, 0, 0], "rotation": 90, "texture": "#3"},
				"down": {"uv": [0, 0, 0, 9], "rotation": 270, "texture": "#3"}
			}
		},
		{
			"from": [-3.5, 12, 0.5],
			"to": [5.5, 18, 0.5],
			"rotation": {"angle": 22.5, "axis": "z", "origin": [0, 13.5, -1.5]},
			"faces": {
				"north": {"uv": [0, 0, 9, 5], "texture": "#3"},
				"east": {"uv": [0, 0, 0, 5], "texture": "#3"},
				"south": {"uv": [0, 0, 9, 5], "texture": "#3"},
				"west": {"uv": [0, 0, 0, 5], "texture": "#3"},
				"up": {"uv": [0, 9, 0, 0], "rotation": 90, "texture": "#3"},
				"down": {"uv": [0, 0, 0, 9], "rotation": 270, "texture": "#3"}
			}
		},
		{
			"from": [-1.9, 0, 0],
			"to": [18.1, 11, 16],
			"rotation": {"angle": 0, "axis": "y", "origin": [8.5, 5, 8]},
			"faces": {
				"north": {"uv": [1.75, 11.25, 4.25, 9.875], "rotation": 180, "texture": "#0"},
				"east": {"uv": [1.8125, 7.875, 3.1875, 9.875], "rotation": 90, "texture": "#0"},
				"south": {"uv": [1.75, 11.25, 4.25, 9.875], "rotation": 180, "texture": "#0"},
				"west": {"uv": [1.8125, 7.875, 3.1875, 9.875], "rotation": 90, "texture": "#0"},
				"up": {"uv": [3.1875, 7.875, 5.6875, 9.875], "rotation": 180, "texture": "#0"},
				"down": {"uv": [3.1875, 7.875, 5.6875, 9.875], "rotation": 180, "texture": "#0"}
			}
		},
		{
			"from": [10, -0.5, -1],
			"to": [16, 11.5, -1],
			"rotation": {"angle": 22.5, "axis": "z", "origin": [14, 4.5, 0]},
			"faces": {
				"north": {"uv": [14.375, 0.625, 13.625, 2.125], "texture": "#0"},
				"east": {"uv": [0, 0, 0, 24], "texture": "#missing"},
				"south": {"uv": [13.625, 0.625, 14.375, 2.125], "texture": "#0"},
				"west": {"uv": [0, 0, 0, 24], "texture": "#missing"},
				"up": {"uv": [0, 12, 0, 0], "rotation": 90, "texture": "#missing"},
				"down": {"uv": [0, 12, 0, 0], "rotation": 270, "texture": "#missing"}
			}
		},
		{
			"from": [0, -0.5, -1],
			"to": [6, 11.5, -1],
			"rotation": {"angle": -22.5, "axis": "z", "origin": [2, 4.5, 0]},
			"faces": {
				"north": {"uv": [13.625, 0.625, 14.375, 2.125], "texture": "#0"},
				"east": {"uv": [0, 0, 0, 24], "texture": "#missing"},
				"south": {"uv": [14.375, 0.625, 13.625, 2.125], "texture": "#0"},
				"west": {"uv": [0, 0, 0, 24], "texture": "#missing"},
				"up": {"uv": [0, 0, 0, 12], "rotation": 90, "texture": "#missing"},
				"down": {"uv": [0, 0, 0, 12], "rotation": 270, "texture": "#missing"}
			}
		},
		{
			"from": [3.5, 6.5, -1.6],
			"to": [12.5, 12, -1.6],
			"rotation": {"angle": 0, "axis": "y", "origin": [8, 30.75, -0.1]},
			"faces": {
				"north": {"uv": [12.5, 1.4375, 13.625, 2.125], "texture": "#0"},
				"east": {"uv": [0.8125, 0, 0.6875, 2.5625], "texture": "#0"},
				"south": {"uv": [12.5, 1.4375, 13.625, 2.125], "texture": "#0"},
				"west": {"uv": [0.8125, 0, 0.6875, 2.5625], "texture": "#0"},
				"up": {"uv": [0.8125, 0, 0.6875, 0.6875], "rotation": 90, "texture": "#0"},
				"down": {"uv": [0.8125, 0, 0.6875, 0.6875], "rotation": 270, "texture": "#0"}
			}
		},
		{
			"from": [6, 10, -1.5],
			"to": [11, 15, -1.5],
			"rotation": {"angle": 45, "axis": "z", "origin": [8, 12, -5.5]},
			"faces": {
				"north": {"uv": [0, 0, 10, 10], "texture": "#1"},
				"east": {"uv": [0, 0, 0, 10], "texture": "#1"},
				"south": {"uv": [10, 0, 0, 10], "texture": "#1"},
				"west": {"uv": [0, 0, 0, 10], "texture": "#1"},
				"up": {"uv": [0, 10, 0, 0], "rotation": 90, "texture": "#1"},
				"down": {"uv": [0, 0, 0, 10], "rotation": 270, "texture": "#1"}
			}
		},
		{
			"from": [1, 8, -1.35],
			"to": [4, 12.5, 2.35],
			"rotation": {"angle": -45, "axis": "z", "origin": [8, 8.5, 17.5]},
			"faces": {
				"north": {"uv": [0.8125, 1.375, 1.375, 1], "rotation": 90, "texture": "#0"},
				"east": {"uv": [1.9375, 1, 1.375, 1.4375], "rotation": 90, "texture": "#0"},
				"south": {"uv": [0.8125, 1, 1.375, 1.375], "rotation": 90, "texture": "#0"},
				"west": {"uv": [1.9375, 1, 1.375, 1.4375], "rotation": 90, "texture": "#0"},
				"up": {"uv": [2.3125, 1, 2.6875, 1.4375], "rotation": 180, "texture": "#0"},
				"down": {"uv": [1.9375, 1, 2.3125, 1.4375], "texture": "#0"}
			}
		},
		{
			"from": [4, 8, -1.35],
			"to": [8.5, 15.5, 2.35],
			"rotation": {"angle": -45, "axis": "z", "origin": [8, 8.5, 17.5]},
			"faces": {
				"north": {"uv": [1.4375, 0.5625, 2.375, 0], "rotation": 90, "texture": "#0"},
				"east": {"uv": [1.75, 0.5625, 0.8125, 1], "rotation": 90, "texture": "#0"},
				"south": {"uv": [1.4375, 0, 2.375, 0.5625], "rotation": 90, "texture": "#0"},
				"west": {"uv": [3.3125, 0, 2.375, 0.4375], "rotation": 90, "texture": "#0"},
				"up": {"uv": [2.3125, 0.5625, 2.875, 1], "rotation": 180, "texture": "#0"},
				"down": {"uv": [1.75, 0.5625, 2.3125, 1], "texture": "#0"}
			}
		},
		{
			"from": [3, 10, -2],
			"to": [13, 14, -2],
			"rotation": {"angle": 0, "axis": "y", "origin": [16, 11, -7.5]},
			"faces": {
				"north": {"uv": [0, 0, 14, 6], "texture": "#2"},
				"east": {"uv": [0, 0, 0, 6], "texture": "#2"},
				"south": {"uv": [14, 0, 0, 6], "texture": "#2"},
				"west": {"uv": [0, 0, 0, 6], "texture": "#2"},
				"up": {"uv": [0, 0, 0, 12], "rotation": 90, "texture": "#2"},
				"down": {"uv": [0, 0, 0, 12], "rotation": 270, "texture": "#2"}
			}
		},
		{
			"from": [-1.85, 10.5, 3],
			"to": [18.05, 19, 13],
			"rotation": {"angle": 0, "axis": "y", "origin": [8.05, 9.9, 7]},
			"faces": {
				"north": {"uv": [0, 14, 2.5, 15.0625], "texture": "#0"},
				"east": {"uv": [4.25, 9.875, 5.5, 10.9375], "texture": "#0"},
				"south": {"uv": [0, 14, 2.5, 15.0625], "texture": "#0"},
				"west": {"uv": [4.25, 9.875, 5.5, 10.9375], "texture": "#0"},
				"up": {"uv": [2.875, 11.25, 4.125, 13.75], "rotation": 270, "texture": "#0"},
				"down": {"uv": [2.875, 11.25, 4.125, 13.75], "rotation": 270, "texture": "#0"}
			}
		},
		{
			"from": [-1.8, 7.5, -0.1],
			"to": [18, 16.5, 2.9],
			"rotation": {"angle": 22.5, "axis": "x", "origin": [8.05, 9.9, 7.4]},
			"faces": {
				"north": {"uv": [2.75, 6.75, 5.25, 7.875], "texture": "#0"},
				"east": {"uv": [5.25, 6.75, 5.625, 7.875], "texture": "#0"},
				"south": {"uv": [2.75, 6.75, 5.25, 7.875], "texture": "#0"},
				"west": {"uv": [5.25, 6.75, 5.625, 7.875], "texture": "#0"},
				"up": {"uv": [2.5, 11.25, 2.875, 13.75], "rotation": 270, "texture": "#0"},
				"down": {"uv": [2.5, 11.25, 2.875, 13.75], "rotation": 270, "texture": "#0"}
			}
		},
		{
			"from": [-1.8, 7.5, 13.1],
			"to": [18, 16.5, 16.1],
			"rotation": {"angle": -22.5, "axis": "x", "origin": [8.05, 9.9, 8.6]},
			"faces": {
				"north": {"uv": [5.25, 6.75, 2.75, 7.875], "texture": "#0"},
				"east": {"uv": [5.625, 6.75, 5.25, 7.875], "texture": "#0"},
				"south": {"uv": [5.25, 6.75, 2.75, 7.875], "texture": "#0"},
				"west": {"uv": [5.625, 6.75, 5.25, 7.875], "texture": "#0"},
				"up": {"uv": [2.875, 11.25, 2.5, 13.75], "rotation": 270, "texture": "#0"},
				"down": {"uv": [2.875, 11.25, 2.5, 13.75], "rotation": 270, "texture": "#0"}
			}
		},
		{
			"from": [5.8, 24.8, 6.5],
			"to": [9.8, 27.8, 10.5],
			"rotation": {"angle": -22.5, "axis": "x", "origin": [8.3, 25.3, 7.5]},
			"faces": {
				"north": {"uv": [3, 0.9375, 3.5, 0.5625], "rotation": 180, "texture": "#0"},
				"east": {"uv": [3.75, 0.9375, 3.375, 1.4375], "rotation": 270, "texture": "#0"},
				"south": {"uv": [3, 0.5625, 3.5, 0.9375], "texture": "#0"},
				"west": {"uv": [3.375, 0.9375, 3.75, 1.4375], "rotation": 90, "texture": "#0"},
				"up": {"uv": [2.875, 0.9375, 3.375, 1.4375], "rotation": 180, "texture": "#0"},
				"down": {"uv": [2.875, 0.9375, 3.375, 1.4375], "texture": "#0"}
			}
		},
		{
			"from": [7.8, 27.8, 8],
			"to": [7.8, 31.8, 12],
			"rotation": {"angle": 22.5, "axis": "x", "origin": [7.8, 29.8, 9.5]},
			"faces": {
				"north": {"uv": [3, 0.9375, 3.5, 0.5625], "rotation": 180, "texture": "#0"},
				"east": {"uv": [3.875, 0, 3.375, 0.5], "rotation": 270, "texture": "#0"},
				"south": {"uv": [3, 0.5625, 3.5, 0.9375], "texture": "#0"},
				"west": {"uv": [3.375, 0, 3.875, 0.5], "rotation": 90, "texture": "#0"},
				"up": {"uv": [2.875, 0.9375, 3.375, 1.4375], "rotation": 180, "texture": "#0"},
				"down": {"uv": [2.875, 0.9375, 3.375, 1.4375], "texture": "#0"}
			}
		},
		{
			"from": [2.8, 18, 2.5],
			"to": [12.8, 26, 12.5],
			"rotation": {"angle": -45, "axis": "y", "origin": [7.3, 22, 8]},
			"faces": {
				"north": {"uv": [4.9375, 1.5625, 6.1875, 2.5625], "texture": "#0"},
				"east": {"uv": [4.9375, 2.5625, 5.9375, 3.8125], "rotation": 90, "texture": "#0"},
				"south": {"uv": [4.9375, 1.5625, 6.1875, 2.5625], "texture": "#0"},
				"west": {"uv": [4.9375, 2.5625, 5.9375, 3.8125], "rotation": 90, "texture": "#0"},
				"up": {"uv": [6.1875, 1.4375, 7.4375, 2.6875], "rotation": 180, "texture": "#0"},
				"down": {"uv": [6.1875, 2.6875, 7.4375, 3.9375], "rotation": 180, "texture": "#0"}
			}
		}
	],
	"gui_light": "front",
	"display": {
		"thirdperson_righthand": {
			"rotation": [60.75, 0, 0],
			"scale": [0.42773, 0.42773, 0.42773]
		},
		"thirdperson_lefthand": {
			"rotation": [60.75, 0, 0],
			"scale": [0.42773, 0.42773, 0.42773]
		},
		"firstperson_righthand": {
			"rotation": [-180, 41.75, -180],
			"translation": [12.25, -8, -18.5],
			"scale": [0.80469, 0.80469, 0.80469]
		},
		"firstperson_lefthand": {
			"rotation": [-180, 41.75, -180],
			"translation": [12.25, -8, -18.5],
			"scale": [0.80469, 0.80469, 0.80469]
		},
		"ground": {
			"translation": [0, 0.25, 0],
			"scale": [0.54492, 0.54492, 0.54492]
		},
		"gui": {
			"rotation": [16, 159, 0],
			"translation": [0, -2.5, 0],
			"scale": [0.49023, 0.49023, 0.49023]
		},
		"head": {
			"translation": [0, -34.25, -0.75],
			"scale": [1.06, 1.06, 1.06]
		},
		"fixed": {
			"rotation": [-90, 0, 0],
			"translation": [0, 0, -9.75],
			"scale": [1.36328, 1.36328, 1.36328]
		}
	}
}