{
	"credit": "Pologony Creation Co.,Ltd.",
	"textures": {
		"1": "item/multiple/ender_dragon/dragon_head",
		"3": "item/multiple/ender_dragon/fire_eyes",
		"5": "item/hoes/ender_dragon_scythe",
		"particle": "item/hoes/ender_dragon_scythe"
	},
	"elements": [
		{
			"from": [7.25, 19.75, 5.5],
			"to": [8.75, 22.25, 8],
			"rotation": {"angle": 45, "axis": "x", "origin": [7.5, 19.75, 8]},
			"faces": {
				"north": {"uv": [10.18182, 0, 10.72727, 0.90909], "texture": "#5"},
				"east": {"uv": [6.90909, 2.18182, 7.81818, 3.09091], "texture": "#5"},
				"south": {"uv": [10.18182, 1.45455, 10.72727, 2.36364], "texture": "#5"},
				"west": {"uv": [7.63636, 0, 8.54545, 0.90909], "texture": "#5"},
				"up": {"uv": [2.72727, 11.09091, 2.18182, 10.18182], "texture": "#5"},
				"down": {"uv": [10.72727, 2.90909, 10.18182, 3.81818], "texture": "#5"}
			}
		},
		{
			"from": [7, 20, 5.75],
			"to": [9, 22, 7.75],
			"rotation": {"angle": 45, "axis": "x", "origin": [7.5, 19.75, 8]},
			"faces": {
				"north": {"uv": [9.09091, 1.81818, 9.81818, 2.54545], "texture": "#5"},
				"east": {"uv": [2.18182, 9.09091, 2.90909, 9.81818], "texture": "#5"},
				"south": {"uv": [9.09091, 2.90909, 9.81818, 3.63636], "texture": "#5"},
				"west": {"uv": [9.09091, 4, 9.81818, 4.72727], "texture": "#5"},
				"up": {"uv": [9.81818, 5.81818, 9.09091, 5.09091], "texture": "#5"},
				"down": {"uv": [4, 9.45455, 3.27273, 10.18182], "texture": "#5"}
			}
		},
		{
			"from": [7.5, 20.45911, 8.55583],
			"to": [8.5, 21.95911, 10.55583],
			"rotation": {"angle": 22.5, "axis": "x", "origin": [7.875, 20.86601, 10.98417]},
			"faces": {
				"north": {"uv": [1.45455, 13.09091, 1.81818, 13.63636], "texture": "#5"},
				"east": {"uv": [0, 10.90909, 0.72727, 11.45455], "texture": "#5"},
				"south": {"uv": [13.09091, 6.54545, 13.45455, 7.09091], "texture": "#5"},
				"west": {"uv": [1.09091, 10.90909, 1.81818, 11.45455], "texture": "#5"},
				"up": {"uv": [12.72727, 5.45455, 12.36364, 4.72727], "texture": "#5"},
				"down": {"uv": [2.54545, 12.72727, 2.18182, 13.45455], "texture": "#5"}
			}
		},
		{
			"from": [7.5035, 20.19622, 10.05281],
			"to": [8.4965, 21.69622, 12.05281],
			"rotation": {"angle": 45, "axis": "x", "origin": [7.8785, 20.71651, 10.94454]},
			"faces": {
				"east": {"uv": [10.90909, 5.81818, 11.63636, 6.36364], "texture": "#5"},
				"south": {"uv": [7.27273, 13.09091, 7.63636, 13.63636], "texture": "#5"},
				"west": {"uv": [6.54545, 10.90909, 7.27273, 11.45455], "texture": "#5"},
				"up": {"uv": [13.09091, 10.90909, 12.72727, 10.18182], "texture": "#5"},
				"down": {"uv": [11.27273, 12.72727, 10.90909, 13.45455], "texture": "#5"}
			}
		},
		{
			"from": [7.5085, 19.4935, 10.88796],
			"to": [8.4915, 20.7435, 12.88796],
			"rotation": {"angle": -22.5, "axis": "x", "origin": [7.8835, 20.71651, 10.94454]},
			"faces": {
				"east": {"uv": [11.27273, 1.45455, 12, 1.90909], "texture": "#5"},
				"south": {"uv": [14.18182, 4.36364, 14.54545, 4.81818], "texture": "#5"},
				"west": {"uv": [11.27273, 2.54545, 12, 3], "texture": "#5"},
				"up": {"uv": [13.09091, 13.09091, 12.72727, 12.36364], "texture": "#5"},
				"down": {"uv": [0.36364, 13.09091, 0, 13.81818], "texture": "#5"}
			}
		},
		{
			"from": [7.5, 22.23116, 8.54481],
			"to": [8.5, 23.23116, 10.04481],
			"rotation": {"angle": 22.5, "axis": "x", "origin": [7.5, 22.23116, 10.54481]},
			"faces": {
				"north": {"uv": [7.63636, 1.45455, 8, 1.81818], "texture": "#5"},
				"east": {"uv": [13.09091, 7.63636, 13.63636, 8], "texture": "#5"},
				"south": {"uv": [4.36364, 9.81818, 4.72727, 10.18182], "texture": "#5"},
				"west": {"uv": [8, 13.09091, 8.54545, 13.45455], "texture": "#5"},
				"up": {"uv": [13.45455, 8.90909, 13.09091, 8.36364], "texture": "#5"},
				"down": {"uv": [9.45455, 13.09091, 9.09091, 13.63636], "texture": "#5"}
			}
		},
		{
			"from": [7.29289, 19.57843, 8],
			"to": [8.29289, 20.57843, 9],
			"rotation": {"angle": 45, "axis": "y", "origin": [7.29289, 19.57843, 8]},
			"faces": {
				"north": {"uv": [13.81818, 11.63636, 14.18182, 12], "texture": "#5"},
				"east": {"uv": [5.81818, 14.18182, 6.18182, 14.54545], "texture": "#5"},
				"south": {"uv": [6.54545, 14.18182, 6.90909, 14.54545], "texture": "#5"},
				"west": {"uv": [7.27273, 14.18182, 7.63636, 14.54545], "texture": "#5"}
			}
		},
		{
			"from": [7.985, 22.45974, 7.1622],
			"to": [8.015, 26.45974, 10.6622],
			"rotation": {"angle": 22.5, "axis": "x", "origin": [7.985, 22.45974, 7.6622]},
			"faces": {
				"east": {"uv": [1.27273, 5.09091, 0, 6.54545], "texture": "#5"},
				"west": {"uv": [0, 5.09091, 1.27273, 6.54545], "texture": "#5"}
			}
		},
		{
			"from": [7.99, 25.3072, 10.30772],
			"to": [8.01, 29.0072, 13.30772],
			"rotation": {"angle": 45, "axis": "x", "origin": [7.99, 25.0072, 6.30772]},
			"faces": {
				"east": {"uv": [2.90909, 5.09091, 1.81818, 6.54545], "texture": "#5"},
				"west": {"uv": [1.81818, 5.09091, 2.90909, 6.54545], "texture": "#5"}
			}
		},
		{
			"from": [7.995, 19.02276, 12.0035],
			"to": [8.005, 22.27276, 15.0035],
			"rotation": {"angle": -22.5, "axis": "x", "origin": [7.995, 20.27276, 13.0035]},
			"faces": {
				"east": {"uv": [6.36364, 2.18182, 5.09091, 3.36364], "texture": "#5"},
				"west": {"uv": [5.09091, 2.18182, 6.36364, 3.36364], "texture": "#5"}
			}
		},
		{
			"from": [11.44612, 18.61859, 9.045],
			"to": [11.94612, 20.96859, 9.075],
			"rotation": {"angle": 45, "axis": "z", "origin": [11.69612, 19.05609, 10.12]},
			"faces": {
				"north": {"uv": [11.14286, 6.85714, 10.85714, 8.14286], "texture": "#1"},
				"south": {"uv": [10.85714, 6.85714, 11.14286, 8.14286], "texture": "#1"}
			}
		},
		{
			"from": [11.44612, 18.61859, 6.925],
			"to": [11.94612, 20.96859, 6.955],
			"rotation": {"angle": 45, "axis": "z", "origin": [11.69612, 19.05609, 8]},
			"faces": {
				"north": {"uv": [11.14286, 6.85714, 10.85714, 8.14286], "texture": "#1"},
				"south": {"uv": [10.85714, 6.85714, 11.14286, 8.14286], "texture": "#1"}
			}
		},
		{
			"from": [11.44612, 18.61859, 6.925],
			"to": [11.94612, 18.64859, 9.075],
			"rotation": {"angle": 45, "axis": "z", "origin": [11.69612, 19.05609, 8]},
			"faces": {
				"up": {"uv": [10.85714, 1.71429, 11.14286, 3], "texture": "#1"},
				"down": {"uv": [10.85714, 1.71429, 11.14286, 3], "texture": "#1"}
			}
		},
		{
			"from": [11.33207, 18.52248, 7.025],
			"to": [11.83207, 18.55248, 8.975],
			"rotation": {"angle": 22.5, "axis": "z", "origin": [11.58207, 18.52248, 8.2]},
			"faces": {
				"up": {"uv": [11.42857, 12.57143, 11.71429, 11.42857], "texture": "#1"},
				"down": {"uv": [11.42857, 11.42857, 11.71429, 12.57143], "texture": "#1"}
			}
		},
		{
			"from": [10.00005, 18.48082, 8.945],
			"to": [10.50005, 20.83082, 8.975],
			"rotation": {"angle": 22.5, "axis": "z", "origin": [10.81135, 21.8499, 8.125]},
			"faces": {
				"north": {"uv": [2, 10.85714, 1.71429, 12.14286], "texture": "#1"},
				"south": {"uv": [1.71429, 10.85714, 2, 12.14286], "texture": "#1"}
			}
		},
		{
			"from": [10.00005, 18.48082, 7.025],
			"to": [10.50005, 20.83082, 7.055],
			"rotation": {"angle": 22.5, "axis": "z", "origin": [10.81135, 21.8499, 7.875]},
			"faces": {
				"north": {"uv": [2, 10.85714, 1.71429, 12.14286], "texture": "#1"},
				"south": {"uv": [1.71429, 10.85714, 2, 12.14286], "texture": "#1"}
			}
		},
		{
			"from": [9.08462, 18.20554, 7.625],
			"to": [9.83462, 18.95554, 8.375],
			"rotation": {"angle": -22.5, "axis": "z", "origin": [9.20962, 18.28054, 7.875]},
			"faces": {
				"north": {"uv": [3.28571, 12, 2.85714, 12.42857], "texture": "#1"},
				"south": {"uv": [12.42857, 4.57143, 12, 5], "texture": "#1"},
				"west": {"uv": [12.42857, 3.42857, 12, 3.85714], "texture": "#1"},
				"up": {"uv": [12, 6.14286, 12.42857, 5.71429], "texture": "#1"},
				"down": {"uv": [12, 6.85714, 12.42857, 7.28571], "texture": "#1"}
			}
		},
		{
			"from": [9.73462, 17.90554, 7.5],
			"to": [10.48462, 18.90554, 8.5],
			"rotation": {"angle": 0, "axis": "y", "origin": [9.98462, 17.90554, 7.5]},
			"faces": {
				"north": {"uv": [0.42857, 12, 0, 12.57143], "texture": "#1"},
				"south": {"uv": [12.42857, 0, 12, 0.57143], "texture": "#1"},
				"west": {"uv": [12, 10.28571, 11.42857, 10.85714], "texture": "#1"},
				"up": {"uv": [12, 1.71429, 12.42857, 1.14286], "texture": "#1"},
				"down": {"uv": [12, 2.28571, 12.42857, 2.85714], "texture": "#1"}
			}
		},
		{
			"from": [10.31289, 22.79224, 8.25],
			"to": [11.81289, 24.29224, 9.75],
			"rotation": {"angle": 22.5, "axis": "z", "origin": [10.81135, 21.8499, 7.75]},
			"faces": {
				"north": {"uv": [8.57143, 4.57143, 9.42857, 5.42857], "texture": "#1"},
				"east": {"uv": [8.57143, 6.28571, 9.42857, 7.14286], "texture": "#1"},
				"south": {"uv": [7.42857, 8, 8.28571, 8.85714], "texture": "#1"},
				"west": {"uv": [0, 8.57143, 0.85714, 9.42857], "texture": "#1"},
				"up": {"uv": [9.14286, 0, 10, 0.85714], "texture": "#1"},
				"down": {"uv": [9.14286, 2.57143, 10, 1.71429], "texture": "#1"}
			}
		},
		{
			"from": [9.4662, 23.91557, 8.375],
			"to": [10.7162, 25.16557, 9.625],
			"rotation": {"angle": 0, "axis": "y", "origin": [10.81135, 21.8499, 7.75]},
			"faces": {
				"north": {"uv": [5.71429, 9.71429, 6.42857, 10.42857], "texture": "#1"},
				"east": {"uv": [7.42857, 9.71429, 8.14286, 10.42857], "texture": "#1"},
				"south": {"uv": [9.14286, 9.14286, 9.85714, 9.85714], "texture": "#1"},
				"west": {"uv": [4, 9.71429, 4.71429, 10.42857], "texture": "#1"},
				"up": {"uv": [0, 10.28571, 0.71429, 11], "texture": "#1"}
			}
		},
		{
			"from": [8.39232, 24.39598, 8.5],
			"to": [9.39232, 25.39598, 9.5],
			"rotation": {"angle": -22.5, "axis": "z", "origin": [10.81135, 21.8499, 7.75]},
			"faces": {
				"north": {"uv": [5.14286, 11.42857, 5.71429, 12], "texture": "#1"},
				"east": {"uv": [6.28571, 11.42857, 6.85714, 12], "texture": "#1"},
				"south": {"uv": [10.28571, 10.85714, 10.85714, 11.42857], "texture": "#1"},
				"west": {"uv": [4, 11.42857, 4.57143, 12], "texture": "#1"},
				"up": {"uv": [7.42857, 11.42857, 8, 12], "texture": "#1"}
			}
		},
		{
			"from": [8.39232, 24.39598, 6.5],
			"to": [9.39232, 25.39598, 7.5],
			"rotation": {"angle": -22.5, "axis": "z", "origin": [10.81135, 21.8499, 8.25]},
			"faces": {
				"north": {"uv": [10.85714, 10.85714, 10.28571, 11.42857], "texture": "#1"},
				"east": {"uv": [6.85714, 11.42857, 6.28571, 12], "texture": "#1"},
				"south": {"uv": [5.71429, 11.42857, 5.14286, 12], "texture": "#1"},
				"west": {"uv": [4.57143, 11.42857, 4, 12], "texture": "#1"},
				"up": {"uv": [7.42857, 12, 8, 11.42857], "texture": "#1"}
			}
		},
		{
			"from": [9.4662, 23.91557, 6.375],
			"to": [10.7162, 25.16557, 7.625],
			"rotation": {"angle": 0, "axis": "y", "origin": [10.81135, 21.8499, 8.25]},
			"faces": {
				"north": {"uv": [9.85714, 9.14286, 9.14286, 9.85714], "texture": "#1"},
				"east": {"uv": [8.14286, 9.71429, 7.42857, 10.42857], "texture": "#1"},
				"south": {"uv": [6.42857, 9.71429, 5.71429, 10.42857], "texture": "#1"},
				"west": {"uv": [4.71429, 9.71429, 4, 10.42857], "texture": "#1"},
				"up": {"uv": [0, 11, 0.71429, 10.28571], "texture": "#1"}
			}
		},
		{
			"from": [10.31289, 22.79224, 6.25],
			"to": [11.81289, 24.29224, 7.75],
			"rotation": {"angle": 22.5, "axis": "z", "origin": [10.81135, 21.8499, 8.25]},
			"faces": {
				"north": {"uv": [8.28571, 8, 7.42857, 8.85714], "texture": "#1"},
				"east": {"uv": [9.42857, 6.28571, 8.57143, 7.14286], "texture": "#1"},
				"south": {"uv": [9.42857, 4.57143, 8.57143, 5.42857], "texture": "#1"},
				"west": {"uv": [0.85714, 8.57143, 0, 9.42857], "texture": "#1"},
				"up": {"uv": [9.14286, 0.85714, 10, 0], "texture": "#1"},
				"down": {"uv": [9.14286, 1.71429, 10, 2.57143], "texture": "#1"}
			}
		},
		{
			"from": [10.71145, 20.66126, 6.625],
			"to": [11.71145, 23.66126, 9.375],
			"rotation": {"angle": 45, "axis": "z", "origin": [10.81135, 21.8499, 8.125]},
			"faces": {
				"north": {"uv": [2.28571, 6.85714, 1.71429, 8.57143], "texture": "#1"},
				"east": {"uv": [1.57143, 0, 0, 1.71429], "texture": "#1"},
				"south": {"uv": [7.42857, 1.71429, 6.85714, 3.42857], "texture": "#1"},
				"up": {"uv": [5.14286, 9, 5.71429, 7.42857], "texture": "#1"},
				"down": {"uv": [7.42857, 5.71429, 8, 7.28571], "texture": "#1"}
			}
		},
		{
			"from": [8.71145, 20.66126, 6.625],
			"to": [10.71145, 21.66126, 9.375],
			"rotation": {"angle": 45, "axis": "z", "origin": [10.81135, 21.8499, 8.125]},
			"faces": {
				"north": {"uv": [10.28571, 3.42857, 9.14286, 4], "texture": "#1"},
				"south": {"uv": [10.28571, 8, 9.14286, 8.57143], "texture": "#1"},
				"west": {"uv": [4.42857, 6.85714, 2.85714, 7.42857], "texture": "#1"},
				"down": {"uv": [4, 4.57143, 5.14286, 6.14286], "texture": "#1"}
			}
		},
		{
			"from": [8.71145, 21.66126, 6.375],
			"to": [10.71145, 23.66126, 9.625],
			"rotation": {"angle": 45, "axis": "z", "origin": [10.81135, 21.8499, 8.125]},
			"faces": {
				"north": {"uv": [6.85714, 5.71429, 5.71429, 6.85714], "texture": "#1"},
				"east": {"uv": [4.14286, 0, 2.28571, 1.14286], "texture": "#1"},
				"south": {"uv": [1.14286, 6.85714, 0, 8], "texture": "#1"},
				"west": {"uv": [1.85714, 2.28571, 0, 3.42857], "texture": "#1"},
				"up": {"uv": [2.85714, 3.57143, 4, 1.71429], "texture": "#1"},
				"down": {"uv": [0, 4, 1.14286, 5.85714], "texture": "#1"}
			}
		},
		{
			"from": [9.00005, 18.33082, 6.875],
			"to": [10.00005, 20.83082, 9.125],
			"rotation": {"angle": 22.5, "axis": "z", "origin": [10.81135, 21.8499, 8.125]},
			"faces": {
				"north": {"uv": [6.85714, 7.42857, 6.28571, 8.85714], "texture": "#1"},
				"east": {"uv": [5.85714, 1.71429, 4.57143, 3.14286], "texture": "#1"},
				"south": {"uv": [8.57143, 0, 8, 1.42857], "texture": "#1"},
				"west": {"uv": [3, 4.57143, 1.71429, 6], "texture": "#1"},
				"down": {"uv": [2.85714, 8, 3.42857, 9.28571], "texture": "#1"}
			}
		},
		{
			"from": [9.96145, 18.41126, 7.25],
			"to": [10.96145, 19.41126, 8.75],
			"rotation": {"angle": 45, "axis": "z", "origin": [10.81135, 21.8499, 8]},
			"faces": {
				"north": {"uv": [9.71429, 10.85714, 9.14286, 11.42857], "texture": "#1"},
				"east": {"uv": [11.14286, 5.71429, 10.28571, 6.28571], "texture": "#1"},
				"south": {"uv": [11.42857, 9.14286, 10.85714, 9.71429], "texture": "#1"},
				"west": {"uv": [11.14286, 4.57143, 10.28571, 5.14286], "texture": "#1"},
				"up": {"uv": [2.85714, 11.14286, 3.42857, 10.28571], "texture": "#1"},
				"down": {"uv": [10.85714, 0, 11.42857, 0.85714], "texture": "#1"}
			}
		},
		{
			"from": [9.71145, 18.66126, 6.875],
			"to": [10.71145, 20.66126, 9.125],
			"rotation": {"angle": 45, "axis": "z", "origin": [10.81135, 21.8499, 8.125]},
			"faces": {
				"north": {"uv": [4.57143, 8, 4, 9.14286], "texture": "#1"},
				"east": {"uv": [7, 4, 5.71429, 5.14286], "texture": "#1"},
				"south": {"uv": [2.28571, 9.14286, 1.71429, 10.28571], "texture": "#1"},
				"west": {"uv": [6.42857, 0, 5.14286, 1.14286], "texture": "#1"},
				"down": {"uv": [8, 2.28571, 8.57143, 3.57143], "texture": "#1"}
			}
		},
		{
			"from": [9.3305, 21.43805, 5.25],
			"to": [11.8305, 21.46805, 10.75],
			"rotation": {"angle": -45, "axis": "z", "origin": [11.5805, 20.93805, 5]},
			"faces": {
				"up": {"uv": [0, 11, 5, 0], "texture": "#3"},
				"down": {"uv": [0, 0, 5, 11], "texture": "#3"}
			}
		},
		{
			"from": [4.05388, 18.61859, 9.045],
			"to": [4.55388, 20.96859, 9.075],
			"rotation": {"angle": -45, "axis": "z", "origin": [4.30388, 19.05609, 10.12]},
			"faces": {
				"north": {"uv": [10.85714, 6.85714, 11.14286, 8.14286], "texture": "#1"},
				"south": {"uv": [11.14286, 6.85714, 10.85714, 8.14286], "texture": "#1"}
			}
		},
		{
			"from": [4.05388, 18.61859, 6.925],
			"to": [4.55388, 20.96859, 6.955],
			"rotation": {"angle": -45, "axis": "z", "origin": [4.30388, 19.05609, 8]},
			"faces": {
				"north": {"uv": [10.85714, 6.85714, 11.14286, 8.14286], "texture": "#1"},
				"south": {"uv": [11.14286, 6.85714, 10.85714, 8.14286], "texture": "#1"}
			}
		},
		{
			"from": [4.05388, 18.61859, 6.925],
			"to": [4.55388, 18.64859, 9.075],
			"rotation": {"angle": -45, "axis": "z", "origin": [4.30388, 19.05609, 8]},
			"faces": {
				"up": {"uv": [11.14286, 1.71429, 10.85714, 3], "texture": "#1"},
				"down": {"uv": [11.14286, 1.71429, 10.85714, 3], "texture": "#1"}
			}
		},
		{
			"from": [4.16793, 18.52248, 7.025],
			"to": [4.66793, 18.55248, 8.975],
			"rotation": {"angle": -22.5, "axis": "z", "origin": [4.41793, 18.52248, 8.2]},
			"faces": {
				"up": {"uv": [11.71429, 12.57143, 11.42857, 11.42857], "texture": "#1"},
				"down": {"uv": [11.71429, 11.42857, 11.42857, 12.57143], "texture": "#1"}
			}
		},
		{
			"from": [5.49995, 18.48082, 8.945],
			"to": [5.99995, 20.83082, 8.975],
			"rotation": {"angle": -22.5, "axis": "z", "origin": [5.18865, 21.8499, 8.125]},
			"faces": {
				"north": {"uv": [1.71429, 10.85714, 2, 12.14286], "texture": "#1"},
				"south": {"uv": [2, 10.85714, 1.71429, 12.14286], "texture": "#1"}
			}
		},
		{
			"from": [5.49995, 18.48082, 7.025],
			"to": [5.99995, 20.83082, 7.055],
			"rotation": {"angle": -22.5, "axis": "z", "origin": [5.18865, 21.8499, 7.875]},
			"faces": {
				"north": {"uv": [1.71429, 10.85714, 2, 12.14286], "texture": "#1"},
				"south": {"uv": [2, 10.85714, 1.71429, 12.14286], "texture": "#1"}
			}
		},
		{
			"from": [6.16538, 18.20554, 7.625],
			"to": [6.91538, 18.95554, 8.375],
			"rotation": {"angle": 22.5, "axis": "z", "origin": [6.79038, 18.28054, 7.875]},
			"faces": {
				"north": {"uv": [2.85714, 12, 3.28571, 12.42857], "texture": "#1"},
				"east": {"uv": [12, 3.42857, 12.42857, 3.85714], "texture": "#1"},
				"south": {"uv": [12, 4.57143, 12.42857, 5], "texture": "#1"},
				"up": {"uv": [12.42857, 6.14286, 12, 5.71429], "texture": "#1"},
				"down": {"uv": [12.42857, 6.85714, 12, 7.28571], "texture": "#1"}
			}
		},
		{
			"from": [5.51538, 17.90554, 7.5],
			"to": [6.26538, 18.90554, 8.5],
			"rotation": {"angle": 0, "axis": "y", "origin": [6.01538, 17.90554, 7.5]},
			"faces": {
				"north": {"uv": [0, 12, 0.42857, 12.57143], "texture": "#1"},
				"east": {"uv": [11.42857, 10.28571, 12, 10.85714], "texture": "#1"},
				"south": {"uv": [12, 0, 12.42857, 0.57143], "texture": "#1"},
				"up": {"uv": [12.42857, 1.71429, 12, 1.14286], "texture": "#1"},
				"down": {"uv": [12.42857, 2.28571, 12, 2.85714], "texture": "#1"}
			}
		},
		{
			"from": [4.18711, 22.79224, 8.25],
			"to": [5.68711, 24.29224, 9.75],
			"rotation": {"angle": -22.5, "axis": "z", "origin": [5.18865, 21.8499, 7.75]},
			"faces": {
				"north": {"uv": [9.42857, 4.57143, 8.57143, 5.42857], "texture": "#1"},
				"east": {"uv": [0.85714, 8.57143, 0, 9.42857], "texture": "#1"},
				"south": {"uv": [8.28571, 8, 7.42857, 8.85714], "texture": "#1"},
				"west": {"uv": [9.42857, 6.28571, 8.57143, 7.14286], "texture": "#1"},
				"up": {"uv": [10, 0, 9.14286, 0.85714], "texture": "#1"},
				"down": {"uv": [10, 2.57143, 9.14286, 1.71429], "texture": "#1"}
			}
		},
		{
			"from": [5.2838, 23.91557, 8.375],
			"to": [6.5338, 25.16557, 9.625],
			"rotation": {"angle": 0, "axis": "y", "origin": [5.18865, 21.8499, 7.75]},
			"faces": {
				"north": {"uv": [6.42857, 9.71429, 5.71429, 10.42857], "texture": "#1"},
				"east": {"uv": [4.71429, 9.71429, 4, 10.42857], "texture": "#1"},
				"south": {"uv": [9.85714, 9.14286, 9.14286, 9.85714], "texture": "#1"},
				"west": {"uv": [8.14286, 9.71429, 7.42857, 10.42857], "texture": "#1"},
				"up": {"uv": [0.71429, 10.28571, 0, 11], "texture": "#1"}
			}
		},
		{
			"from": [6.60768, 24.39598, 8.5],
			"to": [7.60768, 25.39598, 9.5],
			"rotation": {"angle": 22.5, "axis": "z", "origin": [5.18865, 21.8499, 7.75]},
			"faces": {
				"north": {"uv": [5.71429, 11.42857, 5.14286, 12], "texture": "#1"},
				"east": {"uv": [4.57143, 11.42857, 4, 12], "texture": "#1"},
				"south": {"uv": [10.85714, 10.85714, 10.28571, 11.42857], "texture": "#1"},
				"west": {"uv": [6.85714, 11.42857, 6.28571, 12], "texture": "#1"},
				"up": {"uv": [8, 11.42857, 7.42857, 12], "texture": "#1"}
			}
		},
		{
			"from": [6.60768, 24.39598, 6.5],
			"to": [7.60768, 25.39598, 7.5],
			"rotation": {"angle": 22.5, "axis": "z", "origin": [5.18865, 21.8499, 8.25]},
			"faces": {
				"north": {"uv": [10.28571, 10.85714, 10.85714, 11.42857], "texture": "#1"},
				"east": {"uv": [4, 11.42857, 4.57143, 12], "texture": "#1"},
				"south": {"uv": [5.14286, 11.42857, 5.71429, 12], "texture": "#1"},
				"west": {"uv": [6.28571, 11.42857, 6.85714, 12], "texture": "#1"},
				"up": {"uv": [8, 12, 7.42857, 11.42857], "texture": "#1"}
			}
		},
		{
			"from": [5.2838, 23.91557, 6.375],
			"to": [6.5338, 25.16557, 7.625],
			"rotation": {"angle": 0, "axis": "y", "origin": [5.18865, 21.8499, 8.25]},
			"faces": {
				"north": {"uv": [9.14286, 9.14286, 9.85714, 9.85714], "texture": "#1"},
				"east": {"uv": [4, 9.71429, 4.71429, 10.42857], "texture": "#1"},
				"south": {"uv": [5.71429, 9.71429, 6.42857, 10.42857], "texture": "#1"},
				"west": {"uv": [7.42857, 9.71429, 8.14286, 10.42857], "texture": "#1"},
				"up": {"uv": [0.71429, 11, 0, 10.28571], "texture": "#1"}
			}
		},
		{
			"from": [4.18711, 22.79224, 6.25],
			"to": [5.68711, 24.29224, 7.75],
			"rotation": {"angle": -22.5, "axis": "z", "origin": [5.18865, 21.8499, 8.25]},
			"faces": {
				"north": {"uv": [7.42857, 8, 8.28571, 8.85714], "texture": "#1"},
				"east": {"uv": [0, 8.57143, 0.85714, 9.42857], "texture": "#1"},
				"south": {"uv": [8.57143, 4.57143, 9.42857, 5.42857], "texture": "#1"},
				"west": {"uv": [8.57143, 6.28571, 9.42857, 7.14286], "texture": "#1"},
				"up": {"uv": [10, 0.85714, 9.14286, 0], "texture": "#1"},
				"down": {"uv": [10, 1.71429, 9.14286, 2.57143], "texture": "#1"}
			}
		},
		{
			"from": [4.28855, 20.66126, 6.625],
			"to": [5.28855, 23.66126, 9.375],
			"rotation": {"angle": -45, "axis": "z", "origin": [5.18865, 21.8499, 8.125]},
			"faces": {
				"north": {"uv": [1.71429, 6.85714, 2.28571, 8.57143], "texture": "#1"},
				"south": {"uv": [6.85714, 1.71429, 7.42857, 3.42857], "texture": "#1"},
				"west": {"uv": [0, 0, 1.57143, 1.71429], "texture": "#1"},
				"up": {"uv": [5.71429, 9, 5.14286, 7.42857], "texture": "#1"},
				"down": {"uv": [8, 5.71429, 7.42857, 7.28571], "texture": "#1"}
			}
		},
		{
			"from": [5.28855, 20.66126, 6.625],
			"to": [7.28855, 21.66126, 9.375],
			"rotation": {"angle": -45, "axis": "z", "origin": [5.18865, 21.8499, 8.125]},
			"faces": {
				"north": {"uv": [9.14286, 3.42857, 10.28571, 4], "texture": "#1"},
				"east": {"uv": [2.85714, 6.85714, 4.42857, 7.42857], "texture": "#1"},
				"south": {"uv": [9.14286, 8, 10.28571, 8.57143], "texture": "#1"},
				"down": {"uv": [5.14286, 4.57143, 4, 6.14286], "texture": "#1"}
			}
		},
		{
			"from": [5.28855, 21.66126, 6.375],
			"to": [7.28855, 23.66126, 9.625],
			"rotation": {"angle": -45, "axis": "z", "origin": [5.18865, 21.8499, 8.125]},
			"faces": {
				"north": {"uv": [5.71429, 5.71429, 6.85714, 6.85714], "texture": "#1"},
				"east": {"uv": [0, 2.28571, 1.85714, 3.42857], "texture": "#1"},
				"south": {"uv": [0, 6.85714, 1.14286, 8], "texture": "#1"},
				"west": {"uv": [2.28571, 0, 4.14286, 1.14286], "texture": "#1"},
				"up": {"uv": [4, 3.57143, 2.85714, 1.71429], "texture": "#1"},
				"down": {"uv": [1.14286, 4, 0, 5.85714], "texture": "#1"}
			}
		},
		{
			"from": [5.99995, 18.33082, 6.875],
			"to": [6.99995, 20.83082, 9.125],
			"rotation": {"angle": -22.5, "axis": "z", "origin": [5.18865, 21.8499, 8.125]},
			"faces": {
				"north": {"uv": [6.28571, 7.42857, 6.85714, 8.85714], "texture": "#1"},
				"east": {"uv": [1.71429, 4.57143, 3, 6], "texture": "#1"},
				"south": {"uv": [8, 0, 8.57143, 1.42857], "texture": "#1"},
				"west": {"uv": [4.57143, 1.71429, 5.85714, 3.14286], "texture": "#1"},
				"down": {"uv": [3.42857, 8, 2.85714, 9.28571], "texture": "#1"}
			}
		},
		{
			"from": [5.03855, 18.41126, 7.25],
			"to": [6.03855, 19.41126, 8.75],
			"rotation": {"angle": -45, "axis": "z", "origin": [5.18865, 21.8499, 8]},
			"faces": {
				"north": {"uv": [9.14286, 10.85714, 9.71429, 11.42857], "texture": "#1"},
				"east": {"uv": [10.28571, 4.57143, 11.14286, 5.14286], "texture": "#1"},
				"south": {"uv": [10.85714, 9.14286, 11.42857, 9.71429], "texture": "#1"},
				"west": {"uv": [10.28571, 5.71429, 11.14286, 6.28571], "texture": "#1"},
				"up": {"uv": [3.42857, 11.14286, 2.85714, 10.28571], "texture": "#1"},
				"down": {"uv": [11.42857, 0, 10.85714, 0.85714], "texture": "#1"}
			}
		},
		{
			"from": [5.28855, 18.66126, 6.875],
			"to": [6.28855, 20.66126, 9.125],
			"rotation": {"angle": -45, "axis": "z", "origin": [5.18865, 21.8499, 8.125]},
			"faces": {
				"north": {"uv": [4, 8, 4.57143, 9.14286], "texture": "#1"},
				"east": {"uv": [5.14286, 0, 6.42857, 1.14286], "texture": "#1"},
				"south": {"uv": [1.71429, 9.14286, 2.28571, 10.28571], "texture": "#1"},
				"west": {"uv": [5.71429, 4, 7, 5.14286], "texture": "#1"},
				"down": {"uv": [8.57143, 2.28571, 8, 3.57143], "texture": "#1"}
			}
		},
		{
			"from": [4.1695, 21.43805, 5.25],
			"to": [6.6695, 21.46805, 10.75],
			"rotation": {"angle": 45, "axis": "z", "origin": [4.4195, 20.93805, 5]},
			"faces": {
				"up": {"uv": [5, 11, 0, 0], "texture": "#3"},
				"down": {"uv": [5, 0, 0, 11], "texture": "#3"}
			}
		},
		{
			"from": [7.5, -4.24657, 5.5],
			"to": [8.5, -2.99657, 7.5],
			"rotation": {"angle": 22.5, "axis": "x", "origin": [6.5, -4.49657, 4.5]},
			"faces": {
				"north": {"uv": [5.09091, 14.18182, 5.45455, 14.63636], "texture": "#5"},
				"east": {"uv": [11.27273, 3.63636, 12, 4.09091], "texture": "#5"},
				"south": {"uv": [14.18182, 5.45455, 14.54545, 5.90909], "texture": "#5"},
				"west": {"uv": [11.27273, 4.72727, 12, 5.18182], "texture": "#5"},
				"up": {"uv": [13.45455, 0.72727, 13.09091, 0], "texture": "#5"},
				"down": {"uv": [1.09091, 13.09091, 0.72727, 13.81818], "texture": "#5"}
			}
		},
		{
			"from": [7.625, -5.80317, 5.3227],
			"to": [8.375, -3.15317, 6.4477],
			"rotation": {"angle": -22.5, "axis": "x", "origin": [7.975, -3.60317, 5.5602]},
			"faces": {
				"north": {"uv": [12.36364, 3.27273, 12.63636, 4.27273], "texture": "#5"},
				"east": {"uv": [8.72727, 10.54545, 9.18182, 11.54545], "texture": "#5"},
				"south": {"uv": [12, 12.36364, 12.27273, 13.36364], "texture": "#5"},
				"west": {"uv": [9.81818, 10.54545, 10.27273, 11.54545], "texture": "#5"},
				"up": {"uv": [14.45455, 9.90909, 14.18182, 9.45455], "texture": "#5"},
				"down": {"uv": [14.45455, 12.36364, 14.18182, 12.81818], "texture": "#5"}
			}
		},
		{
			"from": [7.25, -5.74657, 8],
			"to": [8.75, -3.74657, 10],
			"rotation": {"angle": -45, "axis": "x", "origin": [7.5, -5.74657, 8]},
			"faces": {
				"north": {"uv": [10.90909, 6.90909, 11.45455, 7.63636], "texture": "#5"},
				"east": {"uv": [9.81818, 6.18182, 10.54545, 6.90909], "texture": "#5"},
				"south": {"uv": [7.63636, 10.90909, 8.18182, 11.63636], "texture": "#5"},
				"west": {"uv": [9.81818, 7.27273, 10.54545, 8], "texture": "#5"},
				"up": {"uv": [11.45455, 8.72727, 10.90909, 8], "texture": "#5"},
				"down": {"uv": [11.45455, 9.09091, 10.90909, 9.81818], "texture": "#5"}
			}
		},
		{
			"from": [7.75, -6.74657, 8],
			"to": [8.25, -4.74657, 10],
			"rotation": {"angle": -45, "axis": "x", "origin": [7.5, -6.74657, 8]},
			"faces": {
				"north": {"uv": [8.72727, 14.18182, 8.90909, 14.90909], "texture": "#5"},
				"east": {"uv": [9.81818, 8.36364, 10.54545, 9.09091], "texture": "#5"},
				"west": {"uv": [9.81818, 9.45455, 10.54545, 10.18182], "texture": "#5"},
				"down": {"uv": [9.63636, 14.18182, 9.45455, 14.90909], "texture": "#5"}
			}
		},
		{
			"from": [7.11612, 5.50343, 7.92678],
			"to": [8.61612, 6.00343, 9.42678],
			"rotation": {"angle": 45, "axis": "y", "origin": [7.11612, 5.50343, 8.17678]},
			"faces": {
				"north": {"uv": [14.18182, 13.45455, 14.72727, 13.63636], "texture": "#5"},
				"east": {"uv": [14.18182, 14.18182, 14.72727, 14.36364], "texture": "#5"},
				"south": {"uv": [14.54545, 0, 15.09091, 0.18182], "texture": "#5"},
				"west": {"uv": [14.54545, 6.54545, 15.09091, 6.72727], "texture": "#5"},
				"up": {"uv": [2.72727, 12.18182, 2.18182, 11.63636], "texture": "#5"},
				"down": {"uv": [12.18182, 10.18182, 11.63636, 10.72727], "texture": "#5"}
			}
		},
		{
			"from": [7.11612, 10.00343, 7.92678],
			"to": [8.61612, 10.50343, 9.42678],
			"rotation": {"angle": 45, "axis": "y", "origin": [7.11612, 4.00343, 8.17678]},
			"faces": {
				"north": {"uv": [14.54545, 8.36364, 15.09091, 8.54545], "texture": "#5"},
				"east": {"uv": [14.54545, 10.54545, 15.09091, 10.72727], "texture": "#5"},
				"south": {"uv": [14.54545, 11.27273, 15.09091, 11.45455], "texture": "#5"},
				"west": {"uv": [12.72727, 14.54545, 13.27273, 14.72727], "texture": "#5"},
				"up": {"uv": [11.45455, 12.18182, 10.90909, 11.63636], "texture": "#5"},
				"down": {"uv": [0.54545, 12, 0, 12.54545], "texture": "#5"}
			}
		},
		{
			"from": [7.11612, 7.75343, 8],
			"to": [8.36612, 8.25343, 9.25],
			"rotation": {"angle": 45, "axis": "y", "origin": [7.11612, 4.75343, 8]},
			"faces": {
				"north": {"uv": [14.90909, 5.81818, 15.36364, 6], "texture": "#5"},
				"east": {"uv": [6.90909, 14.90909, 7.36364, 15.09091], "texture": "#5"},
				"south": {"uv": [14.90909, 7.27273, 15.36364, 7.45455], "texture": "#5"},
				"west": {"uv": [14.90909, 9.09091, 15.36364, 9.27273], "texture": "#5"},
				"up": {"uv": [3.36364, 13.54545, 2.90909, 13.09091], "texture": "#5"},
				"down": {"uv": [13.54545, 3.27273, 13.09091, 3.72727], "texture": "#5"}
			}
		},
		{
			"from": [7.29289, 5.00343, 8],
			"to": [8.29289, 11.00343, 9],
			"rotation": {"angle": 45, "axis": "y", "origin": [7.29289, 4.50343, 8]},
			"faces": {
				"north": {"uv": [4.36364, 7.27273, 4.72727, 9.45455], "texture": "#5"},
				"east": {"uv": [7.63636, 3.63636, 8, 5.81818], "texture": "#5"},
				"south": {"uv": [7.63636, 6.18182, 8, 8.36364], "texture": "#5"},
				"west": {"uv": [5.09091, 8, 5.45455, 10.18182], "texture": "#5"}
			}
		},
		{
			"from": [7.11612, -3.24657, 7.92678],
			"to": [8.61612, -2.74657, 9.42678],
			"rotation": {"angle": 45, "axis": "y", "origin": [7.11612, -3.24657, 8.17678]},
			"faces": {
				"north": {"uv": [14.90909, 3.63636, 15.45455, 3.81818], "texture": "#5"},
				"east": {"uv": [14.90909, 4.36364, 15.45455, 4.54545], "texture": "#5"},
				"south": {"uv": [14.90909, 5.09091, 15.45455, 5.27273], "texture": "#5"},
				"west": {"uv": [5.81818, 14.90909, 6.36364, 15.09091], "texture": "#5"},
				"up": {"uv": [6, 12.54545, 5.45455, 12], "texture": "#5"},
				"down": {"uv": [12.54545, 5.81818, 12, 6.36364], "texture": "#5"}
			}
		},
		{
			"from": [7.11612, 1.25343, 7.92678],
			"to": [8.61612, 1.75343, 9.42678],
			"rotation": {"angle": 45, "axis": "y", "origin": [7.11612, -4.74657, 8.17678]},
			"faces": {
				"north": {"uv": [14.90909, 0.72727, 15.45455, 0.90909], "texture": "#5"},
				"east": {"uv": [14.90909, 1.45455, 15.45455, 1.63636], "texture": "#5"},
				"south": {"uv": [14.90909, 2.18182, 15.45455, 2.36364], "texture": "#5"},
				"west": {"uv": [14.90909, 2.90909, 15.45455, 3.09091], "texture": "#5"},
				"up": {"uv": [3.81818, 12.54545, 3.27273, 12], "texture": "#5"},
				"down": {"uv": [4.90909, 12, 4.36364, 12.54545], "texture": "#5"}
			}
		},
		{
			"from": [7.11612, -0.99657, 8],
			"to": [8.36612, -0.49657, 9.25],
			"rotation": {"angle": 45, "axis": "y", "origin": [7.11612, -3.99657, 8]},
			"faces": {
				"north": {"uv": [14.90909, 9.81818, 15.36364, 10], "texture": "#5"},
				"east": {"uv": [10.18182, 14.90909, 10.63636, 15.09091], "texture": "#5"},
				"south": {"uv": [11.27273, 14.90909, 11.72727, 15.09091], "texture": "#5"},
				"west": {"uv": [14.90909, 12, 15.36364, 12.18182], "texture": "#5"},
				"up": {"uv": [13.54545, 5.90909, 13.09091, 5.45455], "texture": "#5"},
				"down": {"uv": [6.63636, 13.09091, 6.18182, 13.54545], "texture": "#5"}
			}
		},
		{
			"from": [7.29289, -3.74657, 8],
			"to": [8.29289, 2.25343, 9],
			"rotation": {"angle": 45, "axis": "y", "origin": [7.29289, -4.24657, 8]},
			"faces": {
				"north": {"uv": [5.81818, 8, 6.18182, 10.18182], "texture": "#5"},
				"east": {"uv": [8.36364, 1.45455, 8.72727, 3.63636], "texture": "#5"},
				"south": {"uv": [8.36364, 4, 8.72727, 6.18182], "texture": "#5"},
				"west": {"uv": [6.54545, 8.36364, 6.90909, 10.54545], "texture": "#5"},
				"down": {"uv": [14.54545, 7.63636, 14.18182, 8], "texture": "#5"}
			}
		},
		{
			"from": [7.985, -7.51749, 5.83435],
			"to": [8.015, -2.76749, 8.08435],
			"rotation": {"angle": -22.5, "axis": "x", "origin": [7.985, -6.76749, 4.58435]},
			"faces": {
				"east": {"uv": [4.09091, 5.09091, 3.27273, 6.81818], "texture": "#5"},
				"west": {"uv": [3.27273, 5.09091, 4.09091, 6.81818], "texture": "#5"}
			}
		},
		{
			"from": [7.5, -4.24657, 8.5],
			"to": [8.5, -2.99657, 10.5],
			"rotation": {"angle": -22.5, "axis": "x", "origin": [6.5, -4.49657, 11.5]},
			"faces": {
				"north": {"uv": [14.54545, 5.45455, 14.18182, 5.90909], "texture": "#5"},
				"east": {"uv": [12, 3.63636, 11.27273, 4.09091], "texture": "#5"},
				"south": {"uv": [5.45455, 14.18182, 5.09091, 14.63636], "texture": "#5"},
				"west": {"uv": [12, 4.72727, 11.27273, 5.18182], "texture": "#5"},
				"up": {"uv": [13.45455, 0, 13.09091, 0.72727], "texture": "#5"},
				"down": {"uv": [1.09091, 13.81818, 0.72727, 13.09091], "texture": "#5"}
			}
		},
		{
			"from": [7.625, -5.80317, 9.5523],
			"to": [8.375, -3.15317, 10.6773],
			"rotation": {"angle": 22.5, "axis": "x", "origin": [7.975, -3.60317, 10.4398]},
			"faces": {
				"north": {"uv": [12.27273, 12.36364, 12, 13.36364], "texture": "#5"},
				"east": {"uv": [9.18182, 10.54545, 8.72727, 11.54545], "texture": "#5"},
				"south": {"uv": [12.63636, 3.27273, 12.36364, 4.27273], "texture": "#5"},
				"west": {"uv": [10.27273, 10.54545, 9.81818, 11.54545], "texture": "#5"},
				"up": {"uv": [14.45455, 9.45455, 14.18182, 9.90909], "texture": "#5"},
				"down": {"uv": [14.45455, 12.81818, 14.18182, 12.36364], "texture": "#5"}
			}
		},
		{
			"from": [7.985, -7.51749, 7.91565],
			"to": [8.015, -2.76749, 10.16565],
			"rotation": {"angle": 22.5, "axis": "x", "origin": [7.985, -6.76749, 11.41565]},
			"faces": {
				"east": {"uv": [3.27273, 5.09091, 4.09091, 6.81818], "texture": "#5"},
				"west": {"uv": [4.09091, 5.09091, 3.27273, 6.81818], "texture": "#5"}
			}
		},
		{
			"from": [7.04289, 14.57843, 7.75],
			"to": [8.54289, 19.57843, 9.25],
			"rotation": {"angle": 45, "axis": "y", "origin": [7.29289, 16.82843, 8]},
			"faces": {
				"north": {"uv": [6.54545, 4, 7.09091, 5.81818], "texture": "#5"},
				"east": {"uv": [6.54545, 6.18182, 7.09091, 8], "texture": "#5"},
				"south": {"uv": [0, 6.90909, 0.54545, 8.72727], "texture": "#5"},
				"west": {"uv": [1.09091, 6.90909, 1.63636, 8.72727], "texture": "#5"},
				"up": {"uv": [12.54545, 0.54545, 12, 0], "texture": "#5"},
				"down": {"uv": [1.63636, 12, 1.09091, 12.54545], "texture": "#5"}
			}
		},
		{
			"from": [7.29289, 2.25343, 7.92678],
			"to": [8.54289, 5.00343, 9.17678],
			"rotation": {"angle": 45, "axis": "y", "origin": [7.29289, 4.00343, 8.17678]},
			"faces": {
				"north": {"uv": [10.18182, 4.36364, 10.63636, 5.36364], "texture": "#5"},
				"east": {"uv": [3.27273, 10.54545, 3.72727, 11.54545], "texture": "#5"},
				"south": {"uv": [4.36364, 10.54545, 4.81818, 11.54545], "texture": "#5"},
				"west": {"uv": [5.45455, 10.54545, 5.90909, 11.54545], "texture": "#5"},
				"up": {"uv": [4.45455, 13.54545, 4, 13.09091], "texture": "#5"},
				"down": {"uv": [13.54545, 4.36364, 13.09091, 4.81818], "texture": "#5"}
			}
		},
		{
			"from": [7.29289, 11.00343, 7.92678],
			"to": [8.54289, 14.57843, 9.17678],
			"rotation": {"angle": 45, "axis": "y", "origin": [7.29289, 14.07843, 8.17678]},
			"faces": {
				"north": {"uv": [8.72727, 8.72727, 9.18182, 10], "texture": "#5"},
				"east": {"uv": [0, 9.09091, 0.45455, 10.36364], "texture": "#5"},
				"south": {"uv": [9.09091, 0, 9.54545, 1.27273], "texture": "#5"},
				"west": {"uv": [1.09091, 9.09091, 1.54545, 10.36364], "texture": "#5"},
				"down": {"uv": [5.54545, 13.09091, 5.09091, 13.54545], "texture": "#5"}
			}
		},
		{
			"from": [7.5, 22.25, 4.5],
			"to": [8.5, 23.75, 7.5],
			"rotation": {"angle": 22.5, "axis": "x", "origin": [7.5, 22.25, 3.5]},
			"faces": {
				"north": {"uv": [9.81818, 13.09091, 10.18182, 13.63636], "texture": "#5"},
				"east": {"uv": [8.36364, 6.54545, 9.45455, 7.09091], "texture": "#5"},
				"south": {"uv": [13.09091, 11.27273, 13.45455, 11.81818], "texture": "#5"},
				"west": {"uv": [8.36364, 7.63636, 9.45455, 8.18182], "texture": "#5"},
				"up": {"uv": [11.27273, 11.27273, 10.90909, 10.18182], "texture": "#5"},
				"down": {"uv": [11.63636, 0, 11.27273, 1.09091], "texture": "#5"}
			}
		},
		{
			"from": [7.5035, 22.57442, 3.21677],
			"to": [8.4965, 23.96442, 4.71677],
			"rotation": {"angle": 45, "axis": "x", "origin": [7.5035, 22.57442, 3.71677]},
			"faces": {
				"north": {"uv": [13.45455, 1.09091, 13.81818, 1.63636], "texture": "#5"},
				"east": {"uv": [6.54545, 12, 7.09091, 12.54545], "texture": "#5"},
				"south": {"uv": [13.45455, 2.18182, 13.81818, 2.72727], "texture": "#5"},
				"west": {"uv": [12, 6.90909, 12.54545, 7.45455], "texture": "#5"},
				"up": {"uv": [13.81818, 10, 13.45455, 9.45455], "texture": "#5"},
				"down": {"uv": [13.81818, 12.36364, 13.45455, 12.90909], "texture": "#5"}
			}
		},
		{
			"from": [7.5085, 23.0041, 3.7459],
			"to": [8.4915, 24.5041, 5.0359],
			"rotation": {"angle": -22.5, "axis": "x", "origin": [7.5085, 22.0041, 3.7459]},
			"faces": {
				"north": {"uv": [12.72727, 13.45455, 13.09091, 14], "texture": "#5"},
				"east": {"uv": [7.63636, 12, 8.18182, 12.54545], "texture": "#5"},
				"south": {"uv": [13.45455, 13.45455, 13.81818, 14], "texture": "#5"},
				"west": {"uv": [12, 8, 12.54545, 8.54545], "texture": "#5"},
				"up": {"uv": [14.18182, 0.54545, 13.81818, 0], "texture": "#5"},
				"down": {"uv": [2.54545, 13.81818, 2.18182, 14.36364], "texture": "#5"}
			}
		},
		{
			"from": [7.5135, 24.3138, 2.78919],
			"to": [8.4865, 25.8138, 3.97919],
			"rotation": {"angle": 0, "axis": "x", "origin": [7.5135, 21.3138, 2.78919]},
			"faces": {
				"north": {"uv": [13.81818, 6.54545, 14.18182, 7.09091], "texture": "#5"},
				"east": {"uv": [8.72727, 12, 9.27273, 12.54545], "texture": "#5"},
				"south": {"uv": [8, 13.81818, 8.36364, 14.36364], "texture": "#5"},
				"west": {"uv": [12, 9.09091, 12.54545, 9.63636], "texture": "#5"},
				"up": {"uv": [14.18182, 8.90909, 13.81818, 8.36364], "texture": "#5"},
				"down": {"uv": [10.90909, 13.81818, 10.54545, 14.36364], "texture": "#5"}
			}
		},
		{
			"from": [7.5185, 25.45066, 3.11479],
			"to": [8.4815, 26.95066, 4.21479],
			"rotation": {"angle": 22.5, "axis": "x", "origin": [8.0185, 26.45066, 3.86479]},
			"faces": {
				"north": {"uv": [13.81818, 10.54545, 14.18182, 11.09091], "texture": "#5"},
				"east": {"uv": [9.81818, 12, 10.36364, 12.54545], "texture": "#5"},
				"south": {"uv": [11.27273, 13.81818, 11.63636, 14.36364], "texture": "#5"},
				"west": {"uv": [12, 11.27273, 12.54545, 11.81818], "texture": "#5"},
				"up": {"uv": [12.36364, 14.36364, 12, 13.81818], "texture": "#5"},
				"down": {"uv": [0.36364, 14.18182, 0, 14.72727], "texture": "#5"}
			}
		},
		{
			"from": [7.5235, 26.66929, 3.14355],
			"to": [8.4765, 28.16929, 4.16355],
			"rotation": {"angle": 45, "axis": "x", "origin": [8.0235, 26.66929, 3.89355]},
			"faces": {
				"north": {"uv": [0.72727, 14.18182, 1.09091, 14.72727], "texture": "#5"},
				"east": {"uv": [12.36364, 1.09091, 12.90909, 1.63636], "texture": "#5"},
				"south": {"uv": [14.18182, 1.09091, 14.54545, 1.63636], "texture": "#5"},
				"west": {"uv": [12.36364, 2.18182, 12.90909, 2.72727], "texture": "#5"},
				"up": {"uv": [1.81818, 14.72727, 1.45455, 14.18182], "texture": "#5"},
				"down": {"uv": [14.54545, 2.18182, 14.18182, 2.72727], "texture": "#5"}
			}
		},
		{
			"from": [7.5335, 18.23404, -1.34756],
			"to": [8.4665, 22.73404, 0.25244],
			"rotation": {"angle": 22.5, "axis": "x", "origin": [8.0335, 31.23404, 1.90244]},
			"faces": {
				"north": {"uv": [7.27273, 8.72727, 7.63636, 10.36364], "texture": "#5"},
				"east": {"uv": [2.18182, 6.90909, 2.72727, 8.54545], "texture": "#5"},
				"south": {"uv": [8, 8.72727, 8.36364, 10.36364], "texture": "#5"},
				"west": {"uv": [3.27273, 7.27273, 3.81818, 8.90909], "texture": "#5"},
				"up": {"uv": [3.27273, 14.72727, 2.90909, 14.18182], "texture": "#5"},
				"down": {"uv": [14.54545, 3.27273, 14.18182, 3.81818], "texture": "#5"}
			}
		},
		{
			"from": [7.5285, 26.43364, -3.71822],
			"to": [8.4715, 27.93364, 5.78178],
			"rotation": {"angle": -22.5, "axis": "x", "origin": [8.0285, 24.68364, 4.28178]},
			"faces": {
				"north": {"uv": [3.63636, 14.18182, 4, 14.72727], "texture": "#5"},
				"east": {"uv": [3.63636, 0, 7.09091, 0.54545], "texture": "#5"},
				"south": {"uv": [4.36364, 14.18182, 4.72727, 14.72727], "texture": "#5"},
				"west": {"uv": [3.63636, 1.09091, 7.09091, 1.63636], "texture": "#5"},
				"up": {"uv": [5.45455, 7.45455, 5.09091, 4], "texture": "#5"},
				"down": {"uv": [6.18182, 4, 5.81818, 7.45455], "texture": "#5"}
			}
		},
		{
			"from": [7.985, 22.28364, -2.71822],
			"to": [8.015, 27.93364, 5.78178],
			"rotation": {"angle": -22.5, "axis": "x", "origin": [7.542, 24.68364, 4.28178]},
			"faces": {
				"east": {"uv": [3.09091, 0, 0, 2], "texture": "#5"},
				"west": {"uv": [0, 0, 3.09091, 2], "texture": "#5"}
			}
		},
		{
			"from": [7.99, 18.7601, -6.76274],
			"to": [8.01, 24.0101, -1.26274],
			"rotation": {"angle": 22.5, "axis": "x", "origin": [7.99, 18.2601, -4.01274]},
			"faces": {
				"east": {"uv": [4.54545, 2.54545, 2.54545, 4.45455], "texture": "#5"},
				"west": {"uv": [2.54545, 2.54545, 4.54545, 4.45455], "texture": "#5"}
			}
		},
		{
			"from": [7.995, 14.27442, -6.36206],
			"to": [8.005, 19.77442, -0.76206],
			"rotation": {"angle": 0, "axis": "x", "origin": [7.995, 17.77442, -3.61206]},
			"faces": {
				"east": {"uv": [2, 2.54545, 0, 4.54545], "texture": "#5"},
				"west": {"uv": [0, 2.54545, 2, 4.54545], "texture": "#5"}
			}
		}
	],
	"gui_light": "front",
	"display": {
		"thirdperson_righthand": {
			"translation": [0, -2, 0.75]
		},
		"thirdperson_lefthand": {
			"translation": [0, -2, 0.75]
		},
		"firstperson_righthand": {
			"rotation": [-5, 0, 0],
			"translation": [5.25, -4, -1.25],
			"scale": [0.8, 0.8, 0.8]
		},
		"firstperson_lefthand": {
			"rotation": [-5, 0, 0],
			"translation": [5.25, -4, -1.25],
			"scale": [0.8, 0.8, 0.8]
		},
		"ground": {
			"rotation": [-45, 0, 0],
			"translation": [0, 3, 0],
			"scale": [0.5, 0.5, 0.5]
		},
		"gui": {
			"rotation": [-90, 45, 90],
			"translation": [2.25, -1, 0],
			"scale": [0.5, 0.5, 0.5]
		},
		"head": {
			"rotation": [0, -90, 0]
		},
		"fixed": {
			"rotation": [0, -90, 0],
			"translation": [0, 0, -1.5],
			"scale": [2, 2, 2]
		}
	}
}