{
    "credit": "Pologony Creation Co.,Ltd.",
    "texture_size": [
        28,
        28
    ],
    "textures": {
        "0": "item/hoes/heaven_hoe",
        "1": "item/multiple/heaven/animation_1",
        "particle": "item/hoes/heaven_hoe"
    },
    "elements": [
        {
            "from": [
                7.5,
                1,
                6.38425
            ],
            "to": [
                8.5,
                2,
                7.88425
            ],
            "rotation": {
                "angle": -22.5,
                "axis": "x",
                "origin": [
                    7.5,
                    1,
                    7.88425
                ]
            },
            "faces": {
                "east": {
                    "uv": [
                        10.85714,
                        5.14286,
                        11.71429,
                        5.71429
                    ],
                    "texture": "#0"
                },
                "south": {
                    "uv": [
                        4,
                        4.57143,
                        4.57143,
                        5.14286
                    ],
                    "texture": "#0"
                },
                "west": {
                    "uv": [
                        10.85714,
                        5.71429,
                        11.71429,
                        6.28571
                    ],
                    "texture": "#0"
                },
                "up": {
                    "uv": [
                        2.28571,
                        11.14286,
                        1.71429,
                        10.28571
                    ],
                    "texture": "#0"
                },
                "down": {
                    "uv": [
                        11.42857,
                        7.42857,
                        10.85714,
                        8.28571
                    ],
                    "texture": "#0"
                }
            }
        },
        {
            "from": [
                7.625,
                1.28701,
                5.69134
            ],
            "to": [
                8.375,
                2.53701,
                7.19134
            ],
            "rotation": {
                "angle": -22.5,
                "axis": "x",
                "origin": [
                    7.375,
                    1.28701,
                    7.19134
                ]
            },
            "faces": {
                "north": {
                    "uv": [
                        12,
                        12,
                        12.42857,
                        12.71429
                    ],
                    "texture": "#0"
                },
                "east": {
                    "uv": [
                        4,
                        10.28571,
                        4.85714,
                        11
                    ],
                    "texture": "#0"
                },
                "west": {
                    "uv": [
                        10.85714,
                        3.42857,
                        11.71429,
                        4.14286
                    ],
                    "texture": "#0"
                },
                "up": {
                    "uv": [
                        6.71429,
                        11.71429,
                        6.28571,
                        10.85714
                    ],
                    "texture": "#0"
                }
            }
        },
        {
            "from": [
                7.25,
                0.31179,
                6.32246
            ],
            "to": [
                8.75,
                2.31179,
                7.07246
            ],
            "rotation": {
                "angle": 22.5,
                "axis": "x",
                "origin": [
                    7.5,
                    1.81179,
                    7.07246
                ]
            },
            "faces": {
                "north": {
                    "uv": [
                        5.14286,
                        9.14286,
                        6,
                        10.28571
                    ],
                    "texture": "#0"
                },
                "east": {
                    "uv": [
                        11.42857,
                        0.57143,
                        11.85714,
                        1.71429
                    ],
                    "texture": "#0"
                },
                "south": {
                    "uv": [
                        9.71429,
                        5.14286,
                        10.57143,
                        6.28571
                    ],
                    "texture": "#0"
                },
                "west": {
                    "uv": [
                        11.42857,
                        1.71429,
                        11.85714,
                        2.85714
                    ],
                    "texture": "#0"
                },
                "up": {
                    "uv": [
                        7.71429,
                        11.28571,
                        6.85714,
                        10.85714
                    ],
                    "texture": "#0"
                },
                "down": {
                    "uv": [
                        12.28571,
                        6.28571,
                        11.42857,
                        6.71429
                    ],
                    "texture": "#0"
                }
            }
        },
        {
            "from": [
                7.5,
                1,
                8.11575
            ],
            "to": [
                8.5,
                2,
                9.61575
            ],
            "rotation": {
                "angle": 22.5,
                "axis": "x",
                "origin": [
                    7.5,
                    1,
                    8.11575
                ]
            },
            "faces": {
                "north": {
                    "uv": [
                        4.57143,
                        4.57143,
                        4,
                        5.14286
                    ],
                    "texture": "#0"
                },
                "east": {
                    "uv": [
                        11.71429,
                        5.14286,
                        10.85714,
                        5.71429
                    ],
                    "texture": "#0"
                },
                "west": {
                    "uv": [
                        11.71429,
                        5.71429,
                        10.85714,
                        6.28571
                    ],
                    "texture": "#0"
                },
                "up": {
                    "uv": [
                        2.28571,
                        10.28571,
                        1.71429,
                        11.14286
                    ],
                    "texture": "#0"
                },
                "down": {
                    "uv": [
                        11.42857,
                        8.28571,
                        10.85714,
                        7.42857
                    ],
                    "texture": "#0"
                }
            }
        },
        {
            "from": [
                7.625,
                1.28701,
                8.80866
            ],
            "to": [
                8.375,
                2.53701,
                10.30866
            ],
            "rotation": {
                "angle": 22.5,
                "axis": "x",
                "origin": [
                    7.375,
                    1.28701,
                    8.80866
                ]
            },
            "faces": {
                "east": {
                    "uv": [
                        4.85714,
                        10.28571,
                        4,
                        11
                    ],
                    "texture": "#0"
                },
                "south": {
                    "uv": [
                        12.42857,
                        12,
                        12,
                        12.71429
                    ],
                    "texture": "#0"
                },
                "west": {
                    "uv": [
                        11.71429,
                        3.42857,
                        10.85714,
                        4.14286
                    ],
                    "texture": "#0"
                },
                "up": {
                    "uv": [
                        6.71429,
                        10.85714,
                        6.28571,
                        11.71429
                    ],
                    "texture": "#0"
                }
            }
        },
        {
            "from": [
                7.25,
                0.31179,
                8.92754
            ],
            "to": [
                8.75,
                2.31179,
                9.67754
            ],
            "rotation": {
                "angle": -22.5,
                "axis": "x",
                "origin": [
                    7.5,
                    1.81179,
                    8.92754
                ]
            },
            "faces": {
                "north": {
                    "uv": [
                        10.57143,
                        5.14286,
                        9.71429,
                        6.28571
                    ],
                    "texture": "#0"
                },
                "east": {
                    "uv": [
                        11.85714,
                        0.57143,
                        11.42857,
                        1.71429
                    ],
                    "texture": "#0"
                },
                "south": {
                    "uv": [
                        6,
                        9.14286,
                        5.14286,
                        10.28571
                    ],
                    "texture": "#0"
                },
                "west": {
                    "uv": [
                        11.85714,
                        1.71429,
                        11.42857,
                        2.85714
                    ],
                    "texture": "#0"
                },
                "up": {
                    "uv": [
                        7.71429,
                        10.85714,
                        6.85714,
                        11.28571
                    ],
                    "texture": "#0"
                },
                "down": {
                    "uv": [
                        12.28571,
                        6.71429,
                        11.42857,
                        6.28571
                    ],
                    "texture": "#0"
                }
            }
        },
        {
            "from": [
                7.25,
                0.25,
                7.75
            ],
            "to": [
                8.75,
                1.75,
                9.25
            ],
            "rotation": {
                "angle": -45,
                "axis": "x",
                "origin": [
                    7.5,
                    0.5,
                    8
                ]
            },
            "faces": {
                "north": {
                    "uv": [
                        9.71429,
                        7.42857,
                        10.57143,
                        8.28571
                    ],
                    "texture": "#0"
                },
                "east": {
                    "uv": [
                        2.85714,
                        9.71429,
                        3.71429,
                        10.57143
                    ],
                    "texture": "#0"
                },
                "south": {
                    "uv": [
                        8,
                        9.71429,
                        8.85714,
                        10.57143
                    ],
                    "texture": "#0"
                },
                "west": {
                    "uv": [
                        9.14286,
                        9.71429,
                        10,
                        10.57143
                    ],
                    "texture": "#0"
                },
                "up": {
                    "uv": [
                        11.14286,
                        9.42857,
                        10.28571,
                        8.57143
                    ],
                    "texture": "#0"
                },
                "down": {
                    "uv": [
                        11.14286,
                        9.71429,
                        10.28571,
                        10.57143
                    ],
                    "texture": "#0"
                }
            }
        },
        {
            "from": [
                6.68934,
                1.76777,
                6.25
            ],
            "to": [
                8.68934,
                2.26777,
                8.25
            ],
            "rotation": {
                "angle": -45,
                "axis": "y",
                "origin": [
                    6.93934,
                    1.76777,
                    8
                ]
            },
            "faces": {
                "north": {
                    "uv": [
                        12,
                        1.14286,
                        13.14286,
                        1.42857
                    ],
                    "texture": "#0"
                },
                "east": {
                    "uv": [
                        12,
                        1.71429,
                        13.14286,
                        2
                    ],
                    "texture": "#0"
                },
                "south": {
                    "uv": [
                        12,
                        2.28571,
                        13.14286,
                        2.57143
                    ],
                    "texture": "#0"
                },
                "west": {
                    "uv": [
                        12,
                        2.85714,
                        13.14286,
                        3.14286
                    ],
                    "texture": "#0"
                },
                "up": {
                    "uv": [
                        8.57143,
                        6.28571,
                        7.42857,
                        5.14286
                    ],
                    "texture": "#0"
                },
                "down": {
                    "uv": [
                        3.42857,
                        7.42857,
                        2.28571,
                        8.57143
                    ],
                    "texture": "#0"
                }
            }
        },
        {
            "from": [
                6.93934,
                2.26777,
                6.5
            ],
            "to": [
                8.43934,
                3.01777,
                8
            ],
            "rotation": {
                "angle": -45,
                "axis": "y",
                "origin": [
                    6.93934,
                    1.76777,
                    8
                ]
            },
            "faces": {
                "north": {
                    "uv": [
                        11.42857,
                        6.85714,
                        12.28571,
                        7.28571
                    ],
                    "texture": "#0"
                },
                "east": {
                    "uv": [
                        8,
                        10.85714,
                        8.85714,
                        11.28571
                    ],
                    "texture": "#0"
                },
                "south": {
                    "uv": [
                        11.42857,
                        7.42857,
                        12.28571,
                        7.85714
                    ],
                    "texture": "#0"
                },
                "west": {
                    "uv": [
                        11.42857,
                        8,
                        12.28571,
                        8.42857
                    ],
                    "texture": "#0"
                }
            }
        },
        {
            "from": [
                7.18934,
                3.51777,
                6.75
            ],
            "to": [
                8.18934,
                7.01777,
                7.75
            ],
            "rotation": {
                "angle": -45,
                "axis": "y",
                "origin": [
                    6.93934,
                    3.01777,
                    8
                ]
            },
            "faces": {
                "north": {
                    "uv": [
                        3.42857,
                        7.42857,
                        4,
                        9.42857
                    ],
                    "texture": "#0"
                },
                "east": {
                    "uv": [
                        6.28571,
                        8.57143,
                        6.85714,
                        10.57143
                    ],
                    "texture": "#0"
                },
                "south": {
                    "uv": [
                        6.85714,
                        8.57143,
                        7.42857,
                        10.57143
                    ],
                    "texture": "#0"
                },
                "west": {
                    "uv": [
                        7.42857,
                        8.57143,
                        8,
                        10.57143
                    ],
                    "texture": "#0"
                }
            }
        },
        {
            "from": [
                6.68934,
                3.01777,
                6.25
            ],
            "to": [
                8.68934,
                3.51777,
                8.25
            ],
            "rotation": {
                "angle": -45,
                "axis": "y",
                "origin": [
                    6.93934,
                    3.01777,
                    8
                ]
            },
            "faces": {
                "north": {
                    "uv": [
                        4,
                        11.42857,
                        5.14286,
                        11.71429
                    ],
                    "texture": "#0"
                },
                "east": {
                    "uv": [
                        12,
                        3.42857,
                        13.14286,
                        3.71429
                    ],
                    "texture": "#0"
                },
                "south": {
                    "uv": [
                        12,
                        4,
                        13.14286,
                        4.28571
                    ],
                    "texture": "#0"
                },
                "west": {
                    "uv": [
                        12,
                        4.57143,
                        13.14286,
                        4.85714
                    ],
                    "texture": "#0"
                },
                "up": {
                    "uv": [
                        7.42857,
                        8.57143,
                        6.28571,
                        7.42857
                    ],
                    "texture": "#0"
                },
                "down": {
                    "uv": [
                        9.14286,
                        6.28571,
                        8,
                        7.42857
                    ],
                    "texture": "#0"
                }
            }
        },
        {
            "from": [
                6.68934,
                8.26777,
                6.25
            ],
            "to": [
                8.68934,
                8.76777,
                8.25
            ],
            "rotation": {
                "angle": -45,
                "axis": "y",
                "origin": [
                    6.93934,
                    8.26777,
                    8
                ]
            },
            "faces": {
                "north": {
                    "uv": [
                        12,
                        5.14286,
                        13.14286,
                        5.42857
                    ],
                    "texture": "#0"
                },
                "east": {
                    "uv": [
                        12,
                        5.71429,
                        13.14286,
                        6
                    ],
                    "texture": "#0"
                },
                "south": {
                    "uv": [
                        6.85714,
                        11.42857,
                        8,
                        11.71429
                    ],
                    "texture": "#0"
                },
                "west": {
                    "uv": [
                        8,
                        11.42857,
                        9.14286,
                        11.71429
                    ],
                    "texture": "#0"
                },
                "up": {
                    "uv": [
                        8.57143,
                        8.57143,
                        7.42857,
                        7.42857
                    ],
                    "texture": "#0"
                },
                "down": {
                    "uv": [
                        9.71429,
                        2.85714,
                        8.57143,
                        4
                    ],
                    "texture": "#0"
                }
            }
        },
        {
            "from": [
                6.93934,
                7.51777,
                6.5
            ],
            "to": [
                8.43934,
                8.26777,
                8
            ],
            "rotation": {
                "angle": -45,
                "axis": "y",
                "origin": [
                    6.93934,
                    7.01777,
                    8
                ]
            },
            "faces": {
                "north": {
                    "uv": [
                        9.14286,
                        10.85714,
                        10,
                        11.28571
                    ],
                    "texture": "#0"
                },
                "east": {
                    "uv": [
                        11.42857,
                        8.57143,
                        12.28571,
                        9
                    ],
                    "texture": "#0"
                },
                "south": {
                    "uv": [
                        11.42857,
                        9.14286,
                        12.28571,
                        9.57143
                    ],
                    "texture": "#0"
                },
                "west": {
                    "uv": [
                        10.28571,
                        10.85714,
                        11.14286,
                        11.28571
                    ],
                    "texture": "#0"
                }
            }
        },
        {
            "from": [
                6.68934,
                7.01777,
                6.25
            ],
            "to": [
                8.68934,
                7.51777,
                8.25
            ],
            "rotation": {
                "angle": -45,
                "axis": "y",
                "origin": [
                    6.93934,
                    7.01777,
                    8
                ]
            },
            "faces": {
                "north": {
                    "uv": [
                        9.14286,
                        11.42857,
                        10.28571,
                        11.71429
                    ],
                    "texture": "#0"
                },
                "east": {
                    "uv": [
                        10.28571,
                        11.42857,
                        11.42857,
                        11.71429
                    ],
                    "texture": "#0"
                },
                "south": {
                    "uv": [
                        11.42857,
                        11.42857,
                        12.57143,
                        11.71429
                    ],
                    "texture": "#0"
                },
                "west": {
                    "uv": [
                        1.71429,
                        12,
                        2.85714,
                        12.28571
                    ],
                    "texture": "#0"
                },
                "up": {
                    "uv": [
                        9.71429,
                        5.14286,
                        8.57143,
                        4
                    ],
                    "texture": "#0"
                },
                "down": {
                    "uv": [
                        9.71429,
                        5.14286,
                        8.57143,
                        6.28571
                    ],
                    "texture": "#0"
                }
            }
        },
        {
            "from": [
                6.68934,
                13.26777,
                6.25
            ],
            "to": [
                8.68934,
                13.76777,
                8.25
            ],
            "rotation": {
                "angle": -45,
                "axis": "y",
                "origin": [
                    6.93934,
                    13.26777,
                    8
                ]
            },
            "faces": {
                "north": {
                    "uv": [
                        2.85714,
                        12,
                        4,
                        12.28571
                    ],
                    "texture": "#0"
                },
                "east": {
                    "uv": [
                        4,
                        12,
                        5.14286,
                        12.28571
                    ],
                    "texture": "#0"
                },
                "south": {
                    "uv": [
                        5.14286,
                        12,
                        6.28571,
                        12.28571
                    ],
                    "texture": "#0"
                },
                "west": {
                    "uv": [
                        6.28571,
                        12,
                        7.42857,
                        12.28571
                    ],
                    "texture": "#0"
                },
                "up": {
                    "uv": [
                        9.71429,
                        8.57143,
                        8.57143,
                        7.42857
                    ],
                    "texture": "#0"
                },
                "down": {
                    "uv": [
                        10.28571,
                        0.57143,
                        9.14286,
                        1.71429
                    ],
                    "texture": "#0"
                }
            }
        },
        {
            "from": [
                6.93934,
                12.51777,
                6.5
            ],
            "to": [
                8.43934,
                13.26777,
                8
            ],
            "rotation": {
                "angle": -45,
                "axis": "y",
                "origin": [
                    6.93934,
                    12.01777,
                    8
                ]
            },
            "faces": {
                "north": {
                    "uv": [
                        11.42857,
                        9.71429,
                        12.28571,
                        10.14286
                    ],
                    "texture": "#0"
                },
                "east": {
                    "uv": [
                        11.42857,
                        10.28571,
                        12.28571,
                        10.71429
                    ],
                    "texture": "#0"
                },
                "south": {
                    "uv": [
                        11.42857,
                        10.85714,
                        12.28571,
                        11.28571
                    ],
                    "texture": "#0"
                },
                "west": {
                    "uv": [
                        12,
                        0.57143,
                        12.85714,
                        1
                    ],
                    "texture": "#0"
                }
            }
        },
        {
            "from": [
                6.68934,
                12.01777,
                6.25
            ],
            "to": [
                8.68934,
                12.51777,
                8.25
            ],
            "rotation": {
                "angle": -45,
                "axis": "y",
                "origin": [
                    6.93934,
                    12.01777,
                    8
                ]
            },
            "faces": {
                "north": {
                    "uv": [
                        12.57143,
                        6.28571,
                        13.71429,
                        6.57143
                    ],
                    "texture": "#0"
                },
                "east": {
                    "uv": [
                        7.42857,
                        12,
                        8.57143,
                        12.28571
                    ],
                    "texture": "#0"
                },
                "south": {
                    "uv": [
                        12.57143,
                        6.85714,
                        13.71429,
                        7.14286
                    ],
                    "texture": "#0"
                },
                "west": {
                    "uv": [
                        12.57143,
                        7.42857,
                        13.71429,
                        7.71429
                    ],
                    "texture": "#0"
                },
                "up": {
                    "uv": [
                        3.42857,
                        9.71429,
                        2.28571,
                        8.57143
                    ],
                    "texture": "#0"
                },
                "down": {
                    "uv": [
                        10.28571,
                        1.71429,
                        9.14286,
                        2.85714
                    ],
                    "texture": "#0"
                }
            }
        },
        {
            "from": [
                7,
                14.5,
                5.25
            ],
            "to": [
                9,
                16.75,
                7.5
            ],
            "rotation": {
                "angle": -45,
                "axis": "x",
                "origin": [
                    8,
                    17.25,
                    8
                ]
            },
            "faces": {
                "north": {
                    "uv": [
                        4,
                        5.14286,
                        5.14286,
                        6.42857
                    ],
                    "texture": "#0"
                },
                "east": {
                    "uv": [
                        2.28571,
                        4.57143,
                        3.57143,
                        5.85714
                    ],
                    "texture": "#0"
                },
                "south": {
                    "uv": [
                        5.14286,
                        5.14286,
                        6.28571,
                        6.42857
                    ],
                    "texture": "#0"
                },
                "west": {
                    "uv": [
                        5.71429,
                        2.85714,
                        7,
                        4.14286
                    ],
                    "texture": "#0"
                },
                "up": {
                    "uv": [
                        7.42857,
                        1.85714,
                        6.28571,
                        0.57143
                    ],
                    "texture": "#0"
                },
                "down": {
                    "uv": [
                        7.42857,
                        4.57143,
                        6.28571,
                        5.85714
                    ],
                    "texture": "#0"
                }
            }
        },
        {
            "from": [
                6.75,
                14.75,
                5.5
            ],
            "to": [
                9.25,
                16.5,
                7.25
            ],
            "rotation": {
                "angle": -45,
                "axis": "x",
                "origin": [
                    8,
                    17.25,
                    8
                ]
            },
            "faces": {
                "north": {
                    "uv": [
                        2.28571,
                        6.28571,
                        3.71429,
                        7.28571
                    ],
                    "texture": "#0"
                },
                "east": {
                    "uv": [
                        8,
                        8.57143,
                        9,
                        9.57143
                    ],
                    "texture": "#0"
                },
                "south": {
                    "uv": [
                        6.28571,
                        6.28571,
                        7.71429,
                        7.28571
                    ],
                    "texture": "#0"
                },
                "west": {
                    "uv": [
                        9.14286,
                        8.57143,
                        10.14286,
                        9.57143
                    ],
                    "texture": "#0"
                },
                "up": {
                    "uv": [
                        8.85714,
                        1.57143,
                        7.42857,
                        0.57143
                    ],
                    "texture": "#0"
                },
                "down": {
                    "uv": [
                        8.85714,
                        1.71429,
                        7.42857,
                        2.71429
                    ],
                    "texture": "#0"
                }
            }
        },
        {
            "from": [
                7.04289,
                8.76777,
                6.92678
            ],
            "to": [
                8.29289,
                12.01777,
                8.17678
            ],
            "rotation": {
                "angle": -45,
                "axis": "y",
                "origin": [
                    7.29289,
                    8.01777,
                    8.17678
                ]
            },
            "faces": {
                "north": {
                    "uv": [
                        1.14286,
                        6.85714,
                        1.85714,
                        8.71429
                    ],
                    "texture": "#0"
                },
                "east": {
                    "uv": [
                        7.42857,
                        2.85714,
                        8.14286,
                        4.71429
                    ],
                    "texture": "#0"
                },
                "south": {
                    "uv": [
                        4,
                        6.85714,
                        4.71429,
                        8.71429
                    ],
                    "texture": "#0"
                },
                "west": {
                    "uv": [
                        5.14286,
                        6.85714,
                        5.85714,
                        8.71429
                    ],
                    "texture": "#0"
                }
            }
        },
        {
            "from": [
                7.7585,
                16.22972,
                5.13119
            ],
            "to": [
                8.2415,
                17.17972,
                6.23119
            ],
            "rotation": {
                "angle": 45,
                "axis": "x",
                "origin": [
                    7.7585,
                    16.22972,
                    5.13119
                ]
            },
            "faces": {
                "east": {
                    "uv": [
                        5.71429,
                        4.57143,
                        6.28571,
                        5.14286
                    ],
                    "texture": "#0"
                },
                "south": {
                    "uv": [
                        13.14286,
                        4,
                        13.42857,
                        4.57143
                    ],
                    "texture": "#0"
                },
                "west": {
                    "uv": [
                        1.71429,
                        11.42857,
                        2.28571,
                        12
                    ],
                    "texture": "#0"
                },
                "up": {
                    "uv": [
                        5.42857,
                        13.14286,
                        5.14286,
                        12.57143
                    ],
                    "texture": "#0"
                },
                "down": {
                    "uv": [
                        13.42857,
                        4.57143,
                        13.14286,
                        5.14286
                    ],
                    "texture": "#0"
                }
            }
        },
        {
            "from": [
                7.7535,
                16.14599,
                4.71024
            ],
            "to": [
                8.2465,
                17.24599,
                5.73524
            ],
            "rotation": {
                "angle": -22.5,
                "axis": "x",
                "origin": [
                    7.7535,
                    17.24599,
                    4.71024
                ]
            },
            "faces": {
                "north": {
                    "uv": [
                        5.71429,
                        12.57143,
                        6,
                        13.14286
                    ],
                    "texture": "#0"
                },
                "east": {
                    "uv": [
                        8.57143,
                        12,
                        9.14286,
                        12.57143
                    ],
                    "texture": "#0"
                },
                "south": {
                    "uv": [
                        13.14286,
                        5.14286,
                        13.42857,
                        5.71429
                    ],
                    "texture": "#0"
                },
                "west": {
                    "uv": [
                        12.57143,
                        8,
                        13.14286,
                        8.57143
                    ],
                    "texture": "#0"
                },
                "down": {
                    "uv": [
                        6.57143,
                        12.57143,
                        6.28571,
                        13.14286
                    ],
                    "texture": "#0"
                }
            }
        },
        {
            "from": [
                7.75,
                17.24599,
                4.71024
            ],
            "to": [
                8.25,
                18.34599,
                5.81024
            ],
            "rotation": {
                "angle": 0,
                "axis": "y",
                "origin": [
                    7.75,
                    18.34599,
                    4.71024
                ]
            },
            "faces": {
                "north": {
                    "uv": [
                        13.14286,
                        5.71429,
                        13.42857,
                        6.28571
                    ],
                    "texture": "#0"
                },
                "east": {
                    "uv": [
                        9.14286,
                        12,
                        9.71429,
                        12.57143
                    ],
                    "texture": "#0"
                },
                "south": {
                    "uv": [
                        6.85714,
                        12.57143,
                        7.14286,
                        13.14286
                    ],
                    "texture": "#0"
                },
                "west": {
                    "uv": [
                        12.57143,
                        8.57143,
                        13.14286,
                        9.14286
                    ],
                    "texture": "#0"
                },
                "up": {
                    "uv": [
                        7.71429,
                        13.14286,
                        7.42857,
                        12.57143
                    ],
                    "texture": "#0"
                },
                "down": {
                    "uv": [
                        8.28571,
                        12.57143,
                        8,
                        13.14286
                    ],
                    "texture": "#0"
                }
            }
        },
        {
            "from": [
                7.7585,
                19.33602,
                5.47823
            ],
            "to": [
                8.2415,
                20.28602,
                6.57823
            ],
            "rotation": {
                "angle": -45,
                "axis": "x",
                "origin": [
                    8,
                    19.40522,
                    6.4198
                ]
            },
            "faces": {
                "east": {
                    "uv": [
                        9.71429,
                        12,
                        10.28571,
                        12.57143
                    ],
                    "texture": "#0"
                },
                "south": {
                    "uv": [
                        8.57143,
                        12.57143,
                        8.85714,
                        13.14286
                    ],
                    "texture": "#0"
                },
                "west": {
                    "uv": [
                        12.57143,
                        9.14286,
                        13.14286,
                        9.71429
                    ],
                    "texture": "#0"
                },
                "up": {
                    "uv": [
                        13.42857,
                        8.57143,
                        13.14286,
                        8
                    ],
                    "texture": "#0"
                },
                "down": {
                    "uv": [
                        9.42857,
                        12.57143,
                        9.14286,
                        13.14286
                    ],
                    "texture": "#0"
                }
            }
        },
        {
            "from": [
                7.7535,
                17.7724,
                5.24572
            ],
            "to": [
                8.2465,
                18.8724,
                6.27072
            ],
            "rotation": {
                "angle": 22.5,
                "axis": "x",
                "origin": [
                    8,
                    19.40522,
                    6.4198
                ]
            },
            "faces": {
                "north": {
                    "uv": [
                        13.14286,
                        8.57143,
                        13.42857,
                        9.14286
                    ],
                    "texture": "#0"
                },
                "east": {
                    "uv": [
                        10.28571,
                        12,
                        10.85714,
                        12.57143
                    ],
                    "texture": "#0"
                },
                "south": {
                    "uv": [
                        9.71429,
                        12.57143,
                        10,
                        13.14286
                    ],
                    "texture": "#0"
                },
                "west": {
                    "uv": [
                        12.57143,
                        9.71429,
                        13.14286,
                        10.28571
                    ],
                    "texture": "#0"
                },
                "up": {
                    "uv": [
                        13.42857,
                        9.71429,
                        13.14286,
                        9.14286
                    ],
                    "texture": "#0"
                }
            }
        },
        {
            "from": [
                7.7585,
                19.33602,
                9.42177
            ],
            "to": [
                8.2415,
                20.28602,
                10.52177
            ],
            "rotation": {
                "angle": 45,
                "axis": "x",
                "origin": [
                    8,
                    19.40522,
                    9.5802
                ]
            },
            "faces": {
                "north": {
                    "uv": [
                        8.85714,
                        12.57143,
                        8.57143,
                        13.14286
                    ],
                    "texture": "#0"
                },
                "east": {
                    "uv": [
                        10.28571,
                        12,
                        9.71429,
                        12.57143
                    ],
                    "texture": "#0"
                },
                "west": {
                    "uv": [
                        13.14286,
                        9.14286,
                        12.57143,
                        9.71429
                    ],
                    "texture": "#0"
                },
                "up": {
                    "uv": [
                        13.42857,
                        8,
                        13.14286,
                        8.57143
                    ],
                    "texture": "#0"
                },
                "down": {
                    "uv": [
                        9.42857,
                        13.14286,
                        9.14286,
                        12.57143
                    ],
                    "texture": "#0"
                }
            }
        },
        {
            "from": [
                7.7535,
                17.7724,
                9.72928
            ],
            "to": [
                8.2465,
                18.8724,
                10.75428
            ],
            "rotation": {
                "angle": -22.5,
                "axis": "x",
                "origin": [
                    8,
                    19.40522,
                    9.5802
                ]
            },
            "faces": {
                "north": {
                    "uv": [
                        10,
                        12.57143,
                        9.71429,
                        13.14286
                    ],
                    "texture": "#0"
                },
                "east": {
                    "uv": [
                        10.85714,
                        12,
                        10.28571,
                        12.57143
                    ],
                    "texture": "#0"
                },
                "south": {
                    "uv": [
                        13.42857,
                        8.57143,
                        13.14286,
                        9.14286
                    ],
                    "texture": "#0"
                },
                "west": {
                    "uv": [
                        13.14286,
                        9.71429,
                        12.57143,
                        10.28571
                    ],
                    "texture": "#0"
                },
                "up": {
                    "uv": [
                        13.42857,
                        9.14286,
                        13.14286,
                        9.71429
                    ],
                    "texture": "#0"
                }
            }
        },
        {
            "from": [
                7.75,
                17.24599,
                10.18976
            ],
            "to": [
                8.25,
                18.34599,
                11.28976
            ],
            "rotation": {
                "angle": 0,
                "axis": "y",
                "origin": [
                    7.75,
                    18.34599,
                    11.28976
                ]
            },
            "faces": {
                "north": {
                    "uv": [
                        7.14286,
                        12.57143,
                        6.85714,
                        13.14286
                    ],
                    "texture": "#0"
                },
                "east": {
                    "uv": [
                        9.71429,
                        12,
                        9.14286,
                        12.57143
                    ],
                    "texture": "#0"
                },
                "south": {
                    "uv": [
                        13.42857,
                        5.71429,
                        13.14286,
                        6.28571
                    ],
                    "texture": "#0"
                },
                "west": {
                    "uv": [
                        13.14286,
                        8.57143,
                        12.57143,
                        9.14286
                    ],
                    "texture": "#0"
                },
                "up": {
                    "uv": [
                        7.71429,
                        12.57143,
                        7.42857,
                        13.14286
                    ],
                    "texture": "#0"
                },
                "down": {
                    "uv": [
                        8.28571,
                        13.14286,
                        8,
                        12.57143
                    ],
                    "texture": "#0"
                }
            }
        },
        {
            "from": [
                7.7535,
                16.14599,
                10.26476
            ],
            "to": [
                8.2465,
                17.24599,
                11.28976
            ],
            "rotation": {
                "angle": 22.5,
                "axis": "x",
                "origin": [
                    7.7535,
                    17.24599,
                    11.28976
                ]
            },
            "faces": {
                "north": {
                    "uv": [
                        13.42857,
                        5.14286,
                        13.14286,
                        5.71429
                    ],
                    "texture": "#0"
                },
                "east": {
                    "uv": [
                        9.14286,
                        12,
                        8.57143,
                        12.57143
                    ],
                    "texture": "#0"
                },
                "south": {
                    "uv": [
                        6,
                        12.57143,
                        5.71429,
                        13.14286
                    ],
                    "texture": "#0"
                },
                "west": {
                    "uv": [
                        13.14286,
                        8,
                        12.57143,
                        8.57143
                    ],
                    "texture": "#0"
                },
                "down": {
                    "uv": [
                        6.57143,
                        13.14286,
                        6.28571,
                        12.57143
                    ],
                    "texture": "#0"
                }
            }
        },
        {
            "from": [
                7.7585,
                16.22972,
                9.76881
            ],
            "to": [
                8.2415,
                17.17972,
                10.86881
            ],
            "rotation": {
                "angle": -45,
                "axis": "x",
                "origin": [
                    7.7585,
                    16.22972,
                    10.86881
                ]
            },
            "faces": {
                "north": {
                    "uv": [
                        13.42857,
                        4,
                        13.14286,
                        4.57143
                    ],
                    "texture": "#0"
                },
                "east": {
                    "uv": [
                        6.28571,
                        4.57143,
                        5.71429,
                        5.14286
                    ],
                    "texture": "#0"
                },
                "west": {
                    "uv": [
                        2.28571,
                        11.42857,
                        1.71429,
                        12
                    ],
                    "texture": "#0"
                },
                "up": {
                    "uv": [
                        5.42857,
                        12.57143,
                        5.14286,
                        13.14286
                    ],
                    "texture": "#0"
                },
                "down": {
                    "uv": [
                        13.42857,
                        5.14286,
                        13.14286,
                        4.57143
                    ],
                    "texture": "#0"
                }
            }
        },
        {
            "from": [
                7.745,
                16.57322,
                8.25
            ],
            "to": [
                8.255,
                18.32322,
                10
            ],
            "rotation": {
                "angle": -45,
                "axis": "x",
                "origin": [
                    7.745,
                    16.32322,
                    8
                ]
            },
            "faces": {
                "north": {
                    "uv": [
                        12.57143,
                        11.42857,
                        12.85714,
                        12.42857
                    ],
                    "texture": "#0"
                },
                "east": {
                    "uv": [
                        1.14286,
                        9.14286,
                        2.14286,
                        10.14286
                    ],
                    "texture": "#0"
                },
                "south": {
                    "uv": [
                        1.14286,
                        12.57143,
                        1.42857,
                        13.57143
                    ],
                    "texture": "#0"
                },
                "west": {
                    "uv": [
                        9.71429,
                        2.85714,
                        10.71429,
                        3.85714
                    ],
                    "texture": "#0"
                },
                "up": {
                    "uv": [
                        13.42857,
                        1.57143,
                        13.14286,
                        0.57143
                    ],
                    "texture": "#0"
                },
                "down": {
                    "uv": [
                        2,
                        12.57143,
                        1.71429,
                        13.57143
                    ],
                    "texture": "#0"
                }
            }
        },
        {
            "from": [
                7.745,
                20.66468,
                8
            ],
            "to": [
                8.255,
                21.72468,
                9.06
            ],
            "rotation": {
                "angle": -45,
                "axis": "x",
                "origin": [
                    7.745,
                    20.66468,
                    8
                ]
            },
            "faces": {
                "north": {
                    "uv": [
                        10.28571,
                        12.57143,
                        10.57143,
                        13.14286
                    ],
                    "texture": "#0"
                },
                "east": {
                    "uv": [
                        10.85714,
                        12,
                        11.42857,
                        12.57143
                    ],
                    "texture": "#0"
                },
                "south": {
                    "uv": [
                        13.14286,
                        9.71429,
                        13.42857,
                        10.28571
                    ],
                    "texture": "#0"
                },
                "west": {
                    "uv": [
                        12.57143,
                        10.28571,
                        13.14286,
                        10.85714
                    ],
                    "texture": "#0"
                },
                "up": {
                    "uv": [
                        11.14286,
                        13.14286,
                        10.85714,
                        12.57143
                    ],
                    "texture": "#0"
                },
                "down": {
                    "uv": [
                        13.42857,
                        10.28571,
                        13.14286,
                        10.85714
                    ],
                    "texture": "#0"
                }
            }
        },
        {
            "from": [
                7.75,
                17.91421,
                7.25
            ],
            "to": [
                8.25,
                21.91421,
                8.75
            ],
            "rotation": {
                "angle": 0,
                "axis": "y",
                "origin": [
                    8.25,
                    18.91421,
                    8
                ]
            },
            "faces": {
                "north": {
                    "uv": [
                        1.14286,
                        10.28571,
                        1.42857,
                        12.57143
                    ],
                    "texture": "#0"
                },
                "east": {
                    "uv": [
                        4,
                        0.57143,
                        4.85714,
                        2.85714
                    ],
                    "texture": "#0"
                },
                "south": {
                    "uv": [
                        10.85714,
                        0.57143,
                        11.14286,
                        2.85714
                    ],
                    "texture": "#0"
                },
                "west": {
                    "uv": [
                        4.57143,
                        2.85714,
                        5.42857,
                        5.14286
                    ],
                    "texture": "#0"
                }
            }
        },
        {
            "from": [
                7.62,
                15.80178,
                10.88756
            ],
            "to": [
                8.38,
                17.55178,
                12.63756
            ],
            "rotation": {
                "angle": 45,
                "axis": "x",
                "origin": [
                    8,
                    17.91421,
                    13
                ]
            },
            "faces": {
                "north": {
                    "uv": [
                        2.85714,
                        10.85714,
                        3.28571,
                        11.85714
                    ],
                    "texture": "#0"
                },
                "east": {
                    "uv": [
                        4,
                        9.14286,
                        5,
                        10.14286
                    ],
                    "texture": "#0"
                },
                "south": {
                    "uv": [
                        3.42857,
                        10.85714,
                        3.85714,
                        11.85714
                    ],
                    "texture": "#0"
                },
                "west": {
                    "uv": [
                        9.71429,
                        4,
                        10.71429,
                        5
                    ],
                    "texture": "#0"
                },
                "up": {
                    "uv": [
                        5.57143,
                        11.85714,
                        5.14286,
                        10.85714
                    ],
                    "texture": "#0"
                },
                "down": {
                    "uv": [
                        6.14286,
                        10.85714,
                        5.71429,
                        11.85714
                    ],
                    "texture": "#0"
                }
            }
        },
        {
            "from": [
                7.625,
                17.16421,
                11.25
            ],
            "to": [
                8.375,
                18.66421,
                15.25
            ],
            "rotation": {
                "angle": 0,
                "axis": "x",
                "origin": [
                    8,
                    17.91421,
                    13
                ]
            },
            "faces": {
                "east": {
                    "uv": [
                        1.14286,
                        4.57143,
                        2,
                        6.85714
                    ],
                    "rotation": 270,
                    "texture": "#0"
                },
                "west": {
                    "uv": [
                        5.14286,
                        0.57143,
                        6,
                        2.85714
                    ],
                    "rotation": 90,
                    "texture": "#0"
                },
                "up": {
                    "uv": [
                        10.28571,
                        0.57143,
                        10.71429,
                        2.85714
                    ],
                    "rotation": 180,
                    "texture": "#0"
                },
                "down": {
                    "uv": [
                        2.28571,
                        9.71429,
                        2.71429,
                        12
                    ],
                    "texture": "#0"
                }
            }
        },
        {
            "from": [
                7.62,
                18.62165,
                13.70744
            ],
            "to": [
                8.38,
                19.68165,
                14.76744
            ],
            "rotation": {
                "angle": 45,
                "axis": "x",
                "origin": [
                    8,
                    17.91421,
                    13
                ]
            },
            "faces": {
                "north": {
                    "uv": [
                        2.85714,
                        12.57143,
                        3.28571,
                        13.14286
                    ],
                    "texture": "#0"
                },
                "east": {
                    "uv": [
                        11.42857,
                        12,
                        12,
                        12.57143
                    ],
                    "texture": "#0"
                },
                "south": {
                    "uv": [
                        3.42857,
                        12.57143,
                        3.85714,
                        13.14286
                    ],
                    "texture": "#0"
                },
                "west": {
                    "uv": [
                        12.57143,
                        10.85714,
                        13.14286,
                        11.42857
                    ],
                    "texture": "#0"
                },
                "up": {
                    "uv": [
                        4.42857,
                        13.14286,
                        4,
                        12.57143
                    ],
                    "texture": "#0"
                },
                "down": {
                    "uv": [
                        5,
                        12.57143,
                        4.57143,
                        13.14286
                    ],
                    "texture": "#0"
                }
            }
        },
        {
            "from": [
                6.9,
                11.825,
                4.875
            ],
            "to": [
                6.9,
                18.075,
                11.125
            ],
            "rotation": {
                "angle": 0,
                "axis": "y",
                "origin": [
                    0,
                    5,
                    5.125
                ]
            },
            "faces": {
                "west": {
                    "uv": [
                        0,
                        0,
                        12.5,
                        12.5
                    ],
                    "texture": "#1"
                }
            }
        },
        {
            "from": [
                9.1,
                11.825,
                4.875
            ],
            "to": [
                9.1,
                18.075,
                11.125
            ],
            "rotation": {
                "angle": 0,
                "axis": "y",
                "origin": [
                    16,
                    5,
                    5.125
                ]
            },
            "faces": {
                "east": {
                    "uv": [
                        12.5,
                        0,
                        0,
                        12.5
                    ],
                    "texture": "#1"
                }
            }
        },
        {
            "from": [
                7.875,
                17.09847,
                0.37792
            ],
            "to": [
                8.125,
                18.28847,
                2.37792
            ],
            "rotation": {
                "angle": -22.5,
                "axis": "x",
                "origin": [
                    8,
                    17.36068,
                    0.30949
                ]
            },
            "faces": {
                "east": {
                    "uv": [
                        6.28571,
                        2.28571,
                        7.42857,
                        2.85714
                    ],
                    "texture": "#0"
                },
                "south": {
                    "uv": [
                        13.71429,
                        0.57143,
                        13.85714,
                        1.14286
                    ],
                    "texture": "#0"
                },
                "west": {
                    "uv": [
                        10.85714,
                        2.85714,
                        12,
                        3.42857
                    ],
                    "texture": "#0"
                },
                "up": {
                    "uv": [
                        11.57143,
                        13.71429,
                        11.42857,
                        12.57143
                    ],
                    "texture": "#0"
                },
                "down": {
                    "uv": [
                        13.28571,
                        10.85714,
                        13.14286,
                        12
                    ],
                    "texture": "#0"
                }
            }
        },
        {
            "from": [
                7.87,
                15.76672,
                -0.474
            ],
            "to": [
                8.13,
                17.05172,
                1.276
            ],
            "rotation": {
                "angle": -45,
                "axis": "x",
                "origin": [
                    7.995,
                    16.12892,
                    -0.79243
                ]
            },
            "faces": {
                "north": {
                    "uv": [
                        13.71429,
                        1.14286,
                        13.85714,
                        1.71429
                    ],
                    "texture": "#0"
                },
                "east": {
                    "uv": [
                        5.14286,
                        10.28571,
                        6.14286,
                        10.85714
                    ],
                    "texture": "#0"
                },
                "south": {
                    "uv": [
                        13.71429,
                        1.71429,
                        13.85714,
                        2.28571
                    ],
                    "texture": "#0"
                },
                "west": {
                    "uv": [
                        10.85714,
                        4.57143,
                        11.85714,
                        5.14286
                    ],
                    "texture": "#0"
                },
                "up": {
                    "uv": [
                        12.71429,
                        13.57143,
                        12.57143,
                        12.57143
                    ],
                    "texture": "#0"
                },
                "down": {
                    "uv": [
                        13.28571,
                        12,
                        13.14286,
                        13
                    ],
                    "texture": "#0"
                }
            }
        },
        {
            "from": [
                7.88,
                17.9094,
                1.86542
            ],
            "to": [
                8.12,
                19.0094,
                5.36542
            ],
            "rotation": {
                "angle": 0,
                "axis": "y",
                "origin": [
                    8.005,
                    18.09661,
                    2.29698
                ]
            },
            "faces": {
                "east": {
                    "uv": [
                        9.14286,
                        6.28571,
                        11.14286,
                        6.85714
                    ],
                    "texture": "#0"
                },
                "west": {
                    "uv": [
                        9.14286,
                        6.85714,
                        11.14286,
                        7.42857
                    ],
                    "texture": "#0"
                },
                "up": {
                    "uv": [
                        2.42857,
                        14.57143,
                        2.28571,
                        12.57143
                    ],
                    "texture": "#0"
                },
                "down": {
                    "uv": [
                        13.28571,
                        1.71429,
                        13.14286,
                        3.71429
                    ],
                    "texture": "#0"
                }
            }
        },
        {
            "from": [
                7.985,
                15.4844,
                2.41542
            ],
            "to": [
                8.015,
                19.0144,
                5.91542
            ],
            "rotation": {
                "angle": 0,
                "axis": "y",
                "origin": [
                    7.985,
                    15.0094,
                    -1.58458
                ]
            },
            "faces": {
                "east": {
                    "uv": [
                        1.71429,
                        2.71429,
                        0,
                        4.42857
                    ],
                    "texture": "#0"
                },
                "west": {
                    "uv": [
                        0,
                        2.71429,
                        1.71429,
                        4.42857
                    ],
                    "texture": "#0"
                }
            }
        },
        {
            "from": [
                7.99,
                16.06389,
                0.94615
            ],
            "to": [
                8.01,
                19.31389,
                4.19615
            ],
            "rotation": {
                "angle": -22.5,
                "axis": "x",
                "origin": [
                    7.99,
                    15.31389,
                    3.94615
                ]
            },
            "faces": {
                "east": {
                    "uv": [
                        3.71429,
                        2.57143,
                        2,
                        4.28571
                    ],
                    "texture": "#0"
                },
                "west": {
                    "uv": [
                        2,
                        2.57143,
                        3.71429,
                        4.28571
                    ],
                    "texture": "#0"
                }
            }
        },
        {
            "from": [
                7.995,
                18.56846,
                -3.99226
            ],
            "to": [
                8.005,
                22.56846,
                1.00774
            ],
            "rotation": {
                "angle": -45,
                "axis": "x",
                "origin": [
                    7.995,
                    18.56846,
                    6.00774
                ]
            },
            "faces": {
                "east": {
                    "uv": [
                        2.85714,
                        0,
                        0,
                        2.28571
                    ],
                    "texture": "#0"
                },
                "west": {
                    "uv": [
                        0,
                        0,
                        2.85714,
                        2.28571
                    ],
                    "texture": "#0"
                }
            }
        },
        {
            "from": [
                7.985,
                17.96421,
                10.99953
            ],
            "to": [
                8.015,
                20.96421,
                18.99953
            ],
            "rotation": {
                "angle": 0,
                "axis": "y",
                "origin": [
                    -0.015,
                    -0.08579,
                    -3.25047
                ]
            },
            "faces": {
                "east": {
                    "uv": [
                        8.57143,
                        13.57143,
                        4,
                        15.28571
                    ],
                    "texture": "#0"
                },
                "west": {
                    "uv": [
                        4,
                        13.57143,
                        8.57143,
                        15.28571
                    ],
                    "texture": "#0"
                }
            }
        },
        {
            "from": [
                7.985,
                14.88579,
                10.99953
            ],
            "to": [
                8.015,
                17.88579,
                18.99953
            ],
            "rotation": {
                "angle": 0,
                "axis": "y",
                "origin": [
                    -0.015,
                    16.08579,
                    -3.25047
                ]
            },
            "faces": {
                "east": {
                    "uv": [
                        8.57143,
                        15.28571,
                        4,
                        13.57143
                    ],
                    "texture": "#0"
                },
                "west": {
                    "uv": [
                        4,
                        15.28571,
                        8.57143,
                        13.57143
                    ],
                    "texture": "#0"
                }
            }
        }
    ],
    "gui_light": "front",
    "display": {
        "thirdperson_righthand": {
            "translation": [
                0,
                0.75,
                1
            ]
        },
        "thirdperson_lefthand": {
            "translation": [
                0,
                0.75,
                1
            ]
        },
        "firstperson_righthand": {
            "rotation": [
                5,
                0,
                0
            ],
            "translation": [
                2.75,
                0.25,
                0
            ],
            "scale": [
                0.7,
                0.7,
                0.7
            ]
        },
        "firstperson_lefthand": {
            "rotation": [
                5,
                0,
                0
            ],
            "translation": [
                2.75,
                0.25,
                0
            ],
            "scale": [
                0.7,
                0.7,
                0.7
            ]
        },
        "ground": {
            "rotation": [
                45,
                0,
                0
            ],
            "translation": [
                0,
                3,
                0
            ],
            "scale": [
                0.7,
                0.7,
                0.7
            ]
        },
        "gui": {
            "rotation": [
                -90,
                45,
                90
            ],
            "translation": [
                2.25,
                -3,
                0
            ],
            "scale": [
                0.7,
                0.7,
                0.7
            ]
        },
        "head": {
            "rotation": [
                0,
                90,
                0
            ]
        },
        "fixed": {
            "rotation": [
                0,
                -90,
                0
            ],
            "translation": [
                0,
                0,
                -1.75
            ],
            "scale": [
                2,
                2,
                2
            ]
        }
    }
}