{
    "credit": "Pologony Creation Co.,Ltd.",
    "texture_size": [
        32,
        32
    ],
    "textures": {
        "0": "item/hoes/heaven_scythe",
        "1": "item/multiple/heaven/animation_1",
        "2": "item/multiple/heaven/animation_bolt",
        "particle": "item/hoes/heaven_scythe"
    },
    "elements": [
        {
            "from": [
                7.985,
                20.96421,
                10.99953
            ],
            "to": [
                8.015,
                23.96421,
                18.99953
            ],
            "rotation": {
                "angle": 0,
                "axis": "y",
                "origin": [
                    -0.015,
                    2.91421,
                    -3.25047
                ]
            },
            "faces": {
                "east": {
                    "uv": [
                        4.75,
                        2.375,
                        0.75,
                        3.875
                    ],
                    "texture": "#0"
                },
                "west": {
                    "uv": [
                        0.75,
                        2.375,
                        4.75,
                        3.875
                    ],
                    "texture": "#0"
                }
            }
        },
        {
            "from": [
                7.985,
                17.86079,
                10.99953
            ],
            "to": [
                8.015,
                20.86079,
                18.99953
            ],
            "rotation": {
                "angle": 0,
                "axis": "y",
                "origin": [
                    -0.015,
                    38.91079,
                    -3.25047
                ]
            },
            "faces": {
                "east": {
                    "uv": [
                        4.75,
                        3.875,
                        0.75,
                        2.375
                    ],
                    "texture": "#0"
                },
                "west": {
                    "uv": [
                        0.75,
                        3.875,
                        4.75,
                        2.375
                    ],
                    "texture": "#0"
                }
            }
        },
        {
            "from": [
                7.7585,
                19.22972,
                5.13119
            ],
            "to": [
                8.2415,
                20.17972,
                6.23119
            ],
            "rotation": {
                "angle": 45,
                "axis": "x",
                "origin": [
                    7.7585,
                    19.22972,
                    5.13119
                ]
            },
            "faces": {
                "east": {
                    "uv": [
                        7.875,
                        2.25,
                        8.375,
                        2.75
                    ],
                    "texture": "#0"
                },
                "south": {
                    "uv": [
                        10.875,
                        12.75,
                        11.125,
                        13.25
                    ],
                    "texture": "#0"
                },
                "west": {
                    "uv": [
                        8.375,
                        3.75,
                        8.875,
                        4.25
                    ],
                    "texture": "#0"
                },
                "up": {
                    "uv": [
                        11.625,
                        13.25,
                        11.375,
                        12.75
                    ],
                    "texture": "#0"
                },
                "down": {
                    "uv": [
                        14.625,
                        9.75,
                        14.375,
                        10.25
                    ],
                    "texture": "#0"
                }
            }
        },
        {
            "from": [
                7.7535,
                19.14599,
                4.71024
            ],
            "to": [
                8.2465,
                20.24599,
                5.73524
            ],
            "rotation": {
                "angle": -22.5,
                "axis": "x",
                "origin": [
                    7.7535,
                    20.24599,
                    4.71024
                ]
            },
            "faces": {
                "north": {
                    "uv": [
                        11.875,
                        12.75,
                        12.125,
                        13.25
                    ],
                    "texture": "#0"
                },
                "east": {
                    "uv": [
                        9.375,
                        3.25,
                        9.875,
                        3.75
                    ],
                    "texture": "#0"
                },
                "south": {
                    "uv": [
                        14.375,
                        10.25,
                        14.625,
                        10.75
                    ],
                    "texture": "#0"
                },
                "west": {
                    "uv": [
                        6.875,
                        7.75,
                        7.375,
                        8.25
                    ],
                    "texture": "#0"
                },
                "down": {
                    "uv": [
                        12.625,
                        12.75,
                        12.375,
                        13.25
                    ],
                    "texture": "#0"
                }
            }
        },
        {
            "from": [
                7.75,
                20.24599,
                4.71024
            ],
            "to": [
                8.25,
                21.34599,
                5.81024
            ],
            "rotation": {
                "angle": 0,
                "axis": "y",
                "origin": [
                    7.75,
                    21.34599,
                    4.71024
                ]
            },
            "faces": {
                "north": {
                    "uv": [
                        14.375,
                        10.75,
                        14.625,
                        11.25
                    ],
                    "texture": "#0"
                },
                "east": {
                    "uv": [
                        12.875,
                        9.75,
                        13.375,
                        10.25
                    ],
                    "texture": "#0"
                },
                "south": {
                    "uv": [
                        12.875,
                        12.75,
                        13.125,
                        13.25
                    ],
                    "texture": "#0"
                },
                "west": {
                    "uv": [
                        12.875,
                        10.25,
                        13.375,
                        10.75
                    ],
                    "texture": "#0"
                },
                "up": {
                    "uv": [
                        14.625,
                        11.75,
                        14.375,
                        11.25
                    ],
                    "texture": "#0"
                },
                "down": {
                    "uv": [
                        13.625,
                        12.75,
                        13.375,
                        13.25
                    ],
                    "texture": "#0"
                }
            }
        },
        {
            "from": [
                7.7585,
                22.33602,
                5.47823
            ],
            "to": [
                8.2415,
                23.28602,
                6.57823
            ],
            "rotation": {
                "angle": -45,
                "axis": "x",
                "origin": [
                    8,
                    22.40522,
                    6.4198
                ]
            },
            "faces": {
                "east": {
                    "uv": [
                        2.375,
                        11.75,
                        2.875,
                        12.25
                    ],
                    "texture": "#0"
                },
                "south": {
                    "uv": [
                        13.875,
                        12.75,
                        14.125,
                        13.25
                    ],
                    "texture": "#0"
                },
                "west": {
                    "uv": [
                        13.375,
                        0.75,
                        13.875,
                        1.25
                    ],
                    "texture": "#0"
                },
                "up": {
                    "uv": [
                        14.625,
                        12.75,
                        14.375,
                        12.25
                    ],
                    "texture": "#0"
                },
                "down": {
                    "uv": [
                        14.625,
                        12.75,
                        14.375,
                        13.25
                    ],
                    "texture": "#0"
                }
            }
        },
        {
            "from": [
                7.7535,
                20.7724,
                5.24572
            ],
            "to": [
                8.2465,
                21.8724,
                6.27072
            ],
            "rotation": {
                "angle": 22.5,
                "axis": "x",
                "origin": [
                    8,
                    22.40522,
                    6.4198
                ]
            },
            "faces": {
                "north": {
                    "uv": [
                        2.375,
                        13.25,
                        2.625,
                        13.75
                    ],
                    "texture": "#0"
                },
                "east": {
                    "uv": [
                        13.375,
                        1.25,
                        13.875,
                        1.75
                    ],
                    "texture": "#0"
                },
                "south": {
                    "uv": [
                        14.875,
                        0.75,
                        15.125,
                        1.25
                    ],
                    "texture": "#0"
                },
                "west": {
                    "uv": [
                        13.375,
                        1.75,
                        13.875,
                        2.25
                    ],
                    "texture": "#0"
                },
                "up": {
                    "uv": [
                        15.125,
                        1.75,
                        14.875,
                        1.25
                    ],
                    "texture": "#0"
                }
            }
        },
        {
            "from": [
                7.7585,
                22.33602,
                9.42177
            ],
            "to": [
                8.2415,
                23.28602,
                10.52177
            ],
            "rotation": {
                "angle": 45,
                "axis": "x",
                "origin": [
                    8,
                    22.40522,
                    9.5802
                ]
            },
            "faces": {
                "north": {
                    "uv": [
                        14.125,
                        12.75,
                        13.875,
                        13.25
                    ],
                    "texture": "#0"
                },
                "east": {
                    "uv": [
                        2.875,
                        11.75,
                        2.375,
                        12.25
                    ],
                    "texture": "#0"
                },
                "west": {
                    "uv": [
                        13.875,
                        0.75,
                        13.375,
                        1.25
                    ],
                    "texture": "#0"
                },
                "up": {
                    "uv": [
                        14.625,
                        12.25,
                        14.375,
                        12.75
                    ],
                    "texture": "#0"
                },
                "down": {
                    "uv": [
                        14.625,
                        13.25,
                        14.375,
                        12.75
                    ],
                    "texture": "#0"
                }
            }
        },
        {
            "from": [
                7.7535,
                20.7724,
                9.72928
            ],
            "to": [
                8.2465,
                21.8724,
                10.75428
            ],
            "rotation": {
                "angle": -22.5,
                "axis": "x",
                "origin": [
                    8,
                    22.40522,
                    9.5802
                ]
            },
            "faces": {
                "north": {
                    "uv": [
                        15.125,
                        0.75,
                        14.875,
                        1.25
                    ],
                    "texture": "#0"
                },
                "east": {
                    "uv": [
                        13.875,
                        1.25,
                        13.375,
                        1.75
                    ],
                    "texture": "#0"
                },
                "south": {
                    "uv": [
                        2.625,
                        13.25,
                        2.375,
                        13.75
                    ],
                    "texture": "#0"
                },
                "west": {
                    "uv": [
                        13.875,
                        1.75,
                        13.375,
                        2.25
                    ],
                    "texture": "#0"
                },
                "up": {
                    "uv": [
                        15.125,
                        1.25,
                        14.875,
                        1.75
                    ],
                    "texture": "#0"
                }
            }
        },
        {
            "from": [
                7.75,
                20.24599,
                10.18976
            ],
            "to": [
                8.25,
                21.34599,
                11.28976
            ],
            "rotation": {
                "angle": 0,
                "axis": "y",
                "origin": [
                    7.75,
                    21.34599,
                    11.28976
                ]
            },
            "faces": {
                "north": {
                    "uv": [
                        13.125,
                        12.75,
                        12.875,
                        13.25
                    ],
                    "texture": "#0"
                },
                "east": {
                    "uv": [
                        13.375,
                        9.75,
                        12.875,
                        10.25
                    ],
                    "texture": "#0"
                },
                "south": {
                    "uv": [
                        14.625,
                        10.75,
                        14.375,
                        11.25
                    ],
                    "texture": "#0"
                },
                "west": {
                    "uv": [
                        13.375,
                        10.25,
                        12.875,
                        10.75
                    ],
                    "texture": "#0"
                },
                "up": {
                    "uv": [
                        14.625,
                        11.25,
                        14.375,
                        11.75
                    ],
                    "texture": "#0"
                },
                "down": {
                    "uv": [
                        13.625,
                        13.25,
                        13.375,
                        12.75
                    ],
                    "texture": "#0"
                }
            }
        },
        {
            "from": [
                7.7535,
                19.14599,
                10.26476
            ],
            "to": [
                8.2465,
                20.24599,
                11.28976
            ],
            "rotation": {
                "angle": 22.5,
                "axis": "x",
                "origin": [
                    7.7535,
                    20.24599,
                    11.28976
                ]
            },
            "faces": {
                "north": {
                    "uv": [
                        14.625,
                        10.25,
                        14.375,
                        10.75
                    ],
                    "texture": "#0"
                },
                "east": {
                    "uv": [
                        9.875,
                        3.25,
                        9.375,
                        3.75
                    ],
                    "texture": "#0"
                },
                "south": {
                    "uv": [
                        12.125,
                        12.75,
                        11.875,
                        13.25
                    ],
                    "texture": "#0"
                },
                "west": {
                    "uv": [
                        7.375,
                        7.75,
                        6.875,
                        8.25
                    ],
                    "texture": "#0"
                },
                "down": {
                    "uv": [
                        12.625,
                        13.25,
                        12.375,
                        12.75
                    ],
                    "texture": "#0"
                }
            }
        },
        {
            "from": [
                7.7585,
                19.22972,
                9.76881
            ],
            "to": [
                8.2415,
                20.17972,
                10.86881
            ],
            "rotation": {
                "angle": -45,
                "axis": "x",
                "origin": [
                    7.7585,
                    19.22972,
                    10.86881
                ]
            },
            "faces": {
                "north": {
                    "uv": [
                        11.125,
                        12.75,
                        10.875,
                        13.25
                    ],
                    "texture": "#0"
                },
                "east": {
                    "uv": [
                        8.375,
                        2.25,
                        7.875,
                        2.75
                    ],
                    "texture": "#0"
                },
                "west": {
                    "uv": [
                        8.875,
                        3.75,
                        8.375,
                        4.25
                    ],
                    "texture": "#0"
                },
                "up": {
                    "uv": [
                        11.625,
                        12.75,
                        11.375,
                        13.25
                    ],
                    "texture": "#0"
                },
                "down": {
                    "uv": [
                        14.625,
                        10.25,
                        14.375,
                        9.75
                    ],
                    "texture": "#0"
                }
            }
        },
        {
            "from": [
                7.75,
                20.91421,
                7.25
            ],
            "to": [
                8.25,
                24.91421,
                8.75
            ],
            "rotation": {
                "angle": 0,
                "axis": "y",
                "origin": [
                    8.25,
                    21.91421,
                    8
                ]
            },
            "faces": {
                "north": {
                    "uv": [
                        12.875,
                        0.75,
                        13.125,
                        2.75
                    ],
                    "texture": "#0"
                },
                "east": {
                    "uv": [
                        6.875,
                        0.75,
                        7.625,
                        2.75
                    ],
                    "texture": "#0"
                },
                "south": {
                    "uv": [
                        3.875,
                        11.25,
                        4.125,
                        13.25
                    ],
                    "texture": "#0"
                },
                "west": {
                    "uv": [
                        4.375,
                        5.25,
                        5.125,
                        7.25
                    ],
                    "texture": "#0"
                }
            }
        },
        {
            "from": [
                7.745,
                23.66468,
                8
            ],
            "to": [
                8.255,
                24.72468,
                9.06
            ],
            "rotation": {
                "angle": -45,
                "axis": "x",
                "origin": [
                    7.745,
                    23.66468,
                    8
                ]
            },
            "faces": {
                "north": {
                    "uv": [
                        14.875,
                        1.75,
                        15.125,
                        2.25
                    ],
                    "texture": "#0"
                },
                "east": {
                    "uv": [
                        13.375,
                        2.25,
                        13.875,
                        2.75
                    ],
                    "texture": "#0"
                },
                "south": {
                    "uv": [
                        3.875,
                        13.25,
                        4.125,
                        13.75
                    ],
                    "texture": "#0"
                },
                "west": {
                    "uv": [
                        13.375,
                        2.75,
                        13.875,
                        3.25
                    ],
                    "texture": "#0"
                },
                "up": {
                    "uv": [
                        15.125,
                        2.75,
                        14.875,
                        2.25
                    ],
                    "texture": "#0"
                },
                "down": {
                    "uv": [
                        4.625,
                        13.25,
                        4.375,
                        13.75
                    ],
                    "texture": "#0"
                }
            }
        },
        {
            "from": [
                7.62,
                21.62165,
                13.70744
            ],
            "to": [
                8.38,
                22.68165,
                14.76744
            ],
            "rotation": {
                "angle": 45,
                "axis": "x",
                "origin": [
                    8,
                    20.91421,
                    13
                ]
            },
            "faces": {
                "north": {
                    "uv": [
                        7.375,
                        12.25,
                        7.75,
                        12.75
                    ],
                    "texture": "#0"
                },
                "east": {
                    "uv": [
                        13.375,
                        3.25,
                        13.875,
                        3.75
                    ],
                    "texture": "#0"
                },
                "south": {
                    "uv": [
                        13.875,
                        5.75,
                        14.25,
                        6.25
                    ],
                    "texture": "#0"
                },
                "west": {
                    "uv": [
                        13.375,
                        3.75,
                        13.875,
                        4.25
                    ],
                    "texture": "#0"
                },
                "up": {
                    "uv": [
                        8.25,
                        12.75,
                        7.875,
                        12.25
                    ],
                    "texture": "#0"
                },
                "down": {
                    "uv": [
                        14.25,
                        6.25,
                        13.875,
                        6.75
                    ],
                    "texture": "#0"
                }
            }
        },
        {
            "from": [
                7.625,
                20.16421,
                11.25
            ],
            "to": [
                8.375,
                21.66421,
                15.25
            ],
            "rotation": {
                "angle": 0,
                "axis": "y",
                "origin": [
                    8,
                    20.91421,
                    13
                ]
            },
            "faces": {
                "east": {
                    "uv": [
                        6.375,
                        2.75,
                        8.375,
                        3.5
                    ],
                    "texture": "#0"
                },
                "west": {
                    "uv": [
                        5.375,
                        5.25,
                        7.375,
                        6
                    ],
                    "texture": "#0"
                },
                "up": {
                    "uv": [
                        11.75,
                        10.75,
                        11.375,
                        8.75
                    ],
                    "texture": "#0"
                },
                "down": {
                    "uv": [
                        11.25,
                        9.75,
                        10.875,
                        11.75
                    ],
                    "texture": "#0"
                }
            }
        },
        {
            "from": [
                7.62,
                18.80178,
                10.88756
            ],
            "to": [
                8.38,
                20.55178,
                12.63756
            ],
            "rotation": {
                "angle": 45,
                "axis": "x",
                "origin": [
                    8,
                    20.91421,
                    13
                ]
            },
            "faces": {
                "north": {
                    "uv": [
                        4.375,
                        11.25,
                        4.75,
                        12.125
                    ],
                    "texture": "#0"
                },
                "east": {
                    "uv": [
                        10.875,
                        6.75,
                        11.75,
                        7.625
                    ],
                    "texture": "#0"
                },
                "south": {
                    "uv": [
                        12.875,
                        2.75,
                        13.25,
                        3.625
                    ],
                    "texture": "#0"
                },
                "west": {
                    "uv": [
                        11.375,
                        3.75,
                        12.25,
                        4.625
                    ],
                    "texture": "#0"
                },
                "up": {
                    "uv": [
                        5.25,
                        12.125,
                        4.875,
                        11.25
                    ],
                    "texture": "#0"
                },
                "down": {
                    "uv": [
                        5.75,
                        11.25,
                        5.375,
                        12.125
                    ],
                    "texture": "#0"
                }
            }
        },
        {
            "from": [
                7.25,
                -7,
                7.75
            ],
            "to": [
                8.75,
                -5.5,
                9.25
            ],
            "rotation": {
                "angle": -45,
                "axis": "x",
                "origin": [
                    7.5,
                    -6.75,
                    8
                ]
            },
            "faces": {
                "north": {
                    "uv": [
                        5.875,
                        10.25,
                        6.625,
                        11
                    ],
                    "texture": "#0"
                },
                "east": {
                    "uv": [
                        11.875,
                        4.75,
                        12.625,
                        5.5
                    ],
                    "texture": "#0"
                },
                "south": {
                    "uv": [
                        6.875,
                        10.25,
                        7.625,
                        11
                    ],
                    "texture": "#0"
                },
                "west": {
                    "uv": [
                        11.875,
                        5.75,
                        12.625,
                        6.5
                    ],
                    "texture": "#0"
                },
                "up": {
                    "uv": [
                        12.625,
                        7.5,
                        11.875,
                        6.75
                    ],
                    "texture": "#0"
                },
                "down": {
                    "uv": [
                        12.625,
                        8.75,
                        11.875,
                        9.5
                    ],
                    "texture": "#0"
                }
            }
        },
        {
            "from": [
                6.68934,
                -5.48223,
                6.25
            ],
            "to": [
                8.68934,
                -4.98223,
                8.25
            ],
            "rotation": {
                "angle": -45,
                "axis": "y",
                "origin": [
                    6.93934,
                    -5.48223,
                    8
                ]
            },
            "faces": {
                "north": {
                    "uv": [
                        5.875,
                        11.75,
                        6.875,
                        12
                    ],
                    "texture": "#0"
                },
                "east": {
                    "uv": [
                        13.375,
                        4.25,
                        14.375,
                        4.5
                    ],
                    "texture": "#0"
                },
                "south": {
                    "uv": [
                        6.875,
                        11.75,
                        7.875,
                        12
                    ],
                    "texture": "#0"
                },
                "west": {
                    "uv": [
                        7.875,
                        11.75,
                        8.875,
                        12
                    ],
                    "texture": "#0"
                },
                "up": {
                    "uv": [
                        10.875,
                        3.75,
                        9.875,
                        2.75
                    ],
                    "texture": "#0"
                },
                "down": {
                    "uv": [
                        7.875,
                        8.25,
                        6.875,
                        9.25
                    ],
                    "texture": "#0"
                }
            }
        },
        {
            "from": [
                6.93934,
                -4.98223,
                6.5
            ],
            "to": [
                8.43934,
                -4.23223,
                8
            ],
            "rotation": {
                "angle": -45,
                "axis": "y",
                "origin": [
                    6.93934,
                    -5.48223,
                    8
                ]
            },
            "faces": {
                "north": {
                    "uv": [
                        12.875,
                        6.75,
                        13.625,
                        7.125
                    ],
                    "texture": "#0"
                },
                "east": {
                    "uv": [
                        12.875,
                        7.25,
                        13.625,
                        7.625
                    ],
                    "texture": "#0"
                },
                "south": {
                    "uv": [
                        12.875,
                        8.75,
                        13.625,
                        9.125
                    ],
                    "texture": "#0"
                },
                "west": {
                    "uv": [
                        12.875,
                        9.25,
                        13.625,
                        9.625
                    ],
                    "texture": "#0"
                }
            }
        },
        {
            "from": [
                6.68934,
                -4.23223,
                6.25
            ],
            "to": [
                8.68934,
                -3.73223,
                8.25
            ],
            "rotation": {
                "angle": -45,
                "axis": "y",
                "origin": [
                    6.93934,
                    -4.23223,
                    8
                ]
            },
            "faces": {
                "north": {
                    "uv": [
                        8.875,
                        11.75,
                        9.875,
                        12
                    ],
                    "texture": "#0"
                },
                "east": {
                    "uv": [
                        13.375,
                        7.75,
                        14.375,
                        8
                    ],
                    "texture": "#0"
                },
                "south": {
                    "uv": [
                        9.875,
                        11.75,
                        10.875,
                        12
                    ],
                    "texture": "#0"
                },
                "west": {
                    "uv": [
                        13.375,
                        8.25,
                        14.375,
                        8.5
                    ],
                    "texture": "#0"
                },
                "up": {
                    "uv": [
                        10.875,
                        7.75,
                        9.875,
                        6.75
                    ],
                    "texture": "#0"
                },
                "down": {
                    "uv": [
                        11.375,
                        3.75,
                        10.375,
                        4.75
                    ],
                    "texture": "#0"
                }
            }
        },
        {
            "from": [
                6.68934,
                0.26777,
                6.25
            ],
            "to": [
                8.68934,
                0.76777,
                8.25
            ],
            "rotation": {
                "angle": -45,
                "axis": "y",
                "origin": [
                    6.93934,
                    0.26777,
                    8
                ]
            },
            "faces": {
                "north": {
                    "uv": [
                        10.875,
                        11.75,
                        11.875,
                        12
                    ],
                    "texture": "#0"
                },
                "east": {
                    "uv": [
                        13.375,
                        9.75,
                        14.375,
                        10
                    ],
                    "texture": "#0"
                },
                "south": {
                    "uv": [
                        11.875,
                        11.75,
                        12.875,
                        12
                    ],
                    "texture": "#0"
                },
                "west": {
                    "uv": [
                        13.375,
                        10.25,
                        14.375,
                        10.5
                    ],
                    "texture": "#0"
                },
                "up": {
                    "uv": [
                        11.375,
                        8.75,
                        10.375,
                        7.75
                    ],
                    "texture": "#0"
                },
                "down": {
                    "uv": [
                        11.375,
                        8.75,
                        10.375,
                        9.75
                    ],
                    "texture": "#0"
                }
            }
        },
        {
            "from": [
                6.93934,
                -0.48223,
                6.5
            ],
            "to": [
                8.43934,
                0.26777,
                8
            ],
            "rotation": {
                "angle": -45,
                "axis": "y",
                "origin": [
                    6.93934,
                    -0.98223,
                    8
                ]
            },
            "faces": {
                "north": {
                    "uv": [
                        6.875,
                        11.25,
                        7.625,
                        11.625
                    ],
                    "texture": "#0"
                },
                "east": {
                    "uv": [
                        12.875,
                        5.25,
                        13.625,
                        5.625
                    ],
                    "texture": "#0"
                },
                "south": {
                    "uv": [
                        12.875,
                        5.75,
                        13.625,
                        6.125
                    ],
                    "texture": "#0"
                },
                "west": {
                    "uv": [
                        12.875,
                        6.25,
                        13.625,
                        6.625
                    ],
                    "texture": "#0"
                }
            }
        },
        {
            "from": [
                6.68934,
                -0.98223,
                6.25
            ],
            "to": [
                8.68934,
                -0.48223,
                8.25
            ],
            "rotation": {
                "angle": -45,
                "axis": "y",
                "origin": [
                    6.93934,
                    -0.98223,
                    8
                ]
            },
            "faces": {
                "north": {
                    "uv": [
                        13.375,
                        10.75,
                        14.375,
                        11
                    ],
                    "texture": "#0"
                },
                "east": {
                    "uv": [
                        12.875,
                        11.75,
                        13.875,
                        12
                    ],
                    "texture": "#0"
                },
                "south": {
                    "uv": [
                        13.375,
                        11.25,
                        14.375,
                        11.5
                    ],
                    "texture": "#0"
                },
                "west": {
                    "uv": [
                        13.875,
                        0.75,
                        14.875,
                        1
                    ],
                    "texture": "#0"
                },
                "up": {
                    "uv": [
                        11.875,
                        1.75,
                        10.875,
                        0.75
                    ],
                    "texture": "#0"
                },
                "down": {
                    "uv": [
                        11.875,
                        1.75,
                        10.875,
                        2.75
                    ],
                    "texture": "#0"
                }
            }
        },
        {
            "from": [
                6.68934,
                16.26777,
                6.25
            ],
            "to": [
                8.68934,
                16.76777,
                8.25
            ],
            "rotation": {
                "angle": -45,
                "axis": "y",
                "origin": [
                    6.93934,
                    16.26777,
                    8
                ]
            },
            "faces": {
                "north": {
                    "uv": [
                        13.875,
                        1.25,
                        14.875,
                        1.5
                    ],
                    "texture": "#0"
                },
                "east": {
                    "uv": [
                        13.875,
                        1.75,
                        14.875,
                        2
                    ],
                    "texture": "#0"
                },
                "south": {
                    "uv": [
                        13.875,
                        2.25,
                        14.875,
                        2.5
                    ],
                    "texture": "#0"
                },
                "west": {
                    "uv": [
                        4.375,
                        12.25,
                        5.375,
                        12.5
                    ],
                    "texture": "#0"
                },
                "up": {
                    "uv": [
                        11.875,
                        3.75,
                        10.875,
                        2.75
                    ],
                    "texture": "#0"
                },
                "down": {
                    "uv": [
                        11.875,
                        4.75,
                        10.875,
                        5.75
                    ],
                    "texture": "#0"
                }
            }
        },
        {
            "from": [
                6.93934,
                15.51777,
                6.5
            ],
            "to": [
                8.43934,
                16.26777,
                8
            ],
            "rotation": {
                "angle": -45,
                "axis": "y",
                "origin": [
                    6.93934,
                    15.01777,
                    8
                ]
            },
            "faces": {
                "north": {
                    "uv": [
                        6.375,
                        3.75,
                        7.125,
                        4.125
                    ],
                    "texture": "#0"
                },
                "east": {
                    "uv": [
                        7.375,
                        3.75,
                        8.125,
                        4.125
                    ],
                    "texture": "#0"
                },
                "south": {
                    "uv": [
                        5.875,
                        11.25,
                        6.625,
                        11.625
                    ],
                    "texture": "#0"
                },
                "west": {
                    "uv": [
                        12.875,
                        4.75,
                        13.625,
                        5.125
                    ],
                    "texture": "#0"
                }
            }
        },
        {
            "from": [
                6.68934,
                15.01777,
                6.25
            ],
            "to": [
                8.68934,
                15.51777,
                8.25
            ],
            "rotation": {
                "angle": -45,
                "axis": "y",
                "origin": [
                    6.93934,
                    15.01777,
                    8
                ]
            },
            "faces": {
                "north": {
                    "uv": [
                        13.875,
                        2.75,
                        14.875,
                        3
                    ],
                    "texture": "#0"
                },
                "east": {
                    "uv": [
                        13.875,
                        3.25,
                        14.875,
                        3.5
                    ],
                    "texture": "#0"
                },
                "south": {
                    "uv": [
                        5.375,
                        12.25,
                        6.375,
                        12.5
                    ],
                    "texture": "#0"
                },
                "west": {
                    "uv": [
                        13.875,
                        3.75,
                        14.875,
                        4
                    ],
                    "texture": "#0"
                },
                "up": {
                    "uv": [
                        7.875,
                        10.25,
                        6.875,
                        9.25
                    ],
                    "texture": "#0"
                },
                "down": {
                    "uv": [
                        11.875,
                        5.75,
                        10.875,
                        6.75
                    ],
                    "texture": "#0"
                }
            }
        },
        {
            "from": [
                7,
                17.5,
                5.25
            ],
            "to": [
                9,
                19.75,
                7.5
            ],
            "rotation": {
                "angle": -45,
                "axis": "x",
                "origin": [
                    8,
                    20.25,
                    8
                ]
            },
            "faces": {
                "north": {
                    "uv": [
                        5.375,
                        6.25,
                        6.375,
                        7.375
                    ],
                    "texture": "#0"
                },
                "east": {
                    "uv": [
                        7.375,
                        5.25,
                        8.5,
                        6.375
                    ],
                    "texture": "#0"
                },
                "south": {
                    "uv": [
                        6.375,
                        6.25,
                        7.375,
                        7.375
                    ],
                    "texture": "#0"
                },
                "west": {
                    "uv": [
                        7.875,
                        0.75,
                        9,
                        1.875
                    ],
                    "texture": "#0"
                },
                "up": {
                    "uv": [
                        9.375,
                        3.375,
                        8.375,
                        2.25
                    ],
                    "texture": "#0"
                },
                "down": {
                    "uv": [
                        8.375,
                        6.75,
                        7.375,
                        7.875
                    ],
                    "texture": "#0"
                }
            }
        },
        {
            "from": [
                6.75,
                17.75,
                5.5
            ],
            "to": [
                9.25,
                19.5,
                7.25
            ],
            "rotation": {
                "angle": -45,
                "axis": "x",
                "origin": [
                    8,
                    20.25,
                    8
                ]
            },
            "faces": {
                "north": {
                    "uv": [
                        8.375,
                        6.75,
                        9.625,
                        7.625
                    ],
                    "texture": "#0"
                },
                "east": {
                    "uv": [
                        7.875,
                        9.75,
                        8.75,
                        10.625
                    ],
                    "texture": "#0"
                },
                "south": {
                    "uv": [
                        2.375,
                        7.25,
                        3.625,
                        8.125
                    ],
                    "texture": "#0"
                },
                "west": {
                    "uv": [
                        8.875,
                        9.75,
                        9.75,
                        10.625
                    ],
                    "texture": "#0"
                },
                "up": {
                    "uv": [
                        5.125,
                        8.125,
                        3.875,
                        7.25
                    ],
                    "texture": "#0"
                },
                "down": {
                    "uv": [
                        10.125,
                        3.75,
                        8.875,
                        4.625
                    ],
                    "texture": "#0"
                }
            }
        },
        {
            "from": [
                7.04289,
                11.76777,
                6.92678
            ],
            "to": [
                8.29289,
                15.01777,
                8.17678
            ],
            "rotation": {
                "angle": -45,
                "axis": "y",
                "origin": [
                    7.29289,
                    11.01777,
                    8.17678
                ]
            },
            "faces": {
                "north": {
                    "uv": [
                        9.875,
                        0.75,
                        10.5,
                        2.375
                    ],
                    "texture": "#0"
                },
                "east": {
                    "uv": [
                        3.375,
                        8.25,
                        4,
                        9.875
                    ],
                    "texture": "#0"
                },
                "south": {
                    "uv": [
                        4.375,
                        8.25,
                        5,
                        9.875
                    ],
                    "texture": "#0"
                },
                "west": {
                    "uv": [
                        9.875,
                        4.75,
                        10.5,
                        6.375
                    ],
                    "texture": "#0"
                }
            }
        },
        {
            "from": [
                7.745,
                19.57322,
                8.25
            ],
            "to": [
                8.255,
                21.32322,
                10
            ],
            "rotation": {
                "angle": -45,
                "axis": "x",
                "origin": [
                    7.745,
                    19.32322,
                    8
                ]
            },
            "faces": {
                "north": {
                    "uv": [
                        2.375,
                        12.25,
                        2.625,
                        13.125
                    ],
                    "texture": "#0"
                },
                "east": {
                    "uv": [
                        11.375,
                        7.75,
                        12.25,
                        8.625
                    ],
                    "texture": "#0"
                },
                "south": {
                    "uv": [
                        6.375,
                        12.25,
                        6.625,
                        13.125
                    ],
                    "texture": "#0"
                },
                "west": {
                    "uv": [
                        9.875,
                        9.75,
                        10.75,
                        10.625
                    ],
                    "texture": "#0"
                },
                "up": {
                    "uv": [
                        14.125,
                        5.625,
                        13.875,
                        4.75
                    ],
                    "texture": "#0"
                },
                "down": {
                    "uv": [
                        7.125,
                        12.25,
                        6.875,
                        13.125
                    ],
                    "texture": "#0"
                }
            }
        },
        {
            "from": [
                7.18934,
                5.76777,
                6.75
            ],
            "to": [
                8.18934,
                10.01777,
                7.75
            ],
            "rotation": {
                "angle": -45,
                "axis": "y",
                "origin": [
                    6.93934,
                    5.76777,
                    8
                ]
            },
            "faces": {
                "north": {
                    "uv": [
                        9.375,
                        0.75,
                        9.875,
                        2.875
                    ],
                    "texture": "#0"
                },
                "east": {
                    "uv": [
                        5.375,
                        7.75,
                        5.875,
                        9.875
                    ],
                    "texture": "#0"
                },
                "south": {
                    "uv": [
                        5.875,
                        7.75,
                        6.375,
                        9.875
                    ],
                    "texture": "#0"
                },
                "west": {
                    "uv": [
                        6.375,
                        7.75,
                        6.875,
                        9.875
                    ],
                    "texture": "#0"
                }
            }
        },
        {
            "from": [
                6.88934,
                11.26777,
                6.45
            ],
            "to": [
                8.48934,
                11.76777,
                8.05
            ],
            "rotation": {
                "angle": -45,
                "axis": "y",
                "origin": [
                    6.93934,
                    11.26777,
                    8
                ]
            },
            "faces": {
                "north": {
                    "uv": [
                        8.375,
                        12.25,
                        9.125,
                        12.5
                    ],
                    "texture": "#0"
                },
                "east": {
                    "uv": [
                        13.875,
                        6.75,
                        14.625,
                        7
                    ],
                    "texture": "#0"
                },
                "south": {
                    "uv": [
                        13.875,
                        7.25,
                        14.625,
                        7.5
                    ],
                    "texture": "#0"
                },
                "west": {
                    "uv": [
                        9.375,
                        12.25,
                        10.125,
                        12.5
                    ],
                    "texture": "#0"
                },
                "up": {
                    "uv": [
                        12.625,
                        10.5,
                        11.875,
                        9.75
                    ],
                    "texture": "#0"
                },
                "down": {
                    "uv": [
                        13.125,
                        3.75,
                        12.375,
                        4.5
                    ],
                    "texture": "#0"
                }
            }
        },
        {
            "from": [
                7.13934,
                10.51777,
                6.7
            ],
            "to": [
                8.23934,
                11.26777,
                7.8
            ],
            "rotation": {
                "angle": -45,
                "axis": "y",
                "origin": [
                    6.93934,
                    10.01777,
                    8
                ]
            },
            "faces": {
                "north": {
                    "uv": [
                        10.375,
                        12.25,
                        10.875,
                        12.625
                    ],
                    "texture": "#0"
                },
                "east": {
                    "uv": [
                        13.875,
                        8.75,
                        14.375,
                        9.125
                    ],
                    "texture": "#0"
                },
                "south": {
                    "uv": [
                        10.875,
                        12.25,
                        11.375,
                        12.625
                    ],
                    "texture": "#0"
                },
                "west": {
                    "uv": [
                        13.875,
                        9.25,
                        14.375,
                        9.625
                    ],
                    "texture": "#0"
                }
            }
        },
        {
            "from": [
                6.88934,
                10.01777,
                6.45
            ],
            "to": [
                8.48934,
                10.51777,
                8.05
            ],
            "rotation": {
                "angle": -45,
                "axis": "y",
                "origin": [
                    6.93934,
                    10.01777,
                    8
                ]
            },
            "faces": {
                "north": {
                    "uv": [
                        11.375,
                        12.25,
                        12.125,
                        12.5
                    ],
                    "texture": "#0"
                },
                "east": {
                    "uv": [
                        12.375,
                        12.25,
                        13.125,
                        12.5
                    ],
                    "texture": "#0"
                },
                "south": {
                    "uv": [
                        13.375,
                        12.25,
                        14.125,
                        12.5
                    ],
                    "texture": "#0"
                },
                "west": {
                    "uv": [
                        13.875,
                        11.75,
                        14.625,
                        12
                    ],
                    "texture": "#0"
                },
                "up": {
                    "uv": [
                        8.625,
                        11.5,
                        7.875,
                        10.75
                    ],
                    "texture": "#0"
                },
                "down": {
                    "uv": [
                        9.625,
                        10.75,
                        8.875,
                        11.5
                    ],
                    "texture": "#0"
                }
            }
        },
        {
            "from": [
                6.88934,
                5.26777,
                6.45
            ],
            "to": [
                8.48934,
                5.76777,
                8.05
            ],
            "rotation": {
                "angle": -45,
                "axis": "y",
                "origin": [
                    6.93934,
                    5.26777,
                    8
                ]
            },
            "faces": {
                "north": {
                    "uv": [
                        4.375,
                        12.75,
                        5.125,
                        13
                    ],
                    "texture": "#0"
                },
                "east": {
                    "uv": [
                        5.375,
                        12.75,
                        6.125,
                        13
                    ],
                    "texture": "#0"
                },
                "south": {
                    "uv": [
                        14.375,
                        4.25,
                        15.125,
                        4.5
                    ],
                    "texture": "#0"
                },
                "west": {
                    "uv": [
                        14.375,
                        4.75,
                        15.125,
                        5
                    ],
                    "texture": "#0"
                },
                "up": {
                    "uv": [
                        13.125,
                        8.5,
                        12.375,
                        7.75
                    ],
                    "texture": "#0"
                },
                "down": {
                    "uv": [
                        10.625,
                        10.75,
                        9.875,
                        11.5
                    ],
                    "texture": "#0"
                }
            }
        },
        {
            "from": [
                7.13934,
                4.51777,
                6.7
            ],
            "to": [
                8.23934,
                5.26777,
                7.8
            ],
            "rotation": {
                "angle": -45,
                "axis": "y",
                "origin": [
                    6.93934,
                    4.01777,
                    8
                ]
            },
            "faces": {
                "north": {
                    "uv": [
                        14.375,
                        5.25,
                        14.875,
                        5.625
                    ],
                    "texture": "#0"
                },
                "east": {
                    "uv": [
                        7.375,
                        12.75,
                        7.875,
                        13.125
                    ],
                    "texture": "#0"
                },
                "south": {
                    "uv": [
                        14.375,
                        5.75,
                        14.875,
                        6.125
                    ],
                    "texture": "#0"
                },
                "west": {
                    "uv": [
                        7.875,
                        12.75,
                        8.375,
                        13.125
                    ],
                    "texture": "#0"
                }
            }
        },
        {
            "from": [
                6.88934,
                4.01777,
                6.45
            ],
            "to": [
                8.48934,
                4.51777,
                8.05
            ],
            "rotation": {
                "angle": -45,
                "axis": "y",
                "origin": [
                    6.93934,
                    4.01777,
                    8
                ]
            },
            "faces": {
                "north": {
                    "uv": [
                        14.375,
                        6.25,
                        15.125,
                        6.5
                    ],
                    "texture": "#0"
                },
                "east": {
                    "uv": [
                        8.375,
                        12.75,
                        9.125,
                        13
                    ],
                    "texture": "#0"
                },
                "south": {
                    "uv": [
                        9.375,
                        12.75,
                        10.125,
                        13
                    ],
                    "texture": "#0"
                },
                "west": {
                    "uv": [
                        14.375,
                        7.75,
                        15.125,
                        8
                    ],
                    "texture": "#0"
                },
                "up": {
                    "uv": [
                        12.125,
                        11.5,
                        11.375,
                        10.75
                    ],
                    "texture": "#0"
                },
                "down": {
                    "uv": [
                        13.125,
                        10.75,
                        12.375,
                        11.5
                    ],
                    "texture": "#0"
                }
            }
        },
        {
            "from": [
                7.04289,
                0.76777,
                6.92678
            ],
            "to": [
                8.29289,
                4.01777,
                8.17678
            ],
            "rotation": {
                "angle": -45,
                "axis": "y",
                "origin": [
                    7.29289,
                    0.01777,
                    8.17678
                ]
            },
            "faces": {
                "north": {
                    "uv": [
                        8.875,
                        4.75,
                        9.5,
                        6.375
                    ],
                    "texture": "#0"
                },
                "east": {
                    "uv": [
                        8.375,
                        7.75,
                        9,
                        9.375
                    ],
                    "texture": "#0"
                },
                "south": {
                    "uv": [
                        9.375,
                        7.75,
                        10,
                        9.375
                    ],
                    "texture": "#0"
                },
                "west": {
                    "uv": [
                        2.375,
                        8.25,
                        3,
                        9.875
                    ],
                    "texture": "#0"
                }
            }
        },
        {
            "from": [
                6.9,
                14.825,
                4.875
            ],
            "to": [
                6.9,
                21.075,
                11.125
            ],
            "rotation": {
                "angle": 0,
                "axis": "y",
                "origin": [
                    0,
                    8,
                    5.125
                ]
            },
            "faces": {
                "west": {
                    "uv": [
                        0,
                        0,
                        12.5,
                        12.5
                    ],
                    "texture": "#1"
                }
            }
        },
        {
            "from": [
                9.1,
                14.825,
                4.875
            ],
            "to": [
                9.1,
                21.075,
                11.125
            ],
            "rotation": {
                "angle": 0,
                "axis": "y",
                "origin": [
                    16,
                    8,
                    5.125
                ]
            },
            "faces": {
                "east": {
                    "uv": [
                        12.5,
                        0,
                        0,
                        12.5
                    ],
                    "texture": "#1"
                }
            }
        },
        {
            "from": [
                7.985,
                -3.73223,
                7
            ],
            "to": [
                8.015,
                -0.98223,
                9
            ],
            "rotation": {
                "angle": 45,
                "axis": "y",
                "origin": [
                    8,
                    -2.35723,
                    8
                ]
            },
            "faces": {
                "east": {
                    "uv": [
                        8,
                        0,
                        0,
                        11
                    ],
                    "texture": "#2"
                },
                "west": {
                    "uv": [
                        0,
                        0,
                        8,
                        11
                    ],
                    "texture": "#2"
                }
            }
        },
        {
            "from": [
                7,
                -3.73223,
                7.985
            ],
            "to": [
                9,
                -0.98223,
                8.015
            ],
            "rotation": {
                "angle": 45,
                "axis": "y",
                "origin": [
                    8,
                    -2.35723,
                    8
                ]
            },
            "faces": {
                "north": {
                    "uv": [
                        0,
                        0,
                        8,
                        11
                    ],
                    "texture": "#2"
                },
                "south": {
                    "uv": [
                        8,
                        0,
                        0,
                        11
                    ],
                    "texture": "#2"
                }
            }
        },
        {
            "from": [
                7.875,
                18.77204,
                -2.02323
            ],
            "to": [
                8.125,
                19.77204,
                6.97677
            ],
            "rotation": {
                "angle": -22.5,
                "axis": "x",
                "origin": [
                    7.875,
                    18.77204,
                    -2.02323
                ]
            },
            "faces": {
                "east": {
                    "uv": [
                        4.375,
                        4.25,
                        8.875,
                        4.75
                    ],
                    "texture": "#0"
                },
                "west": {
                    "uv": [
                        4.375,
                        4.75,
                        8.875,
                        5.25
                    ],
                    "texture": "#0"
                },
                "up": {
                    "uv": [
                        3,
                        15.75,
                        2.875,
                        11.25
                    ],
                    "texture": "#0"
                },
                "down": {
                    "uv": [
                        3.5,
                        11.25,
                        3.375,
                        15.75
                    ],
                    "texture": "#0"
                }
            }
        },
        {
            "from": [
                7.985,
                15.79704,
                -2.02323
            ],
            "to": [
                8.015,
                19.77204,
                6.97677
            ],
            "rotation": {
                "angle": -22.5,
                "axis": "x",
                "origin": [
                    7.735,
                    18.77204,
                    -2.02323
                ]
            },
            "faces": {
                "east": {
                    "uv": [
                        5.625,
                        0,
                        1.125,
                        2
                    ],
                    "texture": "#0"
                },
                "west": {
                    "uv": [
                        1.125,
                        0,
                        5.625,
                        2
                    ],
                    "texture": "#0"
                }
            }
        },
        {
            "from": [
                7.99,
                13.27309,
                -4.28022
            ],
            "to": [
                8.01,
                19.27309,
                -0.28022
            ],
            "rotation": {
                "angle": 22.5,
                "axis": "x",
                "origin": [
                    7.99,
                    14.77309,
                    -2.28022
                ]
            },
            "faces": {
                "east": {
                    "uv": [
                        3,
                        4,
                        1,
                        7
                    ],
                    "texture": "#0"
                },
                "west": {
                    "uv": [
                        1,
                        4,
                        3,
                        7
                    ],
                    "texture": "#0"
                }
            }
        },
        {
            "from": [
                7.87,
                16.31323,
                -2.48203
            ],
            "to": [
                8.13,
                19.31323,
                -1.40703
            ],
            "rotation": {
                "angle": 22.5,
                "axis": "x",
                "origin": [
                    7.87,
                    19.31323,
                    -1.48203
                ]
            },
            "faces": {
                "north": {
                    "uv": [
                        14.375,
                        8.25,
                        14.5,
                        9.75
                    ],
                    "texture": "#0"
                },
                "east": {
                    "uv": [
                        7.875,
                        8.25,
                        8.375,
                        9.75
                    ],
                    "texture": "#0"
                },
                "south": {
                    "uv": [
                        10.375,
                        12.75,
                        10.5,
                        14.25
                    ],
                    "texture": "#0"
                },
                "west": {
                    "uv": [
                        2.375,
                        10.25,
                        2.875,
                        11.75
                    ],
                    "texture": "#0"
                },
                "up": {
                    "uv": [
                        15,
                        3.25,
                        14.875,
                        2.75
                    ],
                    "texture": "#0"
                },
                "down": {
                    "uv": [
                        5,
                        13.25,
                        4.875,
                        13.75
                    ],
                    "texture": "#0"
                }
            }
        }
    ],
    "gui_light": "front",
    "display": {
        "thirdperson_righthand": {
            "translation": [
                0,
                -1.75,
                1
            ]
        },
        "thirdperson_lefthand": {
            "translation": [
                0,
                -1.75,
                1
            ]
        },
        "firstperson_righthand": {
            "rotation": [
                5,
                0,
                0
            ],
            "translation": [
                2.75,
                0.25,
                0
            ],
            "scale": [
                0.7,
                0.7,
                0.7
            ]
        },
        "firstperson_lefthand": {
            "rotation": [
                5,
                0,
                0
            ],
            "translation": [
                2.75,
                0.25,
                0
            ],
            "scale": [
                0.7,
                0.7,
                0.7
            ]
        },
        "ground": {
            "rotation": [
                45,
                0,
                0
            ],
            "translation": [
                0,
                3,
                0
            ],
            "scale": [
                0.7,
                0.7,
                0.7
            ]
        },
        "gui": {
            "rotation": [
                -90,
                45,
                90
            ],
            "translation": [
                1.75,
                -1.75,
                0
            ],
            "scale": [
                0.7,
                0.7,
                0.7
            ]
        },
        "head": {
            "rotation": [
                0,
                90,
                0
            ]
        },
        "fixed": {
            "rotation": [
                0,
                -90,
                0
            ],
            "translation": [
                0,
                0,
                -1.75
            ],
            "scale": [
                2,
                2,
                2
            ]
        }
    }
}