{
	"credit": "Made with Blockbench",
	"texture_size": [128, 128],
	"textures": {
		"0": "item/multiple/hw_phantom_2024/ghost_texture",
		"1": "item/multiple/hw_phantom_2024/ghost_animation",
		"2": "item/multiple/hw_phantom_2024/ghost_animation2",
		"particle": "item/multiple/hw_phantom_2024/ghost_texture"
	},
	"elements": [
		{
			"from": [9, 11.5, 6.25],
			"to": [11, 18, 9.75],
			"rotation": {"angle": 0, "axis": "y", "origin": [10.5, 13.25, 8]},
			"faces": {
				"north": {"uv": [0.75, 4.5625, 0.5, 5.375], "texture": "#0"},
				"east": {"uv": [0.5, 5.375, 0.0625, 4.5625], "texture": "#0"},
				"south": {"uv": [0.75, 4.5625, 0.5, 5.375], "texture": "#0"},
				"west": {"uv": [0.5, 5.375, 0.0625, 4.5625], "texture": "#0"},
				"up": {"uv": [1.625, 2, 1.375, 1.5625], "texture": "#0"},
				"down": {"uv": [1.625, 2.75, 1.375, 2.3125], "texture": "#0"}
			}
		},
		{
			"from": [10.5, 12.5, 6.75],
			"to": [11.5, 17, 9.25],
			"rotation": {"angle": 0, "axis": "y", "origin": [10.5, 13.75, 8]},
			"faces": {
				"north": {"uv": [1.1875, 4.5625, 1.0625, 5.125], "texture": "#0"},
				"east": {"uv": [1.0625, 5.125, 0.75, 4.5625], "texture": "#0"},
				"south": {"uv": [1.1875, 4.5625, 1.0625, 5.125], "texture": "#0"},
				"west": {"uv": [1.0625, 5.125, 0.75, 4.5625], "texture": "#0"},
				"up": {"uv": [1.5, 2.3125, 1.375, 2], "texture": "#0"},
				"down": {"uv": [1.5, 2.3125, 1.375, 2], "texture": "#0"}
			}
		},
		{
			"from": [7, 11.5, 6.25],
			"to": [9, 18, 9.75],
			"rotation": {"angle": 0, "axis": "y", "origin": [7.5, 13.25, 8]},
			"faces": {
				"north": {"uv": [0.5, 4.5625, 0.75, 5.375], "texture": "#0"},
				"east": {"uv": [0.0625, 5.375, 0.5, 4.5625], "texture": "#0"},
				"south": {"uv": [0.5, 4.5625, 0.75, 5.375], "texture": "#0"},
				"west": {"uv": [0.0625, 5.375, 0.5, 4.5625], "texture": "#0"},
				"up": {"uv": [1.375, 2, 1.625, 1.5625], "texture": "#0"},
				"down": {"uv": [1.375, 2.75, 1.625, 2.3125], "texture": "#0"}
			}
		},
		{
			"from": [4.3997, 12.05, 14.98566],
			"to": [6.4997, 16.45, 17.08566],
			"rotation": {"angle": 22.5, "axis": "y", "origin": [6.5, 14.25, 14.98536]},
			"faces": {
				"north": {"uv": [1.8125, 4.375, 1.4375, 3.8125], "texture": "#0"},
				"east": {"uv": [1.8125, 4.375, 1.4375, 3.8125], "texture": "#0"},
				"south": {"uv": [1.4375, 4.375, 1.8125, 3.8125], "texture": "#0"},
				"west": {"uv": [1.8125, 4.375, 1.4375, 3.8125], "texture": "#0"},
				"up": {"uv": [1.625, 3, 1.375, 3.25], "texture": "#0"},
				"down": {"uv": [1.625, 2.75, 1.375, 3], "rotation": 180, "texture": "#0"}
			}
		},
		{
			"from": [12.1, 15.5, 5],
			"to": [12.1, 26.5, 11],
			"rotation": {"angle": 0, "axis": "y", "origin": [12.1, 20.5, 8]},
			"faces": {
				"north": {"uv": [0, 0, 0, 8], "texture": "#1"},
				"east": {"uv": [6, 0, 0, 11], "texture": "#1"},
				"south": {"uv": [0, 0, 0, 8], "texture": "#1"},
				"west": {"uv": [0, 0, 6, 11], "texture": "#1"},
				"up": {"uv": [0, 6, 0, 0], "texture": "#1"},
				"down": {"uv": [0, 0, 0, 6], "texture": "#1"}
			}
		},
		{
			"from": [5, 12, 8.5],
			"to": [8, 16.5, 16.5],
			"rotation": {"angle": -22.5, "axis": "y", "origin": [6.5, 14.25, 14.98536]},
			"faces": {
				"north": {"uv": [1.4375, 3.8125, 1.8125, 3.25], "texture": "#0"},
				"east": {"uv": [7.3125, 5.9375, 8.3125, 5.375], "texture": "#0"},
				"south": {"uv": [1.4375, 3.25, 1.8125, 3.8125], "texture": "#0"},
				"west": {"uv": [8.3125, 5.9375, 7.3125, 5.375], "texture": "#0"},
				"up": {"uv": [7.3125, 5.9375, 8.3125, 6.3125], "rotation": 270, "texture": "#0"},
				"down": {"uv": [7.3125, 5.9375, 8.3125, 6.3125], "rotation": 270, "texture": "#0"}
			}
		},
		{
			"from": [5, 12, -0.5],
			"to": [8, 16.5, 7.5],
			"rotation": {"angle": 22.5, "axis": "y", "origin": [6.5, 14.25, 1.01464]},
			"faces": {
				"north": {"uv": [1.8125, 3.25, 1.4375, 3.8125], "texture": "#0"},
				"east": {"uv": [8.3125, 5.9375, 7.3125, 5.375], "texture": "#0"},
				"south": {"uv": [1.8125, 3.8125, 1.4375, 3.25], "texture": "#0"},
				"west": {"uv": [7.3125, 5.9375, 8.3125, 5.375], "texture": "#0"},
				"up": {"uv": [8.3125, 5.9375, 7.3125, 6.3125], "rotation": 270, "texture": "#0"},
				"down": {"uv": [8.3125, 5.9375, 7.3125, 6.3125], "rotation": 270, "texture": "#0"}
			}
		},
		{
			"from": [4.3997, 12.05, -1.08566],
			"to": [6.4997, 16.45, 1.01434],
			"rotation": {"angle": -22.5, "axis": "y", "origin": [6.5, 14.25, 1.01464]},
			"faces": {
				"north": {"uv": [1.8125, 4.375, 1.4375, 3.8125], "texture": "#0"},
				"east": {"uv": [1.4375, 4.375, 1.8125, 3.8125], "texture": "#0"},
				"south": {"uv": [1.4375, 4.375, 1.8125, 3.8125], "texture": "#0"},
				"west": {"uv": [1.4375, 4.375, 1.8125, 3.8125], "texture": "#0"},
				"up": {"uv": [1.625, 3.25, 1.375, 3], "texture": "#0"},
				"down": {"uv": [1.625, 3, 1.375, 2.75], "rotation": 180, "texture": "#0"}
			}
		},
		{
			"from": [7, -9.3, -10.1],
			"to": [7, 12.7, 2.9],
			"rotation": {"angle": 22.5, "axis": "x", "origin": [7, 1.7, -3.6]},
			"faces": {
				"north": {"uv": [0, 0, 0, 10], "rotation": 180, "texture": "#missing"},
				"east": {"uv": [0, 0, 6.5, 11], "rotation": 180, "texture": "#2"},
				"south": {"uv": [0, 0, 0, 10], "rotation": 180, "texture": "#missing"},
				"west": {"uv": [6.5, 0, 0, 11], "rotation": 180, "texture": "#2"},
				"up": {"uv": [0, 5, 0, 0], "texture": "#missing"},
				"down": {"uv": [0, 0, 0, 5], "texture": "#missing"}
			}
		},
		{
			"from": [9.5, -7, 8],
			"to": [10.5, 13, 17],
			"rotation": {"angle": -22.5, "axis": "y", "origin": [10.5, 3, 8]},
			"faces": {
				"north": {"uv": [5.875, 10.1875, 5.75, 7.6875], "texture": "#0"},
				"east": {"uv": [5.75, 10.1875, 4.625, 7.6875], "texture": "#0"},
				"south": {"uv": [5.875, 10.1875, 5.75, 7.6875], "texture": "#0"},
				"west": {"uv": [4.625, 10.1875, 5.75, 7.6875], "texture": "#0"},
				"up": {"uv": [4.625, 10.375, 4.5, 9.25], "texture": "#0"},
				"down": {"uv": [4.625, 10.375, 4.5, 9.25], "texture": "#0"}
			}
		},
		{
			"from": [10.5, -13, 8],
			"to": [10.5, -7, 17],
			"rotation": {"angle": -22.5, "axis": "y", "origin": [10.5, 3, 8]},
			"faces": {
				"north": {"uv": [0.625, 10.375, 0.5, 7.75], "texture": "#0"},
				"east": {"uv": [6.25, 11.25, 5.125, 10.5], "texture": "#0"},
				"south": {"uv": [0.625, 10.375, 0.5, 7.75], "texture": "#0"},
				"west": {"uv": [5.125, 11.25, 6.25, 10.5], "texture": "#0"},
				"up": {"uv": [0.75, 8, 0.625, 7.625], "texture": "#0"},
				"down": {"uv": [0.75, 8, 0.625, 7.625], "texture": "#0"}
			}
		},
		{
			"from": [9.5, -7, -1],
			"to": [10.5, 13, 8],
			"rotation": {"angle": 22.5, "axis": "y", "origin": [10.5, 3, 8]},
			"faces": {
				"north": {"uv": [5.75, 10.1875, 5.875, 7.6875], "texture": "#0"},
				"east": {"uv": [4.625, 10.1875, 5.75, 7.6875], "texture": "#0"},
				"south": {"uv": [5.75, 10.1875, 5.875, 7.6875], "texture": "#0"},
				"west": {"uv": [5.75, 10.1875, 4.625, 7.6875], "texture": "#0"},
				"up": {"uv": [4.625, 9.25, 4.5, 10.375], "texture": "#0"},
				"down": {"uv": [4.625, 9.25, 4.5, 10.375], "texture": "#0"}
			}
		},
		{
			"from": [10.5, -13, -1],
			"to": [10.5, -7, 8],
			"rotation": {"angle": 22.5, "axis": "y", "origin": [10.5, 3, 8]},
			"faces": {
				"north": {"uv": [0.5, 10.375, 0.625, 7.75], "texture": "#0"},
				"east": {"uv": [5.125, 11.25, 6.25, 10.5], "texture": "#0"},
				"south": {"uv": [0.5, 10.375, 0.625, 7.75], "texture": "#0"},
				"west": {"uv": [6.25, 11.25, 5.125, 10.5], "texture": "#0"},
				"up": {"uv": [0.75, 7.625, 0.625, 8], "texture": "#0"},
				"down": {"uv": [0.75, 7.625, 0.625, 8], "texture": "#0"}
			}
		},
		{
			"from": [1.5, 12.6, 6.5],
			"to": [4.5, 14.1, 9.5],
			"rotation": {"angle": 45, "axis": "y", "origin": [3, 13.1, 8]},
			"faces": {
				"north": {"uv": [2.1875, 1.75, 2.5625, 1.9375], "texture": "#0"},
				"east": {"uv": [2.5625, 1.75, 2.1875, 1.9375], "texture": "#0"},
				"south": {"uv": [2.1875, 1.75, 2.5625, 1.9375], "texture": "#0"},
				"west": {"uv": [2.5625, 1.75, 2.1875, 1.9375], "texture": "#0"},
				"up": {"uv": [2.1875, 1.375, 2.5625, 1.75], "rotation": 90, "texture": "#0"},
				"down": {"uv": [2.1875, 1.375, 2.5625, 1.75], "rotation": 90, "texture": "#0"}
			}
		},
		{
			"from": [2, 0, 7],
			"to": [4, 14, 9],
			"rotation": {"angle": 45, "axis": "y", "origin": [3, 8, 8]},
			"faces": {
				"north": {"uv": [2.1875, 1.375, 1.9375, 3.125], "texture": "#0"},
				"east": {"uv": [2.1875, 1.375, 1.9375, 3.125], "texture": "#0"},
				"south": {"uv": [2.1875, 1.375, 1.9375, 3.125], "texture": "#0"},
				"west": {"uv": [1.9375, 1.375, 2.1875, 3.125], "texture": "#0"},
				"up": {"uv": [2.1875, 3.125, 1.9375, 3.375], "texture": "#0"},
				"down": {"uv": [2.1875, 3.125, 1.9375, 3.375], "texture": "#0"}
			}
		},
		{
			"from": [1.5, 3.5, 6.5],
			"to": [4.5, 5, 9.5],
			"rotation": {"angle": 45, "axis": "y", "origin": [3, 4.5, 8]},
			"faces": {
				"north": {"uv": [2.1875, 2.5, 2.5625, 2.6875], "texture": "#0"},
				"east": {"uv": [2.1875, 2.5, 2.5625, 2.6875], "texture": "#0"},
				"south": {"uv": [2.1875, 2.5, 2.5625, 2.6875], "texture": "#0"},
				"west": {"uv": [2.1875, 2.5, 2.5625, 2.6875], "texture": "#0"},
				"up": {"uv": [2.1875, 2.125, 2.5625, 2.5], "texture": "#0"},
				"down": {"uv": [2.1875, 2.125, 2.5625, 2.5], "texture": "#0"}
			}
		},
		{
			"from": [1.75, 2, 6.75],
			"to": [4.25, 3.5, 9.25],
			"rotation": {"angle": 45, "axis": "y", "origin": [3, 1.5, 8]},
			"faces": {
				"north": {"uv": [2.1875, 1.9375, 2.5, 2.125], "texture": "#0"},
				"east": {"uv": [2.5, 1.9375, 2.1875, 2.125], "texture": "#0"},
				"south": {"uv": [2.1875, 1.9375, 2.5, 2.125], "texture": "#0"},
				"west": {"uv": [2.5, 1.9375, 2.1875, 2.125], "texture": "#0"}
			}
		},
		{
			"from": [1.25, 0.5, 6.25],
			"to": [4.75, 2, 9.75],
			"rotation": {"angle": 45, "axis": "y", "origin": [3, 1.25, 8]},
			"faces": {
				"north": {"uv": [2.1875, 2.6875, 2.625, 2.875], "texture": "#0"},
				"east": {"uv": [2.1875, 2.6875, 2.625, 2.875], "texture": "#0"},
				"south": {"uv": [2.1875, 2.6875, 2.625, 2.875], "texture": "#0"},
				"west": {"uv": [2.1875, 2.6875, 2.625, 2.875], "texture": "#0"},
				"up": {"uv": [2.1875, 2.875, 2.625, 3.3125], "texture": "#0"},
				"down": {"uv": [2.1875, 2.875, 2.625, 3.3125], "texture": "#0"}
			}
		},
		{
			"from": [1.5, 14.1, 7],
			"to": [7, 16.1, 9],
			"rotation": {"angle": 0, "axis": "y", "origin": [2, 14.1, 7]},
			"faces": {
				"north": {"uv": [2.4375, 7.5625, 3.125, 7.8125], "texture": "#0"},
				"east": {"uv": [2.6875, 7.3125, 2.9375, 7.5625], "texture": "#0"},
				"south": {"uv": [3.125, 7.5625, 2.4375, 7.8125], "texture": "#0"},
				"west": {"uv": [2.6875, 7.3125, 2.9375, 7.5625], "texture": "#0"},
				"up": {"uv": [5.375, 6.9375, 6.0625, 7.1875], "texture": "#0"},
				"down": {"uv": [5.375, 7.1875, 6.0625, 7.4375], "texture": "#0"}
			}
		}
	],
	"gui_light": "front",
	"display": {
		"thirdperson_righthand": {
			"translation": [3.75, -1.25, 1.5],
			"scale": [0.7, 0.7, 0.7]
		},
		"thirdperson_lefthand": {
			"rotation": [0, 180, 0],
			"translation": [4, -1.25, 1.5],
			"scale": [0.7, 0.7, 0.7]
		},
		"firstperson_righthand": {
			"rotation": [-5, 0, 8],
			"translation": [4, 0, -1],
			"scale": [0.6, 0.6, 0.6]
		},
		"firstperson_lefthand": {
			"rotation": [-5, 180, -8],
			"translation": [4, 0, -1],
			"scale": [0.6, 0.6, 0.6]
		},
		"ground": {
			"rotation": [0, 0, 60],
			"translation": [0, 6, 0],
			"scale": [0.4, 0.4, 0.4]
		},
		"gui": {
			"rotation": [90, -45, 90],
			"translation": [-1.75, 1.75, -1.5],
			"scale": [0.4, 0.4, 0.4]
		},
		"head": {
			"rotation": [-180, 0, 0],
			"translation": [0, 15.5, 0],
			"scale": [0.6, 0.6, 0.6]
		},
		"fixed": {
			"rotation": [90, 90, -90],
			"translation": [0, 6, -5.25],
			"scale": [1.6, 1.6, 1.6]
		}
	}
}