{
	"credit": "Polygony Creation Co.,Ltd.",
	"textures": {
		"0": "item/axes/lightning_power_axe/animations/animations_1",
		"1": "item/shields/lightning_power_shield",
		"particle": "item/shields/lightning_power_shield"
	},
	"elements": [
		{
			"from": [10.29074, 4.20926, 9.874],
			"to": [11.79074, 5.70926, 11.374],
			"rotation": {"angle": -45, "axis": "z", "origin": [8, 8, 8]},
			"faces": {
				"north": {"uv": [1, 10.5, 1.75, 11.25], "texture": "#1"},
				"east": {"uv": [7, 10, 7.75, 10.75], "texture": "#1"},
				"south": {"uv": [9, 10, 9.75, 10.75], "texture": "#1"},
				"west": {"uv": [10, 10, 10.75, 10.75], "texture": "#1"},
				"up": {"uv": [2.75, 11.25, 2, 10.5], "rotation": 90, "texture": "#1"},
				"down": {"uv": [3.75, 10.5, 3, 11.25], "rotation": 270, "texture": "#1"}
			}
		},
		{
			"from": [8.92678, 8.92678, 9.874],
			"to": [10.42678, 10.42678, 11.374],
			"rotation": {"angle": 45, "axis": "z", "origin": [8, 8, 8]},
			"faces": {
				"north": {"uv": [11.5, 0, 12.25, 0.75], "texture": "#1"},
				"east": {"uv": [11, 9.5, 11.75, 10.25], "texture": "#1"},
				"south": {"uv": [10, 11, 10.75, 11.75], "texture": "#1"},
				"west": {"uv": [11, 10.5, 11.75, 11.25], "texture": "#1"},
				"up": {"uv": [1.75, 12.25, 1, 11.5], "rotation": 90, "texture": "#1"},
				"down": {"uv": [12.25, 1, 11.5, 1.75], "rotation": 270, "texture": "#1"}
			}
		},
		{
			"from": [7.5, 4.03553, 10.124],
			"to": [8.5, 6.03553, 11.124],
			"rotation": {"angle": 0, "axis": "y", "origin": [8, 8, 8]},
			"faces": {
				"north": {"uv": [11.5, 2, 12, 3], "texture": "#1"},
				"east": {"uv": [5.5, 9, 6, 10], "texture": "#1"},
				"south": {"uv": [1, 14.25, 1.5, 15.25], "texture": "#1"},
				"west": {"uv": [2, 11.5, 2.5, 12.5], "texture": "#1"},
				"up": {"uv": [3, 10.5, 2.5, 10], "rotation": 90, "texture": "#1"}
			}
		},
		{
			"from": [7.6, 6.03553, 10.224],
			"to": [8.4, 8.03553, 11.024],
			"rotation": {"angle": 0, "axis": "y", "origin": [8, 8, 8]},
			"faces": {
				"north": {"uv": [3.5, 11.5, 4, 12.5], "texture": "#1"},
				"east": {"uv": [2.5, 11.5, 3, 12.5], "texture": "#1"},
				"south": {"uv": [3, 11.5, 3.5, 12.5], "texture": "#1"},
				"west": {"uv": [11.5, 3, 12, 4], "texture": "#1"}
			}
		},
		{
			"from": [7.5, 8.03553, 10.124],
			"to": [8.5, 10.03553, 11.124],
			"rotation": {"angle": 0, "axis": "y", "origin": [8, 8, 8]},
			"faces": {
				"north": {"uv": [5, 11.5, 5.5, 12.5], "texture": "#1"},
				"east": {"uv": [4, 11.5, 4.5, 12.5], "texture": "#1"},
				"south": {"uv": [11.5, 4, 12, 5], "texture": "#1"},
				"west": {"uv": [4.5, 11.5, 5, 12.5], "texture": "#1"},
				"down": {"uv": [6, 10, 5.5, 10.5], "rotation": 270, "texture": "#1"}
			}
		},
		{
			"from": [14.03554, 11.17157, 6.124],
			"to": [15.03554, 12.17157, 7.124],
			"rotation": {"angle": 45, "axis": "z", "origin": [8, 8, 8]},
			"faces": {
				"north": {"uv": [11, 4.5, 11.5, 5], "texture": "#1"},
				"east": {"uv": [10.5, 9.5, 11, 10], "texture": "#1"},
				"south": {"uv": [11, 2, 11.5, 2.5], "texture": "#1"},
				"up": {"uv": [11.5, 12.5, 11, 12], "rotation": 90, "texture": "#1"},
				"down": {"uv": [12.5, 11, 12, 11.5], "rotation": 270, "texture": "#1"}
			}
		},
		{
			"from": [6.89893, 15.67892, 6.224],
			"to": [7.69893, 16.47892, 7.024],
			"rotation": {"angle": -22.5, "axis": "z", "origin": [8, 8, 8]},
			"faces": {
				"north": {"uv": [12.5, 0.5, 13, 1], "texture": "#1"},
				"east": {"uv": [11.5, 12, 12, 12.5], "texture": "#1"},
				"south": {"uv": [12, 12, 12.5, 12.5], "texture": "#1"},
				"west": {"uv": [12.5, 0, 13, 0.5], "texture": "#1"},
				"up": {"uv": [1.5, 13, 1, 12.5], "rotation": 90, "texture": "#1"}
			}
		},
		{
			"from": [7.35, 4.53553, 9.974],
			"to": [8.65, 5.03553, 11.274],
			"rotation": {"angle": 0, "axis": "y", "origin": [8, 8, 8]},
			"faces": {
				"north": {"uv": [1, 13, 1.75, 13.25], "texture": "#1"},
				"east": {"uv": [12.5, 12.5, 13.25, 12.75], "texture": "#1"},
				"south": {"uv": [13, 0, 13.75, 0.25], "texture": "#1"},
				"west": {"uv": [13, 0.5, 13.75, 0.75], "texture": "#1"},
				"up": {"uv": [11.25, 4.25, 10.5, 3.5], "rotation": 90, "texture": "#1"},
				"down": {"uv": [4.75, 10.5, 4, 11.25], "rotation": 270, "texture": "#1"}
			}
		},
		{
			"from": [7.35, 9.03553, 9.974],
			"to": [8.65, 9.53553, 11.274],
			"rotation": {"angle": 0, "axis": "y", "origin": [8, 8, 8]},
			"faces": {
				"north": {"uv": [13, 2, 13.75, 2.25], "texture": "#1"},
				"east": {"uv": [13, 1, 13.75, 1.25], "texture": "#1"},
				"south": {"uv": [13, 1.5, 13.75, 1.75], "texture": "#1"},
				"west": {"uv": [2, 13, 2.75, 13.25], "texture": "#1"},
				"up": {"uv": [5.75, 11.25, 5, 10.5], "rotation": 90, "texture": "#1"},
				"down": {"uv": [11.25, 6, 10.5, 6.75], "rotation": 270, "texture": "#1"}
			}
		},
		{
			"from": [2.46066, 11.33934, 5.824],
			"to": [4.66066, 13.53934, 7.424],
			"rotation": {"angle": -45, "axis": "z", "origin": [8, 8, 8]},
			"faces": {
				"north": {"uv": [7, 7.5, 8, 8.5], "texture": "#1"},
				"east": {"uv": [0, 14.25, 0.75, 15.25], "texture": "#1"},
				"south": {"uv": [7.5, 5, 8.5, 6], "texture": "#1"},
				"west": {"uv": [9.5, 6, 10.25, 7], "texture": "#1"},
				"up": {"uv": [8.75, 10.5, 8, 9.5], "rotation": 90, "texture": "#1"},
				"down": {"uv": [10.25, 8.5, 9.5, 9.5], "rotation": 270, "texture": "#1"}
			}
		},
		{
			"from": [3.41777, 10.88223, 6.074],
			"to": [5.11777, 12.58223, 7.174],
			"rotation": {"angle": -45, "axis": "z", "origin": [8, 8, 8]},
			"faces": {
				"north": {"uv": [10.5, 8.5, 11.25, 9.25], "texture": "#1"},
				"east": {"uv": [12, 2, 12.5, 2.75], "texture": "#1"},
				"south": {"uv": [8, 10.5, 8.75, 11.25], "texture": "#1"},
				"west": {"uv": [12, 3, 12.5, 3.75], "texture": "#1"},
				"up": {"uv": [12.5, 4.75, 12, 4], "rotation": 90, "texture": "#1"},
				"down": {"uv": [12.5, 5.5, 12, 6.25], "rotation": 270, "texture": "#1"}
			}
		},
		{
			"from": [5.80604, 13.74423, 5.874],
			"to": [8.05604, 15.24423, 7.374],
			"rotation": {"angle": -22.5, "axis": "z", "origin": [8, 8, 8]},
			"faces": {
				"north": {"uv": [8.5, 5, 9.75, 5.75], "texture": "#1"},
				"east": {"uv": [0, 11, 0.75, 11.75], "texture": "#1"},
				"south": {"uv": [8.5, 2.5, 9.75, 3.25], "texture": "#1"},
				"west": {"uv": [7, 11, 7.75, 11.75], "texture": "#1"},
				"up": {"uv": [9.25, 7.25, 8.5, 6], "rotation": 90, "texture": "#1"},
				"down": {"uv": [7.75, 8.5, 7, 9.75], "rotation": 270, "texture": "#1"}
			}
		},
		{
			"from": [15.7033, 8.27868, 6.024],
			"to": [16.9033, 9.47868, 7.224],
			"rotation": {"angle": 45, "axis": "z", "origin": [8, 8, 8]},
			"faces": {
				"north": {"uv": [2, 12.5, 2.5, 13], "texture": "#1"},
				"east": {"uv": [12.5, 1, 13, 1.5], "texture": "#1"},
				"south": {"uv": [1.5, 12.5, 2, 13], "texture": "#1"},
				"west": {"uv": [12.5, 1.5, 13, 2], "texture": "#1"},
				"up": {"uv": [13, 2.5, 12.5, 2], "rotation": 90, "texture": "#1"},
				"down": {"uv": [3, 12.5, 2.5, 13], "rotation": 270, "texture": "#1"}
			}
		},
		{
			"from": [11, 13.16397, 11.21801],
			"to": [13, 13.96397, 12.01801],
			"rotation": {"angle": -45, "axis": "x", "origin": [8, 8, 8]},
			"faces": {
				"north": {"uv": [11.5, 5, 12.5, 5.5], "texture": "#1"},
				"east": {"uv": [12.5, 2.5, 13, 3], "texture": "#1"},
				"south": {"uv": [11, 8, 12, 8.5], "texture": "#1"},
				"up": {"uv": [6, 12.5, 5.5, 11.5], "rotation": 90, "texture": "#1"},
				"down": {"uv": [12, 5.5, 11.5, 6.5], "rotation": 270, "texture": "#1"}
			}
		},
		{
			"from": [9.5, 13.06397, 11.11801],
			"to": [11, 14.06397, 12.11801],
			"rotation": {"angle": -45, "axis": "x", "origin": [8, 8, 8]},
			"faces": {
				"north": {"uv": [12, 7, 12.75, 7.5], "texture": "#1"},
				"east": {"uv": [3, 12.5, 3.5, 13], "texture": "#1"},
				"south": {"uv": [7, 12, 7.75, 12.5], "texture": "#1"},
				"west": {"uv": [12.5, 3, 13, 3.5], "texture": "#1"},
				"up": {"uv": [12.5, 8.25, 12, 7.5], "rotation": 90, "texture": "#1"},
				"down": {"uv": [9.5, 12, 9, 12.75], "rotation": 270, "texture": "#1"}
			}
		},
		{
			"from": [4.66066, 13.53934, 4.999],
			"to": [5.41066, 14.28934, 8.249],
			"rotation": {"angle": -45, "axis": "z", "origin": [8, 8, 8]},
			"faces": {
				"north": {"uv": [12.5, 3.5, 13, 4], "texture": "#1"},
				"east": {"uv": [9, 4.5, 10.75, 5], "texture": "#1"},
				"south": {"uv": [3.5, 12.5, 4, 13], "texture": "#1"},
				"west": {"uv": [9, 7.5, 10.75, 8], "texture": "#1"},
				"up": {"uv": [10.75, 8.5, 9, 8], "rotation": 90, "texture": "#1"},
				"down": {"uv": [11.25, 0, 9.5, 0.5], "rotation": 270, "texture": "#1"}
			}
		},
		{
			"from": [6, 14.04369, 10.33499],
			"to": [10, 14.54369, 10.83499],
			"rotation": {"angle": -45, "axis": "x", "origin": [8, 8, 8]},
			"faces": {
				"north": {"uv": [11.5, 8.5, 13.5, 8.75], "texture": "#1"},
				"east": {"uv": [13, 2.5, 13.25, 2.75], "texture": "#1"},
				"south": {"uv": [11.5, 6.5, 13.5, 6.75], "texture": "#1"},
				"west": {"uv": [3, 13, 3.25, 13.25], "texture": "#1"},
				"up": {"uv": [8.25, 13.5, 8, 11.5], "rotation": 90, "texture": "#1"},
				"down": {"uv": [8.75, 11.5, 8.5, 13.5], "rotation": 270, "texture": "#1"}
			}
		},
		{
			"from": [9.41421, 9.41421, 6.374],
			"to": [11.91421, 11.91421, 6.874],
			"rotation": {"angle": 45, "axis": "z", "origin": [8, 8, 8]},
			"faces": {
				"north": {"uv": [14.75, 13.75, 16, 15], "texture": "#1"},
				"east": {"uv": [9.5, 12, 9.75, 13.25], "texture": "#1"},
				"south": {"uv": [7.5, 3.5, 8.75, 4.75], "texture": "#1"},
				"west": {"uv": [12, 9.5, 12.25, 10.75], "texture": "#1"},
				"up": {"uv": [10.25, 13.25, 10, 12], "rotation": 90, "texture": "#1"},
				"down": {"uv": [10.75, 12, 10.5, 13.25], "rotation": 270, "texture": "#1"}
			}
		},
		{
			"from": [1.64748, 1.64748, 6.374],
			"to": [3.41748, 3.41748, 6.874],
			"rotation": {"angle": 45, "axis": "z", "origin": [8, 8, 8]},
			"faces": {
				"north": {"uv": [8.5, 1.5, 9.5, 2.5], "texture": "#1"},
				"east": {"uv": [4, 12.5, 4.25, 13.5], "texture": "#1"},
				"south": {"uv": [8, 7.5, 9, 8.5], "texture": "#1"},
				"west": {"uv": [12.5, 4, 12.75, 5], "texture": "#1"},
				"up": {"uv": [4.75, 13.5, 4.5, 12.5], "rotation": 90, "texture": "#1"},
				"down": {"uv": [5.25, 12.5, 5, 13.5], "rotation": 270, "texture": "#1"}
			}
		},
		{
			"from": [6.75, 0.26776, 6.3775],
			"to": [9.25, 11.76776, 6.8705],
			"rotation": {"angle": 0, "axis": "y", "origin": [8, 8, 8]},
			"faces": {
				"north": {"uv": [14.75, 7.75, 16, 13.5], "texture": "#1"},
				"east": {"uv": [6, 7.5, 6.25, 13.25], "texture": "#1"},
				"south": {"uv": [14.75, 0, 16, 5.75], "texture": "#1"},
				"west": {"uv": [6.5, 7.5, 6.75, 13.25], "texture": "#1"}
			}
		},
		{
			"from": [5.5, -5.21447, 6.609],
			"to": [10.5, 13.78553, 6.639],
			"rotation": {"angle": 0, "axis": "y", "origin": [8, 8, 8]},
			"faces": {
				"north": {"uv": [2, 0, 4.5, 9.5], "texture": "#1"},
				"south": {"uv": [4.5, 0, 2, 9.5], "texture": "#1"}
			}
		},
		{
			"from": [12.33628, -5.21447, 7.37208],
			"to": [14.33628, 13.78553, 7.40208],
			"rotation": {"angle": 0, "axis": "y", "origin": [8, 8, 8]},
			"faces": {
				"north": {"uv": [0, 0, 1, 9.5], "texture": "#1"},
				"south": {"uv": [1, 0, 0, 9.5], "texture": "#1"}
			}
		},
		{
			"from": [9.77739, -5.21447, 5.75817],
			"to": [11.77739, 13.78553, 5.78817],
			"rotation": {"angle": -22.5, "axis": "y", "origin": [8, 8, 8]},
			"faces": {
				"north": {"uv": [1, 0, 2, 9.5], "texture": "#1"},
				"south": {"uv": [2, 0, 1, 9.5], "texture": "#1"}
			}
		},
		{
			"from": [4.22261, -5.21447, 5.75817],
			"to": [6.22261, 13.78553, 5.78817],
			"rotation": {"angle": 22.5, "axis": "y", "origin": [8, 8, 8]},
			"faces": {
				"north": {"uv": [2, 0, 1, 9.5], "texture": "#1"},
				"south": {"uv": [1, 0, 2, 9.5], "texture": "#1"}
			}
		},
		{
			"from": [1.66372, -5.21447, 7.37208],
			"to": [3.66372, 13.78553, 7.40208],
			"rotation": {"angle": 0, "axis": "y", "origin": [8, 8, 8]},
			"faces": {
				"north": {"uv": [1, 0, 0, 9.5], "texture": "#1"},
				"south": {"uv": [0, 0, 1, 9.5], "texture": "#1"}
			}
		},
		{
			"from": [11, 10.03553, 6.609],
			"to": [13, 14.03553, 6.639],
			"rotation": {"angle": 0, "axis": "y", "origin": [8, 8, 8]},
			"faces": {
				"north": {"uv": [7.5, 1.5, 8.5, 3.5], "texture": "#1"},
				"south": {"uv": [8.5, 1.5, 7.5, 3.5], "texture": "#1"}
			}
		},
		{
			"from": [3, 10.03553, 6.609],
			"to": [5, 14.03553, 6.639],
			"rotation": {"angle": 0, "axis": "y", "origin": [8, 8, 8]},
			"faces": {
				"north": {"uv": [8.5, 1.5, 7.5, 3.5], "texture": "#1"},
				"south": {"uv": [7.5, 1.5, 8.5, 3.5], "texture": "#1"}
			}
		},
		{
			"from": [5, 13.06397, 11.11801],
			"to": [6.5, 14.06397, 12.11801],
			"rotation": {"angle": -45, "axis": "x", "origin": [8, 8, 8]},
			"faces": {
				"north": {"uv": [12.75, 7, 12, 7.5], "texture": "#1"},
				"east": {"uv": [13, 3, 12.5, 3.5], "texture": "#1"},
				"south": {"uv": [7.75, 12, 7, 12.5], "texture": "#1"},
				"west": {"uv": [3.5, 12.5, 3, 13], "texture": "#1"},
				"up": {"uv": [12.5, 7.5, 12, 8.25], "rotation": 90, "texture": "#1"},
				"down": {"uv": [9.5, 12.75, 9, 12], "rotation": 270, "texture": "#1"}
			}
		},
		{
			"from": [3, 13.16397, 11.21801],
			"to": [5, 13.96397, 12.01801],
			"rotation": {"angle": -45, "axis": "x", "origin": [8, 8, 8]},
			"faces": {
				"north": {"uv": [12.5, 5, 11.5, 5.5], "texture": "#1"},
				"south": {"uv": [12, 8, 11, 8.5], "texture": "#1"},
				"west": {"uv": [13, 2.5, 12.5, 3], "texture": "#1"},
				"up": {"uv": [6, 11.5, 5.5, 12.5], "rotation": 90, "texture": "#1"},
				"down": {"uv": [12, 6.5, 11.5, 5.5], "rotation": 270, "texture": "#1"}
			}
		},
		{
			"from": [-0.9033, 8.27868, 6.024],
			"to": [0.2967, 9.47868, 7.224],
			"rotation": {"angle": -45, "axis": "z", "origin": [8, 8, 8]},
			"faces": {
				"north": {"uv": [2.5, 12.5, 2, 13], "texture": "#1"},
				"east": {"uv": [13, 1.5, 12.5, 2], "texture": "#1"},
				"south": {"uv": [2, 12.5, 1.5, 13], "texture": "#1"},
				"west": {"uv": [13, 1, 12.5, 1.5], "texture": "#1"},
				"up": {"uv": [13, 2, 12.5, 2.5], "rotation": 90, "texture": "#1"},
				"down": {"uv": [3, 13, 2.5, 12.5], "rotation": 270, "texture": "#1"}
			}
		},
		{
			"from": [7.94396, 13.74423, 5.874],
			"to": [10.19396, 15.24423, 7.374],
			"rotation": {"angle": 22.5, "axis": "z", "origin": [8, 8, 8]},
			"faces": {
				"north": {"uv": [9, 3.5, 10.25, 4.25], "texture": "#1"},
				"east": {"uv": [11, 7, 11.75, 7.75], "texture": "#1"},
				"south": {"uv": [8, 8.5, 9.25, 9.25], "texture": "#1"},
				"west": {"uv": [9, 11, 9.75, 11.75], "texture": "#1"},
				"up": {"uv": [14.5, 15, 13.75, 13.75], "rotation": 90, "texture": "#1"},
				"down": {"uv": [4.5, 14.25, 3.75, 15.5], "rotation": 270, "texture": "#1"}
			}
		},
		{
			"from": [0.96446, 11.17157, 6.124],
			"to": [1.96446, 12.17157, 7.124],
			"rotation": {"angle": -45, "axis": "z", "origin": [8, 8, 8]},
			"faces": {
				"north": {"uv": [12.5, 5.5, 13, 6], "texture": "#1"},
				"south": {"uv": [12.5, 5, 13, 5.5], "texture": "#1"},
				"west": {"uv": [5.5, 12.5, 6, 13], "texture": "#1"},
				"up": {"uv": [13, 6.5, 12.5, 6], "rotation": 90, "texture": "#1"},
				"down": {"uv": [7.5, 12.5, 7, 13], "rotation": 270, "texture": "#1"}
			}
		},
		{
			"from": [8.30107, 15.67892, 6.224],
			"to": [9.10107, 16.47892, 7.024],
			"rotation": {"angle": 22.5, "axis": "z", "origin": [8, 8, 8]},
			"faces": {
				"north": {"uv": [12.5, 9.5, 13, 10], "texture": "#1"},
				"east": {"uv": [7.5, 12.5, 8, 13], "texture": "#1"},
				"south": {"uv": [12.5, 7.5, 13, 8], "texture": "#1"},
				"west": {"uv": [12.5, 8, 13, 8.5], "texture": "#1"},
				"up": {"uv": [13, 10.5, 12.5, 10], "rotation": 90, "texture": "#1"}
			}
		},
		{
			"from": [10.58934, 13.53934, 4.999],
			"to": [11.33934, 14.28934, 8.249],
			"rotation": {"angle": 45, "axis": "z", "origin": [8, 8, 8]},
			"faces": {
				"north": {"uv": [11, 12.5, 11.5, 13], "texture": "#1"},
				"east": {"uv": [9.5, 0.5, 11.25, 1], "texture": "#1"},
				"south": {"uv": [12.5, 10.5, 13, 11], "texture": "#1"},
				"west": {"uv": [1.75, 14.25, 3.5, 14.75], "texture": "#1"},
				"up": {"uv": [11.25, 1.5, 9.5, 1], "rotation": 90, "texture": "#1"},
				"down": {"uv": [11.25, 1.5, 9.5, 2], "rotation": 270, "texture": "#1"}
			}
		},
		{
			"from": [6.25, 10.94962, 5.361],
			"to": [9.75, 13.94962, 5.391],
			"rotation": {"angle": 0, "axis": "y", "origin": [8, 8, 8]},
			"faces": {
				"north": {"uv": [14.25, 6, 16, 7.5], "texture": "#1"},
				"south": {"uv": [16, 6, 14.25, 7.5], "texture": "#1"}
			}
		},
		{
			"from": [6, 12.09773, 3.21905],
			"to": [10, 12.59773, 3.71905],
			"rotation": {"angle": 45, "axis": "x", "origin": [8, 8, 8]},
			"faces": {
				"north": {"uv": [11, 11.5, 13, 11.75], "texture": "#1"},
				"east": {"uv": [13, 3, 13.25, 3.25], "texture": "#1"},
				"south": {"uv": [11.5, 9, 13.5, 9.25], "texture": "#1"},
				"west": {"uv": [3.5, 13, 3.75, 13.25], "texture": "#1"},
				"up": {"uv": [0.25, 14, 0, 12], "rotation": 90, "texture": "#1"},
				"down": {"uv": [0.75, 12, 0.5, 14], "rotation": 270, "texture": "#1"}
			}
		},
		{
			"from": [6.25, 10.94962, 7.857],
			"to": [9.75, 13.94962, 7.887],
			"rotation": {"angle": 0, "axis": "y", "origin": [8, 8, 8]},
			"faces": {
				"north": {"uv": [7.5, 0, 9.25, 1.5], "texture": "#1"},
				"south": {"uv": [6.5, 6, 8.25, 7.5], "texture": "#1"}
			}
		},
		{
			"from": [11, -2.46447, 6.974],
			"to": [16, 9.53553, 6.974],
			"rotation": {"angle": 0, "axis": "y", "origin": [8, 8, 8]},
			"faces": {
				"north": {"uv": [5, 0, 0, 12], "texture": "#0"}
			}
		},
		{
			"from": [0, -2.46447, 6.974],
			"to": [5, 9.53553, 6.974],
			"rotation": {"angle": 0, "axis": "y", "origin": [8, 8, 8]},
			"faces": {
				"north": {"uv": [0, 0, 5, 12], "texture": "#0"}
			}
		},
		{
			"from": [5.82322, 9.17678, 6.874],
			"to": [6.82322, 10.17678, 9.874],
			"rotation": {"angle": -45, "axis": "z", "origin": [8, 8, 8]},
			"faces": {
				"north": {"uv": [11.5, 12.5, 12, 13], "texture": "#1"},
				"east": {"uv": [9.5, 2, 11, 2.5], "texture": "#1"},
				"south": {"uv": [12.5, 11, 13, 11.5], "texture": "#1"},
				"west": {"uv": [9.5, 7, 11, 7.5], "texture": "#1"},
				"up": {"uv": [10.5, 10, 9, 9.5], "rotation": 90, "texture": "#1"},
				"down": {"uv": [2.5, 10, 1, 10.5], "rotation": 270, "texture": "#1"}
			}
		},
		{
			"from": [4.45926, 4.45926, 6.874],
			"to": [5.45926, 5.45926, 9.874],
			"rotation": {"angle": 45, "axis": "z", "origin": [8, 8, 8]},
			"faces": {
				"north": {"uv": [12.5, 12, 13, 12.5], "texture": "#1"},
				"east": {"uv": [10, 2.5, 11.5, 3], "texture": "#1"},
				"south": {"uv": [12, 12.5, 12.5, 13], "texture": "#1"},
				"west": {"uv": [10, 3, 11.5, 3.5], "texture": "#1"},
				"up": {"uv": [11.5, 5.5, 10, 5], "rotation": 90, "texture": "#1"},
				"down": {"uv": [11.5, 5.5, 10, 6], "rotation": 270, "texture": "#1"}
			}
		}
	],
	"gui_light": "front",
	"display": {
		"thirdperson_righthand": {
			"rotation": [20, -35, 0],
			"translation": [1.25, 0, -1.25]
		},
		"thirdperson_lefthand": {
			"rotation": [20, -35, 0],
			"translation": [1.25, 0, -1.25]
		},
		"firstperson_righthand": {
			"translation": [-9, 1, 1.75],
			"scale": [0.8, 0.8, 0.8]
		},
		"firstperson_lefthand": {
			"translation": [-9, 1, 1.75],
			"scale": [0.8, 0.8, 0.8]
		},
		"ground": {
			"rotation": [45, 0, 0],
			"translation": [0, 5, 0],
			"scale": [0.7, 0.7, 0.7]
		},
		"gui": {
			"rotation": [0, 180, -45],
			"translation": [-1, 1, 0],
			"scale": [0.7, 0.7, 0.7]
		},
		"fixed": {
			"translation": [0, 2, -2.25],
			"scale": [2, 2, 2]
		}
	}
}