{
	"credit": "Polygony Creation Co.,Ltd.",
	"texture_size": [8, 8],
	"textures": {
		"0": "item/axes/lightning_power_axe/animations/animations_2",
		"1": "item/hoes/lightning_power_scythe",
		"particle": "item/hoes/lightning_power_scythe"
	},
	"elements": [
		{
			"from": [7.25, 0, 8.25],
			"to": [8.75, 1.5, 9.75],
			"rotation": {"angle": -45, "axis": "x", "origin": [7.25, -0.25, 8]},
			"faces": {
				"north": {"uv": [8.25, 5.75, 9, 6.5], "texture": "#1"},
				"east": {"uv": [8.25, 6.75, 9, 7.5], "texture": "#1"},
				"south": {"uv": [8.25, 7.75, 9, 8.5], "texture": "#1"},
				"west": {"uv": [0.25, 8.75, 1, 9.5], "texture": "#1"},
				"up": {"uv": [9.5, 1, 8.75, 0.25], "texture": "#1"},
				"down": {"uv": [3, 8.75, 2.25, 9.5], "texture": "#1"}
			}
		},
		{
			"from": [7.5, 1.57843, 7.5],
			"to": [8.5, 3.57843, 8.5],
			"rotation": {"angle": 0, "axis": "y", "origin": [7.5, 2.57843, 7.5]},
			"faces": {
				"north": {"uv": [5.75, 2.25, 6.25, 3.25], "texture": "#1"},
				"east": {"uv": [2.25, 6.25, 2.75, 7.25], "texture": "#1"},
				"south": {"uv": [1.25, 8.75, 1.75, 9.75], "texture": "#1"},
				"west": {"uv": [1.25, 9.75, 1.75, 10.75], "texture": "#1"},
				"up": {"uv": [4.25, 5.75, 3.75, 5.25], "texture": "#1"}
			}
		},
		{
			"from": [7.6, 3.57843, 7.6],
			"to": [8.4, 5.57843, 8.4],
			"rotation": {"angle": 0, "axis": "y", "origin": [7.5, 4.57843, 7.5]},
			"faces": {
				"north": {"uv": [8.75, 9.75, 9.25, 10.75], "texture": "#1"},
				"east": {"uv": [9.75, 8.75, 10.25, 9.75], "texture": "#1"},
				"south": {"uv": [9.25, 9.75, 9.75, 10.75], "texture": "#1"},
				"west": {"uv": [9.75, 9.75, 10.25, 10.75], "texture": "#1"}
			}
		},
		{
			"from": [7.5, 5.57843, 7.5],
			"to": [8.5, 7.57843, 8.5],
			"rotation": {"angle": 0, "axis": "y", "origin": [7.5, 2.57843, 7.5]},
			"faces": {
				"north": {"uv": [10.25, 1.25, 10.75, 2.25], "texture": "#1"},
				"east": {"uv": [1.75, 10.25, 2.25, 11.25], "texture": "#1"},
				"south": {"uv": [3.25, 10.25, 3.75, 11.25], "texture": "#1"},
				"west": {"uv": [10.25, 3.25, 10.75, 4.25], "texture": "#1"},
				"down": {"uv": [7.25, 1.75, 6.75, 2.25], "texture": "#1"}
			}
		},
		{
			"from": [7.35, 2.07843, 7.35],
			"to": [8.65, 2.57843, 8.65],
			"rotation": {"angle": 0, "axis": "y", "origin": [7.5, 2.07843, 7.5]},
			"faces": {
				"north": {"uv": [11.75, 7.25, 12.5, 7.5], "texture": "#1"},
				"east": {"uv": [11.75, 7.75, 12.5, 8], "texture": "#1"},
				"south": {"uv": [8.25, 11.75, 9, 12], "texture": "#1"},
				"west": {"uv": [11.75, 8.25, 12.5, 8.5], "texture": "#1"},
				"up": {"uv": [9.5, 3.5, 8.75, 2.75], "texture": "#1"},
				"down": {"uv": [6.5, 8.75, 5.75, 9.5], "texture": "#1"}
			}
		},
		{
			"from": [7.35, 6.57843, 7.35],
			"to": [8.65, 7.07843, 8.65],
			"rotation": {"angle": 0, "axis": "y", "origin": [7.5, 6.57843, 7.5]},
			"faces": {
				"north": {"uv": [11.75, 8.75, 12.5, 9], "texture": "#1"},
				"east": {"uv": [9.25, 11.75, 10, 12], "texture": "#1"},
				"south": {"uv": [11.75, 9.25, 12.5, 9.5], "texture": "#1"},
				"west": {"uv": [11.75, 9.75, 12.5, 10], "texture": "#1"},
				"up": {"uv": [7.5, 9.5, 6.75, 8.75], "texture": "#1"},
				"down": {"uv": [8.5, 8.75, 7.75, 9.5], "texture": "#1"}
			}
		},
		{
			"from": [7.5, 10.57843, 7.5],
			"to": [8.5, 12.57843, 8.5],
			"rotation": {"angle": 0, "axis": "y", "origin": [7.5, 11.57843, 7.5]},
			"faces": {
				"north": {"uv": [10.75, 1.25, 11.25, 2.25], "texture": "#1"},
				"east": {"uv": [2.25, 10.75, 2.75, 11.75], "texture": "#1"},
				"south": {"uv": [10.75, 2.25, 11.25, 3.25], "texture": "#1"},
				"west": {"uv": [2.75, 10.75, 3.25, 11.75], "texture": "#1"},
				"up": {"uv": [6.25, 8.75, 5.75, 8.25], "texture": "#1"}
			}
		},
		{
			"from": [7.6, 12.57843, 7.6],
			"to": [8.4, 14.57843, 8.4],
			"rotation": {"angle": 0, "axis": "y", "origin": [7.5, 13.57843, 7.5]},
			"faces": {
				"north": {"uv": [0.25, 10.75, 0.75, 11.75], "texture": "#1"},
				"east": {"uv": [10.75, 0.25, 11.25, 1.25], "texture": "#1"},
				"south": {"uv": [0.75, 10.75, 1.25, 11.75], "texture": "#1"},
				"west": {"uv": [1.25, 10.75, 1.75, 11.75], "texture": "#1"}
			}
		},
		{
			"from": [7.5, 14.57843, 7.5],
			"to": [8.5, 16.57843, 8.5],
			"rotation": {"angle": 0, "axis": "y", "origin": [7.5, 11.57843, 7.5]},
			"faces": {
				"north": {"uv": [10.25, 6.75, 10.75, 7.75], "texture": "#1"},
				"east": {"uv": [10.25, 7.75, 10.75, 8.75], "texture": "#1"},
				"south": {"uv": [10.25, 8.75, 10.75, 9.75], "texture": "#1"},
				"west": {"uv": [10.25, 9.75, 10.75, 10.75], "texture": "#1"},
				"down": {"uv": [8.75, 2.75, 8.25, 3.25], "texture": "#1"}
			}
		},
		{
			"from": [7.35, 11.07843, 7.35],
			"to": [8.65, 11.57843, 8.65],
			"rotation": {"angle": 0, "axis": "y", "origin": [7.5, 11.07843, 7.5]},
			"faces": {
				"north": {"uv": [12.25, 2.75, 13, 3], "texture": "#1"},
				"east": {"uv": [4.25, 12.25, 5, 12.5], "texture": "#1"},
				"south": {"uv": [12.25, 4.25, 13, 4.5], "texture": "#1"},
				"west": {"uv": [12.25, 4.75, 13, 5], "texture": "#1"},
				"up": {"uv": [10, 7.5, 9.25, 6.75], "texture": "#1"},
				"down": {"uv": [10, 7.75, 9.25, 8.5], "texture": "#1"}
			}
		},
		{
			"from": [7.35, 15.57843, 7.35],
			"to": [8.65, 16.07843, 8.65],
			"rotation": {"angle": 0, "axis": "y", "origin": [7.5, 15.57843, 7.5]},
			"faces": {
				"north": {"uv": [0.25, 12.25, 1, 12.5], "texture": "#1"},
				"east": {"uv": [12.25, 1.25, 13, 1.5], "texture": "#1"},
				"south": {"uv": [12.25, 1.75, 13, 2], "texture": "#1"},
				"west": {"uv": [12.25, 2.25, 13, 2.5], "texture": "#1"},
				"up": {"uv": [5, 10, 4.25, 9.25], "texture": "#1"},
				"down": {"uv": [10, 5.75, 9.25, 6.5], "texture": "#1"}
			}
		},
		{
			"from": [7.35, 21.57843, 7.35],
			"to": [8.65, 22.07843, 8.65],
			"rotation": {"angle": 0, "axis": "y", "origin": [7.5, 21.57843, 7.5]},
			"faces": {
				"north": {"uv": [10.25, 11.75, 11, 12], "texture": "#1"},
				"east": {"uv": [11.75, 10.75, 12.5, 11], "texture": "#1"},
				"south": {"uv": [11.25, 11.75, 12, 12], "texture": "#1"},
				"west": {"uv": [11.75, 11.25, 12.5, 11.5], "texture": "#1"},
				"up": {"uv": [9.5, 9.5, 8.75, 8.75], "texture": "#1"},
				"down": {"uv": [10, 1.25, 9.25, 2], "texture": "#1"}
			}
		},
		{
			"from": [7.5, 20.57843, 7.5],
			"to": [8.5, 22.57843, 8.5],
			"rotation": {"angle": 0, "axis": "y", "origin": [7.5, 17.57843, 7.5]},
			"faces": {
				"north": {"uv": [3.75, 10.25, 4.25, 11.25], "texture": "#1"},
				"east": {"uv": [4.25, 10.25, 4.75, 11.25], "texture": "#1"},
				"south": {"uv": [4.75, 10.25, 5.25, 11.25], "texture": "#1"},
				"west": {"uv": [10.25, 5.75, 10.75, 6.75], "texture": "#1"},
				"down": {"uv": [3.75, 7.25, 3.25, 7.75], "texture": "#1"}
			}
		},
		{
			"from": [8, 7.57843, 6.93934],
			"to": [9.5, 10.57843, 8.43934],
			"rotation": {"angle": -45, "axis": "y", "origin": [8, 8.07843, 6.93934]},
			"faces": {
				"north": {"uv": [0.25, 6.25, 1, 7.75], "texture": "#1"},
				"east": {"uv": [1.25, 6.25, 2, 7.75], "texture": "#1"},
				"south": {"uv": [6.25, 2.25, 7, 3.75], "texture": "#1"},
				"west": {"uv": [6.75, 0.25, 7.5, 1.75], "texture": "#1"},
				"up": {"uv": [4, 10, 3.25, 9.25], "texture": "#1"},
				"down": {"uv": [10, 3.75, 9.25, 4.5], "texture": "#1"}
			}
		},
		{
			"from": [8, 16.57843, 6.93934],
			"to": [9.5, 20.57843, 8.43934],
			"rotation": {"angle": -45, "axis": "y", "origin": [8, 18.07843, 6.93934]},
			"faces": {
				"north": {"uv": [5.75, 0.25, 6.5, 2.25], "texture": "#1"},
				"east": {"uv": [3.75, 5.75, 4.5, 7.75], "texture": "#1"},
				"south": {"uv": [4.75, 5.75, 5.5, 7.75], "texture": "#1"},
				"west": {"uv": [5.75, 5.75, 6.5, 7.75], "texture": "#1"},
				"up": {"uv": [1, 10.5, 0.25, 9.75], "texture": "#1"},
				"down": {"uv": [10.5, 0.25, 9.75, 1], "texture": "#1"}
			}
		},
		{
			"from": [7.5, 26.32843, 4.5],
			"to": [8.5, 27.32843, 5.5],
			"rotation": {"angle": 45, "axis": "x", "origin": [8, 24.82843, 3.5]},
			"faces": {
				"north": {"uv": [8.75, 1.25, 9.25, 1.75], "texture": "#1"},
				"east": {"uv": [8.75, 3.75, 9.25, 4.25], "texture": "#1"},
				"west": {"uv": [9.25, 2.25, 9.75, 2.75], "texture": "#1"},
				"up": {"uv": [10.25, 3.75, 9.75, 3.25], "texture": "#1"},
				"down": {"uv": [11.75, 7.25, 11.25, 7.75], "texture": "#1"}
			}
		},
		{
			"from": [7.6, 25.28909, 5.11777],
			"to": [8.4, 26.08909, 5.91777],
			"rotation": {"angle": -22.5, "axis": "x", "origin": [8, 25.78909, 5.51777]},
			"faces": {
				"north": {"uv": [11.25, 7.75, 11.75, 8.25], "texture": "#1"},
				"east": {"uv": [8.25, 11.25, 8.75, 11.75], "texture": "#1"},
				"south": {"uv": [11.25, 8.25, 11.75, 8.75], "texture": "#1"},
				"west": {"uv": [8.75, 11.25, 9.25, 11.75], "texture": "#1"},
				"up": {"uv": [11.75, 9.75, 11.25, 9.25], "texture": "#1"}
			}
		},
		{
			"from": [7.2, 22.72843, 7.9],
			"to": [8.8, 24.92843, 10.1],
			"rotation": {"angle": -45, "axis": "x", "origin": [8.5, 22.82843, 8]},
			"faces": {
				"north": {"uv": [6.25, 7.75, 7, 8.75], "texture": "#1"},
				"east": {"uv": [6.25, 3.75, 7.25, 4.75], "texture": "#1"},
				"south": {"uv": [7.25, 7.75, 8, 8.75], "texture": "#1"},
				"west": {"uv": [6.75, 4.75, 7.75, 5.75], "texture": "#1"},
				"up": {"uv": [9, 2.75, 8.25, 1.75], "texture": "#1"},
				"down": {"uv": [5, 8.25, 4.25, 9.25], "texture": "#1"}
			}
		},
		{
			"from": [7.45, 21.97843, 8.15],
			"to": [8.55, 23.67843, 9.85],
			"rotation": {"angle": -45, "axis": "x", "origin": [8.5, 21.82843, 8]},
			"faces": {
				"north": {"uv": [4.25, 11.25, 4.75, 12], "texture": "#1"},
				"east": {"uv": [2.25, 9.75, 3, 10.5], "texture": "#1"},
				"south": {"uv": [4.75, 11.25, 5.25, 12], "texture": "#1"},
				"west": {"uv": [9.75, 2.25, 10.5, 3], "texture": "#1"},
				"up": {"uv": [11.75, 5.5, 11.25, 4.75], "texture": "#1"},
				"down": {"uv": [6.25, 11.25, 5.75, 12], "texture": "#1"}
			}
		},
		{
			"from": [7.25, 23.25, 5.75],
			"to": [8.75, 24.75, 8],
			"rotation": {"angle": -22.5, "axis": "x", "origin": [7.5, 23.25, 5.75]},
			"faces": {
				"north": {"uv": [9.75, 4.75, 10.5, 5.5], "texture": "#1"},
				"east": {"uv": [6.75, 5.75, 8, 6.5], "texture": "#1"},
				"south": {"uv": [5.75, 9.75, 6.5, 10.5], "texture": "#1"},
				"west": {"uv": [6.75, 6.75, 8, 7.5], "texture": "#1"},
				"up": {"uv": [8, 3, 7.25, 1.75], "texture": "#1"},
				"down": {"uv": [3, 7.25, 2.25, 8.5], "texture": "#1"}
			}
		},
		{
			"from": [7.25, 23.25, 8],
			"to": [8.75, 24.75, 10.25],
			"rotation": {"angle": 22.5, "axis": "x", "origin": [7.5, 23.25, 10.25]},
			"faces": {
				"north": {"uv": [6.75, 9.75, 7.5, 10.5], "texture": "#1"},
				"east": {"uv": [7.25, 3.25, 8.5, 4], "texture": "#1"},
				"south": {"uv": [7.75, 9.75, 8.5, 10.5], "texture": "#1"},
				"west": {"uv": [0.25, 7.75, 1.5, 8.5], "texture": "#1"},
				"up": {"uv": [8.5, 1.5, 7.75, 0.25], "texture": "#1"},
				"down": {"uv": [4, 7.75, 3.25, 9], "texture": "#1"}
			}
		},
		{
			"from": [7.5, 26.32843, 10.5],
			"to": [8.5, 27.32843, 11.5],
			"rotation": {"angle": -45, "axis": "x", "origin": [8, 24.82843, 12.5]},
			"faces": {
				"east": {"uv": [9.75, 11.25, 10.25, 11.75], "texture": "#1"},
				"south": {"uv": [11.25, 9.75, 11.75, 10.25], "texture": "#1"},
				"west": {"uv": [10.25, 11.25, 10.75, 11.75], "texture": "#1"},
				"up": {"uv": [11.25, 11.75, 10.75, 11.25], "texture": "#1"},
				"down": {"uv": [11.75, 11.25, 11.25, 11.75], "texture": "#1"}
			}
		},
		{
			"from": [7.6, 25.28909, 10.08223],
			"to": [8.4, 26.08909, 10.88223],
			"rotation": {"angle": 22.5, "axis": "x", "origin": [8, 25.78909, 10.48223]},
			"faces": {
				"north": {"uv": [0.25, 11.75, 0.75, 12.25], "texture": "#1"},
				"east": {"uv": [0.75, 11.75, 1.25, 12.25], "texture": "#1"},
				"south": {"uv": [1.25, 11.75, 1.75, 12.25], "texture": "#1"},
				"west": {"uv": [11.75, 1.25, 12.25, 1.75], "texture": "#1"},
				"up": {"uv": [12.25, 2.25, 11.75, 1.75], "texture": "#1"}
			}
		},
		{
			"from": [6.375, 23.71231, 5.91404],
			"to": [9.625, 24.46231, 6.66404],
			"rotation": {"angle": -45, "axis": "x", "origin": [6.375, 23.71231, 5.91404]},
			"faces": {
				"north": {"uv": [9.75, 10.75, 11.5, 11], "texture": "#1"},
				"east": {"uv": [1.25, 12.25, 1.75, 12.5], "texture": "#1"},
				"south": {"uv": [10.75, 10.25, 12.5, 10.5], "texture": "#1"},
				"west": {"uv": [2.75, 12.25, 3.25, 12.5], "texture": "#1"},
				"up": {"uv": [9, 4.75, 7.25, 4.25], "texture": "#1"},
				"down": {"uv": [6, 7.75, 4.25, 8.25], "texture": "#1"}
			}
		},
		{
			"from": [6.93033, 23.96231, 6],
			"to": [7.43033, 24.46231, 10],
			"rotation": {"angle": 45, "axis": "z", "origin": [6.93033, 23.71231, 6]},
			"faces": {
				"north": {"uv": [12.25, 5.75, 12.5, 6], "texture": "#1"},
				"east": {"uv": [10.25, 4.25, 12.25, 4.5], "texture": "#1"},
				"south": {"uv": [6.25, 12.25, 6.5, 12.5], "texture": "#1"},
				"west": {"uv": [10.75, 3.25, 12.75, 3.5], "texture": "#1"},
				"up": {"uv": [11, 6.75, 10.75, 4.75], "texture": "#1"},
				"down": {"uv": [5.5, 10.75, 5.25, 12.75], "texture": "#1"}
			}
		},
		{
			"from": [6.375, 23.71231, 9.33596],
			"to": [9.625, 24.46231, 10.08596],
			"rotation": {"angle": 45, "axis": "x", "origin": [6.375, 23.71231, 10.08596]},
			"faces": {
				"north": {"uv": [11.25, 0.25, 13, 0.5], "texture": "#1"},
				"east": {"uv": [12.25, 5.25, 12.75, 5.5], "texture": "#1"},
				"south": {"uv": [11.25, 0.75, 13, 1], "texture": "#1"},
				"west": {"uv": [5.75, 12.25, 6.25, 12.5], "texture": "#1"},
				"up": {"uv": [9.5, 5.25, 7.75, 4.75], "texture": "#1"},
				"down": {"uv": [9.5, 5.25, 7.75, 5.75], "texture": "#1"}
			}
		},
		{
			"from": [7.75, 24.81066, 2.78751],
			"to": [8.25, 28.31066, 6.28751],
			"rotation": {"angle": 45, "axis": "x", "origin": [7.75, 24.31066, 0.78751]},
			"faces": {
				"north": {"uv": [11.25, 1.25, 11.5, 3], "texture": "#1"},
				"east": {"uv": [0.25, 3.25, 2, 5], "texture": "#1"},
				"south": {"uv": [1.75, 11.25, 2, 13], "texture": "#1"},
				"west": {"uv": [2.25, 3.25, 4, 5], "texture": "#1"},
				"up": {"uv": [3.5, 13, 3.25, 11.25], "texture": "#1"},
				"down": {"uv": [4, 11.25, 3.75, 13], "texture": "#1"}
			}
		},
		{
			"from": [6.737, 20.91409, 6.25],
			"to": [6.767, 23.91409, 9.75],
			"rotation": {"angle": 0, "axis": "y", "origin": [6.75355, 16.91409, 5.5]},
			"faces": {
				"east": {"uv": [6, 3.25, 4.25, 4.75], "texture": "#1"},
				"west": {"uv": [4.25, 3.25, 6, 4.75], "texture": "#1"}
			}
		},
		{
			"from": [9.233, 20.91409, 6.25],
			"to": [9.263, 23.91409, 9.75],
			"rotation": {"angle": 0, "axis": "y", "origin": [9.24645, 16.91409, 5.5]},
			"faces": {
				"east": {"uv": [6, 3.25, 4.25, 4.75], "texture": "#1"},
				"west": {"uv": [4.25, 3.25, 6, 4.75], "texture": "#1"}
			}
		},
		{
			"from": [8.56967, 23.96231, 6],
			"to": [9.06967, 24.46231, 10],
			"rotation": {"angle": -45, "axis": "z", "origin": [9.06967, 23.71231, 6]},
			"faces": {
				"north": {"uv": [12.5, 5.75, 12.25, 6], "texture": "#1"},
				"east": {"uv": [12.75, 3.25, 10.75, 3.5], "texture": "#1"},
				"south": {"uv": [6.5, 12.25, 6.25, 12.5], "texture": "#1"},
				"west": {"uv": [12.25, 4.25, 10.25, 4.5], "texture": "#1"},
				"up": {"uv": [10.75, 6.75, 11, 4.75], "texture": "#1"},
				"down": {"uv": [5.25, 10.75, 5.5, 12.75], "texture": "#1"}
			}
		},
		{
			"from": [7.7535, 21.9637, 1.17612],
			"to": [8.2465, 23.9637, 6.17612],
			"rotation": {"angle": -22.5, "axis": "x", "origin": [7.7535, 21.9637, 1.17612]},
			"faces": {
				"north": {"uv": [2.25, 11.75, 2.5, 12.75], "texture": "#1"},
				"east": {"uv": [4.25, 4.75, 6.75, 5.75], "texture": "#1"},
				"west": {"uv": [0.25, 5.25, 2.75, 6.25], "texture": "#1"},
				"up": {"uv": [2, 10.25, 1.75, 7.75], "texture": "#1"},
				"down": {"uv": [5.5, 8.25, 5.25, 10.75], "texture": "#1"}
			}
		},
		{
			"from": [7.985, 18.4637, -4.82388],
			"to": [8.015, 23.9637, 6.17612],
			"rotation": {"angle": -22.5, "axis": "x", "origin": [7.492, 21.9637, 1.17612]},
			"faces": {
				"east": {"uv": [5.5, 0, 0, 2.75], "texture": "#1"},
				"west": {"uv": [0, 0, 5.5, 2.75], "texture": "#1"}
			}
		},
		{
			"from": [8, 23.75, 9.5],
			"to": [9, 24.75, 11],
			"rotation": {"angle": 45, "axis": "z", "origin": [8, 23.75, 11.5]},
			"faces": {
				"north": {"uv": [11.75, 2.25, 12.25, 2.75], "texture": "#1"},
				"east": {"uv": [11.25, 5.75, 12, 6.25], "texture": "#1"},
				"south": {"uv": [2.75, 11.75, 3.25, 12.25], "texture": "#1"},
				"west": {"uv": [6.25, 11.25, 7, 11.75], "texture": "#1"},
				"up": {"uv": [11.75, 7, 11.25, 6.25], "texture": "#1"},
				"down": {"uv": [7.75, 11.25, 7.25, 12], "texture": "#1"}
			}
		},
		{
			"from": [8.1, 23.85, 11],
			"to": [8.9, 24.65, 13],
			"rotation": {"angle": 45, "axis": "z", "origin": [8, 23.75, 13]},
			"faces": {
				"east": {"uv": [8.25, 10.75, 9.25, 11.25], "texture": "#1"},
				"south": {"uv": [11.75, 2.75, 12.25, 3.25], "texture": "#1"},
				"west": {"uv": [10.75, 8.75, 11.75, 9.25], "texture": "#1"},
				"up": {"uv": [9.75, 11.75, 9.25, 10.75], "texture": "#1"},
				"down": {"uv": [11.25, 9.25, 10.75, 10.25], "texture": "#1"}
			}
		},
		{
			"from": [7.4, 23.85711, 12.65],
			"to": [8.6, 25.05711, 13.85],
			"rotation": {"angle": -45, "axis": "x", "origin": [8, 24.45711, 13.25]},
			"faces": {
				"north": {"uv": [11.75, 4.75, 12.25, 5.25], "texture": "#1"},
				"east": {"uv": [11.75, 5.25, 12.25, 5.75], "texture": "#1"},
				"south": {"uv": [6.25, 11.75, 6.75, 12.25], "texture": "#1"},
				"west": {"uv": [11.75, 6.25, 12.25, 6.75], "texture": "#1"},
				"up": {"uv": [7.25, 12.25, 6.75, 11.75], "texture": "#1"},
				"down": {"uv": [12.25, 6.75, 11.75, 7.25], "texture": "#1"}
			}
		},
		{
			"from": [7.985, 20, 11],
			"to": [8.015, 24, 13],
			"rotation": {"angle": 0, "axis": "y", "origin": [7.985, 17, 13.5]},
			"faces": {
				"east": {"uv": [3.75, 5.25, 2.75, 7.25], "texture": "#1"},
				"west": {"uv": [2.75, 5.25, 3.75, 7.25], "texture": "#1"}
			}
		},
		{
			"from": [7.995, 22.02132, -2.285],
			"to": [8.005, 24.02132, 0.715],
			"rotation": {"angle": -45, "axis": "x", "origin": [8.01, 21.12132, -1.485]},
			"faces": {
				"east": {"uv": [0, 7, 6, 11], "texture": "#0"},
				"west": {"uv": [6, 7, 0, 11], "texture": "#0"}
			}
		},
		{
			"from": [7.485, 22.33578, 0.5],
			"to": [8.515, 25.33578, 5.5],
			"rotation": {"angle": 0, "axis": "y", "origin": [7.5, 23.08578, 3]},
			"faces": {
				"east": {"uv": [10, 0, 0, 6], "texture": "#0"},
				"west": {"uv": [0, 0, 10, 6], "texture": "#0"}
			}
		},
		{
			"from": [7.95, 18.30243, -0.40715],
			"to": [8.05, 20.30243, 0.59285],
			"rotation": {"angle": 45, "axis": "x", "origin": [8, 19.80243, 0.59285]},
			"faces": {
				"east": {"uv": [11, 2, 15, 0], "rotation": 90, "texture": "#0"},
				"west": {"uv": [15, 2, 11, 0], "rotation": 270, "texture": "#0"}
			}
		}
	],
	"gui_light": "front",
	"display": {
		"thirdperson_righthand": {
			"translation": [0, -7.5, 1]
		},
		"thirdperson_lefthand": {
			"translation": [0, -7.5, 1]
		},
		"firstperson_righthand": {
			"rotation": [10, -10, 0],
			"translation": [0.5, -1, 1.5],
			"scale": [0.6, 0.6, 0.6]
		},
		"firstperson_lefthand": {
			"rotation": [10, -10, 0],
			"translation": [0.5, -1, 1.5],
			"scale": [0.6, 0.6, 0.6]
		},
		"ground": {
			"rotation": [-45, 0, 0],
			"translation": [0, 5, 0],
			"scale": [0.7, 0.7, 0.7]
		},
		"gui": {
			"rotation": [-90, 45, 90],
			"translation": [4, -3.5, 0],
			"scale": [0.65, 0.65, 0.65]
		},
		"head": {
			"rotation": [0, -90, 0]
		},
		"fixed": {
			"rotation": [0, -90, 0],
			"translation": [0, -7.75, -2.25],
			"scale": [2, 2, 2]
		}
	}
}