{
	"credit": "Made by PolygonMC",
	"texture_size": [4, 4],
	"textures": {
		"1": "item/chests/fiend_chest/chest",
		"2": "item/chests/fiend_chest/animations_1",
		"particle": "item/chests/fiend_chest/chest"
	},
	"elements": [
		{
			"from": [3.5, 3.68374, 4.5],
			"to": [12.5, 7.43374, 11.5],
			"rotation": {"angle": 0, "axis": "y", "origin": [2.5, 3.43374, 3.5]},
			"faces": {
				"north": {"uv": [0, 6.22222, 4, 7.88889], "texture": "#1"},
				"east": {"uv": [8, 1.33333, 11.11111, 3], "texture": "#1"},
				"south": {"uv": [4, 6.22222, 8, 7.88889], "texture": "#1"},
				"west": {"uv": [8, 3.11111, 11.11111, 4.77778], "texture": "#1"},
				"up": {"uv": [4, 3.11111, 0, 0], "texture": "#1"},
				"down": {"uv": [4, 3.11111, 0, 6.22222], "texture": "#1"}
			}
		},
		{
			"from": [4.075, 7.43374, 6],
			"to": [4.075, 9.43374, 11.25],
			"rotation": {"angle": 0, "axis": "y", "origin": [13.5, 3.43374, 3.5]},
			"faces": {
				"east": {"uv": [8, 7.11111, 10.33333, 8], "texture": "#1"},
				"west": {"uv": [7.11111, 8.88889, 9.44444, 9.77778], "texture": "#1"}
			}
		},
		{
			"from": [3.85, 7.43374, 4.75],
			"to": [12.15, 8.68374, 4.78],
			"rotation": {"angle": 0, "axis": "y", "origin": [2.5, 3.43374, 3.5]},
			"faces": {
				"north": {"uv": [0, 9.33333, 3.66667, 9.88889], "texture": "#1"},
				"south": {"uv": [4, 9.77778, 7.66667, 10.33333], "texture": "#1"}
			}
		},
		{
			"from": [3.5, 8.65895, 5.34045],
			"to": [12.5, 11.65895, 12.34045],
			"rotation": {"angle": 22.5, "axis": "x", "origin": [8, 10.15895, 8.84045]},
			"faces": {
				"north": {"uv": [0, 8, 4, 9.33333], "texture": "#1"},
				"east": {"uv": [4, 8, 7.11111, 9.33333], "texture": "#1"},
				"south": {"uv": [8, 0, 12, 1.33333], "texture": "#1"},
				"west": {"uv": [8, 4.88889, 11.11111, 6.22222], "texture": "#1"},
				"up": {"uv": [8, 3.11111, 4, 0], "texture": "#1"},
				"down": {"uv": [8, 3.11111, 4, 6.22222], "texture": "#1"}
			}
		},
		{
			"from": [3.75, 6.90895, 5.59045],
			"to": [3.78, 8.40895, 9.34045],
			"rotation": {"angle": 22.5, "axis": "x", "origin": [8.03, 10.15895, 8.84045]},
			"faces": {
				"east": {"uv": [11.55556, 3.55556, 13.22222, 4.22222], "texture": "#1"},
				"west": {"uv": [9.33333, 11.55556, 11, 12.22222], "texture": "#1"}
			}
		},
		{
			"from": [3.846, 7.43374, 4.75],
			"to": [3.876, 8.93374, 8.5],
			"rotation": {"angle": 0, "axis": "x", "origin": [3.751, 8.18374, 6.625]},
			"faces": {
				"east": {"uv": [11.55556, 2.66667, 13.22222, 3.33333], "texture": "#1"},
				"west": {"uv": [3.55556, 11.55556, 5.22222, 12.22222], "texture": "#1"}
			}
		},
		{
			"from": [12.22, 6.90895, 5.59045],
			"to": [12.25, 8.40895, 9.34045],
			"rotation": {"angle": 22.5, "axis": "x", "origin": [7.97, 10.15895, 8.84045]},
			"faces": {
				"east": {"uv": [11, 11.55556, 9.33333, 12.22222], "texture": "#1"},
				"west": {"uv": [13.22222, 3.55556, 11.55556, 4.22222], "texture": "#1"}
			}
		},
		{
			"from": [12.124, 7.43374, 4.75],
			"to": [12.154, 8.93374, 8.5],
			"rotation": {"angle": 0, "axis": "x", "origin": [12.249, 8.18374, 6.625]},
			"faces": {
				"east": {"uv": [5.22222, 11.55556, 3.55556, 12.22222], "texture": "#1"},
				"west": {"uv": [13.22222, 2.66667, 11.55556, 3.33333], "texture": "#1"}
			}
		},
		{
			"from": [11.925, 7.43374, 6],
			"to": [11.925, 9.43374, 11.25],
			"rotation": {"angle": 0, "axis": "y", "origin": [2.5, 3.43374, 3.5]},
			"faces": {
				"east": {"uv": [9.44444, 8.88889, 7.11111, 9.77778], "texture": "#1"},
				"west": {"uv": [10.33333, 7.11111, 8, 8], "texture": "#1"}
			}
		},
		{
			"from": [3.75, 6.90895, 5.59045],
			"to": [12.25, 8.40895, 5.62045],
			"rotation": {"angle": 22.5, "axis": "x", "origin": [8, 10.15895, 8.84045]},
			"faces": {
				"north": {"uv": [8, 6.22222, 11.77778, 6.88889], "texture": "#1"},
				"south": {"uv": [7.11111, 8, 10.88889, 8.66667], "texture": "#1"}
			}
		},
		{
			"from": [4, 3.43374, 4],
			"to": [12, 4.18374, 5],
			"rotation": {"angle": 0, "axis": "y", "origin": [0, 3.43374, 0]},
			"faces": {
				"north": {"uv": [1.77778, 11.11111, 5.33333, 11.44444], "texture": "#1"},
				"south": {"uv": [11.11111, 1.77778, 14.66667, 2.11111], "texture": "#1"},
				"up": {"uv": [11.55556, 10.22222, 8, 9.77778], "texture": "#1"},
				"down": {"uv": [13.33333, 8.88889, 9.77778, 9.33333], "texture": "#1"}
			}
		},
		{
			"from": [4, 3.43374, 11],
			"to": [12, 4.18374, 12],
			"rotation": {"angle": 0, "axis": "y", "origin": [0, 3.43374, 16]},
			"faces": {
				"north": {"uv": [11.11111, 5.77778, 14.66667, 6.11111], "texture": "#1"},
				"south": {"uv": [9.33333, 11.11111, 12.88889, 11.44444], "texture": "#1"},
				"up": {"uv": [5.33333, 11.11111, 1.77778, 10.66667], "texture": "#1"},
				"down": {"uv": [14.22222, 7.11111, 10.66667, 7.55556], "texture": "#1"}
			}
		},
		{
			"from": [3, 3.43374, 5],
			"to": [4, 4.18374, 11],
			"rotation": {"angle": 0, "axis": "y", "origin": [3.5, 3.80874, 9]},
			"faces": {
				"east": {"uv": [4, 9.33333, 6.66667, 9.66667], "texture": "#1"},
				"west": {"uv": [11.55556, 4.44444, 14.22222, 4.77778], "texture": "#1"},
				"up": {"uv": [11.55556, 4.88889, 11.11111, 2.22222], "texture": "#1"},
				"down": {"uv": [8.44444, 11.11111, 8, 13.77778], "texture": "#1"}
			}
		},
		{
			"from": [3, 3.43374, 4],
			"to": [4, 7.68374, 5],
			"rotation": {"angle": 0, "axis": "y", "origin": [16, 3.43374, 0]},
			"faces": {
				"north": {"uv": [11.11111, 11.55556, 11.55556, 13.44444], "texture": "#1"},
				"east": {"uv": [11.55556, 11.55556, 12, 13.44444], "texture": "#1"},
				"south": {"uv": [0, 12, 0.44444, 13.88889], "texture": "#1"},
				"west": {"uv": [0.44444, 12, 0.88889, 13.88889], "texture": "#1"},
				"up": {"uv": [7.11111, 9.77778, 6.66667, 9.33333], "texture": "#1"},
				"down": {"uv": [4, 10.22222, 3.55556, 10.66667], "texture": "#1"}
			}
		},
		{
			"from": [3.025, 9.89211, 5.38411],
			"to": [4, 13.39211, 6.38411],
			"rotation": {"angle": 22.5, "axis": "x", "origin": [3, 12.26711, 5.38411]},
			"faces": {
				"north": {"uv": [7.11111, 12, 7.55556, 13.55556], "texture": "#1"},
				"east": {"uv": [7.55556, 12, 8, 13.55556], "texture": "#1"},
				"south": {"uv": [12, 11.55556, 12.44444, 13.11111], "texture": "#1"},
				"west": {"uv": [3.55556, 12.44444, 4, 14], "texture": "#1"},
				"up": {"uv": [13.33333, 12.44444, 12.88889, 12], "texture": "#1"},
				"down": {"uv": [12.88889, 12.88889, 12.44444, 13.33333], "texture": "#1"}
			}
		},
		{
			"from": [3.025, 7.06956, 11.57403],
			"to": [4, 10.56956, 12.57403],
			"rotation": {"angle": 22.5, "axis": "x", "origin": [3.5, 8.81956, 12.07403]},
			"faces": {
				"north": {"uv": [4, 12.44444, 4.44444, 14], "texture": "#1"},
				"east": {"uv": [4.44444, 12.44444, 4.88889, 14], "texture": "#1"},
				"south": {"uv": [4.88889, 12.44444, 5.33333, 14], "texture": "#1"},
				"west": {"uv": [9.33333, 12.44444, 9.77778, 14], "texture": "#1"},
				"up": {"uv": [13.77778, 0.44444, 13.33333, 0], "texture": "#1"},
				"down": {"uv": [13.77778, 0.44444, 13.33333, 0.88889], "texture": "#1"}
			}
		},
		{
			"from": [3.025, 9.89211, 6.38411],
			"to": [4, 10.64211, 12.38411],
			"rotation": {"angle": 22.5, "axis": "x", "origin": [3, 12.26711, 5.38411]},
			"faces": {
				"east": {"uv": [11.55556, 9.77778, 14.22222, 10.11111], "texture": "#1"},
				"west": {"uv": [11.55556, 10.22222, 14.22222, 10.55556], "texture": "#1"},
				"up": {"uv": [8.88889, 13.77778, 8.44444, 11.11111], "texture": "#1"},
				"down": {"uv": [9.33333, 11.11111, 8.88889, 13.77778], "texture": "#1"}
			}
		},
		{
			"from": [4, 9.89211, 5.38411],
			"to": [12, 10.64211, 6.38411],
			"rotation": {"angle": 22.5, "axis": "x", "origin": [13, 12.26711, 5.38411]},
			"faces": {
				"north": {"uv": [11.11111, 4.88889, 14.66667, 5.22222], "texture": "#1"},
				"south": {"uv": [11.11111, 5.33333, 14.66667, 5.66667], "texture": "#1"},
				"up": {"uv": [13.33333, 9.77778, 9.77778, 9.33333], "texture": "#1"},
				"down": {"uv": [3.55556, 10.22222, 0, 10.66667], "texture": "#1"}
			}
		},
		{
			"from": [4, 7.17423, 11.04784],
			"to": [12, 7.92423, 12.04784],
			"rotation": {"angle": 22.5, "axis": "x", "origin": [8, 7.54923, 11.54784]},
			"faces": {
				"north": {"uv": [0, 11.55556, 3.55556, 11.88889], "texture": "#1"},
				"south": {"uv": [11.55556, 2.22222, 15.11111, 2.55556], "texture": "#1"},
				"up": {"uv": [14.22222, 8, 10.66667, 7.55556], "texture": "#1"},
				"down": {"uv": [14.66667, 1.33333, 11.11111, 1.77778], "texture": "#1"}
			}
		},
		{
			"from": [3, 11.14211, 7.38411],
			"to": [4.5, 13.64211, 8.38411],
			"rotation": {"angle": 22.5, "axis": "x", "origin": [3, 12.26711, 5.38411]},
			"faces": {
				"north": {"uv": [12, 0, 12.66667, 1.11111], "texture": "#1"},
				"east": {"uv": [10.66667, 12.44444, 11.11111, 13.55556], "texture": "#1"},
				"south": {"uv": [2.66667, 12, 3.33333, 13.11111], "texture": "#1"},
				"west": {"uv": [12.44444, 11.55556, 12.88889, 12.66667], "texture": "#1"},
				"up": {"uv": [12.66667, 7.11111, 12, 6.66667], "texture": "#1"},
				"down": {"uv": [13.55556, 6.66667, 12.88889, 7.11111], "texture": "#1"}
			}
		},
		{
			"from": [3, 11.14211, 10.38411],
			"to": [4.5, 13.64211, 11.38411],
			"rotation": {"angle": 22.5, "axis": "x", "origin": [3, 12.26711, 5.38411]},
			"faces": {
				"north": {"uv": [5.33333, 12, 6, 13.11111], "texture": "#1"},
				"east": {"uv": [12.88889, 0, 13.33333, 1.11111], "texture": "#1"},
				"south": {"uv": [6.22222, 12, 6.88889, 13.11111], "texture": "#1"},
				"west": {"uv": [12.88889, 10.66667, 13.33333, 11.77778], "texture": "#1"},
				"up": {"uv": [13.55556, 8.44444, 12.88889, 8], "texture": "#1"},
				"down": {"uv": [13.55556, 8.44444, 12.88889, 8.88889], "texture": "#1"}
			}
		},
		{
			"from": [12, 9.89211, 5.38411],
			"to": [12.975, 13.39211, 6.38411],
			"rotation": {"angle": 22.5, "axis": "x", "origin": [13, 12.26711, 5.38411]},
			"faces": {
				"north": {"uv": [7.55556, 12, 7.11111, 13.55556], "texture": "#1"},
				"east": {"uv": [4, 12.44444, 3.55556, 14], "texture": "#1"},
				"south": {"uv": [12.44444, 11.55556, 12, 13.11111], "texture": "#1"},
				"west": {"uv": [8, 12, 7.55556, 13.55556], "texture": "#1"},
				"up": {"uv": [12.88889, 12.44444, 13.33333, 12], "texture": "#1"},
				"down": {"uv": [12.44444, 12.88889, 12.88889, 13.33333], "texture": "#1"}
			}
		},
		{
			"from": [12, 7.06956, 11.57403],
			"to": [12.975, 10.56956, 12.57403],
			"rotation": {"angle": 22.5, "axis": "x", "origin": [12.5, 8.81956, 12.07403]},
			"faces": {
				"north": {"uv": [4.44444, 12.44444, 4, 14], "texture": "#1"},
				"east": {"uv": [9.77778, 12.44444, 9.33333, 14], "texture": "#1"},
				"south": {"uv": [5.33333, 12.44444, 4.88889, 14], "texture": "#1"},
				"west": {"uv": [4.88889, 12.44444, 4.44444, 14], "texture": "#1"},
				"up": {"uv": [13.33333, 0.44444, 13.77778, 0], "texture": "#1"},
				"down": {"uv": [13.33333, 0.44444, 13.77778, 0.88889], "texture": "#1"}
			}
		},
		{
			"from": [12, 9.89211, 6.38411],
			"to": [12.975, 10.64211, 12.38411],
			"rotation": {"angle": 22.5, "axis": "x", "origin": [13, 12.26711, 5.38411]},
			"faces": {
				"east": {"uv": [14.22222, 10.22222, 11.55556, 10.55556], "texture": "#1"},
				"west": {"uv": [14.22222, 9.77778, 11.55556, 10.11111], "texture": "#1"},
				"up": {"uv": [8.44444, 13.77778, 8.88889, 11.11111], "texture": "#1"},
				"down": {"uv": [8.88889, 11.11111, 9.33333, 13.77778], "texture": "#1"}
			}
		},
		{
			"from": [11.5, 11.14211, 7.38411],
			"to": [13, 13.64211, 8.38411],
			"rotation": {"angle": 22.5, "axis": "x", "origin": [13, 12.26711, 5.38411]},
			"faces": {
				"north": {"uv": [12.66667, 0, 12, 1.11111], "texture": "#1"},
				"east": {"uv": [12.88889, 11.55556, 12.44444, 12.66667], "texture": "#1"},
				"south": {"uv": [3.33333, 12, 2.66667, 13.11111], "texture": "#1"},
				"west": {"uv": [11.11111, 12.44444, 10.66667, 13.55556], "texture": "#1"},
				"up": {"uv": [12, 7.11111, 12.66667, 6.66667], "texture": "#1"},
				"down": {"uv": [12.88889, 6.66667, 13.55556, 7.11111], "texture": "#1"}
			}
		},
		{
			"from": [11.5, 11.14211, 10.38411],
			"to": [13, 13.64211, 11.38411],
			"rotation": {"angle": 22.5, "axis": "x", "origin": [13, 12.26711, 5.38411]},
			"faces": {
				"north": {"uv": [6, 12, 5.33333, 13.11111], "texture": "#1"},
				"east": {"uv": [13.33333, 10.66667, 12.88889, 11.77778], "texture": "#1"},
				"south": {"uv": [6.88889, 12, 6.22222, 13.11111], "texture": "#1"},
				"west": {"uv": [13.33333, 0, 12.88889, 1.11111], "texture": "#1"},
				"up": {"uv": [12.88889, 8.44444, 13.55556, 8], "texture": "#1"},
				"down": {"uv": [12.88889, 8.44444, 13.55556, 8.88889], "texture": "#1"}
			}
		},
		{
			"from": [3, 3.43374, 11],
			"to": [4, 7.68374, 12],
			"rotation": {"angle": 0, "axis": "y", "origin": [16, 3.43374, 16]},
			"faces": {
				"north": {"uv": [0.88889, 12, 1.33333, 13.88889], "texture": "#1"},
				"east": {"uv": [1.33333, 12, 1.77778, 13.88889], "texture": "#1"},
				"south": {"uv": [1.77778, 12, 2.22222, 13.88889], "texture": "#1"},
				"west": {"uv": [2.22222, 12, 2.66667, 13.88889], "texture": "#1"},
				"up": {"uv": [13.33333, 12.88889, 12.88889, 12.44444], "texture": "#1"},
				"down": {"uv": [13.33333, 12.88889, 12.88889, 13.33333], "texture": "#1"}
			}
		},
		{
			"from": [12, 3.43374, 4],
			"to": [13, 7.68374, 5],
			"rotation": {"angle": 0, "axis": "y", "origin": [0, 3.43374, 0]},
			"faces": {
				"north": {"uv": [11.55556, 11.55556, 11.11111, 13.44444], "texture": "#1"},
				"east": {"uv": [0.88889, 12, 0.44444, 13.88889], "texture": "#1"},
				"south": {"uv": [0.44444, 12, 0, 13.88889], "texture": "#1"},
				"west": {"uv": [12, 11.55556, 11.55556, 13.44444], "texture": "#1"},
				"up": {"uv": [6.66667, 9.77778, 7.11111, 9.33333], "texture": "#1"},
				"down": {"uv": [3.55556, 10.22222, 4, 10.66667], "texture": "#1"}
			}
		},
		{
			"from": [12, 3.43374, 5],
			"to": [13, 4.18374, 11],
			"rotation": {"angle": 0, "axis": "y", "origin": [12.5, 3.80874, 9]},
			"faces": {
				"east": {"uv": [14.22222, 4.44444, 11.55556, 4.77778], "texture": "#1"},
				"west": {"uv": [6.66667, 9.33333, 4, 9.66667], "texture": "#1"},
				"up": {"uv": [11.11111, 4.88889, 11.55556, 2.22222], "texture": "#1"},
				"down": {"uv": [8, 11.11111, 8.44444, 13.77778], "texture": "#1"}
			}
		},
		{
			"from": [12, 3.43374, 11],
			"to": [13, 7.68374, 12],
			"rotation": {"angle": 0, "axis": "y", "origin": [0, 3.43374, 16]},
			"faces": {
				"north": {"uv": [1.33333, 12, 0.88889, 13.88889], "texture": "#1"},
				"east": {"uv": [2.66667, 12, 2.22222, 13.88889], "texture": "#1"},
				"south": {"uv": [2.22222, 12, 1.77778, 13.88889], "texture": "#1"},
				"west": {"uv": [1.77778, 12, 1.33333, 13.88889], "texture": "#1"},
				"up": {"uv": [12.88889, 12.88889, 13.33333, 12.44444], "texture": "#1"},
				"down": {"uv": [12.88889, 12.88889, 13.33333, 13.33333], "texture": "#1"}
			}
		},
		{
			"from": [6, 8.19819, 6.40186],
			"to": [10, 8.22819, 8.40186],
			"rotation": {"angle": 22.5, "axis": "x", "origin": [6, 8.19819, 6.40186]},
			"faces": {
				"up": {"uv": [9.77778, 11.11111, 8, 10.22222], "texture": "#1"},
				"down": {"uv": [9.77778, 10.22222, 8, 11.11111], "texture": "#1"}
			}
		},
		{
			"from": [6, 8.1959, 4.41334],
			"to": [10, 8.2259, 6.41334],
			"rotation": {"angle": 0, "axis": "x", "origin": [6, 8.1959, 6.41334]},
			"faces": {
				"up": {"uv": [11.55556, 11.11111, 9.77778, 10.22222], "texture": "#1"},
				"down": {"uv": [11.55556, 10.22222, 9.77778, 11.11111], "texture": "#1"}
			}
		},
		{
			"from": [6, 7.66997, 3.14362],
			"to": [10, 7.69997, 4.64362],
			"rotation": {"angle": -45, "axis": "x", "origin": [8, 7.68497, 3.89362]},
			"faces": {
				"up": {"uv": [12.88889, 8.66667, 11.11111, 8], "texture": "#1"},
				"down": {"uv": [12.88889, 8, 11.11111, 8.66667], "texture": "#1"}
			}
		},
		{
			"from": [6, 5.22988, 2.96771],
			"to": [10, 7.22988, 2.99771],
			"rotation": {"angle": 22.5, "axis": "x", "origin": [8, 6.22988, 2.99771]},
			"faces": {
				"north": {"uv": [1.77778, 11.55556, 0, 10.66667], "rotation": 180, "texture": "#1"},
				"south": {"uv": [1.77778, 10.66667, 0, 11.55556], "texture": "#1"}
			}
		},
		{
			"from": [6.75, 10.88417, 5.68089],
			"to": [9.25, 13.38417, 6.68089],
			"rotation": {"angle": 22.5, "axis": "x", "origin": [10, 12.88417, 6.18089]},
			"faces": {
				"north": {"uv": [5.33333, 10.66667, 6.44444, 11.77778], "texture": "#1"},
				"east": {"uv": [9.77778, 12.44444, 10.22222, 13.55556], "texture": "#1"},
				"south": {"uv": [6.66667, 10.66667, 7.77778, 11.77778], "texture": "#1"},
				"west": {"uv": [10.22222, 12.44444, 10.66667, 13.55556], "texture": "#1"},
				"up": {"uv": [12.66667, 11.11111, 11.55556, 10.66667], "texture": "#1"},
				"down": {"uv": [13.11111, 6.22222, 12, 6.66667], "texture": "#1"}
			}
		},
		{
			"from": [11.485, 6.23374, 2.5],
			"to": [11.515, 12.23374, 6.5],
			"rotation": {"angle": -45, "axis": "y", "origin": [11.5, 9.23374, 4.5]},
			"faces": {
				"east": {"uv": [9.5, 0, 0, 11.5], "texture": "#2"},
				"west": {"uv": [0, 0, 9.5, 11.5], "texture": "#2"}
			}
		},
		{
			"from": [4.485, 6.23374, 2.5],
			"to": [4.515, 12.23374, 6.5],
			"rotation": {"angle": 45, "axis": "y", "origin": [4.5, 9.23374, 4.5]},
			"faces": {
				"east": {"uv": [9.5, 0, 0, 11.5], "texture": "#2"},
				"west": {"uv": [0, 0, 9.5, 11.5], "texture": "#2"}
			}
		}
	],
	"gui_light": "front",
	"display": {
		"thirdperson_righthand": {
			"rotation": [61, 0, 0],
			"translation": [0, 5, 2.5]
		},
		"thirdperson_lefthand": {
			"rotation": [61, 0, 0],
			"translation": [0, 5, 2.5]
		},
		"firstperson_righthand": {
			"rotation": [0, 180, 0],
			"translation": [0, 5.5, 0]
		},
		"firstperson_lefthand": {
			"rotation": [0, 180, 0],
			"translation": [0, 5.5, 0]
		},
		"ground": {
			"translation": [0, 5.25, 0]
		},
		"gui": {
			"rotation": [0, 136, 0],
			"translation": [0, -0.5, 0],
			"scale": [1.37109, 1.37109, 1.37109]
		},
		"head": {
			"rotation": [0, 180, 0],
			"translation": [0, -30.5, 0],
			"scale": [2.69141, 2.69141, 2.69141]
		},
		"fixed": {
			"rotation": [-90, 0, 0],
			"translation": [0, 0, -18.25],
			"scale": [4, 4, 4]
		}
	}
}