{
    "credit": "Polygony Creation Co.,Ltd.",
    "texture_size": [
        8,
        8
    ],
    "textures": {
        "0": "item/chests/lightning_power_chest",
        "1": "item/axes/lightning_power_axe/animations/animations_2",
        "particle": "item/chests/lightning_power_chest"
    },
    "elements": [
        {
            "from": [
                0,
                0,
                1
            ],
            "to": [
                2,
                1.5,
                15
            ],
            "faces": {
                "north": {
                    "uv": [
                        6.28571,
                        12,
                        6.85714,
                        12.42857
                    ],
                    "texture": "#0"
                },
                "east": {
                    "uv": [
                        10.28571,
                        8.57143,
                        14.28571,
                        9
                    ],
                    "texture": "#0"
                },
                "south": {
                    "uv": [
                        12,
                        6.85714,
                        12.57143,
                        7.28571
                    ],
                    "texture": "#0"
                },
                "west": {
                    "uv": [
                        8.85714,
                        10.28571,
                        12.85714,
                        10.71429
                    ],
                    "texture": "#0"
                },
                "up": {
                    "uv": [
                        1.71429,
                        13.71429,
                        1.14286,
                        9.71429
                    ],
                    "texture": "#0"
                },
                "down": {
                    "uv": [
                        2.28571,
                        9.71429,
                        1.71429,
                        13.71429
                    ],
                    "texture": "#0"
                }
            }
        },
        {
            "from": [
                0.006,
                3.69552,
                -0.53073
            ],
            "to": [
                1.994,
                8.69552,
                0.86927
            ],
            "rotation": {
                "angle": 0,
                "axis": "x",
                "origin": [
                    1.006,
                    10.69552,
                    -0.03073
                ]
            },
            "faces": {
                "north": {
                    "uv": [
                        10.28571,
                        11.14286,
                        10.85714,
                        12.57143
                    ],
                    "texture": "#0"
                },
                "east": {
                    "uv": [
                        8,
                        11.42857,
                        8.42857,
                        12.85714
                    ],
                    "texture": "#0"
                },
                "south": {
                    "uv": [
                        10.85714,
                        11.14286,
                        11.42857,
                        12.57143
                    ],
                    "texture": "#0"
                },
                "west": {
                    "uv": [
                        8.57143,
                        11.42857,
                        9,
                        12.85714
                    ],
                    "texture": "#0"
                },
                "up": {
                    "uv": [
                        12.57143,
                        7.85714,
                        12,
                        7.42857
                    ],
                    "texture": "#0"
                }
            }
        },
        {
            "from": [
                0.0035,
                -0.3415,
                -1.71684
            ],
            "to": [
                1.9965,
                3.6585,
                -0.21684
            ],
            "rotation": {
                "angle": -22.5,
                "axis": "x",
                "origin": [
                    1.0035,
                    6.6585,
                    -1.21684
                ]
            },
            "faces": {
                "north": {
                    "uv": [
                        6.85714,
                        11.42857,
                        7.42857,
                        12.57143
                    ],
                    "texture": "#0"
                },
                "east": {
                    "uv": [
                        11.42857,
                        11.14286,
                        11.85714,
                        12.28571
                    ],
                    "texture": "#0"
                },
                "south": {
                    "uv": [
                        7.42857,
                        11.42857,
                        8,
                        12.57143
                    ],
                    "texture": "#0"
                },
                "west": {
                    "uv": [
                        12,
                        4.28571,
                        12.42857,
                        5.42857
                    ],
                    "texture": "#0"
                },
                "up": {
                    "uv": [
                        12.57143,
                        11.57143,
                        12,
                        11.14286
                    ],
                    "texture": "#0"
                }
            }
        },
        {
            "from": [
                0.006,
                7.69552,
                0.86927
            ],
            "to": [
                1.994,
                8.69552,
                15.12927
            ],
            "rotation": {
                "angle": 0,
                "axis": "x",
                "origin": [
                    1.006,
                    10.69552,
                    14.96927
                ]
            },
            "faces": {
                "east": {
                    "uv": [
                        10.28571,
                        9.14286,
                        14.28571,
                        9.42857
                    ],
                    "texture": "#0"
                },
                "south": {
                    "uv": [
                        12.57143,
                        5.42857,
                        13.14286,
                        5.71429
                    ],
                    "texture": "#0"
                },
                "west": {
                    "uv": [
                        10.57143,
                        4,
                        14.57143,
                        4.28571
                    ],
                    "texture": "#0"
                },
                "up": {
                    "uv": [
                        2.85714,
                        13.71429,
                        2.28571,
                        9.71429
                    ],
                    "texture": "#0"
                },
                "down": {
                    "uv": [
                        3.42857,
                        9.71429,
                        2.85714,
                        13.71429
                    ],
                    "texture": "#0"
                }
            }
        },
        {
            "from": [
                1.975,
                0.30866,
                1.47986
            ],
            "to": [
                14.025,
                3.80866,
                1.47986
            ],
            "rotation": {
                "angle": -22.5,
                "axis": "x",
                "origin": [
                    13,
                    -0.19134,
                    0.97986
                ]
            },
            "faces": {
                "north": {
                    "uv": [
                        3.42857,
                        8.28571,
                        6.85714,
                        9.28571
                    ],
                    "texture": "#0"
                }
            }
        },
        {
            "from": [
                1.975,
                3.69552,
                -0.08893
            ],
            "to": [
                14.025,
                7.94552,
                -0.08893
            ],
            "rotation": {
                "angle": 0,
                "axis": "x",
                "origin": [
                    13,
                    -0.80448,
                    -0.58893
                ]
            },
            "faces": {
                "north": {
                    "uv": [
                        7.14286,
                        2.85714,
                        10.57143,
                        4.14286
                    ],
                    "texture": "#0"
                }
            }
        },
        {
            "from": [
                1.975,
                0.46194,
                1.25
            ],
            "to": [
                14.025,
                0.46194,
                14.75
            ],
            "rotation": {
                "angle": 0,
                "axis": "y",
                "origin": [
                    13,
                    0.46194,
                    1.25
                ]
            },
            "faces": {
                "down": {
                    "uv": [
                        6.85714,
                        4.28571,
                        3.42857,
                        8.14286
                    ],
                    "texture": "#0"
                }
            }
        },
        {
            "from": [
                0.5,
                1.15,
                0.25
            ],
            "to": [
                0.5,
                7.9,
                15.75
            ],
            "rotation": {
                "angle": 0,
                "axis": "y",
                "origin": [
                    0,
                    1.15,
                    14
                ]
            },
            "faces": {
                "west": {
                    "uv": [
                        6.85714,
                        4.28571,
                        11.28571,
                        6.28571
                    ],
                    "texture": "#0"
                }
            }
        },
        {
            "from": [
                2,
                7.96194,
                0.75
            ],
            "to": [
                14,
                7.96194,
                15.25
            ],
            "rotation": {
                "angle": 0,
                "axis": "y",
                "origin": [
                    13,
                    -0.03806,
                    1.25
                ]
            },
            "faces": {
                "up": {
                    "uv": [
                        7.14286,
                        4.14286,
                        3.71429,
                        0
                    ],
                    "texture": "#0"
                }
            }
        },
        {
            "from": [
                1.9925,
                7.69552,
                -0.53073
            ],
            "to": [
                14.0075,
                8.69552,
                0.86927
            ],
            "rotation": {
                "angle": 0,
                "axis": "x",
                "origin": [
                    14.9925,
                    10.69552,
                    -0.03073
                ]
            },
            "faces": {
                "north": {
                    "uv": [
                        6.85714,
                        10.85714,
                        10.28571,
                        11.14286
                    ],
                    "texture": "#0"
                },
                "south": {
                    "uv": [
                        10.85714,
                        9.42857,
                        14.28571,
                        9.71429
                    ],
                    "texture": "#0"
                },
                "up": {
                    "uv": [
                        14,
                        3.28571,
                        10.57143,
                        2.85714
                    ],
                    "texture": "#0"
                },
                "down": {
                    "uv": [
                        14,
                        3.42857,
                        10.57143,
                        3.85714
                    ],
                    "texture": "#0"
                }
            }
        },
        {
            "from": [
                8.25,
                5.42157,
                -1
            ],
            "to": [
                11.75,
                8.92157,
                0
            ],
            "rotation": {
                "angle": 45,
                "axis": "z",
                "origin": [
                    8,
                    5.17157,
                    -1
                ]
            },
            "faces": {
                "north": {
                    "uv": [
                        4.57143,
                        10.85714,
                        5.57143,
                        11.85714
                    ],
                    "texture": "#0"
                },
                "east": {
                    "uv": [
                        5.71429,
                        12,
                        6,
                        13
                    ],
                    "texture": "#0"
                },
                "south": {
                    "uv": [
                        5.71429,
                        10.85714,
                        6.71429,
                        11.85714
                    ],
                    "texture": "#0"
                },
                "west": {
                    "uv": [
                        6,
                        12,
                        6.28571,
                        13
                    ],
                    "texture": "#0"
                },
                "up": {
                    "uv": [
                        13,
                        6.57143,
                        12,
                        6.28571
                    ],
                    "texture": "#0"
                },
                "down": {
                    "uv": [
                        13,
                        6.57143,
                        12,
                        6.85714
                    ],
                    "texture": "#0"
                }
            }
        },
        {
            "from": [
                11,
                6.75,
                -1.25
            ],
            "to": [
                12,
                7.75,
                0.25
            ],
            "rotation": {
                "angle": 45,
                "axis": "z",
                "origin": [
                    8,
                    5.25,
                    -1
                ]
            },
            "faces": {
                "north": {
                    "uv": [
                        12.57143,
                        12.28571,
                        12.85714,
                        12.57143
                    ],
                    "texture": "#0"
                },
                "east": {
                    "uv": [
                        12.57143,
                        5.71429,
                        13,
                        6
                    ],
                    "texture": "#0"
                },
                "south": {
                    "uv": [
                        12.57143,
                        12.57143,
                        12.85714,
                        12.85714
                    ],
                    "texture": "#0"
                },
                "west": {
                    "uv": [
                        12.57143,
                        6,
                        13,
                        6.28571
                    ],
                    "texture": "#0"
                },
                "up": {
                    "uv": [
                        6.57143,
                        13,
                        6.28571,
                        12.57143
                    ],
                    "texture": "#0"
                },
                "down": {
                    "uv": [
                        6.85714,
                        12.57143,
                        6.57143,
                        13
                    ],
                    "texture": "#0"
                }
            }
        },
        {
            "from": [
                4,
                6.75,
                -1.25
            ],
            "to": [
                5,
                7.75,
                0.25
            ],
            "rotation": {
                "angle": -45,
                "axis": "z",
                "origin": [
                    8,
                    5.25,
                    -1
                ]
            },
            "faces": {
                "north": {
                    "uv": [
                        4.57143,
                        12.85714,
                        4.85714,
                        13.14286
                    ],
                    "texture": "#0"
                },
                "east": {
                    "uv": [
                        6.85714,
                        12.57143,
                        7.28571,
                        12.85714
                    ],
                    "texture": "#0"
                },
                "south": {
                    "uv": [
                        4.85714,
                        12.85714,
                        5.14286,
                        13.14286
                    ],
                    "texture": "#0"
                },
                "west": {
                    "uv": [
                        12.57143,
                        6.85714,
                        13,
                        7.14286
                    ],
                    "texture": "#0"
                },
                "up": {
                    "uv": [
                        12.85714,
                        7.57143,
                        12.57143,
                        7.14286
                    ],
                    "texture": "#0"
                },
                "down": {
                    "uv": [
                        7.71429,
                        12.57143,
                        7.42857,
                        13
                    ],
                    "texture": "#0"
                }
            }
        },
        {
            "from": [
                11,
                8.25,
                -1.25
            ],
            "to": [
                12,
                9.25,
                0.25
            ],
            "rotation": {
                "angle": -45,
                "axis": "z",
                "origin": [
                    8,
                    10.75,
                    -1
                ]
            },
            "faces": {
                "north": {
                    "uv": [
                        5.14286,
                        12.85714,
                        5.42857,
                        13.14286
                    ],
                    "texture": "#0"
                },
                "east": {
                    "uv": [
                        12.57143,
                        7.71429,
                        13,
                        8
                    ],
                    "texture": "#0"
                },
                "south": {
                    "uv": [
                        5.42857,
                        12.85714,
                        5.71429,
                        13.14286
                    ],
                    "texture": "#0"
                },
                "west": {
                    "uv": [
                        10.28571,
                        12.57143,
                        10.71429,
                        12.85714
                    ],
                    "texture": "#0"
                },
                "up": {
                    "uv": [
                        8,
                        13,
                        7.71429,
                        12.57143
                    ],
                    "texture": "#0"
                },
                "down": {
                    "uv": [
                        11.14286,
                        12.57143,
                        10.85714,
                        13
                    ],
                    "texture": "#0"
                }
            }
        },
        {
            "from": [
                4,
                8.25,
                -1.25
            ],
            "to": [
                5,
                9.25,
                0.25
            ],
            "rotation": {
                "angle": 45,
                "axis": "z",
                "origin": [
                    8,
                    10.75,
                    -1
                ]
            },
            "faces": {
                "north": {
                    "uv": [
                        6.85714,
                        12.85714,
                        7.14286,
                        13.14286
                    ],
                    "texture": "#0"
                },
                "east": {
                    "uv": [
                        12.57143,
                        11.14286,
                        13,
                        11.42857
                    ],
                    "texture": "#0"
                },
                "south": {
                    "uv": [
                        7.14286,
                        12.85714,
                        7.42857,
                        13.14286
                    ],
                    "texture": "#0"
                },
                "west": {
                    "uv": [
                        12.57143,
                        11.42857,
                        13,
                        11.71429
                    ],
                    "texture": "#0"
                },
                "up": {
                    "uv": [
                        11.42857,
                        13,
                        11.14286,
                        12.57143
                    ],
                    "texture": "#0"
                },
                "down": {
                    "uv": [
                        12.85714,
                        11.71429,
                        12.57143,
                        12.14286
                    ],
                    "texture": "#0"
                }
            }
        },
        {
            "from": [
                1.9925,
                7.69552,
                15.13073
            ],
            "to": [
                14.0075,
                8.69552,
                16.53073
            ],
            "rotation": {
                "angle": 0,
                "axis": "x",
                "origin": [
                    14.9925,
                    10.69552,
                    16.03073
                ]
            },
            "faces": {
                "north": {
                    "uv": [
                        10.85714,
                        9.71429,
                        14.28571,
                        10
                    ],
                    "texture": "#0"
                },
                "south": {
                    "uv": [
                        10.85714,
                        10,
                        14.28571,
                        10.28571
                    ],
                    "texture": "#0"
                },
                "up": {
                    "uv": [
                        14.28571,
                        0.42857,
                        10.85714,
                        0
                    ],
                    "texture": "#0"
                },
                "down": {
                    "uv": [
                        14.28571,
                        0.57143,
                        10.85714,
                        1
                    ],
                    "texture": "#0"
                }
            }
        },
        {
            "from": [
                1.975,
                0.30904,
                14.52014
            ],
            "to": [
                14.025,
                3.80904,
                14.52014
            ],
            "rotation": {
                "angle": 22.5,
                "axis": "x",
                "origin": [
                    13,
                    -0.19096,
                    15.02014
                ]
            },
            "faces": {
                "south": {
                    "uv": [
                        0,
                        8.57143,
                        3.42857,
                        9.57143
                    ],
                    "texture": "#0"
                }
            }
        },
        {
            "from": [
                1.975,
                3.6959,
                16.08893
            ],
            "to": [
                14.025,
                7.9459,
                16.08893
            ],
            "rotation": {
                "angle": 0,
                "axis": "y",
                "origin": [
                    13,
                    -0.8041,
                    16.58893
                ]
            },
            "faces": {
                "south": {
                    "uv": [
                        6.85714,
                        8,
                        10.28571,
                        9.28571
                    ],
                    "texture": "#0"
                }
            }
        },
        {
            "from": [
                0.0035,
                -0.3415,
                16.21684
            ],
            "to": [
                1.9965,
                3.6585,
                17.71684
            ],
            "rotation": {
                "angle": 22.5,
                "axis": "x",
                "origin": [
                    1.0035,
                    6.6585,
                    17.21684
                ]
            },
            "faces": {
                "north": {
                    "uv": [
                        8,
                        11.42857,
                        7.42857,
                        12.57143
                    ],
                    "texture": "#0"
                },
                "east": {
                    "uv": [
                        11.85714,
                        11.14286,
                        11.42857,
                        12.28571
                    ],
                    "texture": "#0"
                },
                "south": {
                    "uv": [
                        7.42857,
                        11.42857,
                        6.85714,
                        12.57143
                    ],
                    "texture": "#0"
                },
                "west": {
                    "uv": [
                        12.42857,
                        4.28571,
                        12,
                        5.42857
                    ],
                    "texture": "#0"
                },
                "up": {
                    "uv": [
                        12.57143,
                        11.14286,
                        12,
                        11.57143
                    ],
                    "texture": "#0"
                }
            }
        },
        {
            "from": [
                0.006,
                3.69552,
                15.13073
            ],
            "to": [
                1.994,
                8.69552,
                16.53073
            ],
            "rotation": {
                "angle": 0,
                "axis": "x",
                "origin": [
                    1.006,
                    10.69552,
                    16.03073
                ]
            },
            "faces": {
                "north": {
                    "uv": [
                        11.42857,
                        11.14286,
                        10.85714,
                        12.57143
                    ],
                    "texture": "#0"
                },
                "east": {
                    "uv": [
                        8.42857,
                        11.42857,
                        8,
                        12.85714
                    ],
                    "texture": "#0"
                },
                "south": {
                    "uv": [
                        10.85714,
                        11.14286,
                        10.28571,
                        12.57143
                    ],
                    "texture": "#0"
                },
                "west": {
                    "uv": [
                        9,
                        11.42857,
                        8.57143,
                        12.85714
                    ],
                    "texture": "#0"
                },
                "up": {
                    "uv": [
                        12.57143,
                        7.42857,
                        12,
                        7.85714
                    ],
                    "texture": "#0"
                }
            }
        },
        {
            "from": [
                14.006,
                3.69552,
                15.13073
            ],
            "to": [
                15.994,
                8.69552,
                16.53073
            ],
            "rotation": {
                "angle": 0,
                "axis": "x",
                "origin": [
                    14.994,
                    10.69552,
                    16.03073
                ]
            },
            "faces": {
                "north": {
                    "uv": [
                        10.85714,
                        11.14286,
                        11.42857,
                        12.57143
                    ],
                    "texture": "#0"
                },
                "east": {
                    "uv": [
                        8.57143,
                        11.42857,
                        9,
                        12.85714
                    ],
                    "texture": "#0"
                },
                "south": {
                    "uv": [
                        10.28571,
                        11.14286,
                        10.85714,
                        12.57143
                    ],
                    "texture": "#0"
                },
                "west": {
                    "uv": [
                        8,
                        11.42857,
                        8.42857,
                        12.85714
                    ],
                    "texture": "#0"
                },
                "up": {
                    "uv": [
                        12,
                        7.42857,
                        12.57143,
                        7.85714
                    ],
                    "texture": "#0"
                }
            }
        },
        {
            "from": [
                14.0035,
                -0.3415,
                16.21684
            ],
            "to": [
                15.9965,
                3.6585,
                17.71684
            ],
            "rotation": {
                "angle": 22.5,
                "axis": "x",
                "origin": [
                    14.9965,
                    6.6585,
                    17.21684
                ]
            },
            "faces": {
                "north": {
                    "uv": [
                        7.42857,
                        11.42857,
                        8,
                        12.57143
                    ],
                    "texture": "#0"
                },
                "east": {
                    "uv": [
                        12,
                        4.28571,
                        12.42857,
                        5.42857
                    ],
                    "texture": "#0"
                },
                "south": {
                    "uv": [
                        6.85714,
                        11.42857,
                        7.42857,
                        12.57143
                    ],
                    "texture": "#0"
                },
                "west": {
                    "uv": [
                        11.42857,
                        11.14286,
                        11.85714,
                        12.28571
                    ],
                    "texture": "#0"
                },
                "up": {
                    "uv": [
                        12,
                        11.14286,
                        12.57143,
                        11.57143
                    ],
                    "texture": "#0"
                }
            }
        },
        {
            "from": [
                14,
                0,
                1
            ],
            "to": [
                16,
                1.5,
                15
            ],
            "rotation": {
                "angle": 0,
                "axis": "y",
                "origin": [
                    16,
                    0,
                    0
                ]
            },
            "faces": {
                "north": {
                    "uv": [
                        6.85714,
                        12,
                        6.28571,
                        12.42857
                    ],
                    "texture": "#0"
                },
                "east": {
                    "uv": [
                        12.85714,
                        10.28571,
                        8.85714,
                        10.71429
                    ],
                    "texture": "#0"
                },
                "south": {
                    "uv": [
                        12.57143,
                        6.85714,
                        12,
                        7.28571
                    ],
                    "texture": "#0"
                },
                "west": {
                    "uv": [
                        14.28571,
                        8.57143,
                        10.28571,
                        9
                    ],
                    "texture": "#0"
                },
                "up": {
                    "uv": [
                        1.14286,
                        13.71429,
                        1.71429,
                        9.71429
                    ],
                    "texture": "#0"
                },
                "down": {
                    "uv": [
                        1.71429,
                        9.71429,
                        2.28571,
                        13.71429
                    ],
                    "texture": "#0"
                }
            }
        },
        {
            "from": [
                14.0035,
                -0.3415,
                -1.71684
            ],
            "to": [
                15.9965,
                3.6585,
                -0.21684
            ],
            "rotation": {
                "angle": -22.5,
                "axis": "x",
                "origin": [
                    14.9965,
                    6.6585,
                    -1.21684
                ]
            },
            "faces": {
                "north": {
                    "uv": [
                        7.42857,
                        11.42857,
                        6.85714,
                        12.57143
                    ],
                    "texture": "#0"
                },
                "east": {
                    "uv": [
                        12.42857,
                        4.28571,
                        12,
                        5.42857
                    ],
                    "texture": "#0"
                },
                "south": {
                    "uv": [
                        8,
                        11.42857,
                        7.42857,
                        12.57143
                    ],
                    "texture": "#0"
                },
                "west": {
                    "uv": [
                        11.85714,
                        11.14286,
                        11.42857,
                        12.28571
                    ],
                    "texture": "#0"
                },
                "up": {
                    "uv": [
                        12,
                        11.57143,
                        12.57143,
                        11.14286
                    ],
                    "texture": "#0"
                }
            }
        },
        {
            "from": [
                14.006,
                3.69552,
                -0.53073
            ],
            "to": [
                15.994,
                8.69552,
                0.86927
            ],
            "rotation": {
                "angle": 0,
                "axis": "x",
                "origin": [
                    14.994,
                    10.69552,
                    -0.03073
                ]
            },
            "faces": {
                "north": {
                    "uv": [
                        10.85714,
                        11.14286,
                        10.28571,
                        12.57143
                    ],
                    "texture": "#0"
                },
                "east": {
                    "uv": [
                        9,
                        11.42857,
                        8.57143,
                        12.85714
                    ],
                    "texture": "#0"
                },
                "south": {
                    "uv": [
                        11.42857,
                        11.14286,
                        10.85714,
                        12.57143
                    ],
                    "texture": "#0"
                },
                "west": {
                    "uv": [
                        8.42857,
                        11.42857,
                        8,
                        12.85714
                    ],
                    "texture": "#0"
                },
                "up": {
                    "uv": [
                        12,
                        7.85714,
                        12.57143,
                        7.42857
                    ],
                    "texture": "#0"
                }
            }
        },
        {
            "from": [
                14.006,
                7.69552,
                0.86927
            ],
            "to": [
                15.994,
                8.69552,
                15.12927
            ],
            "rotation": {
                "angle": 0,
                "axis": "x",
                "origin": [
                    14.994,
                    10.69552,
                    14.96927
                ]
            },
            "faces": {
                "east": {
                    "uv": [
                        14.57143,
                        4,
                        10.57143,
                        4.28571
                    ],
                    "texture": "#0"
                },
                "south": {
                    "uv": [
                        13.14286,
                        5.42857,
                        12.57143,
                        5.71429
                    ],
                    "texture": "#0"
                },
                "west": {
                    "uv": [
                        14.28571,
                        9.14286,
                        10.28571,
                        9.42857
                    ],
                    "texture": "#0"
                },
                "up": {
                    "uv": [
                        2.28571,
                        13.71429,
                        2.85714,
                        9.71429
                    ],
                    "texture": "#0"
                },
                "down": {
                    "uv": [
                        2.85714,
                        9.71429,
                        3.42857,
                        13.71429
                    ],
                    "texture": "#0"
                }
            }
        },
        {
            "from": [
                15.5,
                1.15,
                0.25
            ],
            "to": [
                15.5,
                7.9,
                15.75
            ],
            "rotation": {
                "angle": 0,
                "axis": "y",
                "origin": [
                    16,
                    1.15,
                    14
                ]
            },
            "faces": {
                "east": {
                    "uv": [
                        11.28571,
                        4.28571,
                        6.85714,
                        6.28571
                    ],
                    "texture": "#0"
                }
            }
        },
        {
            "from": [
                1.9925,
                8.69552,
                -0.53073
            ],
            "to": [
                14.0075,
                9.69552,
                0.96927
            ],
            "rotation": {
                "angle": 0,
                "axis": "x",
                "origin": [
                    14.9925,
                    6.69552,
                    -0.03073
                ]
            },
            "faces": {
                "north": {
                    "uv": [
                        10.28571,
                        10.85714,
                        13.71429,
                        11.14286
                    ],
                    "texture": "#0"
                },
                "south": {
                    "uv": [
                        6.85714,
                        11.14286,
                        10.28571,
                        11.42857
                    ],
                    "texture": "#0"
                },
                "up": {
                    "uv": [
                        14.28571,
                        1.57143,
                        10.85714,
                        1.14286
                    ],
                    "texture": "#0"
                },
                "down": {
                    "uv": [
                        14.28571,
                        1.71429,
                        10.85714,
                        2.14286
                    ],
                    "texture": "#0"
                }
            }
        },
        {
            "from": [
                2,
                9.4291,
                0.75
            ],
            "to": [
                14,
                9.4291,
                15.25
            ],
            "rotation": {
                "angle": 0,
                "axis": "y",
                "origin": [
                    13,
                    17.4291,
                    1.25
                ]
            },
            "faces": {
                "down": {
                    "uv": [
                        3.42857,
                        4.28571,
                        0,
                        8.42857
                    ],
                    "texture": "#0"
                }
            }
        },
        {
            "from": [
                1.75,
                9.44514,
                16.20617
            ],
            "to": [
                14.25,
                13.69514,
                16.20617
            ],
            "rotation": {
                "angle": 0,
                "axis": "x",
                "origin": [
                    13,
                    18.19514,
                    16.70617
                ]
            },
            "faces": {
                "south": {
                    "uv": [
                        7.14286,
                        0,
                        10.71429,
                        1.28571
                    ],
                    "texture": "#0"
                }
            }
        },
        {
            "from": [
                0.006,
                8.69552,
                0.96927
            ],
            "to": [
                1.994,
                9.69552,
                15.02927
            ],
            "rotation": {
                "angle": 0,
                "axis": "x",
                "origin": [
                    1.006,
                    6.69552,
                    14.96927
                ]
            },
            "faces": {
                "east": {
                    "uv": [
                        10.85714,
                        2.28571,
                        14.85714,
                        2.57143
                    ],
                    "texture": "#0"
                },
                "west": {
                    "uv": [
                        10.85714,
                        2.57143,
                        14.85714,
                        2.85714
                    ],
                    "texture": "#0"
                },
                "up": {
                    "uv": [
                        4,
                        14.28571,
                        3.42857,
                        10.28571
                    ],
                    "texture": "#0"
                },
                "down": {
                    "uv": [
                        4.57143,
                        10.28571,
                        4,
                        14.28571
                    ],
                    "texture": "#0"
                }
            }
        },
        {
            "from": [
                0.0035,
                13.73254,
                -1.71684
            ],
            "to": [
                1.9965,
                16.73254,
                -0.09184
            ],
            "rotation": {
                "angle": 22.5,
                "axis": "x",
                "origin": [
                    1.0035,
                    10.73254,
                    -1.21684
                ]
            },
            "faces": {
                "north": {
                    "uv": [
                        11.42857,
                        7.14286,
                        12,
                        8
                    ],
                    "texture": "#0"
                },
                "east": {
                    "uv": [
                        5.14286,
                        12,
                        5.57143,
                        12.85714
                    ],
                    "texture": "#0"
                },
                "south": {
                    "uv": [
                        4.57143,
                        12,
                        5.14286,
                        12.85714
                    ],
                    "texture": "#0"
                },
                "west": {
                    "uv": [
                        12,
                        5.42857,
                        12.42857,
                        6.28571
                    ],
                    "texture": "#0"
                },
                "up": {
                    "uv": [
                        12.57143,
                        12.14286,
                        12,
                        11.71429
                    ],
                    "texture": "#0"
                },
                "down": {
                    "uv": [
                        12,
                        12.28571,
                        11.42857,
                        12.71429
                    ],
                    "texture": "#0"
                }
            }
        },
        {
            "from": [
                0.006,
                8.69552,
                -0.53073
            ],
            "to": [
                1.994,
                13.69552,
                0.96927
            ],
            "rotation": {
                "angle": 0,
                "axis": "x",
                "origin": [
                    1.006,
                    6.69552,
                    -0.03073
                ]
            },
            "faces": {
                "north": {
                    "uv": [
                        11.42857,
                        4.28571,
                        12,
                        5.71429
                    ],
                    "texture": "#0"
                },
                "east": {
                    "uv": [
                        9.14286,
                        11.42857,
                        9.57143,
                        12.85714
                    ],
                    "texture": "#0"
                },
                "south": {
                    "uv": [
                        11.42857,
                        5.71429,
                        12,
                        7.14286
                    ],
                    "texture": "#0"
                },
                "west": {
                    "uv": [
                        9.71429,
                        11.42857,
                        10.14286,
                        12.85714
                    ],
                    "texture": "#0"
                },
                "down": {
                    "uv": [
                        12.57143,
                        12.28571,
                        12,
                        12.71429
                    ],
                    "texture": "#0"
                }
            }
        },
        {
            "from": [
                1.75,
                13.58161,
                14.63745
            ],
            "to": [
                14.25,
                16.08161,
                14.63745
            ],
            "rotation": {
                "angle": -22.5,
                "axis": "x",
                "origin": [
                    13,
                    17.58161,
                    15.13745
                ]
            },
            "faces": {
                "south": {
                    "uv": [
                        3.42857,
                        9.42857,
                        7,
                        10.14286
                    ],
                    "texture": "#0"
                }
            }
        },
        {
            "from": [
                0.0085,
                14.91716,
                0.62
            ],
            "to": [
                1.9915,
                16.46716,
                15.38
            ],
            "rotation": {
                "angle": 0,
                "axis": "x",
                "origin": [
                    15.005,
                    15.96716,
                    18.37
                ]
            },
            "faces": {
                "north": {
                    "uv": [
                        12.57143,
                        4.28571,
                        13.14286,
                        4.71429
                    ],
                    "texture": "#0"
                },
                "east": {
                    "uv": [
                        4.57143,
                        10.28571,
                        8.85714,
                        10.71429
                    ],
                    "texture": "#0"
                },
                "south": {
                    "uv": [
                        12.57143,
                        4.85714,
                        13.14286,
                        5.28571
                    ],
                    "texture": "#0"
                },
                "west": {
                    "uv": [
                        10.28571,
                        8,
                        14.57143,
                        8.42857
                    ],
                    "texture": "#0"
                },
                "up": {
                    "uv": [
                        0.57143,
                        14,
                        0,
                        9.71429
                    ],
                    "texture": "#0"
                },
                "down": {
                    "uv": [
                        1.14286,
                        9.71429,
                        0.57143,
                        14
                    ],
                    "texture": "#0"
                }
            }
        },
        {
            "from": [
                1.75,
                9.44552,
                -0.20617
            ],
            "to": [
                14.25,
                13.69552,
                -0.20617
            ],
            "rotation": {
                "angle": 0,
                "axis": "x",
                "origin": [
                    13,
                    18.19552,
                    -0.70617
                ]
            },
            "faces": {
                "north": {
                    "uv": [
                        7.14286,
                        1.42857,
                        10.71429,
                        2.71429
                    ],
                    "texture": "#0"
                }
            }
        },
        {
            "from": [
                1.75,
                13.582,
                1.36255
            ],
            "to": [
                14.25,
                16.082,
                1.36255
            ],
            "rotation": {
                "angle": 22.5,
                "axis": "x",
                "origin": [
                    13,
                    17.582,
                    0.86255
                ]
            },
            "faces": {
                "north": {
                    "uv": [
                        7.14286,
                        9.42857,
                        10.71429,
                        10.14286
                    ],
                    "texture": "#0"
                }
            }
        },
        {
            "from": [
                1.75,
                16.00383,
                0.75046
            ],
            "to": [
                14.25,
                16.00383,
                15.25046
            ],
            "rotation": {
                "angle": 0,
                "axis": "x",
                "origin": [
                    13,
                    16.50383,
                    11.25046
                ]
            },
            "faces": {
                "up": {
                    "uv": [
                        3.57143,
                        4.14286,
                        0,
                        0
                    ],
                    "texture": "#0"
                }
            }
        },
        {
            "from": [
                0.5,
                9.39104,
                0.25
            ],
            "to": [
                0.5,
                15.14104,
                15.75
            ],
            "rotation": {
                "angle": 0,
                "axis": "y",
                "origin": [
                    0,
                    9.39104,
                    14
                ]
            },
            "faces": {
                "west": {
                    "uv": [
                        6.85714,
                        6.28571,
                        11.28571,
                        8
                    ],
                    "texture": "#0"
                }
            }
        },
        {
            "from": [
                0.006,
                8.69552,
                15.03073
            ],
            "to": [
                1.994,
                13.69552,
                16.53073
            ],
            "rotation": {
                "angle": 0,
                "axis": "x",
                "origin": [
                    1.006,
                    6.69552,
                    16.03073
                ]
            },
            "faces": {
                "north": {
                    "uv": [
                        12,
                        5.71429,
                        11.42857,
                        7.14286
                    ],
                    "texture": "#0"
                },
                "east": {
                    "uv": [
                        9.57143,
                        11.42857,
                        9.14286,
                        12.85714
                    ],
                    "texture": "#0"
                },
                "south": {
                    "uv": [
                        12,
                        4.28571,
                        11.42857,
                        5.71429
                    ],
                    "texture": "#0"
                },
                "west": {
                    "uv": [
                        10.14286,
                        11.42857,
                        9.71429,
                        12.85714
                    ],
                    "texture": "#0"
                },
                "down": {
                    "uv": [
                        12.57143,
                        12.71429,
                        12,
                        12.28571
                    ],
                    "texture": "#0"
                }
            }
        },
        {
            "from": [
                0.0035,
                13.73254,
                16.09184
            ],
            "to": [
                1.9965,
                16.73254,
                17.71684
            ],
            "rotation": {
                "angle": -22.5,
                "axis": "x",
                "origin": [
                    1.0035,
                    10.73254,
                    17.21684
                ]
            },
            "faces": {
                "north": {
                    "uv": [
                        5.14286,
                        12,
                        4.57143,
                        12.85714
                    ],
                    "texture": "#0"
                },
                "east": {
                    "uv": [
                        5.57143,
                        12,
                        5.14286,
                        12.85714
                    ],
                    "texture": "#0"
                },
                "south": {
                    "uv": [
                        12,
                        7.14286,
                        11.42857,
                        8
                    ],
                    "texture": "#0"
                },
                "west": {
                    "uv": [
                        12.42857,
                        5.42857,
                        12,
                        6.28571
                    ],
                    "texture": "#0"
                },
                "up": {
                    "uv": [
                        12.57143,
                        11.71429,
                        12,
                        12.14286
                    ],
                    "texture": "#0"
                },
                "down": {
                    "uv": [
                        12,
                        12.71429,
                        11.42857,
                        12.28571
                    ],
                    "texture": "#0"
                }
            }
        },
        {
            "from": [
                14.006,
                8.69552,
                0.96927
            ],
            "to": [
                15.994,
                9.69552,
                15.02927
            ],
            "rotation": {
                "angle": 0,
                "axis": "x",
                "origin": [
                    14.994,
                    6.69552,
                    14.96927
                ]
            },
            "faces": {
                "east": {
                    "uv": [
                        14.85714,
                        2.57143,
                        10.85714,
                        2.85714
                    ],
                    "texture": "#0"
                },
                "west": {
                    "uv": [
                        14.85714,
                        2.28571,
                        10.85714,
                        2.57143
                    ],
                    "texture": "#0"
                },
                "up": {
                    "uv": [
                        3.42857,
                        14.28571,
                        4,
                        10.28571
                    ],
                    "texture": "#0"
                },
                "down": {
                    "uv": [
                        4,
                        10.28571,
                        4.57143,
                        14.28571
                    ],
                    "texture": "#0"
                }
            }
        },
        {
            "from": [
                14.006,
                8.69552,
                15.03073
            ],
            "to": [
                15.994,
                13.69552,
                16.53073
            ],
            "rotation": {
                "angle": 0,
                "axis": "x",
                "origin": [
                    14.994,
                    6.69552,
                    16.03073
                ]
            },
            "faces": {
                "north": {
                    "uv": [
                        11.42857,
                        5.71429,
                        12,
                        7.14286
                    ],
                    "texture": "#0"
                },
                "east": {
                    "uv": [
                        9.71429,
                        11.42857,
                        10.14286,
                        12.85714
                    ],
                    "texture": "#0"
                },
                "south": {
                    "uv": [
                        11.42857,
                        4.28571,
                        12,
                        5.71429
                    ],
                    "texture": "#0"
                },
                "west": {
                    "uv": [
                        9.14286,
                        11.42857,
                        9.57143,
                        12.85714
                    ],
                    "texture": "#0"
                },
                "down": {
                    "uv": [
                        12,
                        12.71429,
                        12.57143,
                        12.28571
                    ],
                    "texture": "#0"
                }
            }
        },
        {
            "from": [
                14.0035,
                13.73254,
                16.09184
            ],
            "to": [
                15.9965,
                16.73254,
                17.71684
            ],
            "rotation": {
                "angle": -22.5,
                "axis": "x",
                "origin": [
                    14.9965,
                    10.73254,
                    17.21684
                ]
            },
            "faces": {
                "north": {
                    "uv": [
                        4.57143,
                        12,
                        5.14286,
                        12.85714
                    ],
                    "texture": "#0"
                },
                "east": {
                    "uv": [
                        12,
                        5.42857,
                        12.42857,
                        6.28571
                    ],
                    "texture": "#0"
                },
                "south": {
                    "uv": [
                        11.42857,
                        7.14286,
                        12,
                        8
                    ],
                    "texture": "#0"
                },
                "west": {
                    "uv": [
                        5.14286,
                        12,
                        5.57143,
                        12.85714
                    ],
                    "texture": "#0"
                },
                "up": {
                    "uv": [
                        12,
                        11.71429,
                        12.57143,
                        12.14286
                    ],
                    "texture": "#0"
                },
                "down": {
                    "uv": [
                        11.42857,
                        12.71429,
                        12,
                        12.28571
                    ],
                    "texture": "#0"
                }
            }
        },
        {
            "from": [
                14.006,
                8.69552,
                -0.53073
            ],
            "to": [
                15.994,
                13.69552,
                0.96927
            ],
            "rotation": {
                "angle": 0,
                "axis": "x",
                "origin": [
                    14.994,
                    6.69552,
                    -0.03073
                ]
            },
            "faces": {
                "north": {
                    "uv": [
                        12,
                        4.28571,
                        11.42857,
                        5.71429
                    ],
                    "texture": "#0"
                },
                "east": {
                    "uv": [
                        10.14286,
                        11.42857,
                        9.71429,
                        12.85714
                    ],
                    "texture": "#0"
                },
                "south": {
                    "uv": [
                        12,
                        5.71429,
                        11.42857,
                        7.14286
                    ],
                    "texture": "#0"
                },
                "west": {
                    "uv": [
                        9.57143,
                        11.42857,
                        9.14286,
                        12.85714
                    ],
                    "texture": "#0"
                },
                "down": {
                    "uv": [
                        12,
                        12.28571,
                        12.57143,
                        12.71429
                    ],
                    "texture": "#0"
                }
            }
        },
        {
            "from": [
                14.0035,
                13.73254,
                -1.71684
            ],
            "to": [
                15.9965,
                16.73254,
                -0.09184
            ],
            "rotation": {
                "angle": 22.5,
                "axis": "x",
                "origin": [
                    14.9965,
                    10.73254,
                    -1.21684
                ]
            },
            "faces": {
                "north": {
                    "uv": [
                        12,
                        7.14286,
                        11.42857,
                        8
                    ],
                    "texture": "#0"
                },
                "east": {
                    "uv": [
                        12.42857,
                        5.42857,
                        12,
                        6.28571
                    ],
                    "texture": "#0"
                },
                "south": {
                    "uv": [
                        5.14286,
                        12,
                        4.57143,
                        12.85714
                    ],
                    "texture": "#0"
                },
                "west": {
                    "uv": [
                        5.57143,
                        12,
                        5.14286,
                        12.85714
                    ],
                    "texture": "#0"
                },
                "up": {
                    "uv": [
                        12,
                        12.14286,
                        12.57143,
                        11.71429
                    ],
                    "texture": "#0"
                },
                "down": {
                    "uv": [
                        11.42857,
                        12.28571,
                        12,
                        12.71429
                    ],
                    "texture": "#0"
                }
            }
        },
        {
            "from": [
                14.0085,
                14.91716,
                0.62
            ],
            "to": [
                15.9915,
                16.46716,
                15.38
            ],
            "rotation": {
                "angle": 0,
                "axis": "x",
                "origin": [
                    0.995,
                    15.96716,
                    18.37
                ]
            },
            "faces": {
                "north": {
                    "uv": [
                        13.14286,
                        4.28571,
                        12.57143,
                        4.71429
                    ],
                    "texture": "#0"
                },
                "east": {
                    "uv": [
                        14.57143,
                        8,
                        10.28571,
                        8.42857
                    ],
                    "texture": "#0"
                },
                "south": {
                    "uv": [
                        13.14286,
                        4.85714,
                        12.57143,
                        5.28571
                    ],
                    "texture": "#0"
                },
                "west": {
                    "uv": [
                        8.85714,
                        10.28571,
                        4.57143,
                        10.71429
                    ],
                    "texture": "#0"
                },
                "up": {
                    "uv": [
                        0,
                        14,
                        0.57143,
                        9.71429
                    ],
                    "texture": "#0"
                },
                "down": {
                    "uv": [
                        0.57143,
                        9.71429,
                        1.14286,
                        14
                    ],
                    "texture": "#0"
                }
            }
        },
        {
            "from": [
                15.5,
                9.39104,
                0.25
            ],
            "to": [
                15.5,
                15.14104,
                15.75
            ],
            "rotation": {
                "angle": 0,
                "axis": "y",
                "origin": [
                    16,
                    9.39104,
                    14
                ]
            },
            "faces": {
                "east": {
                    "uv": [
                        11.28571,
                        6.28571,
                        6.85714,
                        8
                    ],
                    "texture": "#0"
                }
            }
        },
        {
            "from": [
                1.9925,
                8.69552,
                15.03073
            ],
            "to": [
                14.0075,
                9.69552,
                16.53073
            ],
            "rotation": {
                "angle": 0,
                "axis": "x",
                "origin": [
                    14.9925,
                    6.69552,
                    16.03073
                ]
            },
            "faces": {
                "north": {
                    "uv": [
                        10.28571,
                        11.14286,
                        6.85714,
                        11.42857
                    ],
                    "texture": "#0"
                },
                "south": {
                    "uv": [
                        13.71429,
                        10.85714,
                        10.28571,
                        11.14286
                    ],
                    "texture": "#0"
                },
                "up": {
                    "uv": [
                        14.28571,
                        1.14286,
                        10.85714,
                        1.57143
                    ],
                    "texture": "#0"
                },
                "down": {
                    "uv": [
                        14.28571,
                        2.14286,
                        10.85714,
                        1.71429
                    ],
                    "texture": "#0"
                }
            }
        },
        {
            "from": [
                9.45271,
                15.70133,
                6.75046
            ],
            "to": [
                9.48271,
                17.70133,
                9.75046
            ],
            "rotation": {
                "angle": -45,
                "axis": "z",
                "origin": [
                    9.46771,
                    16.70133,
                    8.25046
                ]
            },
            "faces": {
                "east": {
                    "uv": [
                        0,
                        7,
                        6,
                        11
                    ],
                    "texture": "#1"
                },
                "west": {
                    "uv": [
                        6,
                        7,
                        0,
                        11
                    ],
                    "texture": "#1"
                }
            }
        },
        {
            "from": [
                6.87084,
                15.84778,
                6.75046
            ],
            "to": [
                6.90084,
                16.84778,
                8.75046
            ],
            "rotation": {
                "angle": 45,
                "axis": "z",
                "origin": [
                    6.88584,
                    16.34778,
                    7.75046
                ]
            },
            "faces": {
                "east": {
                    "uv": [
                        11,
                        2,
                        15,
                        0
                    ],
                    "rotation": 180,
                    "texture": "#1"
                },
                "west": {
                    "uv": [
                        15,
                        2,
                        11,
                        0
                    ],
                    "rotation": 180,
                    "texture": "#1"
                }
            }
        },
        {
            "from": [
                3.51729,
                15.70133,
                6.75046
            ],
            "to": [
                3.54729,
                17.70133,
                9.75046
            ],
            "rotation": {
                "angle": 45,
                "axis": "z",
                "origin": [
                    3.53229,
                    16.70133,
                    8.25046
                ]
            },
            "faces": {
                "east": {
                    "uv": [
                        0,
                        7,
                        6,
                        11
                    ],
                    "texture": "#1"
                },
                "west": {
                    "uv": [
                        6,
                        7,
                        0,
                        11
                    ],
                    "texture": "#1"
                }
            }
        },
        {
            "from": [
                12.09916,
                15.84778,
                6.75046
            ],
            "to": [
                12.12916,
                16.84778,
                8.75046
            ],
            "rotation": {
                "angle": -45,
                "axis": "z",
                "origin": [
                    12.11416,
                    16.34778,
                    7.75046
                ]
            },
            "faces": {
                "east": {
                    "uv": [
                        11,
                        2,
                        15,
                        0
                    ],
                    "rotation": 180,
                    "texture": "#1"
                },
                "west": {
                    "uv": [
                        15,
                        2,
                        11,
                        0
                    ],
                    "rotation": 180,
                    "texture": "#1"
                }
            }
        },
        {
            "from": [
                3.75,
                13.26916,
                -1.84207
            ],
            "to": [
                3.78,
                18.26916,
                1.15793
            ],
            "rotation": {
                "angle": 45,
                "axis": "x",
                "origin": [
                    3.765,
                    14.26916,
                    -1.59207
                ]
            },
            "faces": {
                "east": {
                    "uv": [
                        10,
                        0,
                        0,
                        6
                    ],
                    "rotation": 90,
                    "texture": "#1"
                },
                "west": {
                    "uv": [
                        0,
                        0,
                        10,
                        6
                    ],
                    "rotation": 270,
                    "texture": "#1"
                }
            }
        },
        {
            "from": [
                12.22,
                13.26916,
                -1.84207
            ],
            "to": [
                12.25,
                18.26916,
                1.15793
            ],
            "rotation": {
                "angle": 45,
                "axis": "x",
                "origin": [
                    12.235,
                    14.26916,
                    -1.59207
                ]
            },
            "faces": {
                "east": {
                    "uv": [
                        0,
                        6,
                        10,
                        0
                    ],
                    "rotation": 270,
                    "texture": "#1"
                },
                "west": {
                    "uv": [
                        10,
                        6,
                        0,
                        0
                    ],
                    "rotation": 90,
                    "texture": "#1"
                }
            }
        },
        {
            "from": [
                12.22,
                13.26916,
                14.84207
            ],
            "to": [
                12.25,
                18.26916,
                17.84207
            ],
            "rotation": {
                "angle": -45,
                "axis": "x",
                "origin": [
                    12.235,
                    14.26916,
                    17.59207
                ]
            },
            "faces": {
                "east": {
                    "uv": [
                        0,
                        0,
                        10,
                        6
                    ],
                    "rotation": 270,
                    "texture": "#1"
                },
                "west": {
                    "uv": [
                        10,
                        0,
                        0,
                        6
                    ],
                    "rotation": 90,
                    "texture": "#1"
                }
            }
        },
        {
            "from": [
                3.75,
                13.26916,
                14.84207
            ],
            "to": [
                3.78,
                18.26916,
                17.84207
            ],
            "rotation": {
                "angle": -45,
                "axis": "x",
                "origin": [
                    3.765,
                    14.26916,
                    17.59207
                ]
            },
            "faces": {
                "east": {
                    "uv": [
                        10,
                        6,
                        0,
                        0
                    ],
                    "rotation": 90,
                    "texture": "#1"
                },
                "west": {
                    "uv": [
                        0,
                        6,
                        10,
                        0
                    ],
                    "rotation": 270,
                    "texture": "#1"
                }
            }
        }
    ],
    "gui_light": "front",
    "display": {
        "thirdperson_righthand": {
            "rotation": [
                -121.5,
                180,
                180
            ],
            "translation": [
                0,
                3.5,
                2.25
            ],
            "scale": [
                0.5,
                0.5,
                0.5
            ]
        },
        "thirdperson_lefthand": {
            "rotation": [
                -121.5,
                180,
                180
            ],
            "translation": [
                0,
                3.5,
                2.25
            ],
            "scale": [
                0.5,
                0.5,
                0.5
            ]
        },
        "firstperson_righthand": {
            "rotation": [
                161.25,
                0,
                180
            ],
            "translation": [
                1.25,
                1.75,
                -4.5
            ],
            "scale": [
                0.7,
                0.7,
                0.7
            ]
        },
        "firstperson_lefthand": {
            "rotation": [
                161.25,
                0,
                180
            ],
            "translation": [
                1.25,
                1.75,
                -4.5
            ],
            "scale": [
                0.7,
                0.7,
                0.7
            ]
        },
        "ground": {
            "translation": [
                0,
                5,
                0
            ],
            "scale": [
                0.7,
                0.7,
                0.7
            ]
        },
        "gui": {
            "rotation": [
                0,
                135,
                0
            ],
            "scale": [
                0.72266,
                0.72266,
                0.72266
            ]
        },
        "head": {
            "rotation": [
                0,
                180,
                0
            ],
            "translation": [
                0,
                -29.25,
                0
            ],
            "scale": [
                1.6,
                1.6,
                1.6
            ]
        },
        "fixed": {
            "rotation": [
                -90,
                0,
                0
            ],
            "translation": [
                0,
                0,
                -15.75
            ],
            "scale": [
                2,
                2,
                2
            ]
        }
    },
    "groups": [
        {
            "name": "group",
            "origin": [
                16,
                1.15,
                14
            ],
            "color": 0,
            "children": [
                0,
                1,
                2,
                3,
                4,
                5,
                6,
                7,
                8,
                9,
                10,
                11,
                12,
                13,
                14,
                15,
                16,
                17,
                18,
                19,
                20,
                21,
                22,
                23,
                24,
                25,
                26
            ]
        },
        {
            "name": "group",
            "origin": [
                14.9925,
                10.30448,
                16.03073
            ],
            "color": 0,
            "children": [
                27,
                28,
                29,
                30,
                31,
                32,
                33,
                34,
                35,
                36,
                37,
                38,
                39,
                40,
                41,
                42,
                43,
                44,
                45,
                46,
                47,
                48
            ]
        },
        49,
        50,
        51,
        52,
        53,
        54,
        55,
        56
    ]
}