{
	"credit": "Made with Blockbench",
	"texture_size": [56, 56],
	"textures": {
		"0": "item/axes/little_crocodile_axe/little_crocodile",
		"particle": "item/chests/little_crocodile_chest"
	},
	"elements": [
		{
			"from": [2, 0.5, 2],
			"to": [14, 1.5, 14],
			"faces": {
				"north": {"uv": [6.85714, 10.57143, 10.28571, 10.85714], "texture": "#particle"},
				"east": {"uv": [10.28571, 10.57143, 13.71429, 10.85714], "texture": "#particle"},
				"south": {"uv": [10.85714, 0, 14.28571, 0.28571], "texture": "#particle"},
				"west": {"uv": [10.85714, 0.28571, 14.28571, 0.57143], "texture": "#particle"},
				"up": {"uv": [7.42857, 3.42857, 4, 0], "texture": "#particle"},
				"down": {"uv": [7.42857, 3.42857, 4, 6.85714], "texture": "#particle"}
			}
		},
		{
			"from": [1, 0, 1],
			"to": [4, 2, 4],
			"rotation": {"angle": 0, "axis": "y", "origin": [16, 0, 0]},
			"faces": {
				"north": {"uv": [10.57143, 10.85714, 11.42857, 11.42857], "texture": "#particle"},
				"east": {"uv": [2.57143, 11.14286, 3.42857, 11.71429], "texture": "#particle"},
				"south": {"uv": [3.42857, 11.14286, 4.28571, 11.71429], "texture": "#particle"},
				"west": {"uv": [4.28571, 11.14286, 5.14286, 11.71429], "texture": "#particle"},
				"up": {"uv": [11.71429, 3.14286, 10.85714, 2.28571], "texture": "#particle"},
				"down": {"uv": [11.71429, 3.14286, 10.85714, 4], "texture": "#particle"}
			}
		},
		{
			"from": [3, 1.5, 3],
			"to": [13, 4.5, 13],
			"faces": {
				"north": {"uv": [0, 8.85714, 2.85714, 9.71429], "texture": "#particle"},
				"east": {"uv": [7.42857, 9.42857, 10.28571, 10.28571], "texture": "#particle"},
				"south": {"uv": [0, 9.71429, 2.85714, 10.57143], "texture": "#particle"},
				"west": {"uv": [2.85714, 10.28571, 5.71429, 11.14286], "texture": "#particle"}
			}
		},
		{
			"from": [2, 4.5, 2],
			"to": [14, 5.5, 14],
			"faces": {
				"north": {"uv": [10.85714, 0.57143, 14.28571, 0.85714], "texture": "#particle"},
				"east": {"uv": [10.85714, 0.85714, 14.28571, 1.14286], "texture": "#particle"},
				"south": {"uv": [10.85714, 1.14286, 14.28571, 1.42857], "texture": "#particle"},
				"west": {"uv": [10.85714, 1.42857, 14.28571, 1.71429], "texture": "#particle"},
				"up": {"uv": [7.42857, 10.28571, 4, 6.85714], "texture": "#particle"},
				"down": {"uv": [10.85714, 0, 7.42857, 3.42857], "texture": "#particle"}
			}
		},
		{
			"from": [1.5, 2, 1.5],
			"to": [4, 6, 4],
			"rotation": {"angle": 0, "axis": "y", "origin": [16, 0, 0]},
			"faces": {
				"north": {"uv": [2.85714, 8.85714, 3.57143, 10], "texture": "#particle"},
				"east": {"uv": [0, 10.57143, 0.71429, 11.71429], "texture": "#particle"},
				"south": {"uv": [0.85714, 10.57143, 1.57143, 11.71429], "texture": "#particle"},
				"west": {"uv": [1.71429, 10.57143, 2.42857, 11.71429], "texture": "#particle"},
				"up": {"uv": [10.42857, 11.57143, 9.71429, 10.85714], "texture": "#particle"}
			}
		},
		{
			"from": [8, 2, 1.5],
			"to": [11, 5, 3],
			"rotation": {"angle": 45, "axis": "z", "origin": [8, 2, 1]},
			"faces": {
				"north": {"uv": [10.85714, 4, 11.71429, 4.85714], "texture": "#particle"},
				"east": {"uv": [3.42857, 8, 3.85714, 8.85714], "texture": "#particle"},
				"south": {"uv": [10.85714, 4.85714, 11.71429, 5.71429], "texture": "#particle"},
				"west": {"uv": [5.14286, 11.14286, 5.57143, 12], "texture": "#particle"},
				"up": {"uv": [12.28571, 6.14286, 11.42857, 5.71429], "texture": "#particle"},
				"down": {"uv": [12.28571, 6.28571, 11.42857, 6.71429], "texture": "#particle"}
			}
		},
		{
			"from": [12, 0, 1],
			"to": [15, 2, 4],
			"faces": {
				"north": {"uv": [11.42857, 10.85714, 10.57143, 11.42857], "texture": "#particle"},
				"east": {"uv": [5.14286, 11.14286, 4.28571, 11.71429], "texture": "#particle"},
				"south": {"uv": [4.28571, 11.14286, 3.42857, 11.71429], "texture": "#particle"},
				"west": {"uv": [3.42857, 11.14286, 2.57143, 11.71429], "texture": "#particle"},
				"up": {"uv": [10.85714, 3.14286, 11.71429, 2.28571], "texture": "#particle"},
				"down": {"uv": [10.85714, 3.14286, 11.71429, 4], "texture": "#particle"}
			}
		},
		{
			"from": [12, 2, 1.5],
			"to": [14.5, 6, 4],
			"faces": {
				"north": {"uv": [3.57143, 8.85714, 2.85714, 10], "texture": "#particle"},
				"east": {"uv": [2.42857, 10.57143, 1.71429, 11.71429], "texture": "#particle"},
				"south": {"uv": [1.57143, 10.57143, 0.85714, 11.71429], "texture": "#particle"},
				"west": {"uv": [0.71429, 10.57143, 0, 11.71429], "texture": "#particle"},
				"up": {"uv": [9.71429, 11.57143, 10.42857, 10.85714], "texture": "#particle"}
			}
		},
		{
			"from": [12, 0, 12],
			"to": [15, 2, 15],
			"rotation": {"angle": 0, "axis": "y", "origin": [0, 0, 16]},
			"faces": {
				"north": {"uv": [3.42857, 11.14286, 4.28571, 11.71429], "texture": "#particle"},
				"east": {"uv": [4.28571, 11.14286, 5.14286, 11.71429], "texture": "#particle"},
				"south": {"uv": [10.57143, 10.85714, 11.42857, 11.42857], "texture": "#particle"},
				"west": {"uv": [2.57143, 11.14286, 3.42857, 11.71429], "texture": "#particle"},
				"up": {"uv": [10.85714, 2.28571, 11.71429, 3.14286], "texture": "#particle"},
				"down": {"uv": [10.85714, 4, 11.71429, 3.14286], "texture": "#particle"}
			}
		},
		{
			"from": [12, 2, 12],
			"to": [14.5, 6, 14.5],
			"rotation": {"angle": 0, "axis": "y", "origin": [0, 0, 16]},
			"faces": {
				"north": {"uv": [0.85714, 10.57143, 1.57143, 11.71429], "texture": "#particle"},
				"east": {"uv": [1.71429, 10.57143, 2.42857, 11.71429], "texture": "#particle"},
				"south": {"uv": [2.85714, 8.85714, 3.57143, 10], "texture": "#particle"},
				"west": {"uv": [0, 10.57143, 0.71429, 11.71429], "texture": "#particle"},
				"up": {"uv": [9.71429, 10.85714, 10.42857, 11.57143], "texture": "#particle"}
			}
		},
		{
			"from": [1, 0, 12],
			"to": [4, 2, 15],
			"rotation": {"angle": 0, "axis": "y", "origin": [16, 0, 16]},
			"faces": {
				"north": {"uv": [4.28571, 11.14286, 3.42857, 11.71429], "texture": "#particle"},
				"east": {"uv": [3.42857, 11.14286, 2.57143, 11.71429], "texture": "#particle"},
				"south": {"uv": [11.42857, 10.85714, 10.57143, 11.42857], "texture": "#particle"},
				"west": {"uv": [5.14286, 11.14286, 4.28571, 11.71429], "texture": "#particle"},
				"up": {"uv": [11.71429, 2.28571, 10.85714, 3.14286], "texture": "#particle"},
				"down": {"uv": [11.71429, 4, 10.85714, 3.14286], "texture": "#particle"}
			}
		},
		{
			"from": [1.5, 2, 12],
			"to": [4, 6, 14.5],
			"rotation": {"angle": 0, "axis": "y", "origin": [16, 0, 16]},
			"faces": {
				"north": {"uv": [1.57143, 10.57143, 0.85714, 11.71429], "texture": "#particle"},
				"east": {"uv": [0.71429, 10.57143, 0, 11.71429], "texture": "#particle"},
				"south": {"uv": [3.57143, 8.85714, 2.85714, 10], "texture": "#particle"},
				"west": {"uv": [2.42857, 10.57143, 1.71429, 11.71429], "texture": "#particle"},
				"up": {"uv": [10.42857, 10.85714, 9.71429, 11.57143], "texture": "#particle"}
			}
		},
		{
			"from": [1, 5.5, 1],
			"to": [15, 6.5, 15],
			"rotation": {"angle": 0, "axis": "y", "origin": [0, -4, 0]},
			"faces": {
				"north": {"uv": [6.85714, 10.28571, 10.85714, 10.57143], "texture": "#particle"},
				"east": {"uv": [10.28571, 9.42857, 14.28571, 9.71429], "texture": "#particle"},
				"south": {"uv": [10.28571, 9.71429, 14.28571, 10], "texture": "#particle"},
				"west": {"uv": [10.28571, 10, 14.28571, 10.28571], "texture": "#particle"},
				"up": {"uv": [4, 4, 0, 0], "texture": "#particle"},
				"down": {"uv": [4, 4, 0, 8], "texture": "#particle"}
			}
		},
		{
			"from": [2, 6.5, 2],
			"to": [14, 9.5, 14],
			"rotation": {"angle": 0, "axis": "y", "origin": [0, -4, 0]},
			"faces": {
				"north": {"uv": [7.42857, 6.85714, 10.85714, 7.71429], "texture": "#particle"},
				"east": {"uv": [7.42857, 7.71429, 10.85714, 8.57143], "texture": "#particle"},
				"south": {"uv": [0, 8, 3.42857, 8.85714], "texture": "#particle"},
				"west": {"uv": [7.42857, 8.57143, 10.85714, 9.42857], "texture": "#particle"},
				"up": {"uv": [10.85714, 6.85714, 7.42857, 3.42857], "texture": "#particle"}
			}
		},
		{
			"from": [1, 9.5, 3],
			"to": [3, 10.5, 13],
			"rotation": {"angle": 0, "axis": "y", "origin": [16, -4, 0]},
			"faces": {
				"east": {"uv": [10.85714, 1.71429, 13.71429, 2], "texture": "#particle"},
				"west": {"uv": [10.85714, 2, 13.71429, 2.28571], "texture": "#particle"},
				"up": {"uv": [6.28571, 13.14286, 5.71429, 10.28571], "texture": "#particle"},
				"down": {"uv": [6.85714, 10.28571, 6.28571, 13.14286], "texture": "#particle"}
			}
		},
		{
			"from": [1, 6.5, 13],
			"to": [3, 10.5, 15],
			"rotation": {"angle": 0, "axis": "y", "origin": [16, -4, 0]},
			"faces": {
				"north": {"uv": [10.85714, 5.71429, 11.42857, 6.85714], "texture": "#particle"},
				"east": {"uv": [6.85714, 10.85714, 7.42857, 12], "texture": "#particle"},
				"south": {"uv": [10.85714, 6.85714, 11.42857, 8], "texture": "#particle"},
				"west": {"uv": [7.42857, 10.85714, 8, 12], "texture": "#particle"},
				"up": {"uv": [12, 7.42857, 11.42857, 6.85714], "texture": "#particle"}
			}
		},
		{
			"from": [1, 6.5, 1],
			"to": [3, 10.5, 3],
			"rotation": {"angle": 0, "axis": "y", "origin": [16, -4, 0]},
			"faces": {
				"north": {"uv": [8, 10.85714, 8.57143, 12], "texture": "#particle"},
				"east": {"uv": [10.85714, 8, 11.42857, 9.14286], "texture": "#particle"},
				"south": {"uv": [8.57143, 10.85714, 9.14286, 12], "texture": "#particle"},
				"west": {"uv": [9.14286, 10.85714, 9.71429, 12], "texture": "#particle"},
				"up": {"uv": [12, 8, 11.42857, 7.42857], "texture": "#particle"}
			}
		},
		{
			"from": [13, 6.5, 13],
			"to": [15, 10.5, 15],
			"rotation": {"angle": 0, "axis": "y", "origin": [0, -4, 0]},
			"faces": {
				"north": {"uv": [11.42857, 5.71429, 10.85714, 6.85714], "texture": "#particle"},
				"east": {"uv": [8, 10.85714, 7.42857, 12], "texture": "#particle"},
				"south": {"uv": [11.42857, 6.85714, 10.85714, 8], "texture": "#particle"},
				"west": {"uv": [7.42857, 10.85714, 6.85714, 12], "texture": "#particle"},
				"up": {"uv": [11.42857, 7.42857, 12, 6.85714], "texture": "#particle"}
			}
		},
		{
			"from": [13, 9.5, 3],
			"to": [15, 10.5, 13],
			"rotation": {"angle": 0, "axis": "y", "origin": [0, -4, 0]},
			"faces": {
				"east": {"uv": [13.71429, 2, 10.85714, 2.28571], "texture": "#particle"},
				"west": {"uv": [13.71429, 1.71429, 10.85714, 2], "texture": "#particle"},
				"up": {"uv": [5.71429, 13.14286, 6.28571, 10.28571], "texture": "#particle"},
				"down": {"uv": [6.28571, 10.28571, 6.85714, 13.14286], "texture": "#particle"}
			}
		},
		{
			"from": [13, 6.5, 1],
			"to": [15, 10.5, 3],
			"rotation": {"angle": 0, "axis": "y", "origin": [0, -4, 0]},
			"faces": {
				"north": {"uv": [8.57143, 10.85714, 8, 12], "texture": "#particle"},
				"east": {"uv": [9.71429, 10.85714, 9.14286, 12], "texture": "#particle"},
				"south": {"uv": [9.14286, 10.85714, 8.57143, 12], "texture": "#particle"},
				"west": {"uv": [11.42857, 8, 10.85714, 9.14286], "texture": "#particle"},
				"up": {"uv": [11.42857, 8, 12, 7.42857], "texture": "#particle"}
			}
		},
		{
			"from": [8.72, 11.975, 5.525],
			"to": [8.75, 12.475, 9.525],
			"rotation": {"angle": 0, "axis": "x", "origin": [8, 9.81628, 10.98146]},
			"faces": {
				"east": {"uv": [0, 10.66667, 2.66667, 11], "texture": "#0"},
				"west": {"uv": [10.66667, 6.66667, 13.33333, 7], "texture": "#0"}
			}
		},
		{
			"from": [8.72, 11.675, 9.525],
			"to": [8.75, 12.175, 12.525],
			"rotation": {"angle": 0, "axis": "y", "origin": [8, 10.51434, 13.14351]},
			"faces": {
				"east": {"uv": [0, 11.33333, 2, 11.66667], "texture": "#0"},
				"west": {"uv": [11.33333, 0, 13.33333, 0.33333], "texture": "#0"}
			}
		},
		{
			"from": [8.47, 11.425, 12.525],
			"to": [8.5, 11.925, 15.025],
			"rotation": {"angle": 0, "axis": "x", "origin": [8, 11.09243, 14.95487]},
			"faces": {
				"east": {"uv": [2.66667, 12, 3, 13.66667], "rotation": 90, "texture": "#0"},
				"west": {"uv": [3.33333, 12, 3.66667, 13.66667], "rotation": 270, "texture": "#0"}
			}
		},
		{
			"from": [8.22, 11.125, 15.025],
			"to": [8.25, 11.625, 17.525],
			"rotation": {"angle": 0, "axis": "y", "origin": [8, 11.00875, 15.00905]},
			"faces": {
				"east": {"uv": [4, 12, 4.33333, 13.66667], "rotation": 90, "texture": "#0"},
				"west": {"uv": [4.66667, 12, 5, 13.66667], "rotation": 270, "texture": "#0"}
			}
		},
		{
			"from": [9, 11.225, 3.275],
			"to": [10, 12.725, 4.775],
			"rotation": {"angle": 0, "axis": "y", "origin": [8.75, 10.6, 8.025]},
			"faces": {
				"north": {"uv": [2.66667, 10.66667, 3.33333, 11.66667], "texture": "#0"},
				"east": {"uv": [10, 2, 11, 3], "texture": "#0"},
				"south": {"uv": [11.33333, 0.66667, 12, 1.66667], "texture": "#0"},
				"west": {"uv": [8.66667, 10, 9.66667, 11], "texture": "#0"},
				"up": {"uv": [2.66667, 12.33333, 2, 11.33333], "texture": "#0"},
				"down": {"uv": [12, 2, 11.33333, 3], "texture": "#0"}
			}
		},
		{
			"from": [7.75, 11.125, 15.025],
			"to": [7.78, 11.625, 17.525],
			"rotation": {"angle": 0, "axis": "y", "origin": [8, 11.00875, 15.00905]},
			"faces": {
				"east": {"uv": [12, 4.66667, 12.33333, 6.33333], "rotation": 90, "texture": "#0"},
				"west": {"uv": [5.33333, 12, 5.66667, 13.66667], "rotation": 270, "texture": "#0"}
			}
		},
		{
			"from": [7.5, 11.425, 12.525],
			"to": [7.53, 11.925, 15.025],
			"rotation": {"angle": 0, "axis": "x", "origin": [8, 11.09243, 14.95487]},
			"faces": {
				"east": {"uv": [6, 12, 6.33333, 13.66667], "rotation": 90, "texture": "#0"},
				"west": {"uv": [6.66667, 12, 7, 13.66667], "rotation": 270, "texture": "#0"}
			}
		},
		{
			"from": [7.25, 11.675, 9.525],
			"to": [7.28, 12.175, 12.525],
			"rotation": {"angle": 0, "axis": "y", "origin": [8, 10.51434, 13.14351]},
			"faces": {
				"east": {"uv": [11.33333, 3.33333, 13.33333, 3.66667], "texture": "#0"},
				"west": {"uv": [11.33333, 4, 13.33333, 4.33333], "texture": "#0"}
			}
		},
		{
			"from": [7.25, 11.975, 5.525],
			"to": [7.28, 12.475, 9.525],
			"rotation": {"angle": 0, "axis": "x", "origin": [8, 9.81628, 10.98146]},
			"faces": {
				"east": {"uv": [10.66667, 7.33333, 13.33333, 7.66667], "texture": "#0"},
				"west": {"uv": [10.66667, 8, 13.33333, 8.33333], "texture": "#0"}
			}
		},
		{
			"from": [6.75, 10.175, 9.525],
			"to": [9.25, 11.675, 12.525],
			"rotation": {"angle": 0, "axis": "y", "origin": [8, 10.51434, 13.14351]},
			"faces": {
				"north": {"uv": [8, 8.66667, 9.66667, 9.66667], "texture": "#0"},
				"east": {"uv": [8, 2, 10, 3], "texture": "#0"},
				"south": {"uv": [1.33333, 9.33333, 3, 10.33333], "texture": "#0"},
				"west": {"uv": [4, 8.66667, 6, 9.66667], "texture": "#0"},
				"up": {"uv": [7, 5.33333, 5.33333, 3.33333], "texture": "#0"},
				"down": {"uv": [7, 5.33333, 5.33333, 7.33333], "texture": "#0"}
			}
		},
		{
			"from": [6, 11.225, 3.275],
			"to": [7, 12.725, 4.775],
			"rotation": {"angle": 0, "axis": "y", "origin": [7.25, 10.6, 8.025]},
			"faces": {
				"north": {"uv": [11.33333, 4.66667, 12, 5.66667], "texture": "#0"},
				"east": {"uv": [10, 8.66667, 11, 9.66667], "texture": "#0"},
				"south": {"uv": [8.66667, 11.33333, 9.33333, 12.33333], "texture": "#0"},
				"west": {"uv": [10, 10, 11, 11], "texture": "#0"},
				"up": {"uv": [12, 9.66667, 11.33333, 8.66667], "texture": "#0"},
				"down": {"uv": [10, 11.33333, 9.33333, 12.33333], "texture": "#0"}
			}
		},
		{
			"from": [6.75, 9.975, -0.725],
			"to": [9.25, 11.975, 0.275],
			"rotation": {"angle": 0, "axis": "y", "origin": [7.25, 10.85, 8.025]},
			"faces": {
				"north": {"uv": [6.66667, 7.33333, 8.33333, 8.66667], "texture": "#0"},
				"east": {"uv": [4.66667, 6, 5.33333, 7.33333], "texture": "#0"},
				"south": {"uv": [2, 8, 3.66667, 9.33333], "texture": "#0"},
				"west": {"uv": [2, 6.66667, 2.66667, 8], "texture": "#0"},
				"up": {"uv": [10.33333, 8.66667, 8.66667, 8], "texture": "#0"},
				"down": {"uv": [11, 6, 9.33333, 6.66667], "texture": "#0"}
			}
		},
		{
			"from": [6.75, 9.975, 0.275],
			"to": [9.25, 11.475, 3.025],
			"rotation": {"angle": 0, "axis": "y", "origin": [7.25, 10.85, 8.025]},
			"faces": {
				"north": {"uv": [9.33333, 3.33333, 11, 4.33333], "texture": "#0"},
				"east": {"uv": [6, 8.66667, 8, 9.66667], "texture": "#0"},
				"south": {"uv": [9.33333, 4.66667, 11, 5.66667], "texture": "#0"},
				"west": {"uv": [8.66667, 6.66667, 10.66667, 7.66667], "texture": "#0"},
				"up": {"uv": [4.33333, 8, 2.66667, 6], "texture": "#0"},
				"down": {"uv": [1.66667, 6.66667, 0, 8.66667], "texture": "#0"}
			}
		},
		{
			"from": [6.25, 9.975, 3.025],
			"to": [9.75, 12.475, 5.525],
			"rotation": {"angle": 0, "axis": "y", "origin": [7.25, 10.85, 8.025]},
			"faces": {
				"north": {"uv": [0, 2.66667, 2.33333, 4.33333], "texture": "#0"},
				"east": {"uv": [6.66667, 0, 8.33333, 1.66667], "texture": "#0"},
				"south": {"uv": [2.66667, 2.66667, 5, 4.33333], "texture": "#0"},
				"west": {"uv": [7.33333, 3.33333, 9, 5], "texture": "#0"},
				"up": {"uv": [6.33333, 1.66667, 4, 0], "texture": "#0"},
				"down": {"uv": [2.33333, 4.66667, 0, 6.33333], "texture": "#0"}
			}
		},
		{
			"from": [7.25, 10.625, 15.025],
			"to": [8.75, 11.125, 17.525],
			"rotation": {"angle": 0, "axis": "y", "origin": [8, 11.00875, 15.00905]},
			"faces": {
				"north": {"uv": [10.33333, 13, 9.33333, 12.66667], "rotation": 180, "texture": "#0"},
				"east": {"uv": [7.33333, 12, 7.66667, 13.66667], "rotation": 90, "texture": "#0"},
				"south": {"uv": [13.66667, 9.33333, 12.66667, 9.66667], "texture": "#0"},
				"west": {"uv": [8, 12, 8.33333, 13.66667], "rotation": 270, "texture": "#0"},
				"up": {"uv": [3.33333, 10, 4.33333, 11.66667], "texture": "#0"},
				"down": {"uv": [10, 0, 11, 1.66667], "rotation": 180, "texture": "#0"}
			}
		},
		{
			"from": [7, 10.425, 12.525],
			"to": [9, 11.425, 15.025],
			"rotation": {"angle": 0, "axis": "x", "origin": [8, 11.09243, 14.95487]},
			"faces": {
				"north": {"uv": [5.33333, 2.66667, 4, 2], "rotation": 180, "texture": "#0"},
				"east": {"uv": [7.33333, 10, 8, 11.66667], "rotation": 90, "texture": "#0"},
				"south": {"uv": [8.66667, 6.66667, 7.33333, 7.33333], "texture": "#0"},
				"west": {"uv": [8, 10, 8.66667, 11.66667], "rotation": 270, "texture": "#0"},
				"up": {"uv": [8.66667, 0, 10, 1.66667], "texture": "#0"},
				"down": {"uv": [0, 8.66667, 1.33333, 10.33333], "rotation": 180, "texture": "#0"}
			}
		},
		{
			"from": [6.5, 9.975, 5.525],
			"to": [9.5, 11.975, 9.525],
			"rotation": {"angle": 0, "axis": "x", "origin": [8, 9.81628, 10.98146]},
			"faces": {
				"north": {"uv": [4.66667, 7.33333, 6.66667, 8.66667], "texture": "#0"},
				"east": {"uv": [2.66667, 4.66667, 5.33333, 6], "texture": "#0"},
				"south": {"uv": [7.33333, 5.33333, 9.33333, 6.66667], "texture": "#0"},
				"west": {"uv": [5.33333, 2, 8, 3.33333], "texture": "#0"},
				"up": {"uv": [2, 2.66667, 0, 0], "texture": "#0"},
				"down": {"uv": [4, 0, 2, 2.66667], "texture": "#0"}
			}
		},
		{
			"from": [5.85, 9.875, 8.775],
			"to": [6.85, 10.875, 9.775],
			"rotation": {"angle": -22.5, "axis": "z", "origin": [6.35, 10, 9.15]},
			"faces": {
				"north": {"uv": [3.33333, 9.33333, 4, 10], "texture": "#0"},
				"east": {"uv": [11.33333, 6, 12, 6.66667], "texture": "#0"},
				"south": {"uv": [12, 2, 12.66667, 2.66667], "texture": "#0"},
				"west": {"uv": [12, 2.66667, 12.66667, 3.33333], "texture": "#0"},
				"up": {"uv": [12.66667, 9.33333, 12, 8.66667], "texture": "#0"}
			}
		},
		{
			"from": [5.85, 9.375, 8.275],
			"to": [6.85, 9.875, 9.775],
			"rotation": {"angle": -22.5, "axis": "z", "origin": [6.35, 10, 9.15]},
			"faces": {
				"north": {"uv": [13.33333, 0.66667, 14, 1], "texture": "#0"},
				"east": {"uv": [12.66667, 10, 13.66667, 10.33333], "texture": "#0"},
				"south": {"uv": [1.33333, 13.33333, 2, 13.66667], "texture": "#0"},
				"west": {"uv": [10.66667, 12.66667, 11.66667, 13], "texture": "#0"},
				"up": {"uv": [10.66667, 12.33333, 10, 11.33333], "texture": "#0"},
				"down": {"uv": [12, 10, 11.33333, 11], "texture": "#0"}
			}
		},
		{
			"from": [9.15, 9.875, 8.775],
			"to": [10.15, 10.875, 9.775],
			"rotation": {"angle": 22.5, "axis": "z", "origin": [9.65, 10, 9.15]},
			"faces": {
				"north": {"uv": [4, 9.33333, 3.33333, 10], "texture": "#0"},
				"east": {"uv": [12.66667, 2.66667, 12, 3.33333], "texture": "#0"},
				"south": {"uv": [12.66667, 2, 12, 2.66667], "texture": "#0"},
				"west": {"uv": [12, 6, 11.33333, 6.66667], "texture": "#0"},
				"up": {"uv": [12, 9.33333, 12.66667, 8.66667], "texture": "#0"}
			}
		},
		{
			"from": [9.15, 9.375, 8.275],
			"to": [10.15, 9.875, 9.775],
			"rotation": {"angle": 22.5, "axis": "z", "origin": [9.65, 10, 9.15]},
			"faces": {
				"north": {"uv": [14, 0.66667, 13.33333, 1], "texture": "#0"},
				"east": {"uv": [11.66667, 12.66667, 10.66667, 13], "texture": "#0"},
				"south": {"uv": [2, 13.33333, 1.33333, 13.66667], "texture": "#0"},
				"west": {"uv": [13.66667, 10, 12.66667, 10.33333], "texture": "#0"},
				"up": {"uv": [10, 12.33333, 10.66667, 11.33333], "texture": "#0"},
				"down": {"uv": [11.33333, 10, 12, 11], "texture": "#0"}
			}
		},
		{
			"from": [9.15, 9.875, 5.775],
			"to": [10.15, 10.875, 6.775],
			"rotation": {"angle": 22.5, "axis": "z", "origin": [9.65, 10, 6.15]},
			"faces": {
				"north": {"uv": [4, 9.33333, 3.33333, 10], "texture": "#0"},
				"east": {"uv": [12.66667, 2.66667, 12, 3.33333], "texture": "#0"},
				"south": {"uv": [12.66667, 2, 12, 2.66667], "texture": "#0"},
				"west": {"uv": [12, 6, 11.33333, 6.66667], "texture": "#0"},
				"up": {"uv": [12, 9.33333, 12.66667, 8.66667], "texture": "#0"}
			}
		},
		{
			"from": [9.15, 9.375, 5.275],
			"to": [10.15, 9.875, 6.775],
			"rotation": {"angle": 22.5, "axis": "z", "origin": [9.65, 10, 6.15]},
			"faces": {
				"north": {"uv": [14, 0.66667, 13.33333, 1], "texture": "#0"},
				"east": {"uv": [11.66667, 12.66667, 10.66667, 13], "texture": "#0"},
				"south": {"uv": [2, 13.33333, 1.33333, 13.66667], "texture": "#0"},
				"west": {"uv": [13.66667, 10, 12.66667, 10.33333], "texture": "#0"},
				"up": {"uv": [10, 12.33333, 10.66667, 11.33333], "texture": "#0"},
				"down": {"uv": [11.33333, 10, 12, 11], "texture": "#0"}
			}
		},
		{
			"from": [5.85, 9.375, 5.275],
			"to": [6.85, 9.875, 6.775],
			"rotation": {"angle": -22.5, "axis": "z", "origin": [6.35, 10, 6.15]},
			"faces": {
				"north": {"uv": [13.33333, 0.66667, 14, 1], "texture": "#0"},
				"east": {"uv": [12.66667, 10, 13.66667, 10.33333], "texture": "#0"},
				"south": {"uv": [1.33333, 13.33333, 2, 13.66667], "texture": "#0"},
				"west": {"uv": [10.66667, 12.66667, 11.66667, 13], "texture": "#0"},
				"up": {"uv": [10.66667, 12.33333, 10, 11.33333], "texture": "#0"},
				"down": {"uv": [12, 10, 11.33333, 11], "texture": "#0"}
			}
		},
		{
			"from": [5.85, 9.875, 5.775],
			"to": [6.85, 10.875, 6.775],
			"rotation": {"angle": -22.5, "axis": "z", "origin": [6.35, 10, 6.15]},
			"faces": {
				"north": {"uv": [3.33333, 9.33333, 4, 10], "texture": "#0"},
				"east": {"uv": [11.33333, 6, 12, 6.66667], "texture": "#0"},
				"south": {"uv": [12, 2, 12.66667, 2.66667], "texture": "#0"},
				"west": {"uv": [12, 2.66667, 12.66667, 3.33333], "texture": "#0"},
				"up": {"uv": [12.66667, 9.33333, 12, 8.66667], "texture": "#0"}
			}
		}
	],
	"gui_light": "front",
	"display": {
		"thirdperson_righthand": {
			"rotation": [-125.25, 0, -180],
			"translation": [0, 5, 2.25],
			"scale": [0.6, 0.6, 0.6]
		},
		"thirdperson_lefthand": {
			"rotation": [-125.25, 0, -180],
			"translation": [0, 5, 2.25],
			"scale": [0.6, 0.6, 0.6]
		},
		"firstperson_righthand": {
			"rotation": [158.25, 0, 180],
			"translation": [-1.25, 4.5, 0.25],
			"scale": [0.4, 0.4, 0.4]
		},
		"firstperson_lefthand": {
			"rotation": [158.25, 0, 180],
			"translation": [-1.25, 4.5, 0.25],
			"scale": [0.4, 0.4, 0.4]
		},
		"ground": {
			"translation": [0, 5, 0],
			"scale": [0.7, 0.7, 0.7]
		},
		"gui": {
			"rotation": [35, 135, 0],
			"translation": [0, 1.5, 0],
			"scale": [0.75, 0.75, 0.75]
		},
		"head": {
			"rotation": [0, 180, 0],
			"translation": [0, -30, 0],
			"scale": [1.6, 1.6, 1.6]
		},
		"fixed": {
			"rotation": [-90, 0, 0],
			"translation": [0, 0, -16.25],
			"scale": [2, 2, 2]
		}
	},
	"groups": [
		{
			"name": "group",
			"origin": [16, 0, 16],
			"color": 0,
			"boneType": "",
			"children": [0, 1, 2, 3, 4, 5, 6, 7, 8, 9, 10, 11]
		},
		{
			"name": "group",
			"origin": [0, 0, 0],
			"color": 0,
			"boneType": "",
			"children": [12, 13, 14, 15, 16, 17, 18, 19]
		},
		{
			"name": "crocodile",
			"origin": [6.85, 9.5, 7.65],
			"color": 0,
			"boneType": "",
			"children": [20, 21, 22, 23, 24, 25, 26, 27, 28, 29, 30, 31, 32, 33, 34, 35, 36, 37, 38, 39, 40, 41, 42, 43, 44]
		}
	]
}