{
    "credit": "Pologony Creation Co.,Ltd.",
    "textures": {
        "0": "item/crossbows/heaven_crossbow",
        "1": "item/multiple/heaven/animation_1",
        "2": "item/multiple/heaven/animation_bolt",
        "particle": "item/crossbows/heaven_crossbow"
    },
    "elements": [
        {
            "from": [
                7.25,
                7.5,
                -1
            ],
            "to": [
                8.75,
                8.5,
                7
            ],
            "rotation": {
                "angle": 0,
                "axis": "y",
                "origin": [
                    7.25,
                    7.5,
                    0
                ]
            },
            "faces": {
                "north": {
                    "uv": [
                        10.57143,
                        6.14286,
                        11.42857,
                        6.71429
                    ],
                    "texture": "#0"
                },
                "east": {
                    "uv": [
                        3.71429,
                        9.57143,
                        8.28571,
                        10.14286
                    ],
                    "texture": "#0"
                },
                "west": {
                    "uv": [
                        3.71429,
                        10.14286,
                        8.28571,
                        10.71429
                    ],
                    "texture": "#0"
                },
                "up": {
                    "uv": [
                        9.71429,
                        11.28571,
                        8.85714,
                        6.71429
                    ],
                    "texture": "#0"
                },
                "down": {
                    "uv": [
                        1.71429,
                        9.57143,
                        0.85714,
                        14.14286
                    ],
                    "texture": "#0"
                }
            }
        },
        {
            "from": [
                7.5,
                6.5,
                -1
            ],
            "to": [
                8.5,
                7.5,
                5
            ],
            "rotation": {
                "angle": 0,
                "axis": "y",
                "origin": [
                    7.25,
                    7.5,
                    0
                ]
            },
            "faces": {
                "north": {
                    "uv": [
                        11.71429,
                        3.28571,
                        12.28571,
                        3.85714
                    ],
                    "texture": "#0"
                },
                "east": {
                    "uv": [
                        10,
                        10.14286,
                        13.42857,
                        10.71429
                    ],
                    "texture": "#0"
                },
                "south": {
                    "uv": [
                        12.85714,
                        2.71429,
                        13.42857,
                        3.28571
                    ],
                    "texture": "#0"
                },
                "west": {
                    "uv": [
                        10.57143,
                        1,
                        14,
                        1.57143
                    ],
                    "texture": "#0"
                },
                "down": {
                    "uv": [
                        8.85714,
                        9.57143,
                        8.28571,
                        13
                    ],
                    "texture": "#0"
                }
            }
        },
        {
            "from": [
                7.5035,
                6.70711,
                4.5
            ],
            "to": [
                8.4965,
                7.75711,
                6
            ],
            "rotation": {
                "angle": -45,
                "axis": "x",
                "origin": [
                    8.0035,
                    7.20711,
                    5
                ]
            },
            "faces": {
                "east": {
                    "uv": [
                        13.42857,
                        11.85714,
                        14.28571,
                        12.42857
                    ],
                    "texture": "#0"
                },
                "west": {
                    "uv": [
                        13.42857,
                        12.42857,
                        14.28571,
                        13
                    ],
                    "texture": "#0"
                },
                "down": {
                    "uv": [
                        12.28571,
                        13.57143,
                        11.71429,
                        14.42857
                    ],
                    "texture": "#0"
                }
            }
        },
        {
            "from": [
                7,
                6.75,
                6.75
            ],
            "to": [
                9,
                9.25,
                9.25
            ],
            "rotation": {
                "angle": -45,
                "axis": "x",
                "origin": [
                    8,
                    8,
                    8
                ]
            },
            "faces": {
                "north": {
                    "uv": [
                        10,
                        10.71429,
                        11.14286,
                        12.14286
                    ],
                    "texture": "#0"
                },
                "east": {
                    "uv": [
                        10,
                        6.71429,
                        11.42857,
                        8.14286
                    ],
                    "texture": "#0"
                },
                "south": {
                    "uv": [
                        8.85714,
                        11.28571,
                        10,
                        12.71429
                    ],
                    "texture": "#0"
                },
                "west": {
                    "uv": [
                        10,
                        8.42857,
                        11.42857,
                        9.85714
                    ],
                    "texture": "#0"
                },
                "up": {
                    "uv": [
                        12.28571,
                        12.14286,
                        11.14286,
                        10.71429
                    ],
                    "texture": "#0"
                },
                "down": {
                    "uv": [
                        12.85714,
                        1.57143,
                        11.71429,
                        3
                    ],
                    "texture": "#0"
                }
            }
        },
        {
            "from": [
                6.75,
                7,
                7
            ],
            "to": [
                9.25,
                9,
                9
            ],
            "rotation": {
                "angle": -45,
                "axis": "x",
                "origin": [
                    8,
                    8,
                    8
                ]
            },
            "faces": {
                "north": {
                    "uv": [
                        2,
                        11.85714,
                        3.42857,
                        13
                    ],
                    "texture": "#0"
                },
                "east": {
                    "uv": [
                        11.71429,
                        9,
                        12.85714,
                        10.14286
                    ],
                    "texture": "#0"
                },
                "south": {
                    "uv": [
                        4.85714,
                        11.85714,
                        6.28571,
                        13
                    ],
                    "texture": "#0"
                },
                "west": {
                    "uv": [
                        12.28571,
                        5,
                        13.42857,
                        6.14286
                    ],
                    "texture": "#0"
                },
                "up": {
                    "uv": [
                        13.14286,
                        7.28571,
                        11.71429,
                        6.14286
                    ],
                    "texture": "#0"
                },
                "down": {
                    "uv": [
                        8,
                        11.85714,
                        6.57143,
                        13
                    ],
                    "texture": "#0"
                }
            }
        },
        {
            "from": [
                7.5,
                7.07612,
                8.36732
            ],
            "to": [
                8.5,
                8.82612,
                11.36732
            ],
            "rotation": {
                "angle": 22.5,
                "axis": "x",
                "origin": [
                    7,
                    7.82612,
                    8.36732
                ]
            },
            "faces": {
                "east": {
                    "uv": [
                        10.57143,
                        3.85714,
                        12.28571,
                        4.85714
                    ],
                    "texture": "#0"
                },
                "south": {
                    "uv": [
                        13.42857,
                        9.57143,
                        14,
                        10.57143
                    ],
                    "texture": "#0"
                },
                "west": {
                    "uv": [
                        4.85714,
                        10.71429,
                        6.57143,
                        11.71429
                    ],
                    "texture": "#0"
                },
                "up": {
                    "uv": [
                        3.71429,
                        14.71429,
                        3.14286,
                        13
                    ],
                    "texture": "#0"
                },
                "down": {
                    "uv": [
                        4.28571,
                        13,
                        3.71429,
                        14.71429
                    ],
                    "texture": "#0"
                }
            }
        },
        {
            "from": [
                7.5035,
                5.98516,
                10.85194
            ],
            "to": [
                8.4965,
                7.60516,
                13.85194
            ],
            "rotation": {
                "angle": 0,
                "axis": "y",
                "origin": [
                    7.0035,
                    6.73516,
                    10.85194
                ]
            },
            "faces": {
                "east": {
                    "uv": [
                        10.57143,
                        5,
                        12.28571,
                        6
                    ],
                    "texture": "#0"
                },
                "west": {
                    "uv": [
                        6.57143,
                        10.71429,
                        8.28571,
                        11.71429
                    ],
                    "texture": "#0"
                },
                "up": {
                    "uv": [
                        4.85714,
                        14.71429,
                        4.28571,
                        13
                    ],
                    "texture": "#0"
                },
                "down": {
                    "uv": [
                        5.42857,
                        13,
                        4.85714,
                        14.71429
                    ],
                    "texture": "#0"
                }
            }
        },
        {
            "from": [
                7.25,
                5.23516,
                13.65194
            ],
            "to": [
                8.75,
                8.23516,
                14.65194
            ],
            "rotation": {
                "angle": -22.5,
                "axis": "x",
                "origin": [
                    8,
                    6.48516,
                    14.35194
                ]
            },
            "faces": {
                "north": {
                    "uv": [
                        11.71429,
                        7.28571,
                        12.57143,
                        9
                    ],
                    "texture": "#0"
                },
                "east": {
                    "uv": [
                        5.42857,
                        13,
                        6,
                        14.71429
                    ],
                    "texture": "#0"
                },
                "south": {
                    "uv": [
                        12.28571,
                        3.28571,
                        13.14286,
                        5
                    ],
                    "texture": "#0"
                },
                "west": {
                    "uv": [
                        6,
                        13,
                        6.57143,
                        14.71429
                    ],
                    "texture": "#0"
                },
                "up": {
                    "uv": [
                        14.28571,
                        13.57143,
                        13.42857,
                        13
                    ],
                    "texture": "#0"
                },
                "down": {
                    "uv": [
                        14.28571,
                        13.57143,
                        13.42857,
                        14.14286
                    ],
                    "texture": "#0"
                }
            }
        },
        {
            "from": [
                7.6285,
                5.75,
                7.875
            ],
            "to": [
                8.3715,
                7.25,
                8.875
            ],
            "rotation": {
                "angle": -22.5,
                "axis": "x",
                "origin": [
                    8,
                    5.64327,
                    8.16722
                ]
            },
            "faces": {
                "north": {
                    "uv": [
                        14,
                        3.28571,
                        14.42857,
                        4.14286
                    ],
                    "texture": "#0"
                },
                "east": {
                    "uv": [
                        0.85714,
                        14.14286,
                        1.42857,
                        15
                    ],
                    "texture": "#0"
                },
                "south": {
                    "uv": [
                        14,
                        4.42857,
                        14.42857,
                        5.28571
                    ],
                    "texture": "#0"
                },
                "west": {
                    "uv": [
                        14,
                        1,
                        14.57143,
                        1.85714
                    ],
                    "texture": "#0"
                }
            }
        },
        {
            "from": [
                7.625,
                4.76273,
                7.70528
            ],
            "to": [
                8.375,
                6.01273,
                8.78028
            ],
            "rotation": {
                "angle": 0,
                "axis": "y",
                "origin": [
                    8,
                    5.64327,
                    8.16722
                ]
            },
            "faces": {
                "north": {
                    "uv": [
                        4.85714,
                        14.71429,
                        5.28571,
                        15.42857
                    ],
                    "texture": "#0"
                },
                "east": {
                    "uv": [
                        1.42857,
                        14.14286,
                        2,
                        14.85714
                    ],
                    "texture": "#0"
                },
                "south": {
                    "uv": [
                        5.42857,
                        14.71429,
                        5.85714,
                        15.42857
                    ],
                    "texture": "#0"
                },
                "west": {
                    "uv": [
                        2,
                        14.14286,
                        2.57143,
                        14.85714
                    ],
                    "texture": "#0"
                },
                "up": {
                    "uv": [
                        15,
                        5.57143,
                        14.57143,
                        5
                    ],
                    "texture": "#0"
                }
            }
        },
        {
            "from": [
                7.5,
                4.51273,
                7.55528
            ],
            "to": [
                8.5,
                4.76273,
                8.88028
            ],
            "rotation": {
                "angle": 0,
                "axis": "y",
                "origin": [
                    8,
                    5.64327,
                    8.16722
                ]
            },
            "faces": {
                "north": {
                    "uv": [
                        3.14286,
                        15.28571,
                        3.71429,
                        15.42857
                    ],
                    "texture": "#0"
                },
                "east": {
                    "uv": [
                        0.85714,
                        15.28571,
                        1.57143,
                        15.42857
                    ],
                    "texture": "#0"
                },
                "south": {
                    "uv": [
                        15.14286,
                        3.28571,
                        15.71429,
                        3.42857
                    ],
                    "texture": "#0"
                },
                "west": {
                    "uv": [
                        2,
                        15.28571,
                        2.71429,
                        15.42857
                    ],
                    "texture": "#0"
                },
                "up": {
                    "uv": [
                        14.57143,
                        2.85714,
                        14,
                        2.14286
                    ],
                    "texture": "#0"
                },
                "down": {
                    "uv": [
                        3.14286,
                        14.14286,
                        2.57143,
                        14.85714
                    ],
                    "texture": "#0"
                }
            }
        },
        {
            "from": [
                3.40564,
                8.87948,
                -1.45129
            ],
            "to": [
                4.50564,
                9.36248,
                -0.50129
            ],
            "rotation": {
                "angle": -22.5,
                "axis": "y",
                "origin": [
                    2.6,
                    9.12098,
                    -0.04189
                ]
            },
            "faces": {
                "north": {
                    "uv": [
                        14.85714,
                        8.42857,
                        14.57143,
                        9
                    ],
                    "rotation": 270,
                    "texture": "#0"
                },
                "east": {
                    "uv": [
                        7.71429,
                        14.71429,
                        8,
                        15.28571
                    ],
                    "rotation": 270,
                    "texture": "#0"
                },
                "south": {
                    "uv": [
                        8.57143,
                        15.28571,
                        8.28571,
                        14.71429
                    ],
                    "rotation": 270,
                    "texture": "#0"
                },
                "up": {
                    "uv": [
                        12.85714,
                        9.57143,
                        13.42857,
                        10.14286
                    ],
                    "rotation": 180,
                    "texture": "#0"
                },
                "down": {
                    "uv": [
                        14,
                        7.28571,
                        14.57143,
                        7.85714
                    ],
                    "texture": "#0"
                }
            }
        },
        {
            "from": [
                2.78366,
                8.87448,
                -1.03569
            ],
            "to": [
                3.88366,
                9.36748,
                -0.01069
            ],
            "rotation": {
                "angle": 0,
                "axis": "y",
                "origin": [
                    2.6,
                    9.12098,
                    -0.04189
                ]
            },
            "faces": {
                "north": {
                    "uv": [
                        8.85714,
                        14.71429,
                        9.14286,
                        15.28571
                    ],
                    "rotation": 90,
                    "texture": "#0"
                },
                "east": {
                    "uv": [
                        9.71429,
                        14.71429,
                        9.42857,
                        15.28571
                    ],
                    "rotation": 270,
                    "texture": "#0"
                },
                "south": {
                    "uv": [
                        14.57143,
                        9,
                        14.85714,
                        9.57143
                    ],
                    "rotation": 270,
                    "texture": "#0"
                },
                "up": {
                    "uv": [
                        7.71429,
                        14.14286,
                        8.28571,
                        14.71429
                    ],
                    "rotation": 270,
                    "texture": "#0"
                },
                "down": {
                    "uv": [
                        14,
                        7.85714,
                        14.57143,
                        8.42857
                    ],
                    "rotation": 270,
                    "texture": "#0"
                }
            }
        },
        {
            "from": [
                2.04999,
                8.87098,
                -0.88976
            ],
            "to": [
                3.14999,
                9.37098,
                0.21024
            ],
            "rotation": {
                "angle": 22.5,
                "axis": "y",
                "origin": [
                    2.6,
                    9.12098,
                    -0.04189
                ]
            },
            "faces": {
                "north": {
                    "uv": [
                        14.57143,
                        9.57143,
                        14.85714,
                        10.14286
                    ],
                    "rotation": 90,
                    "texture": "#0"
                },
                "east": {
                    "uv": [
                        10.85714,
                        14.71429,
                        10.57143,
                        15.28571
                    ],
                    "rotation": 270,
                    "texture": "#0"
                },
                "south": {
                    "uv": [
                        10,
                        14.71429,
                        10.28571,
                        15.28571
                    ],
                    "rotation": 270,
                    "texture": "#0"
                },
                "west": {
                    "uv": [
                        14.85714,
                        10.71429,
                        14.57143,
                        10.14286
                    ],
                    "rotation": 270,
                    "texture": "#0"
                },
                "up": {
                    "uv": [
                        8.28571,
                        14.14286,
                        8.85714,
                        14.71429
                    ],
                    "rotation": 270,
                    "texture": "#0"
                },
                "down": {
                    "uv": [
                        14,
                        8.42857,
                        14.57143,
                        9
                    ],
                    "rotation": 270,
                    "texture": "#0"
                }
            }
        },
        {
            "from": [
                1.19061,
                8.87948,
                0.76375
            ],
            "to": [
                2.14061,
                9.36248,
                1.86375
            ],
            "rotation": {
                "angle": -22.5,
                "axis": "y",
                "origin": [
                    2.6,
                    9.12098,
                    -0.04189
                ]
            },
            "faces": {
                "east": {
                    "uv": [
                        12,
                        14.71429,
                        11.71429,
                        15.28571
                    ],
                    "rotation": 270,
                    "texture": "#0"
                },
                "south": {
                    "uv": [
                        14.57143,
                        10.71429,
                        14.85714,
                        11.28571
                    ],
                    "rotation": 270,
                    "texture": "#0"
                },
                "west": {
                    "uv": [
                        11.42857,
                        15.28571,
                        11.14286,
                        14.71429
                    ],
                    "rotation": 270,
                    "texture": "#0"
                },
                "up": {
                    "uv": [
                        8.85714,
                        14.14286,
                        9.42857,
                        14.71429
                    ],
                    "rotation": 270,
                    "texture": "#0"
                },
                "down": {
                    "uv": [
                        14,
                        9,
                        14.57143,
                        9.57143
                    ],
                    "rotation": 270,
                    "texture": "#0"
                }
            }
        },
        {
            "from": [
                1.31632,
                8.87448,
                -1.0357
            ],
            "to": [
                2.41632,
                9.36748,
                -0.0107
            ],
            "rotation": {
                "angle": 45,
                "axis": "y",
                "origin": [
                    2.6,
                    9.12098,
                    -0.04189
                ]
            },
            "faces": {
                "north": {
                    "uv": [
                        14.57143,
                        11.85714,
                        14.85714,
                        12.42857
                    ],
                    "rotation": 90,
                    "texture": "#0"
                },
                "south": {
                    "uv": [
                        12.28571,
                        14.71429,
                        12.57143,
                        15.28571
                    ],
                    "rotation": 270,
                    "texture": "#0"
                },
                "west": {
                    "uv": [
                        14.85714,
                        13,
                        14.57143,
                        12.42857
                    ],
                    "rotation": 270,
                    "texture": "#0"
                },
                "up": {
                    "uv": [
                        9.42857,
                        14.14286,
                        10,
                        14.71429
                    ],
                    "rotation": 270,
                    "texture": "#0"
                },
                "down": {
                    "uv": [
                        14,
                        9.57143,
                        14.57143,
                        10.14286
                    ],
                    "rotation": 270,
                    "texture": "#0"
                }
            }
        },
        {
            "from": [
                3.40564,
                8.12948,
                -1.45129
            ],
            "to": [
                4.50564,
                8.61248,
                -0.50129
            ],
            "rotation": {
                "angle": -22.5,
                "axis": "y",
                "origin": [
                    2.6,
                    8.37098,
                    -0.04189
                ]
            },
            "faces": {
                "north": {
                    "uv": [
                        14.85714,
                        8.42857,
                        14.57143,
                        9
                    ],
                    "rotation": 270,
                    "texture": "#0"
                },
                "east": {
                    "uv": [
                        7.71429,
                        14.71429,
                        8,
                        15.28571
                    ],
                    "rotation": 270,
                    "texture": "#0"
                },
                "south": {
                    "uv": [
                        8.57143,
                        15.28571,
                        8.28571,
                        14.71429
                    ],
                    "rotation": 270,
                    "texture": "#0"
                },
                "up": {
                    "uv": [
                        12.85714,
                        9.57143,
                        13.42857,
                        10.14286
                    ],
                    "rotation": 180,
                    "texture": "#0"
                },
                "down": {
                    "uv": [
                        14,
                        7.28571,
                        14.57143,
                        7.85714
                    ],
                    "texture": "#0"
                }
            }
        },
        {
            "from": [
                2.78366,
                8.12448,
                -1.03569
            ],
            "to": [
                3.88366,
                8.61748,
                -0.01069
            ],
            "rotation": {
                "angle": 0,
                "axis": "y",
                "origin": [
                    2.6,
                    8.37098,
                    -0.04189
                ]
            },
            "faces": {
                "north": {
                    "uv": [
                        8.85714,
                        14.71429,
                        9.14286,
                        15.28571
                    ],
                    "rotation": 90,
                    "texture": "#0"
                },
                "east": {
                    "uv": [
                        9.71429,
                        14.71429,
                        9.42857,
                        15.28571
                    ],
                    "rotation": 270,
                    "texture": "#0"
                },
                "south": {
                    "uv": [
                        14.57143,
                        9,
                        14.85714,
                        9.57143
                    ],
                    "rotation": 270,
                    "texture": "#0"
                },
                "up": {
                    "uv": [
                        7.71429,
                        14.14286,
                        8.28571,
                        14.71429
                    ],
                    "rotation": 270,
                    "texture": "#0"
                },
                "down": {
                    "uv": [
                        14,
                        7.85714,
                        14.57143,
                        8.42857
                    ],
                    "rotation": 270,
                    "texture": "#0"
                }
            }
        },
        {
            "from": [
                2.04999,
                8.12098,
                -0.88976
            ],
            "to": [
                3.14999,
                8.62098,
                0.21024
            ],
            "rotation": {
                "angle": 22.5,
                "axis": "y",
                "origin": [
                    2.6,
                    8.37098,
                    -0.04189
                ]
            },
            "faces": {
                "north": {
                    "uv": [
                        14.57143,
                        9.57143,
                        14.85714,
                        10.14286
                    ],
                    "rotation": 90,
                    "texture": "#0"
                },
                "east": {
                    "uv": [
                        10.85714,
                        14.71429,
                        10.57143,
                        15.28571
                    ],
                    "rotation": 270,
                    "texture": "#0"
                },
                "south": {
                    "uv": [
                        10,
                        14.71429,
                        10.28571,
                        15.28571
                    ],
                    "rotation": 270,
                    "texture": "#0"
                },
                "west": {
                    "uv": [
                        14.85714,
                        10.71429,
                        14.57143,
                        10.14286
                    ],
                    "rotation": 270,
                    "texture": "#0"
                },
                "up": {
                    "uv": [
                        8.28571,
                        14.14286,
                        8.85714,
                        14.71429
                    ],
                    "rotation": 270,
                    "texture": "#0"
                },
                "down": {
                    "uv": [
                        14,
                        8.42857,
                        14.57143,
                        9
                    ],
                    "rotation": 270,
                    "texture": "#0"
                }
            }
        },
        {
            "from": [
                1.19061,
                8.12948,
                0.76375
            ],
            "to": [
                2.14061,
                8.61248,
                1.86375
            ],
            "rotation": {
                "angle": -22.5,
                "axis": "y",
                "origin": [
                    2.6,
                    8.37098,
                    -0.04189
                ]
            },
            "faces": {
                "east": {
                    "uv": [
                        12,
                        14.71429,
                        11.71429,
                        15.28571
                    ],
                    "rotation": 270,
                    "texture": "#0"
                },
                "south": {
                    "uv": [
                        14.57143,
                        10.71429,
                        14.85714,
                        11.28571
                    ],
                    "rotation": 270,
                    "texture": "#0"
                },
                "west": {
                    "uv": [
                        11.42857,
                        15.28571,
                        11.14286,
                        14.71429
                    ],
                    "rotation": 270,
                    "texture": "#0"
                },
                "up": {
                    "uv": [
                        8.85714,
                        14.14286,
                        9.42857,
                        14.71429
                    ],
                    "rotation": 270,
                    "texture": "#0"
                },
                "down": {
                    "uv": [
                        14,
                        9,
                        14.57143,
                        9.57143
                    ],
                    "rotation": 270,
                    "texture": "#0"
                }
            }
        },
        {
            "from": [
                1.31632,
                8.12448,
                -1.0357
            ],
            "to": [
                2.41632,
                8.61748,
                -0.0107
            ],
            "rotation": {
                "angle": 45,
                "axis": "y",
                "origin": [
                    2.6,
                    8.37098,
                    -0.04189
                ]
            },
            "faces": {
                "north": {
                    "uv": [
                        14.57143,
                        11.85714,
                        14.85714,
                        12.42857
                    ],
                    "rotation": 90,
                    "texture": "#0"
                },
                "south": {
                    "uv": [
                        12.28571,
                        14.71429,
                        12.57143,
                        15.28571
                    ],
                    "rotation": 270,
                    "texture": "#0"
                },
                "west": {
                    "uv": [
                        14.85714,
                        13,
                        14.57143,
                        12.42857
                    ],
                    "rotation": 270,
                    "texture": "#0"
                },
                "up": {
                    "uv": [
                        9.42857,
                        14.14286,
                        10,
                        14.71429
                    ],
                    "rotation": 270,
                    "texture": "#0"
                },
                "down": {
                    "uv": [
                        14,
                        9.57143,
                        14.57143,
                        10.14286
                    ],
                    "rotation": 270,
                    "texture": "#0"
                }
            }
        },
        {
            "from": [
                7.75,
                5.51421,
                -2.5
            ],
            "to": [
                8.25,
                7.01421,
                1.5
            ],
            "rotation": {
                "angle": 0,
                "axis": "y",
                "origin": [
                    8,
                    6.26421,
                    -0.25
                ]
            },
            "faces": {
                "east": {
                    "uv": [
                        10.57143,
                        1.57143,
                        11.42857,
                        3.85714
                    ],
                    "rotation": 90,
                    "texture": "#0"
                },
                "west": {
                    "uv": [
                        3.71429,
                        10.71429,
                        4.57143,
                        13
                    ],
                    "rotation": 270,
                    "texture": "#0"
                },
                "up": {
                    "uv": [
                        13.42857,
                        5,
                        13.71429,
                        7.28571
                    ],
                    "texture": "#0"
                },
                "down": {
                    "uv": [
                        13.42857,
                        2.71429,
                        13.71429,
                        5
                    ],
                    "rotation": 180,
                    "texture": "#0"
                }
            }
        },
        {
            "from": [
                7.745,
                6.97165,
                -2.01744
            ],
            "to": [
                8.255,
                8.03165,
                -0.95744
            ],
            "rotation": {
                "angle": -45,
                "axis": "x",
                "origin": [
                    8,
                    6.26421,
                    -0.25
                ]
            },
            "faces": {
                "north": {
                    "uv": [
                        13.71429,
                        15.28571,
                        13.42857,
                        14.71429
                    ],
                    "rotation": 180,
                    "texture": "#0"
                },
                "east": {
                    "uv": [
                        14,
                        10.14286,
                        14.57143,
                        10.71429
                    ],
                    "rotation": 90,
                    "texture": "#0"
                },
                "south": {
                    "uv": [
                        14.85714,
                        13.57143,
                        14.57143,
                        14.14286
                    ],
                    "texture": "#0"
                },
                "west": {
                    "uv": [
                        14,
                        10.71429,
                        14.57143,
                        11.28571
                    ],
                    "rotation": 270,
                    "texture": "#0"
                },
                "up": {
                    "uv": [
                        14.57143,
                        13,
                        14.85714,
                        13.57143
                    ],
                    "texture": "#0"
                },
                "down": {
                    "uv": [
                        12.85714,
                        14.71429,
                        13.14286,
                        15.28571
                    ],
                    "rotation": 180,
                    "texture": "#0"
                }
            }
        },
        {
            "from": [
                7.25,
                5.33744,
                4.25
            ],
            "to": [
                8.75,
                6.83744,
                5.75
            ],
            "rotation": {
                "angle": 45,
                "axis": "z",
                "origin": [
                    8,
                    6.08744,
                    5
                ]
            },
            "faces": {
                "north": {
                    "uv": [
                        12.85714,
                        7.28571,
                        13.71429,
                        8.14286
                    ],
                    "rotation": 180,
                    "texture": "#0"
                },
                "east": {
                    "uv": [
                        6.57143,
                        13,
                        7.42857,
                        13.85714
                    ],
                    "rotation": 180,
                    "texture": "#0"
                },
                "south": {
                    "uv": [
                        12.85714,
                        8.42857,
                        13.71429,
                        9.28571
                    ],
                    "rotation": 180,
                    "texture": "#0"
                },
                "west": {
                    "uv": [
                        7.71429,
                        13,
                        8.57143,
                        13.85714
                    ],
                    "rotation": 180,
                    "texture": "#0"
                },
                "up": {
                    "uv": [
                        13.14286,
                        13,
                        12.28571,
                        13.85714
                    ],
                    "rotation": 270,
                    "texture": "#0"
                },
                "down": {
                    "uv": [
                        9.71429,
                        13.85714,
                        8.85714,
                        13
                    ],
                    "rotation": 90,
                    "texture": "#0"
                }
            }
        },
        {
            "from": [
                5.71967,
                7.73744,
                -1.25
            ],
            "to": [
                6.21967,
                9.73744,
                0.75
            ],
            "rotation": {
                "angle": 45,
                "axis": "x",
                "origin": [
                    5.75,
                    8.73744,
                    -0.25
                ]
            },
            "faces": {
                "north": {
                    "uv": [
                        14.57143,
                        1.57143,
                        15.71429,
                        1.85714
                    ],
                    "rotation": 90,
                    "texture": "#0"
                },
                "east": {
                    "uv": [
                        13.42857,
                        11.85714,
                        12.28571,
                        13
                    ],
                    "rotation": 270,
                    "texture": "#0"
                },
                "south": {
                    "uv": [
                        14.57143,
                        2.71429,
                        15.71429,
                        3
                    ],
                    "rotation": 270,
                    "texture": "#0"
                },
                "west": {
                    "uv": [
                        12.28571,
                        13.57143,
                        11.14286,
                        12.42857
                    ],
                    "rotation": 270,
                    "texture": "#0"
                },
                "up": {
                    "uv": [
                        14.57143,
                        2.14286,
                        15.71429,
                        2.42857
                    ],
                    "rotation": 270,
                    "texture": "#0"
                },
                "down": {
                    "uv": [
                        3.14286,
                        14.71429,
                        4.28571,
                        15
                    ],
                    "rotation": 270,
                    "texture": "#0"
                }
            }
        },
        {
            "from": [
                4.96967,
                7.98744,
                -1
            ],
            "to": [
                5.71967,
                9.48744,
                0.5
            ],
            "rotation": {
                "angle": 45,
                "axis": "x",
                "origin": [
                    5.75,
                    8.73744,
                    -0.25
                ]
            },
            "faces": {
                "north": {
                    "uv": [
                        14,
                        5.57143,
                        14.85714,
                        6
                    ],
                    "rotation": 90,
                    "texture": "#0"
                },
                "south": {
                    "uv": [
                        6.57143,
                        14.14286,
                        7.42857,
                        14.57143
                    ],
                    "rotation": 270,
                    "texture": "#0"
                },
                "up": {
                    "uv": [
                        14,
                        6.14286,
                        14.85714,
                        6.57143
                    ],
                    "rotation": 270,
                    "texture": "#0"
                },
                "down": {
                    "uv": [
                        14,
                        6.71429,
                        14.85714,
                        7.14286
                    ],
                    "rotation": 270,
                    "texture": "#0"
                }
            }
        },
        {
            "from": [
                4.46967,
                7.73744,
                -1.25
            ],
            "to": [
                4.96967,
                9.73744,
                0.75
            ],
            "rotation": {
                "angle": 45,
                "axis": "x",
                "origin": [
                    5.75,
                    8.73744,
                    -0.25
                ]
            },
            "faces": {
                "north": {
                    "uv": [
                        14,
                        11.28571,
                        15.14286,
                        11.57143
                    ],
                    "rotation": 90,
                    "texture": "#0"
                },
                "east": {
                    "uv": [
                        13.42857,
                        10.71429,
                        12.28571,
                        11.85714
                    ],
                    "rotation": 270,
                    "texture": "#0"
                },
                "south": {
                    "uv": [
                        13.42857,
                        14.14286,
                        14.57143,
                        14.42857
                    ],
                    "rotation": 270,
                    "texture": "#0"
                },
                "west": {
                    "uv": [
                        11.14286,
                        13.57143,
                        10,
                        12.42857
                    ],
                    "rotation": 270,
                    "texture": "#0"
                },
                "up": {
                    "uv": [
                        12.28571,
                        14.14286,
                        13.42857,
                        14.42857
                    ],
                    "rotation": 270,
                    "texture": "#0"
                },
                "down": {
                    "uv": [
                        14.57143,
                        1,
                        15.71429,
                        1.28571
                    ],
                    "rotation": 270,
                    "texture": "#0"
                }
            }
        },
        {
            "from": [
                7.745,
                4.15177,
                0.11244
            ],
            "to": [
                8.255,
                5.90177,
                1.86244
            ],
            "rotation": {
                "angle": -45,
                "axis": "x",
                "origin": [
                    8,
                    6.26421,
                    -0.25
                ]
            },
            "faces": {
                "north": {
                    "uv": [
                        7.42857,
                        15.71429,
                        7.14286,
                        14.71429
                    ],
                    "rotation": 180,
                    "texture": "#0"
                },
                "east": {
                    "uv": [
                        12.85714,
                        1.57143,
                        13.85714,
                        2.57143
                    ],
                    "rotation": 90,
                    "texture": "#0"
                },
                "south": {
                    "uv": [
                        14.85714,
                        7.28571,
                        14.57143,
                        8.28571
                    ],
                    "texture": "#0"
                },
                "west": {
                    "uv": [
                        2,
                        13,
                        3,
                        14
                    ],
                    "rotation": 270,
                    "texture": "#0"
                },
                "up": {
                    "uv": [
                        6.57143,
                        14.71429,
                        6.85714,
                        15.71429
                    ],
                    "texture": "#0"
                },
                "down": {
                    "uv": [
                        6,
                        14.71429,
                        6.28571,
                        15.71429
                    ],
                    "rotation": 180,
                    "texture": "#0"
                }
            }
        },
        {
            "from": [
                4.775,
                5.625,
                -4
            ],
            "to": [
                11.025,
                11.875,
                -3.97
            ],
            "rotation": {
                "angle": 0,
                "axis": "y",
                "origin": [
                    7.9,
                    8.75,
                    -4
                ]
            },
            "faces": {
                "north": {
                    "uv": [
                        0,
                        0,
                        12.5,
                        12.5
                    ],
                    "texture": "#1"
                },
                "south": {
                    "uv": [
                        12.5,
                        0,
                        0,
                        12.5
                    ],
                    "texture": "#1"
                }
            }
        },
        {
            "from": [
                6.125,
                8.72777,
                -1.2
            ],
            "to": [
                9.875,
                8.75777,
                0.8
            ],
            "rotation": {
                "angle": -45,
                "axis": "x",
                "origin": [
                    8,
                    8.74277,
                    -0.2
                ]
            },
            "faces": {
                "up": {
                    "uv": [
                        8,
                        0,
                        0,
                        11
                    ],
                    "rotation": 270,
                    "texture": "#2"
                },
                "down": {
                    "uv": [
                        0,
                        0,
                        8,
                        11
                    ],
                    "rotation": 270,
                    "texture": "#2"
                }
            }
        },
        {
            "from": [
                6.125,
                7.74277,
                -0.215
            ],
            "to": [
                9.875,
                9.74277,
                -0.185
            ],
            "rotation": {
                "angle": -45,
                "axis": "x",
                "origin": [
                    8,
                    8.74277,
                    -0.2
                ]
            },
            "faces": {
                "north": {
                    "uv": [
                        0,
                        0,
                        8,
                        11
                    ],
                    "rotation": 90,
                    "texture": "#2"
                },
                "south": {
                    "uv": [
                        8,
                        0,
                        0,
                        11
                    ],
                    "rotation": 270,
                    "texture": "#2"
                }
            }
        },
        {
            "from": [
                0.96087,
                7.86272,
                0.77934
            ],
            "to": [
                1.96087,
                9.61272,
                1.77934
            ],
            "rotation": {
                "angle": -45,
                "axis": "y",
                "origin": [
                    0.96087,
                    7.86272,
                    0.77934
                ]
            },
            "faces": {
                "north": {
                    "uv": [
                        10,
                        13.57143,
                        10.57143,
                        14.57143
                    ],
                    "texture": "#0"
                },
                "east": {
                    "uv": [
                        10.57143,
                        13.57143,
                        11.14286,
                        14.57143
                    ],
                    "texture": "#0"
                },
                "south": {
                    "uv": [
                        13.42857,
                        10.71429,
                        14,
                        11.71429
                    ],
                    "texture": "#0"
                },
                "west": {
                    "uv": [
                        11.14286,
                        13.57143,
                        11.71429,
                        14.57143
                    ],
                    "texture": "#0"
                },
                "up": {
                    "uv": [
                        15.14286,
                        3.85714,
                        14.57143,
                        3.28571
                    ],
                    "texture": "#0"
                },
                "down": {
                    "uv": [
                        15.14286,
                        3.85714,
                        14.57143,
                        4.42857
                    ],
                    "texture": "#0"
                }
            }
        },
        {
            "from": [
                11.49436,
                8.87948,
                -1.45129
            ],
            "to": [
                12.59436,
                9.36248,
                -0.50129
            ],
            "rotation": {
                "angle": 22.5,
                "axis": "y",
                "origin": [
                    13.4,
                    9.12098,
                    -0.04189
                ]
            },
            "faces": {
                "north": {
                    "uv": [
                        14.85714,
                        9,
                        14.57143,
                        8.42857
                    ],
                    "rotation": 270,
                    "texture": "#0"
                },
                "south": {
                    "uv": [
                        8.57143,
                        14.71429,
                        8.28571,
                        15.28571
                    ],
                    "rotation": 270,
                    "texture": "#0"
                },
                "west": {
                    "uv": [
                        7.71429,
                        15.28571,
                        8,
                        14.71429
                    ],
                    "rotation": 270,
                    "texture": "#0"
                },
                "up": {
                    "uv": [
                        13.42857,
                        9.57143,
                        12.85714,
                        10.14286
                    ],
                    "rotation": 180,
                    "texture": "#0"
                },
                "down": {
                    "uv": [
                        14.57143,
                        7.28571,
                        14,
                        7.85714
                    ],
                    "texture": "#0"
                }
            }
        },
        {
            "from": [
                12.11634,
                8.87448,
                -1.03569
            ],
            "to": [
                13.21634,
                9.36748,
                -0.01069
            ],
            "rotation": {
                "angle": 0,
                "axis": "y",
                "origin": [
                    13.4,
                    9.12098,
                    -0.04189
                ]
            },
            "faces": {
                "north": {
                    "uv": [
                        8.85714,
                        15.28571,
                        9.14286,
                        14.71429
                    ],
                    "rotation": 90,
                    "texture": "#0"
                },
                "south": {
                    "uv": [
                        14.57143,
                        9.57143,
                        14.85714,
                        9
                    ],
                    "rotation": 270,
                    "texture": "#0"
                },
                "west": {
                    "uv": [
                        9.71429,
                        15.28571,
                        9.42857,
                        14.71429
                    ],
                    "rotation": 270,
                    "texture": "#0"
                },
                "up": {
                    "uv": [
                        7.71429,
                        14.71429,
                        8.28571,
                        14.14286
                    ],
                    "rotation": 270,
                    "texture": "#0"
                },
                "down": {
                    "uv": [
                        14,
                        8.42857,
                        14.57143,
                        7.85714
                    ],
                    "rotation": 270,
                    "texture": "#0"
                }
            }
        },
        {
            "from": [
                12.85001,
                8.87098,
                -0.88976
            ],
            "to": [
                13.95001,
                9.37098,
                0.21024
            ],
            "rotation": {
                "angle": -22.5,
                "axis": "y",
                "origin": [
                    13.4,
                    9.12098,
                    -0.04189
                ]
            },
            "faces": {
                "north": {
                    "uv": [
                        14.57143,
                        10.14286,
                        14.85714,
                        9.57143
                    ],
                    "rotation": 90,
                    "texture": "#0"
                },
                "east": {
                    "uv": [
                        14.85714,
                        10.14286,
                        14.57143,
                        10.71429
                    ],
                    "rotation": 270,
                    "texture": "#0"
                },
                "south": {
                    "uv": [
                        10,
                        15.28571,
                        10.28571,
                        14.71429
                    ],
                    "rotation": 270,
                    "texture": "#0"
                },
                "west": {
                    "uv": [
                        10.85714,
                        15.28571,
                        10.57143,
                        14.71429
                    ],
                    "rotation": 270,
                    "texture": "#0"
                },
                "up": {
                    "uv": [
                        8.28571,
                        14.71429,
                        8.85714,
                        14.14286
                    ],
                    "rotation": 270,
                    "texture": "#0"
                },
                "down": {
                    "uv": [
                        14,
                        9,
                        14.57143,
                        8.42857
                    ],
                    "rotation": 270,
                    "texture": "#0"
                }
            }
        },
        {
            "from": [
                13.85939,
                8.87948,
                0.76375
            ],
            "to": [
                14.80939,
                9.36248,
                1.86375
            ],
            "rotation": {
                "angle": 22.5,
                "axis": "y",
                "origin": [
                    13.4,
                    9.12098,
                    -0.04189
                ]
            },
            "faces": {
                "east": {
                    "uv": [
                        11.42857,
                        14.71429,
                        11.14286,
                        15.28571
                    ],
                    "rotation": 270,
                    "texture": "#0"
                },
                "south": {
                    "uv": [
                        14.57143,
                        11.28571,
                        14.85714,
                        10.71429
                    ],
                    "rotation": 270,
                    "texture": "#0"
                },
                "west": {
                    "uv": [
                        12,
                        15.28571,
                        11.71429,
                        14.71429
                    ],
                    "rotation": 270,
                    "texture": "#0"
                },
                "up": {
                    "uv": [
                        8.85714,
                        14.71429,
                        9.42857,
                        14.14286
                    ],
                    "rotation": 270,
                    "texture": "#0"
                },
                "down": {
                    "uv": [
                        14,
                        9.57143,
                        14.57143,
                        9
                    ],
                    "rotation": 270,
                    "texture": "#0"
                }
            }
        },
        {
            "from": [
                13.58368,
                8.87448,
                -1.0357
            ],
            "to": [
                14.68368,
                9.36748,
                -0.0107
            ],
            "rotation": {
                "angle": -45,
                "axis": "y",
                "origin": [
                    13.4,
                    9.12098,
                    -0.04189
                ]
            },
            "faces": {
                "north": {
                    "uv": [
                        14.57143,
                        12.42857,
                        14.85714,
                        11.85714
                    ],
                    "rotation": 90,
                    "texture": "#0"
                },
                "east": {
                    "uv": [
                        14.85714,
                        12.42857,
                        14.57143,
                        13
                    ],
                    "rotation": 270,
                    "texture": "#0"
                },
                "south": {
                    "uv": [
                        12.28571,
                        15.28571,
                        12.57143,
                        14.71429
                    ],
                    "rotation": 270,
                    "texture": "#0"
                },
                "up": {
                    "uv": [
                        9.42857,
                        14.71429,
                        10,
                        14.14286
                    ],
                    "rotation": 270,
                    "texture": "#0"
                },
                "down": {
                    "uv": [
                        14,
                        10.14286,
                        14.57143,
                        9.57143
                    ],
                    "rotation": 270,
                    "texture": "#0"
                }
            }
        },
        {
            "from": [
                11.03033,
                7.73744,
                -1.25
            ],
            "to": [
                11.53033,
                9.73744,
                0.75
            ],
            "rotation": {
                "angle": 45,
                "axis": "x",
                "origin": [
                    10.25,
                    8.73744,
                    -0.25
                ]
            },
            "faces": {
                "north": {
                    "uv": [
                        14,
                        11.57143,
                        15.14286,
                        11.28571
                    ],
                    "rotation": 90,
                    "texture": "#0"
                },
                "east": {
                    "uv": [
                        11.14286,
                        12.42857,
                        10,
                        13.57143
                    ],
                    "rotation": 270,
                    "texture": "#0"
                },
                "south": {
                    "uv": [
                        13.42857,
                        14.42857,
                        14.57143,
                        14.14286
                    ],
                    "rotation": 270,
                    "texture": "#0"
                },
                "west": {
                    "uv": [
                        13.42857,
                        11.85714,
                        12.28571,
                        10.71429
                    ],
                    "rotation": 270,
                    "texture": "#0"
                },
                "up": {
                    "uv": [
                        12.28571,
                        14.42857,
                        13.42857,
                        14.14286
                    ],
                    "rotation": 270,
                    "texture": "#0"
                },
                "down": {
                    "uv": [
                        14.57143,
                        1.28571,
                        15.71429,
                        1
                    ],
                    "rotation": 270,
                    "texture": "#0"
                }
            }
        },
        {
            "from": [
                9.78033,
                7.73744,
                -1.25
            ],
            "to": [
                10.28033,
                9.73744,
                0.75
            ],
            "rotation": {
                "angle": 45,
                "axis": "x",
                "origin": [
                    10.25,
                    8.73744,
                    -0.25
                ]
            },
            "faces": {
                "north": {
                    "uv": [
                        14.57143,
                        1.85714,
                        15.71429,
                        1.57143
                    ],
                    "rotation": 90,
                    "texture": "#0"
                },
                "east": {
                    "uv": [
                        12.28571,
                        12.42857,
                        11.14286,
                        13.57143
                    ],
                    "rotation": 270,
                    "texture": "#0"
                },
                "south": {
                    "uv": [
                        14.57143,
                        3,
                        15.71429,
                        2.71429
                    ],
                    "rotation": 270,
                    "texture": "#0"
                },
                "west": {
                    "uv": [
                        13.42857,
                        13,
                        12.28571,
                        11.85714
                    ],
                    "rotation": 270,
                    "texture": "#0"
                },
                "up": {
                    "uv": [
                        14.57143,
                        2.42857,
                        15.71429,
                        2.14286
                    ],
                    "rotation": 270,
                    "texture": "#0"
                },
                "down": {
                    "uv": [
                        3.14286,
                        15,
                        4.28571,
                        14.71429
                    ],
                    "rotation": 270,
                    "texture": "#0"
                }
            }
        },
        {
            "from": [
                10.28033,
                7.98744,
                -1
            ],
            "to": [
                11.03033,
                9.48744,
                0.5
            ],
            "rotation": {
                "angle": 45,
                "axis": "x",
                "origin": [
                    10.25,
                    8.73744,
                    -0.25
                ]
            },
            "faces": {
                "north": {
                    "uv": [
                        14,
                        6,
                        14.85714,
                        5.57143
                    ],
                    "rotation": 90,
                    "texture": "#0"
                },
                "south": {
                    "uv": [
                        6.57143,
                        14.57143,
                        7.42857,
                        14.14286
                    ],
                    "rotation": 270,
                    "texture": "#0"
                },
                "up": {
                    "uv": [
                        14,
                        6.57143,
                        14.85714,
                        6.14286
                    ],
                    "rotation": 270,
                    "texture": "#0"
                },
                "down": {
                    "uv": [
                        14,
                        7.14286,
                        14.85714,
                        6.71429
                    ],
                    "rotation": 270,
                    "texture": "#0"
                }
            }
        },
        {
            "from": [
                14.03913,
                7.86272,
                0.77934
            ],
            "to": [
                15.03913,
                9.61272,
                1.77934
            ],
            "rotation": {
                "angle": 45,
                "axis": "y",
                "origin": [
                    15.03913,
                    7.86272,
                    0.77934
                ]
            },
            "faces": {
                "north": {
                    "uv": [
                        10.57143,
                        13.57143,
                        10,
                        14.57143
                    ],
                    "texture": "#0"
                },
                "east": {
                    "uv": [
                        11.71429,
                        13.57143,
                        11.14286,
                        14.57143
                    ],
                    "texture": "#0"
                },
                "south": {
                    "uv": [
                        14,
                        10.71429,
                        13.42857,
                        11.71429
                    ],
                    "texture": "#0"
                },
                "west": {
                    "uv": [
                        11.14286,
                        13.57143,
                        10.57143,
                        14.57143
                    ],
                    "texture": "#0"
                },
                "up": {
                    "uv": [
                        14.57143,
                        3.85714,
                        15.14286,
                        3.28571
                    ],
                    "texture": "#0"
                },
                "down": {
                    "uv": [
                        14.57143,
                        3.85714,
                        15.14286,
                        4.42857
                    ],
                    "texture": "#0"
                }
            }
        },
        {
            "from": [
                13.58368,
                8.12448,
                -1.0357
            ],
            "to": [
                14.68368,
                8.61748,
                -0.0107
            ],
            "rotation": {
                "angle": -45,
                "axis": "y",
                "origin": [
                    13.4,
                    8.37098,
                    -0.04189
                ]
            },
            "faces": {
                "north": {
                    "uv": [
                        14.57143,
                        12.42857,
                        14.85714,
                        11.85714
                    ],
                    "rotation": 90,
                    "texture": "#0"
                },
                "east": {
                    "uv": [
                        14.85714,
                        12.42857,
                        14.57143,
                        13
                    ],
                    "rotation": 270,
                    "texture": "#0"
                },
                "south": {
                    "uv": [
                        12.28571,
                        15.28571,
                        12.57143,
                        14.71429
                    ],
                    "rotation": 270,
                    "texture": "#0"
                },
                "up": {
                    "uv": [
                        9.42857,
                        14.71429,
                        10,
                        14.14286
                    ],
                    "rotation": 270,
                    "texture": "#0"
                },
                "down": {
                    "uv": [
                        14,
                        10.14286,
                        14.57143,
                        9.57143
                    ],
                    "rotation": 270,
                    "texture": "#0"
                }
            }
        },
        {
            "from": [
                13.85939,
                8.12948,
                0.76375
            ],
            "to": [
                14.80939,
                8.61248,
                1.86375
            ],
            "rotation": {
                "angle": 22.5,
                "axis": "y",
                "origin": [
                    13.4,
                    8.37098,
                    -0.04189
                ]
            },
            "faces": {
                "east": {
                    "uv": [
                        11.42857,
                        14.71429,
                        11.14286,
                        15.28571
                    ],
                    "rotation": 270,
                    "texture": "#0"
                },
                "south": {
                    "uv": [
                        14.57143,
                        11.28571,
                        14.85714,
                        10.71429
                    ],
                    "rotation": 270,
                    "texture": "#0"
                },
                "west": {
                    "uv": [
                        12,
                        15.28571,
                        11.71429,
                        14.71429
                    ],
                    "rotation": 270,
                    "texture": "#0"
                },
                "up": {
                    "uv": [
                        8.85714,
                        14.71429,
                        9.42857,
                        14.14286
                    ],
                    "rotation": 270,
                    "texture": "#0"
                },
                "down": {
                    "uv": [
                        14,
                        9.57143,
                        14.57143,
                        9
                    ],
                    "rotation": 270,
                    "texture": "#0"
                }
            }
        },
        {
            "from": [
                12.85001,
                8.12098,
                -0.88976
            ],
            "to": [
                13.95001,
                8.62098,
                0.21024
            ],
            "rotation": {
                "angle": -22.5,
                "axis": "y",
                "origin": [
                    13.4,
                    8.37098,
                    -0.04189
                ]
            },
            "faces": {
                "north": {
                    "uv": [
                        14.57143,
                        10.14286,
                        14.85714,
                        9.57143
                    ],
                    "rotation": 90,
                    "texture": "#0"
                },
                "east": {
                    "uv": [
                        14.85714,
                        10.14286,
                        14.57143,
                        10.71429
                    ],
                    "rotation": 270,
                    "texture": "#0"
                },
                "south": {
                    "uv": [
                        10,
                        15.28571,
                        10.28571,
                        14.71429
                    ],
                    "rotation": 270,
                    "texture": "#0"
                },
                "west": {
                    "uv": [
                        10.85714,
                        15.28571,
                        10.57143,
                        14.71429
                    ],
                    "rotation": 270,
                    "texture": "#0"
                },
                "up": {
                    "uv": [
                        8.28571,
                        14.71429,
                        8.85714,
                        14.14286
                    ],
                    "rotation": 270,
                    "texture": "#0"
                },
                "down": {
                    "uv": [
                        14,
                        9,
                        14.57143,
                        8.42857
                    ],
                    "rotation": 270,
                    "texture": "#0"
                }
            }
        },
        {
            "from": [
                12.11634,
                8.12448,
                -1.03569
            ],
            "to": [
                13.21634,
                8.61748,
                -0.01069
            ],
            "rotation": {
                "angle": 0,
                "axis": "y",
                "origin": [
                    13.4,
                    8.37098,
                    -0.04189
                ]
            },
            "faces": {
                "north": {
                    "uv": [
                        8.85714,
                        15.28571,
                        9.14286,
                        14.71429
                    ],
                    "rotation": 90,
                    "texture": "#0"
                },
                "south": {
                    "uv": [
                        14.57143,
                        9.57143,
                        14.85714,
                        9
                    ],
                    "rotation": 270,
                    "texture": "#0"
                },
                "west": {
                    "uv": [
                        9.71429,
                        15.28571,
                        9.42857,
                        14.71429
                    ],
                    "rotation": 270,
                    "texture": "#0"
                },
                "up": {
                    "uv": [
                        7.71429,
                        14.71429,
                        8.28571,
                        14.14286
                    ],
                    "rotation": 270,
                    "texture": "#0"
                },
                "down": {
                    "uv": [
                        14,
                        8.42857,
                        14.57143,
                        7.85714
                    ],
                    "rotation": 270,
                    "texture": "#0"
                }
            }
        },
        {
            "from": [
                11.49436,
                8.12948,
                -1.45129
            ],
            "to": [
                12.59436,
                8.61248,
                -0.50129
            ],
            "rotation": {
                "angle": 22.5,
                "axis": "y",
                "origin": [
                    13.4,
                    8.37098,
                    -0.04189
                ]
            },
            "faces": {
                "north": {
                    "uv": [
                        14.85714,
                        9,
                        14.57143,
                        8.42857
                    ],
                    "rotation": 270,
                    "texture": "#0"
                },
                "south": {
                    "uv": [
                        8.57143,
                        14.71429,
                        8.28571,
                        15.28571
                    ],
                    "rotation": 270,
                    "texture": "#0"
                },
                "west": {
                    "uv": [
                        7.71429,
                        15.28571,
                        8,
                        14.71429
                    ],
                    "rotation": 270,
                    "texture": "#0"
                },
                "up": {
                    "uv": [
                        13.42857,
                        9.57143,
                        12.85714,
                        10.14286
                    ],
                    "rotation": 180,
                    "texture": "#0"
                },
                "down": {
                    "uv": [
                        14.57143,
                        7.28571,
                        14,
                        7.85714
                    ],
                    "texture": "#0"
                }
            }
        },
        {
            "from": [
                1,
                8.73672,
                1.44355
            ],
            "to": [
                15,
                8.76672,
                6.44355
            ],
            "rotation": {
                "angle": 0,
                "axis": "y",
                "origin": [
                    5,
                    8.73672,
                    1.44355
                ]
            },
            "faces": {
                "up": {
                    "uv": [
                        8,
                        9.28571,
                        0,
                        6.42857
                    ],
                    "texture": "#0"
                },
                "down": {
                    "uv": [
                        8,
                        6.42857,
                        0,
                        9.28571
                    ],
                    "texture": "#0"
                }
            }
        },
        {
            "from": [
                7.75,
                8.11732,
                6.41191
            ],
            "to": [
                8.25,
                9.11732,
                7.41191
            ],
            "rotation": {
                "angle": -22.5,
                "axis": "x",
                "origin": [
                    7.75,
                    8.11732,
                    6.41191
                ]
            },
            "faces": {
                "north": {
                    "uv": [
                        14,
                        14.71429,
                        14.28571,
                        15.28571
                    ],
                    "texture": "#0"
                },
                "east": {
                    "uv": [
                        4.28571,
                        14.71429,
                        4.85714,
                        15.28571
                    ],
                    "texture": "#0"
                },
                "south": {
                    "uv": [
                        14.57143,
                        14.14286,
                        14.85714,
                        14.71429
                    ],
                    "texture": "#0"
                },
                "west": {
                    "uv": [
                        14.57143,
                        4.42857,
                        15.14286,
                        5
                    ],
                    "texture": "#0"
                },
                "up": {
                    "uv": [
                        14.85714,
                        15.28571,
                        14.57143,
                        14.71429
                    ],
                    "texture": "#0"
                }
            }
        }
    ],
    "gui_light": "front",
    "display": {
        "thirdperson_righthand": {
            "translation": [
                -1.25,
                1.5,
                1
            ]
        },
        "thirdperson_lefthand": {
            "translation": [
                -1.25,
                1.5,
                1
            ]
        },
        "firstperson_righthand": {
            "rotation": [
                0,
                -17.25,
                0
            ],
            "translation": [
                15.75,
                -0.75,
                -1
            ]
        },
        "firstperson_lefthand": {
            "rotation": [
                0,
                -17.25,
                0
            ],
            "translation": [
                15.75,
                -0.75,
                -1
            ]
        },
        "ground": {
            "rotation": [
                25,
                0,
                0
            ],
            "translation": [
                0,
                3,
                0
            ],
            "scale": [
                0.7,
                0.7,
                0.7
            ]
        },
        "gui": {
            "rotation": [
                90,
                45,
                0
            ],
            "translation": [
                2.25,
                -2.25,
                0
            ],
            "scale": [
                0.9,
                0.9,
                0.9
            ]
        },
        "head": {
            "rotation": [
                -15,
                180,
                0
            ]
        },
        "fixed": {
            "rotation": [
                -90,
                0,
                0
            ],
            "translation": [
                0,
                0,
                -6
            ],
            "scale": [
                2,
                2,
                2
            ]
        }
    }
}