{
	"credit": "Made with Blockbench",
	"textures": {
		"0": "item/pickaxes/valentine_pickaxe1/venlentine1",
		"1": "item/pickaxes/valentine_pickaxe1/vine",
		"2": "item/pickaxes/valentine_pickaxe1/chocolate",
		"particle": "item/pickaxes/valentine_pickaxe1/venlentine1"
	},
	"elements": [
		{
			"from": [7, -9, 7],
			"to": [9, 0, 9],
			"rotation": {"angle": 0, "axis": "y", "origin": [16, -5, 0]},
			"faces": {
				"north": {"uv": [4, 15, 8.5, 16], "rotation": 90, "texture": "#0"},
				"east": {"uv": [4, 15, 8.5, 14], "rotation": 90, "texture": "#0"},
				"south": {"uv": [4, 16, 8.5, 15], "rotation": 90, "texture": "#0"},
				"west": {"uv": [4, 14, 8.5, 15], "rotation": 90, "texture": "#0"},
				"up": {"uv": [9.5, 16, 8.5, 15], "rotation": 90, "texture": "#0"},
				"down": {"uv": [9.5, 15, 8.5, 16], "rotation": 270, "texture": "#0"}
			}
		},
		{
			"from": [7, 0, 7],
			"to": [9, 9, 9],
			"rotation": {"angle": 0, "axis": "y", "origin": [16, -5, 0]},
			"faces": {
				"north": {"uv": [4, 14, 8.5, 13], "rotation": 90, "texture": "#0"},
				"east": {"uv": [4, 13, 8.5, 12], "rotation": 90, "texture": "#0"},
				"south": {"uv": [4, 14, 8.5, 13], "rotation": 90, "texture": "#0"},
				"west": {"uv": [4, 13, 8.5, 12], "rotation": 90, "texture": "#0"},
				"up": {"uv": [9.5, 15, 8.5, 14], "rotation": 90, "texture": "#0"},
				"down": {"uv": [9.5, 14, 8.5, 15], "rotation": 270, "texture": "#0"}
			}
		},
		{
			"from": [8, -16, 5.5],
			"to": [8, -9, 10.5],
			"rotation": {"angle": -45, "axis": "y", "origin": [8, -12.5, 8]},
			"faces": {
				"north": {"uv": [0, 0, 0, 3.5], "texture": "#0"},
				"east": {"uv": [13.25, 0, 15.75, 3.5], "texture": "#0"},
				"south": {"uv": [0, 0, 0, 3.5], "texture": "#0"},
				"west": {"uv": [13.25, 0, 15.75, 3.5], "texture": "#0"},
				"up": {"uv": [0, 0, 3, 0], "rotation": 90, "texture": "#0"},
				"down": {"uv": [0, 0, 3, 0], "rotation": 270, "texture": "#0"}
			}
		},
		{
			"from": [5.5, -16, 8],
			"to": [10.5, -9, 8],
			"rotation": {"angle": -45, "axis": "y", "origin": [8, -12.5, 8]},
			"faces": {
				"north": {"uv": [13.25, 0, 15.75, 3.5], "texture": "#0"},
				"east": {"uv": [0, 0, 0, 3.5], "texture": "#0"},
				"south": {"uv": [13.25, 0, 15.75, 3.5], "texture": "#0"},
				"west": {"uv": [0, 0, 0, 3.5], "texture": "#0"},
				"up": {"uv": [0, 0, 3, 0], "rotation": 180, "texture": "#0"},
				"down": {"uv": [0, 0, 3, 0], "rotation": 180, "texture": "#0"}
			}
		},
		{
			"from": [10.3, 9.5, 7.6],
			"to": [11.3, 10.5, 8.4],
			"rotation": {"angle": -45, "axis": "z", "origin": [10.5, 11, 8]},
			"faces": {
				"north": {"uv": [11.5, 15, 11, 15.5], "texture": "#0"},
				"east": {"uv": [10, 15, 10.5, 15.5], "texture": "#0"},
				"south": {"uv": [11, 15, 11.5, 15.5], "texture": "#0"},
				"west": {"uv": [10, 15, 10.5, 15.5], "texture": "#0"},
				"up": {"uv": [10.5, 15, 11, 15.5], "texture": "#0"},
				"down": {"uv": [10.5, 15, 11, 15.5], "texture": "#0"}
			}
		},
		{
			"from": [10.6, 8.9, 7.5],
			"to": [15.6, 9.9, 8.5],
			"rotation": {"angle": -45, "axis": "z", "origin": [14.7, 11, 8]},
			"faces": {
				"north": {"uv": [14, 13, 13.5, 15.5], "rotation": 270, "texture": "#0"},
				"east": {"uv": [12.5, 14.5, 13, 15], "texture": "#0"},
				"south": {"uv": [13.5, 13, 14, 15.5], "rotation": 90, "texture": "#0"},
				"west": {"uv": [12.5, 14, 13, 14.5], "texture": "#0"},
				"up": {"uv": [13, 13, 13.5, 15.5], "rotation": 90, "texture": "#0"},
				"down": {"uv": [14, 12, 14.5, 14.5], "rotation": 90, "texture": "#0"}
			}
		},
		{
			"from": [10.6, 12.1, 7.4],
			"to": [15.6, 13.1, 8.6],
			"rotation": {"angle": 45, "axis": "z", "origin": [14.7, 11, 8]},
			"faces": {
				"north": {"uv": [15, 13.5, 15.5, 16], "rotation": 270, "texture": "#0"},
				"east": {"uv": [15, 13.5, 15.5, 13], "texture": "#0"},
				"south": {"uv": [15.5, 13.5, 15, 16], "rotation": 90, "texture": "#0"},
				"west": {"uv": [15, 13, 15.5, 12.5], "texture": "#0"},
				"up": {"uv": [15, 12, 14.5, 14.5], "rotation": 90, "texture": "#0"},
				"down": {"uv": [16, 12.5, 15.5, 15], "rotation": 90, "texture": "#0"}
			}
		},
		{
			"from": [0.4, 12.1, 7.4],
			"to": [5.4, 13.1, 8.6],
			"rotation": {"angle": -45, "axis": "z", "origin": [1.3, 11, 8]},
			"faces": {
				"north": {"uv": [15, 16, 15.5, 13.5], "rotation": 270, "texture": "#0"},
				"east": {"uv": [15.5, 13, 15, 12.5], "texture": "#0"},
				"south": {"uv": [15.5, 16, 15, 13.5], "rotation": 90, "texture": "#0"},
				"west": {"uv": [15.5, 13.5, 15, 13], "texture": "#0"},
				"up": {"uv": [15, 14.5, 14.5, 12], "rotation": 90, "texture": "#0"},
				"down": {"uv": [16, 15, 15.5, 12.5], "rotation": 90, "texture": "#0"}
			}
		},
		{
			"from": [0.4, 8.9, 7.5],
			"to": [5.4, 9.9, 8.5],
			"rotation": {"angle": 45, "axis": "z", "origin": [1.3, 11, 8]},
			"faces": {
				"north": {"uv": [14, 15.5, 13.5, 13], "rotation": 270, "texture": "#0"},
				"east": {"uv": [13, 14, 12.5, 14.5], "texture": "#0"},
				"south": {"uv": [13.5, 15.5, 14, 13], "rotation": 90, "texture": "#0"},
				"west": {"uv": [13, 14.5, 12.5, 15], "texture": "#0"},
				"up": {"uv": [13, 15.5, 13.5, 13], "rotation": 90, "texture": "#0"},
				"down": {"uv": [14, 14.5, 14.5, 12], "rotation": 90, "texture": "#0"}
			}
		},
		{
			"from": [9.7, 10.1, 7.5],
			"to": [10.7, 12.1, 8.5],
			"rotation": {"angle": 0, "axis": "y", "origin": [10.5, 11, 8]},
			"faces": {
				"north": {"uv": [13, 15, 12.5, 16], "texture": "#0"},
				"east": {"uv": [12, 15, 12.5, 16], "texture": "#0"},
				"south": {"uv": [12.5, 15, 13, 16], "texture": "#0"},
				"west": {"uv": [12, 15, 12.5, 16], "texture": "#0"},
				"up": {"uv": [11.5, 15, 12, 15.5], "texture": "#0"},
				"down": {"uv": [11.5, 15, 12, 15.5], "texture": "#0"}
			}
		},
		{
			"from": [10.4, 11.7, 7.6],
			"to": [11.4, 12.7, 8.4],
			"rotation": {"angle": 45, "axis": "z", "origin": [10.5, 11, 8]},
			"faces": {
				"north": {"uv": [11.5, 15.5, 11, 16], "texture": "#0"},
				"east": {"uv": [11.5, 15.5, 12, 16], "texture": "#0"},
				"south": {"uv": [11, 15.5, 11.5, 16], "texture": "#0"},
				"west": {"uv": [11.5, 15.5, 12, 16], "texture": "#0"},
				"up": {"uv": [10.5, 15.5, 11, 16], "texture": "#0"},
				"down": {"uv": [10.5, 15.5, 11, 16], "texture": "#0"}
			}
		},
		{
			"from": [8.4, 9.7, 7.5],
			"to": [9.4, 10.7, 8.5],
			"rotation": {"angle": 22.5, "axis": "z", "origin": [10.5, 11, 8]},
			"faces": {
				"north": {"uv": [13.5, 15.5, 13, 16], "rotation": 90, "texture": "#0"},
				"east": {"uv": [13.5, 15.5, 14, 16], "rotation": 270, "texture": "#0"},
				"south": {"uv": [13, 15.5, 13.5, 16], "rotation": 270, "texture": "#0"},
				"west": {"uv": [13.5, 15.5, 14, 16], "rotation": 270, "texture": "#0"},
				"up": {"uv": [14, 15.5, 14.5, 16], "rotation": 270, "texture": "#0"},
				"down": {"uv": [14, 15.5, 14.5, 16], "rotation": 270, "texture": "#0"}
			}
		},
		{
			"from": [8.3, 11.5, 7.7],
			"to": [9.3, 12.5, 8.3],
			"rotation": {"angle": -22.5, "axis": "z", "origin": [10.5, 11, 8]},
			"faces": {
				"north": {"uv": [10, 15, 9.5, 15.5], "rotation": 270, "texture": "#0"},
				"east": {"uv": [10, 15.75, 10.5, 16], "rotation": 90, "texture": "#0"},
				"south": {"uv": [9.5, 15, 10, 15.5], "rotation": 90, "texture": "#0"},
				"west": {"uv": [10, 15.75, 10.5, 16], "rotation": 90, "texture": "#0"},
				"up": {"uv": [10, 15.5, 10.5, 15.75], "texture": "#0"},
				"down": {"uv": [10, 15.5, 10.5, 15.75], "texture": "#0"}
			}
		},
		{
			"from": [7, 9, 7.4],
			"to": [9, 10, 8.6],
			"rotation": {"angle": 0, "axis": "y", "origin": [5.5, 11, 8]},
			"faces": {
				"north": {"uv": [9, 15, 8.5, 16], "rotation": 90, "texture": "#0"},
				"east": {"uv": [9.5, 15.5, 10, 16], "rotation": 270, "texture": "#0"},
				"south": {"uv": [8.5, 15, 9, 16], "rotation": 270, "texture": "#0"},
				"west": {"uv": [9.5, 15.5, 10, 16], "rotation": 270, "texture": "#0"},
				"up": {"uv": [9, 15, 9.5, 16], "rotation": 270, "texture": "#0"},
				"down": {"uv": [9, 15, 9.5, 16], "rotation": 270, "texture": "#0"}
			}
		},
		{
			"from": [7, 12.3, 7.4],
			"to": [9, 13.3, 8.6],
			"rotation": {"angle": 0, "axis": "y", "origin": [5.5, 23, 8]},
			"faces": {
				"north": {"uv": [8.5, 15, 9, 16], "rotation": 90, "texture": "#0"},
				"east": {"uv": [10, 15.5, 9.5, 16], "rotation": 270, "texture": "#0"},
				"south": {"uv": [9, 15, 8.5, 16], "rotation": 270, "texture": "#0"},
				"west": {"uv": [10, 15.5, 9.5, 16], "rotation": 270, "texture": "#0"},
				"up": {"uv": [9.5, 15, 9, 16], "rotation": 270, "texture": "#0"},
				"down": {"uv": [9.5, 15, 9, 16], "rotation": 270, "texture": "#0"}
			}
		},
		{
			"from": [4.7, 9.5, 7.6],
			"to": [5.7, 10.5, 8.4],
			"rotation": {"angle": 45, "axis": "z", "origin": [5.5, 11, 8]},
			"faces": {
				"north": {"uv": [11, 15, 11.5, 15.5], "texture": "#0"},
				"east": {"uv": [10.5, 15, 10, 15.5], "texture": "#0"},
				"south": {"uv": [11.5, 15, 11, 15.5], "texture": "#0"},
				"west": {"uv": [10.5, 15, 10, 15.5], "texture": "#0"},
				"up": {"uv": [11, 15, 10.5, 15.5], "texture": "#0"},
				"down": {"uv": [11, 15, 10.5, 15.5], "texture": "#0"}
			}
		},
		{
			"from": [5.3, 10.1, 7.5],
			"to": [6.3, 12.1, 8.5],
			"rotation": {"angle": 0, "axis": "y", "origin": [5.5, 11, 8]},
			"faces": {
				"north": {"uv": [12.5, 15, 13, 16], "texture": "#0"},
				"east": {"uv": [12.5, 15, 12, 16], "texture": "#0"},
				"south": {"uv": [13, 15, 12.5, 16], "texture": "#0"},
				"west": {"uv": [12.5, 15, 12, 16], "texture": "#0"},
				"up": {"uv": [12, 15, 11.5, 15.5], "texture": "#0"},
				"down": {"uv": [12, 15, 11.5, 15.5], "texture": "#0"}
			}
		},
		{
			"from": [4.6, 11.7, 7.6],
			"to": [5.6, 12.7, 8.4],
			"rotation": {"angle": -45, "axis": "z", "origin": [5.5, 11, 8]},
			"faces": {
				"north": {"uv": [11, 15.5, 11.5, 16], "texture": "#0"},
				"east": {"uv": [12, 15.5, 11.5, 16], "texture": "#0"},
				"south": {"uv": [11.5, 15.5, 11, 16], "texture": "#0"},
				"west": {"uv": [12, 15.5, 11.5, 16], "texture": "#0"},
				"up": {"uv": [11, 15.5, 10.5, 16], "texture": "#0"},
				"down": {"uv": [11, 15.5, 10.5, 16], "texture": "#0"}
			}
		},
		{
			"from": [6.6, 9.7, 7.5],
			"to": [7.6, 10.7, 8.5],
			"rotation": {"angle": -22.5, "axis": "z", "origin": [5.5, 11, 8]},
			"faces": {
				"north": {"uv": [13.5, 16, 13, 15.5], "rotation": 90, "texture": "#0"},
				"east": {"uv": [13.5, 16, 14, 15.5], "rotation": 270, "texture": "#0"},
				"south": {"uv": [13, 16, 13.5, 15.5], "rotation": 270, "texture": "#0"},
				"west": {"uv": [13.5, 16, 14, 15.5], "rotation": 270, "texture": "#0"},
				"up": {"uv": [14, 16, 14.5, 15.5], "rotation": 270, "texture": "#0"},
				"down": {"uv": [14, 16, 14.5, 15.5], "rotation": 270, "texture": "#0"}
			}
		},
		{
			"from": [6.7, 11.5, 7.7],
			"to": [7.7, 12.5, 8.3],
			"rotation": {"angle": 22.5, "axis": "z", "origin": [5.5, 11, 8]},
			"faces": {
				"north": {"uv": [10, 15.5, 9.5, 15], "rotation": 270, "texture": "#0"},
				"east": {"uv": [10, 16, 10.5, 15.75], "rotation": 90, "texture": "#0"},
				"south": {"uv": [9.5, 15.5, 10, 15], "rotation": 90, "texture": "#0"},
				"west": {"uv": [10, 16, 10.5, 15.75], "rotation": 90, "texture": "#0"},
				"up": {"uv": [10.5, 15.5, 10, 15.75], "texture": "#0"},
				"down": {"uv": [10.5, 15.5, 10, 15.75], "texture": "#0"}
			}
		},
		{
			"from": [0, 8.9, 7],
			"to": [2, 12.9, 9],
			"rotation": {"angle": 22.5, "axis": "z", "origin": [1, 11, 8]},
			"faces": {
				"north": {"uv": [11.5, 13, 12.5, 15], "texture": "#0"},
				"east": {"uv": [10.5, 12, 11.5, 14], "texture": "#0"},
				"south": {"uv": [12.5, 13, 11.5, 15], "texture": "#0"},
				"west": {"uv": [10.5, 12, 11.5, 14], "texture": "#0"},
				"up": {"uv": [11.5, 14, 10.5, 15], "texture": "#0"},
				"down": {"uv": [10.5, 14, 11.5, 15], "texture": "#0"}
			}
		},
		{
			"from": [-1.6, 3.6, 7.5],
			"to": [0.4, 8.6, 8.5],
			"rotation": {"angle": -22.5, "axis": "z", "origin": [1, 11, 8]},
			"faces": {
				"north": {"uv": [15, 10, 16, 12.5], "rotation": 180, "texture": "#0"},
				"east": {"uv": [9, 11.5, 9.5, 14], "rotation": 180, "texture": "#0"},
				"south": {"uv": [16, 10, 15, 12.5], "rotation": 180, "texture": "#0"},
				"west": {"uv": [12.5, 11.5, 13, 14], "rotation": 180, "texture": "#0"},
				"up": {"uv": [8.5, 13, 9, 14], "rotation": 270, "texture": "#0"},
				"down": {"uv": [8.5, 13, 9, 14], "rotation": 270, "texture": "#0"}
			}
		},
		{
			"from": [-2.4, 9.8, 7.2],
			"to": [0.6, 12.8, 8.8],
			"rotation": {"angle": 45, "axis": "z", "origin": [1, 11, 8]},
			"faces": {
				"north": {"uv": [4, 10.5, 5.5, 12], "texture": "#0"},
				"east": {"uv": [9.5, 13.5, 10.25, 15], "texture": "#0"},
				"south": {"uv": [5.5, 10.5, 4, 12], "texture": "#0"},
				"west": {"uv": [9.5, 13.5, 10.25, 15], "texture": "#0"},
				"up": {"uv": [5.5, 11.25, 7, 12], "texture": "#0"},
				"down": {"uv": [5.5, 10.5, 7, 11.25], "texture": "#0"}
			}
		},
		{
			"from": [14, 8.9, 7],
			"to": [16, 12.9, 9],
			"rotation": {"angle": -22.5, "axis": "z", "origin": [15, 11, 8]},
			"faces": {
				"north": {"uv": [12.5, 13, 11.5, 15], "texture": "#0"},
				"east": {"uv": [11.5, 12, 10.5, 14], "texture": "#0"},
				"south": {"uv": [11.5, 13, 12.5, 15], "texture": "#0"},
				"west": {"uv": [11.5, 12, 10.5, 14], "texture": "#0"},
				"up": {"uv": [10.5, 14, 11.5, 15], "texture": "#0"},
				"down": {"uv": [11.5, 14, 10.5, 15], "texture": "#0"}
			}
		},
		{
			"from": [15.6, 3.6, 7.5],
			"to": [17.6, 8.6, 8.5],
			"rotation": {"angle": 22.5, "axis": "z", "origin": [15, 11, 8]},
			"faces": {
				"north": {"uv": [16, 10, 15, 12.5], "rotation": 180, "texture": "#0"},
				"east": {"uv": [13, 11.5, 12.5, 14], "rotation": 180, "texture": "#0"},
				"south": {"uv": [15, 10, 16, 12.5], "rotation": 180, "texture": "#0"},
				"west": {"uv": [9.5, 11.5, 9, 14], "rotation": 180, "texture": "#0"},
				"up": {"uv": [8.5, 14, 9, 13], "rotation": 270, "texture": "#0"},
				"down": {"uv": [8.5, 14, 9, 13], "rotation": 270, "texture": "#0"}
			}
		},
		{
			"from": [15.4, 9.8, 7.2],
			"to": [18.4, 12.8, 8.8],
			"rotation": {"angle": -45, "axis": "z", "origin": [15, 11, 8]},
			"faces": {
				"north": {"uv": [5.5, 10.5, 4, 12], "texture": "#0"},
				"east": {"uv": [10.25, 13.5, 9.5, 15], "texture": "#0"},
				"south": {"uv": [4, 10.5, 5.5, 12], "texture": "#0"},
				"west": {"uv": [10.25, 13.5, 9.5, 15], "texture": "#0"},
				"up": {"uv": [7, 11.25, 5.5, 12], "texture": "#0"},
				"down": {"uv": [7, 10.5, 5.5, 11.25], "texture": "#0"}
			}
		},
		{
			"from": [1, 8.5, 6.9],
			"to": [6, 13.5, 6.9],
			"faces": {
				"north": {"uv": [13.5, 3.5, 16, 6], "texture": "#0"},
				"east": {"uv": [13.5, 3.5, 13.5, 6], "texture": "#0"},
				"south": {"uv": [13.5, 3.5, 16, 6], "texture": "#0"},
				"west": {"uv": [13.5, 3.5, 13.5, 6], "texture": "#0"},
				"up": {"uv": [0, 0, 2.5, 0], "texture": "#0"},
				"down": {"uv": [0, 0, 2.5, 0], "texture": "#0"}
			}
		},
		{
			"from": [1, 8.5, 9.1],
			"to": [6, 13.5, 9.1],
			"faces": {
				"north": {"uv": [13.5, 3.5, 16, 6], "texture": "#0"},
				"east": {"uv": [13.5, 3.5, 13.5, 6], "texture": "#0"},
				"south": {"uv": [13.5, 3.5, 16, 6], "texture": "#0"},
				"west": {"uv": [13.5, 3.5, 13.5, 6], "texture": "#0"},
				"up": {"uv": [0, 0, 2.5, 0], "texture": "#0"},
				"down": {"uv": [0, 0, 2.5, 0], "texture": "#0"}
			}
		},
		{
			"from": [10, 8.5, 9.1],
			"to": [15, 13.5, 9.1],
			"rotation": {"angle": 0, "axis": "y", "origin": [16, 0, 0]},
			"faces": {
				"north": {"uv": [16, 3.5, 13.5, 6], "texture": "#0"},
				"east": {"uv": [13.5, 3.5, 13.5, 6], "texture": "#0"},
				"south": {"uv": [16, 3.5, 13.5, 6], "texture": "#0"},
				"west": {"uv": [13.5, 3.5, 13.5, 6], "texture": "#0"},
				"up": {"uv": [2.5, 0, 0, 0], "texture": "#0"},
				"down": {"uv": [2.5, 0, 0, 0], "texture": "#0"}
			}
		},
		{
			"from": [10, 8.5, 6.9],
			"to": [15, 13.5, 6.9],
			"rotation": {"angle": 0, "axis": "y", "origin": [16, 0, 0]},
			"faces": {
				"north": {"uv": [16, 3.5, 13.5, 6], "texture": "#0"},
				"east": {"uv": [13.5, 3.5, 13.5, 6], "texture": "#0"},
				"south": {"uv": [16, 3.5, 13.5, 6], "texture": "#0"},
				"west": {"uv": [13.5, 3.5, 13.5, 6], "texture": "#0"},
				"up": {"uv": [2.5, 0, 0, 0], "texture": "#0"},
				"down": {"uv": [2.5, 0, 0, 0], "texture": "#0"}
			}
		},
		{
			"from": [7.5, 0, 8],
			"to": [20.5, 14, 8],
			"faces": {
				"north": {"uv": [0, 0, 13, 14], "texture": "#1"},
				"east": {"uv": [0, 0, 0, 6.5], "texture": "#missing"},
				"south": {"uv": [13, 0, 0, 14], "texture": "#1"},
				"west": {"uv": [0, 0, 0, 6.5], "texture": "#missing"},
				"up": {"uv": [0, 0, 5.5, 0], "texture": "#missing"},
				"down": {"uv": [0, 0, 5.5, 0], "texture": "#missing"}
			}
		},
		{
			"from": [15, 13, 8],
			"to": [19, 17, 8],
			"rotation": {"angle": -22.5, "axis": "z", "origin": [15.5, 15, 8]},
			"faces": {
				"north": {"uv": [12, 0.5, 8, 4.5], "texture": "#2"},
				"east": {"uv": [4, 2, 8, 2], "rotation": 90, "texture": "#missing"},
				"south": {"uv": [8, 0.5, 12, 4.5], "texture": "#2"},
				"west": {"uv": [4, 2, 8, 2], "rotation": 90, "texture": "#missing"},
				"up": {"uv": [4, 6, 4, 2], "rotation": 90, "texture": "#missing"},
				"down": {"uv": [4, 6, 4, 2], "rotation": 90, "texture": "#missing"}
			}
		},
		{
			"from": [9, 12, 8],
			"to": [13, 16, 8],
			"rotation": {"angle": 0, "axis": "y", "origin": [15.5, 15, 8]},
			"faces": {
				"north": {"uv": [12, 0.5, 8, 4.5], "texture": "#2"},
				"east": {"uv": [4, 2, 8, 2], "rotation": 90, "texture": "#missing"},
				"south": {"uv": [8, 0.5, 12, 4.5], "texture": "#2"},
				"west": {"uv": [4, 2, 8, 2], "rotation": 90, "texture": "#missing"},
				"up": {"uv": [4, 6, 4, 2], "rotation": 90, "texture": "#missing"},
				"down": {"uv": [4, 6, 4, 2], "rotation": 90, "texture": "#missing"}
			}
		},
		{
			"from": [3, 12, 8],
			"to": [7, 16, 8],
			"rotation": {"angle": 0, "axis": "y", "origin": [0.5, 15, 8]},
			"faces": {
				"north": {"uv": [8, 0.5, 12, 4.5], "texture": "#2"},
				"east": {"uv": [4, 2, 8, 2], "rotation": 90, "texture": "#missing"},
				"south": {"uv": [12, 0.5, 8, 4.5], "texture": "#2"},
				"west": {"uv": [4, 2, 8, 2], "rotation": 90, "texture": "#missing"},
				"up": {"uv": [4, 2, 4, 6], "rotation": 90, "texture": "#missing"},
				"down": {"uv": [4, 2, 4, 6], "rotation": 90, "texture": "#missing"}
			}
		},
		{
			"from": [-3, 13, 8],
			"to": [1, 17, 8],
			"rotation": {"angle": 22.5, "axis": "z", "origin": [0.5, 15, 8]},
			"faces": {
				"north": {"uv": [8, 0.5, 12, 4.5], "texture": "#2"},
				"east": {"uv": [4, 2, 8, 2], "rotation": 90, "texture": "#missing"},
				"south": {"uv": [12, 0.5, 8, 4.5], "texture": "#2"},
				"west": {"uv": [4, 2, 8, 2], "rotation": 90, "texture": "#missing"},
				"up": {"uv": [4, 2, 4, 6], "rotation": 90, "texture": "#missing"},
				"down": {"uv": [4, 2, 4, 6], "rotation": 90, "texture": "#missing"}
			}
		},
		{
			"from": [-4.5, 0, 8],
			"to": [8.5, 14, 8],
			"rotation": {"angle": 0, "axis": "y", "origin": [16, 0, 0]},
			"faces": {
				"north": {"uv": [13, 0, 0, 14], "texture": "#1"},
				"east": {"uv": [0, 0, 0, 6.5], "texture": "#missing"},
				"south": {"uv": [0, 0, 13, 14], "texture": "#1"},
				"west": {"uv": [0, 0, 0, 6.5], "texture": "#missing"},
				"up": {"uv": [5.5, 0, 0, 0], "texture": "#missing"},
				"down": {"uv": [5.5, 0, 0, 0], "texture": "#missing"}
			}
		}
	],
	"display": {
		"thirdperson_righthand": {
			"rotation": [0, 90, 0],
			"translation": [0, 4.75, 1.75],
			"scale": [0.625, 0.625, 0.625]
		},
		"thirdperson_lefthand": {
			"rotation": [0, -90, 0],
			"translation": [0, 4.75, 1.75],
			"scale": [0.625, 0.625, 0.625]
		},
		"firstperson_righthand": {
			"rotation": [0, 90, 20],
			"translation": [2, 3.25, 0.25],
			"scale": [0.485, 0.485, 0.485]
		},
		"firstperson_lefthand": {
			"rotation": [0, 90, 20],
			"translation": [2, 3.25, 0.25],
			"scale": [0.485, 0.485, 0.485]
		},
		"ground": {
			"translation": [0, 6, 0],
			"scale": [0.5, 0.5, 0.5]
		},
		"gui": {
			"rotation": [0, 180, 45],
			"translation": [2, 2, -2],
			"scale": [0.55, 0.55, 0.55]
		}
	},
	"groups": [
		0,
		1,
		2,
		3,
		4,
		5,
		6,
		7,
		8,
		9,
		10,
		11,
		12,
		13,
		14,
		15,
		16,
		17,
		18,
		19,
		{
			"name": "group",
			"origin": [1, 11, 8],
			"color": 0,
			"children": [20, 21, 22, 23, 24, 25]
		},
		{
			"name": "group",
			"origin": [1, 11, 8],
			"color": 0,
			"children": []
		},
		26,
		27,
		28,
		29,
		30,
		31,
		32,
		33,
		34,
		35
	]
}