{
	"credit": "Made with Blockbench",
	"texture_size": [32, 32],
	"textures": {
		"1": "item/multiple/gifts_2023/gift_animation",
		"7": "item/multiple/gifts_2023/gift_texture",
		"particle": "item/multiple/gifts_2023/gift_animation"
	},
	"elements": [
		{
			"from": [6.4525, -6.25, 6.4975],
			"to": [9.4525, -5.25, 9.4975],
			"rotation": {"angle": 0, "axis": "y", "origin": [8.0025, 7.875, 8]},
			"faces": {
				"north": {"uv": [9.5, 1, 11, 1.5], "texture": "#7"},
				"east": {"uv": [9, 8, 10.5, 8.5], "texture": "#7"},
				"south": {"uv": [9.5, 0, 11, 0.5], "texture": "#7"},
				"west": {"uv": [9.5, 0.5, 11, 1], "texture": "#7"},
				"up": {"uv": [9.5, 1.5, 8, 0], "rotation": 90, "texture": "#7"},
				"down": {"uv": [9.5, 1.5, 8, 3], "rotation": 270, "texture": "#7"}
			}
		},
		{
			"from": [6.4525, -15.25, 6.4975],
			"to": [9.4525, -12.25, 9.4975],
			"rotation": {"angle": 0, "axis": "y", "origin": [8.0025, 7.875, 8]},
			"faces": {
				"north": {"uv": [13, 6, 14.5, 7.5], "texture": "#7"},
				"east": {"uv": [11.5, 9, 13, 10.5], "texture": "#7"},
				"south": {"uv": [13, 9, 14.5, 10.5], "texture": "#7"},
				"west": {"uv": [11.5, 7.5, 13, 9], "texture": "#7"},
				"up": {"uv": [13, 7.5, 14.5, 9], "texture": "#7"},
				"down": {"uv": [11.5, 6, 13, 7.5], "texture": "#7"}
			}
		},
		{
			"from": [6.9525, -11.25, 7.9975],
			"to": [8.9525, -7.25, 7.9975],
			"rotation": {"angle": 0, "axis": "y", "origin": [8.0025, 7.875, 8]},
			"faces": {
				"north": {"uv": [11.25, 2, 12.25, 4], "texture": "#7"},
				"east": {"uv": [9, 8, 10.5, 8.5], "texture": "#7"},
				"south": {"uv": [12.25, 2, 11.25, 4], "texture": "#7"},
				"west": {"uv": [9.5, 0.5, 11, 1], "texture": "#7"},
				"up": {"uv": [9.5, 1.5, 8, 0], "rotation": 90, "texture": "#7"},
				"down": {"uv": [9.5, 1.5, 8, 3], "rotation": 270, "texture": "#7"}
			}
		},
		{
			"from": [6.9525, -7.25, 6.9975],
			"to": [8.9525, -6.25, 8.9975],
			"rotation": {"angle": 0, "axis": "y", "origin": [8.0025, 7.875, 8]},
			"faces": {
				"north": {"uv": [9.5, 9, 10.5, 9.5], "texture": "#7"},
				"east": {"uv": [9.5, 2.5, 10.5, 3], "texture": "#7"},
				"south": {"uv": [8.5, 9.5, 9.5, 10], "texture": "#7"},
				"west": {"uv": [9.5, 8.5, 10.5, 9], "texture": "#7"},
				"up": {"uv": [10, 7, 9, 6], "rotation": 90, "texture": "#7"},
				"down": {"uv": [10, 7, 9, 8], "rotation": 270, "texture": "#7"}
			}
		},
		{
			"from": [6.9525, -12.25, 6.9975],
			"to": [8.9525, -11.25, 8.9975],
			"rotation": {"angle": 0, "axis": "y", "origin": [8.0025, 8.125, 8]},
			"faces": {
				"north": {"uv": [9.5, 9.5, 10.5, 9], "texture": "#7"},
				"east": {"uv": [9.5, 3, 10.5, 2.5], "texture": "#7"},
				"south": {"uv": [8.5, 10, 9.5, 9.5], "texture": "#7"},
				"west": {"uv": [9.5, 9, 10.5, 8.5], "texture": "#7"},
				"up": {"uv": [9, 6, 10, 7], "rotation": 270, "texture": "#7"},
				"down": {"uv": [9, 7, 10, 6], "rotation": 90, "texture": "#7"}
			}
		},
		{
			"from": [7.5025, -5.3, 7.4975],
			"to": [8.5025, 4.5, 8.4975],
			"rotation": {"angle": 0, "axis": "y", "origin": [8.0025, 17.875, 8]},
			"faces": {
				"north": {"uv": [4, 5, 4.5, 10], "texture": "#7"},
				"east": {"uv": [2.5, 5, 3, 10], "texture": "#7"},
				"south": {"uv": [3, 5, 3.5, 10], "texture": "#7"},
				"west": {"uv": [3.5, 5, 4, 10], "texture": "#7"},
				"up": {"uv": [6, 8.5, 5.5, 8], "rotation": 90, "texture": "#7"},
				"down": {"uv": [10, 9.5, 9.5, 10], "rotation": 270, "texture": "#7"}
			}
		},
		{
			"from": [7.2525, 4.45, 7.2475],
			"to": [8.7525, 16.45, 8.7475],
			"rotation": {"angle": 0, "axis": "y", "origin": [8.0025, 17.875, 8]},
			"faces": {
				"north": {"uv": [0, 0, 0.75, 6], "texture": "#7"},
				"east": {"uv": [0.75, 0, 0, 6], "texture": "#7"},
				"south": {"uv": [0, 0, 0.75, 6], "texture": "#7"},
				"west": {"uv": [0.75, 0, 0, 6], "texture": "#7"},
				"up": {"uv": [0, 0, 0.75, 0.75], "texture": "#7"},
				"down": {"uv": [0, 0, 0.75, 0.75], "texture": "#7"}
			}
		},
		{
			"from": [3.90818, 18.65649, 6.4975],
			"to": [6.90818, 21.65649, 9.4975],
			"rotation": {"angle": 0, "axis": "y", "origin": [8.0025, 19.875, 8]},
			"faces": {
				"north": {"uv": [7.5, 4, 9, 5.5], "texture": "#7"},
				"east": {"uv": [6.5, 2.5, 8, 4], "texture": "#7"},
				"south": {"uv": [4.5, 6.5, 6, 8], "texture": "#7"},
				"west": {"uv": [6, 7, 7.5, 8.5], "texture": "#7"},
				"up": {"uv": [9, 7, 7.5, 5.5], "rotation": 90, "texture": "#7"},
				"down": {"uv": [9, 7, 7.5, 8.5], "rotation": 270, "texture": "#7"}
			}
		},
		{
			"from": [8.90818, 18.65649, 6.4975],
			"to": [11.90818, 21.65649, 9.4975],
			"rotation": {"angle": 0, "axis": "y", "origin": [8.0025, 19.875, 8]},
			"faces": {
				"north": {"uv": [6, 4, 7.5, 5.5], "texture": "#7"},
				"east": {"uv": [5, 1, 6.5, 2.5], "texture": "#7"},
				"south": {"uv": [5, 2.5, 6.5, 4], "texture": "#7"},
				"west": {"uv": [4.5, 5, 6, 6.5], "texture": "#7"},
				"up": {"uv": [7.5, 7, 6, 5.5], "rotation": 90, "texture": "#7"},
				"down": {"uv": [8, 1, 6.5, 2.5], "rotation": 270, "texture": "#7"}
			}
		},
		{
			"from": [6.90818, 19, 6.9975],
			"to": [8.90818, 21, 8.9975],
			"rotation": {"angle": 0, "axis": "y", "origin": [8.0025, 19.875, 8]},
			"faces": {
				"north": {"uv": [7.5, 8.5, 8.5, 9.5], "texture": "#7"},
				"east": {"uv": [4.5, 8, 5.5, 9], "texture": "#7"},
				"south": {"uv": [5.5, 8.5, 6.5, 9.5], "texture": "#7"},
				"west": {"uv": [6.5, 8.5, 7.5, 9.5], "texture": "#7"},
				"up": {"uv": [9.5, 9.5, 8.5, 8.5], "rotation": 90, "texture": "#7"},
				"down": {"uv": [10, 4, 9, 5], "rotation": 270, "texture": "#7"}
			}
		},
		{
			"from": [2, 16, 6],
			"to": [14, 19, 10],
			"rotation": {"angle": 0, "axis": "y", "origin": [8, 15.5, 8]},
			"faces": {
				"north": {"uv": [14, 0, 12.5, 6], "rotation": 270, "texture": "#7"},
				"east": {"uv": [11.75, 4, 10.25, 6], "rotation": 270, "texture": "#7"},
				"south": {"uv": [14.5, 6, 16, 12], "rotation": 270, "texture": "#7"},
				"west": {"uv": [11.75, 4, 10.25, 6], "rotation": 270, "texture": "#7"},
				"up": {"uv": [10, 16, 16, 14], "texture": "#7"},
				"down": {"uv": [10, 14, 16, 12], "texture": "#7"}
			}
		},
		{
			"from": [18.6194, 17.91342, 7],
			"to": [23.6194, 19.91342, 9],
			"rotation": {"angle": -45, "axis": "z", "origin": [14, 18, 8]},
			"faces": {
				"north": {"uv": [14.5, 12, 12, 11], "texture": "#7"},
				"east": {"uv": [11, 12, 12, 11], "texture": "#7"},
				"south": {"uv": [12, 12, 14.5, 11], "texture": "#7"},
				"west": {"uv": [11, 12, 12, 11], "texture": "#7"},
				"up": {"uv": [12, 12, 14.5, 11], "texture": "#7"},
				"down": {"uv": [12, 12, 14.5, 11], "texture": "#7"}
			}
		},
		{
			"from": [14, 16, 7],
			"to": [19, 18, 9],
			"rotation": {"angle": -22.5, "axis": "z", "origin": [14, 18, 8]},
			"faces": {
				"north": {"uv": [11, 12, 8.5, 11], "texture": "#7"},
				"east": {"uv": [7.5, 12, 8.5, 11], "texture": "#7"},
				"south": {"uv": [8.5, 12, 11, 11], "texture": "#7"},
				"west": {"uv": [7.5, 12, 8.5, 11], "texture": "#7"},
				"up": {"uv": [8.5, 12, 11, 11], "texture": "#7"},
				"down": {"uv": [8.5, 12, 11, 11], "texture": "#7"}
			}
		},
		{
			"from": [-7.6194, 17.91342, 7],
			"to": [-2.6194, 19.91342, 9],
			"rotation": {"angle": 45, "axis": "z", "origin": [2, 18, 8]},
			"faces": {
				"north": {"uv": [12, 12, 14.5, 11], "texture": "#7"},
				"east": {"uv": [12, 12, 11, 11], "texture": "#7"},
				"south": {"uv": [14.5, 12, 12, 11], "texture": "#7"},
				"west": {"uv": [12, 12, 11, 11], "texture": "#7"},
				"up": {"uv": [14.5, 12, 12, 11], "texture": "#7"},
				"down": {"uv": [14.5, 12, 12, 11], "texture": "#7"}
			}
		},
		{
			"from": [-3, 16, 7],
			"to": [2, 18, 9],
			"rotation": {"angle": 22.5, "axis": "z", "origin": [2, 18, 8]},
			"faces": {
				"north": {"uv": [8.5, 12, 11, 11], "texture": "#7"},
				"east": {"uv": [8.5, 12, 7.5, 11], "texture": "#7"},
				"south": {"uv": [11, 12, 8.5, 11], "texture": "#7"},
				"west": {"uv": [8.5, 12, 7.5, 11], "texture": "#7"},
				"up": {"uv": [11, 12, 8.5, 11], "texture": "#7"},
				"down": {"uv": [11, 12, 8.5, 11], "texture": "#7"}
			}
		},
		{
			"from": [3.00818, 9.65649, 7.9975],
			"to": [7.50818, 17.65649, 7.9975],
			"rotation": {"angle": 0, "axis": "y", "origin": [8.0025, 20.875, 8]},
			"faces": {
				"north": {"uv": [2.5, 0, 4.75, 4], "texture": "#7"},
				"east": {"uv": [0, 0, 0, 4], "texture": "#7"},
				"south": {"uv": [4.75, 0, 2.5, 4], "texture": "#7"},
				"west": {"uv": [0, 0, 0, 4], "texture": "#7"},
				"up": {"uv": [0, 2.25, 0, 0], "rotation": 90, "texture": "#7"},
				"down": {"uv": [0, 0, 0, 2.25], "rotation": 270, "texture": "#7"}
			}
		},
		{
			"from": [8.49682, 9.65649, 7.9975],
			"to": [12.99682, 17.65649, 7.9975],
			"rotation": {"angle": 0, "axis": "y", "origin": [8.0025, 20.875, 8]},
			"faces": {
				"north": {"uv": [4.75, 0, 2.5, 4], "texture": "#7"},
				"east": {"uv": [0, 0, 0, 4], "texture": "#7"},
				"south": {"uv": [2.5, 0, 4.75, 4], "texture": "#7"},
				"west": {"uv": [0, 0, 0, 4], "texture": "#7"},
				"up": {"uv": [0, 0, 0, 2.25], "rotation": 90, "texture": "#7"},
				"down": {"uv": [0, 2.25, 0, 0], "rotation": 270, "texture": "#7"}
			}
		},
		{
			"from": [7.6775, 19.75, 6.9875],
			"to": [8.1775, 20.25, 6.9875],
			"rotation": {"angle": 0, "axis": "y", "origin": [8.0025, 20.875, 8]},
			"faces": {
				"north": {"uv": [10, 4, 10.25, 4.25], "texture": "#7"},
				"east": {"uv": [0, 0, 0, 0.25], "texture": "#7"},
				"south": {"uv": [4, 10, 4.25, 10.25], "texture": "#7"},
				"west": {"uv": [0, 0, 0, 0.25], "texture": "#7"},
				"up": {"uv": [0, 0.25, 0, 0], "rotation": 90, "texture": "#7"},
				"down": {"uv": [0, 0, 0, 0.25], "rotation": 270, "texture": "#7"}
			}
		},
		{
			"from": [7.6775, 19.75, 9.0125],
			"to": [8.1775, 20.25, 9.0125],
			"rotation": {"angle": 0, "axis": "y", "origin": [8.0025, 18.875, 8]},
			"faces": {
				"north": {"uv": [10, 6, 10.25, 6.25], "texture": "#7"},
				"east": {"uv": [0, 0, 0, 0.25], "texture": "#7"},
				"south": {"uv": [10, 5.5, 10.25, 5.75], "texture": "#7"},
				"west": {"uv": [0, 0, 0, 0.25], "texture": "#7"},
				"up": {"uv": [0, 0.25, 0, 0], "rotation": 90, "texture": "#7"},
				"down": {"uv": [0, 0, 0, 0.25], "rotation": 270, "texture": "#7"}
			}
		},
		{
			"from": [4.51411, 19.21339, 7.4475],
			"to": [6.51411, 21.21339, 8.5475],
			"rotation": {"angle": -45, "axis": "z", "origin": [8.0025, 17.875, 8]},
			"faces": {
				"north": {"uv": [9, 5, 10, 6], "texture": "#7"},
				"east": {"uv": [5.5, 4, 6, 5], "texture": "#7"},
				"south": {"uv": [4.5, 9, 5.5, 10], "texture": "#7"},
				"west": {"uv": [9.5, 1.5, 10, 2.5], "texture": "#7"},
				"up": {"uv": [8, 10.5, 7.5, 9.5], "rotation": 90, "texture": "#7"},
				"down": {"uv": [8.5, 9.5, 8, 10.5], "rotation": 270, "texture": "#7"}
			}
		},
		{
			"from": [-8, 0, 7],
			"to": [8, 16, 7],
			"rotation": {"angle": 0, "axis": "y", "origin": [8, 4, 8]},
			"faces": {
				"north": {"uv": [0, 0, 16, 16], "texture": "#1"},
				"east": {"uv": [0, 0, 0, 8], "texture": "#missing"},
				"south": {"uv": [16, 0, 0, 16], "texture": "#1"},
				"west": {"uv": [0, 0, 0, 8], "texture": "#missing"},
				"up": {"uv": [0, 0, 8, 0], "texture": "#missing"},
				"down": {"uv": [0, 0, 8, 0], "texture": "#missing"}
			}
		},
		{
			"from": [6, 2, 7],
			"to": [22, 18, 7],
			"rotation": {"angle": 0, "axis": "y", "origin": [8, 4, 8]},
			"faces": {
				"north": {"uv": [16, 0, 0, 16], "texture": "#1"},
				"east": {"uv": [0, 0, 0, 8], "texture": "#missing"},
				"south": {"uv": [0, 0, 16, 16], "texture": "#1"},
				"west": {"uv": [0, 0, 0, 8], "texture": "#missing"},
				"up": {"uv": [8, 0, 0, 0], "texture": "#missing"},
				"down": {"uv": [8, 0, 0, 0], "texture": "#missing"}
			}
		},
		{
			"from": [3, 1, 9],
			"to": [19, 17, 9],
			"rotation": {"angle": 22.5, "axis": "z", "origin": [8, 10, 9]},
			"faces": {
				"north": {"uv": [16, 0, 0, 16], "texture": "#1"},
				"east": {"uv": [0, 0, 0, 8], "texture": "#missing"},
				"south": {"uv": [0, 0, 16, 16], "texture": "#1"},
				"west": {"uv": [0, 0, 0, 8], "texture": "#missing"},
				"up": {"uv": [8, 0, 0, 0], "texture": "#missing"},
				"down": {"uv": [8, 0, 0, 0], "texture": "#missing"}
			}
		}
	],
	"display": {
		"thirdperson_righthand": {
			"rotation": [0, 90, 0],
			"translation": [0, 2.25, 1.75],
			"scale": [0.55, 0.55, 0.55]
		},
		"thirdperson_lefthand": {
			"rotation": [0, -90, 0],
			"translation": [0, 2.25, 1.75],
			"scale": [0.55, 0.55, 0.55]
		},
		"firstperson_righthand": {
			"rotation": [0, 90, 20],
			"translation": [0.5, -0.25, 0.25],
			"scale": [0.45, 0.45, 0.45]
		},
		"firstperson_lefthand": {
			"rotation": [0, 90, 20],
			"translation": [0.5, -0.25, 0.25],
			"scale": [0.45, 0.45, 0.45]
		},
		"ground": {
			"translation": [0, 2.25, 0],
			"scale": [0.45, 0.45, 0.45]
		},
		"gui": {
			"rotation": [0, 0, -45],
			"translation": [1, 1, -1.5],
			"scale": [0.5, 0.5, 0.5]
		}
	},
	"groups": [
		{
			"name": "scythe",
			"origin": [0, 0, 0],
			"color": 0,
			"children": [0, 1, 2, 3, 4, 5, 6]
		},
		{
			"name": "knot",
			"origin": [0, 0, 0],
			"color": 0,
			"children": [
				7,
				8,
				9,
				10,
				{
					"name": "group",
					"origin": [14, 18, 8],
					"color": 0,
					"children": [11, 12]
				},
				{
					"name": "group",
					"origin": [14, 18, 8],
					"color": 0,
					"children": [13, 14]
				},
				15,
				16,
				17,
				18,
				19
			]
		},
		20,
		21,
		22
	]
}