{
  "display": {
    "thirdperson_righthand": {
      "rotation": [
        0,
        -90,
        0
      ],
      "translation": [
        0,
        4,
        1.75
      ],
      "scale": [
        0.6,
        0.6,
        0.6
      ]
    },
    "thirdperson_lefthand": {
      "rotation": [
        0,
        -90,
        0
      ],
      "translation": [
        0,
        4,
        1.75
      ],
      "scale": [
        0.6,
        0.6,
        0.6
      ]
    },
    "firstperson_righthand": {
      "rotation": [
        0,
        -90,
        -20
      ],
      "translation": [
        0.5,
        2,
        0.25
      ],
      "scale": [
        0.45,
        0.45,
        0.45
      ]
    },
    "firstperson_lefthand": {
      "rotation": [
        0,
        -90,
        -20
      ],
      "translation": [
        0.5,
        2,
        0.25
      ],
      "scale": [
        0.45,
        0.45,
        0.45
      ]
    },
    "ground": {
      "translation": [
        0,
        8,
        0
      ],
      "scale": [
        0.45,
        0.45,
        0.45
      ]
    },
    "gui": {
      "rotation": [
        22,
        7,
        -50
      ],
      "translation": [
        1.5,
        1,
        0
      ],
      "scale": [
        0.45,
        0.45,
        0.45
      ]
    },
    "fixed": {
      "rotation": [
        0,
        0,
        45
      ],
      "translation": [
        0,
        0,
        -0.75
      ],
      "scale": [
        0.47,
        0.47,
        0.47
      ]
    }
  },
  "texture_size": [
    64,
    64
  ],
  "textures": {
    "3": "item/pickaxes/golden_pickaxe"
  },
  "elements": [
    {
      "from": [
        7,
        -9,
        7
      ],
      "to": [
        9,
        15.2,
        9
      ],
      "rotation": {
        "angle": 0,
        "axis": "y",
        "origin": [
          0,
          -9,
          0
        ]
      },
      "faces": {
        "north": {
          "uv": [
            0,
            6.25,
            0.5,
            12.25
          ],
          "texture": "#3"
        },
        "east": {
          "uv": [
            0.5,
            6.25,
            1,
            12.25
          ],
          "texture": "#3"
        },
        "south": {
          "uv": [
            1,
            6.25,
            1.5,
            12.25
          ],
          "texture": "#3"
        },
        "west": {
          "uv": [
            1.5,
            6.25,
            2,
            12.25
          ],
          "texture": "#3"
        },
        "up": {
          "uv": [
            7,
            8.25,
            6.5,
            7.75
          ],
          "texture": "#3"
        },
        "down": {
          "uv": [
            7.5,
            7.75,
            7,
            8.25
          ],
          "texture": "#3"
        }
      }
    },
    {
      "from": [
        5,
        15.2,
        7
      ],
      "to": [
        11,
        17.2,
        9
      ],
      "rotation": {
        "angle": 0,
        "axis": "y",
        "origin": [
          -16,
          -11,
          0
        ]
      },
      "faces": {
        "north": {
          "uv": [
            3,
            7.25,
            4.5,
            7.75
          ],
          "texture": "#3"
        },
        "east": {
          "uv": [
            7.5,
            7.75,
            8,
            8.25
          ],
          "texture": "#3"
        },
        "south": {
          "uv": [
            4.5,
            7.25,
            6,
            7.75
          ],
          "texture": "#3"
        },
        "west": {
          "uv": [
            8,
            0,
            8.5,
            0.5
          ],
          "texture": "#3"
        },
        "up": {
          "uv": [
            7.5,
            7.75,
            6,
            7.25
          ],
          "texture": "#3"
        },
        "down": {
          "uv": [
            9,
            7.25,
            7.5,
            7.75
          ],
          "texture": "#3"
        }
      }
    },
    {
      "from": [
        6,
        4.2,
        4.975
      ],
      "to": [
        10,
        8.2,
        6.975
      ],
      "rotation": {
        "angle": 0,
        "axis": "y",
        "origin": [
          0,
          -4.8,
          -0.025
        ]
      },
      "faces": {
        "north": {
          "uv": [
            3,
            6.25,
            4,
            7.25
          ],
          "texture": "#3"
        },
        "east": {
          "uv": [
            3,
            7.75,
            3.5,
            8.75
          ],
          "texture": "#3"
        },
        "south": {
          "uv": [
            4,
            6.25,
            5,
            7.25
          ],
          "texture": "#3"
        },
        "west": {
          "uv": [
            3.5,
            7.75,
            4,
            8.75
          ],
          "texture": "#3"
        },
        "up": {
          "uv": [
            7,
            3.75,
            6,
            3.25
          ],
          "texture": "#3"
        },
        "down": {
          "uv": [
            5,
            7.75,
            4,
            8.25
          ],
          "texture": "#3"
        }
      }
    },
    {
      "from": [
        6.5,
        3.1,
        4.975
      ],
      "to": [
        9.5,
        5.1,
        5.975
      ],
      "rotation": {
        "angle": -22.5,
        "axis": "x",
        "origin": [
          8,
          3.6,
          5.975
        ]
      },
      "faces": {
        "north": {
          "uv": [
            5,
            7.75,
            5.75,
            8.25
          ],
          "texture": "#3"
        },
        "east": {
          "uv": [
            8.5,
            0.75,
            8.75,
            1.25
          ],
          "texture": "#3"
        },
        "south": {
          "uv": [
            5.75,
            7.75,
            6.5,
            8.25
          ],
          "texture": "#3"
        },
        "west": {
          "uv": [
            8.5,
            1.25,
            8.75,
            1.75
          ],
          "texture": "#3"
        },
        "up": {
          "uv": [
            6.75,
            4,
            6,
            3.75
          ],
          "texture": "#3"
        },
        "down": {
          "uv": [
            8.75,
            7,
            8,
            7.25
          ],
          "texture": "#3"
        }
      }
    },
    {
      "from": [
        8,
        0.1,
        1.65
      ],
      "to": [
        12,
        4.1,
        1.65
      ],
      "rotation": {
        "angle": 22.5,
        "axis": "x",
        "origin": [
          26,
          -8.9,
          6.975
        ]
      },
      "faces": {
        "north": {
          "uv": [
            5,
            6.25,
            6,
            7.25
          ],
          "texture": "#3"
        },
        "east": {
          "uv": [
            0,
            0,
            0,
            1
          ],
          "texture": "#3"
        },
        "south": {
          "uv": [
            6,
            6.25,
            7,
            7.25
          ],
          "texture": "#3"
        },
        "west": {
          "uv": [
            0,
            0,
            0,
            1
          ],
          "texture": "#3"
        },
        "up": {
          "uv": [
            1,
            0,
            0,
            0
          ],
          "texture": "#3"
        },
        "down": {
          "uv": [
            1,
            0,
            0,
            0
          ],
          "texture": "#3"
        }
      }
    },
    {
      "from": [
        4,
        0.1,
        1.675
      ],
      "to": [
        8,
        4.1,
        1.675
      ],
      "rotation": {
        "angle": 22.5,
        "axis": "x",
        "origin": [
          26,
          -8.9,
          6.975
        ]
      },
      "faces": {
        "north": {
          "uv": [
            7,
            2.25,
            8,
            3.25
          ],
          "texture": "#3"
        },
        "east": {
          "uv": [
            0,
            0,
            0,
            1
          ],
          "texture": "#3"
        },
        "south": {
          "uv": [
            7,
            3.25,
            8,
            4.25
          ],
          "texture": "#3"
        },
        "west": {
          "uv": [
            0,
            0,
            0,
            1
          ],
          "texture": "#3"
        },
        "up": {
          "uv": [
            1,
            0,
            0,
            0
          ],
          "texture": "#3"
        },
        "down": {
          "uv": [
            1,
            0,
            0,
            0
          ],
          "texture": "#3"
        }
      }
    },
    {
      "from": [
        3.1,
        16.575,
        8
      ],
      "to": [
        7.1,
        20.575,
        8
      ],
      "rotation": {
        "angle": 0,
        "axis": "y",
        "origin": [
          26.1,
          2.1,
          7.9
        ]
      },
      "faces": {
        "north": {
          "uv": [
            7,
            4.25,
            8,
            5.25
          ],
          "texture": "#3"
        },
        "east": {
          "uv": [
            0,
            0,
            0,
            1
          ],
          "texture": "#3"
        },
        "south": {
          "uv": [
            7,
            5.25,
            8,
            6.25
          ],
          "texture": "#3"
        },
        "west": {
          "uv": [
            0,
            0,
            0,
            1
          ],
          "texture": "#3"
        },
        "up": {
          "uv": [
            1,
            0,
            0,
            0
          ],
          "texture": "#3"
        },
        "down": {
          "uv": [
            1,
            0,
            0,
            0
          ],
          "texture": "#3"
        }
      }
    },
    {
      "from": [
        9.1,
        16.575,
        8
      ],
      "to": [
        13.1,
        20.575,
        8
      ],
      "rotation": {
        "angle": 0,
        "axis": "y",
        "origin": [
          26.1,
          2.1,
          7.9
        ]
      },
      "faces": {
        "north": {
          "uv": [
            7,
            6.25,
            8,
            7.25
          ],
          "texture": "#3"
        },
        "east": {
          "uv": [
            0,
            0,
            0,
            1
          ],
          "texture": "#3"
        },
        "south": {
          "uv": [
            2,
            7.25,
            3,
            8.25
          ],
          "texture": "#3"
        },
        "west": {
          "uv": [
            0,
            0,
            0,
            1
          ],
          "texture": "#3"
        },
        "up": {
          "uv": [
            1,
            0,
            0,
            0
          ],
          "texture": "#3"
        },
        "down": {
          "uv": [
            1,
            0,
            0,
            0
          ],
          "texture": "#3"
        }
      }
    },
    {
      "from": [
        1.9,
        15.6,
        7.4
      ],
      "to": [
        5.1,
        16.8,
        8.6
      ],
      "rotation": {
        "angle": 0,
        "axis": "y",
        "origin": [
          -12.5,
          -1,
          8
        ]
      },
      "faces": {
        "north": {
          "uv": [
            5,
            8.25,
            5.75,
            8.5
          ],
          "texture": "#3"
        },
        "east": {
          "uv": [
            6.75,
            3.75,
            7,
            4
          ],
          "texture": "#3"
        },
        "south": {
          "uv": [
            5.75,
            8.25,
            6.5,
            8.5
          ],
          "texture": "#3"
        },
        "west": {
          "uv": [
            8.5,
            6.75,
            8.75,
            7
          ],
          "texture": "#3"
        },
        "up": {
          "uv": [
            7.25,
            8.5,
            6.5,
            8.25
          ],
          "texture": "#3"
        },
        "down": {
          "uv": [
            8,
            8.25,
            7.25,
            8.5
          ],
          "texture": "#3"
        }
      }
    },
    {
      "from": [
        11,
        15.6,
        7.4
      ],
      "to": [
        14.2,
        16.8,
        8.6
      ],
      "rotation": {
        "angle": 0,
        "axis": "y",
        "origin": [
          -3.4,
          -1,
          8
        ]
      },
      "faces": {
        "north": {
          "uv": [
            8,
            8.25,
            8.75,
            8.5
          ],
          "texture": "#3"
        },
        "east": {
          "uv": [
            7,
            8.5,
            7.25,
            8.75
          ],
          "texture": "#3"
        },
        "south": {
          "uv": [
            8.5,
            0,
            9.25,
            0.25
          ],
          "texture": "#3"
        },
        "west": {
          "uv": [
            7.25,
            8.5,
            7.5,
            8.75
          ],
          "texture": "#3"
        },
        "up": {
          "uv": [
            9.25,
            0.5,
            8.5,
            0.25
          ],
          "texture": "#3"
        },
        "down": {
          "uv": [
            9.25,
            0.5,
            8.5,
            0.75
          ],
          "texture": "#3"
        }
      }
    },
    {
      "from": [
        -3.9,
        8.8,
        8
      ],
      "to": [
        20.1,
        16.8,
        8
      ],
      "rotation": {
        "angle": 0,
        "axis": "y",
        "origin": [
          9.1,
          18,
          8
        ]
      },
      "faces": {
        "north": {
          "uv": [
            0,
            0,
            6,
            2
          ],
          "texture": "#3"
        },
        "east": {
          "uv": [
            0,
            0,
            0,
            2
          ],
          "texture": "#3"
        },
        "south": {
          "uv": [
            0,
            2,
            6,
            4
          ],
          "texture": "#3"
        },
        "west": {
          "uv": [
            0,
            0,
            0,
            2
          ],
          "texture": "#3"
        },
        "up": {
          "uv": [
            6,
            0,
            0,
            0
          ],
          "texture": "#3"
        },
        "down": {
          "uv": [
            6,
            0,
            0,
            0
          ],
          "texture": "#3"
        }
      }
    },
    {
      "from": [
        6.8,
        -8.2,
        6.8
      ],
      "to": [
        9.2,
        -6.8,
        9.2
      ],
      "rotation": {
        "angle": 0,
        "axis": "y",
        "origin": [
          0,
          -9,
          0
        ]
      },
      "faces": {
        "north": {
          "uv": [
            8.5,
            1.75,
            9,
            2
          ],
          "texture": "#3"
        },
        "east": {
          "uv": [
            8.5,
            2,
            9,
            2.25
          ],
          "texture": "#3"
        },
        "south": {
          "uv": [
            8.5,
            2.25,
            9,
            2.5
          ],
          "texture": "#3"
        },
        "west": {
          "uv": [
            8.5,
            2.5,
            9,
            2.75
          ],
          "texture": "#3"
        },
        "up": {
          "uv": [
            8.5,
            1,
            8,
            0.5
          ],
          "texture": "#3"
        },
        "down": {
          "uv": [
            8.5,
            1,
            8,
            1.5
          ],
          "texture": "#3"
        }
      }
    },
    {
      "from": [
        6.8,
        -6.2,
        6.8
      ],
      "to": [
        9.2,
        -4.8,
        9.2
      ],
      "rotation": {
        "angle": 0,
        "axis": "y",
        "origin": [
          0,
          -9,
          0
        ]
      },
      "faces": {
        "north": {
          "uv": [
            8.5,
            2.75,
            9,
            3
          ],
          "texture": "#3"
        },
        "east": {
          "uv": [
            8.5,
            3,
            9,
            3.25
          ],
          "texture": "#3"
        },
        "south": {
          "uv": [
            8.5,
            3.25,
            9,
            3.5
          ],
          "texture": "#3"
        },
        "west": {
          "uv": [
            8.5,
            3.5,
            9,
            3.75
          ],
          "texture": "#3"
        },
        "up": {
          "uv": [
            8.5,
            2,
            8,
            1.5
          ],
          "texture": "#3"
        },
        "down": {
          "uv": [
            8.5,
            2,
            8,
            2.5
          ],
          "texture": "#3"
        }
      }
    },
    {
      "from": [
        6.8,
        -4.2,
        6.8
      ],
      "to": [
        9.2,
        -2.8,
        9.2
      ],
      "rotation": {
        "angle": 0,
        "axis": "y",
        "origin": [
          0,
          -9,
          0
        ]
      },
      "faces": {
        "north": {
          "uv": [
            8.5,
            3.75,
            9,
            4
          ],
          "texture": "#3"
        },
        "east": {
          "uv": [
            8.5,
            4,
            9,
            4.25
          ],
          "texture": "#3"
        },
        "south": {
          "uv": [
            8.5,
            4.25,
            9,
            4.5
          ],
          "texture": "#3"
        },
        "west": {
          "uv": [
            8.5,
            4.5,
            9,
            4.75
          ],
          "texture": "#3"
        },
        "up": {
          "uv": [
            8.5,
            3,
            8,
            2.5
          ],
          "texture": "#3"
        },
        "down": {
          "uv": [
            8.5,
            3,
            8,
            3.5
          ],
          "texture": "#3"
        }
      }
    },
    {
      "from": [
        6.8,
        -2.2,
        6.8
      ],
      "to": [
        9.2,
        -0.8,
        9.2
      ],
      "rotation": {
        "angle": 0,
        "axis": "y",
        "origin": [
          0,
          -9,
          0
        ]
      },
      "faces": {
        "north": {
          "uv": [
            8.5,
            4.75,
            9,
            5
          ],
          "texture": "#3"
        },
        "east": {
          "uv": [
            5,
            8.5,
            5.5,
            8.75
          ],
          "texture": "#3"
        },
        "south": {
          "uv": [
            8.5,
            5,
            9,
            5.25
          ],
          "texture": "#3"
        },
        "west": {
          "uv": [
            8.5,
            5.25,
            9,
            5.5
          ],
          "texture": "#3"
        },
        "up": {
          "uv": [
            8.5,
            4,
            8,
            3.5
          ],
          "texture": "#3"
        },
        "down": {
          "uv": [
            8.5,
            4,
            8,
            4.5
          ],
          "texture": "#3"
        }
      }
    },
    {
      "from": [
        6.8,
        5.6,
        6.8
      ],
      "to": [
        9.2,
        7,
        9.2
      ],
      "rotation": {
        "angle": 0,
        "axis": "y",
        "origin": [
          0,
          -14.4,
          0
        ]
      },
      "faces": {
        "north": {
          "uv": [
            5.5,
            8.5,
            6,
            8.75
          ],
          "texture": "#3"
        },
        "east": {
          "uv": [
            8.5,
            5.5,
            9,
            5.75
          ],
          "texture": "#3"
        },
        "south": {
          "uv": [
            8.5,
            5.75,
            9,
            6
          ],
          "texture": "#3"
        },
        "west": {
          "uv": [
            6,
            8.5,
            6.5,
            8.75
          ],
          "texture": "#3"
        },
        "up": {
          "uv": [
            8.5,
            5,
            8,
            4.5
          ],
          "texture": "#3"
        },
        "down": {
          "uv": [
            8.5,
            5,
            8,
            5.5
          ],
          "texture": "#3"
        }
      }
    },
    {
      "from": [
        6.9,
        14,
        6.9
      ],
      "to": [
        9.1,
        15.2,
        9.1
      ],
      "rotation": {
        "angle": 0,
        "axis": "y",
        "origin": [
          0,
          -6.1,
          0
        ]
      },
      "faces": {
        "north": {
          "uv": [
            8.5,
            6,
            9,
            6.25
          ],
          "texture": "#3"
        },
        "east": {
          "uv": [
            8.5,
            6.25,
            9,
            6.5
          ],
          "texture": "#3"
        },
        "south": {
          "uv": [
            6.5,
            8.5,
            7,
            8.75
          ],
          "texture": "#3"
        },
        "west": {
          "uv": [
            8.5,
            6.5,
            9,
            6.75
          ],
          "texture": "#3"
        },
        "up": {
          "uv": [
            8.5,
            6,
            8,
            5.5
          ],
          "texture": "#3"
        },
        "down": {
          "uv": [
            8.5,
            6,
            8,
            6.5
          ],
          "texture": "#3"
        }
      }
    },
    {
      "from": [
        6.325,
        14.775,
        6.8
      ],
      "to": [
        8.725,
        17.175,
        9.2
      ],
      "rotation": {
        "angle": -45,
        "axis": "z",
        "origin": [
          8.05,
          15.5,
          8
        ]
      },
      "faces": {
        "north": {
          "uv": [
            8,
            6.5,
            8.5,
            7
          ],
          "texture": "#3"
        },
        "east": {
          "uv": [
            8,
            7.75,
            8.5,
            8.25
          ],
          "texture": "#3"
        },
        "south": {
          "uv": [
            2,
            8.25,
            2.5,
            8.75
          ],
          "texture": "#3"
        },
        "west": {
          "uv": [
            2.5,
            8.25,
            3,
            8.75
          ],
          "texture": "#3"
        },
        "up": {
          "uv": [
            4.5,
            8.75,
            4,
            8.25
          ],
          "texture": "#3"
        },
        "down": {
          "uv": [
            5,
            8.25,
            4.5,
            8.75
          ],
          "texture": "#3"
        }
      }
    },
    {
      "from": [
        4,
        -16,
        8
      ],
      "to": [
        12,
        -7,
        8
      ],
      "rotation": {
        "angle": 0,
        "axis": "y",
        "origin": [
          0,
          -9,
          0
        ]
      },
      "faces": {
        "north": {
          "uv": [
            5,
            4,
            7,
            6.25
          ],
          "texture": "#3"
        },
        "east": {
          "uv": [
            0,
            0,
            0,
            2.25
          ],
          "texture": "#3"
        },
        "south": {
          "uv": [
            6,
            0,
            8,
            2.25
          ],
          "texture": "#3"
        },
        "west": {
          "uv": [
            0,
            0,
            0,
            2.25
          ],
          "texture": "#3"
        },
        "up": {
          "uv": [
            2,
            0,
            0,
            0
          ],
          "texture": "#3"
        },
        "down": {
          "uv": [
            2,
            0,
            0,
            0
          ],
          "texture": "#3"
        }
      }
    },
    {
      "from": [
        3,
        5.2,
        5.975
      ],
      "to": [
        13,
        14.2,
        5.975
      ],
      "rotation": {
        "angle": 0,
        "axis": "y",
        "origin": [
          -0.925,
          12.4,
          -2.025
        ]
      },
      "faces": {
        "north": {
          "uv": [
            0,
            4,
            2.5,
            6.25
          ],
          "texture": "#3"
        },
        "east": {
          "uv": [
            0,
            0,
            0,
            2.25
          ],
          "texture": "#3"
        },
        "south": {
          "uv": [
            2.5,
            4,
            5,
            6.25
          ],
          "texture": "#3"
        },
        "west": {
          "uv": [
            0,
            0,
            0,
            2.25
          ],
          "texture": "#3"
        },
        "up": {
          "uv": [
            2.5,
            0,
            0,
            0
          ],
          "texture": "#3"
        },
        "down": {
          "uv": [
            2.5,
            0,
            0,
            0
          ],
          "texture": "#3"
        }
      }
    },
    {
      "from": [
        11,
        6.775,
        6.85
      ],
      "to": [
        15,
        10.775,
        6.85
      ],
      "rotation": {
        "angle": -22.5,
        "axis": "x",
        "origin": [
          9,
          8.3,
          7.875
        ]
      },
      "faces": {
        "north": {
          "uv": [
            3,
            6.25,
            2,
            7.25
          ],
          "texture": "#3"
        },
        "east": {
          "uv": [
            0,
            0,
            0,
            1
          ],
          "texture": "#3"
        },
        "south": {
          "uv": [
            2,
            6.25,
            3,
            7.25
          ],
          "texture": "#3"
        },
        "west": {
          "uv": [
            0,
            0,
            0,
            1
          ],
          "texture": "#3"
        },
        "up": {
          "uv": [
            1,
            0,
            0,
            0
          ],
          "texture": "#3"
        },
        "down": {
          "uv": [
            1,
            0,
            0,
            0
          ],
          "texture": "#3"
        }
      }
    },
    {
      "from": [
        1,
        6.775,
        6.85
      ],
      "to": [
        5,
        10.775,
        6.85
      ],
      "rotation": {
        "angle": -22.5,
        "axis": "x",
        "origin": [
          7,
          8.3,
          7.875
        ]
      },
      "faces": {
        "north": {
          "uv": [
            2,
            6.25,
            3,
            7.25
          ],
          "texture": "#3"
        },
        "east": {
          "uv": [
            0,
            0,
            0,
            1
          ],
          "texture": "#3"
        },
        "south": {
          "uv": [
            3,
            6.25,
            2,
            7.25
          ],
          "texture": "#3"
        },
        "west": {
          "uv": [
            0,
            0,
            0,
            1
          ],
          "texture": "#3"
        },
        "up": {
          "uv": [
            0,
            0,
            1,
            0
          ],
          "texture": "#3"
        },
        "down": {
          "uv": [
            0,
            0,
            1,
            0
          ],
          "texture": "#3"
        }
      }
    }
  ]
}