{
	"credit": "Made with Blockbench",
	"textures": {
		"0": "item/multiple/xmas_golden_tree/golden_tree",
		"1": "item/multiple/xmas_golden_tree/golden_tree_animation_1texture",
		"particle": "item/multiple/xmas_golden_tree/golden_tree"
	},
	"elements": [
		{
			"from": [7, -6, 7],
			"to": [9, -2, 9],
			"faces": {
				"north": {"uv": [5.25, 2, 5.75, 3], "texture": "#0"},
				"east": {"uv": [5.25, 3, 5.75, 4], "texture": "#0"},
				"south": {"uv": [0, 5.5, 0.5, 6.5], "texture": "#0"},
				"west": {"uv": [5.5, 0.75, 6, 1.75], "texture": "#0"},
				"up": {"uv": [3, 3.75, 2.5, 3.25], "texture": "#0"},
				"down": {"uv": [7.25, 6.75, 6.75, 7.25], "texture": "#0"}
			}
		},
		{
			"from": [7, 0, 7],
			"to": [9, 11, 9],
			"rotation": {"angle": 0, "axis": "y", "origin": [0, 16, 0]},
			"faces": {
				"north": {"uv": [7.5, 3.75, 8, 1], "texture": "#0"},
				"east": {"uv": [8, 3.75, 8.5, 1], "texture": "#0"},
				"south": {"uv": [8.5, 3.75, 9, 1], "texture": "#0"},
				"west": {"uv": [9, 3.75, 9.5, 1], "texture": "#0"},
				"up": {"uv": [9, 0.5, 9.5, 0], "texture": "#0"},
				"down": {"uv": [9, 1, 9.5, 0.5], "texture": "#0"}
			}
		},
		{
			"from": [6.5, 11, 6.5],
			"to": [9.5, 13, 9.5],
			"faces": {
				"north": {"uv": [5.75, 6, 6.5, 6.5], "texture": "#0"},
				"east": {"uv": [6.25, 4, 7, 4.5], "texture": "#0"},
				"south": {"uv": [6.25, 5.5, 7, 6], "texture": "#0"},
				"west": {"uv": [0, 6.5, 0.75, 7], "texture": "#0"},
				"up": {"uv": [5.5, 5.5, 4.75, 4.75], "texture": "#0"},
				"down": {"uv": [2.25, 5, 1.5, 5.75], "texture": "#0"}
			}
		},
		{
			"from": [6.5, -8, 6.5],
			"to": [9.5, -6, 9.5],
			"faces": {
				"north": {"uv": [0.75, 6.5, 1.5, 7], "texture": "#0"},
				"east": {"uv": [3.5, 6.5, 4.25, 7], "texture": "#0"},
				"south": {"uv": [4.25, 6.5, 5, 7], "texture": "#0"},
				"west": {"uv": [6.5, 4.5, 7.25, 5], "texture": "#0"},
				"up": {"uv": [6, 0.75, 5.25, 0], "texture": "#0"},
				"down": {"uv": [1.5, 5.25, 0.75, 6], "texture": "#0"}
			}
		},
		{
			"from": [6, 13, 6],
			"to": [10, 15, 10],
			"faces": {
				"north": {"uv": [5.25, 4, 6.25, 4.5], "texture": "#0"},
				"east": {"uv": [2.25, 5.5, 3.25, 6], "texture": "#0"},
				"south": {"uv": [6.25, 4, 5.25, 4.5], "texture": "#0"},
				"west": {"uv": [4.25, 5.5, 5.25, 6], "texture": "#0"},
				"up": {"uv": [1, 4.5, 0, 3.5], "texture": "#0"},
				"down": {"uv": [4.5, 0, 3.5, 1], "texture": "#0"}
			}
		},
		{
			"from": [10, 13, 7],
			"to": [13, 15, 9],
			"rotation": {"angle": -45, "axis": "z", "origin": [10, 15, 8]},
			"faces": {
				"north": {"uv": [5.25, 4, 6, 4.5], "texture": "#0"},
				"east": {"uv": [2.25, 5.5, 2.75, 6], "texture": "#0"},
				"south": {"uv": [6, 4, 5.25, 4.5], "texture": "#0"},
				"west": {"uv": [4.25, 5.5, 4.75, 6], "texture": "#0"},
				"up": {"uv": [0.75, 4, 0, 3.5], "texture": "#0"},
				"down": {"uv": [4.25, 0, 3.5, 0.5], "texture": "#0"}
			}
		},
		{
			"from": [3, 13, 7],
			"to": [6, 15, 9],
			"rotation": {"angle": 45, "axis": "z", "origin": [6, 15, 8]},
			"faces": {
				"north": {"uv": [6, 4, 5.25, 4.5], "texture": "#0"},
				"east": {"uv": [4.75, 5.5, 4.25, 6], "texture": "#0"},
				"south": {"uv": [5.25, 4, 6, 4.5], "texture": "#0"},
				"west": {"uv": [2.75, 5.5, 2.25, 6], "texture": "#0"},
				"up": {"uv": [0, 4, 0.75, 3.5], "texture": "#0"},
				"down": {"uv": [3.5, 0, 4.25, 0.5], "texture": "#0"}
			}
		},
		{
			"from": [6, -10, 6],
			"to": [10, -8, 10],
			"faces": {
				"north": {"uv": [5.25, 5.5, 6.25, 6], "texture": "#0"},
				"east": {"uv": [5.75, 1.75, 6.75, 2.25], "texture": "#0"},
				"south": {"uv": [5.75, 2.25, 6.75, 2.75], "texture": "#0"},
				"west": {"uv": [5.75, 2.75, 6.75, 3.25], "texture": "#0"},
				"up": {"uv": [3.5, 4.75, 2.5, 3.75], "texture": "#0"},
				"down": {"uv": [4.5, 3.75, 3.5, 4.75], "texture": "#0"}
			}
		},
		{
			"from": [6.75, -2, 6.75],
			"to": [9.25, 0, 9.25],
			"faces": {
				"north": {"uv": [5.25, 5.5, 6.25, 6], "texture": "#0"},
				"east": {"uv": [5.75, 1.75, 6.75, 2.25], "texture": "#0"},
				"south": {"uv": [5.75, 2.25, 6.75, 2.75], "texture": "#0"},
				"west": {"uv": [5.75, 2.75, 6.75, 3.25], "texture": "#0"},
				"up": {"uv": [3.5, 4.75, 2.5, 3.75], "texture": "#0"},
				"down": {"uv": [4.5, 3.75, 3.5, 4.75], "texture": "#0"}
			}
		},
		{
			"from": [6.5, -12, 6.5],
			"to": [9.5, -10, 9.5],
			"faces": {
				"north": {"uv": [6, 1.25, 6.75, 1.75], "texture": "#0"},
				"east": {"uv": [3.5, 6, 4.25, 6.5], "texture": "#0"},
				"south": {"uv": [4.25, 6, 5, 6.5], "texture": "#0"},
				"west": {"uv": [5, 6, 5.75, 6.5], "texture": "#0"},
				"up": {"uv": [4, 5.5, 3.25, 4.75], "texture": "#0"},
				"down": {"uv": [4.75, 4.75, 4, 5.5], "texture": "#0"}
			}
		},
		{
			"from": [4, 15, 6],
			"to": [12, 17, 10],
			"faces": {
				"north": {"uv": [3.5, 1, 5.5, 1.5], "texture": "#0"},
				"east": {"uv": [5.5, 4.5, 6.5, 5], "texture": "#0"},
				"south": {"uv": [3.5, 1.5, 5.5, 2], "texture": "#0"},
				"west": {"uv": [5.5, 5, 6.5, 5.5], "texture": "#0"},
				"up": {"uv": [3.5, 1, 1.5, 0.125], "texture": "#0"},
				"down": {"uv": [3.5, 1, 1.5, 2], "texture": "#0"}
			}
		},
		{
			"from": [7, 21, 7.5],
			"to": [9, 23, 8.5],
			"faces": {
				"north": {"uv": [1, 3.5, 1.5, 4], "texture": "#0"},
				"east": {"uv": [3, 6, 3.25, 6.5], "texture": "#0"},
				"south": {"uv": [4, 2, 4.5, 2.5], "texture": "#0"},
				"west": {"uv": [3.25, 6, 3.5, 6.5], "texture": "#0"},
				"up": {"uv": [7.5, 1, 7, 0.75], "texture": "#0"},
				"down": {"uv": [4.25, 7, 3.75, 7.25], "texture": "#0"}
			}
		},
		{
			"from": [5, 23, 8],
			"to": [11, 32, 8],
			"rotation": {"angle": 0, "axis": "y", "origin": [0, -2, 0]},
			"faces": {
				"north": {"uv": [0, 0, 1.5, 2.25], "texture": "#0"},
				"east": {"uv": [0, 0, 0, 2.25], "texture": "#0"},
				"south": {"uv": [1.5, 0, 0, 2.25], "texture": "#0"},
				"west": {"uv": [0, 0, 0, 2.25], "texture": "#0"},
				"up": {"uv": [1.5, 0, 0, 0], "texture": "#0"},
				"down": {"uv": [1.5, 0, 0, 0], "texture": "#0"}
			}
		},
		{
			"from": [7.5, 23, 7.5],
			"to": [8.5, 28, 8.5],
			"rotation": {"angle": -45, "axis": "y", "origin": [8, 27.5, 8]},
			"faces": {
				"north": {"uv": [1.5, 6.75, 1.75, 8], "texture": "#0"},
				"east": {"uv": [1.75, 6.75, 2, 8], "texture": "#0"},
				"south": {"uv": [6.75, 2.5, 7, 3.75], "texture": "#0"},
				"west": {"uv": [6.5, 6.75, 6.75, 8], "texture": "#0"},
				"up": {"uv": [5.5, 1, 5.25, 0.75], "texture": "#0"},
				"down": {"uv": [5.5, 4.5, 5.25, 4.75], "texture": "#0"}
			}
		},
		{
			"from": [6.5, 17, 6.5],
			"to": [9.5, 21, 9.5],
			"rotation": {"angle": 0, "axis": "y", "origin": [8, 6, 8]},
			"faces": {
				"north": {"uv": [0, 4.5, 0.75, 5.5], "texture": "#0"},
				"east": {"uv": [4.5, 0, 5.25, 1], "texture": "#0"},
				"south": {"uv": [4.5, 2, 5.25, 3], "texture": "#0"},
				"west": {"uv": [4.5, 3, 5.25, 4], "texture": "#0"},
				"up": {"uv": [5.25, 4.75, 4.5, 4], "texture": "#0"},
				"down": {"uv": [3.25, 4.75, 2.5, 5.5], "texture": "#0"}
			}
		},
		{
			"from": [12, 15, 6.5],
			"to": [16, 17, 9.5],
			"rotation": {"angle": -22.5, "axis": "z", "origin": [12, 17, 8]},
			"faces": {
				"north": {"uv": [9.5, 1, 10.5, 0.5], "texture": "#0"},
				"east": {"uv": [9.5, 0.5, 10.25, 0], "texture": "#0"},
				"south": {"uv": [10.5, 1, 11.5, 0.5], "texture": "#0"},
				"west": {"uv": [10.5, 0.5, 11.25, 0], "texture": "#0"},
				"up": {"uv": [9.5, 1.75, 10.5, 1], "texture": "#0"},
				"down": {"uv": [10.5, 1.75, 11.5, 1], "texture": "#0"}
			}
		},
		{
			"from": [10, 16, 8],
			"to": [16, 20, 8],
			"rotation": {"angle": -22.5, "axis": "z", "origin": [12, 17, 8]},
			"faces": {
				"north": {"uv": [4.25, 8, 5.75, 7], "texture": "#0"},
				"east": {"uv": [2.25, 5.5, 2.5, 5], "texture": "#0"},
				"south": {"uv": [5.75, 8, 4.25, 7], "texture": "#0"},
				"west": {"uv": [0.5, 6, 0.75, 5.5], "texture": "#0"},
				"up": {"uv": [8, 0.25, 7, 0], "texture": "#0"},
				"down": {"uv": [1, 7, 0, 7.25], "texture": "#0"}
			}
		},
		{
			"from": [16, 15, 7.5],
			"to": [17, 18, 8.5],
			"rotation": {"angle": -22.5, "axis": "z", "origin": [12, 17, 8]},
			"faces": {
				"north": {"uv": [0.75, 5.25, 1, 4.5], "texture": "#0"},
				"east": {"uv": [7, 3, 7.25, 2.25], "texture": "#0"},
				"south": {"uv": [7, 3.75, 7.25, 3], "texture": "#0"},
				"west": {"uv": [3.5, 7.75, 3.75, 7], "texture": "#0"},
				"up": {"uv": [2.25, 6, 2, 5.75], "texture": "#0"},
				"down": {"uv": [5.75, 1.75, 5.5, 2], "texture": "#0"}
			}
		},
		{
			"from": [9, 17, 10],
			"to": [12, 20, 10],
			"rotation": {"angle": 22.5, "axis": "x", "origin": [10.5, 17, 10]},
			"faces": {
				"north": {"uv": [7.25, 6.25, 8, 5.5], "texture": "#0"},
				"east": {"uv": [6.25, 4.5, 5.5, 4.5], "rotation": 90, "texture": "#0"},
				"south": {"uv": [7.25, 5.5, 8, 6.25], "rotation": 180, "texture": "#0"},
				"west": {"uv": [6.25, 5, 5.5, 5], "rotation": 270, "texture": "#0"},
				"up": {"uv": [3.5, 1, 5.5, 1], "rotation": 180, "texture": "#0"},
				"down": {"uv": [3.5, 1.5, 5.5, 1.5], "texture": "#0"}
			}
		},
		{
			"from": [9, 17, 6],
			"to": [12, 20, 6],
			"rotation": {"angle": -22.5, "axis": "x", "origin": [10.5, 17, 6]},
			"faces": {
				"north": {"uv": [8, 5.5, 7.25, 6.25], "rotation": 180, "texture": "#0"},
				"east": {"uv": [6.25, 4.5, 5.5, 4.5], "rotation": 90, "texture": "#0"},
				"south": {"uv": [8, 6.25, 7.25, 5.5], "texture": "#0"},
				"west": {"uv": [6.25, 5, 5.5, 5], "rotation": 270, "texture": "#0"},
				"up": {"uv": [3.5, 1, 5.5, 1], "rotation": 180, "texture": "#0"},
				"down": {"uv": [3.5, 1.5, 5.5, 1.5], "texture": "#0"}
			}
		},
		{
			"from": [16.53073, 8.30448, 7.4],
			"to": [17.73073, 11.30448, 8.6],
			"rotation": {"angle": 22.5, "axis": "z", "origin": [16.6, 15, 8]},
			"faces": {
				"north": {"uv": [8.25, 0.75, 8.5, 0], "texture": "#0"},
				"east": {"uv": [8, 1, 8.25, 0.25], "texture": "#0"},
				"south": {"uv": [8.5, 0.75, 8.75, 0], "texture": "#0"},
				"west": {"uv": [8.75, 0.75, 9, 0], "texture": "#0"},
				"up": {"uv": [8, 0.25, 8.25, 0], "texture": "#0"},
				"down": {"uv": [8, 0.25, 8.25, 0], "texture": "#0"}
			}
		},
		{
			"from": [16.6, 13, 7],
			"to": [20.6, 15, 9],
			"rotation": {"angle": -45, "axis": "z", "origin": [16.6, 15, 8]},
			"faces": {
				"north": {"uv": [6, 1, 7, 0.5], "texture": "#0"},
				"east": {"uv": [1, 7.5, 1.5, 7], "texture": "#0"},
				"south": {"uv": [0.5, 6.5, 1.5, 6], "texture": "#0"},
				"west": {"uv": [7, 1.75, 7.5, 1.25], "texture": "#0"},
				"up": {"uv": [2, 6, 2.5, 7], "rotation": 270, "texture": "#0"},
				"down": {"uv": [1.5, 6.75, 2, 5.75], "rotation": 90, "texture": "#0"}
			}
		},
		{
			"from": [10, 11, 8],
			"to": [18, 16, 8],
			"rotation": {"angle": -45, "axis": "z", "origin": [10, 15, 8]},
			"faces": {
				"north": {"uv": [9.5, 3, 11.5, 1.75], "texture": "#0"},
				"east": {"uv": [2.25, 5.5, 3.25, 6], "texture": "#0"},
				"south": {"uv": [11.5, 3, 9.5, 1.75], "texture": "#0"},
				"west": {"uv": [4.25, 5.5, 5.25, 6], "texture": "#0"},
				"up": {"uv": [1, 4.5, 0, 3.5], "texture": "#0"},
				"down": {"uv": [4.5, 0, 3.5, 1], "texture": "#0"}
			}
		},
		{
			"from": [0, 15, 6.5],
			"to": [4, 17, 9.5],
			"rotation": {"angle": 22.5, "axis": "z", "origin": [4, 17, 8]},
			"faces": {
				"north": {"uv": [10.5, 1, 9.5, 0.5], "texture": "#0"},
				"east": {"uv": [11.25, 0.5, 10.5, 0], "texture": "#0"},
				"south": {"uv": [11.5, 1, 10.5, 0.5], "texture": "#0"},
				"west": {"uv": [10.25, 0.5, 9.5, 0], "texture": "#0"},
				"up": {"uv": [10.5, 1.75, 9.5, 1], "texture": "#0"},
				"down": {"uv": [11.5, 1.75, 10.5, 1], "texture": "#0"}
			}
		},
		{
			"from": [0, 16, 8],
			"to": [6, 20, 8],
			"rotation": {"angle": 22.5, "axis": "z", "origin": [4, 17, 8]},
			"faces": {
				"north": {"uv": [5.75, 8, 4.25, 7], "texture": "#0"},
				"east": {"uv": [0.75, 6, 0.5, 5.5], "texture": "#0"},
				"south": {"uv": [4.25, 8, 5.75, 7], "texture": "#0"},
				"west": {"uv": [2.5, 5.5, 2.25, 5], "texture": "#0"},
				"up": {"uv": [7, 0.25, 8, 0], "texture": "#0"},
				"down": {"uv": [0, 7, 1, 7.25], "texture": "#0"}
			}
		},
		{
			"from": [-1, 15, 7.5],
			"to": [0, 18, 8.5],
			"rotation": {"angle": 22.5, "axis": "z", "origin": [4, 17, 8]},
			"faces": {
				"north": {"uv": [1, 5.25, 0.75, 4.5], "texture": "#0"},
				"east": {"uv": [3.75, 7.75, 3.5, 7], "texture": "#0"},
				"south": {"uv": [7.25, 3.75, 7, 3], "texture": "#0"},
				"west": {"uv": [7.25, 3, 7, 2.25], "texture": "#0"},
				"up": {"uv": [2, 6, 2.25, 5.75], "texture": "#0"},
				"down": {"uv": [5.5, 1.75, 5.75, 2], "texture": "#0"}
			}
		},
		{
			"from": [4, 17, 10],
			"to": [7, 20, 10],
			"rotation": {"angle": 22.5, "axis": "x", "origin": [5.5, 17, 10]},
			"faces": {
				"north": {"uv": [8, 6.25, 7.25, 5.5], "texture": "#0"},
				"east": {"uv": [6.25, 5, 5.5, 5], "rotation": 270, "texture": "#0"},
				"south": {"uv": [8, 5.5, 7.25, 6.25], "rotation": 180, "texture": "#0"},
				"west": {"uv": [6.25, 4.5, 5.5, 4.5], "rotation": 90, "texture": "#0"},
				"up": {"uv": [5.5, 1, 3.5, 1], "rotation": 180, "texture": "#0"},
				"down": {"uv": [5.5, 1.5, 3.5, 1.5], "texture": "#0"}
			}
		},
		{
			"from": [4, 17, 6],
			"to": [7, 20, 6],
			"rotation": {"angle": -22.5, "axis": "x", "origin": [5.5, 17, 6]},
			"faces": {
				"north": {"uv": [7.25, 5.5, 8, 6.25], "rotation": 180, "texture": "#0"},
				"east": {"uv": [6.25, 5, 5.5, 5], "rotation": 270, "texture": "#0"},
				"south": {"uv": [7.25, 6.25, 8, 5.5], "texture": "#0"},
				"west": {"uv": [6.25, 4.5, 5.5, 4.5], "rotation": 90, "texture": "#0"},
				"up": {"uv": [5.5, 1, 3.5, 1], "rotation": 180, "texture": "#0"},
				"down": {"uv": [5.5, 1.5, 3.5, 1.5], "texture": "#0"}
			}
		},
		{
			"from": [-1.73073, 8.30448, 7.4],
			"to": [-0.53073, 11.30448, 8.6],
			"rotation": {"angle": -22.5, "axis": "z", "origin": [-0.6, 15, 8]},
			"faces": {
				"north": {"uv": [8.5, 0.75, 8.25, 0], "texture": "#0"},
				"east": {"uv": [9, 0.75, 8.75, 0], "texture": "#0"},
				"south": {"uv": [8.75, 0.75, 8.5, 0], "texture": "#0"},
				"west": {"uv": [8.25, 1, 8, 0.25], "texture": "#0"},
				"up": {"uv": [8.25, 0.25, 8, 0], "texture": "#0"},
				"down": {"uv": [8.25, 0.25, 8, 0], "texture": "#0"}
			}
		},
		{
			"from": [-4.6, 13, 7],
			"to": [-0.6, 15, 9],
			"rotation": {"angle": 45, "axis": "z", "origin": [-0.6, 15, 8]},
			"faces": {
				"north": {"uv": [7, 1, 6, 0.5], "texture": "#0"},
				"east": {"uv": [7.5, 1.75, 7, 1.25], "texture": "#0"},
				"south": {"uv": [1.5, 6.5, 0.5, 6], "texture": "#0"},
				"west": {"uv": [1.5, 7.5, 1, 7], "texture": "#0"},
				"up": {"uv": [2, 7, 2.5, 6], "rotation": 270, "texture": "#0"},
				"down": {"uv": [1.5, 5.75, 2, 6.75], "rotation": 90, "texture": "#0"}
			}
		},
		{
			"from": [-2, 11, 8],
			"to": [6, 16, 8],
			"rotation": {"angle": 45, "axis": "z", "origin": [6, 15, 8]},
			"faces": {
				"north": {"uv": [11.5, 3, 9.5, 1.75], "texture": "#0"},
				"east": {"uv": [5.25, 5.5, 4.25, 6], "texture": "#0"},
				"south": {"uv": [9.5, 3, 11.5, 1.75], "texture": "#0"},
				"west": {"uv": [3.25, 5.5, 2.25, 6], "texture": "#0"},
				"up": {"uv": [0, 4.5, 1, 3.5], "texture": "#0"},
				"down": {"uv": [3.5, 0, 4.5, 1], "texture": "#0"}
			}
		},
		{
			"from": [4, 15, 7.4],
			"to": [12, 25, 7.4],
			"rotation": {"angle": 0, "axis": "y", "origin": [16, 0, 16]},
			"faces": {
				"north": {"uv": [8, 0, 0, 10], "texture": "#1"},
				"east": {"uv": [0, 0, 0, 10], "texture": "#1"},
				"south": {"uv": [8, 0, 0, 10], "texture": "#1"},
				"west": {"uv": [0, 0, 0, 10], "texture": "#1"},
				"up": {"uv": [0, 8, 0, 0], "rotation": 270, "texture": "#1"},
				"down": {"uv": [0, 8, 0, 0], "rotation": 90, "texture": "#1"}
			}
		},
		{
			"from": [11, 1, 8],
			"to": [19, 11, 8],
			"rotation": {"angle": 0, "axis": "y", "origin": [16, 0, 16]},
			"faces": {
				"north": {"uv": [8, 0, 0, 10], "texture": "#1"},
				"east": {"uv": [0, 0, 0, 10], "texture": "#1"},
				"south": {"uv": [8, 0, 0, 10], "texture": "#1"},
				"west": {"uv": [0, 0, 0, 10], "texture": "#1"},
				"up": {"uv": [0, 8, 0, 0], "rotation": 270, "texture": "#1"},
				"down": {"uv": [0, 8, 0, 0], "rotation": 90, "texture": "#1"}
			}
		},
		{
			"from": [-3, 1, 8],
			"to": [5, 11, 8],
			"rotation": {"angle": 0, "axis": "y", "origin": [0, 0, 16]},
			"faces": {
				"north": {"uv": [0, 0, 8, 10], "texture": "#1"},
				"east": {"uv": [0, 0, 0, 10], "texture": "#1"},
				"south": {"uv": [0, 0, 8, 10], "texture": "#1"},
				"west": {"uv": [0, 0, 0, 10], "texture": "#1"},
				"up": {"uv": [0, 0, 0, 8], "rotation": 270, "texture": "#1"},
				"down": {"uv": [0, 0, 0, 8], "rotation": 90, "texture": "#1"}
			}
		},
		{
			"from": [4, 15, 8.6],
			"to": [12, 25, 8.6],
			"rotation": {"angle": 0, "axis": "y", "origin": [16, 0, 0]},
			"faces": {
				"north": {"uv": [0, 0, 8, 10], "texture": "#1"},
				"east": {"uv": [0, 0, 0, 10], "texture": "#1"},
				"south": {"uv": [0, 0, 8, 10], "texture": "#1"},
				"west": {"uv": [0, 0, 0, 10], "texture": "#1"},
				"up": {"uv": [0, 8, 0, 0], "rotation": 270, "texture": "#1"},
				"down": {"uv": [0, 8, 0, 0], "rotation": 90, "texture": "#1"}
			}
		}
	],
	"display": {
		"thirdperson_righthand": {
			"rotation": [0, 90, 0],
			"translation": [0, 2, 1.75],
			"scale": [0.6, 0.6, 0.6]
		},
		"thirdperson_lefthand": {
			"rotation": [0, -90, 0],
			"translation": [0, 2, 1.75],
			"scale": [0.6, 0.6, 0.6]
		},
		"firstperson_righthand": {
			"rotation": [0, 90, 20],
			"translation": [0.5, -0.25, 0.25],
			"scale": [0.45, 0.45, 0.45]
		},
		"firstperson_lefthand": {
			"rotation": [0, 90, 20],
			"translation": [0.5, -0.25, 0.25],
			"scale": [0.45, 0.45, 0.45]
		},
		"ground": {
			"translation": [0, 2.25, 0],
			"scale": [0.45, 0.45, 0.45]
		},
		"gui": {
			"rotation": [0, 0, -45],
			"translation": [-0.5, -0.75, 0],
			"scale": [0.45, 0.45, 0.45]
		}
	},
	"groups": [
		0,
		1,
		2,
		3,
		4,
		5,
		6,
		7,
		8,
		9,
		10,
		11,
		12,
		13,
		14,
		{
			"name": "group",
			"origin": [12, 2, 8],
			"color": 0,
			"children": [
				{
					"name": "group",
					"origin": [12, 2, 8],
					"color": 0,
					"children": [15, 16, 17]
				},
				{
					"name": "group",
					"origin": [10.5, 2, 6],
					"color": 0,
					"children": [18, 19]
				},
				{
					"name": "group",
					"origin": [8, 3, 4],
					"color": 0,
					"children": [20, 21]
				},
				22
			]
		},
		{
			"name": "group",
			"origin": [12, 2, 8],
			"color": 0,
			"children": [
				{
					"name": "group",
					"origin": [12, 2, 8],
					"color": 0,
					"children": [23, 24, 25]
				},
				{
					"name": "group",
					"origin": [10.5, 2, 6],
					"color": 0,
					"children": [26, 27]
				},
				{
					"name": "group",
					"origin": [8, 3, 4],
					"color": 0,
					"children": [28, 29]
				},
				30
			]
		},
		31,
		32,
		33,
		34
	]
}