{
	"credit": "Made with Blockbench",
	"texture_size": [64, 64],
	"textures": {
		"0": "item/multiple/necrodius/1",
		"1": "item/multiple/necrodius/2",
		"particle": "item/multiple/necrodius/1"
	},
	"elements": [
		{
			"from": [8, 4, 7.5],
			"to": [10, 15, 9.5],
			"rotation": {"angle": 0, "axis": "y", "origin": [17, 0, 0.5]},
			"faces": {
				"north": {"uv": [3.75, 3.75, 4.25, 6.5], "texture": "#0"},
				"east": {"uv": [0, 4, 0.5, 6.75], "texture": "#0"},
				"south": {"uv": [0.5, 4, 1, 6.75], "texture": "#0"},
				"west": {"uv": [1, 4, 1.5, 6.75], "texture": "#0"},
				"up": {"uv": [4.75, 1.25, 4.25, 0.75], "texture": "#0"},
				"down": {"uv": [4.25, 7.25, 3.75, 7.75], "texture": "#0"}
			}
		},
		{
			"from": [6.5, 2, 8],
			"to": [7.5, 15, 9],
			"rotation": {"angle": 0, "axis": "y", "origin": [17, 0, 0.5]},
			"faces": {
				"north": {"uv": [2.75, 4, 3, 7.25], "texture": "#0"},
				"east": {"uv": [3, 4, 3.25, 7.25], "texture": "#0"},
				"south": {"uv": [3.25, 4, 3.5, 7.25], "texture": "#0"},
				"west": {"uv": [3.5, 4, 3.75, 7.25], "texture": "#0"},
				"up": {"uv": [3.75, 1.5, 3.5, 1.25], "texture": "#0"},
				"down": {"uv": [6, 1.75, 5.75, 2], "texture": "#0"}
			}
		},
		{
			"from": [7.5, 15, 7],
			"to": [10.5, 18, 10],
			"rotation": {"angle": 0, "axis": "y", "origin": [17, 0, 0.5]},
			"faces": {
				"north": {"uv": [6.25, 3.75, 7, 4.5], "texture": "#0"},
				"east": {"uv": [6.25, 4.5, 7, 5.25], "texture": "#0"},
				"south": {"uv": [6.25, 5.25, 7, 6], "texture": "#0"},
				"west": {"uv": [6.25, 6, 7, 6.75], "texture": "#0"},
				"up": {"uv": [7.25, 1.5, 6.5, 0.75], "texture": "#0"},
				"down": {"uv": [6, 6.5, 5.25, 7.25], "texture": "#0"}
			}
		},
		{
			"from": [5.5, 21, 6],
			"to": [10.5, 26, 11],
			"rotation": {"angle": 0, "axis": "y", "origin": [17, 0, 0.5]},
			"faces": {
				"north": {"uv": [0, 1.5, 1.25, 2.75], "texture": "#0"},
				"east": {"uv": [1.25, 1.5, 2.5, 2.75], "texture": "#0"},
				"south": {"uv": [2.5, 1.5, 3.75, 2.75], "texture": "#0"},
				"west": {"uv": [0, 2.75, 1.25, 4], "texture": "#0"},
				"up": {"uv": [2.5, 4, 1.25, 2.75], "texture": "#0"},
				"down": {"uv": [3.75, 2.75, 2.5, 4], "texture": "#0"}
			}
		},
		{
			"from": [6, 18, 6.5],
			"to": [10, 20, 10.5],
			"rotation": {"angle": 0, "axis": "y", "origin": [17, 41, 1]},
			"faces": {
				"north": {"uv": [0.125, 2, 1.125, 1.5], "texture": "#0"},
				"east": {"uv": [1.375, 2, 2.375, 1.5], "texture": "#0"},
				"south": {"uv": [2.625, 2, 3.625, 1.5], "texture": "#0"},
				"west": {"uv": [0.125, 3.25, 1.125, 2.75], "texture": "#0"},
				"up": {"uv": [3.625, 3.75, 2.625, 2.75], "texture": "#0"},
				"down": {"uv": [2.375, 2.75, 1.375, 3.75], "texture": "#0"}
			}
		},
		{
			"from": [3, 25, 8],
			"to": [8, 30, 8],
			"rotation": {"angle": 0, "axis": "y", "origin": [17, 0, 0.5]},
			"faces": {
				"north": {"uv": [3, 0, 4.25, 1.25], "texture": "#0"},
				"south": {"uv": [4.25, 0, 3, 1.25], "texture": "#0"}
			}
		},
		{
			"from": [8, 25, 8],
			"to": [13, 30, 8],
			"rotation": {"angle": 0, "axis": "y", "origin": [-1, 0, 0.5]},
			"faces": {
				"north": {"uv": [4.25, 0, 3, 1.25], "texture": "#0"},
				"south": {"uv": [3, 0, 4.25, 1.25], "texture": "#0"}
			}
		},
		{
			"from": [7.5, 0, 7],
			"to": [10.5, 4, 10],
			"rotation": {"angle": 0, "axis": "y", "origin": [17, 0, 0.5]},
			"faces": {
				"north": {"uv": [5.5, 3.5, 6.25, 4.5], "texture": "#0"},
				"east": {"uv": [5.5, 4.5, 6.25, 5.5], "texture": "#0"},
				"south": {"uv": [5.5, 5.5, 6.25, 6.5], "texture": "#0"},
				"west": {"uv": [5.75, 0.75, 6.5, 1.75], "texture": "#0"},
				"up": {"uv": [0.75, 7.5, 0, 6.75], "texture": "#0"},
				"down": {"uv": [7.5, 0, 6.75, 0.75], "texture": "#0"}
			}
		},
		{
			"from": [5.5, 15, 7.5],
			"to": [7.5, 17, 9.5],
			"rotation": {"angle": 0, "axis": "y", "origin": [17, 0, 0.5]},
			"faces": {
				"north": {"uv": [4.25, 7.25, 4.75, 7.75], "texture": "#0"},
				"east": {"uv": [5.25, 7.25, 5.75, 7.75], "texture": "#0"},
				"south": {"uv": [5.75, 7.25, 6.25, 7.75], "texture": "#0"},
				"west": {"uv": [6.25, 7.25, 6.75, 7.75], "texture": "#0"},
				"up": {"uv": [7.25, 7.75, 6.75, 7.25], "texture": "#0"},
				"down": {"uv": [7.75, 7.25, 7.25, 7.75], "texture": "#0"}
			}
		},
		{
			"from": [5.5, 0, 7.5],
			"to": [7.5, 2, 9.5],
			"rotation": {"angle": 0, "axis": "y", "origin": [17, 0, 0.5]},
			"faces": {
				"north": {"uv": [0, 7.5, 0.5, 8], "texture": "#0"},
				"east": {"uv": [7.5, 0, 8, 0.5], "texture": "#0"},
				"south": {"uv": [0.5, 7.5, 1, 8], "texture": "#0"},
				"west": {"uv": [1, 7.5, 1.5, 8], "texture": "#0"},
				"up": {"uv": [2, 8, 1.5, 7.5], "texture": "#0"},
				"down": {"uv": [8, 1.75, 7.5, 2.25], "texture": "#0"}
			}
		},
		{
			"from": [6.5, -4, 7],
			"to": [10.5, -1, 9],
			"rotation": {"angle": 0, "axis": "y", "origin": [17, -1, 0.5]},
			"faces": {
				"north": {"uv": [1.5, 6, 2.5, 6.75], "texture": "#0"},
				"east": {"uv": [4.75, 6.75, 5.25, 7.5], "texture": "#0"},
				"south": {"uv": [4.25, 6, 5.25, 6.75], "texture": "#0"},
				"west": {"uv": [7, 6.25, 7.5, 7], "texture": "#0"},
				"up": {"uv": [4.75, 7.25, 3.75, 6.75], "texture": "#0"},
				"down": {"uv": [7, 6.75, 6, 7.25], "texture": "#0"}
			}
		},
		{
			"from": [7, -1, 7.5],
			"to": [10, 0, 9],
			"rotation": {"angle": 0, "axis": "y", "origin": [17, -1, 0.5]},
			"faces": {
				"north": {"uv": [0, 8.5, 0.75, 8.75], "texture": "#0"},
				"east": {"uv": [0.75, 8.5, 1.125, 8.75], "texture": "#0"},
				"south": {"uv": [0.5, 8.25, 1.25, 8.5], "texture": "#0"},
				"west": {"uv": [0.75, 8.75, 1.125, 9], "texture": "#0"},
				"up": {"uv": [0.75, 9.125, 0, 8.75], "texture": "#0"},
				"down": {"uv": [2, 8, 1.25, 8.375], "texture": "#0"}
			}
		},
		{
			"from": [6.525, -4, 7.775],
			"to": [7.475, -2, 8.725],
			"rotation": {"angle": -45, "axis": "z", "origin": [6.5, -2, 8.25]},
			"faces": {
				"north": {"uv": [4.75, 0.75, 5, 1.25], "texture": "#0"},
				"east": {"uv": [5.25, 6, 5.5, 6.5], "texture": "#0"},
				"south": {"uv": [4, 7.75, 4.25, 8.25], "texture": "#0"},
				"west": {"uv": [4.25, 7.75, 4.5, 8.25], "texture": "#0"},
				"up": {"uv": [2.5, 6, 2.25, 5.75], "texture": "#0"},
				"down": {"uv": [6.25, 1.75, 6, 2], "texture": "#0"}
			}
		},
		{
			"from": [5.09268, -5.40242, 7.75],
			"to": [6.09268, -3.40242, 8.75],
			"rotation": {"angle": -22.5, "axis": "z", "origin": [5.075, -3.4, 8.25]},
			"faces": {
				"north": {"uv": [4.5, 7.75, 4.75, 8.25], "texture": "#0"},
				"east": {"uv": [7.75, 4.75, 8, 5.25], "texture": "#0"},
				"south": {"uv": [5.25, 7.75, 5.5, 8.25], "texture": "#0"},
				"west": {"uv": [7.75, 5.25, 8, 5.75], "texture": "#0"},
				"up": {"uv": [2.75, 6.75, 2.5, 6.5], "texture": "#0"},
				"down": {"uv": [4, 6.5, 3.75, 6.75], "texture": "#0"}
			}
		},
		{
			"from": [6.525, -5.25, 7.025],
			"to": [7.475, -3.25, 7.975],
			"rotation": {"angle": 22.5, "axis": "x", "origin": [7, -3.25, 7]},
			"faces": {
				"north": {"uv": [6.25, 7.75, 6.5, 8.25], "texture": "#0"},
				"east": {"uv": [7.75, 6.25, 8, 6.75], "texture": "#0"},
				"south": {"uv": [6.5, 7.75, 6.75, 8.25], "texture": "#0"},
				"west": {"uv": [6.75, 7.75, 7, 8.25], "texture": "#0"},
				"up": {"uv": [8, 1.5, 7.75, 1.25], "texture": "#0"},
				"down": {"uv": [8, 6.75, 7.75, 7], "texture": "#0"}
			}
		},
		{
			"from": [6.5, -7.10381, 6.23495],
			"to": [7.5, -5.10381, 7.23495],
			"rotation": {"angle": 0, "axis": "y", "origin": [7, -5.1, 6.25]},
			"faces": {
				"north": {"uv": [7, 7.75, 7.25, 8.25], "texture": "#0"},
				"east": {"uv": [7.25, 7.75, 7.5, 8.25], "texture": "#0"},
				"south": {"uv": [7.75, 7.25, 8, 7.75], "texture": "#0"},
				"west": {"uv": [7.5, 7.75, 7.75, 8.25], "texture": "#0"},
				"up": {"uv": [0.75, 8.25, 0.5, 8], "texture": "#0"},
				"down": {"uv": [8.25, 0.5, 8, 0.75], "texture": "#0"}
			}
		},
		{
			"from": [6.525, -9.10381, 6.25995],
			"to": [7.475, -7.10381, 7.20995],
			"rotation": {"angle": -22.5, "axis": "x", "origin": [7, -7.1, 6.25]},
			"faces": {
				"north": {"uv": [7.75, 7.75, 8, 8.25], "texture": "#0"},
				"east": {"uv": [0, 8, 0.25, 8.5], "texture": "#0"},
				"south": {"uv": [8, 0, 8.25, 0.5], "texture": "#0"},
				"west": {"uv": [0.25, 8, 0.5, 8.5], "texture": "#0"},
				"up": {"uv": [1, 8.25, 0.75, 8], "texture": "#0"},
				"down": {"uv": [1.25, 8, 1, 8.25], "texture": "#0"}
			}
		},
		{
			"from": [7.775, -5.25, 7.025],
			"to": [8.725, -3.25, 7.975],
			"rotation": {"angle": 45, "axis": "x", "origin": [8.25, -3.25, 7]},
			"faces": {
				"north": {"uv": [6.25, 7.75, 6.5, 8.25], "texture": "#0"},
				"east": {"uv": [7.75, 6.25, 8, 6.75], "texture": "#0"},
				"south": {"uv": [6.5, 7.75, 6.75, 8.25], "texture": "#0"},
				"west": {"uv": [6.75, 7.75, 7, 8.25], "texture": "#0"},
				"up": {"uv": [8, 1.5, 7.75, 1.25], "texture": "#0"},
				"down": {"uv": [8, 6.75, 7.75, 7], "texture": "#0"}
			}
		},
		{
			"from": [7.75, -7.10381, 6.23495],
			"to": [8.75, -5.10381, 7.23495],
			"rotation": {"angle": 22.5, "axis": "x", "origin": [8.25, -3.25, 7]},
			"faces": {
				"north": {"uv": [7, 7.75, 7.25, 8.25], "texture": "#0"},
				"east": {"uv": [7.25, 7.75, 7.5, 8.25], "texture": "#0"},
				"south": {"uv": [7.75, 7.25, 8, 7.75], "texture": "#0"},
				"west": {"uv": [7.5, 7.75, 7.75, 8.25], "texture": "#0"},
				"up": {"uv": [0.75, 8.25, 0.5, 8], "texture": "#0"},
				"down": {"uv": [8.25, 0.5, 8, 0.75], "texture": "#0"}
			}
		},
		{
			"from": [7.775, -8.52373, 4.8437],
			"to": [8.725, -6.52373, 5.7937],
			"rotation": {"angle": 0, "axis": "y", "origin": [8.25, -3.25, 7]},
			"faces": {
				"north": {"uv": [7.75, 7.75, 8, 8.25], "texture": "#0"},
				"east": {"uv": [0, 8, 0.25, 8.5], "texture": "#0"},
				"south": {"uv": [8, 0, 8.25, 0.5], "texture": "#0"},
				"west": {"uv": [0.25, 8, 0.5, 8.5], "texture": "#0"},
				"up": {"uv": [1, 8.25, 0.75, 8], "texture": "#0"},
				"down": {"uv": [1.25, 8, 1, 8.25], "texture": "#0"}
			}
		},
		{
			"from": [9.025, -5.25, 7.025],
			"to": [9.975, -3.25, 7.975],
			"rotation": {"angle": 22.5, "axis": "x", "origin": [9.5, -3.25, 7]},
			"faces": {
				"north": {"uv": [6.25, 7.75, 6.5, 8.25], "texture": "#0"},
				"east": {"uv": [7.75, 6.25, 8, 6.75], "texture": "#0"},
				"south": {"uv": [6.5, 7.75, 6.75, 8.25], "texture": "#0"},
				"west": {"uv": [6.75, 7.75, 7, 8.25], "texture": "#0"},
				"up": {"uv": [8, 1.5, 7.75, 1.25], "texture": "#0"},
				"down": {"uv": [8, 6.75, 7.75, 7], "texture": "#0"}
			}
		},
		{
			"from": [9, -7.10381, 6.23495],
			"to": [10, -5.10381, 7.23495],
			"rotation": {"angle": 0, "axis": "y", "origin": [9.5, -3.25, 7]},
			"faces": {
				"north": {"uv": [7, 7.75, 7.25, 8.25], "texture": "#0"},
				"east": {"uv": [7.25, 7.75, 7.5, 8.25], "texture": "#0"},
				"south": {"uv": [7.75, 7.25, 8, 7.75], "texture": "#0"},
				"west": {"uv": [7.5, 7.75, 7.75, 8.25], "texture": "#0"},
				"up": {"uv": [0.75, 8.25, 0.5, 8], "texture": "#0"},
				"down": {"uv": [8.25, 0.5, 8, 0.75], "texture": "#0"}
			}
		},
		{
			"from": [9.025, -8.52373, 4.8437],
			"to": [9.975, -6.52373, 5.7937],
			"rotation": {"angle": -22.5, "axis": "x", "origin": [9.5, -3.25, 7]},
			"faces": {
				"north": {"uv": [7.75, 7.75, 8, 8.25], "texture": "#0"},
				"east": {"uv": [0, 8, 0.25, 8.5], "texture": "#0"},
				"south": {"uv": [8, 0, 8.25, 0.5], "texture": "#0"},
				"west": {"uv": [0.25, 8, 0.5, 8.5], "texture": "#0"},
				"up": {"uv": [1, 8.25, 0.75, 8], "texture": "#0"},
				"down": {"uv": [1.25, 8, 1, 8.25], "texture": "#0"}
			}
		},
		{
			"from": [10.275, -4.25, 7.025],
			"to": [11.225, -2.25, 7.975],
			"rotation": {"angle": 22.5, "axis": "x", "origin": [10.75, -2.25, 7]},
			"faces": {
				"north": {"uv": [6.25, 7.75, 6.5, 8.25], "texture": "#0"},
				"east": {"uv": [7.75, 6.25, 8, 6.75], "texture": "#0"},
				"south": {"uv": [6.5, 7.75, 6.75, 8.25], "texture": "#0"},
				"west": {"uv": [6.75, 7.75, 7, 8.25], "texture": "#0"},
				"up": {"uv": [8, 1.5, 7.75, 1.25], "texture": "#0"},
				"down": {"uv": [8, 6.75, 7.75, 7], "texture": "#0"}
			}
		},
		{
			"from": [10.25, -6.10381, 6.23495],
			"to": [11.25, -4.10381, 7.23495],
			"rotation": {"angle": 0, "axis": "y", "origin": [10.75, -2.25, 7]},
			"faces": {
				"north": {"uv": [7, 7.75, 7.25, 8.25], "texture": "#0"},
				"east": {"uv": [7.25, 7.75, 7.5, 8.25], "texture": "#0"},
				"south": {"uv": [7.75, 7.25, 8, 7.75], "texture": "#0"},
				"west": {"uv": [7.5, 7.75, 7.75, 8.25], "texture": "#0"},
				"up": {"uv": [0.75, 8.25, 0.5, 8], "texture": "#0"},
				"down": {"uv": [8.25, 0.5, 8, 0.75], "texture": "#0"}
			}
		},
		{
			"from": [10.275, -7.52373, 4.8437],
			"to": [11.225, -5.52373, 5.7937],
			"rotation": {"angle": -22.5, "axis": "x", "origin": [10.75, -2.25, 7]},
			"faces": {
				"north": {"uv": [7.75, 7.75, 8, 8.25], "texture": "#0"},
				"east": {"uv": [0, 8, 0.25, 8.5], "texture": "#0"},
				"south": {"uv": [8, 0, 8.25, 0.5], "texture": "#0"},
				"west": {"uv": [0.25, 8, 0.5, 8.5], "texture": "#0"},
				"up": {"uv": [1, 8.25, 0.75, 8], "texture": "#0"},
				"down": {"uv": [1.25, 8, 1, 8.25], "texture": "#0"}
			}
		},
		{
			"from": [6.25, 10, 9.75],
			"to": [10.25, 15, 9.75],
			"rotation": {"angle": 0, "axis": "y", "origin": [17, 0, 0.5]},
			"faces": {
				"north": {"uv": [4.75, 2.5, 3.75, 3.75], "texture": "#0"},
				"east": {"uv": [1.5, 4.75, 2.125, 6], "texture": "#0"},
				"south": {"uv": [3.75, 2.5, 4.75, 3.75], "texture": "#0"},
				"west": {"uv": [5, 0.75, 5, 2], "texture": "#0"}
			}
		},
		{
			"from": [6.25, 10, 7.25],
			"to": [6.25, 15, 9.75],
			"rotation": {"angle": 0, "axis": "y", "origin": [17, 0, 0.5]},
			"faces": {
				"north": {"uv": [3.75, 1.25, 4.875, 2.5], "texture": "#0"},
				"east": {"uv": [5.625, 0.75, 5, 2], "texture": "#0"},
				"south": {"uv": [3.75, 2.5, 4.875, 3.75], "texture": "#0"},
				"west": {"uv": [5, 0.75, 5.625, 2], "texture": "#0"}
			}
		},
		{
			"from": [10.25, 10, 7.25],
			"to": [10.25, 15, 9.75],
			"rotation": {"angle": 0, "axis": "y", "origin": [17, 0, 0.5]},
			"faces": {
				"north": {"uv": [3.75, 1.25, 4.875, 2.5], "texture": "#0"},
				"east": {"uv": [1.5, 4.75, 2.125, 6], "texture": "#0"},
				"south": {"uv": [3.75, 2.5, 4.875, 3.75], "texture": "#0"},
				"west": {"uv": [2.125, 4.75, 1.5, 6], "texture": "#0"}
			}
		},
		{
			"from": [6.25, 10, 7.25],
			"to": [10.25, 15, 7.25],
			"rotation": {"angle": 0, "axis": "y", "origin": [17, 0, 0.5]},
			"faces": {
				"north": {"uv": [3.75, 1.25, 4.75, 2.5], "texture": "#0"},
				"east": {"uv": [1.5, 4.75, 2.125, 6], "texture": "#0"},
				"south": {"uv": [4.75, 1.25, 3.75, 2.5], "texture": "#0"},
				"west": {"uv": [5, 0.75, 5, 2], "texture": "#0"}
			}
		},
		{
			"from": [6.25, 6, 7.15],
			"to": [10.25, 11, 7.15],
			"rotation": {"angle": 0, "axis": "y", "origin": [17, 0, 0.5]},
			"faces": {
				"north": {"uv": [0, 9.25, 1, 10.5], "texture": "#0"},
				"east": {"uv": [1.5, 4.75, 2.125, 6], "texture": "#0"},
				"south": {"uv": [0, 9.25, 1, 10.5], "texture": "#0"},
				"west": {"uv": [5, 0.75, 5, 2], "texture": "#0"}
			}
		},
		{
			"from": [5.75, 19.75, 6],
			"to": [10.75, 21.75, 6],
			"rotation": {"angle": 22.5, "axis": "x", "origin": [8.25, 21.75, 6]},
			"faces": {
				"north": {"uv": [1.25, 8.5, 2.5, 9], "texture": "#0"},
				"east": {"uv": [2.5, 7.75, 2.5, 8.25], "texture": "#0"},
				"south": {"uv": [2.5, 8.5, 1.25, 9], "texture": "#0"},
				"west": {"uv": [3.75, 7.75, 3.75, 8.25], "texture": "#0"},
				"up": {"uv": [4.25, 1.25, 3, 1.25], "texture": "#0"},
				"down": {"uv": [6.25, 3.5, 5, 3.5], "texture": "#0"}
			}
		},
		{
			"from": [5.75, 19.25, 6.5],
			"to": [10.75, 21.25, 6.5],
			"rotation": {"angle": -22.5, "axis": "x", "origin": [8.25, 19.25, 6.5]},
			"faces": {
				"north": {"uv": [1.25, 9, 2.5, 8.5], "texture": "#0"},
				"east": {"uv": [2.5, 8.25, 2.5, 7.75], "texture": "#0"},
				"south": {"uv": [2.5, 9, 1.25, 8.5], "texture": "#0"},
				"west": {"uv": [3.75, 8.25, 3.75, 7.75], "texture": "#0"},
				"up": {"uv": [6.25, 3.5, 5, 3.5], "texture": "#0"},
				"down": {"uv": [4.25, 1.25, 3, 1.25], "texture": "#0"}
			}
		},
		{
			"from": [4.5, 20, 6.75],
			"to": [6.5, 22, 10.25],
			"rotation": {"angle": 45, "axis": "z", "origin": [5.5, 21, 8.5]},
			"faces": {
				"north": {"uv": [7.5, 2.25, 8, 2.75], "texture": "#0"},
				"east": {"uv": [7, 3.75, 7.875, 4.25], "texture": "#0"},
				"south": {"uv": [7.5, 2.75, 8, 3.25], "texture": "#0"},
				"west": {"uv": [7, 4.25, 7.875, 4.75], "texture": "#0"},
				"up": {"uv": [2.75, 5.625, 2.25, 4.75], "texture": "#0"},
				"down": {"uv": [2.75, 6.75, 2.25, 7.625], "texture": "#0"}
			}
		},
		{
			"from": [4.27742, 20.15368, 8],
			"to": [10.27742, 21.15368, 9],
			"rotation": {"angle": 45, "axis": "z", "origin": [5.275, 18.15, 8.5]},
			"faces": {
				"north": {"uv": [6.5, 1.5, 8, 1.75], "texture": "#0"},
				"east": {"uv": [7.5, 1.25, 7.75, 1.5], "texture": "#0"},
				"south": {"uv": [7, 7, 8.5, 7.25], "texture": "#0"},
				"west": {"uv": [7.75, 0.5, 8, 0.75], "texture": "#0"},
				"up": {"uv": [8.75, 1, 7.25, 0.75], "texture": "#0"},
				"down": {"uv": [8.75, 1, 7.25, 1.25], "texture": "#0"}
			}
		},
		{
			"from": [4.27742, 18.15368, 8],
			"to": [5.27742, 20.15368, 9],
			"rotation": {"angle": 45, "axis": "z", "origin": [5.275, 18.15, 8.5]},
			"faces": {
				"north": {"uv": [5.5, 7.75, 5.75, 8.25], "texture": "#0"},
				"east": {"uv": [5.75, 7.75, 6, 8.25], "texture": "#0"},
				"south": {"uv": [7.75, 5.75, 8, 6.25], "texture": "#0"},
				"west": {"uv": [6, 7.75, 6.25, 8.25], "texture": "#0"},
				"up": {"uv": [7.5, 1.5, 7.25, 1.25], "texture": "#0"},
				"down": {"uv": [7.75, 0.5, 7.5, 0.75], "texture": "#0"}
			}
		},
		{
			"from": [5.5, 15, 8],
			"to": [6.5, 18, 9],
			"rotation": {"angle": 22.5, "axis": "z", "origin": [5.5, 15, 8.5]},
			"faces": {
				"north": {"uv": [2.5, 5.75, 2.75, 6.5], "texture": "#0"},
				"east": {"uv": [2, 7.5, 2.25, 8.25], "texture": "#0"},
				"south": {"uv": [7.5, 6.25, 7.75, 7], "texture": "#0"},
				"west": {"uv": [2.25, 7.75, 2.5, 8.5], "texture": "#0"},
				"up": {"uv": [4.25, 6.75, 4, 6.5], "texture": "#0"},
				"down": {"uv": [6.25, 6.5, 6, 6.75], "texture": "#0"}
			}
		},
		{
			"from": [-9.01977, 20.36427, 7.5],
			"to": [-4.01977, 22.36427, 9.5],
			"rotation": {"angle": 45, "axis": "z", "origin": [-4, 22.35, 8.5]},
			"faces": {
				"north": {"uv": [6.25, 1.75, 7.5, 2.25], "texture": "#0"},
				"east": {"uv": [7.5, 3.25, 8, 3.75], "texture": "#0"},
				"south": {"uv": [6.25, 2.25, 7.5, 2.75], "texture": "#0"},
				"west": {"uv": [4.75, 7.5, 5.25, 8], "texture": "#0"},
				"up": {"uv": [7.5, 3.25, 6.25, 2.75], "texture": "#0"},
				"down": {"uv": [7.5, 3.25, 6.25, 3.75], "texture": "#0"}
			}
		},
		{
			"from": [-4.5, 22, 7.25],
			"to": [0.5, 24.5, 9.75],
			"rotation": {"angle": 22.5, "axis": "z", "origin": [0.5, 24.5, 8.5]},
			"faces": {
				"north": {"uv": [5, 2, 6.25, 2.625], "texture": "#0"},
				"east": {"uv": [7, 4.75, 7.625, 5.375], "texture": "#0"},
				"south": {"uv": [5, 2.75, 6.25, 3.375], "texture": "#0"},
				"west": {"uv": [7, 5.5, 7.625, 6.125], "texture": "#0"},
				"up": {"uv": [5.5, 5.875, 4.25, 5.25], "texture": "#0"},
				"down": {"uv": [6.75, 0, 5.5, 0.625], "texture": "#0"}
			}
		},
		{
			"from": [0.5, 22, 7],
			"to": [5.5, 25, 10],
			"rotation": {"angle": 0, "axis": "y", "origin": [17, 0, 0.5]},
			"faces": {
				"north": {"uv": [1.5, 4, 2.75, 4.75], "texture": "#0"},
				"east": {"uv": [0.75, 6.75, 1.5, 7.5], "texture": "#0"},
				"south": {"uv": [4.25, 0, 5.5, 0.75], "texture": "#0"},
				"west": {"uv": [1.5, 6.75, 2.25, 7.5], "texture": "#0"},
				"up": {"uv": [5.5, 4.5, 4.25, 3.75], "texture": "#0"},
				"down": {"uv": [5.5, 4.5, 4.25, 5.25], "texture": "#0"}
			}
		},
		{
			"from": [0.12151, 27.93015, 7.75],
			"to": [1.62151, 30.93015, 9.25],
			"rotation": {"angle": 0, "axis": "y", "origin": [3.5, 25, 8.5]},
			"faces": {
				"north": {"uv": [14.5, 1.875, 15.25, 2.25], "rotation": 270, "texture": "#0"},
				"east": {"uv": [16, 1.875, 15.25, 1.5], "rotation": 90, "texture": "#0"},
				"south": {"uv": [14.5, 1.5, 15.25, 1.875], "rotation": 90, "texture": "#0"},
				"west": {"uv": [16, 1.875, 15.25, 2.25], "rotation": 90, "texture": "#0"},
				"up": {"uv": [15.25, 2.25, 15.625, 2.625], "rotation": 90, "texture": "#0"},
				"down": {"uv": [15.625, 2.25, 16, 2.625], "rotation": 90, "texture": "#0"}
			}
		},
		{
			"from": [-2.12849, 29.78015, 8],
			"to": [0.87151, 30.78015, 9],
			"rotation": {"angle": -22.5, "axis": "z", "origin": [1.62151, 28.93015, 8.5]},
			"faces": {
				"north": {"uv": [14.5, 2.875, 15.25, 3.125], "texture": "#0"},
				"east": {"uv": [15, 2.375, 15.25, 2.625], "texture": "#0"},
				"south": {"uv": [14.5, 2.625, 15.25, 2.875], "texture": "#0"},
				"west": {"uv": [14.75, 2.375, 15, 2.625], "texture": "#0"},
				"up": {"uv": [16, 2.875, 15.25, 2.625], "texture": "#0"},
				"down": {"uv": [16, 2.875, 15.25, 3.125], "texture": "#0"}
			}
		},
		{
			"from": [1.5, 25, 7.5],
			"to": [3.5, 29, 9.5],
			"rotation": {"angle": 22.5, "axis": "z", "origin": [3.5, 25, 8.5]},
			"faces": {
				"north": {"uv": [14, 0.5, 15, 1], "rotation": 270, "texture": "#0"},
				"east": {"uv": [16, 0.5, 15, 0], "rotation": 90, "texture": "#0"},
				"south": {"uv": [14, 0, 15, 0.5], "rotation": 90, "texture": "#0"},
				"west": {"uv": [16, 0.5, 15, 1], "rotation": 90, "texture": "#0"},
				"up": {"uv": [15.5, 1, 16, 1.5], "rotation": 90, "texture": "#0"},
				"down": {"uv": [15, 1, 15.5, 1.5], "rotation": 90, "texture": "#0"}
			}
		},
		{
			"from": [14.37849, 27.93015, 7.75],
			"to": [15.87849, 30.93015, 9.25],
			"rotation": {"angle": 0, "axis": "y", "origin": [12.5, 25, 8.5]},
			"faces": {
				"north": {"uv": [14.5, 2.25, 15.25, 1.875], "rotation": 270, "texture": "#0"},
				"east": {"uv": [16, 2.25, 15.25, 1.875], "rotation": 90, "texture": "#0"},
				"south": {"uv": [14.5, 1.875, 15.25, 1.5], "rotation": 90, "texture": "#0"},
				"west": {"uv": [16, 1.5, 15.25, 1.875], "rotation": 90, "texture": "#0"},
				"up": {"uv": [15.25, 2.625, 15.625, 2.25], "rotation": 90, "texture": "#0"},
				"down": {"uv": [15.625, 2.625, 16, 2.25], "rotation": 90, "texture": "#0"}
			}
		},
		{
			"from": [15.12849, 29.78015, 8],
			"to": [18.12849, 30.78015, 9],
			"rotation": {"angle": 22.5, "axis": "z", "origin": [14.37849, 28.93015, 8.5]},
			"faces": {
				"north": {"uv": [15.25, 2.875, 14.5, 3.125], "texture": "#0"},
				"east": {"uv": [15, 2.375, 14.75, 2.625], "texture": "#0"},
				"south": {"uv": [15.25, 2.625, 14.5, 2.875], "texture": "#0"},
				"west": {"uv": [15.25, 2.375, 15, 2.625], "texture": "#0"},
				"up": {"uv": [15.25, 2.875, 16, 2.625], "texture": "#0"},
				"down": {"uv": [15.25, 2.875, 16, 3.125], "texture": "#0"}
			}
		},
		{
			"from": [12.5, 25, 7.5],
			"to": [14.5, 29, 9.5],
			"rotation": {"angle": -22.5, "axis": "z", "origin": [12.5, 25, 8.5]},
			"faces": {
				"north": {"uv": [14, 1, 15, 0.5], "rotation": 270, "texture": "#0"},
				"east": {"uv": [16, 1, 15, 0.5], "rotation": 90, "texture": "#0"},
				"south": {"uv": [14, 0.5, 15, 0], "rotation": 90, "texture": "#0"},
				"west": {"uv": [16, 0, 15, 0.5], "rotation": 90, "texture": "#0"},
				"up": {"uv": [15.5, 1.5, 16, 1], "rotation": 90, "texture": "#0"},
				"down": {"uv": [15, 1.5, 15.5, 1], "rotation": 90, "texture": "#0"}
			}
		},
		{
			"from": [-6.5, 16, 8.5],
			"to": [5.5, 22, 8.5],
			"rotation": {"angle": 0, "axis": "y", "origin": [17, 0, 0.5]},
			"faces": {
				"north": {"uv": [0, 0, 3, 1.5], "texture": "#0"},
				"south": {"uv": [3, 0, 0, 1.5], "texture": "#0"}
			}
		},
		{
			"from": [20.01977, 20.36427, 7.5],
			"to": [25.01977, 22.36427, 9.5],
			"rotation": {"angle": -45, "axis": "z", "origin": [20, 22.35, 8.5]},
			"faces": {
				"north": {"uv": [7.5, 1.75, 6.25, 2.25], "texture": "#0"},
				"east": {"uv": [5.25, 7.5, 4.75, 8], "texture": "#0"},
				"south": {"uv": [7.5, 2.25, 6.25, 2.75], "texture": "#0"},
				"west": {"uv": [8, 3.25, 7.5, 3.75], "texture": "#0"},
				"up": {"uv": [6.25, 3.25, 7.5, 2.75], "texture": "#0"},
				"down": {"uv": [6.25, 3.25, 7.5, 3.75], "texture": "#0"}
			}
		},
		{
			"from": [15.5, 22, 7.25],
			"to": [20.5, 24.5, 9.75],
			"rotation": {"angle": -22.5, "axis": "z", "origin": [15.5, 24.5, 8.5]},
			"faces": {
				"north": {"uv": [6.25, 2, 5, 2.625], "texture": "#0"},
				"east": {"uv": [7.625, 5.5, 7, 6.125], "texture": "#0"},
				"south": {"uv": [6.25, 2.75, 5, 3.375], "texture": "#0"},
				"west": {"uv": [7.625, 4.75, 7, 5.375], "texture": "#0"},
				"up": {"uv": [4.25, 5.875, 5.5, 5.25], "texture": "#0"},
				"down": {"uv": [5.5, 0, 6.75, 0.625], "texture": "#0"}
			}
		},
		{
			"from": [10.5, 22, 7],
			"to": [15.5, 25, 10],
			"rotation": {"angle": 0, "axis": "y", "origin": [-1, 0, 0.5]},
			"faces": {
				"north": {"uv": [2.75, 4, 1.5, 4.75], "texture": "#0"},
				"east": {"uv": [2.25, 6.75, 1.5, 7.5], "texture": "#0"},
				"south": {"uv": [5.5, 0, 4.25, 0.75], "texture": "#0"},
				"west": {"uv": [1.5, 6.75, 0.75, 7.5], "texture": "#0"},
				"up": {"uv": [4.25, 4.5, 5.5, 3.75], "texture": "#0"},
				"down": {"uv": [4.25, 4.5, 5.5, 5.25], "texture": "#0"}
			}
		},
		{
			"from": [10.5, 16, 8.5],
			"to": [22.5, 22, 8.5],
			"rotation": {"angle": 0, "axis": "y", "origin": [-1, 0, 0.5]},
			"faces": {
				"north": {"uv": [3, 0, 0, 1.5], "texture": "#0"},
				"south": {"uv": [0, 0, 3, 1.5], "texture": "#0"}
			}
		},
		{
			"from": [9.5, 20, 6.75],
			"to": [11.5, 22, 10.25],
			"rotation": {"angle": -45, "axis": "z", "origin": [10.5, 21, 8.5]},
			"faces": {
				"north": {"uv": [8, 2.25, 7.5, 2.75], "texture": "#0"},
				"east": {"uv": [7.875, 4.25, 7, 4.75], "texture": "#0"},
				"south": {"uv": [8, 2.75, 7.5, 3.25], "texture": "#0"},
				"west": {"uv": [7.875, 3.75, 7, 4.25], "texture": "#0"},
				"up": {"uv": [2.25, 5.625, 2.75, 4.75], "texture": "#0"},
				"down": {"uv": [2.25, 6.75, 2.75, 7.625], "texture": "#0"}
			}
		},
		{
			"from": [5.72258, 20.15368, 8],
			"to": [11.72258, 21.15368, 9],
			"rotation": {"angle": -45, "axis": "z", "origin": [10.725, 18.15, 8.5]},
			"faces": {
				"north": {"uv": [8, 1.5, 6.5, 1.75], "texture": "#0"},
				"east": {"uv": [8, 0.5, 7.75, 0.75], "texture": "#0"},
				"south": {"uv": [8.5, 7, 7, 7.25], "texture": "#0"},
				"west": {"uv": [7.75, 1.25, 7.5, 1.5], "texture": "#0"},
				"up": {"uv": [7.25, 1, 8.75, 0.75], "texture": "#0"},
				"down": {"uv": [7.25, 1, 8.75, 1.25], "texture": "#0"}
			}
		},
		{
			"from": [10.72258, 18.15368, 8],
			"to": [11.72258, 20.15368, 9],
			"rotation": {"angle": -45, "axis": "z", "origin": [10.725, 18.15, 8.5]},
			"faces": {
				"north": {"uv": [5.75, 7.75, 5.5, 8.25], "texture": "#0"},
				"east": {"uv": [6.25, 7.75, 6, 8.25], "texture": "#0"},
				"south": {"uv": [8, 5.75, 7.75, 6.25], "texture": "#0"},
				"west": {"uv": [6, 7.75, 5.75, 8.25], "texture": "#0"},
				"up": {"uv": [7.25, 1.5, 7.5, 1.25], "texture": "#0"},
				"down": {"uv": [7.5, 0.5, 7.75, 0.75], "texture": "#0"}
			}
		},
		{
			"from": [9.5, 15, 8],
			"to": [10.5, 18, 9],
			"rotation": {"angle": -22.5, "axis": "z", "origin": [10.5, 15, 8.5]},
			"faces": {
				"north": {"uv": [2.75, 5.75, 2.5, 6.5], "texture": "#0"},
				"east": {"uv": [2.5, 7.75, 2.25, 8.5], "texture": "#0"},
				"south": {"uv": [7.75, 6.25, 7.5, 7], "texture": "#0"},
				"west": {"uv": [2.25, 7.5, 2, 8.25], "texture": "#0"},
				"up": {"uv": [4, 6.75, 4.25, 6.5], "texture": "#0"},
				"down": {"uv": [6, 6.5, 6.25, 6.75], "texture": "#0"}
			}
		},
		{
			"from": [3.5, 25, 8.5],
			"to": [12.5, 32, 8.5],
			"rotation": {"angle": 22.5, "axis": "y", "origin": [8, 26.5, 8.5]},
			"faces": {
				"north": {"uv": [9, 0, 0, 7], "texture": "#1"},
				"east": {"uv": [13.75, 0, 13.75, 1.75], "texture": "#0"},
				"south": {"uv": [0, 0, 9, 7], "texture": "#1"},
				"west": {"uv": [13.75, 0, 13.75, 1.75], "texture": "#0"},
				"up": {"uv": [13.75, 0, 16, 0], "texture": "#0"},
				"down": {"uv": [13.75, 0, 16, 0], "texture": "#0"}
			}
		},
		{
			"from": [3.5, 25, 8.5],
			"to": [12.5, 32, 8.5],
			"rotation": {"angle": -22.5, "axis": "y", "origin": [8, 26.5, 8.5]},
			"faces": {
				"north": {"uv": [0, 0, 9, 7], "texture": "#1"},
				"east": {"uv": [13.75, 0, 13.75, 1.75], "texture": "#0"},
				"south": {"uv": [9, 0, 0, 7], "texture": "#1"},
				"west": {"uv": [13.75, 0, 13.75, 1.75], "texture": "#0"},
				"up": {"uv": [13.75, 0, 16, 0], "texture": "#0"},
				"down": {"uv": [13.75, 0, 16, 0], "texture": "#0"}
			}
		}
	],
	"display": {
		"thirdperson_righthand": {
			"rotation": [0, 90, 0],
			"translation": [0, 1, 1.75],
			"scale": [0.45, 0.45, 0.45]
		},
		"thirdperson_lefthand": {
			"rotation": [0, -90, 0],
			"translation": [0, 1, 1.75],
			"scale": [0.45, 0.45, 0.45]
		},
		"firstperson_righthand": {
			"rotation": [0, 90, 20],
			"translation": [0.5, -0.25, 0.25],
			"scale": [0.45, 0.45, 0.45]
		},
		"firstperson_lefthand": {
			"rotation": [0, 90, 20],
			"translation": [0.5, -0.25, 0.25],
			"scale": [0.45, 0.45, 0.45]
		},
		"ground": {
			"translation": [0, 2.25, 0],
			"scale": [0.45, 0.45, 0.45]
		},
		"gui": {
			"rotation": [0, 180, 45],
			"translation": [-1.75, -2.25, 0],
			"scale": [0.475, 0.475, 0.475]
		}
	},
	"groups": [
		0,
		1,
		2,
		3,
		4,
		5,
		6,
		7,
		8,
		9,
		{
			"name": "group",
			"origin": [0, 0, 0],
			"color": 0,
			"children": [
				10,
				11,
				{
					"name": "thumb",
					"origin": [0, 0, 0],
					"color": 0,
					"children": [
						12,
						{
							"name": "group",
							"origin": [0, 0, 0],
							"color": 0,
							"children": [13]
						}
					]
				},
				{
					"name": "finger",
					"origin": [0, 0, 0],
					"color": 0,
					"children": [
						14,
						{
							"name": "group",
							"origin": [0, 0, 0],
							"color": 0,
							"children": [
								15,
								{
									"name": "group",
									"origin": [0, 0, 0],
									"color": 0,
									"children": [16]
								}
							]
						}
					]
				},
				{
					"name": "finger",
					"origin": [0, 0, 0],
					"color": 0,
					"children": [
						17,
						{
							"name": "group",
							"origin": [0, 0, 0],
							"color": 0,
							"children": [
								18,
								{
									"name": "group",
									"origin": [0, 0, 0],
									"color": 0,
									"children": [19]
								}
							]
						}
					]
				},
				{
					"name": "finger",
					"origin": [0, 0, 0],
					"color": 0,
					"children": [
						20,
						{
							"name": "group",
							"origin": [0, 0, 0],
							"color": 0,
							"children": [
								21,
								{
									"name": "group",
									"origin": [0, 0, 0],
									"color": 0,
									"children": [22]
								}
							]
						}
					]
				},
				{
					"name": "finger",
					"origin": [0, 0, 0],
					"color": 0,
					"children": [
						23,
						{
							"name": "group",
							"origin": [0, 0, 0],
							"color": 0,
							"children": [
								24,
								{
									"name": "group",
									"origin": [0, 0, 0],
									"color": 0,
									"children": [25]
								}
							]
						}
					]
				}
			]
		},
		{
			"name": "group",
			"origin": [0, 0, 0],
			"color": 0,
			"children": [26, 27, 28, 29, 30]
		},
		{
			"name": "group",
			"origin": [8, 15, 11.5],
			"color": 0,
			"children": [31, 32, 33, 34, 35, 36]
		},
		{
			"name": "group",
			"origin": [17, 0, 0.5],
			"color": 0,
			"children": [
				37,
				38,
				39,
				{
					"name": "group",
					"origin": [17, 0, 0.5],
					"color": 0,
					"children": [40, 41, 42]
				},
				{
					"name": "group",
					"origin": [17, 0, 0.5],
					"color": 0,
					"children": [43, 44, 45]
				},
				46
			]
		},
		{
			"name": "group",
			"origin": [17, 0, 0.5],
			"color": 0,
			"children": [47, 48, 49, 50]
		},
		{
			"name": "group",
			"origin": [8, 15, 11.5],
			"color": 0,
			"children": [51, 52, 53, 54]
		},
		{
			"name": "group",
			"origin": [8, 26.5, 8.5],
			"color": 0,
			"children": [55, 56]
		}
	]
}