{
	"credit": "Made with Blockbench",
	"texture_size": [32, 32],
	"textures": {
		"0": "item/pickaxes/skull_scythe",
		"particle": "item/pickaxes/skull_scythe"
	},
	"elements": [
		{
			"name": "skullscythe_0",
			"from": [9.47323, 17.76006, 7.53791],
			"to": [13.47805, 18.06813, 8.46209],
			"rotation": {"angle": 0, "axis": "y", "origin": [8, -1.39591, 8]},
			"faces": {
				"north": {"uv": [5.375, 8.25, 3.75, 8.375], "texture": "#0"},
				"east": {"uv": [5.25, 8.25, 5.375, 8.375], "texture": "#0"},
				"south": {"uv": [3.75, 8.25, 5.375, 8.375], "texture": "#0"},
				"west": {"uv": [3.75, 8.25, 3.875, 8.375], "texture": "#0"},
				"up": {"uv": [3.75, 8.25, 5.375, 8.375], "texture": "#0"},
				"down": {"uv": [3.75, 8.25, 5.375, 8.375], "texture": "#0"}
			}
		},
		{
			"name": "skullscythe_1",
			"from": [9.47323, 17.452, 7.53791],
			"to": [14.40223, 17.76006, 8.46209],
			"rotation": {"angle": 0, "axis": "y", "origin": [8, -1.39591, 8]},
			"faces": {
				"north": {"uv": [5.75, 8.375, 3.75, 8.5], "texture": "#0"},
				"east": {"uv": [5.625, 8.375, 5.75, 8.5], "texture": "#0"},
				"south": {"uv": [3.75, 8.375, 5.75, 8.5], "texture": "#0"},
				"west": {"uv": [3.75, 8.375, 3.875, 8.5], "texture": "#0"},
				"up": {"uv": [3.75, 8.375, 5.75, 8.5], "texture": "#0"},
				"down": {"uv": [3.75, 8.375, 5.75, 8.5], "texture": "#0"}
			}
		},
		{
			"name": "skullscythe_2",
			"from": [8.24098, 17.14394, 7.53791],
			"to": [15.63448, 17.452, 8.46209],
			"rotation": {"angle": 0, "axis": "y", "origin": [8, -1.39591, 8]},
			"faces": {
				"north": {"uv": [6.25, 8.5, 3.25, 8.625], "texture": "#0"},
				"east": {"uv": [6.125, 8.5, 6.25, 8.625], "texture": "#0"},
				"south": {"uv": [3.25, 8.5, 6.25, 8.625], "texture": "#0"},
				"west": {"uv": [3.25, 8.5, 3.375, 8.625], "texture": "#0"},
				"up": {"uv": [3.25, 8.5, 6.25, 8.625], "texture": "#0"},
				"down": {"uv": [3.25, 8.5, 6.25, 8.625], "texture": "#0"}
			}
		},
		{
			"name": "skullscythe_3",
			"from": [5.46842, 16.83588, 7.53791],
			"to": [16.55867, 17.14394, 8.46209],
			"rotation": {"angle": 0, "axis": "y", "origin": [8, -1.39591, 8]},
			"faces": {
				"north": {"uv": [6.625, 8.625, 2.125, 8.75], "texture": "#0"},
				"east": {"uv": [6.5, 8.625, 6.625, 8.75], "texture": "#0"},
				"south": {"uv": [2.125, 8.625, 6.625, 8.75], "texture": "#0"},
				"west": {"uv": [2.125, 8.625, 2.25, 8.75], "texture": "#0"},
				"up": {"uv": [2.125, 8.625, 6.625, 8.75], "texture": "#0"},
				"down": {"uv": [2.125, 8.625, 6.625, 8.75], "texture": "#0"}
			}
		},
		{
			"name": "skullscythe_4",
			"from": [3.92811, 16.52781, 7.29146],
			"to": [17.1748, 16.83588, 8.70854],
			"rotation": {"angle": 0, "axis": "y", "origin": [8, -1.39591, 8]},
			"faces": {
				"north": {"uv": [6.875, 8.75, 1.5, 8.875], "texture": "#0"},
				"east": {"uv": [6.75, 8.75, 6.875, 8.875], "texture": "#0"},
				"south": {"uv": [1.5, 8.75, 6.875, 8.875], "texture": "#0"},
				"west": {"uv": [1.5, 8.75, 1.625, 8.875], "texture": "#0"},
				"up": {"uv": [1.5, 8.75, 6.875, 8.875], "texture": "#0"},
				"down": {"uv": [1.5, 8.75, 6.875, 8.875], "texture": "#0"}
			}
		},
		{
			"name": "skullscythe_5",
			"from": [3.00392, 16.21975, 7.29146],
			"to": [17.79092, 16.52781, 8.70854],
			"rotation": {"angle": 0, "axis": "y", "origin": [8, -1.39591, 8]},
			"faces": {
				"north": {"uv": [7.125, 8.875, 1.125, 9], "texture": "#0"},
				"east": {"uv": [7, 8.875, 7.125, 9], "texture": "#0"},
				"south": {"uv": [1.125, 8.875, 7.125, 9], "texture": "#0"},
				"west": {"uv": [1.125, 8.875, 1.25, 9], "texture": "#0"},
				"up": {"uv": [1.125, 8.875, 7.125, 9], "texture": "#0"},
				"down": {"uv": [1.125, 8.875, 7.125, 9], "texture": "#0"}
			}
		},
		{
			"name": "skullscythe_6",
			"from": [2.3878, 15.91169, 7.29146],
			"to": [18.09898, 16.21975, 8.70854],
			"rotation": {"angle": 0, "axis": "y", "origin": [8, -1.39591, 8]},
			"faces": {
				"north": {"uv": [7.25, 9, 0.875, 9.125], "texture": "#0"},
				"east": {"uv": [7.125, 9, 7.25, 9.125], "texture": "#0"},
				"south": {"uv": [0.875, 9, 7.25, 9.125], "texture": "#0"},
				"west": {"uv": [0.875, 9, 1, 9.125], "texture": "#0"},
				"up": {"uv": [0.875, 9, 7.25, 9.125], "texture": "#0"},
				"down": {"uv": [0.875, 9, 7.25, 9.125], "texture": "#0"}
			}
		},
		{
			"name": "skullscythe_7",
			"from": [2.07973, 15.60363, 7.41468],
			"to": [18.71511, 15.91169, 8.58532],
			"rotation": {"angle": 0, "axis": "y", "origin": [8, -1.39591, 8]},
			"faces": {
				"north": {"uv": [7.5, 9.125, 0.75, 9.25], "texture": "#0"},
				"east": {"uv": [7.375, 9.125, 7.5, 9.25], "texture": "#0"},
				"south": {"uv": [0.75, 9.125, 7.5, 9.25], "texture": "#0"},
				"west": {"uv": [0.75, 9.125, 0.875, 9.25], "texture": "#0"},
				"up": {"uv": [0.75, 9.125, 7.5, 9.25], "texture": "#0"},
				"down": {"uv": [0.75, 9.125, 7.5, 9.25], "texture": "#0"}
			}
		},
		{
			"name": "skullscythe_8",
			"from": [1.77167, 15.29556, 7.41468],
			"to": [19.02317, 15.60363, 8.58532],
			"rotation": {"angle": 0, "axis": "y", "origin": [8, -1.39591, 8]},
			"faces": {
				"north": {"uv": [7.625, 9.25, 0.625, 9.375], "texture": "#0"},
				"east": {"uv": [7.5, 9.25, 7.625, 9.375], "texture": "#0"},
				"south": {"uv": [0.625, 9.25, 7.625, 9.375], "texture": "#0"},
				"west": {"uv": [0.625, 9.25, 0.75, 9.375], "texture": "#0"},
				"up": {"uv": [0.625, 9.25, 7.625, 9.375], "texture": "#0"},
				"down": {"uv": [0.625, 9.25, 7.625, 9.375], "texture": "#0"}
			}
		},
		{
			"name": "skullscythe_9",
			"from": [1.46361, 14.9875, 7.29146],
			"to": [7.62486, 15.29556, 8.70854],
			"rotation": {"angle": 0, "axis": "y", "origin": [8, -1.39591, 8]},
			"faces": {
				"north": {"uv": [3, 9.375, 0.5, 9.5], "texture": "#0"},
				"east": {"uv": [2.875, 9.375, 3, 9.5], "texture": "#0"},
				"south": {"uv": [0.5, 9.375, 3, 9.5], "texture": "#0"},
				"west": {"uv": [0.5, 9.375, 0.625, 9.5], "texture": "#0"},
				"up": {"uv": [0.5, 9.375, 3, 9.5], "texture": "#0"},
				"down": {"uv": [0.5, 9.375, 3, 9.5], "texture": "#0"}
			}
		},
		{
			"name": "skullscythe_10",
			"from": [7.93292, 14.9875, 7.41468],
			"to": [11.93773, 15.29556, 8.58532],
			"rotation": {"angle": 0, "axis": "y", "origin": [8, -1.39591, 8]},
			"faces": {
				"north": {"uv": [4.75, 9.375, 3.125, 9.5], "texture": "#0"},
				"east": {"uv": [4.625, 9.375, 4.75, 9.5], "texture": "#0"},
				"south": {"uv": [3.125, 9.375, 4.75, 9.5], "texture": "#0"},
				"west": {"uv": [3.125, 9.375, 3.25, 9.5], "texture": "#0"},
				"up": {"uv": [3.125, 9.375, 4.75, 9.5], "texture": "#0"},
				"down": {"uv": [3.125, 9.375, 4.75, 9.5], "texture": "#0"}
			}
		},
		{
			"name": "skullscythe_11",
			"from": [16.86673, 14.9875, 7.41468],
			"to": [19.6393, 15.29556, 8.58532],
			"rotation": {"angle": 0, "axis": "y", "origin": [8, -1.39591, 8]},
			"faces": {
				"north": {"uv": [7.875, 9.375, 6.75, 9.5], "texture": "#0"},
				"east": {"uv": [7.75, 9.375, 7.875, 9.5], "texture": "#0"},
				"south": {"uv": [6.75, 9.375, 7.875, 9.5], "texture": "#0"},
				"west": {"uv": [6.75, 9.375, 6.875, 9.5], "texture": "#0"},
				"up": {"uv": [6.75, 9.375, 7.875, 9.5], "texture": "#0"},
				"down": {"uv": [6.75, 9.375, 7.875, 9.5], "texture": "#0"}
			}
		},
		{
			"name": "skullscythe_12",
			"from": [3.92811, 14.67944, 7.29146],
			"to": [7.3168, 14.9875, 8.70854],
			"rotation": {"angle": 0, "axis": "y", "origin": [8, -1.39591, 8]},
			"faces": {
				"north": {"uv": [2.875, 9.5, 1.5, 9.625], "texture": "#0"},
				"east": {"uv": [2.75, 9.5, 2.875, 9.625], "texture": "#0"},
				"south": {"uv": [1.5, 9.5, 2.875, 9.625], "texture": "#0"},
				"west": {"uv": [1.5, 9.5, 1.625, 9.625], "texture": "#0"},
				"up": {"uv": [1.5, 9.5, 2.875, 9.625], "texture": "#0"},
				"down": {"uv": [1.5, 9.5, 2.875, 9.625], "texture": "#0"}
			}
		},
		{
			"name": "skullscythe_13",
			"from": [8.54905, 14.67944, 7.41468],
			"to": [10.70548, 14.9875, 8.58532],
			"rotation": {"angle": 0, "axis": "y", "origin": [8, -1.39591, 8]},
			"faces": {
				"north": {"uv": [4.25, 9.5, 3.375, 9.625], "texture": "#0"},
				"east": {"uv": [4.125, 9.5, 4.25, 9.625], "texture": "#0"},
				"south": {"uv": [3.375, 9.5, 4.25, 9.625], "texture": "#0"},
				"west": {"uv": [3.375, 9.5, 3.5, 9.625], "texture": "#0"},
				"up": {"uv": [3.375, 9.5, 4.25, 9.625], "texture": "#0"},
				"down": {"uv": [3.375, 9.5, 4.25, 9.625], "texture": "#0"}
			}
		},
		{
			"name": "skullscythe_14",
			"from": [19.02317, 14.67944, 7.41468],
			"to": [19.94736, 14.9875, 8.58532],
			"rotation": {"angle": 0, "axis": "y", "origin": [8, -1.39591, 8]},
			"faces": {
				"north": {"uv": [8, 9.5, 7.625, 9.625], "texture": "#0"},
				"east": {"uv": [7.875, 9.5, 8, 9.625], "texture": "#0"},
				"south": {"uv": [7.625, 9.5, 8, 9.625], "texture": "#0"},
				"west": {"uv": [7.625, 9.5, 7.75, 9.625], "texture": "#0"},
				"up": {"uv": [7.625, 9.5, 8, 9.625], "texture": "#0"},
				"down": {"uv": [7.625, 9.5, 8, 9.625], "texture": "#0"}
			}
		},
		{
			"name": "skullscythe_15",
			"from": [4.54423, 14.37138, 7.29146],
			"to": [7.3168, 14.67944, 8.70854],
			"rotation": {"angle": 0, "axis": "y", "origin": [8, -1.39591, 8]},
			"faces": {
				"north": {"uv": [2.875, 9.625, 1.75, 9.75], "texture": "#0"},
				"east": {"uv": [2.75, 9.625, 2.875, 9.75], "texture": "#0"},
				"south": {"uv": [1.75, 9.625, 2.875, 9.75], "texture": "#0"},
				"west": {"uv": [1.75, 9.625, 1.875, 9.75], "texture": "#0"},
				"up": {"uv": [1.75, 9.625, 2.875, 9.75], "texture": "#0"},
				"down": {"uv": [1.75, 9.625, 2.875, 9.75], "texture": "#0"}
			}
		},
		{
			"name": "skullscythe_16",
			"from": [8.54905, 14.37138, 7.29146],
			"to": [9.16517, 14.67944, 8.70854],
			"rotation": {"angle": 0, "axis": "y", "origin": [8, -1.39591, 8]},
			"faces": {
				"north": {"uv": [3.625, 9.625, 3.375, 9.75], "texture": "#0"},
				"east": {"uv": [3.5, 9.625, 3.625, 9.75], "texture": "#0"},
				"south": {"uv": [3.375, 9.625, 3.625, 9.75], "texture": "#0"},
				"west": {"uv": [3.375, 9.625, 3.5, 9.75], "texture": "#0"},
				"up": {"uv": [3.375, 9.625, 3.625, 9.75], "texture": "#0"},
				"down": {"uv": [3.375, 9.625, 3.625, 9.75], "texture": "#0"}
			}
		},
		{
			"name": "skullscythe_17",
			"from": [5.16036, 14.06331, 7.29146],
			"to": [7.62486, 14.37138, 8.70854],
			"rotation": {"angle": 0, "axis": "y", "origin": [8, -1.39591, 8]},
			"faces": {
				"north": {"uv": [3, 9.75, 2, 9.875], "texture": "#0"},
				"east": {"uv": [2.875, 9.75, 3, 9.875], "texture": "#0"},
				"south": {"uv": [2, 9.75, 3, 9.875], "texture": "#0"},
				"west": {"uv": [2, 9.75, 2.125, 9.875], "texture": "#0"},
				"up": {"uv": [2, 9.75, 3, 9.875], "texture": "#0"},
				"down": {"uv": [2, 9.75, 3, 9.875], "texture": "#0"}
			}
		},
		{
			"name": "skullscythe_18",
			"from": [5.16036, 13.75525, 7.29146],
			"to": [7.62486, 14.06331, 8.70854],
			"rotation": {"angle": 0, "axis": "y", "origin": [8, -1.39591, 8]},
			"faces": {
				"north": {"uv": [3, 9.875, 2, 10], "texture": "#0"},
				"east": {"uv": [2.875, 9.875, 3, 10], "texture": "#0"},
				"south": {"uv": [2, 9.875, 3, 10], "texture": "#0"},
				"west": {"uv": [2, 9.875, 2.125, 10], "texture": "#0"},
				"up": {"uv": [2, 9.875, 3, 10], "texture": "#0"},
				"down": {"uv": [2, 9.875, 3, 10], "texture": "#0"}
			}
		},
		{
			"name": "skullscythe_19",
			"from": [4.8523, 13.44719, 7.29146],
			"to": [7.93292, 13.75525, 8.70854],
			"rotation": {"angle": 0, "axis": "y", "origin": [8, -1.39591, 8]},
			"faces": {
				"north": {"uv": [3.125, 10, 1.875, 10.125], "texture": "#0"},
				"east": {"uv": [3, 10, 3.125, 10.125], "texture": "#0"},
				"south": {"uv": [1.875, 10, 3.125, 10.125], "texture": "#0"},
				"west": {"uv": [1.875, 10, 2, 10.125], "texture": "#0"},
				"up": {"uv": [1.875, 10, 3.125, 10.125], "texture": "#0"},
				"down": {"uv": [1.875, 10, 3.125, 10.125], "texture": "#0"}
			}
		},
		{
			"name": "skullscythe_20",
			"from": [6.08455, 13.13912, 7.41468],
			"to": [8.54905, 13.44719, 8.58532],
			"rotation": {"angle": 0, "axis": "y", "origin": [8, -1.39591, 8]},
			"faces": {
				"north": {"uv": [3.375, 10.125, 2.375, 10.25], "texture": "#0"},
				"east": {"uv": [3.25, 10.125, 3.375, 10.25], "texture": "#0"},
				"south": {"uv": [2.375, 10.125, 3.375, 10.25], "texture": "#0"},
				"west": {"uv": [2.375, 10.125, 2.5, 10.25], "texture": "#0"},
				"up": {"uv": [2.375, 10.125, 3.375, 10.25], "texture": "#0"},
				"down": {"uv": [2.375, 10.125, 3.375, 10.25], "texture": "#0"}
			}
		},
		{
			"name": "skullscythe_21",
			"from": [6.39261, 12.83106, 7.41468],
			"to": [8.85711, 13.13912, 8.58532],
			"rotation": {"angle": 0, "axis": "y", "origin": [8, -1.39591, 8]},
			"faces": {
				"north": {"uv": [3.5, 10.25, 2.5, 10.375], "texture": "#0"},
				"east": {"uv": [3.375, 10.25, 3.5, 10.375], "texture": "#0"},
				"south": {"uv": [2.5, 10.25, 3.5, 10.375], "texture": "#0"},
				"west": {"uv": [2.5, 10.25, 2.625, 10.375], "texture": "#0"},
				"up": {"uv": [2.5, 10.25, 3.5, 10.375], "texture": "#0"},
				"down": {"uv": [2.5, 10.25, 3.5, 10.375], "texture": "#0"}
			}
		},
		{
			"name": "skullscythe_22",
			"from": [7.00873, 12.523, 7.72274],
			"to": [9.16517, 12.83106, 8.27726],
			"rotation": {"angle": 0, "axis": "y", "origin": [8, -1.39591, 8]},
			"faces": {
				"north": {"uv": [3.625, 10.375, 2.75, 10.5], "texture": "#0"},
				"east": {"uv": [3.5, 10.375, 3.625, 10.5], "texture": "#0"},
				"south": {"uv": [2.75, 10.375, 3.625, 10.5], "texture": "#0"},
				"west": {"uv": [2.75, 10.375, 2.875, 10.5], "texture": "#0"},
				"up": {"uv": [2.75, 10.375, 3.625, 10.5], "texture": "#0"},
				"down": {"uv": [2.75, 10.375, 3.625, 10.5], "texture": "#0"}
			}
		},
		{
			"name": "skullscythe_23",
			"from": [7.00873, 12.21494, 7.72274],
			"to": [9.16517, 12.523, 8.27726],
			"rotation": {"angle": 0, "axis": "y", "origin": [8, -1.39591, 8]},
			"faces": {
				"north": {"uv": [3.625, 10.5, 2.75, 10.625], "texture": "#0"},
				"east": {"uv": [3.5, 10.5, 3.625, 10.625], "texture": "#0"},
				"south": {"uv": [2.75, 10.5, 3.625, 10.625], "texture": "#0"},
				"west": {"uv": [2.75, 10.5, 2.875, 10.625], "texture": "#0"},
				"up": {"uv": [2.75, 10.5, 3.625, 10.625], "texture": "#0"},
				"down": {"uv": [2.75, 10.5, 3.625, 10.625], "texture": "#0"}
			}
		},
		{
			"name": "skullscythe_24",
			"from": [7.3168, 11.90688, 7.72274],
			"to": [9.16517, 12.21494, 8.27726],
			"rotation": {"angle": 0, "axis": "y", "origin": [8, -1.39591, 8]},
			"faces": {
				"north": {"uv": [3.625, 10.625, 2.875, 10.75], "texture": "#0"},
				"east": {"uv": [3.5, 10.625, 3.625, 10.75], "texture": "#0"},
				"south": {"uv": [2.875, 10.625, 3.625, 10.75], "texture": "#0"},
				"west": {"uv": [2.875, 10.625, 3, 10.75], "texture": "#0"},
				"up": {"uv": [2.875, 10.625, 3.625, 10.75], "texture": "#0"},
				"down": {"uv": [2.875, 10.625, 3.625, 10.75], "texture": "#0"}
			}
		},
		{
			"name": "skullscythe_25",
			"from": [7.3168, 11.59881, 7.59952],
			"to": [8.54905, 11.90688, 8.40048],
			"rotation": {"angle": 0, "axis": "y", "origin": [8, -1.39591, 8]},
			"faces": {
				"north": {"uv": [3.375, 10.75, 2.875, 10.875], "texture": "#0"},
				"east": {"uv": [3.25, 10.75, 3.375, 10.875], "texture": "#0"},
				"south": {"uv": [2.875, 10.75, 3.375, 10.875], "texture": "#0"},
				"west": {"uv": [2.875, 10.75, 3, 10.875], "texture": "#0"},
				"up": {"uv": [2.875, 10.75, 3.375, 10.875], "texture": "#0"},
				"down": {"uv": [2.875, 10.75, 3.375, 10.875], "texture": "#0"}
			}
		},
		{
			"name": "skullscythe_26",
			"from": [7.3168, 11.29075, 7.59952],
			"to": [8.54905, 11.59881, 8.40048],
			"rotation": {"angle": 0, "axis": "y", "origin": [8, -1.39591, 8]},
			"faces": {
				"north": {"uv": [3.375, 10.875, 2.875, 11], "texture": "#0"},
				"east": {"uv": [3.25, 10.875, 3.375, 11], "texture": "#0"},
				"south": {"uv": [2.875, 10.875, 3.375, 11], "texture": "#0"},
				"west": {"uv": [2.875, 10.875, 3, 11], "texture": "#0"},
				"up": {"uv": [2.875, 10.875, 3.375, 11], "texture": "#0"},
				"down": {"uv": [2.875, 10.875, 3.375, 11], "texture": "#0"}
			}
		},
		{
			"name": "skullscythe_27",
			"from": [7.3168, 10.98269, 7.59952],
			"to": [8.54905, 11.29075, 8.40048],
			"rotation": {"angle": 0, "axis": "y", "origin": [8, -1.39591, 8]},
			"faces": {
				"north": {"uv": [3.375, 11, 2.875, 11.125], "texture": "#0"},
				"east": {"uv": [3.25, 11, 3.375, 11.125], "texture": "#0"},
				"south": {"uv": [2.875, 11, 3.375, 11.125], "texture": "#0"},
				"west": {"uv": [2.875, 11, 3, 11.125], "texture": "#0"},
				"up": {"uv": [2.875, 11, 3.375, 11.125], "texture": "#0"},
				"down": {"uv": [2.875, 11, 3.375, 11.125], "texture": "#0"}
			}
		},
		{
			"name": "skullscythe_28",
			"from": [7.00873, 10.67463, 7.59952],
			"to": [8.85711, 10.98269, 8.40048],
			"rotation": {"angle": 0, "axis": "y", "origin": [8, -1.39591, 8]},
			"faces": {
				"north": {"uv": [3.5, 11.125, 2.75, 11.25], "texture": "#0"},
				"east": {"uv": [3.375, 11.125, 3.5, 11.25], "texture": "#0"},
				"south": {"uv": [2.75, 11.125, 3.5, 11.25], "texture": "#0"},
				"west": {"uv": [2.75, 11.125, 2.875, 11.25], "texture": "#0"},
				"up": {"uv": [2.75, 11.125, 3.5, 11.25], "texture": "#0"},
				"down": {"uv": [2.75, 11.125, 3.5, 11.25], "texture": "#0"}
			}
		},
		{
			"name": "skullscythe_29",
			"from": [7.00873, 10.36656, 7.59952],
			"to": [8.85711, 10.67463, 8.40048],
			"rotation": {"angle": 0, "axis": "y", "origin": [8, -1.39591, 8]},
			"faces": {
				"north": {"uv": [3.5, 11.25, 2.75, 11.375], "texture": "#0"},
				"east": {"uv": [3.375, 11.25, 3.5, 11.375], "texture": "#0"},
				"south": {"uv": [2.75, 11.25, 3.5, 11.375], "texture": "#0"},
				"west": {"uv": [2.75, 11.25, 2.875, 11.375], "texture": "#0"},
				"up": {"uv": [2.75, 11.25, 3.5, 11.375], "texture": "#0"},
				"down": {"uv": [2.75, 11.25, 3.5, 11.375], "texture": "#0"}
			}
		},
		{
			"name": "skullscythe_30",
			"from": [7.3168, 10.0585, 7.59952],
			"to": [8.85711, 10.36656, 8.40048],
			"rotation": {"angle": 0, "axis": "y", "origin": [8, -1.39591, 8]},
			"faces": {
				"north": {"uv": [3.5, 11.375, 2.875, 11.5], "texture": "#0"},
				"east": {"uv": [3.375, 11.375, 3.5, 11.5], "texture": "#0"},
				"south": {"uv": [2.875, 11.375, 3.5, 11.5], "texture": "#0"},
				"west": {"uv": [2.875, 11.375, 3, 11.5], "texture": "#0"},
				"up": {"uv": [2.875, 11.375, 3.5, 11.5], "texture": "#0"},
				"down": {"uv": [2.875, 11.375, 3.5, 11.5], "texture": "#0"}
			}
		},
		{
			"name": "skullscythe_31",
			"from": [7.62486, 9.75044, 7.59952],
			"to": [8.85711, 10.0585, 8.40048],
			"rotation": {"angle": 0, "axis": "y", "origin": [8, -1.39591, 8]},
			"faces": {
				"north": {"uv": [3.5, 11.5, 3, 11.625], "texture": "#0"},
				"east": {"uv": [3.375, 11.5, 3.5, 11.625], "texture": "#0"},
				"south": {"uv": [3, 11.5, 3.5, 11.625], "texture": "#0"},
				"west": {"uv": [3, 11.5, 3.125, 11.625], "texture": "#0"},
				"up": {"uv": [3, 11.5, 3.5, 11.625], "texture": "#0"},
				"down": {"uv": [3, 11.5, 3.5, 11.625], "texture": "#0"}
			}
		},
		{
			"name": "skullscythe_32",
			"from": [7.3168, 9.44238, 7.59952],
			"to": [9.16517, 9.75044, 8.40048],
			"rotation": {"angle": 0, "axis": "y", "origin": [8, -1.39591, 8]},
			"faces": {
				"north": {"uv": [3.625, 11.625, 2.875, 11.75], "texture": "#0"},
				"east": {"uv": [3.5, 11.625, 3.625, 11.75], "texture": "#0"},
				"south": {"uv": [2.875, 11.625, 3.625, 11.75], "texture": "#0"},
				"west": {"uv": [2.875, 11.625, 3, 11.75], "texture": "#0"},
				"up": {"uv": [2.875, 11.625, 3.625, 11.75], "texture": "#0"},
				"down": {"uv": [2.875, 11.625, 3.625, 11.75], "texture": "#0"}
			}
		},
		{
			"name": "skullscythe_33",
			"from": [7.00873, 9.13431, 7.59952],
			"to": [8.54905, 9.44238, 8.40048],
			"rotation": {"angle": 0, "axis": "y", "origin": [8, -1.39591, 8]},
			"faces": {
				"north": {"uv": [3.375, 11.75, 2.75, 11.875], "texture": "#0"},
				"east": {"uv": [3.25, 11.75, 3.375, 11.875], "texture": "#0"},
				"south": {"uv": [2.75, 11.75, 3.375, 11.875], "texture": "#0"},
				"west": {"uv": [2.75, 11.75, 2.875, 11.875], "texture": "#0"},
				"up": {"uv": [2.75, 11.75, 3.375, 11.875], "texture": "#0"},
				"down": {"uv": [2.75, 11.75, 3.375, 11.875], "texture": "#0"}
			}
		},
		{
			"name": "skullscythe_34",
			"from": [7.62486, 8.82625, 7.59952],
			"to": [8.54905, 9.13431, 8.40048],
			"rotation": {"angle": 0, "axis": "y", "origin": [8, -1.39591, 8]},
			"faces": {
				"north": {"uv": [3.375, 11.875, 3, 12], "texture": "#0"},
				"east": {"uv": [3.25, 11.875, 3.375, 12], "texture": "#0"},
				"south": {"uv": [3, 11.875, 3.375, 12], "texture": "#0"},
				"west": {"uv": [3, 11.875, 3.125, 12], "texture": "#0"},
				"up": {"uv": [3, 11.875, 3.375, 12], "texture": "#0"},
				"down": {"uv": [3, 11.875, 3.375, 12], "texture": "#0"}
			}
		},
		{
			"name": "skullscythe_35",
			"from": [7.62486, 8.51819, 7.59952],
			"to": [8.85711, 8.82625, 8.40048],
			"rotation": {"angle": 0, "axis": "y", "origin": [8, -1.39591, 8]},
			"faces": {
				"north": {"uv": [3.5, 12, 3, 12.125], "texture": "#0"},
				"east": {"uv": [3.375, 12, 3.5, 12.125], "texture": "#0"},
				"south": {"uv": [3, 12, 3.5, 12.125], "texture": "#0"},
				"west": {"uv": [3, 12, 3.125, 12.125], "texture": "#0"},
				"up": {"uv": [3, 12, 3.5, 12.125], "texture": "#0"},
				"down": {"uv": [3, 12, 3.5, 12.125], "texture": "#0"}
			}
		},
		{
			"name": "skullscythe_36",
			"from": [7.62486, 8.21013, 7.59952],
			"to": [8.85711, 8.51819, 8.40048],
			"rotation": {"angle": 0, "axis": "y", "origin": [8, -1.39591, 8]},
			"faces": {
				"north": {"uv": [3.5, 12.125, 3, 12.25], "texture": "#0"},
				"east": {"uv": [3.375, 12.125, 3.5, 12.25], "texture": "#0"},
				"south": {"uv": [3, 12.125, 3.5, 12.25], "texture": "#0"},
				"west": {"uv": [3, 12.125, 3.125, 12.25], "texture": "#0"},
				"up": {"uv": [3, 12.125, 3.5, 12.25], "texture": "#0"},
				"down": {"uv": [3, 12.125, 3.5, 12.25], "texture": "#0"}
			}
		},
		{
			"name": "skullscythe_37",
			"from": [7.62486, 7.90206, 7.59952],
			"to": [8.54905, 8.21013, 8.40048],
			"rotation": {"angle": 0, "axis": "y", "origin": [8, -1.39591, 8]},
			"faces": {
				"north": {"uv": [3.375, 12.25, 3, 12.375], "texture": "#0"},
				"east": {"uv": [3.25, 12.25, 3.375, 12.375], "texture": "#0"},
				"south": {"uv": [3, 12.25, 3.375, 12.375], "texture": "#0"},
				"west": {"uv": [3, 12.25, 3.125, 12.375], "texture": "#0"},
				"up": {"uv": [3, 12.25, 3.375, 12.375], "texture": "#0"},
				"down": {"uv": [3, 12.25, 3.375, 12.375], "texture": "#0"}
			}
		},
		{
			"name": "skullscythe_38",
			"from": [7.62486, 7.594, 7.59952],
			"to": [8.54905, 7.90206, 8.40048],
			"rotation": {"angle": 0, "axis": "y", "origin": [8, -1.39591, 8]},
			"faces": {
				"north": {"uv": [3.375, 12.375, 3, 12.5], "texture": "#0"},
				"east": {"uv": [3.25, 12.375, 3.375, 12.5], "texture": "#0"},
				"south": {"uv": [3, 12.375, 3.375, 12.5], "texture": "#0"},
				"west": {"uv": [3, 12.375, 3.125, 12.5], "texture": "#0"},
				"up": {"uv": [3, 12.375, 3.375, 12.5], "texture": "#0"},
				"down": {"uv": [3, 12.375, 3.375, 12.5], "texture": "#0"}
			}
		},
		{
			"name": "skullscythe_39",
			"from": [7.62486, 7.28594, 7.59952],
			"to": [8.54905, 7.594, 8.40048],
			"rotation": {"angle": 0, "axis": "y", "origin": [8, -1.39591, 8]},
			"faces": {
				"north": {"uv": [3.375, 12.5, 3, 12.625], "texture": "#0"},
				"east": {"uv": [3.25, 12.5, 3.375, 12.625], "texture": "#0"},
				"south": {"uv": [3, 12.5, 3.375, 12.625], "texture": "#0"},
				"west": {"uv": [3, 12.5, 3.125, 12.625], "texture": "#0"},
				"up": {"uv": [3, 12.5, 3.375, 12.625], "texture": "#0"},
				"down": {"uv": [3, 12.5, 3.375, 12.625], "texture": "#0"}
			}
		},
		{
			"name": "skullscythe_40",
			"from": [7.62486, 6.97788, 7.59952],
			"to": [8.54905, 7.28594, 8.40048],
			"rotation": {"angle": 0, "axis": "y", "origin": [8, -1.39591, 8]},
			"faces": {
				"north": {"uv": [3.375, 12.625, 3, 12.75], "texture": "#0"},
				"east": {"uv": [3.25, 12.625, 3.375, 12.75], "texture": "#0"},
				"south": {"uv": [3, 12.625, 3.375, 12.75], "texture": "#0"},
				"west": {"uv": [3, 12.625, 3.125, 12.75], "texture": "#0"},
				"up": {"uv": [3, 12.625, 3.375, 12.75], "texture": "#0"},
				"down": {"uv": [3, 12.625, 3.375, 12.75], "texture": "#0"}
			}
		},
		{
			"name": "skullscythe_41",
			"from": [7.62486, 6.66981, 7.59952],
			"to": [8.54905, 6.97788, 8.40048],
			"rotation": {"angle": 0, "axis": "y", "origin": [8, -1.39591, 8]},
			"faces": {
				"north": {"uv": [3.375, 12.75, 3, 12.875], "texture": "#0"},
				"east": {"uv": [3.25, 12.75, 3.375, 12.875], "texture": "#0"},
				"south": {"uv": [3, 12.75, 3.375, 12.875], "texture": "#0"},
				"west": {"uv": [3, 12.75, 3.125, 12.875], "texture": "#0"},
				"up": {"uv": [3, 12.75, 3.375, 12.875], "texture": "#0"},
				"down": {"uv": [3, 12.75, 3.375, 12.875], "texture": "#0"}
			}
		},
		{
			"name": "skullscythe_42",
			"from": [7.93292, 6.36175, 7.59952],
			"to": [8.54905, 6.66981, 8.40048],
			"rotation": {"angle": 0, "axis": "y", "origin": [8, -1.39591, 8]},
			"faces": {
				"north": {"uv": [3.375, 12.875, 3.125, 13], "texture": "#0"},
				"east": {"uv": [3.25, 12.875, 3.375, 13], "texture": "#0"},
				"south": {"uv": [3.125, 12.875, 3.375, 13], "texture": "#0"},
				"west": {"uv": [3.125, 12.875, 3.25, 13], "texture": "#0"},
				"up": {"uv": [3.125, 12.875, 3.375, 13], "texture": "#0"},
				"down": {"uv": [3.125, 12.875, 3.375, 13], "texture": "#0"}
			}
		},
		{
			"name": "skullscythe_43",
			"from": [7.93292, 6.05369, 7.59952],
			"to": [8.54905, 6.36175, 8.40048],
			"rotation": {"angle": 0, "axis": "y", "origin": [8, -1.39591, 8]},
			"faces": {
				"north": {"uv": [3.375, 13, 3.125, 13.125], "texture": "#0"},
				"east": {"uv": [3.25, 13, 3.375, 13.125], "texture": "#0"},
				"south": {"uv": [3.125, 13, 3.375, 13.125], "texture": "#0"},
				"west": {"uv": [3.125, 13, 3.25, 13.125], "texture": "#0"},
				"up": {"uv": [3.125, 13, 3.375, 13.125], "texture": "#0"},
				"down": {"uv": [3.125, 13, 3.375, 13.125], "texture": "#0"}
			}
		},
		{
			"name": "skullscythe_44",
			"from": [7.93292, 5.74562, 7.59952],
			"to": [8.54905, 6.05369, 8.40048],
			"rotation": {"angle": 0, "axis": "y", "origin": [8, -1.39591, 8]},
			"faces": {
				"north": {"uv": [3.375, 13.125, 3.125, 13.25], "texture": "#0"},
				"east": {"uv": [3.25, 13.125, 3.375, 13.25], "texture": "#0"},
				"south": {"uv": [3.125, 13.125, 3.375, 13.25], "texture": "#0"},
				"west": {"uv": [3.125, 13.125, 3.25, 13.25], "texture": "#0"},
				"up": {"uv": [3.125, 13.125, 3.375, 13.25], "texture": "#0"},
				"down": {"uv": [3.125, 13.125, 3.375, 13.25], "texture": "#0"}
			}
		},
		{
			"name": "skullscythe_45",
			"from": [7.93292, 5.43756, 7.59952],
			"to": [8.54905, 5.74562, 8.40048],
			"rotation": {"angle": 0, "axis": "y", "origin": [8, -1.39591, 8]},
			"faces": {
				"north": {"uv": [3.375, 13.25, 3.125, 13.375], "texture": "#0"},
				"east": {"uv": [3.25, 13.25, 3.375, 13.375], "texture": "#0"},
				"south": {"uv": [3.125, 13.25, 3.375, 13.375], "texture": "#0"},
				"west": {"uv": [3.125, 13.25, 3.25, 13.375], "texture": "#0"},
				"up": {"uv": [3.125, 13.25, 3.375, 13.375], "texture": "#0"},
				"down": {"uv": [3.125, 13.25, 3.375, 13.375], "texture": "#0"}
			}
		},
		{
			"name": "skullscythe_46",
			"from": [7.93292, 5.1295, 7.59952],
			"to": [8.54905, 5.43756, 8.40048],
			"rotation": {"angle": 0, "axis": "y", "origin": [8, -1.39591, 8]},
			"faces": {
				"north": {"uv": [3.375, 13.375, 3.125, 13.5], "texture": "#0"},
				"east": {"uv": [3.25, 13.375, 3.375, 13.5], "texture": "#0"},
				"south": {"uv": [3.125, 13.375, 3.375, 13.5], "texture": "#0"},
				"west": {"uv": [3.125, 13.375, 3.25, 13.5], "texture": "#0"},
				"up": {"uv": [3.125, 13.375, 3.375, 13.5], "texture": "#0"},
				"down": {"uv": [3.125, 13.375, 3.375, 13.5], "texture": "#0"}
			}
		},
		{
			"name": "skullscythe_47",
			"from": [7.93292, 4.82144, 7.59952],
			"to": [8.54905, 5.1295, 8.40048],
			"rotation": {"angle": 0, "axis": "y", "origin": [8, -1.39591, 8]},
			"faces": {
				"north": {"uv": [3.375, 13.5, 3.125, 13.625], "texture": "#0"},
				"east": {"uv": [3.25, 13.5, 3.375, 13.625], "texture": "#0"},
				"south": {"uv": [3.125, 13.5, 3.375, 13.625], "texture": "#0"},
				"west": {"uv": [3.125, 13.5, 3.25, 13.625], "texture": "#0"},
				"up": {"uv": [3.125, 13.5, 3.375, 13.625], "texture": "#0"},
				"down": {"uv": [3.125, 13.5, 3.375, 13.625], "texture": "#0"}
			}
		},
		{
			"name": "skullscythe_48",
			"from": [7.93292, 4.51337, 7.59952],
			"to": [8.54905, 4.82144, 8.40048],
			"rotation": {"angle": 0, "axis": "y", "origin": [8, -1.39591, 8]},
			"faces": {
				"north": {"uv": [3.375, 13.625, 3.125, 13.75], "texture": "#0"},
				"east": {"uv": [3.25, 13.625, 3.375, 13.75], "texture": "#0"},
				"south": {"uv": [3.125, 13.625, 3.375, 13.75], "texture": "#0"},
				"west": {"uv": [3.125, 13.625, 3.25, 13.75], "texture": "#0"},
				"up": {"uv": [3.125, 13.625, 3.375, 13.75], "texture": "#0"},
				"down": {"uv": [3.125, 13.625, 3.375, 13.75], "texture": "#0"}
			}
		},
		{
			"name": "skullscythe_49",
			"from": [7.93292, 4.20531, 7.59952],
			"to": [8.54905, 4.51337, 8.40048],
			"rotation": {"angle": 0, "axis": "y", "origin": [8, -1.39591, 8]},
			"faces": {
				"north": {"uv": [3.375, 13.75, 3.125, 13.875], "texture": "#0"},
				"east": {"uv": [3.25, 13.75, 3.375, 13.875], "texture": "#0"},
				"south": {"uv": [3.125, 13.75, 3.375, 13.875], "texture": "#0"},
				"west": {"uv": [3.125, 13.75, 3.25, 13.875], "texture": "#0"},
				"up": {"uv": [3.125, 13.75, 3.375, 13.875], "texture": "#0"},
				"down": {"uv": [3.125, 13.75, 3.375, 13.875], "texture": "#0"}
			}
		},
		{
			"name": "skullscythe_50",
			"from": [7.93292, 3.89725, 7.59952],
			"to": [8.54905, 4.20531, 8.40048],
			"rotation": {"angle": 0, "axis": "y", "origin": [8, -1.39591, 8]},
			"faces": {
				"north": {"uv": [3.375, 13.875, 3.125, 14], "texture": "#0"},
				"east": {"uv": [3.25, 13.875, 3.375, 14], "texture": "#0"},
				"south": {"uv": [3.125, 13.875, 3.375, 14], "texture": "#0"},
				"west": {"uv": [3.125, 13.875, 3.25, 14], "texture": "#0"},
				"up": {"uv": [3.125, 13.875, 3.375, 14], "texture": "#0"},
				"down": {"uv": [3.125, 13.875, 3.375, 14], "texture": "#0"}
			}
		},
		{
			"name": "skullscythe_51",
			"from": [7.62486, 3.58919, 7.59952],
			"to": [8.85711, 3.89725, 8.40048],
			"rotation": {"angle": 0, "axis": "y", "origin": [8, -1.39591, 8]},
			"faces": {
				"north": {"uv": [3.5, 14, 3, 14.125], "texture": "#0"},
				"east": {"uv": [3.375, 14, 3.5, 14.125], "texture": "#0"},
				"south": {"uv": [3, 14, 3.5, 14.125], "texture": "#0"},
				"west": {"uv": [3, 14, 3.125, 14.125], "texture": "#0"},
				"up": {"uv": [3, 14, 3.5, 14.125], "texture": "#0"},
				"down": {"uv": [3, 14, 3.5, 14.125], "texture": "#0"}
			}
		},
		{
			"name": "skullscythe_52",
			"from": [7.62486, 3.28112, 7.59952],
			"to": [8.85711, 3.58919, 8.40048],
			"rotation": {"angle": 0, "axis": "y", "origin": [8, -1.39591, 8]},
			"faces": {
				"north": {"uv": [3.5, 14.125, 3, 14.25], "texture": "#0"},
				"east": {"uv": [3.375, 14.125, 3.5, 14.25], "texture": "#0"},
				"south": {"uv": [3, 14.125, 3.5, 14.25], "texture": "#0"},
				"west": {"uv": [3, 14.125, 3.125, 14.25], "texture": "#0"},
				"up": {"uv": [3, 14.125, 3.5, 14.25], "texture": "#0"},
				"down": {"uv": [3, 14.125, 3.5, 14.25], "texture": "#0"}
			}
		},
		{
			"name": "skullscythe_53",
			"from": [7.62486, 2.97306, 7.59952],
			"to": [9.16517, 3.28112, 8.40048],
			"rotation": {"angle": 0, "axis": "y", "origin": [8, -1.39591, 8]},
			"faces": {
				"north": {"uv": [3.625, 14.25, 3, 14.375], "texture": "#0"},
				"east": {"uv": [3.5, 14.25, 3.625, 14.375], "texture": "#0"},
				"south": {"uv": [3, 14.25, 3.625, 14.375], "texture": "#0"},
				"west": {"uv": [3, 14.25, 3.125, 14.375], "texture": "#0"},
				"up": {"uv": [3, 14.25, 3.625, 14.375], "texture": "#0"},
				"down": {"uv": [3, 14.25, 3.625, 14.375], "texture": "#0"}
			}
		},
		{
			"name": "skullscythe_54",
			"from": [7.62486, 2.665, 7.59952],
			"to": [9.16517, 2.97306, 8.40048],
			"rotation": {"angle": 0, "axis": "y", "origin": [8, -1.39591, 8]},
			"faces": {
				"north": {"uv": [3.625, 14.375, 3, 14.5], "texture": "#0"},
				"east": {"uv": [3.5, 14.375, 3.625, 14.5], "texture": "#0"},
				"south": {"uv": [3, 14.375, 3.625, 14.5], "texture": "#0"},
				"west": {"uv": [3, 14.375, 3.125, 14.5], "texture": "#0"},
				"up": {"uv": [3, 14.375, 3.625, 14.5], "texture": "#0"},
				"down": {"uv": [3, 14.375, 3.625, 14.5], "texture": "#0"}
			}
		},
		{
			"name": "skullscythe_55",
			"from": [7.62486, 2.35694, 7.59952],
			"to": [9.47323, 2.665, 8.40048],
			"rotation": {"angle": 0, "axis": "y", "origin": [8, -1.39591, 8]},
			"faces": {
				"north": {"uv": [3.75, 14.5, 3, 14.625], "texture": "#0"},
				"east": {"uv": [3.625, 14.5, 3.75, 14.625], "texture": "#0"},
				"south": {"uv": [3, 14.5, 3.75, 14.625], "texture": "#0"},
				"west": {"uv": [3, 14.5, 3.125, 14.625], "texture": "#0"},
				"up": {"uv": [3, 14.5, 3.75, 14.625], "texture": "#0"},
				"down": {"uv": [3, 14.5, 3.75, 14.625], "texture": "#0"}
			}
		},
		{
			"name": "skullscythe_56",
			"from": [7.62486, 2.04887, 7.29146],
			"to": [9.47323, 2.35694, 8.70854],
			"rotation": {"angle": 0, "axis": "y", "origin": [8, -1.39591, 8]},
			"faces": {
				"north": {"uv": [3.75, 14.625, 3, 14.75], "texture": "#0"},
				"east": {"uv": [3.625, 14.625, 3.75, 14.75], "texture": "#0"},
				"south": {"uv": [3, 14.625, 3.75, 14.75], "texture": "#0"},
				"west": {"uv": [3, 14.625, 3.125, 14.75], "texture": "#0"},
				"up": {"uv": [3, 14.625, 3.75, 14.75], "texture": "#0"},
				"down": {"uv": [3, 14.625, 3.75, 14.75], "texture": "#0"}
			}
		},
		{
			"name": "skullscythe_57",
			"from": [7.3168, 1.74081, 7.29146],
			"to": [8.85711, 2.04887, 8.70854],
			"rotation": {"angle": 0, "axis": "y", "origin": [8, -1.39591, 8]},
			"faces": {
				"north": {"uv": [3.5, 14.75, 2.875, 14.875], "texture": "#0"},
				"east": {"uv": [3.375, 14.75, 3.5, 14.875], "texture": "#0"},
				"south": {"uv": [2.875, 14.75, 3.5, 14.875], "texture": "#0"},
				"west": {"uv": [2.875, 14.75, 3, 14.875], "texture": "#0"},
				"up": {"uv": [2.875, 14.75, 3.5, 14.875], "texture": "#0"},
				"down": {"uv": [2.875, 14.75, 3.5, 14.875], "texture": "#0"}
			}
		},
		{
			"name": "skullscythe_58",
			"from": [7.3168, 1.43275, 7.29146],
			"to": [8.85711, 1.74081, 8.70854],
			"rotation": {"angle": 0, "axis": "y", "origin": [8, -1.39591, 8]},
			"faces": {
				"north": {"uv": [3.5, 14.875, 2.875, 15], "texture": "#0"},
				"east": {"uv": [3.375, 14.875, 3.5, 15], "texture": "#0"},
				"south": {"uv": [2.875, 14.875, 3.5, 15], "texture": "#0"},
				"west": {"uv": [2.875, 14.875, 3, 15], "texture": "#0"},
				"up": {"uv": [2.875, 14.875, 3.5, 15], "texture": "#0"},
				"down": {"uv": [2.875, 14.875, 3.5, 15], "texture": "#0"}
			}
		},
		{
			"name": "skullscythe_59",
			"from": [7.00873, 1.12469, 7.29146],
			"to": [8.85711, 1.43275, 8.70854],
			"rotation": {"angle": 0, "axis": "y", "origin": [8, -1.39591, 8]},
			"faces": {
				"north": {"uv": [3.5, 15, 2.75, 15.125], "texture": "#0"},
				"east": {"uv": [3.375, 15, 3.5, 15.125], "texture": "#0"},
				"south": {"uv": [2.75, 15, 3.5, 15.125], "texture": "#0"},
				"west": {"uv": [2.75, 15, 2.875, 15.125], "texture": "#0"},
				"up": {"uv": [2.75, 15, 3.5, 15.125], "texture": "#0"},
				"down": {"uv": [2.75, 15, 3.5, 15.125], "texture": "#0"}
			}
		},
		{
			"name": "skullscythe_60",
			"from": [7.62486, 0.81662, 7.29146],
			"to": [8.85711, 1.12469, 8.70854],
			"rotation": {"angle": 0, "axis": "y", "origin": [8, -1.39591, 8]},
			"faces": {
				"north": {"uv": [3.5, 15.125, 3, 15.25], "texture": "#0"},
				"east": {"uv": [3.375, 15.125, 3.5, 15.25], "texture": "#0"},
				"south": {"uv": [3, 15.125, 3.5, 15.25], "texture": "#0"},
				"west": {"uv": [3, 15.125, 3.125, 15.25], "texture": "#0"},
				"up": {"uv": [3, 15.125, 3.5, 15.25], "texture": "#0"},
				"down": {"uv": [3, 15.125, 3.5, 15.25], "texture": "#0"}
			}
		},
		{
			"name": "skullscythe_61",
			"from": [8.54905, 0.50856, 7.29146],
			"to": [9.16517, 0.81662, 8.70854],
			"rotation": {"angle": 0, "axis": "y", "origin": [8, -1.39591, 8]},
			"faces": {
				"north": {"uv": [3.625, 15.25, 3.375, 15.375], "texture": "#0"},
				"east": {"uv": [3.5, 15.25, 3.625, 15.375], "texture": "#0"},
				"south": {"uv": [3.375, 15.25, 3.625, 15.375], "texture": "#0"},
				"west": {"uv": [3.375, 15.25, 3.5, 15.375], "texture": "#0"},
				"up": {"uv": [3.375, 15.25, 3.625, 15.375], "texture": "#0"},
				"down": {"uv": [3.375, 15.25, 3.625, 15.375], "texture": "#0"}
			}
		}
	],
	"display": {
		"thirdperson_righthand": {
			"rotation": [0, 90, 0],
			"translation": [0, -0.25, 2],
			"scale": [0.9, 0.9, 0.9]
		},
		"thirdperson_lefthand": {
			"rotation": [0, -90, 0],
			"translation": [0, -0.25, 2],
			"scale": [0.9, 0.9, 0.9]
		},
		"firstperson_righthand": {
			"rotation": [20, 90, 0],
			"translation": [0, 1, 0.75],
			"scale": [0.7, 0.7, 0.7]
		},
		"firstperson_lefthand": {
			"rotation": [20, -90, 0],
			"translation": [0, 1, 0.75],
			"scale": [0.7, 0.7, 0.7]
		},
		"ground": {
			"translation": [0, 4.25, 0]
		},
		"gui": {
			"rotation": [0, 0, -45],
			"translation": [-3.5, -1, 0],
			"scale": [0.8, 0.8, 0.8]
		},
		"head": {
			"translation": [0, 7.5, 0]
		},
		"fixed": {
			"rotation": [0, 180, -45],
			"translation": [4, -0.5, 0]
		}
	},
	"groups": [
		{
			"name": "skullscythe",
			"origin": [8, 8, 8],
			"color": 0,
			"children": [
				0,
				1,
				2,
				3,
				4,
				5,
				6,
				7,
				8,
				9,
				10,
				11,
				12,
				13,
				14,
				15,
				16,
				17,
				18,
				19,
				20,
				21,
				22,
				23,
				24,
				25,
				26,
				27,
				28,
				29,
				30,
				31,
				32,
				33,
				34,
				35,
				36,
				37,
				38,
				39,
				40,
				41,
				42,
				43,
				44,
				45,
				46,
				47,
				48,
				49,
				50,
				51,
				52,
				53,
				54,
				55,
				56,
				57,
				58,
				59,
				60,
				61
			]
		}
	]
}