{
	"credit": "Made with Blockbench",
	"textures": {
		"0": "item/backpacks/bastion/backpack",
		"1": "item/backpacks/bastion/backpack_anim",
		"particle": "item/backpacks/bastion/backpack"
	},
	"elements": [
		{
			"from": [2.99, -1.01, 9.99],
			"to": [13.01, 8.01, 15.01],
			"rotation": {"angle": 0, "axis": "y", "origin": [11, 6, 10]},
			"faces": {
				"north": {"uv": [0, 0, 5, 4.5], "texture": "#0"},
				"east": {"uv": [0, 9, 2.5, 13.5], "texture": "#0"},
				"south": {"uv": [0, 4.5, 5, 9], "texture": "#0"},
				"west": {"uv": [2.5, 9, 5, 13.5], "texture": "#0"},
				"up": {"uv": [10, 8.5, 5, 6], "texture": "#0"},
				"down": {"uv": [10, 8.5, 5, 11], "texture": "#0"}
			}
		},
		{
			"from": [2.975, -0.025, 9.975],
			"to": [13.025, 4.025, 16.025],
			"rotation": {"angle": 0, "axis": "y", "origin": [11, 6, 10]},
			"faces": {
				"north": {"uv": [10, 0, 15, 2], "texture": "#0"},
				"east": {"uv": [10, 4, 13, 6], "texture": "#0"},
				"south": {"uv": [10, 2, 15, 4], "texture": "#0"},
				"west": {"uv": [10, 6, 13, 8], "texture": "#0"},
				"up": {"uv": [10, 3, 5, 0], "texture": "#0"},
				"down": {"uv": [10, 3, 5, 6], "texture": "#0"}
			}
		},
		{
			"from": [14.3, -2.5, 9.5],
			"to": [14.3, 5.5, 18.5],
			"rotation": {"angle": 22.5, "axis": "y", "origin": [14.3, 1.5, 14]},
			"faces": {
				"north": {"uv": [4, 0, 0, 0], "rotation": 90, "texture": "#0"},
				"east": {"uv": [10, 8, 14, 12], "rotation": 270, "texture": "#0"},
				"south": {"uv": [4, 0, 0, 0], "rotation": 90, "texture": "#0"},
				"west": {"uv": [5, 11, 9, 15.5], "rotation": 90, "texture": "#0"},
				"up": {"uv": [0, 0, 0, 4], "rotation": 180, "texture": "#0"},
				"down": {"uv": [0, 0, 0, 4], "texture": "#0"}
			}
		},
		{
			"from": [0, 0, 11],
			"to": [4, 5, 15],
			"rotation": {"angle": 22.5, "axis": "z", "origin": [2, 2.5, 13]},
			"faces": {
				"north": {"uv": [9, 12, 11, 14.5], "texture": "#0"},
				"east": {"uv": [11, 12, 13, 14.5], "texture": "#0"},
				"south": {"uv": [13, 4, 15, 6.5], "texture": "#0"},
				"west": {"uv": [13, 12, 15, 14.5], "texture": "#0"},
				"up": {"uv": [2, 15.5, 0, 13.5], "texture": "#0"},
				"down": {"uv": [4, 13.5, 2, 15.5], "texture": "#0"}
			}
		},
		{
			"from": [1, 4, 11],
			"to": [1, 8, 15],
			"rotation": {"angle": -45, "axis": "z", "origin": [1, 4.8, 13]},
			"faces": {
				"north": {"uv": [0, 0, 0, 2], "texture": "#0"},
				"east": {"uv": [14, 8.5, 16, 10.5], "texture": "#0"},
				"south": {"uv": [0, 0, 0, 2], "texture": "#0"},
				"west": {"uv": [14, 8.5, 16, 10.5], "texture": "#0"},
				"up": {"uv": [0, 2, 0, 0], "texture": "#0"},
				"down": {"uv": [0, 0, 0, 2], "texture": "#0"}
			}
		},
		{
			"from": [1, 4, 10],
			"to": [1, 14, 16],
			"rotation": {"angle": -45, "axis": "y", "origin": [1, 9, 13]},
			"faces": {
				"north": {"uv": [0, 0, 0, 10], "texture": "#1"},
				"east": {"uv": [0, 0, 6, 10], "texture": "#1"},
				"south": {"uv": [0, 0, 0, 10], "texture": "#1"},
				"west": {"uv": [6, 0, 0, 10], "texture": "#1"},
				"up": {"uv": [0, 6, 0, 0], "texture": "#1"},
				"down": {"uv": [0, 0, 0, 6], "texture": "#1"}
			}
		}
	],
	"gui_light": "front",
	"display": {
		"thirdperson_righthand": {
			"rotation": [-135, 0, 180],
			"translation": [0, 0.75, 6.75],
			"scale": [0.75, 0.75, 0.75]
		},
		"thirdperson_lefthand": {
			"rotation": [-135, 0, 180],
			"translation": [0, 0.75, 6.75],
			"scale": [0.75, 0.75, 0.75]
		},
		"firstperson_righthand": {
			"rotation": [-165, 0, 180],
			"translation": [0, 2.75, 6.75],
			"scale": [0.75, 0.75, 0.75]
		},
		"firstperson_lefthand": {
			"rotation": [-165, 0, 180],
			"translation": [0, 2.75, 6.75],
			"scale": [0.75, 0.75, 0.75]
		},
		"ground": {
			"translation": [0, 5, 0],
			"scale": [0.5, 0.5, 0.5]
		},
		"gui": {
			"rotation": [0, 0, 45],
			"translation": [-3.25, 2.5, 0],
			"scale": [0.95, 0.95, 0.95]
		},
		"head": {
			"translation": [0, -54.5, 0],
			"scale": [1.5, 1.5, 1.5]
		},
		"fixed": {
			"rotation": [-180, 0, -135],
			"translation": [2.5, 2.5, 4]
		}
	},
	"groups": [
		{
			"name": "bastion_backpack",
			"origin": [8, 8, 8],
			"color": 0,
			"boneType": "",
			"children": [0, 1, 2, 3, 4, 5]
		}
	]
}