{
	"credit": "Made with Blockbench",
	"texture_size": [128, 128],
	"textures": {
		"0": "item/multiple/sweet/valentine_texture_01",
		"1": "item/multiple/sweet/valentine_animation_01",
		"2": "item/multiple/sweet/valentine_animation_02",
		"3": "item/multiple/sweet/valentine_animation_05",
		"particle": "item/multiple/sweet/valentine_texture_01"
	},
	"elements": [
		{
			"from": [9.5, 21, 3.5],
			"to": [18.5, 27, 3.5],
			"rotation": {"angle": -22.5, "axis": "z", "origin": [17, 19.5, -0.5]},
			"faces": {
				"north": {"uv": [0, 0, 9, 5], "texture": "#3"},
				"east": {"uv": [0, 0, 0, 5], "texture": "#3"},
				"south": {"uv": [0, 0, 9, 5], "texture": "#3"},
				"west": {"uv": [0, 0, 0, 5], "texture": "#3"},
				"up": {"uv": [0, 9, 0, 0], "rotation": 90, "texture": "#3"},
				"down": {"uv": [0, 0, 0, 9], "rotation": 270, "texture": "#3"}
			}
		},
		{
			"from": [-6.5, 12, 5.5],
			"to": [2.5, 18, 5.5],
			"rotation": {"angle": 22.5, "axis": "z", "origin": [-1, 19.5, -0.5]},
			"faces": {
				"north": {"uv": [9, 0, 0, 5], "texture": "#3"},
				"east": {"uv": [0, 0, 0, 5], "texture": "#3"},
				"south": {"uv": [9, 0, 0, 5], "texture": "#3"},
				"west": {"uv": [0, 0, 0, 5], "texture": "#3"},
				"up": {"uv": [0, 0, 0, 9], "rotation": 90, "texture": "#3"},
				"down": {"uv": [0, 9, 0, 0], "rotation": 270, "texture": "#3"}
			}
		},
		{
			"from": [16, 5, 0.5],
			"to": [25, 11, 0.5],
			"rotation": {"angle": 0, "axis": "y", "origin": [17, 8.5, 0.5]},
			"faces": {
				"north": {"uv": [0, 0, 9, 5], "texture": "#3"},
				"east": {"uv": [0, 0, 0, 5], "texture": "#3"},
				"south": {"uv": [0, 0, 9, 5], "texture": "#3"},
				"west": {"uv": [0, 0, 0, 5], "texture": "#3"},
				"up": {"uv": [0, 9, 0, 0], "rotation": 90, "texture": "#3"},
				"down": {"uv": [0, 0, 0, 9], "rotation": 270, "texture": "#3"}
			}
		},
		{
			"from": [-8, 0, 5.5],
			"to": [1, 6, 5.5],
			"rotation": {"angle": 0, "axis": "y", "origin": [-1, 8.5, 15.5]},
			"faces": {
				"north": {"uv": [0, 0, 9, 5], "texture": "#3"},
				"east": {"uv": [0, 0, 0, 5], "texture": "#3"},
				"south": {"uv": [0, 0, 9, 5], "texture": "#3"},
				"west": {"uv": [0, 0, 0, 5], "texture": "#3"},
				"up": {"uv": [0, 0, 0, 9], "rotation": 90, "texture": "#3"},
				"down": {"uv": [0, 9, 0, 0], "rotation": 270, "texture": "#3"}
			}
		},
		{
			"from": [-6.5, 16, 1.5],
			"to": [2.5, 22, 1.5],
			"rotation": {"angle": 22.5, "axis": "z", "origin": [0, 13.5, -0.5]},
			"faces": {
				"north": {"uv": [0, 0, 9, 5], "texture": "#3"},
				"east": {"uv": [0, 0, 0, 5], "texture": "#3"},
				"south": {"uv": [0, 0, 9, 5], "texture": "#3"},
				"west": {"uv": [0, 0, 0, 5], "texture": "#3"},
				"up": {"uv": [0, 9, 0, 0], "rotation": 90, "texture": "#3"},
				"down": {"uv": [0, 0, 0, 9], "rotation": 270, "texture": "#3"}
			}
		},
		{
			"from": [13.5, 7, 7.5],
			"to": [22.5, 13, 7.5],
			"rotation": {"angle": -22.5, "axis": "z", "origin": [16, 13.5, -0.5]},
			"faces": {
				"north": {"uv": [9, 0, 0, 5], "texture": "#3"},
				"east": {"uv": [0, 0, 0, 5], "texture": "#3"},
				"south": {"uv": [9, 0, 0, 5], "texture": "#3"},
				"west": {"uv": [0, 0, 0, 5], "texture": "#3"},
				"up": {"uv": [0, 0, 0, 9], "rotation": 90, "texture": "#3"},
				"down": {"uv": [0, 9, 0, 0], "rotation": 270, "texture": "#3"}
			}
		},
		{
			"from": [10, -0.5, 2],
			"to": [16, 11.5, 2],
			"rotation": {"angle": 22.5, "axis": "z", "origin": [14, 4.5, 1]},
			"faces": {
				"north": {"uv": [14.375, 0.625, 13.625, 2.125], "texture": "#0"},
				"east": {"uv": [0, 0, 0, 24], "texture": "#missing"},
				"south": {"uv": [13.625, 0.625, 14.375, 2.125], "texture": "#0"},
				"west": {"uv": [0, 0, 0, 24], "texture": "#missing"},
				"up": {"uv": [0, 12, 0, 0], "rotation": 90, "texture": "#missing"},
				"down": {"uv": [0, 12, 0, 0], "rotation": 270, "texture": "#missing"}
			}
		},
		{
			"from": [0, -0.5, 2],
			"to": [6, 11.5, 2],
			"rotation": {"angle": -22.5, "axis": "z", "origin": [2, 4.5, 1]},
			"faces": {
				"north": {"uv": [13.625, 0.625, 14.375, 2.125], "texture": "#0"},
				"east": {"uv": [0, 0, 0, 24], "texture": "#missing"},
				"south": {"uv": [14.375, 0.625, 13.625, 2.125], "texture": "#0"},
				"west": {"uv": [0, 0, 0, 24], "texture": "#missing"},
				"up": {"uv": [0, 0, 0, 12], "rotation": 90, "texture": "#missing"},
				"down": {"uv": [0, 0, 0, 12], "rotation": 270, "texture": "#missing"}
			}
		},
		{
			"from": [3.5, 6.5, 2.6],
			"to": [12.5, 12, 2.6],
			"rotation": {"angle": 0, "axis": "y", "origin": [8, 30.75, 1.1]},
			"faces": {
				"north": {"uv": [13.625, 1.4375, 12.5, 2.125], "texture": "#0"},
				"east": {"uv": [0.6875, 0, 0.8125, 2.5625], "texture": "#0"},
				"south": {"uv": [13.625, 1.4375, 12.5, 2.125], "texture": "#0"},
				"west": {"uv": [0.6875, 0, 0.8125, 2.5625], "texture": "#0"},
				"up": {"uv": [0.6875, 0, 0.8125, 0.6875], "rotation": 90, "texture": "#0"},
				"down": {"uv": [0.6875, 0, 0.8125, 0.6875], "rotation": 270, "texture": "#0"}
			}
		},
		{
			"from": [6, 10, 2.5],
			"to": [11, 15, 2.5],
			"rotation": {"angle": 45, "axis": "z", "origin": [8, 12, -1.5]},
			"faces": {
				"north": {"uv": [0, 0, 10, 10], "texture": "#1"},
				"east": {"uv": [0, 0, 0, 10], "texture": "#1"},
				"south": {"uv": [10, 0, 0, 10], "texture": "#1"},
				"west": {"uv": [0, 0, 0, 10], "texture": "#1"},
				"up": {"uv": [0, 10, 0, 0], "rotation": 90, "texture": "#1"},
				"down": {"uv": [0, 0, 0, 10], "rotation": 270, "texture": "#1"}
			}
		},
		{
			"from": [1, 8, -1.35],
			"to": [4, 12.5, 2.35],
			"rotation": {"angle": -45, "axis": "z", "origin": [8, 8.5, 17.5]},
			"faces": {
				"north": {"uv": [0.8125, 1.375, 1.375, 1], "rotation": 90, "texture": "#0"},
				"east": {"uv": [1.9375, 1, 1.375, 1.4375], "rotation": 90, "texture": "#0"},
				"south": {"uv": [0.8125, 1, 1.375, 1.375], "rotation": 90, "texture": "#0"},
				"west": {"uv": [1.9375, 1, 1.375, 1.4375], "rotation": 90, "texture": "#0"},
				"up": {"uv": [2.3125, 1, 2.6875, 1.4375], "rotation": 180, "texture": "#0"},
				"down": {"uv": [1.9375, 1, 2.3125, 1.4375], "texture": "#0"}
			}
		},
		{
			"from": [4, 8, -1.35],
			"to": [8.5, 15.5, 2.35],
			"rotation": {"angle": -45, "axis": "z", "origin": [8, 8.5, 17.5]},
			"faces": {
				"north": {"uv": [1.4375, 0.5625, 2.375, 0], "rotation": 90, "texture": "#0"},
				"east": {"uv": [1.75, 0.5625, 0.8125, 1], "rotation": 90, "texture": "#0"},
				"south": {"uv": [1.4375, 0, 2.375, 0.5625], "rotation": 90, "texture": "#0"},
				"west": {"uv": [3.3125, 0, 2.375, 0.4375], "rotation": 90, "texture": "#0"},
				"up": {"uv": [2.3125, 0.5625, 2.875, 1], "rotation": 180, "texture": "#0"},
				"down": {"uv": [1.75, 0.5625, 2.3125, 1], "texture": "#0"}
			}
		},
		{
			"from": [3, 10, 2.7],
			"to": [13, 14, 2.7],
			"rotation": {"angle": 0, "axis": "y", "origin": [16, 11, -3.5]},
			"faces": {
				"north": {"uv": [14, 0, 0, 6], "texture": "#2"},
				"east": {"uv": [0, 0, 0, 6], "texture": "#2"},
				"south": {"uv": [0, 0, 14, 6], "texture": "#2"},
				"west": {"uv": [0, 0, 0, 6], "texture": "#2"},
				"up": {"uv": [0, 0, 0, 12], "rotation": 90, "texture": "#2"},
				"down": {"uv": [0, 0, 0, 12], "rotation": 270, "texture": "#2"}
			}
		},
		{
			"from": [-13, 7, 0.6],
			"to": [5, 25, 0.6],
			"rotation": {"angle": 22.5, "axis": "y", "origin": [5, 16, 0.6]},
			"faces": {
				"north": {"uv": [12.625, 3.9375, 14.875, 6.1875], "texture": "#0"},
				"east": {"uv": [0, 0, 0, 2.25], "texture": "#missing"},
				"south": {"uv": [14.875, 3.9375, 12.625, 6.1875], "texture": "#0"},
				"west": {"uv": [0, 0, 0, 2.25], "texture": "#missing"},
				"up": {"uv": [0, 0, 2.25, 0], "texture": "#missing"},
				"down": {"uv": [0, 0, 2.25, 0], "texture": "#missing"}
			}
		},
		{
			"from": [11, 7, 0.6],
			"to": [29, 25, 0.6],
			"rotation": {"angle": -22.5, "axis": "y", "origin": [11, 16, 0.6]},
			"faces": {
				"north": {"uv": [14.875, 3.9375, 12.625, 6.1875], "texture": "#0"},
				"east": {"uv": [0, 0, 0, 2.25], "texture": "#missing"},
				"south": {"uv": [12.625, 3.9375, 14.875, 6.1875], "texture": "#0"},
				"west": {"uv": [0, 0, 0, 2.25], "texture": "#missing"},
				"up": {"uv": [2.25, 0, 0, 0], "texture": "#missing"},
				"down": {"uv": [2.25, 0, 0, 0], "texture": "#missing"}
			}
		},
		{
			"from": [7, 12, -0.1],
			"to": [9, 22, 1.9],
			"rotation": {"angle": 0, "axis": "y", "origin": [1, 11, -7.1]},
			"faces": {
				"north": {"uv": [1.6875, 2.9375, 1.4375, 4.1875], "texture": "#0"},
				"east": {"uv": [1.4375, 2.9375, 1.1875, 4.1875], "texture": "#0"},
				"south": {"uv": [1.1875, 2.9375, 0.9375, 4.1875], "texture": "#0"},
				"west": {"uv": [0.9375, 2.9375, 0.6875, 4.1875], "texture": "#0"},
				"up": {"uv": [1.625, 2.9375, 1.875, 2.6875], "rotation": 90, "texture": "#0"},
				"down": {"uv": [1.625, 2.9375, 1.875, 2.6875], "rotation": 270, "texture": "#0"}
			}
		},
		{
			"from": [5.9, 11, -0.35],
			"to": [8.4, 23, 2.15],
			"rotation": {"angle": 22.5, "axis": "z", "origin": [0.9, 11, -7.1]},
			"faces": {
				"north": {"uv": [1.9375, 4.1875, 1.625, 5.6875], "texture": "#0"},
				"east": {"uv": [1.625, 4.1875, 1.3125, 5.6875], "texture": "#0"},
				"south": {"uv": [1.3125, 4.1875, 1, 5.6875], "texture": "#0"},
				"west": {"uv": [1, 4.1875, 0.6875, 5.6875], "texture": "#0"},
				"up": {"uv": [0.125, 4.9375, 0.4375, 4.625], "rotation": 90, "texture": "#0"},
				"down": {"uv": [0.125, 4.9375, 0.4375, 4.625], "rotation": 270, "texture": "#0"}
			}
		},
		{
			"from": [10.2, 17.5, 1.3],
			"to": [12.2, 20, 1.3],
			"rotation": {"angle": -22.5, "axis": "z", "origin": [9.35, 17.5, 0.5]},
			"faces": {
				"north": {"uv": [7.0625, 1.125, 7.375, 1.375], "rotation": 90, "texture": "#0"},
				"east": {"uv": [3, 0.9375, 3.5, 0.5625], "rotation": 180, "texture": "#0"},
				"south": {"uv": [7.0625, 1.375, 7.375, 1.125], "rotation": 90, "texture": "#0"},
				"west": {"uv": [3, 0.5625, 3.5, 0.9375], "texture": "#0"},
				"up": {"uv": [2.875, 0.9375, 3.375, 1.4375], "rotation": 270, "texture": "#0"},
				"down": {"uv": [2.875, 0.9375, 3.375, 1.4375], "rotation": 270, "texture": "#0"}
			}
		},
		{
			"from": [10, 15, -1],
			"to": [13, 17.5, 2],
			"rotation": {"angle": -22.5, "axis": "z", "origin": [9.35, 17.5, 0.5]},
			"faces": {
				"north": {"uv": [4.6875, 4.375, 5.0625, 4.6875], "texture": "#0"},
				"east": {"uv": [4.6875, 5, 5.0625, 4.6875], "rotation": 180, "texture": "#0"},
				"south": {"uv": [4.6875, 4.375, 5.0625, 4.6875], "texture": "#0"},
				"west": {"uv": [4.6875, 5, 5.0625, 4.6875], "rotation": 180, "texture": "#0"},
				"up": {"uv": [4.6875, 5, 5.0625, 5.375], "rotation": 270, "texture": "#0"},
				"down": {"uv": [4.6875, 5, 5.0625, 5.375], "rotation": 90, "texture": "#0"}
			}
		}
	],
	"gui_light": "front",
	"display": {
		"thirdperson_righthand": {
			"rotation": [54, 17, 0],
			"translation": [-1, 0, 0],
			"scale": [0.4, 0.4, 0.4]
		},
		"thirdperson_lefthand": {
			"rotation": [67.5, 0, 0],
			"translation": [-5.75, -16.25, 6]
		},
		"firstperson_righthand": {
			"rotation": [0, 175, 0],
			"translation": [4, -2.5, -6.5],
			"scale": [0.59922, 0.59922, 0.59922]
		},
		"firstperson_lefthand": {
			"rotation": [0, 120, 0],
			"translation": [0, 2, 0],
			"scale": [0, 0, 0]
		},
		"ground": {
			"rotation": [41.42, 0.32, -8.1],
			"translation": [0, 4, 0],
			"scale": [0.5, 0.5, 0.5]
		},
		"gui": {
			"rotation": [30, 45, 0],
			"translation": [0, -1.5, 0],
			"scale": [0.5, 0.5, 0.5]
		},
		"head": {
			"translation": [0, -54, 18.25],
			"scale": [1.6, 1.6, 1.6]
		},
		"fixed": {
			"rotation": [0, 180, 0],
			"translation": [0, -6.75, -14.75],
			"scale": [1.55469, 1.55469, 1.55469]
		}
	}
}