{
	"credit": "Made with Blockbench",
	"texture_size": [64, 64],
	"textures": {
		"0": "item/backpacks/wandering_trader_backpack",
		"particle": "item/backpacks/wandering_trader_backpack"
	},
	"elements": [
		{
			"from": [1.5, 6, 10.5],
			"to": [14.5, 9, 13.5],
			"rotation": {"angle": -22.5, "axis": "x", "origin": [9, 8, 11.5]},
			"faces": {
				"north": {"uv": [2.5, 1.5, 5.75, 2.25], "texture": "#0"},
				"east": {"uv": [2.5, 0, 3.25, 0.75], "texture": "#0"},
				"south": {"uv": [2.5, 2.25, 5.75, 3], "texture": "#0"},
				"west": {"uv": [2.5, 0.75, 3.25, 1.5], "texture": "#0"},
				"up": {"uv": [5.75, 3.75, 2.5, 3], "texture": "#0"},
				"down": {"uv": [5.75, 3.75, 2.5, 4.5], "texture": "#0"}
			}
		},
		{
			"from": [3, -2, 10],
			"to": [13, 6, 16],
			"rotation": {"angle": 0, "axis": "y", "origin": [6, -1, 10]},
			"faces": {
				"north": {"uv": [0, 0, 2.5, 2], "texture": "#0"},
				"east": {"uv": [0, 6, 1.5, 8], "texture": "#0"},
				"south": {"uv": [0, 2, 2.5, 4], "texture": "#0"},
				"west": {"uv": [1.5, 6, 3, 8], "texture": "#0"},
				"up": {"uv": [5.25, 6, 2.75, 4.5], "texture": "#0"},
				"down": {"uv": [7.75, 0, 5.25, 1.5], "texture": "#0"}
			}
		},
		{
			"from": [2.5, 1.5, 9.5],
			"to": [13.5, 6.5, 16.5],
			"rotation": {"angle": 0, "axis": "y", "origin": [6.5, -0.5, 9.5]},
			"faces": {
				"north": {"uv": [8.75, 1.75, 11.5, 3], "texture": "#0"},
				"east": {"uv": [2.75, 9.75, 4.5, 11], "texture": "#0"},
				"south": {"uv": [0, 9.25, 2.75, 10.5], "texture": "#0"},
				"west": {"uv": [4.5, 9.75, 6.25, 11], "texture": "#0"},
				"up": {"uv": [6.5, 9.75, 3.75, 8], "texture": "#0"},
				"down": {"uv": [9.25, 8, 6.5, 9.75], "texture": "#0"}
			}
		},
		{
			"from": [2.5, -3.5, 9.5],
			"to": [13.5, 1.5, 16.5],
			"rotation": {"angle": 0, "axis": "y", "origin": [6.5, -5.5, 9.5]},
			"faces": {
				"north": {"uv": [8, 5, 10.75, 6.25], "texture": "#0"},
				"east": {"uv": [9.25, 7.5, 11, 8.75], "texture": "#0"},
				"south": {"uv": [8.5, 6.25, 11.25, 7.5], "texture": "#0"},
				"west": {"uv": [9.25, 8.75, 11, 10], "texture": "#0"},
				"up": {"uv": [10.75, 1.75, 8, 0], "texture": "#0"},
				"down": {"uv": [10.75, 3.25, 8, 5], "texture": "#0"}
			}
		}
	],
	"gui_light": "front",
	"display": {
		"thirdperson_righthand": {
			"rotation": [-135, 0, 180],
			"translation": [0, 0.75, 6.75],
			"scale": [0.75, 0.75, 0.75]
		},
		"thirdperson_lefthand": {
			"rotation": [-135, 0, 180],
			"translation": [0, 0.75, 6.75],
			"scale": [0.75, 0.75, 0.75]
		},
		"firstperson_righthand": {
			"rotation": [-165, 0, 180],
			"translation": [0, 2.75, 6.75],
			"scale": [0.75, 0.75, 0.75]
		},
		"firstperson_lefthand": {
			"rotation": [-165, 0, 180],
			"translation": [0, 2.75, 6.75],
			"scale": [0.75, 0.75, 0.75]
		},
		"ground": {
			"translation": [0, 5, 0],
			"scale": [0.5, 0.5, 0.5]
		},
		"gui": {
			"rotation": [0, 0, 45],
			"translation": [-2.25, 2.25, 0],
			"scale": [0.95, 0.95, 0.95]
		},
		"head": {
			"translation": [0, -54.75, 0],
			"scale": [1.5, 1.5, 1.5]
		},
		"fixed": {
			"rotation": [-180, 0, -135],
			"translation": [2.5, 2.5, 4]
		}
	},
	"groups": [
		{
			"name": "wandering_trader_backpack",
			"origin": [6.5, -5.5, 9.5],
			"color": 0,
			"boneType": "",
			"children": [0, 1, 2, 3]
		}
	]
}