{
	"credit": "Made with Blockbench",
	"texture_size": [64, 64],
	"textures": {
		"0": "item/backpacks/warden_backpack",
		"particle": "item/backpacks/warden_backpack"
	},
	"elements": [
		{
			"from": [3, -2, 10],
			"to": [6, 4, 15],
			"rotation": {"angle": 0, "axis": "y", "origin": [4, 0, 10]},
			"faces": {
				"north": {"uv": [4.5, 3.75, 5.25, 5.25], "texture": "#0"},
				"east": {"uv": [2, 2, 3.25, 3.5], "texture": "#0"},
				"south": {"uv": [4.75, 0, 5.5, 1.5], "texture": "#0"},
				"west": {"uv": [0, 2.5, 1.25, 4], "texture": "#0"},
				"up": {"uv": [3, 6.5, 2.25, 5.25], "texture": "#0"},
				"down": {"uv": [3.75, 5.25, 3, 6.5], "texture": "#0"}
			}
		},
		{
			"from": [6.5, -1.5, 12.5],
			"to": [9.5, 1.5, 14.5],
			"rotation": {"angle": 0, "axis": "y", "origin": [7.5, -2.5, 8.5]},
			"faces": {
				"north": {"uv": [1.25, 2.5, 2, 3.25], "texture": "#0"},
				"east": {"uv": [0.75, 4, 1.25, 4.75], "texture": "#0"},
				"south": {"uv": [5.5, 0.75, 6.25, 1.5], "texture": "#0"},
				"west": {"uv": [5.5, 5, 6, 5.75], "texture": "#0"},
				"up": {"uv": [0.75, 6.25, 0, 5.75], "texture": "#0"},
				"down": {"uv": [6.5, 1.5, 5.75, 2], "texture": "#0"}
			}
		},
		{
			"from": [7.5, 2, 12.5],
			"to": [9.5, 4, 14.5],
			"rotation": {"angle": 0, "axis": "y", "origin": [7.5, -1, 8.5]},
			"faces": {
				"north": {"uv": [4.5, 6.5, 5, 7], "texture": "#0"},
				"east": {"uv": [0, 6.75, 0.5, 7.25], "texture": "#0"},
				"south": {"uv": [6.75, 3.25, 7.25, 3.75], "texture": "#0"},
				"west": {"uv": [6.75, 3.75, 7.25, 4.25], "texture": "#0"},
				"up": {"uv": [7.25, 4.75, 6.75, 4.25], "texture": "#0"},
				"down": {"uv": [7.25, 4.75, 6.75, 5.25], "texture": "#0"}
			}
		},
		{
			"from": [6.5, -3, 12.5],
			"to": [8.5, -2, 14.5],
			"rotation": {"angle": 0, "axis": "y", "origin": [6.5, -7, 8.5]},
			"faces": {
				"north": {"uv": [1.25, 3.25, 1.75, 3.5], "texture": "#0"},
				"east": {"uv": [4, 1.75, 4.5, 2], "texture": "#0"},
				"south": {"uv": [0.75, 4.75, 1.25, 5], "texture": "#0"},
				"west": {"uv": [4.75, 1.5, 5.25, 1.75], "texture": "#0"},
				"up": {"uv": [5.5, 7.25, 5, 6.75], "texture": "#0"},
				"down": {"uv": [6, 6.75, 5.5, 7.25], "texture": "#0"}
			}
		},
		{
			"from": [5.99, -3.01, 9.99],
			"to": [10.01, 4.01, 13.01],
			"rotation": {"angle": 0, "axis": "y", "origin": [6, -1, 10]},
			"faces": {
				"north": {"uv": [2.5, 3.5, 3.5, 5.25], "texture": "#0"},
				"east": {"uv": [0, 4, 0.75, 5.75], "texture": "#0"},
				"south": {"uv": [3.5, 3.5, 4.5, 5.25], "texture": "#0"},
				"west": {"uv": [4, 0, 4.75, 1.75], "texture": "#0"},
				"up": {"uv": [5.5, 6, 4.5, 5.25], "texture": "#0"},
				"down": {"uv": [6.5, 0, 5.5, 0.75], "texture": "#0"}
			}
		},
		{
			"from": [4, 4, 10],
			"to": [12, 8, 15],
			"rotation": {"angle": 0, "axis": "y", "origin": [6, 3, 10]},
			"faces": {
				"north": {"uv": [2, 0, 4, 1], "texture": "#0"},
				"east": {"uv": [4.5, 1.75, 5.75, 2.75], "texture": "#0"},
				"south": {"uv": [2, 1, 4, 2], "texture": "#0"},
				"west": {"uv": [4.5, 2.75, 5.75, 3.75], "texture": "#0"},
				"up": {"uv": [2, 1.25, 0, 0], "texture": "#0"},
				"down": {"uv": [2, 1.25, 0, 2.5], "texture": "#0"}
			}
		},
		{
			"from": [10, 3, 13],
			"to": [15, 9, 13],
			"rotation": {"angle": -22.5, "axis": "z", "origin": [12.5, 4.5, 12.5]},
			"faces": {
				"north": {"uv": [7, 6.5, 8.25, 8], "texture": "#0"},
				"east": {"uv": [0, 0, 0, 1.5], "texture": "#0"},
				"south": {"uv": [7.25, 1, 8.5, 2.5], "texture": "#0"},
				"west": {"uv": [0, 0, 0, 1.5], "texture": "#0"},
				"up": {"uv": [1.25, 0, 0, 0], "texture": "#0"},
				"down": {"uv": [1.25, 0, 0, 0], "texture": "#0"}
			}
		},
		{
			"from": [1, 3, 13],
			"to": [6, 9, 13],
			"rotation": {"angle": 22.5, "axis": "z", "origin": [3.5, 4.5, 12.5]},
			"faces": {
				"north": {"uv": [8.25, 6.5, 7, 8], "texture": "#0"},
				"east": {"uv": [0, 0, 0, 1.5], "texture": "#0"},
				"south": {"uv": [8.5, 1, 7.25, 2.5], "texture": "#0"},
				"west": {"uv": [0, 0, 0, 1.5], "texture": "#0"},
				"up": {"uv": [0, 0, 1.25, 0], "texture": "#0"},
				"down": {"uv": [0, 0, 1.25, 0], "texture": "#0"}
			}
		},
		{
			"from": [10, -2, 10],
			"to": [13, 4, 15],
			"rotation": {"angle": 0, "axis": "y", "origin": [10, 0, 10]},
			"faces": {
				"north": {"uv": [0.75, 5, 1.5, 6.5], "texture": "#0"},
				"east": {"uv": [3.25, 2, 4.5, 3.5], "texture": "#0"},
				"south": {"uv": [1.5, 5, 2.25, 6.5], "texture": "#0"},
				"west": {"uv": [1.25, 3.5, 2.5, 5], "texture": "#0"},
				"up": {"uv": [4.5, 6.5, 3.75, 5.25], "texture": "#0"},
				"down": {"uv": [6, 3.75, 5.25, 5], "texture": "#0"}
			}
		},
		{
			"from": [9, 2, 14],
			"to": [12, 4, 16],
			"rotation": {"angle": 22.5, "axis": "y", "origin": [10.5, 0.5, 15]},
			"faces": {
				"north": {"uv": [5.75, 2, 6.5, 2.5], "texture": "#0"},
				"east": {"uv": [6, 6.75, 6.5, 7.25], "texture": "#0"},
				"south": {"uv": [5.75, 2.5, 6.5, 3], "texture": "#0"},
				"west": {"uv": [6.75, 6, 7.25, 6.5], "texture": "#0"},
				"up": {"uv": [6.5, 3.5, 5.75, 3], "texture": "#0"},
				"down": {"uv": [6.25, 5.75, 5.5, 6.25], "texture": "#0"}
			}
		},
		{
			"from": [9, -0.5, 14.5],
			"to": [12, 1.5, 16.5],
			"rotation": {"angle": 45, "axis": "y", "origin": [10.5, 0.5, 15.5]},
			"faces": {
				"north": {"uv": [6, 3.5, 6.75, 4], "texture": "#0"},
				"east": {"uv": [6.5, 6.75, 7, 7.25], "texture": "#0"},
				"south": {"uv": [6, 4, 6.75, 4.5], "texture": "#0"},
				"west": {"uv": [0.5, 7, 1, 7.5], "texture": "#0"},
				"up": {"uv": [5.25, 6.5, 4.5, 6], "texture": "#0"},
				"down": {"uv": [6.75, 4.5, 6, 5], "texture": "#0"}
			}
		},
		{
			"from": [9, -3, 14],
			"to": [12, -1, 16],
			"rotation": {"angle": 22.5, "axis": "y", "origin": [10.5, 0.5, 15]},
			"faces": {
				"north": {"uv": [6, 5, 6.75, 5.5], "texture": "#0"},
				"east": {"uv": [7, 0.5, 7.5, 1], "texture": "#0"},
				"south": {"uv": [0, 6.25, 0.75, 6.75], "texture": "#0"},
				"west": {"uv": [1, 7, 1.5, 7.5], "texture": "#0"},
				"up": {"uv": [7, 1.25, 6.25, 0.75], "texture": "#0"},
				"down": {"uv": [6, 6.25, 5.25, 6.75], "texture": "#0"}
			}
		},
		{
			"from": [4, 2, 14],
			"to": [7, 4, 16],
			"rotation": {"angle": -22.5, "axis": "y", "origin": [5.5, 0.5, 15]},
			"faces": {
				"north": {"uv": [6.25, 5.5, 7, 6], "texture": "#0"},
				"east": {"uv": [1.5, 7, 2, 7.5], "texture": "#0"},
				"south": {"uv": [6, 6.25, 6.75, 6.75], "texture": "#0"},
				"west": {"uv": [2, 7, 2.5, 7.5], "texture": "#0"},
				"up": {"uv": [7.25, 0.5, 6.5, 0], "texture": "#0"},
				"down": {"uv": [1.5, 6.5, 0.75, 7], "texture": "#0"}
			}
		},
		{
			"from": [4, -0.5, 14.5],
			"to": [7, 1.5, 16.5],
			"rotation": {"angle": -45, "axis": "y", "origin": [5.5, 0.5, 15.5]},
			"faces": {
				"north": {"uv": [6.5, 1.25, 7.25, 1.75], "texture": "#0"},
				"east": {"uv": [2.5, 7, 3, 7.5], "texture": "#0"},
				"south": {"uv": [1.5, 6.5, 2.25, 7], "texture": "#0"},
				"west": {"uv": [3, 7, 3.5, 7.5], "texture": "#0"},
				"up": {"uv": [7.25, 2.25, 6.5, 1.75], "texture": "#0"},
				"down": {"uv": [3, 6.5, 2.25, 7], "texture": "#0"}
			}
		},
		{
			"from": [4, -3, 14],
			"to": [7, -1, 16],
			"rotation": {"angle": -22.5, "axis": "y", "origin": [5.5, 0.5, 15]},
			"faces": {
				"north": {"uv": [6.5, 2.25, 7.25, 2.75], "texture": "#0"},
				"east": {"uv": [3.5, 7, 4, 7.5], "texture": "#0"},
				"south": {"uv": [6.5, 2.75, 7.25, 3.25], "texture": "#0"},
				"west": {"uv": [4, 7, 4.5, 7.5], "texture": "#0"},
				"up": {"uv": [3.75, 7, 3, 6.5], "texture": "#0"},
				"down": {"uv": [4.5, 6.5, 3.75, 7], "texture": "#0"}
			}
		}
	],
	"gui_light": "front",
	"display": {
		"thirdperson_righthand": {
			"rotation": [-135, 0, 180],
			"translation": [0, 0.75, 6.75],
			"scale": [0.75, 0.75, 0.75]
		},
		"thirdperson_lefthand": {
			"rotation": [-135, 0, 180],
			"translation": [0, 0.75, 6.75],
			"scale": [0.75, 0.75, 0.75]
		},
		"firstperson_righthand": {
			"rotation": [-165, 0, 180],
			"translation": [0, 2.75, 6.75],
			"scale": [0.75, 0.75, 0.75]
		},
		"firstperson_lefthand": {
			"rotation": [-165, 0, 180],
			"translation": [0, 2.75, 6.75],
			"scale": [0.75, 0.75, 0.75]
		},
		"ground": {
			"translation": [0, 5, 0],
			"scale": [0.5, 0.5, 0.5]
		},
		"gui": {
			"rotation": [0, 0, 45],
			"translation": [-2.5, 2.5, 0],
			"scale": [0.95, 0.95, 0.95]
		},
		"head": {
			"translation": [0, -52.75, 0],
			"scale": [1.5, 1.5, 1.5]
		},
		"fixed": {
			"rotation": [-180, 0, -135],
			"translation": [2.5, 2.5, 4]
		}
	},
	"groups": [
		{
			"name": "group",
			"origin": [8, 8, 8],
			"color": 0,
			"boneType": "",
			"children": [0, 1, 2, 3, 4, 5, 6, 7, 8, 9, 10, 11, 12, 13, 14]
		}
	]
}