{
	"credit": "Made with Blockbench",
	"texture_size": [64, 64],
	"textures": {
		"0": "item/backpacks/witch_backpack",
		"particle": "item/backpacks/witch_backpack"
	},
	"elements": [
		{
			"from": [6, 3, 10],
			"to": [14, 9, 15],
			"rotation": {"angle": 0, "axis": "y", "origin": [4, 0, 12]},
			"faces": {
				"north": {"uv": [5.25, 2.5, 3.25, 4], "texture": "#0"},
				"east": {"uv": [6.5, 1, 5.25, 2.5], "texture": "#0"},
				"south": {"uv": [5.25, 1, 3.25, 2.5], "texture": "#0"},
				"west": {"uv": [2.75, 5.25, 1.5, 6.75], "texture": "#0"},
				"up": {"uv": [2, 3.5, 0, 4.75], "texture": "#0"},
				"down": {"uv": [4, 5.25, 2, 4], "texture": "#0"}
			}
		},
		{
			"from": [6, -1, 10],
			"to": [14, 3, 15],
			"rotation": {"angle": 0, "axis": "y", "origin": [4, -6, 12]},
			"faces": {
				"north": {"uv": [8.75, 1, 6.75, 2], "texture": "#0"},
				"east": {"uv": [2.75, 6.75, 1.5, 7.75], "texture": "#0"},
				"south": {"uv": [8.75, 0, 6.75, 1], "texture": "#0"},
				"west": {"uv": [8, 2, 6.75, 3], "texture": "#0"},
				"up": {"uv": [5, 6.5, 3, 7.75], "texture": "#0"},
				"down": {"uv": [7, 7.75, 5, 6.5], "texture": "#0"}
			}
		},
		{
			"from": [1, -1, 10],
			"to": [6, 2, 15],
			"rotation": {"angle": 0, "axis": "y", "origin": [-4, -6, 12]},
			"faces": {
				"north": {"uv": [2.5, 2.5, 1.25, 3.25], "texture": "#0"},
				"east": {"uv": [3.5, 0, 2.25, 0.75], "texture": "#0"},
				"south": {"uv": [2.5, 1.75, 1.25, 2.5], "texture": "#0"},
				"west": {"uv": [4.75, 0, 3.5, 0.75], "texture": "#0"},
				"up": {"uv": [2.25, 0.5, 1, 1.75], "texture": "#0"},
				"down": {"uv": [1.25, 3, 0, 1.75], "texture": "#0"}
			}
		},
		{
			"from": [1, 2, 10.5],
			"to": [6, 3, 15.5],
			"rotation": {"angle": 0, "axis": "y", "origin": [4, -3, 12.5]},
			"faces": {
				"north": {"uv": [6.75, 6, 5.5, 6.25], "texture": "#0"},
				"east": {"uv": [3.25, 3.75, 2, 4], "texture": "#0"},
				"south": {"uv": [3.25, 3.5, 2, 3.75], "texture": "#0"},
				"west": {"uv": [6.75, 6.25, 5.5, 6.5], "texture": "#0"},
				"up": {"uv": [5.5, 5.25, 4.25, 6.5], "texture": "#0"},
				"down": {"uv": [6.75, 5, 5.5, 3.75], "texture": "#0"}
			}
		},
		{
			"from": [0, 3, 13],
			"to": [3, 6, 16],
			"rotation": {"angle": 22.5, "axis": "y", "origin": [1.5, 4.5, 14.5]},
			"faces": {
				"north": {"uv": [3.25, 2.25, 2.5, 3], "texture": "#0"},
				"east": {"uv": [3.25, 1.5, 2.5, 2.25], "texture": "#0"},
				"south": {"uv": [3, 0.75, 2.25, 1.5], "texture": "#0"},
				"west": {"uv": [5.5, 0, 4.75, 0.75], "texture": "#0"},
				"up": {"uv": [6.25, 0, 5.5, 0.75], "texture": "#0"},
				"down": {"uv": [6.25, 5.75, 5.5, 5], "texture": "#0"}
			}
		},
		{
			"from": [0, 3, 9],
			"to": [3, 6, 12],
			"rotation": {"angle": -22.5, "axis": "y", "origin": [1.5, 4.5, 10.5]},
			"faces": {
				"north": {"uv": [7, 5, 6.25, 5.75], "texture": "#0"},
				"east": {"uv": [1.5, 6, 0.75, 6.75], "texture": "#0"},
				"south": {"uv": [0.75, 6, 0, 6.75], "texture": "#0"},
				"west": {"uv": [0.75, 6.75, 0, 7.5], "texture": "#0"},
				"up": {"uv": [1.5, 6.75, 0.75, 7.5], "texture": "#0"},
				"down": {"uv": [7.5, 3.75, 6.75, 3], "texture": "#0"}
			}
		},
		{
			"from": [3.5, 4, 9.5],
			"to": [3.5, 9, 15.5],
			"rotation": {"angle": 45, "axis": "y", "origin": [3.5, 6.5, 12.5]},
			"faces": {
				"north": {"uv": [0, 0, 0, 1.25], "texture": "#0"},
				"east": {"uv": [6.75, 2.5, 5.25, 3.75], "texture": "#0"},
				"south": {"uv": [0, 0, 0, 1.25], "texture": "#0"},
				"west": {"uv": [4.25, 5.25, 2.75, 6.5], "texture": "#0"},
				"up": {"uv": [0, 0, 0, 1.5], "texture": "#0"},
				"down": {"uv": [0, 1.5, 0, 0], "texture": "#0"}
			}
		},
		{
			"from": [0.5, 4, 12.5],
			"to": [6.5, 9, 12.5],
			"rotation": {"angle": 45, "axis": "y", "origin": [3.5, 6.5, 12.5]},
			"faces": {
				"north": {"uv": [1.5, 4.75, 0, 6], "texture": "#0"},
				"east": {"uv": [0, 0, 0, 1.25], "texture": "#0"},
				"south": {"uv": [5.5, 4, 4, 5.25], "texture": "#0"},
				"west": {"uv": [0, 0, 0, 1.25], "texture": "#0"},
				"up": {"uv": [1.5, 0, 0, 0], "texture": "#0"},
				"down": {"uv": [1.5, 0, 0, 0], "texture": "#0"}
			}
		},
		{
			"from": [3, 3, 12],
			"to": [4, 9, 13],
			"rotation": {"angle": 0, "axis": "y", "origin": [4, 1, 12]},
			"faces": {
				"north": {"uv": [0.75, 0, 0.5, 1.5], "texture": "#0"},
				"east": {"uv": [0.5, 0, 0.25, 1.5], "texture": "#0"},
				"south": {"uv": [0.25, 0, 0, 1.5], "texture": "#0"},
				"west": {"uv": [1, 0, 0.75, 1.5], "texture": "#0"},
				"up": {"uv": [1.25, 0, 1, 0.25], "texture": "#0"},
				"down": {"uv": [1.25, 0.5, 1, 0.25], "texture": "#0"}
			}
		},
		{
			"from": [9, 3, 15],
			"to": [11, 6, 16],
			"rotation": {"angle": 0, "axis": "y", "origin": [9, 4, 15]},
			"faces": {
				"north": {"uv": [6.25, 0, 6.75, 0.75], "texture": "#0"},
				"east": {"uv": [3, 0.75, 3.25, 1.5], "texture": "#0"},
				"south": {"uv": [7.5, 3, 8, 3.75], "texture": "#0"},
				"west": {"uv": [6.5, 0.75, 6.75, 1.5], "texture": "#0"},
				"up": {"uv": [1.75, 0.25, 1.25, 0], "texture": "#0"},
				"down": {"uv": [1.75, 0.25, 1.25, 0.5], "texture": "#0"}
			}
		},
		{
			"from": [0.99, -5.01, 10.99],
			"to": [15.01, -0.99, 15.01],
			"rotation": {"angle": 45, "axis": "x", "origin": [8, -2.5, 13.5]},
			"faces": {
				"north": {"uv": [6.75, 3.75, 10.25, 4.75], "texture": "#0"},
				"east": {"uv": [0, 7.5, 1, 8.5], "texture": "#0"},
				"south": {"uv": [7, 4.75, 10.5, 5.75], "texture": "#0"},
				"west": {"uv": [1, 7.75, 2, 8.75], "texture": "#0"},
				"up": {"uv": [10.5, 6.75, 7, 5.75], "texture": "#0"},
				"down": {"uv": [10.5, 6.75, 7, 7.75], "texture": "#0"}
			}
		}
	],
	"gui_light": "front",
	"display": {
		"thirdperson_righthand": {
			"rotation": [-135, 0, 180],
			"translation": [0, 0.75, 6.75],
			"scale": [0.75, 0.75, 0.75]
		},
		"thirdperson_lefthand": {
			"rotation": [-135, 0, 180],
			"translation": [0, 0.75, 6.75],
			"scale": [0.75, 0.75, 0.75]
		},
		"firstperson_righthand": {
			"rotation": [-165, 0, 180],
			"translation": [0, 2.75, 6.75],
			"scale": [0.75, 0.75, 0.75]
		},
		"firstperson_lefthand": {
			"rotation": [-165, 0, 180],
			"translation": [0, 2.75, 6.75],
			"scale": [0.75, 0.75, 0.75]
		},
		"ground": {
			"translation": [0, 5, 0],
			"scale": [0.5, 0.5, 0.5]
		},
		"gui": {
			"rotation": [0, 0, 45],
			"translation": [-3.25, 3.25, 0],
			"scale": [0.75, 0.75, 0.75]
		},
		"head": {
			"translation": [0, -52.75, 0],
			"scale": [1.5, 1.5, 1.5]
		},
		"fixed": {
			"rotation": [-180, 0, -135],
			"translation": [4.5, 4.5, 4]
		}
	},
	"groups": [
		{
			"name": "witch_backpack",
			"origin": [8, 8, 8],
			"color": 0,
			"boneType": "",
			"children": [0, 1, 2, 3, 4, 5, 6, 7, 8, 9, 10]
		}
	]
}