{
  "parent": "minecraft:item/handheld",
  "textures": {
    "layer0": "minecraft:item/netherite_hoe"
  },
  "overrides": [
    {"predicate":{"custom_model_data":1},"model":"item/hoes/christmas_hoe"},
    {"predicate":{"custom_model_data":2},"model":"item/hoes/winter_hoe"},
    {"predicate":{"custom_model_data":3},"model":"item/hoes/newyear_hoe"},
    {"predicate":{"custom_model_data":4},"model":"item/hoes/penguin_hoe"},
    {"predicate":{"custom_model_data":5},"model":"item/hoes/ifrit_hoe"},
    {"predicate":{"custom_model_data":6},"model":"item/hoes/inferno_hoe"},
    {"predicate":{"custom_model_data":7},"model":"item/hoes/sakura_hoe"},
    {"predicate":{"custom_model_data":8},"model":"item/hoes/fiend_hoe"},
    {"predicate":{"custom_model_data":9},"model":"item/hoes/cupid_hoe"},
    {"predicate":{"custom_model_data":10},"model":"item/hoes/sweet_hoe"},
    {"predicate":{"custom_model_data":11},"model":"item/hoes/stpatrick_2024_hoe"},
    {"predicate":{"custom_model_data":12},"model":"item/hoes/stpatrick_2024_scythe"},
    {"predicate":{"custom_model_data":13},"model":"item/hoes/lightning_power_hoe"},
    {"predicate":{"custom_model_data":14},"model":"item/hoes/lightning_power_scythe"},
    {"predicate":{"custom_model_data":15},"model":"item/hoes/little_crocodile_hoe"},
    {"predicate":{"custom_model_data":16},"model":"item/hoes/little_crocodile_scythe"},
    {"predicate":{"custom_model_data":17},"model":"item/hoes/heaven_hoe"},
    {"predicate":{"custom_model_data":18},"model":"item/hoes/heaven_scythe"},
    {"predicate":{"custom_model_data":19},"model":"item/hoes/ender_dragon_hoe"},
    {"predicate":{"custom_model_data":20},"model":"item/hoes/ender_dragon_scythe"},
    {"predicate":{"custom_model_data":21},"model":"item/hoes/halloween_2024_hoe"},
    {"predicate":{"custom_model_data":22},"model":"item/hoes/halloween_2024_scythe"},
    {"predicate":{"custom_model_data":23},"model":"item/hoes/hw_phantom_2024_hoe"},

    {"predicate":{"custom_model_data":10000},"model":"item/hoes/pixels/common_1_hoe"},
    {"predicate":{"custom_model_data":10001},"model":"item/hoes/pixels/common_2_hoe"},
    {"predicate":{"custom_model_data":10002},"model":"item/hoes/pixels/common_3_hoe"},
    {"predicate":{"custom_model_data":10003},"model":"item/hoes/pixels/common_4_hoe"},
    {"predicate":{"custom_model_data":10004},"model":"item/hoes/pixels/epic_1_hoe"},
    {"predicate":{"custom_model_data":10005},"model":"item/hoes/pixels/epic_2_hoe"},
    {"predicate":{"custom_model_data":10006},"model":"item/hoes/pixels/epic_3_hoe"},
    {"predicate":{"custom_model_data":10007},"model":"item/hoes/pixels/epic_4_hoe"},
    {"predicate":{"custom_model_data":10008},"model":"item/hoes/pixels/legendary_1_hoe"},
    {"predicate":{"custom_model_data":10009},"model":"item/hoes/pixels/legendary_2_hoe"},
    {"predicate":{"custom_model_data":10010},"model":"item/hoes/pixels/legendary_3_hoe"},
    {"predicate":{"custom_model_data":10011},"model":"item/hoes/pixels/legendary_4_hoe"},
    {"predicate":{"custom_model_data":10012},"model":"item/hoes/pixels/mythic_hoe"},
    {"predicate":{"custom_model_data":10013},"model":"item/hoes/pixels/rare_1_hoe"},
    {"predicate":{"custom_model_data":10014},"model":"item/hoes/pixels/rare_2_hoe"},
    {"predicate":{"custom_model_data":10015},"model":"item/hoes/pixels/rare_3_hoe"},
    {"predicate":{"custom_model_data":10016},"model":"item/hoes/pixels/rare_4_hoe"}
  ]
}
