{
  "parent": "minecraft:item/handheld",
  "textures": {
    "layer0": "minecraft:item/paper"
  },
  "overrides": [
    {"predicate":{"custom_model_data":1},"model":"item/items/cubes/silver_cube"},
    {"predicate":{"custom_model_data":2},"model":"item/items/cubes/blue_cube"},
    {"predicate":{"custom_model_data":3},"model":"item/items/cubes/purple_cube"},
    {"predicate":{"custom_model_data":4},"model":"item/items/cubes/yellow_cube"},
    {"predicate":{"custom_model_data":5},"model":"item/items/cubes/green_cube"},
    {"predicate":{"custom_model_data":6},"model":"item/items/cubes/red_cube"},
    {"predicate":{"custom_model_data":7},"model":"item/items/cubes/white_cube"},

    {"predicate":{"custom_model_data":8},"model":"item/items/scrolls/green_scroll"},
    {"predicate":{"custom_model_data":9},"model":"item/items/scrolls/red_scroll"},
    {"predicate":{"custom_model_data":10},"model":"item/items/scrolls/yellow_scroll"},

    {"predicate":{"custom_model_data":11},"model":"item/items/shards/blue_shard"},
    {"predicate":{"custom_model_data":12},"model":"item/items/shards/green_shard"},
    {"predicate":{"custom_model_data":13},"model":"item/items/shards/white_shard"},

    {"predicate":{"custom_model_data":14},"model":"item/icons/empty"},

    {"predicate":{"custom_model_data":15},"model":"item/icons/crystal_trait"},
    {"predicate":{"custom_model_data":16},"model":"item/icons/diamond_trait"},
    {"predicate":{"custom_model_data":17},"model":"item/icons/locked_red"},
    {"predicate":{"custom_model_data":18},"model":"item/icons/unlocked_green"},

    {"predicate":{"custom_model_data":19},"model":"item/icons/gem_shard"},
    {"predicate":{"custom_model_data":20},"model":"item/icons/perfect_cube"},
    {"predicate":{"custom_model_data":21},"model":"item/icons/stats_cube"},
    {"predicate":{"custom_model_data":22},"model":"item/icons/token_shard"},

    {"predicate":{"custom_model_data":23},"model":"item/icons/armor/common_warrior_boots"},
    {"predicate":{"custom_model_data":24},"model":"item/icons/armor/common_warrior_gauntlet"},
    {"predicate":{"custom_model_data":25},"model":"item/icons/armor/common_warrior_helmet"},
    {"predicate":{"custom_model_data":26},"model":"item/icons/armor/common_warrior_chestplate"},
    {"predicate":{"custom_model_data":27},"model":"item/icons/armor/common_warrior_leggings"},

    {"predicate":{"custom_model_data":28},"model":"item/icons/armor/rare_warrior_boots"},
    {"predicate":{"custom_model_data":29},"model":"item/icons/armor/rare_warrior_gauntlet"},
    {"predicate":{"custom_model_data":30},"model":"item/icons/armor/rare_warrior_helmet"},
    {"predicate":{"custom_model_data":31},"model":"item/icons/armor/rare_warrior_chestplate"},
    {"predicate":{"custom_model_data":32},"model":"item/icons/armor/rare_warrior_leggings"},
	
    {"predicate":{"custom_model_data":33},"model":"item/icons/armor/epic_warrior_boots"},
    {"predicate":{"custom_model_data":34},"model":"item/icons/armor/epic_warrior_gauntlet"},
    {"predicate":{"custom_model_data":35},"model":"item/icons/armor/epic_warrior_helmet"},
    {"predicate":{"custom_model_data":36},"model":"item/icons/armor/epic_warrior_chestplate"},
    {"predicate":{"custom_model_data":37},"model":"item/icons/armor/epic_warrior_leggings"},

    {"predicate":{"custom_model_data":38},"model":"item/icons/armor/legendary_warrior_boots"},
    {"predicate":{"custom_model_data":39},"model":"item/icons/armor/legendary_warrior_gauntlet"},
    {"predicate":{"custom_model_data":40},"model":"item/icons/armor/legendary_warrior_helmet"},
    {"predicate":{"custom_model_data":41},"model":"item/icons/armor/legendary_warrior_chestplate"},
    {"predicate":{"custom_model_data":42},"model":"item/icons/armor/legendary_warrior_leggings"},

    {"predicate":{"custom_model_data":43},"model":"item/icons/armor/mythical_warrior_boots"},
    {"predicate":{"custom_model_data":44},"model":"item/icons/armor/mythical_warrior_gauntlet"},
    {"predicate":{"custom_model_data":45},"model":"item/icons/armor/mythical_warrior_helmet"},
    {"predicate":{"custom_model_data":46},"model":"item/icons/armor/mythical_warrior_chestplate"},
    {"predicate":{"custom_model_data":47},"model":"item/icons/armor/mythical_warrior_leggings"},

    {"predicate":{"custom_model_data":10001},"model":"item/items/stars/star_1"},
    {"predicate":{"custom_model_data":10002},"model":"item/items/stars/star_2"},
    {"predicate":{"custom_model_data":10003},"model":"item/items/stars/star_3"},
    {"predicate":{"custom_model_data":10004},"model":"item/items/stars/star_4"},
    {"predicate":{"custom_model_data":10005},"model":"item/items/stars/star_5"},
    {"predicate":{"custom_model_data":10006},"model":"item/items/stars/star_6"},
    {"predicate":{"custom_model_data":10007},"model":"item/items/stars/star_7"},
    {"predicate":{"custom_model_data":10008},"model":"item/items/stars/star_8"},
    {"predicate":{"custom_model_data":10009},"model":"item/items/stars/star_9"},
    {"predicate":{"custom_model_data":10010},"model":"item/items/stars/star_10"},
	
    {"predicate":{"custom_model_data":10011},"model":"item/icons/chatcolor_icon"},
    {"predicate":{"custom_model_data":10012},"model":"item/icons/glow_icon"},
    {"predicate":{"custom_model_data":10013},"model":"item/icons/hat_icon"},
    {"predicate":{"custom_model_data":10014},"model":"item/icons/hoe_icon"},
    {"predicate":{"custom_model_data":10015},"model":"item/icons/pickaxe_icon"},
    {"predicate":{"custom_model_data":10016},"model":"item/icons/sword_icon"},
    {"predicate":{"custom_model_data":10017},"model":"item/icons/backpack_icon"},
    
    {"predicate":{"custom_model_data":20000},"model":"item/icons/check_box_icon"},
    {"predicate":{"custom_model_data":20001},"model":"item/icons/cencel_box_icon"},
    {"predicate":{"custom_model_data":20002},"model":"item/icons/question_box_icon"},
    {"predicate":{"custom_model_data":20003},"model":"item/icons/arrow_down_box_icon"},
    {"predicate":{"custom_model_data":20004},"model":"item/icons/arrow_up_box_icon"},
    {"predicate":{"custom_model_data":20005},"model":"item/icons/arrow_left_box_icon"},
    {"predicate":{"custom_model_data":20006},"model":"item/icons/arrow_right_box_icon"},
    {"predicate":{"custom_model_data":20007},"model":"item/icons/chat_box_icon"},
    {"predicate":{"custom_model_data":20008},"model":"item/icons/exclamation_box_icon"}
  ]
}
