{
	"credit": "Made with Blockbench",
	"textures": {
		"0": "item/rpg/texture5",
		"1": "item/rpg/texture6",
		"2": "item/rpg/texture7",
		"3": "item/rpg/texture1",
		"4": "item/rpg/texture2",
		"5": "item/rpg/animations/fire",
		"6": "item/rpg/animations/thunderline",
		"particle": "item/rpg/texture5"
	},
	"elements": [
		{
			"from": [3, 7, 2],
			"to": [7, 10, 5],
			"rotation": {"angle": 0, "axis": "y", "origin": [2, 0, 0]},
			"faces": {
				"north": {"uv": [6.5, 0, 4.5, 1.5], "texture": "#2"},
				"east": {"uv": [4.5, 3, 5.5, 4.5], "texture": "#2"},
				"south": {"uv": [6.5, 0, 4.5, 1.5], "texture": "#2"},
				"west": {"uv": [5.5, 3, 4.5, 4.5], "texture": "#2"},
				"up": {"uv": [4.5, 6.5, 5.5, 4.5], "rotation": 90, "texture": "#2"},
				"down": {"uv": [4.5, 6.5, 5.5, 4.5], "rotation": 270, "texture": "#2"}
			}
		},
		{
			"from": [1, 7, -2],
			"to": [10, 10, 2],
			"rotation": {"angle": 0, "axis": "y", "origin": [2, 0, 1]},
			"faces": {
				"north": {"uv": [0, 4, 4.5, 5.5], "texture": "#2"},
				"east": {"uv": [4.5, 1.5, 6.5, 3], "texture": "#2"},
				"south": {"uv": [0, 4, 4.5, 5.5], "texture": "#2"},
				"west": {"uv": [4.5, 1.5, 6.5, 3], "texture": "#2"},
				"up": {"uv": [4.5, 2, 0, 0], "texture": "#2"},
				"down": {"uv": [0, 2, 4.5, 4], "texture": "#2"}
			}
		},
		{
			"from": [9, 8, -1],
			"to": [10, 11, 0],
			"rotation": {"angle": -45, "axis": "x", "origin": [9.5, 8.5, -2.5]},
			"faces": {
				"north": {"uv": [11, 12.5, 10.5, 14], "texture": "#1"},
				"east": {"uv": [10.5, 10.5, 10, 12], "texture": "#1"},
				"south": {"uv": [10.5, 10.5, 11, 12], "texture": "#1"},
				"west": {"uv": [10.5, 10.5, 10, 12], "texture": "#1"},
				"up": {"uv": [10.5, 12.5, 11, 12], "rotation": 270, "texture": "#1"},
				"down": {"uv": [10.5, 12.5, 11, 12], "rotation": 270, "texture": "#1"}
			}
		},
		{
			"from": [8, 11, -4],
			"to": [11, 13, -2],
			"rotation": {"angle": 0, "axis": "y", "origin": [9.5, 8.5, -2.5]},
			"faces": {
				"north": {"uv": [5.5, 3, 6.5, 4.5], "rotation": 90, "texture": "#2"},
				"east": {"uv": [6.5, 4.5, 5.5, 5.5], "texture": "#2"},
				"south": {"uv": [5.5, 3, 6.5, 4.5], "rotation": 90, "texture": "#2"},
				"west": {"uv": [6.5, 4.5, 5.5, 5.5], "texture": "#2"},
				"up": {"uv": [7, 4, 8, 2.5], "rotation": 270, "texture": "#2"},
				"down": {"uv": [8, 4, 9, 2.5], "rotation": 270, "texture": "#2"}
			}
		},
		{
			"from": [10, 7, -2],
			"to": [11, 11, 2],
			"rotation": {"angle": 0, "axis": "y", "origin": [2, 0, 1]},
			"faces": {
				"north": {"uv": [6.5, 0, 7, 2], "texture": "#2"},
				"east": {"uv": [7, 0, 9, 2], "texture": "#2"},
				"south": {"uv": [7, 0, 6.5, 2], "texture": "#2"},
				"west": {"uv": [7, 0, 9, 2], "texture": "#2"},
				"up": {"uv": [6.5, 2, 7, 4], "texture": "#2"},
				"down": {"uv": [7, 2, 9, 2.5], "rotation": 90, "texture": "#2"}
			}
		},
		{
			"from": [7, 10, -1],
			"to": [10, 11, 1],
			"rotation": {"angle": 0, "axis": "y", "origin": [2, 0, 1]},
			"faces": {
				"north": {"uv": [10.5, 0, 12, 0.5], "texture": "#2"},
				"east": {"uv": [9, 1, 9.5, 2], "rotation": 90, "texture": "#2"},
				"south": {"uv": [10.5, 0, 12, 0.5], "texture": "#2"},
				"west": {"uv": [9, 1, 9.5, 2], "rotation": 90, "texture": "#2"},
				"up": {"uv": [9, 0, 10.5, 1], "texture": "#2"},
				"down": {"uv": [9, 0, 10.5, 1], "texture": "#2"}
			}
		},
		{
			"from": [7.7, -1.8, 6],
			"to": [12.7, 2.2, 10],
			"rotation": {"angle": 22.5, "axis": "z", "origin": [23, -2, 0]},
			"faces": {
				"north": {"uv": [13.5, 11.5, 16, 13.5], "texture": "#2"},
				"east": {"uv": [14, 9.5, 16, 11.5], "texture": "#2"},
				"south": {"uv": [16, 11.5, 13.5, 13.5], "texture": "#2"},
				"west": {"uv": [11, 12, 13, 14], "rotation": 90, "texture": "#4"},
				"up": {"uv": [14, 13.5, 16, 16], "rotation": 90, "texture": "#2"},
				"down": {"uv": [14, 8.5, 16, 11], "rotation": 270, "texture": "#4"}
			}
		},
		{
			"from": [7, -4, 7],
			"to": [12, 2, 9],
			"rotation": {"angle": 0, "axis": "y", "origin": [23, -2, 0]},
			"faces": {
				"north": {"uv": [2.5, 13, 5, 16], "texture": "#2"},
				"east": {"uv": [5, 13, 6, 16], "texture": "#2"},
				"south": {"uv": [5, 13, 2.5, 16], "texture": "#2"},
				"west": {"uv": [6, 13, 7, 16], "texture": "#2"},
				"up": {"uv": [2.5, 12, 5, 13], "rotation": 180, "texture": "#2"},
				"down": {"uv": [2.5, 12, 5, 13], "rotation": 180, "texture": "#2"}
			}
		},
		{
			"from": [6, 2, 6],
			"to": [13, 3, 10],
			"rotation": {"angle": 0, "axis": "y", "origin": [23, -2, 0]},
			"faces": {
				"north": {"uv": [7, 13, 10.5, 13.5], "texture": "#2"},
				"east": {"uv": [9, 13.5, 11, 14], "texture": "#2"},
				"south": {"uv": [10.5, 13, 7, 13.5], "texture": "#2"},
				"west": {"uv": [7, 13.5, 9, 14], "texture": "#2"},
				"up": {"uv": [7, 14, 10.5, 16], "rotation": 180, "texture": "#2"},
				"down": {"uv": [7, 14, 10.5, 16], "rotation": 180, "texture": "#2"}
			}
		},
		{
			"from": [7, -4, 5],
			"to": [9, -2, 7],
			"rotation": {"angle": 0, "axis": "y", "origin": [23, -2, 0]},
			"faces": {
				"north": {"uv": [2.5, 11, 3.5, 12], "texture": "#2"},
				"east": {"uv": [11.5, 14, 10.5, 15], "rotation": 270, "texture": "#2"},
				"south": {"uv": [3.5, 11, 2.5, 12], "texture": "#2"},
				"west": {"uv": [10.5, 15, 11.5, 16], "rotation": 90, "texture": "#2"},
				"up": {"uv": [5.5, 5.5, 6.5, 6.5], "rotation": 90, "texture": "#2"},
				"down": {"uv": [6.5, 5.5, 7.5, 6.5], "rotation": 270, "texture": "#2"}
			}
		},
		{
			"from": [7, -4, 9],
			"to": [9, -2, 11],
			"rotation": {"angle": 0, "axis": "y", "origin": [23, -2, 16]},
			"faces": {
				"north": {"uv": [2.5, 11, 3.5, 12], "texture": "#2"},
				"east": {"uv": [11.5, 16, 10.5, 15], "rotation": 270, "texture": "#2"},
				"south": {"uv": [3.5, 11, 2.5, 12], "texture": "#2"},
				"west": {"uv": [10.5, 16, 11.5, 15], "rotation": 90, "texture": "#2"},
				"up": {"uv": [6.5, 5.5, 5.5, 6.5], "rotation": 90, "texture": "#2"},
				"down": {"uv": [7.5, 5.5, 6.5, 6.5], "rotation": 270, "texture": "#2"}
			}
		},
		{
			"from": [-9, 5.5, 6],
			"to": [-5, 9.5, 10],
			"rotation": {"angle": 0, "axis": "y", "origin": [5, 0, 0]},
			"faces": {
				"north": {"uv": [13, 4, 11, 6], "texture": "#3"},
				"east": {"uv": [13, 4, 11, 6], "texture": "#3"},
				"south": {"uv": [13, 4, 11, 6], "texture": "#3"},
				"west": {"uv": [13, 4, 11, 6], "texture": "#3"},
				"up": {"uv": [11, 8, 13, 6], "rotation": 90, "texture": "#3"},
				"down": {"uv": [8.5, 5, 10.5, 3], "rotation": 270, "texture": "#4"}
			}
		},
		{
			"from": [-10, 4.5, 5],
			"to": [-9, 10.5, 11],
			"rotation": {"angle": 0, "axis": "y", "origin": [5, 0, 0]},
			"faces": {
				"north": {"uv": [2.5, 9.5, 2, 12.5], "texture": "#3"},
				"east": {"uv": [3, 5, 1, 8], "texture": "#3"},
				"south": {"uv": [2, 9.5, 2.5, 12.5], "texture": "#3"},
				"west": {"uv": [2, 9.5, 0, 12.5], "texture": "#3"},
				"up": {"uv": [0, 13, 2, 12.5], "rotation": 90, "texture": "#3"},
				"down": {"uv": [0, 12.5, 2, 13], "rotation": 270, "texture": "#3"}
			}
		},
		{
			"from": [2, 4, 5],
			"to": [15, 12, 11],
			"rotation": {"angle": 0, "axis": "y", "origin": [5, 0, 0]},
			"faces": {
				"north": {"uv": [7.25, 4, 0.75, 8], "texture": "#1"},
				"east": {"uv": [16, 0, 13, 4], "texture": "#1"},
				"south": {"uv": [0.75, 4, 7.25, 8], "texture": "#1"},
				"west": {"uv": [16, 0, 13, 4], "texture": "#1"},
				"up": {"uv": [7.5, 8, 0, 11], "rotation": 180, "texture": "#1"},
				"down": {"uv": [7.5, 8, 0, 11], "rotation": 180, "texture": "#1"}
			}
		},
		{
			"from": [-5, 5, 5],
			"to": [2, 10, 11],
			"rotation": {"angle": 0, "axis": "y", "origin": [5, 0, 0]},
			"faces": {
				"north": {"uv": [13, 13, 9.5, 15.5], "texture": "#3"},
				"east": {"uv": [16, 0, 13, 4], "texture": "#3"},
				"south": {"uv": [9.5, 13, 13, 15.5], "texture": "#3"},
				"west": {"uv": [16, 5.25, 13, 7.75], "texture": "#3"},
				"up": {"uv": [13, 15.5, 16, 8], "rotation": 90, "texture": "#3"},
				"down": {"uv": [10.5, 4, 13.5, 7.5], "rotation": 90, "texture": "#4"}
			}
		},
		{
			"from": [5, 9, 11],
			"to": [12, 10, 12],
			"rotation": {"angle": 0, "axis": "y", "origin": [5, 0, 0]},
			"faces": {
				"north": {"uv": [12.5, 15, 16, 15.5], "texture": "#1"},
				"east": {"uv": [15.5, 14.5, 16, 15], "texture": "#1"},
				"south": {"uv": [12.5, 15, 16, 15.5], "texture": "#1"},
				"west": {"uv": [15.5, 14.5, 16, 15], "texture": "#1"},
				"up": {"uv": [12.5, 15.5, 16, 16], "texture": "#1"},
				"down": {"uv": [12.5, 15.5, 16, 16], "texture": "#1"}
			}
		},
		{
			"from": [3, 10, 4],
			"to": [13, 14, 12],
			"rotation": {"angle": 0, "axis": "y", "origin": [5, 0, 0]},
			"faces": {
				"north": {"uv": [11, 5, 13, 0], "rotation": 90, "texture": "#1"},
				"east": {"uv": [5, 11, 9, 13], "texture": "#1"},
				"south": {"uv": [11, 0, 13, 5], "rotation": 90, "texture": "#1"},
				"west": {"uv": [5, 11, 9, 13], "texture": "#1"},
				"up": {"uv": [0, 11, 5, 15], "texture": "#1"},
				"down": {"uv": [0, 11, 5, 15], "texture": "#1"}
			}
		},
		{
			"from": [7, 14, 6],
			"to": [13, 17, 10],
			"rotation": {"angle": 0, "axis": "y", "origin": [5, 0, 0]},
			"faces": {
				"north": {"uv": [4.5, 6.5, 7.5, 8], "texture": "#2"},
				"east": {"uv": [2.5, 7, 4.5, 8.5], "texture": "#2"},
				"south": {"uv": [7.5, 6.5, 4.5, 8], "texture": "#2"},
				"west": {"uv": [2.5, 5.5, 4.5, 7], "texture": "#2"},
				"up": {"uv": [4.5, 8, 7.5, 10], "texture": "#2"},
				"down": {"uv": [4.5, 8, 7.5, 10], "texture": "#2"}
			}
		},
		{
			"from": [3, 17, 7],
			"to": [12, 20, 9],
			"rotation": {"angle": 0, "axis": "y", "origin": [5, 0, 0]},
			"faces": {
				"north": {"uv": [11.5, 8, 16, 9.5], "texture": "#2"},
				"east": {"uv": [3.5, 8.5, 4.5, 10], "texture": "#2"},
				"south": {"uv": [16, 8, 11.5, 9.5], "texture": "#2"},
				"west": {"uv": [2.5, 8.5, 3.5, 10], "texture": "#2"},
				"up": {"uv": [11.5, 11, 16, 12], "texture": "#4"},
				"down": {"uv": [2.5, 10, 7, 11], "texture": "#2"}
			}
		},
		{
			"from": [-13, 13, 7],
			"to": [-5, 15, 9],
			"faces": {
				"north": {"uv": [9, 5.5, 13, 6.5], "texture": "#2"},
				"east": {"uv": [6.5, 4.5, 7.5, 5.5], "texture": "#2"},
				"south": {"uv": [13, 5.5, 9, 6.5], "texture": "#2"},
				"west": {"uv": [7.5, 4.5, 8.5, 5.5], "texture": "#2"},
				"up": {"uv": [10, 9.5, 14, 10.5], "texture": "#2"},
				"down": {"uv": [9, 6.5, 13, 7.5], "texture": "#2"}
			}
		},
		{
			"from": [-9, 6, 4],
			"to": [-5, 10, 6],
			"rotation": {"angle": 0, "axis": "y", "origin": [0, 0, 16]},
			"faces": {
				"north": {"uv": [11.5, 14, 13.5, 16], "texture": "#2"},
				"east": {"uv": [10, 10.5, 11, 12.5], "texture": "#2"},
				"south": {"uv": [11.5, 14, 13.5, 16], "texture": "#2"},
				"west": {"uv": [10, 10.5, 11, 12.5], "texture": "#2"},
				"up": {"uv": [11.5, 13, 13.5, 14], "texture": "#2"},
				"down": {"uv": [11.5, 13, 13.5, 12], "texture": "#2"}
			}
		},
		{
			"from": [-15, 7, 2],
			"to": [-7, 9, 4],
			"rotation": {"angle": 0, "axis": "y", "origin": [0, 0, 16]},
			"faces": {
				"north": {"uv": [13, 12, 14, 16], "rotation": 90, "texture": "#4"},
				"east": {"uv": [7, 10.5, 8, 11.5], "texture": "#4"},
				"south": {"uv": [13, 16, 14, 12], "rotation": 90, "texture": "#4"},
				"west": {"uv": [7, 9.5, 8, 10.5], "texture": "#4"},
				"up": {"uv": [15, 12, 16, 16], "rotation": 90, "texture": "#4"},
				"down": {"uv": [14, 12, 15, 16], "rotation": 90, "texture": "#4"}
			}
		},
		{
			"from": [-15, 7, 12],
			"to": [-7, 9, 14],
			"faces": {
				"north": {"uv": [13, 12, 14, 16], "rotation": 90, "texture": "#4"},
				"east": {"uv": [11.5, 12, 13.5, 13], "texture": "#2"},
				"south": {"uv": [13, 16, 14, 12], "rotation": 90, "texture": "#4"},
				"west": {"uv": [8, 9.5, 7, 10.5], "texture": "#4"},
				"up": {"uv": [16, 12, 15, 16], "rotation": 90, "texture": "#4"},
				"down": {"uv": [15, 12, 14, 16], "rotation": 90, "texture": "#4"}
			}
		},
		{
			"from": [-9, 6, 10],
			"to": [-5, 10, 12],
			"faces": {
				"north": {"uv": [13.5, 14, 11.5, 16], "texture": "#2"},
				"east": {"uv": [11, 10.5, 10, 12.5], "texture": "#2"},
				"south": {"uv": [13.5, 14, 11.5, 16], "texture": "#2"},
				"west": {"uv": [11, 10.5, 10, 12.5], "texture": "#2"},
				"up": {"uv": [11.5, 14, 13.5, 13], "texture": "#2"},
				"down": {"uv": [11.5, 12, 13.5, 13], "texture": "#2"}
			}
		},
		{
			"from": [-9, 10, 6],
			"to": [-4, 13, 10],
			"faces": {
				"north": {"uv": [7.5, 9.5, 10, 11], "texture": "#2"},
				"east": {"uv": [11, 10.5, 13, 12], "texture": "#2"},
				"south": {"uv": [10, 9.5, 7.5, 11], "texture": "#2"},
				"west": {"uv": [7.5, 11, 9.5, 12.5], "texture": "#2"},
				"up": {"uv": [9, 7.5, 11.5, 9.5], "texture": "#2"},
				"down": {"uv": [9, 7.5, 11.5, 9.5], "texture": "#2"}
			}
		},
		{
			"from": [17, 3, 3.8],
			"to": [32, 9, 12.1],
			"rotation": {"angle": 22.5, "axis": "z", "origin": [5, 0, 0]},
			"faces": {
				"north": {"uv": [7.5, 4, 0, 7], "texture": "#0"},
				"east": {"uv": [7.5, 0, 11.5, 3], "texture": "#0"},
				"south": {"uv": [0, 4, 7.5, 7], "texture": "#0"},
				"west": {"uv": [7.5, 0, 11.5, 3], "texture": "#0"},
				"up": {"uv": [0, 11, 7.5, 15], "texture": "#0"},
				"down": {"uv": [0, 7, 7.5, 11], "texture": "#0"}
			}
		},
		{
			"from": [26.4, 13.5, 4.2],
			"to": [29.4, 18.5, 11.8],
			"rotation": {"angle": -22.5, "axis": "z", "origin": [27.5, 15, 8]},
			"faces": {
				"north": {"uv": [1, 5.5, 2.5, 8], "texture": "#2"},
				"east": {"uv": [12, 2.75, 16, 5.25], "texture": "#2"},
				"south": {"uv": [1, 5.5, 2.5, 8], "texture": "#2"},
				"west": {"uv": [12, 2.75, 16, 5.25], "texture": "#2"},
				"up": {"uv": [1, 12, 2.5, 16], "texture": "#2"},
				"down": {"uv": [1, 8, 2.5, 12], "texture": "#2"}
			}
		},
		{
			"from": [26.2, 13.6, 4.1],
			"to": [28.2, 18.6, 11.9],
			"rotation": {"angle": 0, "axis": "y", "origin": [27.5, 15, 8]},
			"faces": {
				"north": {"uv": [1, 5.5, 0, 8], "texture": "#2"},
				"east": {"uv": [12, 0, 16, 2.5], "texture": "#2"},
				"south": {"uv": [0, 5.5, 1, 8], "texture": "#2"},
				"west": {"uv": [12, 0, 16, 2.5], "texture": "#2"},
				"up": {"uv": [0, 12, 1, 16], "texture": "#2"},
				"down": {"uv": [0, 8, 1, 12], "texture": "#2"}
			}
		},
		{
			"from": [28, 7, 11],
			"to": [29, 9, 12],
			"rotation": {"angle": -22.5, "axis": "z", "origin": [5, 16, 0]},
			"faces": {
				"north": {"uv": [7.5, 10, 8, 11], "texture": "#0"},
				"east": {"uv": [8, 10, 8.5, 11], "texture": "#0"},
				"south": {"uv": [7.5, 10, 8, 11], "texture": "#0"},
				"west": {"uv": [8, 10, 8.5, 11], "texture": "#0"},
				"up": {"uv": [7.5, 11, 8, 11.5], "texture": "#0"},
				"down": {"uv": [7.5, 11, 8, 11.5], "texture": "#0"}
			}
		},
		{
			"from": [28, 7, 4],
			"to": [29, 9, 5],
			"rotation": {"angle": -22.5, "axis": "z", "origin": [5, 16, 16]},
			"faces": {
				"north": {"uv": [8, 10, 7.5, 11], "texture": "#0"},
				"east": {"uv": [8.5, 10, 8, 11], "texture": "#0"},
				"south": {"uv": [8, 10, 7.5, 11], "texture": "#0"},
				"west": {"uv": [8.5, 10, 8, 11], "texture": "#0"},
				"up": {"uv": [7.5, 11.5, 8, 11], "texture": "#0"},
				"down": {"uv": [7.5, 11.5, 8, 11], "texture": "#0"}
			}
		},
		{
			"from": [27, 7, 4],
			"to": [28, 11, 5],
			"rotation": {"angle": -22.5, "axis": "z", "origin": [5, 16, 0]},
			"faces": {
				"north": {"uv": [9, 7, 9.5, 9], "texture": "#0"},
				"east": {"uv": [8.5, 7, 9, 9], "texture": "#0"},
				"south": {"uv": [9.5, 7, 9, 9], "texture": "#0"},
				"west": {"uv": [8.5, 7, 9, 9], "texture": "#0"},
				"up": {"uv": [8.5, 9, 9, 9.5], "texture": "#0"},
				"down": {"uv": [8.5, 10, 9, 9.5], "texture": "#0"}
			}
		},
		{
			"from": [17, 7, 4],
			"to": [27, 13, 5],
			"rotation": {"angle": -22.5, "axis": "z", "origin": [5, 16, 0]},
			"faces": {
				"north": {"uv": [7.5, 3, 12.5, 6], "texture": "#0"},
				"east": {"uv": [7.5, 7, 8, 10], "texture": "#0"},
				"south": {"uv": [12.5, 3, 7.5, 6], "texture": "#0"},
				"west": {"uv": [8, 7, 8.5, 10], "texture": "#0"},
				"up": {"uv": [7.5, 6, 12.5, 6.5], "texture": "#0"},
				"down": {"uv": [7.5, 6.5, 12.5, 7], "texture": "#0"}
			}
		},
		{
			"from": [17, 7, 11],
			"to": [27, 13, 12],
			"rotation": {"angle": -22.5, "axis": "z", "origin": [5, 16, 16]},
			"faces": {
				"north": {"uv": [7.5, 3, 12.5, 6], "texture": "#0"},
				"east": {"uv": [8, 7, 7.5, 10], "texture": "#0"},
				"south": {"uv": [12.5, 3, 7.5, 6], "texture": "#0"},
				"west": {"uv": [8.5, 7, 8, 10], "texture": "#0"},
				"up": {"uv": [7.5, 6.5, 12.5, 6], "texture": "#0"},
				"down": {"uv": [7.5, 7, 12.5, 6.5], "texture": "#0"}
			}
		},
		{
			"from": [27, 7, 11],
			"to": [28, 11, 12],
			"rotation": {"angle": -22.5, "axis": "z", "origin": [5, 16, 16]},
			"faces": {
				"north": {"uv": [9, 7, 9.5, 9], "texture": "#0"},
				"east": {"uv": [9, 7, 8.5, 9], "texture": "#0"},
				"south": {"uv": [9.5, 7, 9, 9], "texture": "#0"},
				"west": {"uv": [9, 7, 8.5, 9], "texture": "#0"},
				"up": {"uv": [9, 9.5, 9.5, 9], "texture": "#0"},
				"down": {"uv": [8.5, 10, 9, 9.5], "texture": "#0"}
			}
		},
		{
			"from": [17, 7, 5],
			"to": [29, 8, 11],
			"rotation": {"angle": -22.5, "axis": "z", "origin": [5, 16, 0]},
			"faces": {
				"north": {"uv": [9.5, 10, 10, 16], "rotation": 90, "texture": "#0"},
				"east": {"uv": [13, 9.5, 16, 10], "texture": "#0"},
				"south": {"uv": [9.5, 10, 10, 16], "rotation": 90, "texture": "#0"},
				"west": {"uv": [13, 9.5, 16, 10], "texture": "#0"},
				"up": {"uv": [10, 10, 16, 13], "texture": "#0"},
				"down": {"uv": [10, 13, 16, 16], "texture": "#0"}
			}
		},
		{
			"from": [15, -3, 10],
			"to": [19, 1, 13],
			"rotation": {"angle": 45, "axis": "z", "origin": [5, 0, 0]},
			"faces": {
				"north": {"uv": [4, 2, 6, 4], "texture": "#1"},
				"east": {"uv": [6, 0, 7.5, 2], "texture": "#1"},
				"south": {"uv": [4, 2, 6, 4], "rotation": 90, "texture": "#1"},
				"west": {"uv": [6, 2, 7.5, 4], "texture": "#1"},
				"up": {"uv": [6, 0, 7.5, 2], "rotation": 90, "texture": "#1"},
				"down": {"uv": [6, 2, 7.5, 4], "rotation": 90, "texture": "#1"}
			}
		},
		{
			"from": [15, -3, 3],
			"to": [19, 1, 6],
			"rotation": {"angle": 45, "axis": "z", "origin": [5, 0, 16]},
			"faces": {
				"north": {"uv": [4, 4, 6, 2], "rotation": 90, "texture": "#1"},
				"east": {"uv": [7.5, 0, 6, 2], "texture": "#1"},
				"south": {"uv": [6, 2, 4, 4], "texture": "#1"},
				"west": {"uv": [7.5, 2, 6, 4], "texture": "#1"},
				"up": {"uv": [7.5, 0, 6, 2], "rotation": 90, "texture": "#1"},
				"down": {"uv": [7.5, 2, 6, 4], "rotation": 90, "texture": "#1"}
			}
		},
		{
			"from": [21, -1, 3],
			"to": [25, 3, 13],
			"rotation": {"angle": 45, "axis": "z", "origin": [5, 0, 0]},
			"faces": {
				"north": {"uv": [5, 0, 7, 2], "texture": "#0"},
				"east": {"uv": [0, 0, 5, 2], "texture": "#0"},
				"south": {"uv": [7, 0, 5, 2], "texture": "#0"},
				"west": {"uv": [0, 2, 5, 4], "texture": "#0"},
				"up": {"uv": [0, 0, 5, 2], "rotation": 90, "texture": "#0"},
				"down": {"uv": [0, 2, 5, 4], "rotation": 90, "texture": "#0"}
			}
		},
		{
			"from": [24, 9, 10.5],
			"to": [26, 15, 11.5],
			"rotation": {"angle": -22.5, "axis": "z", "origin": [24, 10, 8]},
			"faces": {
				"north": {"uv": [16, 0, 15, 3], "texture": "#0"},
				"east": {"uv": [14, 0, 14.5, 3], "texture": "#0"},
				"south": {"uv": [15, 0, 16, 3], "texture": "#0"},
				"west": {"uv": [14.5, 0, 15, 3], "texture": "#0"},
				"up": {"uv": [9.5, 7, 10.5, 7.5], "texture": "#0"},
				"down": {"uv": [9.5, 7, 10.5, 7.5], "texture": "#0"}
			}
		},
		{
			"from": [24, 9, 4.5],
			"to": [26, 15, 5.5],
			"rotation": {"angle": -22.5, "axis": "z", "origin": [24, 10, 8]},
			"faces": {
				"north": {"uv": [16, 0, 15, 3], "texture": "#0"},
				"east": {"uv": [14.5, 0, 14, 3], "texture": "#0"},
				"south": {"uv": [15, 0, 16, 3], "texture": "#0"},
				"west": {"uv": [15, 0, 14.5, 3], "texture": "#0"},
				"up": {"uv": [9.5, 7.5, 10.5, 7], "texture": "#0"},
				"down": {"uv": [9.5, 7.5, 10.5, 7], "texture": "#0"}
			}
		},
		{
			"from": [21, 7, 4.5],
			"to": [23, 13, 5.5],
			"rotation": {"angle": -22.5, "axis": "z", "origin": [24, 10, 8]},
			"faces": {
				"north": {"uv": [16, 0, 15, 3], "texture": "#0"},
				"east": {"uv": [14.5, 0, 14, 3], "texture": "#0"},
				"south": {"uv": [15, 0, 16, 3], "texture": "#0"},
				"west": {"uv": [15, 0, 14.5, 3], "texture": "#0"},
				"up": {"uv": [9.5, 7.5, 10.5, 7], "texture": "#0"},
				"down": {"uv": [9.5, 7.5, 10.5, 7], "texture": "#0"}
			}
		},
		{
			"from": [21, 7, 10.5],
			"to": [23, 13, 11.5],
			"rotation": {"angle": -22.5, "axis": "z", "origin": [24, 10, 8]},
			"faces": {
				"north": {"uv": [16, 0, 15, 3], "texture": "#0"},
				"east": {"uv": [14, 0, 14.5, 3], "texture": "#0"},
				"south": {"uv": [15, 0, 16, 3], "texture": "#0"},
				"west": {"uv": [14.5, 0, 15, 3], "texture": "#0"},
				"up": {"uv": [9.5, 7, 10.5, 7.5], "texture": "#0"},
				"down": {"uv": [9.5, 7, 10.5, 7.5], "texture": "#0"}
			}
		},
		{
			"from": [7.5, 7, 12],
			"to": [9.5, 10, 13],
			"rotation": {"angle": 0, "axis": "y", "origin": [5, 0, 0]},
			"faces": {
				"north": {"uv": [8.5, 14.5, 9.5, 16], "texture": "#0"},
				"east": {"uv": [8.5, 14.5, 8, 16], "texture": "#0"},
				"south": {"uv": [8.5, 14.5, 9.5, 16], "texture": "#0"},
				"west": {"uv": [8, 14.5, 8.5, 16], "texture": "#0"},
				"up": {"uv": [8.5, 13.75, 9.5, 14.25], "texture": "#0"},
				"down": {"uv": [8.5, 14.25, 9.5, 13.75], "texture": "#0"}
			}
		},
		{
			"from": [-3, 10, 4],
			"to": [2, 11, 12],
			"rotation": {"angle": 0, "axis": "y", "origin": [5, 0, 0]},
			"faces": {
				"north": {"uv": [5, 12, 7.5, 12.5], "texture": "#2"},
				"east": {"uv": [7, 12.5, 11, 13], "texture": "#2"},
				"south": {"uv": [7.5, 12, 5, 12.5], "texture": "#2"},
				"west": {"uv": [7, 12.5, 11, 13], "texture": "#2"},
				"up": {"uv": [9.5, 1, 12, 5], "texture": "#2"},
				"down": {"uv": [9.5, 1, 12, 5], "texture": "#2"}
			}
		},
		{
			"from": [-3, 7, 11],
			"to": [2, 10, 12],
			"rotation": {"angle": 0, "axis": "y", "origin": [5, 0, 0]},
			"faces": {
				"north": {"uv": [13.5, 5.5, 16, 7], "texture": "#2"},
				"east": {"uv": [13, 5.5, 13.5, 7], "texture": "#2"},
				"south": {"uv": [13.5, 5.5, 16, 7], "texture": "#2"},
				"west": {"uv": [13, 5.5, 13.5, 7], "texture": "#2"},
				"up": {"uv": [13.5, 7, 16, 7.5], "texture": "#2"},
				"down": {"uv": [13.5, 7, 16, 7.5], "texture": "#2"}
			}
		},
		{
			"from": [-3, 7, 4],
			"to": [2, 10, 5],
			"rotation": {"angle": 0, "axis": "y", "origin": [5, 0, 16]},
			"faces": {
				"north": {"uv": [16, 5.5, 13.5, 7], "texture": "#2"},
				"east": {"uv": [13.5, 5.5, 13, 7], "texture": "#2"},
				"south": {"uv": [16, 5.5, 13.5, 7], "texture": "#2"},
				"west": {"uv": [13.5, 5.5, 13, 7], "texture": "#2"},
				"up": {"uv": [13.5, 7.5, 16, 7], "texture": "#2"},
				"down": {"uv": [13.5, 7.5, 16, 7], "texture": "#2"}
			}
		},
		{
			"from": [1, 11, 4],
			"to": [3, 14, 12],
			"rotation": {"angle": 0, "axis": "y", "origin": [5, 0, 0]},
			"faces": {
				"north": {"uv": [7.5, 5.5, 8.5, 7], "texture": "#1"},
				"east": {"uv": [5, 13, 9, 14.5], "texture": "#1"},
				"south": {"uv": [8.5, 5.5, 7.5, 7], "texture": "#1"},
				"west": {"uv": [5, 13, 9, 14.5], "texture": "#1"},
				"up": {"uv": [7.5, 7, 8.5, 11], "texture": "#1"},
				"down": {"uv": [8.5, 7, 9.5, 11], "texture": "#1"}
			}
		},
		{
			"from": [2.9, 3, 4],
			"to": [12.9, 7, 12],
			"rotation": {"angle": 0, "axis": "y", "origin": [5, 16, 0]},
			"faces": {
				"north": {"uv": [14, 10.5, 16, 5.5], "rotation": 90, "texture": "#1"},
				"east": {"uv": [12, 6.5, 14, 10.5], "rotation": 90, "texture": "#1"},
				"south": {"uv": [14, 5.5, 16, 10.5], "rotation": 90, "texture": "#1"},
				"west": {"uv": [10, 6.5, 12, 10.5], "rotation": 90, "texture": "#1"},
				"up": {"uv": [11, 10.5, 16, 14.5], "texture": "#1"},
				"down": {"uv": [11, 10.5, 16, 14.5], "texture": "#1"}
			}
		},
		{
			"from": [5, 7, 11],
			"to": [12, 8, 12],
			"rotation": {"angle": 0, "axis": "y", "origin": [5, 16, 0]},
			"faces": {
				"north": {"uv": [12, 14.5, 15.5, 15], "texture": "#1"},
				"east": {"uv": [8.5, 14.5, 9, 15], "texture": "#1"},
				"south": {"uv": [12, 14.5, 15.5, 15], "texture": "#1"},
				"west": {"uv": [8.5, 14.5, 9, 15], "texture": "#1"},
				"up": {"uv": [5, 14.5, 8.5, 15], "texture": "#1"},
				"down": {"uv": [5, 14.5, 8.5, 15], "texture": "#1"}
			}
		},
		{
			"from": [15, 5, 6],
			"to": [23, 9, 10],
			"rotation": {"angle": 0, "axis": "y", "origin": [5, 0, 0]},
			"faces": {
				"north": {"uv": [0, 2, 4, 4], "texture": "#1"},
				"east": {"uv": [4, 0, 6, 2], "texture": "#1"},
				"south": {"uv": [0, 2, 4, 4], "texture": "#1"},
				"west": {"uv": [4, 0, 6, 2], "texture": "#1"},
				"up": {"uv": [4, 2, 0, 0], "texture": "#1"},
				"down": {"uv": [4, 0, 0, 2], "texture": "#1"}
			}
		},
		{
			"from": [23, 4, 5],
			"to": [24, 10, 11],
			"rotation": {"angle": 0, "axis": "y", "origin": [5, 0, 0]},
			"faces": {
				"north": {"uv": [12.5, 6, 13, 9], "texture": "#0"},
				"east": {"uv": [13, 3, 16, 6], "texture": "#0"},
				"south": {"uv": [13, 6, 12.5, 9], "texture": "#0"},
				"west": {"uv": [13, 6, 16, 9], "texture": "#0"},
				"up": {"uv": [12.5, 3, 13, 6], "texture": "#0"},
				"down": {"uv": [12.5, 3, 13, 6], "texture": "#0"}
			}
		},
		{
			"from": [24, 3, 8],
			"to": [32, 11, 8],
			"rotation": {"angle": 0, "axis": "y", "origin": [16, 0, 0]},
			"faces": {
				"north": {"uv": [12.5, 4, 4.5, 12], "texture": "#5"},
				"east": {"uv": [0, 0, 0, 4], "texture": "#5"},
				"south": {"uv": [4.5, 4, 12.5, 12], "texture": "#5"},
				"west": {"uv": [0, 0, 0, 4], "texture": "#5"},
				"up": {"uv": [4, 0, 0, 0], "texture": "#5"},
				"down": {"uv": [4, 0, 0, 0], "texture": "#5"}
			}
		},
		{
			"from": [4, 7, 2],
			"to": [20, 18, 2],
			"faces": {
				"north": {"uv": [0, 1.5, 16, 12.5], "texture": "#6"},
				"east": {"uv": [0, 0, 0, 13], "texture": "#6"},
				"south": {"uv": [16, 1.5, 0, 12.5], "texture": "#6"},
				"west": {"uv": [0, 0, 0, 13], "texture": "#6"},
				"up": {"uv": [0, 0, 16, 0], "texture": "#6"},
				"down": {"uv": [0, 0, 16, 0], "texture": "#6"}
			}
		},
		{
			"from": [4, 7, 14],
			"to": [20, 18, 14],
			"rotation": {"angle": 0, "axis": "y", "origin": [0, 0, 16]},
			"faces": {
				"north": {"uv": [0, 1.5, 16, 12.5], "texture": "#6"},
				"east": {"uv": [0, 0, 0, 13], "texture": "#6"},
				"south": {"uv": [16, 1.5, 0, 12.5], "texture": "#6"},
				"west": {"uv": [0, 0, 0, 13], "texture": "#6"},
				"up": {"uv": [0, 0, 16, 0], "texture": "#6"},
				"down": {"uv": [0, 0, 16, 0], "texture": "#6"}
			}
		}
	],
	"display": {
		"thirdperson_righthand": {
			"rotation": [0, 90, 0],
			"translation": [0.25, 3.25, 2.75],
			"scale": [0.5, 0.5, 0.5]
		},
		"thirdperson_lefthand": {
			"rotation": [0, -90, 0],
			"translation": [0.25, 3.25, 2.75],
			"scale": [0.5, 0.5, 0.5]
		},
		"firstperson_righthand": {
			"rotation": [0, 90, 0],
			"translation": [0.5, 4, 3],
			"scale": [0.4, 0.4, 0.4]
		},
		"firstperson_lefthand": {
			"rotation": [0, -90, 0],
			"translation": [0.5, 4, 3],
			"scale": [0.4, 0.4, 0.4]
		},
		"ground": {
			"translation": [0, 3.5, 0],
			"scale": [0.5, 0.5, 0.5]
		},
		"gui": {
			"rotation": [0, 0, 45],
			"translation": [0.25, -1.25, -2],
			"scale": [0.4, 0.4, 0.4]
		},
		"head": {
			"translation": [0, 20.5, 4.75],
			"scale": [0.7, 0.7, 0.7]
		},
		"fixed": {
			"rotation": [0, 0, 45],
			"translation": [0.5, -1.25, -1.75],
			"scale": [0.5, 0.5, 0.5]
		}
	},
	"groups": [
		{
			"name": "group",
			"origin": [0, 0, 0],
			"color": 0,
			"children": [0, 1, 2, 3, 4, 5]
		},
		{
			"name": "group",
			"origin": [16, 0, 0],
			"color": 0,
			"children": [6, 7, 8, 9, 10]
		},
		{
			"name": "group",
			"origin": [0, 0, 0],
			"color": 0,
			"children": [
				11,
				12,
				13,
				14,
				{
					"name": "group",
					"origin": [21.70125, 16, 8.5],
					"color": 0,
					"children": []
				}
			]
		},
		{
			"name": "group",
			"origin": [8, 8, 8],
			"color": 0,
			"children": []
		},
		15,
		16,
		17,
		18,
		19,
		20,
		21,
		22,
		23,
		24,
		25,
		26,
		27,
		28,
		29,
		30,
		31,
		32,
		33,
		34,
		35,
		36,
		37,
		38,
		39,
		40,
		41,
		42,
		43,
		44,
		45,
		46,
		47,
		48,
		{
			"name": "group",
			"origin": [8, 8, 8],
			"color": 0,
			"children": []
		},
		49,
		50,
		51,
		52,
		53
	]
}