{
  "parent": "minecraft:item/handheld",
  "textures": {
    "layer0": "minecraft:item/paper"
  },
  "overrides": [
    {"predicate":{"custom_model_data":1},"model":"item/cubes/silver_cube"},
    {"predicate":{"custom_model_data":2},"model":"item/cubes/blue_cube"},
    {"predicate":{"custom_model_data":3},"model":"item/cubes/purple_cube"},
    {"predicate":{"custom_model_data":4},"model":"item/cubes/yellow_cube"},
    {"predicate":{"custom_model_data":5},"model":"item/cubes/green_cube"},
    {"predicate":{"custom_model_data":6},"model":"item/cubes/red_cube"},
    {"predicate":{"custom_model_data":7},"model":"item/cubes/white_cube"},
	
    {"predicate":{"custom_model_data":10001},"model":"item/stars/star_1"},
    {"predicate":{"custom_model_data":10002},"model":"item/stars/star_2"},
    {"predicate":{"custom_model_data":10003},"model":"item/stars/star_3"},
    {"predicate":{"custom_model_data":10004},"model":"item/stars/star_4"},
    {"predicate":{"custom_model_data":10005},"model":"item/stars/star_5"},
    {"predicate":{"custom_model_data":10006},"model":"item/stars/star_6"},
    {"predicate":{"custom_model_data":10007},"model":"item/stars/star_7"},
    {"predicate":{"custom_model_data":10008},"model":"item/stars/star_8"},
    {"predicate":{"custom_model_data":10009},"model":"item/stars/star_9"},
    {"predicate":{"custom_model_data":10010},"model":"item/stars/star_10"},
	
	{"predicate":{"custom_model_data":10011},"model":"item/icons/chatcolor_icon"},
	{"predicate":{"custom_model_data":10012},"model":"item/icons/glow_icon"},
	{"predicate":{"custom_model_data":10013},"model":"item/icons/hat_icon"},
	{"predicate":{"custom_model_data":10014},"model":"item/icons/hoe_icon"},
	{"predicate":{"custom_model_data":10015},"model":"item/icons/pickaxe_icon"},
	{"predicate":{"custom_model_data":10016},"model":"item/icons/sword_icon"},
	{"predicate":{"custom_model_data":10017},"model":"item/icons/backpack_icon"},
	
	{"predicate":{"custom_model_data":20000},"model":"item/icons/check_box_icon"},
	{"predicate":{"custom_model_data":20001},"model":"item/icons/cencel_box_icon"},
	{"predicate":{"custom_model_data":20002},"model":"item/icons/question_box_icon"},
	{"predicate":{"custom_model_data":20003},"model":"item/icons/arrow_down_box_icon"},
	{"predicate":{"custom_model_data":20004},"model":"item/icons/arrow_up_box_icon"},
	{"predicate":{"custom_model_data":20005},"model":"item/icons/arrow_left_box_icon"},
	{"predicate":{"custom_model_data":20006},"model":"item/icons/arrow_right_box_icon"},
	{"predicate":{"custom_model_data":20007},"model":"item/icons/chat_box_icon"},
	{"predicate":{"custom_model_data":20008},"model":"item/icons/exclamation_box_icon"}
  ]
}
