{
    "credit": "Polygony Creation Co.,Ltd.",
    "textures": {
        "0": "item/axes/lightning_power_axe/animations/animations_2",
        "1": "item/crossbows/lightning_power_crossbow",
        "particle": "item/crossbows/lightning_power_crossbow"
    },
    "elements": [
        {
            "from": [
                0.2383,
                8.57556,
                0.95217
            ],
            "to": [
                5.2383,
                8.60556,
                3.95217
            ],
            "rotation": {
                "angle": 22.5,
                "axis": "y",
                "origin": [
                    2.7383,
                    8.59056,
                    2.45217
                ]
            },
            "faces": {
                "up": {
                    "uv": [
                        10,
                        6,
                        0,
                        0
                    ],
                    "rotation": 180,
                    "texture": "#0"
                },
                "down": {
                    "uv": [
                        0,
                        6,
                        10,
                        0
                    ],
                    "texture": "#0"
                }
            }
        },
        {
            "from": [
                5.97177,
                8.46826,
                2.48608
            ],
            "to": [
                7.97177,
                8.49826,
                3.48608
            ],
            "rotation": {
                "angle": -22.5,
                "axis": "y",
                "origin": [
                    6.97177,
                    8.48326,
                    2.98608
                ]
            },
            "faces": {
                "up": {
                    "uv": [
                        11,
                        2,
                        15,
                        0
                    ],
                    "rotation": 180,
                    "texture": "#0"
                },
                "down": {
                    "uv": [
                        15,
                        2,
                        11,
                        0
                    ],
                    "texture": "#0"
                }
            }
        },
        {
            "from": [
                2.47548,
                8.98326,
                3.60462
            ],
            "to": [
                5.47548,
                10.98326,
                3.63462
            ],
            "rotation": {
                "angle": -45,
                "axis": "x",
                "origin": [
                    3.97548,
                    9.98326,
                    3.61962
                ]
            },
            "faces": {
                "north": {
                    "uv": [
                        6,
                        7,
                        0,
                        11
                    ],
                    "texture": "#0"
                },
                "south": {
                    "uv": [
                        0,
                        7,
                        6,
                        11
                    ],
                    "texture": "#0"
                }
            }
        },
        {
            "from": [
                10.52452,
                8.98326,
                3.60462
            ],
            "to": [
                13.52452,
                10.98326,
                3.63462
            ],
            "rotation": {
                "angle": -45,
                "axis": "x",
                "origin": [
                    12.02452,
                    9.98326,
                    3.61962
                ]
            },
            "faces": {
                "north": {
                    "uv": [
                        0,
                        7,
                        6,
                        11
                    ],
                    "texture": "#0"
                },
                "south": {
                    "uv": [
                        6,
                        7,
                        0,
                        11
                    ],
                    "texture": "#0"
                }
            }
        },
        {
            "from": [
                8.02823,
                8.46826,
                2.48608
            ],
            "to": [
                10.02823,
                8.49826,
                3.48608
            ],
            "rotation": {
                "angle": 22.5,
                "axis": "y",
                "origin": [
                    9.02823,
                    8.48326,
                    2.98608
                ]
            },
            "faces": {
                "up": {
                    "uv": [
                        15,
                        2,
                        11,
                        0
                    ],
                    "rotation": 180,
                    "texture": "#0"
                },
                "down": {
                    "uv": [
                        11,
                        2,
                        15,
                        0
                    ],
                    "texture": "#0"
                }
            }
        },
        {
            "from": [
                10.7617,
                8.57556,
                0.95217
            ],
            "to": [
                15.7617,
                8.60556,
                3.95217
            ],
            "rotation": {
                "angle": -22.5,
                "axis": "y",
                "origin": [
                    13.2617,
                    8.59056,
                    2.45217
                ]
            },
            "faces": {
                "up": {
                    "uv": [
                        0,
                        6,
                        10,
                        0
                    ],
                    "rotation": 180,
                    "texture": "#0"
                },
                "down": {
                    "uv": [
                        10,
                        6,
                        0,
                        0
                    ],
                    "texture": "#0"
                }
            }
        },
        {
            "from": [
                8.66123,
                7.88056,
                1.60533
            ],
            "to": [
                10.86123,
                9.48056,
                3.80533
            ],
            "rotation": {
                "angle": 45,
                "axis": "y",
                "origin": [
                    11.619,
                    8.68056,
                    5.96559
                ]
            },
            "faces": {
                "north": {
                    "uv": [
                        10.5,
                        4.5,
                        11.25,
                        5.5
                    ],
                    "rotation": 270,
                    "texture": "#1"
                },
                "east": {
                    "uv": [
                        11.75,
                        2.5,
                        11,
                        1.5
                    ],
                    "rotation": 90,
                    "texture": "#1"
                },
                "south": {
                    "uv": [
                        11,
                        0.5,
                        11.75,
                        1.5
                    ],
                    "rotation": 90,
                    "texture": "#1"
                },
                "west": {
                    "uv": [
                        11.75,
                        2.5,
                        11,
                        3.5
                    ],
                    "rotation": 90,
                    "texture": "#1"
                },
                "up": {
                    "uv": [
                        4,
                        10,
                        5,
                        11
                    ],
                    "rotation": 90,
                    "texture": "#1"
                },
                "down": {
                    "uv": [
                        10,
                        3.5,
                        11,
                        4.5
                    ],
                    "rotation": 90,
                    "texture": "#1"
                }
            }
        },
        {
            "from": [
                7.98112,
                7.93056,
                4.99034
            ],
            "to": [
                10.23112,
                9.43056,
                6.49034
            ],
            "rotation": {
                "angle": -22.5,
                "axis": "y",
                "origin": [
                    11.49555,
                    8.68056,
                    5.96559
                ]
            },
            "faces": {
                "north": {
                    "uv": [
                        5,
                        10,
                        5.75,
                        11.25
                    ],
                    "rotation": 270,
                    "texture": "#1"
                },
                "east": {
                    "uv": [
                        12.75,
                        1.25,
                        12,
                        0.5
                    ],
                    "rotation": 90,
                    "texture": "#1"
                },
                "south": {
                    "uv": [
                        10,
                        8.5,
                        10.75,
                        9.75
                    ],
                    "rotation": 90,
                    "texture": "#1"
                },
                "west": {
                    "uv": [
                        12.75,
                        1.5,
                        12,
                        2.25
                    ],
                    "rotation": 90,
                    "texture": "#1"
                },
                "up": {
                    "uv": [
                        10,
                        10,
                        10.75,
                        11.25
                    ],
                    "rotation": 90,
                    "texture": "#1"
                },
                "down": {
                    "uv": [
                        6,
                        10,
                        6.75,
                        11.25
                    ],
                    "rotation": 90,
                    "texture": "#1"
                }
            }
        },
        {
            "from": [
                13.79719,
                7.93056,
                4.78177
            ],
            "to": [
                15.29719,
                9.43056,
                6.28177
            ],
            "rotation": {
                "angle": 0,
                "axis": "y",
                "origin": [
                    12.75,
                    8.68056,
                    4.42997
                ]
            },
            "faces": {
                "north": {
                    "uv": [
                        6,
                        11.5,
                        6.75,
                        12.25
                    ],
                    "rotation": 270,
                    "texture": "#1"
                },
                "east": {
                    "uv": [
                        10.75,
                        12.25,
                        10,
                        11.5
                    ],
                    "rotation": 90,
                    "texture": "#1"
                },
                "south": {
                    "uv": [
                        7,
                        11.5,
                        7.75,
                        12.25
                    ],
                    "rotation": 90,
                    "texture": "#1"
                },
                "west": {
                    "uv": [
                        11.75,
                        11.5,
                        11,
                        12.25
                    ],
                    "rotation": 90,
                    "texture": "#1"
                },
                "up": {
                    "uv": [
                        8,
                        11.5,
                        8.75,
                        12.25
                    ],
                    "rotation": 90,
                    "texture": "#1"
                },
                "down": {
                    "uv": [
                        11.5,
                        6.5,
                        12.25,
                        7.25
                    ],
                    "rotation": 90,
                    "texture": "#1"
                }
            }
        },
        {
            "from": [
                10.16588,
                8.00556,
                3.90691
            ],
            "to": [
                14.96588,
                9.35556,
                5.25691
            ],
            "rotation": {
                "angle": -22.5,
                "axis": "y",
                "origin": [
                    12.75,
                    8.68056,
                    4.42997
                ]
            },
            "faces": {
                "north": {
                    "uv": [
                        0,
                        9,
                        0.75,
                        11.5
                    ],
                    "rotation": 270,
                    "texture": "#1"
                },
                "east": {
                    "uv": [
                        12.25,
                        5.25,
                        11.5,
                        4.5
                    ],
                    "rotation": 90,
                    "texture": "#1"
                },
                "south": {
                    "uv": [
                        1,
                        9,
                        1.75,
                        11.5
                    ],
                    "rotation": 90,
                    "texture": "#1"
                },
                "west": {
                    "uv": [
                        5.75,
                        11.5,
                        5,
                        12.25
                    ],
                    "rotation": 90,
                    "texture": "#1"
                },
                "up": {
                    "uv": [
                        2,
                        9,
                        2.75,
                        11.5
                    ],
                    "rotation": 90,
                    "texture": "#1"
                },
                "down": {
                    "uv": [
                        9,
                        0.5,
                        9.75,
                        3
                    ],
                    "rotation": 90,
                    "texture": "#1"
                }
            }
        },
        {
            "from": [
                12.00635,
                8.28056,
                2.6241
            ],
            "to": [
                12.80635,
                9.08056,
                3.4241
            ],
            "rotation": {
                "angle": -22.5,
                "axis": "y",
                "origin": [
                    12.75,
                    8.68056,
                    4.42997
                ]
            },
            "faces": {
                "north": {
                    "uv": [
                        12.5,
                        11,
                        13,
                        11.5
                    ],
                    "rotation": 270,
                    "texture": "#1"
                },
                "east": {
                    "uv": [
                        12.5,
                        13,
                        12,
                        12.5
                    ],
                    "rotation": 90,
                    "texture": "#1"
                },
                "west": {
                    "uv": [
                        13,
                        12,
                        12.5,
                        12.5
                    ],
                    "rotation": 90,
                    "texture": "#1"
                },
                "up": {
                    "uv": [
                        12.5,
                        11.5,
                        13,
                        12
                    ],
                    "rotation": 90,
                    "texture": "#1"
                },
                "down": {
                    "uv": [
                        11.5,
                        12.5,
                        12,
                        13
                    ],
                    "rotation": 90,
                    "texture": "#1"
                }
            }
        },
        {
            "from": [
                12.75722,
                8.18056,
                3.14228
            ],
            "to": [
                13.75722,
                9.18056,
                4.14228
            ],
            "rotation": {
                "angle": 45,
                "axis": "y",
                "origin": [
                    12.75,
                    8.68056,
                    4.42997
                ]
            },
            "faces": {
                "north": {
                    "uv": [
                        9,
                        12.5,
                        9.5,
                        13
                    ],
                    "rotation": 270,
                    "texture": "#1"
                },
                "east": {
                    "uv": [
                        11.5,
                        13,
                        11,
                        12.5
                    ],
                    "rotation": 90,
                    "texture": "#1"
                },
                "south": {
                    "uv": [
                        10,
                        12.5,
                        10.5,
                        13
                    ],
                    "rotation": 90,
                    "texture": "#1"
                },
                "up": {
                    "uv": [
                        10.5,
                        12.5,
                        11,
                        13
                    ],
                    "rotation": 90,
                    "texture": "#1"
                },
                "down": {
                    "uv": [
                        9.5,
                        12.5,
                        10,
                        13
                    ],
                    "rotation": 90,
                    "texture": "#1"
                }
            }
        },
        {
            "from": [
                13.73876,
                8.28056,
                2.65945
            ],
            "to": [
                14.53876,
                9.08056,
                3.45945
            ],
            "rotation": {
                "angle": -22.5,
                "axis": "y",
                "origin": [
                    12.75,
                    8.68056,
                    4.42997
                ]
            },
            "faces": {
                "north": {
                    "uv": [
                        12.5,
                        7,
                        13,
                        7.5
                    ],
                    "rotation": 270,
                    "texture": "#1"
                },
                "east": {
                    "uv": [
                        8.5,
                        13,
                        8,
                        12.5
                    ],
                    "rotation": 90,
                    "texture": "#1"
                },
                "west": {
                    "uv": [
                        9,
                        12.5,
                        8.5,
                        13
                    ],
                    "rotation": 90,
                    "texture": "#1"
                },
                "up": {
                    "uv": [
                        12.5,
                        7.5,
                        13,
                        8
                    ],
                    "rotation": 90,
                    "texture": "#1"
                },
                "down": {
                    "uv": [
                        7.5,
                        12.5,
                        8,
                        13
                    ],
                    "rotation": 90,
                    "texture": "#1"
                }
            }
        },
        {
            "from": [
                13.38753,
                8.18056,
                4.75634
            ],
            "to": [
                14.38753,
                9.18056,
                5.75634
            ],
            "rotation": {
                "angle": 45,
                "axis": "y",
                "origin": [
                    12.75,
                    8.68056,
                    4.42997
                ]
            },
            "faces": {
                "north": {
                    "uv": [
                        5.5,
                        12.5,
                        6,
                        13
                    ],
                    "rotation": 270,
                    "texture": "#1"
                },
                "east": {
                    "uv": [
                        7.5,
                        13,
                        7,
                        12.5
                    ],
                    "rotation": 90,
                    "texture": "#1"
                },
                "south": {
                    "uv": [
                        6.5,
                        12.5,
                        7,
                        13
                    ],
                    "rotation": 90,
                    "texture": "#1"
                },
                "up": {
                    "uv": [
                        12.5,
                        6.5,
                        13,
                        7
                    ],
                    "rotation": 90,
                    "texture": "#1"
                },
                "down": {
                    "uv": [
                        6,
                        12.5,
                        6.5,
                        13
                    ],
                    "rotation": 90,
                    "texture": "#1"
                }
            }
        },
        {
            "from": [
                9.41426,
                7.88056,
                3.85351
            ],
            "to": [
                10.91426,
                9.48056,
                5.35351
            ],
            "rotation": {
                "angle": -22.5,
                "axis": "y",
                "origin": [
                    12.75,
                    8.68056,
                    4.42997
                ]
            },
            "faces": {
                "north": {
                    "uv": [
                        11,
                        9.5,
                        11.75,
                        10.25
                    ],
                    "rotation": 270,
                    "texture": "#1"
                },
                "east": {
                    "uv": [
                        2.75,
                        12.25,
                        2,
                        11.5
                    ],
                    "rotation": 90,
                    "texture": "#1"
                },
                "south": {
                    "uv": [
                        0,
                        11.5,
                        0.75,
                        12.25
                    ],
                    "rotation": 90,
                    "texture": "#1"
                },
                "west": {
                    "uv": [
                        3.75,
                        11.5,
                        3,
                        12.25
                    ],
                    "rotation": 90,
                    "texture": "#1"
                },
                "up": {
                    "uv": [
                        1,
                        11.5,
                        1.75,
                        12.25
                    ],
                    "rotation": 90,
                    "texture": "#1"
                },
                "down": {
                    "uv": [
                        11,
                        10.5,
                        11.75,
                        11.25
                    ],
                    "rotation": 90,
                    "texture": "#1"
                }
            }
        },
        {
            "from": [
                5.08574,
                7.88056,
                3.85351
            ],
            "to": [
                6.58574,
                9.48056,
                5.35351
            ],
            "rotation": {
                "angle": 22.5,
                "axis": "y",
                "origin": [
                    3.25,
                    8.68056,
                    4.42997
                ]
            },
            "faces": {
                "north": {
                    "uv": [
                        11,
                        10.25,
                        11.75,
                        9.5
                    ],
                    "rotation": 270,
                    "texture": "#1"
                },
                "east": {
                    "uv": [
                        3.75,
                        12.25,
                        3,
                        11.5
                    ],
                    "rotation": 90,
                    "texture": "#1"
                },
                "south": {
                    "uv": [
                        0,
                        12.25,
                        0.75,
                        11.5
                    ],
                    "rotation": 90,
                    "texture": "#1"
                },
                "west": {
                    "uv": [
                        2.75,
                        11.5,
                        2,
                        12.25
                    ],
                    "rotation": 90,
                    "texture": "#1"
                },
                "up": {
                    "uv": [
                        1,
                        12.25,
                        1.75,
                        11.5
                    ],
                    "rotation": 90,
                    "texture": "#1"
                },
                "down": {
                    "uv": [
                        11,
                        11.25,
                        11.75,
                        10.5
                    ],
                    "rotation": 90,
                    "texture": "#1"
                }
            }
        },
        {
            "from": [
                1.61247,
                8.18056,
                4.75634
            ],
            "to": [
                2.61247,
                9.18056,
                5.75634
            ],
            "rotation": {
                "angle": -45,
                "axis": "y",
                "origin": [
                    3.25,
                    8.68056,
                    4.42997
                ]
            },
            "faces": {
                "north": {
                    "uv": [
                        5.5,
                        13,
                        6,
                        12.5
                    ],
                    "rotation": 270,
                    "texture": "#1"
                },
                "south": {
                    "uv": [
                        6.5,
                        13,
                        7,
                        12.5
                    ],
                    "rotation": 90,
                    "texture": "#1"
                },
                "west": {
                    "uv": [
                        7.5,
                        12.5,
                        7,
                        13
                    ],
                    "rotation": 90,
                    "texture": "#1"
                },
                "up": {
                    "uv": [
                        12.5,
                        7,
                        13,
                        6.5
                    ],
                    "rotation": 90,
                    "texture": "#1"
                },
                "down": {
                    "uv": [
                        6,
                        13,
                        6.5,
                        12.5
                    ],
                    "rotation": 90,
                    "texture": "#1"
                }
            }
        },
        {
            "from": [
                1.46124,
                8.28056,
                2.65945
            ],
            "to": [
                2.26124,
                9.08056,
                3.45945
            ],
            "rotation": {
                "angle": 22.5,
                "axis": "y",
                "origin": [
                    3.25,
                    8.68056,
                    4.42997
                ]
            },
            "faces": {
                "north": {
                    "uv": [
                        12.5,
                        7.5,
                        13,
                        7
                    ],
                    "rotation": 270,
                    "texture": "#1"
                },
                "east": {
                    "uv": [
                        9,
                        13,
                        8.5,
                        12.5
                    ],
                    "rotation": 90,
                    "texture": "#1"
                },
                "west": {
                    "uv": [
                        8.5,
                        12.5,
                        8,
                        13
                    ],
                    "rotation": 90,
                    "texture": "#1"
                },
                "up": {
                    "uv": [
                        12.5,
                        8,
                        13,
                        7.5
                    ],
                    "rotation": 90,
                    "texture": "#1"
                },
                "down": {
                    "uv": [
                        7.5,
                        13,
                        8,
                        12.5
                    ],
                    "rotation": 90,
                    "texture": "#1"
                }
            }
        },
        {
            "from": [
                2.24278,
                8.18056,
                3.14228
            ],
            "to": [
                3.24278,
                9.18056,
                4.14228
            ],
            "rotation": {
                "angle": -45,
                "axis": "y",
                "origin": [
                    3.25,
                    8.68056,
                    4.42997
                ]
            },
            "faces": {
                "north": {
                    "uv": [
                        9,
                        13,
                        9.5,
                        12.5
                    ],
                    "rotation": 270,
                    "texture": "#1"
                },
                "south": {
                    "uv": [
                        10,
                        13,
                        10.5,
                        12.5
                    ],
                    "rotation": 90,
                    "texture": "#1"
                },
                "west": {
                    "uv": [
                        11.5,
                        12.5,
                        11,
                        13
                    ],
                    "rotation": 90,
                    "texture": "#1"
                },
                "up": {
                    "uv": [
                        10.5,
                        13,
                        11,
                        12.5
                    ],
                    "rotation": 90,
                    "texture": "#1"
                },
                "down": {
                    "uv": [
                        9.5,
                        13,
                        10,
                        12.5
                    ],
                    "rotation": 90,
                    "texture": "#1"
                }
            }
        },
        {
            "from": [
                3.19365,
                8.28056,
                2.6241
            ],
            "to": [
                3.99365,
                9.08056,
                3.4241
            ],
            "rotation": {
                "angle": 22.5,
                "axis": "y",
                "origin": [
                    3.25,
                    8.68056,
                    4.42997
                ]
            },
            "faces": {
                "north": {
                    "uv": [
                        12.5,
                        11.5,
                        13,
                        11
                    ],
                    "rotation": 270,
                    "texture": "#1"
                },
                "east": {
                    "uv": [
                        13,
                        12.5,
                        12.5,
                        12
                    ],
                    "rotation": 90,
                    "texture": "#1"
                },
                "west": {
                    "uv": [
                        12.5,
                        12.5,
                        12,
                        13
                    ],
                    "rotation": 90,
                    "texture": "#1"
                },
                "up": {
                    "uv": [
                        12.5,
                        12,
                        13,
                        11.5
                    ],
                    "rotation": 90,
                    "texture": "#1"
                },
                "down": {
                    "uv": [
                        11.5,
                        13,
                        12,
                        12.5
                    ],
                    "rotation": 90,
                    "texture": "#1"
                }
            }
        },
        {
            "from": [
                1.03412,
                8.00556,
                3.90691
            ],
            "to": [
                5.83412,
                9.35556,
                5.25691
            ],
            "rotation": {
                "angle": 22.5,
                "axis": "y",
                "origin": [
                    3.25,
                    8.68056,
                    4.42997
                ]
            },
            "faces": {
                "north": {
                    "uv": [
                        0,
                        11.5,
                        0.75,
                        9
                    ],
                    "rotation": 270,
                    "texture": "#1"
                },
                "east": {
                    "uv": [
                        5.75,
                        12.25,
                        5,
                        11.5
                    ],
                    "rotation": 90,
                    "texture": "#1"
                },
                "south": {
                    "uv": [
                        1,
                        11.5,
                        1.75,
                        9
                    ],
                    "rotation": 90,
                    "texture": "#1"
                },
                "west": {
                    "uv": [
                        12.25,
                        4.5,
                        11.5,
                        5.25
                    ],
                    "rotation": 90,
                    "texture": "#1"
                },
                "up": {
                    "uv": [
                        2,
                        11.5,
                        2.75,
                        9
                    ],
                    "rotation": 90,
                    "texture": "#1"
                },
                "down": {
                    "uv": [
                        9,
                        3,
                        9.75,
                        0.5
                    ],
                    "rotation": 90,
                    "texture": "#1"
                }
            }
        },
        {
            "from": [
                0.70281,
                7.93056,
                4.78177
            ],
            "to": [
                2.20281,
                9.43056,
                6.28177
            ],
            "rotation": {
                "angle": 0,
                "axis": "y",
                "origin": [
                    3.25,
                    8.68056,
                    4.42997
                ]
            },
            "faces": {
                "north": {
                    "uv": [
                        6,
                        12.25,
                        6.75,
                        11.5
                    ],
                    "rotation": 270,
                    "texture": "#1"
                },
                "east": {
                    "uv": [
                        11.75,
                        12.25,
                        11,
                        11.5
                    ],
                    "rotation": 90,
                    "texture": "#1"
                },
                "south": {
                    "uv": [
                        7,
                        12.25,
                        7.75,
                        11.5
                    ],
                    "rotation": 90,
                    "texture": "#1"
                },
                "west": {
                    "uv": [
                        10.75,
                        11.5,
                        10,
                        12.25
                    ],
                    "rotation": 90,
                    "texture": "#1"
                },
                "up": {
                    "uv": [
                        8,
                        12.25,
                        8.75,
                        11.5
                    ],
                    "rotation": 90,
                    "texture": "#1"
                },
                "down": {
                    "uv": [
                        11.5,
                        7.25,
                        12.25,
                        6.5
                    ],
                    "rotation": 90,
                    "texture": "#1"
                }
            }
        },
        {
            "from": [
                5.76888,
                7.93056,
                4.99034
            ],
            "to": [
                8.01888,
                9.43056,
                6.49034
            ],
            "rotation": {
                "angle": 22.5,
                "axis": "y",
                "origin": [
                    4.50445,
                    8.68056,
                    5.96559
                ]
            },
            "faces": {
                "north": {
                    "uv": [
                        5,
                        11.25,
                        5.75,
                        10
                    ],
                    "rotation": 270,
                    "texture": "#1"
                },
                "east": {
                    "uv": [
                        12.75,
                        2.25,
                        12,
                        1.5
                    ],
                    "rotation": 90,
                    "texture": "#1"
                },
                "south": {
                    "uv": [
                        10,
                        9.75,
                        10.75,
                        8.5
                    ],
                    "rotation": 90,
                    "texture": "#1"
                },
                "west": {
                    "uv": [
                        12.75,
                        0.5,
                        12,
                        1.25
                    ],
                    "rotation": 90,
                    "texture": "#1"
                },
                "up": {
                    "uv": [
                        10,
                        11.25,
                        10.75,
                        10
                    ],
                    "rotation": 90,
                    "texture": "#1"
                },
                "down": {
                    "uv": [
                        6,
                        11.25,
                        6.75,
                        10
                    ],
                    "rotation": 90,
                    "texture": "#1"
                }
            }
        },
        {
            "from": [
                4.9,
                8.13211,
                -1
            ],
            "to": [
                6.1,
                9.33211,
                0.2
            ],
            "rotation": {
                "angle": 45,
                "axis": "x",
                "origin": [
                    5.5,
                    8.73211,
                    -0.4
                ]
            },
            "faces": {
                "north": {
                    "uv": [
                        12,
                        12,
                        12.5,
                        12.5
                    ],
                    "texture": "#1"
                },
                "east": {
                    "uv": [
                        0,
                        12.5,
                        0.5,
                        13
                    ],
                    "texture": "#1"
                },
                "south": {
                    "uv": [
                        0.5,
                        12.5,
                        1,
                        13
                    ],
                    "texture": "#1"
                },
                "west": {
                    "uv": [
                        1,
                        12.5,
                        1.5,
                        13
                    ],
                    "texture": "#1"
                },
                "up": {
                    "uv": [
                        2,
                        13,
                        1.5,
                        12.5
                    ],
                    "texture": "#1"
                },
                "down": {
                    "uv": [
                        2.5,
                        12.5,
                        2,
                        13
                    ],
                    "texture": "#1"
                }
            }
        },
        {
            "from": [
                5.6,
                8.125,
                -0.15
            ],
            "to": [
                6.4,
                8.925,
                1.85
            ],
            "rotation": {
                "angle": 45,
                "axis": "z",
                "origin": [
                    5.5,
                    8.025,
                    -0.15
                ]
            },
            "faces": {
                "north": {
                    "uv": [
                        2.5,
                        12.5,
                        3,
                        13
                    ],
                    "texture": "#1"
                },
                "east": {
                    "uv": [
                        8.5,
                        7.5,
                        9.5,
                        8
                    ],
                    "texture": "#1"
                },
                "west": {
                    "uv": [
                        9.5,
                        7.5,
                        10.5,
                        8
                    ],
                    "texture": "#1"
                },
                "up": {
                    "uv": [
                        7,
                        10,
                        6.5,
                        9
                    ],
                    "texture": "#1"
                },
                "down": {
                    "uv": [
                        12.5,
                        2.5,
                        12,
                        3.5
                    ],
                    "texture": "#1"
                }
            }
        },
        {
            "from": [
                5.55,
                8.075,
                1.85
            ],
            "to": [
                6.45,
                8.975,
                3.35
            ],
            "rotation": {
                "angle": 45,
                "axis": "z",
                "origin": [
                    5.5,
                    8.025,
                    1.35
                ]
            },
            "faces": {
                "north": {
                    "uv": [
                        12.5,
                        2.5,
                        13,
                        3
                    ],
                    "texture": "#1"
                },
                "east": {
                    "uv": [
                        10.5,
                        7.5,
                        11.25,
                        8
                    ],
                    "texture": "#1"
                },
                "south": {
                    "uv": [
                        3,
                        12.5,
                        3.5,
                        13
                    ],
                    "texture": "#1"
                },
                "west": {
                    "uv": [
                        11.5,
                        7.5,
                        12.25,
                        8
                    ],
                    "texture": "#1"
                },
                "up": {
                    "uv": [
                        12.5,
                        4.25,
                        12,
                        3.5
                    ],
                    "texture": "#1"
                },
                "down": {
                    "uv": [
                        4.5,
                        12,
                        4,
                        12.75
                    ],
                    "texture": "#1"
                }
            }
        },
        {
            "from": [
                5.485,
                6.225,
                -0.15
            ],
            "to": [
                5.515,
                8.225,
                1.85
            ],
            "rotation": {
                "angle": 0,
                "axis": "y",
                "origin": [
                    5.485,
                    1.225,
                    -0.65
                ]
            },
            "faces": {
                "east": {
                    "uv": [
                        6.5,
                        9,
                        5.5,
                        10
                    ],
                    "texture": "#1"
                },
                "west": {
                    "uv": [
                        5.5,
                        9,
                        6.5,
                        10
                    ],
                    "texture": "#1"
                }
            }
        },
        {
            "from": [
                9.9,
                8.13211,
                -1
            ],
            "to": [
                11.1,
                9.33211,
                0.2
            ],
            "rotation": {
                "angle": 45,
                "axis": "x",
                "origin": [
                    10.5,
                    8.73211,
                    -0.4
                ]
            },
            "faces": {
                "north": {
                    "uv": [
                        12.5,
                        12,
                        12,
                        12.5
                    ],
                    "texture": "#1"
                },
                "east": {
                    "uv": [
                        1.5,
                        12.5,
                        1,
                        13
                    ],
                    "texture": "#1"
                },
                "south": {
                    "uv": [
                        1,
                        12.5,
                        0.5,
                        13
                    ],
                    "texture": "#1"
                },
                "west": {
                    "uv": [
                        0.5,
                        12.5,
                        0,
                        13
                    ],
                    "texture": "#1"
                },
                "up": {
                    "uv": [
                        1.5,
                        13,
                        2,
                        12.5
                    ],
                    "texture": "#1"
                },
                "down": {
                    "uv": [
                        2,
                        12.5,
                        2.5,
                        13
                    ],
                    "texture": "#1"
                }
            }
        },
        {
            "from": [
                9.6,
                8.125,
                -0.15
            ],
            "to": [
                10.4,
                8.925,
                1.85
            ],
            "rotation": {
                "angle": -45,
                "axis": "z",
                "origin": [
                    10.5,
                    8.025,
                    -0.15
                ]
            },
            "faces": {
                "north": {
                    "uv": [
                        3,
                        12.5,
                        2.5,
                        13
                    ],
                    "texture": "#1"
                },
                "east": {
                    "uv": [
                        10.5,
                        7.5,
                        9.5,
                        8
                    ],
                    "texture": "#1"
                },
                "west": {
                    "uv": [
                        9.5,
                        7.5,
                        8.5,
                        8
                    ],
                    "texture": "#1"
                },
                "up": {
                    "uv": [
                        6.5,
                        10,
                        7,
                        9
                    ],
                    "texture": "#1"
                },
                "down": {
                    "uv": [
                        12,
                        2.5,
                        12.5,
                        3.5
                    ],
                    "texture": "#1"
                }
            }
        },
        {
            "from": [
                9.55,
                8.075,
                1.85
            ],
            "to": [
                10.45,
                8.975,
                3.35
            ],
            "rotation": {
                "angle": -45,
                "axis": "z",
                "origin": [
                    10.5,
                    8.025,
                    1.35
                ]
            },
            "faces": {
                "north": {
                    "uv": [
                        13,
                        2.5,
                        12.5,
                        3
                    ],
                    "texture": "#1"
                },
                "east": {
                    "uv": [
                        12.25,
                        7.5,
                        11.5,
                        8
                    ],
                    "texture": "#1"
                },
                "south": {
                    "uv": [
                        3.5,
                        12.5,
                        3,
                        13
                    ],
                    "texture": "#1"
                },
                "west": {
                    "uv": [
                        11.25,
                        7.5,
                        10.5,
                        8
                    ],
                    "texture": "#1"
                },
                "up": {
                    "uv": [
                        12,
                        4.25,
                        12.5,
                        3.5
                    ],
                    "texture": "#1"
                },
                "down": {
                    "uv": [
                        4,
                        12,
                        4.5,
                        12.75
                    ],
                    "texture": "#1"
                }
            }
        },
        {
            "from": [
                10.485,
                6.225,
                -0.15
            ],
            "to": [
                10.515,
                8.225,
                1.85
            ],
            "rotation": {
                "angle": 0,
                "axis": "y",
                "origin": [
                    10.515,
                    1.225,
                    -0.65
                ]
            },
            "faces": {
                "east": {
                    "uv": [
                        6.5,
                        9,
                        5.5,
                        10
                    ],
                    "texture": "#1"
                },
                "west": {
                    "uv": [
                        5.5,
                        9,
                        6.5,
                        10
                    ],
                    "texture": "#1"
                }
            }
        },
        {
            "from": [
                7.25,
                7.5,
                5
            ],
            "to": [
                8.75,
                8.5,
                11
            ],
            "rotation": {
                "angle": 0,
                "axis": "y",
                "origin": [
                    7.25,
                    7.5,
                    5
                ]
            },
            "faces": {
                "north": {
                    "uv": [
                        12,
                        5.5,
                        12.75,
                        6
                    ],
                    "texture": "#1"
                },
                "east": {
                    "uv": [
                        8.5,
                        6.5,
                        11.5,
                        7
                    ],
                    "texture": "#1"
                },
                "south": {
                    "uv": [
                        12,
                        6,
                        12.75,
                        6.5
                    ],
                    "texture": "#1"
                },
                "west": {
                    "uv": [
                        8.5,
                        7,
                        11.5,
                        7.5
                    ],
                    "texture": "#1"
                },
                "up": {
                    "uv": [
                        7.75,
                        11.5,
                        7,
                        8.5
                    ],
                    "texture": "#1"
                },
                "down": {
                    "uv": [
                        8.75,
                        8.5,
                        8,
                        11.5
                    ],
                    "texture": "#1"
                }
            }
        },
        {
            "from": [
                7.25,
                7.5,
                13
            ],
            "to": [
                8.75,
                8.5,
                14
            ],
            "rotation": {
                "angle": 0,
                "axis": "y",
                "origin": [
                    7.25,
                    7.5,
                    13
                ]
            },
            "faces": {
                "north": {
                    "uv": [
                        12,
                        8.5,
                        12.75,
                        9
                    ],
                    "texture": "#1"
                },
                "east": {
                    "uv": [
                        12.5,
                        3.5,
                        13,
                        4
                    ],
                    "texture": "#1"
                },
                "south": {
                    "uv": [
                        9,
                        12,
                        9.75,
                        12.5
                    ],
                    "texture": "#1"
                },
                "west": {
                    "uv": [
                        12.5,
                        4,
                        13,
                        4.5
                    ],
                    "texture": "#1"
                },
                "up": {
                    "uv": [
                        12.75,
                        9.5,
                        12,
                        9
                    ],
                    "texture": "#1"
                },
                "down": {
                    "uv": [
                        12.75,
                        9.5,
                        12,
                        10
                    ],
                    "texture": "#1"
                }
            }
        },
        {
            "from": [
                7.35,
                7.5,
                14
            ],
            "to": [
                8.65,
                8,
                17
            ],
            "rotation": {
                "angle": 0,
                "axis": "y",
                "origin": [
                    7.25,
                    7.5,
                    14
                ]
            },
            "faces": {
                "north": {
                    "uv": [
                        2,
                        13,
                        2.75,
                        13.25
                    ],
                    "texture": "#1"
                },
                "east": {
                    "uv": [
                        12,
                        10,
                        13.5,
                        10.25
                    ],
                    "texture": "#1"
                },
                "south": {
                    "uv": [
                        13,
                        2,
                        13.75,
                        2.25
                    ],
                    "texture": "#1"
                },
                "west": {
                    "uv": [
                        12,
                        10.5,
                        13.5,
                        10.75
                    ],
                    "texture": "#1"
                },
                "up": {
                    "uv": [
                        3.75,
                        10.5,
                        3,
                        9
                    ],
                    "texture": "#1"
                },
                "down": {
                    "uv": [
                        9.75,
                        3,
                        9,
                        4.5
                    ],
                    "texture": "#1"
                }
            }
        },
        {
            "from": [
                7.25,
                6.25,
                17
            ],
            "to": [
                8.75,
                8.25,
                17.5
            ],
            "rotation": {
                "angle": 0,
                "axis": "y",
                "origin": [
                    7.25,
                    7.5,
                    17
                ]
            },
            "faces": {
                "north": {
                    "uv": [
                        10,
                        5.5,
                        10.75,
                        6.5
                    ],
                    "texture": "#1"
                },
                "east": {
                    "uv": [
                        12.5,
                        4.5,
                        12.75,
                        5.5
                    ],
                    "texture": "#1"
                },
                "south": {
                    "uv": [
                        3,
                        10.5,
                        3.75,
                        11.5
                    ],
                    "texture": "#1"
                },
                "west": {
                    "uv": [
                        5,
                        12.5,
                        5.25,
                        13.5
                    ],
                    "texture": "#1"
                },
                "up": {
                    "uv": [
                        1.75,
                        13.25,
                        1,
                        13
                    ],
                    "texture": "#1"
                },
                "down": {
                    "uv": [
                        13.75,
                        1.5,
                        13,
                        1.75
                    ],
                    "texture": "#1"
                }
            }
        },
        {
            "from": [
                7.25,
                6.25,
                16
            ],
            "to": [
                8.75,
                8.25,
                16.5
            ],
            "rotation": {
                "angle": 0,
                "axis": "y",
                "origin": [
                    7.25,
                    7.5,
                    16
                ]
            },
            "faces": {
                "north": {
                    "uv": [
                        11,
                        3.5,
                        11.75,
                        4.5
                    ],
                    "texture": "#1"
                },
                "east": {
                    "uv": [
                        12.5,
                        12.5,
                        12.75,
                        13.5
                    ],
                    "texture": "#1"
                },
                "south": {
                    "uv": [
                        4,
                        11,
                        4.75,
                        12
                    ],
                    "texture": "#1"
                },
                "west": {
                    "uv": [
                        0,
                        13,
                        0.25,
                        14
                    ],
                    "texture": "#1"
                },
                "up": {
                    "uv": [
                        13.75,
                        2.75,
                        13,
                        2.5
                    ],
                    "texture": "#1"
                },
                "down": {
                    "uv": [
                        3.75,
                        13,
                        3,
                        13.25
                    ],
                    "texture": "#1"
                }
            }
        },
        {
            "from": [
                7.25,
                6.25,
                15
            ],
            "to": [
                8.75,
                8.25,
                15.5
            ],
            "rotation": {
                "angle": 0,
                "axis": "y",
                "origin": [
                    7.25,
                    7.5,
                    15
                ]
            },
            "faces": {
                "north": {
                    "uv": [
                        11,
                        5.5,
                        11.75,
                        6.5
                    ],
                    "texture": "#1"
                },
                "east": {
                    "uv": [
                        0.5,
                        13,
                        0.75,
                        14
                    ],
                    "texture": "#1"
                },
                "south": {
                    "uv": [
                        11,
                        8.5,
                        11.75,
                        9.5
                    ],
                    "texture": "#1"
                },
                "west": {
                    "uv": [
                        13,
                        0.5,
                        13.25,
                        1.5
                    ],
                    "texture": "#1"
                },
                "up": {
                    "uv": [
                        13.75,
                        3.25,
                        13,
                        3
                    ],
                    "texture": "#1"
                },
                "down": {
                    "uv": [
                        13.75,
                        3.5,
                        13,
                        3.75
                    ],
                    "texture": "#1"
                }
            }
        },
        {
            "from": [
                7.5,
                6.5,
                5
            ],
            "to": [
                8.5,
                7.5,
                17
            ],
            "rotation": {
                "angle": 0,
                "axis": "y",
                "origin": [
                    7.25,
                    6.5,
                    5
                ]
            },
            "faces": {
                "north": {
                    "uv": [
                        12.5,
                        3,
                        13,
                        3.5
                    ],
                    "texture": "#1"
                },
                "east": {
                    "uv": [
                        7,
                        8,
                        13,
                        8.5
                    ],
                    "texture": "#1"
                },
                "south": {
                    "uv": [
                        3.5,
                        12.5,
                        4,
                        13
                    ],
                    "texture": "#1"
                },
                "west": {
                    "uv": [
                        8.5,
                        0,
                        14.5,
                        0.5
                    ],
                    "texture": "#1"
                },
                "down": {
                    "uv": [
                        9,
                        0.5,
                        8.5,
                        6.5
                    ],
                    "texture": "#1"
                }
            }
        },
        {
            "from": [
                7,
                7.5,
                11
            ],
            "to": [
                9,
                9.5,
                13
            ],
            "rotation": {
                "angle": 0,
                "axis": "y",
                "origin": [
                    7,
                    7.5,
                    11
                ]
            },
            "faces": {
                "north": {
                    "uv": [
                        9,
                        5.5,
                        10,
                        6.5
                    ],
                    "texture": "#1"
                },
                "east": {
                    "uv": [
                        9,
                        8.5,
                        10,
                        9.5
                    ],
                    "texture": "#1"
                },
                "south": {
                    "uv": [
                        9,
                        9.5,
                        10,
                        10.5
                    ],
                    "texture": "#1"
                },
                "west": {
                    "uv": [
                        10,
                        0.5,
                        11,
                        1.5
                    ],
                    "texture": "#1"
                },
                "up": {
                    "uv": [
                        11,
                        2.5,
                        10,
                        1.5
                    ],
                    "texture": "#1"
                },
                "down": {
                    "uv": [
                        11,
                        2.5,
                        10,
                        3.5
                    ],
                    "texture": "#1"
                }
            }
        },
        {
            "from": [
                7.475,
                5.46094,
                10.4737
            ],
            "to": [
                8.525,
                6.96094,
                13.4737
            ],
            "rotation": {
                "angle": 22.5,
                "axis": "x",
                "origin": [
                    7.5,
                    5.28594,
                    13.2237
                ]
            },
            "faces": {
                "north": {
                    "uv": [
                        4.5,
                        12,
                        5,
                        12.75
                    ],
                    "texture": "#1"
                },
                "east": {
                    "uv": [
                        4,
                        9,
                        5.5,
                        9.75
                    ],
                    "texture": "#1"
                },
                "south": {
                    "uv": [
                        12,
                        11,
                        12.5,
                        11.75
                    ],
                    "texture": "#1"
                },
                "west": {
                    "uv": [
                        9,
                        4.5,
                        10.5,
                        5.25
                    ],
                    "texture": "#1"
                },
                "up": {
                    "uv": [
                        9.5,
                        12,
                        9,
                        10.5
                    ],
                    "texture": "#1"
                },
                "down": {
                    "uv": [
                        10,
                        10.5,
                        9.5,
                        12
                    ],
                    "texture": "#1"
                }
            }
        },
        {
            "from": [
                1,
                8.75,
                6
            ],
            "to": [
                15,
                8.78,
                11.5
            ],
            "rotation": {
                "angle": 0,
                "axis": "y",
                "origin": [
                    0,
                    8.75,
                    6
                ]
            },
            "faces": {
                "up": {
                    "uv": [
                        7,
                        2.75,
                        0,
                        0
                    ],
                    "texture": "#1"
                },
                "down": {
                    "uv": [
                        7,
                        0,
                        0,
                        2.75
                    ],
                    "texture": "#1"
                }
            }
        }
    ],
    "gui_light": "front",
    "display": {
        "thirdperson_righthand": {
            "translation": [
                0,
                1.5,
                -2
            ]
        },
        "thirdperson_lefthand": {
            "translation": [
                0,
                1.5,
                -2
            ]
        },
        "firstperson_righthand": {
            "rotation": [
                0,
                -13.25,
                0
            ],
            "translation": [
                10.75,
                1.25,
                -1.25
            ]
        },
        "firstperson_lefthand": {
            "rotation": [
                0,
                -13.25,
                0
            ],
            "translation": [
                10.75,
                1.25,
                -1.25
            ]
        },
        "ground": {
            "rotation": [
                25,
                0,
                0
            ],
            "translation": [
                0,
                5,
                0
            ],
            "scale": [
                0.7,
                0.7,
                0.7
            ]
        },
        "gui": {
            "rotation": [
                90,
                45,
                0
            ],
            "translation": [
                0.5,
                -0.75,
                0
            ],
            "scale": [
                0.7,
                0.7,
                0.7
            ]
        },
        "head": {
            "rotation": [
                20,
                0,
                0
            ]
        },
        "fixed": {
            "rotation": [
                -90,
                0,
                0
            ],
            "translation": [
                0,
                0,
                -4
            ],
            "scale": [
                2,
                2,
                2
            ]
        }
    }
}