{
	"credit": "Made by PolygonMC",
	"textures": {
		"1": "item/chests/cupid_chest",
		"2": "item/multiple/cupid/animations_1",
		"particle": "item/multiple/cupid/animations_1"
	},
	"elements": [
		{
			"from": [2, 1.25, 2],
			"to": [4, 2.25, 4],
			"rotation": {"angle": 0, "axis": "y", "origin": [2, 1.25, 2]},
			"faces": {
				"north": {"uv": [11.66667, 10.66667, 12.33333, 11], "texture": "#1"},
				"east": {"uv": [6.33333, 12, 7, 12.33333], "texture": "#1"},
				"south": {"uv": [12, 6.66667, 12.66667, 7], "texture": "#1"},
				"west": {"uv": [7, 12, 7.66667, 12.33333], "texture": "#1"},
				"up": {"uv": [12, 7.33333, 11.33333, 6.66667], "texture": "#1"},
				"down": {"uv": [12, 7.33333, 11.33333, 8], "texture": "#1"}
			}
		},
		{
			"from": [2.5, 2.63268, 2.57612],
			"to": [3.5, 4.63268, 3.57612],
			"rotation": {"angle": 22.5, "axis": "x", "origin": [1.5, 2.63268, 1.57612]},
			"faces": {
				"north": {"uv": [3.66667, 8, 4, 8.66667], "texture": "#1"},
				"east": {"uv": [3.66667, 8.66667, 4, 9.33333], "texture": "#1"},
				"south": {"uv": [3.66667, 9.33333, 4, 10], "texture": "#1"},
				"west": {"uv": [3.66667, 10, 4, 10.66667], "texture": "#1"},
				"up": {"uv": [4, 11, 3.66667, 10.66667], "texture": "#1"}
			}
		},
		{
			"from": [2.5035, 3.71508, 3.18925],
			"to": [3.4965, 4.71508, 4.18925],
			"rotation": {"angle": 0, "axis": "x", "origin": [1.5035, 3.71508, 2.18925]},
			"faces": {
				"north": {"uv": [2, 11, 2.33333, 11.33333], "texture": "#1"},
				"east": {"uv": [5, 11.66667, 5.33333, 12], "texture": "#1"},
				"south": {"uv": [8.66667, 12, 9, 12.33333], "texture": "#1"},
				"west": {"uv": [9, 12, 9.33333, 12.33333], "texture": "#1"},
				"up": {"uv": [9.66667, 12.33333, 9.33333, 12], "texture": "#1"}
			}
		},
		{
			"from": [3.18925, 3.71508, 2.5035],
			"to": [4.18925, 4.71508, 3.4965],
			"rotation": {"angle": 0, "axis": "x", "origin": [3.51693, 3.84881, 3]},
			"faces": {
				"north": {"uv": [9.66667, 12, 10, 12.33333], "texture": "#1"},
				"east": {"uv": [10, 12, 10.33333, 12.33333], "texture": "#1"},
				"south": {"uv": [10.33333, 12, 10.66667, 12.33333], "texture": "#1"},
				"west": {"uv": [10.66667, 12, 11, 12.33333], "texture": "#1"},
				"up": {"uv": [11.33333, 12.33333, 11, 12], "texture": "#1"}
			}
		},
		{
			"from": [3.18925, 1.98254, 2.5],
			"to": [4.18925, 3.98254, 3.5],
			"rotation": {"angle": -22.5, "axis": "z", "origin": [3.51693, 3.84881, 3]},
			"faces": {
				"north": {"uv": [6.33333, 11.33333, 6.66667, 12], "texture": "#1"},
				"east": {"uv": [2.66667, 12, 3, 12.66667], "texture": "#1"},
				"south": {"uv": [12, 7, 12.33333, 7.66667], "texture": "#1"},
				"west": {"uv": [7.66667, 12, 8, 12.66667], "texture": "#1"},
				"up": {"uv": [11.66667, 12.33333, 11.33333, 12], "texture": "#1"}
			}
		},
		{
			"from": [3, 1.75, 3],
			"to": [13, 2.75, 13],
			"rotation": {"angle": 0, "axis": "y", "origin": [3, 1.75, 3]},
			"faces": {
				"north": {"uv": [11, 1.33333, 14.33333, 1.66667], "texture": "#1"},
				"east": {"uv": [11, 1.66667, 14.33333, 2], "texture": "#1"},
				"south": {"uv": [11, 2, 14.33333, 2.33333], "texture": "#1"},
				"west": {"uv": [11, 2.33333, 14.33333, 2.66667], "texture": "#1"},
				"up": {"uv": [11, 3.33333, 7.66667, 0], "texture": "#1"},
				"down": {"uv": [11, 3.33333, 7.66667, 6.66667], "texture": "#1"}
			}
		},
		{
			"from": [2.5, 4.75, 2.5],
			"to": [13.5, 5.75, 13.5],
			"rotation": {"angle": 0, "axis": "y", "origin": [3, 4.75, 3]},
			"faces": {
				"north": {"uv": [10.66667, 9, 14.33333, 9.33333], "texture": "#1"},
				"east": {"uv": [10.66667, 9.33333, 14.33333, 9.66667], "texture": "#1"},
				"south": {"uv": [10.66667, 9.66667, 14.33333, 10], "texture": "#1"},
				"west": {"uv": [11, 0, 14.66667, 0.33333], "texture": "#1"},
				"up": {"uv": [7.66667, 3.66667, 4, 0], "texture": "#1"},
				"down": {"uv": [7.66667, 3.66667, 4, 7.33333], "texture": "#1"}
			}
		},
		{
			"from": [3.5, 2.75, 3.5],
			"to": [12.5, 4.75, 12.5],
			"rotation": {"angle": 0, "axis": "y", "origin": [3, 3.75, 3]},
			"faces": {
				"north": {"uv": [0, 8.66667, 3, 9.33333], "texture": "#1"},
				"east": {"uv": [7.66667, 8.66667, 10.66667, 9.33333], "texture": "#1"},
				"south": {"uv": [0, 9.33333, 3, 10], "texture": "#1"},
				"west": {"uv": [7.66667, 9.33333, 10.66667, 10], "texture": "#1"}
			}
		},
		{
			"from": [2.5, 4.5, 1.5],
			"to": [4.5, 6, 4.5],
			"rotation": {"angle": -45, "axis": "y", "origin": [3, 5.25, 3]},
			"faces": {
				"north": {"uv": [3.66667, 11.66667, 4.33333, 12.16667], "texture": "#1"},
				"east": {"uv": [2, 11.33333, 3, 11.83333], "texture": "#1"},
				"south": {"uv": [4.33333, 11.66667, 5, 12.16667], "texture": "#1"},
				"west": {"uv": [5.33333, 11.33333, 6.33333, 11.83333], "texture": "#1"},
				"up": {"uv": [7.33333, 12, 6.66667, 11], "texture": "#1"},
				"down": {"uv": [8, 11, 7.33333, 12], "texture": "#1"}
			}
		},
		{
			"from": [6, 3.75, 1.85],
			"to": [8, 5.75, 3.35],
			"rotation": {"angle": 45, "axis": "z", "origin": [8, 5.75, 2.35]},
			"faces": {
				"north": {"uv": [11.33333, 8, 12, 8.66667], "texture": "#1"},
				"south": {"uv": [9.33333, 11.33333, 10, 12], "texture": "#1"},
				"west": {"uv": [11.66667, 5, 12.16667, 5.66667], "texture": "#1"},
				"down": {"uv": [12.33333, 5.66667, 11.66667, 6.16667], "texture": "#1"}
			}
		},
		{
			"from": [8, 3.75, 1.85],
			"to": [10, 5.75, 3.35],
			"rotation": {"angle": 45, "axis": "z", "origin": [8, 5.75, 2.35]},
			"faces": {
				"north": {"uv": [10, 11.33333, 10.66667, 12], "texture": "#1"},
				"east": {"uv": [11.66667, 10, 12.16667, 10.66667], "texture": "#1"},
				"south": {"uv": [10.66667, 11.33333, 11.33333, 12], "texture": "#1"},
				"up": {"uv": [1.33333, 12.5, 0.66667, 12], "texture": "#1"},
				"down": {"uv": [2, 12, 1.33333, 12.5], "texture": "#1"}
			}
		},
		{
			"from": [6, 5.75, 1.85],
			"to": [8, 7.75, 3.35],
			"rotation": {"angle": 45, "axis": "z", "origin": [8, 5.75, 2.35]},
			"faces": {
				"north": {"uv": [11.33333, 11.33333, 12, 12], "texture": "#1"},
				"east": {"uv": [2, 12, 2.5, 12.66667], "texture": "#1"},
				"south": {"uv": [3, 11.66667, 3.66667, 12.33333], "texture": "#1"},
				"west": {"uv": [5, 12, 5.5, 12.66667], "texture": "#1"},
				"up": {"uv": [6.33333, 12.5, 5.66667, 12], "texture": "#1"}
			}
		},
		{
			"from": [12, 1.25, 2],
			"to": [14, 2.25, 4],
			"rotation": {"angle": 0, "axis": "y", "origin": [14, 1.25, 2]},
			"faces": {
				"north": {"uv": [12.33333, 10.66667, 11.66667, 11], "texture": "#1"},
				"east": {"uv": [7.66667, 12, 7, 12.33333], "texture": "#1"},
				"south": {"uv": [12.66667, 6.66667, 12, 7], "texture": "#1"},
				"west": {"uv": [7, 12, 6.33333, 12.33333], "texture": "#1"},
				"up": {"uv": [11.33333, 7.33333, 12, 6.66667], "texture": "#1"},
				"down": {"uv": [11.33333, 7.33333, 12, 8], "texture": "#1"}
			}
		},
		{
			"from": [11.81075, 1.98254, 2.5],
			"to": [12.81075, 3.98254, 3.5],
			"rotation": {"angle": 22.5, "axis": "z", "origin": [12.48307, 3.84881, 3]},
			"faces": {
				"north": {"uv": [6.66667, 11.33333, 6.33333, 12], "texture": "#1"},
				"east": {"uv": [8, 12, 7.66667, 12.66667], "texture": "#1"},
				"south": {"uv": [12.33333, 7, 12, 7.66667], "texture": "#1"},
				"west": {"uv": [3, 12, 2.66667, 12.66667], "texture": "#1"},
				"up": {"uv": [11.33333, 12.33333, 11.66667, 12], "texture": "#1"}
			}
		},
		{
			"from": [12.5, 2.63268, 2.57612],
			"to": [13.5, 4.63268, 3.57612],
			"rotation": {"angle": 22.5, "axis": "x", "origin": [14.5, 2.63268, 1.57612]},
			"faces": {
				"north": {"uv": [4, 8, 3.66667, 8.66667], "texture": "#1"},
				"east": {"uv": [4, 10, 3.66667, 10.66667], "texture": "#1"},
				"south": {"uv": [4, 9.33333, 3.66667, 10], "texture": "#1"},
				"west": {"uv": [4, 8.66667, 3.66667, 9.33333], "texture": "#1"},
				"up": {"uv": [3.66667, 11, 4, 10.66667], "texture": "#1"}
			}
		},
		{
			"from": [12.5035, 3.71508, 3.18925],
			"to": [13.4965, 4.71508, 4.18925],
			"rotation": {"angle": 0, "axis": "x", "origin": [14.4965, 3.71508, 2.18925]},
			"faces": {
				"north": {"uv": [2.33333, 11, 2, 11.33333], "texture": "#1"},
				"east": {"uv": [9.33333, 12, 9, 12.33333], "texture": "#1"},
				"south": {"uv": [9, 12, 8.66667, 12.33333], "texture": "#1"},
				"west": {"uv": [5.33333, 11.66667, 5, 12], "texture": "#1"},
				"up": {"uv": [9.33333, 12.33333, 9.66667, 12], "texture": "#1"}
			}
		},
		{
			"from": [11.81075, 3.71508, 2.5035],
			"to": [12.81075, 4.71508, 3.4965],
			"rotation": {"angle": 0, "axis": "x", "origin": [12.48307, 3.84881, 3]},
			"faces": {
				"north": {"uv": [10, 12, 9.66667, 12.33333], "texture": "#1"},
				"east": {"uv": [11, 12, 10.66667, 12.33333], "texture": "#1"},
				"south": {"uv": [10.66667, 12, 10.33333, 12.33333], "texture": "#1"},
				"west": {"uv": [10.33333, 12, 10, 12.33333], "texture": "#1"},
				"up": {"uv": [11, 12.33333, 11.33333, 12], "texture": "#1"}
			}
		},
		{
			"from": [11.5, 4.5, 1.5],
			"to": [13.5, 6, 4.5],
			"rotation": {"angle": 45, "axis": "y", "origin": [13, 5.25, 3]},
			"faces": {
				"north": {"uv": [4.33333, 11.66667, 3.66667, 12.16667], "texture": "#1"},
				"east": {"uv": [6.33333, 11.33333, 5.33333, 11.83333], "texture": "#1"},
				"south": {"uv": [5, 11.66667, 4.33333, 12.16667], "texture": "#1"},
				"west": {"uv": [3, 11.33333, 2, 11.83333], "texture": "#1"},
				"up": {"uv": [6.66667, 12, 7.33333, 11], "texture": "#1"},
				"down": {"uv": [7.33333, 11, 8, 12], "texture": "#1"}
			}
		},
		{
			"from": [2, 1.25, 12],
			"to": [4, 2.25, 14],
			"rotation": {"angle": 0, "axis": "y", "origin": [2, 1.25, 14]},
			"faces": {
				"north": {"uv": [12.66667, 6.66667, 12, 7], "texture": "#1"},
				"east": {"uv": [7, 12, 6.33333, 12.33333], "texture": "#1"},
				"south": {"uv": [12.33333, 10.66667, 11.66667, 11], "texture": "#1"},
				"west": {"uv": [7.66667, 12, 7, 12.33333], "texture": "#1"},
				"up": {"uv": [12, 6.66667, 11.33333, 7.33333], "texture": "#1"},
				"down": {"uv": [12, 8, 11.33333, 7.33333], "texture": "#1"}
			}
		},
		{
			"from": [2.5, 2.63268, 12.42388],
			"to": [3.5, 4.63268, 13.42388],
			"rotation": {"angle": -22.5, "axis": "x", "origin": [1.5, 2.63268, 14.42388]},
			"faces": {
				"north": {"uv": [4, 9.33333, 3.66667, 10], "texture": "#1"},
				"east": {"uv": [4, 8.66667, 3.66667, 9.33333], "texture": "#1"},
				"south": {"uv": [4, 8, 3.66667, 8.66667], "texture": "#1"},
				"west": {"uv": [4, 10, 3.66667, 10.66667], "texture": "#1"},
				"up": {"uv": [4, 10.66667, 3.66667, 11], "texture": "#1"}
			}
		},
		{
			"from": [3.18925, 1.98254, 12.5],
			"to": [4.18925, 3.98254, 13.5],
			"rotation": {"angle": -22.5, "axis": "z", "origin": [3.51693, 3.84881, 13]},
			"faces": {
				"north": {"uv": [12.33333, 7, 12, 7.66667], "texture": "#1"},
				"east": {"uv": [3, 12, 2.66667, 12.66667], "texture": "#1"},
				"south": {"uv": [6.66667, 11.33333, 6.33333, 12], "texture": "#1"},
				"west": {"uv": [8, 12, 7.66667, 12.66667], "texture": "#1"},
				"up": {"uv": [11.66667, 12, 11.33333, 12.33333], "texture": "#1"}
			}
		},
		{
			"from": [2.5035, 3.71508, 11.81075],
			"to": [3.4965, 4.71508, 12.81075],
			"rotation": {"angle": 0, "axis": "x", "origin": [1.5035, 3.71508, 13.81075]},
			"faces": {
				"north": {"uv": [9, 12, 8.66667, 12.33333], "texture": "#1"},
				"east": {"uv": [5.33333, 11.66667, 5, 12], "texture": "#1"},
				"south": {"uv": [2.33333, 11, 2, 11.33333], "texture": "#1"},
				"west": {"uv": [9.33333, 12, 9, 12.33333], "texture": "#1"},
				"up": {"uv": [9.66667, 12, 9.33333, 12.33333], "texture": "#1"}
			}
		},
		{
			"from": [3.18925, 3.71508, 12.5035],
			"to": [4.18925, 4.71508, 13.4965],
			"rotation": {"angle": 0, "axis": "x", "origin": [3.51693, 3.84881, 13]},
			"faces": {
				"north": {"uv": [10.66667, 12, 10.33333, 12.33333], "texture": "#1"},
				"east": {"uv": [10.33333, 12, 10, 12.33333], "texture": "#1"},
				"south": {"uv": [10, 12, 9.66667, 12.33333], "texture": "#1"},
				"west": {"uv": [11, 12, 10.66667, 12.33333], "texture": "#1"},
				"up": {"uv": [11.33333, 12, 11, 12.33333], "texture": "#1"}
			}
		},
		{
			"from": [2.5, 4.5, 11.5],
			"to": [4.5, 6, 14.5],
			"rotation": {"angle": 45, "axis": "y", "origin": [3, 5.25, 13]},
			"faces": {
				"north": {"uv": [5, 11.66667, 4.33333, 12.16667], "texture": "#1"},
				"east": {"uv": [3, 11.33333, 2, 11.83333], "texture": "#1"},
				"south": {"uv": [4.33333, 11.66667, 3.66667, 12.16667], "texture": "#1"},
				"west": {"uv": [6.33333, 11.33333, 5.33333, 11.83333], "texture": "#1"},
				"up": {"uv": [7.33333, 11, 6.66667, 12], "texture": "#1"},
				"down": {"uv": [8, 12, 7.33333, 11], "texture": "#1"}
			}
		},
		{
			"from": [12, 1.25, 12],
			"to": [14, 2.25, 14],
			"rotation": {"angle": 0, "axis": "y", "origin": [14, 1.25, 14]},
			"faces": {
				"north": {"uv": [12, 6.66667, 12.66667, 7], "texture": "#1"},
				"east": {"uv": [7, 12, 7.66667, 12.33333], "texture": "#1"},
				"south": {"uv": [11.66667, 10.66667, 12.33333, 11], "texture": "#1"},
				"west": {"uv": [6.33333, 12, 7, 12.33333], "texture": "#1"},
				"up": {"uv": [11.33333, 6.66667, 12, 7.33333], "texture": "#1"},
				"down": {"uv": [11.33333, 8, 12, 7.33333], "texture": "#1"}
			}
		},
		{
			"from": [11.81075, 1.98254, 12.5],
			"to": [12.81075, 3.98254, 13.5],
			"rotation": {"angle": 22.5, "axis": "z", "origin": [12.48307, 3.84881, 13]},
			"faces": {
				"north": {"uv": [12, 7, 12.33333, 7.66667], "texture": "#1"},
				"east": {"uv": [7.66667, 12, 8, 12.66667], "texture": "#1"},
				"south": {"uv": [6.33333, 11.33333, 6.66667, 12], "texture": "#1"},
				"west": {"uv": [2.66667, 12, 3, 12.66667], "texture": "#1"},
				"up": {"uv": [11.33333, 12, 11.66667, 12.33333], "texture": "#1"}
			}
		},
		{
			"from": [12.5, 2.63268, 12.42388],
			"to": [13.5, 4.63268, 13.42388],
			"rotation": {"angle": -22.5, "axis": "x", "origin": [14.5, 2.63268, 14.42388]},
			"faces": {
				"north": {"uv": [3.66667, 9.33333, 4, 10], "texture": "#1"},
				"east": {"uv": [3.66667, 10, 4, 10.66667], "texture": "#1"},
				"south": {"uv": [3.66667, 8, 4, 8.66667], "texture": "#1"},
				"west": {"uv": [3.66667, 8.66667, 4, 9.33333], "texture": "#1"},
				"up": {"uv": [3.66667, 10.66667, 4, 11], "texture": "#1"}
			}
		},
		{
			"from": [12.5035, 3.71508, 11.81075],
			"to": [13.4965, 4.71508, 12.81075],
			"rotation": {"angle": 0, "axis": "x", "origin": [14.4965, 3.71508, 13.81075]},
			"faces": {
				"north": {"uv": [8.66667, 12, 9, 12.33333], "texture": "#1"},
				"east": {"uv": [9, 12, 9.33333, 12.33333], "texture": "#1"},
				"south": {"uv": [2, 11, 2.33333, 11.33333], "texture": "#1"},
				"west": {"uv": [5, 11.66667, 5.33333, 12], "texture": "#1"},
				"up": {"uv": [9.33333, 12, 9.66667, 12.33333], "texture": "#1"}
			}
		},
		{
			"from": [11.81075, 3.71508, 12.5035],
			"to": [12.81075, 4.71508, 13.4965],
			"rotation": {"angle": 0, "axis": "x", "origin": [12.48307, 3.84881, 13]},
			"faces": {
				"north": {"uv": [10.33333, 12, 10.66667, 12.33333], "texture": "#1"},
				"east": {"uv": [10.66667, 12, 11, 12.33333], "texture": "#1"},
				"south": {"uv": [9.66667, 12, 10, 12.33333], "texture": "#1"},
				"west": {"uv": [10, 12, 10.33333, 12.33333], "texture": "#1"},
				"up": {"uv": [11, 12, 11.33333, 12.33333], "texture": "#1"}
			}
		},
		{
			"from": [11.5, 4.5, 11.5],
			"to": [13.5, 6, 14.5],
			"rotation": {"angle": -45, "axis": "y", "origin": [13, 5.25, 13]},
			"faces": {
				"north": {"uv": [4.33333, 11.66667, 5, 12.16667], "texture": "#1"},
				"east": {"uv": [5.33333, 11.33333, 6.33333, 11.83333], "texture": "#1"},
				"south": {"uv": [3.66667, 11.66667, 4.33333, 12.16667], "texture": "#1"},
				"west": {"uv": [2, 11.33333, 3, 11.83333], "texture": "#1"},
				"up": {"uv": [6.66667, 11, 7.33333, 12], "texture": "#1"},
				"down": {"uv": [7.33333, 12, 8, 11], "texture": "#1"}
			}
		},
		{
			"from": [2, 5.75, 2],
			"to": [14, 6.75, 14],
			"rotation": {"angle": 0, "axis": "y", "origin": [3, -7.25, 3]},
			"faces": {
				"north": {"uv": [7.66667, 10, 11.66667, 10.33333], "texture": "#1"},
				"east": {"uv": [7.66667, 10.33333, 11.66667, 10.66667], "texture": "#1"},
				"south": {"uv": [7.66667, 10.66667, 11.66667, 11], "texture": "#1"},
				"west": {"uv": [10.66667, 8.66667, 14.66667, 9], "texture": "#1"},
				"up": {"uv": [4, 4, 0, 0], "texture": "#1"},
				"down": {"uv": [4, 4, 0, 8], "texture": "#1"}
			}
		},
		{
			"from": [2.5, 6.75, 2.5],
			"to": [13.5, 8.75, 13.5],
			"rotation": {"angle": 0, "axis": "y", "origin": [3, -2.25, 3]},
			"faces": {
				"north": {"uv": [7.66667, 6.66667, 11.33333, 7.33333], "texture": "#1"},
				"east": {"uv": [7.66667, 7.33333, 11.33333, 8], "texture": "#1"},
				"south": {"uv": [0, 8, 3.66667, 8.66667], "texture": "#1"},
				"west": {"uv": [7.66667, 8, 11.33333, 8.66667], "texture": "#1"},
				"up": {"uv": [7.66667, 11, 4, 7.33333], "texture": "#1"}
			}
		},
		{
			"from": [2.25, 5.5, 1.3],
			"to": [4, 8.5, 4.7],
			"rotation": {"angle": -45, "axis": "y", "origin": [3, -0.75, 3]},
			"faces": {
				"north": {"uv": [8, 11, 8.66667, 12], "texture": "#1"},
				"east": {"uv": [11, 0.33333, 12.16667, 1.33333], "texture": "#1"},
				"south": {"uv": [8.66667, 11, 9.33333, 12], "texture": "#1"},
				"west": {"uv": [0.66667, 11, 1.83333, 12], "texture": "#1"},
				"up": {"uv": [3, 11.16667, 2.33333, 10], "texture": "#1"},
				"down": {"uv": [11.66667, 5, 11, 6.16667], "texture": "#1"}
			}
		},
		{
			"from": [10.5, 8.75, 3.5],
			"to": [12.5, 9.75, 12.5],
			"rotation": {"angle": 0, "axis": "y", "origin": [3, -2.25, 3]},
			"faces": {
				"north": {"uv": [12, 7.66667, 12.66667, 8], "texture": "#1"},
				"east": {"uv": [3.66667, 11, 6.66667, 11.33333], "texture": "#1"},
				"south": {"uv": [8, 12, 8.66667, 12.33333], "texture": "#1"},
				"west": {"uv": [11, 4, 14, 4.33333], "texture": "#1"},
				"up": {"uv": [3.66667, 11.66667, 3, 8.66667], "texture": "#1"}
			}
		},
		{
			"from": [3.5, 8.75, 3.5],
			"to": [5.5, 9.75, 12.5],
			"rotation": {"angle": 0, "axis": "y", "origin": [3, -2.25, 3]},
			"faces": {
				"north": {"uv": [12, 8, 12.66667, 8.33333], "texture": "#1"},
				"east": {"uv": [11, 4.33333, 14, 4.66667], "texture": "#1"},
				"south": {"uv": [12, 8.33333, 12.66667, 8.66667], "texture": "#1"},
				"west": {"uv": [11, 4.66667, 14, 5], "texture": "#1"},
				"up": {"uv": [0.66667, 13, 0, 10], "texture": "#1"}
			}
		},
		{
			"from": [5.5, 8.75, 3.5],
			"to": [10.5, 9.75, 5.5],
			"rotation": {"angle": 0, "axis": "y", "origin": [3, -2.25, 3]},
			"faces": {
				"north": {"uv": [11, 6.33333, 12.66667, 6.66667], "texture": "#1"},
				"south": {"uv": [9.33333, 11, 11, 11.33333], "texture": "#1"},
				"up": {"uv": [12.66667, 3.33333, 11, 2.66667], "texture": "#1"}
			}
		},
		{
			"from": [5.5, 8.75, 10.5],
			"to": [10.5, 9.75, 12.5],
			"rotation": {"angle": 0, "axis": "y", "origin": [3, -2.25, 3]},
			"faces": {
				"north": {"uv": [11, 11, 12.66667, 11.33333], "texture": "#1"},
				"south": {"uv": [3.66667, 11.33333, 5.33333, 11.66667], "texture": "#1"},
				"up": {"uv": [12.66667, 4, 11, 3.33333], "texture": "#1"}
			}
		},
		{
			"from": [12, 5.5, 1.3],
			"to": [13.75, 8.5, 4.7],
			"rotation": {"angle": 45, "axis": "y", "origin": [13, -0.75, 3]},
			"faces": {
				"north": {"uv": [8.66667, 11, 8, 12], "texture": "#1"},
				"east": {"uv": [1.83333, 11, 0.66667, 12], "texture": "#1"},
				"south": {"uv": [9.33333, 11, 8.66667, 12], "texture": "#1"},
				"west": {"uv": [12.16667, 0.33333, 11, 1.33333], "texture": "#1"},
				"up": {"uv": [2.33333, 11.16667, 3, 10], "texture": "#1"},
				"down": {"uv": [11, 5, 11.66667, 6.16667], "texture": "#1"}
			}
		},
		{
			"from": [2.25, 5.5, 11.3],
			"to": [4, 8.5, 14.7],
			"rotation": {"angle": 45, "axis": "y", "origin": [3, -0.75, 13]},
			"faces": {
				"north": {"uv": [9.33333, 11, 8.66667, 12], "texture": "#1"},
				"east": {"uv": [12.16667, 0.33333, 11, 1.33333], "texture": "#1"},
				"south": {"uv": [8.66667, 11, 8, 12], "texture": "#1"},
				"west": {"uv": [1.83333, 11, 0.66667, 12], "texture": "#1"},
				"up": {"uv": [3, 10, 2.33333, 11.16667], "texture": "#1"},
				"down": {"uv": [11.66667, 6.16667, 11, 5], "texture": "#1"}
			}
		},
		{
			"from": [12, 5.5, 11.3],
			"to": [13.75, 8.5, 14.7],
			"rotation": {"angle": -45, "axis": "y", "origin": [13, -0.75, 13]},
			"faces": {
				"north": {"uv": [8.66667, 11, 9.33333, 12], "texture": "#1"},
				"east": {"uv": [0.66667, 11, 1.83333, 12], "texture": "#1"},
				"south": {"uv": [8, 11, 8.66667, 12], "texture": "#1"},
				"west": {"uv": [11, 0.33333, 12.16667, 1.33333], "texture": "#1"},
				"up": {"uv": [2.33333, 10, 3, 11.16667], "texture": "#1"},
				"down": {"uv": [11, 6.16667, 11.66667, 5], "texture": "#1"}
			}
		},
		{
			"from": [4, 9.75, 7.75],
			"to": [12, 17.75, 7.78],
			"rotation": {"angle": 0, "axis": "x", "origin": [8, 14.75, 8.765]},
			"faces": {
				"north": {"uv": [0, 0, 16, 16], "texture": "#2"},
				"south": {"uv": [16, 0, 0, 16], "texture": "#2"}
			}
		}
	],
	"gui_light": "front",
	"display": {
		"thirdperson_righthand": {
			"rotation": [64.5, 0, 0],
			"translation": [0, 4.25, 3.25],
			"scale": [0.7, 0.7, 0.7]
		},
		"thirdperson_lefthand": {
			"rotation": [64.5, 0, 0],
			"translation": [0, 4.25, 3.25],
			"scale": [0.7, 0.7, 0.7]
		},
		"firstperson_righthand": {
			"rotation": [159.25, 0, -180],
			"translation": [0, 3.5, -2.75],
			"scale": [0.75391, 0.75391, 0.75391]
		},
		"firstperson_lefthand": {
			"rotation": [159.25, 0, -180],
			"translation": [0, 3.5, -2.75],
			"scale": [0.75391, 0.75391, 0.75391]
		},
		"ground": {
			"translation": [0, 5, 0]
		},
		"gui": {
			"rotation": [25, 135, 0],
			"scale": [0.875, 0.875, 0.875]
		},
		"head": {
			"rotation": [0, 180, 0],
			"translation": [0, -25.75, 0],
			"scale": [2.5, 2.5, 2.5]
		},
		"fixed": {
			"rotation": [-90, 0, 0],
			"translation": [0, 0, -20],
			"scale": [3, 3, 3]
		}
	},
	"groups": [
		{
			"name": "group",
			"origin": [13, 4, 13],
			"color": 0,
			"boneType": "",
			"children": [0, 1, 2, 3, 4, 5, 6, 7, 8, 9, 10, 11, 12, 13, 14, 15, 16, 17, 18, 19, 20, 21, 22, 23, 24, 25, 26, 27, 28, 29]
		},
		{
			"name": "group",
			"origin": [8, 19, 8.765],
			"color": 0,
			"boneType": "",
			"children": [30, 31, 32, 33, 34, 35, 36, 37, 38, 39, 40]
		}
	]
}