{
	"credit": "Made with Blockbench",
	"textures": {
		"0": "item/multiple/halloween_2024/animation_1",
		"1": "item/chests/halloween_2024_chest",
		"particle": "item/chests/halloween_2024_chest"
	},
	"elements": [
		{
			"from": [2, 0, 2],
			"to": [4, 1, 4],
			"faces": {
				"north": {"uv": [13.33333, 10.33333, 14, 10.66667], "texture": "#1"},
				"east": {"uv": [14, 8.66667, 14.66667, 9], "texture": "#1"},
				"south": {"uv": [7.33333, 14.33333, 8, 14.66667], "texture": "#1"},
				"west": {"uv": [8.33333, 14.33333, 9, 14.66667], "texture": "#1"},
				"up": {"uv": [7, 10.66667, 6.33333, 10], "texture": "#1"},
				"down": {"uv": [12.66667, 13, 12, 13.66667], "texture": "#1"}
			}
		},
		{
			"from": [2.5, 0.5, 2.5],
			"to": [4.5, 2.5, 4.5],
			"rotation": {"angle": 0, "axis": "y", "origin": [16, 0, 0]},
			"faces": {
				"north": {"uv": [13, 13, 13.66667, 13.66667], "texture": "#1"},
				"east": {"uv": [1, 13.33333, 1.66667, 14], "texture": "#1"},
				"south": {"uv": [6.33333, 13.33333, 7, 14], "texture": "#1"},
				"west": {"uv": [7.33333, 13.33333, 8, 14], "texture": "#1"},
				"up": {"uv": [9, 14, 8.33333, 13.33333], "texture": "#1"},
				"down": {"uv": [10, 13.33333, 9.33333, 14], "texture": "#1"}
			}
		},
		{
			"from": [3, 2.5, 3],
			"to": [4.5, 6.5, 4.5],
			"rotation": {"angle": 0, "axis": "y", "origin": [16, 0, 0]},
			"faces": {
				"north": {"uv": [3.33333, 11.33333, 3.83333, 12.66667], "texture": "#1"},
				"east": {"uv": [4.33333, 11.33333, 4.83333, 12.66667], "texture": "#1"},
				"south": {"uv": [5.33333, 11.33333, 5.83333, 12.66667], "texture": "#1"},
				"west": {"uv": [11, 11.66667, 11.5, 13], "texture": "#1"},
				"up": {"uv": [14.5, 5.16667, 14, 4.66667], "texture": "#1"}
			}
		},
		{
			"from": [3.5, 1, 3.5],
			"to": [12.5, 2, 12.5],
			"faces": {
				"north": {"uv": [10.66667, 2.66667, 13.66667, 3], "texture": "#1"},
				"east": {"uv": [10.66667, 5, 13.66667, 5.33333], "texture": "#1"},
				"south": {"uv": [10.66667, 5.66667, 13.66667, 6], "texture": "#1"},
				"west": {"uv": [10.66667, 8, 13.66667, 8.33333], "texture": "#1"},
				"up": {"uv": [7, 3, 4, 0], "texture": "#1"},
				"down": {"uv": [7, 3.33333, 4, 6.33333], "texture": "#1"}
			}
		},
		{
			"from": [3.5, 5, 3.5],
			"to": [12.5, 6, 12.5],
			"faces": {
				"north": {"uv": [10.66667, 8.66667, 13.66667, 9], "texture": "#1"},
				"east": {"uv": [0, 11, 3, 11.33333], "texture": "#1"},
				"south": {"uv": [11, 3.33333, 14, 3.66667], "texture": "#1"},
				"west": {"uv": [11, 4, 14, 4.33333], "texture": "#1"},
				"up": {"uv": [7, 9.66667, 4, 6.66667], "texture": "#1"},
				"down": {"uv": [10.33333, 0, 7.33333, 3], "texture": "#1"}
			}
		},
		{
			"from": [4, 2, 4],
			"to": [12, 5, 12],
			"faces": {
				"north": {"uv": [7.33333, 9.66667, 10, 10.66667], "texture": "#1"},
				"east": {"uv": [3.33333, 10, 6, 11], "texture": "#1"},
				"south": {"uv": [10, 6.66667, 12.66667, 7.66667], "texture": "#1"},
				"west": {"uv": [10.33333, 9.66667, 13, 10.66667], "texture": "#1"}
			}
		},
		{
			"from": [6.5, 3.5, 2],
			"to": [9.5, 6.5, 4],
			"rotation": {"angle": 0, "axis": "y", "origin": [6, 3, 2]},
			"faces": {
				"north": {"uv": [2.66667, 8, 3.66667, 9], "texture": "#1"},
				"east": {"uv": [12, 11.66667, 12.66667, 12.66667], "texture": "#1"},
				"south": {"uv": [6.33333, 11, 7.33333, 12], "texture": "#1"},
				"west": {"uv": [0, 12.33333, 0.66667, 13.33333], "texture": "#1"},
				"up": {"uv": [2, 13, 1, 12.33333], "texture": "#1"},
				"down": {"uv": [7.33333, 12.33333, 6.33333, 13], "texture": "#1"}
			}
		},
		{
			"from": [12, 0, 2],
			"to": [14, 1, 4],
			"rotation": {"angle": 0, "axis": "y", "origin": [16, 0, 0]},
			"faces": {
				"north": {"uv": [14, 10.33333, 13.33333, 10.66667], "texture": "#1"},
				"east": {"uv": [9, 14.33333, 8.33333, 14.66667], "texture": "#1"},
				"south": {"uv": [8, 14.33333, 7.33333, 14.66667], "texture": "#1"},
				"west": {"uv": [14.66667, 8.66667, 14, 9], "texture": "#1"},
				"up": {"uv": [6.33333, 10.66667, 7, 10], "texture": "#1"},
				"down": {"uv": [12, 13, 12.66667, 13.66667], "texture": "#1"}
			}
		},
		{
			"from": [11.5, 0.5, 2.5],
			"to": [13.5, 2.5, 4.5],
			"faces": {
				"north": {"uv": [13.66667, 13, 13, 13.66667], "texture": "#1"},
				"east": {"uv": [8, 13.33333, 7.33333, 14], "texture": "#1"},
				"south": {"uv": [7, 13.33333, 6.33333, 14], "texture": "#1"},
				"west": {"uv": [1.66667, 13.33333, 1, 14], "texture": "#1"},
				"up": {"uv": [8.33333, 14, 9, 13.33333], "texture": "#1"},
				"down": {"uv": [9.33333, 13.33333, 10, 14], "texture": "#1"}
			}
		},
		{
			"from": [11.5, 2.5, 3],
			"to": [13, 6.5, 4.5],
			"faces": {
				"north": {"uv": [3.83333, 11.33333, 3.33333, 12.66667], "texture": "#1"},
				"east": {"uv": [11.5, 11.66667, 11, 13], "texture": "#1"},
				"south": {"uv": [5.83333, 11.33333, 5.33333, 12.66667], "texture": "#1"},
				"west": {"uv": [4.83333, 11.33333, 4.33333, 12.66667], "texture": "#1"},
				"up": {"uv": [14, 5.16667, 14.5, 4.66667], "texture": "#1"}
			}
		},
		{
			"from": [2, 0, 12],
			"to": [4, 1, 14],
			"rotation": {"angle": 0, "axis": "y", "origin": [0, 0, 16]},
			"faces": {
				"north": {"uv": [8, 14.33333, 7.33333, 14.66667], "texture": "#1"},
				"east": {"uv": [14.66667, 8.66667, 14, 9], "texture": "#1"},
				"south": {"uv": [14, 10.33333, 13.33333, 10.66667], "texture": "#1"},
				"west": {"uv": [9, 14.33333, 8.33333, 14.66667], "texture": "#1"},
				"up": {"uv": [7, 10, 6.33333, 10.66667], "texture": "#1"},
				"down": {"uv": [12.66667, 13.66667, 12, 13], "texture": "#1"}
			}
		},
		{
			"from": [2.5, 0.5, 11.5],
			"to": [4.5, 2.5, 13.5],
			"rotation": {"angle": 0, "axis": "y", "origin": [16, 0, 16]},
			"faces": {
				"north": {"uv": [7, 13.33333, 6.33333, 14], "texture": "#1"},
				"east": {"uv": [1.66667, 13.33333, 1, 14], "texture": "#1"},
				"south": {"uv": [13.66667, 13, 13, 13.66667], "texture": "#1"},
				"west": {"uv": [8, 13.33333, 7.33333, 14], "texture": "#1"},
				"up": {"uv": [9, 13.33333, 8.33333, 14], "texture": "#1"},
				"down": {"uv": [10, 14, 9.33333, 13.33333], "texture": "#1"}
			}
		},
		{
			"from": [3, 2.5, 11.5],
			"to": [4.5, 6.5, 13],
			"rotation": {"angle": 0, "axis": "y", "origin": [16, 0, 16]},
			"faces": {
				"north": {"uv": [5.83333, 11.33333, 5.33333, 12.66667], "texture": "#1"},
				"east": {"uv": [4.83333, 11.33333, 4.33333, 12.66667], "texture": "#1"},
				"south": {"uv": [3.83333, 11.33333, 3.33333, 12.66667], "texture": "#1"},
				"west": {"uv": [11.5, 11.66667, 11, 13], "texture": "#1"},
				"up": {"uv": [14.5, 4.66667, 14, 5.16667], "texture": "#1"}
			}
		},
		{
			"from": [12, 0, 12],
			"to": [14, 1, 14],
			"rotation": {"angle": 0, "axis": "y", "origin": [16, 0, 16]},
			"faces": {
				"north": {"uv": [7.33333, 14.33333, 8, 14.66667], "texture": "#1"},
				"east": {"uv": [8.33333, 14.33333, 9, 14.66667], "texture": "#1"},
				"south": {"uv": [13.33333, 10.33333, 14, 10.66667], "texture": "#1"},
				"west": {"uv": [14, 8.66667, 14.66667, 9], "texture": "#1"},
				"up": {"uv": [6.33333, 10, 7, 10.66667], "texture": "#1"},
				"down": {"uv": [12, 13.66667, 12.66667, 13], "texture": "#1"}
			}
		},
		{
			"from": [11.5, 0.5, 11.5],
			"to": [13.5, 2.5, 13.5],
			"rotation": {"angle": 0, "axis": "y", "origin": [0, 0, 16]},
			"faces": {
				"north": {"uv": [6.33333, 13.33333, 7, 14], "texture": "#1"},
				"east": {"uv": [7.33333, 13.33333, 8, 14], "texture": "#1"},
				"south": {"uv": [13, 13, 13.66667, 13.66667], "texture": "#1"},
				"west": {"uv": [1, 13.33333, 1.66667, 14], "texture": "#1"},
				"up": {"uv": [8.33333, 13.33333, 9, 14], "texture": "#1"},
				"down": {"uv": [9.33333, 14, 10, 13.33333], "texture": "#1"}
			}
		},
		{
			"from": [11.5, 2.5, 11.5],
			"to": [13, 6.5, 13],
			"rotation": {"angle": 0, "axis": "y", "origin": [0, 0, 16]},
			"faces": {
				"north": {"uv": [5.33333, 11.33333, 5.83333, 12.66667], "texture": "#1"},
				"east": {"uv": [11, 11.66667, 11.5, 13], "texture": "#1"},
				"south": {"uv": [3.33333, 11.33333, 3.83333, 12.66667], "texture": "#1"},
				"west": {"uv": [4.33333, 11.33333, 4.83333, 12.66667], "texture": "#1"},
				"up": {"uv": [14, 4.66667, 14.5, 5.16667], "texture": "#1"}
			}
		},
		{
			"from": [2.5, 6, 2.5],
			"to": [13.5, 7, 13.5],
			"faces": {
				"north": {"uv": [10.66667, 0, 14.33333, 0.33333], "texture": "#1"},
				"east": {"uv": [10.66667, 0.66667, 14.33333, 1], "texture": "#1"},
				"south": {"uv": [10.66667, 1.33333, 14.33333, 1.66667], "texture": "#1"},
				"west": {"uv": [10.66667, 2, 14.33333, 2.33333], "texture": "#1"},
				"up": {"uv": [3.66667, 3.66667, 0, 0], "texture": "#1"},
				"down": {"uv": [3.66667, 4, 0, 7.66667], "texture": "#1"}
			}
		},
		{
			"from": [2.75, 6.51749, 3.1724],
			"to": [4.25, 9.51749, 4.6724],
			"rotation": {"angle": 22.5, "axis": "x", "origin": [3.5, 8.01749, 3.9224]},
			"faces": {
				"north": {"uv": [4.33333, 13, 4.83333, 14], "texture": "#1"},
				"east": {"uv": [5.33333, 13, 5.83333, 14], "texture": "#1"},
				"south": {"uv": [13, 6.33333, 13.5, 7.33333], "texture": "#1"},
				"west": {"uv": [13, 11.66667, 13.5, 12.66667], "texture": "#1"},
				"up": {"uv": [14.5, 6.16667, 14, 5.66667], "texture": "#1"}
			}
		},
		{
			"from": [2.7585, 8.51227, 4.822],
			"to": [4.2415, 10.01227, 6.212],
			"rotation": {"angle": 45, "axis": "x", "origin": [3.5085, 10.3307, 5.73479]},
			"faces": {
				"north": {"uv": [14, 6.66667, 14.5, 7.16667], "texture": "#1"},
				"east": {"uv": [14, 7.66667, 14.5, 8.16667], "texture": "#1"},
				"south": {"uv": [11.33333, 14, 11.83333, 14.5], "texture": "#1"},
				"west": {"uv": [14, 11.66667, 14.5, 12.16667], "texture": "#1"}
			}
		},
		{
			"from": [2.7535, 9.38994, 5.19967],
			"to": [4.2465, 10.88994, 6.69967],
			"rotation": {"angle": -22.5, "axis": "x", "origin": [3.5035, 9.97715, 5.38124]},
			"faces": {
				"north": {"uv": [12.33333, 14, 12.83333, 14.5], "texture": "#1"},
				"east": {"uv": [14, 12.66667, 14.5, 13.16667], "texture": "#1"},
				"west": {"uv": [13.33333, 14, 13.83333, 14.5], "texture": "#1"},
				"up": {"uv": [1.5, 14.83333, 1, 14.33333], "texture": "#1"},
				"down": {"uv": [14.83333, 2.66667, 14.33333, 3.16667], "texture": "#1"}
			}
		},
		{
			"from": [3.75, 6.51749, 12.22312],
			"to": [12.25, 9.51749, 12.22312],
			"rotation": {"angle": -22.5, "axis": "x", "origin": [3.5, 8.01749, 11.97312]},
			"faces": {
				"south": {"uv": [7.33333, 8.33333, 10.16667, 9.33333], "texture": "#1"}
			}
		},
		{
			"from": [3.75, 9.05931, 10.56962],
			"to": [12.25, 10.05931, 10.56962],
			"rotation": {"angle": -45, "axis": "x", "origin": [8, 10.55931, 10.56962]},
			"faces": {
				"south": {"uv": [7.66667, 11, 10.5, 11.33333], "texture": "#1"}
			}
		},
		{
			"from": [3.75, 10.39688, 9.96156],
			"to": [12.25, 10.39688, 10.96156],
			"rotation": {"angle": 22.5, "axis": "x", "origin": [8, 10.39688, 10.46156]},
			"faces": {
				"up": {"uv": [13.83333, 11.33333, 11, 11], "texture": "#1"}
			}
		},
		{
			"from": [3.75, 10.58815, 6],
			"to": [12.25, 10.58815, 10],
			"rotation": {"angle": 0, "axis": "x", "origin": [8, 10.58815, 9.5]},
			"faces": {
				"up": {"uv": [10.16667, 6.33333, 7.33333, 5], "texture": "#1"}
			}
		},
		{
			"from": [3.75, 6.51749, 3.77688],
			"to": [12.25, 9.51749, 3.77688],
			"rotation": {"angle": 22.5, "axis": "x", "origin": [3.5, 8.01749, 4.02688]},
			"faces": {
				"north": {"uv": [0, 9.66667, 2.83333, 10.66667], "texture": "#1"}
			}
		},
		{
			"from": [3.75, 9.05931, 5.43038],
			"to": [12.25, 10.05931, 5.43038],
			"rotation": {"angle": 45, "axis": "x", "origin": [8, 10.55931, 5.43038]},
			"faces": {
				"north": {"uv": [0, 11.66667, 2.83333, 12], "texture": "#1"}
			}
		},
		{
			"from": [3.75, 10.39688, 5.03844],
			"to": [12.25, 10.39688, 6.03844],
			"rotation": {"angle": -22.5, "axis": "x", "origin": [8, 10.39688, 5.53844]},
			"faces": {
				"up": {"uv": [10.5, 12, 7.66667, 11.66667], "texture": "#1"}
			}
		},
		{
			"from": [13, 7, 3],
			"to": [13, 11, 13],
			"rotation": {"angle": 0, "axis": "y", "origin": [12, 7, 7]},
			"faces": {
				"east": {"uv": [7.33333, 3.33333, 10.66667, 4.66667], "texture": "#1"}
			}
		},
		{
			"from": [2.75, 9.7, 6.25],
			"to": [4.25, 11.325, 9.75],
			"rotation": {"angle": 0, "axis": "x", "origin": [3.5, 10.575, 7.25]},
			"faces": {
				"north": {"uv": [14.33333, 3.66667, 14.83333, 4.16667], "texture": "#1"},
				"east": {"uv": [7.66667, 12.33333, 8.83333, 12.83333], "texture": "#1"},
				"south": {"uv": [4.33333, 14.33333, 4.83333, 14.83333], "texture": "#1"},
				"west": {"uv": [9.33333, 12.33333, 10.5, 12.83333], "texture": "#1"},
				"up": {"uv": [2.83333, 13.5, 2.33333, 12.33333], "texture": "#1"},
				"down": {"uv": [3.83333, 13, 3.33333, 14.16667], "texture": "#1"}
			}
		},
		{
			"from": [7.5, 10.58915, 7.5],
			"to": [8.5, 12.08915, 8.5],
			"rotation": {"angle": 0, "axis": "y", "origin": [8.18616, 12.03042, 8]},
			"faces": {
				"north": {"uv": [9.33333, 14.33333, 9.66667, 14.83333], "texture": "#1"},
				"east": {"uv": [14.33333, 9.33333, 14.66667, 9.83333], "texture": "#1"},
				"south": {"uv": [10, 14.33333, 10.33333, 14.83333], "texture": "#1"},
				"west": {"uv": [14.33333, 10.33333, 14.66667, 10.83333], "texture": "#1"},
				"down": {"uv": [3.66667, 9.33333, 3.33333, 9.66667], "texture": "#1"}
			}
		},
		{
			"from": [7.25, 11.72169, 7.6],
			"to": [8.75, 13.72169, 9.1],
			"rotation": {"angle": 22.5, "axis": "x", "origin": [8, 12.72169, 8.35]},
			"faces": {
				"north": {"uv": [13.33333, 9.33333, 13.83333, 10], "texture": "#1"},
				"east": {"uv": [10.33333, 13.33333, 10.83333, 14], "texture": "#1"},
				"south": {"uv": [0, 13.66667, 0.5, 14.33333], "texture": "#1"},
				"west": {"uv": [2, 14, 2.5, 14.66667], "texture": "#1"},
				"up": {"uv": [5.83333, 14.83333, 5.33333, 14.33333], "texture": "#1"},
				"down": {"uv": [6.83333, 14.33333, 6.33333, 14.83333], "texture": "#1"}
			}
		},
		{
			"from": [7.72784, 9.5, 9.12439],
			"to": [14.72784, 13.5, 9.15439],
			"rotation": {"angle": -22.5, "axis": "y", "origin": [11.22784, 11.5, 9.13939]},
			"faces": {
				"north": {"uv": [7.33333, 6.66667, 9.66667, 8], "texture": "#1"},
				"south": {"uv": [9.66667, 6.66667, 7.33333, 8], "texture": "#1"}
			}
		},
		{
			"from": [1.00574, 9.5, 7.785],
			"to": [8.00574, 13.5, 7.815],
			"rotation": {"angle": 22.5, "axis": "y", "origin": [8.00574, 11.5, 7.8]},
			"faces": {
				"north": {"uv": [0, 8, 2.33333, 9.33333], "texture": "#1"},
				"south": {"uv": [2.33333, 8, 0, 9.33333], "texture": "#1"}
			}
		},
		{
			"from": [2.75, 6.51749, 11.3276],
			"to": [4.25, 9.51749, 12.8276],
			"rotation": {"angle": -22.5, "axis": "x", "origin": [3.5, 8.01749, 12.0776]},
			"faces": {
				"north": {"uv": [13.5, 6.33333, 13, 7.33333], "texture": "#1"},
				"east": {"uv": [5.83333, 13, 5.33333, 14], "texture": "#1"},
				"south": {"uv": [4.83333, 13, 4.33333, 14], "texture": "#1"},
				"west": {"uv": [13.5, 11.66667, 13, 12.66667], "texture": "#1"},
				"up": {"uv": [14.5, 5.66667, 14, 6.16667], "texture": "#1"}
			}
		},
		{
			"from": [2.7585, 8.51227, 9.788],
			"to": [4.2415, 10.01227, 11.178],
			"rotation": {"angle": -45, "axis": "x", "origin": [3.5085, 10.3307, 10.26521]},
			"faces": {
				"north": {"uv": [11.83333, 14, 11.33333, 14.5], "texture": "#1"},
				"east": {"uv": [14.5, 7.66667, 14, 8.16667], "texture": "#1"},
				"south": {"uv": [14.5, 6.66667, 14, 7.16667], "texture": "#1"},
				"west": {"uv": [14.5, 11.66667, 14, 12.16667], "texture": "#1"}
			}
		},
		{
			"from": [2.7535, 9.38994, 9.30033],
			"to": [4.2465, 10.88994, 10.80033],
			"rotation": {"angle": 22.5, "axis": "x", "origin": [3.5035, 9.97715, 10.61876]},
			"faces": {
				"east": {"uv": [14.5, 12.66667, 14, 13.16667], "texture": "#1"},
				"south": {"uv": [12.83333, 14, 12.33333, 14.5], "texture": "#1"},
				"west": {"uv": [13.83333, 14, 13.33333, 14.5], "texture": "#1"},
				"up": {"uv": [1.5, 14.33333, 1, 14.83333], "texture": "#1"},
				"down": {"uv": [14.83333, 3.16667, 14.33333, 2.66667], "texture": "#1"}
			}
		},
		{
			"from": [11.75, 6.51749, 3.1724],
			"to": [13.25, 9.51749, 4.6724],
			"rotation": {"angle": 22.5, "axis": "x", "origin": [12.5, 8.01749, 3.9224]},
			"faces": {
				"north": {"uv": [4.83333, 13, 4.33333, 14], "texture": "#1"},
				"east": {"uv": [13.5, 11.66667, 13, 12.66667], "texture": "#1"},
				"south": {"uv": [13.5, 6.33333, 13, 7.33333], "texture": "#1"},
				"west": {"uv": [5.83333, 13, 5.33333, 14], "texture": "#1"},
				"up": {"uv": [14, 6.16667, 14.5, 5.66667], "texture": "#1"}
			}
		},
		{
			"from": [11.7585, 8.51227, 4.822],
			"to": [13.2415, 10.01227, 6.212],
			"rotation": {"angle": 45, "axis": "x", "origin": [12.4915, 10.3307, 5.73479]},
			"faces": {
				"north": {"uv": [14.5, 6.66667, 14, 7.16667], "texture": "#1"},
				"east": {"uv": [14.5, 11.66667, 14, 12.16667], "texture": "#1"},
				"south": {"uv": [11.83333, 14, 11.33333, 14.5], "texture": "#1"},
				"west": {"uv": [14.5, 7.66667, 14, 8.16667], "texture": "#1"}
			}
		},
		{
			"from": [11.7535, 9.38994, 5.19967],
			"to": [13.2465, 10.88994, 6.69967],
			"rotation": {"angle": -22.5, "axis": "x", "origin": [12.4965, 9.97715, 5.38124]},
			"faces": {
				"north": {"uv": [12.83333, 14, 12.33333, 14.5], "texture": "#1"},
				"east": {"uv": [13.83333, 14, 13.33333, 14.5], "texture": "#1"},
				"west": {"uv": [14.5, 12.66667, 14, 13.16667], "texture": "#1"},
				"up": {"uv": [1, 14.83333, 1.5, 14.33333], "texture": "#1"},
				"down": {"uv": [14.33333, 2.66667, 14.83333, 3.16667], "texture": "#1"}
			}
		},
		{
			"from": [11.75, 9.7, 6.25],
			"to": [13.25, 11.325, 9.75],
			"rotation": {"angle": 0, "axis": "x", "origin": [12.5, 10.575, 7.25]},
			"faces": {
				"north": {"uv": [14.83333, 3.66667, 14.33333, 4.16667], "texture": "#1"},
				"east": {"uv": [10.5, 12.33333, 9.33333, 12.83333], "texture": "#1"},
				"south": {"uv": [4.83333, 14.33333, 4.33333, 14.83333], "texture": "#1"},
				"west": {"uv": [8.83333, 12.33333, 7.66667, 12.83333], "texture": "#1"},
				"up": {"uv": [2.33333, 13.5, 2.83333, 12.33333], "texture": "#1"},
				"down": {"uv": [3.33333, 13, 3.83333, 14.16667], "texture": "#1"}
			}
		},
		{
			"from": [11.75, 6.51749, 11.3276],
			"to": [13.25, 9.51749, 12.8276],
			"rotation": {"angle": -22.5, "axis": "x", "origin": [12.5, 8.01749, 12.0776]},
			"faces": {
				"north": {"uv": [13, 6.33333, 13.5, 7.33333], "texture": "#1"},
				"east": {"uv": [13, 11.66667, 13.5, 12.66667], "texture": "#1"},
				"south": {"uv": [4.33333, 13, 4.83333, 14], "texture": "#1"},
				"west": {"uv": [5.33333, 13, 5.83333, 14], "texture": "#1"},
				"up": {"uv": [14, 5.66667, 14.5, 6.16667], "texture": "#1"}
			}
		},
		{
			"from": [11.7585, 8.51227, 9.788],
			"to": [13.2415, 10.01227, 11.178],
			"rotation": {"angle": -45, "axis": "x", "origin": [12.4915, 10.3307, 10.26521]},
			"faces": {
				"north": {"uv": [11.33333, 14, 11.83333, 14.5], "texture": "#1"},
				"east": {"uv": [14, 11.66667, 14.5, 12.16667], "texture": "#1"},
				"south": {"uv": [14, 6.66667, 14.5, 7.16667], "texture": "#1"},
				"west": {"uv": [14, 7.66667, 14.5, 8.16667], "texture": "#1"}
			}
		},
		{
			"from": [11.7535, 9.38994, 9.30033],
			"to": [13.2465, 10.88994, 10.80033],
			"rotation": {"angle": 22.5, "axis": "x", "origin": [12.4965, 9.97715, 10.61876]},
			"faces": {
				"east": {"uv": [13.33333, 14, 13.83333, 14.5], "texture": "#1"},
				"south": {"uv": [12.33333, 14, 12.83333, 14.5], "texture": "#1"},
				"west": {"uv": [14, 12.66667, 14.5, 13.16667], "texture": "#1"},
				"up": {"uv": [1, 14.33333, 1.5, 14.83333], "texture": "#1"},
				"down": {"uv": [14.33333, 3.16667, 14.83333, 2.66667], "texture": "#1"}
			}
		},
		{
			"from": [3, 7, 3],
			"to": [3, 11, 13],
			"rotation": {"angle": 0, "axis": "y", "origin": [4, 7, 7]},
			"faces": {
				"west": {"uv": [10.66667, 3.33333, 7.33333, 4.66667], "texture": "#1"}
			}
		},
		{
			"from": [8.5, 11.75, 3.75],
			"to": [16, 15.25, 3.78],
			"rotation": {"angle": -22.5, "axis": "z", "origin": [12.25, 13.5, 3.75]},
			"faces": {
				"north": {"uv": [0, 0, 7.5, 3.5], "texture": "#0"},
				"south": {"uv": [0, 0, 7.5, 3.5], "texture": "#0"}
			}
		},
		{
			"from": [0.5, 9, 2.5],
			"to": [7, 12.5, 2.53],
			"rotation": {"angle": 22.5, "axis": "z", "origin": [3.75, 10.75, 2.5]},
			"faces": {
				"north": {"uv": [6, 5.5, 12.5, 9], "texture": "#0"},
				"south": {"uv": [6, 5.5, 12.5, 9], "texture": "#0"}
			}
		}
	],
	"gui_light": "front",
	"display": {
		"thirdperson_righthand": {
			"rotation": [60, 0, 0],
			"translation": [0, 4, 1.5],
			"scale": [0.8, 0.8, 0.8]
		},
		"thirdperson_lefthand": {
			"rotation": [60, 0, 0],
			"translation": [0, 4, 1.5],
			"scale": [0.8, 0.8, 0.8]
		},
		"firstperson_righthand": {
			"rotation": [160.5, 0, -180],
			"translation": [1.25, 3.5, -3.75],
			"scale": [0.8, 0.8, 0.8]
		},
		"firstperson_lefthand": {
			"rotation": [160.5, 0, -180],
			"translation": [1.25, 3.5, -3.75],
			"scale": [0.8, 0.8, 0.8]
		},
		"ground": {
			"translation": [0, 5, 0],
			"scale": [0.7, 0.7, 0.7]
		},
		"gui": {
			"rotation": [35, 135, 0],
			"translation": [0, 1.75, 0],
			"scale": [0.8, 0.8, 0.8]
		},
		"head": {
			"translation": [0, -27.25, 0],
			"scale": [2, 2, 2]
		},
		"fixed": {
			"rotation": [-90, 0, 0],
			"translation": [0, 0, -16],
			"scale": [2, 2, 2]
		}
	},
	"groups": [
		{
			"name": "group",
			"origin": [0, 0, 16],
			"color": 0,
			"boneType": "",
			"children": [0, 1, 2, 3, 4, 5, 6, 7, 8, 9, 10, 11, 12, 13, 14, 15]
		},
		{
			"name": "group",
			"origin": [4, 11, 7],
			"color": 0,
			"boneType": "",
			"children": [16, 17, 18, 19, 20, 21, 22, 23, 24, 25, 26, 27, 28, 29, 30, 31, 32, 33, 34, 35, 36, 37, 38, 39, 40, 41, 42, 43]
		},
		44,
		45
	]
}