{
	"credit": "Made with Blockbench",
	"texture_size": [128, 128],
	"textures": {
		"0": "item/multiple/hw_phantom_2024/ghost_texture",
		"1": "item/multiple/hw_phantom_2024/ghost_animation",
		"2": "item/multiple/hw_phantom_2024/ghost_animation2",
		"particle": "item/multiple/hw_phantom_2024/ghost_texture"
	},
	"elements": [
		{
			"from": [6.5, 8.3, -3.25],
			"to": [9, 12.8, -2.25],
			"rotation": {"angle": 0, "axis": "y", "origin": [7.75, 10.3, -1.5]},
			"faces": {
				"north": {"uv": [0.75, 5.125, 1.0625, 4.5625], "texture": "#0"},
				"east": {"uv": [1.0625, 4.5625, 1.1875, 5.125], "texture": "#0"},
				"south": {"uv": [0.75, 5.125, 1.0625, 4.5625], "texture": "#0"},
				"west": {"uv": [1.0625, 4.5625, 1.1875, 5.125], "texture": "#0"},
				"up": {"uv": [1.375, 2.3125, 1.5, 2], "rotation": 90, "texture": "#0"},
				"down": {"uv": [1.375, 2.3125, 1.5, 2], "rotation": 270, "texture": "#0"}
			}
		},
		{
			"from": [6, 7.3, -2.75],
			"to": [9.5, 13.8, -0.75],
			"rotation": {"angle": 0, "axis": "y", "origin": [7.75, 10.3, -1.5]},
			"faces": {
				"north": {"uv": [0.0625, 5.375, 0.5, 4.5625], "texture": "#0"},
				"east": {"uv": [0.75, 4.5625, 0.5, 5.375], "texture": "#0"},
				"south": {"uv": [0.0625, 5.375, 0.5, 4.5625], "texture": "#0"},
				"west": {"uv": [0.5, 4.5625, 0.75, 5.375], "texture": "#0"},
				"up": {"uv": [1.375, 2, 1.625, 1.5625], "rotation": 90, "texture": "#0"},
				"down": {"uv": [1.375, 2.75, 1.625, 2.3125], "rotation": 270, "texture": "#0"}
			}
		},
		{
			"from": [6, 7.3, -1.25],
			"to": [9.5, 13.8, 0.75],
			"rotation": {"angle": 0, "axis": "y", "origin": [7.75, 10.3, -0.5]},
			"faces": {
				"north": {"uv": [0.5, 5.375, 0.0625, 4.5625], "texture": "#0"},
				"east": {"uv": [0.5, 4.5625, 0.75, 5.375], "texture": "#0"},
				"south": {"uv": [0.5, 5.375, 0.0625, 4.5625], "texture": "#0"},
				"west": {"uv": [0.75, 4.5625, 0.5, 5.375], "texture": "#0"},
				"up": {"uv": [1.625, 2, 1.375, 1.5625], "rotation": 90, "texture": "#0"},
				"down": {"uv": [1.625, 2.75, 1.375, 2.3125], "rotation": 270, "texture": "#0"}
			}
		},
		{
			"from": [2.25, 7.8, -2.25],
			"to": [13.25, 12.3, 0.75],
			"rotation": {"angle": 0, "axis": "y", "origin": [7.75, 10.3, -2]},
			"faces": {
				"north": {"uv": [0.0625, 3.8125, 1.4375, 3.25], "texture": "#0"},
				"east": {"uv": [1.4375, 3.8125, 1.8125, 3.25], "texture": "#0"},
				"south": {"uv": [0.0625, 3.8125, 1.4375, 3.25], "texture": "#0"},
				"west": {"uv": [1.4375, 3.8125, 1.8125, 3.25], "texture": "#0"},
				"up": {"uv": [0.0625, 3.8125, 1.4375, 4.1875], "texture": "#0"},
				"down": {"uv": [0.0625, 4.1875, 1.4375, 4.5625], "rotation": 180, "texture": "#0"}
			}
		},
		{
			"from": [9.68449, 7.85, 1.70226],
			"to": [11.78449, 12.25, 3.80226],
			"rotation": {"angle": 45, "axis": "y", "origin": [7.75, 10.3, -2]},
			"faces": {
				"north": {"uv": [1.4375, 4.375, 1.8125, 3.8125], "texture": "#0"},
				"east": {"uv": [1.4375, 4.375, 1.8125, 3.8125], "texture": "#0"},
				"south": {"uv": [1.8125, 4.375, 1.4375, 3.8125], "texture": "#0"},
				"west": {"uv": [1.4375, 4.375, 1.8125, 3.8125], "texture": "#0"},
				"up": {"uv": [1.375, 3, 1.625, 3.25], "texture": "#0"},
				"down": {"uv": [1.375, 2.75, 1.625, 3], "rotation": 180, "texture": "#0"}
			}
		},
		{
			"from": [3.71551, 7.85, 1.70226],
			"to": [5.81551, 12.25, 3.80226],
			"rotation": {"angle": -45, "axis": "y", "origin": [7.75, 10.3, -2]},
			"faces": {
				"north": {"uv": [1.8125, 4.375, 1.4375, 3.8125], "texture": "#0"},
				"east": {"uv": [1.8125, 4.375, 1.4375, 3.8125], "texture": "#0"},
				"south": {"uv": [1.4375, 4.375, 1.8125, 3.8125], "texture": "#0"},
				"west": {"uv": [1.8125, 4.375, 1.4375, 3.8125], "texture": "#0"},
				"up": {"uv": [1.625, 3, 1.375, 3.25], "texture": "#0"},
				"down": {"uv": [1.625, 2.75, 1.375, 3], "rotation": 180, "texture": "#0"}
			}
		},
		{
			"from": [-2, 0, 12.5],
			"to": [1.5, 9, 16],
			"rotation": {"angle": 22.5, "axis": "x", "origin": [8, 5.5, 14.25]},
			"faces": {
				"north": {"uv": [2.9375, 9.125, 3.375, 8], "texture": "#0"},
				"east": {"uv": [3.375, 9.125, 2.9375, 8], "texture": "#0"},
				"south": {"uv": [2.0625, 8, 2.5, 9.125], "texture": "#0"},
				"west": {"uv": [2.9375, 8, 2.5, 9.125], "texture": "#0"},
				"up": {"uv": [2.0625, 8.1875, 2.5, 7.75], "texture": "#0"},
				"down": {"uv": [2.0625, 8.1875, 2.5, 7.75], "texture": "#0"}
			}
		},
		{
			"from": [-2, 0, 0],
			"to": [1.5, 9, 3.5],
			"rotation": {"angle": -22.5, "axis": "x", "origin": [8, 5.5, 1.75]},
			"faces": {
				"north": {"uv": [2.5, 8, 2.0625, 9.125], "texture": "#0"},
				"east": {"uv": [2.9375, 9.125, 3.375, 8], "texture": "#0"},
				"south": {"uv": [3.375, 9.125, 2.9375, 8], "texture": "#0"},
				"west": {"uv": [2.5, 8, 2.9375, 9.125], "texture": "#0"},
				"up": {"uv": [2.0625, 7.75, 2.5, 8.1875], "texture": "#0"},
				"down": {"uv": [2.0625, 7.75, 2.5, 8.1875], "texture": "#0"}
			}
		},
		{
			"from": [14.5, 0, 0],
			"to": [18, 9, 3.5],
			"rotation": {"angle": -22.5, "axis": "x", "origin": [8, 5.5, 1.75]},
			"faces": {
				"north": {"uv": [2.0625, 8, 2.5, 9.125], "texture": "#0"},
				"east": {"uv": [2.9375, 8, 2.5, 9.125], "texture": "#0"},
				"south": {"uv": [2.9375, 9.125, 3.375, 8], "texture": "#0"},
				"west": {"uv": [3.375, 9.125, 2.9375, 8], "texture": "#0"},
				"up": {"uv": [2.5, 7.75, 2.0625, 8.1875], "texture": "#0"},
				"down": {"uv": [2.5, 7.75, 2.0625, 8.1875], "texture": "#0"}
			}
		},
		{
			"from": [14.5, 0, 12.5],
			"to": [18, 9, 16],
			"rotation": {"angle": 22.5, "axis": "x", "origin": [8, 5.5, 14.25]},
			"faces": {
				"north": {"uv": [3.375, 9.125, 2.9375, 8], "texture": "#0"},
				"east": {"uv": [2.5, 8, 2.9375, 9.125], "texture": "#0"},
				"south": {"uv": [2.5, 8, 2.0625, 9.125], "texture": "#0"},
				"west": {"uv": [2.9375, 9.125, 3.375, 8], "texture": "#0"},
				"up": {"uv": [2.5, 8.1875, 2.0625, 7.75], "texture": "#0"},
				"down": {"uv": [2.5, 8.1875, 2.0625, 7.75], "texture": "#0"}
			}
		},
		{
			"from": [1.5, 0, 1],
			"to": [14.5, 9, 1],
			"rotation": {"angle": -22.5, "axis": "x", "origin": [8, 5.5, 1.75]},
			"faces": {
				"north": {"uv": [4.875, 5.8125, 3.25, 6.9375], "texture": "#0"},
				"east": {"uv": [8.5625, 4.125, 9, 4.625], "texture": "#missing"},
				"south": {"uv": [4.875, 5.8125, 3.25, 6.9375], "texture": "#0"},
				"west": {"uv": [8.125, 4.125, 8.5625, 4.625], "texture": "#missing"},
				"up": {"uv": [2.0625, 7.75, 2.5, 8.1875], "texture": "#missing"},
				"down": {"uv": [2.0625, 7.75, 2.5, 8.1875], "texture": "#missing"}
			}
		},
		{
			"from": [1.5, 0, 15],
			"to": [14.5, 9, 15],
			"rotation": {"angle": 22.5, "axis": "x", "origin": [8, 5.5, 14.25]},
			"faces": {
				"north": {"uv": [3.25, 5.8125, 4.875, 6.9375], "texture": "#0"},
				"east": {"uv": [9, 4.125, 8.5625, 4.625], "texture": "#missing"},
				"south": {"uv": [3.25, 5.8125, 4.875, 6.9375], "texture": "#0"},
				"west": {"uv": [8.5625, 4.125, 8.125, 4.625], "texture": "#missing"},
				"up": {"uv": [2.0625, 8.1875, 2.5, 7.75], "texture": "#missing"},
				"down": {"uv": [2.0625, 8.1875, 2.5, 7.75], "texture": "#missing"}
			}
		},
		{
			"from": [-2.75, 8, -2],
			"to": [18.75, 12, 18],
			"rotation": {"angle": 0, "axis": "y", "origin": [8.3, 9, 16]},
			"faces": {
				"north": {"uv": [0, 13.875, 2.6875, 14.375], "texture": "#0"},
				"east": {"uv": [2.5, 14.375, 0, 14.875], "texture": "#0"},
				"south": {"uv": [0, 13.875, 2.6875, 14.375], "texture": "#0"},
				"west": {"uv": [2.5, 14.375, 0, 14.875], "texture": "#0"},
				"up": {"uv": [0, 11.375, 2.6875, 13.875], "texture": "#0"},
				"down": {"uv": [0, 11.375, 2.6875, 13.875], "texture": "#0"}
			}
		},
		{
			"from": [-2.25, -1, 1.25],
			"to": [18.25, 2, 14.75],
			"rotation": {"angle": 0, "axis": "y", "origin": [8.8, 0, 16.5]},
			"faces": {
				"north": {"uv": [3.3125, 13.0625, 5.875, 13.4375], "texture": "#0"},
				"east": {"uv": [3.1875, 9.125, 1.5, 9.5], "texture": "#0"},
				"south": {"uv": [3.3125, 13.0625, 5.875, 13.4375], "texture": "#0"},
				"west": {"uv": [3.1875, 9.125, 1.5, 9.5], "texture": "#0"},
				"up": {"uv": [3.3125, 11.375, 5.875, 13.0625], "texture": "#0"},
				"down": {"uv": [3.3125, 11.375, 5.875, 13.0625], "texture": "#0"}
			}
		},
		{
			"from": [-1.25, 2, 2],
			"to": [-1.25, 8, 14],
			"rotation": {"angle": 0, "axis": "y", "origin": [8.8, 0, 17]},
			"faces": {
				"north": {"uv": [2.6875, 9, 5.375, 9.375], "texture": "#missing"},
				"east": {"uv": [4.75, 6.9375, 3.25, 7.6875], "texture": "#0"},
				"south": {"uv": [2.6875, 9, 5.375, 9.375], "texture": "#missing"},
				"west": {"uv": [4.75, 6.9375, 3.25, 7.6875], "texture": "#0"},
				"up": {"uv": [2.6875, 9.375, 5.375, 11.5], "texture": "#missing"},
				"down": {"uv": [0, 15.75, 2.6875, 13.625], "texture": "#missing"}
			}
		},
		{
			"from": [17.25, 2, 2],
			"to": [17.25, 8, 14],
			"rotation": {"angle": 0, "axis": "y", "origin": [7.2, 0, 17]},
			"faces": {
				"north": {"uv": [5.375, 9, 2.6875, 9.375], "texture": "#missing"},
				"east": {"uv": [3.25, 6.9375, 4.75, 7.6875], "texture": "#0"},
				"south": {"uv": [5.375, 9, 2.6875, 9.375], "texture": "#missing"},
				"west": {"uv": [3.25, 6.9375, 4.75, 7.6875], "texture": "#0"},
				"up": {"uv": [5.375, 9.375, 2.6875, 11.5], "texture": "#missing"},
				"down": {"uv": [2.6875, 15.75, 0, 13.625], "texture": "#missing"}
			}
		},
		{
			"from": [-2.5, 12, -1],
			"to": [2.5, 20, 17],
			"rotation": {"angle": 0, "axis": "y", "origin": [0.5, 10, 16]},
			"faces": {
				"north": {"uv": [3.75, 9.5, 4.375, 10.5], "texture": "#0"},
				"east": {"uv": [2.6875, 13.625, 4.9375, 14.625], "texture": "#0"},
				"south": {"uv": [4.375, 9.5, 3.75, 10.5], "texture": "#0"},
				"west": {"uv": [1.5, 9.5, 3.75, 10.5], "texture": "#0"},
				"up": {"uv": [2.6875, 11.375, 3.3125, 13.625], "texture": "#0"},
				"down": {"uv": [2.6875, 11.375, 3.3125, 13.625], "texture": "#0"}
			}
		},
		{
			"from": [6.01464, 13.8, -2.21464],
			"to": [9.51464, 15.3, 1.28536],
			"rotation": {"angle": 45, "axis": "y", "origin": [7.76464, 15.3, -0.46464]},
			"faces": {
				"north": {"uv": [2.1875, 2.6875, 2.625, 2.875], "texture": "#0"},
				"east": {"uv": [2.1875, 2.6875, 2.625, 2.875], "texture": "#0"},
				"south": {"uv": [2.1875, 2.6875, 2.625, 2.875], "texture": "#0"},
				"west": {"uv": [2.1875, 2.6875, 2.625, 2.875], "texture": "#0"},
				"up": {"uv": [2.1875, 2.875, 2.625, 3.3125], "texture": "#0"},
				"down": {"uv": [2.1875, 2.875, 2.625, 3.3125], "texture": "#0"}
			}
		},
		{
			"from": [6.01464, 12.3, -2.21464],
			"to": [9.51464, 13.8, 1.28536],
			"rotation": {"angle": 45, "axis": "y", "origin": [7.76464, 13.8, -0.46464]},
			"faces": {
				"north": {"uv": [2.1875, 2.6875, 2.625, 2.875], "texture": "#0"},
				"east": {"uv": [2.1875, 2.6875, 2.625, 2.875], "texture": "#0"},
				"south": {"uv": [2.1875, 2.6875, 2.625, 2.875], "texture": "#0"},
				"west": {"uv": [2.1875, 2.6875, 2.625, 2.875], "texture": "#0"},
				"up": {"uv": [2.1875, 2.875, 2.625, 3.3125], "texture": "#0"},
				"down": {"uv": [2.1875, 2.875, 2.625, 3.3125], "texture": "#0"}
			}
		},
		{
			"from": [6.51464, 15.3, -1.71464],
			"to": [9.01464, 16.8, 0.78536],
			"rotation": {"angle": 45, "axis": "y", "origin": [7.76464, 15.3, -0.46464]},
			"faces": {
				"north": {"uv": [2.1875, 1.9375, 2.5, 2.125], "texture": "#0"},
				"east": {"uv": [2.5, 1.9375, 2.1875, 2.125], "texture": "#0"},
				"south": {"uv": [2.1875, 1.9375, 2.5, 2.125], "texture": "#0"},
				"west": {"uv": [2.5, 1.9375, 2.1875, 2.125], "texture": "#0"},
				"up": {"uv": [2.1875, 5.6875, 2.5, 6], "texture": "#0"},
				"down": {"uv": [2.1875, 5.6875, 2.5, 6], "texture": "#0"}
			}
		},
		{
			"from": [4.75, 16.8, -0.5],
			"to": [10.75, 27.8, -0.5],
			"rotation": {"angle": 0, "axis": "y", "origin": [7.7, 22.3, -0.5]},
			"faces": {
				"north": {"uv": [6, 0, 0, 11], "texture": "#1"},
				"east": {"uv": [0, 0, 0, 8], "texture": "#1"},
				"south": {"uv": [0, 0, 6, 11], "texture": "#1"},
				"west": {"uv": [0, 0, 0, 8], "texture": "#1"},
				"up": {"uv": [0, 6, 0, 0], "rotation": 270, "texture": "#1"},
				"down": {"uv": [0, 0, 0, 6], "rotation": 90, "texture": "#1"}
			}
		},
		{
			"from": [13.5, 12, -1],
			"to": [18.5, 20, 17],
			"rotation": {"angle": 0, "axis": "y", "origin": [15.5, 10, 16]},
			"faces": {
				"north": {"uv": [4.375, 9.5, 3.75, 10.5], "texture": "#0"},
				"east": {"uv": [3.75, 9.5, 1.5, 10.5], "texture": "#0"},
				"south": {"uv": [3.75, 9.5, 4.375, 10.5], "texture": "#0"},
				"west": {"uv": [4.9375, 13.625, 2.6875, 14.625], "texture": "#0"},
				"up": {"uv": [3.3125, 11.375, 2.6875, 13.625], "texture": "#0"},
				"down": {"uv": [3.3125, 11.375, 2.6875, 13.625], "texture": "#0"}
			}
		},
		{
			"from": [2, 12, 0],
			"to": [14, 19, 16],
			"rotation": {"angle": 0, "axis": "y", "origin": [8, 10, 16]},
			"faces": {
				"north": {"uv": [1.5, 10.5, 3, 11.375], "texture": "#0"},
				"south": {"uv": [1.5, 10.5, 3, 11.375], "texture": "#0"},
				"up": {"uv": [0, 9.375, 1.5, 11.375], "texture": "#0"},
				"down": {"uv": [0, 9.375, 1.5, 11.375], "texture": "#0"}
			}
		},
		{
			"from": [19, 12.3, 6],
			"to": [19, 25.3, 28],
			"rotation": {"angle": -45, "axis": "x", "origin": [19, 18.8, 17]},
			"faces": {
				"north": {"uv": [0, 5, 0, 0], "rotation": 180, "texture": "#missing"},
				"east": {"uv": [0, 0, 6.5, 11], "rotation": 270, "texture": "#2"},
				"south": {"uv": [0, 0, 0, 5], "texture": "#missing"},
				"west": {"uv": [6.5, 0, 0, 11], "rotation": 90, "texture": "#2"},
				"up": {"uv": [0, 10, 0, 0], "texture": "#missing"},
				"down": {"uv": [0, 10, 0, 0], "rotation": 180, "texture": "#missing"}
			}
		},
		{
			"from": [-3, 12.3, 6],
			"to": [-3, 25.3, 28],
			"rotation": {"angle": -45, "axis": "x", "origin": [-3, 18.8, 17]},
			"faces": {
				"north": {"uv": [0, 5, 0, 0], "rotation": 180, "texture": "#missing"},
				"east": {"uv": [6.5, 11, 0, 0], "rotation": 90, "texture": "#2"},
				"south": {"uv": [0, 0, 0, 5], "texture": "#missing"},
				"west": {"uv": [0, 11, 6.5, 0], "rotation": 270, "texture": "#2"},
				"up": {"uv": [0, 10, 0, 0], "texture": "#missing"},
				"down": {"uv": [0, 10, 0, 0], "rotation": 180, "texture": "#missing"}
			}
		},
		{
			"from": [-4.5, 7.75, 4],
			"to": [-2, 12.25, 12],
			"rotation": {"angle": 0, "axis": "y", "origin": [-4, 7.8, 7]},
			"faces": {
				"north": {"uv": [6.1875, 5.5, 5.875, 6.0625], "texture": "#0"},
				"east": {"uv": [4.875, 5.5, 5.875, 6.0625], "texture": "#0"},
				"south": {"uv": [5.875, 5.5, 6.1875, 6.0625], "texture": "#0"},
				"west": {"uv": [4.875, 5.5, 5.875, 6.0625], "texture": "#0"},
				"up": {"uv": [2.9375, 6.3125, 3.25, 7.3125], "texture": "#0"},
				"down": {"uv": [2.9375, 6.3125, 3.25, 7.3125], "texture": "#0"}
			}
		},
		{
			"from": [18, 7.75, 4],
			"to": [20.5, 12.25, 12],
			"rotation": {"angle": 0, "axis": "y", "origin": [20, 7.8, 7]},
			"faces": {
				"north": {"uv": [5.875, 5.5, 6.1875, 6.0625], "texture": "#0"},
				"east": {"uv": [5.875, 5.5, 4.875, 6.0625], "texture": "#0"},
				"south": {"uv": [6.1875, 5.5, 5.875, 6.0625], "texture": "#0"},
				"west": {"uv": [5.875, 5.5, 4.875, 6.0625], "texture": "#0"},
				"up": {"uv": [3.25, 6.3125, 2.9375, 7.3125], "texture": "#0"},
				"down": {"uv": [3.25, 6.3125, 2.9375, 7.3125], "texture": "#0"}
			}
		}
	],
	"gui_light": "front",
	"display": {
		"thirdperson_righthand": {
			"rotation": [60.75, 0, 0],
			"translation": [0, 2.5, 0],
			"scale": [0.4, 0.4, 0.4]
		},
		"thirdperson_lefthand": {
			"rotation": [60.75, 0, 0],
			"translation": [0, 2.5, 0],
			"scale": [0.4, 0.4, 0.4]
		},
		"firstperson_righthand": {
			"rotation": [-180, 41.75, -180],
			"translation": [12.25, -8, -18.5],
			"scale": [0.8, 0.8, 0.8]
		},
		"firstperson_lefthand": {
			"rotation": [-180, 41.75, -180],
			"translation": [12.25, -8, -18.5],
			"scale": [0.8, 0.8, 0.8]
		},
		"ground": {
			"translation": [0, 3, 0],
			"scale": [0.45, 0.45, 0.4]
		},
		"gui": {
			"rotation": [16, 147, 0],
			"translation": [0, -2, 0],
			"scale": [0.4, 0.4, 0.4]
		},
		"head": {
			"translation": [0, -31.25, -0.75],
			"scale": [1.2, 1.2, 1.2]
		},
		"fixed": {
			"rotation": [-90, 0, 0],
			"translation": [0, 0, -16],
			"scale": [1.8, 1.8, 1.8]
		}
	}
}