{
	"credit": "Made with Blockbench",
	"textures": {
		"0": "item/multiple/halloween_2024/animation_1",
		"1": "item/bows/halloween_2024_bow",
		"particle": "item/bows/halloween_2024_bow"
	},
	"elements": [
		{
			"from": [7, 2.61612, 7],
			"to": [9, 4.61612, 9],
			"rotation": {"angle": 0, "axis": "y", "origin": [8, 3.61612, 8]},
			"faces": {
				"north": {"uv": [11.2, 8, 12, 8.8], "texture": "#1"},
				"east": {"uv": [11.2, 9.2, 12, 10], "texture": "#1"},
				"south": {"uv": [11.2, 10.4, 12, 11.2], "texture": "#1"},
				"west": {"uv": [1.6, 11.6, 2.4, 12.4], "texture": "#1"},
				"up": {"uv": [3.6, 12.4, 2.8, 11.6], "texture": "#1"},
				"down": {"uv": [4.8, 11.6, 4, 12.4], "texture": "#1"}
			}
		},
		{
			"from": [7.75, 4.61612, 6.68934],
			"to": [9.75, 5.11612, 8.68934],
			"rotation": {"angle": -45, "axis": "y", "origin": [8, 4.61612, 6.93934]},
			"faces": {
				"north": {"uv": [12, 13.6, 12.8, 13.8], "texture": "#1"},
				"east": {"uv": [13.6, 12.4, 14.4, 12.6], "texture": "#1"},
				"south": {"uv": [13.2, 13.6, 14, 13.8], "texture": "#1"},
				"west": {"uv": [14, 0.8, 14.8, 1], "texture": "#1"},
				"up": {"uv": [6, 12.4, 5.2, 11.6], "texture": "#1"},
				"down": {"uv": [7.2, 11.6, 6.4, 12.4], "texture": "#1"}
			}
		},
		{
			"from": [8, 5.11612, 6.93934],
			"to": [9.5, 6.11612, 8.43934],
			"rotation": {"angle": -45, "axis": "y", "origin": [8, 5.11612, 6.93934]},
			"faces": {
				"north": {"uv": [8.4, 13.2, 9, 13.6], "texture": "#1"},
				"east": {"uv": [9.6, 13.2, 10.2, 13.6], "texture": "#1"},
				"south": {"uv": [13.6, 0, 14.2, 0.4], "texture": "#1"},
				"west": {"uv": [13.6, 3.6, 14.2, 4], "texture": "#1"},
				"up": {"uv": [10.6, 12.6, 10, 12], "texture": "#1"}
			}
		},
		{
			"from": [8, 8.11612, 6.93934],
			"to": [9.5, 9.61612, 8.43934],
			"rotation": {"angle": -45, "axis": "y", "origin": [8, 10.11612, 6.93934]},
			"faces": {
				"north": {"uv": [12.4, 0, 13, 0.6], "texture": "#1"},
				"east": {"uv": [12.4, 4, 13, 4.6], "texture": "#1"},
				"south": {"uv": [12.4, 5.2, 13, 5.8], "texture": "#1"},
				"west": {"uv": [12.4, 7.6, 13, 8.2], "texture": "#1"},
				"up": {"uv": [13, 9.4, 12.4, 8.8], "texture": "#1"},
				"down": {"uv": [13, 10, 12.4, 10.6], "texture": "#1"}
			}
		},
		{
			"from": [7.75, 8.61612, 6.68934],
			"to": [9.75, 9.11612, 8.68934],
			"rotation": {"angle": -45, "axis": "y", "origin": [8, 9.11612, 6.93934]},
			"faces": {
				"north": {"uv": [1.6, 14, 2.4, 14.2], "texture": "#1"},
				"east": {"uv": [14, 1.6, 14.8, 1.8], "texture": "#1"},
				"south": {"uv": [14, 2.4, 14.8, 2.6], "texture": "#1"},
				"west": {"uv": [2.8, 14, 3.6, 14.2], "texture": "#1"},
				"up": {"uv": [8.4, 12.4, 7.6, 11.6], "texture": "#1"},
				"down": {"uv": [12, 11.6, 11.2, 12.4], "texture": "#1"}
			}
		},
		{
			"from": [8, 12.11612, 6.93934],
			"to": [9.5, 12.61612, 8.43934],
			"rotation": {"angle": -45, "axis": "y", "origin": [8, 13.11612, 6.93934]},
			"faces": {
				"north": {"uv": [14, 6.8, 14.6, 7], "texture": "#1"},
				"east": {"uv": [7.6, 14, 8.2, 14.2], "texture": "#1"},
				"south": {"uv": [8.8, 14, 9.4, 14.2], "texture": "#1"},
				"west": {"uv": [10, 14, 10.6, 14.2], "texture": "#1"},
				"up": {"uv": [13, 11.8, 12.4, 11.2], "texture": "#1"}
			}
		},
		{
			"from": [7.75, 11.61612, 6.68934],
			"to": [9.75, 12.11612, 8.68934],
			"rotation": {"angle": -45, "axis": "y", "origin": [8, 12.11612, 6.93934]},
			"faces": {
				"north": {"uv": [4, 14, 4.8, 14.2], "texture": "#1"},
				"east": {"uv": [5.2, 14, 6, 14.2], "texture": "#1"},
				"south": {"uv": [14, 6, 14.8, 6.2], "texture": "#1"},
				"west": {"uv": [6.4, 14, 7.2, 14.2], "texture": "#1"},
				"up": {"uv": [12.8, 2.4, 12, 1.6], "texture": "#1"},
				"down": {"uv": [12.8, 2.8, 12, 3.6], "texture": "#1"}
			}
		},
		{
			"from": [8, 6.11612, 7.29289],
			"to": [9, 8.11612, 8.29289],
			"rotation": {"angle": -45, "axis": "y", "origin": [8, 5.11612, 7.29289]},
			"faces": {
				"north": {"uv": [5.2, 12.8, 5.6, 13.6], "texture": "#1"},
				"east": {"uv": [6, 12.8, 6.4, 13.6], "texture": "#1"},
				"south": {"uv": [6.8, 12.8, 7.2, 13.6], "texture": "#1"},
				"west": {"uv": [7.6, 12.8, 8, 13.6], "texture": "#1"}
			}
		},
		{
			"from": [8, 9.61612, 7.29289],
			"to": [9, 11.61612, 8.29289],
			"rotation": {"angle": -45, "axis": "y", "origin": [8, 9.11612, 7.29289]},
			"faces": {
				"north": {"uv": [11.2, 12.8, 11.6, 13.6], "texture": "#1"},
				"east": {"uv": [13.2, 1.2, 13.6, 2], "texture": "#1"},
				"south": {"uv": [13.2, 2.4, 13.6, 3.2], "texture": "#1"},
				"west": {"uv": [13.2, 6.4, 13.6, 7.2], "texture": "#1"}
			}
		},
		{
			"from": [5.70986, 8.80525, 5.11],
			"to": [13.20986, 12.30525, 5.14],
			"rotation": {"angle": -22.5, "axis": "z", "origin": [8.29, 7.5, 5]},
			"faces": {
				"north": {"uv": [0, 0, 7.5, 3.5], "texture": "#0"},
				"south": {"uv": [7.5, 0, 0, 3.5], "texture": "#0"}
			}
		},
		{
			"from": [1.5524, 4.41682, 4.86],
			"to": [8.0524, 7.91682, 4.89],
			"rotation": {"angle": 22.5, "axis": "z", "origin": [7.79, 7.5, 5]},
			"faces": {
				"north": {"uv": [6, 5.5, 12.5, 9], "texture": "#0"},
				"south": {"uv": [12.5, 5.5, 6, 9], "texture": "#0"}
			}
		},
		{
			"from": [12.9, 11.125, 6.25],
			"to": [12.93, 14.625, 13.75],
			"rotation": {"angle": -22.5, "axis": "x", "origin": [12.915, 12.875, 10]},
			"faces": {
				"east": {"uv": [0, 0, 7.5, 3.5], "texture": "#0"},
				"west": {"uv": [7.5, 0, 0, 3.5], "texture": "#0"}
			}
		},
		{
			"from": [13.15, 3.375, 3.75],
			"to": [13.18, 6.875, 10.25],
			"rotation": {"angle": 22.5, "axis": "x", "origin": [13.165, 5.125, 7]},
			"faces": {
				"east": {"uv": [6, 5.5, 12.5, 9], "texture": "#0"},
				"west": {"uv": [12.5, 5.5, 6, 9], "texture": "#0"}
			}
		},
		{
			"from": [3.07, 11.125, 6.25],
			"to": [3.1, 14.625, 13.75],
			"rotation": {"angle": -22.5, "axis": "x", "origin": [3.085, 12.875, 10]},
			"faces": {
				"east": {"uv": [0, 0, 7.5, 3.5], "texture": "#0"},
				"west": {"uv": [7.5, 0, 0, 3.5], "texture": "#0"}
			}
		},
		{
			"from": [2.82, 3.375, 3.75],
			"to": [2.85, 6.875, 10.25],
			"rotation": {"angle": 22.5, "axis": "x", "origin": [2.835, 5.125, 7]},
			"faces": {
				"east": {"uv": [6, 5.5, 12.5, 9], "texture": "#0"},
				"west": {"uv": [12.5, 5.5, 6, 9], "texture": "#0"}
			}
		},
		{
			"from": [6.5, 12.11612, 6.5],
			"to": [9.5, 15.11612, 9.5],
			"rotation": {"angle": 0, "axis": "y", "origin": [6, 11.61612, 6]},
			"faces": {
				"north": {"uv": [1.6, 8.4, 2.8, 9.6], "texture": "#1"},
				"east": {"uv": [3.2, 8.4, 4.4, 9.6], "texture": "#1"},
				"south": {"uv": [4.8, 8.4, 6, 9.6], "texture": "#1"},
				"west": {"uv": [6.4, 8.4, 7.6, 9.6], "texture": "#1"},
				"up": {"uv": [9.2, 9.6, 8, 8.4], "texture": "#1"},
				"down": {"uv": [10.8, 0, 9.6, 1.2], "texture": "#1"}
			}
		},
		{
			"from": [7.125, 1.35355, 8.01256],
			"to": [8.875, 3.85355, 9.76256],
			"rotation": {"angle": 45, "axis": "x", "origin": [6.875, 3.85355, 8.01256]},
			"faces": {
				"north": {"uv": [6.4, 10, 7.2, 11], "texture": "#1"},
				"east": {"uv": [7.6, 10, 8.4, 11], "texture": "#1"},
				"south": {"uv": [8.8, 10.4, 9.6, 11.4], "texture": "#1"},
				"west": {"uv": [10, 10.4, 10.8, 11.4], "texture": "#1"},
				"up": {"uv": [12.8, 7.2, 12, 6.4], "texture": "#1"},
				"down": {"uv": [9.6, 12, 8.8, 12.8], "texture": "#1"}
			}
		},
		{
			"from": [7.375, 1.10355, 7.76256],
			"to": [8.625, 2.60355, 12.51256],
			"rotation": {"angle": 45, "axis": "x", "origin": [6.875, 3.85355, 8.01256]},
			"faces": {
				"north": {"uv": [12.4, 12.4, 13, 13], "texture": "#1"},
				"east": {"uv": [9.6, 1.6, 11.6, 2.2], "texture": "#1"},
				"south": {"uv": [1.6, 12.8, 2.2, 13.4], "texture": "#1"},
				"west": {"uv": [9.6, 2.8, 11.6, 3.4], "texture": "#1"},
				"up": {"uv": [10.2, 6, 9.6, 4], "texture": "#1"},
				"down": {"uv": [10.2, 6.4, 9.6, 8.4], "texture": "#1"}
			}
		},
		{
			"from": [6.875, -1.03458, 9.04727],
			"to": [9.125, -0.53458, 11.79727],
			"rotation": {"angle": 22.5, "axis": "x", "origin": [8, -1.18458, 10.22227]},
			"faces": {
				"north": {"uv": [13.6, 9.2, 14.6, 9.4], "texture": "#1"},
				"east": {"uv": [13.6, 4.4, 14.8, 4.6], "texture": "#1"},
				"south": {"uv": [13.6, 10, 14.6, 10.2], "texture": "#1"},
				"west": {"uv": [13.6, 5.2, 14.8, 5.4], "texture": "#1"},
				"up": {"uv": [10.6, 10, 9.6, 8.8], "texture": "#1"},
				"down": {"uv": [2.6, 10, 1.6, 11.2], "texture": "#1"}
			}
		},
		{
			"from": [6.875, 16.53458, 9.04727],
			"to": [9.125, 17.03458, 11.79727],
			"rotation": {"angle": -22.5, "axis": "x", "origin": [8, 17.18458, 10.22227]},
			"faces": {
				"north": {"uv": [13.6, 9.4, 14.6, 9.2], "texture": "#1"},
				"east": {"uv": [13.6, 4.6, 14.8, 4.4], "texture": "#1"},
				"south": {"uv": [13.6, 10.2, 14.6, 10], "texture": "#1"},
				"west": {"uv": [13.6, 5.4, 14.8, 5.2], "texture": "#1"},
				"up": {"uv": [2.6, 11.2, 1.6, 10], "texture": "#1"},
				"down": {"uv": [10.6, 8.8, 9.6, 10], "texture": "#1"}
			}
		},
		{
			"from": [7.375, 13.39645, 9.76256],
			"to": [8.625, 14.89645, 12.51256],
			"rotation": {"angle": -45, "axis": "x", "origin": [6.875, 12.14645, 8.01256]},
			"faces": {
				"north": {"uv": [2.8, 12.8, 3.4, 13.4], "texture": "#1"},
				"east": {"uv": [10.8, 4, 12, 4.6], "texture": "#1"},
				"south": {"uv": [4, 12.8, 4.6, 13.4], "texture": "#1"},
				"west": {"uv": [10.8, 5.2, 12, 5.8], "texture": "#1"},
				"up": {"uv": [11.4, 7.6, 10.8, 6.4], "texture": "#1"},
				"down": {"uv": [11.8, 0, 11.2, 1.2], "texture": "#1"}
			}
		},
		{
			"from": [7.985, -2, 11],
			"to": [8.015, 18, 18],
			"rotation": {"angle": 0, "axis": "y", "origin": [7.985, 1, 11]},
			"faces": {
				"east": {"uv": [2.8, 0, 0, 8], "texture": "#1"},
				"west": {"uv": [0, 0, 2.8, 8], "texture": "#1"}
			}
		},
		{
			"from": [6.75, 7.985, -2.25],
			"to": [9.25, 8.015, 11.75],
			"rotation": {"angle": 45, "axis": "z", "origin": [8, 8, 4.75]},
			"faces": {
				"up": {"uv": [1, 14, 0, 8.4], "texture": "#1"},
				"down": {"uv": [1, 8.4, 0, 14], "texture": "#1"}
			}
		},
		{
			"from": [6.75, 7.985, -2.25],
			"to": [9.25, 8.015, 11.75],
			"rotation": {"angle": -45, "axis": "z", "origin": [8, 8, 4.75]},
			"faces": {
				"up": {"uv": [1, 8.4, 0, 14], "rotation": 180, "texture": "#1"},
				"down": {"uv": [1, 14, 0, 8.4], "rotation": 180, "texture": "#1"}
			}
		}
	],
	"gui_light": "front",
	"display": {
		"thirdperson_righthand": {
			"translation": [-0.5, -1, 1],
			"scale": [1.05, 1.05, 1.05]
		},
		"thirdperson_lefthand": {
			"translation": [-0.5, -1, 1],
			"scale": [1.05, 1.05, 1.05]
		},
		"firstperson_righthand": {
			"rotation": [18.71, 4.94, -0.89],
			"translation": [4.5, 3.5, -4],
			"scale": [0.7, 0.7, 0.7]
		},
		"firstperson_lefthand": {
			"rotation": [19.9, -35.05, -1.43],
			"translation": [6.75, 1.9, -0.1],
			"scale": [0.7, 0.7, 0.7]
		},
		"ground": {
			"rotation": [45, 0, 0],
			"translation": [0, 5, 0],
			"scale": [0.7, 0.7, 0.7]
		},
		"gui": {
			"rotation": [-90, 135, 90],
			"translation": [-1.25, 1.25, 0],
			"scale": [0.9, 0.9, 0.9]
		},
		"head": {
			"rotation": [0, -90, 0]
		},
		"fixed": {
			"rotation": [0, -90, 0],
			"translation": [0, 0, -1.5],
			"scale": [2, 2, 2]
		}
	}
}