{
	"credit": "Made with Blockbench",
	"texture_size": [64, 64],
	"textures": {
		"0": "item/pickaxes/celestial_pickaxe/celestial",
		"1": "item/pickaxes/celestial_pickaxe/celestial_animation",
		"2": "item/pickaxes/celestial_pickaxe/celestial_animation_2",
		"particle": "item/pickaxes/celestial_pickaxe/celestial"
	},
	"elements": [
		{
			"from": [7, -2, 7],
			"to": [9, 9, 9],
			"rotation": {"angle": 0, "axis": "y", "origin": [0, 18, 16]},
			"faces": {
				"north": {"uv": [4.5, 2.5, 5, 5.25], "texture": "#0"},
				"east": {"uv": [2.5, 5, 3, 7.75], "texture": "#0"},
				"south": {"uv": [5, 2.5, 5.5, 5.25], "texture": "#0"},
				"west": {"uv": [3, 5, 3.5, 7.75], "texture": "#0"},
				"up": {"uv": [8.75, 2.25, 8.25, 1.75], "texture": "#0"},
				"down": {"uv": [8.75, 5.5, 8.25, 6], "texture": "#0"}
			}
		},
		{
			"from": [6.5, 8, 6.5],
			"to": [9.5, 12, 9.5],
			"rotation": {"angle": 0, "axis": "y", "origin": [0, 18, 16]},
			"faces": {
				"north": {"uv": [7, 2.5, 7.75, 3.5], "texture": "#0"},
				"east": {"uv": [3.5, 7, 4.25, 8], "texture": "#0"},
				"south": {"uv": [7, 3.5, 7.75, 4.5], "texture": "#0"},
				"west": {"uv": [4.25, 7, 5, 8], "texture": "#0"},
				"up": {"uv": [8.25, 6.75, 7.5, 6], "texture": "#0"},
				"down": {"uv": [8, 7.5, 7.25, 8.25], "texture": "#0"}
			}
		},
		{
			"from": [4.5, 12, 5.5],
			"to": [11.5, 15, 10.5],
			"rotation": {"angle": 0, "axis": "y", "origin": [0, 18, 16]},
			"faces": {
				"north": {"uv": [3.5, 5.25, 5.25, 6], "texture": "#0"},
				"east": {"uv": [7, 1, 8.25, 1.75], "texture": "#0"},
				"south": {"uv": [5.25, 5.25, 7, 6], "texture": "#0"},
				"west": {"uv": [7, 1.75, 8.25, 2.5], "texture": "#0"},
				"up": {"uv": [4.5, 3.75, 2.75, 2.5], "texture": "#0"},
				"down": {"uv": [4.5, 3.75, 2.75, 5], "texture": "#0"}
			}
		},
		{
			"from": [6, 22, 6],
			"to": [10, 26, 10],
			"rotation": {"angle": 0, "axis": "y", "origin": [0, 18, 16]},
			"faces": {
				"north": {"uv": [1.5, 5.5, 2.5, 6.5], "texture": "#0"},
				"east": {"uv": [3.5, 6, 4.5, 7], "texture": "#0"},
				"south": {"uv": [4.5, 6, 5.5, 7], "texture": "#0"},
				"west": {"uv": [5.5, 6, 6.5, 7], "texture": "#0"},
				"up": {"uv": [1, 7.25, 0, 6.25], "texture": "#0"},
				"down": {"uv": [2, 6.5, 1, 7.5], "texture": "#0"}
			}
		},
		{
			"from": [5.5, 16, 4.5],
			"to": [8.5, 19, 7.5],
			"rotation": {"angle": 0, "axis": "y", "origin": [0, 18, 16]},
			"faces": {
				"north": {"uv": [8, 0, 8.75, 0.75], "texture": "#0"},
				"east": {"uv": [0.75, 8, 1.5, 8.75], "texture": "#0"},
				"south": {"uv": [1.5, 8, 2.25, 8.75], "texture": "#0"},
				"west": {"uv": [3.25, 8, 4, 8.75], "texture": "#0"},
				"up": {"uv": [4.75, 8.75, 4, 8], "texture": "#0"},
				"down": {"uv": [5.5, 8, 4.75, 8.75], "texture": "#0"}
			}
		},
		{
			"from": [9.25, 18, 9.25],
			"to": [10.75, 19.5, 10.75],
			"rotation": {"angle": 0, "axis": "y", "origin": [0, 18, 16]},
			"faces": {
				"north": {"uv": [8.25, 6, 8.625, 6.375], "texture": "#0"},
				"east": {"uv": [8.25, 6.5, 8.625, 6.875], "texture": "#0"},
				"south": {"uv": [7, 8.25, 7.375, 8.625], "texture": "#0"},
				"west": {"uv": [7.5, 8.25, 7.875, 8.625], "texture": "#0"},
				"up": {"uv": [2.625, 8.875, 2.25, 8.5], "texture": "#0"},
				"down": {"uv": [8.875, 2.25, 8.5, 2.625], "texture": "#0"}
			}
		},
		{
			"from": [6.5, -6, 6.5],
			"to": [9.5, -2, 9.5],
			"rotation": {"angle": 0, "axis": "y", "origin": [0, 18, 16]},
			"faces": {
				"north": {"uv": [7, 4.5, 7.75, 5.5], "texture": "#0"},
				"east": {"uv": [5, 7, 5.75, 8], "texture": "#0"},
				"south": {"uv": [5.75, 7, 6.5, 8], "texture": "#0"},
				"west": {"uv": [6.5, 7, 7.25, 8], "texture": "#0"},
				"up": {"uv": [8.5, 5.5, 7.75, 4.75], "texture": "#0"},
				"down": {"uv": [0.75, 8, 0, 8.75], "texture": "#0"}
			}
		},
		{
			"from": [5.5, -8, 5.5],
			"to": [10.5, -6, 10.5],
			"rotation": {"angle": 0, "axis": "y", "origin": [0, 9, 16]},
			"faces": {
				"north": {"uv": [7, 5.5, 8.25, 6], "texture": "#0"},
				"east": {"uv": [7.25, 7, 8.5, 7.5], "texture": "#0"},
				"south": {"uv": [0, 7.5, 1.25, 8], "texture": "#0"},
				"west": {"uv": [1.25, 7.5, 2.5, 8], "texture": "#0"},
				"up": {"uv": [1.25, 5.5, 0, 4.25], "texture": "#0"},
				"down": {"uv": [2.5, 4.25, 1.25, 5.5], "texture": "#0"}
			}
		},
		{
			"from": [2.5, -16, 8],
			"to": [13.5, -6, 8],
			"rotation": {"angle": 0, "axis": "y", "origin": [0, 9, 16]},
			"faces": {
				"north": {"uv": [2.75, 0, 5.5, 2.5], "texture": "#0"},
				"east": {"uv": [0, 0, 0, 2.5], "texture": "#0"},
				"south": {"uv": [5.5, 0, 2.75, 2.5], "texture": "#0"},
				"west": {"uv": [0, 0, 0, 2.5], "texture": "#0"},
				"up": {"uv": [2.75, 0, 0, 0], "texture": "#0"},
				"down": {"uv": [2.75, 0, 0, 0], "texture": "#0"}
			}
		},
		{
			"from": [6.5, 14, 8],
			"to": [14.5, 30, 8],
			"rotation": {"angle": 0, "axis": "y", "origin": [0, 9, 16]},
			"faces": {
				"north": {"uv": [0, 0, 8, 16], "texture": "#2"},
				"east": {"uv": [0, 0, 0, 4.25], "texture": "#0"},
				"south": {"uv": [8, 0, 0, 16], "texture": "#2"},
				"west": {"uv": [0, 0, 0, 4.25], "texture": "#0"},
				"up": {"uv": [2.75, 0, 0, 0], "texture": "#0"},
				"down": {"uv": [2.75, 0, 0, 0], "texture": "#0"}
			}
		},
		{
			"from": [-0.5, 16, 8],
			"to": [7.5, 32, 8],
			"rotation": {"angle": 0, "axis": "y", "origin": [16, 9, 16]},
			"faces": {
				"north": {"uv": [8, 0, 16, 16], "texture": "#2"},
				"east": {"uv": [0, 0, 0, 4.25], "texture": "#0"},
				"south": {"uv": [16, 0, 8, 16], "texture": "#2"},
				"west": {"uv": [0, 0, 0, 4.25], "texture": "#0"},
				"up": {"uv": [0, 0, 2.75, 0], "texture": "#0"},
				"down": {"uv": [0, 0, 2.75, 0], "texture": "#0"}
			}
		},
		{
			"from": [-4, 17, 6.5],
			"to": [2, 20, 9.5],
			"rotation": {"angle": 22.5, "axis": "z", "origin": [2, 20, 8]},
			"faces": {
				"north": {"uv": [0, 5.5, 1.5, 6.25], "texture": "#0"},
				"east": {"uv": [2.5, 7.75, 3.25, 8.5], "texture": "#0"},
				"south": {"uv": [5.5, 0, 7, 0.75], "texture": "#0"},
				"west": {"uv": [7.75, 2.5, 8.5, 3.25], "texture": "#0"},
				"up": {"uv": [7, 1.5, 5.5, 0.75], "texture": "#0"},
				"down": {"uv": [7, 1.5, 5.5, 2.25], "texture": "#0"}
			}
		},
		{
			"from": [2, 16.5, 6],
			"to": [4, 20.5, 10],
			"rotation": {"angle": 0, "axis": "y", "origin": [4, 17, 8]},
			"faces": {
				"north": {"uv": [2, 6.5, 2.5, 7.5], "texture": "#0"},
				"east": {"uv": [6.5, 6, 7.5, 7], "texture": "#0"},
				"south": {"uv": [6.5, 8, 7, 9], "texture": "#0"},
				"west": {"uv": [7, 0, 8, 1], "texture": "#0"},
				"up": {"uv": [8.5, 9, 8, 8], "texture": "#0"},
				"down": {"uv": [8.75, 0.75, 8.25, 1.75], "texture": "#0"}
			}
		},
		{
			"from": [2.5, 8, 7.5],
			"to": [6.5, 10, 8.5],
			"rotation": {"angle": -22.5, "axis": "z", "origin": [6.5, 8, 8]},
			"faces": {
				"north": {"uv": [5.5, 8, 6.5, 8.5], "texture": "#0"},
				"east": {"uv": [2.5, 4.25, 2.75, 4.75], "texture": "#0"},
				"south": {"uv": [8, 7.5, 9, 8], "texture": "#0"},
				"west": {"uv": [2.25, 8, 2.5, 8.5], "texture": "#0"},
				"up": {"uv": [4.5, 5.25, 3.5, 5], "texture": "#0"},
				"down": {"uv": [1, 7.25, 0, 7.5], "texture": "#0"}
			}
		},
		{
			"from": [14, 17, 6.5],
			"to": [20, 20, 9.5],
			"rotation": {"angle": -22.5, "axis": "z", "origin": [14, 20, 8]},
			"faces": {
				"north": {"uv": [1.5, 5.5, 0, 6.25], "texture": "#0"},
				"east": {"uv": [8.5, 2.5, 7.75, 3.25], "texture": "#0"},
				"south": {"uv": [7, 0, 5.5, 0.75], "texture": "#0"},
				"west": {"uv": [3.25, 7.75, 2.5, 8.5], "texture": "#0"},
				"up": {"uv": [5.5, 1.5, 7, 0.75], "texture": "#0"},
				"down": {"uv": [5.5, 1.5, 7, 2.25], "texture": "#0"}
			}
		},
		{
			"from": [12, 16.5, 6],
			"to": [14, 20.5, 10],
			"rotation": {"angle": 0, "axis": "y", "origin": [12, 17, 8]},
			"faces": {
				"north": {"uv": [2.5, 6.5, 2, 7.5], "texture": "#0"},
				"east": {"uv": [8, 0, 7, 1], "texture": "#0"},
				"south": {"uv": [7, 8, 6.5, 9], "texture": "#0"},
				"west": {"uv": [7.5, 6, 6.5, 7], "texture": "#0"},
				"up": {"uv": [8, 9, 8.5, 8], "texture": "#0"},
				"down": {"uv": [8.25, 0.75, 8.75, 1.75], "texture": "#0"}
			}
		},
		{
			"from": [19.54328, 19.5461, 6.775],
			"to": [23.54328, 22.0461, 9.225],
			"rotation": {"angle": -45, "axis": "z", "origin": [14, 20, 8]},
			"faces": {
				"north": {"uv": [6.5, 2.25, 5.5, 2.875], "texture": "#0"},
				"east": {"uv": [8.3625, 4, 7.75, 4.625], "texture": "#0"},
				"south": {"uv": [6.5, 3, 5.5, 3.625], "texture": "#0"},
				"west": {"uv": [8.3625, 3.25, 7.75, 3.875], "texture": "#0"},
				"up": {"uv": [5.5, 4.3625, 6.5, 3.75], "texture": "#0"},
				"down": {"uv": [5.5, 4.5, 6.5, 5.1125], "texture": "#0"}
			}
		},
		{
			"from": [20.02833, 11.50266, 7.025],
			"to": [22.02833, 14.50266, 8.975],
			"rotation": {"angle": 22.5, "axis": "z", "origin": [22, 14.5, 8]},
			"faces": {
				"north": {"uv": [6.25, 2.25, 5.5, 2.75], "rotation": 270, "texture": "#0"},
				"east": {"uv": [5.5, 4.2375, 6.25, 3.75], "rotation": 90, "texture": "#0"},
				"south": {"uv": [6.25, 3, 5.5, 3.5], "rotation": 90, "texture": "#0"},
				"west": {"uv": [5.5, 4.5, 6.25, 4.9875], "rotation": 90, "texture": "#0"},
				"up": {"uv": [8.2375, 3.25, 7.75, 3.75], "rotation": 90, "texture": "#0"},
				"down": {"uv": [8.2375, 4, 7.75, 4.5], "rotation": 90, "texture": "#0"}
			}
		},
		{
			"from": [-6.02833, 11.50266, 7.025],
			"to": [-4.02833, 14.50266, 8.975],
			"rotation": {"angle": -22.5, "axis": "z", "origin": [-6, 14.5, 8]},
			"faces": {
				"north": {"uv": [6.25, 2.75, 5.5, 2.25], "rotation": 270, "texture": "#0"},
				"east": {"uv": [5.5, 4.9875, 6.25, 4.5], "rotation": 90, "texture": "#0"},
				"south": {"uv": [6.25, 3.5, 5.5, 3], "rotation": 90, "texture": "#0"},
				"west": {"uv": [5.5, 3.75, 6.25, 4.2375], "rotation": 90, "texture": "#0"},
				"up": {"uv": [8.2375, 3.75, 7.75, 3.25], "rotation": 90, "texture": "#0"},
				"down": {"uv": [8.2375, 4.5, 7.75, 4], "rotation": 90, "texture": "#0"}
			}
		},
		{
			"from": [-7.54328, 19.5461, 6.775],
			"to": [-3.54328, 22.0461, 9.225],
			"rotation": {"angle": 45, "axis": "z", "origin": [2, 20, 8]},
			"faces": {
				"north": {"uv": [5.5, 2.25, 6.5, 2.875], "texture": "#0"},
				"east": {"uv": [7.75, 3.25, 8.3625, 3.875], "texture": "#0"},
				"south": {"uv": [5.5, 3, 6.5, 3.625], "texture": "#0"},
				"west": {"uv": [7.75, 4, 8.3625, 4.625], "texture": "#0"},
				"up": {"uv": [6.5, 4.3625, 5.5, 3.75], "texture": "#0"},
				"down": {"uv": [6.5, 4.5, 5.5, 5.1125], "texture": "#0"}
			}
		},
		{
			"from": [9.5, 8, 7.5],
			"to": [13.5, 10, 8.5],
			"rotation": {"angle": 22.5, "axis": "z", "origin": [9.5, 8, 8]},
			"faces": {
				"north": {"uv": [6.5, 8, 5.5, 8.5], "texture": "#0"},
				"east": {"uv": [2.5, 8, 2.25, 8.5], "texture": "#0"},
				"south": {"uv": [9, 7.5, 8, 8], "texture": "#0"},
				"west": {"uv": [2.75, 4.25, 2.5, 4.75], "texture": "#0"},
				"up": {"uv": [3.5, 5.25, 4.5, 5], "texture": "#0"},
				"down": {"uv": [0, 7.25, 1, 7.5], "texture": "#0"}
			}
		},
		{
			"from": [0.5, 8, 0.5],
			"to": [15.5, 8, 15.5],
			"rotation": {"angle": 0, "axis": "y", "origin": [8, 8, 8]},
			"faces": {
				"north": {"uv": [3.5, 5.25, 5.25, 6], "texture": "#0"},
				"east": {"uv": [7, 1, 8.25, 1.75], "texture": "#0"},
				"south": {"uv": [5.25, 5.25, 7, 6], "texture": "#0"},
				"west": {"uv": [7, 1.75, 8.25, 2.5], "texture": "#0"},
				"up": {"uv": [8, 8, 0, 0], "texture": "#1"},
				"down": {"uv": [8, 0, 0, 8], "texture": "#1"}
			}
		},
		{
			"from": [0.5, 8, 0.5],
			"to": [15.5, 8, 15.5],
			"rotation": {"angle": -22.5, "axis": "y", "origin": [8, 8, 8]},
			"faces": {
				"north": {"uv": [3.5, 5.25, 5.25, 6], "texture": "#0"},
				"east": {"uv": [7, 1, 8.25, 1.75], "texture": "#0"},
				"south": {"uv": [5.25, 5.25, 7, 6], "texture": "#0"},
				"west": {"uv": [7, 1.75, 8.25, 2.5], "texture": "#0"},
				"up": {"uv": [16, 8, 8, 0], "texture": "#1"},
				"down": {"uv": [16, 0, 8, 8], "texture": "#1"}
			}
		},
		{
			"from": [0.5, 8, 0.5],
			"to": [15.5, 8, 15.5],
			"rotation": {"angle": -45, "axis": "y", "origin": [8, 8, 8]},
			"faces": {
				"north": {"uv": [3.5, 5.25, 5.25, 6], "texture": "#0"},
				"east": {"uv": [7, 1, 8.25, 1.75], "texture": "#0"},
				"south": {"uv": [5.25, 5.25, 7, 6], "texture": "#0"},
				"west": {"uv": [7, 1.75, 8.25, 2.5], "texture": "#0"},
				"up": {"uv": [8, 16, 0, 8], "texture": "#1"},
				"down": {"uv": [8, 8, 0, 16], "texture": "#1"}
			}
		},
		{
			"from": [0.5, 8, 0.5],
			"to": [15.5, 8, 15.5],
			"rotation": {"angle": 22.5, "axis": "y", "origin": [8, 8, 8]},
			"faces": {
				"north": {"uv": [7, 1.75, 8.25, 2.5], "texture": "#0"},
				"east": {"uv": [3.5, 5.25, 5.25, 6], "texture": "#0"},
				"south": {"uv": [7, 1, 8.25, 1.75], "texture": "#0"},
				"west": {"uv": [5.25, 5.25, 7, 6], "texture": "#0"},
				"up": {"uv": [16, 16, 8, 8], "rotation": 90, "texture": "#1"},
				"down": {"uv": [16, 8, 8, 16], "rotation": 270, "texture": "#1"}
			}
		}
	],
	"display": {
		"thirdperson_righthand": {
			"rotation": [0, 90, 0],
			"translation": [0, 2.25, 1.75],
			"scale": [0.5, 0.5, 0.5]
		},
		"thirdperson_lefthand": {
			"rotation": [0, -90, 0],
			"translation": [0, 2.25, 1.75],
			"scale": [0.5, 0.5, 0.5]
		},
		"firstperson_righthand": {
			"rotation": [0, 90, 20],
			"translation": [0.5, 0.75, 0.25],
			"scale": [0.45, 0.45, 0.45]
		},
		"firstperson_lefthand": {
			"rotation": [0, -90, -20],
			"translation": [0.5, 0.75, 0.25],
			"scale": [0.45, 0.45, 0.45]
		},
		"ground": {
			"translation": [0, 4.25, 0],
			"scale": [0.45, 0.45, 0.45]
		},
		"gui": {
			"rotation": [0, -180, 45],
			"translation": [0.75, 0.25, 0],
			"scale": [0.45, 0.45, 0.45]
		},
		"head": {
			"translation": [0, 14, 0],
			"scale": [0.5, 0.5, 0.5]
		},
		"fixed": {
			"rotation": [0, 0, -45],
			"translation": [-0.75, 0.25, 0],
			"scale": [0.5, 0.5, 0.5]
		}
	},
	"groups": [
		0,
		1,
		2,
		3,
		4,
		5,
		6,
		7,
		8,
		9,
		10,
		{
			"name": "group",
			"origin": [0, 18, 16],
			"color": 0,
			"children": [
				11,
				12,
				{
					"name": "group",
					"origin": [0, 18, 16],
					"color": 0,
					"children": []
				},
				13
			]
		},
		{
			"name": "group",
			"origin": [0, 18, 16],
			"color": 0,
			"children": [
				14,
				15,
				{
					"name": "group",
					"origin": [0, 18, 16],
					"color": 0,
					"children": [16, 17, 18, 19]
				},
				20
			]
		},
		{
			"name": "rotate",
			"origin": [8, 9, 8],
			"color": 0,
			"children": [21, 22, 23, 24]
		}
	]
}