{
    "credit": "Pologony Creation Co.,Ltd.",
    "texture_size": [
        24,
        24
    ],
    "textures": {
        "0": "item/multiple/heaven/animation_1",
        "1": "item/pickaxes/heaven_pickaxe",
        "particle": "item/pickaxes/heaven_pickaxe"
    },
    "elements": [
        {
            "from": [
                7.5,
                1,
                6.38425
            ],
            "to": [
                8.5,
                2,
                7.88425
            ],
            "rotation": {
                "angle": -22.5,
                "axis": "x",
                "origin": [
                    7.5,
                    1,
                    7.88425
                ]
            },
            "faces": {
                "east": {
                    "uv": [
                        4.66667,
                        10.66667,
                        5.66667,
                        11.33333
                    ],
                    "texture": "#1"
                },
                "south": {
                    "uv": [
                        9.33333,
                        10.66667,
                        10,
                        11.33333
                    ],
                    "texture": "#1"
                },
                "west": {
                    "uv": [
                        10.66667,
                        5.33333,
                        11.66667,
                        6
                    ],
                    "texture": "#1"
                },
                "up": {
                    "uv": [
                        6.66667,
                        11.66667,
                        6,
                        10.66667
                    ],
                    "texture": "#1"
                },
                "down": {
                    "uv": [
                        11.33333,
                        6,
                        10.66667,
                        7
                    ],
                    "texture": "#1"
                }
            }
        },
        {
            "from": [
                7.625,
                1.28701,
                5.69134
            ],
            "to": [
                8.375,
                2.53701,
                7.19134
            ],
            "rotation": {
                "angle": -22.5,
                "axis": "x",
                "origin": [
                    7.375,
                    1.28701,
                    7.19134
                ]
            },
            "faces": {
                "north": {
                    "uv": [
                        5.33333,
                        12.66667,
                        5.83333,
                        13.5
                    ],
                    "texture": "#1"
                },
                "east": {
                    "uv": [
                        10.66667,
                        2.66667,
                        11.66667,
                        3.5
                    ],
                    "texture": "#1"
                },
                "west": {
                    "uv": [
                        3.33333,
                        10.66667,
                        4.33333,
                        11.5
                    ],
                    "texture": "#1"
                },
                "up": {
                    "uv": [
                        11.16667,
                        9,
                        10.66667,
                        8
                    ],
                    "texture": "#1"
                }
            }
        },
        {
            "from": [
                7.25,
                0.31179,
                6.32246
            ],
            "to": [
                8.75,
                2.31179,
                7.07246
            ],
            "rotation": {
                "angle": 22.5,
                "axis": "x",
                "origin": [
                    7.5,
                    1.81179,
                    7.07246
                ]
            },
            "faces": {
                "north": {
                    "uv": [
                        9.33333,
                        2.66667,
                        10.33333,
                        4
                    ],
                    "texture": "#1"
                },
                "east": {
                    "uv": [
                        6.66667,
                        10.66667,
                        7.16667,
                        12
                    ],
                    "texture": "#1"
                },
                "south": {
                    "uv": [
                        3.33333,
                        9.33333,
                        4.33333,
                        10.66667
                    ],
                    "texture": "#1"
                },
                "west": {
                    "uv": [
                        7.33333,
                        10.66667,
                        7.83333,
                        12
                    ],
                    "texture": "#1"
                },
                "up": {
                    "uv": [
                        11.66667,
                        9.83333,
                        10.66667,
                        9.33333
                    ],
                    "texture": "#1"
                },
                "down": {
                    "uv": [
                        11.66667,
                        10,
                        10.66667,
                        10.5
                    ],
                    "texture": "#1"
                }
            }
        },
        {
            "from": [
                7.5,
                1,
                8.11575
            ],
            "to": [
                8.5,
                2,
                9.61575
            ],
            "rotation": {
                "angle": 22.5,
                "axis": "x",
                "origin": [
                    7.5,
                    1,
                    8.11575
                ]
            },
            "faces": {
                "north": {
                    "uv": [
                        10,
                        10.66667,
                        9.33333,
                        11.33333
                    ],
                    "texture": "#1"
                },
                "east": {
                    "uv": [
                        5.66667,
                        10.66667,
                        4.66667,
                        11.33333
                    ],
                    "texture": "#1"
                },
                "west": {
                    "uv": [
                        11.66667,
                        5.33333,
                        10.66667,
                        6
                    ],
                    "texture": "#1"
                },
                "up": {
                    "uv": [
                        6.66667,
                        10.66667,
                        6,
                        11.66667
                    ],
                    "texture": "#1"
                },
                "down": {
                    "uv": [
                        11.33333,
                        7,
                        10.66667,
                        6
                    ],
                    "texture": "#1"
                }
            }
        },
        {
            "from": [
                7.625,
                1.28701,
                8.80866
            ],
            "to": [
                8.375,
                2.53701,
                10.30866
            ],
            "rotation": {
                "angle": 22.5,
                "axis": "x",
                "origin": [
                    7.375,
                    1.28701,
                    8.80866
                ]
            },
            "faces": {
                "east": {
                    "uv": [
                        11.66667,
                        2.66667,
                        10.66667,
                        3.5
                    ],
                    "texture": "#1"
                },
                "south": {
                    "uv": [
                        5.83333,
                        12.66667,
                        5.33333,
                        13.5
                    ],
                    "texture": "#1"
                },
                "west": {
                    "uv": [
                        4.33333,
                        10.66667,
                        3.33333,
                        11.5
                    ],
                    "texture": "#1"
                },
                "up": {
                    "uv": [
                        11.16667,
                        8,
                        10.66667,
                        9
                    ],
                    "texture": "#1"
                }
            }
        },
        {
            "from": [
                7.25,
                0.31179,
                8.92754
            ],
            "to": [
                8.75,
                2.31179,
                9.67754
            ],
            "rotation": {
                "angle": -22.5,
                "axis": "x",
                "origin": [
                    7.5,
                    1.81179,
                    8.92754
                ]
            },
            "faces": {
                "north": {
                    "uv": [
                        4.33333,
                        9.33333,
                        3.33333,
                        10.66667
                    ],
                    "texture": "#1"
                },
                "east": {
                    "uv": [
                        7.16667,
                        10.66667,
                        6.66667,
                        12
                    ],
                    "texture": "#1"
                },
                "south": {
                    "uv": [
                        10.33333,
                        2.66667,
                        9.33333,
                        4
                    ],
                    "texture": "#1"
                },
                "west": {
                    "uv": [
                        7.83333,
                        10.66667,
                        7.33333,
                        12
                    ],
                    "texture": "#1"
                },
                "up": {
                    "uv": [
                        11.66667,
                        9.33333,
                        10.66667,
                        9.83333
                    ],
                    "texture": "#1"
                },
                "down": {
                    "uv": [
                        11.66667,
                        10.5,
                        10.66667,
                        10
                    ],
                    "texture": "#1"
                }
            }
        },
        {
            "from": [
                7.25,
                0.25,
                7.75
            ],
            "to": [
                8.75,
                1.75,
                9.25
            ],
            "rotation": {
                "angle": -45,
                "axis": "x",
                "origin": [
                    7.5,
                    0.5,
                    8
                ]
            },
            "faces": {
                "north": {
                    "uv": [
                        9.33333,
                        5.33333,
                        10.33333,
                        6.33333
                    ],
                    "texture": "#1"
                },
                "east": {
                    "uv": [
                        6,
                        9.33333,
                        7,
                        10.33333
                    ],
                    "texture": "#1"
                },
                "south": {
                    "uv": [
                        9.33333,
                        6.66667,
                        10.33333,
                        7.66667
                    ],
                    "texture": "#1"
                },
                "west": {
                    "uv": [
                        7.33333,
                        9.33333,
                        8.33333,
                        10.33333
                    ],
                    "texture": "#1"
                },
                "up": {
                    "uv": [
                        10.33333,
                        9,
                        9.33333,
                        8
                    ],
                    "texture": "#1"
                },
                "down": {
                    "uv": [
                        9.66667,
                        9.33333,
                        8.66667,
                        10.33333
                    ],
                    "texture": "#1"
                }
            }
        },
        {
            "from": [
                6.68934,
                1.76777,
                6.25
            ],
            "to": [
                8.68934,
                2.26777,
                8.25
            ],
            "rotation": {
                "angle": -45,
                "axis": "y",
                "origin": [
                    6.93934,
                    1.76777,
                    8
                ]
            },
            "faces": {
                "north": {
                    "uv": [
                        8,
                        11.33333,
                        9.33333,
                        11.66667
                    ],
                    "texture": "#1"
                },
                "east": {
                    "uv": [
                        11.33333,
                        8,
                        12.66667,
                        8.33333
                    ],
                    "texture": "#1"
                },
                "south": {
                    "uv": [
                        11.33333,
                        8.66667,
                        12.66667,
                        9
                    ],
                    "texture": "#1"
                },
                "west": {
                    "uv": [
                        10.66667,
                        11.33333,
                        12,
                        11.66667
                    ],
                    "texture": "#1"
                },
                "up": {
                    "uv": [
                        5.33333,
                        8,
                        4,
                        6.66667
                    ],
                    "texture": "#1"
                },
                "down": {
                    "uv": [
                        6.66667,
                        6.66667,
                        5.33333,
                        8
                    ],
                    "texture": "#1"
                }
            }
        },
        {
            "from": [
                6.93934,
                2.26777,
                6.5
            ],
            "to": [
                8.43934,
                3.01777,
                8
            ],
            "rotation": {
                "angle": -45,
                "axis": "y",
                "origin": [
                    6.93934,
                    1.76777,
                    8
                ]
            },
            "faces": {
                "north": {
                    "uv": [
                        10.66667,
                        10.66667,
                        11.66667,
                        11.16667
                    ],
                    "texture": "#1"
                },
                "east": {
                    "uv": [
                        11.33333,
                        0,
                        12.33333,
                        0.5
                    ],
                    "texture": "#1"
                },
                "south": {
                    "uv": [
                        0.66667,
                        11.33333,
                        1.66667,
                        11.83333
                    ],
                    "texture": "#1"
                },
                "west": {
                    "uv": [
                        11.33333,
                        0.66667,
                        12.33333,
                        1.16667
                    ],
                    "texture": "#1"
                }
            }
        },
        {
            "from": [
                7.18934,
                3.51777,
                6.75
            ],
            "to": [
                8.18934,
                7.01777,
                7.75
            ],
            "rotation": {
                "angle": -45,
                "axis": "y",
                "origin": [
                    6.93934,
                    3.01777,
                    8
                ]
            },
            "faces": {
                "north": {
                    "uv": [
                        8,
                        6.66667,
                        8.66667,
                        9
                    ],
                    "texture": "#1"
                },
                "east": {
                    "uv": [
                        8.66667,
                        1.33333,
                        9.33333,
                        3.66667
                    ],
                    "texture": "#1"
                },
                "south": {
                    "uv": [
                        8.66667,
                        6.66667,
                        9.33333,
                        9
                    ],
                    "texture": "#1"
                },
                "west": {
                    "uv": [
                        0,
                        9.33333,
                        0.66667,
                        11.66667
                    ],
                    "texture": "#1"
                }
            }
        },
        {
            "from": [
                6.68934,
                3.01777,
                6.25
            ],
            "to": [
                8.68934,
                3.51777,
                8.25
            ],
            "rotation": {
                "angle": -45,
                "axis": "y",
                "origin": [
                    6.93934,
                    3.01777,
                    8
                ]
            },
            "faces": {
                "north": {
                    "uv": [
                        0,
                        12,
                        1.33333,
                        12.33333
                    ],
                    "texture": "#1"
                },
                "east": {
                    "uv": [
                        1.33333,
                        12,
                        2.66667,
                        12.33333
                    ],
                    "texture": "#1"
                },
                "south": {
                    "uv": [
                        2.66667,
                        12,
                        4,
                        12.33333
                    ],
                    "texture": "#1"
                },
                "west": {
                    "uv": [
                        12,
                        2.66667,
                        13.33333,
                        3
                    ],
                    "texture": "#1"
                },
                "up": {
                    "uv": [
                        8,
                        6.66667,
                        6.66667,
                        5.33333
                    ],
                    "texture": "#1"
                },
                "down": {
                    "uv": [
                        8,
                        6.66667,
                        6.66667,
                        8
                    ],
                    "texture": "#1"
                }
            }
        },
        {
            "from": [
                6.68934,
                8.26777,
                6.25
            ],
            "to": [
                8.68934,
                8.76777,
                8.25
            ],
            "rotation": {
                "angle": -45,
                "axis": "y",
                "origin": [
                    6.93934,
                    8.26777,
                    8
                ]
            },
            "faces": {
                "north": {
                    "uv": [
                        12,
                        3.33333,
                        13.33333,
                        3.66667
                    ],
                    "texture": "#1"
                },
                "east": {
                    "uv": [
                        4,
                        12,
                        5.33333,
                        12.33333
                    ],
                    "texture": "#1"
                },
                "south": {
                    "uv": [
                        5.33333,
                        12,
                        6.66667,
                        12.33333
                    ],
                    "texture": "#1"
                },
                "west": {
                    "uv": [
                        12,
                        5.33333,
                        13.33333,
                        5.66667
                    ],
                    "texture": "#1"
                },
                "up": {
                    "uv": [
                        8.66667,
                        2.66667,
                        7.33333,
                        1.33333
                    ],
                    "texture": "#1"
                },
                "down": {
                    "uv": [
                        8.66667,
                        2.66667,
                        7.33333,
                        4
                    ],
                    "texture": "#1"
                }
            }
        },
        {
            "from": [
                6.93934,
                7.51777,
                6.5
            ],
            "to": [
                8.43934,
                8.26777,
                8
            ],
            "rotation": {
                "angle": -45,
                "axis": "y",
                "origin": [
                    6.93934,
                    7.01777,
                    8
                ]
            },
            "faces": {
                "north": {
                    "uv": [
                        11.33333,
                        1.33333,
                        12.33333,
                        1.83333
                    ],
                    "texture": "#1"
                },
                "east": {
                    "uv": [
                        2,
                        11.33333,
                        3,
                        11.83333
                    ],
                    "texture": "#1"
                },
                "south": {
                    "uv": [
                        11.33333,
                        2,
                        12.33333,
                        2.5
                    ],
                    "texture": "#1"
                },
                "west": {
                    "uv": [
                        11.33333,
                        4,
                        12.33333,
                        4.5
                    ],
                    "texture": "#1"
                }
            }
        },
        {
            "from": [
                6.68934,
                7.01777,
                6.25
            ],
            "to": [
                8.68934,
                7.51777,
                8.25
            ],
            "rotation": {
                "angle": -45,
                "axis": "y",
                "origin": [
                    6.93934,
                    7.01777,
                    8
                ]
            },
            "faces": {
                "north": {
                    "uv": [
                        6.66667,
                        12,
                        8,
                        12.33333
                    ],
                    "texture": "#1"
                },
                "east": {
                    "uv": [
                        12,
                        7.33333,
                        13.33333,
                        7.66667
                    ],
                    "texture": "#1"
                },
                "south": {
                    "uv": [
                        8,
                        12,
                        9.33333,
                        12.33333
                    ],
                    "texture": "#1"
                },
                "west": {
                    "uv": [
                        9.33333,
                        12,
                        10.66667,
                        12.33333
                    ],
                    "texture": "#1"
                },
                "up": {
                    "uv": [
                        8.66667,
                        5.33333,
                        7.33333,
                        4
                    ],
                    "texture": "#1"
                },
                "down": {
                    "uv": [
                        9.33333,
                        0,
                        8,
                        1.33333
                    ],
                    "texture": "#1"
                }
            }
        },
        {
            "from": [
                6.68934,
                13.26777,
                6.25
            ],
            "to": [
                8.68934,
                13.76777,
                8.25
            ],
            "rotation": {
                "angle": -45,
                "axis": "y",
                "origin": [
                    6.93934,
                    13.26777,
                    8
                ]
            },
            "faces": {
                "north": {
                    "uv": [
                        12,
                        9.33333,
                        13.33333,
                        9.66667
                    ],
                    "texture": "#1"
                },
                "east": {
                    "uv": [
                        12,
                        10,
                        13.33333,
                        10.33333
                    ],
                    "texture": "#1"
                },
                "south": {
                    "uv": [
                        10.66667,
                        12,
                        12,
                        12.33333
                    ],
                    "texture": "#1"
                },
                "west": {
                    "uv": [
                        12,
                        10.66667,
                        13.33333,
                        11
                    ],
                    "texture": "#1"
                },
                "up": {
                    "uv": [
                        5.33333,
                        9.33333,
                        4,
                        8
                    ],
                    "texture": "#1"
                },
                "down": {
                    "uv": [
                        6.66667,
                        8,
                        5.33333,
                        9.33333
                    ],
                    "texture": "#1"
                }
            }
        },
        {
            "from": [
                6.93934,
                12.51777,
                6.5
            ],
            "to": [
                8.43934,
                13.26777,
                8
            ],
            "rotation": {
                "angle": -45,
                "axis": "y",
                "origin": [
                    6.93934,
                    12.01777,
                    8
                ]
            },
            "faces": {
                "north": {
                    "uv": [
                        4.66667,
                        11.33333,
                        5.66667,
                        11.83333
                    ],
                    "texture": "#1"
                },
                "east": {
                    "uv": [
                        11.33333,
                        4.66667,
                        12.33333,
                        5.16667
                    ],
                    "texture": "#1"
                },
                "south": {
                    "uv": [
                        11.33333,
                        6,
                        12.33333,
                        6.5
                    ],
                    "texture": "#1"
                },
                "west": {
                    "uv": [
                        11.33333,
                        6.66667,
                        12.33333,
                        7.16667
                    ],
                    "texture": "#1"
                }
            }
        },
        {
            "from": [
                6.68934,
                12.01777,
                6.25
            ],
            "to": [
                8.68934,
                12.51777,
                8.25
            ],
            "rotation": {
                "angle": -45,
                "axis": "y",
                "origin": [
                    6.93934,
                    12.01777,
                    8
                ]
            },
            "faces": {
                "north": {
                    "uv": [
                        12,
                        11.33333,
                        13.33333,
                        11.66667
                    ],
                    "texture": "#1"
                },
                "east": {
                    "uv": [
                        12,
                        12,
                        13.33333,
                        12.33333
                    ],
                    "texture": "#1"
                },
                "south": {
                    "uv": [
                        0,
                        12.66667,
                        1.33333,
                        13
                    ],
                    "texture": "#1"
                },
                "west": {
                    "uv": [
                        12.66667,
                        0,
                        14,
                        0.33333
                    ],
                    "texture": "#1"
                },
                "up": {
                    "uv": [
                        9.33333,
                        6.66667,
                        8,
                        5.33333
                    ],
                    "texture": "#1"
                },
                "down": {
                    "uv": [
                        8,
                        8,
                        6.66667,
                        9.33333
                    ],
                    "texture": "#1"
                }
            }
        },
        {
            "from": [
                7,
                14.5,
                5.25
            ],
            "to": [
                9,
                16.75,
                7.5
            ],
            "rotation": {
                "angle": -45,
                "axis": "x",
                "origin": [
                    8,
                    17.25,
                    8
                ]
            },
            "faces": {
                "north": {
                    "uv": [
                        0,
                        4.66667,
                        1.33333,
                        6.16667
                    ],
                    "texture": "#1"
                },
                "east": {
                    "uv": [
                        2.66667,
                        0,
                        4.16667,
                        1.5
                    ],
                    "texture": "#1"
                },
                "south": {
                    "uv": [
                        4.66667,
                        0,
                        6,
                        1.5
                    ],
                    "texture": "#1"
                },
                "west": {
                    "uv": [
                        2.66667,
                        2,
                        4.16667,
                        3.5
                    ],
                    "texture": "#1"
                },
                "up": {
                    "uv": [
                        2.66667,
                        6.16667,
                        1.33333,
                        4.66667
                    ],
                    "texture": "#1"
                },
                "down": {
                    "uv": [
                        6,
                        2,
                        4.66667,
                        3.5
                    ],
                    "texture": "#1"
                }
            }
        },
        {
            "from": [
                6.75,
                14.75,
                5.5
            ],
            "to": [
                9.25,
                16.5,
                7.25
            ],
            "rotation": {
                "angle": -45,
                "axis": "x",
                "origin": [
                    8,
                    17.25,
                    8
                ]
            },
            "faces": {
                "north": {
                    "uv": [
                        2.66667,
                        5.33333,
                        4.33333,
                        6.5
                    ],
                    "texture": "#1"
                },
                "east": {
                    "uv": [
                        9.33333,
                        0,
                        10.5,
                        1.16667
                    ],
                    "texture": "#1"
                },
                "south": {
                    "uv": [
                        5.33333,
                        4,
                        7,
                        5.16667
                    ],
                    "texture": "#1"
                },
                "west": {
                    "uv": [
                        0.66667,
                        9.33333,
                        1.83333,
                        10.5
                    ],
                    "texture": "#1"
                },
                "up": {
                    "uv": [
                        6.33333,
                        6.5,
                        4.66667,
                        5.33333
                    ],
                    "texture": "#1"
                },
                "down": {
                    "uv": [
                        7.66667,
                        0,
                        6,
                        1.16667
                    ],
                    "texture": "#1"
                }
            }
        },
        {
            "from": [
                7.04289,
                8.76777,
                6.92678
            ],
            "to": [
                8.29289,
                12.01777,
                8.17678
            ],
            "rotation": {
                "angle": -45,
                "axis": "y",
                "origin": [
                    7.29289,
                    8.01777,
                    8.17678
                ]
            },
            "faces": {
                "north": {
                    "uv": [
                        6,
                        1.33333,
                        6.83333,
                        3.5
                    ],
                    "texture": "#1"
                },
                "east": {
                    "uv": [
                        0,
                        6.66667,
                        0.83333,
                        8.83333
                    ],
                    "texture": "#1"
                },
                "south": {
                    "uv": [
                        1.33333,
                        6.66667,
                        2.16667,
                        8.83333
                    ],
                    "texture": "#1"
                },
                "west": {
                    "uv": [
                        2.66667,
                        6.66667,
                        3.5,
                        8.83333
                    ],
                    "texture": "#1"
                }
            }
        },
        {
            "from": [
                7.7585,
                16.22972,
                5.13119
            ],
            "to": [
                8.2415,
                17.17972,
                6.23119
            ],
            "rotation": {
                "angle": 45,
                "axis": "x",
                "origin": [
                    7.7585,
                    16.22972,
                    5.13119
                ]
            },
            "faces": {
                "east": {
                    "uv": [
                        9.33333,
                        11.33333,
                        10,
                        12
                    ],
                    "texture": "#1"
                },
                "south": {
                    "uv": [
                        12.66667,
                        8,
                        13,
                        8.66667
                    ],
                    "texture": "#1"
                },
                "west": {
                    "uv": [
                        12.66667,
                        0.66667,
                        13.33333,
                        1.33333
                    ],
                    "texture": "#1"
                },
                "up": {
                    "uv": [
                        13,
                        9.33333,
                        12.66667,
                        8.66667
                    ],
                    "texture": "#1"
                },
                "down": {
                    "uv": [
                        9.66667,
                        12.66667,
                        9.33333,
                        13.33333
                    ],
                    "texture": "#1"
                }
            }
        },
        {
            "from": [
                7.7535,
                16.14599,
                4.71024
            ],
            "to": [
                8.2465,
                17.24599,
                5.73524
            ],
            "rotation": {
                "angle": -22.5,
                "axis": "x",
                "origin": [
                    7.7535,
                    17.24599,
                    4.71024
                ]
            },
            "faces": {
                "north": {
                    "uv": [
                        10,
                        12.66667,
                        10.33333,
                        13.33333
                    ],
                    "texture": "#1"
                },
                "east": {
                    "uv": [
                        1.33333,
                        12.66667,
                        2,
                        13.33333
                    ],
                    "texture": "#1"
                },
                "south": {
                    "uv": [
                        10.66667,
                        12.66667,
                        11,
                        13.33333
                    ],
                    "texture": "#1"
                },
                "west": {
                    "uv": [
                        12.66667,
                        1.33333,
                        13.33333,
                        2
                    ],
                    "texture": "#1"
                },
                "down": {
                    "uv": [
                        11.66667,
                        12.66667,
                        11.33333,
                        13.33333
                    ],
                    "texture": "#1"
                }
            }
        },
        {
            "from": [
                7.75,
                17.24599,
                4.71024
            ],
            "to": [
                8.25,
                18.34599,
                5.81024
            ],
            "rotation": {
                "angle": 0,
                "axis": "y",
                "origin": [
                    7.75,
                    18.34599,
                    4.71024
                ]
            },
            "faces": {
                "north": {
                    "uv": [
                        12,
                        12.66667,
                        12.33333,
                        13.33333
                    ],
                    "texture": "#1"
                },
                "east": {
                    "uv": [
                        2,
                        12.66667,
                        2.66667,
                        13.33333
                    ],
                    "texture": "#1"
                },
                "south": {
                    "uv": [
                        12.66667,
                        12.66667,
                        13,
                        13.33333
                    ],
                    "texture": "#1"
                },
                "west": {
                    "uv": [
                        12.66667,
                        2,
                        13.33333,
                        2.66667
                    ],
                    "texture": "#1"
                },
                "up": {
                    "uv": [
                        0.33333,
                        14,
                        0,
                        13.33333
                    ],
                    "texture": "#1"
                },
                "down": {
                    "uv": [
                        1,
                        13.33333,
                        0.66667,
                        14
                    ],
                    "texture": "#1"
                }
            }
        },
        {
            "from": [
                7.7585,
                19.33602,
                5.47823
            ],
            "to": [
                8.2415,
                20.28602,
                6.57823
            ],
            "rotation": {
                "angle": -45,
                "axis": "x",
                "origin": [
                    8,
                    19.40522,
                    6.4198
                ]
            },
            "faces": {
                "east": {
                    "uv": [
                        2.66667,
                        12.66667,
                        3.33333,
                        13.33333
                    ],
                    "texture": "#1"
                },
                "south": {
                    "uv": [
                        13.33333,
                        0.66667,
                        13.66667,
                        1.33333
                    ],
                    "texture": "#1"
                },
                "west": {
                    "uv": [
                        3.33333,
                        12.66667,
                        4,
                        13.33333
                    ],
                    "texture": "#1"
                },
                "up": {
                    "uv": [
                        1.66667,
                        14,
                        1.33333,
                        13.33333
                    ],
                    "texture": "#1"
                },
                "down": {
                    "uv": [
                        13.66667,
                        1.33333,
                        13.33333,
                        2
                    ],
                    "texture": "#1"
                }
            }
        },
        {
            "from": [
                7.7535,
                17.7724,
                5.24572
            ],
            "to": [
                8.2465,
                18.8724,
                6.27072
            ],
            "rotation": {
                "angle": 22.5,
                "axis": "x",
                "origin": [
                    8,
                    19.40522,
                    6.4198
                ]
            },
            "faces": {
                "north": {
                    "uv": [
                        2,
                        13.33333,
                        2.33333,
                        14
                    ],
                    "texture": "#1"
                },
                "east": {
                    "uv": [
                        4,
                        12.66667,
                        4.66667,
                        13.33333
                    ],
                    "texture": "#1"
                },
                "south": {
                    "uv": [
                        13.33333,
                        2,
                        13.66667,
                        2.66667
                    ],
                    "texture": "#1"
                },
                "west": {
                    "uv": [
                        12.66667,
                        4,
                        13.33333,
                        4.66667
                    ],
                    "texture": "#1"
                },
                "up": {
                    "uv": [
                        3,
                        14,
                        2.66667,
                        13.33333
                    ],
                    "texture": "#1"
                }
            }
        },
        {
            "from": [
                7.745,
                16.57322,
                8.25
            ],
            "to": [
                8.255,
                18.32322,
                10
            ],
            "rotation": {
                "angle": -45,
                "axis": "x",
                "origin": [
                    7.745,
                    16.32322,
                    8
                ]
            },
            "faces": {
                "north": {
                    "uv": [
                        6,
                        12.66667,
                        6.33333,
                        13.83333
                    ],
                    "texture": "#1"
                },
                "east": {
                    "uv": [
                        9.33333,
                        1.33333,
                        10.5,
                        2.5
                    ],
                    "texture": "#1"
                },
                "south": {
                    "uv": [
                        12.66667,
                        6,
                        13,
                        7.16667
                    ],
                    "texture": "#1"
                },
                "west": {
                    "uv": [
                        2,
                        9.33333,
                        3.16667,
                        10.5
                    ],
                    "texture": "#1"
                },
                "up": {
                    "uv": [
                        7,
                        13.83333,
                        6.66667,
                        12.66667
                    ],
                    "texture": "#1"
                },
                "down": {
                    "uv": [
                        7.66667,
                        12.66667,
                        7.33333,
                        13.83333
                    ],
                    "texture": "#1"
                }
            }
        },
        {
            "from": [
                7.745,
                20.66468,
                8
            ],
            "to": [
                8.255,
                21.72468,
                9.06
            ],
            "rotation": {
                "angle": -45,
                "axis": "x",
                "origin": [
                    7.745,
                    20.66468,
                    8
                ]
            },
            "faces": {
                "north": {
                    "uv": [
                        13.33333,
                        2.66667,
                        13.66667,
                        3.33333
                    ],
                    "texture": "#1"
                },
                "east": {
                    "uv": [
                        4.66667,
                        12.66667,
                        5.33333,
                        13.33333
                    ],
                    "texture": "#1"
                },
                "south": {
                    "uv": [
                        3.33333,
                        13.33333,
                        3.66667,
                        14
                    ],
                    "texture": "#1"
                },
                "west": {
                    "uv": [
                        12.66667,
                        4.66667,
                        13.33333,
                        5.33333
                    ],
                    "texture": "#1"
                },
                "up": {
                    "uv": [
                        13.66667,
                        4,
                        13.33333,
                        3.33333
                    ],
                    "texture": "#1"
                },
                "down": {
                    "uv": [
                        4.33333,
                        13.33333,
                        4,
                        14
                    ],
                    "texture": "#1"
                }
            }
        },
        {
            "from": [
                7.75,
                17.91421,
                7.25
            ],
            "to": [
                8.25,
                21.91421,
                8.75
            ],
            "rotation": {
                "angle": 0,
                "axis": "x",
                "origin": [
                    8.25,
                    18.91421,
                    8
                ]
            },
            "faces": {
                "north": {
                    "uv": [
                        10,
                        9.33333,
                        10.33333,
                        12
                    ],
                    "texture": "#1"
                },
                "east": {
                    "uv": [
                        0,
                        2,
                        1,
                        4.66667
                    ],
                    "texture": "#1"
                },
                "south": {
                    "uv": [
                        10.66667,
                        0,
                        11,
                        2.66667
                    ],
                    "texture": "#1"
                },
                "west": {
                    "uv": [
                        1.33333,
                        2,
                        2.33333,
                        4.66667
                    ],
                    "texture": "#1"
                }
            }
        },
        {
            "from": [
                6.9,
                11.825,
                4.875
            ],
            "to": [
                6.9,
                18.075,
                11.125
            ],
            "rotation": {
                "angle": 0,
                "axis": "y",
                "origin": [
                    0,
                    5,
                    5.125
                ]
            },
            "faces": {
                "west": {
                    "uv": [
                        0,
                        0,
                        12.5,
                        12.5
                    ],
                    "texture": "#0"
                }
            }
        },
        {
            "from": [
                9.1,
                11.825,
                4.875
            ],
            "to": [
                9.1,
                18.075,
                11.125
            ],
            "rotation": {
                "angle": 0,
                "axis": "y",
                "origin": [
                    16,
                    5,
                    5.125
                ]
            },
            "faces": {
                "east": {
                    "uv": [
                        12.5,
                        0,
                        0,
                        12.5
                    ],
                    "texture": "#0"
                }
            }
        },
        {
            "from": [
                7.875,
                17.21048,
                0.42295
            ],
            "to": [
                8.125,
                18.28748,
                2.42295
            ],
            "rotation": {
                "angle": -22.5,
                "axis": "x",
                "origin": [
                    8,
                    17.37269,
                    0.35451
                ]
            },
            "faces": {
                "east": {
                    "uv": [
                        0.66667,
                        10.66667,
                        2,
                        11.33333
                    ],
                    "texture": "#1"
                },
                "south": {
                    "uv": [
                        13.33333,
                        8,
                        13.5,
                        8.66667
                    ],
                    "texture": "#1"
                },
                "west": {
                    "uv": [
                        2,
                        10.66667,
                        3.33333,
                        11.33333
                    ],
                    "texture": "#1"
                },
                "up": {
                    "uv": [
                        13.5,
                        5.33333,
                        13.33333,
                        4
                    ],
                    "texture": "#1"
                },
                "down": {
                    "uv": [
                        4.83333,
                        13.33333,
                        4.66667,
                        14.66667
                    ],
                    "texture": "#1"
                }
            }
        },
        {
            "from": [
                7.99,
                15.81233,
                0.42218
            ],
            "to": [
                8.01,
                17.28733,
                2.42218
            ],
            "rotation": {
                "angle": -22.5,
                "axis": "x",
                "origin": [
                    7.865,
                    17.37454,
                    0.35375
                ]
            },
            "faces": {
                "east": {
                    "uv": [
                        1.33333,
                        14.16667,
                        0,
                        15.16667
                    ],
                    "texture": "#1"
                },
                "west": {
                    "uv": [
                        0,
                        14.16667,
                        1.33333,
                        15.16667
                    ],
                    "texture": "#1"
                }
            }
        },
        {
            "from": [
                7.87,
                15.89172,
                -0.424
            ],
            "to": [
                8.13,
                17.05172,
                1.326
            ],
            "rotation": {
                "angle": -45,
                "axis": "x",
                "origin": [
                    7.995,
                    16.12892,
                    -0.74243
                ]
            },
            "faces": {
                "north": {
                    "uv": [
                        13.33333,
                        8.66667,
                        13.5,
                        9.33333
                    ],
                    "texture": "#1"
                },
                "east": {
                    "uv": [
                        10.66667,
                        7.33333,
                        11.66667,
                        8
                    ],
                    "texture": "#1"
                },
                "south": {
                    "uv": [
                        9.33333,
                        13.33333,
                        9.5,
                        14
                    ],
                    "texture": "#1"
                },
                "west": {
                    "uv": [
                        8,
                        10.66667,
                        9,
                        11.33333
                    ],
                    "texture": "#1"
                },
                "up": {
                    "uv": [
                        13.5,
                        6.33333,
                        13.33333,
                        5.33333
                    ],
                    "texture": "#1"
                },
                "down": {
                    "uv": [
                        13.5,
                        6.66667,
                        13.33333,
                        7.66667
                    ],
                    "texture": "#1"
                }
            }
        },
        {
            "from": [
                7.995,
                14.77379,
                -1.93107
            ],
            "to": [
                8.005,
                16.79879,
                1.06893
            ],
            "rotation": {
                "angle": -45,
                "axis": "x",
                "origin": [
                    7.86,
                    16.13599,
                    -0.7495
                ]
            },
            "faces": {
                "east": {
                    "uv": [
                        2.33333,
                        0,
                        0,
                        1.5
                    ],
                    "texture": "#1"
                },
                "west": {
                    "uv": [
                        0,
                        0,
                        2.33333,
                        1.5
                    ],
                    "texture": "#1"
                }
            }
        },
        {
            "from": [
                7.88,
                18.0094,
                1.91542
            ],
            "to": [
                8.12,
                19.0094,
                5.41542
            ],
            "rotation": {
                "angle": 0,
                "axis": "x",
                "origin": [
                    8.005,
                    18.09661,
                    2.34698
                ]
            },
            "faces": {
                "east": {
                    "uv": [
                        8.66667,
                        4,
                        11,
                        4.66667
                    ],
                    "texture": "#1"
                },
                "west": {
                    "uv": [
                        8.66667,
                        4.66667,
                        11,
                        5.33333
                    ],
                    "texture": "#1"
                },
                "up": {
                    "uv": [
                        8.16667,
                        15,
                        8,
                        12.66667
                    ],
                    "texture": "#1"
                },
                "down": {
                    "uv": [
                        8.83333,
                        12.66667,
                        8.66667,
                        15
                    ],
                    "texture": "#1"
                }
            }
        },
        {
            "from": [
                7.985,
                16.4844,
                2.16542
            ],
            "to": [
                8.015,
                18.0094,
                5.41542
            ],
            "rotation": {
                "angle": 0,
                "axis": "x",
                "origin": [
                    7.87,
                    17.09661,
                    2.34698
                ]
            },
            "faces": {
                "east": {
                    "uv": [
                        5,
                        4,
                        2.83333,
                        5
                    ],
                    "texture": "#1"
                },
                "west": {
                    "uv": [
                        2.83333,
                        4,
                        5,
                        5
                    ],
                    "texture": "#1"
                }
            }
        },
        {
            "from": [
                7.7585,
                16.22972,
                9.76881
            ],
            "to": [
                8.2415,
                17.17972,
                10.86881
            ],
            "rotation": {
                "angle": -45,
                "axis": "x",
                "origin": [
                    7.7585,
                    16.22972,
                    10.86881
                ]
            },
            "faces": {
                "north": {
                    "uv": [
                        13,
                        8,
                        12.66667,
                        8.66667
                    ],
                    "texture": "#1"
                },
                "east": {
                    "uv": [
                        10,
                        11.33333,
                        9.33333,
                        12
                    ],
                    "texture": "#1"
                },
                "west": {
                    "uv": [
                        13.33333,
                        0.66667,
                        12.66667,
                        1.33333
                    ],
                    "texture": "#1"
                },
                "up": {
                    "uv": [
                        13,
                        8.66667,
                        12.66667,
                        9.33333
                    ],
                    "texture": "#1"
                },
                "down": {
                    "uv": [
                        9.66667,
                        13.33333,
                        9.33333,
                        12.66667
                    ],
                    "texture": "#1"
                }
            }
        },
        {
            "from": [
                7.7535,
                16.14599,
                10.26476
            ],
            "to": [
                8.2465,
                17.24599,
                11.28976
            ],
            "rotation": {
                "angle": 22.5,
                "axis": "x",
                "origin": [
                    7.7535,
                    17.24599,
                    11.28976
                ]
            },
            "faces": {
                "north": {
                    "uv": [
                        11,
                        12.66667,
                        10.66667,
                        13.33333
                    ],
                    "texture": "#1"
                },
                "east": {
                    "uv": [
                        2,
                        12.66667,
                        1.33333,
                        13.33333
                    ],
                    "texture": "#1"
                },
                "south": {
                    "uv": [
                        10.33333,
                        12.66667,
                        10,
                        13.33333
                    ],
                    "texture": "#1"
                },
                "west": {
                    "uv": [
                        13.33333,
                        1.33333,
                        12.66667,
                        2
                    ],
                    "texture": "#1"
                },
                "down": {
                    "uv": [
                        11.66667,
                        13.33333,
                        11.33333,
                        12.66667
                    ],
                    "texture": "#1"
                }
            }
        },
        {
            "from": [
                7.75,
                17.24599,
                10.18976
            ],
            "to": [
                8.25,
                18.34599,
                11.28976
            ],
            "rotation": {
                "angle": 0,
                "axis": "y",
                "origin": [
                    7.75,
                    18.34599,
                    11.28976
                ]
            },
            "faces": {
                "north": {
                    "uv": [
                        13,
                        12.66667,
                        12.66667,
                        13.33333
                    ],
                    "texture": "#1"
                },
                "east": {
                    "uv": [
                        2.66667,
                        12.66667,
                        2,
                        13.33333
                    ],
                    "texture": "#1"
                },
                "south": {
                    "uv": [
                        12.33333,
                        12.66667,
                        12,
                        13.33333
                    ],
                    "texture": "#1"
                },
                "west": {
                    "uv": [
                        13.33333,
                        2,
                        12.66667,
                        2.66667
                    ],
                    "texture": "#1"
                },
                "up": {
                    "uv": [
                        0.33333,
                        13.33333,
                        0,
                        14
                    ],
                    "texture": "#1"
                },
                "down": {
                    "uv": [
                        1,
                        14,
                        0.66667,
                        13.33333
                    ],
                    "texture": "#1"
                }
            }
        },
        {
            "from": [
                7.7585,
                19.33602,
                9.42177
            ],
            "to": [
                8.2415,
                20.28602,
                10.52177
            ],
            "rotation": {
                "angle": 45,
                "axis": "x",
                "origin": [
                    8,
                    19.40522,
                    9.5802
                ]
            },
            "faces": {
                "north": {
                    "uv": [
                        13.66667,
                        0.66667,
                        13.33333,
                        1.33333
                    ],
                    "texture": "#1"
                },
                "east": {
                    "uv": [
                        3.33333,
                        12.66667,
                        2.66667,
                        13.33333
                    ],
                    "texture": "#1"
                },
                "west": {
                    "uv": [
                        4,
                        12.66667,
                        3.33333,
                        13.33333
                    ],
                    "texture": "#1"
                },
                "up": {
                    "uv": [
                        1.66667,
                        13.33333,
                        1.33333,
                        14
                    ],
                    "texture": "#1"
                },
                "down": {
                    "uv": [
                        13.66667,
                        2,
                        13.33333,
                        1.33333
                    ],
                    "texture": "#1"
                }
            }
        },
        {
            "from": [
                7.7535,
                17.7724,
                9.72928
            ],
            "to": [
                8.2465,
                18.8724,
                10.75428
            ],
            "rotation": {
                "angle": -22.5,
                "axis": "x",
                "origin": [
                    8,
                    19.40522,
                    9.5802
                ]
            },
            "faces": {
                "north": {
                    "uv": [
                        13.66667,
                        2,
                        13.33333,
                        2.66667
                    ],
                    "texture": "#1"
                },
                "east": {
                    "uv": [
                        4.66667,
                        12.66667,
                        4,
                        13.33333
                    ],
                    "texture": "#1"
                },
                "south": {
                    "uv": [
                        2.33333,
                        13.33333,
                        2,
                        14
                    ],
                    "texture": "#1"
                },
                "west": {
                    "uv": [
                        13.33333,
                        4,
                        12.66667,
                        4.66667
                    ],
                    "texture": "#1"
                },
                "up": {
                    "uv": [
                        3,
                        13.33333,
                        2.66667,
                        14
                    ],
                    "texture": "#1"
                }
            }
        },
        {
            "from": [
                7.875,
                17.21048,
                13.57705
            ],
            "to": [
                8.125,
                18.28748,
                15.57705
            ],
            "rotation": {
                "angle": 22.5,
                "axis": "x",
                "origin": [
                    8,
                    17.37269,
                    15.64549
                ]
            },
            "faces": {
                "north": {
                    "uv": [
                        13.5,
                        8,
                        13.33333,
                        8.66667
                    ],
                    "texture": "#1"
                },
                "east": {
                    "uv": [
                        2,
                        10.66667,
                        0.66667,
                        11.33333
                    ],
                    "texture": "#1"
                },
                "west": {
                    "uv": [
                        3.33333,
                        10.66667,
                        2,
                        11.33333
                    ],
                    "texture": "#1"
                },
                "up": {
                    "uv": [
                        13.5,
                        4,
                        13.33333,
                        5.33333
                    ],
                    "texture": "#1"
                },
                "down": {
                    "uv": [
                        4.83333,
                        14.66667,
                        4.66667,
                        13.33333
                    ],
                    "texture": "#1"
                }
            }
        },
        {
            "from": [
                7.88,
                18.0094,
                10.58458
            ],
            "to": [
                8.12,
                19.0094,
                14.08458
            ],
            "rotation": {
                "angle": 0,
                "axis": "x",
                "origin": [
                    8.005,
                    18.09661,
                    13.65302
                ]
            },
            "faces": {
                "east": {
                    "uv": [
                        11,
                        4,
                        8.66667,
                        4.66667
                    ],
                    "texture": "#1"
                },
                "west": {
                    "uv": [
                        11,
                        4.66667,
                        8.66667,
                        5.33333
                    ],
                    "texture": "#1"
                },
                "up": {
                    "uv": [
                        8.16667,
                        12.66667,
                        8,
                        15
                    ],
                    "texture": "#1"
                },
                "down": {
                    "uv": [
                        8.83333,
                        15,
                        8.66667,
                        12.66667
                    ],
                    "texture": "#1"
                }
            }
        },
        {
            "from": [
                7.87,
                15.89172,
                14.674
            ],
            "to": [
                8.13,
                17.05172,
                16.424
            ],
            "rotation": {
                "angle": 45,
                "axis": "x",
                "origin": [
                    7.995,
                    16.12892,
                    16.74243
                ]
            },
            "faces": {
                "north": {
                    "uv": [
                        9.5,
                        13.33333,
                        9.33333,
                        14
                    ],
                    "texture": "#1"
                },
                "east": {
                    "uv": [
                        11.66667,
                        7.33333,
                        10.66667,
                        8
                    ],
                    "texture": "#1"
                },
                "south": {
                    "uv": [
                        13.5,
                        8.66667,
                        13.33333,
                        9.33333
                    ],
                    "texture": "#1"
                },
                "west": {
                    "uv": [
                        9,
                        10.66667,
                        8,
                        11.33333
                    ],
                    "texture": "#1"
                },
                "up": {
                    "uv": [
                        13.5,
                        5.33333,
                        13.33333,
                        6.33333
                    ],
                    "texture": "#1"
                },
                "down": {
                    "uv": [
                        13.5,
                        7.66667,
                        13.33333,
                        6.66667
                    ],
                    "texture": "#1"
                }
            }
        },
        {
            "from": [
                7.985,
                16.4844,
                10.58458
            ],
            "to": [
                8.015,
                18.0094,
                13.83458
            ],
            "rotation": {
                "angle": 0,
                "axis": "x",
                "origin": [
                    7.87,
                    17.09661,
                    13.65302
                ]
            },
            "faces": {
                "east": {
                    "uv": [
                        2.83333,
                        4,
                        5,
                        5
                    ],
                    "texture": "#1"
                },
                "west": {
                    "uv": [
                        5,
                        4,
                        2.83333,
                        5
                    ],
                    "texture": "#1"
                }
            }
        },
        {
            "from": [
                7.99,
                15.81233,
                13.57782
            ],
            "to": [
                8.01,
                17.28733,
                15.57782
            ],
            "rotation": {
                "angle": 22.5,
                "axis": "x",
                "origin": [
                    7.865,
                    17.37454,
                    15.64625
                ]
            },
            "faces": {
                "east": {
                    "uv": [
                        0,
                        14.16667,
                        1.33333,
                        15.16667
                    ],
                    "texture": "#1"
                },
                "west": {
                    "uv": [
                        1.33333,
                        14.16667,
                        0,
                        15.16667
                    ],
                    "texture": "#1"
                }
            }
        },
        {
            "from": [
                7.995,
                14.77379,
                14.93107
            ],
            "to": [
                8.005,
                16.79879,
                17.93107
            ],
            "rotation": {
                "angle": 45,
                "axis": "x",
                "origin": [
                    7.86,
                    16.13599,
                    16.7495
                ]
            },
            "faces": {
                "east": {
                    "uv": [
                        0,
                        0,
                        2.33333,
                        1.5
                    ],
                    "texture": "#1"
                },
                "west": {
                    "uv": [
                        2.33333,
                        0,
                        0,
                        1.5
                    ],
                    "texture": "#1"
                }
            }
        }
    ],
    "gui_light": "front",
    "display": {
        "thirdperson_righthand": {
            "translation": [
                0,
                0.75,
                1
            ]
        },
        "thirdperson_lefthand": {
            "translation": [
                0,
                0.75,
                1
            ]
        },
        "firstperson_righthand": {
            "rotation": [
                5,
                0,
                0
            ],
            "translation": [
                2.75,
                0.25,
                0
            ],
            "scale": [
                0.7,
                0.7,
                0.7
            ]
        },
        "firstperson_lefthand": {
            "rotation": [
                5,
                0,
                0
            ],
            "translation": [
                2.75,
                0.25,
                0
            ],
            "scale": [
                0.7,
                0.7,
                0.7
            ]
        },
        "ground": {
            "rotation": [
                45,
                0,
                0
            ],
            "translation": [
                0,
                3,
                0
            ],
            "scale": [
                0.7,
                0.7,
                0.7
            ]
        },
        "gui": {
            "rotation": [
                90,
                -45,
                90
            ],
            "translation": [
                2,
                -2.25,
                0
            ],
            "scale": [
                0.7,
                0.7,
                0.7
            ]
        },
        "head": {
            "rotation": [
                0,
                90,
                0
            ]
        },
        "fixed": {
            "rotation": [
                0,
                90,
                0
            ],
            "translation": [
                0,
                0,
                -1.75
            ],
            "scale": [
                2,
                2,
                2
            ]
        }
    }
}