{
	"credit": "Made with Blockbench",
	"texture_size": [128, 128],
	"textures": {
		"1": "item/multiple/music_joy/music_joy_texture",
		"2": "item/multiple/music_joy/music_animation",
		"3": "item/multiple/music_joy/music_animation_2",
		"particle": "item/multiple/music_joy/music_animation"
	},
	"elements": [
		{
			"from": [7, -15, 7],
			"to": [9, 3, 9],
			"rotation": {"angle": 0, "axis": "y", "origin": [0, -10, 0]},
			"faces": {
				"north": {"uv": [0.75, 4.75, 1, 7], "texture": "#1"},
				"east": {"uv": [3.25, 4.875, 3.5, 7.125], "texture": "#1"},
				"south": {"uv": [0, 5.5, 0.25, 7.75], "texture": "#1"},
				"west": {"uv": [0.25, 5.5, 0.5, 7.75], "texture": "#1"},
				"up": {"uv": [1.75, 3.75, 1.5, 3.5], "texture": "#1"},
				"down": {"uv": [5.75, 4.875, 5.5, 5.125], "texture": "#1"}
			}
		},
		{
			"from": [6, 3, 6],
			"to": [10, 9, 10],
			"rotation": {"angle": 0, "axis": "y", "origin": [0, -10, 0]},
			"faces": {
				"north": {"uv": [1.875, 6.875, 2.375, 7.625], "texture": "#1"},
				"east": {"uv": [0.5, 7, 1, 7.75], "texture": "#1"},
				"south": {"uv": [3.5, 7, 4, 7.75], "texture": "#1"},
				"west": {"uv": [6, 7, 6.5, 7.75], "texture": "#1"},
				"up": {"uv": [2.875, 7.875, 2.375, 7.375], "texture": "#1"},
				"down": {"uv": [4.5, 7.5, 4, 8], "texture": "#1"}
			}
		},
		{
			"from": [-3, 4, 8],
			"to": [7, 10, 8],
			"rotation": {"angle": 0, "axis": "y", "origin": [6, 6, 8]},
			"faces": {
				"north": {"uv": [12, 0, 10.75, 0.75], "texture": "#1"},
				"east": {"uv": [0.5, 7, 1, 7.75], "texture": "#1"},
				"south": {"uv": [10.75, 0, 12, 0.75], "texture": "#1"},
				"west": {"uv": [6, 7, 6.5, 7.75], "texture": "#1"},
				"up": {"uv": [2.875, 7.875, 2.375, 7.375], "texture": "#1"},
				"down": {"uv": [4.5, 7.5, 4, 8], "texture": "#1"}
			}
		},
		{
			"from": [9, 4, 8],
			"to": [19, 10, 8],
			"rotation": {"angle": 0, "axis": "y", "origin": [10, 6, 8]},
			"faces": {
				"north": {"uv": [11.75, 1.125, 13, 1.875], "texture": "#1"},
				"east": {"uv": [6.5, 7, 6, 7.75], "texture": "#1"},
				"south": {"uv": [13, 1.125, 11.75, 1.875], "texture": "#1"},
				"west": {"uv": [1, 7, 0.5, 7.75], "texture": "#1"},
				"up": {"uv": [2.375, 7.875, 2.875, 7.375], "texture": "#1"},
				"down": {"uv": [4, 7.5, 4.5, 8], "texture": "#1"}
			}
		},
		{
			"from": [6, -15, 6],
			"to": [10, -11, 10],
			"rotation": {"angle": 0, "axis": "y", "origin": [0, -9, 0]},
			"faces": {
				"north": {"uv": [0.5, 7.75, 1, 8.25], "texture": "#1"},
				"east": {"uv": [1, 7.75, 1.5, 8.25], "texture": "#1"},
				"south": {"uv": [7.75, 1.625, 8.25, 2.125], "texture": "#1"},
				"west": {"uv": [3.375, 7.75, 3.875, 8.25], "texture": "#1"},
				"up": {"uv": [8.25, 4.625, 7.75, 4.125], "texture": "#1"},
				"down": {"uv": [8.25, 4.625, 7.75, 5.125], "texture": "#1"}
			}
		},
		{
			"from": [5, 11, 5],
			"to": [11, 17, 11],
			"rotation": {"angle": 0, "axis": "y", "origin": [8, 14, 8]},
			"faces": {
				"north": {"uv": [5.5, 0.75, 6.25, 1.5], "texture": "#1"},
				"east": {"uv": [5.5, 1.5, 6.25, 2.25], "texture": "#1"},
				"south": {"uv": [5.5, 2.25, 6.25, 3], "texture": "#1"},
				"west": {"uv": [2.5, 5.625, 3.25, 6.375], "texture": "#1"},
				"up": {"uv": [4.75, 6.5, 4, 5.75], "texture": "#1"},
				"down": {"uv": [5.5, 5.75, 4.75, 6.5], "texture": "#1"}
			}
		},
		{
			"from": [9.25, 18, 3.75],
			"to": [10.75, 18.5, 5.25],
			"rotation": {"angle": 0, "axis": "y", "origin": [8, 14, 8]},
			"faces": {
				"north": {"uv": [9.875, 1.625, 10.0625, 1.6875], "texture": "#1"},
				"east": {"uv": [9.875, 1.6875, 10.0625, 1.75], "texture": "#1"},
				"south": {"uv": [10.0625, 1.625, 10.25, 1.6875], "texture": "#1"},
				"west": {"uv": [10.0625, 1.6875, 10.25, 1.75], "texture": "#1"},
				"up": {"uv": [9.875, 1.4375, 10.0625, 1.625], "texture": "#1"},
				"down": {"uv": [10.0625, 1.4375, 10.25, 1.625], "texture": "#1"}
			}
		},
		{
			"from": [9.5, 15, 4],
			"to": [10.5, 18, 5],
			"rotation": {"angle": 0, "axis": "y", "origin": [8, 14, 8]},
			"faces": {
				"north": {"uv": [9.625, 1, 9.75, 1.375], "texture": "#1"},
				"east": {"uv": [9.625, 1.375, 9.75, 1.75], "texture": "#1"},
				"south": {"uv": [9.75, 1, 9.875, 1.375], "texture": "#1"},
				"west": {"uv": [9.75, 1.375, 9.875, 1.75], "texture": "#1"},
				"up": {"uv": [9.875, 1, 10, 1.125], "texture": "#1"},
				"down": {"uv": [9.875, 1.125, 10, 1.25], "texture": "#1"}
			}
		},
		{
			"from": [7.25, 18, 3.75],
			"to": [8.75, 18.5, 5.25],
			"rotation": {"angle": 0, "axis": "y", "origin": [8, 14, 8]},
			"faces": {
				"north": {"uv": [9.875, 1.625, 10.0625, 1.6875], "texture": "#1"},
				"east": {"uv": [9.875, 1.6875, 10.0625, 1.75], "texture": "#1"},
				"south": {"uv": [10.0625, 1.625, 10.25, 1.6875], "texture": "#1"},
				"west": {"uv": [10.0625, 1.6875, 10.25, 1.75], "texture": "#1"},
				"up": {"uv": [9.875, 1.4375, 10.0625, 1.625], "texture": "#1"},
				"down": {"uv": [10.0625, 1.4375, 10.25, 1.625], "texture": "#1"}
			}
		},
		{
			"from": [7.5, 15, 4],
			"to": [8.5, 18, 5],
			"rotation": {"angle": 0, "axis": "y", "origin": [8, 14, 8]},
			"faces": {
				"north": {"uv": [9.625, 1, 9.75, 1.375], "texture": "#1"},
				"east": {"uv": [9.625, 1.375, 9.75, 1.75], "texture": "#1"},
				"south": {"uv": [9.75, 1, 9.875, 1.375], "texture": "#1"},
				"west": {"uv": [9.75, 1.375, 9.875, 1.75], "texture": "#1"},
				"up": {"uv": [9.875, 1, 10, 1.125], "texture": "#1"},
				"down": {"uv": [9.875, 1.125, 10, 1.25], "texture": "#1"}
			}
		},
		{
			"from": [5.25, 18, 3.75],
			"to": [6.75, 18.5, 5.25],
			"rotation": {"angle": 0, "axis": "y", "origin": [8, 14, 8]},
			"faces": {
				"north": {"uv": [9.875, 1.625, 10.0625, 1.6875], "texture": "#1"},
				"east": {"uv": [9.875, 1.6875, 10.0625, 1.75], "texture": "#1"},
				"south": {"uv": [10.0625, 1.625, 10.25, 1.6875], "texture": "#1"},
				"west": {"uv": [10.0625, 1.6875, 10.25, 1.75], "texture": "#1"},
				"up": {"uv": [9.875, 1.4375, 10.0625, 1.625], "texture": "#1"},
				"down": {"uv": [10.0625, 1.4375, 10.25, 1.625], "texture": "#1"}
			}
		},
		{
			"from": [5.5, 15, 4],
			"to": [6.5, 18, 5],
			"rotation": {"angle": 0, "axis": "y", "origin": [8, 14, 8]},
			"faces": {
				"north": {"uv": [9.625, 1, 9.75, 1.375], "texture": "#1"},
				"east": {"uv": [9.625, 1.375, 9.75, 1.75], "texture": "#1"},
				"south": {"uv": [9.75, 1, 9.875, 1.375], "texture": "#1"},
				"west": {"uv": [9.75, 1.375, 9.875, 1.75], "texture": "#1"},
				"up": {"uv": [9.875, 1, 10, 1.125], "texture": "#1"},
				"down": {"uv": [9.875, 1.125, 10, 1.25], "texture": "#1"}
			}
		},
		{
			"from": [6.5, 4, 12],
			"to": [7.5, 9, 13],
			"rotation": {"angle": 45, "axis": "x", "origin": [7, 9, 13]},
			"faces": {
				"north": {"uv": [11.75, 1.125, 11.625, 1.75], "texture": "#1"},
				"east": {"uv": [11.375, 1.125, 11.25, 1.75], "texture": "#1"},
				"south": {"uv": [11.625, 1.125, 11.5, 1.75], "texture": "#1"},
				"west": {"uv": [11.5, 1.125, 11.375, 1.75], "texture": "#1"},
				"up": {"uv": [11.375, 1.125, 11.5, 1], "texture": "#1"},
				"down": {"uv": [11.25, 1.125, 11.375, 1], "texture": "#1"}
			}
		},
		{
			"from": [6.5, 9, 12],
			"to": [7.5, 12, 13],
			"rotation": {"angle": 0, "axis": "y", "origin": [9, 14, 8]},
			"faces": {
				"north": {"uv": [10.75, 0.75, 10.625, 1.125], "texture": "#1"},
				"east": {"uv": [10.625, 1.125, 10.5, 1.5], "texture": "#1"},
				"south": {"uv": [10.625, 0.75, 10.5, 1.125], "texture": "#1"},
				"west": {"uv": [10.75, 1.125, 10.625, 1.5], "texture": "#1"},
				"up": {"uv": [10, 1.3125, 10.125, 1.1875], "texture": "#1"},
				"down": {"uv": [10, 1.4375, 10.125, 1.3125], "texture": "#1"}
			}
		},
		{
			"from": [6.5, 11, 11],
			"to": [7.5, 14, 12],
			"rotation": {"angle": 0, "axis": "y", "origin": [9, 14, 8]},
			"faces": {
				"north": {"uv": [10.5, 0.75, 10.375, 1.125], "texture": "#1"},
				"east": {"uv": [10.375, 1.125, 10.25, 1.5], "texture": "#1"},
				"south": {"uv": [10.375, 0.75, 10.25, 1.125], "texture": "#1"},
				"west": {"uv": [10.5, 1.125, 10.375, 1.5], "texture": "#1"},
				"up": {"uv": [10.125, 1.3125, 10.25, 1.1875], "texture": "#1"},
				"down": {"uv": [10.125, 1.4375, 10.25, 1.3125], "texture": "#1"}
			}
		},
		{
			"from": [6.5, 14, 11],
			"to": [7.5, 17, 12],
			"rotation": {"angle": -22.5, "axis": "x", "origin": [7, 14, 12]},
			"faces": {
				"north": {"uv": [11.25, 1, 11.125, 1.375], "texture": "#1"},
				"east": {"uv": [11.125, 1.375, 11, 1.75], "texture": "#1"},
				"south": {"uv": [11.125, 1, 11, 1.375], "texture": "#1"},
				"west": {"uv": [11.25, 1.375, 11.125, 1.75], "texture": "#1"},
				"up": {"uv": [10, 1.0625, 10.125, 0.9375], "texture": "#1"},
				"down": {"uv": [10, 1.1875, 10.125, 1.0625], "texture": "#1"}
			}
		},
		{
			"from": [8.5, 3.5, 12],
			"to": [9.5, 8.5, 13],
			"rotation": {"angle": 45, "axis": "x", "origin": [9, 8.5, 13]},
			"faces": {
				"north": {"uv": [11.75, 1.125, 11.625, 1.75], "texture": "#1"},
				"east": {"uv": [11.375, 1.125, 11.25, 1.75], "texture": "#1"},
				"south": {"uv": [11.625, 1.125, 11.5, 1.75], "texture": "#1"},
				"west": {"uv": [11.5, 1.125, 11.375, 1.75], "texture": "#1"},
				"up": {"uv": [11.375, 1.125, 11.5, 1], "texture": "#1"},
				"down": {"uv": [11.25, 1.125, 11.375, 1], "texture": "#1"}
			}
		},
		{
			"from": [8.5, 8.5, 12],
			"to": [9.5, 11.5, 13],
			"rotation": {"angle": 0, "axis": "y", "origin": [11, 13.5, 8]},
			"faces": {
				"north": {"uv": [10.75, 0.75, 10.625, 1.125], "texture": "#1"},
				"east": {"uv": [10.625, 1.125, 10.5, 1.5], "texture": "#1"},
				"south": {"uv": [10.625, 0.75, 10.5, 1.125], "texture": "#1"},
				"west": {"uv": [10.75, 1.125, 10.625, 1.5], "texture": "#1"},
				"up": {"uv": [10, 1.3125, 10.125, 1.1875], "texture": "#1"},
				"down": {"uv": [10, 1.4375, 10.125, 1.3125], "texture": "#1"}
			}
		},
		{
			"from": [8.5, 10, 11],
			"to": [9.5, 13, 12],
			"rotation": {"angle": 0, "axis": "y", "origin": [11, 13, 8]},
			"faces": {
				"north": {"uv": [10.5, 0.75, 10.375, 1.125], "texture": "#1"},
				"east": {"uv": [10.375, 1.125, 10.25, 1.5], "texture": "#1"},
				"south": {"uv": [10.375, 0.75, 10.25, 1.125], "texture": "#1"},
				"west": {"uv": [10.5, 1.125, 10.375, 1.5], "texture": "#1"},
				"up": {"uv": [10.125, 1.3125, 10.25, 1.1875], "texture": "#1"},
				"down": {"uv": [10.125, 1.4375, 10.25, 1.3125], "texture": "#1"}
			}
		},
		{
			"from": [8.5, 13, 11],
			"to": [9.5, 16, 12],
			"rotation": {"angle": -22.5, "axis": "x", "origin": [9, 13, 12]},
			"faces": {
				"north": {"uv": [11.25, 1, 11.125, 1.375], "texture": "#1"},
				"east": {"uv": [11.125, 1.375, 11, 1.75], "texture": "#1"},
				"south": {"uv": [11.125, 1, 11, 1.375], "texture": "#1"},
				"west": {"uv": [11.25, 1.375, 11.125, 1.75], "texture": "#1"},
				"up": {"uv": [10, 1.0625, 10.125, 0.9375], "texture": "#1"},
				"down": {"uv": [10, 1.1875, 10.125, 1.0625], "texture": "#1"}
			}
		},
		{
			"from": [4, 9, 4],
			"to": [12, 11, 12],
			"rotation": {"angle": 0, "axis": "y", "origin": [12, 14, 8]},
			"faces": {
				"north": {"uv": [8.625, 0.75, 8.875, 1.75], "rotation": 90, "texture": "#1"},
				"east": {"uv": [9.375, 0.75, 9.625, 1.75], "rotation": 270, "texture": "#1"},
				"south": {"uv": [8.875, 0.75, 9.125, 1.75], "rotation": 270, "texture": "#1"},
				"west": {"uv": [9.125, 0.75, 9.375, 1.75], "rotation": 270, "texture": "#1"},
				"up": {"uv": [8.75, 1.75, 9.75, 2.75], "rotation": 270, "texture": "#1"},
				"down": {"uv": [9.75, 1.75, 10.75, 2.75], "rotation": 270, "texture": "#1"}
			}
		},
		{
			"from": [11.75, 10, 6],
			"to": [18.75, 14, 10],
			"rotation": {"angle": 45, "axis": "z", "origin": [9, 10, 8]},
			"faces": {
				"north": {"uv": [6.75, 5.625, 7.625, 6.125], "texture": "#1"},
				"east": {"uv": [7.625, 6.125, 8.125, 6.625], "texture": "#1"},
				"south": {"uv": [6.75, 6.125, 7.625, 6.625], "texture": "#1"},
				"west": {"uv": [0, 7.75, 0.5, 8.25], "texture": "#1"},
				"up": {"uv": [1.875, 7.375, 1, 6.875], "texture": "#1"},
				"down": {"uv": [7.875, 0.75, 7, 1.25], "texture": "#1"}
			}
		},
		{
			"from": [18.75, 9, 5],
			"to": [19.75, 15, 11],
			"rotation": {"angle": 45, "axis": "z", "origin": [9, 10, 8]},
			"faces": {
				"north": {"uv": [10.125, 4.5, 10.25, 5.25], "texture": "#1"},
				"east": {"uv": [11.375, 4.5, 12.125, 5.25], "texture": "#1"},
				"south": {"uv": [10.5, 4.5, 10.625, 5.25], "texture": "#1"},
				"west": {"uv": [10.625, 4.5, 11.375, 5.25], "texture": "#1"},
				"up": {"uv": [10.375, 4.5, 10.5, 5.25], "texture": "#1"},
				"down": {"uv": [10.25, 4.5, 10.375, 5.25], "texture": "#1"}
			}
		},
		{
			"from": [-1, 13, 6.5],
			"to": [5, 16, 9.5],
			"rotation": {"angle": 22.5, "axis": "z", "origin": [5, 16, 8]},
			"faces": {
				"north": {"uv": [7.25, 0.375, 8, 0.75], "texture": "#1"},
				"east": {"uv": [8, 3.5, 8.375, 3.875], "texture": "#1"},
				"south": {"uv": [7.25, 6.625, 8, 7], "texture": "#1"},
				"west": {"uv": [3.875, 8, 4.25, 8.375], "texture": "#1"},
				"up": {"uv": [1.75, 7.75, 1, 7.375], "texture": "#1"},
				"down": {"uv": [7.75, 7.375, 7, 7.75], "texture": "#1"}
			}
		},
		{
			"from": [-5.54328, 16.2961, 7],
			"to": [-0.54328, 18.2961, 9],
			"rotation": {"angle": 45, "axis": "z", "origin": [5, 16, 8]},
			"faces": {
				"north": {"uv": [6.125, 3.25, 6.75, 3.5], "texture": "#1"},
				"east": {"uv": [5.5, 5.125, 5.75, 5.375], "texture": "#1"},
				"south": {"uv": [8, 2.75, 8.625, 3], "texture": "#1"},
				"west": {"uv": [1, 5.875, 1.25, 6.125], "texture": "#1"},
				"up": {"uv": [8.625, 3.25, 8, 3], "texture": "#1"},
				"down": {"uv": [8.625, 3.25, 8, 3.5], "texture": "#1"}
			}
		},
		{
			"from": [-6.54328, 16.0461, 6.75],
			"to": [-5.54328, 18.5461, 9.25],
			"rotation": {"angle": 45, "axis": "z", "origin": [5, 16, 8]},
			"faces": {
				"north": {"uv": [8.25, 4.0625, 8.375, 4.375], "texture": "#1"},
				"east": {"uv": [8.25, 4.375, 8.5625, 4.6875], "texture": "#1"},
				"south": {"uv": [8.5, 3.5625, 8.625, 3.875], "texture": "#1"},
				"west": {"uv": [8.25, 4.6875, 8.5625, 5], "texture": "#1"},
				"up": {"uv": [8.5, 4.0625, 8.625, 4.375], "texture": "#1"},
				"down": {"uv": [8.375, 4.0625, 8.5, 4.375], "texture": "#1"}
			}
		},
		{
			"from": [12, 13, 6.5],
			"to": [18, 16, 9.5],
			"rotation": {"angle": -22.5, "axis": "z", "origin": [12, 16, 8]},
			"faces": {
				"north": {"uv": [8, 0.375, 7.25, 0.75], "texture": "#1"},
				"east": {"uv": [4.25, 8, 3.875, 8.375], "texture": "#1"},
				"south": {"uv": [8, 6.625, 7.25, 7], "texture": "#1"},
				"west": {"uv": [8.375, 3.5, 8, 3.875], "texture": "#1"},
				"up": {"uv": [1, 7.75, 1.75, 7.375], "texture": "#1"},
				"down": {"uv": [7, 7.375, 7.75, 7.75], "texture": "#1"}
			}
		},
		{
			"from": [17.54328, 16.2961, 7],
			"to": [22.54328, 18.2961, 9],
			"rotation": {"angle": -45, "axis": "z", "origin": [12, 16, 8]},
			"faces": {
				"north": {"uv": [6.75, 3.25, 6.125, 3.5], "texture": "#1"},
				"east": {"uv": [1.25, 5.875, 1, 6.125], "texture": "#1"},
				"south": {"uv": [8.625, 2.75, 8, 3], "texture": "#1"},
				"west": {"uv": [5.75, 5.125, 5.5, 5.375], "texture": "#1"},
				"up": {"uv": [8, 3.25, 8.625, 3], "texture": "#1"},
				"down": {"uv": [8, 3.25, 8.625, 3.5], "texture": "#1"}
			}
		},
		{
			"from": [22.54328, 16.0461, 6.75],
			"to": [23.54328, 18.5461, 9.25],
			"rotation": {"angle": -45, "axis": "z", "origin": [12, 16, 8]},
			"faces": {
				"north": {"uv": [8.375, 4.0625, 8.25, 4.375], "texture": "#1"},
				"east": {"uv": [8.5625, 4.6875, 8.25, 5], "texture": "#1"},
				"south": {"uv": [8.625, 3.5625, 8.5, 3.875], "texture": "#1"},
				"west": {"uv": [8.5625, 4.375, 8.25, 4.6875], "texture": "#1"},
				"up": {"uv": [8.625, 4.0625, 8.5, 4.375], "texture": "#1"},
				"down": {"uv": [8.5, 4.0625, 8.375, 4.375], "texture": "#1"}
			}
		},
		{
			"from": [13, 16, 8],
			"to": [29, 32, 8],
			"rotation": {"angle": 0, "axis": "y", "origin": [10, 22, 8]},
			"faces": {
				"north": {"uv": [0, 0, 16, 16], "texture": "#2"},
				"east": {"uv": [0, 0, 0, 2], "texture": "#missing"},
				"south": {"uv": [16, 0, 0, 16], "texture": "#2"},
				"west": {"uv": [0, 0, 0, 2], "texture": "#missing"},
				"up": {"uv": [0, 0, 2, 0], "texture": "#missing"},
				"down": {"uv": [0, 0, 2, 0], "texture": "#missing"}
			}
		},
		{
			"from": [0, -7, 8],
			"to": [16, 9, 8],
			"rotation": {"angle": 0, "axis": "y", "origin": [10, 22, 8]},
			"faces": {
				"north": {"uv": [0, 0, 16, 16], "texture": "#3"},
				"east": {"uv": [0, 0, 0, 2], "texture": "#missing"},
				"south": {"uv": [16, 0, 0, 16], "texture": "#3"},
				"west": {"uv": [0, 0, 0, 2], "texture": "#missing"},
				"up": {"uv": [0, 0, 2, 0], "texture": "#missing"},
				"down": {"uv": [0, 0, 2, 0], "texture": "#missing"}
			}
		}
	],
	"display": {
		"thirdperson_righthand": {
			"rotation": [0, -90, 0],
			"translation": [0, 4.5, 1.75],
			"scale": [0.5, 0.5, 0.5]
		},
		"thirdperson_lefthand": {
			"rotation": [0, 90, 0],
			"translation": [0, 4.5, 1.75],
			"scale": [0.5, 0.5, 0.5]
		},
		"firstperson_righthand": {
			"rotation": [0, 90, 20],
			"translation": [0.5, -0.25, 0.25],
			"scale": [0.45, 0.45, 0.45]
		},
		"firstperson_lefthand": {
			"rotation": [0, 90, 20],
			"translation": [0.5, -0.25, 0.25],
			"scale": [0.45, 0.45, 0.45]
		},
		"ground": {
			"translation": [0, 2.25, 0],
			"scale": [0.45, 0.45, 0.45]
		},
		"gui": {
			"rotation": [0, 0, -45],
			"translation": [1, 2, -1.5],
			"scale": [0.525, 0.525, 0.525]
		}
	},
	"groups": [
		{
			"name": "group",
			"origin": [0, 0, 0],
			"color": 0,
			"children": [
				0,
				1,
				2,
				3,
				{
					"name": "group",
					"origin": [10, -12.75, 8],
					"color": 0,
					"children": [4]
				},
				5,
				{
					"name": "group",
					"origin": [8, 25, 8],
					"color": 0,
					"children": [
						6,
						7,
						8,
						9,
						10,
						11,
						{
							"name": "group",
							"origin": [6, 14, 12],
							"color": 0,
							"children": [12, 13, 14, 15]
						},
						{
							"name": "group",
							"origin": [6, 14, 12],
							"color": 0,
							"children": [16, 17, 18, 19]
						}
					]
				},
				20,
				{
					"name": "group",
					"origin": [13.5, 18, 8],
					"color": 0,
					"children": [21, 22]
				},
				{
					"name": "group",
					"origin": [0, 0, 0],
					"color": 0,
					"children": [23, 24, 25]
				},
				{
					"name": "group",
					"origin": [0, 0, 0],
					"color": 0,
					"children": [26, 27, 28]
				}
			]
		},
		29,
		30
	]
}