{
	"credit": "Pologony Creation Co.,Ltd.",
	"textures": {
		"2": "item/multiple/ender_dragon/dragon_head",
		"3": "item/multiple/ender_dragon/rune2_animation",
		"4": "item/multiple/ender_dragon/fire_eyes",
		"5": "item/chests/ender_dragon_chest",
		"particle": "item/multiple/ender_dragon/dragon_head"
	},
	"elements": [
		{
			"from": [1.58579, 1.32843, 3.14645],
			"to": [3.08579, 1.82843, 4.64645],
			"rotation": {"angle": 45, "axis": "y", "origin": [1.58579, 0.82843, 2.64645]},
			"faces": {
				"north": {"uv": [15.33333, 2.33333, 15.83333, 2.5], "texture": "#5"},
				"east": {"uv": [2.66667, 15.33333, 3.16667, 15.5], "texture": "#5"},
				"south": {"uv": [15.33333, 3, 15.83333, 3.16667], "texture": "#5"},
				"west": {"uv": [15.33333, 6, 15.83333, 6.16667], "texture": "#5"},
				"up": {"uv": [14.83333, 2.5, 14.33333, 2], "texture": "#5"},
				"down": {"uv": [14.83333, 3, 14.33333, 3.5], "texture": "#5"}
			}
		},
		{
			"from": [1.58579, 5.82843, 3.14645],
			"to": [3.08579, 6.32843, 4.64645],
			"rotation": {"angle": 45, "axis": "y", "origin": [1.58579, -0.67157, 2.64645]},
			"faces": {
				"north": {"uv": [12.33333, 15.33333, 12.83333, 15.5], "texture": "#5"},
				"east": {"uv": [13.33333, 15.33333, 13.83333, 15.5], "texture": "#5"},
				"south": {"uv": [14.33333, 15.33333, 14.83333, 15.5], "texture": "#5"},
				"west": {"uv": [15.33333, 15.33333, 15.83333, 15.5], "texture": "#5"},
				"up": {"uv": [14.83333, 6.5, 14.33333, 6], "texture": "#5"},
				"down": {"uv": [13.16667, 14.33333, 12.66667, 14.83333], "texture": "#5"}
			}
		},
		{
			"from": [1.58579, 3.57843, 3.21967],
			"to": [2.83579, 4.07843, 4.46967],
			"rotation": {"angle": 45, "axis": "y", "origin": [1.58579, 0.07843, 2.46967]},
			"faces": {
				"north": {"uv": [3.66667, 15.66667, 4.08333, 15.83333], "texture": "#5"},
				"east": {"uv": [4.66667, 15.66667, 5.08333, 15.83333], "texture": "#5"},
				"south": {"uv": [5.66667, 15.66667, 6.08333, 15.83333], "texture": "#5"},
				"west": {"uv": [10, 15.66667, 10.41667, 15.83333], "texture": "#5"},
				"up": {"uv": [7.08333, 15.41667, 6.66667, 15], "texture": "#5"},
				"down": {"uv": [8.08333, 15, 7.66667, 15.41667], "texture": "#5"}
			}
		},
		{
			"from": [1.76256, 0.82843, 3.21967],
			"to": [2.76256, 6.82843, 4.21967],
			"rotation": {"angle": 45, "axis": "y", "origin": [1.76256, -0.17157, 2.46967]},
			"faces": {
				"north": {"uv": [10.66667, 12.33333, 11, 14.33333], "texture": "#5"},
				"east": {"uv": [11.33333, 12.33333, 11.66667, 14.33333], "texture": "#5"},
				"south": {"uv": [12, 12.33333, 12.33333, 14.33333], "texture": "#5"},
				"west": {"uv": [3.66667, 12.66667, 4, 14.66667], "texture": "#5"},
				"up": {"uv": [1.66667, 15.66667, 1.33333, 15.33333], "texture": "#5"},
				"down": {"uv": [15.66667, 1.66667, 15.33333, 2], "texture": "#5"}
			}
		},
		{
			"from": [2.41421, 0, 3],
			"to": [4.41421, 1, 5],
			"rotation": {"angle": -45, "axis": "y", "origin": [4.41421, 0, 3]},
			"faces": {
				"north": {"uv": [14.66667, 13.33333, 15.33333, 13.66667], "texture": "#5"},
				"east": {"uv": [3.66667, 15, 4.33333, 15.33333], "texture": "#5"},
				"south": {"uv": [4.66667, 15, 5.33333, 15.33333], "texture": "#5"},
				"west": {"uv": [5.66667, 15, 6.33333, 15.33333], "texture": "#5"},
				"up": {"uv": [14, 3.66667, 13.33333, 3], "texture": "#5"},
				"down": {"uv": [13.33333, 13.33333, 12.66667, 14], "texture": "#5"}
			}
		},
		{
			"from": [2.5, 0.5, 2.5],
			"to": [13.5, 1.5, 13.5],
			"faces": {
				"north": {"uv": [12, 7, 15.66667, 7.33333], "texture": "#5"},
				"east": {"uv": [12, 7.66667, 15.66667, 8], "texture": "#5"},
				"south": {"uv": [12, 8.33333, 15.66667, 8.66667], "texture": "#5"},
				"west": {"uv": [12, 9, 15.66667, 9.33333], "texture": "#5"},
				"up": {"uv": [8, 3.66667, 4.33333, 0], "texture": "#5"},
				"down": {"uv": [8, 4, 4.33333, 7.66667], "texture": "#5"}
			}
		},
		{
			"from": [3, 1.5, 3],
			"to": [13, 5.5, 13],
			"faces": {
				"north": {"uv": [8.33333, 6, 11.66667, 7.33333], "texture": "#5"},
				"east": {"uv": [8.33333, 7.66667, 11.66667, 9], "texture": "#5"},
				"south": {"uv": [0, 8.66667, 3.33333, 10], "texture": "#5"},
				"west": {"uv": [8.33333, 9.33333, 11.66667, 10.66667], "texture": "#5"}
			}
		},
		{
			"from": [2.5, 5.5, 2.5],
			"to": [13.5, 6.5, 13.5],
			"faces": {
				"north": {"uv": [12, 9.66667, 15.66667, 10], "texture": "#5"},
				"east": {"uv": [12, 10.33333, 15.66667, 10.66667], "texture": "#5"},
				"south": {"uv": [12, 11, 15.66667, 11.33333], "texture": "#5"},
				"west": {"uv": [12, 11.66667, 15.66667, 12], "texture": "#5"},
				"up": {"uv": [8, 11.66667, 4.33333, 8], "texture": "#5"},
				"down": {"uv": [12, 0, 8.33333, 3.66667], "texture": "#5"}
			}
		},
		{
			"from": [6.5, 3, 1.5],
			"to": [9.5, 6, 3],
			"rotation": {"angle": 0, "axis": "y", "origin": [6.5, 3, 1]},
			"faces": {
				"north": {"uv": [3, 10.33333, 4, 11.33333], "texture": "#5"},
				"east": {"uv": [4.33333, 12.66667, 4.83333, 13.66667], "texture": "#5"},
				"west": {"uv": [5.33333, 12.66667, 5.83333, 13.66667], "texture": "#5"},
				"up": {"uv": [7.33333, 13.16667, 6.33333, 12.66667], "texture": "#5"},
				"down": {"uv": [13.66667, 12.33333, 12.66667, 12.83333], "texture": "#5"}
			}
		},
		{
			"from": [11.58579, 0, 3],
			"to": [13.58579, 1, 5],
			"rotation": {"angle": 45, "axis": "y", "origin": [11.58579, 0, 3]},
			"faces": {
				"north": {"uv": [15.33333, 13.33333, 14.66667, 13.66667], "texture": "#5"},
				"east": {"uv": [6.33333, 15, 5.66667, 15.33333], "texture": "#5"},
				"south": {"uv": [5.33333, 15, 4.66667, 15.33333], "texture": "#5"},
				"west": {"uv": [4.33333, 15, 3.66667, 15.33333], "texture": "#5"},
				"up": {"uv": [13.33333, 3.66667, 14, 3], "texture": "#5"},
				"down": {"uv": [12.66667, 13.33333, 13.33333, 14], "texture": "#5"}
			}
		},
		{
			"from": [12.91421, 1.32843, 3.14645],
			"to": [14.41421, 1.82843, 4.64645],
			"rotation": {"angle": -45, "axis": "y", "origin": [14.41421, 0.82843, 2.64645]},
			"faces": {
				"north": {"uv": [15.83333, 2.33333, 15.33333, 2.5], "texture": "#5"},
				"east": {"uv": [15.83333, 6, 15.33333, 6.16667], "texture": "#5"},
				"south": {"uv": [15.83333, 3, 15.33333, 3.16667], "texture": "#5"},
				"west": {"uv": [3.16667, 15.33333, 2.66667, 15.5], "texture": "#5"},
				"up": {"uv": [14.33333, 2.5, 14.83333, 2], "texture": "#5"},
				"down": {"uv": [14.33333, 3, 14.83333, 3.5], "texture": "#5"}
			}
		},
		{
			"from": [13.16421, 3.57843, 3.21967],
			"to": [14.41421, 4.07843, 4.46967],
			"rotation": {"angle": -45, "axis": "y", "origin": [14.41421, 0.07843, 2.46967]},
			"faces": {
				"north": {"uv": [4.08333, 15.66667, 3.66667, 15.83333], "texture": "#5"},
				"east": {"uv": [10.41667, 15.66667, 10, 15.83333], "texture": "#5"},
				"south": {"uv": [6.08333, 15.66667, 5.66667, 15.83333], "texture": "#5"},
				"west": {"uv": [5.08333, 15.66667, 4.66667, 15.83333], "texture": "#5"},
				"up": {"uv": [6.66667, 15.41667, 7.08333, 15], "texture": "#5"},
				"down": {"uv": [7.66667, 15, 8.08333, 15.41667], "texture": "#5"}
			}
		},
		{
			"from": [12.91421, 5.82843, 3.14645],
			"to": [14.41421, 6.32843, 4.64645],
			"rotation": {"angle": -45, "axis": "y", "origin": [14.41421, -0.67157, 2.64645]},
			"faces": {
				"north": {"uv": [12.83333, 15.33333, 12.33333, 15.5], "texture": "#5"},
				"east": {"uv": [15.83333, 15.33333, 15.33333, 15.5], "texture": "#5"},
				"south": {"uv": [14.83333, 15.33333, 14.33333, 15.5], "texture": "#5"},
				"west": {"uv": [13.83333, 15.33333, 13.33333, 15.5], "texture": "#5"},
				"up": {"uv": [14.33333, 6.5, 14.83333, 6], "texture": "#5"},
				"down": {"uv": [12.66667, 14.33333, 13.16667, 14.83333], "texture": "#5"}
			}
		},
		{
			"from": [13.23744, 0.82843, 3.21967],
			"to": [14.23744, 6.82843, 4.21967],
			"rotation": {"angle": -45, "axis": "y", "origin": [14.23744, -0.17157, 2.46967]},
			"faces": {
				"north": {"uv": [11, 12.33333, 10.66667, 14.33333], "texture": "#5"},
				"east": {"uv": [4, 12.66667, 3.66667, 14.66667], "texture": "#5"},
				"south": {"uv": [12.33333, 12.33333, 12, 14.33333], "texture": "#5"},
				"west": {"uv": [11.66667, 12.33333, 11.33333, 14.33333], "texture": "#5"},
				"up": {"uv": [1.33333, 15.66667, 1.66667, 15.33333], "texture": "#5"},
				"down": {"uv": [15.33333, 1.66667, 15.66667, 2], "texture": "#5"}
			}
		},
		{
			"from": [2.41421, 0, 11],
			"to": [4.41421, 1, 13],
			"rotation": {"angle": 45, "axis": "y", "origin": [4.41421, 0, 13]},
			"faces": {
				"north": {"uv": [5.33333, 15, 4.66667, 15.33333], "texture": "#5"},
				"east": {"uv": [4.33333, 15, 3.66667, 15.33333], "texture": "#5"},
				"south": {"uv": [15.33333, 13.33333, 14.66667, 13.66667], "texture": "#5"},
				"west": {"uv": [6.33333, 15, 5.66667, 15.33333], "texture": "#5"},
				"up": {"uv": [14, 3, 13.33333, 3.66667], "texture": "#5"},
				"down": {"uv": [13.33333, 14, 12.66667, 13.33333], "texture": "#5"}
			}
		},
		{
			"from": [1.58579, 1.32843, 11.35355],
			"to": [3.08579, 1.82843, 12.85355],
			"rotation": {"angle": -45, "axis": "y", "origin": [1.58579, 0.82843, 13.35355]},
			"faces": {
				"north": {"uv": [15.83333, 3, 15.33333, 3.16667], "texture": "#5"},
				"east": {"uv": [3.16667, 15.33333, 2.66667, 15.5], "texture": "#5"},
				"south": {"uv": [15.83333, 2.33333, 15.33333, 2.5], "texture": "#5"},
				"west": {"uv": [15.83333, 6, 15.33333, 6.16667], "texture": "#5"},
				"up": {"uv": [14.83333, 2, 14.33333, 2.5], "texture": "#5"},
				"down": {"uv": [14.83333, 3.5, 14.33333, 3], "texture": "#5"}
			}
		},
		{
			"from": [1.58579, 3.57843, 11.53033],
			"to": [2.83579, 4.07843, 12.78033],
			"rotation": {"angle": -45, "axis": "y", "origin": [1.58579, 0.07843, 13.53033]},
			"faces": {
				"north": {"uv": [6.08333, 15.66667, 5.66667, 15.83333], "texture": "#5"},
				"east": {"uv": [5.08333, 15.66667, 4.66667, 15.83333], "texture": "#5"},
				"south": {"uv": [4.08333, 15.66667, 3.66667, 15.83333], "texture": "#5"},
				"west": {"uv": [10.41667, 15.66667, 10, 15.83333], "texture": "#5"},
				"up": {"uv": [7.08333, 15, 6.66667, 15.41667], "texture": "#5"},
				"down": {"uv": [8.08333, 15.41667, 7.66667, 15], "texture": "#5"}
			}
		},
		{
			"from": [1.76256, 0.82843, 11.78033],
			"to": [2.76256, 6.82843, 12.78033],
			"rotation": {"angle": -45, "axis": "y", "origin": [1.76256, -0.17157, 13.53033]},
			"faces": {
				"north": {"uv": [12.33333, 12.33333, 12, 14.33333], "texture": "#5"},
				"east": {"uv": [11.66667, 12.33333, 11.33333, 14.33333], "texture": "#5"},
				"south": {"uv": [11, 12.33333, 10.66667, 14.33333], "texture": "#5"},
				"west": {"uv": [4, 12.66667, 3.66667, 14.66667], "texture": "#5"},
				"up": {"uv": [1.66667, 15.33333, 1.33333, 15.66667], "texture": "#5"},
				"down": {"uv": [15.66667, 2, 15.33333, 1.66667], "texture": "#5"}
			}
		},
		{
			"from": [1.58579, 5.82843, 11.35355],
			"to": [3.08579, 6.32843, 12.85355],
			"rotation": {"angle": -45, "axis": "y", "origin": [1.58579, -0.67157, 13.35355]},
			"faces": {
				"north": {"uv": [14.83333, 15.33333, 14.33333, 15.5], "texture": "#5"},
				"east": {"uv": [13.83333, 15.33333, 13.33333, 15.5], "texture": "#5"},
				"south": {"uv": [12.83333, 15.33333, 12.33333, 15.5], "texture": "#5"},
				"west": {"uv": [15.83333, 15.33333, 15.33333, 15.5], "texture": "#5"},
				"up": {"uv": [14.83333, 6, 14.33333, 6.5], "texture": "#5"},
				"down": {"uv": [13.16667, 14.83333, 12.66667, 14.33333], "texture": "#5"}
			}
		},
		{
			"from": [11.58579, 0, 11],
			"to": [13.58579, 1, 13],
			"rotation": {"angle": -45, "axis": "y", "origin": [11.58579, 0, 13]},
			"faces": {
				"north": {"uv": [4.66667, 15, 5.33333, 15.33333], "texture": "#5"},
				"east": {"uv": [5.66667, 15, 6.33333, 15.33333], "texture": "#5"},
				"south": {"uv": [14.66667, 13.33333, 15.33333, 13.66667], "texture": "#5"},
				"west": {"uv": [3.66667, 15, 4.33333, 15.33333], "texture": "#5"},
				"up": {"uv": [13.33333, 3, 14, 3.66667], "texture": "#5"},
				"down": {"uv": [12.66667, 14, 13.33333, 13.33333], "texture": "#5"}
			}
		},
		{
			"from": [12.91421, 1.32843, 11.35355],
			"to": [14.41421, 1.82843, 12.85355],
			"rotation": {"angle": 45, "axis": "y", "origin": [14.41421, 0.82843, 13.35355]},
			"faces": {
				"north": {"uv": [15.33333, 3, 15.83333, 3.16667], "texture": "#5"},
				"east": {"uv": [15.33333, 6, 15.83333, 6.16667], "texture": "#5"},
				"south": {"uv": [15.33333, 2.33333, 15.83333, 2.5], "texture": "#5"},
				"west": {"uv": [2.66667, 15.33333, 3.16667, 15.5], "texture": "#5"},
				"up": {"uv": [14.33333, 2, 14.83333, 2.5], "texture": "#5"},
				"down": {"uv": [14.33333, 3.5, 14.83333, 3], "texture": "#5"}
			}
		},
		{
			"from": [13.16421, 3.57843, 11.53033],
			"to": [14.41421, 4.07843, 12.78033],
			"rotation": {"angle": 45, "axis": "y", "origin": [14.41421, 0.07843, 13.53033]},
			"faces": {
				"north": {"uv": [5.66667, 15.66667, 6.08333, 15.83333], "texture": "#5"},
				"east": {"uv": [10, 15.66667, 10.41667, 15.83333], "texture": "#5"},
				"south": {"uv": [3.66667, 15.66667, 4.08333, 15.83333], "texture": "#5"},
				"west": {"uv": [4.66667, 15.66667, 5.08333, 15.83333], "texture": "#5"},
				"up": {"uv": [6.66667, 15, 7.08333, 15.41667], "texture": "#5"},
				"down": {"uv": [7.66667, 15.41667, 8.08333, 15], "texture": "#5"}
			}
		},
		{
			"from": [12.91421, 5.82843, 11.35355],
			"to": [14.41421, 6.32843, 12.85355],
			"rotation": {"angle": 45, "axis": "y", "origin": [14.41421, -0.67157, 13.35355]},
			"faces": {
				"north": {"uv": [14.33333, 15.33333, 14.83333, 15.5], "texture": "#5"},
				"east": {"uv": [15.33333, 15.33333, 15.83333, 15.5], "texture": "#5"},
				"south": {"uv": [12.33333, 15.33333, 12.83333, 15.5], "texture": "#5"},
				"west": {"uv": [13.33333, 15.33333, 13.83333, 15.5], "texture": "#5"},
				"up": {"uv": [14.33333, 6, 14.83333, 6.5], "texture": "#5"},
				"down": {"uv": [12.66667, 14.83333, 13.16667, 14.33333], "texture": "#5"}
			}
		},
		{
			"from": [13.23744, 0.82843, 11.78033],
			"to": [14.23744, 6.82843, 12.78033],
			"rotation": {"angle": 45, "axis": "y", "origin": [14.23744, -0.17157, 13.53033]},
			"faces": {
				"north": {"uv": [12, 12.33333, 12.33333, 14.33333], "texture": "#5"},
				"east": {"uv": [3.66667, 12.66667, 4, 14.66667], "texture": "#5"},
				"south": {"uv": [10.66667, 12.33333, 11, 14.33333], "texture": "#5"},
				"west": {"uv": [11.33333, 12.33333, 11.66667, 14.33333], "texture": "#5"},
				"up": {"uv": [1.33333, 15.33333, 1.66667, 15.66667], "texture": "#5"},
				"down": {"uv": [15.33333, 2, 15.66667, 1.66667], "texture": "#5"}
			}
		},
		{
			"from": [2.25, 9.75, 5.5],
			"to": [3.75, 12.25, 8],
			"rotation": {"angle": 45, "axis": "x", "origin": [2.5, 9.75, 8]},
			"faces": {
				"north": {"uv": [6.33333, 13.66667, 6.83333, 14.5], "texture": "#5"},
				"east": {"uv": [8, 12.33333, 8.83333, 13.16667], "texture": "#5"},
				"south": {"uv": [7.33333, 13.66667, 7.83333, 14.5], "texture": "#5"},
				"west": {"uv": [9.33333, 12.33333, 10.16667, 13.16667], "texture": "#5"},
				"up": {"uv": [8.83333, 14.5, 8.33333, 13.66667], "texture": "#5"},
				"down": {"uv": [9.83333, 13.66667, 9.33333, 14.5], "texture": "#5"}
			}
		},
		{
			"from": [2, 10, 5.75],
			"to": [4, 12, 7.75],
			"rotation": {"angle": 45, "axis": "x", "origin": [2.5, 9.75, 8]},
			"faces": {
				"north": {"uv": [0, 13.33333, 0.66667, 14], "texture": "#5"},
				"east": {"uv": [13.33333, 0, 14, 0.66667], "texture": "#5"},
				"south": {"uv": [1, 13.33333, 1.66667, 14], "texture": "#5"},
				"west": {"uv": [13.33333, 1, 14, 1.66667], "texture": "#5"},
				"up": {"uv": [2.66667, 14, 2, 13.33333], "texture": "#5"},
				"down": {"uv": [14, 2, 13.33333, 2.66667], "texture": "#5"}
			}
		},
		{
			"from": [2.5, 10.45911, 5.44417],
			"to": [3.5, 11.95911, 7.44417],
			"rotation": {"angle": -22.5, "axis": "x", "origin": [2.875, 10.86601, 5.01583]},
			"faces": {
				"north": {"uv": [8.66667, 15, 9, 15.5], "texture": "#5"},
				"east": {"uv": [13.66667, 13.33333, 14.33333, 13.83333], "texture": "#5"},
				"south": {"uv": [9.33333, 15, 9.66667, 15.5], "texture": "#5"},
				"west": {"uv": [4.33333, 14, 5, 14.5], "texture": "#5"},
				"up": {"uv": [4, 9.33333, 3.66667, 8.66667], "texture": "#5"},
				"down": {"uv": [14, 14.33333, 13.66667, 15], "texture": "#5"}
			}
		},
		{
			"from": [2.5035, 10.19622, 3.94719],
			"to": [3.4965, 11.69622, 5.94719],
			"rotation": {"angle": -45, "axis": "x", "origin": [2.8785, 10.71651, 5.05546]},
			"faces": {
				"north": {"uv": [15, 12.33333, 15.33333, 12.83333], "texture": "#5"},
				"east": {"uv": [5.33333, 14, 6, 14.5], "texture": "#5"},
				"west": {"uv": [14, 12.33333, 14.66667, 12.83333], "texture": "#5"},
				"up": {"uv": [14.66667, 15, 14.33333, 14.33333], "texture": "#5"},
				"down": {"uv": [10.66667, 14.66667, 10.33333, 15.33333], "texture": "#5"}
			}
		},
		{
			"from": [2.985, 11.41224, 4.92127],
			"to": [3.015, 12.91224, 6.67127],
			"rotation": {"angle": -22.5, "axis": "x", "origin": [3.36, 11.81915, 3.49292]},
			"faces": {
				"east": {"uv": [14.91667, 0, 14.33333, 0.5], "texture": "#5"},
				"west": {"uv": [14.33333, 0, 14.91667, 0.5], "texture": "#5"}
			}
		},
		{
			"from": [2.99, 10.99176, 3.82101],
			"to": [3.01, 12.99176, 5.20801],
			"rotation": {"angle": 45, "axis": "x", "origin": [2.99, 12.49176, 4.57101]},
			"faces": {
				"east": {"uv": [0.5, 14.33333, 0, 15], "texture": "#5"},
				"west": {"uv": [0, 14.33333, 0.5, 15], "texture": "#5"}
			}
		},
		{
			"from": [2.995, 9.82554, 0.49024],
			"to": [3.005, 11.82554, 5.99024],
			"rotation": {"angle": 22.5, "axis": "x", "origin": [2.995, 10.80054, 3.31524]},
			"faces": {
				"east": {"uv": [13.83333, 6, 12, 6.66667], "texture": "#5"},
				"west": {"uv": [12, 6, 13.83333, 6.66667], "texture": "#5"}
			}
		},
		{
			"from": [2.5085, 9.4935, 3.11204],
			"to": [3.4915, 10.7435, 5.11204],
			"rotation": {"angle": 22.5, "axis": "x", "origin": [2.8835, 10.71651, 5.05546]},
			"faces": {
				"north": {"uv": [0.66667, 15.33333, 1, 15.75], "texture": "#5"},
				"east": {"uv": [1, 14.33333, 1.66667, 14.75], "texture": "#5"},
				"west": {"uv": [14.33333, 1, 15, 1.41667], "texture": "#5"},
				"up": {"uv": [11.33333, 15.33333, 11, 14.66667], "texture": "#5"},
				"down": {"uv": [12, 14.66667, 11.66667, 15.33333], "texture": "#5"}
			}
		},
		{
			"from": [2.5, 12.23116, 5.95519],
			"to": [3.5, 13.23116, 7.45519],
			"rotation": {"angle": -22.5, "axis": "x", "origin": [2.5, 12.23116, 5.45519]},
			"faces": {
				"north": {"uv": [3.66667, 9.66667, 4, 10], "texture": "#5"},
				"east": {"uv": [15, 14, 15.5, 14.33333], "texture": "#5"},
				"south": {"uv": [15.33333, 1, 15.66667, 1.33333], "texture": "#5"},
				"west": {"uv": [15, 14.66667, 15.5, 15], "texture": "#5"},
				"up": {"uv": [0.33333, 15.83333, 0, 15.33333], "texture": "#5"},
				"down": {"uv": [15.66667, 0, 15.33333, 0.5], "texture": "#5"}
			}
		},
		{
			"from": [2.75, 7.5, 2.75],
			"to": [3.25, 12.5, 4.75],
			"rotation": {"angle": 22.5, "axis": "x", "origin": [3.5, 7.5, 2.75]},
			"faces": {
				"north": {"uv": [3, 13.33333, 3.16667, 15], "texture": "#5"},
				"east": {"uv": [12.33333, 0, 13, 1.66667], "texture": "#5"},
				"south": {"uv": [2, 14.33333, 2.16667, 16], "texture": "#5"},
				"west": {"uv": [12.33333, 2, 13, 3.66667], "texture": "#5"}
			}
		},
		{
			"from": [2.25, 6.5, 2.25],
			"to": [13.75, 7.5, 13.75],
			"rotation": {"angle": 0, "axis": "y", "origin": [0, 1, 0]},
			"faces": {
				"north": {"uv": [3.66667, 12, 7.5, 12.33333], "texture": "#5"},
				"east": {"uv": [12, 4, 15.83333, 4.33333], "texture": "#5"},
				"south": {"uv": [12, 4.66667, 15.83333, 5], "texture": "#5"},
				"west": {"uv": [12, 5.33333, 15.83333, 5.66667], "texture": "#5"},
				"up": {"uv": [3.83333, 3.83333, 0, 0], "texture": "#5"},
				"down": {"uv": [3.83333, 4.33333, 0, 8.16667], "texture": "#5"}
			}
		},
		{
			"from": [3.25, 7.50092, 3.73726],
			"to": [12.75, 12.00092, 3.73726],
			"rotation": {"angle": 22.5, "axis": "x", "origin": [12, 7.50092, 3.73726]},
			"faces": {
				"north": {"uv": [8.33333, 4, 11.5, 5.5], "texture": "#5"}
			}
		},
		{
			"from": [3.25, 11.65746, 5.45971],
			"to": [12.75, 11.65746, 8.20971],
			"rotation": {"angle": -22.5, "axis": "x", "origin": [12, 11.65746, 5.45971]},
			"faces": {
				"up": {"uv": [11.5, 11.91667, 8.33333, 11], "texture": "#5"}
			}
		},
		{
			"from": [3, 7.50092, 4],
			"to": [3, 11.50092, 12],
			"rotation": {"angle": 0, "axis": "y", "origin": [3, 7.50092, 5]},
			"faces": {
				"west": {"uv": [0, 10.33333, 2.66667, 11.66667], "texture": "#5"}
			}
		},
		{
			"from": [6.875, 12.44388, 1.86888],
			"to": [9.125, 13.44388, 3.86888],
			"rotation": {"angle": -22.5, "axis": "x", "origin": [8, 13.75, 4.925]},
			"faces": {
				"north": {"uv": [8, 2.28571, 8.57143, 3.57143], "rotation": 270, "texture": "#2"},
				"east": {"uv": [2.28571, 9.14286, 1.71429, 10.28571], "rotation": 270, "texture": "#2"},
				"west": {"uv": [4.57143, 8, 4, 9.14286], "rotation": 90, "texture": "#2"},
				"up": {"uv": [7, 4, 5.71429, 5.14286], "rotation": 180, "texture": "#2"},
				"down": {"uv": [6.42857, 0, 5.14286, 1.14286], "texture": "#2"}
			}
		},
		{
			"from": [7.25, 12.69388, 1.61888],
			"to": [8.75, 13.69388, 2.61888],
			"rotation": {"angle": -22.5, "axis": "x", "origin": [8, 13.75, 4.925]},
			"faces": {
				"north": {"uv": [10.85714, 0, 11.42857, 0.85714], "rotation": 270, "texture": "#2"},
				"east": {"uv": [11.42857, 9.14286, 10.85714, 9.71429], "rotation": 270, "texture": "#2"},
				"south": {"uv": [2.85714, 11.14286, 3.42857, 10.28571], "rotation": 270, "texture": "#2"},
				"west": {"uv": [9.71429, 10.85714, 9.14286, 11.42857], "rotation": 90, "texture": "#2"},
				"up": {"uv": [11.14286, 5.71429, 10.28571, 6.28571], "rotation": 180, "texture": "#2"},
				"down": {"uv": [11.14286, 4.57143, 10.28571, 5.14286], "texture": "#2"}
			}
		},
		{
			"from": [6.875, 10.27443, 5.97754],
			"to": [9.125, 12.77443, 6.97754],
			"rotation": {"angle": 45, "axis": "x", "origin": [8, 13.75, 4.925]},
			"faces": {
				"north": {"uv": [5.85714, 1.71429, 4.57143, 3.14286], "texture": "#2"},
				"east": {"uv": [8.57143, 0, 8, 1.42857], "texture": "#2"},
				"south": {"uv": [3, 4.57143, 1.71429, 6], "texture": "#2"},
				"west": {"uv": [6.85714, 7.42857, 6.28571, 8.85714], "texture": "#2"},
				"down": {"uv": [2.85714, 8, 3.42857, 9.28571], "rotation": 90, "texture": "#2"}
			}
		},
		{
			"from": [6.375, 11.44388, 4.86888],
			"to": [9.625, 13.44388, 6.86888],
			"rotation": {"angle": -22.5, "axis": "x", "origin": [8, 13.75, 4.925]},
			"faces": {
				"north": {"uv": [0, 4, 1.14286, 5.85714], "rotation": 270, "texture": "#2"},
				"east": {"uv": [1.14286, 6.85714, 0, 8], "rotation": 270, "texture": "#2"},
				"south": {"uv": [2.85714, 3.57143, 4, 1.71429], "rotation": 270, "texture": "#2"},
				"west": {"uv": [6.85714, 5.71429, 5.71429, 6.85714], "rotation": 90, "texture": "#2"},
				"up": {"uv": [4.14286, 0, 2.28571, 1.14286], "rotation": 180, "texture": "#2"},
				"down": {"uv": [1.85714, 2.28571, 0, 3.42857], "texture": "#2"}
			}
		},
		{
			"from": [6.625, 11.44388, 3.86888],
			"to": [9.375, 13.44388, 4.86888],
			"rotation": {"angle": -22.5, "axis": "x", "origin": [8, 13.75, 4.925]},
			"faces": {
				"north": {"uv": [4, 4.57143, 5.14286, 6.14286], "rotation": 270, "texture": "#2"},
				"east": {"uv": [10.28571, 8, 9.14286, 8.57143], "rotation": 270, "texture": "#2"},
				"west": {"uv": [10.28571, 3.42857, 9.14286, 4], "rotation": 90, "texture": "#2"},
				"down": {"uv": [4.42857, 6.85714, 2.85714, 7.42857], "texture": "#2"}
			}
		},
		{
			"from": [6.625, 13.44388, 3.86888],
			"to": [9.375, 14.44388, 6.86888],
			"rotation": {"angle": -22.5, "axis": "x", "origin": [8, 13.75, 4.925]},
			"faces": {
				"north": {"uv": [7.42857, 5.71429, 8, 7.28571], "rotation": 270, "texture": "#2"},
				"east": {"uv": [7.42857, 1.71429, 6.85714, 3.42857], "rotation": 270, "texture": "#2"},
				"south": {"uv": [5.14286, 9, 5.71429, 7.42857], "rotation": 270, "texture": "#2"},
				"west": {"uv": [2.28571, 6.85714, 1.71429, 8.57143], "rotation": 90, "texture": "#2"},
				"up": {"uv": [1.57143, 0, 0, 1.71429], "rotation": 180, "texture": "#2"}
			}
		},
		{
			"from": [6.25, 14.73585, 4.1647],
			"to": [7.75, 16.23585, 5.6647],
			"rotation": {"angle": 45, "axis": "x", "origin": [8, 13.75, 4.925]},
			"faces": {
				"north": {"uv": [9.42857, 6.28571, 8.57143, 7.14286], "texture": "#2"},
				"east": {"uv": [9.42857, 4.57143, 8.57143, 5.42857], "texture": "#2"},
				"south": {"uv": [0.85714, 8.57143, 0, 9.42857], "texture": "#2"},
				"west": {"uv": [8.28571, 8, 7.42857, 8.85714], "texture": "#2"},
				"up": {"uv": [9.14286, 0.85714, 10, 0], "rotation": 270, "texture": "#2"},
				"down": {"uv": [9.14286, 1.71429, 10, 2.57143], "rotation": 90, "texture": "#2"}
			}
		},
		{
			"from": [6.375, 15.76355, 5.25968],
			"to": [7.625, 17.01355, 6.50968],
			"rotation": {"angle": 22.5, "axis": "x", "origin": [8, 13.75, 4.925]},
			"faces": {
				"north": {"uv": [8.14286, 9.71429, 7.42857, 10.42857], "texture": "#2"},
				"east": {"uv": [6.42857, 9.71429, 5.71429, 10.42857], "texture": "#2"},
				"south": {"uv": [4.71429, 9.71429, 4, 10.42857], "texture": "#2"},
				"west": {"uv": [9.85714, 9.14286, 9.14286, 9.85714], "texture": "#2"},
				"up": {"uv": [0, 11, 0.71429, 10.28571], "rotation": 270, "texture": "#2"}
			}
		},
		{
			"from": [6.5, 16.15627, 6.54538],
			"to": [7.5, 17.15627, 7.54538],
			"rotation": {"angle": 0, "axis": "x", "origin": [8, 13.75, 4.925]},
			"faces": {
				"north": {"uv": [6.85714, 11.42857, 6.28571, 12], "texture": "#2"},
				"east": {"uv": [5.71429, 11.42857, 5.14286, 12], "texture": "#2"},
				"south": {"uv": [4.57143, 11.42857, 4, 12], "texture": "#2"},
				"west": {"uv": [10.85714, 10.85714, 10.28571, 11.42857], "texture": "#2"},
				"up": {"uv": [7.42857, 12, 8, 11.42857], "rotation": 270, "texture": "#2"}
			}
		},
		{
			"from": [8.5, 16.15627, 6.54538],
			"to": [9.5, 17.15627, 7.54538],
			"rotation": {"angle": 0, "axis": "x", "origin": [8, 13.75, 4.925]},
			"faces": {
				"north": {"uv": [6.28571, 11.42857, 6.85714, 12], "texture": "#2"},
				"east": {"uv": [10.28571, 10.85714, 10.85714, 11.42857], "texture": "#2"},
				"south": {"uv": [4, 11.42857, 4.57143, 12], "texture": "#2"},
				"west": {"uv": [5.14286, 11.42857, 5.71429, 12], "texture": "#2"},
				"up": {"uv": [7.42857, 11.42857, 8, 12], "rotation": 270, "texture": "#2"}
			}
		},
		{
			"from": [8.375, 15.76355, 5.25968],
			"to": [9.625, 17.01355, 6.50968],
			"rotation": {"angle": 22.5, "axis": "x", "origin": [8, 13.75, 4.925]},
			"faces": {
				"north": {"uv": [7.42857, 9.71429, 8.14286, 10.42857], "texture": "#2"},
				"east": {"uv": [9.14286, 9.14286, 9.85714, 9.85714], "texture": "#2"},
				"south": {"uv": [4, 9.71429, 4.71429, 10.42857], "texture": "#2"},
				"west": {"uv": [5.71429, 9.71429, 6.42857, 10.42857], "texture": "#2"},
				"up": {"uv": [0, 10.28571, 0.71429, 11], "rotation": 270, "texture": "#2"}
			}
		},
		{
			"from": [8.25, 14.73585, 4.1647],
			"to": [9.75, 16.23585, 5.6647],
			"rotation": {"angle": 45, "axis": "x", "origin": [8, 13.75, 4.925]},
			"faces": {
				"north": {"uv": [8.57143, 6.28571, 9.42857, 7.14286], "texture": "#2"},
				"east": {"uv": [7.42857, 8, 8.28571, 8.85714], "texture": "#2"},
				"south": {"uv": [0, 8.57143, 0.85714, 9.42857], "texture": "#2"},
				"west": {"uv": [8.57143, 4.57143, 9.42857, 5.42857], "texture": "#2"},
				"up": {"uv": [9.14286, 0, 10, 0.85714], "rotation": 270, "texture": "#2"},
				"down": {"uv": [9.14286, 2.57143, 10, 1.71429], "rotation": 90, "texture": "#2"}
			}
		},
		{
			"from": [7.5, 9.75352, 5.49126],
			"to": [8.5, 10.75352, 6.24126],
			"rotation": {"angle": 22.5, "axis": "x", "origin": [8, 13.75, 4.925]},
			"faces": {
				"east": {"uv": [12.42857, 0, 12, 0.57143], "texture": "#2"},
				"south": {"uv": [12, 10.28571, 11.42857, 10.85714], "texture": "#2"},
				"west": {"uv": [0.42857, 12, 0, 12.57143], "texture": "#2"},
				"up": {"uv": [12, 1.71429, 12.42857, 1.14286], "rotation": 270, "texture": "#2"},
				"down": {"uv": [12, 2.28571, 12.42857, 2.85714], "rotation": 90, "texture": "#2"}
			}
		},
		{
			"from": [7.625, 9.62457, 4.61522],
			"to": [8.375, 10.37457, 5.36522],
			"rotation": {"angle": 0, "axis": "x", "origin": [8, 13.75, 4.925]},
			"faces": {
				"east": {"uv": [12.42857, 4.57143, 12, 5], "texture": "#2"},
				"south": {"uv": [12.42857, 3.42857, 12, 3.85714], "texture": "#2"},
				"west": {"uv": [3.28571, 12, 2.85714, 12.42857], "texture": "#2"},
				"up": {"uv": [12, 6.14286, 12.42857, 5.71429], "rotation": 270, "texture": "#2"},
				"down": {"uv": [12, 6.85714, 12.42857, 7.28571], "rotation": 90, "texture": "#2"}
			}
		},
		{
			"from": [7.025, 10.42443, 5.47754],
			"to": [7.055, 12.77443, 5.97754],
			"rotation": {"angle": 45, "axis": "x", "origin": [8, 13.75, 4.925]},
			"faces": {
				"east": {"uv": [1.71429, 10.85714, 2, 12.14286], "texture": "#2"},
				"west": {"uv": [2, 10.85714, 1.71429, 12.14286], "texture": "#2"}
			}
		},
		{
			"from": [8.945, 10.42443, 5.47754],
			"to": [8.975, 12.77443, 5.97754],
			"rotation": {"angle": 45, "axis": "x", "origin": [8, 13.75, 4.925]},
			"faces": {
				"east": {"uv": [1.71429, 10.85714, 2, 12.14286], "texture": "#2"},
				"west": {"uv": [2, 10.85714, 1.71429, 12.14286], "texture": "#2"}
			}
		},
		{
			"from": [7.025, 10.42444, 5.47753],
			"to": [8.975, 10.45444, 5.97753],
			"rotation": {"angle": 45, "axis": "x", "origin": [8, 13.75, 4.925]},
			"faces": {
				"up": {"uv": [11.42857, 12.57143, 11.71429, 11.42857], "rotation": 270, "texture": "#2"},
				"down": {"uv": [11.42857, 11.42857, 11.71429, 12.57143], "rotation": 90, "texture": "#2"}
			}
		},
		{
			"from": [6.925, 11.94388, 2.01887],
			"to": [9.075, 12.44388, 2.04887],
			"rotation": {"angle": -22.5, "axis": "x", "origin": [8, 13.75, 4.925]},
			"faces": {
				"north": {"uv": [10.85714, 1.71429, 11.14286, 3], "rotation": 270, "texture": "#2"},
				"south": {"uv": [10.85714, 1.71429, 11.14286, 3], "rotation": 270, "texture": "#2"}
			}
		},
		{
			"from": [6.925, 11.94388, 2.01887],
			"to": [6.955, 12.44388, 4.36887],
			"rotation": {"angle": -22.5, "axis": "x", "origin": [8, 13.75, 4.925]},
			"faces": {
				"east": {"uv": [10.85714, 6.85714, 11.14286, 8.14286], "rotation": 270, "texture": "#2"},
				"west": {"uv": [11.14286, 6.85714, 10.85714, 8.14286], "rotation": 90, "texture": "#2"}
			}
		},
		{
			"from": [9.045, 11.94388, 2.01887],
			"to": [9.075, 12.44388, 4.36887],
			"rotation": {"angle": -22.5, "axis": "x", "origin": [8, 13.75, 4.925]},
			"faces": {
				"east": {"uv": [10.85714, 6.85714, 11.14286, 8.14286], "rotation": 270, "texture": "#2"},
				"west": {"uv": [11.14286, 6.85714, 10.85714, 8.14286], "rotation": 90, "texture": "#2"}
			}
		},
		{
			"from": [5.25, 13.94287, 3.61887],
			"to": [10.75, 13.97287, 6.11887],
			"rotation": {"angle": -22.5, "axis": "x", "origin": [8, 13.75, 4.925]},
			"faces": {
				"up": {"uv": [0, 11, 5, 0], "rotation": 270, "texture": "#4"},
				"down": {"uv": [0, 0, 5, 11], "rotation": 90, "texture": "#4"}
			}
		},
		{
			"from": [2.995, 9.82554, 10.00976],
			"to": [3.005, 11.82554, 15.50976],
			"rotation": {"angle": -22.5, "axis": "x", "origin": [2.995, 10.80054, 12.68476]},
			"faces": {
				"east": {"uv": [12, 6, 13.83333, 6.66667], "texture": "#5"},
				"west": {"uv": [13.83333, 6, 12, 6.66667], "texture": "#5"}
			}
		},
		{
			"from": [2.5085, 9.4935, 10.88796],
			"to": [3.4915, 10.7435, 12.88796],
			"rotation": {"angle": -22.5, "axis": "x", "origin": [2.8835, 10.71651, 10.94454]},
			"faces": {
				"east": {"uv": [1.66667, 14.33333, 1, 14.75], "texture": "#5"},
				"south": {"uv": [1, 15.33333, 0.66667, 15.75], "texture": "#5"},
				"west": {"uv": [15, 1, 14.33333, 1.41667], "texture": "#5"},
				"up": {"uv": [11.33333, 14.66667, 11, 15.33333], "texture": "#5"},
				"down": {"uv": [12, 15.33333, 11.66667, 14.66667], "texture": "#5"}
			}
		},
		{
			"from": [2.5035, 10.19622, 10.05281],
			"to": [3.4965, 11.69622, 12.05281],
			"rotation": {"angle": 45, "axis": "x", "origin": [2.8785, 10.71651, 10.94454]},
			"faces": {
				"east": {"uv": [6, 14, 5.33333, 14.5], "texture": "#5"},
				"south": {"uv": [15.33333, 12.33333, 15, 12.83333], "texture": "#5"},
				"west": {"uv": [14.66667, 12.33333, 14, 12.83333], "texture": "#5"},
				"up": {"uv": [14.66667, 14.33333, 14.33333, 15], "texture": "#5"},
				"down": {"uv": [10.66667, 15.33333, 10.33333, 14.66667], "texture": "#5"}
			}
		},
		{
			"from": [2.99, 10.99176, 10.79199],
			"to": [3.01, 12.99176, 12.17899],
			"rotation": {"angle": -45, "axis": "x", "origin": [2.99, 12.49176, 11.42899]},
			"faces": {
				"east": {"uv": [0, 14.33333, 0.5, 15], "texture": "#5"},
				"west": {"uv": [0.5, 14.33333, 0, 15], "texture": "#5"}
			}
		},
		{
			"from": [2.985, 11.41224, 9.32873],
			"to": [3.015, 12.91224, 11.07873],
			"rotation": {"angle": 22.5, "axis": "x", "origin": [3.36, 11.81915, 12.50708]},
			"faces": {
				"east": {"uv": [14.33333, 0, 14.91667, 0.5], "texture": "#5"},
				"west": {"uv": [14.91667, 0, 14.33333, 0.5], "texture": "#5"}
			}
		},
		{
			"from": [2.5, 10.45911, 8.55583],
			"to": [3.5, 11.95911, 10.55583],
			"rotation": {"angle": 22.5, "axis": "x", "origin": [2.875, 10.86601, 10.98417]},
			"faces": {
				"north": {"uv": [9.66667, 15, 9.33333, 15.5], "texture": "#5"},
				"east": {"uv": [14.33333, 13.33333, 13.66667, 13.83333], "texture": "#5"},
				"south": {"uv": [9, 15, 8.66667, 15.5], "texture": "#5"},
				"west": {"uv": [5, 14, 4.33333, 14.5], "texture": "#5"},
				"up": {"uv": [4, 8.66667, 3.66667, 9.33333], "texture": "#5"},
				"down": {"uv": [14, 15, 13.66667, 14.33333], "texture": "#5"}
			}
		},
		{
			"from": [2.5, 12.23116, 8.54481],
			"to": [3.5, 13.23116, 10.04481],
			"rotation": {"angle": 22.5, "axis": "x", "origin": [2.5, 12.23116, 10.54481]},
			"faces": {
				"north": {"uv": [15.66667, 1, 15.33333, 1.33333], "texture": "#5"},
				"east": {"uv": [15.5, 14, 15, 14.33333], "texture": "#5"},
				"south": {"uv": [4, 9.66667, 3.66667, 10], "texture": "#5"},
				"west": {"uv": [15.5, 14.66667, 15, 15], "texture": "#5"},
				"up": {"uv": [0.33333, 15.33333, 0, 15.83333], "texture": "#5"},
				"down": {"uv": [15.66667, 0.5, 15.33333, 0], "texture": "#5"}
			}
		},
		{
			"from": [2.75, 7.5, 11.25],
			"to": [3.25, 12.5, 13.25],
			"rotation": {"angle": -22.5, "axis": "x", "origin": [3.5, 7.5, 13.25]},
			"faces": {
				"north": {"uv": [2.16667, 14.33333, 2, 16], "texture": "#5"},
				"east": {"uv": [13, 0, 12.33333, 1.66667], "texture": "#5"},
				"south": {"uv": [3.16667, 13.33333, 3, 15], "texture": "#5"},
				"west": {"uv": [13, 2, 12.33333, 3.66667], "texture": "#5"}
			}
		},
		{
			"from": [12.75, 7.5, 11.25],
			"to": [13.25, 12.5, 13.25],
			"rotation": {"angle": -22.5, "axis": "x", "origin": [12.5, 7.5, 13.25]},
			"faces": {
				"north": {"uv": [2, 14.33333, 2.16667, 16], "texture": "#5"},
				"east": {"uv": [12.33333, 2, 13, 3.66667], "texture": "#5"},
				"south": {"uv": [3, 13.33333, 3.16667, 15], "texture": "#5"},
				"west": {"uv": [12.33333, 0, 13, 1.66667], "texture": "#5"}
			}
		},
		{
			"from": [12.5, 12.23116, 8.54481],
			"to": [13.5, 13.23116, 10.04481],
			"rotation": {"angle": 22.5, "axis": "x", "origin": [13.5, 12.23116, 10.54481]},
			"faces": {
				"north": {"uv": [15.33333, 1, 15.66667, 1.33333], "texture": "#5"},
				"east": {"uv": [15, 14.66667, 15.5, 15], "texture": "#5"},
				"south": {"uv": [3.66667, 9.66667, 4, 10], "texture": "#5"},
				"west": {"uv": [15, 14, 15.5, 14.33333], "texture": "#5"},
				"up": {"uv": [0, 15.33333, 0.33333, 15.83333], "texture": "#5"},
				"down": {"uv": [15.33333, 0.5, 15.66667, 0], "texture": "#5"}
			}
		},
		{
			"from": [12.5, 10.45911, 8.55583],
			"to": [13.5, 11.95911, 10.55583],
			"rotation": {"angle": 22.5, "axis": "x", "origin": [13.125, 10.86601, 10.98417]},
			"faces": {
				"north": {"uv": [9.33333, 15, 9.66667, 15.5], "texture": "#5"},
				"east": {"uv": [4.33333, 14, 5, 14.5], "texture": "#5"},
				"south": {"uv": [8.66667, 15, 9, 15.5], "texture": "#5"},
				"west": {"uv": [13.66667, 13.33333, 14.33333, 13.83333], "texture": "#5"},
				"up": {"uv": [3.66667, 8.66667, 4, 9.33333], "texture": "#5"},
				"down": {"uv": [13.66667, 15, 14, 14.33333], "texture": "#5"}
			}
		},
		{
			"from": [12.985, 11.41224, 9.32873],
			"to": [13.015, 12.91224, 11.07873],
			"rotation": {"angle": 22.5, "axis": "x", "origin": [12.64, 11.81915, 12.50708]},
			"faces": {
				"east": {"uv": [14.33333, 0, 14.91667, 0.5], "texture": "#5"},
				"west": {"uv": [14.91667, 0, 14.33333, 0.5], "texture": "#5"}
			}
		},
		{
			"from": [12.99, 10.99176, 10.79199],
			"to": [13.01, 12.99176, 12.17899],
			"rotation": {"angle": -45, "axis": "x", "origin": [13.01, 12.49176, 11.42899]},
			"faces": {
				"east": {"uv": [0, 14.33333, 0.5, 15], "texture": "#5"},
				"west": {"uv": [0.5, 14.33333, 0, 15], "texture": "#5"}
			}
		},
		{
			"from": [12.5035, 10.19622, 10.05281],
			"to": [13.4965, 11.69622, 12.05281],
			"rotation": {"angle": 45, "axis": "x", "origin": [13.1215, 10.71651, 10.94454]},
			"faces": {
				"east": {"uv": [14, 12.33333, 14.66667, 12.83333], "texture": "#5"},
				"south": {"uv": [15, 12.33333, 15.33333, 12.83333], "texture": "#5"},
				"west": {"uv": [5.33333, 14, 6, 14.5], "texture": "#5"},
				"up": {"uv": [14.33333, 14.33333, 14.66667, 15], "texture": "#5"},
				"down": {"uv": [10.33333, 15.33333, 10.66667, 14.66667], "texture": "#5"}
			}
		},
		{
			"from": [12.5085, 9.4935, 10.88796],
			"to": [13.4915, 10.7435, 12.88796],
			"rotation": {"angle": -22.5, "axis": "x", "origin": [13.1165, 10.71651, 10.94454]},
			"faces": {
				"east": {"uv": [14.33333, 1, 15, 1.41667], "texture": "#5"},
				"south": {"uv": [0.66667, 15.33333, 1, 15.75], "texture": "#5"},
				"west": {"uv": [1, 14.33333, 1.66667, 14.75], "texture": "#5"},
				"up": {"uv": [11, 14.66667, 11.33333, 15.33333], "texture": "#5"},
				"down": {"uv": [11.66667, 15.33333, 12, 14.66667], "texture": "#5"}
			}
		},
		{
			"from": [12.995, 9.82554, 10.00976],
			"to": [13.005, 11.82554, 15.50976],
			"rotation": {"angle": -22.5, "axis": "x", "origin": [13.005, 10.80054, 12.68476]},
			"faces": {
				"east": {"uv": [12, 6, 13.83333, 6.66667], "texture": "#5"},
				"west": {"uv": [13.83333, 6, 12, 6.66667], "texture": "#5"}
			}
		},
		{
			"from": [13, 7.50092, 4],
			"to": [13, 11.50092, 12],
			"rotation": {"angle": 0, "axis": "y", "origin": [13, 7.50092, 5]},
			"faces": {
				"east": {"uv": [2.66667, 10.33333, 0, 11.66667], "texture": "#5"}
			}
		},
		{
			"from": [12.75, 7.5, 2.75],
			"to": [13.25, 12.5, 4.75],
			"rotation": {"angle": 22.5, "axis": "x", "origin": [12.5, 7.5, 2.75]},
			"faces": {
				"north": {"uv": [3.16667, 13.33333, 3, 15], "texture": "#5"},
				"east": {"uv": [13, 2, 12.33333, 3.66667], "texture": "#5"},
				"south": {"uv": [2.16667, 14.33333, 2, 16], "texture": "#5"},
				"west": {"uv": [13, 0, 12.33333, 1.66667], "texture": "#5"}
			}
		},
		{
			"from": [12.5, 12.23116, 5.95519],
			"to": [13.5, 13.23116, 7.45519],
			"rotation": {"angle": -22.5, "axis": "x", "origin": [13.5, 12.23116, 5.45519]},
			"faces": {
				"north": {"uv": [4, 9.66667, 3.66667, 10], "texture": "#5"},
				"east": {"uv": [15.5, 14.66667, 15, 15], "texture": "#5"},
				"south": {"uv": [15.66667, 1, 15.33333, 1.33333], "texture": "#5"},
				"west": {"uv": [15.5, 14, 15, 14.33333], "texture": "#5"},
				"up": {"uv": [0, 15.83333, 0.33333, 15.33333], "texture": "#5"},
				"down": {"uv": [15.33333, 0, 15.66667, 0.5], "texture": "#5"}
			}
		},
		{
			"from": [12.5085, 9.4935, 3.11204],
			"to": [13.4915, 10.7435, 5.11204],
			"rotation": {"angle": 22.5, "axis": "x", "origin": [13.1165, 10.71651, 5.05546]},
			"faces": {
				"north": {"uv": [1, 15.33333, 0.66667, 15.75], "texture": "#5"},
				"east": {"uv": [15, 1, 14.33333, 1.41667], "texture": "#5"},
				"west": {"uv": [1.66667, 14.33333, 1, 14.75], "texture": "#5"},
				"up": {"uv": [11, 15.33333, 11.33333, 14.66667], "texture": "#5"},
				"down": {"uv": [11.66667, 14.66667, 12, 15.33333], "texture": "#5"}
			}
		},
		{
			"from": [12.995, 9.82554, 0.49024],
			"to": [13.005, 11.82554, 5.99024],
			"rotation": {"angle": 22.5, "axis": "x", "origin": [13.005, 10.80054, 3.31524]},
			"faces": {
				"east": {"uv": [13.83333, 6, 12, 6.66667], "texture": "#5"},
				"west": {"uv": [12, 6, 13.83333, 6.66667], "texture": "#5"}
			}
		},
		{
			"from": [12.99, 10.99176, 3.82101],
			"to": [13.01, 12.99176, 5.20801],
			"rotation": {"angle": 45, "axis": "x", "origin": [13.01, 12.49176, 4.57101]},
			"faces": {
				"east": {"uv": [0.5, 14.33333, 0, 15], "texture": "#5"},
				"west": {"uv": [0, 14.33333, 0.5, 15], "texture": "#5"}
			}
		},
		{
			"from": [12.985, 11.41224, 4.92127],
			"to": [13.015, 12.91224, 6.67127],
			"rotation": {"angle": -22.5, "axis": "x", "origin": [12.64, 11.81915, 3.49292]},
			"faces": {
				"east": {"uv": [14.91667, 0, 14.33333, 0.5], "texture": "#5"},
				"west": {"uv": [14.33333, 0, 14.91667, 0.5], "texture": "#5"}
			}
		},
		{
			"from": [12.5035, 10.19622, 3.94719],
			"to": [13.4965, 11.69622, 5.94719],
			"rotation": {"angle": -45, "axis": "x", "origin": [13.1215, 10.71651, 5.05546]},
			"faces": {
				"north": {"uv": [15.33333, 12.33333, 15, 12.83333], "texture": "#5"},
				"east": {"uv": [14.66667, 12.33333, 14, 12.83333], "texture": "#5"},
				"west": {"uv": [6, 14, 5.33333, 14.5], "texture": "#5"},
				"up": {"uv": [14.33333, 15, 14.66667, 14.33333], "texture": "#5"},
				"down": {"uv": [10.33333, 14.66667, 10.66667, 15.33333], "texture": "#5"}
			}
		},
		{
			"from": [12.5, 10.45911, 5.44417],
			"to": [13.5, 11.95911, 7.44417],
			"rotation": {"angle": -22.5, "axis": "x", "origin": [13.125, 10.86601, 5.01583]},
			"faces": {
				"north": {"uv": [9, 15, 8.66667, 15.5], "texture": "#5"},
				"east": {"uv": [5, 14, 4.33333, 14.5], "texture": "#5"},
				"south": {"uv": [9.66667, 15, 9.33333, 15.5], "texture": "#5"},
				"west": {"uv": [14.33333, 13.33333, 13.66667, 13.83333], "texture": "#5"},
				"up": {"uv": [3.66667, 9.33333, 4, 8.66667], "texture": "#5"},
				"down": {"uv": [13.66667, 14.33333, 14, 15], "texture": "#5"}
			}
		},
		{
			"from": [12, 10, 5.75],
			"to": [14, 12, 7.75],
			"rotation": {"angle": 45, "axis": "x", "origin": [13.5, 9.75, 8]},
			"faces": {
				"north": {"uv": [0.66667, 13.33333, 0, 14], "texture": "#5"},
				"east": {"uv": [14, 1, 13.33333, 1.66667], "texture": "#5"},
				"south": {"uv": [1.66667, 13.33333, 1, 14], "texture": "#5"},
				"west": {"uv": [14, 0, 13.33333, 0.66667], "texture": "#5"},
				"up": {"uv": [2, 14, 2.66667, 13.33333], "texture": "#5"},
				"down": {"uv": [13.33333, 2, 14, 2.66667], "texture": "#5"}
			}
		},
		{
			"from": [12.25, 9.75, 5.5],
			"to": [13.75, 12.25, 8],
			"rotation": {"angle": 45, "axis": "x", "origin": [13.5, 9.75, 8]},
			"faces": {
				"north": {"uv": [6.83333, 13.66667, 6.33333, 14.5], "texture": "#5"},
				"east": {"uv": [10.16667, 12.33333, 9.33333, 13.16667], "texture": "#5"},
				"south": {"uv": [7.83333, 13.66667, 7.33333, 14.5], "texture": "#5"},
				"west": {"uv": [8.83333, 12.33333, 8, 13.16667], "texture": "#5"},
				"up": {"uv": [8.33333, 14.5, 8.83333, 13.66667], "texture": "#5"},
				"down": {"uv": [9.33333, 13.66667, 9.83333, 14.5], "texture": "#5"}
			}
		},
		{
			"from": [3.25, 7.50092, 12.26274],
			"to": [12.75, 12.00092, 12.26274],
			"rotation": {"angle": -22.5, "axis": "x", "origin": [12, 7.50092, 12.26274]},
			"faces": {
				"south": {"uv": [11.5, 4, 8.33333, 5.5], "texture": "#5"}
			}
		},
		{
			"from": [3.25, 11.65746, 7.79029],
			"to": [12.75, 11.65746, 10.54029],
			"rotation": {"angle": 22.5, "axis": "x", "origin": [12, 11.65746, 10.54029]},
			"faces": {
				"up": {"uv": [11.5, 11, 8.33333, 11.91667], "texture": "#5"}
			}
		},
		{
			"from": [1.5, 0.07843, 1.43934],
			"to": [3, 8.82843, 1.43934],
			"rotation": {"angle": 45, "axis": "y", "origin": [3, -1.67157, 1.93934]},
			"faces": {
				"north": {"uv": [0, 0, 2, 11.66667], "texture": "#3"}
			}
		},
		{
			"from": [13, 0.07843, 1.43934],
			"to": [14.5, 8.82843, 1.43934],
			"rotation": {"angle": -45, "axis": "y", "origin": [13, -1.67157, 1.93934]},
			"faces": {
				"north": {"uv": [2, 0, 0, 11.66667], "texture": "#3"}
			}
		},
		{
			"from": [13, 0.07843, 14.56066],
			"to": [14.5, 8.82843, 14.56066],
			"rotation": {"angle": 45, "axis": "y", "origin": [13, -1.67157, 14.06066]},
			"faces": {
				"south": {"uv": [0, 0, 2, 11.66667], "texture": "#3"}
			}
		},
		{
			"from": [1.5, 0.07843, 14.56066],
			"to": [3, 8.82843, 14.56066],
			"rotation": {"angle": -45, "axis": "y", "origin": [3, -1.67157, 14.06066]},
			"faces": {
				"south": {"uv": [2, 0, 0, 11.66667], "texture": "#3"}
			}
		}
	],
	"gui_light": "front",
	"display": {
		"thirdperson_righthand": {
			"rotation": [63.5, 0, 0],
			"translation": [0, 3.5, 2],
			"scale": [0.65, 0.65, 0.65]
		},
		"thirdperson_lefthand": {
			"rotation": [63.5, 0, 0],
			"translation": [0, 3.5, 2],
			"scale": [0.65, 0.65, 0.65]
		},
		"firstperson_righthand": {
			"rotation": [165.25, 0, 180],
			"translation": [0, 5, -2],
			"scale": [0.65, 0.65, 0.65]
		},
		"firstperson_lefthand": {
			"rotation": [165.25, 0, 180],
			"translation": [0, 5, -2],
			"scale": [0.65, 0.65, 0.65]
		},
		"ground": {
			"translation": [0, 3, 0],
			"scale": [0.7, 0.7, 0.7]
		},
		"gui": {
			"rotation": [0, 155, 0],
			"translation": [0, -0.5, 0],
			"scale": [0.8, 0.8, 0.8]
		},
		"head": {
			"rotation": [0, 180, 0],
			"translation": [0, -27.25, 0],
			"scale": [2, 2, 2]
		},
		"fixed": {
			"rotation": [-90, 0, 0],
			"translation": [0, 0, -19.25],
			"scale": [2.4, 2.4, 2.4]
		}
	},
	"groups": [
		{
			"name": "group",
			"origin": [14.23744, -0.17157, 13.53033],
			"color": 0,
			"boneType": "",
			"children": [0, 1, 2, 3, 4, 5, 6, 7, 8, 9, 10, 11, 12, 13, 14, 15, 16, 17, 18, 19, 20, 21, 22, 23]
		},
		{
			"name": "group",
			"origin": [12, 14.65746, 10.54029],
			"color": 0,
			"boneType": "",
			"children": [
				24,
				25,
				26,
				27,
				28,
				29,
				30,
				31,
				32,
				33,
				34,
				35,
				36,
				37,
				38,
				39,
				40,
				41,
				42,
				43,
				44,
				45,
				46,
				47,
				48,
				49,
				50,
				51,
				52,
				53,
				54,
				55,
				56,
				57,
				58,
				59,
				60,
				61,
				62,
				63,
				64,
				65,
				66,
				67,
				68,
				69,
				70,
				71,
				72,
				73,
				74,
				75,
				76,
				77,
				78,
				79,
				80,
				81,
				82,
				83,
				84,
				85,
				86,
				87
			]
		},
		88,
		89,
		90,
		91
	]
}