{
	"credit": "Made with Blockbench",
	"texture_size": [32, 32],
	"textures": {
		"0": "item/rpg/texture1",
		"1": "item/rpg/texture2",
		"particle": "item/rpg/texture1"
	},
	"elements": [
		{
			"from": [-6, 6, 6],
			"to": [-2, 10, 10],
			"faces": {
				"north": {"uv": [13, 8, 11, 10], "texture": "#0"},
				"east": {"uv": [13, 4, 11, 6], "texture": "#0"},
				"south": {"uv": [13, 4, 11, 6], "texture": "#0"},
				"west": {"uv": [13, 4, 11, 6], "texture": "#0"},
				"up": {"uv": [11, 8, 13, 6], "rotation": 90, "texture": "#0"},
				"down": {"uv": [8.5, 5, 10.5, 3], "rotation": 270, "texture": "#1"}
			}
		},
		{
			"from": [-7, 5, 6],
			"to": [-6, 11, 10],
			"faces": {
				"north": {"uv": [2.5, 9.5, 2, 12.5], "texture": "#0"},
				"east": {"uv": [3, 5, 1, 8], "texture": "#1"},
				"south": {"uv": [2, 9.5, 2.5, 12.5], "texture": "#0"},
				"west": {"uv": [2, 9.5, 0, 12.5], "texture": "#0"},
				"up": {"uv": [0, 13, 2, 12.5], "rotation": 90, "texture": "#0"},
				"down": {"uv": [0, 12.5, 2, 13], "rotation": 270, "texture": "#0"}
			}
		},
		{
			"from": [-2, 4, 5],
			"to": [13, 12, 11],
			"faces": {
				"north": {"uv": [13, 11.5, 5.5, 15.5], "texture": "#0"},
				"east": {"uv": [16, 0, 13, 4], "texture": "#0"},
				"south": {"uv": [5.5, 11.5, 13, 15.5], "texture": "#0"},
				"west": {"uv": [16, 4, 13, 8], "texture": "#0"},
				"up": {"uv": [13, 15.5, 16, 8], "rotation": 90, "texture": "#0"},
				"down": {"uv": [10.5, 7.5, 13.5, 0], "rotation": 270, "texture": "#1"}
			}
		},
		{
			"from": [13, 6, 6],
			"to": [21, 10, 10],
			"faces": {
				"north": {"uv": [4, 14, 0, 16], "texture": "#0"},
				"east": {"uv": [11, 8, 9, 10], "texture": "#0"},
				"south": {"uv": [0, 14, 4, 16], "texture": "#0"},
				"west": {"uv": [11, 8, 9, 10], "texture": "#0"},
				"up": {"uv": [9, 8, 11, 4], "rotation": 90, "texture": "#0"},
				"down": {"uv": [11, 4, 13, 0], "rotation": 270, "texture": "#0"}
			}
		},
		{
			"from": [21, 5, 5],
			"to": [22, 11, 11],
			"faces": {
				"north": {"uv": [5.5, 0, 5, 3], "texture": "#1"},
				"east": {"uv": [8.5, 0, 5.5, 3], "texture": "#1"},
				"south": {"uv": [5, 0, 5.5, 3], "texture": "#1"},
				"west": {"uv": [5, 0, 2, 3], "texture": "#1"},
				"up": {"uv": [2, 3.5, 5, 3], "rotation": 90, "texture": "#1"},
				"down": {"uv": [2, 3, 5, 3.5], "rotation": 270, "texture": "#1"}
			}
		},
		{
			"from": [5, 11, 7],
			"to": [9, 14, 9],
			"faces": {
				"north": {"uv": [9, 7, 7, 8.5], "texture": "#0"},
				"east": {"uv": [5.5, 12.5, 4.5, 14], "texture": "#0"},
				"south": {"uv": [9, 7, 7, 8.5], "texture": "#0"},
				"west": {"uv": [5.5, 12.5, 4.5, 14], "texture": "#0"},
				"up": {"uv": [4.5, 16, 5.5, 14], "rotation": 90, "texture": "#0"},
				"down": {"uv": [4.5, 16, 5.5, 14], "rotation": 270, "texture": "#0"}
			}
		},
		{
			"from": [4, 14, 6],
			"to": [10, 17, 10],
			"faces": {
				"north": {"uv": [13, 10, 10, 11.5], "texture": "#0"},
				"east": {"uv": [10, 10, 8, 11.5], "texture": "#0"},
				"south": {"uv": [10, 10, 13, 11.5], "texture": "#0"},
				"west": {"uv": [10, 10, 8, 11.5], "texture": "#0"},
				"up": {"uv": [8.5, 3, 10.5, 0], "rotation": 90, "texture": "#1"},
				"down": {"uv": [7, 7, 9, 4], "rotation": 270, "texture": "#0"}
			}
		},
		{
			"from": [10, 14, 6],
			"to": [11, 18, 10],
			"faces": {
				"north": {"uv": [5, 4, 4.5, 6], "texture": "#0"},
				"east": {"uv": [8, 9.5, 6, 11.5], "texture": "#0"},
				"south": {"uv": [4.5, 4, 5, 6], "texture": "#0"},
				"west": {"uv": [6, 9.5, 8, 11.5], "texture": "#0"},
				"up": {"uv": [5.5, 4, 5, 6], "rotation": 180, "texture": "#0"},
				"down": {"uv": [5, 4, 5.5, 6], "texture": "#0"}
			}
		},
		{
			"from": [3, 14, 6],
			"to": [4, 18, 10],
			"rotation": {"angle": 0, "axis": "y", "origin": [16, 0, 0]},
			"faces": {
				"north": {"uv": [4.5, 4, 5, 6], "texture": "#0"},
				"east": {"uv": [8, 9.5, 6, 11.5], "texture": "#0"},
				"south": {"uv": [4.5, 4, 5, 6], "texture": "#0"},
				"west": {"uv": [6, 9.5, 8, 11.5], "texture": "#0"},
				"up": {"uv": [5, 4, 5.5, 6], "rotation": 180, "texture": "#0"},
				"down": {"uv": [5, 4, 5.5, 6], "texture": "#0"}
			}
		},
		{
			"from": [14, -1, 7],
			"to": [16, 4, 9],
			"faces": {
				"north": {"uv": [5.5, 10, 4.5, 12.5], "texture": "#0"},
				"east": {"uv": [0, 14, 2.5, 13], "rotation": 90, "texture": "#0"},
				"south": {"uv": [4.5, 10, 5.5, 12.5], "texture": "#0"},
				"west": {"uv": [7, 5, 6, 7.5], "texture": "#0"},
				"up": {"uv": [6, 8.5, 7, 7.5], "rotation": 90, "texture": "#0"},
				"down": {"uv": [6, 8.5, 7, 7.5], "rotation": 270, "texture": "#0"}
			}
		},
		{
			"from": [14, -1, 7],
			"to": [16, 4, 9],
			"faces": {
				"north": {"uv": [5.5, 10, 4.5, 12.5], "texture": "#0"},
				"east": {"uv": [0, 14, 2.5, 13], "rotation": 90, "texture": "#0"},
				"south": {"uv": [4.5, 10, 5.5, 12.5], "texture": "#0"},
				"west": {"uv": [7, 5, 6, 7.5], "texture": "#0"},
				"up": {"uv": [6, 8.5, 7, 7.5], "rotation": 90, "texture": "#0"},
				"down": {"uv": [6, 8.5, 7, 7.5], "rotation": 270, "texture": "#0"}
			}
		},
		{
			"from": [14, 4, 6],
			"to": [18, 6, 10],
			"faces": {
				"north": {"uv": [8, 8.5, 6, 9.5], "texture": "#0"},
				"east": {"uv": [2.5, 11.5, 4.5, 12.5], "texture": "#0"},
				"south": {"uv": [6, 8.5, 8, 9.5], "texture": "#0"},
				"west": {"uv": [4.5, 11.5, 2.5, 12.5], "texture": "#0"},
				"up": {"uv": [2.5, 11.5, 4.5, 9.5], "rotation": 90, "texture": "#0"},
				"down": {"uv": [2.5, 11.5, 4.5, 9.5], "rotation": 270, "texture": "#0"}
			}
		},
		{
			"from": [9, -3, 7],
			"to": [11, 2, 9],
			"rotation": {"angle": 0, "axis": "y", "origin": [16, 0, 16]},
			"faces": {
				"north": {"uv": [1, 4, 0, 6.5], "texture": "#1"},
				"east": {"uv": [1, 6.5, 0, 9], "texture": "#1"},
				"south": {"uv": [0, 4, 1, 6.5], "texture": "#1"},
				"west": {"uv": [1, 9, 0, 11.5], "texture": "#1"},
				"up": {"uv": [1, 5, 2, 4], "rotation": 90, "texture": "#1"},
				"down": {"uv": [1, 5, 2, 4], "rotation": 270, "texture": "#1"}
			}
		},
		{
			"from": [7, 2, 6],
			"to": [11, 4, 10],
			"rotation": {"angle": 0, "axis": "y", "origin": [16, 0, 16]},
			"faces": {
				"north": {"uv": [0, 2, 2, 3], "texture": "#1"},
				"east": {"uv": [0, 3, 2, 4], "texture": "#1"},
				"south": {"uv": [0, 2, 2, 3], "texture": "#1"},
				"west": {"uv": [0, 3, 2, 4], "texture": "#1"},
				"up": {"uv": [2, 2, 0, 0], "rotation": 90, "texture": "#1"},
				"down": {"uv": [2, 0, 0, 2], "rotation": 270, "texture": "#1"}
			}
		},
		{
			"from": [23, 5, 5],
			"to": [30, 11, 11],
			"rotation": {"angle": 0, "axis": "y", "origin": [16, 0, 0]},
			"faces": {
				"north": {"uv": [0, 3, 3.5, 6], "texture": "#0"},
				"east": {"uv": [0, 0, 3, 3], "texture": "#0"},
				"south": {"uv": [3.5, 3, 0, 6], "texture": "#0"},
				"west": {"uv": [8, 0, 11, 3], "texture": "#0"},
				"up": {"uv": [6, 9.5, 3, 6], "rotation": 90, "texture": "#0"},
				"down": {"uv": [3, 6, 0, 9.5], "rotation": 270, "texture": "#0"}
			}
		},
		{
			"from": [0.8, 4.1, 3.9],
			"to": [5.8, 8.1, 5.9],
			"rotation": {"angle": -22.5, "axis": "y", "origin": [2.5, 6.1, 3.5]},
			"faces": {
				"north": {"uv": [7, 0, 5, 2.5], "rotation": 90, "texture": "#0"},
				"east": {"uv": [5, 3.5, 7, 2.5], "rotation": 270, "texture": "#0"},
				"south": {"uv": [7, 0, 5, 2.5], "rotation": 90, "texture": "#0"},
				"west": {"uv": [5, 3.5, 7, 2.5], "rotation": 90, "texture": "#0"},
				"up": {"uv": [8, 2.5, 7, 0], "rotation": 270, "texture": "#0"},
				"down": {"uv": [8, 0, 7, 2.5], "rotation": 90, "texture": "#0"}
			}
		},
		{
			"from": [0.8, 4.1, 10.1],
			"to": [5.8, 8.1, 12.1],
			"rotation": {"angle": 22.5, "axis": "y", "origin": [2.5, 6.1, 12.5]},
			"faces": {
				"north": {"uv": [7, 2.5, 5, 0], "rotation": 90, "texture": "#0"},
				"east": {"uv": [5, 2.5, 7, 3.5], "rotation": 270, "texture": "#0"},
				"south": {"uv": [7, 2.5, 5, 0], "rotation": 90, "texture": "#0"},
				"west": {"uv": [5, 2.5, 7, 3.5], "rotation": 90, "texture": "#0"},
				"up": {"uv": [7, 2.5, 8, 0], "rotation": 270, "texture": "#0"},
				"down": {"uv": [7, 0, 8, 2.5], "rotation": 90, "texture": "#0"}
			}
		},
		{
			"from": [30, 6, 6],
			"to": [32, 10, 10],
			"rotation": {"angle": 0, "axis": "y", "origin": [16, 0, 0]},
			"faces": {
				"north": {"uv": [3.5, 4, 4.5, 6], "texture": "#0"},
				"east": {"uv": [3, 0, 5, 2], "texture": "#0"},
				"south": {"uv": [4.5, 4, 3.5, 6], "texture": "#0"},
				"west": {"uv": [3, 0, 5, 2], "texture": "#0"},
				"up": {"uv": [3, 2, 5, 3], "rotation": 90, "texture": "#0"},
				"down": {"uv": [3, 2, 5, 3], "rotation": 270, "texture": "#0"}
			}
		},
		{
			"from": [22, 7, 7],
			"to": [23, 9, 9],
			"faces": {
				"north": {"uv": [3.5, 3.5, 3, 4.5], "texture": "#1"},
				"east": {"uv": [3, 3.5, 2, 4.5], "texture": "#1"},
				"south": {"uv": [3.5, 3.5, 3, 4.5], "texture": "#1"},
				"west": {"uv": [3, 3.5, 2, 4.5], "texture": "#1"},
				"up": {"uv": [2, 5, 3, 4.5], "rotation": 90, "texture": "#1"},
				"down": {"uv": [2, 5, 3, 4.5], "rotation": 270, "texture": "#1"}
			}
		},
		{
			"from": [23, 11, 8],
			"to": [29, 15, 8],
			"faces": {
				"north": {"uv": [0, 11.5, 3, 13.5], "texture": "#1"},
				"east": {"uv": [0, 0, 0, 2], "texture": "#1"},
				"south": {"uv": [3, 11.5, 0, 13.5], "texture": "#1"},
				"west": {"uv": [0, 0, 0, 2], "texture": "#1"},
				"up": {"uv": [0, 0, 3, 0], "texture": "#1"},
				"down": {"uv": [0, 0, 3, 0], "texture": "#1"}
			}
		}
	],
	"display": {
		"thirdperson_righthand": {
			"rotation": [0, 90, 0],
			"translation": [0, 3, 5],
			"scale": [0.6, 0.6, 0.6]
		},
		"thirdperson_lefthand": {
			"rotation": [0, -90, 0],
			"translation": [0, 3, 5],
			"scale": [0.6, 0.6, 0.6]
		},
		"firstperson_righthand": {
			"rotation": [0, 90, 0],
			"translation": [0.5, 5, 4],
			"scale": [0.45, 0.45, 0.45]
		},
		"firstperson_lefthand": {
			"rotation": [0, -90, 0],
			"translation": [0.5, 5, 4],
			"scale": [0.45, 0.45, 0.45]
		},
		"ground": {
			"translation": [0, 0.75, 0],
			"scale": [0.5, 0.5, 0.5]
		},
		"gui": {
			"rotation": [0, 0, 45],
			"translation": [-1.5, -1.5, -2],
			"scale": [0.5, 0.5, 0.5]
		},
		"head": {
			"translation": [-0.75, 13.25, 4.75],
			"scale": [0.7, 0.7, 0.7]
		},
		"fixed": {
			"rotation": [0, 0, 45],
			"translation": [-2.25, -1.5, -1],
			"scale": [0.6, 0.6, 0.6]
		}
	},
	"groups": [
		{
			"name": "group",
			"origin": [0, 0, 0],
			"color": 0,
			"children": [0, 1, 2, 3, 4, 5, 6, 7, 8, 9, 10, 11, 12, 13, 14, 15, 16, 17, 18, 19]
		}
	]
}