{
	"credit": "Made with Blockbench",
	"texture_size": [32, 32],
	"textures": {
		"0": "item/wands/fire/fire_wand",
		"1": "item/wands/fire/fire_animation",
		"2": "item/wands/fire/fire_animation_2",
		"particle": "item/wands/fire/fire_wand"
	},
	"elements": [
		{
			"from": [5.5, 16, 5.5],
			"to": [10.5, 19, 10.5],
			"rotation": {"angle": 0, "axis": "y", "origin": [8, -6, -6]},
			"faces": {
				"north": {"uv": [8, 0, 10.5, 1.5], "texture": "#0"},
				"east": {"uv": [8, 1.5, 10.5, 3], "texture": "#0"},
				"south": {"uv": [8, 3, 10.5, 4.5], "texture": "#0"},
				"west": {"uv": [8, 4.5, 10.5, 6], "texture": "#0"},
				"up": {"uv": [5.5, 2.5, 3, 0], "texture": "#0"},
				"down": {"uv": [5.5, 2.5, 3, 5], "texture": "#0"}
			}
		},
		{
			"from": [0, 13, 8],
			"to": [16, 29, 8],
			"rotation": {"angle": -22.5, "axis": "y", "origin": [8, 22, 8]},
			"faces": {
				"north": {"uv": [0, 0, 16, 16], "texture": "#1"},
				"south": {"uv": [16, 0, 0, 16], "texture": "#1"}
			}
		},
		{
			"from": [1, 15, 8],
			"to": [17, 23, 8],
			"rotation": {"angle": 45, "axis": "y", "origin": [8, 22, 8]},
			"faces": {
				"north": {"uv": [16, 0, 0, 8], "texture": "#1"},
				"south": {"uv": [0, 0, 16, 8], "texture": "#1"}
			}
		},
		{
			"from": [8.5, 16, 5.5],
			"to": [10, 18, 7],
			"rotation": {"angle": -45, "axis": "x", "origin": [9.25, 16, 5.5]},
			"faces": {
				"north": {"uv": [15.25, 14, 16, 15], "texture": "#0"},
				"east": {"uv": [15.25, 14, 16, 15], "texture": "#0"},
				"south": {"uv": [15.25, 15, 16, 16], "texture": "#0"},
				"west": {"uv": [15.25, 15, 16, 16], "texture": "#0"},
				"up": {"uv": [15.25, 16, 14.5, 15.25], "texture": "#0"},
				"down": {"uv": [15.25, 15.25, 14.5, 16], "texture": "#0"}
			}
		},
		{
			"from": [6, 16, 5.5],
			"to": [7.5, 17, 7],
			"rotation": {"angle": -45, "axis": "x", "origin": [9.25, 16, 5.5]},
			"faces": {
				"north": {"uv": [15.25, 14, 16, 14.5], "texture": "#0"},
				"east": {"uv": [15.25, 14, 16, 14.5], "texture": "#0"},
				"south": {"uv": [15.25, 15, 16, 15.5], "texture": "#0"},
				"west": {"uv": [15.25, 15, 16, 15.5], "texture": "#0"},
				"up": {"uv": [15.25, 16, 14.5, 15.25], "texture": "#0"},
				"down": {"uv": [15.25, 15.25, 14.5, 16], "texture": "#0"}
			}
		},
		{
			"from": [6, 16, 9],
			"to": [7.5, 18, 10.5],
			"rotation": {"angle": 45, "axis": "x", "origin": [9.25, 16, 10.5]},
			"faces": {
				"north": {"uv": [16, 15, 15.25, 16], "texture": "#0"},
				"east": {"uv": [16, 14, 15.25, 15], "texture": "#0"},
				"south": {"uv": [16, 14, 15.25, 15], "texture": "#0"},
				"west": {"uv": [16, 15, 15.25, 16], "texture": "#0"},
				"up": {"uv": [15.25, 15.25, 14.5, 16], "texture": "#0"},
				"down": {"uv": [15.25, 16, 14.5, 15.25], "texture": "#0"}
			}
		},
		{
			"from": [5.5, 16, 6],
			"to": [7, 18, 7.5],
			"rotation": {"angle": 45, "axis": "z", "origin": [5.5, 16, 9.5]},
			"faces": {
				"north": {"uv": [16, 15, 15.25, 16], "texture": "#0"},
				"east": {"uv": [16, 15, 15.25, 16], "texture": "#0"},
				"south": {"uv": [16, 14, 15.25, 15], "texture": "#0"},
				"west": {"uv": [16, 14, 15.25, 15], "texture": "#0"},
				"up": {"uv": [15.25, 15.25, 14.5, 16], "rotation": 90, "texture": "#0"},
				"down": {"uv": [15.25, 16, 14.5, 15.25], "rotation": 270, "texture": "#0"}
			}
		},
		{
			"from": [9, 16, 8.75],
			"to": [10.5, 18, 10.25],
			"rotation": {"angle": -45, "axis": "z", "origin": [10.5, 16, 9.5]},
			"faces": {
				"north": {"uv": [15.25, 15, 16, 16], "texture": "#0"},
				"east": {"uv": [15.25, 14, 16, 15], "texture": "#0"},
				"south": {"uv": [15.25, 14, 16, 15], "texture": "#0"},
				"west": {"uv": [15.25, 15, 16, 16], "texture": "#0"},
				"up": {"uv": [15.25, 16, 14.5, 15.25], "rotation": 90, "texture": "#0"},
				"down": {"uv": [15.25, 15.25, 14.5, 16], "rotation": 270, "texture": "#0"}
			}
		},
		{
			"from": [8.5, 16, 9],
			"to": [10, 17, 10.5],
			"rotation": {"angle": 45, "axis": "x", "origin": [9.25, 16, 10.5]},
			"faces": {
				"north": {"uv": [16, 15, 15.25, 15.5], "texture": "#0"},
				"east": {"uv": [16, 14, 15.25, 14.5], "texture": "#0"},
				"south": {"uv": [16, 14, 15.25, 14.5], "texture": "#0"},
				"west": {"uv": [16, 15, 15.25, 15.5], "texture": "#0"},
				"up": {"uv": [15.25, 15.25, 14.5, 16], "texture": "#0"},
				"down": {"uv": [15.25, 16, 14.5, 15.25], "texture": "#0"}
			}
		},
		{
			"from": [6, 19, 8],
			"to": [8, 20, 10],
			"rotation": {"angle": 0, "axis": "y", "origin": [8, -6, -6]},
			"faces": {
				"north": {"uv": [9.5, 15, 10.5, 15.5], "texture": "#0"},
				"east": {"uv": [9.5, 15, 10.5, 15.5], "texture": "#0"},
				"south": {"uv": [9.5, 15, 10.5, 15.5], "texture": "#0"},
				"west": {"uv": [9.5, 15, 10.5, 15.5], "texture": "#0"},
				"up": {"uv": [9.5, 16, 8.5, 15], "texture": "#0"},
				"down": {"uv": [8.5, 15, 7.5, 16], "texture": "#0"}
			}
		},
		{
			"from": [8, 19, 6],
			"to": [10, 20, 8],
			"rotation": {"angle": 0, "axis": "y", "origin": [8, -6, -6]},
			"faces": {
				"north": {"uv": [9.5, 15, 10.5, 15.5], "texture": "#0"},
				"east": {"uv": [9.5, 15, 10.5, 15.5], "texture": "#0"},
				"south": {"uv": [9.5, 15, 10.5, 15.5], "texture": "#0"},
				"west": {"uv": [9.5, 15, 10.5, 15.5], "texture": "#0"},
				"up": {"uv": [9.5, 16, 8.5, 15], "texture": "#0"},
				"down": {"uv": [8.5, 15, 7.5, 16], "texture": "#0"}
			}
		},
		{
			"from": [9, 19, 9],
			"to": [10, 20, 10],
			"rotation": {"angle": 0, "axis": "y", "origin": [8, -6, -6]},
			"faces": {
				"north": {"uv": [9.5, 15, 10, 15.5], "texture": "#0"},
				"east": {"uv": [9.5, 15, 10, 15.5], "texture": "#0"},
				"south": {"uv": [9.5, 15, 10, 15.5], "texture": "#0"},
				"west": {"uv": [9.5, 15, 10, 15.5], "texture": "#0"},
				"up": {"uv": [9, 15.5, 8.5, 15], "texture": "#0"},
				"down": {"uv": [8, 15, 7.5, 15.5], "texture": "#0"}
			}
		},
		{
			"from": [7, 21, 7],
			"to": [8, 21.5, 8],
			"rotation": {"angle": 0, "axis": "y", "origin": [8, -6, -6]},
			"faces": {
				"north": {"uv": [9.5, 15, 10, 15.25], "texture": "#0"},
				"east": {"uv": [9.5, 15, 10, 15.25], "texture": "#0"},
				"south": {"uv": [9.5, 15, 10, 15.25], "texture": "#0"},
				"west": {"uv": [9.5, 15, 10, 15.25], "texture": "#0"},
				"up": {"uv": [9, 15.5, 8.5, 15], "texture": "#0"},
				"down": {"uv": [8, 15, 7.5, 15.5], "texture": "#0"}
			}
		},
		{
			"from": [8.25, 21, 8],
			"to": [9.25, 22, 9],
			"rotation": {"angle": 0, "axis": "y", "origin": [8, -6, -6]},
			"faces": {
				"north": {"uv": [9.5, 15, 10, 15.5], "texture": "#0"},
				"east": {"uv": [9.5, 15, 10, 15.5], "texture": "#0"},
				"south": {"uv": [9.5, 15, 10, 15.5], "texture": "#0"},
				"west": {"uv": [9.5, 15, 10, 15.5], "texture": "#0"},
				"up": {"uv": [9, 15.5, 8.5, 15], "texture": "#0"},
				"down": {"uv": [8, 15, 7.5, 15.5], "texture": "#0"}
			}
		},
		{
			"from": [6.5, 19, 6.5],
			"to": [9.5, 21, 9.5],
			"rotation": {"angle": 0, "axis": "y", "origin": [8, -6, -6]},
			"faces": {
				"north": {"uv": [4, 11, 5.5, 12], "texture": "#0"},
				"east": {"uv": [5.5, 11, 7, 12], "texture": "#0"},
				"south": {"uv": [7, 11, 8.5, 12], "texture": "#0"},
				"west": {"uv": [8.5, 11, 10, 12], "texture": "#0"},
				"up": {"uv": [9.5, 9.5, 8, 8], "texture": "#0"},
				"down": {"uv": [5.5, 9.5, 4, 11], "texture": "#0"}
			}
		},
		{
			"from": [5, 15, 5],
			"to": [11, 16, 11],
			"rotation": {"angle": 0, "axis": "y", "origin": [8, -6, -6]},
			"faces": {
				"north": {"uv": [9.5, 9, 12.5, 9.5], "texture": "#0"},
				"east": {"uv": [8.5, 10.5, 11.5, 11], "texture": "#0"},
				"south": {"uv": [10.5, 9.5, 13.5, 10], "texture": "#0"},
				"west": {"uv": [10.5, 10, 13.5, 10.5], "texture": "#0"},
				"up": {"uv": [3, 3, 0, 0], "texture": "#0"},
				"down": {"uv": [3, 3, 0, 6], "texture": "#0"}
			}
		},
		{
			"from": [6, 14, 6],
			"to": [10, 15, 10],
			"rotation": {"angle": 0, "axis": "y", "origin": [8, -6, -6]},
			"faces": {
				"north": {"uv": [12.5, 1.5, 14.5, 2], "texture": "#0"},
				"east": {"uv": [12.5, 9, 14.5, 9.5], "texture": "#0"},
				"south": {"uv": [5, 13, 7, 13.5], "texture": "#0"},
				"west": {"uv": [13, 8, 15, 8.5], "texture": "#0"},
				"up": {"uv": [6, 9.5, 4, 7.5], "texture": "#0"},
				"down": {"uv": [8, 7.5, 6, 9.5], "texture": "#0"}
			}
		},
		{
			"from": [5.25, 14, 5.25],
			"to": [10.75, 15, 10.75],
			"rotation": {"angle": 0, "axis": "y", "origin": [8, -6, -6]},
			"faces": {
				"north": {"uv": [8, 8, 16, 16], "texture": "#2"},
				"east": {"uv": [8, 8, 16, 16], "texture": "#2"},
				"south": {"uv": [8, 8, 16, 16], "texture": "#2"},
				"west": {"uv": [8, 8, 16, 16], "texture": "#2"},
				"up": {"uv": [8, 8, 16, 16], "texture": "#2"},
				"down": {"uv": [8, 8, 16, 16], "texture": "#2"}
			}
		},
		{
			"from": [5.25, 14, 5.25],
			"to": [10.75, 15, 10.75],
			"rotation": {"angle": 0, "axis": "y", "origin": [8, -6, -6]},
			"faces": {
				"north": {"uv": [0, 8, 8, 16], "texture": "#2"},
				"east": {"uv": [0, 8, 8, 16], "texture": "#2"},
				"south": {"uv": [0, 8, 8, 16], "texture": "#2"},
				"west": {"uv": [0, 8, 8, 16], "texture": "#2"},
				"up": {"uv": [0, 8, 8, 16], "texture": "#2"},
				"down": {"uv": [0, 8, 8, 16], "texture": "#2"}
			}
		},
		{
			"from": [5.5, 14, 5.5],
			"to": [10.5, 15, 10.5],
			"rotation": {"angle": 0, "axis": "y", "origin": [8, -6, -6]},
			"faces": {
				"north": {"uv": [8, 0, 16, 8], "texture": "#2"},
				"east": {"uv": [8, 0, 16, 8], "texture": "#2"},
				"south": {"uv": [8, 0, 16, 8], "texture": "#2"},
				"west": {"uv": [8, 0, 16, 8], "texture": "#2"},
				"up": {"uv": [8, 0, 16, 8], "texture": "#2"},
				"down": {"uv": [8, 0, 16, 8], "texture": "#2"}
			}
		},
		{
			"from": [5.75, 14, 5.75],
			"to": [10.25, 15, 10.25],
			"rotation": {"angle": 0, "axis": "y", "origin": [8, -6, -6]},
			"faces": {
				"north": {"uv": [0, 0, 8, 8], "texture": "#2"},
				"east": {"uv": [0, 0, 8, 8], "texture": "#2"},
				"south": {"uv": [0, 0, 8, 8], "texture": "#2"},
				"west": {"uv": [0, 0, 8, 8], "texture": "#2"},
				"up": {"uv": [0, 0, 8, 8], "texture": "#2"},
				"down": {"uv": [0, 0, 8, 8], "texture": "#2"}
			}
		},
		{
			"from": [5.5, 13, 5.5],
			"to": [10.5, 14, 10.5],
			"rotation": {"angle": 0, "axis": "y", "origin": [8, -6, -6]},
			"faces": {
				"north": {"uv": [11.5, 10.5, 14, 11], "texture": "#0"},
				"east": {"uv": [12, 7, 14.5, 7.5], "texture": "#0"},
				"south": {"uv": [12, 7.5, 14.5, 8], "texture": "#0"},
				"west": {"uv": [12, 11, 14.5, 11.5], "texture": "#0"},
				"up": {"uv": [5.5, 7.5, 3, 5], "texture": "#0"},
				"down": {"uv": [8, 0, 5.5, 2.5], "texture": "#0"}
			}
		},
		{
			"from": [5, 10, 7.5],
			"to": [6.5, 12, 8.5],
			"rotation": {"angle": 22.5, "axis": "z", "origin": [6.5, 11.5, 8]},
			"faces": {
				"north": {"uv": [9.75, 13.5, 9, 14.5], "texture": "#0"},
				"east": {"uv": [15.5, 0, 15, 1], "texture": "#0"},
				"south": {"uv": [14.25, 9.5, 13.5, 10.5], "texture": "#0"},
				"west": {"uv": [13, 14.5, 12.5, 15.5], "texture": "#0"},
				"up": {"uv": [15, 5, 15.75, 4.5], "texture": "#0"},
				"down": {"uv": [15, 5, 15.75, 5.5], "texture": "#0"}
			}
		},
		{
			"from": [9.5, 10, 7.5],
			"to": [11, 12, 8.5],
			"rotation": {"angle": -22.5, "axis": "z", "origin": [9.5, 11.5, 8]},
			"faces": {
				"north": {"uv": [9, 13.5, 9.75, 14.5], "texture": "#0"},
				"east": {"uv": [12.5, 14.5, 13, 15.5], "texture": "#0"},
				"south": {"uv": [13.5, 9.5, 14.25, 10.5], "texture": "#0"},
				"west": {"uv": [15, 0, 15.5, 1], "texture": "#0"},
				"up": {"uv": [15.75, 5, 15, 4.5], "texture": "#0"},
				"down": {"uv": [15.75, 5, 15, 5.5], "texture": "#0"}
			}
		},
		{
			"from": [7.5, 12, 5],
			"to": [8.5, 14, 6.5],
			"rotation": {"angle": -22.5, "axis": "x", "origin": [8, 13.5, 6.5]},
			"faces": {
				"north": {"uv": [13, 14.5, 12.5, 15.5], "texture": "#0"},
				"east": {"uv": [9.75, 13.5, 9, 14.5], "texture": "#0"},
				"south": {"uv": [15.5, 0, 15, 1], "texture": "#0"},
				"west": {"uv": [14.25, 9.5, 13.5, 10.5], "texture": "#0"},
				"up": {"uv": [15, 5, 15.75, 4.5], "rotation": 90, "texture": "#0"},
				"down": {"uv": [15, 5, 15.75, 5.5], "rotation": 270, "texture": "#0"}
			}
		},
		{
			"from": [7.5, 12, 9.5],
			"to": [8.5, 14, 11],
			"rotation": {"angle": 22.5, "axis": "x", "origin": [8, 13.5, 9.5]},
			"faces": {
				"north": {"uv": [15, 0, 15.5, 1], "texture": "#0"},
				"east": {"uv": [9, 13.5, 9.75, 14.5], "texture": "#0"},
				"south": {"uv": [12.5, 14.5, 13, 15.5], "texture": "#0"},
				"west": {"uv": [13.5, 9.5, 14.25, 10.5], "texture": "#0"},
				"up": {"uv": [15.75, 5, 15, 4.5], "rotation": 90, "texture": "#0"},
				"down": {"uv": [15.75, 5, 15, 5.5], "rotation": 270, "texture": "#0"}
			}
		},
		{
			"from": [6.5, 11, 6.5],
			"to": [9.5, 13, 9.5],
			"rotation": {"angle": 0, "axis": "y", "origin": [8, -6, -6]},
			"faces": {
				"north": {"uv": [11.5, 8, 13, 9], "texture": "#0"},
				"east": {"uv": [12, 2, 13.5, 3], "texture": "#0"},
				"south": {"uv": [12, 3, 13.5, 4], "texture": "#0"},
				"west": {"uv": [4, 12, 5.5, 13], "texture": "#0"},
				"up": {"uv": [7, 11, 5.5, 9.5], "texture": "#0"},
				"down": {"uv": [8.5, 9.5, 7, 11], "texture": "#0"}
			}
		},
		{
			"from": [12, 9.975, 6.975],
			"to": [13, 14.025, 9.025],
			"rotation": {"angle": -22.5, "axis": "z", "origin": [12.5, 12, 8]},
			"faces": {
				"north": {"uv": [7.5, 4.5, 8, 6.5], "texture": "#0"},
				"east": {"uv": [5.5, 3.5, 6.5, 5.5], "texture": "#0"},
				"south": {"uv": [8, 4.5, 7.5, 6.5], "texture": "#0"},
				"west": {"uv": [6.5, 3.5, 7.5, 5.5], "texture": "#0"},
				"up": {"uv": [7.5, 3.5, 8, 4.5], "texture": "#0"},
				"down": {"uv": [7, 5.5, 7.5, 6.5], "texture": "#0"}
			}
		},
		{
			"from": [9.5, 11, 7],
			"to": [12.5, 13, 9],
			"rotation": {"angle": 0, "axis": "y", "origin": [8, -6, -6]},
			"faces": {
				"north": {"uv": [6.5, 2.5, 8, 3.5], "texture": "#0"},
				"east": {"uv": [5.5, 2.5, 6.5, 3.5], "texture": "#0"},
				"south": {"uv": [8, 2.5, 6.5, 3.5], "texture": "#0"},
				"west": {"uv": [5.5, 2.5, 6.5, 3.5], "texture": "#0"},
				"up": {"uv": [5.5, 5.5, 7, 6.5], "texture": "#0"},
				"down": {"uv": [6.5, 2.5, 8, 3.5], "texture": "#0"}
			}
		},
		{
			"from": [3, 9.975, 6.975],
			"to": [4, 14.025, 9.025],
			"rotation": {"angle": 22.5, "axis": "z", "origin": [3.5, 12, 8]},
			"faces": {
				"north": {"uv": [8, 4.5, 7.5, 6.5], "texture": "#0"},
				"east": {"uv": [6.5, 3.5, 7.5, 5.5], "texture": "#0"},
				"south": {"uv": [7.5, 4.5, 8, 6.5], "texture": "#0"},
				"west": {"uv": [5.5, 3.5, 6.5, 5.5], "texture": "#0"},
				"up": {"uv": [8, 3.5, 7.5, 4.5], "texture": "#0"},
				"down": {"uv": [7.5, 5.5, 7, 6.5], "texture": "#0"}
			}
		},
		{
			"from": [3.5, 11, 7],
			"to": [6.5, 13, 9],
			"rotation": {"angle": 0, "axis": "y", "origin": [8, -6, -6]},
			"faces": {
				"north": {"uv": [8, 2.5, 6.5, 3.5], "texture": "#0"},
				"east": {"uv": [6.5, 2.5, 5.5, 3.5], "texture": "#0"},
				"south": {"uv": [6.5, 2.5, 8, 3.5], "texture": "#0"},
				"west": {"uv": [6.5, 2.5, 5.5, 3.5], "texture": "#0"},
				"up": {"uv": [7, 5.5, 5.5, 6.5], "texture": "#0"},
				"down": {"uv": [8, 2.5, 6.5, 3.5], "texture": "#0"}
			}
		},
		{
			"from": [6.5, 7.5, 7],
			"to": [9.5, 9.5, 9],
			"rotation": {"angle": -22.5, "axis": "z", "origin": [8, 8.5, 8]},
			"faces": {
				"north": {"uv": [12, 4, 13.5, 5], "texture": "#0"},
				"east": {"uv": [13, 12.5, 14, 13.5], "texture": "#0"},
				"south": {"uv": [12, 5, 13.5, 6], "texture": "#0"},
				"west": {"uv": [13.5, 2, 14.5, 3], "texture": "#0"},
				"up": {"uv": [7, 13, 5.5, 12], "texture": "#0"},
				"down": {"uv": [13.5, 6, 12, 7], "texture": "#0"}
			}
		},
		{
			"from": [6.75, 10, 6.75],
			"to": [9.25, 11, 9.25],
			"rotation": {"angle": 0, "axis": "y", "origin": [8, -6, -6]},
			"faces": {
				"north": {"uv": [13, 8.5, 14.25, 9], "texture": "#0"},
				"east": {"uv": [13, 13.5, 14.25, 14], "texture": "#0"},
				"south": {"uv": [0, 14, 1.25, 14.5], "texture": "#0"},
				"west": {"uv": [1.5, 14, 2.75, 14.5], "texture": "#0"},
				"up": {"uv": [11.75, 3.25, 10.5, 2], "texture": "#0"},
				"down": {"uv": [11.75, 3.5, 10.5, 4.75], "texture": "#0"}
			}
		},
		{
			"from": [7.25, -2.5, 7.25],
			"to": [8.75, 10, 8.75],
			"rotation": {"angle": 0, "axis": "y", "origin": [8, -6, -6]},
			"faces": {
				"north": {"uv": [0, 6, 0.75, 12.25], "texture": "#0"},
				"east": {"uv": [1, 6, 1.75, 12.25], "texture": "#0"},
				"south": {"uv": [2, 6, 2.75, 12.25], "texture": "#0"},
				"west": {"uv": [3, 7.5, 3.75, 13.75], "texture": "#0"},
				"up": {"uv": [14.75, 13.25, 14, 12.5], "texture": "#0"},
				"down": {"uv": [13.75, 14, 13, 14.75], "texture": "#0"}
			}
		},
		{
			"from": [7.25, -9, 7.25],
			"to": [8.75, -6, 8.75],
			"rotation": {"angle": 0, "axis": "y", "origin": [8, -6, -6]},
			"faces": {
				"north": {"uv": [9, 12, 9.75, 13.5], "texture": "#0"},
				"east": {"uv": [10, 12.5, 10.75, 14], "texture": "#0"},
				"south": {"uv": [11, 12.5, 11.75, 14], "texture": "#0"},
				"west": {"uv": [12, 12.5, 12.75, 14], "texture": "#0"},
				"up": {"uv": [14.75, 14.75, 14, 14], "texture": "#0"},
				"down": {"uv": [0.75, 14.5, 0, 15.25], "texture": "#0"}
			}
		},
		{
			"from": [7.25, -6, 7.25],
			"to": [8.25, -5, 8.75],
			"rotation": {"angle": 0, "axis": "y", "origin": [8, -6, -6]},
			"faces": {
				"north": {"uv": [7, 15, 7.5, 15.5], "texture": "#0"},
				"east": {"uv": [15, 1.5, 15.75, 2], "texture": "#0"},
				"south": {"uv": [15, 7, 15.5, 7.5], "texture": "#0"},
				"west": {"uv": [15, 2, 15.75, 2.5], "texture": "#0"},
				"up": {"uv": [15.5, 3.25, 15, 2.5], "texture": "#0"},
				"down": {"uv": [15.5, 3.5, 15, 4.25], "texture": "#0"}
			}
		},
		{
			"from": [6.75, -10, 6.75],
			"to": [9.25, -9, 9.25],
			"rotation": {"angle": 0, "axis": "y", "origin": [8, -6, -6]},
			"faces": {
				"north": {"uv": [3, 14, 4.25, 14.5], "texture": "#0"},
				"east": {"uv": [10, 14, 11.25, 14.5], "texture": "#0"},
				"south": {"uv": [14, 10.5, 15.25, 11], "texture": "#0"},
				"west": {"uv": [11.5, 14, 12.75, 14.5], "texture": "#0"},
				"up": {"uv": [11.75, 6.25, 10.5, 5], "texture": "#0"},
				"down": {"uv": [11.75, 6.5, 10.5, 7.75], "texture": "#0"}
			}
		},
		{
			"from": [7, -11, 7],
			"to": [8.5, -10, 9],
			"rotation": {"angle": 0, "axis": "y", "origin": [8, -6, -6]},
			"faces": {
				"north": {"uv": [14.5, 13.5, 15.25, 14], "texture": "#0"},
				"east": {"uv": [14.5, 5.5, 15.5, 6], "texture": "#0"},
				"south": {"uv": [15, 1, 15.75, 1.5], "texture": "#0"},
				"west": {"uv": [14.5, 6, 15.5, 6.5], "texture": "#0"},
				"up": {"uv": [14.25, 7, 13.5, 6], "texture": "#0"},
				"down": {"uv": [7.75, 13.5, 7, 14.5], "texture": "#0"}
			}
		},
		{
			"from": [8.5, -11, 7.025],
			"to": [10.5, -10, 8.975],
			"rotation": {"angle": -45, "axis": "z", "origin": [8.5, -10, 8]},
			"faces": {
				"north": {"uv": [9, 14.5, 10, 15], "texture": "#0"},
				"east": {"uv": [14.5, 9.5, 15.5, 10], "texture": "#0"},
				"south": {"uv": [10, 14.5, 11, 15], "texture": "#0"},
				"west": {"uv": [14.5, 10, 15.5, 10.5], "texture": "#0"},
				"up": {"uv": [6, 14.5, 5, 13.5], "texture": "#0"},
				"down": {"uv": [14.5, 5, 13.5, 6], "texture": "#0"}
			}
		},
		{
			"from": [9.5, -13, 7.25],
			"to": [10.5, -11, 8.75],
			"rotation": {"angle": -45, "axis": "z", "origin": [8.5, -10, 8]},
			"faces": {
				"north": {"uv": [8, 13.5, 8.5, 14.5], "texture": "#0"},
				"east": {"uv": [7, 12, 7.75, 13], "texture": "#0"},
				"south": {"uv": [8.5, 13.5, 9, 14.5], "texture": "#0"},
				"west": {"uv": [8, 12, 8.75, 13], "texture": "#0"},
				"up": {"uv": [11.5, 15.25, 11, 14.5], "texture": "#0"},
				"down": {"uv": [15, 11, 14.5, 11.75], "texture": "#0"}
			}
		},
		{
			"from": [8.5, -13, 7.25],
			"to": [9.5, -12.5, 8.75],
			"rotation": {"angle": -45, "axis": "z", "origin": [8.5, -10, 8]},
			"faces": {
				"north": {"uv": [8, 14.5, 8.5, 14.75], "texture": "#0"},
				"east": {"uv": [7, 13, 7.75, 13.25], "texture": "#0"},
				"south": {"uv": [8.5, 14.5, 9, 14.75], "texture": "#0"},
				"west": {"uv": [8, 13, 8.75, 13.25], "texture": "#0"},
				"up": {"uv": [12.5, 15.75, 12, 15], "texture": "#0"},
				"down": {"uv": [12, 15, 11.5, 15.75], "texture": "#0"}
			}
		},
		{
			"from": [6, -11, 7.25],
			"to": [7, -10, 8.75],
			"rotation": {"angle": 22.5, "axis": "z", "origin": [7, -10, 8]},
			"faces": {
				"north": {"uv": [6, 15, 6.5, 15.5], "texture": "#0"},
				"east": {"uv": [14.5, 6.5, 15.5, 7], "texture": "#0"},
				"south": {"uv": [6.5, 15, 7, 15.5], "texture": "#0"},
				"west": {"uv": [7, 14.5, 8, 15], "texture": "#0"},
				"up": {"uv": [15, 8, 14.5, 7], "texture": "#0"},
				"down": {"uv": [15, 8.5, 14.5, 9.5], "texture": "#0"}
			}
		},
		{
			"from": [7.23463, -4.84776, 7],
			"to": [12.23463, -3.84776, 9],
			"rotation": {"angle": -45, "axis": "z", "origin": [8, -2, 8]},
			"faces": {
				"north": {"uv": [12.5, 0.5, 15, 1], "texture": "#0"},
				"east": {"uv": [11.5, 14.5, 12.5, 15], "texture": "#0"},
				"south": {"uv": [12.5, 1, 15, 1.5], "texture": "#0"},
				"west": {"uv": [14.5, 12, 15.5, 12.5], "texture": "#0"},
				"up": {"uv": [10.5, 7, 8, 6], "texture": "#0"},
				"down": {"uv": [10.5, 7, 8, 8], "texture": "#0"}
			}
		},
		{
			"from": [6, -4, 6.9],
			"to": [9.5, -2, 9.1],
			"rotation": {"angle": 22.5, "axis": "z", "origin": [8, -2, 8]},
			"faces": {
				"north": {"uv": [9.5, 8, 11.25, 9], "texture": "#0"},
				"east": {"uv": [13.5, 3, 14.5, 4], "texture": "#0"},
				"south": {"uv": [8.5, 9.5, 10.25, 10.5], "texture": "#0"},
				"west": {"uv": [13.5, 4, 14.5, 5], "texture": "#0"},
				"up": {"uv": [12.25, 1, 10.5, 0], "texture": "#0"},
				"down": {"uv": [12.25, 1, 10.5, 2], "texture": "#0"}
			}
		},
		{
			"from": [7.5, 15.5, 4.5],
			"to": [8.5, 17.5, 5.5],
			"rotation": {"angle": 0, "axis": "y", "origin": [8, -6, -6]},
			"faces": {
				"north": {"uv": [4, 14.5, 4.5, 15.5], "texture": "#0"},
				"east": {"uv": [14.5, 4.5, 15, 5.5], "texture": "#0"},
				"south": {"uv": [5, 14.5, 5.5, 15.5], "texture": "#0"},
				"west": {"uv": [5.5, 14.5, 6, 15.5], "texture": "#0"},
				"up": {"uv": [3, 13, 2.5, 12.5], "texture": "#0"},
				"down": {"uv": [5, 15, 4.5, 15.5], "texture": "#0"}
			}
		},
		{
			"from": [7.5, 15.5, 10.5],
			"to": [8.5, 17.5, 11.5],
			"rotation": {"angle": 0, "axis": "y", "origin": [8, -6, 22]},
			"faces": {
				"north": {"uv": [5.5, 14.5, 5, 15.5], "texture": "#0"},
				"east": {"uv": [15, 4.5, 14.5, 5.5], "texture": "#0"},
				"south": {"uv": [4.5, 14.5, 4, 15.5], "texture": "#0"},
				"west": {"uv": [6, 14.5, 5.5, 15.5], "texture": "#0"},
				"up": {"uv": [3, 12.5, 2.5, 13], "texture": "#0"},
				"down": {"uv": [5, 15.5, 4.5, 15], "texture": "#0"}
			}
		},
		{
			"from": [13.53701, 17.99581, 7],
			"to": [14.53701, 18.99581, 9],
			"rotation": {"angle": 45, "axis": "z", "origin": [11, 15, 8]},
			"faces": {
				"north": {"uv": [14.5, 2.5, 15, 3], "texture": "#0"},
				"east": {"uv": [2, 13, 3, 13.5], "texture": "#0"},
				"south": {"uv": [3, 14.5, 3.5, 15], "texture": "#0"},
				"west": {"uv": [4, 13, 5, 13.5], "texture": "#0"},
				"up": {"uv": [4, 15.5, 3.5, 14.5], "texture": "#0"},
				"down": {"uv": [15, 3.5, 14.5, 4.5], "texture": "#0"}
			}
		},
		{
			"from": [12.12132, 17.12132, 7.1],
			"to": [13.12132, 19.12132, 8.9],
			"rotation": {"angle": 22.5, "axis": "z", "origin": [11, 15, 8]},
			"faces": {
				"north": {"uv": [1.5, 14.5, 2, 15.5], "texture": "#0"},
				"east": {"uv": [0, 13, 1, 14], "texture": "#0"},
				"south": {"uv": [14.5, 1.5, 15, 2.5], "texture": "#0"},
				"west": {"uv": [1, 13, 2, 14], "texture": "#0"},
				"up": {"uv": [2.5, 15.5, 2, 14.5], "texture": "#0"},
				"down": {"uv": [3, 14.5, 2.5, 15.5], "texture": "#0"}
			}
		},
		{
			"from": [10, 15, 7],
			"to": [11, 18, 9],
			"rotation": {"angle": -22.5, "axis": "z", "origin": [11, 15, 8]},
			"faces": {
				"north": {"uv": [6, 13.5, 6.5, 15], "texture": "#0"},
				"east": {"uv": [10, 11, 11, 12.5], "texture": "#0"},
				"south": {"uv": [6.5, 13.5, 7, 15], "texture": "#0"},
				"west": {"uv": [11, 11, 12, 12.5], "texture": "#0"},
				"up": {"uv": [5, 15, 4.5, 14], "texture": "#0"},
				"down": {"uv": [1.5, 14.5, 1, 15.5], "texture": "#0"}
			}
		},
		{
			"from": [1.46299, 17.99581, 7],
			"to": [2.46299, 18.99581, 9],
			"rotation": {"angle": -45, "axis": "z", "origin": [5, 15, 8]},
			"faces": {
				"north": {"uv": [15, 2.5, 14.5, 3], "texture": "#0"},
				"east": {"uv": [5, 13, 4, 13.5], "texture": "#0"},
				"south": {"uv": [3.5, 14.5, 3, 15], "texture": "#0"},
				"west": {"uv": [3, 13, 2, 13.5], "texture": "#0"},
				"up": {"uv": [3.5, 15.5, 4, 14.5], "texture": "#0"},
				"down": {"uv": [14.5, 3.5, 15, 4.5], "texture": "#0"}
			}
		},
		{
			"from": [2.87868, 17.12132, 7.1],
			"to": [3.87868, 19.12132, 8.9],
			"rotation": {"angle": -22.5, "axis": "z", "origin": [5, 15, 8]},
			"faces": {
				"north": {"uv": [2, 14.5, 1.5, 15.5], "texture": "#0"},
				"east": {"uv": [2, 13, 1, 14], "texture": "#0"},
				"south": {"uv": [15, 1.5, 14.5, 2.5], "texture": "#0"},
				"west": {"uv": [1, 13, 0, 14], "texture": "#0"},
				"up": {"uv": [2, 15.5, 2.5, 14.5], "texture": "#0"},
				"down": {"uv": [2.5, 14.5, 3, 15.5], "texture": "#0"}
			}
		},
		{
			"from": [5, 15, 7],
			"to": [6, 18, 9],
			"rotation": {"angle": 22.5, "axis": "z", "origin": [5, 15, 8]},
			"faces": {
				"north": {"uv": [6.5, 13.5, 6, 15], "texture": "#0"},
				"east": {"uv": [12, 11, 11, 12.5], "texture": "#0"},
				"south": {"uv": [7, 13.5, 6.5, 15], "texture": "#0"},
				"west": {"uv": [11, 11, 10, 12.5], "texture": "#0"},
				"up": {"uv": [4.5, 15, 5, 14], "texture": "#0"},
				"down": {"uv": [1, 14.5, 1.5, 15.5], "texture": "#0"}
			}
		}
	],
	"display": {
		"thirdperson_righthand": {
			"rotation": [0, 90, 0],
			"translation": [0, 5, 1.5],
			"scale": [0.65, 0.65, 0.65]
		},
		"thirdperson_lefthand": {
			"rotation": [0, 90, 0],
			"translation": [0, 5, 1.5],
			"scale": [0.65, 0.65, 0.65]
		},
		"firstperson_righthand": {
			"rotation": [0, 90, 20],
			"translation": [1.25, 2.75, 0],
			"scale": [0.35, 0.35, 0.35]
		},
		"firstperson_lefthand": {
			"rotation": [0, 90, 20],
			"translation": [1.25, 2.75, 0],
			"scale": [0.35, 0.35, 0.35]
		},
		"ground": {
			"translation": [0, 4.75, 0],
			"scale": [0.4, 0.4, 0.4]
		},
		"gui": {
			"rotation": [0, -180, 45],
			"translation": [0, 0, -0.5],
			"scale": [0.58, 0.58, 0.58]
		},
		"head": {
			"translation": [0, 12.5, 0]
		},
		"fixed": {
			"rotation": [0, 0, 45],
			"translation": [-1.25, 1.5, 0],
			"scale": [0.7, 0.7, 0.7]
		}
	},
	"groups": [
		{
			"name": "group",
			"origin": [8, -6, 8],
			"color": 0,
			"children": []
		},
		{
			"name": "group",
			"origin": [8, -6, 8],
			"color": 0,
			"children": [
				{
					"name": "group",
					"origin": [8, -6, 8],
					"color": 0,
					"children": []
				}
			]
		},
		{
			"name": "group",
			"origin": [8, 25, 22],
			"color": 0,
			"children": [
				0,
				1,
				2,
				3,
				4,
				5,
				6,
				7,
				8,
				9,
				10,
				11,
				12,
				13,
				14,
				15,
				16,
				{
					"name": "group",
					"origin": [8, -6, -6],
					"color": 0,
					"children": [17, 18, 19, 20]
				},
				21,
				{
					"name": "group",
					"origin": [9.5, 13.5, 8],
					"color": 0,
					"children": [22, 23, 24, 25]
				},
				26,
				{
					"name": "group",
					"origin": [8, -6, -6],
					"color": 0,
					"children": [27, 28]
				},
				{
					"name": "group",
					"origin": [8, -6, -6],
					"color": 0,
					"children": [29, 30]
				},
				31,
				32,
				33,
				34,
				35,
				36,
				37,
				38,
				39,
				40,
				41,
				{
					"name": "group",
					"origin": [8, -3, 8],
					"color": 0,
					"children": [42, 43]
				},
				44,
				45,
				{
					"name": "group",
					"origin": [11, 15, 8],
					"color": 0,
					"children": [46, 47, 48]
				},
				{
					"name": "group",
					"origin": [11, 15, 8],
					"color": 0,
					"children": [49, 50, 51]
				}
			]
		}
	]
}