{
	"credit": "Made with Blockbench",
	"texture_size": [64, 64],
	"textures": {
		"1": "item/wands/money/money_wand",
		"2": "item/wands/money/money_animation",
		"3": "item/wands/money/money_animation_2",
		"particle": "item/wands/money/money_animation"
	},
	"elements": [
		{
			"from": [5.5, 16, 4.5],
			"to": [10.5, 19, 11.5],
			"rotation": {"angle": 0, "axis": "y", "origin": [8, 18.75, 8]},
			"faces": {
				"north": {"uv": [4, 4, 5.25, 4.75], "texture": "#1"},
				"east": {"uv": [3, 1.25, 4.75, 2], "texture": "#1"},
				"south": {"uv": [4.25, 2, 5.5, 2.75], "texture": "#1"},
				"west": {"uv": [2.5, 3.25, 4.25, 4], "texture": "#1"},
				"up": {"uv": [1.25, 3.75, 0, 2], "texture": "#1"},
				"down": {"uv": [2.5, 2, 1.25, 3.75], "texture": "#1"}
			}
		},
		{
			"from": [10.75, 16, 4.5],
			"to": [10.75, 19, 11.5],
			"rotation": {"angle": 0, "axis": "y", "origin": [8, 18.75, 8]},
			"faces": {
				"north": {"uv": [4, 4, 5.25, 4.75], "texture": "#1"},
				"east": {"uv": [3, 1.25, 4.75, 2], "texture": "#1"},
				"south": {"uv": [4.25, 2, 5.5, 2.75], "texture": "#1"},
				"west": {"uv": [2.5, 3.25, 4.25, 4], "texture": "#1"},
				"up": {"uv": [1.25, 3.75, 0, 2], "texture": "#1"},
				"down": {"uv": [2.5, 2, 1.25, 3.75], "texture": "#1"}
			}
		},
		{
			"from": [5.5, 16, 4.25],
			"to": [10.5, 19, 4.25],
			"rotation": {"angle": 0, "axis": "y", "origin": [8, 18.75, 8]},
			"faces": {
				"north": {"uv": [4, 4, 5.25, 4.75], "texture": "#1"},
				"east": {"uv": [3, 1.25, 4.75, 2], "texture": "#1"},
				"south": {"uv": [4.25, 2, 5.5, 2.75], "texture": "#1"},
				"west": {"uv": [2.5, 3.25, 4.25, 4], "texture": "#1"},
				"up": {"uv": [1.25, 3.75, 0, 2], "texture": "#1"},
				"down": {"uv": [2.5, 2, 1.25, 3.75], "texture": "#1"}
			}
		},
		{
			"from": [4.5, 16, 7],
			"to": [5.5, 18, 9],
			"rotation": {"angle": 0, "axis": "y", "origin": [8, 18.75, 8]},
			"faces": {
				"north": {"uv": [9.375, 0, 9.625, 0.5], "texture": "#1"},
				"east": {"uv": [8.375, 0, 8.875, 0.5], "texture": "#1"},
				"south": {"uv": [9.625, 0, 9.875, 0.5], "texture": "#1"},
				"west": {"uv": [8.875, 0, 9.375, 0.5], "texture": "#1"},
				"up": {"uv": [8.125, 0.5, 7.875, 0], "texture": "#1"},
				"down": {"uv": [8.375, 0, 8.125, 0.5], "texture": "#1"}
			}
		},
		{
			"from": [10.5, 18, 5],
			"to": [12.5, 19, 6],
			"rotation": {"angle": 45, "axis": "z", "origin": [10.5, 18, 5.5]},
			"faces": {
				"north": {"uv": [2, 3.75, 2.5, 4], "texture": "#1"},
				"east": {"uv": [1.5, 7.5, 1.75, 7.75], "texture": "#1"},
				"south": {"uv": [5.75, 1.5, 6.25, 1.75], "texture": "#1"},
				"west": {"uv": [1.75, 7.5, 2, 7.75], "texture": "#1"},
				"up": {"uv": [7.75, 4.75, 7.25, 4.5], "texture": "#1"},
				"down": {"uv": [7.75, 4.75, 7.25, 5], "texture": "#1"}
			}
		},
		{
			"from": [10.5, 18, 10],
			"to": [12.5, 19, 11],
			"rotation": {"angle": 45, "axis": "z", "origin": [10.5, 18, 5.5]},
			"faces": {
				"north": {"uv": [5, 7.25, 5.5, 7.5], "texture": "#1"},
				"east": {"uv": [7.5, 1.75, 7.75, 2], "texture": "#1"},
				"south": {"uv": [7.25, 5, 7.75, 5.25], "texture": "#1"},
				"west": {"uv": [2, 7.5, 2.25, 7.75], "texture": "#1"},
				"up": {"uv": [7.75, 5.5, 7.25, 5.25], "texture": "#1"},
				"down": {"uv": [6, 7.25, 5.5, 7.5], "texture": "#1"}
			}
		},
		{
			"from": [6, 23, 7.5],
			"to": [10, 27, 8.5],
			"rotation": {"angle": -45, "axis": "z", "origin": [8, 25, 8]},
			"faces": {
				"north": {"uv": [2, 4, 3, 5], "texture": "#1"},
				"east": {"uv": [5, 2.75, 5.25, 3.75], "texture": "#1"},
				"south": {"uv": [3, 4, 4, 5], "texture": "#1"},
				"west": {"uv": [6.75, 3.25, 7, 4.25], "texture": "#1"},
				"up": {"uv": [5.25, 4, 4.25, 3.75], "texture": "#1"},
				"down": {"uv": [7.75, 6.5, 6.75, 6.75], "texture": "#1"}
			}
		},
		{
			"from": [7, 21, 6.5],
			"to": [9, 23, 7.5],
			"rotation": {"angle": 0, "axis": "y", "origin": [8, 18.75, 8]},
			"faces": {
				"north": {"uv": [3.5, 6.75, 4, 7.25], "texture": "#1"},
				"east": {"uv": [7.25, 5.5, 7.5, 6], "texture": "#1"},
				"south": {"uv": [4.5, 6.75, 5, 7.25], "texture": "#1"},
				"west": {"uv": [6, 7.25, 6.25, 7.75], "texture": "#1"},
				"up": {"uv": [7.75, 6.25, 7.25, 6], "texture": "#1"},
				"down": {"uv": [6.75, 7.25, 6.25, 7.5], "texture": "#1"}
			}
		},
		{
			"from": [6, 18, 8.5],
			"to": [10, 22, 9.5],
			"rotation": {"angle": 22.5, "axis": "z", "origin": [8, 20, 9]},
			"faces": {
				"north": {"uv": [2, 4, 3, 5], "rotation": 270, "texture": "#1"},
				"east": {"uv": [5.25, 4, 4.25, 3.75], "rotation": 90, "texture": "#1"},
				"south": {"uv": [3, 4, 4, 5], "rotation": 90, "texture": "#1"},
				"west": {"uv": [7.75, 6.5, 6.75, 6.75], "rotation": 90, "texture": "#1"},
				"up": {"uv": [6.75, 3.25, 7, 4.25], "rotation": 90, "texture": "#1"},
				"down": {"uv": [5, 2.75, 5.25, 3.75], "rotation": 90, "texture": "#1"}
			}
		},
		{
			"from": [7.5, 19, 6.5],
			"to": [9.5, 20, 8.5],
			"rotation": {"angle": 0, "axis": "x", "origin": [8, 20, 7]},
			"faces": {
				"north": {"uv": [6.75, 7.25, 6.25, 7.5], "rotation": 180, "texture": "#1"},
				"east": {"uv": [7.25, 5.5, 7.5, 6], "rotation": 270, "texture": "#1"},
				"south": {"uv": [7.75, 6.25, 7.25, 6], "texture": "#1"},
				"west": {"uv": [6, 7.25, 6.25, 7.75], "rotation": 90, "texture": "#1"},
				"up": {"uv": [3.5, 6.75, 4, 7.25], "rotation": 180, "texture": "#1"},
				"down": {"uv": [4.5, 6.75, 5, 7.25], "texture": "#1"}
			}
		},
		{
			"from": [6.75, 19, 5.75],
			"to": [8.25, 19.5, 7.25],
			"rotation": {"angle": 0, "axis": "x", "origin": [8, 20, 7]},
			"faces": {
				"north": {"uv": [7.75, 6.125, 7.375, 6.25], "rotation": 180, "texture": "#1"},
				"east": {"uv": [7.375, 5.5, 7.5, 5.875], "rotation": 270, "texture": "#1"},
				"south": {"uv": [7.75, 6.25, 7.375, 6.125], "texture": "#1"},
				"west": {"uv": [7.375, 5.5, 7.5, 5.875], "rotation": 90, "texture": "#1"},
				"up": {"uv": [3.5, 6.75, 3.875, 7.125], "rotation": 180, "texture": "#1"},
				"down": {"uv": [4.5, 6.75, 4.875, 7.125], "texture": "#1"}
			}
		},
		{
			"from": [7, 18.75, 9.25],
			"to": [8.5, 19.25, 10.75],
			"rotation": {"angle": 22.5, "axis": "x", "origin": [7.75, 19.25, 10.25]},
			"faces": {
				"north": {"uv": [7.75, 6.125, 7.375, 6.25], "rotation": 180, "texture": "#1"},
				"east": {"uv": [7.375, 5.5, 7.5, 5.875], "rotation": 270, "texture": "#1"},
				"south": {"uv": [7.75, 6.25, 7.375, 6.125], "texture": "#1"},
				"west": {"uv": [7.375, 5.5, 7.5, 5.875], "rotation": 90, "texture": "#1"},
				"up": {"uv": [3.5, 6.75, 3.875, 7.125], "rotation": 180, "texture": "#1"},
				"down": {"uv": [4.5, 6.75, 4.875, 7.125], "texture": "#1"}
			}
		},
		{
			"from": [10.5, 19, 4.5],
			"to": [12.5, 24, 11.5],
			"rotation": {"angle": 0, "axis": "z", "origin": [10.5, 19, 8]},
			"faces": {
				"north": {"uv": [2, 5, 2.5, 6.25], "texture": "#1"},
				"east": {"uv": [2.5, 2, 4.25, 3.25], "texture": "#1"},
				"south": {"uv": [2.5, 5, 3, 6.25], "texture": "#1"},
				"west": {"uv": [3, 0, 4.75, 1.25], "texture": "#1"},
				"up": {"uv": [0.5, 6.5, 0, 4.75], "texture": "#1"},
				"down": {"uv": [5.25, 0, 4.75, 1.75], "texture": "#1"}
			}
		},
		{
			"from": [10.25, 23.5, 7],
			"to": [12.75, 24.5, 9],
			"rotation": {"angle": 0, "axis": "z", "origin": [10.5, 19, 8]},
			"faces": {
				"north": {"uv": [7.25, 0.25, 7.875, 0.5], "texture": "#1"},
				"east": {"uv": [7.25, 6.25, 7.75, 6.5], "texture": "#1"},
				"south": {"uv": [7.25, 0.5, 7.875, 0.75], "texture": "#1"},
				"west": {"uv": [6.75, 7.25, 7.25, 7.5], "texture": "#1"},
				"up": {"uv": [7.125, 6.5, 6.5, 6], "texture": "#1"},
				"down": {"uv": [7.375, 1, 6.75, 1.5], "texture": "#1"}
			}
		},
		{
			"from": [5, 15, 4],
			"to": [11, 16, 12],
			"rotation": {"angle": 0, "axis": "y", "origin": [8, -6, -6]},
			"faces": {
				"north": {"uv": [6.25, 2.25, 7.75, 2.5], "texture": "#1"},
				"east": {"uv": [5.5, 2.5, 7.5, 2.75], "texture": "#1"},
				"south": {"uv": [6.5, 4.25, 8, 4.5], "texture": "#1"},
				"west": {"uv": [5.75, 0.75, 7.75, 1], "texture": "#1"},
				"up": {"uv": [1.5, 2, 0, 0], "texture": "#1"},
				"down": {"uv": [3, 0, 1.5, 2], "texture": "#1"}
			}
		},
		{
			"from": [6, 13, 6],
			"to": [10, 15, 10],
			"rotation": {"angle": 0, "axis": "y", "origin": [8, -6, -6]},
			"faces": {
				"north": {"uv": [5.75, 1, 6.75, 1.5], "texture": "#1"},
				"east": {"uv": [5.75, 2.75, 6.75, 3.25], "texture": "#1"},
				"south": {"uv": [5.75, 3.25, 6.75, 3.75], "texture": "#1"},
				"west": {"uv": [5.75, 3.75, 6.75, 4.25], "texture": "#1"},
				"up": {"uv": [1, 4.75, 0, 3.75], "texture": "#1"},
				"down": {"uv": [2, 3.75, 1, 4.75], "texture": "#1"}
			}
		},
		{
			"from": [6.5, 11, 6.5],
			"to": [9.5, 13, 9.5],
			"rotation": {"angle": 0, "axis": "y", "origin": [8, -6, -6]},
			"faces": {
				"north": {"uv": [6.5, 4.5, 7.25, 5], "texture": "#1"},
				"east": {"uv": [6.5, 5, 7.25, 5.5], "texture": "#1"},
				"south": {"uv": [6.5, 5.5, 7.25, 6], "texture": "#1"},
				"west": {"uv": [6, 6.5, 6.75, 7], "texture": "#1"},
				"up": {"uv": [6, 5.25, 5.25, 4.5], "texture": "#1"},
				"down": {"uv": [6, 5.25, 5.25, 6], "texture": "#1"}
			}
		},
		{
			"from": [10.64632, 14.12132, 7.525],
			"to": [11.59632, 17.12132, 8.475],
			"rotation": {"angle": -22.5, "axis": "z", "origin": [9.5, 12, 8]},
			"faces": {
				"north": {"uv": [8.75, 0.5, 9, 1.25], "texture": "#1"},
				"east": {"uv": [9, 0.5, 9.25, 1.25], "texture": "#1"},
				"south": {"uv": [8.5, 0.5, 8.75, 1.25], "texture": "#1"},
				"west": {"uv": [9.25, 0.5, 9.5, 1.25], "texture": "#1"},
				"up": {"uv": [8.5, 1.25, 8.75, 1.5], "texture": "#1"},
				"down": {"uv": [8.75, 1.25, 9, 1.5], "texture": "#1"}
			}
		},
		{
			"from": [9.88268, 15.6694, 7.55],
			"to": [12.88268, 16.5694, 8.45],
			"rotation": {"angle": -45, "axis": "z", "origin": [9.5, 12, 8]},
			"faces": {
				"north": {"uv": [7.75, 1.75, 8.5, 2], "texture": "#1"},
				"east": {"uv": [8.5, 1.5, 8.75, 1.75], "texture": "#1"},
				"south": {"uv": [7.75, 2, 8.5, 2.25], "texture": "#1"},
				"west": {"uv": [8.75, 1.5, 9, 1.75], "texture": "#1"},
				"up": {"uv": [8.375, 1.75, 9.125, 2], "texture": "#1"},
				"down": {"uv": [8.375, 2, 9.125, 2.25], "texture": "#1"}
			}
		},
		{
			"from": [9.5, 12, 7.5],
			"to": [12.5, 13, 8.5],
			"rotation": {"angle": 22.5, "axis": "z", "origin": [9.5, 12, 8]},
			"faces": {
				"north": {"uv": [7.75, 0.75, 8.5, 1], "texture": "#1"},
				"east": {"uv": [7.875, 0.5, 8.125, 0.75], "texture": "#1"},
				"south": {"uv": [7.75, 1, 8.5, 1.25], "texture": "#1"},
				"west": {"uv": [8.125, 0.5, 8.375, 0.75], "texture": "#1"},
				"up": {"uv": [7.75, 1.25, 8.5, 1.5], "texture": "#1"},
				"down": {"uv": [7.75, 1.5, 8.5, 1.75], "texture": "#1"}
			}
		},
		{
			"from": [4.40368, 14.12132, 7.525],
			"to": [5.35368, 17.12132, 8.475],
			"rotation": {"angle": 22.5, "axis": "z", "origin": [6.5, 12, 8]},
			"faces": {
				"north": {"uv": [9, 0.5, 8.75, 1.25], "texture": "#1"},
				"east": {"uv": [9.5, 0.5, 9.25, 1.25], "texture": "#1"},
				"south": {"uv": [8.75, 0.5, 8.5, 1.25], "texture": "#1"},
				"west": {"uv": [9.25, 0.5, 9, 1.25], "texture": "#1"},
				"up": {"uv": [8.75, 1.25, 8.5, 1.5], "texture": "#1"},
				"down": {"uv": [9, 1.25, 8.75, 1.5], "texture": "#1"}
			}
		},
		{
			"from": [3.11732, 15.6694, 7.55],
			"to": [6.11732, 16.5694, 8.45],
			"rotation": {"angle": 45, "axis": "z", "origin": [6.5, 12, 8]},
			"faces": {
				"north": {"uv": [8.5, 1.75, 7.75, 2], "texture": "#1"},
				"east": {"uv": [9, 1.5, 8.75, 1.75], "texture": "#1"},
				"south": {"uv": [8.5, 2, 7.75, 2.25], "texture": "#1"},
				"west": {"uv": [8.75, 1.5, 8.5, 1.75], "texture": "#1"},
				"up": {"uv": [9.125, 1.75, 8.375, 2], "texture": "#1"},
				"down": {"uv": [9.125, 2, 8.375, 2.25], "texture": "#1"}
			}
		},
		{
			"from": [3.5, 12, 7.5],
			"to": [6.5, 13, 8.5],
			"rotation": {"angle": -22.5, "axis": "z", "origin": [6.5, 12, 8]},
			"faces": {
				"north": {"uv": [8.5, 0.75, 7.75, 1], "texture": "#1"},
				"east": {"uv": [8.375, 0.5, 8.125, 0.75], "texture": "#1"},
				"south": {"uv": [8.5, 1, 7.75, 1.25], "texture": "#1"},
				"west": {"uv": [8.125, 0.5, 7.875, 0.75], "texture": "#1"},
				"up": {"uv": [8.5, 1.25, 7.75, 1.5], "texture": "#1"},
				"down": {"uv": [8.5, 1.5, 7.75, 1.75], "texture": "#1"}
			}
		},
		{
			"from": [7.25, -2.5, 7.25],
			"to": [8.75, 4, 8.75],
			"rotation": {"angle": 0, "axis": "y", "origin": [8, -6, -6]},
			"faces": {
				"north": {"uv": [3, 5, 3.375, 6.625], "texture": "#1"},
				"east": {"uv": [3.5, 5, 3.875, 6.625], "texture": "#1"},
				"south": {"uv": [5.25, 0, 5.625, 1.625], "texture": "#1"},
				"west": {"uv": [5.25, 2.75, 5.625, 4.375], "texture": "#1"},
				"up": {"uv": [4.375, 7.375, 4, 7], "texture": "#1"},
				"down": {"uv": [0.375, 7.25, 0, 7.625], "texture": "#1"}
			}
		},
		{
			"from": [7, -8.5, 7],
			"to": [9, -2.5, 9],
			"rotation": {"angle": 0, "axis": "y", "origin": [8, -6, -6]},
			"faces": {
				"north": {"uv": [0.5, 4.75, 1, 6.25], "texture": "#1"},
				"east": {"uv": [1, 4.75, 1.5, 6.25], "texture": "#1"},
				"south": {"uv": [1.5, 4.75, 2, 6.25], "texture": "#1"},
				"west": {"uv": [4, 4.75, 4.5, 6.25], "texture": "#1"},
				"up": {"uv": [7.25, 3.25, 6.75, 2.75], "texture": "#1"},
				"down": {"uv": [3.5, 6.75, 3, 7.25], "texture": "#1"}
			}
		},
		{
			"from": [7.275, 4, 7.275],
			"to": [8.725, 8.5, 8.725],
			"rotation": {"angle": 22.5, "axis": "x", "origin": [8, 4, 7.25]},
			"faces": {
				"north": {"uv": [5, 6, 5.375, 7.125], "texture": "#1"},
				"east": {"uv": [6, 5.25, 6.375, 6.375], "texture": "#1"},
				"south": {"uv": [5.5, 6, 5.875, 7.125], "texture": "#1"},
				"west": {"uv": [0.5, 6.25, 0.875, 7.375], "texture": "#1"},
				"up": {"uv": [7.625, 3.125, 7.25, 2.75], "texture": "#1"},
				"down": {"uv": [3.375, 7.25, 3, 7.625], "texture": "#1"}
			}
		},
		{
			"from": [7, 6, 7],
			"to": [9, 6.5, 9],
			"rotation": {"angle": 22.5, "axis": "x", "origin": [8, 4, 7.25]},
			"faces": {
				"north": {"uv": [7.5, 3.75, 8, 3.875], "texture": "#1"},
				"east": {"uv": [4, 7.5, 4.5, 7.625], "texture": "#1"},
				"south": {"uv": [7.5, 4, 8, 4.125], "texture": "#1"},
				"west": {"uv": [5, 7.5, 5.5, 7.625], "texture": "#1"},
				"up": {"uv": [7.5, 3.75, 7, 3.25], "texture": "#1"},
				"down": {"uv": [7.5, 3.75, 7, 4.25], "texture": "#1"}
			}
		},
		{
			"from": [7.25, 6.12132, 9.99264],
			"to": [8.75, 10.62132, 11.49264],
			"rotation": {"angle": -22.5, "axis": "x", "origin": [8, 4, 7.25]},
			"faces": {
				"north": {"uv": [1, 6.25, 1.375, 7.375], "texture": "#1"},
				"east": {"uv": [1.5, 6.25, 1.875, 7.375], "texture": "#1"},
				"south": {"uv": [2, 6.25, 2.375, 7.375], "texture": "#1"},
				"west": {"uv": [2.5, 6.25, 2.875, 7.375], "texture": "#1"},
				"up": {"uv": [3.875, 7.625, 3.5, 7.25], "texture": "#1"},
				"down": {"uv": [4.875, 7.25, 4.5, 7.625], "texture": "#1"}
			}
		},
		{
			"from": [7, 8.12132, 9.74264],
			"to": [9, 8.62132, 11.74264],
			"rotation": {"angle": -22.5, "axis": "x", "origin": [8, 4, 7.25]},
			"faces": {
				"north": {"uv": [2.25, 7.5, 2.75, 7.625], "texture": "#1"},
				"east": {"uv": [7.5, 2.5, 8, 2.625], "texture": "#1"},
				"south": {"uv": [7.5, 3.25, 8, 3.375], "texture": "#1"},
				"west": {"uv": [7.5, 3.5, 8, 3.625], "texture": "#1"},
				"up": {"uv": [7.25, 7.25, 6.75, 6.75], "texture": "#1"},
				"down": {"uv": [7.5, 1.5, 7, 2], "texture": "#1"}
			}
		},
		{
			"from": [6.75, -9.5, 6.75],
			"to": [9.25, -8.5, 9.25],
			"rotation": {"angle": 0, "axis": "y", "origin": [8, -6, -6]},
			"faces": {
				"north": {"uv": [4.75, 1.75, 5.375, 2], "texture": "#1"},
				"east": {"uv": [7, 2, 7.625, 2.25], "texture": "#1"},
				"south": {"uv": [6, 7, 6.625, 7.25], "texture": "#1"},
				"west": {"uv": [7.25, 0, 7.875, 0.25], "texture": "#1"},
				"up": {"uv": [6.875, 2.125, 6.25, 1.5], "texture": "#1"},
				"down": {"uv": [7.125, 0, 6.5, 0.625], "texture": "#1"}
			}
		},
		{
			"from": [7.5, -10.5, 7.25],
			"to": [8.5, -9.5, 8.75],
			"rotation": {"angle": 0, "axis": "y", "origin": [8, -6, -6]},
			"faces": {
				"north": {"uv": [5.75, 4.25, 6, 4.5], "texture": "#1"},
				"east": {"uv": [7.25, 6.75, 7.625, 7], "texture": "#1"},
				"south": {"uv": [5, 5.75, 5.25, 6], "texture": "#1"},
				"west": {"uv": [7.25, 7, 7.625, 7.25], "texture": "#1"},
				"up": {"uv": [7.5, 7.625, 7.25, 7.25], "texture": "#1"},
				"down": {"uv": [0.75, 7.5, 0.5, 7.875], "texture": "#1"}
			}
		},
		{
			"from": [7.75, -13, 6.5],
			"to": [8.25, -10, 9.5],
			"rotation": {"angle": 0, "axis": "y", "origin": [8, -11.5, 8]},
			"faces": {
				"north": {"uv": [0.75, 7.5, 0.875, 8.25], "texture": "#1"},
				"east": {"uv": [5.5, 1.75, 6.25, 2.5], "texture": "#1"},
				"south": {"uv": [1, 7.5, 1.125, 8.25], "texture": "#1"},
				"west": {"uv": [5.75, 0, 6.5, 0.75], "texture": "#1"},
				"up": {"uv": [7.625, 1.75, 7.5, 1], "texture": "#1"},
				"down": {"uv": [1.375, 7.5, 1.25, 8.25], "texture": "#1"}
			}
		},
		{
			"from": [8.5, -12.5, 6.5],
			"to": [9, -9.5, 9.5],
			"rotation": {"angle": 22.5, "axis": "z", "origin": [8.5, -9.5, 8]},
			"faces": {
				"north": {"uv": [0.75, 7.5, 0.875, 8.25], "texture": "#1"},
				"east": {"uv": [5.5, 1.75, 6.25, 2.5], "texture": "#1"},
				"south": {"uv": [1, 7.5, 1.125, 8.25], "texture": "#1"},
				"west": {"uv": [5.75, 0, 6.5, 0.75], "texture": "#1"},
				"up": {"uv": [7.625, 1.75, 7.5, 1], "texture": "#1"},
				"down": {"uv": [1.375, 7.5, 1.25, 8.25], "texture": "#1"}
			}
		},
		{
			"from": [7, -12.5, 6.5],
			"to": [7.5, -9.5, 9.5],
			"rotation": {"angle": -22.5, "axis": "z", "origin": [7.5, -9.5, 8]},
			"faces": {
				"north": {"uv": [0.875, 7.5, 0.75, 8.25], "texture": "#1"},
				"east": {"uv": [6.5, 0, 5.75, 0.75], "texture": "#1"},
				"south": {"uv": [1.125, 7.5, 1, 8.25], "texture": "#1"},
				"west": {"uv": [6.25, 1.75, 5.5, 2.5], "texture": "#1"},
				"up": {"uv": [7.5, 1.75, 7.625, 1], "texture": "#1"},
				"down": {"uv": [1.25, 7.5, 1.375, 8.25], "texture": "#1"}
			}
		},
		{
			"from": [-8, 14, 9],
			"to": [8, 30, 9],
			"rotation": {"angle": 0, "axis": "y", "origin": [7, 19, 8]},
			"faces": {
				"north": {"uv": [0, 0, 16, 16], "texture": "#2"},
				"east": {"uv": [0, 0, 0, 4], "texture": "#missing"},
				"south": {"uv": [16, 0, 0, 16], "texture": "#2"},
				"west": {"uv": [0, 0, 0, 4], "texture": "#missing"},
				"up": {"uv": [0, 0, 4, 0], "texture": "#missing"},
				"down": {"uv": [0, 0, 4, 0], "texture": "#missing"}
			}
		},
		{
			"from": [9, 9, -8],
			"to": [9, 25, 8],
			"rotation": {"angle": 0, "axis": "y", "origin": [7, 19, 8]},
			"faces": {
				"north": {"uv": [0, 0, 0, 4], "texture": "#missing"},
				"east": {"uv": [0, 0, 16, 16], "texture": "#2"},
				"south": {"uv": [0, 0, 0, 4], "texture": "#missing"},
				"west": {"uv": [16, 0, 0, 16], "texture": "#2"},
				"up": {"uv": [0, 0, 4, 0], "rotation": 90, "texture": "#missing"},
				"down": {"uv": [0, 0, 4, 0], "rotation": 270, "texture": "#missing"}
			}
		},
		{
			"from": [8, 3, 8],
			"to": [8, 19, 24],
			"rotation": {"angle": 0, "axis": "y", "origin": [8, 12, 8]},
			"faces": {
				"north": {"uv": [0, 0, 0, 4], "texture": "#missing"},
				"east": {"uv": [16, 0, 0, 16], "texture": "#3"},
				"south": {"uv": [0, 0, 0, 4], "texture": "#missing"},
				"west": {"uv": [0, 0, 16, 16], "texture": "#3"},
				"up": {"uv": [4, 0, 0, 0], "rotation": 90, "texture": "#missing"},
				"down": {"uv": [4, 0, 0, 0], "rotation": 270, "texture": "#missing"}
			}
		},
		{
			"from": [8, 13, -8],
			"to": [8, 29, 8],
			"rotation": {"angle": -22.5, "axis": "y", "origin": [8, 12, 8]},
			"faces": {
				"north": {"uv": [0, 0, 0, 4], "texture": "#missing"},
				"east": {"uv": [0, 0, 16, 16], "texture": "#3"},
				"south": {"uv": [0, 0, 0, 4], "texture": "#missing"},
				"west": {"uv": [16, 0, 0, 16], "texture": "#3"},
				"up": {"uv": [4, 0, 0, 0], "rotation": 270, "texture": "#missing"},
				"down": {"uv": [4, 0, 0, 0], "rotation": 90, "texture": "#missing"}
			}
		}
	],
	"display": {
		"thirdperson_righthand": {
			"rotation": [0, 90, 0],
			"translation": [0, 5, 1.5],
			"scale": [0.65, 0.65, 0.65]
		},
		"thirdperson_lefthand": {
			"rotation": [0, 90, 0],
			"translation": [0, 5, 1.5],
			"scale": [0.65, 0.65, 0.65]
		},
		"firstperson_righthand": {
			"rotation": [0, 90, 20],
			"translation": [1.25, 1, 0],
			"scale": [0.35, 0.35, 0.35]
		},
		"firstperson_lefthand": {
			"rotation": [0, 90, 20],
			"translation": [1.25, 1, 0],
			"scale": [0.35, 0.35, 0.35]
		},
		"ground": {
			"translation": [0, 4.75, 0],
			"scale": [0.4, 0.4, 0.4]
		},
		"gui": {
			"rotation": [0, -180, 45],
			"translation": [0, 0, -0.5],
			"scale": [0.58, 0.58, 0.58]
		},
		"head": {
			"translation": [0, 12.5, 0]
		},
		"fixed": {
			"rotation": [0, 0, 45],
			"translation": [-1.25, 1.5, 0],
			"scale": [0.7, 0.7, 0.7]
		}
	},
	"groups": [
		{
			"name": "group",
			"origin": [8, -6, 8],
			"color": 0,
			"children": []
		},
		{
			"name": "group",
			"origin": [8, -6, 8],
			"color": 0,
			"children": [
				{
					"name": "group",
					"origin": [8, -6, 8],
					"color": 0,
					"children": []
				}
			]
		},
		{
			"name": "group",
			"origin": [8, 25, 22],
			"color": 0,
			"children": [
				0,
				1,
				2,
				3,
				4,
				5,
				6,
				7,
				8,
				9,
				10,
				11,
				12,
				13,
				14,
				15,
				16,
				{
					"name": "group",
					"origin": [9.5, 12, 8],
					"color": 0,
					"children": [17, 18, 19]
				},
				{
					"name": "group",
					"origin": [9.5, 12, 8],
					"color": 0,
					"children": [20, 21, 22]
				},
				23,
				24,
				25,
				26,
				27,
				28,
				29,
				30
			]
		},
		31,
		32,
		33,
		34,
		35,
		36,
		37
	]
}