{
	"credit": "magic_store_official",
	"texture_size": [64, 64],
	"textures": {
		"0": "item/hats/mushroom_hat/mushroom_hat",
		"particle": "item/hats/mushroom_hat/mushroom_hat"
	},
	"elements": [
		{
			"from": [1, 0, 1],
			"to": [15, 4, 15],
			"faces": {
				"north": {"uv": [3.5, 4, 7, 5], "texture": "#0"},
				"east": {"uv": [3.5, 4, 7, 5], "texture": "#0"},
				"south": {"uv": [3.5, 4, 7, 5], "texture": "#0"},
				"west": {"uv": [3.5, 4, 7, 5], "texture": "#0"},
				"up": {"uv": [3.5, 3.5, 0, 0], "texture": "#0"},
				"down": {"uv": [3.5, 3.5, 0, 7], "texture": "#0"}
			}
		},
		{
			"from": [4, 4, 4],
			"to": [12, 7, 12],
			"faces": {
				"north": {"uv": [5.5, 2, 7.5, 2.75], "texture": "#0"},
				"east": {"uv": [5.5, 2, 7.5, 2.75], "texture": "#0"},
				"south": {"uv": [5.5, 2, 7.5, 2.75], "texture": "#0"},
				"west": {"uv": [5.5, 2, 7.5, 2.75], "texture": "#0"},
				"up": {"uv": [5.5, 2, 3.5, 0], "texture": "#0"}
			}
		}
	],
	"display": {
		"thirdperson_righthand": {
			"translation": [0, 3.5, 0],
			"scale": [0.65, 0.65, 0.65]
		},
		"thirdperson_lefthand": {
			"translation": [0, 3.5, 0],
			"scale": [0.65, 0.65, 0.65]
		},
		"firstperson_righthand": {
			"rotation": [0, 20.75, 0],
			"translation": [4, 5.5, 0],
			"scale": [0.8, 0.8, 0.8]
		},
		"firstperson_lefthand": {
			"rotation": [0, 20.75, 0],
			"translation": [4, 5.5, 0],
			"scale": [0.8, 0.8, 0.8]
		},
		"ground": {
			"translation": [0, 5, 0],
			"scale": [0.7, 0.7, 0.7]
		},
		"gui": {
			"rotation": [30, 135, 0],
			"translation": [0, 3.5, 0],
			"scale": [0.85, 0.85, 0.85]
		},
		"head": {
			"rotation": [4, 0, 0],
			"translation": [0, 15.5, 0.25],
			"scale": [1.6, 1.6, 1.6]
		},
		"fixed": {
			"translation": [0, 5, 0]
		}
	}
}