{
	"credit": "Made with Blockbench",
	"texture_size": [128, 128],
	"textures": {
		"1": "item/multiple/music_joy/music_joy_texture"
	},
	"elements": [
		{
			"from": [2, 3, 2],
			"to": [14, 9, 14],
			"faces": {
				"north": {"uv": [4, 1.5, 5.5, 2.25], "texture": "#1"},
				"east": {"uv": [4, 0.75, 5.5, 1.5], "texture": "#1"},
				"south": {"uv": [4, 0, 5.5, 0.75], "texture": "#1"},
				"west": {"uv": [4, 2.25, 5.5, 3], "texture": "#1"},
				"up": {"uv": [4, 1.5, 2.5, 0], "texture": "#1"},
				"down": {"uv": [4, 1.5, 2.5, 3], "texture": "#1"}
			}
		},
		{
			"from": [2, 9, 7],
			"to": [4, 17, 9],
			"rotation": {"angle": 22.5, "axis": "z", "origin": [4, 9, 8]},
			"faces": {
				"north": {"uv": [10.75, 1.75, 11, 2.75], "texture": "#1"},
				"east": {"uv": [11.5, 1.75, 11.75, 2.75], "texture": "#1"},
				"south": {"uv": [11.25, 1.75, 11.5, 2.75], "texture": "#1"},
				"west": {"uv": [11, 1.75, 11.25, 2.75], "texture": "#1"},
				"up": {"uv": [10.25, 1.5, 10.5, 1.75], "texture": "#1"},
				"down": {"uv": [10.5, 1.5, 10.75, 1.75], "texture": "#1"}
			}
		},
		{
			"from": [12, 9, 7],
			"to": [14, 17, 9],
			"rotation": {"angle": -22.5, "axis": "z", "origin": [12, 9, 8]},
			"faces": {
				"north": {"uv": [11, 1.75, 10.75, 2.75], "texture": "#1"},
				"east": {"uv": [11.25, 1.75, 11, 2.75], "texture": "#1"},
				"south": {"uv": [11.5, 1.75, 11.25, 2.75], "texture": "#1"},
				"west": {"uv": [11.75, 1.75, 11.5, 2.75], "texture": "#1"},
				"up": {"uv": [10.5, 1.5, 10.25, 1.75], "texture": "#1"},
				"down": {"uv": [10.75, 1.5, 10.5, 1.75], "texture": "#1"}
			}
		},
		{
			"from": [14, 3, 0],
			"to": [14, 9, 16],
			"rotation": {"angle": 22.5, "axis": "z", "origin": [14, 9, 8]},
			"faces": {
				"north": {"uv": [4, 1.5, 5.5, 2.25], "texture": "#1"},
				"east": {"uv": [10.5625, 0, 12.5625, 0.75], "texture": "#1"},
				"south": {"uv": [4, 0, 5.5, 0.75], "texture": "#1"},
				"west": {"uv": [12.5625, 0, 10.5625, 0.75], "texture": "#1"},
				"up": {"uv": [4, 1.5, 2.5, 0], "texture": "#1"},
				"down": {"uv": [4, 1.5, 2.5, 3], "texture": "#1"}
			}
		},
		{
			"from": [2, 3, 0],
			"to": [2, 9, 16],
			"rotation": {"angle": -22.5, "axis": "z", "origin": [2, 9, 8]},
			"faces": {
				"north": {"uv": [5.5, 1.5, 4, 2.25], "texture": "#1"},
				"east": {"uv": [10.5625, 0, 12.5625, 0.75], "texture": "#1"},
				"south": {"uv": [5.5, 0, 4, 0.75], "texture": "#1"},
				"west": {"uv": [12.5625, 0, 10.5625, 0.75], "texture": "#1"},
				"up": {"uv": [2.5, 1.5, 4, 0], "texture": "#1"},
				"down": {"uv": [2.5, 1.5, 4, 3], "texture": "#1"}
			}
		},
		{
			"from": [1, -5, 14],
			"to": [15, 0, 14],
			"faces": {
				"north": {"uv": [10.5, 0, 8.75, 0.625], "texture": "#1"},
				"east": {"uv": [4, 5.375, 4, 6], "texture": "#1"},
				"south": {"uv": [8.75, 0, 10.5, 0.625], "texture": "#1"},
				"west": {"uv": [5.5, 0.375, 5.5, 1], "texture": "#1"},
				"up": {"uv": [1.75, 0, 0, 0], "texture": "#1"},
				"down": {"uv": [1.75, 1.75, 0, 1.75], "texture": "#1"}
			}
		},
		{
			"from": [1, 0, 1],
			"to": [15, 3, 15],
			"faces": {
				"north": {"uv": [5.25, 4.5, 7, 4.875], "texture": "#1"},
				"east": {"uv": [4, 5.375, 5.75, 5.75], "texture": "#1"},
				"south": {"uv": [5.5, 0, 7.25, 0.375], "texture": "#1"},
				"west": {"uv": [5.5, 0.375, 7.25, 0.75], "texture": "#1"},
				"up": {"uv": [1.75, 1.75, 0, 0], "texture": "#1"},
				"down": {"uv": [1.75, 1.75, 0, 3.5], "texture": "#1"}
			}
		},
		{
			"from": [5, 9, 5],
			"to": [11, 12, 11],
			"faces": {
				"north": {"uv": [7, 1.625, 7.75, 2], "texture": "#1"},
				"east": {"uv": [7, 4.5, 7.75, 4.875], "texture": "#1"},
				"south": {"uv": [7, 7, 7.75, 7.375], "texture": "#1"},
				"west": {"uv": [7.25, 0, 8, 0.375], "texture": "#1"},
				"up": {"uv": [0.75, 5.5, 0, 4.75], "texture": "#1"},
				"down": {"uv": [3.25, 4.875, 2.5, 5.625], "texture": "#1"}
			}
		},
		{
			"from": [1, 12, 8],
			"to": [15, 16, 8],
			"faces": {
				"north": {"uv": [12.6875, 0, 14.4375, 0.5], "texture": "#1"},
				"east": {"uv": [7, 4.5, 7.75, 4.875], "texture": "#1"},
				"south": {"uv": [14.4375, 0, 12.6875, 0.5], "texture": "#1"},
				"west": {"uv": [7.25, 0, 8, 0.375], "texture": "#1"},
				"up": {"uv": [0.75, 5.5, 0, 4.75], "texture": "#1"},
				"down": {"uv": [3.25, 4.875, 2.5, 5.625], "texture": "#1"}
			}
		},
		{
			"from": [1, 12, 7.9],
			"to": [15, 16, 7.9],
			"faces": {
				"north": {"uv": [12.6875, 0.5, 14.4375, 1], "texture": "#1"},
				"east": {"uv": [7, 4.5, 7.75, 4.875], "texture": "#1"},
				"south": {"uv": [14.4375, 0.5, 12.6875, 1], "texture": "#1"},
				"west": {"uv": [7.25, 0, 8, 0.375], "texture": "#1"},
				"up": {"uv": [0.75, 5.5, 0, 4.75], "texture": "#1"},
				"down": {"uv": [3.25, 4.875, 2.5, 5.625], "texture": "#1"}
			}
		},
		{
			"from": [3, 0, 1],
			"to": [13, 5, 4],
			"rotation": {"angle": -22.5, "axis": "x", "origin": [1, 0, 1]},
			"faces": {
				"north": {"uv": [5.25, 4.25, 4, 4.875], "rotation": 180, "texture": "#1"},
				"east": {"uv": [8, 1.25, 8.625, 1.625], "rotation": 270, "texture": "#1"},
				"south": {"uv": [5.25, 4.25, 4, 3.625], "texture": "#1"},
				"west": {"uv": [8, 2.125, 8.625, 2.5], "rotation": 90, "texture": "#1"},
				"up": {"uv": [6.5, 4.875, 7.75, 5.25], "rotation": 180, "texture": "#1"},
				"down": {"uv": [6.5, 5.25, 7.75, 5.625], "texture": "#1"}
			}
		},
		{
			"from": [1, -5, 3],
			"to": [4, 3, 13],
			"rotation": {"angle": -22.5, "axis": "z", "origin": [1, 3, 2]},
			"faces": {
				"north": {"uv": [6.75, 4.125, 7.75, 4.5], "rotation": 90, "texture": "#1"},
				"east": {"uv": [3.5, 3.625, 2.5, 4.875], "rotation": 270, "texture": "#1"},
				"south": {"uv": [7, 1.25, 8, 1.625], "rotation": 270, "texture": "#1"},
				"west": {"uv": [1, 4.75, 0, 3.5], "rotation": 270, "texture": "#1"},
				"up": {"uv": [6, 6.625, 7.25, 7], "rotation": 270, "texture": "#1"},
				"down": {"uv": [6.75, 2.25, 8, 2.625], "rotation": 270, "texture": "#1"}
			}
		},
		{
			"from": [12, -5, 3],
			"to": [15, 3, 13],
			"rotation": {"angle": 22.5, "axis": "z", "origin": [15, 3, 2]},
			"faces": {
				"north": {"uv": [6.75, 4.5, 7.75, 4.125], "rotation": 90, "texture": "#1"},
				"east": {"uv": [1, 3.5, 0, 4.75], "rotation": 270, "texture": "#1"},
				"south": {"uv": [7, 1.625, 8, 1.25], "rotation": 270, "texture": "#1"},
				"west": {"uv": [3.5, 4.875, 2.5, 3.625], "rotation": 270, "texture": "#1"},
				"up": {"uv": [6, 7, 7.25, 6.625], "rotation": 270, "texture": "#1"},
				"down": {"uv": [6.75, 2.625, 8, 2.25], "rotation": 270, "texture": "#1"}
			}
		}
	],
	"display": {
		"thirdperson_righthand": {
			"translation": [0, 0, 1.75],
			"scale": [0.33, 0.33, 0.33]
		},
		"thirdperson_lefthand": {
			"translation": [0, 0, 1.75],
			"scale": [0.33, 0.33, 0.33]
		},
		"firstperson_righthand": {
			"translation": [0, 0, 1.75],
			"scale": [0.33, 0.33, 0.33]
		},
		"firstperson_lefthand": {
			"translation": [0, 0, 1.75],
			"scale": [0.33, 0.33, 0.33]
		},
		"ground": {
			"scale": [0.6, 0.6, 0.6]
		},
		"gui": {
			"rotation": [30, -135, 0],
			"translation": [0.25, 1.75, -0.25],
			"scale": [0.6, 0.6, 0.6]
		},
		"head": {
			"translation": [0, 10.5, 0],
			"scale": [1.2, 1.2, 1.2]
		},
		"fixed": {
			"rotation": [0, 0, -45],
			"translation": [0, 0, -1.5],
			"scale": [0.6, 0.6, 0.6]
		}
	},
	"groups": [
		{
			"name": "group",
			"origin": [1, 3, 2],
			"color": 0,
			"children": [
				0,
				1,
				2,
				3,
				4,
				5,
				6,
				7,
				{
					"name": "group",
					"origin": [0, 0, 0],
					"color": 0,
					"children": [8, 9]
				},
				10,
				11,
				12
			]
		}
	]
}