{
	"credit": "Made with Blockbench",
	"texture_size": [64, 64],
	"textures": {
		"1": "item/hats/police_hat/police_hat",
		"2": "item/hats/police_hat/police_animation",
		"particle": "item/hats/police_hat/police_animation"
	},
	"elements": [
		{
			"from": [0, 0, 0],
			"to": [16, 1, 16],
			"faces": {
				"north": {"uv": [11.5, 5.5, 15.5, 5.75], "texture": "#1"},
				"east": {"uv": [11.5, 5.75, 15.5, 6], "texture": "#1"},
				"south": {"uv": [11.5, 6, 15.5, 6.25], "texture": "#1"},
				"west": {"uv": [11.5, 6.25, 15.5, 6.5], "texture": "#1"},
				"up": {"uv": [4, 4, 0, 0], "texture": "#1"},
				"down": {"uv": [4, 4, 0, 8], "texture": "#1"}
			}
		},
		{
			"from": [0, 2, 0],
			"to": [16, 3, 16],
			"faces": {
				"north": {"uv": [11.5, 6.5, 15.5, 6.75], "texture": "#1"},
				"east": {"uv": [11.5, 6.75, 15.5, 7], "texture": "#1"},
				"south": {"uv": [11.5, 7, 15.5, 7.25], "texture": "#1"},
				"west": {"uv": [7.25, 11.5, 11.25, 11.75], "texture": "#1"},
				"up": {"uv": [8, 4, 4, 0], "texture": "#1"},
				"down": {"uv": [8, 4, 4, 8], "texture": "#1"}
			}
		},
		{
			"from": [-0.25, 2, -0.25],
			"to": [16.25, 3, 16.25],
			"faces": {
				"north": {"uv": [0, 15, 16, 16], "texture": "#2"},
				"east": {"uv": [16, 15, 0, 16], "texture": "#2"},
				"south": {"uv": [0, 15, 16, 16], "texture": "#2"},
				"west": {"uv": [16, 15, 0, 16], "texture": "#2"}
			}
		},
		{
			"from": [4.5, 4, 0.25],
			"to": [11.5, 12, 0.25],
			"rotation": {"angle": 22.5, "axis": "x", "origin": [8, 5, 0.5]},
			"faces": {
				"north": {"uv": [0, 0, 7, 8], "texture": "#2"},
				"east": {"uv": [0, 0, 0, 1.75], "texture": "#1"},
				"south": {"uv": [7, 0, 0, 8], "texture": "#2"},
				"west": {"uv": [0, 0, 0, 1.75], "texture": "#1"},
				"up": {"uv": [1.75, 0, 0, 0], "texture": "#1"}
			}
		},
		{
			"from": [0.525, 1, 0.525],
			"to": [15.475, 5, 15.475],
			"faces": {
				"north": {"uv": [11, 7.5, 14.75, 8.5], "texture": "#1"},
				"east": {"uv": [11, 8.5, 14.75, 9.5], "texture": "#1"},
				"south": {"uv": [11.25, 9.5, 15, 10.5], "texture": "#1"},
				"west": {"uv": [11.25, 10.5, 15, 11.5], "texture": "#1"},
				"up": {"uv": [3.75, 11.75, 0, 8], "texture": "#1"}
			}
		},
		{
			"from": [8.5, 3, 3.5],
			"to": [15.5, 8, 12.5],
			"rotation": {"angle": -45, "axis": "z", "origin": [15.5, 3, 9]},
			"faces": {
				"north": {"uv": [6.25, 15.25, 4.5, 14], "texture": "#1"},
				"east": {"uv": [4.5, 15.25, 2.25, 14], "texture": "#1"},
				"south": {"uv": [8, 15.25, 6.25, 14], "texture": "#1"},
				"west": {"uv": [2.25, 15.25, 0, 14], "texture": "#1"},
				"up": {"uv": [1.75, 14, 0, 11.75], "texture": "#1"},
				"down": {"uv": [3.5, 14, 1.75, 11.75], "texture": "#1"}
			}
		},
		{
			"from": [0.5, 3, 3.5],
			"to": [7.5, 8, 12.5],
			"rotation": {"angle": 45, "axis": "z", "origin": [0.5, 3, 9]},
			"faces": {
				"north": {"uv": [4.5, 15.25, 6.25, 14], "texture": "#1"},
				"east": {"uv": [0, 15.25, 2.25, 14], "texture": "#1"},
				"south": {"uv": [6.25, 15.25, 8, 14], "texture": "#1"},
				"west": {"uv": [2.25, 15.25, 4.5, 14], "texture": "#1"},
				"up": {"uv": [0, 14, 1.75, 11.75], "texture": "#1"},
				"down": {"uv": [1.75, 14, 3.5, 11.75], "texture": "#1"}
			}
		},
		{
			"from": [0.5, 5, 0.5],
			"to": [15.5, 13, 14.5],
			"rotation": {"angle": 22.5, "axis": "x", "origin": [8, 5, 0.5]},
			"faces": {
				"north": {"uv": [8, 3.5, 11.75, 5.5], "texture": "#1"},
				"east": {"uv": [8, 5.5, 11.5, 7.5], "texture": "#1"},
				"south": {"uv": [3.75, 8, 7.5, 10], "texture": "#1"},
				"west": {"uv": [11.5, 5.5, 8, 7.5], "texture": "#1"},
				"up": {"uv": [11.75, 3.5, 8, 0], "texture": "#1"}
			}
		},
		{
			"from": [0.5, 1, -5.5],
			"to": [15.5, 2, 0.5],
			"rotation": {"angle": -22.5, "axis": "x", "origin": [8, 2, 0.5]},
			"faces": {
				"north": {"uv": [11.5, 7.25, 15.25, 7.5], "texture": "#1"},
				"east": {"uv": [8, 7.5, 9.5, 7.75], "texture": "#1"},
				"south": {"uv": [11.25, 11.5, 15, 11.75], "texture": "#1"},
				"west": {"uv": [8, 7.75, 9.5, 8], "texture": "#1"},
				"up": {"uv": [7.5, 11.5, 3.75, 10], "texture": "#1"},
				"down": {"uv": [11.25, 10, 7.5, 11.5], "texture": "#1"}
			}
		}
	],
	"display": {
		"thirdperson_righthand": {
			"rotation": [0, -90, 0],
			"translation": [0, 2.25, 1.5],
			"scale": [0.3, 0.3, 0.3]
		},
		"thirdperson_lefthand": {
			"rotation": [0, -90, 0],
			"translation": [0, 2.25, 1.5],
			"scale": [0.3, 0.3, 0.3]
		},
		"firstperson_righthand": {
			"rotation": [0, 90, 0],
			"translation": [0, 2.25, 1.5],
			"scale": [0.3, 0.3, 0.3]
		},
		"firstperson_lefthand": {
			"rotation": [0, 90, 0],
			"translation": [0, 2.25, 1.5],
			"scale": [0.3, 0.3, 0.3]
		},
		"ground": {
			"translation": [0, 1.5, 0],
			"scale": [0.5, 0.5, 0.5]
		},
		"gui": {
			"rotation": [30, -135, 0],
			"translation": [-1, 2.25, -0.25],
			"scale": [0.6, 0.6, 0.6]
		},
		"head": {
			"translation": [0, 8.75, 0],
			"scale": [1.0, 1.0, 1.0]
		},
		"fixed": {
			"translation": [-0.5, 2.75, -0.25],
			"scale": [0.75, 0.75, 0.75]
		}
	}
}