{
  "credit": "MadewithBlockbench",
  "texture_size": [
    32,
    32
  ],
  "textures": {
    "0": "item/hats/warden_hat",
    "particle": "item/hats/warden_hat"
  },
  "elements": [
    {
      "from": [
        5,
        -3.25,
        5
      ],
      "to": [
        11,
        2.75,
        11
      ],
      "faces": {
        "north": {
          "uv": [
            0,
            0,
            3,
            3
          ],
          "texture": "#0"
        },
        "east": {
          "uv": [
            6,
            3,
            3,
            6
          ],
          "texture": "#0"
        },
        "south": {
          "uv": [
            3,
            0,
            6,
            3
          ],
          "texture": "#0"
        },
        "west": {
          "uv": [
            3,
            3,
            6,
            6
          ],
          "texture": "#0"
        },
        "up": {
          "uv": [
            3,
            9,
            0,
            6
          ],
          "texture": "#0"
        },
        "down": {
          "uv": [
            9,
            0,
            6,
            3
          ],
          "texture": "#0"
        }
      }
    },
    {
      "from": [
        11,
        -1.25,
        8
      ],
      "to": [
        15,
        4.25,
        8
      ],
      "rotation": {
        "angle": 0,
        "axis": "y",
        "origin": [
          16,
          0,
          0
        ]
      },
      "faces": {
        "north": {
          "uv": [
            5,
            6.25,
            3,
            8.75
          ],
          "texture": "#0"
        },
        "east": {
          "uv": [
            0,
            0,
            0,
            3
          ],
          "texture": "#0"
        },
        "south": {
          "uv": [
            3,
            6.25,
            5,
            8.75
          ],
          "texture": "#0"
        },
        "west": {
          "uv": [
            0,
            0,
            0,
            3
          ],
          "texture": "#0"
        },
        "up": {
          "uv": [
            0,
            0,
            3,
            0
          ],
          "texture": "#0"
        },
        "down": {
          "uv": [
            0,
            0,
            3,
            0
          ],
          "texture": "#0"
        }
      }
    },
    {
      "from": [
        1,
        -1.25,
        8
      ],
      "to": [
        5,
        4.25,
        8
      ],
      "faces": {
        "north": {
          "uv": [
            3,
            6.25,
            5,
            8.75
          ],
          "texture": "#0"
        },
        "east": {
          "uv": [
            0,
            0,
            0,
            3
          ],
          "texture": "#0"
        },
        "south": {
          "uv": [
            5,
            6.25,
            3,
            8.75
          ],
          "texture": "#0"
        },
        "west": {
          "uv": [
            0,
            0,
            0,
            3
          ],
          "texture": "#0"
        },
        "up": {
          "uv": [
            3,
            0,
            0,
            0
          ],
          "texture": "#0"
        },
        "down": {
          "uv": [
            3,
            0,
            0,
            0
          ],
          "texture": "#0"
        }
      }
    }
  ],
  "gui_light": "front",
  "display": {
    "thirdperson_righthand": {
      "rotation": [
        52.5,
        0,
        0
      ],
      "translation": [
        0,
        6,
        3.75
      ]
    },
    "thirdperson_lefthand": {
      "rotation": [
        52.5,
        0,
        0
      ],
      "translation": [
        0,
        6,
        3.75
      ]
    },
    "firstperson_righthand": {
      "rotation": [
        0,
        113,
        0
      ],
      "translation": [
        0,
        15.5,
        0
      ],
      "scale": [
        1.32031,
        1.32031,
        1.32031
      ]
    },
    "firstperson_lefthand": {
      "rotation": [
        0,
        113,
        0
      ],
      "translation": [
        0,
        15.5,
        0
      ],
      "scale": [
        1.32031,
        1.32031,
        1.32031
      ]
    },
    "ground": {
      "translation": [
        0,
        16,
        0
      ],
      "scale": [
        1.52539,
        1.52539,
        1.52539
      ]
    },
    "gui": {
      "rotation": [
        30,
        225,
        0
      ],
      "translation": [
        0,
        7.5,
        0
      ],
      "scale": [
        1.17,
        1.17,
        1.17
      ]
    },
    "head": {
      "translation": [
        0,
        21.75,
        0
      ],
      "scale": [
        2.5,
        2.5,
        2.5
      ]
    },
    "fixed": {
      "rotation": [
        -90,
        0,
        0
      ],
      "translation": [
        0,
        -0.25,
        -46.5
      ],
      "scale": [
        4,
        4,
        4
      ]
    }
  }
}