{
    "display": {
        "thirdperson_righthand": {
            "translation": [0, 0.25, -1.5],
            "scale": [0.75, 0.75, 0.75]
        },
        "thirdperson_lefthand": {
            "scale": [0.75, 0.75, 0.75]
        },
        "firstperson_righthand": {
            "scale": [0.75, 0.75, 0.75]
        },
        "firstperson_lefthand": {
            "scale": [0.75, 0.75, 0.75]
        },
        "ground": {
            "scale": [0.5, 0.5, 0.5]
        },
        "gui": {
            "rotation": [25, -150, 0],
            "translation": [-1.1, -1.75, 0]
        },
        "head": {
            "translation": [1, 4.75, 1.5],
            "scale": [1.6, 1.6, 1.6]
        }
    },
    "texture_size": [64, 64],
    "textures": {
        "0": "item/hats/antlers",
        "particle": "item/hats/antlers"
    },
    "elements": [{
        "from": [1.3164, 10.5, 5.2836],
        "to": [2.3164, 14.5, 6.2836],
        "rotation": {
            "angle": 22.5,
            "axis": "z",
            "origin": [8, 12.57084, -1.2164]
        },
        "faces": {
            "north": {
                "uv": [1.75, 9.5, 2, 10.5],
                "texture": "#0"
            },
            "east": {
                "uv": [1.5, 9.5, 1.75, 10.5],
                "texture": "#0"
            },
            "south": {
                "uv": [2.25, 9.5, 2.5, 10.5],
                "texture": "#0"
            },
            "west": {
                "uv": [2, 9.5, 2.25, 10.5],
                "texture": "#0"
            },
            "up": {
                "uv": [2, 9.5, 1.75, 9.25],
                "texture": "#0"
            },
            "down": {
                "uv": [2.25, 9.25, 2, 9.5],
                "texture": "#0"
            }
        }
    }, {
        "from": [0.8164, 10, 4.7836],
        "to": [2.8164, 12, 6.7836],
        "rotation": {
            "angle": 22.5,
            "axis": "z",
            "origin": [8, 12.57084, -1.2164]
        },
        "faces": {
            "north": {
                "uv": [7.5, 7.75, 8, 8.25],
                "texture": "#0"
            },
            "east": {
                "uv": [7, 7.75, 7.5, 8.25],
                "texture": "#0"
            },
            "south": {
                "uv": [8.5, 7.75, 9, 8.25],
                "texture": "#0"
            },
            "west": {
                "uv": [8, 7.75, 8.5, 8.25],
                "texture": "#0"
            },
            "up": {
                "uv": [8, 7.75, 7.5, 7.25],
                "texture": "#0"
            },
            "down": {
                "uv": [8.5, 7.25, 8, 7.75],
                "texture": "#0"
            }
        }
    }, {
        "from": [2.8164, 10, 4.7836],
        "to": [4.8164, 11, 6.7836],
        "rotation": {
            "angle": 22.5,
            "axis": "z",
            "origin": [8, 12.57084, -1.2164]
        },
        "faces": {
            "north": {
                "uv": [7.5, 7.75, 8, 8],
                "texture": "#0"
            },
            "east": {
                "uv": [7, 7.75, 7.5, 8],
                "texture": "#0"
            },
            "south": {
                "uv": [8.5, 7.75, 9, 8],
                "texture": "#0"
            },
            "west": {
                "uv": [8, 7.75, 8.5, 8],
                "texture": "#0"
            },
            "up": {
                "uv": [8, 7.75, 7.5, 7.25],
                "texture": "#0"
            },
            "down": {
                "uv": [8.5, 7.25, 8, 7.75],
                "texture": "#0"
            }
        }
    }, {
        "from": [3.41421, 8.23903, 7.3836],
        "to": [5.41421, 12.23903, 9.3836],
        "rotation": {
            "angle": 22.5,
            "axis": "x",
            "origin": [3.31421, 10.73903, 6.7836]
        },
        "faces": {
            "north": {
                "uv": [7, 9.5, 7.5, 10.5],
                "texture": "#0"
            },
            "east": {
                "uv": [6.5, 9.5, 7, 10.5],
                "texture": "#0"
            },
            "south": {
                "uv": [8, 9.5, 8.5, 10.5],
                "texture": "#0"
            },
            "west": {
                "uv": [7.5, 9.5, 8, 10.5],
                "texture": "#0"
            },
            "up": {
                "uv": [7.5, 9.5, 7, 9],
                "texture": "#0"
            },
            "down": {
                "uv": [8, 9, 7.5, 9.5],
                "texture": "#0"
            }
        }
    }, {
        "from": [-1.58579, 4.23903, 7.3836],
        "to": [3.41421, 8.23903, 7.3836],
        "rotation": {
            "angle": 0,
            "axis": "x",
            "origin": [3.31421, 10.73903, 6.7836]
        },
        "faces": {
            "north": {
                "uv": [9.25, 11.75, 8, 12.75],
                "texture": "#0"
            },
            "east": {
                "uv": [6.75, 11.75, 6.75, 12.75],
                "texture": "#0"
            },
            "south": {
                "uv": [8, 11.75, 9.25, 12.75],
                "texture": "#0"
            },
            "west": {
                "uv": [8, 11.75, 8, 12.75],
                "texture": "#0"
            },
            "up": {
                "uv": [8, 11.75, 6.75, 11.75],
                "texture": "#0"
            },
            "down": {
                "uv": [9.25, 11.75, 8, 11.75],
                "texture": "#0"
            }
        }
    }, {
        "from": [11.58579, 4.23903, 7.3836],
        "to": [16.58579, 8.23903, 7.3836],
        "rotation": {
            "angle": 0,
            "axis": "x",
            "origin": [12.68579, 10.73903, 6.7836]
        },
        "faces": {
            "north": {
                "uv": [8, 11.75, 9.25, 12.75],
                "texture": "#0"
            },
            "east": {
                "uv": [8, 11.75, 8, 12.75],
                "texture": "#0"
            },
            "south": {
                "uv": [9.25, 11.75, 8, 12.75],
                "texture": "#0"
            },
            "west": {
                "uv": [6.75, 11.75, 6.75, 12.75],
                "texture": "#0"
            },
            "up": {
                "uv": [6.75, 11.75, 8, 11.75],
                "texture": "#0"
            },
            "down": {
                "uv": [8, 11.75, 9.25, 11.75],
                "texture": "#0"
            }
        }
    }, {
        "from": [1.91421, 10.55062, 8.14449],
        "to": [3.91421, 11.55062, 9.14449],
        "rotation": {
            "angle": -22.5,
            "axis": "z",
            "origin": [2.41421, 11.05062, 8.64449]
        },
        "faces": {
            "north": {
                "uv": [2, 11, 2.5, 11.25],
                "texture": "#0"
            },
            "east": {
                "uv": [1.75, 11, 2, 11.25],
                "texture": "#0"
            },
            "south": {
                "uv": [2.75, 11, 3.25, 11.25],
                "texture": "#0"
            },
            "west": {
                "uv": [2.5, 11, 2.75, 11.25],
                "texture": "#0"
            },
            "up": {
                "uv": [2.5, 11, 2, 10.75],
                "texture": "#0"
            },
            "down": {
                "uv": [3, 10.75, 2.5, 11],
                "texture": "#0"
            }
        }
    }, {
        "from": [-0.89579, 10.39062, 8.13449],
        "to": [2.12421, 11.41062, 9.15449],
        "rotation": {
            "angle": -45,
            "axis": "z",
            "origin": [2.41421, 11.05062, 8.64449]
        },
        "faces": {
            "north": {
                "uv": [4.25, 12.5, 5, 12.75],
                "texture": "#0"
            },
            "east": {
                "uv": [4, 12.5, 4.25, 12.75],
                "texture": "#0"
            },
            "south": {
                "uv": [5.25, 12.5, 6, 12.75],
                "texture": "#0"
            },
            "west": {
                "uv": [5, 12.5, 5.25, 12.75],
                "texture": "#0"
            },
            "up": {
                "uv": [5, 12.5, 4.25, 12.25],
                "texture": "#0"
            },
            "down": {
                "uv": [5.75, 12.25, 5, 12.5],
                "texture": "#0"
            }
        }
    }, {
        "from": [3.90421, 10.82903, 8.8486],
        "to": [4.92421, 13.84903, 9.8686],
        "rotation": {
            "angle": -22.5,
            "axis": "x",
            "origin": [3.31421, 10.73903, 6.7836]
        },
        "faces": {
            "north": {
                "uv": [1.25, 7.75, 1.5, 8.5],
                "texture": "#0"
            },
            "east": {
                "uv": [1, 7.75, 1.25, 8.5],
                "texture": "#0"
            },
            "south": {
                "uv": [1.75, 7.75, 2, 8.5],
                "texture": "#0"
            },
            "west": {
                "uv": [1.5, 7.75, 1.75, 8.5],
                "texture": "#0"
            },
            "up": {
                "uv": [1.5, 7.75, 1.25, 7.5],
                "texture": "#0"
            },
            "down": {
                "uv": [1.75, 7.5, 1.5, 7.75],
                "texture": "#0"
            }
        }
    }, {
        "from": [3.91421, 10.93903, 7.8836],
        "to": [4.91421, 12.93903, 8.8836],
        "rotation": {
            "angle": 22.5,
            "axis": "x",
            "origin": [3.31421, 10.73903, 6.7836]
        },
        "faces": {
            "north": {
                "uv": [4.25, 9.25, 4.5, 9.75],
                "texture": "#0"
            },
            "east": {
                "uv": [4, 9.25, 4.25, 9.75],
                "texture": "#0"
            },
            "south": {
                "uv": [4.75, 9.25, 5, 9.75],
                "texture": "#0"
            },
            "west": {
                "uv": [4.5, 9.25, 4.75, 9.75],
                "texture": "#0"
            },
            "up": {
                "uv": [4.5, 9.25, 4.25, 9],
                "texture": "#0"
            },
            "down": {
                "uv": [4.75, 9, 4.5, 9.25],
                "texture": "#0"
            }
        }
    }, {
        "from": [-0.6836, 12.5, 5.2836],
        "to": [1.3164, 13.5, 6.2836],
        "rotation": {
            "angle": 22.5,
            "axis": "z",
            "origin": [8, 12.57084, -1.2164]
        },
        "faces": {
            "north": {
                "uv": [4, 11, 4.5, 11.25],
                "texture": "#0"
            },
            "east": {
                "uv": [3.75, 11, 4, 11.25],
                "texture": "#0"
            },
            "south": {
                "uv": [4.75, 11, 5.25, 11.25],
                "texture": "#0"
            },
            "west": {
                "uv": [4.5, 11, 4.75, 11.25],
                "texture": "#0"
            },
            "up": {
                "uv": [4.5, 11, 4, 10.75],
                "texture": "#0"
            },
            "down": {
                "uv": [5, 10.75, 4.5, 11],
                "texture": "#0"
            }
        }
    }, {
        "from": [-0.05921, 15.82337, 5.2736],
        "to": [0.96079, 17.84337, 6.2936],
        "rotation": {
            "angle": 45,
            "axis": "z",
            "origin": [8, 12.57084, -1.2164]
        },
        "faces": {
            "north": {
                "uv": [4.25, 8.25, 4.5, 8.75],
                "texture": "#0"
            },
            "east": {
                "uv": [4, 8.25, 4.25, 8.75],
                "texture": "#0"
            },
            "south": {
                "uv": [4.75, 8.25, 5, 8.75],
                "texture": "#0"
            },
            "west": {
                "uv": [4.5, 8.25, 4.75, 8.75],
                "texture": "#0"
            },
            "up": {
                "uv": [4.5, 8.25, 4.25, 8],
                "texture": "#0"
            },
            "down": {
                "uv": [4.75, 8, 4.5, 8.25],
                "texture": "#0"
            }
        }
    }, {
        "from": [12.3836, 10.5, 5.2836],
        "to": [13.3836, 14.5, 6.2836],
        "shade": false,
        "rotation": {
            "angle": -22.5,
            "axis": "z",
            "origin": [6.7, 12.57084, -1.2164]
        },
        "faces": {
            "north": {
                "uv": [2, 9.5, 1.75, 10.5],
                "texture": "#0"
            },
            "east": {
                "uv": [2.25, 9.5, 2, 10.5],
                "texture": "#0"
            },
            "south": {
                "uv": [2.5, 9.5, 2.25, 10.5],
                "texture": "#0"
            },
            "west": {
                "uv": [1.75, 9.5, 1.5, 10.5],
                "texture": "#0"
            },
            "up": {
                "uv": [1.75, 9.5, 2, 9.25],
                "texture": "#0"
            },
            "down": {
                "uv": [2, 9.25, 2.25, 9.5],
                "texture": "#0"
            }
        }
    }, {
        "from": [11.8836, 10, 4.7836],
        "to": [13.8836, 12, 6.7836],
        "shade": false,
        "rotation": {
            "angle": -22.5,
            "axis": "z",
            "origin": [6.7, 12.57084, -1.2164]
        },
        "faces": {
            "north": {
                "uv": [8, 7.75, 7.5, 8.25],
                "texture": "#0"
            },
            "east": {
                "uv": [8.5, 7.75, 8, 8.25],
                "texture": "#0"
            },
            "south": {
                "uv": [9, 7.75, 8.5, 8.25],
                "texture": "#0"
            },
            "west": {
                "uv": [7.5, 7.75, 7, 8.25],
                "texture": "#0"
            },
            "up": {
                "uv": [7.5, 7.75, 8, 7.25],
                "texture": "#0"
            },
            "down": {
                "uv": [8, 7.25, 8.5, 7.75],
                "texture": "#0"
            }
        }
    }, {
        "from": [9.8836, 10, 4.7836],
        "to": [11.8836, 11, 6.7836],
        "shade": false,
        "rotation": {
            "angle": -22.5,
            "axis": "z",
            "origin": [6.7, 12.57084, -1.2164]
        },
        "faces": {
            "north": {
                "uv": [8, 7.75, 7.5, 8],
                "texture": "#0"
            },
            "east": {
                "uv": [8.5, 7.75, 8, 8],
                "texture": "#0"
            },
            "south": {
                "uv": [9, 7.75, 8.5, 8],
                "texture": "#0"
            },
            "west": {
                "uv": [7.5, 7.75, 7, 8],
                "texture": "#0"
            },
            "up": {
                "uv": [7.5, 7.75, 8, 7.25],
                "texture": "#0"
            },
            "down": {
                "uv": [8, 7.25, 8.5, 7.75],
                "texture": "#0"
            }
        }
    }, {
        "from": [9.28579, 8.23903, 7.3836],
        "to": [11.28579, 12.23903, 9.3836],
        "shade": false,
        "rotation": {
            "angle": 22.5,
            "axis": "x",
            "origin": [11.38579, 10.73903, 6.7836]
        },
        "faces": {
            "north": {
                "uv": [7.5, 9.5, 7, 10.5],
                "texture": "#0"
            },
            "east": {
                "uv": [8, 9.5, 7.5, 10.5],
                "texture": "#0"
            },
            "south": {
                "uv": [8.5, 9.5, 8, 10.5],
                "texture": "#0"
            },
            "west": {
                "uv": [7, 9.5, 6.5, 10.5],
                "texture": "#0"
            },
            "up": {
                "uv": [7, 9.5, 7.5, 9],
                "texture": "#0"
            },
            "down": {
                "uv": [7.5, 9, 8, 9.5],
                "texture": "#0"
            }
        }
    }, {
        "from": [10.78579, 10.55062, 8.14449],
        "to": [12.78579, 11.55062, 9.14449],
        "shade": false,
        "rotation": {
            "angle": 22.5,
            "axis": "z",
            "origin": [12.28579, 11.05062, 8.64449]
        },
        "faces": {
            "north": {
                "uv": [2.5, 11, 2, 11.25],
                "texture": "#0"
            },
            "east": {
                "uv": [2.75, 11, 2.5, 11.25],
                "texture": "#0"
            },
            "south": {
                "uv": [3.25, 11, 2.75, 11.25],
                "texture": "#0"
            },
            "west": {
                "uv": [2, 11, 1.75, 11.25],
                "texture": "#0"
            },
            "up": {
                "uv": [2, 11, 2.5, 10.75],
                "texture": "#0"
            },
            "down": {
                "uv": [2.5, 10.75, 3, 11],
                "texture": "#0"
            }
        }
    }, {
        "from": [12.57579, 10.39062, 8.13449],
        "to": [15.59579, 11.41062, 9.15449],
        "shade": false,
        "rotation": {
            "angle": 45,
            "axis": "z",
            "origin": [12.28579, 11.05062, 8.64449]
        },
        "faces": {
            "north": {
                "uv": [5, 12.5, 4.25, 12.75],
                "texture": "#0"
            },
            "east": {
                "uv": [5.25, 12.5, 5, 12.75],
                "texture": "#0"
            },
            "south": {
                "uv": [6, 12.5, 5.25, 12.75],
                "texture": "#0"
            },
            "west": {
                "uv": [4.25, 12.5, 4, 12.75],
                "texture": "#0"
            },
            "up": {
                "uv": [4.25, 12.5, 5, 12.25],
                "texture": "#0"
            },
            "down": {
                "uv": [5, 12.25, 5.75, 12.5],
                "texture": "#0"
            }
        }
    }, {
        "from": [9.77579, 10.82903, 8.8486],
        "to": [10.79579, 13.84903, 9.8686],
        "shade": false,
        "rotation": {
            "angle": -22.5,
            "axis": "x",
            "origin": [11.38579, 10.73903, 6.7836]
        },
        "faces": {
            "north": {
                "uv": [1.5, 7.75, 1.25, 8.5],
                "texture": "#0"
            },
            "east": {
                "uv": [1.75, 7.75, 1.5, 8.5],
                "texture": "#0"
            },
            "south": {
                "uv": [2, 7.75, 1.75, 8.5],
                "texture": "#0"
            },
            "west": {
                "uv": [1.25, 7.75, 1, 8.5],
                "texture": "#0"
            },
            "up": {
                "uv": [1.25, 7.75, 1.5, 7.5],
                "texture": "#0"
            },
            "down": {
                "uv": [1.5, 7.5, 1.75, 7.75],
                "texture": "#0"
            }
        }
    }, {
        "from": [9.78579, 10.93903, 7.8836],
        "to": [10.78579, 12.93903, 8.8836],
        "shade": false,
        "rotation": {
            "angle": 22.5,
            "axis": "x",
            "origin": [11.38579, 10.73903, 6.7836]
        },
        "faces": {
            "north": {
                "uv": [4.5, 9.25, 4.25, 9.75],
                "texture": "#0"
            },
            "east": {
                "uv": [4.75, 9.25, 4.5, 9.75],
                "texture": "#0"
            },
            "south": {
                "uv": [5, 9.25, 4.75, 9.75],
                "texture": "#0"
            },
            "west": {
                "uv": [4.25, 9.25, 4, 9.75],
                "texture": "#0"
            },
            "up": {
                "uv": [4.25, 9.25, 4.5, 9],
                "texture": "#0"
            },
            "down": {
                "uv": [4.5, 9, 4.75, 9.25],
                "texture": "#0"
            }
        }
    }, {
        "from": [13.3836, 12.5, 5.2836],
        "to": [15.3836, 13.5, 6.2836],
        "shade": false,
        "rotation": {
            "angle": -22.5,
            "axis": "z",
            "origin": [6.7, 12.57084, -1.2164]
        },
        "faces": {
            "north": {
                "uv": [4.5, 11, 4, 11.25],
                "texture": "#0"
            },
            "east": {
                "uv": [4.75, 11, 4.5, 11.25],
                "texture": "#0"
            },
            "south": {
                "uv": [5.25, 11, 4.75, 11.25],
                "texture": "#0"
            },
            "west": {
                "uv": [4, 11, 3.75, 11.25],
                "texture": "#0"
            },
            "up": {
                "uv": [4, 11, 4.5, 10.75],
                "texture": "#0"
            },
            "down": {
                "uv": [4.5, 10.75, 5, 11],
                "texture": "#0"
            }
        }
    }, {
        "from": [13.73921, 15.82337, 5.2736],
        "to": [14.75921, 17.84337, 6.2936],
        "shade": false,
        "rotation": {
            "angle": -45,
            "axis": "z",
            "origin": [6.7, 12.57084, -1.2164]
        },
        "faces": {
            "north": {
                "uv": [4.5, 8.25, 4.25, 8.75],
                "texture": "#0"
            },
            "east": {
                "uv": [4.75, 8.25, 4.5, 8.75],
                "texture": "#0"
            },
            "south": {
                "uv": [5, 8.25, 4.75, 8.75],
                "texture": "#0"
            },
            "west": {
                "uv": [4.25, 8.25, 4, 8.75],
                "texture": "#0"
            },
            "up": {
                "uv": [4.25, 8.25, 4.5, 8],
                "texture": "#0"
            },
            "down": {
                "uv": [4.5, 8, 4.75, 8.25],
                "texture": "#0"
            }
        }
    }]
}