{
    "display": {
        "thirdperson_righthand": {
            "rotation": [21, 90, 0],
            "translation": [0, 2.25, -4.25]
        },
        "thirdperson_lefthand": {
            "rotation": [21, -90, 0],
            "translation": [0, 2.25, -4.25]
        },
        "firstperson_righthand": {
            "rotation": [0, 90, 0],
            "translation": [1.25, 1.5, -3.25]
        },
        "firstperson_lefthand": {
            "rotation": [0, -90, 0],
            "translation": [1.25, 1.5, -3.25]
        },
        "ground": {
            "translation": [0.25, 0, 0],
            "scale": [1.5, 1.5, 1.5]
        },
        "gui": {
            "rotation": [24, -45, 0],
            "translation": [5.25, -4, 0],
            "scale": [1.7, 1.7, 1.7]
        },
        "head": {
            "translation": [0.5, 5.5, 0],
            "scale": [1.86, 1.86, 1.86]
        },
        "fixed": {
            "rotation": [0, 90, 45],
            "translation": [0, 5, -9],
            "scale": [2, 2, 2]
        }
    },
    "textures": {
        "0": "item/hats/blue_butterfly_hat",
        "particle": "item/hats/blue_butterfly_hat"
    },
    "elements": [{
        "from": [1.9, 8.8, 7.2],
        "to": [3.5, 13.4, 8.8],
        "rotation": {
            "angle": -45,
            "axis": "z",
            "origin": [1, 8.5, 7]
        },
        "faces": {
            "north": {
                "uv": [6, 0, 8, 5],
                "texture": "#0"
            },
            "east": {
                "uv": [6, 5, 8, 10],
                "texture": "#0"
            },
            "south": {
                "uv": [8, 0, 10, 5],
                "texture": "#0"
            },
            "west": {
                "uv": [8, 5, 10, 10],
                "texture": "#0"
            },
            "up": {
                "uv": [12, 6, 10, 4],
                "texture": "#0"
            },
            "down": {
                "uv": [8, 10, 6, 12],
                "texture": "#0"
            }
        }
    }, {
        "from": [1.875, 6.6, 6],
        "to": [1.875, 8.6, 10],
        "rotation": {
            "angle": -45,
            "axis": "z",
            "origin": [1, 8.5, 7]
        },
        "faces": {
            "north": {
                "uv": [0, 0, 0, 2],
                "texture": "#0"
            },
            "east": {
                "uv": [10, 2, 14, 4],
                "texture": "#0"
            },
            "south": {
                "uv": [0, 0, 0, 2],
                "texture": "#0"
            },
            "west": {
                "uv": [10, 2, 14, 4],
                "texture": "#0"
            },
            "up": {
                "uv": [0, 4, 0, 0],
                "texture": "#0"
            },
            "down": {
                "uv": [0, 0, 0, 4],
                "texture": "#0"
            }
        }
    }, {
        "from": [1.875, 8.6, 5],
        "to": [1.875, 14.6, 11],
        "rotation": {
            "angle": -45,
            "axis": "z",
            "origin": [1, 8.5, 7]
        },
        "faces": {
            "north": {
                "uv": [0, 0, 0, 6],
                "texture": "#0"
            },
            "east": {
                "uv": [0, 6, 6, 12],
                "texture": "#0"
            },
            "south": {
                "uv": [0, 0, 0, 6],
                "texture": "#0"
            },
            "west": {
                "uv": [0, 6, 6, 12],
                "texture": "#0"
            },
            "up": {
                "uv": [0, 6, 0, 0],
                "texture": "#0"
            },
            "down": {
                "uv": [0, 0, 0, 6],
                "texture": "#0"
            }
        }
    }]
}