{
    "display": {
        "thirdperson_righthand": {
            "translation": [0, -1.5, 1.75],
            "scale": [0.5, 0.5, 0.5]
        },
        "thirdperson_lefthand": {
            "translation": [0, -1.5, 1.75],
            "scale": [0.5, 0.5, 0.5]
        },
        "firstperson_righthand": {
            "scale": [0.5, 0.5, 0.5]
        },
        "firstperson_lefthand": {
            "scale": [0.5, 0.5, 0.5]
        },
        "ground": {
            "translation": [0, 3, 0],
            "scale": [0.5, 0.5, 0.5]
        },
        "gui": {
            "rotation": [30, 225, 0],
            "translation": [0, -7, 0]
        },
        "head": {
            "scale": [1.7, 1.7, 1.7]
        },
        "fixed": {
            "rotation": [-90, 0, 0],
            "translation": [0, 0, 5],
            "scale": [2, 2, 2]
        }
    },
    "textures": {
        "0": "item/hats/bunny_ears",
        "particle": "item/hats/bunny_ears"
    },
    "elements": [{
        "from": [11.37928, 15.67492, 7.29316],
        "to": [12.94428, 16.47967, 9.58316],
        "rotation": {
            "angle": -45,
            "axis": "z",
            "origin": [6.913, 15.40585, 8]
        },
        "faces": {
            "north": {
                "uv": [1, 13, 2, 14],
                "texture": "#0"
            },
            "east": {
                "uv": [1, 13, 2, 14],
                "texture": "#0"
            },
            "south": {
                "uv": [1, 13, 2, 14],
                "texture": "#0"
            },
            "west": {
                "uv": [1, 13, 2, 14],
                "texture": "#0"
            },
            "up": {
                "uv": [1, 13, 2, 14],
                "rotation": 90,
                "texture": "#0"
            },
            "down": {
                "uv": [1, 13, 2, 14],
                "rotation": 270,
                "texture": "#0"
            }
        }
    }, {
        "from": [10.85612, 14.08986, 7.29316],
        "to": [12.89612, 16.64186, 9.58316],
        "rotation": {
            "angle": -22.5,
            "axis": "z",
            "origin": [6.913, 15.40585, 8]
        },
        "faces": {
            "north": {
                "uv": [1, 13, 2, 14],
                "texture": "#0"
            },
            "east": {
                "uv": [1, 13, 2, 14],
                "texture": "#0"
            },
            "south": {
                "uv": [1, 13, 2, 14],
                "texture": "#0"
            },
            "west": {
                "uv": [1, 13, 2, 14],
                "texture": "#0"
            },
            "up": {
                "uv": [1, 13, 2, 14],
                "rotation": 90,
                "texture": "#0"
            },
            "down": {
                "uv": [1, 13, 2, 14],
                "rotation": 270,
                "texture": "#0"
            }
        }
    }, {
        "from": [10.62368, 14.25814, 7.54316],
        "to": [12.91368, 17.76714, 9.33316],
        "rotation": {
            "angle": 0,
            "axis": "x",
            "origin": [6.913, 15.40585, 8]
        },
        "faces": {
            "north": {
                "uv": [1, 10, 2, 11],
                "texture": "#0"
            },
            "east": {
                "uv": [1, 10, 2, 11],
                "texture": "#0"
            },
            "south": {
                "uv": [1, 10, 2, 11],
                "texture": "#0"
            },
            "west": {
                "uv": [1, 10, 2, 11],
                "texture": "#0"
            },
            "up": {
                "uv": [1, 10, 2, 11],
                "rotation": 90,
                "texture": "#0"
            },
            "down": {
                "uv": [1, 10, 2, 11],
                "rotation": 270,
                "texture": "#0"
            }
        }
    }, {
        "from": [11.32053, 15.29103, 7.79316],
        "to": [13.36053, 18.44478, 9.08316],
        "rotation": {
            "angle": 22.5,
            "axis": "z",
            "origin": [6.913, 15.40585, 8]
        },
        "faces": {
            "north": {
                "uv": [1, 7, 2, 8],
                "texture": "#0"
            },
            "east": {
                "uv": [1, 7, 2, 8],
                "texture": "#0"
            },
            "south": {
                "uv": [1, 7, 2, 8],
                "texture": "#0"
            },
            "west": {
                "uv": [1, 7, 2, 8],
                "texture": "#0"
            },
            "up": {
                "uv": [1, 7, 2, 8],
                "rotation": 90,
                "texture": "#0"
            },
            "down": {
                "uv": [1, 7, 2, 8],
                "rotation": 270,
                "texture": "#0"
            }
        }
    }, {
        "from": [12.74268, 15.7461, 8.04316],
        "to": [14.03268, 16.6451, 8.83316],
        "rotation": {
            "angle": 45,
            "axis": "z",
            "origin": [6.913, 15.40585, 8]
        },
        "faces": {
            "north": {
                "uv": [1, 4, 2, 5],
                "texture": "#0"
            },
            "east": {
                "uv": [1, 4, 2, 5],
                "texture": "#0"
            },
            "south": {
                "uv": [1, 4, 2, 5],
                "texture": "#0"
            },
            "west": {
                "uv": [1, 4, 2, 5],
                "texture": "#0"
            },
            "up": {
                "uv": [1, 4, 2, 5],
                "rotation": 90,
                "texture": "#0"
            },
            "down": {
                "uv": [1, 4, 2, 5],
                "rotation": 270,
                "texture": "#0"
            }
        }
    }, {
        "from": [7.59367, 21.91782, 8.29316],
        "to": [8.49267, 22.45782, 8.58316],
        "rotation": {
            "angle": -22.5,
            "axis": "z",
            "origin": [6.913, 15.40585, 8]
        },
        "faces": {
            "north": {
                "uv": [1, 1, 2, 2],
                "texture": "#0"
            },
            "east": {
                "uv": [1, 1, 2, 2],
                "texture": "#0"
            },
            "south": {
                "uv": [1, 1, 2, 2],
                "texture": "#0"
            },
            "west": {
                "uv": [1, 1, 2, 2],
                "texture": "#0"
            },
            "up": {
                "uv": [1, 1, 2, 2],
                "rotation": 90,
                "texture": "#0"
            },
            "down": {
                "uv": [1, 1, 2, 2],
                "rotation": 270,
                "texture": "#0"
            }
        }
    }, {
        "from": [12.78965, 16.43566, 8.04316],
        "to": [13.68865, 17.47566, 8.83316],
        "rotation": {
            "angle": 45,
            "axis": "z",
            "origin": [6.913, 15.40585, 8]
        },
        "faces": {
            "north": {
                "uv": [1, 4, 2, 5],
                "texture": "#0"
            },
            "east": {
                "uv": [1, 4, 2, 5],
                "texture": "#0"
            },
            "south": {
                "uv": [1, 4, 2, 5],
                "texture": "#0"
            },
            "west": {
                "uv": [1, 4, 2, 5],
                "texture": "#0"
            },
            "up": {
                "uv": [1, 4, 2, 5],
                "rotation": 90,
                "texture": "#0"
            },
            "down": {
                "uv": [1, 4, 2, 5],
                "rotation": 270,
                "texture": "#0"
            }
        }
    }, {
        "from": [7.24964, 19.52476, 7.79316],
        "to": [9.28964, 21.62726, 9.08316],
        "rotation": {
            "angle": -22.5,
            "axis": "z",
            "origin": [6.913, 15.40585, 8]
        },
        "faces": {
            "north": {
                "uv": [1, 7, 2, 8],
                "texture": "#0"
            },
            "east": {
                "uv": [1, 7, 2, 8],
                "texture": "#0"
            },
            "south": {
                "uv": [1, 7, 2, 8],
                "texture": "#0"
            },
            "west": {
                "uv": [1, 7, 2, 8],
                "texture": "#0"
            },
            "up": {
                "uv": [1, 7, 2, 8],
                "rotation": 90,
                "texture": "#0"
            },
            "down": {
                "uv": [1, 7, 2, 8],
                "rotation": 270,
                "texture": "#0"
            }
        }
    }, {
        "from": [8.80025, 13.65215, 7.54316],
        "to": [11.09025, 19.0824, 9.33316],
        "rotation": {
            "angle": 0,
            "axis": "x",
            "origin": [6.913, 15.40585, 8]
        },
        "faces": {
            "north": {
                "uv": [1, 10, 2, 11],
                "texture": "#0"
            },
            "east": {
                "uv": [1, 10, 2, 11],
                "texture": "#0"
            },
            "south": {
                "uv": [1, 10, 2, 11],
                "texture": "#0"
            },
            "west": {
                "uv": [1, 10, 2, 11],
                "texture": "#0"
            },
            "up": {
                "uv": [1, 10, 2, 11],
                "rotation": 90,
                "texture": "#0"
            },
            "down": {
                "uv": [1, 10, 2, 11],
                "rotation": 270,
                "texture": "#0"
            }
        }
    }, {
        "from": [7.98548, 10.50417, 7.29316],
        "to": [10.25048, 13.06342, 9.58316],
        "rotation": {
            "angle": 22.5,
            "axis": "z",
            "origin": [6.913, 15.40585, 8]
        },
        "faces": {
            "north": {
                "uv": [1, 13, 2, 14],
                "texture": "#0"
            },
            "east": {
                "uv": [1, 13, 2, 14],
                "texture": "#0"
            },
            "south": {
                "uv": [1, 13, 2, 14],
                "texture": "#0"
            },
            "west": {
                "uv": [1, 13, 2, 14],
                "texture": "#0"
            },
            "up": {
                "uv": [1, 13, 2, 14],
                "rotation": 90,
                "texture": "#0"
            },
            "down": {
                "uv": [1, 13, 2, 14],
                "rotation": 270,
                "texture": "#0"
            }
        }
    }, {
        "from": [11.60363, 14.19993, 7.14316],
        "to": [12.09074, 14.83921, 7.88316],
        "rotation": {
            "angle": 45,
            "axis": "z",
            "origin": [6.913, 15.40585, 8]
        },
        "faces": {
            "north": {
                "uv": [4, 1, 5, 2],
                "texture": "#0"
            },
            "east": {
                "uv": [4, 1, 5, 2],
                "texture": "#0"
            },
            "south": {
                "uv": [4, 1, 5, 2],
                "texture": "#0"
            },
            "west": {
                "uv": [4, 1, 5, 2],
                "texture": "#0"
            },
            "up": {
                "uv": [4, 1, 5, 2],
                "rotation": 90,
                "texture": "#0"
            },
            "down": {
                "uv": [4, 1, 5, 2],
                "rotation": 270,
                "texture": "#0"
            }
        }
    }, {
        "from": [9.23154, 16.81834, 7.14316],
        "to": [10.07154, 19.52259, 7.88316],
        "rotation": {
            "angle": -22.5,
            "axis": "z",
            "origin": [6.913, 15.40585, 8]
        },
        "faces": {
            "north": {
                "uv": [4, 1, 5, 2],
                "texture": "#0"
            },
            "east": {
                "uv": [4, 1, 5, 2],
                "texture": "#0"
            },
            "south": {
                "uv": [4, 1, 5, 2],
                "texture": "#0"
            },
            "west": {
                "uv": [4, 1, 5, 2],
                "texture": "#0"
            },
            "up": {
                "uv": [4, 1, 5, 2],
                "rotation": 90,
                "texture": "#0"
            },
            "down": {
                "uv": [4, 1, 5, 2],
                "rotation": 270,
                "texture": "#0"
            }
        }
    }, {
        "from": [9.59559, 13.4238, 7.14316],
        "to": [11.11059, 15.82355, 7.88316],
        "rotation": {
            "angle": 0,
            "axis": "x",
            "origin": [6.913, 15.40585, 8]
        },
        "faces": {
            "north": {
                "uv": [4, 1, 5, 2],
                "texture": "#0"
            },
            "east": {
                "uv": [4, 1, 5, 2],
                "texture": "#0"
            },
            "south": {
                "uv": [4, 1, 5, 2],
                "texture": "#0"
            },
            "west": {
                "uv": [4, 1, 5, 2],
                "texture": "#0"
            },
            "up": {
                "uv": [4, 1, 5, 2],
                "rotation": 90,
                "texture": "#0"
            },
            "down": {
                "uv": [4, 1, 5, 2],
                "rotation": 270,
                "texture": "#0"
            }
        }
    }, {
        "from": [8.63289, 11.15609, 7.14316],
        "to": [9.37289, 12.54809, 7.88316],
        "rotation": {
            "angle": 22.5,
            "axis": "z",
            "origin": [6.913, 15.40585, 8]
        },
        "faces": {
            "north": {
                "uv": [4, 1, 5, 2],
                "texture": "#0"
            },
            "east": {
                "uv": [4, 1, 5, 2],
                "texture": "#0"
            },
            "south": {
                "uv": [4, 1, 5, 2],
                "texture": "#0"
            },
            "west": {
                "uv": [4, 1, 5, 2],
                "texture": "#0"
            },
            "up": {
                "uv": [4, 1, 5, 2],
                "rotation": 90,
                "texture": "#0"
            },
            "down": {
                "uv": [4, 1, 5, 2],
                "rotation": 270,
                "texture": "#0"
            }
        }
    }, {
        "from": [11.13418, 13.61696, 7.14316],
        "to": [11.63443, 14.20696, 7.88316],
        "rotation": {
            "angle": -22.5,
            "axis": "z",
            "origin": [6.913, 15.40585, 8]
        },
        "faces": {
            "north": {
                "uv": [4, 1, 5, 2],
                "texture": "#0"
            },
            "east": {
                "uv": [4, 1, 5, 2],
                "texture": "#0"
            },
            "south": {
                "uv": [4, 1, 5, 2],
                "texture": "#0"
            },
            "west": {
                "uv": [4, 1, 5, 2],
                "texture": "#0"
            },
            "up": {
                "uv": [4, 1, 5, 2],
                "rotation": 90,
                "texture": "#0"
            },
            "down": {
                "uv": [4, 1, 5, 2],
                "rotation": 270,
                "texture": "#0"
            }
        }
    }, {
        "from": [11.66961, 15.55995, 7.14316],
        "to": [11.95961, 16.0602, 7.88316],
        "rotation": {
            "angle": -45,
            "axis": "z",
            "origin": [6.913, 15.40585, 8]
        },
        "faces": {
            "north": {
                "uv": [4, 1, 5, 2],
                "texture": "#0"
            },
            "east": {
                "uv": [4, 1, 5, 2],
                "texture": "#0"
            },
            "south": {
                "uv": [4, 1, 5, 2],
                "texture": "#0"
            },
            "west": {
                "uv": [4, 1, 5, 2],
                "texture": "#0"
            },
            "up": {
                "uv": [4, 1, 5, 2],
                "rotation": 90,
                "texture": "#0"
            },
            "down": {
                "uv": [4, 1, 5, 2],
                "rotation": 270,
                "texture": "#0"
            }
        }
    }, {
        "from": [10.78586, 14.07914, 7.14316],
        "to": [11.82586, 16.43539, 7.88316],
        "rotation": {
            "angle": -22.5,
            "axis": "z",
            "origin": [6.913, 15.40585, 8]
        },
        "faces": {
            "north": {
                "uv": [4, 1, 5, 2],
                "texture": "#0"
            },
            "east": {
                "uv": [4, 1, 5, 2],
                "texture": "#0"
            },
            "south": {
                "uv": [4, 1, 5, 2],
                "texture": "#0"
            },
            "west": {
                "uv": [4, 1, 5, 2],
                "texture": "#0"
            },
            "up": {
                "uv": [4, 1, 5, 2],
                "rotation": 90,
                "texture": "#0"
            },
            "down": {
                "uv": [4, 1, 5, 2],
                "rotation": 270,
                "texture": "#0"
            }
        }
    }, {
        "from": [10.33088, 14.47695, 7.14316],
        "to": [11.84588, 17.20295, 7.88316],
        "rotation": {
            "angle": 0,
            "axis": "x",
            "origin": [6.913, 15.40585, 8]
        },
        "faces": {
            "north": {
                "uv": [4, 1, 5, 2],
                "texture": "#0"
            },
            "east": {
                "uv": [4, 1, 5, 2],
                "texture": "#0"
            },
            "south": {
                "uv": [4, 1, 5, 2],
                "texture": "#0"
            },
            "west": {
                "uv": [4, 1, 5, 2],
                "texture": "#0"
            },
            "up": {
                "uv": [4, 1, 5, 2],
                "rotation": 90,
                "texture": "#0"
            },
            "down": {
                "uv": [4, 1, 5, 2],
                "rotation": 270,
                "texture": "#0"
            }
        }
    }, {
        "from": [11.11811, 15.17842, 7.14316],
        "to": [12.15811, 16.27317, 7.88316],
        "rotation": {
            "angle": 22.5,
            "axis": "z",
            "origin": [6.913, 15.40585, 8]
        },
        "faces": {
            "north": {
                "uv": [4, 1, 5, 2],
                "texture": "#0"
            },
            "east": {
                "uv": [4, 1, 5, 2],
                "texture": "#0"
            },
            "south": {
                "uv": [4, 1, 5, 2],
                "texture": "#0"
            },
            "west": {
                "uv": [4, 1, 5, 2],
                "texture": "#0"
            },
            "up": {
                "uv": [4, 1, 5, 2],
                "rotation": 90,
                "texture": "#0"
            },
            "down": {
                "uv": [4, 1, 5, 2],
                "rotation": 270,
                "texture": "#0"
            }
        }
    }, {
        "from": [5.24087, 11.69356, 7.29316],
        "to": [6.80587, 12.49831, 9.58316],
        "rotation": {
            "angle": 0,
            "axis": "x",
            "origin": [6.913, 15.40585, 8]
        },
        "faces": {
            "north": {
                "uv": [1, 13, 2, 14],
                "texture": "#0"
            },
            "east": {
                "uv": [1, 13, 2, 14],
                "texture": "#0"
            },
            "south": {
                "uv": [1, 13, 2, 14],
                "texture": "#0"
            },
            "west": {
                "uv": [1, 13, 2, 14],
                "texture": "#0"
            },
            "up": {
                "uv": [1, 13, 2, 14],
                "rotation": 90,
                "texture": "#0"
            },
            "down": {
                "uv": [1, 13, 2, 14],
                "rotation": 270,
                "texture": "#0"
            }
        }
    }, {
        "from": [3.66135, 12.76063, 7.29316],
        "to": [5.70135, 15.31263, 9.58316],
        "rotation": {
            "angle": 22.5,
            "axis": "z",
            "origin": [6.913, 15.40585, 8]
        },
        "faces": {
            "north": {
                "uv": [1, 13, 2, 14],
                "texture": "#0"
            },
            "east": {
                "uv": [1, 13, 2, 14],
                "texture": "#0"
            },
            "south": {
                "uv": [1, 13, 2, 14],
                "texture": "#0"
            },
            "west": {
                "uv": [1, 13, 2, 14],
                "texture": "#0"
            },
            "up": {
                "uv": [1, 13, 2, 14],
                "rotation": 90,
                "texture": "#0"
            },
            "down": {
                "uv": [1, 13, 2, 14],
                "rotation": 270,
                "texture": "#0"
            }
        }
    }, {
        "from": [3.4679, 15.78341, 7.54316],
        "to": [5.7579, 19.29241, 9.33316],
        "rotation": {
            "angle": 45,
            "axis": "z",
            "origin": [6.913, 15.40585, 8]
        },
        "faces": {
            "north": {
                "uv": [1, 10, 2, 11],
                "texture": "#0"
            },
            "east": {
                "uv": [1, 10, 2, 11],
                "texture": "#0"
            },
            "south": {
                "uv": [1, 10, 2, 11],
                "texture": "#0"
            },
            "west": {
                "uv": [1, 10, 2, 11],
                "texture": "#0"
            },
            "up": {
                "uv": [1, 10, 2, 11],
                "rotation": 90,
                "texture": "#0"
            },
            "down": {
                "uv": [1, 10, 2, 11],
                "rotation": 270,
                "texture": "#0"
            }
        }
    }, {
        "from": [-0.27349, 13.78601, 7.79316],
        "to": [2.88026, 15.82601, 9.08316],
        "rotation": {
            "angle": -22.5,
            "axis": "z",
            "origin": [6.913, 15.40585, 8]
        },
        "faces": {
            "north": {
                "uv": [1, 7, 2, 8],
                "texture": "#0"
            },
            "east": {
                "uv": [1, 7, 2, 8],
                "texture": "#0"
            },
            "south": {
                "uv": [1, 7, 2, 8],
                "texture": "#0"
            },
            "west": {
                "uv": [1, 7, 2, 8],
                "texture": "#0"
            },
            "up": {
                "uv": [1, 7, 2, 8],
                "rotation": 90,
                "texture": "#0"
            },
            "down": {
                "uv": [1, 7, 2, 8],
                "rotation": 270,
                "texture": "#0"
            }
        }
    }, {
        "from": [-0.46467, 17.25418, 8.04316],
        "to": [0.43433, 18.54418, 8.83316],
        "rotation": {
            "angle": 0,
            "axis": "x",
            "origin": [6.913, 15.40585, 8]
        },
        "faces": {
            "north": {
                "uv": [1, 4, 2, 5],
                "texture": "#0"
            },
            "east": {
                "uv": [1, 4, 2, 5],
                "texture": "#0"
            },
            "south": {
                "uv": [1, 4, 2, 5],
                "texture": "#0"
            },
            "west": {
                "uv": [1, 4, 2, 5],
                "texture": "#0"
            },
            "up": {
                "uv": [1, 4, 2, 5],
                "rotation": 90,
                "texture": "#0"
            },
            "down": {
                "uv": [1, 4, 2, 5],
                "rotation": 270,
                "texture": "#0"
            }
        }
    }, {
        "from": [0.39891, 20.5886, 8.29316],
        "to": [1.29791, 21.1286, 8.58316],
        "rotation": {
            "angle": 22.5,
            "axis": "z",
            "origin": [6.913, 15.40585, 8]
        },
        "faces": {
            "north": {
                "uv": [1, 1, 2, 2],
                "texture": "#0"
            },
            "east": {
                "uv": [1, 1, 2, 2],
                "texture": "#0"
            },
            "south": {
                "uv": [1, 1, 2, 2],
                "texture": "#0"
            },
            "west": {
                "uv": [1, 1, 2, 2],
                "texture": "#0"
            },
            "up": {
                "uv": [1, 1, 2, 2],
                "rotation": 90,
                "texture": "#0"
            },
            "down": {
                "uv": [1, 1, 2, 2],
                "rotation": 270,
                "texture": "#0"
            }
        }
    }, {
        "from": [-1.29523, 17.30114, 8.04316],
        "to": [-0.25523, 18.20014, 8.83316],
        "rotation": {
            "angle": 0,
            "axis": "x",
            "origin": [6.913, 15.40585, 8]
        },
        "faces": {
            "north": {
                "uv": [1, 4, 2, 5],
                "texture": "#0"
            },
            "east": {
                "uv": [1, 4, 2, 5],
                "texture": "#0"
            },
            "south": {
                "uv": [1, 4, 2, 5],
                "texture": "#0"
            },
            "west": {
                "uv": [1, 4, 2, 5],
                "texture": "#0"
            },
            "up": {
                "uv": [1, 4, 2, 5],
                "rotation": 90,
                "texture": "#0"
            },
            "down": {
                "uv": [1, 4, 2, 5],
                "rotation": 270,
                "texture": "#0"
            }
        }
    }, {
        "from": [0.05488, 18.19553, 7.79316],
        "to": [2.09488, 20.29803, 9.08316],
        "rotation": {
            "angle": 22.5,
            "axis": "z",
            "origin": [6.913, 15.40585, 8]
        },
        "faces": {
            "north": {
                "uv": [1, 7, 2, 8],
                "texture": "#0"
            },
            "east": {
                "uv": [1, 7, 2, 8],
                "texture": "#0"
            },
            "south": {
                "uv": [1, 7, 2, 8],
                "texture": "#0"
            },
            "west": {
                "uv": [1, 7, 2, 8],
                "texture": "#0"
            },
            "up": {
                "uv": [1, 7, 2, 8],
                "rotation": 90,
                "texture": "#0"
            },
            "down": {
                "uv": [1, 7, 2, 8],
                "rotation": 270,
                "texture": "#0"
            }
        }
    }, {
        "from": [1.64448, 15.17742, 7.54316],
        "to": [3.93448, 20.60767, 9.33316],
        "rotation": {
            "angle": 45,
            "axis": "z",
            "origin": [6.913, 15.40585, 8]
        },
        "faces": {
            "north": {
                "uv": [1, 10, 2, 11],
                "texture": "#0"
            },
            "east": {
                "uv": [1, 10, 2, 11],
                "texture": "#0"
            },
            "south": {
                "uv": [1, 10, 2, 11],
                "texture": "#0"
            },
            "west": {
                "uv": [1, 10, 2, 11],
                "texture": "#0"
            },
            "up": {
                "uv": [1, 10, 2, 11],
                "rotation": 90,
                "texture": "#0"
            },
            "down": {
                "uv": [1, 10, 2, 11],
                "rotation": 270,
                "texture": "#0"
            }
        }
    }, {
        "from": [5.10787, 10.45096, 7.29316],
        "to": [7.66712, 12.71596, 9.58316],
        "rotation": {
            "angle": -22.5,
            "axis": "z",
            "origin": [6.913, 15.40585, 8]
        },
        "faces": {
            "north": {
                "uv": [1, 13, 2, 14],
                "texture": "#0"
            },
            "east": {
                "uv": [1, 13, 2, 14],
                "texture": "#0"
            },
            "south": {
                "uv": [1, 13, 2, 14],
                "texture": "#0"
            },
            "west": {
                "uv": [1, 13, 2, 14],
                "texture": "#0"
            },
            "up": {
                "uv": [1, 13, 2, 14],
                "rotation": 90,
                "texture": "#0"
            },
            "down": {
                "uv": [1, 13, 2, 14],
                "rotation": 270,
                "texture": "#0"
            }
        }
    }, {
        "from": [1.53568, 16.19567, 7.14316],
        "to": [2.17495, 16.68279, 7.88316],
        "rotation": {
            "angle": 0,
            "axis": "x",
            "origin": [6.913, 15.40585, 8]
        },
        "faces": {
            "north": {
                "uv": [4, 1, 5, 2],
                "texture": "#0"
            },
            "east": {
                "uv": [4, 1, 5, 2],
                "texture": "#0"
            },
            "south": {
                "uv": [4, 1, 5, 2],
                "texture": "#0"
            },
            "west": {
                "uv": [4, 1, 5, 2],
                "texture": "#0"
            },
            "up": {
                "uv": [4, 1, 5, 2],
                "rotation": 90,
                "texture": "#0"
            },
            "down": {
                "uv": [4, 1, 5, 2],
                "rotation": 270,
                "texture": "#0"
            }
        }
    }, {
        "from": [2.24725, 15.48911, 7.14316],
        "to": [3.08725, 18.19336, 7.88316],
        "rotation": {
            "angle": 22.5,
            "axis": "z",
            "origin": [6.913, 15.40585, 8]
        },
        "faces": {
            "north": {
                "uv": [4, 1, 5, 2],
                "texture": "#0"
            },
            "east": {
                "uv": [4, 1, 5, 2],
                "texture": "#0"
            },
            "south": {
                "uv": [4, 1, 5, 2],
                "texture": "#0"
            },
            "west": {
                "uv": [4, 1, 5, 2],
                "texture": "#0"
            },
            "up": {
                "uv": [4, 1, 5, 2],
                "rotation": 90,
                "texture": "#0"
            },
            "down": {
                "uv": [4, 1, 5, 2],
                "rotation": 270,
                "texture": "#0"
            }
        }
    }, {
        "from": [2.63426, 14.86853, 7.14316],
        "to": [4.14926, 17.26828, 7.88316],
        "rotation": {
            "angle": 45,
            "axis": "z",
            "origin": [6.913, 15.40585, 8]
        },
        "faces": {
            "north": {
                "uv": [4, 1, 5, 2],
                "texture": "#0"
            },
            "east": {
                "uv": [4, 1, 5, 2],
                "texture": "#0"
            },
            "south": {
                "uv": [4, 1, 5, 2],
                "texture": "#0"
            },
            "west": {
                "uv": [4, 1, 5, 2],
                "texture": "#0"
            },
            "up": {
                "uv": [4, 1, 5, 2],
                "rotation": 90,
                "texture": "#0"
            },
            "down": {
                "uv": [4, 1, 5, 2],
                "rotation": 270,
                "texture": "#0"
            }
        }
    }, {
        "from": [5.77203, 11.2472, 7.14316],
        "to": [7.16403, 11.9872, 7.88316],
        "rotation": {
            "angle": -22.5,
            "axis": "z",
            "origin": [6.913, 15.40585, 8]
        },
        "faces": {
            "north": {
                "uv": [4, 1, 5, 2],
                "texture": "#0"
            },
            "east": {
                "uv": [4, 1, 5, 2],
                "texture": "#0"
            },
            "south": {
                "uv": [4, 1, 5, 2],
                "texture": "#0"
            },
            "west": {
                "uv": [4, 1, 5, 2],
                "texture": "#0"
            },
            "up": {
                "uv": [4, 1, 5, 2],
                "rotation": 90,
                "texture": "#0"
            },
            "down": {
                "uv": [4, 1, 5, 2],
                "rotation": 270,
                "texture": "#0"
            }
        }
    }, {
        "from": [4.14989, 12.28774, 7.14316],
        "to": [4.65014, 12.87774, 7.88316],
        "rotation": {
            "angle": 22.5,
            "axis": "z",
            "origin": [6.913, 15.40585, 8]
        },
        "faces": {
            "north": {
                "uv": [4, 1, 5, 2],
                "texture": "#0"
            },
            "east": {
                "uv": [4, 1, 5, 2],
                "texture": "#0"
            },
            "south": {
                "uv": [4, 1, 5, 2],
                "texture": "#0"
            },
            "west": {
                "uv": [4, 1, 5, 2],
                "texture": "#0"
            },
            "up": {
                "uv": [4, 1, 5, 2],
                "rotation": 90,
                "texture": "#0"
            },
            "down": {
                "uv": [4, 1, 5, 2],
                "rotation": 270,
                "texture": "#0"
            }
        }
    }, {
        "from": [5.72564, 11.65913, 7.14316],
        "to": [6.01564, 12.15938, 7.88316],
        "rotation": {
            "angle": 0,
            "axis": "x",
            "origin": [6.913, 15.40585, 8]
        },
        "faces": {
            "north": {
                "uv": [4, 1, 5, 2],
                "texture": "#0"
            },
            "east": {
                "uv": [4, 1, 5, 2],
                "texture": "#0"
            },
            "south": {
                "uv": [4, 1, 5, 2],
                "texture": "#0"
            },
            "west": {
                "uv": [4, 1, 5, 2],
                "texture": "#0"
            },
            "up": {
                "uv": [4, 1, 5, 2],
                "rotation": 90,
                "texture": "#0"
            },
            "down": {
                "uv": [4, 1, 5, 2],
                "rotation": 270,
                "texture": "#0"
            }
        }
    }, {
        "from": [3.80158, 12.74991, 7.14316],
        "to": [4.84158, 15.10616, 7.88316],
        "rotation": {
            "angle": 22.5,
            "axis": "z",
            "origin": [6.913, 15.40585, 8]
        },
        "faces": {
            "north": {
                "uv": [4, 1, 5, 2],
                "texture": "#0"
            },
            "east": {
                "uv": [4, 1, 5, 2],
                "texture": "#0"
            },
            "south": {
                "uv": [4, 1, 5, 2],
                "texture": "#0"
            },
            "west": {
                "uv": [4, 1, 5, 2],
                "texture": "#0"
            },
            "up": {
                "uv": [4, 1, 5, 2],
                "rotation": 90,
                "texture": "#0"
            },
            "down": {
                "uv": [4, 1, 5, 2],
                "rotation": 270,
                "texture": "#0"
            }
        }
    }, {
        "from": [3.36956, 15.92167, 7.14316],
        "to": [4.88456, 18.64767, 7.88316],
        "rotation": {
            "angle": 45,
            "axis": "z",
            "origin": [6.913, 15.40585, 8]
        },
        "faces": {
            "north": {
                "uv": [4, 1, 5, 2],
                "texture": "#0"
            },
            "east": {
                "uv": [4, 1, 5, 2],
                "texture": "#0"
            },
            "south": {
                "uv": [4, 1, 5, 2],
                "texture": "#0"
            },
            "west": {
                "uv": [4, 1, 5, 2],
                "texture": "#0"
            },
            "up": {
                "uv": [4, 1, 5, 2],
                "rotation": 90,
                "texture": "#0"
            },
            "down": {
                "uv": [4, 1, 5, 2],
                "rotation": 270,
                "texture": "#0"
            }
        }
    }, {
        "from": [2.04695, 13.73241, 7.14316],
        "to": [3.1417, 14.77241, 7.88316],
        "rotation": {
            "angle": -22.5,
            "axis": "z",
            "origin": [6.913, 15.40585, 8]
        },
        "faces": {
            "north": {
                "uv": [4, 1, 5, 2],
                "texture": "#0"
            },
            "east": {
                "uv": [4, 1, 5, 2],
                "texture": "#0"
            },
            "south": {
                "uv": [4, 1, 5, 2],
                "texture": "#0"
            },
            "west": {
                "uv": [4, 1, 5, 2],
                "texture": "#0"
            },
            "up": {
                "uv": [4, 1, 5, 2],
                "rotation": 90,
                "texture": "#0"
            },
            "down": {
                "uv": [4, 1, 5, 2],
                "rotation": 270,
                "texture": "#0"
            }
        }
    }]
}