{
    "display": {
        "thirdperson_righthand": {
            "translation": [0, 2, 0],
            "scale": [0.25, 0.25, 0.25]
        },
        "thirdperson_lefthand": {
            "translation": [0, 2, 0],
            "scale": [0.25, 0.25, 0.25]
        },
        "firstperson_righthand": {
            "scale": [0.25, 0.25, 0.25]
        },
        "firstperson_lefthand": {
            "scale": [0.25, 0.25, 0.25]
        },
        "ground": {
            "scale": [0.25, 0.25, 0.25]
        },
        "gui": {
            "rotation": [30, -135, 0],
            "translation": [0, 1, 0],
            "scale": [0.8, 0.8, 0.8]
        },
        "head": {
            "translation": [0, 6.5, 0],
            "scale": [1.77, 1.77, 1.77]
        },
        "fixed": {
            "translation": [0, 0.5, 1]
        }
    },
    "texture_size": [64, 64],
    "textures": {
        "0": "item/hats/chocolate_bunny_hat",
        "particle": "item/hats/chocolate_bunny_hat"
    },
    "elements": [{
        "from": [3, 0, 4],
        "to": [4, 8, 12],
        "faces": {
            "north": {
                "uv": [13.5, 2, 13.75, 4],
                "texture": "#0"
            },
            "east": {
                "uv": [11.5, 2, 13.5, 4],
                "texture": "#0"
            },
            "south": {
                "uv": [15.75, 2, 16, 4],
                "texture": "#0"
            },
            "west": {
                "uv": [13.75, 2, 15.75, 4],
                "texture": "#0"
            },
            "up": {
                "uv": [13.75, 2, 13.5, 0],
                "texture": "#0"
            },
            "down": {
                "uv": [14, 0, 13.75, 2],
                "texture": "#0"
            }
        }
    }, {
        "from": [4, 8, 4],
        "to": [12, 9, 12],
        "faces": {
            "north": {
                "uv": [10, 6.75, 12, 7],
                "texture": "#0"
            },
            "east": {
                "uv": [8, 6.75, 10, 7],
                "texture": "#0"
            },
            "south": {
                "uv": [14, 6.75, 16, 7],
                "texture": "#0"
            },
            "west": {
                "uv": [12, 6.75, 14, 7],
                "texture": "#0"
            },
            "up": {
                "uv": [12, 6.75, 10, 4.75],
                "texture": "#0"
            },
            "down": {
                "uv": [14, 4.75, 12, 6.75],
                "texture": "#0"
            }
        }
    }, {
        "from": [9, 8, 6],
        "to": [13, 15, 8],
        "faces": {
            "north": {
                "uv": [0.5, 5.5, 1.5, 7.25],
                "texture": "#0"
            },
            "east": {
                "uv": [0, 5.5, 0.5, 7.25],
                "texture": "#0"
            },
            "south": {
                "uv": [2, 5.5, 3, 7.25],
                "texture": "#0"
            },
            "west": {
                "uv": [1.5, 5.5, 2, 7.25],
                "texture": "#0"
            },
            "up": {
                "uv": [1.5, 5.5, 0.5, 5],
                "texture": "#0"
            },
            "down": {
                "uv": [2.5, 5, 1.5, 5.5],
                "texture": "#0"
            }
        }
    }, {
        "from": [3, 8, 6],
        "to": [7, 15, 8],
        "faces": {
            "north": {
                "uv": [0.5, 5.5, 1.5, 7.25],
                "texture": "#0"
            },
            "east": {
                "uv": [0, 5.5, 0.5, 7.25],
                "texture": "#0"
            },
            "south": {
                "uv": [2, 5.5, 3, 7.25],
                "texture": "#0"
            },
            "west": {
                "uv": [1.5, 5.5, 2, 7.25],
                "texture": "#0"
            },
            "up": {
                "uv": [1.5, 5.5, 0.5, 5],
                "texture": "#0"
            },
            "down": {
                "uv": [2.5, 5, 1.5, 5.5],
                "texture": "#0"
            }
        }
    }, {
        "from": [4, 5, 3],
        "to": [12, 8, 4],
        "faces": {
            "north": {
                "uv": [8.5, 0.5, 10.5, 1.25],
                "texture": "#0"
            },
            "east": {
                "uv": [8.25, 0.5, 8.5, 1.25],
                "texture": "#0"
            },
            "south": {
                "uv": [10.75, 0.5, 12.75, 1.25],
                "texture": "#0"
            },
            "west": {
                "uv": [10.5, 0.5, 10.75, 1.25],
                "texture": "#0"
            },
            "up": {
                "uv": [10.5, 0.5, 8.5, 0.25],
                "texture": "#0"
            },
            "down": {
                "uv": [12.5, 0.25, 10.5, 0.5],
                "texture": "#0"
            }
        }
    }, {
        "from": [4, 0, 3],
        "to": [12, 3, 4],
        "faces": {
            "north": {
                "uv": [5.25, 2.25, 7.25, 3],
                "texture": "#0"
            },
            "east": {
                "uv": [5, 2.25, 5.25, 3],
                "texture": "#0"
            },
            "south": {
                "uv": [7.5, 2.25, 9.5, 3],
                "texture": "#0"
            },
            "west": {
                "uv": [7.25, 2.25, 7.5, 3],
                "texture": "#0"
            },
            "up": {
                "uv": [7.25, 2.25, 5.25, 2],
                "texture": "#0"
            },
            "down": {
                "uv": [9.25, 2, 7.25, 2.25],
                "texture": "#0"
            }
        }
    }, {
        "from": [7, 3, 3],
        "to": [9, 5, 4],
        "faces": {
            "north": {
                "uv": [10, 3.25, 10.5, 3.75],
                "texture": "#0"
            },
            "east": {
                "uv": [9.75, 3.25, 10, 3.75],
                "texture": "#0"
            },
            "south": {
                "uv": [10.75, 3.25, 11.25, 3.75],
                "texture": "#0"
            },
            "west": {
                "uv": [10.5, 3.25, 10.75, 3.75],
                "texture": "#0"
            },
            "up": {
                "uv": [10.5, 3.25, 10, 3],
                "texture": "#0"
            },
            "down": {
                "uv": [11, 3, 10.5, 3.25],
                "texture": "#0"
            }
        }
    }, {
        "from": [4, 0, 12],
        "to": [12, 8, 13],
        "faces": {
            "north": {
                "uv": [0.25, 8.5, 2.25, 10.5],
                "texture": "#0"
            },
            "east": {
                "uv": [0, 8.5, 0.25, 10.5],
                "texture": "#0"
            },
            "south": {
                "uv": [2.5, 8.5, 4.5, 10.5],
                "texture": "#0"
            },
            "west": {
                "uv": [2.25, 8.5, 2.5, 10.5],
                "texture": "#0"
            },
            "up": {
                "uv": [2.25, 8.5, 0.25, 8.25],
                "texture": "#0"
            },
            "down": {
                "uv": [4.25, 8.25, 2.25, 8.5],
                "texture": "#0"
            }
        }
    }, {
        "from": [12, 0, 4],
        "to": [13, 8, 12],
        "faces": {
            "north": {
                "uv": [13.5, 2, 13.75, 4],
                "texture": "#0"
            },
            "east": {
                "uv": [11.5, 2, 13.5, 4],
                "texture": "#0"
            },
            "south": {
                "uv": [15.75, 2, 16, 4],
                "texture": "#0"
            },
            "west": {
                "uv": [13.75, 2, 15.75, 4],
                "texture": "#0"
            },
            "up": {
                "uv": [13.75, 2, 13.5, 0],
                "texture": "#0"
            },
            "down": {
                "uv": [14, 0, 13.75, 2],
                "texture": "#0"
            }
        }
    }]
}