{
    "display": {
        "thirdperson_righthand": {
            "translation": [0, -1.5, 1.75],
            "scale": [0.5, 0.5, 0.5]
        },
        "thirdperson_lefthand": {
            "translation": [0, -1.5, 1.75],
            "scale": [0.5, 0.5, 0.5]
        },
        "firstperson_righthand": {
            "scale": [0.5, 0.5, 0.5]
        },
        "firstperson_lefthand": {
            "scale": [0.5, 0.5, 0.5]
        },
        "ground": {
            "translation": [0, 3, 0],
            "scale": [0.5, 0.5, 0.5]
        },
        "gui": {
            "rotation": [30, 225, 0],
            "translation": [0, -10.75, 0],
            "scale": [2, 2, 2]
        },
        "head": {
            "translation": [0, 0.25, 0],
            "scale": [1.7, 1.7, 1.7]
        },
        "fixed": {
            "rotation": [-90, 0, 0],
            "translation": [0, 0, 5],
            "scale": [2, 2, 2]
        }
    },
    "textures": {
        "0": "item/hats/halo",
        "particle": "item/hats/halo"
    },
    "elements": [{
        "name": "hexadecagon",
        "from": [7.40326, 13.725, 5],
        "to": [8.59674, 14.475, 5.75],
        "rotation": {
            "angle": -45,
            "axis": "y",
            "origin": [8, 14.225, 8]
        },
        "faces": {
            "north": {
                "uv": [1, 1, 2, 2],
                "texture": "#0"
            },
            "east": {
                "uv": [1, 1, 2, 2],
                "texture": "#0"
            },
            "south": {
                "uv": [1, 1, 2, 2],
                "texture": "#0"
            },
            "west": {
                "uv": [1, 1, 2, 2],
                "texture": "#0"
            },
            "up": {
                "uv": [1, 1, 2, 2],
                "texture": "#0"
            },
            "down": {
                "uv": [1, 1, 2, 2],
                "texture": "#0"
            }
        }
    }, {
        "name": "hexadecagon",
        "from": [7.40326, 13.725, 5],
        "to": [8.59674, 14.475, 5.75],
        "rotation": {
            "angle": -22.5,
            "axis": "y",
            "origin": [8, 14.225, 8]
        },
        "faces": {
            "north": {
                "uv": [1, 1, 2, 2],
                "texture": "#0"
            },
            "east": {
                "uv": [1, 1, 2, 2],
                "texture": "#0"
            },
            "south": {
                "uv": [1, 1, 2, 2],
                "texture": "#0"
            },
            "west": {
                "uv": [1, 1, 2, 2],
                "texture": "#0"
            },
            "up": {
                "uv": [1, 1, 2, 2],
                "texture": "#0"
            },
            "down": {
                "uv": [1, 1, 2, 2],
                "texture": "#0"
            }
        }
    }, {
        "name": "hexadecagon",
        "from": [7.40326, 13.725, 5],
        "to": [8.59674, 14.475, 5.75],
        "rotation": {
            "angle": 0,
            "axis": "y",
            "origin": [8, 14.225, 8]
        },
        "faces": {
            "north": {
                "uv": [1, 1, 2, 2],
                "texture": "#0"
            },
            "east": {
                "uv": [1, 1, 2, 2],
                "texture": "#0"
            },
            "south": {
                "uv": [1, 1, 2, 2],
                "texture": "#0"
            },
            "west": {
                "uv": [1, 1, 2, 2],
                "texture": "#0"
            },
            "up": {
                "uv": [1, 1, 2, 2],
                "texture": "#0"
            },
            "down": {
                "uv": [1, 1, 2, 2],
                "texture": "#0"
            }
        }
    }, {
        "name": "hexadecagon",
        "from": [7.40326, 13.725, 5],
        "to": [8.59674, 14.475, 5.75],
        "rotation": {
            "angle": 22.5,
            "axis": "y",
            "origin": [8, 14.225, 8]
        },
        "faces": {
            "north": {
                "uv": [1, 1, 2, 2],
                "texture": "#0"
            },
            "east": {
                "uv": [1, 1, 2, 2],
                "texture": "#0"
            },
            "south": {
                "uv": [1, 1, 2, 2],
                "texture": "#0"
            },
            "west": {
                "uv": [1, 1, 2, 2],
                "texture": "#0"
            },
            "up": {
                "uv": [1, 1, 2, 2],
                "texture": "#0"
            },
            "down": {
                "uv": [1, 1, 2, 2],
                "texture": "#0"
            }
        }
    }, {
        "name": "hexadecagon",
        "from": [7.40326, 13.725, 5],
        "to": [8.59674, 14.475, 5.75],
        "rotation": {
            "angle": 45,
            "axis": "y",
            "origin": [8, 14.225, 8]
        },
        "faces": {
            "north": {
                "uv": [1, 1, 2, 2],
                "texture": "#0"
            },
            "east": {
                "uv": [1, 1, 2, 2],
                "texture": "#0"
            },
            "south": {
                "uv": [1, 1, 2, 2],
                "texture": "#0"
            },
            "west": {
                "uv": [1, 1, 2, 2],
                "texture": "#0"
            },
            "up": {
                "uv": [1, 1, 2, 2],
                "texture": "#0"
            },
            "down": {
                "uv": [1, 1, 2, 2],
                "texture": "#0"
            }
        }
    }, {
        "name": "hexadecagon",
        "from": [7.40326, 13.725, 10.25],
        "to": [8.59674, 14.475, 11],
        "rotation": {
            "angle": -45,
            "axis": "y",
            "origin": [8, 14.225, 8]
        },
        "faces": {
            "north": {
                "uv": [1, 1, 2, 2],
                "texture": "#0"
            },
            "east": {
                "uv": [1, 1, 2, 2],
                "texture": "#0"
            },
            "south": {
                "uv": [1, 1, 2, 2],
                "texture": "#0"
            },
            "west": {
                "uv": [1, 1, 2, 2],
                "texture": "#0"
            },
            "up": {
                "uv": [1, 1, 2, 2],
                "texture": "#0"
            },
            "down": {
                "uv": [1, 1, 2, 2],
                "texture": "#0"
            }
        }
    }, {
        "name": "hexadecagon",
        "from": [7.40326, 13.725, 10.25],
        "to": [8.59674, 14.475, 11],
        "rotation": {
            "angle": -22.5,
            "axis": "y",
            "origin": [8, 14.225, 8]
        },
        "faces": {
            "north": {
                "uv": [1, 1, 2, 2],
                "texture": "#0"
            },
            "east": {
                "uv": [1, 1, 2, 2],
                "texture": "#0"
            },
            "south": {
                "uv": [1, 1, 2, 2],
                "texture": "#0"
            },
            "west": {
                "uv": [1, 1, 2, 2],
                "texture": "#0"
            },
            "up": {
                "uv": [1, 1, 2, 2],
                "texture": "#0"
            },
            "down": {
                "uv": [1, 1, 2, 2],
                "texture": "#0"
            }
        }
    }, {
        "name": "hexadecagon",
        "from": [7.40326, 13.725, 10.25],
        "to": [8.59674, 14.475, 11],
        "rotation": {
            "angle": 0,
            "axis": "y",
            "origin": [8, 14.225, 8]
        },
        "faces": {
            "north": {
                "uv": [1, 1, 2, 2],
                "texture": "#0"
            },
            "east": {
                "uv": [1, 1, 2, 2],
                "texture": "#0"
            },
            "south": {
                "uv": [1, 1, 2, 2],
                "texture": "#0"
            },
            "west": {
                "uv": [1, 1, 2, 2],
                "texture": "#0"
            },
            "up": {
                "uv": [1, 1, 2, 2],
                "texture": "#0"
            },
            "down": {
                "uv": [1, 1, 2, 2],
                "texture": "#0"
            }
        }
    }, {
        "name": "hexadecagon",
        "from": [7.40326, 13.725, 10.25],
        "to": [8.59674, 14.475, 11],
        "rotation": {
            "angle": 22.5,
            "axis": "y",
            "origin": [8, 14.225, 8]
        },
        "faces": {
            "north": {
                "uv": [1, 1, 2, 2],
                "texture": "#0"
            },
            "east": {
                "uv": [1, 1, 2, 2],
                "texture": "#0"
            },
            "south": {
                "uv": [1, 1, 2, 2],
                "texture": "#0"
            },
            "west": {
                "uv": [1, 1, 2, 2],
                "texture": "#0"
            },
            "up": {
                "uv": [1, 1, 2, 2],
                "texture": "#0"
            },
            "down": {
                "uv": [1, 1, 2, 2],
                "texture": "#0"
            }
        }
    }, {
        "name": "hexadecagon",
        "from": [7.40326, 13.725, 10.25],
        "to": [8.59674, 14.475, 11],
        "rotation": {
            "angle": 45,
            "axis": "y",
            "origin": [8, 14.225, 8]
        },
        "faces": {
            "north": {
                "uv": [1, 1, 2, 2],
                "texture": "#0"
            },
            "east": {
                "uv": [1, 1, 2, 2],
                "texture": "#0"
            },
            "south": {
                "uv": [1, 1, 2, 2],
                "texture": "#0"
            },
            "west": {
                "uv": [1, 1, 2, 2],
                "texture": "#0"
            },
            "up": {
                "uv": [1, 1, 2, 2],
                "texture": "#0"
            },
            "down": {
                "uv": [1, 1, 2, 2],
                "texture": "#0"
            }
        }
    }, {
        "name": "hexadecagon",
        "from": [5, 13.725, 7.40326],
        "to": [5.75, 14.475, 8.59674],
        "rotation": {
            "angle": -22.5,
            "axis": "y",
            "origin": [8, 14.225, 8]
        },
        "faces": {
            "north": {
                "uv": [1, 1, 2, 2],
                "texture": "#0"
            },
            "east": {
                "uv": [1, 1, 2, 2],
                "texture": "#0"
            },
            "south": {
                "uv": [1, 1, 2, 2],
                "texture": "#0"
            },
            "west": {
                "uv": [1, 1, 2, 2],
                "texture": "#0"
            },
            "up": {
                "uv": [1, 1, 2, 2],
                "texture": "#0"
            },
            "down": {
                "uv": [1, 1, 2, 2],
                "texture": "#0"
            }
        }
    }, {
        "name": "hexadecagon",
        "from": [5, 13.725, 7.40326],
        "to": [5.75, 14.475, 8.59674],
        "rotation": {
            "angle": 0,
            "axis": "y",
            "origin": [8, 14.225, 8]
        },
        "faces": {
            "north": {
                "uv": [1, 1, 2, 2],
                "texture": "#0"
            },
            "east": {
                "uv": [1, 1, 2, 2],
                "texture": "#0"
            },
            "south": {
                "uv": [1, 1, 2, 2],
                "texture": "#0"
            },
            "west": {
                "uv": [1, 1, 2, 2],
                "texture": "#0"
            },
            "up": {
                "uv": [1, 1, 2, 2],
                "texture": "#0"
            },
            "down": {
                "uv": [1, 1, 2, 2],
                "texture": "#0"
            }
        }
    }, {
        "name": "hexadecagon",
        "from": [5, 13.725, 7.40326],
        "to": [5.75, 14.475, 8.59674],
        "rotation": {
            "angle": 22.5,
            "axis": "y",
            "origin": [8, 14.225, 8]
        },
        "faces": {
            "north": {
                "uv": [1, 1, 2, 2],
                "texture": "#0"
            },
            "east": {
                "uv": [1, 1, 2, 2],
                "texture": "#0"
            },
            "south": {
                "uv": [1, 1, 2, 2],
                "texture": "#0"
            },
            "west": {
                "uv": [1, 1, 2, 2],
                "texture": "#0"
            },
            "up": {
                "uv": [1, 1, 2, 2],
                "texture": "#0"
            },
            "down": {
                "uv": [1, 1, 2, 2],
                "texture": "#0"
            }
        }
    }, {
        "name": "hexadecagon",
        "from": [10.25, 13.725, 7.40326],
        "to": [11, 14.475, 8.59674],
        "rotation": {
            "angle": -22.5,
            "axis": "y",
            "origin": [8, 14.225, 8]
        },
        "faces": {
            "north": {
                "uv": [1, 1, 2, 2],
                "texture": "#0"
            },
            "east": {
                "uv": [1, 1, 2, 2],
                "texture": "#0"
            },
            "south": {
                "uv": [1, 1, 2, 2],
                "texture": "#0"
            },
            "west": {
                "uv": [1, 1, 2, 2],
                "texture": "#0"
            },
            "up": {
                "uv": [1, 1, 2, 2],
                "texture": "#0"
            },
            "down": {
                "uv": [1, 1, 2, 2],
                "texture": "#0"
            }
        }
    }, {
        "name": "hexadecagon",
        "from": [10.25, 13.725, 7.40326],
        "to": [11, 14.475, 8.59674],
        "rotation": {
            "angle": 0,
            "axis": "y",
            "origin": [8, 14.225, 8]
        },
        "faces": {
            "north": {
                "uv": [1, 1, 2, 2],
                "texture": "#0"
            },
            "east": {
                "uv": [1, 1, 2, 2],
                "texture": "#0"
            },
            "south": {
                "uv": [1, 1, 2, 2],
                "texture": "#0"
            },
            "west": {
                "uv": [1, 1, 2, 2],
                "texture": "#0"
            },
            "up": {
                "uv": [1, 1, 2, 2],
                "texture": "#0"
            },
            "down": {
                "uv": [1, 1, 2, 2],
                "texture": "#0"
            }
        }
    }, {
        "name": "hexadecagon",
        "from": [10.25, 13.725, 7.40326],
        "to": [11, 14.475, 8.59674],
        "rotation": {
            "angle": 22.5,
            "axis": "y",
            "origin": [8, 14.225, 8]
        },
        "faces": {
            "north": {
                "uv": [1, 1, 2, 2],
                "texture": "#0"
            },
            "east": {
                "uv": [1, 1, 2, 2],
                "texture": "#0"
            },
            "south": {
                "uv": [1, 1, 2, 2],
                "texture": "#0"
            },
            "west": {
                "uv": [1, 1, 2, 2],
                "texture": "#0"
            },
            "up": {
                "uv": [1, 1, 2, 2],
                "texture": "#0"
            },
            "down": {
                "uv": [1, 1, 2, 2],
                "texture": "#0"
            }
        }
    }]
}