{
	"credit": "magic_store_official",
	"texture_size": [64, 64],
	"textures": {
		"0": "item/hats/leprechaun_hat/leprechaun_hat",
		"particle": "item/hats/leprechaun_hat/leprechaun_hat"
	},
	"elements": [
		{
			"from": [3.5416, 0, 3.4416],
			"to": [12.5416, 6, 12.4416],
			"rotation": {"angle": 0, "axis": "y", "origin": [8.0416, 3.91515, 6.25]},
			"faces": {
				"north": {"uv": [2.25, 9, 4.5, 10.5], "texture": "#0"},
				"east": {"uv": [2.25, 9, 4.5, 10.5], "texture": "#0"},
				"south": {"uv": [2.25, 9, 4.5, 10.5], "texture": "#0"},
				"west": {"uv": [2.25, 9, 4.5, 10.5], "texture": "#0"}
			}
		},
		{
			"from": [2.0416, 4.29835, 1.8083],
			"to": [14.0416, 13.29835, 13.8083],
			"rotation": {"angle": 22.5, "axis": "x", "origin": [8.0416, 3.91515, 6.25]},
			"faces": {
				"north": {"uv": [7.5, 2.25, 10.5, 4.5], "texture": "#0"},
				"east": {"uv": [7.5, 2.25, 10.5, 4.5], "texture": "#0"},
				"south": {"uv": [7.5, 2.25, 10.5, 4.5], "texture": "#0"},
				"west": {"uv": [7.5, 2.25, 10.5, 4.5], "texture": "#0"},
				"up": {"uv": [7.5, 3, 4.5, 0], "rotation": 270, "texture": "#0"},
				"down": {"uv": [7.5, 3, 4.5, 6], "rotation": 90, "texture": "#0"}
			}
		},
		{
			"from": [-0.9584, 0, -1.0584],
			"to": [17.0416, 0, 16.9416],
			"rotation": {"angle": 0, "axis": "y", "origin": [8.0416, 3.91515, 6.25]},
			"faces": {
				"north": {"uv": [0, 0, 4.5, 0], "texture": "#0"},
				"east": {"uv": [0, 0, 4.5, 0], "texture": "#0"},
				"south": {"uv": [0, 0, 4.5, 0], "texture": "#0"},
				"west": {"uv": [0, 0, 4.5, 0], "texture": "#0"},
				"up": {"uv": [4.5, 4.5, 0, 0], "rotation": 270, "texture": "#0"},
				"down": {"uv": [4.5, 4.5, 0, 0], "rotation": 90, "texture": "#0"}
			}
		},
		{
			"from": [3.4416, 1, 3.3416],
			"to": [12.6416, 3, 12.5416],
			"rotation": {"angle": 0, "axis": "y", "origin": [8.0416, 3.91515, 6.25]},
			"faces": {
				"north": {"uv": [0, 9, 2.25, 9.5], "texture": "#0"},
				"east": {"uv": [0, 9, 2.25, 9.5], "texture": "#0"},
				"south": {"uv": [0, 9, 2.25, 9.5], "texture": "#0"},
				"west": {"uv": [0, 9, 2.25, 9.5], "texture": "#0"}
			}
		},
		{
			"from": [6.0416, 0, 2.4416],
			"to": [10.0416, 4, 3.4416],
			"rotation": {"angle": 0, "axis": "y", "origin": [8.0416, 3.91515, 6.25]},
			"faces": {
				"north": {"uv": [1, 9.5, 2, 10.5], "rotation": 90, "texture": "#0"},
				"east": {"uv": [0, 9.5, 1, 9.75], "rotation": 90, "texture": "#0"},
				"south": {"uv": [0, 0, 1, 1], "texture": "#missing"},
				"west": {"uv": [0, 9.5, 1, 9.75], "rotation": 90, "texture": "#0"},
				"up": {"uv": [1, 9.5, 1.25, 10.5], "rotation": 270, "texture": "#0"}
			}
		},
		{
			"from": [17, -6, 2.5],
			"to": [17, 0, 3.5],
			"rotation": {"angle": 0, "axis": "y", "origin": [16.6, -5, 4]},
			"faces": {
				"east": {"uv": [2.25, 11, 2, 9.5], "texture": "#0"},
				"west": {"uv": [2.25, 11, 2, 9.5], "texture": "#0"}
			}
		},
		{
			"from": [17, -8, 2],
			"to": [17, -6, 4],
			"rotation": {"angle": 0, "axis": "y", "origin": [16.6, -5, 4]},
			"faces": {
				"east": {"uv": [1, 10.25, 0.5, 9.75], "texture": "#0"},
				"west": {"uv": [0.5, 10.25, 1, 9.75], "texture": "#0"}
			}
		}
	],
	"display": {
		"thirdperson_righthand": {
			"translation": [0, 2, 0],
			"scale": [0.45, 0.45, 0.45]
		},
		"thirdperson_lefthand": {
			"translation": [0, 2, 0],
			"scale": [0.45, 0.45, 0.45]
		},
		"firstperson_righthand": {
			"rotation": [0, 20.75, 0],
			"translation": [3, 4, 0],
			"scale": [0.7, 0.7, 0.7]
		},
		"firstperson_lefthand": {
			"rotation": [0, 20.75, 0],
			"translation": [3, 4, 0],
			"scale": [0.7, 0.7, 0.7]
		},
		"ground": {
			"scale": [0.5, 0.5, 0.5]
		},
		"gui": {
			"rotation": [30, 135, 0],
			"translation": [0, 1.75, 0],
			"scale": [0.85, 0.85, 0.85]
		},
		"head": {
			"translation": [0, 14.75, 0],
			"scale": [1.6, 1.6, 1.6]
		},
		"fixed": {
			"translation": [0, 3.25, 0]
		}
	}
}