{
	"credit": "Made with Blockbench",
	"texture_size": [64, 64],
	"textures": {
		"1": "item/hats/pirate_hat/pirate_hat",
		"2": "item/hats/pirate_hat/pirate_animation",
		"particle": "item/hats/pirate_hat/pirate_animation"
	},
	"elements": [
		{
			"from": [-0.5, 0, -0.5],
			"to": [16.5, 7, -0.5],
			"faces": {
				"north": {"uv": [0, 0, 4.25, 1.75], "texture": "#1"},
				"east": {"uv": [0, 1.75, 4.25, 3.5], "texture": "#1"},
				"south": {"uv": [4.25, 0, 0, 1.75], "texture": "#1"},
				"west": {"uv": [4.25, 0, 8.5, 1.75], "texture": "#1"}
			}
		},
		{
			"from": [-0.5, 0, 16.5],
			"to": [16.5, 7, 16.5],
			"faces": {
				"north": {"uv": [4.25, 3.5, 0, 5.25], "texture": "#1"},
				"east": {"uv": [0, 1.75, 4.25, 3.5], "texture": "#1"},
				"south": {"uv": [0, 3.5, 4.25, 5.25], "texture": "#1"},
				"west": {"uv": [4.25, 0, 8.5, 1.75], "texture": "#1"}
			}
		},
		{
			"from": [-0.5, 0, -0.5],
			"to": [-0.5, 7, 16.5],
			"faces": {
				"north": {"uv": [0, 0, 4.25, 1.75], "texture": "#1"},
				"east": {"uv": [8.5, 0, 4.25, 1.75], "texture": "#1"},
				"south": {"uv": [0, 3.5, 4.25, 5.25], "texture": "#1"},
				"west": {"uv": [4.25, 0, 8.5, 1.75], "texture": "#1"}
			}
		},
		{
			"from": [16.5, 0, -0.5],
			"to": [16.5, 7, 16.5],
			"faces": {
				"north": {"uv": [0, 0, 4.25, 1.75], "texture": "#1"},
				"east": {"uv": [0, 1.75, 4.25, 3.5], "texture": "#1"},
				"south": {"uv": [0, 3.5, 4.25, 5.25], "texture": "#1"},
				"west": {"uv": [4.25, 1.75, 0, 3.5], "texture": "#1"}
			}
		},
		{
			"from": [7, -16, 18],
			"to": [15, 0, 18],
			"rotation": {"angle": 0, "axis": "y", "origin": [8, 0, 8]},
			"faces": {
				"north": {"uv": [16, 0, 8, 16], "texture": "#2"},
				"east": {"uv": [0, 0, 0, 3.75], "texture": "#1"},
				"south": {"uv": [8, 0, 16, 16], "texture": "#2"},
				"west": {"uv": [0, 0, 0, 3.75], "texture": "#1"},
				"up": {"uv": [0, 1.25, 0, 0], "rotation": 90, "texture": "#1"}
			}
		},
		{
			"from": [0.5, -8, 18],
			"to": [8.5, 0, 18],
			"rotation": {"angle": 0, "axis": "y", "origin": [8, 0, 8]},
			"faces": {
				"north": {"uv": [8, 0, 0, 8], "texture": "#2"},
				"east": {"uv": [0, 0, 0, 1.5], "texture": "#1"},
				"south": {"uv": [0, 0, 8, 8], "texture": "#2"},
				"west": {"uv": [0, 0, 0, 1.5], "texture": "#1"},
				"up": {"uv": [0, 1.25, 0, 0], "rotation": 90, "texture": "#1"}
			}
		},
		{
			"from": [4, -1.25, -0.75],
			"to": [12, 6.75, -0.75],
			"rotation": {"angle": 0, "axis": "y", "origin": [8, 0, 8]},
			"faces": {
				"north": {"uv": [8, 8, 0, 16], "texture": "#2"},
				"east": {"uv": [0, 0, 0, 1.5], "texture": "#1"},
				"south": {"uv": [0, 8, 8, 16], "texture": "#2"},
				"west": {"uv": [0, 0, 0, 1.5], "texture": "#1"},
				"up": {"uv": [0, 1.25, 0, 0], "rotation": 90, "texture": "#1"}
			}
		},
		{
			"from": [5.5, 0, 16],
			"to": [10.5, 3, 19],
			"rotation": {"angle": 0, "axis": "y", "origin": [8, 0, 8]},
			"faces": {
				"north": {"uv": [5.5, 2.5, 6.75, 3.25], "texture": "#1"},
				"east": {"uv": [3.75, 5.5, 4.5, 6.25], "texture": "#1"},
				"south": {"uv": [5.5, 1.75, 6.75, 2.5], "texture": "#1"},
				"west": {"uv": [4.5, 5.5, 5.25, 6.25], "texture": "#1"},
				"up": {"uv": [6.25, 4.5, 5.5, 3.25], "rotation": 90, "texture": "#1"},
				"down": {"uv": [6.25, 3.25, 5.5, 4.5], "rotation": 90, "texture": "#1"}
			}
		}
	],
	"display": {
		"thirdperson_righthand": {
			"rotation": [0, -90, 0],
			"translation": [0, 2.25, 1.5],
			"scale": [0.3, 0.3, 0.3]
		},
		"thirdperson_lefthand": {
			"rotation": [0, -90, 0],
			"translation": [0, 2.25, 1.5],
			"scale": [0.3, 0.3, 0.3]
		},
		"firstperson_righthand": {
			"rotation": [0, -90, 0],
			"translation": [0, 2.25, 1.5],
			"scale": [0.3, 0.3, 0.3]
		},
		"firstperson_lefthand": {
			"rotation": [0, 90, 0],
			"translation": [0, 2.25, 1.5],
			"scale": [0.3, 0.3, 0.3]
		},
		"ground": {
			"translation": [0, 1, 0],
			"scale": [0.5, 0.5, 0.5]
		},
		"gui": {
			"rotation": [30, -135, 0],
			"translation": [-0.25, 3.5, -0.25],
			"scale": [0.6, 0.6, 0.6]
		},
		"head": {
			"translation": [0, 7.25, 0],
			"scale": [0.9, 0.9, 0.9]
		},
		"fixed": {
			"translation": [0.25, 4, -0.25],
			"scale": [0.75, 0.75, 0.75]
		}
	},
	"groups": [
		0,
		1,
		2,
		3,
		{
			"name": "group",
			"origin": [0, 0, 0],
			"color": 0,
			"children": [4, 5, 6, 7]
		}
	]
}