{
    "display": {
        "thirdperson_righthand": {
            "rotation": [0, -90, 0],
            "translation": [0.75, 1.75, 4.5]
        },
        "thirdperson_lefthand": {
            "rotation": [0, -90, 0],
            "translation": [0.75, 1.75, -2.25]
        },
        "firstperson_righthand": {
            "rotation": [0, -90, 0],
            "translation": [0, 2.25, -2]
        },
        "firstperson_lefthand": {
            "rotation": [0, 90, 0],
            "translation": [0, 1.75, -2.25]
        },
        "ground": {
            "translation": [5, 0.75, 0]
        },
        "gui": {
            "rotation": [30, 225, 0],
            "translation": [-2.75, -5, 0]
        },
        "head": {
            "rotation": [0, 90, 0],
            "translation": [-0.75, 0, -6.5],
            "scale": [1.6, 1.6, 1.6]
        },
        "fixed": {
            "rotation": [0, 90, 0],
            "translation": [0, -0.5, -5.75]
        }
    },
    "textures": {
        "2": "item/hats/pumpkin_beanie"
    },
    "elements": [{
        "from": [-1, 9.5, 3.5],
        "to": [9, 11.5, 13.5],
        "rotation": {
            "angle": 0,
            "axis": "y",
            "origin": [-24, -5.5, -28.5]
        },
        "faces": {
            "north": {
                "uv": [0, 15.5, 2.5, 16],
                "texture": "#2"
            },
            "east": {
                "uv": [0, 15.5, 2.5, 16],
                "texture": "#2"
            },
            "south": {
                "uv": [0, 15.5, 2.5, 16],
                "texture": "#2"
            },
            "west": {
                "uv": [0, 15.5, 2.5, 16],
                "texture": "#2"
            },
            "up": {
                "uv": [3.5, 13.5, 6, 16],
                "texture": "#2"
            },
            "down": {
                "uv": [3.5, 13.5, 6, 16],
                "texture": "#2"
            }
        }
    }, {
        "from": [-0.5, 11.5, 4],
        "to": [8.5, 14.5, 13],
        "rotation": {
            "angle": 0,
            "axis": "y",
            "origin": [-24, -5.5, -28.5]
        },
        "faces": {
            "north": {
                "uv": [0, 14.5, 2.25, 15.25],
                "texture": "#2"
            },
            "east": {
                "uv": [0, 14.5, 2.25, 15.25],
                "texture": "#2"
            },
            "south": {
                "uv": [0, 14.5, 2.25, 15.25],
                "texture": "#2"
            },
            "west": {
                "uv": [0, 14.5, 2.25, 15.25],
                "texture": "#2"
            },
            "up": {
                "uv": [6.75, 12.75, 9, 15],
                "texture": "#2"
            },
            "down": {
                "uv": [6.75, 12.75, 9, 15],
                "texture": "#2"
            }
        }
    }, {
        "from": [0.5, 14.5, 5],
        "to": [7.5, 15.5, 12],
        "rotation": {
            "angle": 0,
            "axis": "y",
            "origin": [-24, -5.5, -28.5]
        },
        "faces": {
            "north": {
                "uv": [0, 14, 1.75, 14.25],
                "texture": "#2"
            },
            "east": {
                "uv": [0, 14, 1.75, 14.25],
                "texture": "#2"
            },
            "south": {
                "uv": [0, 14, 1.75, 14.25],
                "texture": "#2"
            },
            "west": {
                "uv": [0, 14, 1.75, 14.25],
                "texture": "#2"
            },
            "up": {
                "uv": [10, 13, 11.75, 14.75],
                "rotation": 90,
                "texture": "#2"
            },
            "down": {
                "uv": [6.75, 12.75, 9, 15],
                "texture": "#2"
            }
        }
    }, {
        "from": [3.1, 13.5, 8.5],
        "to": [5.1, 18.5, 10.5],
        "rotation": {
            "angle": 22.5,
            "axis": "x",
            "origin": [4.5, 18, 9]
        },
        "faces": {
            "north": {
                "uv": [0, 12.5, 0.5, 13.75],
                "texture": "#2"
            },
            "east": {
                "uv": [0, 12.5, 0.5, 13.75],
                "texture": "#2"
            },
            "south": {
                "uv": [0, 12.5, 0.5, 13.75],
                "texture": "#2"
            },
            "west": {
                "uv": [0, 12.5, 0.5, 13.75],
                "texture": "#2"
            },
            "up": {
                "uv": [0, 12.5, 0.5, 13.75],
                "texture": "#2"
            },
            "down": {
                "uv": [0, 12.5, 0.5, 13.75],
                "texture": "#2"
            }
        }
    }]
}