{
    "texture_size": [64, 64],
    "textures": {
        "0": "item/hats/santa_hat",
        "particle": "item/hats/santa_hat"
    },
    "elements": [{
        "from": [3, 10.75, 3],
        "to": [13, 12.75, 13],
        "rotation": {
            "angle": 0,
            "axis": "y",
            "origin": [5, 4, 5]
        },
        "faces": {
            "north": {
                "uv": [5.008, 0.008, 7.492, 0.492],
                "texture": "#0"
            },
            "east": {
                "uv": [5.008, 0.758, 7.492, 1.242],
                "texture": "#0"
            },
            "south": {
                "uv": [5.008, 1.508, 7.492, 1.992],
                "texture": "#0"
            },
            "west": {
                "uv": [5.008, 2.258, 7.492, 2.742],
                "texture": "#0"
            },
            "up": {
                "uv": [2.492, 2.492, 0.008, 0.008],
                "texture": "#0"
            },
            "down": {
                "uv": [2.492, 2.758, 0.008, 5.242],
                "texture": "#0"
            }
        }
    }, {
        "from": [4, 12.75, 4],
        "to": [12, 14.75, 12],
        "rotation": {
            "angle": 0,
            "axis": "y",
            "origin": [4, 4, 4]
        },
        "faces": {
            "north": {
                "uv": [6.258, 4.008, 8.242, 4.492],
                "texture": "#0"
            },
            "east": {
                "uv": [6.258, 4.758, 8.242, 5.242],
                "texture": "#0"
            },
            "south": {
                "uv": [5.258, 6.258, 7.242, 6.742],
                "texture": "#0"
            },
            "west": {
                "uv": [6.258, 5.508, 8.242, 5.992],
                "texture": "#0"
            },
            "up": {
                "uv": [4.742, 1.992, 2.758, 0.008],
                "texture": "#0"
            },
            "down": {
                "uv": [4.742, 2.258, 2.758, 4.242],
                "texture": "#0"
            }
        }
    }, {
        "from": [4.725, 13.275, 5],
        "to": [10.725, 16.275, 11],
        "rotation": {
            "angle": 22.5,
            "axis": "z",
            "origin": [8, 15.25, 8]
        },
        "faces": {
            "north": {
                "uv": [5.008, 3.008, 6.492, 3.742],
                "texture": "#0"
            },
            "east": {
                "uv": [0.008, 5.508, 1.492, 6.242],
                "texture": "#0"
            },
            "south": {
                "uv": [1.758, 6.258, 3.242, 6.992],
                "texture": "#0"
            },
            "west": {
                "uv": [3.508, 6.258, 4.992, 6.992],
                "texture": "#0"
            },
            "up": {
                "uv": [4.242, 5.992, 2.758, 4.508],
                "texture": "#0"
            },
            "down": {
                "uv": [5.992, 4.508, 4.508, 5.992],
                "texture": "#0"
            }
        }
    }, {
        "from": [3.46442, 15.69984, 7],
        "to": [7.46442, 17.69984, 9],
        "rotation": {
            "angle": 0,
            "axis": "z",
            "origin": [4.96442, 17.04984, 8]
        },
        "faces": {
            "north": {
                "uv": [6.758, 3.008, 7.742, 3.492],
                "texture": "#0"
            },
            "east": {
                "uv": [1.758, 5.508, 2.242, 5.992],
                "texture": "#0"
            },
            "south": {
                "uv": [6.508, 7.008, 7.492, 7.492],
                "texture": "#0"
            },
            "west": {
                "uv": [7.508, 6.258, 7.992, 6.742],
                "texture": "#0"
            },
            "up": {
                "uv": [2.242, 7.742, 1.258, 7.258],
                "texture": "#0"
            },
            "down": {
                "uv": [3.492, 7.258, 2.508, 7.742],
                "texture": "#0"
            }
        }
    }, {
        "from": [6.50352, 14.24642, 6],
        "to": [8.50352, 18.24642, 10],
        "rotation": {
            "angle": -45,
            "axis": "z",
            "origin": [7.00352, 16.74642, 8.5]
        },
        "faces": {
            "north": {
                "uv": [3.758, 7.258, 4.242, 8.242],
                "texture": "#0"
            },
            "east": {
                "uv": [0.008, 6.508, 0.992, 7.492],
                "texture": "#0"
            },
            "south": {
                "uv": [4.508, 7.258, 4.992, 8.242],
                "texture": "#0"
            },
            "west": {
                "uv": [5.258, 7.008, 6.242, 7.992],
                "texture": "#0"
            },
            "up": {
                "uv": [0.492, 8.742, 0.008, 7.758],
                "texture": "#0"
            },
            "down": {
                "uv": [8.242, 0.008, 7.758, 0.992],
                "texture": "#0"
            }
        }
    }, {
        "from": [1.48085, 15.11269, 7.5],
        "to": [3.48085, 17.11269, 9.5],
        "rotation": {
            "angle": 45,
            "axis": "y",
            "origin": [1.73085, 13.86269, 8]
        },
        "faces": {
            "north": {
                "uv": [7.758, 1.258, 8.242, 1.742],
                "texture": "#0"
            },
            "east": {
                "uv": [7.758, 2.008, 8.242, 2.492],
                "texture": "#0"
            },
            "south": {
                "uv": [6.508, 7.758, 6.992, 8.242],
                "texture": "#0"
            },
            "west": {
                "uv": [7.758, 7.008, 8.242, 7.492],
                "texture": "#0"
            },
            "up": {
                "uv": [7.742, 8.242, 7.258, 7.758],
                "texture": "#0"
            },
            "down": {
                "uv": [1.242, 8.008, 0.758, 8.492],
                "texture": "#0"
            }
        }
    }],
    "display": {
        "thirdperson_righthand": {
            "translation": [0, -1.5, 1.75],
            "scale": [0.5, 0.5, 0.5]
        },
        "thirdperson_lefthand": {
            "translation": [0, -1.5, 1.75],
            "scale": [0.5, 0.5, 0.5]
        },
        "firstperson_righthand": {
            "scale": [0.5, 0.5, 0.5]
        },
        "firstperson_lefthand": {
            "scale": [0.5, 0.5, 0.5]
        },
        "ground": {
            "translation": [0, 3, 0],
            "scale": [0.25, 0.25, 0.25]
        },
        "gui": {
            "rotation": [30, 225, 0],
            "translation": [0, -5, 0]
        },
        "head": {
            "translation": [0, -0.75, 0],
            "scale": [1.7, 1.7, 1.7]
        },
        "fixed": {
            "rotation": [-90, 0, 0],
            "translation": [0, 0, 5],
            "scale": [2, 2, 2]
        }
    }
}