{
	"credit": "magic_store_official",
	"textures": {
		"0": "item/hats/sci_fi_glasses_hat/sci_fi_glasses_hat",
		"1": "item/hats/sci_fi_glasses_hat/sci_fi_glasses_ani_hat",
		"particle": "item/hats/sci_fi_glasses_hat/sci_fi_glasses_hat"
	},
	"elements": [
		{
			"from": [2, -0.5, 7],
			"to": [4, 3.5, 11],
			"faces": {
				"north": {"uv": [6, 5, 7, 7], "texture": "#0", "tintindex": 0},
				"east": {"uv": [4, 3, 2, 5], "texture": "#0", "tintindex": 0},
				"south": {"uv": [6, 5, 7, 7], "texture": "#0", "tintindex": 0},
				"west": {"uv": [2, 3, 4, 5], "texture": "#0", "tintindex": 0},
				"up": {"uv": [3, 8.5, 2, 6.5], "texture": "#0", "tintindex": 0},
				"down": {"uv": [4, 6.5, 3, 8.5], "texture": "#0", "tintindex": 0}
			}
		},
		{
			"from": [12, -0.5, 7],
			"to": [14, 3.5, 11],
			"faces": {
				"north": {"uv": [6, 5, 7, 7], "texture": "#0", "tintindex": 0},
				"east": {"uv": [4, 3, 2, 5], "texture": "#0", "tintindex": 0},
				"south": {"uv": [6, 5, 7, 7], "texture": "#0", "tintindex": 0},
				"west": {"uv": [2, 3, 4, 5], "texture": "#0", "tintindex": 0},
				"up": {"uv": [3, 8.5, 2, 6.5], "texture": "#0", "tintindex": 0},
				"down": {"uv": [4, 6.5, 3, 8.5], "texture": "#0", "tintindex": 0}
			}
		},
		{
			"from": [3, 0, 3],
			"to": [3, 3, 7],
			"faces": {
				"north": {"uv": [0, 0, 0, 0.3], "texture": "#1"},
				"east": {"uv": [0, 3, 4, 6], "texture": "#1"},
				"south": {"uv": [0, 0, 0, 0.3], "texture": "#1"},
				"west": {"uv": [4, 3, 0, 6], "texture": "#1"},
				"up": {"uv": [0, 0.4, 0, 0], "texture": "#1"},
				"down": {"uv": [0, 0, 0, 0.4], "texture": "#1"}
			}
		},
		{
			"from": [13, 0, 3],
			"to": [13, 3, 7],
			"faces": {
				"north": {"uv": [0, 0, 0, 0.3], "texture": "#1"},
				"east": {"uv": [0, 3, 4, 6], "texture": "#1"},
				"south": {"uv": [0, 0, 0, 0.3], "texture": "#1"},
				"west": {"uv": [4, 3, 0, 6], "texture": "#1"},
				"up": {"uv": [0, 0.4, 0, 0], "texture": "#1"},
				"down": {"uv": [0, 0, 0, 0.4], "texture": "#1"}
			}
		},
		{
			"from": [3, 0, 3],
			"to": [13, 3, 3],
			"faces": {
				"north": {"uv": [0, 0, 10, 3], "texture": "#1"},
				"south": {"uv": [0, 0, 10, 3], "texture": "#1"}
			}
		}
	],
	"display": {
		"thirdperson_righthand": {
			"translation": [0, 3.5, 0],
			"scale": [0.65, 0.65, 0.65]
		},
		"thirdperson_lefthand": {
			"translation": [0, 3.5, 0],
			"scale": [0.65, 0.65, 0.65]
		},
		"firstperson_righthand": {
			"rotation": [0, 20.75, 0],
			"translation": [4, 5.5, 0],
			"scale": [0.8, 0.8, 0.8]
		},
		"firstperson_lefthand": {
			"rotation": [0, 20.75, 0],
			"translation": [4, 5.5, 0],
			"scale": [0.8, 0.8, 0.8]
		},
		"ground": {
			"translation": [0, 5, 0],
			"scale": [0.7, 0.7, 0.7]
		},
		"gui": {
			"rotation": [30, 135, 0],
			"translation": [0, 4.75, 0]
		},
		"head": {
			"translation": [0, 9.75, 0],
			"scale": [1.6, 1.6, 1.6]
		},
		"fixed": {
			"translation": [0, 6, 0]
		}
	}
}