{
	"credit": "Made with Blockbench",
	"texture_size": [64, 64],
	"textures": {
		"1": "item/hats/skeleton_head",
		"particle": "item/hats/skeleton_head"
	},
	"elements": [
		{
			"from": [2, 3, 3],
			"to": [14, 13, 13],
			"rotation": {"angle": 0, "axis": "y", "origin": [8, 3, 7]},
			"faces": {
				"north": {"uv": [2.5, 2.5, 5.5, 5], "texture": "#1"},
				"east": {"uv": [0, 2.5, 2.5, 5], "texture": "#1"},
				"south": {"uv": [8, 2.5, 11, 5], "texture": "#1"},
				"west": {"uv": [5.5, 2.5, 8, 5], "texture": "#1"},
				"up": {"uv": [5.5, 2.5, 2.5, 0], "texture": "#1"},
				"down": {"uv": [8.5, 0, 5.5, 2.5], "texture": "#1"}
			}
		},
		{
			"from": [8.5, 0, 3],
			"to": [11.5, 3, 6],
			"rotation": {"angle": 0, "axis": "y", "origin": [8.5, 3, 7]},
			"faces": {
				"north": {"uv": [0.75, 5.75, 1.5, 6.5], "texture": "#1"},
				"east": {"uv": [0, 5.75, 0.75, 6.5], "texture": "#1"},
				"south": {"uv": [2.25, 5.75, 3, 6.5], "texture": "#1"},
				"west": {"uv": [1.5, 5.75, 2.25, 6.5], "texture": "#1"},
				"up": {"uv": [1.5, 5.75, 0.75, 5], "texture": "#1"},
				"down": {"uv": [2.25, 5, 1.5, 5.75], "texture": "#1"}
			}
		},
		{
			"from": [4.5, 0, 3],
			"to": [7.5, 3, 6],
			"rotation": {"angle": 0, "axis": "y", "origin": [4.5, 3, 7]},
			"faces": {
				"north": {"uv": [0.75, 5.75, 1.5, 6.5], "texture": "#1"},
				"east": {"uv": [0, 5.75, 0.75, 6.5], "texture": "#1"},
				"south": {"uv": [2.25, 5.75, 3, 6.5], "texture": "#1"},
				"west": {"uv": [1.5, 5.75, 2.25, 6.5], "texture": "#1"},
				"up": {"uv": [1.5, 5.75, 0.75, 5], "texture": "#1"},
				"down": {"uv": [2.25, 5, 1.5, 5.75], "texture": "#1"}
			}
		}
	],
	"display": {
		"head": {
			"translation": [0, 0.5, 0],
			"scale": [1.6, 1.6, 1.6]
		},
		"gui": {
			"rotation": [30, -135, 0],
			"translation": [0, 0.5, 0],
			"scale": [0.7, 0.7, 0.7]
		}
	},
	"groups": [
		{
			"name": "group",
			"origin": [8, 0, 7],
			"color": 0,
			"children": [0, 1, 2]
		}
	]
}