{
    "parent": "item/generated",
    "textures": {
        "layer0": "item/cubes/white_cube"
    },
    "display": {
        "thirdperson_righthand": {
            "scale": [0.5, 0.5, 0.5]
        },
        "thirdperson_lefthand": {
            "scale": [0.5, 0.5, 0.5]
        },
        "firstperson_righthand": {
            "rotation": [0, -45, 0],
            "translation": [0, 1.5, 0],
            "scale": [0.5, 0.5, 0.5]
        },
        "firstperson_lefthand": {
            "rotation": [0, -45, 0],
            "translation": [0, 1.5, 0],
            "scale": [0.5, 0.5, 0.5]
        },
        "ground": {
            "scale": [0.75, 0.75, 0.75]
        },
        "gui": {
            "translation": [0, 0, 0],
            "scale": [1.25, 1.25, 1.25]
        }
    }
}