{
	"credit": "Made with Blockbench",
	"texture_size": [64, 64],
	"textures": {
		"0": "item/backpacks/enchanting_table_backpack",
		"particle": "item/backpacks/enchanting_table_backpack"
	},
	"elements": [
		{
			"from": [3, 0, 10],
			"to": [13, 8, 17],
			"rotation": {"angle": 0, "axis": "y", "origin": [4, -1, 11]},
			"faces": {
				"north": {"uv": [0, 0, 2.5, 2], "texture": "#0"},
				"east": {"uv": [2.5, 5, 4.25, 7], "texture": "#0"},
				"south": {"uv": [0, 2, 2.5, 4], "texture": "#0"},
				"west": {"uv": [5, 3, 6.75, 5], "texture": "#0"},
				"up": {"uv": [5, 1.75, 2.5, 0], "texture": "#0"},
				"down": {"uv": [5, 1.75, 2.5, 3.5], "texture": "#0"}
			}
		},
		{
			"from": [3.25, -4.25, 10.25],
			"to": [12.75, 0.25, 16.75],
			"rotation": {"angle": 0, "axis": "y", "origin": [4, -5.5, 11]},
			"faces": {
				"north": {"uv": [6.75, 4.75, 9.25, 6], "texture": "#0"},
				"east": {"uv": [2.5, 7, 4.25, 8.25], "texture": "#0"},
				"south": {"uv": [0, 7, 2.5, 8.25], "texture": "#0"},
				"west": {"uv": [7.5, 0, 9.25, 1.25], "texture": "#0"},
				"up": {"uv": [8.25, 8.25, 5.75, 6.5], "texture": "#0"},
				"down": {"uv": [9.25, 3, 6.75, 4.75], "texture": "#0"}
			}
		},
		{
			"from": [3, -2, 10],
			"to": [13, 0, 16],
			"rotation": {"angle": 0, "axis": "y", "origin": [4, -9, 11]},
			"faces": {
				"north": {"uv": [4.25, 5, 6.75, 5.5], "texture": "#0"},
				"east": {"uv": [4.25, 6, 5.75, 6.5], "texture": "#0"},
				"south": {"uv": [0, 5.5, 2.5, 6], "texture": "#0"},
				"west": {"uv": [5.75, 6, 7.25, 6.5], "texture": "#0"},
				"up": {"uv": [5, 5, 2.5, 3.5], "texture": "#0"},
				"down": {"uv": [2.5, 4, 0, 5.5], "texture": "#0"}
			}
		},
		{
			"from": [3, -4, 10],
			"to": [13, -2, 16],
			"rotation": {"angle": 0, "axis": "y", "origin": [4, -11, 11]},
			"faces": {
				"north": {"uv": [4.25, 5.5, 6.75, 6], "texture": "#0"},
				"east": {"uv": [0, 6.5, 1.5, 7], "texture": "#0"},
				"south": {"uv": [0, 6, 2.5, 6.5], "texture": "#0"},
				"west": {"uv": [4.25, 6.5, 5.75, 7], "texture": "#0"},
				"up": {"uv": [7.5, 1.5, 5, 0], "texture": "#0"},
				"down": {"uv": [7.5, 1.5, 5, 3], "texture": "#0"}
			}
		},
		{
			"from": [8, 8, 12],
			"to": [12, 9, 16],
			"rotation": {"angle": 22.5, "axis": "z", "origin": [8, 8, 14]},
			"faces": {
				"north": {"uv": [9, 2.25, 10, 2.5], "texture": "#0"},
				"east": {"uv": [9, 2.5, 10, 2.75], "texture": "#0"},
				"south": {"uv": [8.25, 9, 9.25, 9.25], "texture": "#0"},
				"west": {"uv": [0, 9.25, 1, 9.5], "texture": "#0"},
				"up": {"uv": [5.75, 9.5, 4.75, 8.5], "texture": "#0"},
				"down": {"uv": [10, 1.25, 9, 2.25], "texture": "#0"}
			}
		},
		{
			"from": [7.99, 7.99, 10.99],
			"to": [13.01, 8.01, 17.01],
			"rotation": {"angle": 22.5, "axis": "z", "origin": [8, 8, 14]},
			"faces": {
				"north": {"uv": [0, 0, 1.25, 0], "texture": "#0"},
				"east": {"uv": [0, 0, 1.25, 0], "texture": "#0"},
				"south": {"uv": [0, 0, 1.25, 0], "texture": "#0"},
				"west": {"uv": [0, 0, 1.25, 0], "texture": "#0"},
				"up": {"uv": [3.75, 9.75, 2.5, 8.25], "texture": "#0"},
				"down": {"uv": [7, 8.25, 5.75, 9.75], "texture": "#0"}
			}
		},
		{
			"from": [4, 8, 12],
			"to": [8, 9, 16],
			"rotation": {"angle": -22.5, "axis": "z", "origin": [8, 8, 14]},
			"faces": {
				"north": {"uv": [7.5, 2.75, 8.5, 3], "texture": "#0"},
				"east": {"uv": [8.5, 2.75, 9.5, 3], "texture": "#0"},
				"south": {"uv": [8.5, 6, 9.5, 6.25], "texture": "#0"},
				"west": {"uv": [8.5, 6.25, 9.5, 6.5], "texture": "#0"},
				"up": {"uv": [9.25, 9, 8.25, 8], "texture": "#0"},
				"down": {"uv": [4.75, 8.5, 3.75, 9.5], "texture": "#0"}
			}
		},
		{
			"from": [2.99, 7.99, 10.99],
			"to": [8.01, 8.01, 17.01],
			"rotation": {"angle": -22.5, "axis": "z", "origin": [8, 8, 14]},
			"faces": {
				"north": {"uv": [0, 0, 1.25, 0], "texture": "#0"},
				"east": {"uv": [0, 0, 1.25, 0], "texture": "#0"},
				"south": {"uv": [0, 0, 1.25, 0], "texture": "#0"},
				"west": {"uv": [0, 0, 1.25, 0], "texture": "#0"},
				"up": {"uv": [9.5, 8, 8.25, 6.5], "texture": "#0"},
				"down": {"uv": [8.25, 8.25, 7, 9.75], "texture": "#0"}
			}
		}
	],
	"gui_light": "front",
	"display": {
		"thirdperson_righthand": {
			"rotation": [-135, 0, 180],
			"translation": [0, 0.75, 6.75],
			"scale": [0.75, 0.75, 0.75]
		},
		"thirdperson_lefthand": {
			"rotation": [-135, 0, 180],
			"translation": [0, 0.75, 6.75],
			"scale": [0.75, 0.75, 0.75]
		},
		"firstperson_righthand": {
			"rotation": [-165, 0, 180],
			"translation": [0, 2.75, 6.75],
			"scale": [0.75, 0.75, 0.75]
		},
		"firstperson_lefthand": {
			"rotation": [-165, 0, 180],
			"translation": [0, 2.75, 6.75],
			"scale": [0.75, 0.75, 0.75]
		},
		"ground": {
			"translation": [0, 5, 0],
			"scale": [0.5, 0.5, 0.5]
		},
		"gui": {
			"rotation": [0, 0, 45],
			"translation": [-3.5, 3.5, 0],
			"scale": [0.95, 0.95, 0.95]
		},
		"head": {
			"translation": [0, -53.75, 0],
			"scale": [1.5, 1.5, 1.5]
		},
		"fixed": {
			"rotation": [-180, 0, -135],
			"translation": [3.5, 3.5, 4]
		}
	},
	"groups": [
		{
			"name": "enchanting_table_backpack",
			"origin": [8, 8, 8],
			"color": 0,
			"boneType": "",
			"children": [0, 1, 2, 3, 4, 5, 6, 7]
		}
	]
}