{
	"credit": "Pologony Creation Co.,Ltd.",
	"textures": {
		"1": "item/multiple/ender_dragon/animation_wings",
		"5": "item/backpacks/ender_dragon_wings",
		"particle": "item/multiple/ender_dragon/animation_wings"
	},
	"elements": [
		{
			"from": [7.25, 5.90175, 8.25],
			"to": [8.75, 8.40175, 10.75],
			"rotation": {"angle": 45, "axis": "x", "origin": [7.5, 5.90175, 10.75]},
			"faces": {
				"north": {"uv": [4.33333, 7, 4.83333, 7.83333], "texture": "#5"},
				"east": {"uv": [0, 7, 0.83333, 7.83333], "texture": "#5"},
				"south": {"uv": [7, 4.33333, 7.5, 5.16667], "texture": "#5"},
				"west": {"uv": [7, 0, 7.83333, 0.83333], "texture": "#5"},
				"up": {"uv": [5.83333, 7.83333, 5.33333, 7], "texture": "#5"},
				"down": {"uv": [7.5, 5.66667, 7, 6.5], "texture": "#5"}
			}
		},
		{
			"from": [7, 6.15175, 8.5],
			"to": [9, 8.15175, 10.5],
			"rotation": {"angle": 45, "axis": "x", "origin": [7.5, 5.90175, 10.75]},
			"faces": {
				"north": {"uv": [1.33333, 7, 2, 7.66667], "texture": "#5"},
				"east": {"uv": [7, 1.33333, 7.66667, 2], "texture": "#5"},
				"south": {"uv": [2.33333, 7, 3, 7.66667], "texture": "#5"},
				"west": {"uv": [7, 2.33333, 7.66667, 3], "texture": "#5"},
				"up": {"uv": [4, 7.66667, 3.33333, 7], "texture": "#5"},
				"down": {"uv": [7.66667, 3.33333, 7, 4], "texture": "#5"}
			}
		},
		{
			"from": [7.5, 6.61086, 11.30583],
			"to": [8.5, 8.11086, 13.30583],
			"rotation": {"angle": 22.5, "axis": "x", "origin": [7.875, 7.01776, 13.73417]},
			"faces": {
				"north": {"uv": [7.66667, 8, 8, 8.5], "texture": "#5"},
				"east": {"uv": [6.33333, 7, 7, 7.5], "texture": "#5"},
				"south": {"uv": [0, 8.33333, 0.33333, 8.83333], "texture": "#5"},
				"west": {"uv": [7.33333, 7, 8, 7.5], "texture": "#5"},
				"up": {"uv": [3.66667, 8.66667, 3.33333, 8], "texture": "#5"},
				"down": {"uv": [8.33333, 3.33333, 8, 4], "texture": "#5"}
			}
		},
		{
			"from": [7.5035, 6.34797, 12.80281],
			"to": [8.4965, 7.84797, 14.80281],
			"rotation": {"angle": 45, "axis": "x", "origin": [7.8785, 6.86826, 13.69454]},
			"faces": {
				"east": {"uv": [1.33333, 8, 2, 8.5], "texture": "#5"},
				"south": {"uv": [8.33333, 0, 8.66667, 0.5], "texture": "#5"},
				"west": {"uv": [8, 1.33333, 8.66667, 1.83333], "texture": "#5"},
				"up": {"uv": [8.33333, 5, 8, 4.33333], "texture": "#5"},
				"down": {"uv": [8.33333, 5.33333, 8, 6], "texture": "#5"}
			}
		},
		{
			"from": [7.5085, 5.64525, 13.63796],
			"to": [8.4915, 6.89525, 15.63796],
			"rotation": {"angle": -22.5, "axis": "x", "origin": [7.8835, 6.86826, 13.69454]},
			"faces": {
				"east": {"uv": [2.33333, 8, 3, 8.41667], "texture": "#5"},
				"south": {"uv": [5.66667, 8.33333, 6, 8.75], "texture": "#5"},
				"west": {"uv": [8, 2.33333, 8.66667, 2.75], "texture": "#5"},
				"up": {"uv": [6.66667, 8.66667, 6.33333, 8], "texture": "#5"},
				"down": {"uv": [7.33333, 8, 7, 8.66667], "texture": "#5"}
			}
		},
		{
			"from": [7.5, 8.38291, 11.29481],
			"to": [8.5, 9.38291, 12.79481],
			"rotation": {"angle": 22.5, "axis": "x", "origin": [7.5, 8.38291, 13.29481]},
			"faces": {
				"north": {"uv": [8.33333, 7, 8.66667, 7.33333], "texture": "#5"},
				"east": {"uv": [8, 6.33333, 8.5, 6.66667], "texture": "#5"},
				"south": {"uv": [8.33333, 7.66667, 8.66667, 8], "texture": "#5"},
				"west": {"uv": [4, 8.33333, 4.5, 8.66667], "texture": "#5"},
				"up": {"uv": [1, 8.83333, 0.66667, 8.33333], "texture": "#5"},
				"down": {"uv": [5.33333, 8.33333, 5, 8.83333], "texture": "#5"}
			}
		},
		{
			"from": [7.985, -1.84825, 10.75],
			"to": [8.015, 18.15175, 30.75],
			"rotation": {"angle": 0, "axis": "y", "origin": [7.985, 0.15175, -0.25]},
			"faces": {
				"east": {"uv": [6.66667, 0, 0, 6.66667], "texture": "#5"},
				"west": {"uv": [0, 0, 6.66667, 6.66667], "texture": "#5"}
			}
		},
		{
			"from": [10.75, -1.84825, 7.985],
			"to": [30.75, 18.15175, 8.015],
			"rotation": {"angle": 0, "axis": "y", "origin": [-0.25, 0.15175, 7.985]},
			"faces": {
				"north": {"uv": [6.66667, 0, 0, 6.66667], "texture": "#5"},
				"south": {"uv": [0, 0, 6.66667, 6.66667], "texture": "#5"}
			}
		},
		{
			"from": [11.29481, 8.38291, 7.5],
			"to": [12.79481, 9.38291, 8.5],
			"rotation": {"angle": -22.5, "axis": "z", "origin": [13.29481, 8.38291, 7.5]},
			"faces": {
				"north": {"uv": [4.5, 8.33333, 4, 8.66667], "texture": "#5"},
				"east": {"uv": [8.66667, 7.66667, 8.33333, 8], "texture": "#5"},
				"south": {"uv": [8.5, 6.33333, 8, 6.66667], "texture": "#5"},
				"west": {"uv": [8.66667, 7, 8.33333, 7.33333], "texture": "#5"},
				"up": {"uv": [1, 8.33333, 0.66667, 8.83333], "rotation": 90, "texture": "#5"},
				"down": {"uv": [5.33333, 8.83333, 5, 8.33333], "rotation": 270, "texture": "#5"}
			}
		},
		{
			"from": [13.63796, 5.64525, 7.5085],
			"to": [15.63796, 6.89525, 8.4915],
			"rotation": {"angle": 22.5, "axis": "z", "origin": [13.69454, 6.86826, 7.8835]},
			"faces": {
				"north": {"uv": [8.66667, 2.33333, 8, 2.75], "texture": "#5"},
				"east": {"uv": [6, 8.33333, 5.66667, 8.75], "texture": "#5"},
				"south": {"uv": [3, 8, 2.33333, 8.41667], "texture": "#5"},
				"up": {"uv": [6.66667, 8, 6.33333, 8.66667], "rotation": 90, "texture": "#5"},
				"down": {"uv": [7.33333, 8.66667, 7, 8], "rotation": 270, "texture": "#5"}
			}
		},
		{
			"from": [12.80281, 6.34797, 7.5035],
			"to": [14.80281, 7.84797, 8.4965],
			"rotation": {"angle": -45, "axis": "z", "origin": [13.69454, 6.86826, 7.8785]},
			"faces": {
				"north": {"uv": [8.66667, 1.33333, 8, 1.83333], "texture": "#5"},
				"east": {"uv": [8.66667, 0, 8.33333, 0.5], "texture": "#5"},
				"south": {"uv": [2, 8, 1.33333, 8.5], "texture": "#5"},
				"up": {"uv": [8.33333, 4.33333, 8, 5], "rotation": 90, "texture": "#5"},
				"down": {"uv": [8.33333, 6, 8, 5.33333], "rotation": 270, "texture": "#5"}
			}
		},
		{
			"from": [11.30583, 6.61086, 7.5],
			"to": [13.30583, 8.11086, 8.5],
			"rotation": {"angle": -22.5, "axis": "z", "origin": [13.73417, 7.01776, 7.875]},
			"faces": {
				"north": {"uv": [8, 7, 7.33333, 7.5], "texture": "#5"},
				"east": {"uv": [0.33333, 8.33333, 0, 8.83333], "texture": "#5"},
				"south": {"uv": [7, 7, 6.33333, 7.5], "texture": "#5"},
				"west": {"uv": [8, 8, 7.66667, 8.5], "texture": "#5"},
				"up": {"uv": [3.66667, 8, 3.33333, 8.66667], "rotation": 90, "texture": "#5"},
				"down": {"uv": [8.33333, 4, 8, 3.33333], "rotation": 270, "texture": "#5"}
			}
		},
		{
			"from": [8.5, 6.15175, 7],
			"to": [10.5, 8.15175, 9],
			"rotation": {"angle": -45, "axis": "z", "origin": [10.75, 5.90175, 7.5]},
			"faces": {
				"north": {"uv": [7.66667, 2.33333, 7, 3], "texture": "#5"},
				"east": {"uv": [3, 7, 2.33333, 7.66667], "texture": "#5"},
				"south": {"uv": [7.66667, 1.33333, 7, 2], "texture": "#5"},
				"west": {"uv": [2, 7, 1.33333, 7.66667], "texture": "#5"},
				"up": {"uv": [4, 7, 3.33333, 7.66667], "rotation": 90, "texture": "#5"},
				"down": {"uv": [7.66667, 4, 7, 3.33333], "rotation": 270, "texture": "#5"}
			}
		},
		{
			"from": [8.25, 5.90175, 7.25],
			"to": [10.75, 8.40175, 8.75],
			"rotation": {"angle": -45, "axis": "z", "origin": [10.75, 5.90175, 7.5]},
			"faces": {
				"north": {"uv": [7.83333, 0, 7, 0.83333], "texture": "#5"},
				"east": {"uv": [7.5, 4.33333, 7, 5.16667], "texture": "#5"},
				"south": {"uv": [0.83333, 7, 0, 7.83333], "texture": "#5"},
				"west": {"uv": [4.83333, 7, 4.33333, 7.83333], "texture": "#5"},
				"up": {"uv": [5.83333, 7, 5.33333, 7.83333], "rotation": 90, "texture": "#5"},
				"down": {"uv": [7.5, 6.5, 7, 5.66667], "rotation": 270, "texture": "#5"}
			}
		},
		{
			"from": [14, 0, 7.75],
			"to": [30, 16, 8.25],
			"rotation": {"angle": 0, "axis": "y", "origin": [0, 0, 0.5]},
			"faces": {
				"north": {"uv": [0, 0, 16, 16], "texture": "#1"},
				"south": {"uv": [16, 0, 0, 16], "texture": "#1"}
			}
		},
		{
			"from": [7.75, 0, 14],
			"to": [8.25, 16, 30],
			"rotation": {"angle": 0, "axis": "y", "origin": [8, 8, 22]},
			"faces": {
				"east": {"uv": [0, 0, 16, 16], "texture": "#1"},
				"west": {"uv": [16, 0, 0, 16], "texture": "#1"}
			}
		}
	],
	"gui_light": "front",
	"display": {
		"thirdperson_righthand": {
			"rotation": [-126.5, 45, 180],
			"translation": [0, -0.75, 1.75],
			"scale": [0.5, 0.5, 0.5]
		},
		"thirdperson_lefthand": {
			"rotation": [64.25, 45, 0],
			"translation": [-5.5, -4.75, 8.25]
		},
		"firstperson_righthand": {
			"rotation": [6, 135, 0],
			"translation": [3, 0.75, 3],
			"scale": [0.8, 0.8, 0.8]
		},
		"firstperson_lefthand": {
			"rotation": [6, 135, 0],
			"translation": [3, 0.75, 3],
			"scale": [0, 0, 0]
		},
		"ground": {
			"rotation": [-45, 0, 70],
			"translation": [0, 3, 0],
			"scale": [0.5, 0.5, 0.5]
		},
		"gui": {
			"rotation": [0, 135, 0],
			"scale": [0.48, 0.48, 0.48]
		},
		"head": {
			"rotation": [0, -45, 0],
			"translation": [0.25, -48.5, 2.75],
			"scale": [1.6, 1.6, 1.6]
		},
		"fixed": {
			"rotation": [0, 135, 0],
			"translation": [0, 1.25, 2.25],
			"scale": [2, 2, 2]
		}
	},
	"groups": [
		{
			"name": "group",
			"origin": [7.985, 0.15175, -8],
			"color": 0,
			"boneType": "",
			"children": [0, 1, 2, 3, 4, 5, 6]
		},
		{
			"name": "group",
			"origin": [3, 5.90175, 7.5],
			"color": 0,
			"boneType": "",
			"children": [7, 8, 9, 10, 11, 12, 13]
		},
		14,
		15
	]
}