{
	"credit": "Polygony Creation Co.,Ltd.",
	"texture_size": [8, 8],
	"textures": {
		"0": "item/axes/lightning_power_axe/animations/animations_3",
		"1": "item/backpacks/lightning_power_backpack",
		"2": "item/axes/lightning_power_axe/animations/animations_2",
		"particle": "item/backpacks/lightning_power_backpack"
	},
	"elements": [
		{
			"from": [4.5, 3.5, -0.5],
			"to": [6.5, 15.5, 0],
			"rotation": {"angle": 0, "axis": "y", "origin": [-0.5, 0, -13]},
			"faces": {
				"north": {"uv": [4.85714, 8.57143, 5.42857, 12], "texture": "#1"},
				"east": {"uv": [8.28571, 10, 8.42857, 13.42857], "texture": "#1"},
				"south": {"uv": [8.57143, 8, 9.14286, 11.42857], "texture": "#1"},
				"west": {"uv": [0, 10.57143, 0.14286, 14], "texture": "#1"},
				"up": {"uv": [7.14286, 3.85714, 6.57143, 3.71429], "texture": "#1"},
				"down": {"uv": [9.71429, 2.85714, 9.14286, 3], "texture": "#1"}
			}
		},
		{
			"from": [4.5, 15, 0],
			"to": [6.5, 15.5, 4.5],
			"rotation": {"angle": 0, "axis": "y", "origin": [-0.5, 0, -13]},
			"faces": {
				"east": {"uv": [10.28571, 10.85714, 11.57143, 11], "texture": "#1"},
				"west": {"uv": [11.14286, 0, 12.42857, 0.14286], "texture": "#1"},
				"up": {"uv": [10.57143, 7.57143, 10, 6.28571], "texture": "#1"},
				"down": {"uv": [7.14286, 10, 6.57143, 11.28571], "texture": "#1"}
			}
		},
		{
			"from": [4.5, 3.5, 0],
			"to": [6.5, 4, 4.5],
			"rotation": {"angle": 0, "axis": "y", "origin": [-0.5, 0, -13]},
			"faces": {
				"east": {"uv": [0.28571, 11.14286, 1.57143, 11.28571], "texture": "#1"},
				"west": {"uv": [11.14286, 0.28571, 12.42857, 0.42857], "texture": "#1"},
				"up": {"uv": [7.71429, 11.28571, 7.14286, 10], "texture": "#1"},
				"down": {"uv": [8.28571, 10, 7.71429, 11.28571], "texture": "#1"}
			}
		},
		{
			"from": [9.5, 3.5, -0.5],
			"to": [11.5, 15.5, 0],
			"rotation": {"angle": 0, "axis": "y", "origin": [16.5, 0, -13]},
			"faces": {
				"north": {"uv": [5.42857, 8.57143, 4.85714, 12], "texture": "#1"},
				"east": {"uv": [0.14286, 10.57143, 0, 14], "texture": "#1"},
				"south": {"uv": [9.14286, 8, 8.57143, 11.42857], "texture": "#1"},
				"west": {"uv": [8.42857, 10, 8.28571, 13.42857], "texture": "#1"},
				"up": {"uv": [6.57143, 3.85714, 7.14286, 3.71429], "texture": "#1"},
				"down": {"uv": [9.14286, 2.85714, 9.71429, 3], "texture": "#1"}
			}
		},
		{
			"from": [9.5, 15, 0],
			"to": [11.5, 15.5, 4.5],
			"rotation": {"angle": 0, "axis": "y", "origin": [16.5, 0, -13]},
			"faces": {
				"east": {"uv": [12.42857, 0, 11.14286, 0.14286], "texture": "#1"},
				"west": {"uv": [11.57143, 10.85714, 10.28571, 11], "texture": "#1"},
				"up": {"uv": [10, 7.57143, 10.57143, 6.28571], "texture": "#1"},
				"down": {"uv": [6.57143, 10, 7.14286, 11.28571], "texture": "#1"}
			}
		},
		{
			"from": [9.5, 3.5, 0],
			"to": [11.5, 4, 4.5],
			"rotation": {"angle": 0, "axis": "y", "origin": [16.5, 0, -13]},
			"faces": {
				"east": {"uv": [12.42857, 0.28571, 11.14286, 0.42857], "texture": "#1"},
				"west": {"uv": [1.57143, 11.14286, 0.28571, 11.28571], "texture": "#1"},
				"up": {"uv": [7.14286, 11.28571, 7.71429, 10], "texture": "#1"},
				"down": {"uv": [7.71429, 10, 8.28571, 11.28571], "texture": "#1"}
			}
		},
		{
			"from": [3.5, 2, 4.5],
			"to": [12.5, 16, 9.5],
			"rotation": {"angle": 0, "axis": "y", "origin": [-0.5, 0, -13]},
			"faces": {
				"north": {"uv": [0, 0, 2.57143, 4], "texture": "#1"},
				"east": {"uv": [5.14286, 0, 6.57143, 4], "texture": "#1"},
				"south": {"uv": [2.57143, 0, 5.14286, 4], "texture": "#1"},
				"west": {"uv": [5.71429, 4, 7.14286, 8], "texture": "#1"},
				"up": {"uv": [9.14286, 3.14286, 6.57143, 1.71429], "texture": "#1"},
				"down": {"uv": [9.71429, 3.14286, 7.14286, 4.57143], "texture": "#1"}
			}
		},
		{
			"from": [0, 1, 5],
			"to": [4, 8, 9],
			"rotation": {"angle": 45, "axis": "y", "origin": [2, 4.5, 7]},
			"faces": {
				"north": {"uv": [1.42857, 8.57143, 2.57143, 10.57143], "texture": "#1"},
				"east": {"uv": [2.57143, 8.57143, 3.71429, 10.57143], "texture": "#1"},
				"south": {"uv": [3.71429, 8.57143, 4.85714, 10.57143], "texture": "#1"},
				"west": {"uv": [8.57143, 4.57143, 9.71429, 6.57143], "texture": "#1"},
				"up": {"uv": [10.28571, 9.14286, 9.14286, 8], "texture": "#1"},
				"down": {"uv": [10.28571, 9.14286, 9.14286, 10.28571], "texture": "#1"}
			}
		},
		{
			"from": [0.5, -1.5, 5.5],
			"to": [3.5, 0.5, 8.5],
			"rotation": {"angle": 45, "axis": "y", "origin": [2, -3, 7]},
			"faces": {
				"north": {"uv": [10.28571, 9.71429, 11.14286, 10.28571], "texture": "#1"},
				"east": {"uv": [0.28571, 10.57143, 1.14286, 11.14286], "texture": "#1"},
				"south": {"uv": [1.14286, 10.57143, 2, 11.14286], "texture": "#1"},
				"west": {"uv": [10.57143, 1.42857, 11.42857, 2], "texture": "#1"},
				"up": {"uv": [11.14286, 0.85714, 10.28571, 0], "texture": "#1"},
				"down": {"uv": [11.14286, 7.71429, 10.28571, 8.57143], "texture": "#1"}
			}
		},
		{
			"from": [0.25, 8, 5.25],
			"to": [3.75, 9, 8.75],
			"rotation": {"angle": 45, "axis": "y", "origin": [2, 11.5, 7]},
			"faces": {
				"north": {"uv": [10.57143, 2, 11.57143, 2.28571], "texture": "#1"},
				"east": {"uv": [10.57143, 2.28571, 11.57143, 2.57143], "texture": "#1"},
				"south": {"uv": [10.57143, 2.57143, 11.57143, 2.85714], "texture": "#1"},
				"west": {"uv": [10.57143, 10.28571, 11.57143, 10.57143], "texture": "#1"},
				"up": {"uv": [10.71429, 6.14286, 9.71429, 5.14286], "texture": "#1"}
			}
		},
		{
			"from": [0.75, 0.5, 5.75],
			"to": [3.25, 1, 8.25],
			"rotation": {"angle": 45, "axis": "y", "origin": [2, 3.5, 7]},
			"faces": {
				"north": {"uv": [11.14286, 0.57143, 11.85714, 0.71429], "texture": "#1"},
				"east": {"uv": [11.14286, 8.28571, 11.85714, 8.42857], "texture": "#1"},
				"south": {"uv": [11.14286, 9.71429, 11.85714, 9.85714], "texture": "#1"},
				"west": {"uv": [11.14286, 10, 11.85714, 10.14286], "texture": "#1"}
			}
		},
		{
			"from": [1.25, 9, 6.25],
			"to": [2.75, 11, 7.75],
			"rotation": {"angle": 0, "axis": "y", "origin": [1.5, 9, 6.5]},
			"faces": {
				"north": {"uv": [6.57143, 3.14286, 7, 3.71429], "texture": "#1"},
				"east": {"uv": [10.85714, 6, 11.28571, 6.57143], "texture": "#1"},
				"south": {"uv": [10.85714, 6.57143, 11.28571, 7.14286], "texture": "#1"},
				"west": {"uv": [10.85714, 7.14286, 11.28571, 7.71429], "texture": "#1"},
				"up": {"uv": [5.85714, 11.57143, 5.42857, 11.14286], "texture": "#1"},
				"down": {"uv": [6.42857, 11.14286, 6, 11.57143], "texture": "#1"}
			}
		},
		{
			"from": [1.17678, 10.82322, 6.2535],
			"to": [2.67678, 14.32322, 7.7465],
			"rotation": {"angle": -45, "axis": "z", "origin": [1.42678, 10.82322, 6.5035]},
			"faces": {
				"north": {"uv": [2, 10.57143, 2.42857, 11.57143], "texture": "#1"},
				"east": {"uv": [2.57143, 10.57143, 3, 11.57143], "texture": "#1"},
				"south": {"uv": [3.14286, 10.57143, 3.57143, 11.57143], "texture": "#1"},
				"west": {"uv": [3.71429, 10.57143, 4.14286, 11.57143], "texture": "#1"}
			}
		},
		{
			"from": [13.32322, 10.82322, 6.2535],
			"to": [14.82322, 14.32322, 7.7465],
			"rotation": {"angle": 45, "axis": "z", "origin": [14.57322, 10.82322, 6.5035]},
			"faces": {
				"north": {"uv": [2.42857, 10.57143, 2, 11.57143], "texture": "#1"},
				"east": {"uv": [4.14286, 10.57143, 3.71429, 11.57143], "texture": "#1"},
				"south": {"uv": [3.57143, 10.57143, 3.14286, 11.57143], "texture": "#1"},
				"west": {"uv": [3, 10.57143, 2.57143, 11.57143], "texture": "#1"}
			}
		},
		{
			"from": [13.25, 9, 6.25],
			"to": [14.75, 11, 7.75],
			"rotation": {"angle": 0, "axis": "y", "origin": [14.5, 9, 6.5]},
			"faces": {
				"north": {"uv": [7, 3.14286, 6.57143, 3.71429], "texture": "#1"},
				"east": {"uv": [11.28571, 7.14286, 10.85714, 7.71429], "texture": "#1"},
				"south": {"uv": [11.28571, 6.57143, 10.85714, 7.14286], "texture": "#1"},
				"west": {"uv": [11.28571, 6, 10.85714, 6.57143], "texture": "#1"},
				"up": {"uv": [5.42857, 11.57143, 5.85714, 11.14286], "texture": "#1"},
				"down": {"uv": [6, 11.14286, 6.42857, 11.57143], "texture": "#1"}
			}
		},
		{
			"from": [12, 1, 5],
			"to": [16, 8, 9],
			"rotation": {"angle": -45, "axis": "y", "origin": [14, 4.5, 7]},
			"faces": {
				"north": {"uv": [2.57143, 8.57143, 1.42857, 10.57143], "texture": "#1"},
				"east": {"uv": [9.71429, 4.57143, 8.57143, 6.57143], "texture": "#1"},
				"south": {"uv": [4.85714, 8.57143, 3.71429, 10.57143], "texture": "#1"},
				"west": {"uv": [3.71429, 8.57143, 2.57143, 10.57143], "texture": "#1"},
				"up": {"uv": [9.14286, 9.14286, 10.28571, 8], "texture": "#1"},
				"down": {"uv": [9.14286, 9.14286, 10.28571, 10.28571], "texture": "#1"}
			}
		},
		{
			"from": [12.5, -1.5, 5.5],
			"to": [15.5, 0.5, 8.5],
			"rotation": {"angle": -45, "axis": "y", "origin": [14, -3, 7]},
			"faces": {
				"north": {"uv": [11.14286, 9.71429, 10.28571, 10.28571], "texture": "#1"},
				"east": {"uv": [11.42857, 1.42857, 10.57143, 2], "texture": "#1"},
				"south": {"uv": [2, 10.57143, 1.14286, 11.14286], "texture": "#1"},
				"west": {"uv": [1.14286, 10.57143, 0.28571, 11.14286], "texture": "#1"},
				"up": {"uv": [10.28571, 0.85714, 11.14286, 0], "texture": "#1"},
				"down": {"uv": [10.28571, 7.71429, 11.14286, 8.57143], "texture": "#1"}
			}
		},
		{
			"from": [12.75, 0.5, 5.75],
			"to": [15.25, 1, 8.25],
			"rotation": {"angle": -45, "axis": "y", "origin": [14, 3.5, 7]},
			"faces": {
				"north": {"uv": [11.85714, 0.57143, 11.14286, 0.71429], "texture": "#1"},
				"east": {"uv": [11.85714, 10, 11.14286, 10.14286], "texture": "#1"},
				"south": {"uv": [11.85714, 9.71429, 11.14286, 9.85714], "texture": "#1"},
				"west": {"uv": [11.85714, 8.28571, 11.14286, 8.42857], "texture": "#1"}
			}
		},
		{
			"from": [12.25, 8, 5.25],
			"to": [15.75, 9, 8.75],
			"rotation": {"angle": -45, "axis": "y", "origin": [14, 11.5, 7]},
			"faces": {
				"north": {"uv": [11.57143, 2, 10.57143, 2.28571], "texture": "#1"},
				"east": {"uv": [11.57143, 10.28571, 10.57143, 10.57143], "texture": "#1"},
				"south": {"uv": [11.57143, 2.57143, 10.57143, 2.85714], "texture": "#1"},
				"west": {"uv": [11.57143, 2.28571, 10.57143, 2.57143], "texture": "#1"},
				"up": {"uv": [9.71429, 6.14286, 10.71429, 5.14286], "texture": "#1"}
			}
		},
		{
			"from": [5.5, 1, 7.98553],
			"to": [10.5, 17, 12.98553],
			"rotation": {"angle": 0, "axis": "y", "origin": [8, 9, 10.48553]},
			"faces": {
				"north": {"uv": [0, 4, 1.42857, 8.57143], "texture": "#1"},
				"east": {"uv": [1.42857, 4, 2.85714, 8.57143], "texture": "#1"},
				"south": {"uv": [2.85714, 4, 4.28571, 8.57143], "texture": "#1"},
				"west": {"uv": [4.28571, 4, 5.71429, 8.57143], "texture": "#1"},
				"down": {"uv": [10, 6.57143, 8.57143, 8], "texture": "#1"}
			}
		},
		{
			"from": [6.25, 0, 8.73553],
			"to": [9.75, 1, 12.23553],
			"rotation": {"angle": 0, "axis": "y", "origin": [8, 6, 10.48553]},
			"faces": {
				"north": {"uv": [10.57143, 10.57143, 11.57143, 10.85714], "texture": "#1"},
				"east": {"uv": [10.85714, 5.14286, 11.85714, 5.42857], "texture": "#1"},
				"south": {"uv": [10.85714, 5.42857, 11.85714, 5.71429], "texture": "#1"},
				"west": {"uv": [10.85714, 5.71429, 11.85714, 6], "texture": "#1"},
				"down": {"uv": [6.42857, 10, 5.42857, 11], "texture": "#1"}
			}
		},
		{
			"from": [5.75, -2, 8.23553],
			"to": [10.25, 0, 12.73553],
			"rotation": {"angle": 0, "axis": "y", "origin": [8, 5, 10.48553]},
			"faces": {
				"north": {"uv": [10.28571, 0.85714, 11.57143, 1.42857], "texture": "#1"},
				"east": {"uv": [10.28571, 8.57143, 11.57143, 9.14286], "texture": "#1"},
				"south": {"uv": [9.14286, 10.28571, 10.42857, 10.85714], "texture": "#1"},
				"west": {"uv": [10.28571, 9.14286, 11.57143, 9.71429], "texture": "#1"},
				"up": {"uv": [10.14286, 1.28571, 8.85714, 0], "texture": "#1"},
				"down": {"uv": [10.42857, 1.42857, 9.14286, 2.71429], "texture": "#1"}
			}
		},
		{
			"from": [5.4975, 12.85355, 7.30355],
			"to": [10.5025, 19.35355, 12.30355],
			"rotation": {"angle": 45, "axis": "x", "origin": [7.9975, 17.35355, 9.80355]},
			"faces": {
				"north": {"uv": [7.14286, 4.57143, 8.57143, 6.42857], "texture": "#1"},
				"east": {"uv": [7.14286, 6.57143, 8.57143, 8.42857], "texture": "#1"},
				"south": {"uv": [5.71429, 8, 7.14286, 9.85714], "texture": "#1"},
				"west": {"uv": [0, 8.57143, 1.42857, 10.42857], "texture": "#1"},
				"up": {"uv": [8.57143, 10, 7.14286, 8.57143], "texture": "#1"}
			}
		},
		{
			"from": [-2.75, 14.975, 10.25],
			"to": [5.5, 16.475, 11.75],
			"rotation": {"angle": -22.5, "axis": "x", "origin": [8, 13.85, 10.99977]},
			"faces": {
				"north": {"uv": [9.71429, 2.85714, 12.14286, 3.28571], "texture": "#1"},
				"south": {"uv": [9.71429, 3.42857, 12.14286, 3.85714], "texture": "#1"},
				"west": {"uv": [11.14286, 7.71429, 11.57143, 8.14286], "texture": "#1"},
				"up": {"uv": [12.14286, 4.42857, 9.71429, 4], "texture": "#1"},
				"down": {"uv": [12.14286, 4.57143, 9.71429, 5], "texture": "#1"}
			}
		},
		{
			"from": [1.5, 10.475, 10.5],
			"to": [2.5, 14.975, 11.5],
			"rotation": {"angle": -22.5, "axis": "x", "origin": [8, 13.85, 10.99977]},
			"faces": {
				"north": {"uv": [5.42857, 8.57143, 5.71429, 9.85714], "texture": "#1"},
				"east": {"uv": [4.28571, 10.57143, 4.57143, 11.85714], "texture": "#1"},
				"south": {"uv": [4.57143, 10.57143, 4.85714, 11.85714], "texture": "#1"},
				"west": {"uv": [10.57143, 6.28571, 10.85714, 7.57143], "texture": "#1"},
				"down": {"uv": [9.14286, 1.42857, 8.85714, 1.71429], "texture": "#1"}
			}
		},
		{
			"from": [-2.5, 12.475, 10.5],
			"to": [-1.5, 14.975, 11.5],
			"rotation": {"angle": -22.5, "axis": "x", "origin": [8, 13.85, 10.99977]},
			"faces": {
				"north": {"uv": [9.14286, 10.85714, 9.42857, 11.57143], "texture": "#1"},
				"east": {"uv": [9.42857, 10.85714, 9.71429, 11.57143], "texture": "#1"},
				"south": {"uv": [9.71429, 10.85714, 10, 11.57143], "texture": "#1"},
				"west": {"uv": [10, 10.85714, 10.28571, 11.57143], "texture": "#1"},
				"down": {"uv": [10, 6.28571, 9.71429, 6.57143], "texture": "#1"}
			}
		},
		{
			"from": [-2.5, 8.975, 10.98453],
			"to": [5.5, 14.975, 11.01453],
			"rotation": {"angle": -22.5, "axis": "x", "origin": [8, 13.85, 10.99977]},
			"faces": {
				"north": {"uv": [8.85714, 0, 6.57143, 1.71429], "texture": "#1"},
				"south": {"uv": [6.57143, 0, 8.85714, 1.71429], "texture": "#1"}
			}
		},
		{
			"from": [10.5, 14.975, 10.25],
			"to": [18.75, 16.475, 11.75],
			"rotation": {"angle": -22.5, "axis": "x", "origin": [8, 13.85, 10.99977]},
			"faces": {
				"north": {"uv": [12.14286, 2.85714, 9.71429, 3.28571], "texture": "#1"},
				"east": {"uv": [11.57143, 7.71429, 11.14286, 8.14286], "texture": "#1"},
				"south": {"uv": [12.14286, 3.42857, 9.71429, 3.85714], "texture": "#1"},
				"up": {"uv": [9.71429, 4.42857, 12.14286, 4], "texture": "#1"},
				"down": {"uv": [9.71429, 4.57143, 12.14286, 5], "texture": "#1"}
			}
		},
		{
			"from": [10.5, 8.975, 10.98453],
			"to": [18.5, 14.975, 11.01453],
			"rotation": {"angle": -22.5, "axis": "x", "origin": [8, 13.85, 10.99977]},
			"faces": {
				"north": {"uv": [6.57143, 0, 8.85714, 1.71429], "texture": "#1"},
				"south": {"uv": [8.85714, 0, 6.57143, 1.71429], "texture": "#1"}
			}
		},
		{
			"from": [13.5, 10.475, 10.5],
			"to": [14.5, 14.975, 11.5],
			"rotation": {"angle": -22.5, "axis": "x", "origin": [8, 13.85, 10.99977]},
			"faces": {
				"north": {"uv": [5.71429, 8.57143, 5.42857, 9.85714], "texture": "#1"},
				"east": {"uv": [10.85714, 6.28571, 10.57143, 7.57143], "texture": "#1"},
				"south": {"uv": [4.85714, 10.57143, 4.57143, 11.85714], "texture": "#1"},
				"west": {"uv": [4.57143, 10.57143, 4.28571, 11.85714], "texture": "#1"},
				"down": {"uv": [8.85714, 1.42857, 9.14286, 1.71429], "texture": "#1"}
			}
		},
		{
			"from": [17.5, 12.475, 10.5],
			"to": [18.5, 14.975, 11.5],
			"rotation": {"angle": -22.5, "axis": "x", "origin": [8, 13.85, 10.99977]},
			"faces": {
				"north": {"uv": [9.42857, 10.85714, 9.14286, 11.57143], "texture": "#1"},
				"east": {"uv": [10.28571, 10.85714, 10, 11.57143], "texture": "#1"},
				"south": {"uv": [10, 10.85714, 9.71429, 11.57143], "texture": "#1"},
				"west": {"uv": [9.71429, 10.85714, 9.42857, 11.57143], "texture": "#1"},
				"down": {"uv": [9.71429, 6.28571, 10, 6.57143], "texture": "#1"}
			}
		},
		{
			"from": [0.5, -5.5, 6.97868],
			"to": [3.5, -1.5, 7.00868],
			"rotation": {"angle": -45, "axis": "y", "origin": [2, -3.5, 6.99368]},
			"faces": {
				"north": {"uv": [14, 0, 8, 8], "texture": "#0"},
				"south": {"uv": [8, 0, 14, 8], "texture": "#0"}
			}
		},
		{
			"from": [1.985, -5.5, 5.49368],
			"to": [2.015, -1.5, 8.49368],
			"rotation": {"angle": -45, "axis": "y", "origin": [2, -3.5, 6.99368]},
			"faces": {
				"east": {"uv": [8, 0, 14, 8], "texture": "#0"},
				"west": {"uv": [14, 0, 8, 8], "texture": "#0"}
			}
		},
		{
			"from": [12.5, -5.5, 6.97868],
			"to": [15.5, -1.5, 7.00868],
			"rotation": {"angle": 45, "axis": "y", "origin": [14, -3.5, 6.99368]},
			"faces": {
				"north": {"uv": [8, 0, 14, 8], "texture": "#0"},
				"south": {"uv": [14, 0, 8, 8], "texture": "#0"}
			}
		},
		{
			"from": [13.985, -5.5, 5.49368],
			"to": [14.015, -1.5, 8.49368],
			"rotation": {"angle": 45, "axis": "y", "origin": [14, -3.5, 6.99368]},
			"faces": {
				"east": {"uv": [8, 0, 14, 8], "texture": "#0"},
				"west": {"uv": [14, 0, 8, 8], "texture": "#0"}
			}
		},
		{
			"from": [6.25, -7, 10.43453],
			"to": [9.75, -2, 10.46453],
			"rotation": {"angle": -45, "axis": "y", "origin": [8, -4.5, 10.44953]},
			"faces": {
				"north": {"uv": [7, 0, 0, 10], "texture": "#0"},
				"south": {"uv": [0, 0, 7, 10], "texture": "#0"}
			}
		},
		{
			"from": [7.985, -7, 8.69953],
			"to": [8.015, -2, 12.19953],
			"rotation": {"angle": -45, "axis": "y", "origin": [8, -4.5, 10.44953]},
			"faces": {
				"east": {"uv": [0, 0, 7, 10], "texture": "#0"},
				"west": {"uv": [7, 0, 0, 10], "texture": "#0"}
			}
		},
		{
			"from": [4.41373, 4, 9.05005],
			"to": [4.44373, 9, 12.05005],
			"rotation": {"angle": -45, "axis": "y", "origin": [4.42873, 6.5, 10.55005]},
			"faces": {
				"east": {"uv": [10, 0, 0, 6], "rotation": 270, "texture": "#2"},
				"west": {"uv": [0, 0, 10, 6], "rotation": 90, "texture": "#2"}
			}
		},
		{
			"from": [11.55627, 4, 9.05005],
			"to": [11.58627, 9, 12.05005],
			"rotation": {"angle": 45, "axis": "y", "origin": [11.57127, 6.5, 10.55005]},
			"faces": {
				"east": {"uv": [0, 6, 10, 0], "rotation": 90, "texture": "#2"},
				"west": {"uv": [10, 6, 0, 0], "rotation": 270, "texture": "#2"}
			}
		},
		{
			"from": [8.4725, 17.57843, 10.67487],
			"to": [8.5025, 20.57843, 12.67487],
			"rotation": {"angle": -45, "axis": "x", "origin": [10.2275, 19.82843, 11.92487]},
			"faces": {
				"east": {"uv": [0, 7, 6, 11], "rotation": 270, "texture": "#2"},
				"west": {"uv": [6, 7, 0, 11], "rotation": 90, "texture": "#2"}
			}
		},
		{
			"from": [7.4725, 18.12132, 11.07132],
			"to": [7.5025, 20.12132, 12.07132],
			"rotation": {"angle": -45, "axis": "x", "origin": [8.4875, 19.12132, 11.57132]},
			"faces": {
				"east": {"uv": [11, 2, 15, 0], "rotation": 90, "texture": "#2"},
				"west": {"uv": [15, 2, 11, 0], "rotation": 270, "texture": "#2"}
			}
		}
	],
	"gui_light": "front",
	"display": {
		"thirdperson_righthand": {
			"rotation": [51, 180, 0],
			"translation": [0, -2.75, -3.5],
			"scale": [0.6, 0.6, 0.6]
		},
		"thirdperson_lefthand": {
			"rotation": [67.75, 0, 0],
			"translation": [-5.5, -9.25, 7.5]
		},
		"firstperson_righthand": {
			"rotation": [158.75, 0, -180],
			"translation": [1.25, 3.25, 0],
			"scale": [0.4, 0.4, 0.4]
		},
		"firstperson_lefthand": {
			"scale": [0, 0, 0]
		},
		"ground": {
			"rotation": [-45, 0, 0],
			"translation": [0, 5, 0],
			"scale": [0.7, 0.7, 0.7]
		},
		"gui": {
			"rotation": [0, 22.5, 0],
			"translation": [0, 0.5, 0],
			"scale": [0.55, 0.55, 0.55]
		},
		"head": {
			"translation": [0, -53.25, 9],
			"scale": [1.6, 1.6, 1.6]
		},
		"fixed": {
			"rotation": [-90, 0, 0],
			"translation": [0, 0, -29.75],
			"scale": [2, 2, 2]
		}
	}
}