{
	"credit": "MadewithBlockbench",
	"texture_size": [128, 128],
	"textures": {
		"0": "item/backpacks/sakura_wings/sakura_texture",
		"1": "item/backpacks/sakura_wings/sakura_animation_01",
		"2": "item/backpacks/sakura_wings/sakura_animation_02-export",
		"particle": "item/backpacks/sakura_wings/sakura_texture"
	},
	"elements": [
		{
			"from": [8.7, -10.3, 1.7],
			"to": [10.1, -7.5, 8],
			"rotation": {"angle": -22.5, "axis": "x", "origin": [9.225, -10.3, 4.9375]},
			"faces": {
				"north": {"uv": [1.75, 2.5625, 2, 3.0625], "texture": "#0"},
				"east": {"uv": [1.9375, 3.125, 0.8125, 3.625], "texture": "#0"},
				"south": {"uv": [2, 2.5625, 1.75, 3.0625], "texture": "#0"},
				"west": {"uv": [1.9375, 3.125, 0.8125, 3.625], "texture": "#0"},
				"up": {"uv": [1.9375, 3.875, 0.8125, 3.625], "rotation": 90, "texture": "#0"},
				"down": {"uv": [1.9375, 3.625, 0.8125, 3.875], "rotation": 270, "texture": "#0"}
			}
		},
		{
			"from": [8.7, -10.3, 8],
			"to": [10.1, -7.5, 14.3],
			"rotation": {"angle": 22.5, "axis": "x", "origin": [9.225, -10.3, 11.0625]},
			"faces": {
				"north": {"uv": [1.75, 2.5625, 2, 3.0625], "texture": "#0"},
				"east": {"uv": [0.8125, 3.125, 1.9375, 3.625], "texture": "#0"},
				"south": {"uv": [2, 2.5625, 1.75, 3.0625], "texture": "#0"},
				"west": {"uv": [0.8125, 3.125, 1.9375, 3.625], "texture": "#0"},
				"up": {"uv": [0.8125, 3.875, 1.9375, 3.625], "rotation": 90, "texture": "#0"},
				"down": {"uv": [0.8125, 3.625, 1.9375, 3.875], "rotation": 270, "texture": "#0"}
			}
		},
		{
			"from": [11.5, -15.2, 6.075],
			"to": [11.5, -6.8, 9.925],
			"rotation": {"angle": 0, "axis": "y", "origin": [15, -11, 2.4]},
			"faces": {
				"north": {"uv": [0, 0, 0, 12], "texture": "#1"},
				"east": {"uv": [5.5, 0, 0, 12], "texture": "#1"},
				"south": {"uv": [0, 0, 0, 12], "texture": "#1"},
				"west": {"uv": [0, 0, 5.5, 12], "texture": "#1"},
				"up": {"uv": [0, 6, 0, 0], "texture": "#1"},
				"down": {"uv": [0, 0, 0, 6], "texture": "#1"}
			}
		},
		{
			"from": [8.525, -9.25, 5.2],
			"to": [10.275, -6.8, 7.3],
			"rotation": {"angle": -22.5, "axis": "x", "origin": [9.4, -7.325, 5.2]},
			"faces": {
				"north": {"uv": [1.6875, 1, 2, 1.4375], "texture": "#0"},
				"east": {"uv": [1.3125, 1, 1.6875, 1.4375], "texture": "#0"},
				"south": {"uv": [1.6875, 1, 2, 1.4375], "texture": "#0"},
				"west": {"uv": [1.6875, 1, 1.3125, 1.4375], "texture": "#0"},
				"up": {"uv": [2, 1.8125, 1.6875, 1.4375], "texture": "#0"},
				"down": {"uv": [2, 1.8125, 1.6875, 1.4375], "texture": "#0"}
			}
		},
		{
			"from": [8.7, -7.5, 6.775],
			"to": [10.1, -6.8, 9.225],
			"rotation": {"angle": 0, "axis": "y", "origin": [15, -12.4, 2.4]},
			"faces": {
				"north": {"uv": [1.0625, 0.625, 0.8125, 0.75], "texture": "#0"},
				"east": {"uv": [0.8125, 1.6875, 0.375, 1.8125], "texture": "#0"},
				"south": {"uv": [1.0625, 0.625, 0.8125, 0.75], "texture": "#0"},
				"west": {"uv": [0.8125, 1.6875, 0.375, 1.8125], "texture": "#0"},
				"up": {"uv": [1.0625, 1, 0.8125, 1.4375], "texture": "#0"},
				"down": {"uv": [1.0625, 1, 0.8125, 1.4375], "texture": "#0"}
			}
		},
		{
			"from": [8, -10.3, 6.6],
			"to": [10.8, -7.5, 9.4],
			"rotation": {"angle": 45, "axis": "x", "origin": [9.4, -8.9, 8]},
			"faces": {
				"north": {"uv": [2.0625, 0.5, 1.5625, 1], "texture": "#0"},
				"east": {"uv": [1.5625, 0, 2.0625, 0.5], "texture": "#0"},
				"south": {"uv": [2.0625, 0.5, 1.5625, 1], "texture": "#0"},
				"west": {"uv": [2.0625, 0, 1.5625, 0.5], "texture": "#0"},
				"up": {"uv": [2.0625, 0.5, 1.5625, 1], "texture": "#0"},
				"down": {"uv": [2.0625, 0.5, 1.5625, 1], "texture": "#0"}
			}
		},
		{
			"from": [8.525, -9.25, 8.7],
			"to": [10.275, -6.8, 10.8],
			"rotation": {"angle": 22.5, "axis": "x", "origin": [9.4, -7.325, 10.8]},
			"faces": {
				"north": {"uv": [2, 1, 1.6875, 1.4375], "texture": "#0"},
				"east": {"uv": [1.6875, 1, 1.3125, 1.4375], "texture": "#0"},
				"south": {"uv": [2, 1, 1.6875, 1.4375], "texture": "#0"},
				"west": {"uv": [1.3125, 1, 1.6875, 1.4375], "texture": "#0"},
				"up": {"uv": [2, 1.4375, 1.6875, 1.8125], "texture": "#0"},
				"down": {"uv": [2, 1.4375, 1.6875, 1.8125], "texture": "#0"}
			}
		},
		{
			"from": [7.65, -9.6, 7.3],
			"to": [11.15, -8.2, 8.7],
			"rotation": {"angle": 45, "axis": "x", "origin": [9.4, -8.9, 8]},
			"faces": {
				"north": {"uv": [1.6875, 1.4375, 1.0625, 1.6875], "texture": "#0"},
				"east": {"uv": [1.0625, 1.4375, 0.8125, 1.6875], "texture": "#0"},
				"south": {"uv": [1.6875, 1.4375, 1.0625, 1.6875], "texture": "#0"},
				"west": {"uv": [1.0625, 1.4375, 0.8125, 1.6875], "texture": "#0"},
				"up": {"uv": [1.6875, 1.4375, 1.0625, 1.6875], "texture": "#0"},
				"down": {"uv": [1.6875, 1.4375, 1.0625, 1.6875], "texture": "#0"}
			}
		},
		{
			"from": [8.35, -9.6, 12.9],
			"to": [8.35, -4, 19.2],
			"rotation": {"angle": 22.5, "axis": "y", "origin": [9.05, -6.1, 9.75]},
			"faces": {
				"north": {"uv": [0, 0, 0, 1], "texture": "#missing"},
				"east": {"uv": [4.5625, 0, 3.4375, 1], "texture": "#0"},
				"south": {"uv": [0, 0, 0, 1], "texture": "#missing"},
				"west": {"uv": [3.4375, 0, 4.5625, 1], "texture": "#0"},
				"up": {"uv": [0, 0, 0, 1], "texture": "#missing"},
				"down": {"uv": [0, 0, 0, 1], "texture": "#missing"}
			}
		},
		{
			"from": [10.03, -13.8, 15.875],
			"to": [10.03, -8.9, 19.725],
			"rotation": {"angle": 22.5, "axis": "y", "origin": [9.4, -10.65, 15]},
			"faces": {
				"north": {"uv": [0, 0, 0, 6], "texture": "#missing"},
				"east": {"uv": [0, 5, 5.5, 12], "texture": "#1"},
				"south": {"uv": [0, 0, 0, 6], "texture": "#missing"},
				"west": {"uv": [5.5, 5, 0, 12], "texture": "#1"},
				"up": {"uv": [0, 0, 0, 3], "texture": "#missing"},
				"down": {"uv": [0, 3, 0, 0], "texture": "#missing"}
			}
		},
		{
			"from": [10.03, -13.8, -3.725],
			"to": [10.03, -8.9, 0.125],
			"rotation": {"angle": -22.5, "axis": "y", "origin": [9.4, -10.65, 1]},
			"faces": {
				"north": {"uv": [0, 0, 0, 6], "texture": "#missing"},
				"east": {"uv": [5.5, 5, 0, 12], "texture": "#1"},
				"south": {"uv": [0, 0, 0, 6], "texture": "#missing"},
				"west": {"uv": [0, 5, 5.5, 12], "texture": "#1"},
				"up": {"uv": [0, 3, 0, 0], "texture": "#missing"},
				"down": {"uv": [0, 0, 0, 3], "texture": "#missing"}
			}
		},
		{
			"from": [8.35, -9.6, -3.2],
			"to": [8.35, -4, 3.1],
			"rotation": {"angle": -22.5, "axis": "y", "origin": [9.05, -6.1, 6.25]},
			"faces": {
				"north": {"uv": [0, 0, 0, 1], "texture": "#missing"},
				"east": {"uv": [3.4375, 0, 4.5625, 1], "texture": "#0"},
				"south": {"uv": [0, 0, 0, 1], "texture": "#missing"},
				"west": {"uv": [4.5625, 0, 3.4375, 1], "texture": "#0"},
				"up": {"uv": [0, 1, 0, 0], "texture": "#missing"},
				"down": {"uv": [0, 1, 0, 0], "texture": "#missing"}
			}
		},
		{
			"from": [9.4, -13.8, -8.8],
			"to": [9.4, -4.7, 5.9],
			"rotation": {"angle": 22.5, "axis": "x", "origin": [2.4, -9.6, 18.5]},
			"faces": {
				"north": {"uv": [0, 0, 0, 1.5], "texture": "#missing"},
				"east": {"uv": [15.25, 3.4375, 12.625, 5.0625], "texture": "#0"},
				"south": {"uv": [0, 0, 0, 1.5], "texture": "#missing"},
				"west": {"uv": [12.625, 3.4375, 15.25, 5.0625], "texture": "#0"},
				"up": {"uv": [0, 0, 0, 2.5], "texture": "#missing"},
				"down": {"uv": [0, 0, 0, 2.5], "texture": "#missing"}
			}
		},
		{
			"from": [9.4, -13.8, 10.1],
			"to": [9.4, -4.7, 24.8],
			"rotation": {"angle": -22.5, "axis": "x", "origin": [2.4, -9.6, -2.5]},
			"faces": {
				"north": {"uv": [0, 0, 0, 1.5], "texture": "#missing"},
				"east": {"uv": [12.625, 3.4375, 15.25, 5.0625], "texture": "#0"},
				"south": {"uv": [0, 0, 0, 1.5], "texture": "#missing"},
				"west": {"uv": [15.25, 3.4375, 12.625, 5.0625], "texture": "#0"},
				"up": {"uv": [0, 2.5, 0, 0], "texture": "#missing"},
				"down": {"uv": [0, 2.5, 0, 0], "texture": "#missing"}
			}
		},
		{
			"from": [8.28, -11.7, 5.62],
			"to": [9.33, -9.95, 9.82],
			"rotation": {"angle": -22.5, "axis": "x", "origin": [9.33, -16.075, 8]},
			"faces": {
				"north": {"uv": [1.625, 2, 1.4375, 1.6875], "texture": "#0"},
				"east": {"uv": [1.4375, 2, 0.8125, 1.6875], "texture": "#0"},
				"south": {"uv": [1.625, 2, 1.4375, 1.6875], "rotation": 180, "texture": "#0"},
				"west": {"uv": [1.4375, 1.6875, 0.8125, 2], "rotation": 180, "texture": "#0"},
				"up": {"uv": [0.8125, 2, 1.4375, 2.1875], "rotation": 90, "texture": "#0"},
				"down": {"uv": [0.8125, 2, 1.4375, 2.1875], "rotation": 90, "texture": "#0"}
			}
		},
		{
			"from": [8.28, -11.7, 6.18],
			"to": [9.33, -9.95, 10.38],
			"rotation": {"angle": 22.5, "axis": "x", "origin": [9.33, -16.075, 8]},
			"faces": {
				"north": {"uv": [1.4375, 2, 1.625, 1.6875], "rotation": 180, "texture": "#0"},
				"east": {"uv": [0.8125, 2, 1.4375, 1.6875], "texture": "#0"},
				"south": {"uv": [1.4375, 2, 1.625, 1.6875], "texture": "#0"},
				"west": {"uv": [0.8125, 1.6875, 1.4375, 2], "rotation": 180, "texture": "#0"},
				"up": {"uv": [1.4375, 2, 0.8125, 2.1875], "rotation": 90, "texture": "#0"},
				"down": {"uv": [1.4375, 2, 0.8125, 2.1875], "rotation": 90, "texture": "#0"}
			}
		},
		{
			"from": [9.05, -8.9, 16.4],
			"to": [9.05, -3.3, 23.4],
			"rotation": {"angle": 0, "axis": "y", "origin": [7.3, -13.1, 14.3]},
			"faces": {
				"north": {"uv": [0, 0, 0, 8], "rotation": 180, "texture": "#2"},
				"east": {"uv": [8, 10, 0, 0], "rotation": 270, "texture": "#2"},
				"south": {"uv": [0, 8, 0, 0], "texture": "#2"},
				"west": {"uv": [0, 10, 8, 0], "rotation": 90, "texture": "#2"},
				"up": {"uv": [0, 0, 0, 10], "rotation": 180, "texture": "#2"},
				"down": {"uv": [0, 0, 0, 10], "texture": "#2"}
			}
		},
		{
			"from": [9.05, -8.9, -7.4],
			"to": [9.05, -3.3, -0.4],
			"rotation": {"angle": 0, "axis": "y", "origin": [7.3, -13.1, 1.7]},
			"faces": {
				"north": {"uv": [0, 8, 0, 0], "texture": "#2"},
				"east": {"uv": [8, 0, 0, 10], "rotation": 270, "texture": "#2"},
				"south": {"uv": [0, 0, 0, 8], "rotation": 180, "texture": "#2"},
				"west": {"uv": [0, 0, 8, 10], "rotation": 90, "texture": "#2"},
				"up": {"uv": [0, 10, 0, 0], "rotation": 180, "texture": "#2"},
				"down": {"uv": [0, 10, 0, 0], "texture": "#2"}
			}
		}
	],
	"gui_light": "front",
	"display": {
		"thirdperson_righthand": {
			"rotation": [67.5, 90, 0],
			"scale": [0.27539, 0.27539, 0.27539]
		},
		"thirdperson_lefthand": {
			"rotation": [65, 90, 0],
			"translation": [-6, -5.25, 8.5]
		},
		"firstperson_righthand": {
			"rotation": [0, 90, 0],
			"translation": [3.75, 1, 0],
			"scale": [0.37695, 0.37695, 0.37695]
		},
		"firstperson_lefthand": {
			"rotation": [-10, 0, 0],
			"translation": [1.25, -5, 0],
			"scale": [0, 0, 0]
		},
		"ground": {
			"translation": [-45, 6, 0],
			"scale": [0.7, 0.7, 0.7]
		},
		"gui": {
			"rotation": [90, -90, 90],
			"translation": [0, 5.75, -1.5],
			"scale": [0.58891, 0.58891, 0.58891]
		},
		"head": {
			"rotation": [-145, -90, -145],
			"translation": [0, -13, 3.75],
			"scale": [2, 2, 2]
		},
		"fixed": {
			"rotation": [-90, -90, -90],
			"translation": [0.25, -1.5, -9.25],
			"scale": [1.68789, 1.68789, 1.68789]
		}
	},
	"groups": [
		{
			"name": "group",
			"origin": [16, 9, 0],
			"color": 0,
			"children": []
		},
		0,
		1,
		2,
		3,
		4,
		5,
		6,
		7,
		8,
		9,
		10,
		11,
		12,
		13,
		14,
		15,
		16,
		17
	]
}