{"textures":{"0":"modelengine:entity/tractor1red"},"elements":[{"from":[1.9063296,1.271811,17.625118],"to":[14.29673,3.2430105,19.59632],"rotation":{"angle":0.0,"axis":"y","origin":[0.49832964,-2.52979,-2.6500807]},"faces":{"east":{"uv":[3.84375,5.0625,4.03125,5.25],"rotation":0,"texture":"#0","tintindex":0},"south":{"uv":[4.5,3.53125,5.59375,3.71875],"rotation":0,"texture":"#0","tintindex":0},"north":{"uv":[4.3125,1.34375,5.40625,1.53125],"rotation":0,"texture":"#0","tintindex":0},"west":{"uv":[8.03125,5.53125,8.21875,5.71875],"rotation":0,"texture":"#0","tintindex":0},"up":{"uv":[5.875,0.53125,4.78125,0.34375],"rotation":0,"texture":"#0","tintindex":0},"down":{"uv":[5.875,0.53125,4.78125,0.71875],"rotation":0,"texture":"#0","tintindex":0}}},{"from":[1.6423297,0.9198103,-4.198881],"to":[14.03273,2.8910108,-2.2276812],"rotation":{"angle":0.0,"axis":"y","origin":[0.49832964,-2.52979,-2.6500807]},"faces":{"east":{"uv":[8.03125,5.71875,8.21875,5.90625],"rotation":0,"texture":"#0","tintindex":0},"south":{"uv":[4.78125,3.71875,5.875,3.90625],"rotation":0,"texture":"#0","tintindex":0},"north":{"uv":[4.78125,0.71875,5.875,0.90625],"rotation":0,"texture":"#0","tintindex":0},"west":{"uv":[8.03125,5.90625,8.21875,6.09375],"rotation":0,"texture":"#0","tintindex":0},"up":{"uv":[5.875,4.09375,4.78125,3.90625],"rotation":0,"texture":"#0","tintindex":0},"down":{"uv":[5.875,4.09375,4.78125,4.28125],"rotation":0,"texture":"#0","tintindex":0}}},{"from":[3.5959296,5.0734105,-10.816481],"to":[12.60713,10.705411,3.5451188],"rotation":{"angle":0.0,"axis":"y","origin":[0.49832964,-2.52979,-4.0580816]},"faces":{"east":{"uv":[2.5625,1.53125,3.84375,2.03125],"rotation":0,"texture":"#0","tintindex":0},"south":{"uv":[3.375,2.53125,4.1875,3.03125],"rotation":0,"texture":"#0","tintindex":0},"north":{"uv":[0.0,3.34375,0.8125,3.84375],"rotation":0,"texture":"#0","tintindex":0},"west":{"uv":[2.5625,2.03125,3.84375,2.53125],"rotation":0,"texture":"#0","tintindex":0},"up":{"uv":[0.8125,2.625,0.0,1.34375],"rotation":0,"texture":"#0","tintindex":0},"down":{"uv":[1.625,1.34375,0.8125,2.625],"rotation":0,"texture":"#0","tintindex":0}}},{"from":[3.5959296,2.8206105,-10.816481],"to":[12.60713,5.0734105,-8.757282],"rotation":{"angle":0.0,"axis":"y","origin":[0.49832964,-2.52979,-4.0580816]},"faces":{"east":{"uv":[1.21875,8.0625,1.40625,8.25],"rotation":0,"texture":"#0","tintindex":0},"south":{"uv":[5.90625,1.0625,6.71875,1.25],"rotation":0,"texture":"#0","tintindex":0},"north":{"uv":[5.875,5.34375,6.6875,5.53125],"rotation":0,"texture":"#0","tintindex":0},"west":{"uv":[8.0625,2.40625,8.25,2.59375],"rotation":0,"texture":"#0","tintindex":0},"up":{"uv":[6.71875,4.40625,5.90625,4.21875],"rotation":0,"texture":"#0","tintindex":0},"down":{"uv":[6.71875,4.40625,5.90625,4.59375],"rotation":0,"texture":"#0","tintindex":0}}},{"from":[3.5959296,2.8206105,-4.198881],"to":[12.60713,5.0734105,3.5451188],"rotation":{"angle":0.0,"axis":"y","origin":[0.49832964,-2.52979,-4.0580816]},"faces":{"east":{"uv":[3.375,3.03125,4.0625,3.21875],"rotation":0,"texture":"#0","tintindex":0},"south":{"uv":[5.90625,4.78125,6.71875,4.96875],"rotation":0,"texture":"#0","tintindex":0},"north":{"uv":[5.90625,4.59375,6.71875,4.78125],"rotation":0,"texture":"#0","tintindex":0},"west":{"uv":[6.21875,2.28125,6.90625,2.46875],"rotation":0,"texture":"#0","tintindex":0},"up":{"uv":[1.625,3.3125,0.8125,2.625],"rotation":0,"texture":"#0","tintindex":0},"down":{"uv":[2.4375,2.875,1.625,3.5625],"rotation":0,"texture":"#0","tintindex":0}}},{"from":[4.1591296,2.8206105,-8.845282],"to":[12.04393,5.0734105,-4.0580816],"rotation":{"angle":0.0,"axis":"y","origin":[0.49832964,-2.52979,-4.0580816]},"faces":{"east":{"uv":[6.90625,2.21875,7.34375,2.40625],"rotation":0,"texture":"#0","tintindex":0},"south":{"uv":[6.53125,2.65625,7.21875,2.84375],"rotation":0,"texture":"#0","tintindex":0},"north":{"uv":[6.53125,2.46875,7.21875,2.65625],"rotation":0,"texture":"#0","tintindex":0},"west":{"uv":[6.96875,1.0625,7.40625,1.25],"rotation":0,"texture":"#0","tintindex":0},"up":{"uv":[2.125,4.5625,1.4375,4.125],"rotation":0,"texture":"#0","tintindex":0},"down":{"uv":[4.875,2.25,4.1875,2.6875],"rotation":0,"texture":"#0","tintindex":0}}},{"from":[4.44073,0.0046105385,-10.816481],"to":[11.76233,2.8206105,-4.0580816],"rotation":{"angle":0.0,"axis":"y","origin":[0.49832964,-2.52979,-4.0580816]},"faces":{"east":{"uv":[5.9375,2.53125,6.53125,2.78125],"rotation":0,"texture":"#0","tintindex":0},"south":{"uv":[0.875,5.90625,1.53125,6.15625],"rotation":0,"texture":"#0","tintindex":0},"north":{"uv":[5.90625,0.8125,6.5625,1.0625],"rotation":0,"texture":"#0","tintindex":0},"west":{"uv":[5.9375,2.78125,6.53125,3.03125],"rotation":0,"texture":"#0","tintindex":0},"up":{"uv":[3.0,4.40625,2.34375,3.8125],"rotation":0,"texture":"#0","tintindex":0},"down":{"uv":[3.65625,3.8125,3.0,4.40625],"rotation":0,"texture":"#0","tintindex":0}}},{"from":[4.44073,0.0046105385,-15.040482],"to":[5.28553,1.1310105,-10.816481],"rotation":{"angle":0.0,"axis":"y","origin":[0.49832964,-2.52979,-4.0580816]},"faces":{"east":{"uv":[7.46875,0.1875,7.84375,0.28125],"rotation":0,"texture":"#0","tintindex":0},"south":{"uv":[2.8125,7.5625,2.875,7.65625],"rotation":0,"texture":"#0","tintindex":0},"north":{"uv":[3.40625,4.90625,3.46875,5.0],"rotation":0,"texture":"#0","tintindex":0},"west":{"uv":[8.03125,6.09375,8.40625,6.1875],"rotation":0,"texture":"#0","tintindex":0},"up":{"uv":[1.75,8.59375,1.6875,8.21875],"rotation":0,"texture":"#0","tintindex":0},"down":{"uv":[5.875,8.21875,5.8125,8.59375],"rotation":0,"texture":"#0","tintindex":0}}},{"from":[10.91753,0.0046105385,-15.040482],"to":[11.76233,1.1310105,-10.816481],"rotation":{"angle":0.0,"axis":"y","origin":[0.49832964,-2.52979,-4.0580816]},"faces":{"east":{"uv":[8.0625,2.59375,8.4375,2.6875],"rotation":0,"texture":"#0","tintindex":0},"south":{"uv":[3.40625,8.5,3.46875,8.59375],"rotation":0,"texture":"#0","tintindex":0},"north":{"uv":[4.6875,7.875,4.75,7.96875],"rotation":0,"texture":"#0","tintindex":0},"west":{"uv":[8.0625,2.6875,8.4375,2.78125],"rotation":0,"texture":"#0","tintindex":0},"up":{"uv":[5.9375,8.59375,5.875,8.21875],"rotation":0,"texture":"#0","tintindex":0},"down":{"uv":[6.0,8.21875,5.9375,8.59375],"rotation":0,"texture":"#0","tintindex":0}}},{"from":[4.44073,1.1310105,-15.040482],"to":[5.28553,1.9758105,-14.195683],"rotation":{"angle":0.0,"axis":"y","origin":[0.49832964,-2.52979,-4.0580816]},"faces":{"east":{"uv":[3.9375,7.625,4.0,7.6875],"rotation":0,"texture":"#0","tintindex":0},"south":{"uv":[1.15625,7.71875,1.21875,7.78125],"rotation":0,"texture":"#0","tintindex":0},"north":{"uv":[5.90625,1.25,5.96875,1.3125],"rotation":0,"texture":"#0","tintindex":0},"west":{"uv":[7.625,8.0625,7.6875,8.125],"rotation":0,"texture":"#0","tintindex":0},"up":{"uv":[5.65625,8.59375,5.59375,8.53125],"rotation":0,"texture":"#0","tintindex":0},"down":{"uv":[7.0,8.53125,6.9375,8.59375],"rotation":0,"texture":"#0","tintindex":0}}},{"from":[10.91753,1.1310105,-15.040482],"to":[11.76233,1.9758105,-14.195683],"rotation":{"angle":0.0,"axis":"y","origin":[0.49832964,-2.52979,-4.0580816]},"faces":{"east":{"uv":[7.1875,8.53125,7.25,8.59375],"rotation":0,"texture":"#0","tintindex":0},"south":{"uv":[8.0625,8.53125,8.125,8.59375],"rotation":0,"texture":"#0","tintindex":0},"north":{"uv":[7.0,8.53125,7.0625,8.59375],"rotation":0,"texture":"#0","tintindex":0},"west":{"uv":[8.125,8.53125,8.1875,8.59375],"rotation":0,"texture":"#0","tintindex":0},"up":{"uv":[8.25,8.59375,8.1875,8.53125],"rotation":0,"texture":"#0","tintindex":0},"down":{"uv":[8.59375,8.21875,8.53125,8.28125],"rotation":0,"texture":"#0","tintindex":0}}},{"from":[3.5959296,0.28621054,-13.632483],"to":[12.60713,0.84941006,-12.787682],"rotation":{"angle":0.0,"axis":"y","origin":[0.49832964,-2.52979,-4.0580816]},"faces":{"east":{"uv":[8.25,8.53125,8.3125,8.59375],"rotation":0,"texture":"#0","tintindex":0},"south":{"uv":[7.84375,1.1875,8.65625,1.25],"rotation":0,"texture":"#0","tintindex":0},"north":{"uv":[7.78125,2.34375,8.59375,2.40625],"rotation":0,"texture":"#0","tintindex":0},"west":{"uv":[8.53125,8.28125,8.59375,8.34375],"rotation":0,"texture":"#0","tintindex":0},"up":{"uv":[8.71875,2.0625,7.90625,2.0],"rotation":0,"texture":"#0","tintindex":0},"down":{"uv":[8.8125,6.65625,8.0,6.71875],"rotation":0,"texture":"#0","tintindex":0}}},{"from":[4.44073,2.8206105,-12.604643],"to":[5.28553,7.0446105,-11.75984],"rotation":{"angle":45.0,"axis":"x","origin":[4.8631296,3.2430105,-15.18128]},"faces":{"east":{"uv":[6.6875,8.21875,6.75,8.59375],"rotation":0,"texture":"#0","tintindex":0},"south":{"uv":[6.75,8.21875,6.8125,8.59375],"rotation":0,"texture":"#0","tintindex":0},"north":{"uv":[6.0,8.21875,6.0625,8.59375],"rotation":0,"texture":"#0","tintindex":0},"west":{"uv":[6.8125,8.21875,6.875,8.59375],"rotation":0,"texture":"#0","tintindex":0},"up":{"uv":[8.375,8.59375,8.3125,8.53125],"rotation":0,"texture":"#0","tintindex":0},"down":{"uv":[8.59375,8.34375,8.53125,8.40625],"rotation":0,"texture":"#0","tintindex":0}}},{"from":[10.91753,2.8206105,-12.604643],"to":[11.76233,7.0446105,-11.75984],"rotation":{"angle":45.0,"axis":"x","origin":[4.8631296,3.2430105,-15.18128]},"faces":{"east":{"uv":[7.75,8.21875,7.8125,8.59375],"rotation":0,"texture":"#0","tintindex":0},"south":{"uv":[7.8125,8.21875,7.875,8.59375],"rotation":0,"texture":"#0","tintindex":0},"north":{"uv":[7.6875,8.21875,7.75,8.59375],"rotation":0,"texture":"#0","tintindex":0},"west":{"uv":[7.875,8.21875,7.9375,8.59375],"rotation":0,"texture":"#0","tintindex":0},"up":{"uv":[8.4375,8.59375,8.375,8.53125],"rotation":0,"texture":"#0","tintindex":0},"down":{"uv":[8.5,8.53125,8.4375,8.59375],"rotation":0,"texture":"#0","tintindex":0}}},{"from":[4.44073,1.9758105,-12.787682],"to":[5.28553,1.9758105,-11.942883],"rotation":{"angle":0.0,"axis":"y","origin":[0.49832964,-2.52979,-2.6500807]},"faces":{"east":{"uv":[0.0,0.0,0.0625,0.0],"rotation":0,"texture":"#0","tintindex":0},"south":{"uv":[0.0,0.0,0.0625,0.0],"rotation":0,"texture":"#0","tintindex":0},"north":{"uv":[0.0,0.0,0.0625,0.0],"rotation":0,"texture":"#0","tintindex":0},"west":{"uv":[0.0,0.0,0.0625,0.0],"rotation":0,"texture":"#0","tintindex":0},"up":{"uv":[8.5625,8.59375,8.5,8.53125],"rotation":0,"texture":"#0","tintindex":0},"down":{"uv":[0.0625,8.5625,0.0,8.625],"rotation":0,"texture":"#0","tintindex":0}}},{"from":[10.91753,1.9758105,-14.195683],"to":[11.76233,1.9758105,-13.350882],"rotation":{"angle":0.0,"axis":"y","origin":[0.49832964,-2.52979,-4.0580816]},"faces":{"east":{"uv":[0.0,0.0,0.0625,0.0],"rotation":0,"texture":"#0","tintindex":0},"south":{"uv":[0.0,0.0,0.0625,0.0],"rotation":0,"texture":"#0","tintindex":0},"north":{"uv":[0.0,0.0,0.0625,0.0],"rotation":0,"texture":"#0","tintindex":0},"west":{"uv":[0.0,0.0,0.0625,0.0],"rotation":0,"texture":"#0","tintindex":0},"up":{"uv":[0.125,8.625,0.0625,8.5625],"rotation":0,"texture":"#0","tintindex":0},"down":{"uv":[0.1875,8.5625,0.125,8.625],"rotation":0,"texture":"#0","tintindex":0}}},{"from":[4.44073,1.9758105,-14.195683],"to":[5.28553,1.9758105,-13.350882],"rotation":{"angle":0.0,"axis":"y","origin":[0.49832964,-2.52979,-4.0580816]},"faces":{"east":{"uv":[0.0,0.0,0.0625,0.0],"rotation":0,"texture":"#0","tintindex":0},"south":{"uv":[0.0,0.0,0.0625,0.0],"rotation":0,"texture":"#0","tintindex":0},"north":{"uv":[0.0,0.0,0.0625,0.0],"rotation":0,"texture":"#0","tintindex":0},"west":{"uv":[0.0,0.0,0.0625,0.0],"rotation":0,"texture":"#0","tintindex":0},"up":{"uv":[0.25,8.625,0.1875,8.5625],"rotation":0,"texture":"#0","tintindex":0},"down":{"uv":[0.3125,8.5625,0.25,8.625],"rotation":0,"texture":"#0","tintindex":0}}},{"from":[12.60713,0.28621054,-13.632483],"to":[13.17033,1.1310105,-10.816481],"rotation":{"angle":0.0,"axis":"y","origin":[0.49832964,-2.52979,-2.6500807]},"faces":{"east":{"uv":[3.40625,5.0,3.65625,5.0625],"rotation":0,"texture":"#0","tintindex":0},"south":{"uv":[0.375,8.5625,0.4375,8.625],"rotation":0,"texture":"#0","tintindex":0},"north":{"uv":[0.3125,8.5625,0.375,8.625],"rotation":0,"texture":"#0","tintindex":0},"west":{"uv":[7.21875,2.78125,7.46875,2.84375],"rotation":0,"texture":"#0","tintindex":0},"up":{"uv":[5.78125,1.96875,5.71875,1.71875],"rotation":0,"texture":"#0","tintindex":0},"down":{"uv":[6.0625,6.3125,6.0,6.5625],"rotation":0,"texture":"#0","tintindex":0}}},{"from":[3.0327296,0.28621054,-13.632483],"to":[3.5959296,1.1310105,-10.816481],"rotation":{"angle":0.0,"axis":"y","origin":[0.49832964,-2.52979,-4.0580816]},"faces":{"east":{"uv":[1.75,7.6875,2.0,7.75],"rotation":0,"texture":"#0","tintindex":0},"south":{"uv":[0.4375,8.5625,0.5,8.625],"rotation":0,"texture":"#0","tintindex":0},"north":{"uv":[8.5625,0.375,8.625,0.4375],"rotation":0,"texture":"#0","tintindex":0},"west":{"uv":[8.25,5.0625,8.5,5.125],"rotation":0,"texture":"#0","tintindex":0},"up":{"uv":[3.875,8.53125,3.8125,8.28125],"rotation":0,"texture":"#0","tintindex":0},"down":{"uv":[3.9375,8.28125,3.875,8.53125],"rotation":0,"texture":"#0","tintindex":0}}},{"from":[5.28553,6.0062103,-12.604643],"to":[10.91753,7.1326103,-11.75984],"rotation":{"angle":45.0,"axis":"x","origin":[4.8631296,3.2430105,-15.18128]},"faces":{"east":{"uv":[3.46875,8.5,3.53125,8.59375],"rotation":0,"texture":"#0","tintindex":0},"south":{"uv":[8.0,7.1875,8.5,7.28125],"rotation":0,"texture":"#0","tintindex":0},"north":{"uv":[6.96875,1.5,7.46875,1.59375],"rotation":0,"texture":"#0","tintindex":0},"west":{"uv":[8.5,4.25,8.5625,4.34375],"rotation":0,"texture":"#0","tintindex":0},"up":{"uv":[8.625,3.90625,8.125,3.84375],"rotation":0,"texture":"#0","tintindex":0},"down":{"uv":[8.625,3.90625,8.125,3.96875],"rotation":0,"texture":"#0","tintindex":0}}},{"from":[5.28553,3.9470105,-12.604643],"to":[10.91753,4.7918105,-11.75984],"rotation":{"angle":45.0,"axis":"x","origin":[4.8631296,3.2430105,-15.18128]},"faces":{"east":{"uv":[0.5,8.5625,0.5625,8.625],"rotation":0,"texture":"#0","tintindex":0},"south":{"uv":[8.125,4.03125,8.625,4.09375],"rotation":0,"texture":"#0","tintindex":0},"north":{"uv":[8.125,3.96875,8.625,4.03125],"rotation":0,"texture":"#0","tintindex":0},"west":{"uv":[0.5625,8.5625,0.625,8.625],"rotation":0,"texture":"#0","tintindex":0},"up":{"uv":[8.625,4.78125,8.125,4.71875],"rotation":0,"texture":"#0","tintindex":0},"down":{"uv":[8.625,4.78125,8.125,4.84375],"rotation":0,"texture":"#0","tintindex":0}}},{"from":[3.0327296,3.9470105,-10.182882],"to":[3.5959296,5.0734105,-9.338081],"rotation":{"angle":0.0,"axis":"y","origin":[0.49832964,-2.52979,-4.0580816]},"faces":{"east":{"uv":[8.5,5.0,8.5625,5.09375],"rotation":0,"texture":"#0","tintindex":0},"south":{"uv":[8.5,5.09375,8.5625,5.1875],"rotation":0,"texture":"#0","tintindex":0},"north":{"uv":[8.5,4.90625,8.5625,5.0],"rotation":0,"texture":"#0","tintindex":0},"west":{"uv":[8.5,5.1875,8.5625,5.28125],"rotation":0,"texture":"#0","tintindex":0},"up":{"uv":[0.6875,8.625,0.625,8.5625],"rotation":0,"texture":"#0","tintindex":0},"down":{"uv":[0.75,8.5625,0.6875,8.625],"rotation":0,"texture":"#0","tintindex":0}}},{"from":[1.0615296,3.6654105,-10.323683],"to":[3.0327296,5.3550105,-9.197281],"rotation":{"angle":0.0,"axis":"y","origin":[0.49832964,-2.52979,-4.0580816]},"faces":{"east":{"uv":[4.125,0.40625,4.21875,0.5625],"rotation":0,"texture":"#0","tintindex":0},"south":{"uv":[8.125,6.25,8.3125,6.40625],"rotation":0,"texture":"#0","tintindex":0},"north":{"uv":[5.59375,7.65625,5.78125,7.8125],"rotation":0,"texture":"#0","tintindex":0},"west":{"uv":[1.34375,4.90625,1.4375,5.0625],"rotation":0,"texture":"#0","tintindex":0},"up":{"uv":[3.0,6.25,2.8125,6.15625],"rotation":0,"texture":"#0","tintindex":0},"down":{"uv":[7.25,3.8125,7.0625,3.90625],"rotation":0,"texture":"#0","tintindex":0}}},{"from":[12.60713,3.9470105,-10.182882],"to":[13.17033,5.0734105,-9.338081],"rotation":{"angle":0.0,"axis":"y","origin":[0.49832964,-2.52979,-4.0580816]},"faces":{"east":{"uv":[8.5,5.53125,8.5625,5.625],"rotation":0,"texture":"#0","tintindex":0},"south":{"uv":[8.5,5.625,8.5625,5.71875],"rotation":0,"texture":"#0","tintindex":0},"north":{"uv":[8.5,5.28125,8.5625,5.375],"rotation":0,"texture":"#0","tintindex":0},"west":{"uv":[7.0625,8.5,7.125,8.59375],"rotation":0,"texture":"#0","tintindex":0},"up":{"uv":[0.8125,8.625,0.75,8.5625],"rotation":0,"texture":"#0","tintindex":0},"down":{"uv":[0.875,8.5625,0.8125,8.625],"rotation":0,"texture":"#0","tintindex":0}}},{"from":[13.17033,3.6654105,-10.323683],"to":[15.14153,5.3550105,-9.197281],"rotation":{"angle":0.0,"axis":"y","origin":[0.49832964,-2.52979,-4.0580816]},"faces":{"east":{"uv":[5.78125,7.25,5.875,7.40625],"rotation":0,"texture":"#0","tintindex":0},"south":{"uv":[7.0625,8.125,7.25,8.28125],"rotation":0,"texture":"#0","tintindex":0},"north":{"uv":[8.125,6.40625,8.3125,6.5625],"rotation":0,"texture":"#0","tintindex":0},"west":{"uv":[7.0625,7.28125,7.15625,7.4375],"rotation":0,"texture":"#0","tintindex":0},"up":{"uv":[3.0625,7.28125,2.875,7.1875],"rotation":0,"texture":"#0","tintindex":0},"down":{"uv":[7.0,7.1875,6.8125,7.28125],"rotation":0,"texture":"#0","tintindex":0}}},{"from":[-1.4728699,7.2558107,-8.000481],"to":[3.5959296,8.100611,0.16591883],"rotation":{"angle":0.0,"axis":"y","origin":[0.49832964,-2.811389,-3.7764807]},"faces":{"east":{"uv":[8.0,7.90625,8.71875,7.96875],"rotation":0,"texture":"#0","tintindex":0},"south":{"uv":[8.1875,6.9375,8.625,7.0],"rotation":0,"texture":"#0","tintindex":0},"north":{"uv":[8.1875,6.875,8.625,6.9375],"rotation":0,"texture":"#0","tintindex":0},"west":{"uv":[8.03125,1.34375,8.75,1.40625],"rotation":0,"texture":"#0","tintindex":0},"up":{"uv":[4.28125,2.25,3.84375,1.53125],"rotation":0,"texture":"#0","tintindex":0},"down":{"uv":[1.0,3.875,0.5625,4.59375],"rotation":0,"texture":"#0","tintindex":0}}},{"from":[-1.4728699,8.52301,-0.70704174],"to":[3.5959296,9.36781,3.2353587],"rotation":{"angle":45.0,"axis":"x","origin":[1.3431296,7.6782107,-1.8052816]},"faces":{"east":{"uv":[7.5,1.0,7.84375,1.0625],"rotation":0,"texture":"#0","tintindex":0},"south":{"uv":[8.1875,7.0625,8.625,7.125],"rotation":0,"texture":"#0","tintindex":0},"north":{"uv":[8.1875,7.0,8.625,7.0625],"rotation":0,"texture":"#0","tintindex":0},"west":{"uv":[0.40625,7.71875,0.75,7.78125],"rotation":0,"texture":"#0","tintindex":0},"up":{"uv":[5.6875,0.34375,5.25,0.0],"rotation":0,"texture":"#0","tintindex":0},"down":{"uv":[3.4375,5.90625,3.0,6.25],"rotation":0,"texture":"#0","tintindex":0}}},{"from":[-1.4728699,0.2439704,2.1089587],"to":[3.5959296,5.3127704,2.9537587],"rotation":{"angle":0.0,"axis":"y","origin":[0.49832964,-2.811389,-3.7764807]},"faces":{"east":{"uv":[2.03125,8.15625,2.09375,8.59375],"rotation":0,"texture":"#0","tintindex":0},"south":{"uv":[5.09375,1.53125,5.53125,1.96875],"rotation":0,"texture":"#0","tintindex":0},"north":{"uv":[3.40625,5.0625,3.84375,5.5],"rotation":0,"texture":"#0","tintindex":0},"west":{"uv":[7.25,8.1875,7.3125,8.625],"rotation":0,"texture":"#0","tintindex":0},"up":{"uv":[8.625,8.21875,8.1875,8.15625],"rotation":0,"texture":"#0","tintindex":0},"down":{"uv":[0.4375,8.21875,0.0,8.28125],"rotation":0,"texture":"#0","tintindex":0}}},{"from":[12.60713,7.2558107,-8.000481],"to":[17.67593,8.100611,0.16591883],"rotation":{"angle":0.0,"axis":"y","origin":[14.01513,-2.811389,-3.7764807]},"faces":{"east":{"uv":[8.03125,5.40625,8.75,5.46875],"rotation":0,"texture":"#0","tintindex":0},"south":{"uv":[8.21875,0.0625,8.65625,0.125],"rotation":0,"texture":"#0","tintindex":0},"north":{"uv":[8.21875,0.0,8.65625,0.0625],"rotation":0,"texture":"#0","tintindex":0},"west":{"uv":[8.03125,5.46875,8.75,5.53125],"rotation":0,"texture":"#0","tintindex":0},"up":{"uv":[1.4375,4.59375,1.0,3.875],"rotation":0,"texture":"#0","tintindex":0},"down":{"uv":[4.5,3.03125,4.0625,3.75],"rotation":0,"texture":"#0","tintindex":0}}},{"from":[12.60713,0.2439704,2.1089587],"to":[17.67593,5.3127704,2.9537587],"rotation":{"angle":0.0,"axis":"y","origin":[14.01513,-2.811389,-3.7764807]},"faces":{"east":{"uv":[7.3125,8.1875,7.375,8.625],"rotation":0,"texture":"#0","tintindex":0},"south":{"uv":[2.25,5.09375,2.6875,5.53125],"rotation":0,"texture":"#0","tintindex":0},"north":{"uv":[1.8125,5.09375,2.25,5.53125],"rotation":0,"texture":"#0","tintindex":0},"west":{"uv":[7.375,8.1875,7.4375,8.625],"rotation":0,"texture":"#0","tintindex":0},"up":{"uv":[8.65625,0.1875,8.21875,0.125],"rotation":0,"texture":"#0","tintindex":0},"down":{"uv":[8.65625,0.1875,8.21875,0.25],"rotation":0,"texture":"#0","tintindex":0}}},{"from":[12.60713,8.52301,-0.70704174],"to":[17.67593,9.36781,3.2353587],"rotation":{"angle":45.0,"axis":"x","origin":[14.85993,7.6782107,-1.8052816]},"faces":{"east":{"uv":[8.25,0.71875,8.59375,0.78125],"rotation":0,"texture":"#0","tintindex":0},"south":{"uv":[8.21875,0.3125,8.65625,0.375],"rotation":0,"texture":"#0","tintindex":0},"north":{"uv":[8.21875,0.25,8.65625,0.3125],"rotation":0,"texture":"#0","tintindex":0},"west":{"uv":[8.25,0.78125,8.59375,0.84375],"rotation":0,"texture":"#0","tintindex":0},"up":{"uv":[1.96875,6.28125,1.53125,5.9375],"rotation":0,"texture":"#0","tintindex":0},"down":{"uv":[2.40625,5.9375,1.96875,6.28125],"rotation":0,"texture":"#0","tintindex":0}}},{"from":[3.5959296,3.9470105,13.401119],"to":[12.60713,10.423811,15.935518],"rotation":{"angle":0.0,"axis":"y","origin":[0.49832964,-2.52979,-2.6500807]},"faces":{"east":{"uv":[6.0,6.5625,6.21875,7.125],"rotation":0,"texture":"#0","tintindex":0},"south":{"uv":[2.4375,3.25,3.25,3.8125],"rotation":0,"texture":"#0","tintindex":0},"north":{"uv":[2.9375,0.0,3.75,0.5625],"rotation":0,"texture":"#0","tintindex":0},"west":{"uv":[6.21875,6.5625,6.4375,7.125],"rotation":0,"texture":"#0","tintindex":0},"up":{"uv":[5.78125,2.1875,4.96875,1.96875],"rotation":0,"texture":"#0","tintindex":0},"down":{"uv":[0.8125,5.15625,0.0,5.375],"rotation":0,"texture":"#0","tintindex":0}}},{"from":[3.5959296,0.0046105385,13.119519],"to":[12.60713,3.9470105,17.625118],"rotation":{"angle":0.0,"axis":"y","origin":[0.49832964,-2.52979,-2.6500807]},"faces":{"east":{"uv":[5.9375,3.03125,6.34375,3.375],"rotation":0,"texture":"#0","tintindex":0},"south":{"uv":[4.28125,1.53125,5.09375,1.875],"rotation":0,"texture":"#0","tintindex":0},"north":{"uv":[4.1875,2.6875,5.0,3.03125],"rotation":0,"texture":"#0","tintindex":0},"west":{"uv":[0.4375,5.96875,0.84375,6.3125],"rotation":0,"texture":"#0","tintindex":0},"up":{"uv":[4.3125,1.53125,3.5,1.125],"rotation":0,"texture":"#0","tintindex":0},"down":{"uv":[4.5625,0.0,3.75,0.40625],"rotation":0,"texture":"#0","tintindex":0}}},{"from":[-1.7544699,8.663811,15.372319],"to":[3.5959296,9.508611,21.849121],"rotation":{"angle":0.0,"axis":"y","origin":[0.49832964,-2.811389,-0.67888165]},"faces":{"east":{"uv":[8.0625,2.96875,8.625,3.03125],"rotation":0,"texture":"#0","tintindex":0},"south":{"uv":[0.0,8.15625,0.46875,8.21875],"rotation":0,"texture":"#0","tintindex":0},"north":{"uv":[7.25,8.125,7.71875,8.1875],"rotation":0,"texture":"#0","tintindex":0},"west":{"uv":[8.0625,3.03125,8.625,3.09375],"rotation":0,"texture":"#0","tintindex":0},"up":{"uv":[0.875,5.15625,0.40625,4.59375],"rotation":0,"texture":"#0","tintindex":0},"down":{"uv":[1.34375,4.59375,0.875,5.15625],"rotation":0,"texture":"#0","tintindex":0}}},{"from":[-1.7544699,7.0426803,11.319493],"to":[3.5959296,7.8874803,16.388294],"rotation":{"angle":-45.0,"axis":"x","origin":[1.3431296,7.4932404,13.9242935]},"faces":{"east":{"uv":[0.4375,8.21875,0.875,8.28125],"rotation":0,"texture":"#0","tintindex":0},"south":{"uv":[8.15625,0.46875,8.625,0.53125],"rotation":0,"texture":"#0","tintindex":0},"north":{"uv":[0.46875,8.15625,0.9375,8.21875],"rotation":0,"texture":"#0","tintindex":0},"west":{"uv":[8.21875,2.78125,8.65625,2.84375],"rotation":0,"texture":"#0","tintindex":0},"up":{"uv":[5.34375,2.65625,4.875,2.21875],"rotation":0,"texture":"#0","tintindex":0},"down":{"uv":[3.40625,4.90625,2.9375,5.34375],"rotation":0,"texture":"#0","tintindex":0}}},{"from":[-1.7544699,13.689148,18.048027],"to":[3.5959296,14.533948,23.116825],"rotation":{"angle":45.0,"axis":"x","origin":[1.3431296,7.4235477,13.894425]},"faces":{"east":{"uv":[8.21875,2.84375,8.65625,2.90625],"rotation":0,"texture":"#0","tintindex":0},"south":{"uv":[8.15625,0.59375,8.625,0.65625],"rotation":0,"texture":"#0","tintindex":0},"north":{"uv":[8.15625,0.53125,8.625,0.59375],"rotation":0,"texture":"#0","tintindex":0},"west":{"uv":[8.21875,2.90625,8.65625,2.96875],"rotation":0,"texture":"#0","tintindex":0},"up":{"uv":[5.46875,1.34375,5.0,0.90625],"rotation":0,"texture":"#0","tintindex":0},"down":{"uv":[5.46875,4.28125,5.0,4.71875],"rotation":0,"texture":"#0","tintindex":0}}},{"from":[12.60713,8.663811,15.372319],"to":[17.957531,9.508611,21.849121],"rotation":{"angle":0.0,"axis":"y","origin":[14.85993,-2.811389,-0.67888165]},"faces":{"east":{"uv":[8.0625,3.09375,8.625,3.15625],"rotation":0,"texture":"#0","tintindex":0},"south":{"uv":[4.6875,8.15625,5.15625,8.21875],"rotation":0,"texture":"#0","tintindex":0},"north":{"uv":[3.625,8.15625,4.09375,8.21875],"rotation":0,"texture":"#0","tintindex":0},"west":{"uv":[8.0625,3.15625,8.625,3.21875],"rotation":0,"texture":"#0","tintindex":0},"up":{"uv":[4.53125,5.25,4.0625,4.6875],"rotation":0,"texture":"#0","tintindex":0},"down":{"uv":[5.0,4.6875,4.53125,5.25],"rotation":0,"texture":"#0","tintindex":0}}},{"from":[12.60713,7.0426803,11.319493],"to":[17.957531,7.8874803,16.388294],"rotation":{"angle":-45.0,"axis":"x","origin":[15.704729,7.4932404,13.9242935]},"faces":{"east":{"uv":[3.625,8.21875,4.0625,8.28125],"rotation":0,"texture":"#0","tintindex":0},"south":{"uv":[5.625,8.15625,6.09375,8.21875],"rotation":0,"texture":"#0","tintindex":0},"north":{"uv":[5.15625,8.15625,5.625,8.21875],"rotation":0,"texture":"#0","tintindex":0},"west":{"uv":[4.5,8.21875,4.9375,8.28125],"rotation":0,"texture":"#0","tintindex":0},"up":{"uv":[5.46875,5.15625,5.0,4.71875],"rotation":0,"texture":"#0","tintindex":0},"down":{"uv":[5.5,2.65625,5.03125,3.09375],"rotation":0,"texture":"#0","tintindex":0}}},{"from":[12.60713,13.689148,18.048027],"to":[17.957531,14.533948,23.116825],"rotation":{"angle":45.0,"axis":"x","origin":[15.704729,7.4235477,13.894425]},"faces":{"east":{"uv":[4.9375,8.21875,5.375,8.28125],"rotation":0,"texture":"#0","tintindex":0},"south":{"uv":[8.1875,0.96875,8.65625,1.03125],"rotation":0,"texture":"#0","tintindex":0},"north":{"uv":[7.71875,8.15625,8.1875,8.21875],"rotation":0,"texture":"#0","tintindex":0},"west":{"uv":[5.375,8.21875,5.8125,8.28125],"rotation":0,"texture":"#0","tintindex":0},"up":{"uv":[5.5,3.53125,5.03125,3.09375],"rotation":0,"texture":"#0","tintindex":0},"down":{"uv":[1.8125,5.0625,1.34375,5.5],"rotation":0,"texture":"#0","tintindex":0}}},{"from":[2.7511296,2.8206105,3.5451188],"to":[13.45193,4.2286105,13.119519],"rotation":{"angle":0.0,"axis":"y","origin":[-0.34646988,-2.52979,-2.6500807]},"faces":{"east":{"uv":[6.625,2.09375,7.46875,2.21875],"rotation":0,"texture":"#0","tintindex":0},"south":{"uv":[6.53125,2.84375,7.46875,2.96875],"rotation":0,"texture":"#0","tintindex":0},"north":{"uv":[6.3125,4.0625,7.25,4.1875],"rotation":0,"texture":"#0","tintindex":0},"west":{"uv":[6.625,6.5625,7.46875,6.6875],"rotation":0,"texture":"#0","tintindex":0},"up":{"uv":[2.5625,2.1875,1.625,1.34375],"rotation":0,"texture":"#0","tintindex":0},"down":{"uv":[2.9375,0.0,2.0,0.84375],"rotation":0,"texture":"#0","tintindex":0}}},{"from":[-0.8674307,0.7790108,10.303519],"to":[2.0189695,1.6238103,11.148319],"rotation":{"angle":45.0,"axis":"z","origin":[-0.76887035,3.8062105,12.133919]},"faces":{"east":{"uv":[0.9375,8.5625,1.0,8.625],"rotation":0,"texture":"#0","tintindex":0},"south":{"uv":[4.75,8.28125,5.0,8.34375],"rotation":0,"texture":"#0","tintindex":0},"north":{"uv":[4.5,8.28125,4.75,8.34375],"rotation":0,"texture":"#0","tintindex":0},"west":{"uv":[8.5625,1.03125,8.625,1.09375],"rotation":0,"texture":"#0","tintindex":0},"up":{"uv":[5.25,8.34375,5.0,8.28125],"rotation":0,"texture":"#0","tintindex":0},"down":{"uv":[5.5,8.28125,5.25,8.34375],"rotation":0,"texture":"#0","tintindex":0}}},{"from":[0.58060503,2.492743,5.516319],"to":[3.4670053,3.3375425,6.361119],"rotation":{"angle":45.0,"axis":"z","origin":[2.0238056,2.9151425,5.375519]},"faces":{"east":{"uv":[8.5625,1.09375,8.625,1.15625],"rotation":0,"texture":"#0","tintindex":0},"south":{"uv":[8.0625,8.28125,8.3125,8.34375],"rotation":0,"texture":"#0","tintindex":0},"north":{"uv":[5.5,8.28125,5.75,8.34375],"rotation":0,"texture":"#0","tintindex":0},"west":{"uv":[1.46875,8.5625,1.53125,8.625],"rotation":0,"texture":"#0","tintindex":0},"up":{"uv":[8.5625,1.71875,8.3125,1.65625],"rotation":0,"texture":"#0","tintindex":0},"down":{"uv":[8.5625,1.71875,8.3125,1.78125],"rotation":0,"texture":"#0","tintindex":0}}},{"from":[1.17417,0.7790108,6.361119],"to":[2.0189695,1.6238103,10.303519],"rotation":{"angle":45.0,"axis":"z","origin":[-0.76887035,3.8062105,12.133919]},"faces":{"east":{"uv":[8.25,1.40625,8.59375,1.46875],"rotation":0,"texture":"#0","tintindex":0},"south":{"uv":[8.5625,1.71875,8.625,1.78125],"rotation":0,"texture":"#0","tintindex":0},"north":{"uv":[8.5625,1.65625,8.625,1.71875],"rotation":0,"texture":"#0","tintindex":0},"west":{"uv":[8.25,1.46875,8.59375,1.53125],"rotation":0,"texture":"#0","tintindex":0},"up":{"uv":[1.25,5.90625,1.1875,5.5625],"rotation":0,"texture":"#0","tintindex":0},"down":{"uv":[0.8125,7.25,0.75,7.59375],"rotation":0,"texture":"#0","tintindex":0}}},{"from":[-0.3112707,1.55341,5.234719],"to":[1.6599298,2.1870103,11.429919],"rotation":{"angle":0.0,"axis":"y","origin":[-0.34646988,-2.52979,-3.4948816]},"faces":{"east":{"uv":[8.0625,3.21875,8.625,3.28125],"rotation":0,"texture":"#0","tintindex":0},"south":{"uv":[6.71875,4.71875,6.90625,4.78125],"rotation":0,"texture":"#0","tintindex":0},"north":{"uv":[6.53125,2.96875,6.71875,3.03125],"rotation":0,"texture":"#0","tintindex":0},"west":{"uv":[8.0625,3.28125,8.625,3.34375],"rotation":0,"texture":"#0","tintindex":0},"up":{"uv":[0.5625,7.21875,0.375,6.65625],"rotation":0,"texture":"#0","tintindex":0},"down":{"uv":[0.75,6.65625,0.5625,7.21875],"rotation":0,"texture":"#0","tintindex":0}}},{"from":[11.76233,8.734211,14.809118],"to":[13.17033,18.30861,16.21712],"rotation":{"angle":0.0,"axis":"y","origin":[0.49832964,-2.52979,-2.6500807]},"faces":{"east":{"uv":[4.28125,6.65625,4.40625,7.5],"rotation":0,"texture":"#0","tintindex":0},"south":{"uv":[4.40625,6.65625,4.53125,7.5],"rotation":0,"texture":"#0","tintindex":0},"north":{"uv":[4.15625,6.65625,4.28125,7.5],"rotation":0,"texture":"#0","tintindex":0},"west":{"uv":[4.53125,6.65625,4.65625,7.5],"rotation":0,"texture":"#0","tintindex":0},"up":{"uv":[3.5,0.84375,3.375,0.71875],"rotation":0,"texture":"#0","tintindex":0},"down":{"uv":[7.59375,6.5625,7.46875,6.6875],"rotation":0,"texture":"#0","tintindex":0}}},{"from":[3.0327296,8.734211,14.809118],"to":[4.44073,18.30861,16.21712],"rotation":{"angle":0.0,"axis":"y","origin":[0.49832964,-2.52979,-2.6500807]},"faces":{"east":{"uv":[4.78125,6.65625,4.90625,7.5],"rotation":0,"texture":"#0","tintindex":0},"south":{"uv":[4.90625,6.65625,5.03125,7.5],"rotation":0,"texture":"#0","tintindex":0},"north":{"uv":[4.65625,6.65625,4.78125,7.5],"rotation":0,"texture":"#0","tintindex":0},"west":{"uv":[5.03125,6.65625,5.15625,7.5],"rotation":0,"texture":"#0","tintindex":0},"up":{"uv":[7.78125,5.25,7.65625,5.125],"rotation":0,"texture":"#0","tintindex":0},"down":{"uv":[7.875,0.6875,7.75,0.8125],"rotation":0,"texture":"#0","tintindex":0}}},{"from":[2.4695296,18.30861,2.4187188],"to":[13.73353,19.71661,17.625118],"rotation":{"angle":0.0,"axis":"y","origin":[0.49832964,-2.52979,-2.6500807]},"faces":{"east":{"uv":[5.875,5.09375,7.21875,5.21875],"rotation":0,"texture":"#0","tintindex":0},"south":{"uv":[6.3125,0.6875,7.3125,0.8125],"rotation":0,"texture":"#0","tintindex":0},"north":{"uv":[5.90625,4.96875,6.90625,5.09375],"rotation":0,"texture":"#0","tintindex":0},"west":{"uv":[5.875,5.21875,7.21875,5.34375],"rotation":0,"texture":"#0","tintindex":0},"up":{"uv":[1.0,1.34375,0.0,0.0],"rotation":0,"texture":"#0","tintindex":0},"down":{"uv":[2.0,0.0,1.0,1.34375],"rotation":0,"texture":"#0","tintindex":0}}},{"from":[4.44073,16.900612,14.809118],"to":[11.76233,18.30861,16.21712],"rotation":{"angle":0.0,"axis":"y","origin":[0.49832964,-2.52979,-2.6500807]},"faces":{"east":{"uv":[6.875,7.875,7.0,8.0],"rotation":0,"texture":"#0","tintindex":0},"south":{"uv":[6.96875,1.25,7.625,1.375],"rotation":0,"texture":"#0","tintindex":0},"north":{"uv":[6.90625,4.9375,7.5625,5.0625],"rotation":0,"texture":"#0","tintindex":0},"west":{"uv":[3.9375,8.28125,4.0625,8.40625],"rotation":0,"texture":"#0","tintindex":0},"up":{"uv":[7.625,1.5,6.96875,1.375],"rotation":0,"texture":"#0","tintindex":0},"down":{"uv":[7.71875,3.5625,7.0625,3.6875],"rotation":0,"texture":"#0","tintindex":0}}},{"from":[5.00393,4.2286105,8.050719],"to":[11.19913,5.9182105,13.964319],"rotation":{"angle":0.0,"axis":"y","origin":[-0.34646988,-2.52979,-2.6500807]},"faces":{"east":{"uv":[6.90625,0.3125,7.4375,0.46875],"rotation":0,"texture":"#0","tintindex":0},"south":{"uv":[6.71875,3.90625,7.28125,4.0625],"rotation":0,"texture":"#0","tintindex":0},"north":{"uv":[2.9375,0.5625,3.5,0.71875],"rotation":0,"texture":"#0","tintindex":0},"west":{"uv":[6.90625,0.46875,7.4375,0.625],"rotation":0,"texture":"#0","tintindex":0},"up":{"uv":[4.78125,0.9375,4.21875,0.40625],"rotation":0,"texture":"#0","tintindex":0},"down":{"uv":[4.78125,3.75,4.21875,4.28125],"rotation":0,"texture":"#0","tintindex":0}}},{"from":[5.00393,5.9182105,12.274719],"to":[11.19913,12.113411,13.964319],"rotation":{"angle":0.0,"axis":"y","origin":[8.10153,8.452611,12.41552]},"faces":{"east":{"uv":[3.53125,7.0625,3.6875,7.625],"rotation":0,"texture":"#0","tintindex":0},"south":{"uv":[0.0,3.84375,0.5625,4.40625],"rotation":0,"texture":"#0","tintindex":0},"north":{"uv":[3.65625,3.8125,4.21875,4.375],"rotation":0,"texture":"#0","tintindex":0},"west":{"uv":[3.6875,7.0625,3.84375,7.625],"rotation":0,"texture":"#0","tintindex":0},"up":{"uv":[7.28125,4.9375,6.71875,4.78125],"rotation":0,"texture":"#0","tintindex":0},"down":{"uv":[7.46875,0.15625,6.90625,0.3125],"rotation":0,"texture":"#0","tintindex":0}}},{"from":[2.7511296,4.2286105,3.5451188],"to":[13.45193,11.83181,4.953119],"rotation":{"angle":0.0,"axis":"y","origin":[8.10153,12.817411,2.8411188]},"faces":{"east":{"uv":[7.0625,5.5,7.1875,6.1875],"rotation":0,"texture":"#0","tintindex":0},"south":{"uv":[2.5625,0.84375,3.5,1.53125],"rotation":0,"texture":"#0","tintindex":0},"north":{"uv":[1.625,2.1875,2.5625,2.875],"rotation":0,"texture":"#0","tintindex":0},"west":{"uv":[6.0,7.125,6.125,7.8125],"rotation":0,"texture":"#0","tintindex":0},"up":{"uv":[7.5,0.9375,6.5625,0.8125],"rotation":0,"texture":"#0","tintindex":0},"down":{"uv":[7.5,0.9375,6.5625,1.0625],"rotation":0,"texture":"#0","tintindex":0}}},{"from":[7.6791296,7.7486105,4.953119],"to":[8.52393,9.01581,5.3051186],"rotation":{"angle":0.0,"axis":"y","origin":[8.10153,12.817411,2.8411188]},"faces":{"east":{"uv":[2.53125,1.21875,2.5625,1.34375],"rotation":0,"texture":"#0","tintindex":0},"south":{"uv":[1.1875,6.5,1.25,6.625],"rotation":0,"texture":"#0","tintindex":0},"north":{"uv":[1.46875,6.15625,1.53125,6.28125],"rotation":0,"texture":"#0","tintindex":0},"west":{"uv":[2.53125,3.0625,2.5625,3.1875],"rotation":0,"texture":"#0","tintindex":0},"up":{"uv":[0.8125,3.875,0.75,3.84375],"rotation":0,"texture":"#0","tintindex":0},"down":{"uv":[3.96875,3.21875,3.90625,3.25],"rotation":0,"texture":"#0","tintindex":0}}},{"from":[2.3991299,7.7486105,3.5451188],"to":[6.62313,8.663811,5.3051186],"rotation":{"angle":0.0,"axis":"y","origin":[8.10153,12.817411,2.8411188]},"faces":{"east":{"uv":[6.75,3.28125,6.90625,3.375],"rotation":0,"texture":"#0","tintindex":0},"south":{"uv":[8.0625,3.4375,8.4375,3.53125],"rotation":0,"texture":"#0","tintindex":0},"north":{"uv":[8.0625,3.34375,8.4375,3.4375],"rotation":0,"texture":"#0","tintindex":0},"west":{"uv":[5.0,7.5,5.15625,7.59375],"rotation":0,"texture":"#0","tintindex":0},"up":{"uv":[4.125,0.5625,3.75,0.40625],"rotation":0,"texture":"#0","tintindex":0},"down":{"uv":[8.0625,7.96875,7.6875,8.125],"rotation":0,"texture":"#0","tintindex":0}}},{"from":[9.56233,7.7486105,3.5451188],"to":[13.786329,8.663811,5.3051186],"rotation":{"angle":0.0,"axis":"y","origin":[8.10153,12.817411,2.8411188]},"faces":{"east":{"uv":[8.3125,1.90625,8.46875,2.0],"rotation":0,"texture":"#0","tintindex":0},"south":{"uv":[8.0625,4.1875,8.4375,4.28125],"rotation":0,"texture":"#0","tintindex":0},"north":{"uv":[3.8125,8.0625,4.1875,8.15625],"rotation":0,"texture":"#0","tintindex":0},"west":{"uv":[8.375,4.09375,8.53125,4.1875],"rotation":0,"texture":"#0","tintindex":0},"up":{"uv":[3.5625,8.15625,3.1875,8.0],"rotation":0,"texture":"#0","tintindex":0},"down":{"uv":[5.75,8.0,5.375,8.15625],"rotation":0,"texture":"#0","tintindex":0}}},{"from":[4.44073,10.423811,14.809118],"to":[11.76233,11.550211,16.21712],"rotation":{"angle":0.0,"axis":"y","origin":[0.49832964,-2.52979,-2.6500807]},"faces":{"east":{"uv":[4.96875,1.875,5.09375,1.96875],"rotation":0,"texture":"#0","tintindex":0},"south":{"uv":[7.78125,2.25,8.4375,2.34375],"rotation":0,"texture":"#0","tintindex":0},"north":{"uv":[7.71875,4.09375,8.375,4.1875],"rotation":0,"texture":"#0","tintindex":0},"west":{"uv":[3.0625,7.1875,3.1875,7.28125],"rotation":0,"texture":"#0","tintindex":0},"up":{"uv":[7.71875,3.8125,7.0625,3.6875],"rotation":0,"texture":"#0","tintindex":0},"down":{"uv":[7.71875,6.1875,7.0625,6.3125],"rotation":0,"texture":"#0","tintindex":0}}},{"from":[11.76233,16.900612,4.910879],"to":[13.17033,18.30861,14.809118],"rotation":{"angle":0.0,"axis":"y","origin":[0.49832964,-2.52979,-2.6500807]},"faces":{"east":{"uv":[6.625,1.59375,7.5,1.71875],"rotation":0,"texture":"#0","tintindex":0},"south":{"uv":[1.75,8.3125,1.875,8.4375],"rotation":0,"texture":"#0","tintindex":0},"north":{"uv":[7.0625,8.28125,7.1875,8.40625],"rotation":0,"texture":"#0","tintindex":0},"west":{"uv":[6.625,1.71875,7.5,1.84375],"rotation":0,"texture":"#0","tintindex":0},"up":{"uv":[1.6875,7.5,1.5625,6.625],"rotation":0,"texture":"#0","tintindex":0},"down":{"uv":[1.8125,6.625,1.6875,7.5],"rotation":0,"texture":"#0","tintindex":0}}},{"from":[3.0327296,16.900612,4.910879],"to":[4.44073,18.30861,14.809118],"rotation":{"angle":0.0,"axis":"y","origin":[0.49832964,-2.52979,-2.6500807]},"faces":{"east":{"uv":[6.625,1.84375,7.5,1.96875],"rotation":0,"texture":"#0","tintindex":0},"south":{"uv":[2.40625,8.3125,2.53125,8.4375],"rotation":0,"texture":"#0","tintindex":0},"north":{"uv":[8.3125,1.78125,8.4375,1.90625],"rotation":0,"texture":"#0","tintindex":0},"west":{"uv":[6.625,1.96875,7.5,2.09375],"rotation":0,"texture":"#0","tintindex":0},"up":{"uv":[1.9375,7.5,1.8125,6.625],"rotation":0,"texture":"#0","tintindex":0},"down":{"uv":[2.0625,6.625,1.9375,7.5],"rotation":0,"texture":"#0","tintindex":0}}},{"from":[11.76233,6.1998105,1.2923188],"to":[13.17033,18.361412,2.7003188],"rotation":{"angle":22.5,"axis":"x","origin":[8.10153,11.26861,4.249119]},"faces":{"east":{"uv":[2.1875,6.28125,2.3125,7.375],"rotation":0,"texture":"#0","tintindex":0},"south":{"uv":[5.875,6.3125,6.0,7.40625],"rotation":0,"texture":"#0","tintindex":0},"north":{"uv":[2.0625,6.28125,2.1875,7.375],"rotation":0,"texture":"#0","tintindex":0},"west":{"uv":[4.03125,6.40625,4.15625,7.5],"rotation":0,"texture":"#0","tintindex":0},"up":{"uv":[2.65625,8.4375,2.53125,8.3125],"rotation":0,"texture":"#0","tintindex":0},"down":{"uv":[2.78125,8.3125,2.65625,8.4375],"rotation":0,"texture":"#0","tintindex":0}}},{"from":[3.0327296,6.1998105,1.2923188],"to":[4.44073,18.361412,2.7003188],"rotation":{"angle":22.5,"axis":"x","origin":[8.10153,11.26861,4.249119]},"faces":{"east":{"uv":[0.9375,6.5,1.0625,7.59375],"rotation":0,"texture":"#0","tintindex":0},"south":{"uv":[1.0625,6.5,1.1875,7.59375],"rotation":0,"texture":"#0","tintindex":0},"north":{"uv":[0.8125,6.5,0.9375,7.59375],"rotation":0,"texture":"#0","tintindex":0},"west":{"uv":[2.3125,6.5,2.4375,7.59375],"rotation":0,"texture":"#0","tintindex":0},"up":{"uv":[3.28125,8.4375,3.15625,8.3125],"rotation":0,"texture":"#0","tintindex":0},"down":{"uv":[3.40625,8.3125,3.28125,8.4375],"rotation":0,"texture":"#0","tintindex":0}}},{"from":[3.5959296,10.705411,-11.661282],"to":[12.60713,10.705411,-10.816481],"rotation":{"angle":0.0,"axis":"y","origin":[0.49832964,-2.52979,-4.0580816]},"faces":{"east":{"uv":[0.0,0.0,0.0625,0.0],"rotation":0,"texture":"#0","tintindex":0},"south":{"uv":[0.0,0.0,0.8125,0.0],"rotation":0,"texture":"#0","tintindex":0},"north":{"uv":[0.0,0.0,0.8125,0.0],"rotation":0,"texture":"#0","tintindex":0},"west":{"uv":[0.0,0.0,0.0625,0.0],"rotation":0,"texture":"#0","tintindex":0},"up":{"uv":[7.6875,8.0625,6.875,8.0],"rotation":0,"texture":"#0","tintindex":0},"down":{"uv":[8.8125,7.125,8.0,7.1875],"rotation":0,"texture":"#0","tintindex":0}}},{"from":[3.5959296,5.0734105,-11.661282],"to":[3.5959296,10.705411,-10.816481],"rotation":{"angle":0.0,"axis":"y","origin":[0.49832964,-2.52979,-4.0580816]},"faces":{"east":{"uv":[3.3125,7.28125,3.375,7.78125],"rotation":0,"texture":"#0","tintindex":0},"south":{"uv":[0.0,0.0,0.0,0.5],"rotation":0,"texture":"#0","tintindex":0},"north":{"uv":[0.0,0.0,0.0,0.5],"rotation":0,"texture":"#0","tintindex":0},"west":{"uv":[1.46875,8.0625,1.53125,8.5625],"rotation":0,"texture":"#0","tintindex":0},"up":{"uv":[0.0,0.0625,0.0,0.0],"rotation":0,"texture":"#0","tintindex":0},"down":{"uv":[0.0,0.0,0.0,0.0625],"rotation":0,"texture":"#0","tintindex":0}}},{"from":[12.60713,5.0734105,-11.661282],"to":[12.60713,10.705411,-10.816481],"rotation":{"angle":0.0,"axis":"y","origin":[0.49832964,-2.52979,-4.0580816]},"faces":{"east":{"uv":[4.375,8.0625,4.4375,8.5625],"rotation":0,"texture":"#0","tintindex":0},"south":{"uv":[0.0,0.0,0.0,0.5],"rotation":0,"texture":"#0","tintindex":0},"north":{"uv":[0.0,0.0,0.0,0.5],"rotation":0,"texture":"#0","tintindex":0},"west":{"uv":[4.4375,8.0625,4.5,8.5625],"rotation":0,"texture":"#0","tintindex":0},"up":{"uv":[0.0,0.0625,0.0,0.0],"rotation":0,"texture":"#0","tintindex":0},"down":{"uv":[0.0,0.0,0.0,0.0625],"rotation":0,"texture":"#0","tintindex":0}}},{"from":[5.6855297,10.705411,-2.7316809],"to":[7.0935297,18.30861,-1.3236809],"rotation":{"angle":0.0,"axis":"y","origin":[0.49832964,-2.52979,-4.0580816]},"faces":{"east":{"uv":[6.25,7.125,6.375,7.8125],"rotation":0,"texture":"#0","tintindex":0},"south":{"uv":[6.375,7.15625,6.5,7.84375],"rotation":0,"texture":"#0","tintindex":0},"north":{"uv":[6.125,7.125,6.25,7.8125],"rotation":0,"texture":"#0","tintindex":0},"west":{"uv":[6.5,7.15625,6.625,7.84375],"rotation":0,"texture":"#0","tintindex":0},"up":{"uv":[3.53125,8.4375,3.40625,8.3125],"rotation":0,"texture":"#0","tintindex":0},"down":{"uv":[6.1875,8.3125,6.0625,8.4375],"rotation":0,"texture":"#0","tintindex":0}}},{"from":[5.1223297,18.30861,-3.2948818],"to":[7.6567297,19.99821,-0.76048183],"rotation":{"angle":0.0,"axis":"y","origin":[0.49832964,-2.52979,-4.0580816]},"faces":{"east":{"uv":[3.5625,5.5,3.78125,5.65625],"rotation":0,"texture":"#0","tintindex":0},"south":{"uv":[3.21875,6.25,3.4375,6.40625],"rotation":0,"texture":"#0","tintindex":0},"north":{"uv":[3.125,5.34375,3.34375,5.5],"rotation":0,"texture":"#0","tintindex":0},"west":{"uv":[7.5,2.0625,7.71875,2.21875],"rotation":0,"texture":"#0","tintindex":0},"up":{"uv":[2.34375,4.34375,2.125,4.125],"rotation":0,"texture":"#0","tintindex":0},"down":{"uv":[2.90625,5.09375,2.6875,5.3125],"rotation":0,"texture":"#0","tintindex":0}}},{"from":[5.4039297,13.52141,-3.0132818],"to":[7.3751297,15.211011,-1.0420818],"rotation":{"angle":0.0,"axis":"y","origin":[0.49832964,-2.52979,-4.0580816]},"faces":{"east":{"uv":[2.40625,8.15625,2.59375,8.3125],"rotation":0,"texture":"#0","tintindex":0},"south":{"uv":[2.59375,8.15625,2.78125,8.3125],"rotation":0,"texture":"#0","tintindex":0},"north":{"uv":[1.75,8.15625,1.9375,8.3125],"rotation":0,"texture":"#0","tintindex":0},"west":{"uv":[3.1875,8.15625,3.375,8.3125],"rotation":0,"texture":"#0","tintindex":0},"up":{"uv":[4.375,8.25,4.1875,8.0625],"rotation":0,"texture":"#0","tintindex":0},"down":{"uv":[8.25,4.28125,8.0625,4.46875],"rotation":0,"texture":"#0","tintindex":0}}},{"from":[4.44073,16.61901,1.2923188],"to":[11.76233,18.30861,2.7003188],"rotation":{"angle":22.5,"axis":"x","origin":[8.10153,11.26861,4.249119]},"faces":{"east":{"uv":[5.40625,1.34375,5.53125,1.5],"rotation":0,"texture":"#0","tintindex":0},"south":{"uv":[6.71875,0.0,7.375,0.15625],"rotation":0,"texture":"#0","tintindex":0},"north":{"uv":[6.6875,5.34375,7.34375,5.5],"rotation":0,"texture":"#0","tintindex":0},"west":{"uv":[3.0,5.75,3.125,5.90625],"rotation":0,"texture":"#0","tintindex":0},"up":{"uv":[7.71875,6.4375,7.0625,6.3125],"rotation":0,"texture":"#0","tintindex":0},"down":{"uv":[7.71875,6.4375,7.0625,6.5625],"rotation":0,"texture":"#0","tintindex":0}}},{"from":[3.3143296,19.71661,3.2635188],"to":[4.1591296,20.279812,4.1083183],"rotation":{"angle":0.0,"axis":"y","origin":[0.49832964,-2.52979,-2.6500807]},"faces":{"east":{"uv":[8.5625,1.90625,8.625,1.96875],"rotation":0,"texture":"#0","tintindex":0},"south":{"uv":[1.9375,8.5625,2.0,8.625],"rotation":0,"texture":"#0","tintindex":0},"north":{"uv":[1.875,8.5625,1.9375,8.625],"rotation":0,"texture":"#0","tintindex":0},"west":{"uv":[8.5625,2.0625,8.625,2.125],"rotation":0,"texture":"#0","tintindex":0},"up":{"uv":[2.15625,8.625,2.09375,8.5625],"rotation":0,"texture":"#0","tintindex":0},"down":{"uv":[8.625,2.125,8.5625,2.1875],"rotation":0,"texture":"#0","tintindex":0}}},{"from":[12.04393,19.71661,3.2635188],"to":[12.88873,20.279812,4.1083183],"rotation":{"angle":0.0,"axis":"y","origin":[0.49832964,-2.52979,-2.6500807]},"faces":{"east":{"uv":[2.28125,8.5625,2.34375,8.625],"rotation":0,"texture":"#0","tintindex":0},"south":{"uv":[2.34375,8.5625,2.40625,8.625],"rotation":0,"texture":"#0","tintindex":0},"north":{"uv":[8.5625,2.1875,8.625,2.25],"rotation":0,"texture":"#0","tintindex":0},"west":{"uv":[8.5625,2.40625,8.625,2.46875],"rotation":0,"texture":"#0","tintindex":0},"up":{"uv":[8.625,2.53125,8.5625,2.46875],"rotation":0,"texture":"#0","tintindex":0},"down":{"uv":[8.625,2.53125,8.5625,2.59375],"rotation":0,"texture":"#0","tintindex":0}}},{"from":[11.76233,20.279812,2.9819188],"to":[13.17033,21.687813,4.389919],"rotation":{"angle":0.0,"axis":"y","origin":[12.46633,20.98381,3.6859188]},"faces":{"east":{"uv":[8.3125,6.375,8.4375,6.5],"rotation":0,"texture":"#0","tintindex":0},"south":{"uv":[8.3125,8.28125,8.4375,8.40625],"rotation":0,"texture":"#0","tintindex":0},"north":{"uv":[8.3125,6.25,8.4375,6.375],"rotation":0,"texture":"#0","tintindex":0},"west":{"uv":[2.78125,8.34375,2.90625,8.46875],"rotation":0,"texture":"#0","tintindex":0},"up":{"uv":[3.03125,8.46875,2.90625,8.34375],"rotation":0,"texture":"#0","tintindex":0},"down":{"uv":[3.15625,8.34375,3.03125,8.46875],"rotation":0,"texture":"#0","tintindex":0}}},{"from":[3.0327296,20.279812,2.9819188],"to":[4.44073,21.687813,4.389919],"rotation":{"angle":0.0,"axis":"y","origin":[3.7367296,20.98381,3.6859188]},"faces":{"east":{"uv":[4.625,8.34375,4.75,8.46875],"rotation":0,"texture":"#0","tintindex":0},"south":{"uv":[4.75,8.34375,4.875,8.46875],"rotation":0,"texture":"#0","tintindex":0},"north":{"uv":[4.5,8.34375,4.625,8.46875],"rotation":0,"texture":"#0","tintindex":0},"west":{"uv":[4.875,8.34375,5.0,8.46875],"rotation":0,"texture":"#0","tintindex":0},"up":{"uv":[5.125,8.46875,5.0,8.34375],"rotation":0,"texture":"#0","tintindex":0},"down":{"uv":[5.25,8.34375,5.125,8.46875],"rotation":0,"texture":"#0","tintindex":0}}},{"from":[2.4695296,17.32301,15.231519],"to":[3.0327296,17.886211,15.79472],"rotation":{"angle":0.0,"axis":"y","origin":[0.49832964,-2.52979,-2.6500807]},"faces":{"east":{"uv":[2.84375,8.5625,2.90625,8.625],"rotation":0,"texture":"#0","tintindex":0},"south":{"uv":[2.90625,8.5625,2.96875,8.625],"rotation":0,"texture":"#0","tintindex":0},"north":{"uv":[2.78125,8.5625,2.84375,8.625],"rotation":0,"texture":"#0","tintindex":0},"west":{"uv":[2.96875,8.5625,3.03125,8.625],"rotation":0,"texture":"#0","tintindex":0},"up":{"uv":[3.09375,8.625,3.03125,8.5625],"rotation":0,"texture":"#0","tintindex":0},"down":{"uv":[3.15625,8.5625,3.09375,8.625],"rotation":0,"texture":"#0","tintindex":0}}},{"from":[2.4695296,10.5646105,15.231519],"to":[2.4695296,17.32301,15.79472],"rotation":{"angle":0.0,"axis":"y","origin":[0.49832964,-2.52979,-2.6500807]},"faces":{"east":{"uv":[0.75,6.65625,0.8125,7.25],"rotation":0,"texture":"#0","tintindex":0},"south":{"uv":[0.0,0.0,0.0,0.59375],"rotation":0,"texture":"#0","tintindex":0},"north":{"uv":[0.0,0.0,0.0,0.59375],"rotation":0,"texture":"#0","tintindex":0},"west":{"uv":[2.15625,7.78125,2.21875,8.375],"rotation":0,"texture":"#0","tintindex":0},"up":{"uv":[0.0,0.0625,0.0,0.0],"rotation":0,"texture":"#0","tintindex":0},"down":{"uv":[0.0,0.0,0.0,0.0625],"rotation":0,"texture":"#0","tintindex":0}}},{"from":[2.4695296,10.0014105,15.231519],"to":[3.0327296,10.5646105,15.79472],"rotation":{"angle":0.0,"axis":"y","origin":[0.49832964,-2.52979,-2.6500807]},"faces":{"east":{"uv":[3.59375,8.5625,3.65625,8.625],"rotation":0,"texture":"#0","tintindex":0},"south":{"uv":[3.65625,8.5625,3.71875,8.625],"rotation":0,"texture":"#0","tintindex":0},"north":{"uv":[3.53125,8.5625,3.59375,8.625],"rotation":0,"texture":"#0","tintindex":0},"west":{"uv":[3.71875,8.5625,3.78125,8.625],"rotation":0,"texture":"#0","tintindex":0},"up":{"uv":[4.125,8.625,4.0625,8.5625],"rotation":0,"texture":"#0","tintindex":0},"down":{"uv":[4.1875,8.5625,4.125,8.625],"rotation":0,"texture":"#0","tintindex":0}}},{"from":[-1.4728699,18.59021,3.8267188],"to":[2.7511296,19.43501,4.6715183],"rotation":{"angle":22.5,"axis":"y","origin":[2.6103296,19.083012,4.249119]},"faces":{"east":{"uv":[4.1875,8.5625,4.25,8.625],"rotation":0,"texture":"#0","tintindex":0},"south":{"uv":[5.46875,5.09375,5.84375,5.15625],"rotation":0,"texture":"#0","tintindex":0},"north":{"uv":[0.0,5.09375,0.375,5.15625],"rotation":0,"texture":"#0","tintindex":0},"west":{"uv":[4.25,8.5625,4.3125,8.625],"rotation":0,"texture":"#0","tintindex":0},"up":{"uv":[7.28125,0.6875,6.90625,0.625],"rotation":0,"texture":"#0","tintindex":0},"down":{"uv":[8.59375,5.84375,8.21875,5.90625],"rotation":0,"texture":"#0","tintindex":0}}},{"from":[-1.4728699,17.18221,3.8267188],"to":[-0.6280699,18.59021,4.6715183],"rotation":{"angle":22.5,"axis":"y","origin":[2.6103296,19.083012,4.249119]},"faces":{"east":{"uv":[6.9375,8.40625,7.0,8.53125],"rotation":0,"texture":"#0","tintindex":0},"south":{"uv":[5.15625,8.46875,5.21875,8.59375],"rotation":0,"texture":"#0","tintindex":0},"north":{"uv":[2.0,7.65625,2.0625,7.78125],"rotation":0,"texture":"#0","tintindex":0},"west":{"uv":[5.21875,8.46875,5.28125,8.59375],"rotation":0,"texture":"#0","tintindex":0},"up":{"uv":[8.625,4.3125,8.5625,4.25],"rotation":0,"texture":"#0","tintindex":0},"down":{"uv":[4.375,8.5625,4.3125,8.625],"rotation":0,"texture":"#0","tintindex":0}}},{"from":[-2.0360708,14.366211,3.8267188],"to":[-0.064870834,17.18221,4.6715183],"rotation":{"angle":22.5,"axis":"y","origin":[2.6103296,19.083012,4.249119]},"faces":{"east":{"uv":[5.75,8.28125,5.8125,8.53125],"rotation":0,"texture":"#0","tintindex":0},"south":{"uv":[5.53125,1.71875,5.71875,1.96875],"rotation":0,"texture":"#0","tintindex":0},"north":{"uv":[1.4375,3.875,1.625,4.125],"rotation":0,"texture":"#0","tintindex":0},"west":{"uv":[7.1875,8.28125,7.25,8.53125],"rotation":0,"texture":"#0","tintindex":0},"up":{"uv":[7.0625,6.5625,6.875,6.5],"rotation":0,"texture":"#0","tintindex":0},"down":{"uv":[1.53125,7.625,1.34375,7.6875],"rotation":0,"texture":"#0","tintindex":0}}},{"from":[14.54313,1.55341,5.234719],"to":[16.51433,2.1870103,11.429919],"rotation":{"angle":0.0,"axis":"y","origin":[-0.34646988,-2.52979,-3.4948816]},"faces":{"east":{"uv":[8.0625,4.46875,8.625,4.53125],"rotation":0,"texture":"#0","tintindex":0},"south":{"uv":[8.3125,6.5,8.5,6.5625],"rotation":0,"texture":"#0","tintindex":0},"north":{"uv":[4.8125,7.90625,5.0,7.96875],"rotation":0,"texture":"#0","tintindex":0},"west":{"uv":[8.0625,4.53125,8.625,4.59375],"rotation":0,"texture":"#0","tintindex":0},"up":{"uv":[5.34375,7.21875,5.15625,6.65625],"rotation":0,"texture":"#0","tintindex":0},"down":{"uv":[5.53125,6.65625,5.34375,7.21875],"rotation":0,"texture":"#0","tintindex":0}}},{"from":[13.26889,2.9614105,6.361119],"to":[14.113689,3.8062105,10.303519],"rotation":{"angle":-45.0,"axis":"z","origin":[13.8743305,3.8062105,8.332319]},"faces":{"east":{"uv":[8.25,1.53125,8.59375,1.59375],"rotation":0,"texture":"#0","tintindex":0},"south":{"uv":[8.5625,4.40625,8.625,4.46875],"rotation":0,"texture":"#0","tintindex":0},"north":{"uv":[4.375,8.5625,4.4375,8.625],"rotation":0,"texture":"#0","tintindex":0},"west":{"uv":[8.25,1.59375,8.59375,1.65625],"rotation":0,"texture":"#0","tintindex":0},"up":{"uv":[1.40625,8.59375,1.34375,8.25],"rotation":0,"texture":"#0","tintindex":0},"down":{"uv":[8.3125,1.65625,8.25,2.0],"rotation":0,"texture":"#0","tintindex":0}}},{"from":[-0.50967026,8.100611,-7.4372816],"to":[0.053530216,8.382211,-7.4372816],"rotation":{"angle":0.0,"axis":"y","origin":[0.49832964,-2.811389,-3.7764807]},"faces":{"east":{"uv":[0.0,0.0,0.0,0.03125],"rotation":0,"texture":"#0","tintindex":0},"south":{"uv":[4.5,3.71875,4.5625,3.75],"rotation":0,"texture":"#0","tintindex":0},"north":{"uv":[3.96875,3.21875,4.03125,3.25],"rotation":0,"texture":"#0","tintindex":0},"west":{"uv":[0.0,0.0,0.0,0.03125],"rotation":0,"texture":"#0","tintindex":0},"up":{"uv":[0.0625,0.0,0.0,0.0],"rotation":0,"texture":"#0","tintindex":0},"down":{"uv":[0.0625,0.0,0.0,0.0],"rotation":0,"texture":"#0","tintindex":0}}},{"from":[-0.79127026,8.382211,-7.7188816],"to":[0.33512926,8.945411,-7.1556807],"rotation":{"angle":0.0,"axis":"y","origin":[0.49832964,-2.811389,-3.7764807]},"faces":{"east":{"uv":[4.4375,8.5625,4.5,8.625],"rotation":0,"texture":"#0","tintindex":0},"south":{"uv":[8.5,0.90625,8.59375,0.96875],"rotation":0,"texture":"#0","tintindex":0},"north":{"uv":[4.15625,6.59375,4.25,6.65625],"rotation":0,"texture":"#0","tintindex":0},"west":{"uv":[4.5,8.5625,4.5625,8.625],"rotation":0,"texture":"#0","tintindex":0},"up":{"uv":[8.59375,4.40625,8.5,4.34375],"rotation":0,"texture":"#0","tintindex":0},"down":{"uv":[8.59375,5.71875,8.5,5.78125],"rotation":0,"texture":"#0","tintindex":0}}},{"from":[15.704729,8.382211,-7.7188816],"to":[16.831131,8.945411,-7.1556807],"rotation":{"angle":0.0,"axis":"y","origin":[0.49832964,-2.811389,-3.7764807]},"faces":{"east":{"uv":[4.5625,8.5625,4.625,8.625],"rotation":0,"texture":"#0","tintindex":0},"south":{"uv":[8.5,7.1875,8.59375,7.25],"rotation":0,"texture":"#0","tintindex":0},"north":{"uv":[8.5,6.5,8.59375,6.5625],"rotation":0,"texture":"#0","tintindex":0},"west":{"uv":[4.625,8.5625,4.6875,8.625],"rotation":0,"texture":"#0","tintindex":0},"up":{"uv":[8.59375,7.875,8.5,7.8125],"rotation":0,"texture":"#0","tintindex":0},"down":{"uv":[8.59375,8.40625,8.5,8.46875],"rotation":0,"texture":"#0","tintindex":0}}},{"from":[15.98633,8.100611,-7.4372816],"to":[16.54953,8.382211,-7.4372816],"rotation":{"angle":0.0,"axis":"y","origin":[0.49832964,-2.811389,-3.7764807]},"faces":{"east":{"uv":[0.0,0.0,0.0,0.03125],"rotation":0,"texture":"#0","tintindex":0},"south":{"uv":[0.46875,4.5625,0.53125,4.59375],"rotation":0,"texture":"#0","tintindex":0},"north":{"uv":[0.40625,4.5625,0.46875,4.59375],"rotation":0,"texture":"#0","tintindex":0},"west":{"uv":[0.0,0.0,0.0,0.03125],"rotation":0,"texture":"#0","tintindex":0},"up":{"uv":[0.0625,0.0,0.0,0.0],"rotation":0,"texture":"#0","tintindex":0},"down":{"uv":[0.0625,0.0,0.0,0.0],"rotation":0,"texture":"#0","tintindex":0}}},{"from":[13.26889,2.9614105,10.303519],"to":[16.36649,3.8062105,11.148319],"rotation":{"angle":-45.0,"axis":"z","origin":[13.8743305,3.8062105,8.332319]},"faces":{"east":{"uv":[4.6875,8.5625,4.75,8.625],"rotation":0,"texture":"#0","tintindex":0},"south":{"uv":[6.625,2.21875,6.90625,2.28125],"rotation":0,"texture":"#0","tintindex":0},"north":{"uv":[6.21875,2.46875,6.5,2.53125],"rotation":0,"texture":"#0","tintindex":0},"west":{"uv":[4.75,8.5625,4.8125,8.625],"rotation":0,"texture":"#0","tintindex":0},"up":{"uv":[7.1875,2.46875,6.90625,2.40625],"rotation":0,"texture":"#0","tintindex":0},"down":{"uv":[7.625,5.4375,7.34375,5.5],"rotation":0,"texture":"#0","tintindex":0}}},{"from":[13.26889,2.9614105,5.516319],"to":[16.36649,3.8062105,6.361119],"rotation":{"angle":-45.0,"axis":"z","origin":[13.8743305,3.8062105,8.332319]},"faces":{"east":{"uv":[4.8125,8.5625,4.875,8.625],"rotation":0,"texture":"#0","tintindex":0},"south":{"uv":[7.4375,0.5625,7.71875,0.625],"rotation":0,"texture":"#0","tintindex":0},"north":{"uv":[7.4375,0.5,7.71875,0.5625],"rotation":0,"texture":"#0","tintindex":0},"west":{"uv":[4.875,8.5625,4.9375,8.625],"rotation":0,"texture":"#0","tintindex":0},"up":{"uv":[7.875,7.40625,7.59375,7.34375],"rotation":0,"texture":"#0","tintindex":0},"down":{"uv":[7.90625,1.4375,7.625,1.5],"rotation":0,"texture":"#0","tintindex":0}}},{"from":[13.17033,10.0014105,15.231519],"to":[13.73353,10.5646105,15.79472],"rotation":{"angle":0.0,"axis":"y","origin":[0.49832964,-2.52979,-2.6500807]},"faces":{"east":{"uv":[4.9375,8.5625,5.0,8.625],"rotation":0,"texture":"#0","tintindex":0},"south":{"uv":[8.5625,4.96875,8.625,5.03125],"rotation":0,"texture":"#0","tintindex":0},"north":{"uv":[8.5625,4.90625,8.625,4.96875],"rotation":0,"texture":"#0","tintindex":0},"west":{"uv":[5.0,8.5625,5.0625,8.625],"rotation":0,"texture":"#0","tintindex":0},"up":{"uv":[8.625,5.09375,8.5625,5.03125],"rotation":0,"texture":"#0","tintindex":0},"down":{"uv":[5.125,8.5625,5.0625,8.625],"rotation":0,"texture":"#0","tintindex":0}}},{"from":[13.17033,17.32301,15.231519],"to":[13.73353,17.886211,15.79472],"rotation":{"angle":0.0,"axis":"y","origin":[0.49832964,-2.52979,-2.6500807]},"faces":{"east":{"uv":[8.5625,5.15625,8.625,5.21875],"rotation":0,"texture":"#0","tintindex":0},"south":{"uv":[8.5625,5.21875,8.625,5.28125],"rotation":0,"texture":"#0","tintindex":0},"north":{"uv":[8.5625,5.09375,8.625,5.15625],"rotation":0,"texture":"#0","tintindex":0},"west":{"uv":[8.5625,5.28125,8.625,5.34375],"rotation":0,"texture":"#0","tintindex":0},"up":{"uv":[8.625,5.40625,8.5625,5.34375],"rotation":0,"texture":"#0","tintindex":0},"down":{"uv":[8.625,5.53125,8.5625,5.59375],"rotation":0,"texture":"#0","tintindex":0}}},{"from":[13.73353,10.5646105,15.231519],"to":[13.73353,17.32301,15.79472],"rotation":{"angle":0.0,"axis":"y","origin":[0.49832964,-2.52979,-2.6500807]},"faces":{"east":{"uv":[2.09375,7.96875,2.15625,8.5625],"rotation":0,"texture":"#0","tintindex":0},"south":{"uv":[0.0,0.0,0.0,0.59375],"rotation":0,"texture":"#0","tintindex":0},"north":{"uv":[0.0,0.0,0.0,0.59375],"rotation":0,"texture":"#0","tintindex":0},"west":{"uv":[2.21875,8.0,2.28125,8.59375],"rotation":0,"texture":"#0","tintindex":0},"up":{"uv":[0.0,0.0625,0.0,0.0],"rotation":0,"texture":"#0","tintindex":0},"down":{"uv":[0.0,0.0,0.0,0.0625],"rotation":0,"texture":"#0","tintindex":0}}},{"from":[13.45193,18.59021,3.8267188],"to":[17.67593,19.43501,4.6715183],"rotation":{"angle":-22.5,"axis":"y","origin":[13.8743305,19.083012,4.249119]},"faces":{"east":{"uv":[8.5625,5.59375,8.625,5.65625],"rotation":0,"texture":"#0","tintindex":0},"south":{"uv":[8.21875,5.96875,8.59375,6.03125],"rotation":0,"texture":"#0","tintindex":0},"north":{"uv":[8.21875,5.90625,8.59375,5.96875],"rotation":0,"texture":"#0","tintindex":0},"west":{"uv":[8.5625,5.65625,8.625,5.71875],"rotation":0,"texture":"#0","tintindex":0},"up":{"uv":[8.59375,6.09375,8.21875,6.03125],"rotation":0,"texture":"#0","tintindex":0},"down":{"uv":[8.59375,7.34375,8.21875,7.40625],"rotation":0,"texture":"#0","tintindex":0}}},{"from":[16.831131,17.18221,3.8267188],"to":[17.67593,18.59021,4.6715183],"rotation":{"angle":-22.5,"axis":"y","origin":[13.8743305,19.083012,4.249119]},"faces":{"east":{"uv":[5.34375,8.46875,5.40625,8.59375],"rotation":0,"texture":"#0","tintindex":0},"south":{"uv":[5.40625,8.46875,5.46875,8.59375],"rotation":0,"texture":"#0","tintindex":0},"north":{"uv":[5.28125,8.46875,5.34375,8.59375],"rotation":0,"texture":"#0","tintindex":0},"west":{"uv":[5.46875,8.46875,5.53125,8.59375],"rotation":0,"texture":"#0","tintindex":0},"up":{"uv":[8.625,5.84375,8.5625,5.78125],"rotation":0,"texture":"#0","tintindex":0},"down":{"uv":[6.21875,8.5625,6.15625,8.625],"rotation":0,"texture":"#0","tintindex":0}}},{"from":[16.26793,14.366211,3.8267188],"to":[18.23913,17.18221,4.6715183],"rotation":{"angle":-22.5,"axis":"y","origin":[13.8743305,19.083012,4.249119]},"faces":{"east":{"uv":[1.875,8.3125,1.9375,8.5625],"rotation":0,"texture":"#0","tintindex":0},"south":{"uv":[1.03125,7.96875,1.21875,8.21875],"rotation":0,"texture":"#0","tintindex":0},"north":{"uv":[4.25,6.0625,4.4375,6.3125],"rotation":0,"texture":"#0","tintindex":0},"west":{"uv":[6.1875,8.3125,6.25,8.5625],"rotation":0,"texture":"#0","tintindex":0},"up":{"uv":[8.5625,2.25,8.375,2.1875],"rotation":0,"texture":"#0","tintindex":0},"down":{"uv":[8.5625,2.53125,8.375,2.59375],"rotation":0,"texture":"#0","tintindex":0}}},{"from":[4.44073,4.2286105,6.079519],"to":[5.84873,5.9182105,6.642719],"rotation":{"angle":-45.0,"axis":"x","origin":[5.56713,5.0734105,5.516319]},"faces":{"east":{"uv":[3.34375,5.34375,3.40625,5.5],"rotation":0,"texture":"#0","tintindex":0},"south":{"uv":[1.9375,7.5,2.0625,7.65625],"rotation":0,"texture":"#0","tintindex":0},"north":{"uv":[3.4375,5.90625,3.5625,6.0625],"rotation":0,"texture":"#0","tintindex":0},"west":{"uv":[3.78125,5.5,3.84375,5.65625],"rotation":0,"texture":"#0","tintindex":0},"up":{"uv":[2.5625,3.25,2.4375,3.1875],"rotation":0,"texture":"#0","tintindex":0},"down":{"uv":[3.9375,7.8125,3.8125,7.875],"rotation":0,"texture":"#0","tintindex":0}}},{"from":[5.00393,4.7918105,4.389919],"to":[5.28553,5.3550105,6.079519],"rotation":{"angle":-45.0,"axis":"x","origin":[5.56713,5.0734105,5.516319]},"faces":{"east":{"uv":[4.0625,3.75,4.21875,3.8125],"rotation":0,"texture":"#0","tintindex":0},"south":{"uv":[2.90625,5.25,2.9375,5.3125],"rotation":0,"texture":"#0","tintindex":0},"north":{"uv":[0.375,5.09375,0.40625,5.15625],"rotation":0,"texture":"#0","tintindex":0},"west":{"uv":[5.34375,2.59375,5.5,2.65625],"rotation":0,"texture":"#0","tintindex":0},"up":{"uv":[5.03125,3.0,5.0,2.84375],"rotation":0,"texture":"#0","tintindex":0},"down":{"uv":[4.0625,5.0625,4.03125,5.21875],"rotation":0,"texture":"#0","tintindex":0}}},{"from":[10.07273,4.7918105,4.389919],"to":[10.35433,5.3550105,6.079519],"rotation":{"angle":-45.0,"axis":"x","origin":[5.56713,5.0734105,5.516319]},"faces":{"east":{"uv":[5.78125,2.53125,5.9375,2.59375],"rotation":0,"texture":"#0","tintindex":0},"south":{"uv":[5.84375,5.09375,5.875,5.15625],"rotation":0,"texture":"#0","tintindex":0},"north":{"uv":[2.65625,5.6875,2.6875,5.75],"rotation":0,"texture":"#0","tintindex":0},"west":{"uv":[2.40625,6.09375,2.5625,6.15625],"rotation":0,"texture":"#0","tintindex":0},"up":{"uv":[2.9375,5.25,2.90625,5.09375],"rotation":0,"texture":"#0","tintindex":0},"down":{"uv":[0.8125,5.375,0.78125,5.53125],"rotation":0,"texture":"#0","tintindex":0}}},{"from":[9.50953,4.2286105,6.079519],"to":[10.91753,5.9182105,6.642719],"rotation":{"angle":-45.0,"axis":"x","origin":[5.56713,5.0734105,5.516319]},"faces":{"east":{"uv":[7.375,0.0,7.4375,0.15625],"rotation":0,"texture":"#0","tintindex":0},"south":{"uv":[7.6875,7.8125,7.8125,7.96875],"rotation":0,"texture":"#0","tintindex":0},"north":{"uv":[1.21875,7.71875,1.34375,7.875],"rotation":0,"texture":"#0","tintindex":0},"west":{"uv":[7.0,7.46875,7.0625,7.625],"rotation":0,"texture":"#0","tintindex":0},"up":{"uv":[5.65625,8.53125,5.53125,8.46875],"rotation":0,"texture":"#0","tintindex":0},"down":{"uv":[8.59375,7.53125,8.46875,7.59375],"rotation":0,"texture":"#0","tintindex":0}}},{"from":[11.48073,4.2286105,6.079519],"to":[12.32553,5.3550105,6.642719],"rotation":{"angle":-45.0,"axis":"x","origin":[5.56713,5.0734105,5.516319]},"faces":{"east":{"uv":[8.53125,1.25,8.59375,1.34375],"rotation":0,"texture":"#0","tintindex":0},"south":{"uv":[1.75,8.53125,1.8125,8.625],"rotation":0,"texture":"#0","tintindex":0},"north":{"uv":[7.125,8.5,7.1875,8.59375],"rotation":0,"texture":"#0","tintindex":0},"west":{"uv":[1.8125,8.53125,1.875,8.625],"rotation":0,"texture":"#0","tintindex":0},"up":{"uv":[6.28125,8.625,6.21875,8.5625],"rotation":0,"texture":"#0","tintindex":0},"down":{"uv":[6.34375,8.5625,6.28125,8.625],"rotation":0,"texture":"#0","tintindex":0}}},{"from":[11.76233,4.51021,4.389919],"to":[12.04393,5.0734105,6.079519],"rotation":{"angle":-45.0,"axis":"x","origin":[5.56713,5.0734105,5.516319]},"faces":{"east":{"uv":[8.4375,6.375,8.59375,6.4375],"rotation":0,"texture":"#0","tintindex":0},"south":{"uv":[5.875,4.21875,5.90625,4.28125],"rotation":0,"texture":"#0","tintindex":0},"north":{"uv":[5.875,0.8125,5.90625,0.875],"rotation":0,"texture":"#0","tintindex":0},"west":{"uv":[8.4375,6.4375,8.59375,6.5],"rotation":0,"texture":"#0","tintindex":0},"up":{"uv":[2.6875,5.6875,2.65625,5.53125],"rotation":0,"texture":"#0","tintindex":0},"down":{"uv":[0.875,5.96875,0.84375,6.125],"rotation":0,"texture":"#0","tintindex":0}}},{"from":[6.4119296,5.9182105,9.458719],"to":[6.9751296,9.297411,10.021919],"rotation":{"angle":-45.0,"axis":"x","origin":[5.56713,5.0734105,5.516319]},"faces":{"east":{"uv":[4.1875,8.25,4.25,8.5625],"rotation":0,"texture":"#0","tintindex":0},"south":{"uv":[4.25,8.25,4.3125,8.5625],"rotation":0,"texture":"#0","tintindex":0},"north":{"uv":[4.15625,4.375,4.21875,4.6875],"rotation":0,"texture":"#0","tintindex":0},"west":{"uv":[4.3125,8.25,4.375,8.5625],"rotation":0,"texture":"#0","tintindex":0},"up":{"uv":[6.40625,8.625,6.34375,8.5625],"rotation":0,"texture":"#0","tintindex":0},"down":{"uv":[6.46875,8.5625,6.40625,8.625],"rotation":0,"texture":"#0","tintindex":0}}},{"from":[7.8199296,7.3262105,6.924319],"to":[8.38313,7.8894105,9.458719],"rotation":{"angle":-45.0,"axis":"x","origin":[5.56713,5.0734105,5.516319]},"faces":{"east":{"uv":[2.125,4.34375,2.34375,4.40625],"rotation":0,"texture":"#0","tintindex":0},"south":{"uv":[8.5625,6.5625,8.625,6.625],"rotation":0,"texture":"#0","tintindex":0},"north":{"uv":[6.46875,8.5625,6.53125,8.625],"rotation":0,"texture":"#0","tintindex":0},"west":{"uv":[4.5625,0.34375,4.78125,0.40625],"rotation":0,"texture":"#0","tintindex":0},"up":{"uv":[2.3125,7.59375,2.25,7.375],"rotation":0,"texture":"#0","tintindex":0},"down":{"uv":[2.21875,8.375,2.15625,8.59375],"rotation":0,"texture":"#0","tintindex":0}}},{"from":[9.22793,5.9182105,9.458719],"to":[9.79113,9.297411,10.021919],"rotation":{"angle":-45.0,"axis":"x","origin":[5.56713,5.0734105,5.516319]},"faces":{"east":{"uv":[6.34375,8.25,6.40625,8.5625],"rotation":0,"texture":"#0","tintindex":0},"south":{"uv":[6.40625,8.25,6.46875,8.5625],"rotation":0,"texture":"#0","tintindex":0},"north":{"uv":[6.28125,8.25,6.34375,8.5625],"rotation":0,"texture":"#0","tintindex":0},"west":{"uv":[6.46875,8.25,6.53125,8.5625],"rotation":0,"texture":"#0","tintindex":0},"up":{"uv":[6.65625,8.625,6.59375,8.5625],"rotation":0,"texture":"#0","tintindex":0},"down":{"uv":[8.625,6.71875,8.5625,6.78125],"rotation":0,"texture":"#0","tintindex":0}}},{"from":[6.9751296,8.734211,9.458719],"to":[9.22793,9.297411,10.021919],"rotation":{"angle":-45.0,"axis":"x","origin":[5.56713,5.0734105,5.516319]},"faces":{"east":{"uv":[8.5625,6.78125,8.625,6.84375],"rotation":0,"texture":"#0","tintindex":0},"south":{"uv":[8.375,5.78125,8.5625,5.84375],"rotation":0,"texture":"#0","tintindex":0},"north":{"uv":[8.375,4.40625,8.5625,4.46875],"rotation":0,"texture":"#0","tintindex":0},"west":{"uv":[6.875,8.5625,6.9375,8.625],"rotation":0,"texture":"#0","tintindex":0},"up":{"uv":[8.5625,6.78125,8.375,6.71875],"rotation":0,"texture":"#0","tintindex":0},"down":{"uv":[8.5625,6.78125,8.375,6.84375],"rotation":0,"texture":"#0","tintindex":0}}},{"from":[6.9751296,5.9182105,9.458719],"to":[9.22793,6.4814105,10.021919],"rotation":{"angle":-45.0,"axis":"x","origin":[5.56713,5.0734105,5.516319]},"faces":{"east":{"uv":[8.5625,8.46875,8.625,8.53125],"rotation":0,"texture":"#0","tintindex":0},"south":{"uv":[8.3125,8.40625,8.5,8.46875],"rotation":0,"texture":"#0","tintindex":0},"north":{"uv":[8.40625,6.09375,8.59375,6.15625],"rotation":0,"texture":"#0","tintindex":0},"west":{"uv":[8.5625,8.53125,8.625,8.59375],"rotation":0,"texture":"#0","tintindex":0},"up":{"uv":[0.1875,8.5,0.0,8.4375],"rotation":0,"texture":"#0","tintindex":0},"down":{"uv":[0.375,8.4375,0.1875,8.5],"rotation":0,"texture":"#0","tintindex":0}}},{"from":[6.9751296,9.055836,6.8760037],"to":[9.22793,9.619036,7.439204],"rotation":{"angle":-45.0,"axis":"x","origin":[8.10153,9.055836,6.312804]},"faces":{"east":{"uv":[8.59375,0.71875,8.65625,0.78125],"rotation":0,"texture":"#0","tintindex":0},"south":{"uv":[8.4375,1.84375,8.625,1.90625],"rotation":0,"texture":"#0","tintindex":0},"north":{"uv":[8.4375,1.78125,8.625,1.84375],"rotation":0,"texture":"#0","tintindex":0},"west":{"uv":[8.59375,0.78125,8.65625,0.84375],"rotation":0,"texture":"#0","tintindex":0},"up":{"uv":[8.625,2.3125,8.4375,2.25],"rotation":0,"texture":"#0","tintindex":0},"down":{"uv":[2.59375,8.4375,2.40625,8.5],"rotation":0,"texture":"#0","tintindex":0}}},{"from":[7.8199296,9.619036,7.1576037],"to":[8.38313,10.463836,7.1576037],"rotation":{"angle":-45.0,"axis":"x","origin":[8.10153,9.055836,6.312804]},"faces":{"east":{"uv":[0.0,0.0,0.0,0.0625],"rotation":0,"texture":"#0","tintindex":0},"south":{"uv":[8.59375,1.25,8.65625,1.3125],"rotation":0,"texture":"#0","tintindex":0},"north":{"uv":[8.59375,0.90625,8.65625,0.96875],"rotation":0,"texture":"#0","tintindex":0},"west":{"uv":[0.0,0.0,0.0,0.0625],"rotation":0,"texture":"#0","tintindex":0},"up":{"uv":[0.0625,0.0,0.0,0.0],"rotation":0,"texture":"#0","tintindex":0},"down":{"uv":[0.0625,0.0,0.0,0.0],"rotation":0,"texture":"#0","tintindex":0}}},{"from":[7.8199296,8.211036,7.1576037],"to":[8.38313,9.055836,7.1576037],"rotation":{"angle":-45.0,"axis":"x","origin":[8.10153,9.055836,6.312804]},"faces":{"east":{"uv":[0.0,0.0,0.0,0.0625],"rotation":0,"texture":"#0","tintindex":0},"south":{"uv":[8.59375,1.40625,8.65625,1.46875],"rotation":0,"texture":"#0","tintindex":0},"north":{"uv":[1.34375,8.59375,1.40625,8.65625],"rotation":0,"texture":"#0","tintindex":0},"west":{"uv":[0.0,0.0,0.0,0.0625],"rotation":0,"texture":"#0","tintindex":0},"up":{"uv":[0.0625,0.0,0.0,0.0],"rotation":0,"texture":"#0","tintindex":0},"down":{"uv":[0.0625,0.0,0.0,0.0],"rotation":0,"texture":"#0","tintindex":0}}},{"from":[5.56713,10.142211,4.953119],"to":[10.63593,11.550211,5.234719],"rotation":{"angle":0.0,"axis":"y","origin":[8.10153,12.817411,2.8411188]},"faces":{"east":{"uv":[0.40625,6.1875,0.4375,6.3125],"rotation":0,"texture":"#0","tintindex":0},"south":{"uv":[7.1875,6.0625,7.625,6.1875],"rotation":0,"texture":"#0","tintindex":0},"north":{"uv":[2.9375,0.71875,3.375,0.84375],"rotation":0,"texture":"#0","tintindex":0},"west":{"uv":[6.1875,1.59375,6.21875,1.71875],"rotation":0,"texture":"#0","tintindex":0},"up":{"uv":[3.8125,3.25,3.375,3.21875],"rotation":0,"texture":"#0","tintindex":0},"down":{"uv":[4.71875,2.21875,4.28125,2.25],"rotation":0,"texture":"#0","tintindex":0}}},{"from":[4.1591296,9.297411,4.953119],"to":[5.28553,11.26861,5.234719],"rotation":{"angle":0.0,"axis":"y","origin":[8.10153,12.817411,2.8411188]},"faces":{"east":{"uv":[2.53125,0.84375,2.5625,1.03125],"rotation":0,"texture":"#0","tintindex":0},"south":{"uv":[2.3125,6.28125,2.40625,6.46875],"rotation":0,"texture":"#0","tintindex":0},"north":{"uv":[4.21875,0.9375,4.3125,1.125],"rotation":0,"texture":"#0","tintindex":0},"west":{"uv":[2.53125,1.03125,2.5625,1.21875],"rotation":0,"texture":"#0","tintindex":0},"up":{"uv":[2.4375,3.8125,2.34375,3.78125],"rotation":0,"texture":"#0","tintindex":0},"down":{"uv":[3.90625,3.21875,3.8125,3.25],"rotation":0,"texture":"#0","tintindex":0}}},{"from":[10.91753,9.297411,4.953119],"to":[12.04393,11.26861,5.234719],"rotation":{"angle":0.0,"axis":"y","origin":[8.10153,12.817411,2.8411188]},"faces":{"east":{"uv":[2.53125,2.875,2.5625,3.0625],"rotation":0,"texture":"#0","tintindex":0},"south":{"uv":[0.375,8.28125,0.46875,8.46875],"rotation":0,"texture":"#0","tintindex":0},"north":{"uv":[4.15625,6.40625,4.25,6.59375],"rotation":0,"texture":"#0","tintindex":0},"west":{"uv":[5.0,2.65625,5.03125,2.84375],"rotation":0,"texture":"#0","tintindex":0},"up":{"uv":[0.65625,3.875,0.5625,3.84375],"rotation":0,"texture":"#0","tintindex":0},"down":{"uv":[0.75,3.84375,0.65625,3.875],"rotation":0,"texture":"#0","tintindex":0}}},{"from":[7.6791296,1.6942105,24.66512],"to":[8.52393,4.7918105,25.509918],"rotation":{"angle":0.0,"axis":"y","origin":[0.49832964,-2.52979,-2.6500807]},"faces":{"east":{"uv":[4.75,7.6875,4.8125,7.96875],"rotation":0,"texture":"#0","tintindex":0},"south":{"uv":[7.0,8.25,7.0625,8.53125],"rotation":0,"texture":"#0","tintindex":0},"north":{"uv":[4.125,2.25,4.1875,2.53125],"rotation":0,"texture":"#0","tintindex":0},"west":{"uv":[0.46875,8.28125,0.53125,8.5625],"rotation":0,"texture":"#0","tintindex":0},"up":{"uv":[8.65625,1.53125,8.59375,1.46875],"rotation":0,"texture":"#0","tintindex":0},"down":{"uv":[8.65625,1.53125,8.59375,1.59375],"rotation":0,"texture":"#0","tintindex":0}}},{"from":[0.49832964,7.8190107,23.53872],"to":[1.3431296,9.508611,23.53872],"rotation":{"angle":0.0,"axis":"y","origin":[0.49832964,-2.811389,-0.67888165]},"faces":{"east":{"uv":[0.0,0.0,0.0,0.15625],"rotation":0,"texture":"#0","tintindex":0},"south":{"uv":[7.71875,2.0625,7.78125,2.21875],"rotation":0,"texture":"#0","tintindex":0},"north":{"uv":[3.21875,7.65625,3.28125,7.8125],"rotation":0,"texture":"#0","tintindex":0},"west":{"uv":[0.0,0.0,0.0,0.15625],"rotation":0,"texture":"#0","tintindex":0},"up":{"uv":[0.0625,0.0,0.0,0.0],"rotation":0,"texture":"#0","tintindex":0},"down":{"uv":[0.0625,0.0,0.0,0.0],"rotation":0,"texture":"#0","tintindex":0}}},{"from":[0.21672964,9.508611,23.257118],"to":[1.6247296,10.353411,23.82032],"rotation":{"angle":0.0,"axis":"y","origin":[0.49832964,-2.811389,-0.67888165]},"faces":{"east":{"uv":[8.59375,1.59375,8.65625,1.65625],"rotation":0,"texture":"#0","tintindex":0},"south":{"uv":[8.1875,8.46875,8.3125,8.53125],"rotation":0,"texture":"#0","tintindex":0},"north":{"uv":[8.0625,8.46875,8.1875,8.53125],"rotation":0,"texture":"#0","tintindex":0},"west":{"uv":[1.65625,8.59375,1.71875,8.65625],"rotation":0,"texture":"#0","tintindex":0},"up":{"uv":[8.4375,8.53125,8.3125,8.46875],"rotation":0,"texture":"#0","tintindex":0},"down":{"uv":[8.5625,8.46875,8.4375,8.53125],"rotation":0,"texture":"#0","tintindex":0}}},{"from":[14.85993,7.8190107,23.53872],"to":[15.704729,9.508611,23.53872],"rotation":{"angle":0.0,"axis":"y","origin":[0.49832964,-2.811389,-0.67888165]},"faces":{"east":{"uv":[0.0,0.0,0.0,0.15625],"rotation":0,"texture":"#0","tintindex":0},"south":{"uv":[6.875,8.40625,6.9375,8.5625],"rotation":0,"texture":"#0","tintindex":0},"north":{"uv":[6.59375,8.40625,6.65625,8.5625],"rotation":0,"texture":"#0","tintindex":0},"west":{"uv":[0.0,0.0,0.0,0.15625],"rotation":0,"texture":"#0","tintindex":0},"up":{"uv":[0.0625,0.0,0.0,0.0],"rotation":0,"texture":"#0","tintindex":0},"down":{"uv":[0.0625,0.0,0.0,0.0],"rotation":0,"texture":"#0","tintindex":0}}},{"from":[14.578329,9.508611,23.257118],"to":[15.98633,10.353411,23.82032],"rotation":{"angle":0.0,"axis":"y","origin":[0.49832964,-2.811389,-0.67888165]},"faces":{"east":{"uv":[2.0,8.59375,2.0625,8.65625],"rotation":0,"texture":"#0","tintindex":0},"south":{"uv":[0.125,8.5,0.25,8.5625],"rotation":0,"texture":"#0","tintindex":0},"north":{"uv":[0.0,8.5,0.125,8.5625],"rotation":0,"texture":"#0","tintindex":0},"west":{"uv":[2.15625,8.59375,2.21875,8.65625],"rotation":0,"texture":"#0","tintindex":0},"up":{"uv":[0.375,8.5625,0.25,8.5],"rotation":0,"texture":"#0","tintindex":0},"down":{"uv":[8.625,0.84375,8.5,0.90625],"rotation":0,"texture":"#0","tintindex":0}}},{"from":[4.1591296,0.0046105385,19.59632],"to":[12.04393,3.9470105,24.10192],"rotation":{"angle":0.0,"axis":"y","origin":[0.49832964,-2.52979,-2.6500807]},"faces":{"east":{"uv":[5.96875,1.25,6.375,1.59375],"rotation":0,"texture":"#0","tintindex":0},"south":{"uv":[4.5625,0.0,5.25,0.34375],"rotation":0,"texture":"#0","tintindex":0},"north":{"uv":[4.28125,1.875,4.96875,2.21875],"rotation":0,"texture":"#0","tintindex":0},"west":{"uv":[4.4375,5.96875,4.84375,6.3125],"rotation":0,"texture":"#0","tintindex":0},"up":{"uv":[4.90625,4.6875,4.21875,4.28125],"rotation":0,"texture":"#0","tintindex":0},"down":{"uv":[5.0,0.9375,4.3125,1.34375],"rotation":0,"texture":"#0","tintindex":0}}},{"from":[3.8775296,0.14541006,26.073118],"to":[12.32553,0.70861053,26.91792],"rotation":{"angle":0.0,"axis":"y","origin":[0.49832964,-2.52979,-2.6500807]},"faces":{"east":{"uv":[2.21875,8.59375,2.28125,8.65625],"rotation":0,"texture":"#0","tintindex":0},"south":{"uv":[8.0,7.625,8.75,7.6875],"rotation":0,"texture":"#0","tintindex":0},"north":{"uv":[8.0,7.28125,8.75,7.34375],"rotation":0,"texture":"#0","tintindex":0},"west":{"uv":[8.59375,2.3125,8.65625,2.375],"rotation":0,"texture":"#0","tintindex":0},"up":{"uv":[8.75,7.75,8.0,7.6875],"rotation":0,"texture":"#0","tintindex":0},"down":{"uv":[8.75,7.75,8.0,7.8125],"rotation":0,"texture":"#0","tintindex":0}}},{"from":[4.1591296,0.84941006,27.48112],"to":[5.00393,1.6942105,28.325918],"rotation":{"angle":0.0,"axis":"y","origin":[0.49832964,-2.52979,-2.6500807]},"faces":{"east":{"uv":[3.46875,8.59375,3.53125,8.65625],"rotation":0,"texture":"#0","tintindex":0},"south":{"uv":[3.9375,8.59375,4.0,8.65625],"rotation":0,"texture":"#0","tintindex":0},"north":{"uv":[3.40625,8.59375,3.46875,8.65625],"rotation":0,"texture":"#0","tintindex":0},"west":{"uv":[4.0,8.59375,4.0625,8.65625],"rotation":0,"texture":"#0","tintindex":0},"up":{"uv":[8.65625,4.15625,8.59375,4.09375],"rotation":0,"texture":"#0","tintindex":0},"down":{"uv":[8.65625,4.3125,8.59375,4.375],"rotation":0,"texture":"#0","tintindex":0}}},{"from":[11.19913,0.84941006,27.48112],"to":[12.04393,1.6942105,28.325918],"rotation":{"angle":0.0,"axis":"y","origin":[0.49832964,-2.52979,-2.6500807]},"faces":{"east":{"uv":[5.1875,8.59375,5.25,8.65625],"rotation":0,"texture":"#0","tintindex":0},"south":{"uv":[5.25,8.59375,5.3125,8.65625],"rotation":0,"texture":"#0","tintindex":0},"north":{"uv":[5.125,8.59375,5.1875,8.65625],"rotation":0,"texture":"#0","tintindex":0},"west":{"uv":[5.3125,8.59375,5.375,8.65625],"rotation":0,"texture":"#0","tintindex":0},"up":{"uv":[5.4375,8.65625,5.375,8.59375],"rotation":0,"texture":"#0","tintindex":0},"down":{"uv":[5.5,8.59375,5.4375,8.65625],"rotation":0,"texture":"#0","tintindex":0}}},{"from":[7.1159296,1.9758105,24.10192],"to":[9.08713,2.5390105,26.073118],"rotation":{"angle":0.0,"axis":"y","origin":[0.49832964,-2.52979,-2.6500807]},"faces":{"east":{"uv":[8.4375,2.59375,8.625,2.65625],"rotation":0,"texture":"#0","tintindex":0},"south":{"uv":[8.4375,2.65625,8.625,2.71875],"rotation":0,"texture":"#0","tintindex":0},"north":{"uv":[2.59375,8.4375,2.78125,8.5],"rotation":0,"texture":"#0","tintindex":0},"west":{"uv":[8.4375,2.71875,8.625,2.78125],"rotation":0,"texture":"#0","tintindex":0},"up":{"uv":[8.25,5.125,8.0625,4.9375],"rotation":0,"texture":"#0","tintindex":0},"down":{"uv":[6.5,8.0625,6.3125,8.25],"rotation":0,"texture":"#0","tintindex":0}}},{"from":[7.1159296,3.9470105,24.10192],"to":[9.08713,4.51021,26.073118],"rotation":{"angle":0.0,"axis":"y","origin":[0.49832964,-2.52979,-2.6500807]},"faces":{"east":{"uv":[3.34375,8.4375,3.53125,8.5],"rotation":0,"texture":"#0","tintindex":0},"south":{"uv":[8.4375,3.34375,8.625,3.40625],"rotation":0,"texture":"#0","tintindex":0},"north":{"uv":[3.15625,8.4375,3.34375,8.5],"rotation":0,"texture":"#0","tintindex":0},"west":{"uv":[8.4375,3.40625,8.625,3.46875],"rotation":0,"texture":"#0","tintindex":0},"up":{"uv":[6.6875,8.25,6.5,8.0625],"rotation":0,"texture":"#0","tintindex":0},"down":{"uv":[7.0625,8.0625,6.875,8.25],"rotation":0,"texture":"#0","tintindex":0}}},{"from":[11.19913,0.0046105385,24.10192],"to":[12.04393,0.84941006,28.325918],"rotation":{"angle":0.0,"axis":"y","origin":[0.49832964,-2.52979,-2.6500807]},"faces":{"east":{"uv":[8.21875,7.40625,8.59375,7.46875],"rotation":0,"texture":"#0","tintindex":0},"south":{"uv":[5.65625,8.59375,5.71875,8.65625],"rotation":0,"texture":"#0","tintindex":0},"north":{"uv":[5.59375,8.59375,5.65625,8.65625],"rotation":0,"texture":"#0","tintindex":0},"west":{"uv":[8.21875,7.46875,8.59375,7.53125],"rotation":0,"texture":"#0","tintindex":0},"up":{"uv":[8.0,8.59375,7.9375,8.21875],"rotation":0,"texture":"#0","tintindex":0},"down":{"uv":[8.0625,8.21875,8.0,8.59375],"rotation":0,"texture":"#0","tintindex":0}}},{"from":[3.3143296,0.14541006,26.073118],"to":[3.8775296,0.70861053,28.325918],"rotation":{"angle":0.0,"axis":"y","origin":[0.49832964,-2.52979,-2.6500807]},"faces":{"east":{"uv":[8.4375,3.46875,8.625,3.53125],"rotation":0,"texture":"#0","tintindex":0},"south":{"uv":[8.59375,5.71875,8.65625,5.78125],"rotation":0,"texture":"#0","tintindex":0},"north":{"uv":[5.71875,8.59375,5.78125,8.65625],"rotation":0,"texture":"#0","tintindex":0},"west":{"uv":[8.4375,4.1875,8.625,4.25],"rotation":0,"texture":"#0","tintindex":0},"up":{"uv":[6.78125,1.25,6.71875,1.0625],"rotation":0,"texture":"#0","tintindex":0},"down":{"uv":[4.0,8.40625,3.9375,8.59375],"rotation":0,"texture":"#0","tintindex":0}}},{"from":[12.32553,0.14541006,26.073118],"to":[12.88873,0.70861053,28.325918],"rotation":{"angle":0.0,"axis":"y","origin":[0.49832964,-2.52979,-2.6500807]},"faces":{"east":{"uv":[8.4375,6.25,8.625,6.3125],"rotation":0,"texture":"#0","tintindex":0},"south":{"uv":[5.84375,8.59375,5.90625,8.65625],"rotation":0,"texture":"#0","tintindex":0},"north":{"uv":[5.78125,8.59375,5.84375,8.65625],"rotation":0,"texture":"#0","tintindex":0},"west":{"uv":[8.4375,6.3125,8.625,6.375],"rotation":0,"texture":"#0","tintindex":0},"up":{"uv":[4.0625,8.59375,4.0,8.40625],"rotation":0,"texture":"#0","tintindex":0},"down":{"uv":[6.59375,8.40625,6.53125,8.59375],"rotation":0,"texture":"#0","tintindex":0}}},{"from":[4.1591296,1.9758105,20.62416],"to":[5.00393,2.8206105,26.819359],"rotation":{"angle":45.0,"axis":"x","origin":[4.5815296,0.42701006,26.213919]},"faces":{"east":{"uv":[8.0625,4.59375,8.625,4.65625],"rotation":0,"texture":"#0","tintindex":0},"south":{"uv":[5.90625,8.59375,5.96875,8.65625],"rotation":0,"texture":"#0","tintindex":0},"north":{"uv":[8.59375,5.84375,8.65625,5.90625],"rotation":0,"texture":"#0","tintindex":0},"west":{"uv":[8.0625,4.65625,8.625,4.71875],"rotation":0,"texture":"#0","tintindex":0},"up":{"uv":[2.34375,8.5625,2.28125,8.0],"rotation":0,"texture":"#0","tintindex":0},"down":{"uv":[2.40625,8.0,2.34375,8.5625],"rotation":0,"texture":"#0","tintindex":0}}},{"from":[4.1591296,0.0046105385,24.10192],"to":[5.00393,0.84941006,28.325918],"rotation":{"angle":0.0,"axis":"y","origin":[0.49832964,-2.52979,-2.6500807]},"faces":{"east":{"uv":[8.0625,8.21875,8.4375,8.28125],"rotation":0,"texture":"#0","tintindex":0},"south":{"uv":[5.96875,8.59375,6.03125,8.65625],"rotation":0,"texture":"#0","tintindex":0},"north":{"uv":[8.59375,5.90625,8.65625,5.96875],"rotation":0,"texture":"#0","tintindex":0},"west":{"uv":[8.25,0.65625,8.625,0.71875],"rotation":0,"texture":"#0","tintindex":0},"up":{"uv":[1.28125,8.625,1.21875,8.25],"rotation":0,"texture":"#0","tintindex":0},"down":{"uv":[1.34375,8.25,1.28125,8.625],"rotation":0,"texture":"#0","tintindex":0}}},{"from":[11.19913,1.9758105,20.62416],"to":[12.04393,2.8206105,26.819359],"rotation":{"angle":45.0,"axis":"x","origin":[4.5815296,0.42701006,26.213919]},"faces":{"east":{"uv":[7.0625,8.0625,7.625,8.125],"rotation":0,"texture":"#0","tintindex":0},"south":{"uv":[6.03125,8.59375,6.09375,8.65625],"rotation":0,"texture":"#0","tintindex":0},"north":{"uv":[8.59375,5.96875,8.65625,6.03125],"rotation":0,"texture":"#0","tintindex":0},"west":{"uv":[8.0625,7.96875,8.625,8.03125],"rotation":0,"texture":"#0","tintindex":0},"up":{"uv":[3.625,8.5625,3.5625,8.0],"rotation":0,"texture":"#0","tintindex":0},"down":{"uv":[1.46875,8.0625,1.40625,8.625],"rotation":0,"texture":"#0","tintindex":0}}},{"from":[3.8775296,1.6942105,20.62416],"to":[5.28553,3.1022105,22.03216],"rotation":{"angle":45.0,"axis":"x","origin":[4.5815296,0.42701006,26.213919]},"faces":{"east":{"uv":[5.375,8.34375,5.5,8.46875],"rotation":0,"texture":"#0","tintindex":0},"south":{"uv":[5.5,8.34375,5.625,8.46875],"rotation":0,"texture":"#0","tintindex":0},"north":{"uv":[5.25,8.34375,5.375,8.46875],"rotation":0,"texture":"#0","tintindex":0},"west":{"uv":[5.625,8.34375,5.75,8.46875],"rotation":0,"texture":"#0","tintindex":0},"up":{"uv":[8.1875,8.46875,8.0625,8.34375],"rotation":0,"texture":"#0","tintindex":0},"down":{"uv":[8.3125,8.34375,8.1875,8.46875],"rotation":0,"texture":"#0","tintindex":0}}},{"from":[10.91753,1.6942105,20.62416],"to":[12.32553,3.1022105,22.03216],"rotation":{"angle":45.0,"axis":"x","origin":[4.5815296,0.42701006,26.213919]},"faces":{"east":{"uv":[1.53125,8.375,1.65625,8.5],"rotation":0,"texture":"#0","tintindex":0},"south":{"uv":[8.375,2.0625,8.5,2.1875],"rotation":0,"texture":"#0","tintindex":0},"north":{"uv":[8.375,1.03125,8.5,1.15625],"rotation":0,"texture":"#0","tintindex":0},"west":{"uv":[8.375,2.40625,8.5,2.53125],"rotation":0,"texture":"#0","tintindex":0},"up":{"uv":[8.5,4.40625,8.375,4.28125],"rotation":0,"texture":"#0","tintindex":0},"down":{"uv":[8.5,4.90625,8.375,5.03125],"rotation":0,"texture":"#0","tintindex":0}}},{"from":[5.28553,2.0462103,20.62416],"to":[10.91753,3.1022105,21.32816],"rotation":{"angle":45.0,"axis":"x","origin":[4.5815296,0.42701006,26.213919]},"faces":{"east":{"uv":[3.8125,8.53125,3.875,8.625],"rotation":0,"texture":"#0","tintindex":0},"south":{"uv":[8.03125,1.25,8.53125,1.34375],"rotation":0,"texture":"#0","tintindex":0},"north":{"uv":[8.0,7.8125,8.5,7.90625],"rotation":0,"texture":"#0","tintindex":0},"west":{"uv":[3.875,8.53125,3.9375,8.625],"rotation":0,"texture":"#0","tintindex":0},"up":{"uv":[8.625,4.90625,8.125,4.84375],"rotation":0,"texture":"#0","tintindex":0},"down":{"uv":[8.625,6.1875,8.125,6.25],"rotation":0,"texture":"#0","tintindex":0}}},{"from":[4.0183296,1.8350105,25.69296],"to":[5.1447296,2.9614105,26.819359],"rotation":{"angle":45.0,"axis":"x","origin":[4.5815296,0.42701006,26.213919]},"faces":{"east":{"uv":[2.875,8.46875,2.96875,8.5625],"rotation":0,"texture":"#0","tintindex":0},"south":{"uv":[2.96875,8.46875,3.0625,8.5625],"rotation":0,"texture":"#0","tintindex":0},"north":{"uv":[2.78125,8.46875,2.875,8.5625],"rotation":0,"texture":"#0","tintindex":0},"west":{"uv":[3.0625,8.46875,3.15625,8.5625],"rotation":0,"texture":"#0","tintindex":0},"up":{"uv":[4.15625,8.5625,4.0625,8.46875],"rotation":0,"texture":"#0","tintindex":0},"down":{"uv":[4.59375,8.46875,4.5,8.5625],"rotation":0,"texture":"#0","tintindex":0}}},{"from":[11.05833,1.8350105,25.69296],"to":[12.184731,2.9614105,26.819359],"rotation":{"angle":45.0,"axis":"x","origin":[4.5815296,0.42701006,26.213919]},"faces":{"east":{"uv":[4.6875,8.46875,4.78125,8.5625],"rotation":0,"texture":"#0","tintindex":0},"south":{"uv":[4.78125,8.46875,4.875,8.5625],"rotation":0,"texture":"#0","tintindex":0},"north":{"uv":[4.59375,8.46875,4.6875,8.5625],"rotation":0,"texture":"#0","tintindex":0},"west":{"uv":[4.875,8.46875,4.96875,8.5625],"rotation":0,"texture":"#0","tintindex":0},"up":{"uv":[5.0625,8.5625,4.96875,8.46875],"rotation":0,"texture":"#0","tintindex":0},"down":{"uv":[5.15625,8.46875,5.0625,8.5625],"rotation":0,"texture":"#0","tintindex":0}}},{"from":[4.0183296,10.423811,16.21712],"to":[4.0183296,11.550211,22.97552],"rotation":{"angle":0.0,"axis":"y","origin":[0.49832964,-2.52979,-2.6500807]},"faces":{"east":{"uv":[7.78125,5.3125,8.375,5.40625],"rotation":0,"texture":"#0","tintindex":0},"south":{"uv":[0.0,0.0,0.0,0.09375],"rotation":0,"texture":"#0","tintindex":0},"north":{"uv":[0.0,0.0,0.0,0.09375],"rotation":0,"texture":"#0","tintindex":0},"west":{"uv":[7.875,0.375,8.46875,0.46875],"rotation":0,"texture":"#0","tintindex":0},"up":{"uv":[0.0,0.59375,0.0,0.0],"rotation":0,"texture":"#0","tintindex":0},"down":{"uv":[0.0,0.0,0.0,0.59375],"rotation":0,"texture":"#0","tintindex":0}}},{"from":[4.0183296,10.423811,22.97552],"to":[4.8631296,11.83181,23.82032],"rotation":{"angle":0.0,"axis":"y","origin":[0.49832964,-2.52979,-2.6500807]},"faces":{"east":{"uv":[8.5,1.03125,8.5625,1.15625],"rotation":0,"texture":"#0","tintindex":0},"south":{"uv":[1.53125,8.5,1.59375,8.625],"rotation":0,"texture":"#0","tintindex":0},"north":{"uv":[5.65625,8.46875,5.71875,8.59375],"rotation":0,"texture":"#0","tintindex":0},"west":{"uv":[1.59375,8.5,1.65625,8.625],"rotation":0,"texture":"#0","tintindex":0},"up":{"uv":[8.65625,6.09375,8.59375,6.03125],"rotation":0,"texture":"#0","tintindex":0},"down":{"uv":[6.15625,8.59375,6.09375,8.65625],"rotation":0,"texture":"#0","tintindex":0}}},{"from":[11.33993,10.423811,22.97552],"to":[12.184731,11.83181,23.82032],"rotation":{"angle":0.0,"axis":"y","origin":[0.49832964,-2.52979,-2.6500807]},"faces":{"east":{"uv":[2.40625,8.5,2.46875,8.625],"rotation":0,"texture":"#0","tintindex":0},"south":{"uv":[8.5,2.40625,8.5625,2.53125],"rotation":0,"texture":"#0","tintindex":0},"north":{"uv":[8.5,2.0625,8.5625,2.1875],"rotation":0,"texture":"#0","tintindex":0},"west":{"uv":[2.46875,8.5,2.53125,8.625],"rotation":0,"texture":"#0","tintindex":0},"up":{"uv":[8.65625,6.15625,8.59375,6.09375],"rotation":0,"texture":"#0","tintindex":0},"down":{"uv":[8.65625,6.375,8.59375,6.4375],"rotation":0,"texture":"#0","tintindex":0}}},{"from":[12.184731,10.423811,16.21712],"to":[12.184731,11.550211,22.97552],"rotation":{"angle":0.0,"axis":"y","origin":[0.49832964,-2.52979,-2.6500807]},"faces":{"east":{"uv":[7.875,7.53125,8.46875,7.625],"rotation":0,"texture":"#0","tintindex":0},"south":{"uv":[0.0,0.0,0.0,0.09375],"rotation":0,"texture":"#0","tintindex":0},"north":{"uv":[0.0,0.0,0.0,0.09375],"rotation":0,"texture":"#0","tintindex":0},"west":{"uv":[7.90625,0.875,8.5,0.96875],"rotation":0,"texture":"#0","tintindex":0},"up":{"uv":[0.0,0.59375,0.0,0.0],"rotation":0,"texture":"#0","tintindex":0},"down":{"uv":[0.0,0.0,0.0,0.59375],"rotation":0,"texture":"#0","tintindex":0}}},{"from":[4.8631296,10.423811,23.82032],"to":[11.33993,11.550211,23.82032],"rotation":{"angle":0.0,"axis":"y","origin":[0.49832964,-2.52979,-2.6500807]},"faces":{"east":{"uv":[0.0,0.0,0.0,0.09375],"rotation":0,"texture":"#0","tintindex":0},"south":{"uv":[8.0,6.5625,8.5625,6.65625],"rotation":0,"texture":"#0","tintindex":0},"north":{"uv":[5.75,8.0,6.3125,8.09375],"rotation":0,"texture":"#0","tintindex":0},"west":{"uv":[0.0,0.0,0.0,0.09375],"rotation":0,"texture":"#0","tintindex":0},"up":{"uv":[0.5625,0.0,0.0,0.0],"rotation":0,"texture":"#0","tintindex":0},"down":{"uv":[0.5625,0.0,0.0,0.0],"rotation":0,"texture":"#0","tintindex":0}}},{"from":[3.5959296,3.9470105,15.935518],"to":[12.60713,10.423811,24.10192],"rotation":{"angle":0.0,"axis":"y","origin":[0.49832964,-2.52979,-2.6500807]},"faces":{"east":{"uv":[3.5,0.5625,4.21875,1.125],"rotation":0,"texture":"#0","tintindex":0},"south":{"uv":[0.8125,3.3125,1.625,3.875],"rotation":0,"texture":"#0","tintindex":0},"north":{"uv":[3.25,3.25,4.0625,3.8125],"rotation":0,"texture":"#0","tintindex":0},"west":{"uv":[1.625,3.5625,2.34375,4.125],"rotation":0,"texture":"#0","tintindex":0},"up":{"uv":[3.375,3.25,2.5625,2.53125],"rotation":0,"texture":"#0","tintindex":0},"down":{"uv":[0.8125,2.625,0.0,3.34375],"rotation":0,"texture":"#0","tintindex":0}}},{"from":[4.0183296,5.6366105,23.82032],"to":[4.8631296,10.705411,24.66512],"rotation":{"angle":0.0,"axis":"y","origin":[0.49832964,-2.52979,-2.6500807]},"faces":{"east":{"uv":[7.5,8.1875,7.5625,8.625],"rotation":0,"texture":"#0","tintindex":0},"south":{"uv":[7.5625,8.1875,7.625,8.625],"rotation":0,"texture":"#0","tintindex":0},"north":{"uv":[7.4375,8.1875,7.5,8.625],"rotation":0,"texture":"#0","tintindex":0},"west":{"uv":[7.625,8.1875,7.6875,8.625],"rotation":0,"texture":"#0","tintindex":0},"up":{"uv":[8.65625,6.5,8.59375,6.4375],"rotation":0,"texture":"#0","tintindex":0},"down":{"uv":[8.65625,6.5,8.59375,6.5625],"rotation":0,"texture":"#0","tintindex":0}}},{"from":[4.0183296,10.705411,24.66512],"to":[4.8631296,10.705411,25.36912],"rotation":{"angle":0.0,"axis":"y","origin":[0.49832964,-2.52979,-2.6500807]},"faces":{"east":{"uv":[0.0,0.0,0.0625,0.0],"rotation":0,"texture":"#0","tintindex":0},"south":{"uv":[0.0,0.0,0.0625,0.0],"rotation":0,"texture":"#0","tintindex":0},"north":{"uv":[0.0,0.0,0.0625,0.0],"rotation":0,"texture":"#0","tintindex":0},"west":{"uv":[0.0,0.0,0.0625,0.0],"rotation":0,"texture":"#0","tintindex":0},"up":{"uv":[6.59375,8.65625,6.53125,8.59375],"rotation":0,"texture":"#0","tintindex":0},"down":{"uv":[6.71875,8.59375,6.65625,8.65625],"rotation":0,"texture":"#0","tintindex":0}}},{"from":[4.0183296,10.0014105,24.66512],"to":[4.0183296,10.705411,25.36912],"rotation":{"angle":0.0,"axis":"y","origin":[0.49832964,-2.52979,-2.6500807]},"faces":{"east":{"uv":[6.71875,8.59375,6.78125,8.65625],"rotation":0,"texture":"#0","tintindex":0},"south":{"uv":[0.0,0.0,0.0,0.0625],"rotation":0,"texture":"#0","tintindex":0},"north":{"uv":[0.0,0.0,0.0,0.0625],"rotation":0,"texture":"#0","tintindex":0},"west":{"uv":[6.78125,8.59375,6.84375,8.65625],"rotation":0,"texture":"#0","tintindex":0},"up":{"uv":[0.0,0.0625,0.0,0.0],"rotation":0,"texture":"#0","tintindex":0},"down":{"uv":[0.0,0.0,0.0,0.0625],"rotation":0,"texture":"#0","tintindex":0}}},{"from":[11.33993,5.6366105,23.82032],"to":[12.184731,10.705411,24.66512],"rotation":{"angle":0.0,"axis":"y","origin":[0.49832964,-2.52979,-2.6500807]},"faces":{"east":{"uv":[1.03125,8.21875,1.09375,8.65625],"rotation":0,"texture":"#0","tintindex":0},"south":{"uv":[1.09375,8.21875,1.15625,8.65625],"rotation":0,"texture":"#0","tintindex":0},"north":{"uv":[0.875,8.21875,0.9375,8.65625],"rotation":0,"texture":"#0","tintindex":0},"west":{"uv":[1.15625,8.21875,1.21875,8.65625],"rotation":0,"texture":"#0","tintindex":0},"up":{"uv":[7.0,8.65625,6.9375,8.59375],"rotation":0,"texture":"#0","tintindex":0},"down":{"uv":[7.0625,8.59375,7.0,8.65625],"rotation":0,"texture":"#0","tintindex":0}}},{"from":[11.33993,10.705411,24.66512],"to":[12.184731,10.705411,25.721119],"rotation":{"angle":0.0,"axis":"y","origin":[0.49832964,-2.52979,-2.6500807]},"faces":{"east":{"uv":[0.0,0.0,0.09375,0.0],"rotation":0,"texture":"#0","tintindex":0},"south":{"uv":[0.0,0.0,0.0625,0.0],"rotation":0,"texture":"#0","tintindex":0},"north":{"uv":[0.0,0.0,0.0625,0.0],"rotation":0,"texture":"#0","tintindex":0},"west":{"uv":[0.0,0.0,0.09375,0.0],"rotation":0,"texture":"#0","tintindex":0},"up":{"uv":[8.59375,4.1875,8.53125,4.09375],"rotation":0,"texture":"#0","tintindex":0},"down":{"uv":[5.59375,8.53125,5.53125,8.625],"rotation":0,"texture":"#0","tintindex":0}}},{"from":[12.184731,10.0014105,24.66512],"to":[12.184731,10.705411,25.721119],"rotation":{"angle":0.0,"axis":"y","origin":[0.49832964,-2.52979,-2.6500807]},"faces":{"east":{"uv":[5.71875,8.53125,5.8125,8.59375],"rotation":0,"texture":"#0","tintindex":0},"south":{"uv":[0.0,0.0,0.0,0.0625],"rotation":0,"texture":"#0","tintindex":0},"north":{"uv":[0.0,0.0,0.0,0.0625],"rotation":0,"texture":"#0","tintindex":0},"west":{"uv":[6.0625,8.53125,6.15625,8.59375],"rotation":0,"texture":"#0","tintindex":0},"up":{"uv":[0.0,0.09375,0.0,0.0],"rotation":0,"texture":"#0","tintindex":0},"down":{"uv":[0.0,0.0,0.0,0.09375],"rotation":0,"texture":"#0","tintindex":0}}},{"from":[4.8631296,8.734211,24.66512],"to":[11.33993,9.579011,24.66512],"rotation":{"angle":0.0,"axis":"y","origin":[0.49832964,-2.52979,-2.6500807]},"faces":{"east":{"uv":[0.0,0.0,0.0,0.0625],"rotation":0,"texture":"#0","tintindex":0},"south":{"uv":[5.75,8.09375,6.3125,8.15625],"rotation":0,"texture":"#0","tintindex":0},"north":{"uv":[8.0625,8.03125,8.625,8.09375],"rotation":0,"texture":"#0","tintindex":0},"west":{"uv":[0.0,0.0,0.0,0.0625],"rotation":0,"texture":"#0","tintindex":0},"up":{"uv":[0.5625,0.0,0.0,0.0],"rotation":0,"texture":"#0","tintindex":0},"down":{"uv":[0.5625,0.0,0.0,0.0],"rotation":0,"texture":"#0","tintindex":0}}},{"from":[4.8631296,6.7630105,24.66512],"to":[11.33993,7.6078105,24.66512],"rotation":{"angle":0.0,"axis":"y","origin":[0.49832964,-2.52979,-2.6500807]},"faces":{"east":{"uv":[0.0,0.0,0.0,0.0625],"rotation":0,"texture":"#0","tintindex":0},"south":{"uv":[8.125,3.53125,8.6875,3.59375],"rotation":0,"texture":"#0","tintindex":0},"north":{"uv":[8.0625,8.09375,8.625,8.15625],"rotation":0,"texture":"#0","tintindex":0},"west":{"uv":[0.0,0.0,0.0,0.0625],"rotation":0,"texture":"#0","tintindex":0},"up":{"uv":[0.5625,0.0,0.0,0.0],"rotation":0,"texture":"#0","tintindex":0},"down":{"uv":[0.5625,0.0,0.0,0.0],"rotation":0,"texture":"#0","tintindex":0}}},{"from":[5.00393,0.14541006,24.10192],"to":[11.19913,0.70861053,24.94672],"rotation":{"angle":0.0,"axis":"y","origin":[0.49832964,-2.52979,-2.6500807]},"faces":{"east":{"uv":[7.0625,8.59375,7.125,8.65625],"rotation":0,"texture":"#0","tintindex":0},"south":{"uv":[8.125,3.65625,8.6875,3.71875],"rotation":0,"texture":"#0","tintindex":0},"north":{"uv":[8.125,3.59375,8.6875,3.65625],"rotation":0,"texture":"#0","tintindex":0},"west":{"uv":[7.125,8.59375,7.1875,8.65625],"rotation":0,"texture":"#0","tintindex":0},"up":{"uv":[8.6875,3.78125,8.125,3.71875],"rotation":0,"texture":"#0","tintindex":0},"down":{"uv":[8.6875,3.78125,8.125,3.84375],"rotation":0,"texture":"#0","tintindex":0}}}],"display":{"head":{"translation":[0.0,-6.4,0.0],"scale":[4.0,4.0,4.0]}}}