{
    "parent": "item/generated",
    "textures": {
        "layer0": "item/items/cubes/purple_cube"
    },
    "display": {
        "thirdperson_righthand": {
            "scale": [0.5, 0.5, 0.5]
        },
        "thirdperson_lefthand": {
            "scale": [0.5, 0.5, 0.5]
        },
        "firstperson_righthand": {
            "rotation": [0, -45, 0],
            "translation": [0, 1.5, 0],
            "scale": [0.5, 0.5, 0.5]
        },
        "firstperson_lefthand": {
            "rotation": [0, -45, 0],
            "translation": [0, 1.5, 0],
            "scale": [0.5, 0.5, 0.5]
        },
        "ground": {
            "scale": [0.5, 0.5, 0.5]
        }
    }
}