{
	"credit": "Made with Blockbench",
	"texture_size": [24, 24],
	"textures": {
		"0": "item/axes/little_crocodile_axe/little_crocodile",
		"1": "item/shovels/little_crocodile_shovel",
		"particle": "item/shovels/little_crocodile_shovel"
	},
	"elements": [
		{
			"from": [7.75, 16.41421, 7],
			"to": [8.25, 20.41421, 9],
			"rotation": {"angle": 0, "axis": "y", "origin": [7.25, 0.41421, 7.5]},
			"faces": {
				"north": {"uv": [0, 11.33333, 0.33333, 14], "texture": "#1"},
				"east": {"uv": [4.66667, 4, 6, 6.66667], "texture": "#1"},
				"south": {"uv": [11.33333, 0, 11.66667, 2.66667], "texture": "#1"},
				"west": {"uv": [0, 5.33333, 1.33333, 8], "texture": "#1"},
				"up": {"uv": [11.66667, 8, 11.33333, 6.66667], "texture": "#1"},
				"down": {"uv": [11.66667, 10.66667, 11.33333, 12], "texture": "#1"}
			}
		},
		{
			"from": [7.745, 18.44014, 8],
			"to": [8.255, 20.56014, 10.12],
			"rotation": {"angle": -45, "axis": "x", "origin": [7.495, 18.44014, 8]},
			"faces": {
				"north": {"uv": [12, 0, 12.33333, 1.33333], "texture": "#1"},
				"east": {"uv": [6.66667, 2.66667, 8, 4], "texture": "#1"},
				"south": {"uv": [1.33333, 12, 1.66667, 13.33333], "texture": "#1"},
				"west": {"uv": [4, 6.66667, 5.33333, 8], "texture": "#1"},
				"up": {"uv": [12.33333, 2.66667, 12, 1.33333], "texture": "#1"},
				"down": {"uv": [2.33333, 12, 2, 13.33333], "texture": "#1"}
			}
		},
		{
			"from": [7.745, 15.79328, 8],
			"to": [8.255, 17.91328, 10.12],
			"rotation": {"angle": 45, "axis": "x", "origin": [7.495, 17.91328, 8]},
			"faces": {
				"north": {"uv": [2.66667, 12, 3, 13.33333], "texture": "#1"},
				"east": {"uv": [1.33333, 7.33333, 2.66667, 8.66667], "texture": "#1"},
				"south": {"uv": [3.33333, 12, 3.66667, 13.33333], "texture": "#1"},
				"west": {"uv": [2.66667, 7.33333, 4, 8.66667], "texture": "#1"},
				"up": {"uv": [12.33333, 5.33333, 12, 4], "texture": "#1"},
				"down": {"uv": [5, 12, 4.66667, 13.33333], "texture": "#1"}
			}
		},
		{
			"from": [8.72, 14.025, 5.725],
			"to": [8.75, 14.525, 9.725],
			"rotation": {"angle": 22.5, "axis": "x", "origin": [8, 11.86628, 11.18146]},
			"faces": {
				"east": {"uv": [0, 10.66667, 2.66667, 11], "texture": "#0"},
				"west": {"uv": [10.66667, 6.66667, 13.33333, 7], "texture": "#0"}
			}
		},
		{
			"from": [8.72, 13.21174, 8.98635],
			"to": [8.75, 13.71174, 11.98635],
			"rotation": {"angle": 45, "axis": "x", "origin": [8, 11.86628, 11.18146]},
			"faces": {
				"east": {"uv": [0, 11.33333, 2, 11.66667], "texture": "#0"},
				"west": {"uv": [11.33333, 0, 13.33333, 0.33333], "texture": "#0"}
			}
		},
		{
			"from": [8.47, 9.09388, 12.53628],
			"to": [8.5, 11.59388, 13.03628],
			"rotation": {"angle": -22.5, "axis": "x", "origin": [8, 11.86628, 11.18146]},
			"faces": {
				"east": {"uv": [2.66667, 12, 3, 13.66667], "texture": "#0"},
				"west": {"uv": [3.33333, 12, 3.66667, 13.66667], "texture": "#0"}
			}
		},
		{
			"from": [8.22, 7.24496, 13.27626],
			"to": [8.25, 9.74496, 13.77626],
			"rotation": {"angle": 0, "axis": "y", "origin": [8, 11.86628, 11.18146]},
			"faces": {
				"east": {"uv": [4, 12, 4.33333, 13.66667], "texture": "#0"},
				"west": {"uv": [4.66667, 12, 5, 13.66667], "texture": "#0"}
			}
		},
		{
			"from": [9, 14.975, 4.775],
			"to": [10, 16.475, 6.275],
			"rotation": {"angle": 0, "axis": "y", "origin": [8.75, 14.35, 9.525]},
			"faces": {
				"north": {"uv": [2.66667, 10.66667, 3.33333, 11.66667], "texture": "#0"},
				"east": {"uv": [10, 2, 11, 3], "texture": "#0"},
				"south": {"uv": [11.33333, 0.66667, 12, 1.66667], "texture": "#0"},
				"west": {"uv": [8.66667, 10, 9.66667, 11], "texture": "#0"},
				"up": {"uv": [2.66667, 12.33333, 2, 11.33333], "texture": "#0"},
				"down": {"uv": [12, 2, 11.33333, 3], "texture": "#0"}
			}
		},
		{
			"from": [7.75, 7.24496, 13.27626],
			"to": [7.78, 9.74496, 13.77626],
			"rotation": {"angle": 0, "axis": "y", "origin": [8, 11.86628, 11.18146]},
			"faces": {
				"east": {"uv": [12, 4.66667, 12.33333, 6.33333], "texture": "#0"},
				"west": {"uv": [5.33333, 12, 5.66667, 13.66667], "texture": "#0"}
			}
		},
		{
			"from": [7.5, 9.09388, 12.53628],
			"to": [7.53, 11.59388, 13.03628],
			"rotation": {"angle": -22.5, "axis": "x", "origin": [8, 11.86628, 11.18146]},
			"faces": {
				"east": {"uv": [6, 12, 6.33333, 13.66667], "texture": "#0"},
				"west": {"uv": [6.66667, 12, 7, 13.66667], "texture": "#0"}
			}
		},
		{
			"from": [7.25, 13.21174, 8.98635],
			"to": [7.28, 13.71174, 11.98635],
			"rotation": {"angle": 45, "axis": "x", "origin": [8, 11.86628, 11.18146]},
			"faces": {
				"east": {"uv": [11.33333, 3.33333, 13.33333, 3.66667], "texture": "#0"},
				"west": {"uv": [11.33333, 4, 13.33333, 4.33333], "texture": "#0"}
			}
		},
		{
			"from": [7.25, 14.025, 5.725],
			"to": [7.28, 14.525, 9.725],
			"rotation": {"angle": 22.5, "axis": "x", "origin": [8, 11.86628, 11.18146]},
			"faces": {
				"east": {"uv": [10.66667, 7.33333, 13.33333, 7.66667], "texture": "#0"},
				"west": {"uv": [10.66667, 8, 13.33333, 8.33333], "texture": "#0"}
			}
		},
		{
			"from": [6.75, 11.71174, 8.98635],
			"to": [9.25, 13.21174, 11.98635],
			"rotation": {"angle": 45, "axis": "x", "origin": [8, 11.86628, 11.18146]},
			"faces": {
				"north": {"uv": [8, 8.66667, 9.66667, 9.66667], "texture": "#0"},
				"east": {"uv": [8, 2, 10, 3], "texture": "#0"},
				"south": {"uv": [1.33333, 9.33333, 3, 10.33333], "texture": "#0"},
				"west": {"uv": [4, 8.66667, 6, 9.66667], "texture": "#0"},
				"up": {"uv": [7, 5.33333, 5.33333, 3.33333], "texture": "#0"},
				"down": {"uv": [7, 5.33333, 5.33333, 7.33333], "texture": "#0"}
			}
		},
		{
			"from": [6, 14.975, 4.775],
			"to": [7, 16.475, 6.275],
			"rotation": {"angle": 0, "axis": "y", "origin": [7.25, 14.35, 9.525]},
			"faces": {
				"north": {"uv": [11.33333, 4.66667, 12, 5.66667], "texture": "#0"},
				"east": {"uv": [10, 8.66667, 11, 9.66667], "texture": "#0"},
				"south": {"uv": [8.66667, 11.33333, 9.33333, 12.33333], "texture": "#0"},
				"west": {"uv": [10, 10, 11, 11], "texture": "#0"},
				"up": {"uv": [12, 9.66667, 11.33333, 8.66667], "texture": "#0"},
				"down": {"uv": [10, 11.33333, 9.33333, 12.33333], "texture": "#0"}
			}
		},
		{
			"from": [6.75, 13.725, 0.775],
			"to": [9.25, 15.725, 1.775],
			"rotation": {"angle": 0, "axis": "y", "origin": [7.25, 14.6, 9.525]},
			"faces": {
				"north": {"uv": [6.66667, 7.33333, 8.33333, 8.66667], "texture": "#0"},
				"east": {"uv": [4.66667, 6, 5.33333, 7.33333], "texture": "#0"},
				"south": {"uv": [2, 8, 3.66667, 9.33333], "texture": "#0"},
				"west": {"uv": [2, 6.66667, 2.66667, 8], "texture": "#0"},
				"up": {"uv": [10.33333, 8.66667, 8.66667, 8], "texture": "#0"},
				"down": {"uv": [11, 6, 9.33333, 6.66667], "texture": "#0"}
			}
		},
		{
			"from": [6.75, 13.725, 1.775],
			"to": [9.25, 15.225, 4.525],
			"rotation": {"angle": 0, "axis": "y", "origin": [7.25, 14.6, 9.525]},
			"faces": {
				"north": {"uv": [9.33333, 3.33333, 11, 4.33333], "texture": "#0"},
				"east": {"uv": [6, 8.66667, 8, 9.66667], "texture": "#0"},
				"south": {"uv": [9.33333, 4.66667, 11, 5.66667], "texture": "#0"},
				"west": {"uv": [8.66667, 6.66667, 10.66667, 7.66667], "texture": "#0"},
				"up": {"uv": [4.33333, 8, 2.66667, 6], "texture": "#0"},
				"down": {"uv": [1.66667, 6.66667, 0, 8.66667], "texture": "#0"}
			}
		},
		{
			"from": [6.25, 13.725, 4.525],
			"to": [9.75, 16.225, 7.025],
			"rotation": {"angle": 0, "axis": "y", "origin": [7.25, 14.6, 9.525]},
			"faces": {
				"north": {"uv": [0, 2.66667, 2.33333, 4.33333], "texture": "#0"},
				"east": {"uv": [6.66667, 0, 8.33333, 1.66667], "texture": "#0"},
				"south": {"uv": [2.66667, 2.66667, 5, 4.33333], "texture": "#0"},
				"west": {"uv": [7.33333, 3.33333, 9, 5], "texture": "#0"},
				"up": {"uv": [6.33333, 1.66667, 4, 0], "texture": "#0"},
				"down": {"uv": [2.33333, 4.66667, 0, 6.33333], "texture": "#0"}
			}
		},
		{
			"from": [7.25, 7.24496, 12.77626],
			"to": [8.75, 9.74496, 13.27626],
			"rotation": {"angle": 0, "axis": "y", "origin": [8, 11.86628, 11.18146]},
			"faces": {
				"north": {"uv": [10, 0, 11, 1.66667], "texture": "#0"},
				"east": {"uv": [7.33333, 12, 7.66667, 13.66667], "texture": "#0"},
				"south": {"uv": [3.33333, 10, 4.33333, 11.66667], "texture": "#0"},
				"west": {"uv": [8, 12, 8.33333, 13.66667], "texture": "#0"},
				"up": {"uv": [10.33333, 13, 9.33333, 12.66667], "texture": "#0"},
				"down": {"uv": [13.66667, 9.33333, 12.66667, 9.66667], "texture": "#0"}
			}
		},
		{
			"from": [7, 9.09388, 11.53628],
			"to": [9, 11.59388, 12.53628],
			"rotation": {"angle": -22.5, "axis": "x", "origin": [8, 11.86628, 11.18146]},
			"faces": {
				"north": {"uv": [0, 8.66667, 1.33333, 10.33333], "texture": "#0"},
				"east": {"uv": [7.33333, 10, 8, 11.66667], "texture": "#0"},
				"south": {"uv": [8.66667, 0, 10, 1.66667], "texture": "#0"},
				"west": {"uv": [8, 10, 8.66667, 11.66667], "texture": "#0"},
				"up": {"uv": [5.33333, 2.66667, 4, 2], "texture": "#0"},
				"down": {"uv": [8.66667, 6.66667, 7.33333, 7.33333], "texture": "#0"}
			}
		},
		{
			"from": [6.5, 12.025, 5.725],
			"to": [9.5, 14.025, 9.725],
			"rotation": {"angle": 22.5, "axis": "x", "origin": [8, 11.86628, 11.18146]},
			"faces": {
				"north": {"uv": [4.66667, 7.33333, 6.66667, 8.66667], "texture": "#0"},
				"east": {"uv": [2.66667, 4.66667, 5.33333, 6], "texture": "#0"},
				"south": {"uv": [7.33333, 5.33333, 9.33333, 6.66667], "texture": "#0"},
				"west": {"uv": [5.33333, 2, 8, 3.33333], "texture": "#0"},
				"up": {"uv": [2, 2.66667, 0, 0], "texture": "#0"},
				"down": {"uv": [4, 0, 2, 2.66667], "texture": "#0"}
			}
		},
		{
			"from": [6.35, 12.125, 9.275],
			"to": [7.35, 13.125, 10.275],
			"rotation": {"angle": 45, "axis": "z", "origin": [6.85, 12.25, 9.65]},
			"faces": {
				"north": {"uv": [3.33333, 9.33333, 4, 10], "texture": "#0"},
				"east": {"uv": [11.33333, 6, 12, 6.66667], "texture": "#0"},
				"south": {"uv": [12, 2, 12.66667, 2.66667], "texture": "#0"},
				"west": {"uv": [12, 2.66667, 12.66667, 3.33333], "texture": "#0"},
				"up": {"uv": [12.66667, 9.33333, 12, 8.66667], "texture": "#0"}
			}
		},
		{
			"from": [6.35, 11.625, 8.775],
			"to": [7.35, 12.125, 10.275],
			"rotation": {"angle": 45, "axis": "z", "origin": [6.85, 12.25, 9.65]},
			"faces": {
				"north": {"uv": [13.33333, 0.66667, 14, 1], "texture": "#0"},
				"east": {"uv": [12.66667, 10, 13.66667, 10.33333], "texture": "#0"},
				"south": {"uv": [1.33333, 13.33333, 2, 13.66667], "texture": "#0"},
				"west": {"uv": [10.66667, 12.66667, 11.66667, 13], "texture": "#0"},
				"up": {"uv": [10.66667, 12.33333, 10, 11.33333], "texture": "#0"},
				"down": {"uv": [12, 10, 11.33333, 11], "texture": "#0"}
			}
		},
		{
			"from": [8.65, 12.125, 9.275],
			"to": [9.65, 13.125, 10.275],
			"rotation": {"angle": -45, "axis": "z", "origin": [9.15, 12.25, 9.65]},
			"faces": {
				"north": {"uv": [12, 9.33333, 12.66667, 10], "texture": "#0"},
				"east": {"uv": [12, 10, 12.66667, 10.66667], "texture": "#0"},
				"south": {"uv": [12, 10.66667, 12.66667, 11.33333], "texture": "#0"},
				"west": {"uv": [12, 11.33333, 12.66667, 12], "texture": "#0"},
				"up": {"uv": [12.66667, 12.66667, 12, 12], "texture": "#0"}
			}
		},
		{
			"from": [8.65, 11.625, 8.775],
			"to": [9.65, 12.125, 10.275],
			"rotation": {"angle": -45, "axis": "z", "origin": [9.15, 12.25, 9.65]},
			"faces": {
				"north": {"uv": [13.33333, 1.33333, 14, 1.66667], "texture": "#0"},
				"east": {"uv": [12.66667, 10.66667, 13.66667, 11], "texture": "#0"},
				"south": {"uv": [2, 13.33333, 2.66667, 13.66667], "texture": "#0"},
				"west": {"uv": [12.66667, 11.33333, 13.66667, 11.66667], "texture": "#0"},
				"up": {"uv": [11.33333, 12.33333, 10.66667, 11.33333], "texture": "#0"},
				"down": {"uv": [12, 11.33333, 11.33333, 12.33333], "texture": "#0"}
			}
		},
		{
			"from": [8.65, 12.875, 6.775],
			"to": [9.65, 13.375, 8.275],
			"rotation": {"angle": -22.5, "axis": "z", "origin": [9.15, 13.5, 7.65]},
			"faces": {
				"north": {"uv": [13.33333, 2, 14, 2.33333], "texture": "#0"},
				"east": {"uv": [12, 12.66667, 13, 13], "texture": "#0"},
				"south": {"uv": [13.33333, 2.66667, 14, 3], "texture": "#0"},
				"west": {"uv": [12.66667, 12, 13.66667, 12.33333], "texture": "#0"},
				"up": {"uv": [0.66667, 13, 0, 12], "texture": "#0"},
				"down": {"uv": [1.33333, 12, 0.66667, 13], "texture": "#0"}
			}
		},
		{
			"from": [8.65, 13.375, 7.275],
			"to": [9.65, 14.375, 8.275],
			"rotation": {"angle": -22.5, "axis": "z", "origin": [9.15, 13.5, 7.65]},
			"faces": {
				"north": {"uv": [12.66667, 0.66667, 13.33333, 1.33333], "texture": "#0"},
				"east": {"uv": [12.66667, 1.33333, 13.33333, 2], "texture": "#0"},
				"south": {"uv": [2, 12.66667, 2.66667, 13.33333], "texture": "#0"},
				"west": {"uv": [12.66667, 2, 13.33333, 2.66667], "texture": "#0"},
				"up": {"uv": [13.33333, 3.33333, 12.66667, 2.66667], "texture": "#0"}
			}
		},
		{
			"from": [6.35, 13.375, 7.275],
			"to": [7.35, 14.375, 8.275],
			"rotation": {"angle": 22.5, "axis": "z", "origin": [6.85, 13.5, 7.65]},
			"faces": {
				"north": {"uv": [12.66667, 4.66667, 13.33333, 5.33333], "texture": "#0"},
				"east": {"uv": [12.66667, 5.33333, 13.33333, 6], "texture": "#0"},
				"south": {"uv": [12.66667, 6, 13.33333, 6.66667], "texture": "#0"},
				"west": {"uv": [8.66667, 12.66667, 9.33333, 13.33333], "texture": "#0"},
				"up": {"uv": [13.33333, 9.33333, 12.66667, 8.66667], "texture": "#0"}
			}
		},
		{
			"from": [6.35, 12.875, 6.775],
			"to": [7.35, 13.375, 8.275],
			"rotation": {"angle": 22.5, "axis": "z", "origin": [6.85, 13.5, 7.65]},
			"faces": {
				"north": {"uv": [13.33333, 3.33333, 14, 3.66667], "texture": "#0"},
				"east": {"uv": [0, 13.33333, 1, 13.66667], "texture": "#0"},
				"south": {"uv": [13.33333, 4, 14, 4.33333], "texture": "#0"},
				"west": {"uv": [13.33333, 0, 14.33333, 0.33333], "texture": "#0"},
				"up": {"uv": [12.66667, 1.66667, 12, 0.66667], "texture": "#0"},
				"down": {"uv": [2, 12, 1.33333, 13], "texture": "#0"}
			}
		},
		{
			"from": [7.2, -0.05, 7.75],
			"to": [8.8, 1.45, 9.25],
			"rotation": {"angle": -45, "axis": "x", "origin": [7.5, 0.2, 8]},
			"faces": {
				"north": {"uv": [8.66667, 6.66667, 9.66667, 7.66667], "texture": "#1"},
				"east": {"uv": [4.66667, 9.33333, 5.66667, 10.33333], "texture": "#1"},
				"south": {"uv": [6, 9.33333, 7, 10.33333], "texture": "#1"},
				"west": {"uv": [9.33333, 8, 10.33333, 9], "texture": "#1"},
				"up": {"uv": [10.33333, 10.33333, 9.33333, 9.33333], "texture": "#1"},
				"down": {"uv": [11, 0, 10, 1], "texture": "#1"}
			}
		},
		{
			"from": [7.25, 10, 7.5],
			"to": [8.75, 13, 10.5],
			"rotation": {"angle": -45, "axis": "x", "origin": [7.5, 10.5, 8]},
			"faces": {
				"north": {"uv": [1.33333, 5.33333, 2.33333, 7.33333], "texture": "#1"},
				"east": {"uv": [4.66667, 0, 6.66667, 2], "texture": "#1"},
				"south": {"uv": [2.66667, 5.33333, 3.66667, 7.33333], "texture": "#1"},
				"west": {"uv": [4.66667, 2, 6.66667, 4], "texture": "#1"},
				"up": {"uv": [7, 6, 6, 4], "texture": "#1"},
				"down": {"uv": [7, 6, 6, 8], "texture": "#1"}
			}
		},
		{
			"from": [7, 10.5, 8],
			"to": [9, 12.5, 10],
			"rotation": {"angle": -45, "axis": "x", "origin": [7.5, 10.5, 8]},
			"faces": {
				"north": {"uv": [7.33333, 4, 8.66667, 5.33333], "texture": "#1"},
				"east": {"uv": [7.33333, 5.33333, 8.66667, 6.66667], "texture": "#1"},
				"south": {"uv": [7.33333, 6.66667, 8.66667, 8], "texture": "#1"},
				"west": {"uv": [0, 8, 1.33333, 9.33333], "texture": "#1"},
				"up": {"uv": [9.33333, 4, 8, 2.66667], "texture": "#1"},
				"down": {"uv": [5.33333, 8, 4, 9.33333], "texture": "#1"}
			}
		},
		{
			"from": [7.35, 1.22132, 7.35],
			"to": [8.65, 2.52132, 8.65],
			"rotation": {"angle": 0, "axis": "y", "origin": [7.5, 1.37132, 7.5]},
			"faces": {
				"north": {"uv": [10, 1.33333, 11, 2.33333], "texture": "#1"},
				"east": {"uv": [10, 2.66667, 11, 3.66667], "texture": "#1"},
				"south": {"uv": [10, 4, 11, 5], "texture": "#1"},
				"west": {"uv": [10, 5.33333, 11, 6.33333], "texture": "#1"},
				"up": {"uv": [11, 7.66667, 10, 6.66667], "texture": "#1"},
				"down": {"uv": [8.33333, 10, 7.33333, 11], "texture": "#1"}
			}
		},
		{
			"from": [7.35, 5.22132, 7.35],
			"to": [8.65, 6.52132, 8.65],
			"rotation": {"angle": 0, "axis": "y", "origin": [7.5, 4.37132, 7.5]},
			"faces": {
				"north": {"uv": [1.33333, 10.66667, 2.33333, 11.66667], "texture": "#1"},
				"east": {"uv": [2.66667, 10.66667, 3.66667, 11.66667], "texture": "#1"},
				"south": {"uv": [4.66667, 10.66667, 5.66667, 11.66667], "texture": "#1"},
				"west": {"uv": [6, 10.66667, 7, 11.66667], "texture": "#1"},
				"up": {"uv": [11.66667, 9, 10.66667, 8], "texture": "#1"},
				"down": {"uv": [9.66667, 10.66667, 8.66667, 11.66667], "texture": "#1"}
			}
		},
		{
			"from": [7.35, 7.02132, 7.35],
			"to": [8.65, 9.57132, 8.65],
			"rotation": {"angle": 0, "axis": "y", "origin": [7.5, 6.17132, 7.5]},
			"faces": {
				"north": {"uv": [8, 8, 9, 9.66667], "texture": "#1"},
				"east": {"uv": [8.66667, 0, 9.66667, 1.66667], "texture": "#1"},
				"south": {"uv": [1.33333, 8.66667, 2.33333, 10.33333], "texture": "#1"},
				"west": {"uv": [2.66667, 8.66667, 3.66667, 10.33333], "texture": "#1"}
			}
		},
		{
			"from": [7.5, 2.52132, 7.5],
			"to": [8.5, 5.22132, 8.5],
			"rotation": {"angle": 0, "axis": "y", "origin": [7.5, 2.62132, 7.5]},
			"faces": {
				"north": {"uv": [0, 9.33333, 0.66667, 11], "texture": "#1"},
				"east": {"uv": [0.66667, 9.33333, 1.33333, 11], "texture": "#1"},
				"south": {"uv": [9.33333, 2, 10, 3.66667], "texture": "#1"},
				"west": {"uv": [4, 9.33333, 4.66667, 11], "texture": "#1"},
				"up": {"uv": [9.33333, 2.66667, 8.66667, 2], "texture": "#1"},
				"down": {"uv": [8, 9.33333, 7.33333, 10], "texture": "#1"}
			}
		},
		{
			"from": [7.5, 11.27132, 4.75],
			"to": [8.5, 12.77132, 6.75],
			"rotation": {"angle": 22.5, "axis": "x", "origin": [7.5, 11.27132, 5.75]},
			"faces": {
				"north": {"uv": [11.33333, 4, 12, 5], "texture": "#1"},
				"east": {"uv": [8.66667, 4, 10, 5], "texture": "#1"},
				"south": {"uv": [11.33333, 5.33333, 12, 6.33333], "texture": "#1"},
				"west": {"uv": [8.66667, 5.33333, 10, 6.33333], "texture": "#1"},
				"up": {"uv": [4.66667, 6.66667, 4, 5.33333], "texture": "#1"},
				"down": {"uv": [6, 6.66667, 5.33333, 8], "texture": "#1"}
			}
		},
		{
			"from": [7.4875, 11.32037, 3.15968],
			"to": [8.5125, 12.37037, 5.15968],
			"rotation": {"angle": -45, "axis": "x", "origin": [7.9875, 12.84537, 4.10968]},
			"faces": {
				"north": {"uv": [8.66667, 10, 9.33333, 10.66667], "texture": "#1"},
				"east": {"uv": [11.33333, 2.66667, 12.66667, 3.33333], "texture": "#1"},
				"south": {"uv": [5.33333, 12, 6, 12.66667], "texture": "#1"},
				"west": {"uv": [11.33333, 3.33333, 12.66667, 4], "texture": "#1"},
				"up": {"uv": [1.33333, 12.66667, 0.66667, 11.33333], "texture": "#1"},
				"down": {"uv": [4.66667, 11.33333, 4, 12.66667], "texture": "#1"}
			}
		},
		{
			"from": [7.491, 11.34274, 2.86036],
			"to": [8.509, 12.31774, 3.86036],
			"rotation": {"angle": -22.5, "axis": "x", "origin": [7.991, 12.86774, 4.81036]},
			"faces": {
				"north": {"uv": [12, 5.33333, 12.66667, 6], "texture": "#1"},
				"east": {"uv": [6, 12, 6.66667, 12.66667], "texture": "#1"},
				"south": {"uv": [12, 6, 12.66667, 6.66667], "texture": "#1"},
				"west": {"uv": [6.66667, 12, 7.33333, 12.66667], "texture": "#1"},
				"up": {"uv": [12.66667, 7.33333, 12, 6.66667], "texture": "#1"},
				"down": {"uv": [12.66667, 7.33333, 12, 8], "texture": "#1"}
			}
		},
		{
			"from": [7.75, 11.69528, 3.66626],
			"to": [8.25, 13.69528, 4.16626],
			"rotation": {"angle": 0, "axis": "y", "origin": [7.75, 11.69528, -1.33374]},
			"faces": {
				"north": {"uv": [12, 8, 12.33333, 9.33333], "texture": "#1"},
				"east": {"uv": [8.66667, 12, 9, 13.33333], "texture": "#1"},
				"south": {"uv": [9.33333, 12, 9.66667, 13.33333], "texture": "#1"},
				"west": {"uv": [12, 9.33333, 12.33333, 10.66667], "texture": "#1"},
				"up": {"uv": [1, 13, 0.66667, 12.66667], "texture": "#1"},
				"down": {"uv": [4.33333, 12.66667, 4, 13], "texture": "#1"}
			}
		},
		{
			"from": [7.75, 11.69528, 4.16626],
			"to": [8.25, 13.19528, 7.16626],
			"rotation": {"angle": 0, "axis": "y", "origin": [7.75, 11.69528, 1.66626]},
			"faces": {
				"east": {"uv": [6.66667, 0, 8.66667, 1], "texture": "#1"},
				"south": {"uv": [12.66667, 0, 13, 1], "texture": "#1"},
				"west": {"uv": [6.66667, 1.33333, 8.66667, 2.33333], "texture": "#1"},
				"up": {"uv": [7.66667, 13.33333, 7.33333, 11.33333], "texture": "#1"},
				"down": {"uv": [8.33333, 11.33333, 8, 13.33333], "texture": "#1"}
			}
		},
		{
			"from": [7.25, 6.52132, 7.25],
			"to": [8.75, 7.02132, 8.75],
			"rotation": {"angle": 0, "axis": "y", "origin": [8, 6.77132, 8]},
			"faces": {
				"north": {"uv": [12.66667, 1.33333, 13.66667, 1.66667], "texture": "#1"},
				"east": {"uv": [12.66667, 2, 13.66667, 2.33333], "texture": "#1"},
				"south": {"uv": [12.66667, 2.66667, 13.66667, 3], "texture": "#1"},
				"west": {"uv": [12.66667, 3.33333, 13.66667, 3.66667], "texture": "#1"},
				"up": {"uv": [11.66667, 10.33333, 10.66667, 9.33333], "texture": "#1"},
				"down": {"uv": [11, 10.66667, 10, 11.66667], "texture": "#1"}
			}
		},
		{
			"from": [7, 9.52132, 7],
			"to": [9, 10.02132, 9],
			"rotation": {"angle": 0, "axis": "y", "origin": [8, 12.77132, 8]},
			"faces": {
				"north": {"uv": [10, 12, 11.33333, 12.33333], "texture": "#1"},
				"east": {"uv": [12, 10.66667, 13.33333, 11], "texture": "#1"},
				"south": {"uv": [11.33333, 12, 12.66667, 12.33333], "texture": "#1"},
				"west": {"uv": [12, 11.33333, 13.33333, 11.66667], "texture": "#1"},
				"up": {"uv": [6.66667, 9.33333, 5.33333, 8], "texture": "#1"},
				"down": {"uv": [8, 8, 6.66667, 9.33333], "texture": "#1"}
			}
		},
		{
			"from": [7.985, 15.69528, 4.75],
			"to": [8.015, 23.69528, 11.25],
			"rotation": {"angle": 0, "axis": "y", "origin": [7.985, 8.19528, 7]},
			"faces": {
				"east": {"uv": [4.33333, 0, 0, 5.33333], "texture": "#1"},
				"west": {"uv": [0, 0, 4.33333, 5.33333], "texture": "#1"}
			}
		}
	],
	"gui_light": "front",
	"display": {
		"thirdperson_righthand": {
			"translation": [0, 1.5, 1]
		},
		"thirdperson_lefthand": {
			"translation": [0, 1.5, 1]
		},
		"firstperson_righthand": {
			"rotation": [15, -10, 5],
			"translation": [4.5, 1, -2.5],
			"scale": [0.7, 0.7, 0.7]
		},
		"firstperson_lefthand": {
			"rotation": [15, -10, 5],
			"translation": [4.5, 1, -2.5],
			"scale": [0.7, 0.7, 0.7]
		},
		"ground": {
			"rotation": [-45, 0, 0],
			"translation": [0, 5, 0],
			"scale": [0.8, 0.8, 0.8]
		},
		"gui": {
			"rotation": [-90, 45, 90],
			"translation": [2.5, -2.5, 0],
			"scale": [0.8, 0.8, 0.8]
		},
		"head": {
			"rotation": [0, -90, 0]
		},
		"fixed": {
			"rotation": [0, -90, 0],
			"translation": [0, 0, -1.75],
			"scale": [2, 2, 2]
		}
	},
	"groups": [
		0,
		1,
		2,
		{
			"name": "crocodile",
			"origin": [6.85, 9.5, 7.65],
			"color": 0,
			"boneType": "",
			"children": [3, 4, 5, 6, 7, 8, 9, 10, 11, 12, 13, 14, 15, 16, 17, 18, 19, 20, 21, 22, 23, 24, 25, 26, 27]
		},
		28,
		29,
		30,
		31,
		32,
		33,
		34,
		35,
		36,
		37,
		38,
		39,
		40,
		41,
		42
	]
}