{
	"credit": "Made with Blockbench",
	"texture_size": [32, 32],
	"textures": {
		"0": "item/multiple/xmas_antlers/antler",
		"1": "item/multiple/xmas_antlers/antler_animation_1texture",
		"particle": "item/multiple/xmas_antlers/antler"
	},
	"elements": [
		{
			"from": [7, 8, 7],
			"to": [9, 16, 9],
			"rotation": {"angle": 0, "axis": "y", "origin": [0, 18, 0]},
			"faces": {
				"north": {"uv": [1, 1.75, 1.5, 3.75], "texture": "#0"},
				"east": {"uv": [1.5, 1.75, 2, 3.75], "texture": "#0"},
				"south": {"uv": [2, 1.75, 2.5, 3.75], "texture": "#0"},
				"west": {"uv": [2.5, 0, 3, 2], "texture": "#0"},
				"up": {"uv": [1, 8, 0.5, 7.5], "texture": "#0"},
				"down": {"uv": [2.75, 7.5, 2.25, 8], "texture": "#0"}
			}
		},
		{
			"from": [14, 0, 8],
			"to": [28, 18, 8],
			"faces": {
				"north": {"uv": [0, 0, 7, 9], "texture": "#1"},
				"east": {"uv": [0, 0, 0, 9], "texture": "#1"},
				"south": {"uv": [7, 0, 0, 9], "texture": "#1"},
				"west": {"uv": [0, 0, 0, 9], "texture": "#1"},
				"up": {"uv": [0, 0, 7, 0], "texture": "#1"},
				"down": {"uv": [0, 0, 7, 0], "texture": "#1"}
			}
		},
		{
			"from": [-9, 8, 8],
			"to": [5, 26, 8],
			"faces": {
				"north": {"uv": [7, 0, 0, 9], "texture": "#1"},
				"east": {"uv": [0, 0, 0, 9], "texture": "#1"},
				"south": {"uv": [0, 0, 7, 9], "texture": "#1"},
				"west": {"uv": [0, 0, 0, 9], "texture": "#1"},
				"up": {"uv": [0, 0, 7, 0], "texture": "#1"},
				"down": {"uv": [0, 0, 7, 0], "texture": "#1"}
			}
		},
		{
			"from": [6.5, 16, 6.5],
			"to": [9.5, 18, 9.5],
			"rotation": {"angle": 0, "axis": "y", "origin": [0, 18, 0]},
			"faces": {
				"north": {"uv": [7.25, 1, 8, 1.5], "texture": "#0"},
				"east": {"uv": [7.25, 1.5, 8, 2], "texture": "#0"},
				"south": {"uv": [7.25, 2, 8, 2.5], "texture": "#0"},
				"west": {"uv": [7.25, 2.5, 8, 3], "texture": "#0"},
				"up": {"uv": [6.25, 4.25, 5.5, 3.5], "texture": "#0"},
				"down": {"uv": [6.25, 4.25, 5.5, 5], "texture": "#0"}
			}
		},
		{
			"from": [6.5, 18, 5.5],
			"to": [9.5, 21, 10.5],
			"rotation": {"angle": 0, "axis": "y", "origin": [0, 18, 0]},
			"faces": {
				"north": {"uv": [5.75, 0, 6.5, 0.75], "texture": "#0"},
				"east": {"uv": [2.5, 2, 3.75, 2.75], "texture": "#0"},
				"south": {"uv": [5.75, 0.75, 6.5, 1.5], "texture": "#0"},
				"west": {"uv": [2.5, 2.75, 3.75, 3.5], "texture": "#0"},
				"up": {"uv": [3.75, 1.25, 3, 0], "texture": "#0"},
				"down": {"uv": [0.75, 3.5, 0, 4.75], "texture": "#0"}
			}
		},
		{
			"from": [6.5, -3, 6.5],
			"to": [9.5, -1, 9.5],
			"rotation": {"angle": 0, "axis": "y", "origin": [0, 9, 0]},
			"faces": {
				"north": {"uv": [2.25, 7, 3, 7.5], "texture": "#0"},
				"east": {"uv": [3, 7, 3.75, 7.5], "texture": "#0"},
				"south": {"uv": [6.75, 7, 7.5, 7.5], "texture": "#0"},
				"west": {"uv": [1, 7.25, 1.75, 7.75], "texture": "#0"},
				"up": {"uv": [3.75, 2, 3, 1.25], "texture": "#0"},
				"down": {"uv": [2, 5.5, 1.25, 6.25], "texture": "#0"}
			}
		},
		{
			"from": [7.25, -1, 7.25],
			"to": [8.75, 8, 8.75],
			"rotation": {"angle": 0, "axis": "y", "origin": [0, 9, 0]},
			"faces": {
				"north": {"uv": [4.75, 8.25, 5.125, 10.5], "texture": "#0"},
				"east": {"uv": [5.125, 8.25, 5.5, 10.5], "texture": "#0"},
				"south": {"uv": [5.125, 8.25, 4.75, 10.5], "texture": "#0"},
				"west": {"uv": [5.125, 8.25, 5.5, 10.5], "texture": "#0"},
				"up": {"uv": [1.5, 8.75, 1.875, 9.125], "texture": "#0"},
				"down": {"uv": [1.875, 8.75, 2.25, 9.125], "texture": "#0"}
			}
		},
		{
			"from": [9.5, -3, 7],
			"to": [12.5, -1, 9],
			"rotation": {"angle": -22.5, "axis": "z", "origin": [9.5, -1, 8]},
			"faces": {
				"north": {"uv": [6.75, 3, 7.5, 3.5], "texture": "#0"},
				"east": {"uv": [7.25, 6, 7.75, 6.5], "texture": "#0"},
				"south": {"uv": [6.75, 6.5, 7.5, 7], "texture": "#0"},
				"west": {"uv": [0, 7.5, 0.5, 8], "texture": "#0"},
				"up": {"uv": [7.75, 0.5, 7, 0], "texture": "#0"},
				"down": {"uv": [7.75, 0.5, 7, 1], "texture": "#0"}
			}
		},
		{
			"from": [11.5, -7, 8],
			"to": [16.5, -1, 8],
			"rotation": {"angle": -22.5, "axis": "z", "origin": [9.5, -1, 8]},
			"faces": {
				"north": {"uv": [0, 0, 1.25, 1.5], "rotation": 180, "texture": "#0"},
				"east": {"uv": [7.25, 6, 7.75, 6.5], "texture": "#0"},
				"south": {"uv": [1.25, 0, 0, 1.5], "rotation": 180, "texture": "#0"},
				"west": {"uv": [0, 7.5, 0.5, 8], "texture": "#0"},
				"up": {"uv": [7.75, 0.5, 7, 0], "texture": "#0"},
				"down": {"uv": [7.75, 0.5, 7, 1], "texture": "#0"}
			}
		},
		{
			"from": [6.975, -11.42843, 5.19657],
			"to": [9.025, -4.42843, 7.24657],
			"rotation": {"angle": 0, "axis": "y", "origin": [8, -1.6, 12.05]},
			"faces": {
				"north": {"uv": [5, 5.25, 5.5, 3.5], "texture": "#0"},
				"east": {"uv": [0, 6.5, 0.5, 4.75], "texture": "#0"},
				"south": {"uv": [4.75, 1.75, 5.25, 0], "texture": "#0"},
				"west": {"uv": [4.75, 3.5, 5.25, 1.75], "texture": "#0"},
				"up": {"uv": [7.75, 3.5, 8.25, 4], "rotation": 270, "texture": "#0"},
				"down": {"uv": [1, 8.25, 1.5, 7.75], "rotation": 90, "texture": "#0"}
			}
		},
		{
			"from": [8, -11.42843, 0.22157],
			"to": [8, -4.42843, 5.22157],
			"rotation": {"angle": 0, "axis": "y", "origin": [8, -1.6, 12.05]},
			"faces": {
				"north": {"uv": [0, 1.75, 0, 0], "texture": "#0"},
				"east": {"uv": [0, 1.75, 1.25, 0], "texture": "#0"},
				"south": {"uv": [0, 1.75, 0, 0], "texture": "#0"},
				"west": {"uv": [1.25, 1.75, 0, 0], "texture": "#0"},
				"up": {"uv": [0, 0, 1.25, 0], "rotation": 270, "texture": "#0"},
				"down": {"uv": [0, 0, 1.25, 0], "rotation": 90, "texture": "#0"}
			}
		},
		{
			"from": [7, -8.42843, 9.22157],
			"to": [9, -4.42843, 11.22157],
			"rotation": {"angle": 45, "axis": "x", "origin": [8, -1.6, 12.05]},
			"faces": {
				"north": {"uv": [0.5, 7.5, 1, 6.5], "texture": "#0"},
				"east": {"uv": [6.25, 6.5, 6.75, 5.5], "texture": "#0"},
				"south": {"uv": [0, 7.5, 0.5, 6.5], "texture": "#0"},
				"west": {"uv": [6.5, 1, 7, 0], "texture": "#0"},
				"up": {"uv": [7.75, 4, 8.25, 4.5], "rotation": 270, "texture": "#0"},
				"down": {"uv": [3.75, 8.25, 4.25, 7.75], "rotation": 90, "texture": "#0"}
			}
		},
		{
			"from": [3.64657, -11.32843, 6.975],
			"to": [5.69657, -4.32843, 9.025],
			"rotation": {"angle": 0, "axis": "y", "origin": [10.5, -1.5, 8]},
			"faces": {
				"north": {"uv": [5.25, 1.75, 5.75, 3.5], "texture": "#0"},
				"east": {"uv": [2.25, 5.25, 2.75, 7], "texture": "#0"},
				"south": {"uv": [2.75, 5.25, 3.25, 7], "texture": "#0"},
				"west": {"uv": [3.25, 5.25, 3.75, 7], "texture": "#0"},
				"up": {"uv": [6.25, 8.25, 5.75, 7.75], "texture": "#0"},
				"down": {"uv": [8.25, 6, 7.75, 6.5], "texture": "#0"}
			}
		},
		{
			"from": [-1.32843, -15.32843, 8],
			"to": [3.67157, -8.32843, 8],
			"rotation": {"angle": 0, "axis": "y", "origin": [10.5, -1.5, 8]},
			"faces": {
				"north": {"uv": [1.25, 0, 2.5, 1.75], "texture": "#0"},
				"east": {"uv": [0, 0, 0, 1.75], "texture": "#0"},
				"south": {"uv": [2.5, 0, 1.25, 1.75], "texture": "#0"},
				"west": {"uv": [0, 0, 0, 1.75], "texture": "#0"},
				"up": {"uv": [1.25, 0, 0, 0], "texture": "#0"},
				"down": {"uv": [1.25, 0, 0, 0], "texture": "#0"}
			}
		},
		{
			"from": [7.67157, -8.32843, 7],
			"to": [9.67157, -4.32843, 9],
			"rotation": {"angle": -45, "axis": "z", "origin": [10.5, -1.5, 8]},
			"faces": {
				"north": {"uv": [4.25, 6.75, 4.75, 7.75], "texture": "#0"},
				"east": {"uv": [4.75, 6.75, 5.25, 7.75], "texture": "#0"},
				"south": {"uv": [5.25, 6.75, 5.75, 7.75], "texture": "#0"},
				"west": {"uv": [6.75, 5.5, 7.25, 6.5], "texture": "#0"},
				"up": {"uv": [8.25, 8, 7.75, 7.5], "texture": "#0"},
				"down": {"uv": [0.5, 8, 0, 8.5], "texture": "#0"}
			}
		},
		{
			"from": [13.5, 22, 7],
			"to": [14.5, 25, 9],
			"rotation": {"angle": -45, "axis": "z", "origin": [8, 23.5, 8]},
			"faces": {
				"north": {"uv": [2.25, 8, 2.5, 8.75], "texture": "#0"},
				"east": {"uv": [2.5, 8, 3, 8.75], "texture": "#0"},
				"south": {"uv": [2.25, 8, 2.5, 8.75], "texture": "#0"},
				"west": {"uv": [2.5, 8, 3, 8.75], "texture": "#0"},
				"up": {"uv": [2.25, 8.75, 2.75, 9], "rotation": 90, "texture": "#0"},
				"down": {"uv": [2.25, 8.75, 2.75, 9], "rotation": 270, "texture": "#0"}
			}
		},
		{
			"from": [13.5, 26, 7.025],
			"to": [14.5, 29, 8.975],
			"rotation": {"angle": -45, "axis": "z", "origin": [8, 23.5, 8]},
			"faces": {
				"north": {"uv": [2.25, 8, 2.5, 8.75], "texture": "#0"},
				"east": {"uv": [2.5, 8, 3, 8.75], "texture": "#0"},
				"south": {"uv": [2.25, 8, 2.5, 8.75], "texture": "#0"},
				"west": {"uv": [2.5, 8, 3, 8.75], "texture": "#0"},
				"up": {"uv": [2.25, 8.75, 2.75, 9], "rotation": 90, "texture": "#0"},
				"down": {"uv": [2.25, 8.75, 2.75, 9], "rotation": 270, "texture": "#0"}
			}
		},
		{
			"from": [13, 20, 7.5],
			"to": [15, 23, 8.5],
			"rotation": {"angle": -45, "axis": "z", "origin": [8, 23.5, 8]},
			"faces": {
				"north": {"uv": [2.5, 8, 3, 8.75], "texture": "#0"},
				"east": {"uv": [2.25, 8, 2.5, 8.75], "texture": "#0"},
				"south": {"uv": [2.5, 8, 3, 8.75], "texture": "#0"},
				"west": {"uv": [2.25, 8, 2.5, 8.75], "texture": "#0"},
				"up": {"uv": [2.25, 8.75, 2.75, 9], "rotation": 180, "texture": "#0"},
				"down": {"uv": [2.25, 8.75, 2.75, 9], "rotation": 180, "texture": "#0"}
			}
		},
		{
			"from": [13, 24, 7.5],
			"to": [15, 27, 8.5],
			"rotation": {"angle": -45, "axis": "z", "origin": [8, 23.5, 8]},
			"faces": {
				"north": {"uv": [2.5, 8, 3, 8.75], "texture": "#0"},
				"east": {"uv": [2.25, 8, 2.5, 8.75], "texture": "#0"},
				"south": {"uv": [2.5, 8, 3, 8.75], "texture": "#0"},
				"west": {"uv": [2.25, 8, 2.5, 8.75], "texture": "#0"},
				"up": {"uv": [2.25, 8.75, 2.75, 9], "rotation": 180, "texture": "#0"},
				"down": {"uv": [2.25, 8.75, 2.75, 9], "rotation": 180, "texture": "#0"}
			}
		},
		{
			"from": [13.5, 19, 7],
			"to": [14.5, 21, 9],
			"rotation": {"angle": -45, "axis": "z", "origin": [8, 23.5, 8]},
			"faces": {
				"north": {"uv": [2.25, 8.25, 2.5, 8.75], "texture": "#0"},
				"east": {"uv": [2.5, 8.125, 3, 8.625], "texture": "#0"},
				"south": {"uv": [2.25, 8.25, 2.5, 8.75], "texture": "#0"},
				"west": {"uv": [2.5, 8.125, 3, 8.625], "texture": "#0"},
				"up": {"uv": [2.25, 8.75, 2.75, 9], "rotation": 90, "texture": "#0"},
				"down": {"uv": [2.25, 8.75, 2.75, 9], "rotation": 270, "texture": "#0"}
			}
		},
		{
			"from": [1.5, 22, 7],
			"to": [2.5, 25, 9],
			"rotation": {"angle": 45, "axis": "z", "origin": [8, 23.5, 8]},
			"faces": {
				"north": {"uv": [2.5, 8, 2.25, 8.75], "texture": "#0"},
				"east": {"uv": [3, 8, 2.5, 8.75], "texture": "#0"},
				"south": {"uv": [2.5, 8, 2.25, 8.75], "texture": "#0"},
				"west": {"uv": [3, 8, 2.5, 8.75], "texture": "#0"},
				"up": {"uv": [2.25, 9, 2.75, 8.75], "rotation": 90, "texture": "#0"},
				"down": {"uv": [2.25, 9, 2.75, 8.75], "rotation": 270, "texture": "#0"}
			}
		},
		{
			"from": [1, 20, 7.5],
			"to": [3, 23, 8.5],
			"rotation": {"angle": 45, "axis": "z", "origin": [8, 23.5, 8]},
			"faces": {
				"north": {"uv": [3, 8, 2.5, 8.75], "texture": "#0"},
				"east": {"uv": [2.5, 8, 2.25, 8.75], "texture": "#0"},
				"south": {"uv": [3, 8, 2.5, 8.75], "texture": "#0"},
				"west": {"uv": [2.5, 8, 2.25, 8.75], "texture": "#0"},
				"up": {"uv": [2.75, 8.75, 2.25, 9], "rotation": 180, "texture": "#0"},
				"down": {"uv": [2.75, 8.75, 2.25, 9], "rotation": 180, "texture": "#0"}
			}
		},
		{
			"from": [1.5, 19, 7],
			"to": [2.5, 21, 9],
			"rotation": {"angle": 45, "axis": "z", "origin": [8, 23.5, 8]},
			"faces": {
				"north": {"uv": [2.5, 8.25, 2.25, 8.75], "texture": "#0"},
				"east": {"uv": [3, 8.125, 2.5, 8.625], "texture": "#0"},
				"south": {"uv": [2.5, 8.25, 2.25, 8.75], "texture": "#0"},
				"west": {"uv": [3, 8.125, 2.5, 8.625], "texture": "#0"},
				"up": {"uv": [2.25, 9, 2.75, 8.75], "rotation": 90, "texture": "#0"},
				"down": {"uv": [2.25, 9, 2.75, 8.75], "rotation": 270, "texture": "#0"}
			}
		},
		{
			"from": [1, 24, 7.5],
			"to": [3, 26, 8.5],
			"rotation": {"angle": 45, "axis": "z", "origin": [8, 23.5, 8]},
			"faces": {
				"north": {"uv": [2.25, 8, 1.75, 8.5], "texture": "#0"},
				"east": {"uv": [1.75, 8, 1.5, 8.5], "texture": "#0"},
				"south": {"uv": [2.25, 8, 1.75, 8.5], "texture": "#0"},
				"west": {"uv": [1.75, 8, 1.5, 8.5], "texture": "#0"},
				"up": {"uv": [2, 8.5, 1.5, 8.75], "texture": "#0"},
				"down": {"uv": [2, 8.5, 1.5, 8.75], "texture": "#0"}
			}
		},
		{
			"from": [-7.98252, 23.02794, 7],
			"to": [-1.98252, 25.02794, 9],
			"rotation": {"angle": 22.5, "axis": "z", "origin": [5.25, 33.25, 8]},
			"faces": {
				"north": {"uv": [3.75, 6.75, 4.25, 5.25], "rotation": 270, "texture": "#0"},
				"east": {"uv": [8.25, 5, 7.75, 4.5], "rotation": 90, "texture": "#0"},
				"south": {"uv": [4.75, 6.75, 5.25, 5.25], "rotation": 90, "texture": "#0"},
				"west": {"uv": [4.75, 7.75, 4.25, 8.25], "rotation": 90, "texture": "#0"},
				"up": {"uv": [5.25, 6.75, 5.75, 5.25], "rotation": 90, "texture": "#0"},
				"down": {"uv": [4.25, 6.75, 4.75, 5.25], "rotation": 90, "texture": "#0"}
			}
		},
		{
			"from": [-3.85157, 17.59881, 6.975],
			"to": [-1.80157, 20.59881, 9.025],
			"rotation": {"angle": -45, "axis": "z", "origin": [-3.85, 20.6, 8]},
			"faces": {
				"north": {"uv": [5.75, 7.75, 6.25, 7], "texture": "#0"},
				"east": {"uv": [1.75, 8, 2.25, 7.25], "texture": "#0"},
				"south": {"uv": [7.25, 4.25, 7.75, 3.5], "texture": "#0"},
				"west": {"uv": [7.25, 5, 7.75, 4.25], "texture": "#0"},
				"up": {"uv": [8.25, 5.5, 7.75, 5], "texture": "#0"},
				"down": {"uv": [5.25, 7.75, 4.75, 8.25], "texture": "#0"}
			}
		},
		{
			"from": [-4.97686, 13.8183, 7],
			"to": [-2.97686, 17.8183, 9],
			"rotation": {"angle": -22.5, "axis": "z", "origin": [-3.85, 20.6, 8]},
			"faces": {
				"north": {"uv": [6.25, 7.5, 6.75, 6.5], "texture": "#0"},
				"east": {"uv": [6.75, 2, 7.25, 1], "texture": "#0"},
				"south": {"uv": [6.75, 3, 7.25, 2], "texture": "#0"},
				"west": {"uv": [3.75, 7.75, 4.25, 6.75], "texture": "#0"},
				"up": {"uv": [8.25, 6, 7.75, 5.5], "texture": "#0"},
				"down": {"uv": [5.75, 7.75, 5.25, 8.25], "texture": "#0"}
			}
		},
		{
			"from": [1.67157, 20.80343, 6.975],
			"to": [5.67157, 22.85343, 9.025],
			"rotation": {"angle": 0, "axis": "y", "origin": [8.5, 20, 8]},
			"faces": {
				"north": {"uv": [5.75, 5, 6.25, 6], "rotation": 90, "texture": "#0"},
				"east": {"uv": [8, 3, 7.5, 3.5], "rotation": 270, "texture": "#0"},
				"south": {"uv": [1.25, 6.25, 1.75, 7.25], "rotation": 270, "texture": "#0"},
				"west": {"uv": [3.25, 8, 2.75, 7.5], "rotation": 270, "texture": "#0"},
				"up": {"uv": [5.75, 6, 6.25, 7], "rotation": 270, "texture": "#0"},
				"down": {"uv": [1.75, 6.25, 2.25, 7.25], "rotation": 270, "texture": "#0"}
			}
		},
		{
			"from": [6.5, 20, 7],
			"to": [8.5, 24, 9],
			"rotation": {"angle": 45, "axis": "z", "origin": [8.5, 20, 8]},
			"faces": {
				"north": {"uv": [6.25, 3.5, 7.25, 4], "rotation": 90, "texture": "#0"},
				"east": {"uv": [7.25, 5, 6.25, 5.5], "rotation": 270, "texture": "#0"},
				"south": {"uv": [6.25, 4, 7.25, 4.5], "rotation": 270, "texture": "#0"},
				"west": {"uv": [7.25, 5, 6.25, 4.5], "rotation": 270, "texture": "#0"},
				"up": {"uv": [3.25, 7.5, 3.75, 8], "rotation": 270, "texture": "#0"},
				"down": {"uv": [6.25, 7.5, 6.75, 8], "rotation": 270, "texture": "#0"}
			}
		},
		{
			"from": [18.42804, 21.67471, 6.975],
			"to": [25.42804, 23.72471, 9.025],
			"rotation": {"angle": 0, "axis": "y", "origin": [7.5, 21, 8]},
			"faces": {
				"north": {"uv": [0.75, 5.5, 1.25, 3.75], "rotation": 90, "texture": "#0"},
				"east": {"uv": [8, 7, 7.5, 7.5], "rotation": 270, "texture": "#0"},
				"south": {"uv": [1.75, 5.5, 2.25, 3.75], "rotation": 270, "texture": "#0"},
				"west": {"uv": [7.75, 8, 7.25, 7.5], "rotation": 270, "texture": "#0"},
				"up": {"uv": [1.25, 5.5, 1.75, 3.75], "rotation": 270, "texture": "#0"},
				"down": {"uv": [3.75, 3.5, 4.25, 1.75], "rotation": 270, "texture": "#0"}
			}
		},
		{
			"from": [14.73252, 29.22206, 7],
			"to": [20.73252, 31.22206, 9],
			"rotation": {"angle": -45, "axis": "z", "origin": [7.5, 21, 8]},
			"faces": {
				"north": {"uv": [3.75, 6.75, 4.25, 5.25], "rotation": 90, "texture": "#0"},
				"east": {"uv": [4.75, 7.75, 4.25, 8.25], "rotation": 270, "texture": "#0"},
				"south": {"uv": [4.75, 6.75, 5.25, 5.25], "rotation": 270, "texture": "#0"},
				"west": {"uv": [8.25, 5, 7.75, 4.5], "rotation": 270, "texture": "#0"},
				"up": {"uv": [4.25, 6.75, 4.75, 5.25], "rotation": 270, "texture": "#0"},
				"down": {"uv": [5.25, 6.75, 5.75, 5.25], "rotation": 270, "texture": "#0"}
			}
		},
		{
			"from": [16.23252, 26.22206, 7],
			"to": [18.23252, 29.22206, 9],
			"rotation": {"angle": -45, "axis": "z", "origin": [7.5, 21, 8]},
			"faces": {
				"north": {"uv": [4.5, 4.375, 4, 5.125], "texture": "#0"},
				"east": {"uv": [5.5, 4.375, 5, 5.125], "texture": "#0"},
				"south": {"uv": [4, 5.125, 4.5, 4.375], "texture": "#0"},
				"west": {"uv": [5.5, 5.125, 5, 4.375], "texture": "#0"},
				"up": {"uv": [5.25, 5.75, 5.75, 5.25], "texture": "#0"},
				"down": {"uv": [5.25, 5.75, 5.75, 5.25], "texture": "#0"}
			}
		},
		{
			"from": [22.67068, 17.43207, 6.975],
			"to": [25.67068, 19.48207, 9.025],
			"rotation": {"angle": 0, "axis": "y", "origin": [7.5, 21, 8]},
			"faces": {
				"north": {"uv": [5.75, 7.75, 6.25, 7], "rotation": 90, "texture": "#0"},
				"east": {"uv": [5.25, 7.75, 4.75, 8.25], "rotation": 270, "texture": "#0"},
				"south": {"uv": [7.25, 4.25, 7.75, 3.5], "rotation": 270, "texture": "#0"},
				"west": {"uv": [8.25, 5.5, 7.75, 5], "rotation": 270, "texture": "#0"},
				"up": {"uv": [1.75, 8, 2.25, 7.25], "rotation": 270, "texture": "#0"},
				"down": {"uv": [7.25, 5, 7.75, 4.25], "rotation": 270, "texture": "#0"}
			}
		},
		{
			"from": [22.9317, 10.77314, 7],
			"to": [26.9317, 12.77314, 9],
			"rotation": {"angle": 22.5, "axis": "z", "origin": [7.5, 21, 8]},
			"faces": {
				"north": {"uv": [6.25, 7.5, 6.75, 6.5], "rotation": 90, "texture": "#0"},
				"east": {"uv": [5.75, 7.75, 5.25, 8.25], "rotation": 270, "texture": "#0"},
				"south": {"uv": [6.75, 3, 7.25, 2], "rotation": 270, "texture": "#0"},
				"west": {"uv": [8.25, 6, 7.75, 5.5], "rotation": 270, "texture": "#0"},
				"up": {"uv": [6.75, 2, 7.25, 1], "rotation": 270, "texture": "#0"},
				"down": {"uv": [3.75, 7.75, 4.25, 6.75], "rotation": 270, "texture": "#0"}
			}
		},
		{
			"from": [22.9317, 6.77314, 8],
			"to": [29.9317, 10.77314, 8],
			"rotation": {"angle": 22.5, "axis": "z", "origin": [7.5, 21, 8]},
			"faces": {
				"north": {"uv": [0, 3.5, 1, 1.75], "rotation": 90, "texture": "#0"},
				"east": {"uv": [1, 0, 0, 0], "rotation": 270, "texture": "#0"},
				"south": {"uv": [1, 3.5, 0, 1.75], "rotation": 270, "texture": "#0"},
				"west": {"uv": [1, 0, 0, 0], "rotation": 270, "texture": "#0"},
				"up": {"uv": [0, 1.75, 0, 0], "rotation": 270, "texture": "#0"},
				"down": {"uv": [0, 1.75, 0, 0], "rotation": 270, "texture": "#0"}
			}
		},
		{
			"from": [0.93532, 22.03512, 7.025],
			"to": [2.88532, 25.03512, 8.975],
			"rotation": {"angle": 22.5, "axis": "z", "origin": [1.36324, 23.76683, 8]},
			"faces": {
				"north": {"uv": [5.75, 7, 6.25, 7.75], "texture": "#0"},
				"east": {"uv": [1.75, 7.25, 2.25, 8], "texture": "#0"},
				"south": {"uv": [7.25, 3.5, 7.75, 4.25], "texture": "#0"},
				"west": {"uv": [7.25, 4.25, 7.75, 5], "texture": "#0"},
				"up": {"uv": [5.25, 8.25, 4.75, 7.75], "texture": "#0"},
				"down": {"uv": [8.25, 5, 7.75, 5.5], "texture": "#0"}
			}
		},
		{
			"from": [0.45944, 24.76525, 7],
			"to": [2.45944, 28.76525, 9],
			"rotation": {"angle": 0, "axis": "y", "origin": [1.36324, 23.76683, 8]},
			"faces": {
				"north": {"uv": [6.25, 6.5, 6.75, 7.5], "texture": "#0"},
				"east": {"uv": [6.75, 1, 7.25, 2], "texture": "#0"},
				"south": {"uv": [6.75, 2, 7.25, 3], "texture": "#0"},
				"west": {"uv": [3.75, 6.75, 4.25, 7.75], "texture": "#0"},
				"up": {"uv": [5.75, 8.25, 5.25, 7.75], "texture": "#0"},
				"down": {"uv": [8.25, 5.5, 7.75, 6], "texture": "#0"}
			}
		},
		{
			"from": [-3.54056, 24.76525, 8],
			"to": [0.45944, 31.76525, 8],
			"rotation": {"angle": 0, "axis": "y", "origin": [1.36324, 23.76683, 8]},
			"faces": {
				"north": {"uv": [0, 1.75, 1, 3.5], "texture": "#0"},
				"east": {"uv": [0, 0, 0, 1.75], "texture": "#0"},
				"south": {"uv": [1, 1.75, 0, 3.5], "texture": "#0"},
				"west": {"uv": [0, 0, 0, 1.75], "texture": "#0"},
				"up": {"uv": [1, 0, 0, 0], "texture": "#0"},
				"down": {"uv": [1, 0, 0, 0], "texture": "#0"}
			}
		},
		{
			"from": [10.32843, 25.82843, 7],
			"to": [17.32843, 27.82843, 9],
			"rotation": {"angle": -22.5, "axis": "z", "origin": [7.5, 21, 8]},
			"faces": {
				"north": {"uv": [2.5, 5.25, 3, 3.5], "rotation": 90, "texture": "#0"},
				"east": {"uv": [8, 6.5, 7.5, 7], "rotation": 270, "texture": "#0"},
				"south": {"uv": [3.5, 5.25, 4, 3.5], "rotation": 270, "texture": "#0"},
				"west": {"uv": [7.25, 8, 6.75, 7.5], "rotation": 270, "texture": "#0"},
				"up": {"uv": [3, 5.25, 3.5, 3.5], "rotation": 270, "texture": "#0"},
				"down": {"uv": [3.75, 1.75, 4.25, 0], "rotation": 270, "texture": "#0"}
			}
		},
		{
			"from": [10.32843, 21.80343, 6.975],
			"to": [14.32843, 23.85343, 9.025],
			"rotation": {"angle": 22.5, "axis": "z", "origin": [7.5, 21, 8]},
			"faces": {
				"north": {"uv": [5.75, 6, 6.25, 5], "rotation": 90, "texture": "#0"},
				"east": {"uv": [3.25, 7.5, 2.75, 8], "rotation": 270, "texture": "#0"},
				"south": {"uv": [1.25, 7.25, 1.75, 6.25], "rotation": 270, "texture": "#0"},
				"west": {"uv": [8, 3.5, 7.5, 3], "rotation": 270, "texture": "#0"},
				"up": {"uv": [5.75, 7, 6.25, 6], "rotation": 270, "texture": "#0"},
				"down": {"uv": [1.75, 7.25, 2.25, 6.25], "rotation": 270, "texture": "#0"}
			}
		},
		{
			"from": [7.5, 21, 7],
			"to": [9.5, 25, 9],
			"rotation": {"angle": -22.5, "axis": "z", "origin": [7.5, 21, 8]},
			"faces": {
				"north": {"uv": [6.25, 4, 7.25, 3.5], "rotation": 90, "texture": "#0"},
				"east": {"uv": [7.25, 4.5, 6.25, 5], "rotation": 270, "texture": "#0"},
				"south": {"uv": [6.25, 4.5, 7.25, 4], "rotation": 270, "texture": "#0"},
				"west": {"uv": [7.25, 5.5, 6.25, 5], "rotation": 270, "texture": "#0"},
				"up": {"uv": [3.25, 8, 3.75, 7.5], "rotation": 270, "texture": "#0"},
				"down": {"uv": [6.25, 8, 6.75, 7.5], "rotation": 270, "texture": "#0"}
			}
		},
		{
			"from": [14.32843, 24.82843, 8],
			"to": [19.32843, 31.82843, 8],
			"rotation": {"angle": 22.5, "axis": "z", "origin": [16.82843, 28.32843, 8]},
			"faces": {
				"north": {"uv": [1.25, 0, 0, 1.75], "texture": "#0"},
				"east": {"uv": [0, 0, 0, 1.75], "texture": "#0"},
				"south": {"uv": [0, 0, 1.25, 1.75], "texture": "#0"},
				"west": {"uv": [0, 0, 0, 1.75], "texture": "#0"},
				"up": {"uv": [0, 0, 1.25, 0], "texture": "#0"},
				"down": {"uv": [0, 0, 1.25, 0], "texture": "#0"}
			}
		}
	],
	"display": {
		"thirdperson_righthand": {
			"rotation": [0, 90, 0],
			"translation": [0, -1, 1.75],
			"scale": [0.55, 0.55, 0.55]
		},
		"thirdperson_lefthand": {
			"rotation": [0, -90, 0],
			"translation": [0, -1, 1.75],
			"scale": [0.55, 0.55, 0.55]
		},
		"firstperson_righthand": {
			"rotation": [0, 90, 20],
			"translation": [0.5, -1, 0.25],
			"scale": [0.45, 0.45, 0.45]
		},
		"firstperson_lefthand": {
			"rotation": [0, 90, 20],
			"translation": [0.5, -1, 0.25],
			"scale": [0.45, 0.45, 0.45]
		},
		"ground": {
			"translation": [0, 2.25, 0],
			"scale": [0.45, 0.45, 0.45]
		},
		"gui": {
			"rotation": [0, 0, -45],
			"translation": [-0.5, -0.75, 0],
			"scale": [0.4, 0.4, 0.4]
		}
	},
	"groups": [
		0,
		1,
		2,
		3,
		4,
		5,
		6,
		7,
		8,
		{
			"name": "group",
			"origin": [9.5, 0, 8],
			"color": 0,
			"children": [9, 10, 11]
		},
		{
			"name": "group",
			"origin": [9.5, 0, 8],
			"color": 0,
			"children": [12, 13, 14]
		},
		{
			"name": "group",
			"origin": [0, 9, 0],
			"color": 0,
			"children": [15, 16, 17, 18, 19]
		},
		{
			"name": "group",
			"origin": [0, 9, 0],
			"color": 0,
			"children": [20, 21, 22, 23]
		},
		{
			"name": "group",
			"origin": [9.5, 0, 8],
			"color": 0,
			"children": [
				{
					"name": "group",
					"origin": [8.5, 0, 8],
					"color": 0,
					"children": [24, 25, 26]
				},
				27,
				28
			]
		},
		{
			"name": "group",
			"origin": [9.5, 0, 8],
			"color": 0,
			"children": [
				29,
				{
					"name": "group",
					"origin": [8.5, 0, 8],
					"color": 0,
					"children": [30, 31, 32, 33, 34]
				},
				{
					"name": "group",
					"origin": [8.5, 0, 8],
					"color": 0,
					"children": [35, 36, 37]
				},
				38,
				39,
				40
			]
		},
		41
	]
}