{
	"credit": "Made with Blockbench",
	"texture_size": [64, 64],
	"textures": {
		"0": "item/pickaxes/elfin_pickaxe/elfin",
		"1": "item/pickaxes/elfin_pickaxe/elfin_animation",
		"particle": "item/pickaxes/elfin_pickaxe/elfin"
	},
	"elements": [
		{
			"from": [7.1, 6, 7.1],
			"to": [8.9, 12, 8.9],
			"rotation": {"angle": 22.5, "axis": "z", "origin": [7, 12, 8]},
			"faces": {
				"north": {"uv": [1, 5.5, 1.5, 7], "texture": "#0"},
				"east": {"uv": [5, 6, 5.5, 7.5], "texture": "#0"},
				"south": {"uv": [6.5, 0, 7, 1.5], "texture": "#0"},
				"west": {"uv": [6.5, 1.5, 7, 3], "texture": "#0"},
				"up": {"uv": [6, 3.5, 5.5, 3], "texture": "#0"},
				"down": {"uv": [4.5, 7.75, 4, 8.25], "texture": "#0"}
			}
		},
		{
			"from": [3, 11, 7],
			"to": [8, 13, 9],
			"rotation": {"angle": 45, "axis": "z", "origin": [6.5, 13, 8]},
			"faces": {
				"north": {"uv": [6.5, 6.75, 7.75, 7.25], "texture": "#0"},
				"east": {"uv": [7.75, 5.25, 8.25, 5.75], "texture": "#0"},
				"south": {"uv": [7, 0, 8.25, 0.5], "texture": "#0"},
				"west": {"uv": [7.75, 5.75, 8.25, 6.25], "texture": "#0"},
				"up": {"uv": [8.25, 1, 7, 0.5], "texture": "#0"},
				"down": {"uv": [2, 7, 0.75, 7.5], "texture": "#0"}
			}
		},
		{
			"from": [5.39158, 5.67075, 7.25],
			"to": [6.89158, 9.67075, 8.75],
			"rotation": {"angle": -22.5, "axis": "z", "origin": [6.5, 13, 8]},
			"faces": {
				"north": {"uv": [7.75, 1.5, 8.125, 2.5], "texture": "#0"},
				"east": {"uv": [2, 7.75, 2.375, 8.75], "texture": "#0"},
				"south": {"uv": [2.5, 7.75, 2.875, 8.75], "texture": "#0"},
				"west": {"uv": [3, 7.75, 3.375, 8.75], "texture": "#0"},
				"up": {"uv": [8.625, 1.875, 8.25, 1.5], "texture": "#0"},
				"down": {"uv": [8.625, 2, 8.25, 2.375], "texture": "#0"}
			}
		},
		{
			"from": [6, 1, 7],
			"to": [8, 10, 9],
			"rotation": {"angle": -22.5, "axis": "z", "origin": [7, 4, 8]},
			"faces": {
				"north": {"uv": [1.5, 4.75, 2, 7], "texture": "#0"},
				"east": {"uv": [2, 4.75, 2.5, 7], "texture": "#0"},
				"south": {"uv": [2.5, 4.75, 3, 7], "texture": "#0"},
				"west": {"uv": [3, 4.75, 3.5, 7], "texture": "#0"},
				"up": {"uv": [8.25, 7.25, 7.75, 6.75], "texture": "#0"},
				"down": {"uv": [8.5, 2.5, 8, 3], "texture": "#0"}
			}
		},
		{
			"from": [6.1, -3, 7.1],
			"to": [7.9, 3, 8.9],
			"rotation": {"angle": 22.5, "axis": "z", "origin": [8, -2, 8]},
			"faces": {
				"north": {"uv": [6.75, 3, 7.25, 4.5], "texture": "#0"},
				"east": {"uv": [3.5, 6.75, 4, 8.25], "texture": "#0"},
				"south": {"uv": [5.5, 6.75, 6, 8.25], "texture": "#0"},
				"west": {"uv": [6, 6.75, 6.5, 8.25], "texture": "#0"},
				"up": {"uv": [8.5, 3.5, 8, 3], "texture": "#0"},
				"down": {"uv": [8.5, 3.5, 8, 4], "texture": "#0"}
			}
		},
		{
			"from": [6.5, 12, 6.5],
			"to": [9.5, 16, 9.5],
			"rotation": {"angle": 0, "axis": "y", "origin": [0, 20, 16]},
			"faces": {
				"north": {"uv": [6, 4, 6.75, 5], "texture": "#0"},
				"east": {"uv": [4.25, 6, 5, 7], "texture": "#0"},
				"south": {"uv": [6.25, 5.75, 7, 6.75], "texture": "#0"},
				"west": {"uv": [0, 6.5, 0.75, 7.5], "texture": "#0"},
				"up": {"uv": [8, 3.25, 7.25, 2.5], "texture": "#0"},
				"down": {"uv": [8, 3.25, 7.25, 4], "texture": "#0"}
			}
		},
		{
			"from": [4, 16, 5.5],
			"to": [12, 21, 10.5],
			"rotation": {"angle": 0, "axis": "y", "origin": [0, 18, 16]},
			"faces": {
				"north": {"uv": [0, 2.25, 2, 3.5], "texture": "#0"},
				"east": {"uv": [2, 3.5, 3.25, 4.75], "texture": "#0"},
				"south": {"uv": [2, 2.25, 4, 3.5], "texture": "#0"},
				"west": {"uv": [3.25, 3.5, 4.5, 4.75], "texture": "#0"},
				"up": {"uv": [4.75, 1.25, 2.75, 0], "texture": "#0"},
				"down": {"uv": [2, 3.5, 0, 4.75], "texture": "#0"}
			}
		},
		{
			"from": [6, 21, 6],
			"to": [10, 22, 10],
			"rotation": {"angle": 0, "axis": "y", "origin": [0, 18, 16]},
			"faces": {
				"north": {"uv": [8.25, 0, 9.25, 0.25], "texture": "#0"},
				"east": {"uv": [8.25, 0.25, 9.25, 0.5], "texture": "#0"},
				"south": {"uv": [8.25, 0.5, 9.25, 0.75], "texture": "#0"},
				"west": {"uv": [8.25, 0.75, 9.25, 1], "texture": "#0"},
				"up": {"uv": [1, 6.5, 0, 5.5], "texture": "#0"},
				"down": {"uv": [6.5, 2, 5.5, 3], "texture": "#0"}
			}
		},
		{
			"from": [6.5, -7, 6.5],
			"to": [9.5, -3, 9.5],
			"rotation": {"angle": 0, "axis": "y", "origin": [0, 18, 16]},
			"faces": {
				"north": {"uv": [5.75, 0.75, 6.5, 1.75], "texture": "#0"},
				"east": {"uv": [3.5, 5.75, 4.25, 6.75], "texture": "#0"},
				"south": {"uv": [5.5, 5.75, 6.25, 6.75], "texture": "#0"},
				"west": {"uv": [6, 3, 6.75, 4], "texture": "#0"},
				"up": {"uv": [4.75, 7.75, 4, 7], "texture": "#0"},
				"down": {"uv": [7.75, 5.5, 7, 6.25], "texture": "#0"}
			}
		},
		{
			"from": [8, -3, 7],
			"to": [10, 1, 9],
			"rotation": {"angle": -45, "axis": "z", "origin": [8, -3, 8]},
			"faces": {
				"north": {"uv": [1, 7.5, 1.5, 8.5], "texture": "#0"},
				"east": {"uv": [1.5, 7.5, 2, 8.5], "texture": "#0"},
				"south": {"uv": [4.75, 7.5, 5.25, 8.5], "texture": "#0"},
				"west": {"uv": [7.5, 7.25, 8, 8.25], "texture": "#0"},
				"up": {"uv": [8.5, 5, 8, 4.5], "texture": "#0"},
				"down": {"uv": [8.5, 6.25, 8, 6.75], "texture": "#0"}
			}
		},
		{
			"from": [11.69552, -3.36927, 7.1],
			"to": [15.69552, -1.56927, 8.9],
			"rotation": {"angle": 22.5, "axis": "z", "origin": [8, -3, 8]},
			"faces": {
				"north": {"uv": [4.75, 0.75, 5.75, 1.25], "texture": "#0"},
				"east": {"uv": [8, 7.25, 8.5, 7.75], "texture": "#0"},
				"south": {"uv": [7, 6.25, 8, 6.75], "texture": "#0"},
				"west": {"uv": [8, 7.75, 8.5, 8.25], "texture": "#0"},
				"up": {"uv": [8.25, 4.5, 7.25, 4], "texture": "#0"},
				"down": {"uv": [8.75, 1, 7.75, 1.5], "texture": "#0"}
			}
		},
		{
			"from": [2.5, -16, 8],
			"to": [13.5, -7, 8],
			"rotation": {"angle": 0, "axis": "y", "origin": [0, 9, 16]},
			"faces": {
				"north": {"uv": [0, 0, 2.75, 2.25], "texture": "#0"},
				"east": {"uv": [0, 0, 0, 2.25], "texture": "#0"},
				"south": {"uv": [2.75, 0, 0, 2.25], "texture": "#0"},
				"west": {"uv": [0, 0, 0, 2.25], "texture": "#0"},
				"up": {"uv": [2.75, 0, 0, 0], "texture": "#0"},
				"down": {"uv": [2.75, 0, 0, 0], "texture": "#0"}
			}
		},
		{
			"from": [14, 17, 6.5],
			"to": [20, 20, 9.5],
			"rotation": {"angle": -22.5, "axis": "z", "origin": [14, 20, 8]},
			"faces": {
				"north": {"uv": [4.25, 1.25, 2.75, 2], "texture": "#0"},
				"east": {"uv": [7.75, 1.75, 7, 2.5], "texture": "#0"},
				"south": {"uv": [5.5, 2, 4, 2.75], "texture": "#0"},
				"west": {"uv": [7.75, 1, 7, 1.75], "texture": "#0"},
				"up": {"uv": [4, 3.5, 5.5, 2.75], "texture": "#0"},
				"down": {"uv": [4.25, 1.25, 5.75, 2], "texture": "#0"}
			}
		},
		{
			"from": [12, 16.5, 6],
			"to": [14, 20.5, 10],
			"rotation": {"angle": 0, "axis": "y", "origin": [12, 17, 8]},
			"faces": {
				"north": {"uv": [7, 7.25, 6.5, 8.25], "texture": "#0"},
				"east": {"uv": [5.5, 5, 4.5, 6], "texture": "#0"},
				"south": {"uv": [7.5, 7.25, 7, 8.25], "texture": "#0"},
				"west": {"uv": [4.5, 4.75, 3.5, 5.75], "texture": "#0"},
				"up": {"uv": [0, 8.5, 0.5, 7.5], "texture": "#0"},
				"down": {"uv": [0.5, 7.5, 1, 8.5], "texture": "#0"}
			}
		},
		{
			"from": [19.54328, 19.6461, 6.825],
			"to": [24.54328, 21.9461, 9.125],
			"rotation": {"angle": -45, "axis": "z", "origin": [14, 20, 8]},
			"faces": {
				"north": {"uv": [5.75, 3.5, 4.5, 4.075], "texture": "#0"},
				"east": {"uv": [3.325, 7, 2.75, 7.575], "texture": "#0"},
				"south": {"uv": [5.75, 4.25, 4.5, 4.825], "texture": "#0"},
				"west": {"uv": [2.575, 7, 2, 7.575], "texture": "#0"},
				"up": {"uv": [0, 5.325, 1.25, 4.75], "texture": "#0"},
				"down": {"uv": [4.75, 0, 6, 0.575], "texture": "#0"}
			}
		},
		{
			"from": [20.85407, 11.09261, 7.225],
			"to": [22.35407, 14.09261, 8.725],
			"rotation": {"angle": 22.5, "axis": "z", "origin": [23, 14.1, 8]},
			"faces": {
				"north": {"uv": [5.25, 3.5, 4.5, 3.875], "rotation": 270, "texture": "#0"},
				"east": {"uv": [0, 5.125, 0.75, 4.75], "rotation": 90, "texture": "#0"},
				"south": {"uv": [5.25, 4.25, 4.5, 4.625], "rotation": 90, "texture": "#0"},
				"west": {"uv": [4.75, 0, 5.5, 0.375], "rotation": 90, "texture": "#0"},
				"up": {"uv": [2.375, 7, 2, 7.375], "rotation": 90, "texture": "#0"},
				"down": {"uv": [3.125, 7, 2.75, 7.375], "rotation": 90, "texture": "#0"}
			}
		},
		{
			"from": [-8.54328, 19.6461, 6.825],
			"to": [-3.54328, 21.9461, 9.125],
			"rotation": {"angle": 45, "axis": "z", "origin": [2, 20, 8]},
			"faces": {
				"north": {"uv": [4.5, 3.5, 5.75, 4.075], "texture": "#0"},
				"east": {"uv": [2, 7, 2.575, 7.575], "texture": "#0"},
				"south": {"uv": [4.5, 4.25, 5.75, 4.825], "texture": "#0"},
				"west": {"uv": [2.75, 7, 3.325, 7.575], "texture": "#0"},
				"up": {"uv": [1.25, 5.325, 0, 4.75], "texture": "#0"},
				"down": {"uv": [6, 0, 4.75, 0.575], "texture": "#0"}
			}
		},
		{
			"from": [-6.35407, 11.09261, 7.225],
			"to": [-4.85407, 14.09261, 8.725],
			"rotation": {"angle": -22.5, "axis": "z", "origin": [-7, 14.1, 8]},
			"faces": {
				"north": {"uv": [5.25, 3.875, 4.5, 3.5], "rotation": 270, "texture": "#0"},
				"east": {"uv": [4.75, 0.375, 5.5, 0], "rotation": 90, "texture": "#0"},
				"south": {"uv": [5.25, 4.625, 4.5, 4.25], "rotation": 90, "texture": "#0"},
				"west": {"uv": [0, 4.75, 0.75, 5.125], "rotation": 90, "texture": "#0"},
				"up": {"uv": [2.375, 7.375, 2, 7], "rotation": 90, "texture": "#0"},
				"down": {"uv": [3.125, 7.375, 2.75, 7], "rotation": 90, "texture": "#0"}
			}
		},
		{
			"from": [9.5, 13, 7.5],
			"to": [14.5, 15, 8.5],
			"rotation": {"angle": 45, "axis": "z", "origin": [9.5, 13, 8]},
			"faces": {
				"north": {"uv": [7.75, 5, 6.5, 5.5], "texture": "#0"},
				"east": {"uv": [1, 6.5, 0.75, 7], "texture": "#0"},
				"south": {"uv": [8, 4.5, 6.75, 5], "texture": "#0"},
				"west": {"uv": [6.5, 0, 6.25, 0.5], "texture": "#0"},
				"up": {"uv": [2.75, 2.25, 4, 2], "texture": "#0"},
				"down": {"uv": [7.75, 5, 9, 5.25], "texture": "#0"}
			}
		},
		{
			"from": [-4, 17, 6.5],
			"to": [2, 20, 9.5],
			"rotation": {"angle": 22.5, "axis": "z", "origin": [2, 20, 8]},
			"faces": {
				"north": {"uv": [2.75, 1.25, 4.25, 2], "texture": "#0"},
				"east": {"uv": [7, 1, 7.75, 1.75], "texture": "#0"},
				"south": {"uv": [4, 2, 5.5, 2.75], "texture": "#0"},
				"west": {"uv": [7, 1.75, 7.75, 2.5], "texture": "#0"},
				"up": {"uv": [5.5, 3.5, 4, 2.75], "texture": "#0"},
				"down": {"uv": [5.75, 1.25, 4.25, 2], "texture": "#0"}
			}
		},
		{
			"from": [2, 16.5, 6],
			"to": [4, 20.5, 10],
			"rotation": {"angle": 0, "axis": "y", "origin": [4, 17, 8]},
			"faces": {
				"north": {"uv": [6.5, 7.25, 7, 8.25], "texture": "#0"},
				"east": {"uv": [3.5, 4.75, 4.5, 5.75], "texture": "#0"},
				"south": {"uv": [7, 7.25, 7.5, 8.25], "texture": "#0"},
				"west": {"uv": [4.5, 5, 5.5, 6], "texture": "#0"},
				"up": {"uv": [0.5, 8.5, 0, 7.5], "texture": "#0"},
				"down": {"uv": [1, 7.5, 0.5, 8.5], "texture": "#0"}
			}
		},
		{
			"from": [1.5, 13, 7.5],
			"to": [6.5, 15, 8.5],
			"rotation": {"angle": -45, "axis": "z", "origin": [6.5, 13, 8]},
			"faces": {
				"north": {"uv": [6.5, 5, 7.75, 5.5], "texture": "#0"},
				"east": {"uv": [6.25, 0, 6.5, 0.5], "texture": "#0"},
				"south": {"uv": [6.75, 4.5, 8, 5], "texture": "#0"},
				"west": {"uv": [0.75, 6.5, 1, 7], "texture": "#0"},
				"up": {"uv": [4, 2.25, 2.75, 2], "texture": "#0"},
				"down": {"uv": [9, 5, 7.75, 5.25], "texture": "#0"}
			}
		},
		{
			"from": [2, 21, 10.5],
			"to": [8, 25, 10.5],
			"rotation": {"angle": 22.5, "axis": "x", "origin": [5, 21, 10.5]},
			"faces": {
				"north": {"uv": [9, 12, 15, 16], "texture": "#1"},
				"east": {"uv": [0, 0, 0, 4], "texture": "#missing"},
				"south": {"uv": [15, 12, 9, 16], "texture": "#1"},
				"west": {"uv": [0, 0, 0, 4], "texture": "#missing"},
				"up": {"uv": [0, 0, 4, 0], "texture": "#missing"}
			}
		},
		{
			"from": [2, 21, 10.5],
			"to": [8, 25, 10.5],
			"rotation": {"angle": -45, "axis": "x", "origin": [5, 21, 10.5]},
			"faces": {
				"north": {"uv": [9, 3.5, 15, 7.5], "texture": "#1"},
				"east": {"uv": [0, 0, 0, 4], "texture": "#missing"},
				"south": {"uv": [15, 3.5, 9, 7.5], "texture": "#1"},
				"west": {"uv": [0, 0, 0, 4], "texture": "#missing"},
				"up": {"uv": [0, 0, 4, 0], "texture": "#missing"}
			}
		},
		{
			"from": [-1, 7, 8],
			"to": [6, 14, 8],
			"rotation": {"angle": 22.5, "axis": "z", "origin": [2.5, 5, 8]},
			"faces": {
				"north": {"uv": [0, 9, 7, 16], "texture": "#1"},
				"east": {"uv": [0, 0, 0, 4], "texture": "#missing"},
				"south": {"uv": [7, 9, 0, 16], "texture": "#1"},
				"west": {"uv": [0, 0, 0, 4], "texture": "#missing"},
				"up": {"uv": [0, 0, 4, 0], "texture": "#missing"}
			}
		},
		{
			"from": [11, 6, 8],
			"to": [19, 14, 8],
			"rotation": {"angle": -45, "axis": "z", "origin": [13, 10, 8]},
			"faces": {
				"north": {"uv": [0, 0, 8, 8], "texture": "#1"},
				"east": {"uv": [0, 0, 0, 4], "texture": "#missing"},
				"south": {"uv": [8, 0, 0, 8], "texture": "#1"},
				"west": {"uv": [0, 0, 0, 4], "texture": "#missing"},
				"up": {"uv": [0, 0, 4, 0], "texture": "#missing"}
			}
		},
		{
			"from": [1, 20.5437, 7.78033],
			"to": [5, 20.5437, 10.78033],
			"rotation": {"angle": -22.5, "axis": "x", "origin": [3, 21.07403, 8]},
			"faces": {
				"north": {"uv": [1, 0, 0, 0], "texture": "#0"},
				"east": {"uv": [0.75, 0, 0, 0], "texture": "#0"},
				"south": {"uv": [1, 0, 0, 0], "texture": "#0"},
				"west": {"uv": [0.75, 0, 0, 0], "texture": "#0"},
				"up": {"uv": [10.25, 0, 9.25, 0.75], "texture": "#0"},
				"down": {"uv": [10.25, 0.75, 9.25, 0], "texture": "#0"}
			}
		},
		{
			"from": [1, 20.5437, 5.21967],
			"to": [5, 20.5437, 8.21967],
			"rotation": {"angle": 22.5, "axis": "x", "origin": [3, 21.07403, 8]},
			"faces": {
				"north": {"uv": [0, 0, 1, 0], "texture": "#0"},
				"east": {"uv": [0, 0, 0.75, 0], "texture": "#0"},
				"south": {"uv": [0, 0, 1, 0], "texture": "#0"},
				"west": {"uv": [0, 0, 0.75, 0], "texture": "#0"},
				"up": {"uv": [10.25, 0.75, 9.25, 0], "texture": "#0"},
				"down": {"uv": [10.25, 0, 9.25, 0.75], "texture": "#0"}
			}
		},
		{
			"from": [2.78033, 20.5437, 6],
			"to": [5.78033, 20.5437, 10],
			"rotation": {"angle": 22.5, "axis": "z", "origin": [3, 21.07403, 8]},
			"faces": {
				"north": {"uv": [0, 0, 0.75, 0], "texture": "#0"},
				"east": {"uv": [0, 0, 1, 0], "texture": "#0"},
				"south": {"uv": [0, 0, 0.75, 0], "texture": "#0"},
				"west": {"uv": [0, 0, 1, 0], "texture": "#0"},
				"up": {"uv": [10.25, 0.75, 9.25, 0], "rotation": 90, "texture": "#0"},
				"down": {"uv": [10.25, 0, 9.25, 0.75], "rotation": 270, "texture": "#0"}
			}
		},
		{
			"from": [0.21967, 20.5437, 6],
			"to": [3.21967, 20.5437, 10],
			"rotation": {"angle": -22.5, "axis": "z", "origin": [3, 21.07403, 8]},
			"faces": {
				"north": {"uv": [0.75, 0, 0, 0], "texture": "#0"},
				"east": {"uv": [1, 0, 0, 0], "texture": "#0"},
				"south": {"uv": [0.75, 0, 0, 0], "texture": "#0"},
				"west": {"uv": [1, 0, 0, 0], "texture": "#0"},
				"up": {"uv": [10.25, 0, 9.25, 0.75], "rotation": 90, "texture": "#0"},
				"down": {"uv": [10.25, 0.75, 9.25, 0], "rotation": 270, "texture": "#0"}
			}
		},
		{
			"from": [11, 20.5, 8],
			"to": [15, 20.5, 11],
			"rotation": {"angle": -22.5, "axis": "x", "origin": [13, 20.5, 8]},
			"faces": {
				"north": {"uv": [1, 0, 0, 0], "texture": "#0"},
				"east": {"uv": [0.75, 0, 0, 0], "texture": "#0"},
				"south": {"uv": [1, 0, 0, 0], "texture": "#0"},
				"west": {"uv": [0.75, 0, 0, 0], "texture": "#0"},
				"up": {"uv": [6.5, 5, 5.5, 5.75], "texture": "#0"},
				"down": {"uv": [6.5, 5.75, 5.5, 5], "texture": "#0"}
			}
		},
		{
			"from": [11, 20.5, 5],
			"to": [15, 20.5, 8],
			"rotation": {"angle": 22.5, "axis": "x", "origin": [13, 20.5, 8]},
			"faces": {
				"north": {"uv": [0, 0, 1, 0], "texture": "#0"},
				"east": {"uv": [0, 0, 0.75, 0], "texture": "#0"},
				"south": {"uv": [0, 0, 1, 0], "texture": "#0"},
				"west": {"uv": [0, 0, 0.75, 0], "texture": "#0"},
				"up": {"uv": [6.5, 5.75, 5.5, 5], "texture": "#0"},
				"down": {"uv": [6.5, 5, 5.5, 5.75], "texture": "#0"}
			}
		},
		{
			"from": [10, 20.5, 6],
			"to": [13, 20.5, 10],
			"rotation": {"angle": -22.5, "axis": "z", "origin": [13, 20.5, 8]},
			"faces": {
				"north": {"uv": [0.75, 0, 0, 0], "texture": "#0"},
				"east": {"uv": [1, 0, 0, 0], "texture": "#0"},
				"south": {"uv": [0.75, 0, 0, 0], "texture": "#0"},
				"west": {"uv": [1, 0, 0, 0], "texture": "#0"},
				"up": {"uv": [6.5, 5, 5.5, 5.75], "rotation": 90, "texture": "#0"},
				"down": {"uv": [6.5, 5.75, 5.5, 5], "rotation": 270, "texture": "#0"}
			}
		},
		{
			"from": [13, 20.5, 6],
			"to": [16, 20.5, 10],
			"rotation": {"angle": 22.5, "axis": "z", "origin": [13, 20.5, 8]},
			"faces": {
				"north": {"uv": [0, 0, 0.75, 0], "texture": "#0"},
				"east": {"uv": [0, 0, 1, 0], "texture": "#0"},
				"south": {"uv": [0, 0, 0.75, 0], "texture": "#0"},
				"west": {"uv": [0, 0, 1, 0], "texture": "#0"},
				"up": {"uv": [6.5, 5.75, 5.5, 5], "rotation": 90, "texture": "#0"},
				"down": {"uv": [6.5, 5, 5.5, 5.75], "rotation": 270, "texture": "#0"}
			}
		},
		{
			"from": [8, 19.85436, 11.53033],
			"to": [12, 22.85436, 11.53033],
			"rotation": {"angle": -22.5, "axis": "x", "origin": [10, 20.07403, 11]},
			"faces": {
				"north": {"uv": [10.25, 0, 9.25, 0.75], "rotation": 180, "texture": "#0"},
				"east": {"uv": [0.75, 0, 0, 0], "rotation": 90, "texture": "#0"},
				"south": {"uv": [10.25, 0.75, 9.25, 0], "texture": "#0"},
				"west": {"uv": [0.75, 0, 0, 0], "rotation": 270, "texture": "#0"},
				"up": {"uv": [1, 0, 0, 0], "texture": "#0"},
				"down": {"uv": [1, 0, 0, 0], "rotation": 180, "texture": "#0"}
			}
		},
		{
			"from": [8, 17.2937, 11.53033],
			"to": [12, 20.2937, 11.53033],
			"rotation": {"angle": 22.5, "axis": "x", "origin": [10, 20.07403, 11]},
			"faces": {
				"north": {"uv": [10.25, 0.75, 9.25, 0], "rotation": 180, "texture": "#0"},
				"east": {"uv": [0, 0, 0.75, 0], "rotation": 90, "texture": "#0"},
				"south": {"uv": [10.25, 0, 9.25, 0.75], "texture": "#0"},
				"west": {"uv": [0, 0, 0.75, 0], "rotation": 270, "texture": "#0"},
				"up": {"uv": [0, 0, 1, 0], "texture": "#0"},
				"down": {"uv": [0, 0, 1, 0], "rotation": 180, "texture": "#0"}
			}
		},
		{
			"from": [9.78033, 18.07403, 11.53033],
			"to": [12.78033, 22.07403, 11.53033],
			"rotation": {"angle": -22.5, "axis": "y", "origin": [10, 20.07403, 11]},
			"faces": {
				"north": {"uv": [10.25, 0.75, 9.25, 0], "rotation": 270, "texture": "#0"},
				"east": {"uv": [0, 0, 1, 0], "rotation": 90, "texture": "#0"},
				"south": {"uv": [10.25, 0, 9.25, 0.75], "rotation": 270, "texture": "#0"},
				"west": {"uv": [0, 0, 1, 0], "rotation": 270, "texture": "#0"},
				"up": {"uv": [0, 0, 0.75, 0], "texture": "#0"},
				"down": {"uv": [0, 0, 0.75, 0], "rotation": 180, "texture": "#0"}
			}
		},
		{
			"from": [7.21967, 18.07403, 11.53033],
			"to": [10.21967, 22.07403, 11.53033],
			"rotation": {"angle": 22.5, "axis": "y", "origin": [10, 20.07403, 11]},
			"faces": {
				"north": {"uv": [10.25, 0, 9.25, 0.75], "rotation": 270, "texture": "#0"},
				"east": {"uv": [1, 0, 0, 0], "rotation": 90, "texture": "#0"},
				"south": {"uv": [10.25, 0.75, 9.25, 0], "rotation": 270, "texture": "#0"},
				"west": {"uv": [1, 0, 0, 0], "rotation": 270, "texture": "#0"},
				"up": {"uv": [0.75, 0, 0, 0], "texture": "#0"},
				"down": {"uv": [0.75, 0, 0, 0], "rotation": 180, "texture": "#0"}
			}
		},
		{
			"from": [5, 20.5, 4.5],
			"to": [9, 23.5, 4.5],
			"rotation": {"angle": -22.5, "axis": "x", "origin": [7, 20.5, 4.5]},
			"faces": {
				"north": {"uv": [6.5, 5, 5.5, 5.75], "rotation": 180, "texture": "#0"},
				"east": {"uv": [0.75, 0, 0, 0], "rotation": 90, "texture": "#0"},
				"south": {"uv": [6.5, 5.75, 5.5, 5], "texture": "#0"},
				"west": {"uv": [0.75, 0, 0, 0], "rotation": 270, "texture": "#0"},
				"up": {"uv": [1, 0, 0, 0], "texture": "#0"},
				"down": {"uv": [1, 0, 0, 0], "rotation": 180, "texture": "#0"}
			}
		},
		{
			"from": [5, 17.5, 4.5],
			"to": [9, 20.5, 4.5],
			"rotation": {"angle": 22.5, "axis": "x", "origin": [7, 20.5, 4.5]},
			"faces": {
				"north": {"uv": [6.5, 5.75, 5.5, 5], "rotation": 180, "texture": "#0"},
				"east": {"uv": [0, 0, 0.75, 0], "rotation": 90, "texture": "#0"},
				"south": {"uv": [6.5, 5, 5.5, 5.75], "texture": "#0"},
				"west": {"uv": [0, 0, 0.75, 0], "rotation": 270, "texture": "#0"},
				"up": {"uv": [0, 0, 1, 0], "texture": "#0"},
				"down": {"uv": [0, 0, 1, 0], "rotation": 180, "texture": "#0"}
			}
		},
		{
			"from": [4, 18.5, 4.5],
			"to": [7, 22.5, 4.5],
			"rotation": {"angle": 22.5, "axis": "y", "origin": [7, 20.5, 4.5]},
			"faces": {
				"north": {"uv": [6.5, 5, 5.5, 5.75], "rotation": 270, "texture": "#0"},
				"east": {"uv": [1, 0, 0, 0], "rotation": 90, "texture": "#0"},
				"south": {"uv": [6.5, 5.75, 5.5, 5], "rotation": 270, "texture": "#0"},
				"west": {"uv": [1, 0, 0, 0], "rotation": 270, "texture": "#0"},
				"up": {"uv": [0.75, 0, 0, 0], "texture": "#0"},
				"down": {"uv": [0.75, 0, 0, 0], "rotation": 180, "texture": "#0"}
			}
		},
		{
			"from": [7, 18.5, 4.5],
			"to": [10, 22.5, 4.5],
			"rotation": {"angle": -22.5, "axis": "y", "origin": [7, 20.5, 4.5]},
			"faces": {
				"north": {"uv": [6.5, 5.75, 5.5, 5], "rotation": 270, "texture": "#0"},
				"east": {"uv": [0, 0, 1, 0], "rotation": 90, "texture": "#0"},
				"south": {"uv": [6.5, 5, 5.5, 5.75], "rotation": 270, "texture": "#0"},
				"west": {"uv": [0, 0, 1, 0], "rotation": 270, "texture": "#0"},
				"up": {"uv": [0, 0, 0.75, 0], "texture": "#0"},
				"down": {"uv": [0, 0, 0.75, 0], "rotation": 180, "texture": "#0"}
			}
		}
	],
	"display": {
		"thirdperson_righthand": {
			"rotation": [0, 90, 0],
			"translation": [0, 2.5, 1.75],
			"scale": [0.5, 0.5, 0.5]
		},
		"thirdperson_lefthand": {
			"rotation": [0, -90, 0],
			"translation": [0, 2.5, 1.75],
			"scale": [0.5, 0.5, 0.5]
		},
		"firstperson_righthand": {
			"rotation": [0, 90, 20],
			"translation": [0.5, 0.75, 0.25],
			"scale": [0.45, 0.45, 0.45]
		},
		"firstperson_lefthand": {
			"rotation": [0, -90, -20],
			"translation": [0.5, 0.75, 0.25],
			"scale": [0.45, 0.45, 0.45]
		},
		"ground": {
			"translation": [0, 5, 0],
			"scale": [0.5, 0.5, 0.5]
		},
		"gui": {
			"rotation": [0, -180, 45],
			"translation": [0.5, 0.5, 0],
			"scale": [0.5, 0.5, 0.5]
		},
		"head": {
			"translation": [0, 14, 0],
			"scale": [0.5, 0.5, 0.5]
		},
		"fixed": {
			"rotation": [0, 0, -45],
			"translation": [0.5, 1.25, 0],
			"scale": [0.45, 0.45, 0.45]
		}
	},
	"groups": [
		0,
		1,
		2,
		3,
		4,
		5,
		6,
		7,
		8,
		9,
		10,
		11,
		{
			"name": "group",
			"origin": [0, 18, 16],
			"color": 0,
			"children": [
				12,
				13,
				{
					"name": "group",
					"origin": [0, 18, 16],
					"color": 0,
					"children": [14, 15, 16, 17]
				},
				18,
				19,
				20,
				21,
				22,
				23,
				24,
				25
			]
		},
		{
			"name": "group",
			"origin": [8, 23, 8],
			"color": 0,
			"children": [26, 27, 28, 29]
		},
		{
			"name": "group",
			"origin": [8, 23, 8],
			"color": 0,
			"children": [30, 31, 32, 33]
		},
		{
			"name": "group",
			"origin": [8, 23, 8],
			"color": 0,
			"children": [34, 35, 36, 37]
		},
		{
			"name": "group",
			"origin": [8, 23, 8],
			"color": 0,
			"children": [38, 39, 40, 41]
		}
	]
}