{
	"credit": "Made with Blockbench",
	"texture_size": [64, 64],
	"textures": {
		"0": "item/pickaxes/goblin_pickaxe/goblin",
		"1": "item/pickaxes/goblin_pickaxe/goblin_animation",
		"particle": "item/pickaxes/goblin_pickaxe/goblin"
	},
	"elements": [
		{
			"from": [3, 21, 5.5],
			"to": [13, 26, 10.5],
			"rotation": {"angle": 0, "axis": "y", "origin": [0, 18, 16]},
			"faces": {
				"north": {"uv": [2.5, 0, 5, 1.25], "texture": "#0"},
				"east": {"uv": [2.5, 2.5, 3.75, 3.75], "texture": "#0"},
				"south": {"uv": [2.5, 0, 5, 1.25], "texture": "#0"},
				"west": {"uv": [0, 3.5, 1.25, 4.75], "texture": "#0"},
				"up": {"uv": [2.5, 1.25, 0, 0], "texture": "#0"},
				"down": {"uv": [2.5, 1.25, 0, 0], "texture": "#0"}
			}
		},
		{
			"from": [10, 13, 8],
			"to": [26, 29, 8],
			"rotation": {"angle": 0, "axis": "y", "origin": [0, 18, 16]},
			"faces": {
				"north": {"uv": [0, 0, 16, 16], "texture": "#1"},
				"east": {"uv": [2.5, 2.5, 3.75, 3.75], "texture": "#0"},
				"south": {"uv": [16, 0, 0, 16], "texture": "#1"},
				"west": {"uv": [0, 3.5, 1.25, 4.75], "texture": "#0"},
				"up": {"uv": [2.5, 1.25, 0, 0], "texture": "#0"},
				"down": {"uv": [2.5, 1.75, 0, 3], "texture": "#0"}
			}
		},
		{
			"from": [-10, 13, 8],
			"to": [6, 29, 8],
			"rotation": {"angle": 0, "axis": "y", "origin": [16, 18, 16]},
			"faces": {
				"north": {"uv": [16, 0, 0, 16], "texture": "#1"},
				"east": {"uv": [1.25, 3.5, 0, 4.75], "texture": "#0"},
				"south": {"uv": [0, 0, 16, 16], "texture": "#1"},
				"west": {"uv": [3.75, 2.5, 2.5, 3.75], "texture": "#0"},
				"up": {"uv": [0, 1.25, 2.5, 0], "texture": "#0"},
				"down": {"uv": [0, 1.75, 2.5, 3], "texture": "#0"}
			}
		},
		{
			"from": [6, -8.75, 6],
			"to": [10, -4.75, 10],
			"rotation": {"angle": 0, "axis": "y", "origin": [0, 18, 16]},
			"faces": {
				"north": {"uv": [6.75, 3, 7.75, 4], "texture": "#0"},
				"east": {"uv": [6.75, 4, 7.75, 5], "texture": "#0"},
				"south": {"uv": [6.75, 5, 7.75, 6], "texture": "#0"},
				"west": {"uv": [6.75, 6, 7.75, 7], "texture": "#0"},
				"up": {"uv": [7.75, 8, 6.75, 7], "texture": "#0"},
				"down": {"uv": [1, 7.5, 0, 8.5], "texture": "#0"}
			}
		},
		{
			"from": [7, -11.75, 7],
			"to": [9, -8.75, 9],
			"rotation": {"angle": 0, "axis": "y", "origin": [0, 18, 16]},
			"faces": {
				"north": {"uv": [7.25, 8.75, 7.75, 9.5], "texture": "#0"},
				"east": {"uv": [8.5, 8.75, 9, 9.5], "texture": "#0"},
				"south": {"uv": [9, 3, 9.5, 3.75], "texture": "#0"},
				"west": {"uv": [9, 3.75, 9.5, 4.5], "texture": "#0"},
				"up": {"uv": [9.75, 8.5, 9.25, 8], "texture": "#0"},
				"down": {"uv": [9.5, 9.25, 9, 9.75], "texture": "#0"}
			}
		},
		{
			"from": [6, 16, 6],
			"to": [10, 21, 10],
			"rotation": {"angle": 0, "axis": "y", "origin": [0, 18, 16]},
			"faces": {
				"north": {"uv": [5, 1.25, 6, 2.5], "texture": "#0"},
				"east": {"uv": [1.5, 5, 2.5, 6.25], "texture": "#0"},
				"south": {"uv": [2.5, 5, 3.5, 6.25], "texture": "#0"},
				"west": {"uv": [3.5, 5, 4.5, 6.25], "texture": "#0"},
				"up": {"uv": [8.5, 1, 7.5, 0], "texture": "#0"},
				"down": {"uv": [8.5, 1, 7.5, 2], "texture": "#0"}
			}
		},
		{
			"from": [6, 26, 6],
			"to": [10, 28, 10],
			"rotation": {"angle": 0, "axis": "y", "origin": [0, 18, 16]},
			"faces": {
				"north": {"uv": [8.5, 6, 9.5, 6.5], "texture": "#0"},
				"east": {"uv": [8.5, 6.5, 9.5, 7], "texture": "#0"},
				"south": {"uv": [8.5, 7, 9.5, 7.5], "texture": "#0"},
				"west": {"uv": [8.5, 7.5, 9.5, 8], "texture": "#0"},
				"up": {"uv": [8.5, 3, 7.5, 2], "texture": "#0"},
				"down": {"uv": [2, 7.75, 1, 8.75], "texture": "#0"}
			}
		},
		{
			"from": [6.5, 10, 6.5],
			"to": [9.5, 16, 9.5],
			"rotation": {"angle": 22.5, "axis": "z", "origin": [6.5, 16, 8]},
			"faces": {
				"north": {"uv": [4.5, 5, 5.25, 6.5], "texture": "#0"},
				"east": {"uv": [5.25, 5, 6, 6.5], "texture": "#0"},
				"south": {"uv": [0, 6, 0.75, 7.5], "texture": "#0"},
				"west": {"uv": [0.75, 6, 1.5, 7.5], "texture": "#0"},
				"up": {"uv": [0.75, 9.25, 0, 8.5], "texture": "#0"},
				"down": {"uv": [9.25, 0, 8.5, 0.75], "texture": "#0"}
			}
		},
		{
			"from": [7.75, 7, 6.75],
			"to": [10.25, 13, 9.25],
			"rotation": {"angle": -22.5, "axis": "z", "origin": [7.75, 13, 8]},
			"faces": {
				"north": {"uv": [6, 7.25, 6.625, 8.75], "texture": "#0"},
				"east": {"uv": [7.75, 4.5, 8.375, 6], "texture": "#0"},
				"south": {"uv": [7.75, 6, 8.375, 7.5], "texture": "#0"},
				"west": {"uv": [7.75, 7.5, 8.375, 9], "texture": "#0"},
				"up": {"uv": [9.125, 8.625, 8.5, 8], "texture": "#0"},
				"down": {"uv": [1.375, 8.75, 0.75, 9.375], "texture": "#0"}
			}
		},
		{
			"from": [3.68414, 2.58058, 7],
			"to": [5.68414, 8.58058, 9],
			"rotation": {"angle": 22.5, "axis": "z", "origin": [7.75, 13, 8]},
			"faces": {
				"north": {"uv": [4.5, 8, 5, 9.5], "texture": "#0"},
				"east": {"uv": [5, 8, 5.5, 9.5], "texture": "#0"},
				"south": {"uv": [5.5, 8, 6, 9.5], "texture": "#0"},
				"west": {"uv": [6.75, 8, 7.25, 9.5], "texture": "#0"},
				"up": {"uv": [1, 10, 0.5, 9.5], "texture": "#0"},
				"down": {"uv": [1.5, 9.5, 1, 10], "texture": "#0"}
			}
		},
		{
			"from": [4.5, 12, 7],
			"to": [6.5, 15, 9],
			"rotation": {"angle": 22.5, "axis": "z", "origin": [6.5, 16, 8]},
			"faces": {
				"north": {"uv": [6.25, 0, 6.75, 0.75], "texture": "#0"},
				"east": {"uv": [7.25, 8, 7.75, 8.75], "texture": "#0"},
				"south": {"uv": [1.5, 8.75, 2, 9.5], "texture": "#0"},
				"west": {"uv": [6, 8.75, 6.5, 9.5], "texture": "#0"},
				"up": {"uv": [4.5, 9.75, 4, 9.25], "texture": "#0"},
				"down": {"uv": [9.75, 4.5, 9.25, 5], "texture": "#0"}
			}
		},
		{
			"from": [8.51774, 5.60477, 6.45],
			"to": [11.61774, 11.60477, 9.55],
			"rotation": {"angle": 0, "axis": "y", "origin": [6.5, 16, 8]},
			"faces": {
				"north": {"uv": [6, 1.25, 6.75, 2.75], "texture": "#0"},
				"east": {"uv": [6, 2.75, 6.75, 4.25], "texture": "#0"},
				"south": {"uv": [6, 4.25, 6.75, 5.75], "texture": "#0"},
				"west": {"uv": [6, 5.75, 6.75, 7.25], "texture": "#0"},
				"up": {"uv": [2.75, 9.25, 2, 8.5], "texture": "#0"},
				"down": {"uv": [9.25, 2.25, 8.5, 3], "texture": "#0"}
			}
		},
		{
			"from": [9.06774, 5.60477, 5.5],
			"to": [11.06774, 7.60477, 6.5],
			"rotation": {"angle": 0, "axis": "y", "origin": [6.5, 16, 8]},
			"faces": {
				"north": {"uv": [9.25, 5, 9.75, 5.5], "texture": "#0"},
				"east": {"uv": [4.25, 8.5, 4.5, 9], "texture": "#0"},
				"south": {"uv": [9.25, 5.5, 9.75, 6], "texture": "#0"},
				"west": {"uv": [6.5, 8.75, 6.75, 9.25], "texture": "#0"},
				"up": {"uv": [9.75, 8.75, 9.25, 8.5], "texture": "#0"},
				"down": {"uv": [2, 9.5, 1.5, 9.75], "texture": "#0"}
			}
		},
		{
			"from": [9.06774, 8.60477, 9.5],
			"to": [11.06774, 10.60477, 10.5],
			"rotation": {"angle": 0, "axis": "y", "origin": [6.5, 16, 8]},
			"faces": {
				"north": {"uv": [9.25, 1, 9.75, 1.5], "texture": "#0"},
				"east": {"uv": [5.75, 2.5, 6, 3], "texture": "#0"},
				"south": {"uv": [9.25, 1.5, 9.75, 2], "texture": "#0"},
				"west": {"uv": [5.75, 3, 6, 3.5], "texture": "#0"},
				"up": {"uv": [2.25, 3.75, 1.75, 3.5], "texture": "#0"},
				"down": {"uv": [1.5, 7.5, 1, 7.75], "texture": "#0"}
			}
		},
		{
			"from": [12.16006, 2.3354, 6.5],
			"to": [15.16006, 8.3354, 9.5],
			"rotation": {"angle": -22.5, "axis": "z", "origin": [6.5, 16, 8]},
			"faces": {
				"north": {"uv": [1.5, 6.25, 2.25, 7.75], "texture": "#0"},
				"east": {"uv": [2.25, 6.25, 3, 7.75], "texture": "#0"},
				"south": {"uv": [3, 6.25, 3.75, 7.75], "texture": "#0"},
				"west": {"uv": [3.75, 6.25, 4.5, 7.75], "texture": "#0"},
				"up": {"uv": [3.5, 9.25, 2.75, 8.5], "texture": "#0"},
				"down": {"uv": [4.25, 8.5, 3.5, 9.25], "texture": "#0"}
			}
		},
		{
			"from": [15.16006, 5.3354, 7],
			"to": [17.16006, 7.3354, 9],
			"rotation": {"angle": -22.5, "axis": "z", "origin": [6.5, 16, 8]},
			"faces": {
				"north": {"uv": [2, 9.25, 2.5, 9.75], "texture": "#0"},
				"east": {"uv": [9.25, 2, 9.75, 2.5], "texture": "#0"},
				"south": {"uv": [2.5, 9.25, 3, 9.75], "texture": "#0"},
				"west": {"uv": [9.25, 2.5, 9.75, 3], "texture": "#0"},
				"up": {"uv": [3.5, 9.75, 3, 9.25], "texture": "#0"},
				"down": {"uv": [4, 9.25, 3.5, 9.75], "texture": "#0"}
			}
		},
		{
			"from": [6.475, -4.79045, 6.475],
			"to": [9.525, 1.20955, 9.525],
			"rotation": {"angle": 0, "axis": "y", "origin": [6.5, 16, 8]},
			"faces": {
				"north": {"uv": [4.5, 6.5, 5.25, 8], "texture": "#0"},
				"east": {"uv": [5.25, 6.5, 6, 8], "texture": "#0"},
				"south": {"uv": [6.75, 0, 7.5, 1.5], "texture": "#0"},
				"west": {"uv": [6.75, 1.5, 7.5, 3], "texture": "#0"},
				"up": {"uv": [9.25, 5.25, 8.5, 4.5], "texture": "#0"},
				"down": {"uv": [9.25, 5.25, 8.5, 6], "texture": "#0"}
			}
		},
		{
			"from": [4.5, -1.79045, 7],
			"to": [6.5, 0.20955, 9],
			"rotation": {"angle": 0, "axis": "y", "origin": [6.5, 16, 8]},
			"faces": {
				"north": {"uv": [6.25, 0.75, 6.75, 1.25], "texture": "#0"},
				"east": {"uv": [7.75, 9, 8.25, 9.5], "texture": "#0"},
				"south": {"uv": [9, 8.75, 9.5, 9.25], "texture": "#0"},
				"west": {"uv": [0, 9.25, 0.5, 9.75], "texture": "#0"},
				"up": {"uv": [9.75, 0.5, 9.25, 0], "texture": "#0"},
				"down": {"uv": [9.75, 0.5, 9.25, 1], "texture": "#0"}
			}
		},
		{
			"from": [-3, 21.5, 6],
			"to": [3, 25.5, 10],
			"rotation": {"angle": 22.5, "axis": "z", "origin": [3, 26, 8]},
			"faces": {
				"north": {"uv": [1.75, 3.75, 3.25, 4.75], "texture": "#0"},
				"east": {"uv": [4.75, 3.75, 5.75, 4.75], "texture": "#0"},
				"south": {"uv": [3.25, 3.75, 4.75, 4.75], "texture": "#0"},
				"west": {"uv": [5, 0, 6, 1], "texture": "#0"},
				"up": {"uv": [5.75, 3.5, 4.25, 2.5], "texture": "#0"},
				"down": {"uv": [1.5, 4.75, 0, 5.75], "texture": "#0"}
			}
		},
		{
			"from": [-7.92596, 24.37222, 6.5],
			"to": [-2.92596, 27.37222, 9.5],
			"rotation": {"angle": 45, "axis": "z", "origin": [3, 26, 8]},
			"faces": {
				"north": {"uv": [2, 7.75, 3.25, 8.5], "texture": "#0"},
				"east": {"uv": [8.5, 0.75, 9.25, 1.5], "texture": "#0"},
				"south": {"uv": [7.75, 3, 9, 3.75], "texture": "#0"},
				"west": {"uv": [8.5, 1.5, 9.25, 2.25], "texture": "#0"},
				"up": {"uv": [4.5, 8.5, 3.25, 7.75], "texture": "#0"},
				"down": {"uv": [9, 3.75, 7.75, 4.5], "texture": "#0"}
			}
		},
		{
			"from": [-5.20801, 15.28419, 7],
			"to": [-3.20801, 19.28419, 9],
			"rotation": {"angle": -22.5, "axis": "z", "origin": [-5.75, 19.25, 8]},
			"faces": {
				"north": {"uv": [2, 7.75, 3, 8.25], "rotation": 90, "texture": "#0"},
				"east": {"uv": [8.75, 3.75, 7.75, 4.25], "rotation": 270, "texture": "#0"},
				"south": {"uv": [7.75, 3, 8.75, 3.5], "rotation": 270, "texture": "#0"},
				"west": {"uv": [4.25, 8.25, 3.25, 7.75], "rotation": 270, "texture": "#0"},
				"up": {"uv": [8.5, 0.75, 9, 1.25], "rotation": 270, "texture": "#0"},
				"down": {"uv": [8.5, 1.5, 9, 2], "rotation": 270, "texture": "#0"}
			}
		},
		{
			"from": [13, 21.5, 6],
			"to": [19, 25.5, 10],
			"rotation": {"angle": -22.5, "axis": "z", "origin": [13, 26, 8]},
			"faces": {
				"north": {"uv": [3.25, 3.75, 1.75, 4.75], "texture": "#0"},
				"east": {"uv": [6, 0, 5, 1], "texture": "#0"},
				"south": {"uv": [4.75, 3.75, 3.25, 4.75], "texture": "#0"},
				"west": {"uv": [5.75, 3.75, 4.75, 4.75], "texture": "#0"},
				"up": {"uv": [4.25, 3.5, 5.75, 2.5], "texture": "#0"},
				"down": {"uv": [0, 4.75, 1.5, 5.75], "texture": "#0"}
			}
		},
		{
			"from": [18.92596, 24.37222, 6.5],
			"to": [23.92596, 27.37222, 9.5],
			"rotation": {"angle": -45, "axis": "z", "origin": [13, 26, 8]},
			"faces": {
				"north": {"uv": [3.25, 7.75, 2, 8.5], "texture": "#0"},
				"east": {"uv": [9.25, 1.5, 8.5, 2.25], "texture": "#0"},
				"south": {"uv": [9, 3, 7.75, 3.75], "texture": "#0"},
				"west": {"uv": [9.25, 0.75, 8.5, 1.5], "texture": "#0"},
				"up": {"uv": [3.25, 8.5, 4.5, 7.75], "texture": "#0"},
				"down": {"uv": [7.75, 3.75, 9, 4.5], "texture": "#0"}
			}
		},
		{
			"from": [19.20801, 15.28419, 7],
			"to": [21.20801, 19.28419, 9],
			"rotation": {"angle": 22.5, "axis": "z", "origin": [21.75, 19.25, 8]},
			"faces": {
				"north": {"uv": [2, 8.25, 3, 7.75], "rotation": 90, "texture": "#0"},
				"east": {"uv": [4.25, 7.75, 3.25, 8.25], "rotation": 270, "texture": "#0"},
				"south": {"uv": [7.75, 4.375, 8.75, 3.875], "rotation": 270, "texture": "#0"},
				"west": {"uv": [8.75, 4.25, 7.75, 3.75], "rotation": 270, "texture": "#0"},
				"up": {"uv": [8.5, 1.25, 9, 0.75], "rotation": 270, "texture": "#0"},
				"down": {"uv": [8.5, 2, 9, 1.5], "rotation": 270, "texture": "#0"}
			}
		}
	],
	"display": {
		"thirdperson_righthand": {
			"rotation": [0, 90, 0],
			"translation": [0, 2, 2.25],
			"scale": [0.5, 0.5, 0.5]
		},
		"thirdperson_lefthand": {
			"rotation": [0, 90, 0],
			"translation": [0, 2, 2],
			"scale": [0.5, 0.5, 0.5]
		},
		"firstperson_righthand": {
			"rotation": [0, 90, 20],
			"translation": [0, 0, 1.25],
			"scale": [0.4, 0.4, 0.4]
		},
		"firstperson_lefthand": {
			"rotation": [0, -90, -20],
			"translation": [0, 0, 1.25],
			"scale": [0.4, 0.4, 0.4]
		},
		"ground": {
			"translation": [0, 3.5, 0],
			"scale": [0.4, 0.4, 0.4]
		},
		"gui": {
			"rotation": [0, 0, -45],
			"translation": [-0.75, -1.25, 0],
			"scale": [0.455, 0.455, 0.455]
		},
		"head": {
			"translation": [0, 14, 0],
			"scale": [0.5, 0.5, 0.5]
		},
		"fixed": {
			"rotation": [0, 0, -45],
			"translation": [-1, -1.5, 0],
			"scale": [0.5, 0.5, 0.5]
		}
	},
	"groups": [
		0,
		1,
		2,
		3,
		4,
		5,
		6,
		7,
		8,
		9,
		10,
		11,
		12,
		13,
		14,
		15,
		16,
		17,
		{
			"name": "group",
			"origin": [3, 26, 8],
			"color": 0,
			"children": [18, 19, 20]
		},
		{
			"name": "group",
			"origin": [3, 26, 8],
			"color": 0,
			"children": [21, 22, 23]
		}
	]
}