{
	"credit": "Made with Blockbench",
	"textures": {
		"0": "item/multiple/xmas_magic_stone/magic_stone",
		"1": "item/multiple/xmas_magic_stone/magic_stone_animation_1texture",
		"2": "item/multiple/xmas_magic_stone/meagic_stone_animation_2texture",
		"3": "item/multiple/xmas_magic_stone/magic_stone_animation_2texture",
		"particle": "item/multiple/xmas_magic_stone/magic_stone"
	},
	"elements": [
		{
			"from": [7, -1, 7],
			"to": [9, 7, 9],
			"rotation": {"angle": 0, "axis": "y", "origin": [0, 9, 0]},
			"faces": {
				"north": {"uv": [4, 4, 4.5, 6], "texture": "#0"},
				"east": {"uv": [4.5, 4, 5, 6], "texture": "#0"},
				"south": {"uv": [4.75, 0, 5.25, 2], "texture": "#0"},
				"west": {"uv": [4.75, 2, 5.25, 4], "texture": "#0"},
				"up": {"uv": [7.75, 3.25, 7.25, 2.75], "texture": "#0"},
				"down": {"uv": [8, 1.5, 7.5, 2], "texture": "#0"}
			}
		},
		{
			"from": [7, 12, 7],
			"to": [9, 20, 9],
			"rotation": {"angle": 0, "axis": "y", "origin": [0, 14, 0]},
			"faces": {
				"north": {"uv": [4, 4, 4.5, 6], "texture": "#0"},
				"east": {"uv": [4.5, 4, 5, 6], "texture": "#0"},
				"south": {"uv": [4.75, 0, 5.25, 2], "texture": "#0"},
				"west": {"uv": [4.75, 2, 5.25, 4], "texture": "#0"},
				"up": {"uv": [7.75, 3.25, 7.25, 2.75], "texture": "#0"},
				"down": {"uv": [8, 1.5, 7.5, 2], "texture": "#0"}
			}
		},
		{
			"from": [7, 9, 7],
			"to": [9, 10, 9],
			"rotation": {"angle": 0, "axis": "y", "origin": [0, 14, 0]},
			"faces": {
				"north": {"uv": [4, 4, 4.5, 4.25], "texture": "#0"},
				"east": {"uv": [4.5, 4, 5, 4.25], "texture": "#0"},
				"south": {"uv": [4.75, 0, 5.25, 0.25], "texture": "#0"},
				"west": {"uv": [4.75, 2, 5.25, 2.25], "texture": "#0"},
				"up": {"uv": [7.75, 3.25, 7.25, 2.75], "texture": "#0"},
				"down": {"uv": [8, 1.5, 7.5, 2], "texture": "#0"}
			}
		},
		{
			"from": [6.5, 20, 6.5],
			"to": [9.5, 22, 9.5],
			"rotation": {"angle": 0, "axis": "y", "origin": [0, 22, 0]},
			"faces": {
				"north": {"uv": [7, 4.25, 7.75, 4.75], "texture": "#0"},
				"east": {"uv": [4.75, 7, 5.5, 7.5], "texture": "#0"},
				"south": {"uv": [7, 4.75, 7.75, 5.25], "texture": "#0"},
				"west": {"uv": [6.5, 7, 7.25, 7.5], "texture": "#0"},
				"up": {"uv": [7, 4.75, 6.25, 4], "texture": "#0"},
				"down": {"uv": [7, 4.75, 6.25, 5.5], "texture": "#0"}
			}
		},
		{
			"from": [5.5, 22, 5.5],
			"to": [10.5, 25, 10.5],
			"rotation": {"angle": 0, "axis": "y", "origin": [0, 22, 0]},
			"faces": {
				"north": {"uv": [2, 5, 3.25, 5.75], "texture": "#0"},
				"east": {"uv": [5, 4, 6.25, 4.75], "texture": "#0"},
				"south": {"uv": [5, 4.75, 6.25, 5.5], "texture": "#0"},
				"west": {"uv": [5.25, 0, 6.5, 0.75], "texture": "#0"},
				"up": {"uv": [2.25, 1.25, 1, 0], "texture": "#0"},
				"down": {"uv": [2.25, 1.25, 1, 2.5], "texture": "#0"}
			}
		},
		{
			"from": [6.5, -3, 6.5],
			"to": [9.5, -1, 9.5],
			"rotation": {"angle": 0, "axis": "y", "origin": [0, 9, 0]},
			"faces": {
				"north": {"uv": [2, 7, 2.75, 7.5], "texture": "#0"},
				"east": {"uv": [2.75, 7, 3.5, 7.5], "texture": "#0"},
				"south": {"uv": [7, 3.25, 7.75, 3.75], "texture": "#0"},
				"west": {"uv": [7, 3.75, 7.75, 4.25], "texture": "#0"},
				"up": {"uv": [3.25, 7, 2.5, 6.25], "texture": "#0"},
				"down": {"uv": [7, 3.25, 6.25, 4], "texture": "#0"}
			}
		},
		{
			"from": [6.5, 7, 6.5],
			"to": [9.5, 9, 9.5],
			"rotation": {"angle": 0, "axis": "y", "origin": [0, 9, 0]},
			"faces": {
				"north": {"uv": [2, 7, 2.75, 7.5], "texture": "#0"},
				"east": {"uv": [2.75, 7, 3.5, 7.5], "texture": "#0"},
				"south": {"uv": [7, 3.25, 7.75, 3.75], "texture": "#0"},
				"west": {"uv": [7, 3.75, 7.75, 4.25], "texture": "#0"},
				"up": {"uv": [3.25, 7, 2.5, 6.25], "texture": "#0"},
				"down": {"uv": [7, 3.25, 6.25, 4], "texture": "#0"}
			}
		},
		{
			"from": [6.5, 10, 6.5],
			"to": [9.5, 12, 9.5],
			"rotation": {"angle": 0, "axis": "y", "origin": [0, 9, 0]},
			"faces": {
				"north": {"uv": [2, 7, 2.75, 7.5], "texture": "#0"},
				"east": {"uv": [2.75, 7, 3.5, 7.5], "texture": "#0"},
				"south": {"uv": [7, 3.25, 7.75, 3.75], "texture": "#0"},
				"west": {"uv": [7, 3.75, 7.75, 4.25], "texture": "#0"},
				"up": {"uv": [3.25, 7, 2.5, 6.25], "texture": "#0"},
				"down": {"uv": [7, 3.25, 6.25, 4], "texture": "#0"}
			}
		},
		{
			"from": [5.5, -5, 7],
			"to": [10.5, -3, 9],
			"rotation": {"angle": 0, "axis": "y", "origin": [0, 9, 0]},
			"faces": {
				"north": {"uv": [3.75, 6, 5, 6.5], "texture": "#0"},
				"east": {"uv": [7.75, 0.75, 8.25, 1.25], "texture": "#0"},
				"south": {"uv": [5.5, 6, 6.75, 6.5], "texture": "#0"},
				"west": {"uv": [7.75, 2, 8.25, 2.5], "texture": "#0"},
				"up": {"uv": [1.25, 6.75, 0, 6.25], "texture": "#0"},
				"down": {"uv": [2.5, 6.25, 1.25, 6.75], "texture": "#0"}
			}
		},
		{
			"from": [10.5, -5.5, 6.5],
			"to": [11.5, -2.5, 9.5],
			"rotation": {"angle": 0, "axis": "y", "origin": [0, 9, 0]},
			"faces": {
				"north": {"uv": [7.75, 4, 8, 4.75], "texture": "#0"},
				"east": {"uv": [6.5, 0, 7.25, 0.75], "texture": "#0"},
				"south": {"uv": [7.75, 5.5, 8, 6.25], "texture": "#0"},
				"west": {"uv": [6.5, 0.75, 7.25, 1.5], "texture": "#0"},
				"up": {"uv": [8, 7.75, 7.75, 7], "texture": "#0"},
				"down": {"uv": [7.5, 7.75, 7.25, 8.5], "texture": "#0"}
			}
		},
		{
			"from": [4.5, -5.5, 6.5],
			"to": [5.5, -2.5, 9.5],
			"rotation": {"angle": 0, "axis": "y", "origin": [16, 9, 0]},
			"faces": {
				"north": {"uv": [8, 4, 7.75, 4.75], "texture": "#0"},
				"east": {"uv": [7.25, 0.75, 6.5, 1.5], "texture": "#0"},
				"south": {"uv": [8, 5.5, 7.75, 6.25], "texture": "#0"},
				"west": {"uv": [7.25, 0, 6.5, 0.75], "texture": "#0"},
				"up": {"uv": [7.75, 7.75, 8, 7], "texture": "#0"},
				"down": {"uv": [7.25, 7.75, 7.5, 8.5], "texture": "#0"}
			}
		},
		{
			"from": [13.03073, 14.80448, 7],
			"to": [15.03073, 20.80448, 9],
			"rotation": {"angle": 45, "axis": "z", "origin": [13.5, 24.5, 8]},
			"faces": {
				"north": {"uv": [8.25, 2.25, 8.75, 0.75], "rotation": 180, "texture": "#0"},
				"east": {"uv": [8.25, 3.75, 8.75, 2.25], "texture": "#0"},
				"south": {"uv": [8.75, 3.75, 9.25, 2.25], "texture": "#0"},
				"west": {"uv": [8.75, 2.25, 9.25, 0.75], "texture": "#0"},
				"up": {"uv": [8.25, 0.5, 8.75, 0], "texture": "#0"},
				"down": {"uv": [8.75, 0.5, 9.25, 0], "texture": "#0"}
			}
		},
		{
			"from": [15.03073, 15.80448, 7.5],
			"to": [16.03073, 17.80448, 8.5],
			"rotation": {"angle": 45, "axis": "z", "origin": [13.5, 24.5, 8]},
			"faces": {
				"north": {"uv": [0.75, 5.5, 1, 5], "texture": "#0"},
				"east": {"uv": [3.75, 6, 4, 5.5], "texture": "#0"},
				"south": {"uv": [3, 6.25, 3.25, 5.75], "texture": "#0"},
				"west": {"uv": [4.75, 7, 5, 6.5], "texture": "#0"},
				"up": {"uv": [0.75, 6.25, 0.5, 6], "texture": "#0"},
				"down": {"uv": [2, 5.5, 1.75, 5.75], "texture": "#0"}
			}
		},
		{
			"from": [16.03073, 15.30448, 7],
			"to": [17.03073, 18.30448, 9],
			"rotation": {"angle": 45, "axis": "z", "origin": [13.5, 24.5, 8]},
			"faces": {
				"north": {"uv": [7.75, 3.25, 8, 2.5], "texture": "#0"},
				"east": {"uv": [1, 8, 1.5, 7.25], "texture": "#0"},
				"south": {"uv": [7.75, 4, 8, 3.25], "texture": "#0"},
				"west": {"uv": [1.5, 8, 2, 7.25], "texture": "#0"},
				"up": {"uv": [0.25, 8.5, 0, 8], "texture": "#0"},
				"down": {"uv": [8, 7.75, 7.75, 8.25], "texture": "#0"}
			}
		},
		{
			"from": [17.03073, 15.80448, 7.5],
			"to": [18.03073, 17.80448, 8.5],
			"rotation": {"angle": 45, "axis": "z", "origin": [13.5, 24.5, 8]},
			"faces": {
				"north": {"uv": [7.375, 7.625, 7.625, 7.125], "texture": "#0"},
				"east": {"uv": [7.375, 7.625, 7.625, 7.125], "texture": "#0"},
				"south": {"uv": [7.375, 7.625, 7.625, 7.125], "texture": "#0"},
				"west": {"uv": [7.375, 7.625, 7.625, 7.125], "texture": "#0"},
				"up": {"uv": [7.375, 7.375, 7.625, 7.125], "texture": "#0"},
				"down": {"uv": [7.375, 7.375, 7.625, 7.125], "texture": "#0"}
			}
		},
		{
			"from": [13.5, 22.525, 7.025],
			"to": [17.5, 24.475, 8.975],
			"rotation": {"angle": -22.5, "axis": "z", "origin": [13.5, 24.5, 8]},
			"faces": {
				"north": {"uv": [3.75, 7.5, 4.25, 6.5], "rotation": 90, "texture": "#0"},
				"east": {"uv": [3.5, 7.5, 3, 8], "rotation": 270, "texture": "#0"},
				"south": {"uv": [5.5, 7.5, 6, 6.5], "rotation": 270, "texture": "#0"},
				"west": {"uv": [4.25, 8, 3.75, 7.5], "rotation": 270, "texture": "#0"},
				"up": {"uv": [4.25, 7.5, 4.75, 6.5], "rotation": 270, "texture": "#0"},
				"down": {"uv": [6, 7.5, 6.5, 6.5], "rotation": 270, "texture": "#0"}
			}
		},
		{
			"from": [15.5, 23.5, 7.5],
			"to": [17.5, 25.5, 8.5],
			"rotation": {"angle": -22.5, "axis": "z", "origin": [13.5, 24.5, 8]},
			"faces": {
				"north": {"uv": [6.25, 8, 6.75, 7.5], "rotation": 90, "texture": "#0"},
				"east": {"uv": [0.5, 6, 0, 6.25], "rotation": 270, "texture": "#0"},
				"south": {"uv": [7.5, 7, 8, 6.5], "rotation": 270, "texture": "#0"},
				"west": {"uv": [7, 2.25, 6.5, 2], "rotation": 270, "texture": "#0"},
				"up": {"uv": [7.75, 5.25, 8, 4.75], "rotation": 270, "texture": "#0"},
				"down": {"uv": [7.5, 8.25, 7.75, 7.75], "rotation": 270, "texture": "#0"}
			}
		},
		{
			"from": [15, 25.5, 7],
			"to": [18, 27.5, 9],
			"rotation": {"angle": -22.5, "axis": "z", "origin": [13.5, 24.5, 8]},
			"faces": {
				"north": {"uv": [7.25, 2.75, 7.75, 2], "rotation": 90, "texture": "#0"},
				"east": {"uv": [7.25, 7.5, 6.75, 8], "rotation": 270, "texture": "#0"},
				"south": {"uv": [2, 8.25, 2.5, 7.5], "rotation": 270, "texture": "#0"},
				"west": {"uv": [8.25, 0.5, 7.75, 0], "rotation": 270, "texture": "#0"},
				"up": {"uv": [7.25, 7.75, 7.75, 7], "rotation": 270, "texture": "#0"},
				"down": {"uv": [2.5, 8.25, 3, 7.5], "rotation": 270, "texture": "#0"}
			}
		},
		{
			"from": [15.5, 27.5, 7.5],
			"to": [17.5, 28.5, 8.5],
			"rotation": {"angle": -22.5, "axis": "z", "origin": [13.5, 24.5, 8]},
			"faces": {
				"north": {"uv": [7.375, 7.625, 7.625, 7.125], "rotation": 90, "texture": "#0"},
				"east": {"uv": [7.375, 7.375, 7.625, 7.125], "rotation": 270, "texture": "#0"},
				"south": {"uv": [7.375, 7.625, 7.625, 7.125], "rotation": 270, "texture": "#0"},
				"west": {"uv": [7.375, 7.375, 7.625, 7.125], "rotation": 270, "texture": "#0"},
				"up": {"uv": [7.375, 7.625, 7.625, 7.125], "rotation": 270, "texture": "#0"},
				"down": {"uv": [7.375, 7.625, 7.625, 7.125], "rotation": 270, "texture": "#0"}
			}
		},
		{
			"from": [9.5, 22.5, 7],
			"to": [13.5, 24.5, 9],
			"rotation": {"angle": 0, "axis": "y", "origin": [13.5, 24.5, 8]},
			"faces": {
				"north": {"uv": [6.5, 2, 7.5, 1.5], "texture": "#0"},
				"east": {"uv": [4.25, 8, 4.75, 7.5], "texture": "#0"},
				"south": {"uv": [6.5, 7, 7.5, 6.5], "texture": "#0"},
				"west": {"uv": [4.75, 8, 5.25, 7.5], "texture": "#0"},
				"up": {"uv": [2, 7.25, 1, 6.75], "texture": "#0"},
				"down": {"uv": [1, 6.75, 0, 7.25], "texture": "#0"}
			}
		},
		{
			"from": [8.5, 15.5, 8],
			"to": [15.5, 22.5, 8],
			"rotation": {"angle": -45, "axis": "y", "origin": [8.5, 21.5, 8]},
			"faces": {
				"north": {"uv": [0, 8.5, 1.75, 10.25], "texture": "#0"},
				"east": {"uv": [4.5, 0, 4.75, 1.5], "texture": "#0"},
				"south": {"uv": [1.75, 8.5, 0, 10.25], "texture": "#0"},
				"west": {"uv": [3.5, 7, 3.75, 8.5], "texture": "#0"},
				"up": {"uv": [8, 5.5, 7, 5.25], "texture": "#0"},
				"down": {"uv": [8.75, 0.5, 7.75, 0.75], "texture": "#0"}
			}
		},
		{
			"from": [0.50838, 3.01254, 7],
			"to": [4.50838, 11.01254, 7],
			"rotation": {"angle": 0, "axis": "y", "origin": [9.5, 16, 8]},
			"faces": {
				"north": {"uv": [0, 0, 1, 2], "texture": "#0"},
				"east": {"uv": [0, 0, 0, 3.5], "texture": "#0"},
				"south": {"uv": [1, 0, 0, 2], "texture": "#0"},
				"west": {"uv": [0, 0, 0, 3.5], "texture": "#0"},
				"up": {"uv": [1, 0, 0, 0], "texture": "#0"},
				"down": {"uv": [1, 0, 0, 0], "texture": "#0"}
			}
		},
		{
			"from": [2.50838, 3.01254, 8],
			"to": [6.50838, 9.01254, 8],
			"rotation": {"angle": 0, "axis": "y", "origin": [9.5, 16, 8]},
			"faces": {
				"north": {"uv": [0, 2, 1, 3.5], "texture": "#0"},
				"east": {"uv": [0, 0, 0, 3.5], "texture": "#0"},
				"south": {"uv": [1, 2, 0, 3.5], "texture": "#0"},
				"west": {"uv": [0, 0, 0, 3.5], "texture": "#0"},
				"up": {"uv": [1, 0, 0, 0], "texture": "#0"},
				"down": {"uv": [1, 0, 0, 0], "texture": "#0"}
			}
		},
		{
			"from": [1.50838, 4.01254, 9],
			"to": [5.50838, 12.01254, 9],
			"rotation": {"angle": 0, "axis": "y", "origin": [9.5, 16, 8]},
			"faces": {
				"north": {"uv": [0, 0, 1, 2], "texture": "#0"},
				"east": {"uv": [0, 0, 0, 3.5], "texture": "#0"},
				"south": {"uv": [1, 0, 0, 2], "texture": "#0"},
				"west": {"uv": [0, 0, 0, 3.5], "texture": "#0"},
				"up": {"uv": [1, 0, 0, 0], "texture": "#0"},
				"down": {"uv": [1, 0, 0, 0], "texture": "#0"}
			}
		},
		{
			"from": [5, 25, 7.75],
			"to": [6, 27, 8.25],
			"rotation": {"angle": 0, "axis": "y", "origin": [9.5, 29, 8]},
			"faces": {
				"north": {"uv": [0.25, 8, 0.5, 8.5], "texture": "#0"},
				"east": {"uv": [8, 3, 8.125, 3.5], "texture": "#0"},
				"south": {"uv": [0.5, 8, 0.75, 8.5], "texture": "#0"},
				"west": {"uv": [3.25, 8, 3.375, 8.5], "texture": "#0"},
				"up": {"uv": [7.25, 2.125, 7, 2], "texture": "#0"},
				"down": {"uv": [8, 1.25, 7.75, 1.375], "texture": "#0"}
			}
		},
		{
			"from": [10, 25, 7.75],
			"to": [11, 27, 8.25],
			"rotation": {"angle": 0, "axis": "y", "origin": [6.5, 29, 8]},
			"faces": {
				"north": {"uv": [0.5, 8, 0.25, 8.5], "texture": "#0"},
				"east": {"uv": [3.375, 8, 3.25, 8.5], "texture": "#0"},
				"south": {"uv": [0.75, 8, 0.5, 8.5], "texture": "#0"},
				"west": {"uv": [8.125, 3, 8, 3.5], "texture": "#0"},
				"up": {"uv": [7, 2.125, 7.25, 2], "texture": "#0"},
				"down": {"uv": [7.75, 1.25, 8, 1.375], "texture": "#0"}
			}
		},
		{
			"from": [6, 25, 6.5],
			"to": [10, 27.5, 9.5],
			"rotation": {"angle": 0, "axis": "y", "origin": [9.5, 29, 8]},
			"faces": {
				"north": {"uv": [5.625, 5.875, 6.625, 6.5], "texture": "#0"},
				"east": {"uv": [4, 2.5, 4.75, 3.125], "texture": "#0"},
				"south": {"uv": [5.625, 5.875, 6.625, 6.5], "texture": "#0"},
				"west": {"uv": [4, 3.25, 4.75, 3.875], "texture": "#0"},
				"up": {"uv": [4.75, 3.75, 4, 2.75], "rotation": 90, "texture": "#0"},
				"down": {"uv": [1.75, 5.5, 0.75, 6.25], "texture": "#0"}
			}
		},
		{
			"from": [6.25, 27.5, 7.75],
			"to": [7.75, 28.5, 8.25],
			"rotation": {"angle": 0, "axis": "y", "origin": [6, 27.75, 8]},
			"faces": {
				"north": {"uv": [1.25, 8, 1.5, 8.375], "rotation": 270, "texture": "#0"},
				"east": {"uv": [2.25, 6.875, 2, 6.75], "rotation": 90, "texture": "#0"},
				"south": {"uv": [8, 1.25, 8.25, 1.625], "rotation": 90, "texture": "#0"},
				"west": {"uv": [2.5, 6.75, 2.25, 6.875], "rotation": 90, "texture": "#0"},
				"up": {"uv": [8, 4, 8.125, 4.375], "rotation": 90, "texture": "#0"},
				"down": {"uv": [4, 8, 4.125, 8.375], "rotation": 90, "texture": "#0"}
			}
		},
		{
			"from": [8.25, 27.5, 7.75],
			"to": [9.75, 28.5, 8.25],
			"rotation": {"angle": 0, "axis": "y", "origin": [6, 27.75, 8]},
			"faces": {
				"north": {"uv": [1.25, 8, 1.5, 8.375], "rotation": 270, "texture": "#0"},
				"east": {"uv": [2.25, 6.875, 2, 6.75], "rotation": 90, "texture": "#0"},
				"south": {"uv": [8, 1.25, 8.25, 1.625], "rotation": 90, "texture": "#0"},
				"west": {"uv": [2.5, 6.75, 2.25, 6.875], "rotation": 90, "texture": "#0"},
				"up": {"uv": [8, 4, 8.125, 4.375], "rotation": 90, "texture": "#0"},
				"down": {"uv": [4, 8, 4.125, 8.375], "rotation": 90, "texture": "#0"}
			}
		},
		{
			"from": [0.96927, 14.80448, 7],
			"to": [2.96927, 20.80448, 9],
			"rotation": {"angle": -45, "axis": "z", "origin": [2.5, 24.5, 8]},
			"faces": {
				"north": {"uv": [8.75, 2.25, 8.25, 0.75], "rotation": 180, "texture": "#0"},
				"east": {"uv": [9.25, 2.25, 8.75, 0.75], "texture": "#0"},
				"south": {"uv": [9.25, 3.75, 8.75, 2.25], "texture": "#0"},
				"west": {"uv": [8.75, 3.75, 8.25, 2.25], "texture": "#0"},
				"up": {"uv": [8.75, 0.5, 8.25, 0], "texture": "#0"},
				"down": {"uv": [9.25, 0.5, 8.75, 0], "texture": "#0"}
			}
		},
		{
			"from": [-0.03073, 15.80448, 7.5],
			"to": [0.96927, 17.80448, 8.5],
			"rotation": {"angle": -45, "axis": "z", "origin": [2.5, 24.5, 8]},
			"faces": {
				"north": {"uv": [1, 5.5, 0.75, 5], "texture": "#0"},
				"east": {"uv": [5, 7, 4.75, 6.5], "texture": "#0"},
				"south": {"uv": [3.25, 6.25, 3, 5.75], "texture": "#0"},
				"west": {"uv": [4, 6, 3.75, 5.5], "texture": "#0"},
				"up": {"uv": [0.5, 6.25, 0.75, 6], "texture": "#0"},
				"down": {"uv": [1.75, 5.5, 2, 5.75], "texture": "#0"}
			}
		},
		{
			"from": [-1.03073, 15.30448, 7],
			"to": [-0.03073, 18.30448, 9],
			"rotation": {"angle": -45, "axis": "z", "origin": [2.5, 24.5, 8]},
			"faces": {
				"north": {"uv": [8, 3.25, 7.75, 2.5], "texture": "#0"},
				"east": {"uv": [2, 8, 1.5, 7.25], "texture": "#0"},
				"south": {"uv": [8, 4, 7.75, 3.25], "texture": "#0"},
				"west": {"uv": [1.5, 8, 1, 7.25], "texture": "#0"},
				"up": {"uv": [0, 8.5, 0.25, 8], "texture": "#0"},
				"down": {"uv": [7.75, 7.75, 8, 8.25], "texture": "#0"}
			}
		},
		{
			"from": [-2.03073, 15.80448, 7.5],
			"to": [-1.03073, 17.80448, 8.5],
			"rotation": {"angle": -45, "axis": "z", "origin": [2.5, 24.5, 8]},
			"faces": {
				"north": {"uv": [7.625, 7.625, 7.375, 7.125], "texture": "#0"},
				"east": {"uv": [7.625, 7.625, 7.375, 7.125], "texture": "#0"},
				"south": {"uv": [7.625, 7.625, 7.375, 7.125], "texture": "#0"},
				"west": {"uv": [7.625, 7.625, 7.375, 7.125], "texture": "#0"},
				"up": {"uv": [7.625, 7.375, 7.375, 7.125], "texture": "#0"},
				"down": {"uv": [7.625, 7.375, 7.375, 7.125], "texture": "#0"}
			}
		},
		{
			"from": [-1.5, 22.525, 7.025],
			"to": [2.5, 24.475, 8.975],
			"rotation": {"angle": 22.5, "axis": "z", "origin": [2.5, 24.5, 8]},
			"faces": {
				"north": {"uv": [3.75, 6.5, 4.25, 7.5], "rotation": 90, "texture": "#0"},
				"east": {"uv": [4.25, 7.5, 3.75, 8], "rotation": 270, "texture": "#0"},
				"south": {"uv": [5.5, 6.5, 6, 7.5], "rotation": 270, "texture": "#0"},
				"west": {"uv": [3.5, 8, 3, 7.5], "rotation": 270, "texture": "#0"},
				"up": {"uv": [4.25, 6.5, 4.75, 7.5], "rotation": 270, "texture": "#0"},
				"down": {"uv": [6, 6.5, 6.5, 7.5], "rotation": 270, "texture": "#0"}
			}
		},
		{
			"from": [-1.5, 23.5, 7.5],
			"to": [0.5, 25.5, 8.5],
			"rotation": {"angle": 22.5, "axis": "z", "origin": [2.5, 24.5, 8]},
			"faces": {
				"north": {"uv": [6.25, 7.5, 6.75, 8], "rotation": 90, "texture": "#0"},
				"east": {"uv": [7, 2, 6.5, 2.25], "rotation": 270, "texture": "#0"},
				"south": {"uv": [7.5, 6.5, 8, 7], "rotation": 270, "texture": "#0"},
				"west": {"uv": [0.5, 6.25, 0, 6], "rotation": 270, "texture": "#0"},
				"up": {"uv": [7.75, 4.75, 8, 5.25], "rotation": 270, "texture": "#0"},
				"down": {"uv": [7.5, 7.75, 7.75, 8.25], "rotation": 270, "texture": "#0"}
			}
		},
		{
			"from": [-2, 25.5, 7],
			"to": [1, 27.5, 9],
			"rotation": {"angle": 22.5, "axis": "z", "origin": [2.5, 24.5, 8]},
			"faces": {
				"north": {"uv": [7.25, 2, 7.75, 2.75], "rotation": 90, "texture": "#0"},
				"east": {"uv": [8.25, 0, 7.75, 0.5], "rotation": 270, "texture": "#0"},
				"south": {"uv": [2, 7.5, 2.5, 8.25], "rotation": 270, "texture": "#0"},
				"west": {"uv": [7.25, 8, 6.75, 7.5], "rotation": 270, "texture": "#0"},
				"up": {"uv": [7.25, 7, 7.75, 7.75], "rotation": 270, "texture": "#0"},
				"down": {"uv": [2.5, 7.5, 3, 8.25], "rotation": 270, "texture": "#0"}
			}
		},
		{
			"from": [-1.5, 27.5, 7.5],
			"to": [0.5, 28.5, 8.5],
			"rotation": {"angle": 22.5, "axis": "z", "origin": [2.5, 24.5, 8]},
			"faces": {
				"north": {"uv": [7.375, 7.125, 7.625, 7.625], "rotation": 90, "texture": "#0"},
				"east": {"uv": [7.375, 7.125, 7.625, 7.375], "rotation": 270, "texture": "#0"},
				"south": {"uv": [7.375, 7.125, 7.625, 7.625], "rotation": 270, "texture": "#0"},
				"west": {"uv": [7.375, 7.125, 7.625, 7.375], "rotation": 270, "texture": "#0"},
				"up": {"uv": [7.375, 7.125, 7.625, 7.625], "rotation": 270, "texture": "#0"},
				"down": {"uv": [7.375, 7.125, 7.625, 7.625], "rotation": 270, "texture": "#0"}
			}
		},
		{
			"from": [2.5, 22.5, 7],
			"to": [6.5, 24.5, 9],
			"rotation": {"angle": 0, "axis": "y", "origin": [2.5, 24.5, 8]},
			"faces": {
				"north": {"uv": [7.5, 2, 6.5, 1.5], "texture": "#0"},
				"east": {"uv": [5.25, 8, 4.75, 7.5], "texture": "#0"},
				"south": {"uv": [7.5, 7, 6.5, 6.5], "texture": "#0"},
				"west": {"uv": [4.75, 8, 4.25, 7.5], "texture": "#0"},
				"up": {"uv": [1, 7.25, 2, 6.75], "texture": "#0"},
				"down": {"uv": [0, 6.75, 1, 7.25], "texture": "#0"}
			}
		},
		{
			"from": [1.5, 16.5, 8],
			"to": [7.5, 22.5, 8],
			"rotation": {"angle": 45, "axis": "y", "origin": [7, 22, 8]},
			"faces": {
				"north": {"uv": [3.25, 8.5, 1.75, 10], "texture": "#0"},
				"east": {"uv": [3.75, 7, 3.5, 8.5], "texture": "#0"},
				"south": {"uv": [1.75, 8.5, 3.25, 10], "texture": "#0"},
				"west": {"uv": [4.75, 0, 4.5, 1.5], "texture": "#0"},
				"up": {"uv": [7, 5.5, 8, 5.25], "texture": "#0"},
				"down": {"uv": [7.75, 0.5, 8.75, 0.75], "texture": "#0"}
			}
		},
		{
			"from": [8.5, 16.5, 8],
			"to": [14.5, 22.5, 8],
			"rotation": {"angle": 45, "axis": "y", "origin": [9, 22, 8]},
			"faces": {
				"north": {"uv": [1.75, 8.5, 3.25, 10], "texture": "#0"},
				"east": {"uv": [4.5, 0, 4.75, 1.5], "texture": "#0"},
				"south": {"uv": [3.25, 8.5, 1.75, 10], "texture": "#0"},
				"west": {"uv": [3.5, 7, 3.75, 8.5], "texture": "#0"},
				"up": {"uv": [8, 5.5, 7, 5.25], "texture": "#0"},
				"down": {"uv": [8.75, 0.5, 7.75, 0.75], "texture": "#0"}
			}
		},
		{
			"from": [0.5, 15.5, 8],
			"to": [7.5, 22.5, 8],
			"rotation": {"angle": -22.5, "axis": "y", "origin": [7, 22, 8]},
			"faces": {
				"north": {"uv": [1.75, 8.5, 0, 10.25], "texture": "#0"},
				"east": {"uv": [3.75, 7, 3.5, 8.5], "texture": "#0"},
				"south": {"uv": [0, 8.5, 1.75, 10.25], "texture": "#0"},
				"west": {"uv": [4.75, 0, 4.5, 1.5], "texture": "#0"},
				"up": {"uv": [7, 5.5, 8, 5.25], "texture": "#0"},
				"down": {"uv": [7.75, 0.5, 8.75, 0.75], "texture": "#0"}
			}
		},
		{
			"from": [8.49162, -9.98746, 8],
			"to": [12.49162, -3.98746, 8],
			"rotation": {"angle": 0, "axis": "y", "origin": [6.5, 16, 8]},
			"faces": {
				"north": {"uv": [1, 2, 0, 3.5], "texture": "#0"},
				"east": {"uv": [0, 0, 0, 3.5], "texture": "#0"},
				"south": {"uv": [0, 2, 1, 3.5], "texture": "#0"},
				"west": {"uv": [0, 0, 0, 3.5], "texture": "#0"},
				"up": {"uv": [0, 0, 1, 0], "texture": "#0"},
				"down": {"uv": [0, 0, 1, 0], "texture": "#0"}
			}
		},
		{
			"from": [4.00838, -11.98746, 8],
			"to": [8.00838, -3.98746, 8],
			"rotation": {"angle": 0, "axis": "y", "origin": [9.5, 16, 8]},
			"faces": {
				"north": {"uv": [0, 0, 1, 2], "texture": "#0"},
				"east": {"uv": [0, 0, 0, 3.5], "texture": "#0"},
				"south": {"uv": [1, 0, 0, 2], "texture": "#0"},
				"west": {"uv": [0, 0, 0, 3.5], "texture": "#0"},
				"up": {"uv": [1, 0, 0, 0], "texture": "#0"},
				"down": {"uv": [1, 0, 0, 0], "texture": "#0"}
			}
		},
		{
			"from": [4, 16.5, 4.5],
			"to": [9, 21.5, 4.5],
			"rotation": {"angle": -22.5, "axis": "y", "origin": [0, 0, 0]},
			"faces": {
				"north": {"uv": [6, 5.5, 16, 15.5], "texture": "#1"},
				"east": {"uv": [6, 5.5, 6, 15.5], "texture": "#1"},
				"south": {"uv": [16, 5.5, 6, 15.5], "texture": "#1"},
				"west": {"uv": [6, 5.5, 6, 15.5], "texture": "#1"},
				"up": {"uv": [6, 5.5, 16, 5.5], "texture": "#1"},
				"down": {"uv": [6, 5.5, 16, 5.5], "texture": "#1"}
			}
		},
		{
			"from": [4, -10.5, 7.8],
			"to": [9, -5.5, 7.8],
			"rotation": {"angle": 0, "axis": "y", "origin": [0, 0, 16]},
			"faces": {
				"north": {"uv": [6, 5.5, 16, 15.5], "texture": "#1"},
				"east": {"uv": [6, 5.5, 6, 15.5], "texture": "#1"},
				"south": {"uv": [16, 5.5, 6, 15.5], "texture": "#1"},
				"west": {"uv": [6, 5.5, 6, 15.5], "texture": "#1"},
				"up": {"uv": [6, 5.5, 16, 5.5], "texture": "#1"},
				"down": {"uv": [6, 5.5, 16, 5.5], "texture": "#1"}
			}
		},
		{
			"from": [2, 17.5, 11.8],
			"to": [6, 21.5, 11.8],
			"rotation": {"angle": 45, "axis": "y", "origin": [0, 0, 0]},
			"faces": {
				"north": {"uv": [0, 0, 8, 8], "texture": "#2"},
				"south": {"uv": [8, 0, 0, 8], "texture": "#2"}
			}
		},
		{
			"from": [17, 16.5, 11.2],
			"to": [21, 20.5, 11.2],
			"rotation": {"angle": -45, "axis": "y", "origin": [16, 0, 0]},
			"faces": {
				"north": {"uv": [8, 0, 0, 8], "texture": "#2"},
				"south": {"uv": [0, 0, 8, 8], "texture": "#2"}
			}
		},
		{
			"from": [-1, 6, 7.9],
			"to": [7, 16, 7.9],
			"rotation": {"angle": 0, "axis": "y", "origin": [0, 0, 16]},
			"faces": {
				"north": {"uv": [8, 0, 0, 10], "texture": "#3"},
				"east": {"uv": [0, 0, 0, 10], "texture": "#3"},
				"south": {"uv": [0, 0, 8, 10], "texture": "#3"},
				"west": {"uv": [0, 0, 0, 10], "texture": "#3"},
				"up": {"uv": [0, 0, 0, 8], "rotation": 270, "texture": "#3"},
				"down": {"uv": [0, 0, 0, 8], "rotation": 90, "texture": "#3"}
			}
		},
		{
			"from": [8, 8, 7.9],
			"to": [16, 18, 7.9],
			"rotation": {"angle": 0, "axis": "y", "origin": [16, 0, 16]},
			"faces": {
				"north": {"uv": [0, 0, 8, 10], "texture": "#3"},
				"east": {"uv": [0, 0, 0, 10], "texture": "#3"},
				"south": {"uv": [8, 0, 0, 10], "texture": "#3"},
				"west": {"uv": [0, 0, 0, 10], "texture": "#3"},
				"up": {"uv": [0, 8, 0, 0], "rotation": 270, "texture": "#3"},
				"down": {"uv": [0, 8, 0, 0], "rotation": 90, "texture": "#3"}
			}
		}
	],
	"display": {
		"thirdperson_righthand": {
			"rotation": [0, 90, 0],
			"translation": [0, -1, 1.75],
			"scale": [0.55, 0.55, 0.55]
		},
		"thirdperson_lefthand": {
			"rotation": [0, -90, 0],
			"translation": [0, -1, 1.75],
			"scale": [0.55, 0.55, 0.55]
		},
		"firstperson_righthand": {
			"rotation": [0, 90, 20],
			"translation": [0.5, -1.25, 0.25],
			"scale": [0.45, 0.45, 0.45]
		},
		"firstperson_lefthand": {
			"rotation": [0, 90, 20],
			"translation": [0.5, -1.25, 0.25],
			"scale": [0.45, 0.45, 0.45]
		},
		"ground": {
			"translation": [0, 2.25, 0],
			"scale": [0.45, 0.45, 0.45]
		},
		"gui": {
			"rotation": [0, 0, -45],
			"translation": [-1, -1.25, 0],
			"scale": [0.45, 0.45, 0.45]
		}
	},
	"groups": [
		0,
		1,
		2,
		3,
		4,
		5,
		6,
		7,
		8,
		9,
		10,
		{
			"name": "group",
			"origin": [9.5, 0, 8],
			"color": 0,
			"children": [11, 12, 13, 14, 15, 16, 17, 18, 19, 20]
		},
		{
			"name": "group",
			"origin": [0, 9, 0],
			"color": 0,
			"children": [
				{
					"name": "group",
					"origin": [9.5, 16, 8],
					"color": 0,
					"children": [21, 22, 23]
				},
				24,
				25,
				26,
				27,
				28
			]
		},
		{
			"name": "group",
			"origin": [9.5, 0, 8],
			"color": 0,
			"children": [29, 30, 31, 32, 33, 34, 35, 36, 37, 38, 39, 40]
		},
		{
			"name": "group",
			"origin": [9.5, 16, 8],
			"color": 0,
			"children": [41, 42]
		},
		43,
		44,
		45,
		46,
		47,
		48
	]
}