{
    "credit": "MadewithBlockbench",
    "texture_size": [128, 128],
    "textures": {
        "0": "item/multiple/headlesshorseman/headlesshorseman_texture_01",
        "1": "item/multiple/headlesshorseman/headlesshorseman_animation_01",
        "2": "item/multiple/headlesshorseman/headlesshorseman_animation_02",
        "3": "item/multiple/headlesshorseman/headlesshorseman_animation_03",
        "4": "item/multiple/headlesshorseman/headlesshorseman_animation_04",
        "particle": "item/multiple/headlesshorseman/headlesshorseman_texture_01"
    },
    "elements": [{
        "from": [6.8, 14.9, 7.6],
        "to": [9.3, 17.9, 10.6],
        "rotation": {
            "angle": 45,
            "axis": "x",
            "origin": [8, 17.5, 8]
        },
        "faces": {
            "north": {
                "uv": [2.1875, 0.375, 1.875, 0.75],
                "texture": "#0"
            },
            "east": {
                "uv": [1.875, 0.375, 1.5, 0.75],
                "texture": "#0"
            },
            "south": {
                "uv": [2.5, 0.375, 2.1875, 0.75],
                "texture": "#0"
            },
            "west": {
                "uv": [1.5, 0.375, 1.875, 0.75],
                "texture": "#0"
            },
            "up": {
                "uv": [2.1875, 0.375, 1.875, 0.75],
                "texture": "#0"
            },
            "down": {
                "uv": [2.5, 0.375, 2.1875, 0.75],
                "texture": "#0"
            }
        }
    }, {
        "from": [6.3, 9.9, 5.6],
        "to": [8.3, 12.9, 8.6],
        "rotation": {
            "angle": 45,
            "axis": "x",
            "origin": [8, 17.5, 8]
        },
        "faces": {
            "north": {
                "uv": [2.125, 0.375, 1.875, 0.75],
                "texture": "#0"
            },
            "east": {
                "uv": [1.875, 0.375, 1.5, 0.75],
                "texture": "#0"
            },
            "south": {
                "uv": [2.4375, 0.375, 2.1875, 0.75],
                "texture": "#0"
            },
            "west": {
                "uv": [1.5, 0.375, 1.875, 0.75],
                "texture": "#0"
            },
            "up": {
                "uv": [2.125, 0.375, 1.875, 0.75],
                "texture": "#0"
            },
            "down": {
                "uv": [2.4375, 0.375, 2.1875, 0.75],
                "texture": "#0"
            }
        }
    }, {
        "from": [7.7, 9.9, 5.6],
        "to": [9.7, 12.9, 8.6],
        "rotation": {
            "angle": 45,
            "axis": "x",
            "origin": [8, 17.5, 8]
        },
        "faces": {
            "north": {
                "uv": [1.875, 0.375, 2.125, 0.75],
                "texture": "#0"
            },
            "east": {
                "uv": [1.875, 0.375, 1.5, 0.75],
                "texture": "#0"
            },
            "south": {
                "uv": [2.1875, 0.375, 2.4375, 0.75],
                "texture": "#0"
            },
            "west": {
                "uv": [1.5, 0.375, 1.875, 0.75],
                "texture": "#0"
            },
            "up": {
                "uv": [1.875, 0.375, 2.125, 0.75],
                "texture": "#0"
            },
            "down": {
                "uv": [2.1875, 0.375, 2.4375, 0.75],
                "texture": "#0"
            }
        }
    }, {
        "from": [6.3, 9.9, 7.4],
        "to": [8.3, 12.9, 10.4],
        "rotation": {
            "angle": -45,
            "axis": "x",
            "origin": [8, 17.5, 8]
        },
        "faces": {
            "north": {
                "uv": [2.1875, 0.375, 2.4375, 0.75],
                "texture": "#0"
            },
            "east": {
                "uv": [1.5, 0.375, 1.875, 0.75],
                "texture": "#0"
            },
            "south": {
                "uv": [1.875, 0.375, 2.125, 0.75],
                "texture": "#0"
            },
            "west": {
                "uv": [1.875, 0.375, 1.5, 0.75],
                "texture": "#0"
            },
            "up": {
                "uv": [2.125, 0.75, 1.875, 0.375],
                "texture": "#0"
            },
            "down": {
                "uv": [2.4375, 0.75, 2.1875, 0.375],
                "texture": "#0"
            }
        }
    }, {
        "from": [7.7, 9.9, 7.4],
        "to": [9.7, 12.9, 10.4],
        "rotation": {
            "angle": -45,
            "axis": "x",
            "origin": [8, 17.5, 8]
        },
        "faces": {
            "north": {
                "uv": [2.4375, 0.375, 2.1875, 0.75],
                "texture": "#0"
            },
            "east": {
                "uv": [1.5, 0.375, 1.875, 0.75],
                "texture": "#0"
            },
            "south": {
                "uv": [2.125, 0.375, 1.875, 0.75],
                "texture": "#0"
            },
            "west": {
                "uv": [1.875, 0.375, 1.5, 0.75],
                "texture": "#0"
            },
            "up": {
                "uv": [1.875, 0.75, 2.125, 0.375],
                "texture": "#0"
            },
            "down": {
                "uv": [2.1875, 0.75, 2.4375, 0.375],
                "texture": "#0"
            }
        }
    }, {
        "from": [7.5, 14.4, 5.6],
        "to": [8.5, 18.4, 9.6],
        "rotation": {
            "angle": 45,
            "axis": "x",
            "origin": [8, 16, 8]
        },
        "faces": {
            "north": {
                "uv": [2.25, 1.75, 2.125, 2.25],
                "texture": "#0"
            },
            "east": {
                "uv": [1.5, 1.75, 2, 2.25],
                "texture": "#0"
            },
            "south": {
                "uv": [2, 1.75, 2.125, 2.25],
                "texture": "#0"
            },
            "west": {
                "uv": [2, 1.75, 1.5, 2.25],
                "texture": "#0"
            },
            "up": {
                "uv": [2, 1.75, 2.125, 2.25],
                "texture": "#0"
            },
            "down": {
                "uv": [2.125, 1.75, 2.25, 2.25],
                "texture": "#0"
            }
        }
    }, {
        "from": [5, 11.20711, 6.5],
        "to": [11, 14.20711, 9.5],
        "rotation": {
            "angle": -45,
            "axis": "x",
            "origin": [8, 12.70711, 8]
        },
        "faces": {
            "north": {
                "uv": [2.5, 0, 1.75, 0.375],
                "texture": "#0"
            },
            "east": {
                "uv": [1, 0, 0.625, 0.375],
                "texture": "#0"
            },
            "south": {
                "uv": [1.75, 0, 1, 0.375],
                "texture": "#0"
            },
            "west": {
                "uv": [0.625, 0, 1, 0.375],
                "texture": "#0"
            },
            "up": {
                "uv": [1.75, 0, 1, 0.375],
                "texture": "#0"
            },
            "down": {
                "uv": [2.5, 0, 1.75, 0.375],
                "texture": "#0"
            }
        }
    }, {
        "from": [11.1, 11.20711, 6.5],
        "to": [11.1, 14.20711, 9.5],
        "rotation": {
            "angle": -45,
            "axis": "x",
            "origin": [8, 12.70711, 8]
        },
        "faces": {
            "north": {
                "uv": [0, 0, 0, 6],
                "texture": "#3"
            },
            "east": {
                "uv": [6, 0, 0, 6],
                "texture": "#3"
            },
            "south": {
                "uv": [0, 0, 0, 6],
                "texture": "#3"
            },
            "west": {
                "uv": [0, 0, 6, 6],
                "texture": "#3"
            },
            "up": {
                "uv": [0, 6, 0, 0],
                "texture": "#3"
            },
            "down": {
                "uv": [0, 0, 0, 6],
                "texture": "#3"
            }
        }
    }, {
        "from": [6, 10, 6],
        "to": [10, 15, 11],
        "rotation": {
            "angle": -45,
            "axis": "x",
            "origin": [8, 12, 8]
        },
        "faces": {
            "north": {
                "uv": [0, 0.625, 0.625, 1.125],
                "rotation": 90,
                "texture": "#0"
            },
            "east": {
                "uv": [0, 0, 0.625, 0.625],
                "rotation": 90,
                "texture": "#0"
            },
            "south": {
                "uv": [0, 0.625, 0.625, 1.125],
                "rotation": 90,
                "texture": "#0"
            },
            "west": {
                "uv": [0, 0, 0.625, 0.625],
                "rotation": 90,
                "texture": "#0"
            },
            "up": {
                "uv": [0.625, 0.625, 0, 1.125],
                "rotation": 90,
                "texture": "#0"
            },
            "down": {
                "uv": [0.625, 0.625, 0, 1.125],
                "rotation": 90,
                "texture": "#0"
            }
        }
    }, {
        "from": [7, -10, 7],
        "to": [9, 2, 9],
        "rotation": {
            "angle": 0,
            "axis": "y",
            "origin": [7, 5.5, 8]
        },
        "faces": {
            "north": {
                "uv": [0.625, 1.5625, 0.875, 3.0625],
                "texture": "#0"
            },
            "east": {
                "uv": [0.625, 1.5625, 0.875, 3.0625],
                "texture": "#0"
            },
            "south": {
                "uv": [0.625, 1.5625, 0.875, 3.0625],
                "texture": "#0"
            },
            "west": {
                "uv": [0.625, 1.5625, 0.875, 3.0625],
                "texture": "#0"
            },
            "up": {
                "uv": [0.625, 1.5625, 0.875, 1.8125],
                "texture": "#0"
            },
            "down": {
                "uv": [0.625, 1.5625, 0.875, 1.8125],
                "texture": "#0"
            }
        }
    }, {
        "from": [7, 2, 7],
        "to": [9, 14, 9],
        "rotation": {
            "angle": 0,
            "axis": "y",
            "origin": [7, 5.5, 8]
        },
        "faces": {
            "north": {
                "uv": [0.625, 1.5625, 0.875, 3.0625],
                "texture": "#0"
            },
            "east": {
                "uv": [0.625, 1.5625, 0.875, 3.0625],
                "texture": "#0"
            },
            "south": {
                "uv": [0.625, 1.5625, 0.875, 3.0625],
                "texture": "#0"
            },
            "west": {
                "uv": [0.625, 1.5625, 0.875, 3.0625],
                "texture": "#0"
            },
            "up": {
                "uv": [0.625, 1.5625, 0.875, 1.8125],
                "texture": "#0"
            },
            "down": {
                "uv": [0.625, 1.5625, 0.875, 1.8125],
                "texture": "#0"
            }
        }
    }, {
        "from": [7, -15.5, 7.25],
        "to": [9, -13, 8.75],
        "rotation": {
            "angle": 0,
            "axis": "y",
            "origin": [7, 5.5, 8]
        },
        "faces": {
            "north": {
                "uv": [3.0625, 0.5625, 3.25, 0.875],
                "texture": "#0"
            },
            "east": {
                "uv": [3.0625, 0.5625, 3.25, 0.875],
                "texture": "#0"
            },
            "south": {
                "uv": [3.0625, 0.5625, 3.25, 0.875],
                "texture": "#0"
            },
            "west": {
                "uv": [3.0625, 0.5625, 3.25, 0.875],
                "texture": "#0"
            },
            "up": {
                "uv": [2.8125, 0.8125, 3.0625, 1],
                "texture": "#0"
            },
            "down": {
                "uv": [2.8125, 0.8125, 3.0625, 1],
                "texture": "#0"
            }
        }
    }, {
        "from": [6.5, 5.5, 6.5],
        "to": [9.5, 8, 9.5],
        "rotation": {
            "angle": 0,
            "axis": "y",
            "origin": [8, 24.31499, 8]
        },
        "faces": {
            "north": {
                "uv": [0.875, 1.5625, 1.25, 1.875],
                "texture": "#0"
            },
            "east": {
                "uv": [0.875, 1.5625, 1.25, 1.875],
                "texture": "#0"
            },
            "south": {
                "uv": [0.875, 1.5625, 1.25, 1.875],
                "texture": "#0"
            },
            "west": {
                "uv": [0.875, 1.5625, 1.25, 1.875],
                "texture": "#0"
            },
            "up": {
                "uv": [0.875, 1.875, 1.25, 2.25],
                "texture": "#0"
            },
            "down": {
                "uv": [0.875, 1.875, 1.25, 2.25],
                "texture": "#0"
            }
        }
    }, {
        "from": [8, 7, -6],
        "to": [8, 11, 1],
        "rotation": {
            "angle": -22.5,
            "axis": "x",
            "origin": [8, 13, -2.5]
        },
        "faces": {
            "north": {
                "uv": [0, 0, 0, 6],
                "texture": "#4"
            },
            "east": {
                "uv": [14, 0, 0, 8],
                "texture": "#4"
            },
            "south": {
                "uv": [0, 0, 0, 6],
                "texture": "#4"
            },
            "west": {
                "uv": [14, 0, 0, 8],
                "texture": "#4"
            },
            "up": {
                "uv": [0, 0, 0, 14],
                "texture": "#4"
            },
            "down": {
                "uv": [0, 14, 0, 0],
                "texture": "#4"
            }
        }
    }, {
        "from": [7.9, 4, 17],
        "to": [7.9, 7.5, 22],
        "rotation": {
            "angle": 45,
            "axis": "x",
            "origin": [8, 13, 18.5]
        },
        "faces": {
            "north": {
                "uv": [0, 0, 0, 6],
                "texture": "#4"
            },
            "east": {
                "uv": [0, 0, 14, 8],
                "texture": "#4"
            },
            "south": {
                "uv": [0, 0, 0, 6],
                "texture": "#4"
            },
            "west": {
                "uv": [0, 0, 14, 8],
                "texture": "#4"
            },
            "up": {
                "uv": [0, 14, 0, 0],
                "texture": "#4"
            },
            "down": {
                "uv": [0, 0, 0, 14],
                "texture": "#4"
            }
        }
    }, {
        "from": [8, 16, 12],
        "to": [8, 20, 19],
        "rotation": {
            "angle": 22.5,
            "axis": "x",
            "origin": [8, 13, 18.5]
        },
        "faces": {
            "north": {
                "uv": [0, 0, 0, 6],
                "texture": "#4"
            },
            "east": {
                "uv": [0, 0, 14, 8],
                "texture": "#4"
            },
            "south": {
                "uv": [0, 0, 0, 6],
                "texture": "#4"
            },
            "west": {
                "uv": [0, 0, 14, 8],
                "texture": "#4"
            },
            "up": {
                "uv": [0, 14, 0, 0],
                "texture": "#4"
            },
            "down": {
                "uv": [0, 0, 0, 14],
                "texture": "#4"
            }
        }
    }, {
        "from": [6.5, 1.5, 6.5],
        "to": [9.5, 4, 9.5],
        "rotation": {
            "angle": 0,
            "axis": "y",
            "origin": [8, 24.31499, 8]
        },
        "faces": {
            "north": {
                "uv": [0.875, 1.5625, 1.25, 1.875],
                "texture": "#0"
            },
            "east": {
                "uv": [0.875, 1.5625, 1.25, 1.875],
                "texture": "#0"
            },
            "south": {
                "uv": [0.875, 1.5625, 1.25, 1.875],
                "texture": "#0"
            },
            "west": {
                "uv": [0.875, 1.5625, 1.25, 1.875],
                "texture": "#0"
            },
            "up": {
                "uv": [0.875, 1.875, 1.25, 2.25],
                "texture": "#0"
            },
            "down": {
                "uv": [0.875, 1.875, 1.25, 2.25],
                "texture": "#0"
            }
        }
    }, {
        "from": [6.5, -12.5, 6.5],
        "to": [9.5, -10, 9.5],
        "rotation": {
            "angle": 0,
            "axis": "y",
            "origin": [8, 28.31499, 8]
        },
        "faces": {
            "north": {
                "uv": [0.875, 1.5625, 1.25, 1.875],
                "texture": "#0"
            },
            "east": {
                "uv": [0.875, 1.5625, 1.25, 1.875],
                "texture": "#0"
            },
            "south": {
                "uv": [0.875, 1.5625, 1.25, 1.875],
                "texture": "#0"
            },
            "west": {
                "uv": [0.875, 1.5625, 1.25, 1.875],
                "texture": "#0"
            },
            "up": {
                "uv": [0.875, 1.875, 1.25, 2.25],
                "texture": "#0"
            },
            "down": {
                "uv": [0.875, 1.875, 1.25, 2.25],
                "texture": "#0"
            }
        }
    }, {
        "from": [6.5, 8.5, 6.5],
        "to": [9.5, 11, 9.5],
        "rotation": {
            "angle": 0,
            "axis": "y",
            "origin": [8, 19.68501, 8]
        },
        "faces": {
            "north": {
                "uv": [1.4375, 2.5625, 1.8125, 2.25],
                "texture": "#0"
            },
            "east": {
                "uv": [1.4375, 2.5625, 1.8125, 2.25],
                "texture": "#0"
            },
            "south": {
                "uv": [1.4375, 2.5625, 1.8125, 2.25],
                "texture": "#0"
            },
            "west": {
                "uv": [1.4375, 2.5625, 1.8125, 2.25],
                "texture": "#0"
            },
            "up": {
                "uv": [1.4375, 2.9375, 1.8125, 2.5625],
                "texture": "#0"
            },
            "down": {
                "uv": [1.4375, 2.9375, 1.8125, 2.5625],
                "texture": "#0"
            }
        }
    }, {
        "from": [5.75, -8.08922, -6.30421],
        "to": [10.25, -5.58922, -3.80421],
        "rotation": {
            "angle": -45,
            "axis": "x",
            "origin": [8, 6.21499, 8]
        },
        "faces": {
            "north": {
                "uv": [1.4375, 2.5625, 0.875, 2.875],
                "texture": "#0"
            },
            "east": {
                "uv": [1.1875, 2.25, 0.875, 2.5625],
                "texture": "#0"
            },
            "south": {
                "uv": [1.4375, 2.5625, 0.875, 2.875],
                "texture": "#0"
            },
            "west": {
                "uv": [0.875, 2.25, 1.1875, 2.5625],
                "texture": "#0"
            },
            "up": {
                "uv": [1.4375, 2.5625, 0.875, 2.875],
                "texture": "#0"
            },
            "down": {
                "uv": [1.4375, 2.5625, 0.875, 2.875],
                "texture": "#0"
            }
        }
    }, {
        "from": [7, 5.8, 8.8],
        "to": [9, 7.3, 10.8],
        "rotation": {
            "angle": 22.5,
            "axis": "x",
            "origin": [8, 5.825, 10.375]
        },
        "faces": {
            "north": {
                "uv": [3.5, 0.125, 3.75, 0.3125],
                "texture": "#0"
            },
            "east": {
                "uv": [3.25, 0.125, 3.5, 0.3125],
                "texture": "#0"
            },
            "south": {
                "uv": [3.5, 0.125, 3.75, 0.3125],
                "texture": "#0"
            },
            "west": {
                "uv": [3.25, 0.125, 3.5, 0.3125],
                "texture": "#0"
            },
            "up": {
                "uv": [2.8125, 0.3125, 3.0625, 0.5625],
                "rotation": 90,
                "texture": "#0"
            },
            "down": {
                "uv": [2.8125, 0.3125, 3.0625, 0.5625],
                "rotation": 90,
                "texture": "#0"
            }
        }
    }, {
        "from": [7.1, 4.41812, 10.02574],
        "to": [8.9, 6.41812, 11.52574],
        "rotation": {
            "angle": -22.5,
            "axis": "x",
            "origin": [8, 5.825, 10.375]
        },
        "faces": {
            "north": {
                "uv": [2.8125, 0.5625, 3.0625, 0.8125],
                "rotation": 90,
                "texture": "#0"
            },
            "east": {
                "uv": [3.75, 0.3125, 4, 0.125],
                "rotation": 90,
                "texture": "#0"
            },
            "south": {
                "uv": [2.8125, 0.5625, 3.0625, 0.8125],
                "rotation": 90,
                "texture": "#0"
            },
            "west": {
                "uv": [3.75, 0.125, 4, 0.3125],
                "rotation": 90,
                "texture": "#0"
            },
            "up": {
                "uv": [4.0125, 0.125, 4.2625, 0.3125],
                "texture": "#0"
            },
            "down": {
                "uv": [4.0125, 0.125, 4.2625, 0.3125],
                "texture": "#0"
            }
        }
    }, {
        "from": [7.25, 3.7, 10.5],
        "to": [8.75, 5.2, 11.5],
        "rotation": {
            "angle": 22.5,
            "axis": "x",
            "origin": [8, 5.825, 10.375]
        },
        "faces": {
            "north": {
                "uv": [4.3125, 0.125, 4.5, 0.3125],
                "rotation": 90,
                "texture": "#0"
            },
            "east": {
                "uv": [3.0625, 0.3125, 3.25, 0.4375],
                "rotation": 90,
                "texture": "#0"
            },
            "south": {
                "uv": [4.3125, 0.125, 4.5, 0.3125],
                "rotation": 90,
                "texture": "#0"
            },
            "west": {
                "uv": [3.0625, 0.3125, 3.25, 0.4375],
                "rotation": 90,
                "texture": "#0"
            },
            "up": {
                "uv": [3.0625, 0.4375, 3.25, 0.5625],
                "texture": "#0"
            },
            "down": {
                "uv": [3.0625, 0.4375, 3.25, 0.5625],
                "texture": "#0"
            }
        }
    }, {
        "from": [7.1, 4.41812, 4.47426],
        "to": [8.9, 6.41812, 5.97426],
        "rotation": {
            "angle": 22.5,
            "axis": "x",
            "origin": [8, 5.825, 5.625]
        },
        "faces": {
            "north": {
                "uv": [2.8125, 0.8125, 3.0625, 0.5625],
                "rotation": 90,
                "texture": "#0"
            },
            "east": {
                "uv": [3.75, 0.125, 4, 0.3125],
                "rotation": 90,
                "texture": "#0"
            },
            "south": {
                "uv": [2.8125, 0.8125, 3.0625, 0.5625],
                "rotation": 90,
                "texture": "#0"
            },
            "west": {
                "uv": [3.75, 0.3125, 4, 0.125],
                "rotation": 90,
                "texture": "#0"
            },
            "up": {
                "uv": [4.0125, 0.3125, 4.2625, 0.125],
                "texture": "#0"
            },
            "down": {
                "uv": [4.0125, 0.3125, 4.2625, 0.125],
                "texture": "#0"
            }
        }
    }, {
        "from": [7.25, 3.7, 4.5],
        "to": [8.75, 5.2, 5.5],
        "rotation": {
            "angle": -22.5,
            "axis": "x",
            "origin": [8, 5.825, 5.625]
        },
        "faces": {
            "north": {
                "uv": [4.3125, 0.3125, 4.5, 0.125],
                "rotation": 90,
                "texture": "#0"
            },
            "east": {
                "uv": [3.0625, 0.4375, 3.25, 0.3125],
                "rotation": 90,
                "texture": "#0"
            },
            "south": {
                "uv": [4.3125, 0.3125, 4.5, 0.125],
                "rotation": 90,
                "texture": "#0"
            },
            "west": {
                "uv": [3.0625, 0.4375, 3.25, 0.3125],
                "rotation": 90,
                "texture": "#0"
            },
            "up": {
                "uv": [3.0625, 0.5625, 3.25, 0.4375],
                "texture": "#0"
            },
            "down": {
                "uv": [3.0625, 0.5625, 3.25, 0.4375],
                "texture": "#0"
            }
        }
    }, {
        "from": [7, 5.8, 5.2],
        "to": [9, 7.3, 7.2],
        "rotation": {
            "angle": -22.5,
            "axis": "x",
            "origin": [8, 5.825, 5.625]
        },
        "faces": {
            "north": {
                "uv": [3.75, 0.125, 3.5, 0.3125],
                "texture": "#0"
            },
            "east": {
                "uv": [3.5, 0.125, 3.25, 0.3125],
                "texture": "#0"
            },
            "south": {
                "uv": [3.75, 0.125, 3.5, 0.3125],
                "texture": "#0"
            },
            "west": {
                "uv": [3.5, 0.125, 3.25, 0.3125],
                "texture": "#0"
            },
            "up": {
                "uv": [3.0625, 0.3125, 2.8125, 0.5625],
                "rotation": 90,
                "texture": "#0"
            },
            "down": {
                "uv": [3.0625, 0.3125, 2.8125, 0.5625],
                "rotation": 90,
                "texture": "#0"
            }
        }
    }, {
        "from": [7, 10, 9],
        "to": [9, 13, 14],
        "rotation": {
            "angle": -22.5,
            "axis": "x",
            "origin": [7, 11, 9]
        },
        "faces": {
            "north": {
                "uv": [1.25, 0.375, 1.5, 0.75],
                "texture": "#0"
            },
            "east": {
                "uv": [0.625, 0.375, 1.25, 0.75],
                "texture": "#0"
            },
            "south": {
                "uv": [1.25, 0.375, 1.5, 0.75],
                "texture": "#0"
            },
            "west": {
                "uv": [1.25, 0.375, 0.625, 0.75],
                "texture": "#0"
            },
            "up": {
                "uv": [0.625, 0.75, 0.875, 1.375],
                "texture": "#0"
            },
            "down": {
                "uv": [0.625, 0.75, 0.875, 1.375],
                "texture": "#0"
            }
        }
    }, {
        "from": [6.9, 9, 10.2],
        "to": [9.1, 10.5, 11.7],
        "rotation": {
            "angle": -22.5,
            "axis": "x",
            "origin": [7, 11, 9]
        },
        "faces": {
            "north": {
                "uv": [1.5, 1.75, 1.25, 1.9375],
                "texture": "#0"
            },
            "east": {
                "uv": [1.4375, 1.9375, 1.25, 2.125],
                "texture": "#0"
            },
            "south": {
                "uv": [1.5, 1.75, 1.25, 1.9375],
                "texture": "#0"
            },
            "west": {
                "uv": [1.4375, 1.9375, 1.25, 2.125],
                "texture": "#0"
            },
            "up": {
                "uv": [1.5, 1.5625, 1.25, 1.75],
                "texture": "#0"
            },
            "down": {
                "uv": [1.5, 1.5625, 1.25, 1.75],
                "texture": "#0"
            }
        }
    }, {
        "from": [6, 10.34149, 10.73044],
        "to": [8, 11.34149, 11.73044],
        "rotation": {
            "angle": -22.5,
            "axis": "z",
            "origin": [7, 10.84149, 11.23044]
        },
        "faces": {
            "north": {
                "uv": [1.4375, 2.25, 1.1875, 2.375],
                "texture": "#0"
            },
            "east": {
                "uv": [1.3125, 2.375, 1.1875, 2.5],
                "texture": "#0"
            },
            "south": {
                "uv": [1.4375, 2.25, 1.1875, 2.375],
                "texture": "#0"
            },
            "west": {
                "uv": [1.3125, 2.375, 1.1875, 2.5],
                "texture": "#0"
            },
            "up": {
                "uv": [1.5, 2.125, 1.25, 2.25],
                "texture": "#0"
            },
            "down": {
                "uv": [1.5, 2.125, 1.25, 2.25],
                "texture": "#0"
            }
        }
    }, {
        "from": [8, 10.34149, 10.73044],
        "to": [10, 11.34149, 11.73044],
        "rotation": {
            "angle": 22.5,
            "axis": "z",
            "origin": [9, 10.84149, 11.23044]
        },
        "faces": {
            "north": {
                "uv": [1.1875, 2.25, 1.4375, 2.375],
                "texture": "#0"
            },
            "east": {
                "uv": [1.1875, 2.375, 1.3125, 2.5],
                "texture": "#0"
            },
            "south": {
                "uv": [1.1875, 2.25, 1.4375, 2.375],
                "texture": "#0"
            },
            "west": {
                "uv": [1.1875, 2.375, 1.3125, 2.5],
                "texture": "#0"
            },
            "up": {
                "uv": [1.25, 2.125, 1.5, 2.25],
                "texture": "#0"
            },
            "down": {
                "uv": [1.25, 2.125, 1.5, 2.25],
                "texture": "#0"
            }
        }
    }, {
        "from": [6.02827, 10.94928, 12.73044],
        "to": [8.02827, 11.94928, 13.73044],
        "rotation": {
            "angle": -22.5,
            "axis": "z",
            "origin": [8, 11.71644, 13.25518]
        },
        "faces": {
            "north": {
                "uv": [1.4375, 2.25, 1.1875, 2.375],
                "texture": "#0"
            },
            "east": {
                "uv": [1.3125, 2.375, 1.1875, 2.5],
                "texture": "#0"
            },
            "south": {
                "uv": [1.4375, 2.25, 1.1875, 2.375],
                "texture": "#0"
            },
            "west": {
                "uv": [1.3125, 2.375, 1.1875, 2.5],
                "texture": "#0"
            },
            "up": {
                "uv": [1.5, 2.125, 1.25, 2.25],
                "texture": "#0"
            },
            "down": {
                "uv": [1.5, 2.125, 1.25, 2.25],
                "texture": "#0"
            }
        }
    }, {
        "from": [7.97173, 10.94928, 12.73044],
        "to": [9.97173, 11.94928, 13.73044],
        "rotation": {
            "angle": 22.5,
            "axis": "z",
            "origin": [8, 11.71644, 13.25518]
        },
        "faces": {
            "north": {
                "uv": [1.1875, 2.25, 1.4375, 2.375],
                "texture": "#0"
            },
            "east": {
                "uv": [1.1875, 2.375, 1.3125, 2.5],
                "texture": "#0"
            },
            "south": {
                "uv": [1.1875, 2.25, 1.4375, 2.375],
                "texture": "#0"
            },
            "west": {
                "uv": [1.1875, 2.375, 1.3125, 2.5],
                "texture": "#0"
            },
            "up": {
                "uv": [1.25, 2.125, 1.5, 2.25],
                "texture": "#0"
            },
            "down": {
                "uv": [1.25, 2.125, 1.5, 2.25],
                "texture": "#0"
            }
        }
    }, {
        "from": [6.9, 10.84144, 12.48018],
        "to": [9.1, 12.34144, 13.98018],
        "rotation": {
            "angle": -22.5,
            "axis": "x",
            "origin": [8, 11.71644, 13.25518]
        },
        "faces": {
            "north": {
                "uv": [1.5, 1.75, 1.25, 1.9375],
                "texture": "#0"
            },
            "east": {
                "uv": [1.4375, 1.9375, 1.25, 2.125],
                "texture": "#0"
            },
            "south": {
                "uv": [1.5, 1.75, 1.25, 1.9375],
                "texture": "#0"
            },
            "west": {
                "uv": [1.4375, 1.9375, 1.25, 2.125],
                "texture": "#0"
            },
            "up": {
                "uv": [1.5, 1.5625, 1.25, 1.75],
                "texture": "#0"
            },
            "down": {
                "uv": [1.5, 1.5625, 1.25, 1.75],
                "texture": "#0"
            }
        }
    }, {
        "from": [6.9, 9, 4.3],
        "to": [9.1, 10.5, 5.8],
        "rotation": {
            "angle": 22.5,
            "axis": "x",
            "origin": [7, 11, 7]
        },
        "faces": {
            "north": {
                "uv": [1.25, 1.75, 1.5, 1.9375],
                "texture": "#0"
            },
            "east": {
                "uv": [1.25, 1.9375, 1.4375, 2.125],
                "texture": "#0"
            },
            "south": {
                "uv": [1.25, 1.75, 1.5, 1.9375],
                "texture": "#0"
            },
            "west": {
                "uv": [1.25, 1.9375, 1.4375, 2.125],
                "texture": "#0"
            },
            "up": {
                "uv": [1.5, 1.75, 1.25, 1.5625],
                "texture": "#0"
            },
            "down": {
                "uv": [1.5, 1.75, 1.25, 1.5625],
                "texture": "#0"
            }
        }
    }, {
        "from": [8, 10.34149, 4.26956],
        "to": [10, 11.34149, 5.26956],
        "rotation": {
            "angle": 22.5,
            "axis": "z",
            "origin": [9, 10.84149, 4.76956]
        },
        "faces": {
            "north": {
                "uv": [1.4375, 2.25, 1.1875, 2.375],
                "texture": "#0"
            },
            "east": {
                "uv": [1.3125, 2.375, 1.1875, 2.5],
                "texture": "#0"
            },
            "south": {
                "uv": [1.4375, 2.25, 1.1875, 2.375],
                "texture": "#0"
            },
            "west": {
                "uv": [1.3125, 2.375, 1.1875, 2.5],
                "texture": "#0"
            },
            "up": {
                "uv": [1.25, 2.25, 1.5, 2.125],
                "texture": "#0"
            },
            "down": {
                "uv": [1.25, 2.25, 1.5, 2.125],
                "texture": "#0"
            }
        }
    }, {
        "from": [7.97173, 10.94928, 2.26956],
        "to": [9.97173, 11.94928, 3.26956],
        "rotation": {
            "angle": 22.5,
            "axis": "z",
            "origin": [8, 11.71644, 2.74482]
        },
        "faces": {
            "north": {
                "uv": [1.4375, 2.25, 1.1875, 2.375],
                "texture": "#0"
            },
            "east": {
                "uv": [1.3125, 2.375, 1.1875, 2.5],
                "texture": "#0"
            },
            "south": {
                "uv": [1.4375, 2.25, 1.1875, 2.375],
                "texture": "#0"
            },
            "west": {
                "uv": [1.3125, 2.375, 1.1875, 2.5],
                "texture": "#0"
            },
            "up": {
                "uv": [1.25, 2.25, 1.5, 2.125],
                "texture": "#0"
            },
            "down": {
                "uv": [1.25, 2.25, 1.5, 2.125],
                "texture": "#0"
            }
        }
    }, {
        "from": [6.9, 10.84144, 2.01982],
        "to": [9.1, 12.34144, 3.51982],
        "rotation": {
            "angle": 22.5,
            "axis": "x",
            "origin": [8, 11.71644, 2.74482]
        },
        "faces": {
            "north": {
                "uv": [1.25, 1.75, 1.5, 1.9375],
                "texture": "#0"
            },
            "east": {
                "uv": [1.25, 1.9375, 1.4375, 2.125],
                "texture": "#0"
            },
            "south": {
                "uv": [1.25, 1.75, 1.5, 1.9375],
                "texture": "#0"
            },
            "west": {
                "uv": [1.25, 1.9375, 1.4375, 2.125],
                "texture": "#0"
            },
            "up": {
                "uv": [1.5, 1.75, 1.25, 1.5625],
                "texture": "#0"
            },
            "down": {
                "uv": [1.5, 1.75, 1.25, 1.5625],
                "texture": "#0"
            }
        }
    }, {
        "from": [6.02827, 10.94928, 2.26956],
        "to": [8.02827, 11.94928, 3.26956],
        "rotation": {
            "angle": -22.5,
            "axis": "z",
            "origin": [8, 11.71644, 2.74482]
        },
        "faces": {
            "north": {
                "uv": [1.1875, 2.25, 1.4375, 2.375],
                "texture": "#0"
            },
            "east": {
                "uv": [1.1875, 2.375, 1.3125, 2.5],
                "texture": "#0"
            },
            "south": {
                "uv": [1.1875, 2.25, 1.4375, 2.375],
                "texture": "#0"
            },
            "west": {
                "uv": [1.1875, 2.375, 1.3125, 2.5],
                "texture": "#0"
            },
            "up": {
                "uv": [1.5, 2.25, 1.25, 2.125],
                "texture": "#0"
            },
            "down": {
                "uv": [1.5, 2.25, 1.25, 2.125],
                "texture": "#0"
            }
        }
    }, {
        "from": [6.02827, -10.64928, 5.43044],
        "to": [8.02827, -9.64928, 6.43044],
        "rotation": {
            "angle": 45,
            "axis": "z",
            "origin": [8, -10.41644, 5.95518]
        },
        "faces": {
            "north": {
                "uv": [1.4375, 2.375, 1.1875, 2.25],
                "texture": "#0"
            },
            "east": {
                "uv": [1.3125, 2.5, 1.1875, 2.375],
                "texture": "#0"
            },
            "south": {
                "uv": [1.4375, 2.375, 1.1875, 2.25],
                "texture": "#0"
            },
            "west": {
                "uv": [1.3125, 2.5, 1.1875, 2.375],
                "texture": "#0"
            },
            "up": {
                "uv": [1.5, 2.25, 1.25, 2.125],
                "texture": "#0"
            },
            "down": {
                "uv": [1.5, 2.25, 1.25, 2.125],
                "texture": "#0"
            }
        }
    }, {
        "from": [6.9, -11.34144, 5.18018],
        "to": [9.1, -9.84144, 6.68018],
        "rotation": {
            "angle": 22.5,
            "axis": "x",
            "origin": [8, -10.71644, 5.95518]
        },
        "faces": {
            "north": {
                "uv": [1.5, 1.9375, 1.25, 1.75],
                "texture": "#0"
            },
            "east": {
                "uv": [1.4375, 2.125, 1.25, 1.9375],
                "texture": "#0"
            },
            "south": {
                "uv": [1.5, 1.9375, 1.25, 1.75],
                "texture": "#0"
            },
            "west": {
                "uv": [1.4375, 2.125, 1.25, 1.9375],
                "texture": "#0"
            },
            "up": {
                "uv": [1.5, 1.75, 1.25, 1.5625],
                "texture": "#0"
            },
            "down": {
                "uv": [1.5, 1.75, 1.25, 1.5625],
                "texture": "#0"
            }
        }
    }, {
        "from": [7.97173, -10.64928, 5.43044],
        "to": [9.97173, -9.64928, 6.43044],
        "rotation": {
            "angle": -45,
            "axis": "z",
            "origin": [8, -10.41644, 5.95518]
        },
        "faces": {
            "north": {
                "uv": [1.1875, 2.375, 1.4375, 2.25],
                "texture": "#0"
            },
            "east": {
                "uv": [1.1875, 2.5, 1.3125, 2.375],
                "texture": "#0"
            },
            "south": {
                "uv": [1.1875, 2.375, 1.4375, 2.25],
                "texture": "#0"
            },
            "west": {
                "uv": [1.1875, 2.5, 1.3125, 2.375],
                "texture": "#0"
            },
            "up": {
                "uv": [1.25, 2.25, 1.5, 2.125],
                "texture": "#0"
            },
            "down": {
                "uv": [1.25, 2.25, 1.5, 2.125],
                "texture": "#0"
            }
        }
    }, {
        "from": [6.9, -11.34144, 9.31982],
        "to": [9.1, -9.84144, 10.81982],
        "rotation": {
            "angle": -22.5,
            "axis": "x",
            "origin": [8, -10.71644, 10.04482]
        },
        "faces": {
            "north": {
                "uv": [1.25, 1.9375, 1.5, 1.75],
                "texture": "#0"
            },
            "east": {
                "uv": [1.25, 2.125, 1.4375, 1.9375],
                "texture": "#0"
            },
            "south": {
                "uv": [1.25, 1.9375, 1.5, 1.75],
                "texture": "#0"
            },
            "west": {
                "uv": [1.25, 2.125, 1.4375, 1.9375],
                "texture": "#0"
            },
            "up": {
                "uv": [1.5, 1.5625, 1.25, 1.75],
                "texture": "#0"
            },
            "down": {
                "uv": [1.5, 1.5625, 1.25, 1.75],
                "texture": "#0"
            }
        }
    }, {
        "from": [6.02827, -10.64928, 9.56956],
        "to": [8.02827, -9.64928, 10.56956],
        "rotation": {
            "angle": 45,
            "axis": "z",
            "origin": [8, -10.41644, 10.04482]
        },
        "faces": {
            "north": {
                "uv": [1.1875, 2.375, 1.4375, 2.25],
                "texture": "#0"
            },
            "east": {
                "uv": [1.1875, 2.5, 1.3125, 2.375],
                "texture": "#0"
            },
            "south": {
                "uv": [1.1875, 2.375, 1.4375, 2.25],
                "texture": "#0"
            },
            "west": {
                "uv": [1.1875, 2.5, 1.3125, 2.375],
                "texture": "#0"
            },
            "up": {
                "uv": [1.5, 2.125, 1.25, 2.25],
                "texture": "#0"
            },
            "down": {
                "uv": [1.5, 2.125, 1.25, 2.25],
                "texture": "#0"
            }
        }
    }, {
        "from": [7.97173, -10.64928, 9.56956],
        "to": [9.97173, -9.64928, 10.56956],
        "rotation": {
            "angle": -45,
            "axis": "z",
            "origin": [8, -10.41644, 10.04482]
        },
        "faces": {
            "north": {
                "uv": [1.4375, 2.375, 1.1875, 2.25],
                "texture": "#0"
            },
            "east": {
                "uv": [1.3125, 2.5, 1.1875, 2.375],
                "texture": "#0"
            },
            "south": {
                "uv": [1.4375, 2.375, 1.1875, 2.25],
                "texture": "#0"
            },
            "west": {
                "uv": [1.3125, 2.5, 1.1875, 2.375],
                "texture": "#0"
            },
            "up": {
                "uv": [1.25, 2.125, 1.5, 2.25],
                "texture": "#0"
            },
            "down": {
                "uv": [1.25, 2.125, 1.5, 2.25],
                "texture": "#0"
            }
        }
    }, {
        "from": [6, 10.34149, 4.26956],
        "to": [8, 11.34149, 5.26956],
        "rotation": {
            "angle": -22.5,
            "axis": "z",
            "origin": [7, 10.84149, 4.76956]
        },
        "faces": {
            "north": {
                "uv": [1.1875, 2.25, 1.4375, 2.375],
                "texture": "#0"
            },
            "east": {
                "uv": [1.1875, 2.375, 1.3125, 2.5],
                "texture": "#0"
            },
            "south": {
                "uv": [1.1875, 2.25, 1.4375, 2.375],
                "texture": "#0"
            },
            "west": {
                "uv": [1.1875, 2.375, 1.3125, 2.5],
                "texture": "#0"
            },
            "up": {
                "uv": [1.5, 2.25, 1.25, 2.125],
                "texture": "#0"
            },
            "down": {
                "uv": [1.5, 2.25, 1.25, 2.125],
                "texture": "#0"
            }
        }
    }, {
        "from": [7.5, 14.8, 14],
        "to": [8.5, 17.3, 15.5],
        "rotation": {
            "angle": 45,
            "axis": "x",
            "origin": [7.5, 15.5, 15.5]
        },
        "faces": {
            "north": {
                "uv": [1.5, 1.5625, 1.375, 1.25],
                "texture": "#0"
            },
            "east": {
                "uv": [1.375, 1.5625, 1.1875, 1.25],
                "texture": "#0"
            },
            "south": {
                "uv": [1.5, 1.5625, 1.375, 1.25],
                "texture": "#0"
            },
            "west": {
                "uv": [1.1875, 1.5625, 1.375, 1.25],
                "texture": "#0"
            },
            "up": {
                "uv": [0.75, 1.5625, 0.625, 1.375],
                "texture": "#0"
            },
            "down": {
                "uv": [0.75, 1.5625, 0.625, 1.375],
                "texture": "#0"
            }
        }
    }, {
        "from": [7.25, 12, 11.5],
        "to": [8.75, 16, 14],
        "rotation": {
            "angle": 22.5,
            "axis": "x",
            "origin": [8, 12, 14]
        },
        "faces": {
            "north": {
                "uv": [1.1875, 0.75, 1.375, 1.25],
                "texture": "#0"
            },
            "east": {
                "uv": [0.875, 0.75, 1.1875, 1.25],
                "texture": "#0"
            },
            "south": {
                "uv": [1.1875, 0.75, 1.375, 1.25],
                "texture": "#0"
            },
            "west": {
                "uv": [0.875, 0.75, 1.1875, 1.25],
                "texture": "#0"
            },
            "up": {
                "uv": [0.875, 1.25, 1.0625, 1.5625],
                "texture": "#0"
            },
            "down": {
                "uv": [0.875, 1.25, 1.0625, 1.5625],
                "texture": "#0"
            }
        }
    }, {
        "from": [7.5, 14.8, 0.5],
        "to": [8.5, 17.3, 2],
        "rotation": {
            "angle": -45,
            "axis": "x",
            "origin": [7.5, 15.5, 0.5]
        },
        "faces": {
            "north": {
                "uv": [1.375, 1.5625, 1.5, 1.25],
                "texture": "#0"
            },
            "east": {
                "uv": [1.1875, 1.5625, 1.375, 1.25],
                "texture": "#0"
            },
            "south": {
                "uv": [1.375, 1.5625, 1.5, 1.25],
                "texture": "#0"
            },
            "west": {
                "uv": [1.375, 1.5625, 1.1875, 1.25],
                "texture": "#0"
            },
            "up": {
                "uv": [0.75, 1.375, 0.625, 1.5625],
                "texture": "#0"
            },
            "down": {
                "uv": [0.75, 1.375, 0.625, 1.5625],
                "texture": "#0"
            }
        }
    }, {
        "from": [7.25, 12, 2],
        "to": [8.75, 16, 4.5],
        "rotation": {
            "angle": -22.5,
            "axis": "x",
            "origin": [8, 12, 2]
        },
        "faces": {
            "north": {
                "uv": [1.375, 0.75, 1.1875, 1.25],
                "texture": "#0"
            },
            "east": {
                "uv": [1.1875, 0.75, 0.875, 1.25],
                "texture": "#0"
            },
            "south": {
                "uv": [1.375, 0.75, 1.1875, 1.25],
                "texture": "#0"
            },
            "west": {
                "uv": [1.1875, 0.75, 0.875, 1.25],
                "texture": "#0"
            },
            "up": {
                "uv": [0.875, 1.5625, 1.0625, 1.25],
                "texture": "#0"
            },
            "down": {
                "uv": [0.875, 1.5625, 1.0625, 1.25],
                "texture": "#0"
            }
        }
    }, {
        "from": [7, 10, 2],
        "to": [9, 13, 7],
        "rotation": {
            "angle": 22.5,
            "axis": "x",
            "origin": [7, 11, 7]
        },
        "faces": {
            "north": {
                "uv": [1.5, 0.375, 1.25, 0.75],
                "texture": "#0"
            },
            "east": {
                "uv": [1.25, 0.375, 0.625, 0.75],
                "texture": "#0"
            },
            "south": {
                "uv": [1.5, 0.375, 1.25, 0.75],
                "texture": "#0"
            },
            "west": {
                "uv": [0.625, 0.375, 1.25, 0.75],
                "texture": "#0"
            },
            "up": {
                "uv": [0.625, 1.375, 0.875, 0.75],
                "texture": "#0"
            },
            "down": {
                "uv": [0.625, 1.375, 0.875, 0.75],
                "texture": "#0"
            }
        }
    }, {
        "from": [7.75, 17.26976, 4.72383],
        "to": [8.25, 19.26976, 5.22383],
        "rotation": {
            "angle": 0,
            "axis": "y",
            "origin": [8, 16.56166, 5.76725]
        },
        "faces": {
            "north": {
                "uv": [2.4375, 1.25, 2.5, 1],
                "texture": "#0"
            },
            "east": {
                "uv": [2.375, 1.25, 2.4375, 1],
                "texture": "#0"
            },
            "south": {
                "uv": [2.4375, 1.25, 2.5, 1],
                "texture": "#0"
            },
            "west": {
                "uv": [2.375, 1.25, 2.4375, 1],
                "texture": "#0"
            },
            "up": {
                "uv": [1.4375, 2, 1.5, 1.9375],
                "texture": "#0"
            },
            "down": {
                "uv": [1.4375, 2, 1.5, 1.9375],
                "texture": "#0"
            }
        }
    }, {
        "from": [7.5, 15.3456, 4.91572],
        "to": [8.5, 18.3456, 5.91572],
        "rotation": {
            "angle": -22.5,
            "axis": "x",
            "origin": [8, 16.56166, 5.76725]
        },
        "faces": {
            "north": {
                "uv": [2, 1.625, 2.125, 1.25],
                "texture": "#0"
            },
            "east": {
                "uv": [1.875, 1.625, 2, 1.25],
                "texture": "#0"
            },
            "south": {
                "uv": [2, 1.625, 2.125, 1.25],
                "texture": "#0"
            },
            "west": {
                "uv": [1.875, 1.625, 2, 1.25],
                "texture": "#0"
            },
            "up": {
                "uv": [2.375, 1, 2.5, 0.875],
                "texture": "#0"
            },
            "down": {
                "uv": [2.375, 1, 2.5, 0.875],
                "texture": "#0"
            }
        }
    }, {
        "from": [7.25, 14.91487, 5.53609],
        "to": [8.75, 16.91487, 9.53609],
        "rotation": {
            "angle": 45,
            "axis": "x",
            "origin": [8, 16.56166, 5.76725]
        },
        "faces": {
            "north": {
                "uv": [2.1875, 1.25, 2.375, 1],
                "texture": "#0"
            },
            "east": {
                "uv": [1.6875, 1.25, 2.1875, 1],
                "texture": "#0"
            },
            "south": {
                "uv": [2.1875, 1.25, 2.375, 1],
                "texture": "#0"
            },
            "west": {
                "uv": [2.1875, 1.25, 1.6875, 1],
                "texture": "#0"
            },
            "up": {
                "uv": [1.6875, 1.75, 1.875, 1.25],
                "texture": "#0"
            },
            "down": {
                "uv": [1.6875, 1.75, 1.875, 1.25],
                "texture": "#0"
            }
        }
    }, {
        "from": [7.25, 14.91487, 6.46391],
        "to": [8.75, 16.91487, 10.46391],
        "rotation": {
            "angle": -45,
            "axis": "x",
            "origin": [8, 16.56166, 10.23275]
        },
        "faces": {
            "north": {
                "uv": [2.375, 1.25, 2.1875, 1],
                "texture": "#0"
            },
            "east": {
                "uv": [2.1875, 1.25, 1.6875, 1],
                "texture": "#0"
            },
            "south": {
                "uv": [2.375, 1.25, 2.1875, 1],
                "texture": "#0"
            },
            "west": {
                "uv": [1.6875, 1.25, 2.1875, 1],
                "texture": "#0"
            },
            "up": {
                "uv": [1.6875, 1.25, 1.875, 1.75],
                "texture": "#0"
            },
            "down": {
                "uv": [1.6875, 1.25, 1.875, 1.75],
                "texture": "#0"
            }
        }
    }, {
        "from": [7.5, 15.3456, 10.08428],
        "to": [8.5, 18.3456, 11.08428],
        "rotation": {
            "angle": 22.5,
            "axis": "x",
            "origin": [8, 16.56166, 10.23275]
        },
        "faces": {
            "north": {
                "uv": [2.125, 1.625, 2, 1.25],
                "texture": "#0"
            },
            "east": {
                "uv": [2, 1.625, 1.875, 1.25],
                "texture": "#0"
            },
            "south": {
                "uv": [2.125, 1.625, 2, 1.25],
                "texture": "#0"
            },
            "west": {
                "uv": [2, 1.625, 1.875, 1.25],
                "texture": "#0"
            },
            "up": {
                "uv": [2.375, 0.875, 2.5, 1],
                "texture": "#0"
            },
            "down": {
                "uv": [2.375, 0.875, 2.5, 1],
                "texture": "#0"
            }
        }
    }, {
        "from": [7.75, 17.26976, 10.77617],
        "to": [8.25, 19.26976, 11.27617],
        "rotation": {
            "angle": 0,
            "axis": "y",
            "origin": [8, 16.56166, 10.23275]
        },
        "faces": {
            "north": {
                "uv": [2.5, 1.25, 2.4375, 1],
                "texture": "#0"
            },
            "east": {
                "uv": [2.4375, 1.25, 2.375, 1],
                "texture": "#0"
            },
            "south": {
                "uv": [2.5, 1.25, 2.4375, 1],
                "texture": "#0"
            },
            "west": {
                "uv": [2.4375, 1.25, 2.375, 1],
                "texture": "#0"
            },
            "up": {
                "uv": [1.4375, 1.9375, 1.5, 2],
                "texture": "#0"
            },
            "down": {
                "uv": [1.4375, 1.9375, 1.5, 2],
                "texture": "#0"
            }
        }
    }, {
        "from": [8, 18, 3.25],
        "to": [8, 22, 13.25],
        "rotation": {
            "angle": 0,
            "axis": "y",
            "origin": [0, -11, 0]
        },
        "faces": {
            "north": {
                "uv": [0, 0, 0, 4],
                "texture": "#1"
            },
            "east": {
                "uv": [0, 0, 10, 4],
                "texture": "#1"
            },
            "south": {
                "uv": [0, 0, 0, 4],
                "texture": "#1"
            },
            "west": {
                "uv": [10, 0, 0, 4],
                "texture": "#1"
            },
            "up": {
                "uv": [0, 10, 0, 0],
                "texture": "#1"
            },
            "down": {
                "uv": [0, 0, 0, 10],
                "texture": "#1"
            }
        }
    }, {
        "from": [8, -16, 3.25],
        "to": [8, -12, 13.25],
        "rotation": {
            "angle": 0,
            "axis": "y",
            "origin": [0, 17, 0]
        },
        "faces": {
            "north": {
                "uv": [0, 4, 0, 0],
                "texture": "#1"
            },
            "east": {
                "uv": [0, 4, 10, 0],
                "texture": "#1"
            },
            "south": {
                "uv": [0, 4, 0, 0],
                "texture": "#1"
            },
            "west": {
                "uv": [10, 4, 0, 0],
                "texture": "#1"
            },
            "up": {
                "uv": [0, 10, 0, 0],
                "texture": "#1"
            },
            "down": {
                "uv": [0, 0, 0, 10],
                "texture": "#1"
            }
        }
    }, {
        "from": [4.6, 10, 4],
        "to": [4.6, 16, 12],
        "rotation": {
            "angle": 0,
            "axis": "y",
            "origin": [0, 12, 0]
        },
        "faces": {
            "north": {
                "uv": [0, 0, 0, 7],
                "texture": "#2"
            },
            "east": {
                "uv": [10, 0, 0, 8],
                "texture": "#2"
            },
            "south": {
                "uv": [0, 0, 0, 7],
                "texture": "#2"
            },
            "west": {
                "uv": [0, 0, 10, 8],
                "texture": "#2"
            },
            "up": {
                "uv": [0, 10, 0, 0],
                "texture": "#2"
            },
            "down": {
                "uv": [0, 0, 0, 10],
                "texture": "#2"
            }
        }
    }, {
        "from": [11.4, 9, 3],
        "to": [11.4, 17, 13],
        "rotation": {
            "angle": 0,
            "axis": "y",
            "origin": [16, 12, 0]
        },
        "faces": {
            "north": {
                "uv": [0, 0, 0, 7],
                "texture": "#2"
            },
            "east": {
                "uv": [10, 0, 0, 8],
                "texture": "#2"
            },
            "south": {
                "uv": [0, 0, 0, 7],
                "texture": "#2"
            },
            "west": {
                "uv": [0, 0, 10, 8],
                "texture": "#2"
            },
            "up": {
                "uv": [0, 10, 0, 0],
                "texture": "#2"
            },
            "down": {
                "uv": [0, 0, 0, 10],
                "texture": "#2"
            }
        }
    }, {
        "from": [4.9, 11.20711, 6.5],
        "to": [4.9, 14.20711, 9.5],
        "rotation": {
            "angle": -45,
            "axis": "x",
            "origin": [8, 12.70711, 8]
        },
        "faces": {
            "north": {
                "uv": [0, 0, 0, 6],
                "texture": "#3"
            },
            "east": {
                "uv": [6, 0, 0, 6],
                "texture": "#3"
            },
            "south": {
                "uv": [0, 0, 0, 6],
                "texture": "#3"
            },
            "west": {
                "uv": [0, 0, 6, 6],
                "texture": "#3"
            },
            "up": {
                "uv": [0, 6, 0, 0],
                "texture": "#3"
            },
            "down": {
                "uv": [0, 0, 0, 6],
                "texture": "#3"
            }
        }
    }, {
        "from": [6.75, 11.5, -1.5],
        "to": [9.25, 15, 3],
        "rotation": {
            "angle": 0,
            "axis": "y",
            "origin": [8, 7.26583, -2.594]
        },
        "faces": {
            "north": {
                "uv": [2.25, 1.6875, 2.5625, 2.125],
                "rotation": 180,
                "texture": "#0"
            },
            "east": {
                "uv": [2.125, 1.25, 2.6875, 1.6875],
                "texture": "#0"
            },
            "south": {
                "uv": [2.25, 1.6875, 2.5625, 2.125],
                "rotation": 180,
                "texture": "#0"
            },
            "west": {
                "uv": [2.6875, 1.25, 2.125, 1.6875],
                "texture": "#0"
            },
            "up": {
                "uv": [3.25, 1.5625, 2.6875, 1.25],
                "rotation": 90,
                "texture": "#0"
            },
            "down": {
                "uv": [2.6875, 1.5625, 3.25, 1.25],
                "rotation": 90,
                "texture": "#0"
            }
        }
    }, {
        "from": [7.25, 10.92183, -2.66922],
        "to": [8.75, 13.42183, 1.33078],
        "rotation": {
            "angle": -22.5,
            "axis": "x",
            "origin": [8, 7.06583, -1.994]
        },
        "faces": {
            "north": {
                "uv": [3.8125, 1.125, 4, 0.8125],
                "rotation": 180,
                "texture": "#0"
            },
            "east": {
                "uv": [3.8125, 0.8125, 3.3125, 1.125],
                "rotation": 180,
                "texture": "#0"
            },
            "south": {
                "uv": [3.8125, 1.125, 4, 0.8125],
                "rotation": 180,
                "texture": "#0"
            },
            "west": {
                "uv": [3.3125, 0.8125, 3.8125, 1.125],
                "rotation": 180,
                "texture": "#0"
            },
            "up": {
                "uv": [3.3125, 1, 2.8125, 1.1875],
                "rotation": 90,
                "texture": "#0"
            },
            "down": {
                "uv": [2.8125, 1, 3.3125, 1.1875],
                "rotation": 90,
                "texture": "#0"
            }
        }
    }, {
        "from": [7.5, 10.92183, -2.75983],
        "to": [8.5, 12.42183, 0.24017],
        "rotation": {
            "angle": -45,
            "axis": "x",
            "origin": [8, 7.06583, -1.994]
        },
        "faces": {
            "north": {
                "uv": [3.6875, 1.3125, 3.8125, 1.125],
                "rotation": 180,
                "texture": "#0"
            },
            "east": {
                "uv": [3.6875, 1.125, 3.3125, 1.3125],
                "rotation": 180,
                "texture": "#0"
            },
            "south": {
                "uv": [3.6875, 1.3125, 3.8125, 1.125],
                "rotation": 180,
                "texture": "#0"
            },
            "west": {
                "uv": [3.3125, 1.125, 3.6875, 1.3125],
                "rotation": 180,
                "texture": "#0"
            },
            "up": {
                "uv": [3.6875, 1.3125, 3.3125, 1.4375],
                "rotation": 90,
                "texture": "#0"
            },
            "down": {
                "uv": [3.3125, 1.3125, 3.6875, 1.4375],
                "rotation": 90,
                "texture": "#0"
            }
        }
    }, {
        "from": [6.75, 11.5, 13],
        "to": [9.25, 15, 17.5],
        "rotation": {
            "angle": 0,
            "axis": "y",
            "origin": [8, 7.26583, 18.594]
        },
        "faces": {
            "north": {
                "uv": [2.5625, 1.6875, 2.25, 2.125],
                "rotation": 180,
                "texture": "#0"
            },
            "east": {
                "uv": [2.6875, 1.25, 2.125, 1.6875],
                "texture": "#0"
            },
            "south": {
                "uv": [2.5625, 1.6875, 2.25, 2.125],
                "rotation": 180,
                "texture": "#0"
            },
            "west": {
                "uv": [2.125, 1.25, 2.6875, 1.6875],
                "texture": "#0"
            },
            "up": {
                "uv": [2.6875, 1.5625, 3.25, 1.25],
                "rotation": 90,
                "texture": "#0"
            },
            "down": {
                "uv": [3.25, 1.5625, 2.6875, 1.25],
                "rotation": 90,
                "texture": "#0"
            }
        }
    }, {
        "from": [7.25, 10.92183, 14.66922],
        "to": [8.75, 13.42183, 18.66922],
        "rotation": {
            "angle": 22.5,
            "axis": "x",
            "origin": [8, 7.06583, 17.994]
        },
        "faces": {
            "north": {
                "uv": [4, 1.125, 3.8125, 0.8125],
                "rotation": 180,
                "texture": "#0"
            },
            "east": {
                "uv": [3.3125, 0.8125, 3.8125, 1.125],
                "rotation": 180,
                "texture": "#0"
            },
            "south": {
                "uv": [4, 1.125, 3.8125, 0.8125],
                "rotation": 180,
                "texture": "#0"
            },
            "west": {
                "uv": [3.8125, 0.8125, 3.3125, 1.125],
                "rotation": 180,
                "texture": "#0"
            },
            "up": {
                "uv": [2.8125, 1, 3.3125, 1.1875],
                "rotation": 90,
                "texture": "#0"
            },
            "down": {
                "uv": [3.3125, 1, 2.8125, 1.1875],
                "rotation": 90,
                "texture": "#0"
            }
        }
    }, {
        "from": [7.5, 10.92183, 15.75983],
        "to": [8.5, 12.42183, 18.75983],
        "rotation": {
            "angle": 45,
            "axis": "x",
            "origin": [8, 7.06583, 17.994]
        },
        "faces": {
            "north": {
                "uv": [3.8125, 1.3125, 3.6875, 1.125],
                "rotation": 180,
                "texture": "#0"
            },
            "east": {
                "uv": [3.3125, 1.125, 3.6875, 1.3125],
                "rotation": 180,
                "texture": "#0"
            },
            "south": {
                "uv": [3.8125, 1.3125, 3.6875, 1.125],
                "rotation": 180,
                "texture": "#0"
            },
            "west": {
                "uv": [3.6875, 1.125, 3.3125, 1.3125],
                "rotation": 180,
                "texture": "#0"
            },
            "up": {
                "uv": [3.3125, 1.3125, 3.6875, 1.4375],
                "rotation": 90,
                "texture": "#0"
            },
            "down": {
                "uv": [3.6875, 1.3125, 3.3125, 1.4375],
                "rotation": 90,
                "texture": "#0"
            }
        }
    }],
    "gui_light": "front",
    "display": {
		"thirdperson_righthand": {
			"translation": [0, 4.5, 1.75],
			"scale": [0.55, 0.55, 0.55]
		},
		"thirdperson_lefthand": {
			"translation": [0, 4.5, 1.75],
			"scale": [0.55, 0.55, 0.55]
		},
		"firstperson_righthand": {
			"rotation": [20, 0, 0],
			"translation": [0.5, 2.5, 0.25],
			"scale": [0.45, 0.45, 0.45]
		},
		"firstperson_lefthand": {
			"rotation": [20, 0, 0],
			"translation": [0.5, -0.25, 0.25],
			"scale": [0.45, 0.45, 0.45]
		},
		"ground": {
			"translation": [0, 2.25, 0],
			"scale": [0.45, 0.45, 0.45]
		},
		"gui": {
            "rotation": [-90, -45, -90],
            "translation": [1.25, 1.25, -1.5],
            "scale": [0.45, 0.45, 0.45]
        },
        "head": {
            "scale": [0, 0, 0]
        },
        "fixed": {
            "rotation": [0, 90, 0],
            "translation": [0, 6, -4.25],
            "scale": [1.4, 1.4, 1.4]
        }
    }
}