{
	"credit": "Made with Blockbench",
	"texture_size": [64, 64],
	"textures": {
		"0": "item/pickaxes/necrotic_pickaxe/necrotic",
		"1": "item/pickaxes/necrotic_pickaxe/necrotic_animation",
		"particle": "item/pickaxes/necrotic_pickaxe/necrotic"
	},
	"elements": [
		{
			"from": [6, 12, 6],
			"to": [10, 15, 10],
			"rotation": {"angle": 0, "axis": "y", "origin": [0, 20, 16]},
			"faces": {
				"north": {"uv": [8.5, 8.75, 9.5, 9.5], "texture": "#0"},
				"east": {"uv": [9, 5.5, 10, 6.25], "texture": "#0"},
				"south": {"uv": [9, 6.25, 10, 7], "texture": "#0"},
				"west": {"uv": [9, 7, 10, 7.75], "texture": "#0"},
				"up": {"uv": [8, 7.25, 7, 6.25], "texture": "#0"},
				"down": {"uv": [2.5, 7.25, 1.5, 8.25], "texture": "#0"}
			}
		},
		{
			"from": [4, 15, 5.5],
			"to": [12, 21, 10.5],
			"rotation": {"angle": 0, "axis": "y", "origin": [0, 18, 16]},
			"faces": {
				"north": {"uv": [4, 0, 6, 1.5], "texture": "#0"},
				"east": {"uv": [1.5, 5, 2.75, 6.5], "texture": "#0"},
				"south": {"uv": [4, 1.5, 6, 3], "texture": "#0"},
				"west": {"uv": [2.75, 5, 4, 6.5], "texture": "#0"},
				"up": {"uv": [6, 4.25, 4, 3], "texture": "#0"},
				"down": {"uv": [6, 4.25, 4, 5.5], "texture": "#0"}
			}
		},
		{
			"from": [-4, 6, 6.25],
			"to": [6, 20, 6.25],
			"rotation": {"angle": 0, "axis": "y", "origin": [0, 18, 16]},
			"faces": {
				"north": {"uv": [0, 0, 2.5, 3.5], "texture": "#0"},
				"east": {"uv": [0, 0, 0, 3.5], "texture": "#0"},
				"south": {"uv": [2.5, 0, 0, 3.5], "texture": "#0"},
				"west": {"uv": [0, 0, 0, 3.5], "texture": "#0"},
				"up": {"uv": [2.5, 0, 0, 0], "texture": "#0"},
				"down": {"uv": [2.5, 0, 0, 0], "texture": "#0"}
			}
		},
		{
			"from": [11, 7, 9.75],
			"to": [21, 21, 9.75],
			"rotation": {"angle": 0, "axis": "y", "origin": [16, 18, 16]},
			"faces": {
				"north": {"uv": [2.5, 0, 0, 3.5], "texture": "#0"},
				"east": {"uv": [0, 0, 0, 3.5], "texture": "#0"},
				"south": {"uv": [0, 0, 2.5, 3.5], "texture": "#0"},
				"west": {"uv": [0, 0, 0, 3.5], "texture": "#0"},
				"up": {"uv": [0, 0, 2.5, 0], "texture": "#0"},
				"down": {"uv": [0, 0, 2.5, 0], "texture": "#0"}
			}
		},
		{
			"from": [5.5, 21, 6],
			"to": [10.5, 24, 10],
			"rotation": {"angle": 0, "axis": "y", "origin": [0, 18, 16]},
			"faces": {
				"north": {"uv": [3.5, 7.5, 4.75, 8.25], "texture": "#0"},
				"east": {"uv": [8.5, 3, 9.5, 3.75], "texture": "#0"},
				"south": {"uv": [7.5, 4, 8.75, 4.75], "texture": "#0"},
				"west": {"uv": [4.5, 8.5, 5.5, 9.25], "texture": "#0"},
				"up": {"uv": [5.25, 6.5, 4, 5.5], "texture": "#0"},
				"down": {"uv": [6.5, 5.5, 5.25, 6.5], "texture": "#0"}
			}
		},
		{
			"from": [7.25, 24, 7.25],
			"to": [8.75, 28, 8.75],
			"rotation": {"angle": 0, "axis": "y", "origin": [0, 18, 16]},
			"faces": {
				"north": {"uv": [6.5, 0, 6.875, 1], "texture": "#0"},
				"east": {"uv": [6.5, 0, 6.875, 1], "texture": "#0"},
				"south": {"uv": [6.5, 0, 6.875, 1], "texture": "#0"},
				"west": {"uv": [6.5, 0, 6.875, 1], "texture": "#0"},
				"up": {"uv": [6.5, 0, 6.875, 0.375], "texture": "#0"},
				"down": {"uv": [6.5, 0, 6.875, 0.375], "texture": "#0"}
			}
		},
		{
			"from": [7.25, 23, 8.5],
			"to": [8.75, 27, 10],
			"rotation": {"angle": 45, "axis": "x", "origin": [8, 23, 10]},
			"faces": {
				"north": {"uv": [6.5, 0, 6.875, 1], "texture": "#0"},
				"east": {"uv": [6.5, 0, 6.875, 1], "texture": "#0"},
				"south": {"uv": [6.5, 0, 6.875, 1], "texture": "#0"},
				"west": {"uv": [6.5, 0, 6.875, 1], "texture": "#0"},
				"up": {"uv": [6.5, 0, 6.875, 0.375], "texture": "#0"},
				"down": {"uv": [6.5, 0, 6.875, 0.375], "texture": "#0"}
			}
		},
		{
			"from": [7.25, 21, 9],
			"to": [8.75, 22.5, 13],
			"rotation": {"angle": -22.5, "axis": "x", "origin": [8, 23, 10]},
			"faces": {
				"north": {"uv": [6.5, 0, 6.875, 0.375], "rotation": 180, "texture": "#0"},
				"east": {"uv": [6.5, 0, 6.875, 1], "rotation": 270, "texture": "#0"},
				"south": {"uv": [6.5, 0, 6.875, 0.375], "texture": "#0"},
				"west": {"uv": [6.5, 0, 6.875, 1], "rotation": 90, "texture": "#0"},
				"up": {"uv": [6.5, 0, 6.875, 1], "rotation": 180, "texture": "#0"},
				"down": {"uv": [6.5, 0, 6.875, 1], "texture": "#0"}
			}
		},
		{
			"from": [7.25, 23, 6],
			"to": [8.75, 27, 7.5],
			"rotation": {"angle": -45, "axis": "x", "origin": [8, 23, 6]},
			"faces": {
				"north": {"uv": [6.875, 0, 6.5, 1], "texture": "#0"},
				"east": {"uv": [6.875, 0, 6.5, 1], "texture": "#0"},
				"south": {"uv": [6.875, 0, 6.5, 1], "texture": "#0"},
				"west": {"uv": [6.875, 0, 6.5, 1], "texture": "#0"},
				"up": {"uv": [6.5, 0.375, 6.875, 0], "texture": "#0"},
				"down": {"uv": [6.5, 0.375, 6.875, 0], "texture": "#0"}
			}
		},
		{
			"from": [7.25, 21, 3],
			"to": [8.75, 22.5, 7],
			"rotation": {"angle": 22.5, "axis": "x", "origin": [8, 23, 6]},
			"faces": {
				"north": {"uv": [6.875, 0, 6.5, 0.375], "texture": "#0"},
				"east": {"uv": [6.5, 1, 6.875, 0], "rotation": 270, "texture": "#0"},
				"south": {"uv": [6.875, 0, 6.5, 0.375], "rotation": 180, "texture": "#0"},
				"west": {"uv": [6.5, 1, 6.875, 0], "rotation": 90, "texture": "#0"},
				"up": {"uv": [6.5, 1, 6.875, 0], "rotation": 180, "texture": "#0"},
				"down": {"uv": [6.5, 1, 6.875, 0], "texture": "#0"}
			}
		},
		{
			"from": [8, -11, 6],
			"to": [12, -7, 10],
			"rotation": {"angle": 45, "axis": "z", "origin": [8, -8, 8]},
			"faces": {
				"north": {"uv": [1.5, 3.5, 2.5, 4.5], "texture": "#0"},
				"east": {"uv": [3, 6.5, 4, 7.5], "texture": "#0"},
				"south": {"uv": [4, 6.5, 5, 7.5], "texture": "#0"},
				"west": {"uv": [5, 6.5, 6, 7.5], "texture": "#0"},
				"up": {"uv": [7.5, 6.25, 6.5, 5.25], "texture": "#0"},
				"down": {"uv": [7, 6.5, 6, 7.5], "texture": "#0"}
			}
		},
		{
			"from": [5, -11, 6],
			"to": [8, -8, 10],
			"rotation": {"angle": -22.5, "axis": "z", "origin": [8, -8, 8]},
			"faces": {
				"north": {"uv": [5.75, 9.25, 6.5, 10], "texture": "#0"},
				"east": {"uv": [8.5, 4.75, 9.5, 5.5], "texture": "#0"},
				"south": {"uv": [6.5, 9.25, 7.25, 10], "texture": "#0"},
				"west": {"uv": [5.5, 8.5, 6.5, 9.25], "texture": "#0"},
				"up": {"uv": [9.5, 4.75, 8.75, 3.75], "texture": "#0"},
				"down": {"uv": [8.5, 8.75, 7.75, 9.75], "texture": "#0"}
			}
		},
		{
			"from": [6.5, -8, 6.5],
			"to": [9.5, 12, 9.5],
			"rotation": {"angle": 0, "axis": "y", "origin": [0, 18, 16]},
			"faces": {
				"north": {"uv": [2.5, 0, 3.25, 5], "texture": "#0"},
				"east": {"uv": [3.25, 0, 4, 5], "texture": "#0"},
				"south": {"uv": [0, 3.5, 0.75, 8.5], "texture": "#0"},
				"west": {"uv": [0.75, 3.5, 1.5, 8.5], "texture": "#0"},
				"up": {"uv": [5, 10, 4.25, 9.25], "texture": "#0"},
				"down": {"uv": [5.75, 9.25, 5, 10], "texture": "#0"}
			}
		},
		{
			"from": [4.25, 6, 7],
			"to": [6.25, 18, 9],
			"rotation": {"angle": 22.5, "axis": "z", "origin": [5, 12, 8]},
			"faces": {
				"north": {"uv": [3.25, 0.75, 3.75, 3.75], "texture": "#0"},
				"east": {"uv": [3.25, 0, 3.75, 3], "texture": "#0"},
				"south": {"uv": [0, 3.5, 0.5, 6.5], "texture": "#0"},
				"west": {"uv": [0.75, 3.5, 1.25, 6.5], "texture": "#0"},
				"up": {"uv": [4.75, 9.75, 4.25, 9.25], "texture": "#0"},
				"down": {"uv": [5.5, 9.25, 5, 9.75], "texture": "#0"}
			}
		},
		{
			"from": [9, 6, 7],
			"to": [11, 18, 9],
			"rotation": {"angle": -22.5, "axis": "z", "origin": [11, 12, 8]},
			"faces": {
				"north": {"uv": [3.75, 0.75, 3.25, 3.75], "texture": "#0"},
				"east": {"uv": [1.25, 3.5, 0.75, 6.5], "texture": "#0"},
				"south": {"uv": [0.5, 3.5, 0, 6.5], "texture": "#0"},
				"west": {"uv": [3.75, 0, 3.25, 3], "texture": "#0"},
				"up": {"uv": [4.25, 9.75, 4.75, 9.25], "texture": "#0"},
				"down": {"uv": [5, 9.25, 5.5, 9.75], "texture": "#0"}
			}
		},
		{
			"from": [14, 17, 6.5],
			"to": [20, 20, 9.5],
			"rotation": {"angle": -22.5, "axis": "z", "origin": [14, 20, 8]},
			"faces": {
				"north": {"uv": [7.5, 0, 6, 0.75], "texture": "#0"},
				"east": {"uv": [1.75, 9.25, 1, 10], "texture": "#0"},
				"south": {"uv": [7.5, 0.75, 6, 1.5], "texture": "#0"},
				"west": {"uv": [9.75, 7.75, 9, 8.5], "texture": "#0"},
				"up": {"uv": [6, 2.25, 7.5, 1.5], "texture": "#0"},
				"down": {"uv": [6, 2.25, 7.5, 3], "texture": "#0"}
			}
		},
		{
			"from": [12, 16.5, 6],
			"to": [14, 20, 10],
			"rotation": {"angle": 0, "axis": "y", "origin": [12, 17, 8]},
			"faces": {
				"north": {"uv": [10, 0, 9.5, 0.875], "texture": "#0"},
				"east": {"uv": [8.5, 4.75, 7.5, 5.625], "texture": "#0"},
				"south": {"uv": [1, 9.5, 0.5, 10.375], "texture": "#0"},
				"west": {"uv": [5.75, 7.5, 4.75, 8.375], "texture": "#0"},
				"up": {"uv": [7.25, 10.25, 7.75, 9.25], "texture": "#0"},
				"down": {"uv": [0, 9.5, 0.5, 10.5], "texture": "#0"}
			}
		},
		{
			"from": [19.54328, 19.7961, 6.975],
			"to": [23.54328, 21.7961, 8.975],
			"rotation": {"angle": -45, "axis": "z", "origin": [14, 20, 8]},
			"faces": {
				"north": {"uv": [7.5, 3, 6, 3.75], "texture": "#0"},
				"east": {"uv": [4.25, 9.25, 3.5, 10], "texture": "#0"},
				"south": {"uv": [7.5, 3.75, 6, 4.5], "texture": "#0"},
				"west": {"uv": [2.5, 9.25, 1.75, 10], "texture": "#0"},
				"up": {"uv": [6, 5.25, 7.5, 4.5], "texture": "#0"},
				"down": {"uv": [1.5, 6.5, 3, 7.25], "texture": "#0"}
			}
		},
		{
			"from": [-3, 9.5, 9],
			"to": [5, 17.5, 9],
			"rotation": {"angle": 0, "axis": "y", "origin": [4, 16.5, 9]},
			"faces": {
				"north": {"uv": [8, 8, 16, 16], "texture": "#1"},
				"east": {"uv": [0, 0, 0, 4], "texture": "#missing"},
				"south": {"uv": [16, 8, 8, 16], "texture": "#1"},
				"west": {"uv": [0, 0, 0, 4], "texture": "#missing"},
				"up": {"uv": [0, 0, 4, 0], "texture": "#missing"},
				"down": {"uv": [0, 0, 4, 0], "texture": "#missing"}
			}
		},
		{
			"from": [12, 8.5, 8],
			"to": [20, 16.5, 8],
			"rotation": {"angle": 0, "axis": "y", "origin": [12, 16.5, 9]},
			"faces": {
				"north": {"uv": [8, 8, 16, 16], "texture": "#1"},
				"east": {"uv": [0, 0, 0, 4], "texture": "#missing"},
				"south": {"uv": [16, 8, 8, 16], "texture": "#1"},
				"west": {"uv": [0, 0, 0, 4], "texture": "#missing"},
				"up": {"uv": [4, 0, 0, 0], "texture": "#missing"},
				"down": {"uv": [4, 0, 0, 0], "texture": "#missing"}
			}
		},
		{
			"from": [4, 11, 5.25],
			"to": [12, 19, 5.25],
			"faces": {
				"north": {"uv": [8, 0, 16, 8], "texture": "#1"},
				"east": {"uv": [0, 0, 0, 4], "texture": "#missing"},
				"south": {"uv": [16, 0, 8, 8], "texture": "#1"},
				"west": {"uv": [0, 0, 0, 4], "texture": "#missing"},
				"up": {"uv": [0, 0, 4, 0], "texture": "#missing"},
				"down": {"uv": [0, 0, 4, 0], "texture": "#missing"}
			}
		},
		{
			"from": [3, -4, 6.25],
			"to": [11, 12, 6.25],
			"faces": {
				"north": {"uv": [0, 0, 8, 16], "texture": "#1"},
				"east": {"uv": [0, 0, 0, 4], "texture": "#missing"},
				"south": {"uv": [8, 0, 0, 16], "texture": "#1"},
				"west": {"uv": [0, 0, 0, 4], "texture": "#missing"},
				"up": {"uv": [0, 0, 4, 0], "texture": "#missing"},
				"down": {"uv": [0, 0, 4, 0], "texture": "#missing"}
			}
		},
		{
			"from": [-4, 17, 6.5],
			"to": [2, 20, 9.5],
			"rotation": {"angle": 22.5, "axis": "z", "origin": [2, 20, 8]},
			"faces": {
				"north": {"uv": [6, 0, 7.5, 0.75], "texture": "#0"},
				"east": {"uv": [9, 7.75, 9.75, 8.5], "texture": "#0"},
				"south": {"uv": [6, 0.75, 7.5, 1.5], "texture": "#0"},
				"west": {"uv": [1, 9.25, 1.75, 10], "texture": "#0"},
				"up": {"uv": [7.5, 2.25, 6, 1.5], "texture": "#0"},
				"down": {"uv": [7.5, 2.25, 6, 3], "texture": "#0"}
			}
		},
		{
			"from": [2, 16.5, 6],
			"to": [4, 20, 10],
			"rotation": {"angle": 0, "axis": "y", "origin": [4, 17, 8]},
			"faces": {
				"north": {"uv": [9.5, 0, 10, 0.875], "texture": "#0"},
				"east": {"uv": [4.75, 7.5, 5.75, 8.375], "texture": "#0"},
				"south": {"uv": [0.5, 9.5, 1, 10.375], "texture": "#0"},
				"west": {"uv": [7.5, 4.75, 8.5, 5.625], "texture": "#0"},
				"up": {"uv": [7.75, 10.25, 7.25, 9.25], "texture": "#0"},
				"down": {"uv": [0.5, 9.5, 0, 10.5], "texture": "#0"}
			}
		},
		{
			"from": [-7.54328, 19.7961, 6.975],
			"to": [-3.54328, 21.7961, 8.975],
			"rotation": {"angle": 45, "axis": "z", "origin": [2, 20, 8]},
			"faces": {
				"north": {"uv": [6, 3, 7.5, 3.75], "texture": "#0"},
				"east": {"uv": [1.75, 9.25, 2.5, 10], "texture": "#0"},
				"south": {"uv": [6, 3.75, 7.5, 4.5], "texture": "#0"},
				"west": {"uv": [3.5, 9.25, 4.25, 10], "texture": "#0"},
				"up": {"uv": [7.5, 5.25, 6, 4.5], "texture": "#0"},
				"down": {"uv": [3, 6.5, 1.5, 7.25], "texture": "#0"}
			}
		}
	],
	"display": {
		"thirdperson_righthand": {
			"rotation": [0, 90, 0],
			"translation": [0, 2, 1.5],
			"scale": [0.6, 0.6, 0.6]
		},
		"thirdperson_lefthand": {
			"rotation": [0, 90, 0],
			"translation": [0, 2, 1.5],
			"scale": [0.6, 0.6, 0.6]
		},
		"firstperson_righthand": {
			"rotation": [0, 90, 20],
			"translation": [0, 0.5, 0],
			"scale": [0.45, 0.45, 0.45]
		},
		"firstperson_lefthand": {
			"rotation": [0, -90, -20],
			"translation": [0, 0, 1.25],
			"scale": [0.45, 0.45, 0.45]
		},
		"ground": {
			"translation": [0, 6.25, 0],
			"scale": [0.5, 0.5, 0.5]
		},
		"gui": {
			"rotation": [0, 0, -45],
			"translation": [0, -0.25, 0],
			"scale": [0.5, 0.5, 0.5]
		},
		"head": {
			"translation": [0, 14, 0],
			"scale": [0.5, 0.5, 0.5]
		},
		"fixed": {
			"rotation": [0, 0, -45],
			"translation": [-0.5, -0.75, 0],
			"scale": [0.5, 0.5, 0.5]
		}
	},
	"groups": [
		0,
		1,
		2,
		3,
		4,
		5,
		6,
		7,
		8,
		9,
		10,
		11,
		12,
		13,
		14,
		{
			"name": "group",
			"origin": [0, 18, 16],
			"color": 0,
			"children": [
				15,
				16,
				{
					"name": "group",
					"origin": [0, 18, 16],
					"color": 0,
					"children": [17]
				}
			]
		},
		18,
		19,
		20,
		21,
		{
			"name": "group",
			"origin": [0, 18, 16],
			"color": 0,
			"children": [
				22,
				23,
				{
					"name": "group",
					"origin": [0, 18, 16],
					"color": 0,
					"children": [24]
				}
			]
		}
	]
}