{
	"credit": "Made with Blockbench",
	"texture_size": [64, 64],
	"textures": {
		"0": "item/pickaxes/orcish_pickaxe/orcish",
		"1": "item/pickaxes/orcish_pickaxe/orcish_animation",
		"particle": "item/pickaxes/orcish_pickaxe/orcish"
	},
	"elements": [
		{
			"from": [7, -3, 7],
			"to": [9, 3, 9],
			"rotation": {"angle": 0, "axis": "y", "origin": [7, -3, 8]},
			"faces": {
				"north": {"uv": [3.25, 4.75, 3.75, 6.25], "texture": "#0"},
				"east": {"uv": [3.75, 4.75, 4.25, 6.25], "texture": "#0"},
				"south": {"uv": [4.25, 4.75, 4.75, 6.25], "texture": "#0"},
				"west": {"uv": [4.75, 4.75, 5.25, 6.25], "texture": "#0"},
				"up": {"uv": [1.25, 4.5, 0.75, 4], "texture": "#0"},
				"down": {"uv": [7.5, 7.75, 7, 8.25], "texture": "#0"}
			}
		},
		{
			"from": [6.9, 3, 6.9],
			"to": [9.1, 9, 9.1],
			"rotation": {"angle": -22.5, "axis": "z", "origin": [7, 3, 8]},
			"faces": {
				"north": {"uv": [4.25, 6.25, 4.75, 7.75], "texture": "#0"},
				"east": {"uv": [4.75, 6.25, 5.25, 7.75], "texture": "#0"},
				"south": {"uv": [5.25, 6.5, 5.75, 8], "texture": "#0"},
				"west": {"uv": [5.75, 6.5, 6.25, 8], "texture": "#0"},
				"up": {"uv": [1.75, 8.5, 1.25, 8], "texture": "#0"},
				"down": {"uv": [2.25, 8, 1.75, 8.5], "texture": "#0"}
			}
		},
		{
			"from": [9, 7.25, 7.25],
			"to": [11, 8.75, 8.75],
			"rotation": {"angle": -22.5, "axis": "z", "origin": [7, 3, 8]},
			"faces": {
				"north": {"uv": [8, 3.5, 8.5, 3.875], "texture": "#0"},
				"east": {"uv": [6.5, 8, 6.875, 8.375], "texture": "#0"},
				"south": {"uv": [5, 8, 5.5, 8.375], "texture": "#0"},
				"west": {"uv": [8, 7.5, 8.375, 7.875], "texture": "#0"},
				"up": {"uv": [6, 8.375, 5.5, 8], "texture": "#0"},
				"down": {"uv": [6.5, 8, 6, 8.375], "texture": "#0"}
			}
		},
		{
			"from": [6.5, 13, 6.5],
			"to": [9.5, 17, 9.5],
			"rotation": {"angle": 0, "axis": "y", "origin": [0, 18, 16]},
			"faces": {
				"north": {"uv": [0, 5, 0.75, 6], "texture": "#0"},
				"east": {"uv": [5, 3.5, 5.75, 4.5], "texture": "#0"},
				"south": {"uv": [0.75, 5.25, 1.5, 6.25], "texture": "#0"},
				"west": {"uv": [5.25, 0.75, 6, 1.75], "texture": "#0"},
				"up": {"uv": [7, 7.25, 6.25, 6.5], "texture": "#0"},
				"down": {"uv": [7.5, 4, 6.75, 4.75], "texture": "#0"}
			}
		},
		{
			"from": [5.5, 12.25, 6.75],
			"to": [7.5, 14.75, 9.25],
			"rotation": {"angle": -22.5, "axis": "z", "origin": [6.5, 13.5, 8]},
			"faces": {
				"north": {"uv": [4, 7.75, 4.5, 8.375], "texture": "#0"},
				"east": {"uv": [0, 7.75, 0.625, 8.375], "texture": "#0"},
				"south": {"uv": [4.5, 7.75, 5, 8.375], "texture": "#0"},
				"west": {"uv": [7.75, 0, 8.375, 0.625], "texture": "#0"},
				"up": {"uv": [8.25, 6.625, 7.75, 6], "texture": "#0"},
				"down": {"uv": [8.25, 6.75, 7.75, 7.375], "texture": "#0"}
			}
		},
		{
			"from": [6.525, 6, 6.525],
			"to": [9.475, 13, 9.475],
			"rotation": {"angle": 22.5, "axis": "z", "origin": [6.5, 13, 8]},
			"faces": {
				"north": {"uv": [1.25, 2.75, 2, 4.5], "texture": "#0"},
				"east": {"uv": [2, 2.75, 2.75, 4.5], "texture": "#0"},
				"south": {"uv": [2.75, 2.75, 3.5, 4.5], "texture": "#0"},
				"west": {"uv": [0, 3.25, 0.75, 5], "texture": "#0"},
				"up": {"uv": [8.25, 4.75, 7.5, 4], "texture": "#0"},
				"down": {"uv": [8.25, 4.75, 7.5, 5.5], "texture": "#0"}
			}
		},
		{
			"from": [5.5, 17, 5.5],
			"to": [10.5, 21, 10.5],
			"rotation": {"angle": 0, "axis": "y", "origin": [0, 18, 16]},
			"faces": {
				"north": {"uv": [3.25, 0, 4.5, 1], "texture": "#0"},
				"east": {"uv": [3.5, 2, 4.75, 3], "texture": "#0"},
				"south": {"uv": [3.5, 3, 4.75, 4], "texture": "#0"},
				"west": {"uv": [4, 1, 5.25, 2], "texture": "#0"},
				"up": {"uv": [1.25, 3.25, 0, 2], "texture": "#0"},
				"down": {"uv": [3.25, 0, 2, 1.25], "texture": "#0"}
			}
		},
		{
			"from": [5.75, 14.5, 6],
			"to": [9.75, 16.5, 10],
			"rotation": {"angle": 0, "axis": "y", "origin": [0, -2, 16]},
			"faces": {
				"north": {"uv": [3.25, 0.5, 4.25, 0], "texture": "#0"},
				"east": {"uv": [3.5, 2.5, 4.5, 2], "texture": "#0"},
				"south": {"uv": [3.5, 3.5, 4.5, 3], "texture": "#0"},
				"west": {"uv": [4, 1.5, 5, 1], "texture": "#0"},
				"up": {"uv": [3, 1, 2, 0], "texture": "#0"},
				"down": {"uv": [1, 2, 0, 3], "texture": "#0"}
			}
		},
		{
			"from": [6.5, 21, 6.5],
			"to": [9.5, 25, 9.5],
			"rotation": {"angle": 0, "axis": "y", "origin": [0, 18, 16]},
			"faces": {
				"north": {"uv": [5.25, 4.5, 6, 5.5], "texture": "#0"},
				"east": {"uv": [5.25, 5.5, 6, 6.5], "texture": "#0"},
				"south": {"uv": [5.75, 3.5, 6.5, 4.5], "texture": "#0"},
				"west": {"uv": [0, 6, 0.75, 7], "texture": "#0"},
				"up": {"uv": [3, 7.75, 2.25, 7], "texture": "#0"},
				"down": {"uv": [7.75, 2.25, 7, 3], "texture": "#0"}
			}
		},
		{
			"from": [6.5, -6, 6.5],
			"to": [9.5, -3, 9.5],
			"rotation": {"angle": 0, "axis": "y", "origin": [0, 9, 16]},
			"faces": {
				"north": {"uv": [6.75, 4.75, 7.5, 5.5], "texture": "#0"},
				"east": {"uv": [6.75, 5.5, 7.5, 6.25], "texture": "#0"},
				"south": {"uv": [0, 7, 0.75, 7.75], "texture": "#0"},
				"west": {"uv": [7, 0, 7.75, 0.75], "texture": "#0"},
				"up": {"uv": [7.75, 1.5, 7, 0.75], "texture": "#0"},
				"down": {"uv": [7.75, 1.5, 7, 2.25], "texture": "#0"}
			}
		},
		{
			"from": [9.5, -5, 6.6],
			"to": [11.5, -3, 9.4],
			"rotation": {"angle": -45, "axis": "z", "origin": [9.5, -3, 8]},
			"faces": {
				"north": {"uv": [7.5, 7.75, 8, 8.25], "texture": "#0"},
				"east": {"uv": [2.25, 7.75, 3, 8.25], "texture": "#0"},
				"south": {"uv": [0.75, 8, 1.25, 8.5], "texture": "#0"},
				"west": {"uv": [7.75, 2.25, 8.5, 2.75], "texture": "#0"},
				"up": {"uv": [3.5, 8.5, 3, 7.75], "texture": "#0"},
				"down": {"uv": [4, 7.75, 3.5, 8.5], "texture": "#0"}
			}
		},
		{
			"from": [2.5, 18, 6.5],
			"to": [5.5, 21, 9.5],
			"rotation": {"angle": 0, "axis": "y", "origin": [5.5, 17, 8]},
			"faces": {
				"north": {"uv": [0, 0, 0.75, 0.75], "texture": "#0"},
				"east": {"uv": [1.5, 5.25, 2.25, 6], "texture": "#0"},
				"south": {"uv": [0, 1, 0.75, 1.75], "texture": "#0"},
				"west": {"uv": [2.25, 5.25, 3, 6], "texture": "#0"},
				"up": {"uv": [2, 2.75, 1.25, 2], "texture": "#0"},
				"down": {"uv": [2.75, 1.25, 2, 2], "texture": "#0"}
			}
		},
		{
			"from": [-1.5, 18.025, 6.525],
			"to": [2.5, 20.975, 9.475],
			"rotation": {"angle": 22.5, "axis": "z", "origin": [2.5, 21, 8]},
			"faces": {
				"north": {"uv": [8.375, 0, 9.375, 0.7375], "texture": "#0"},
				"east": {"uv": [12.375, 0, 13.1125, 0.7375], "texture": "#0"},
				"south": {"uv": [8.375, 1, 9.375, 1.7375], "texture": "#0"},
				"west": {"uv": [13.125, 0, 13.8625, 0.7375], "texture": "#0"},
				"up": {"uv": [11.375, 1.4875, 10.375, 0.75], "texture": "#0"},
				"down": {"uv": [11.375, 0, 10.375, 0.7375], "texture": "#0"}
			}
		},
		{
			"from": [-3.5, 18.35, 6.75],
			"to": [1.5, 20.85, 9.25],
			"rotation": {"angle": -22.5, "axis": "z", "origin": [-3.5, 21, 8]},
			"faces": {
				"north": {"uv": [8.625, 2, 9.875, 2.625], "texture": "#0"},
				"east": {"uv": [11.125, 1.5, 11.75, 2.125], "texture": "#0"},
				"south": {"uv": [8.625, 2.75, 9.875, 3.375], "texture": "#0"},
				"west": {"uv": [11.875, 1.5, 12.5, 2.125], "texture": "#0"},
				"up": {"uv": [11.125, 3.375, 9.875, 2.75], "texture": "#0"},
				"down": {"uv": [11.125, 2, 9.875, 2.625], "texture": "#0"}
			}
		},
		{
			"from": [-5.3603, 21.00699, 7.25],
			"to": [-1.3603, 23.50699, 8.75],
			"rotation": {"angle": 22.5, "axis": "z", "origin": [4.5, 17, 8]},
			"faces": {
				"north": {"uv": [8.625, 3.5, 9.625, 4.125], "texture": "#0"},
				"east": {"uv": [11.125, 2.25, 11.5, 2.875], "texture": "#0"},
				"south": {"uv": [8.625, 4.25, 9.625, 4.875], "texture": "#0"},
				"west": {"uv": [11.625, 2.25, 12, 2.875], "texture": "#0"},
				"up": {"uv": [10.625, 4.375, 9.625, 4], "texture": "#0"},
				"down": {"uv": [10.625, 3.5, 9.625, 3.875], "texture": "#0"}
			}
		},
		{
			"from": [-5.02395, 25.54102, 7.525],
			"to": [-2.02395, 26.49102, 8.475],
			"rotation": {"angle": 45, "axis": "z", "origin": [4.5, 17, 8]},
			"faces": {
				"north": {"uv": [12.625, 1, 13.375, 1.2375], "texture": "#0"},
				"east": {"uv": [13.875, 0, 14.1125, 0.2375], "texture": "#0"},
				"south": {"uv": [12.625, 1.5, 13.375, 1.7375], "texture": "#0"},
				"west": {"uv": [13.875, 0.5, 14.1125, 0.7375], "texture": "#0"},
				"up": {"uv": [14.625, 1.7375, 13.875, 1.5], "texture": "#0"},
				"down": {"uv": [14.625, 1, 13.875, 1.2375], "texture": "#0"}
			}
		},
		{
			"from": [10.5, 17, 6.5],
			"to": [15.5, 20, 9.5],
			"rotation": {"angle": -22.5, "axis": "z", "origin": [10.5, 20, 8]},
			"faces": {
				"north": {"uv": [0.75, 4.5, 2, 5.25], "texture": "#0"},
				"east": {"uv": [3, 7, 3.75, 7.75], "texture": "#0"},
				"south": {"uv": [2, 4.5, 3.25, 5.25], "texture": "#0"},
				"west": {"uv": [7, 6.25, 7.75, 7], "texture": "#0"},
				"up": {"uv": [6, 2.75, 4.75, 2], "texture": "#0"},
				"down": {"uv": [6, 2.75, 4.75, 3.5], "texture": "#0"}
			}
		},
		{
			"from": [15.1194, 19.38842, 6.975],
			"to": [19.1194, 21.43842, 9.025],
			"rotation": {"angle": -45, "axis": "z", "origin": [10.5, 20, 8]},
			"faces": {
				"north": {"uv": [6, 0, 7, 0.5125], "texture": "#0"},
				"east": {"uv": [7, 7, 7.5125, 7.5125], "texture": "#0"},
				"south": {"uv": [6, 0.75, 7, 1.2625], "texture": "#0"},
				"west": {"uv": [0.75, 7.25, 1.2625, 7.7625], "texture": "#0"},
				"up": {"uv": [7, 2.0125, 6, 1.5], "texture": "#0"},
				"down": {"uv": [7, 2.25, 6, 2.7625], "texture": "#0"}
			}
		},
		{
			"from": [13.31627, 9.11895, 7.25],
			"to": [14.81627, 12.61895, 8.75],
			"rotation": {"angle": 22.5, "axis": "z", "origin": [10.5, 20, 8]},
			"faces": {
				"north": {"uv": [6, 4.5, 6.375, 5.375], "texture": "#0"},
				"east": {"uv": [6, 5.5, 6.375, 6.375], "texture": "#0"},
				"south": {"uv": [0.75, 6.25, 1.125, 7.125], "texture": "#0"},
				"west": {"uv": [1.5, 6.25, 1.875, 7.125], "texture": "#0"},
				"up": {"uv": [1.875, 7.625, 1.5, 7.25], "texture": "#0"},
				"down": {"uv": [6.625, 7.25, 6.25, 7.625], "texture": "#0"}
			}
		},
		{
			"from": [4, 14, 5.4],
			"to": [12, 22, 5.4],
			"faces": {
				"north": {"uv": [8, 0, 16, 8], "texture": "#1"},
				"east": {"uv": [0, 0, 0, 4], "texture": "#missing"},
				"south": {"uv": [16, 0, 8, 8], "texture": "#1"},
				"west": {"uv": [0, 0, 0, 4], "texture": "#missing"},
				"up": {"uv": [0, 0, 4, 0], "texture": "#missing"},
				"down": {"uv": [0, 0, 4, 0], "texture": "#missing"}
			}
		},
		{
			"from": [4, 13, 10.4],
			"to": [12, 21, 10.4],
			"rotation": {"angle": 0, "axis": "y", "origin": [16, 0, 0]},
			"faces": {
				"north": {"uv": [16, 0, 8, 8], "texture": "#1"},
				"east": {"uv": [0, 0, 0, 4], "texture": "#missing"},
				"south": {"uv": [8, 0, 16, 8], "texture": "#1"},
				"west": {"uv": [0, 0, 0, 4], "texture": "#missing"},
				"up": {"uv": [4, 0, 0, 0], "texture": "#missing"},
				"down": {"uv": [4, 0, 0, 0], "texture": "#missing"}
			}
		},
		{
			"from": [-3, 10, 8],
			"to": [5, 18, 8],
			"faces": {
				"north": {"uv": [8, 8, 16, 16], "texture": "#1"},
				"east": {"uv": [0, 0, 0, 4], "texture": "#missing"},
				"south": {"uv": [16, 8, 8, 16], "texture": "#1"},
				"west": {"uv": [0, 0, 0, 4], "texture": "#missing"},
				"up": {"uv": [0, 0, 4, 0], "texture": "#missing"},
				"down": {"uv": [0, 0, 4, 0], "texture": "#missing"}
			}
		}
	],
	"display": {
		"thirdperson_righthand": {
			"rotation": [0, -90, 0],
			"translation": [0, 1.5, 1.5],
			"scale": [0.55, 0.55, 0.55]
		},
		"thirdperson_lefthand": {
			"rotation": [0, 90, 0],
			"translation": [0, 1.5, 1.5],
			"scale": [0.55, 0.55, 0.55]
		},
		"firstperson_righthand": {
			"rotation": [0, -90, -20],
			"translation": [0, 1, 1.25],
			"scale": [0.4, 0.4, 0.4]
		},
		"firstperson_lefthand": {
			"rotation": [0, 90, 20],
			"translation": [0, 1, 1.25],
			"scale": [0.4, 0.4, 0.4]
		},
		"ground": {
			"translation": [0, 3.5, 0],
			"scale": [0.5, 0.5, 0.5]
		},
		"gui": {
			"rotation": [0, 180, 45],
			"translation": [-1.75, -0.25, 1.25],
			"scale": [0.5, 0.5, 0.5]
		},
		"head": {
			"translation": [0, 14, 0],
			"scale": [0.5, 0.5, 0.5]
		},
		"fixed": {
			"rotation": [0, 0, -45],
			"translation": [-1, -2, 0],
			"scale": [0.6, 0.6, 0.6]
		}
	},
	"groups": [
		0,
		1,
		2,
		3,
		4,
		5,
		6,
		7,
		8,
		9,
		10,
		{
			"name": "group",
			"origin": [0, 18, 16],
			"color": 0,
			"children": [11, 12, 13, 14, 15, 16, 17, 18]
		},
		19,
		20,
		21
	]
}