{
  "parent": "minecraft:block/carved_pumpkin",
  "overrides": [
    {"predicate":{"custom_model_data":0},"model":"block/carved_pumpkin"},
    {"predicate":{"custom_model_data":1},"model":"item/hats/adventure_hat"},
    {"predicate":{"custom_model_data":2},"model":"item/hats/straw_hat"},
    {"predicate":{"custom_model_data":3},"model":"item/hats/goggle_hat"},
    {"predicate":{"custom_model_data":4},"model":"item/hats/pirate_hat"},
    {"predicate":{"custom_model_data":5},"model":"item/hats/ninja_headband"},
    {"predicate":{"custom_model_data":6},"model":"item/hats/samurai_hat"},
    {"predicate":{"custom_model_data":7},"model":"item/hats/halo"},
    {"predicate":{"custom_model_data":8},"model":"item/hats/cat_ears"},
    {"predicate":{"custom_model_data":9},"model":"item/hats/bunny_ears"},
    {"predicate":{"custom_model_data":10},"model":"item/hats/jester_hat"},
    {"predicate":{"custom_model_data":11},"model":"item/hats/witch_hat"},
    {"predicate":{"custom_model_data":12},"model":"item/hats/police_hat"},
    {"predicate":{"custom_model_data":13},"model":"item/hats/teddy_hat"},
    {"predicate":{"custom_model_data":14},"model":"item/hats/overlord_helmet"},
    {"predicate":{"custom_model_data":15},"model":"item/hats/devil_horns"},
    {"predicate":{"custom_model_data":16},"model":"item/hats/teddy_panda_hat"},
    {"predicate":{"custom_model_data":17},"model":"item/hats/teddy_cat_hat"},
    {"predicate":{"custom_model_data":18},"model":"item/hats/scary_bear_hat"},
    {"predicate":{"custom_model_data":19},"model":"item/hats/star_headphones"},
    {"predicate":{"custom_model_data":20},"model":"item/hats/paper_bag"},
    {"predicate":{"custom_model_data":21},"model":"item/hats/red_shark_hat"},
    {"predicate":{"custom_model_data":22},"model":"item/hats/skull_helmet"},
    {"predicate":{"custom_model_data":23},"model":"item/hats/pink_cap"},
    {"predicate":{"custom_model_data":24},"model":"item/hats/black_heart_cap"},
    {"predicate":{"custom_model_data":25},"model":"item/hats/dark_horns"},
    {"predicate":{"custom_model_data":26},"model":"item/hats/pumpkin_beanie"},
    {"predicate":{"custom_model_data":27},"model":"item/hats/blue_butterfly_hat"},
    {"predicate":{"custom_model_data":28},"model":"item/hats/scream_mask"},
    {"predicate":{"custom_model_data":29},"model":"item/hats/chicken_hat"},
    {"predicate":{"custom_model_data":30},"model":"item/hats/pumpkin_hat"},
    {"predicate":{"custom_model_data":31},"model":"item/hats/pennywise_hat"},
    {"predicate":{"custom_model_data":32},"model":"item/hats/snowman_hat"},
    {"predicate":{"custom_model_data":33},"model":"item/hats/santa_hat"},
    {"predicate":{"custom_model_data":34},"model":"item/hats/elf_hat"},
    {"predicate":{"custom_model_data":35},"model":"item/hats/top_hat"},
    {"predicate":{"custom_model_data":36},"model":"item/hats/antlers"},
    {"predicate":{"custom_model_data":37},"model":"item/hats/ice_crown"},
    {"predicate":{"custom_model_data":38},"model":"item/hats/winter_hat"},
    {"predicate":{"custom_model_data":39},"model":"item/hats/samurai_helmet"},
    {"predicate":{"custom_model_data":40},"model":"item/hats/mario_hat"},
    {"predicate":{"custom_model_data":41},"model":"item/hats/luigi_hat"},
    {"predicate":{"custom_model_data":42},"model":"item/hats/chocolate_bunny_hat"},
    {"predicate":{"custom_model_data":43},"model":"item/hats/love_beanie"},
    {"predicate":{"custom_model_data":44},"model":"item/hats/heart_antenas"},
    {"predicate":{"custom_model_data":45},"model":"item/hats/heart_glasses"},
    {"predicate":{"custom_model_data":46},"model":"item/hats/gold_pot_hat"},
    {"predicate":{"custom_model_data":47},"model":"item/hats/leprechaun_hat"},
    {"predicate":{"custom_model_data":48},"model":"item/hats/green_dino_hat"},
    {"predicate":{"custom_model_data":49},"model":"item/hats/warden_hat"},
    {"predicate":{"custom_model_data":50},"model":"item/hats/panda_hat"},
    {"predicate":{"custom_model_data":51},"model":"item/hats/fox_hat"},
    {"predicate":{"custom_model_data":52},"model":"item/hats/chocolate_hat"},
    {"predicate":{"custom_model_data":53},"model":"item/hats/cookie_hat"},
    {"predicate":{"custom_model_data":54},"model":"item/hats/golden_tree_hat"},
    {"predicate":{"custom_model_data":55},"model":"item/hats/magic_stone_hat"},
    {"predicate":{"custom_model_data":56},"model":"item/hats/antler_hat"},
    {"predicate":{"custom_model_data":57},"model":"item/hats/firework_hat_2023"},
    {"predicate":{"custom_model_data":58},"model":"item/hats/gift_hat_2023"},
    {"predicate":{"custom_model_data":59},"model":"item/hats/music_joy_hat"},
    {"predicate":{"custom_model_data":60},"model":"item/hats/astronaut_helmet"},
    {"predicate":{"custom_model_data":61},"model":"item/hats/aviator_hat"},
    {"predicate":{"custom_model_data":62},"model":"item/hats/chef_hat"},
    {"predicate":{"custom_model_data":63},"model":"item/hats/cowboy_hat"},
    {"predicate":{"custom_model_data":64},"model":"item/hats/crown_hat"},
    {"predicate":{"custom_model_data":65},"model":"item/hats/firefighter_hat"},
    {"predicate":{"custom_model_data":66},"model":"item/hats/pirate_bandana"},
    {"predicate":{"custom_model_data":67},"model":"item/hats/vikings_hat"},
    {"predicate":{"custom_model_data":68},"model":"item/hats/wizard_hat"},
    {"predicate":{"custom_model_data":69},"model":"item/hats/finn_hat"},
    {"predicate":{"custom_model_data":70},"model":"item/hats/frog_hat"},
    {"predicate":{"custom_model_data":71},"model":"item/hats/green_hat"},
    {"predicate":{"custom_model_data":72},"model":"item/hats/knight_angle_hat"},
    {"predicate":{"custom_model_data":73},"model":"item/hats/taco_hat"},
    {"predicate":{"custom_model_data":74},"model":"item/hats/mushroom_hat"},
    {"predicate":{"custom_model_data":75},"model":"item/hats/sci_fi_hat"},
    {"predicate":{"custom_model_data":76},"model":"item/hats/sci_fi_glasses_hat"},
    {"predicate":{"custom_model_data":77},"model":"item/hats/clown_hat"},
    {"predicate":{"custom_model_data":78},"model":"item/hats/fantasy_hat"},
    {"predicate":{"custom_model_data":79},"model":"item/hats/traffic_cone_hat"},
    {"predicate":{"custom_model_data":80},"model":"item/hats/gentle_hat"},
    {"predicate":{"custom_model_data":81},"model":"item/hats/rugby_hat"},
    {"predicate":{"custom_model_data":83},"model":"item/hats/tv_hat"},
    {"predicate":{"custom_model_data":84},"model":"item/hats/jason_mask"},
    {"predicate":{"custom_model_data":85},"model":"item/hats/big_eye"},
    {"predicate":{"custom_model_data":86},"model":"item/hats/cimetery_hat"},
    {"predicate":{"custom_model_data":87},"model":"item/hats/franck"},
    {"predicate":{"custom_model_data":88},"model":"item/hats/ghost_head"},
    {"predicate":{"custom_model_data":89},"model":"item/hats/knife_hat"},
    {"predicate":{"custom_model_data":90},"model":"item/hats/mummy"},
    {"predicate":{"custom_model_data":91},"model":"item/hats/pumpkin_head"},
    {"predicate":{"custom_model_data":92},"model":"item/hats/skeleton_head"},
    {"predicate":{"custom_model_data":93},"model":"item/hats/shark_hat"},
    {"predicate":{"custom_model_data":94},"model":"item/hats/penguin_hat"},
    {"predicate":{"custom_model_data":95},"model":"item/hats/christmas_hat"},
    {"predicate":{"custom_model_data":96},"model":"item/hats/winter_helmet"},
    {"predicate":{"custom_model_data":97},"model":"item/hats/newyear_hat"},
    {"predicate":{"custom_model_data":98},"model":"item/hats/ifrit_hat"},
    {"predicate":{"custom_model_data":99},"model":"item/hats/inferno_hat"},
    {"predicate":{"custom_model_data":100},"model":"item/hats/sakura_hat"},
    {"predicate":{"custom_model_data":101},"model":"item/hats/fiend_helmet"},
    {"predicate":{"custom_model_data":102},"model":"item/hats/cupid_hat"},
    {"predicate":{"custom_model_data":103},"model":"item/hats/sweet_hat"},
	
	
	  {"predicate":{"custom_model_data":10000},"model":"item/chests/penguin_chest"},
    {"predicate":{"custom_model_data":10001},"model":"item/chests/penguin_chest_opening"},
    {"predicate":{"custom_model_data":10002},"model":"item/chests/christmas_chest"},
    {"predicate":{"custom_model_data":10003},"model":"item/chests/christmas_chest"},
    {"predicate":{"custom_model_data":10004},"model":"item/chests/newyear_chest"},
    {"predicate":{"custom_model_data":10005},"model":"item/chests/ifrit_chest"},
    {"predicate":{"custom_model_data":10006},"model":"item/chests/fiend_chest"},
    {"predicate":{"custom_model_data":10007},"model":"item/chests/cupid_chest"},
    {"predicate":{"custom_model_data":10008},"model":"item/chests/sweet_chest"}
  ]
}