{
  "parent": "minecraft:item/generated",
  "textures": {
    "layer0": "minecraft:item/leather_boots",
    "layer1": "minecraft:item/leather_boots_overlay"
  },
  "overrides": [
    {"model":"minecraft:item/leather_boots_quartz_trim","predicate":{"trim_type":0.1}},
    {"model":"minecraft:item/leather_boots_iron_trim","predicate":{"trim_type":0.2}},
    {"model":"minecraft:item/leather_boots_netherite_trim","predicate":{"trim_type":0.3}},
    {"model":"minecraft:item/leather_boots_redstone_trim","predicate":{"trim_type":0.4}},
    {"model":"minecraft:item/leather_boots_copper_trim","predicate":{"trim_type":0.5}},
    {"model":"minecraft:item/leather_boots_gold_trim","predicate":{"trim_type":0.6}},
    {"model":"minecraft:item/leather_boots_emerald_trim","predicate":{"trim_type":0.7}},
    {"model":"minecraft:item/leather_boots_diamond_trim","predicate":{"trim_type":0.8}},
    {"model":"minecraft:item/leather_boots_lapis_trim","predicate":{"trim_type":0.9}},
    {"model":"minecraft:item/leather_boots_amethyst_trim","predicate":{"trim_type":1.0}},

    {"predicate":{"custom_model_data":1},"model": "item/armor/valentine_2024/boots"}
  ]
}