{
    "display": {
        "thirdperson_righthand": {
            "scale": [0.64, 0.65, 0.64]
        },
        "firstperson_righthand": {
            "translation": [2, 2.25, 0],
            "scale": [0.67, 0.7, 0.71]
        },
        "ground": {
            "scale": [0.66, 0.65, 0.63]
        },
        "gui": {
            "rotation": [32, 137, 0],
            "translation": [-0.25, 0.75, 0],
            "scale": [0.89, 0.9, 0.9]
        },
        "head": {
            "translation": [0, 8.75, 0],
            "scale": [1.31, 1.31, 1.25]
        },
        "fixed": {
            "translation": [0, 2, -1]
        }
    },
    "texture_size": [32, 32],
    "textures": {
        "0": "item/hats/dark_horns"
    },
    "elements": [{
        "from": [0, 4, 7.5],
        "to": [4, 7, 10.5],
        "rotation": {
            "angle": 0,
            "axis": "y",
            "origin": [0, 1, 0]
        },
        "faces": {
            "north": {
                "uv": [1.5, 14.5, 3.5, 16],
                "texture": "#0"
            },
            "east": {
                "uv": [0, 14.5, 1.5, 16],
                "texture": "#0"
            },
            "south": {
                "uv": [5, 14.5, 7, 16],
                "texture": "#0"
            },
            "west": {
                "uv": [3.5, 14.5, 5, 16],
                "texture": "#0"
            },
            "up": {
                "uv": [3.5, 14.5, 1.5, 13],
                "texture": "#0"
            },
            "down": {
                "uv": [5.5, 13, 3.5, 14.5],
                "texture": "#0"
            }
        }
    }, {
        "from": [-2, 5, 7.5],
        "to": [0, 8, 10.5],
        "rotation": {
            "angle": 0,
            "axis": "y",
            "origin": [0, 1, 0]
        },
        "faces": {
            "north": {
                "uv": [1.5, 11.5, 2.5, 13],
                "texture": "#0"
            },
            "east": {
                "uv": [0, 11.5, 1.5, 13],
                "texture": "#0"
            },
            "south": {
                "uv": [4, 11.5, 5, 13],
                "texture": "#0"
            },
            "west": {
                "uv": [2.5, 11.5, 4, 13],
                "texture": "#0"
            },
            "up": {
                "uv": [2.5, 11.5, 1.5, 10],
                "texture": "#0"
            },
            "down": {
                "uv": [3.5, 10, 2.5, 11.5],
                "texture": "#0"
            }
        }
    }, {
        "from": [-2, 8, 7.5],
        "to": [-1, 9, 10.5],
        "rotation": {
            "angle": 0,
            "axis": "y",
            "origin": [0, 1, 0]
        },
        "faces": {
            "north": {
                "uv": [1.5, 9.5, 2, 10],
                "texture": "#0"
            },
            "east": {
                "uv": [0, 9.5, 1.5, 10],
                "texture": "#0"
            },
            "south": {
                "uv": [3.5, 9.5, 4, 10],
                "texture": "#0"
            },
            "west": {
                "uv": [2, 9.5, 3.5, 10],
                "texture": "#0"
            },
            "up": {
                "uv": [2, 9.5, 1.5, 8],
                "texture": "#0"
            },
            "down": {
                "uv": [2.5, 8, 2, 9.5],
                "texture": "#0"
            }
        }
    }, {
        "from": [12, 4, 7.5],
        "to": [16, 7, 10.5],
        "shade": false,
        "rotation": {
            "angle": 0,
            "axis": "y",
            "origin": [0, 1, 0]
        },
        "faces": {
            "north": {
                "uv": [3.5, 14.5, 1.5, 16],
                "texture": "#0"
            },
            "east": {
                "uv": [5, 14.5, 3.5, 16],
                "texture": "#0"
            },
            "south": {
                "uv": [7, 14.5, 5, 16],
                "texture": "#0"
            },
            "west": {
                "uv": [1.5, 14.5, 0, 16],
                "texture": "#0"
            },
            "up": {
                "uv": [1.5, 14.5, 3.5, 13],
                "texture": "#0"
            },
            "down": {
                "uv": [3.5, 13, 5.5, 14.5],
                "texture": "#0"
            }
        }
    }, {
        "from": [16, 5, 7.5],
        "to": [18, 8, 10.5],
        "shade": false,
        "rotation": {
            "angle": 0,
            "axis": "y",
            "origin": [0, 1, 0]
        },
        "faces": {
            "north": {
                "uv": [2.5, 11.5, 1.5, 13],
                "texture": "#0"
            },
            "east": {
                "uv": [4, 11.5, 2.5, 13],
                "texture": "#0"
            },
            "south": {
                "uv": [5, 11.5, 4, 13],
                "texture": "#0"
            },
            "west": {
                "uv": [1.5, 11.5, 0, 13],
                "texture": "#0"
            },
            "up": {
                "uv": [1.5, 11.5, 2.5, 10],
                "texture": "#0"
            },
            "down": {
                "uv": [2.5, 10, 3.5, 11.5],
                "texture": "#0"
            }
        }
    }, {
        "from": [17, 8, 7.5],
        "to": [18, 9, 10.5],
        "shade": false,
        "rotation": {
            "angle": 0,
            "axis": "y",
            "origin": [0, 1, 0]
        },
        "faces": {
            "north": {
                "uv": [2, 9.5, 1.5, 10],
                "texture": "#0"
            },
            "east": {
                "uv": [3.5, 9.5, 2, 10],
                "texture": "#0"
            },
            "south": {
                "uv": [4, 9.5, 3.5, 10],
                "texture": "#0"
            },
            "west": {
                "uv": [1.5, 9.5, 0, 10],
                "texture": "#0"
            },
            "up": {
                "uv": [1.5, 9.5, 2, 8],
                "texture": "#0"
            },
            "down": {
                "uv": [2, 8, 2.5, 9.5],
                "texture": "#0"
            }
        }
    }]
}