{
	"credit": "Made with Blockbench",
	"texture_size": [64, 64],
	"textures": {
		"1": "item/multiple/gifts_2023/gift_texture_2",
		"particle": "item/multiple/gifts_2023/gift_texture"
	},
	"elements": [
		{
			"from": [0, 0, 0],
			"to": [16, 11, 16],
			"faces": {
				"north": {"uv": [5, 8, 9, 10.75], "texture": "#1"},
				"east": {"uv": [13, 5.5, 9, 8.25], "texture": "#1"},
				"south": {"uv": [9, 8, 5, 10.75], "texture": "#1"},
				"west": {"uv": [9, 5.5, 13, 8.25], "texture": "#1"},
				"up": {"uv": [9, 4, 5, 0], "texture": "#1"},
				"down": {"uv": [9, 4, 5, 8], "texture": "#1"}
			}
		},
		{
			"from": [1, 3, -0.1],
			"to": [15, 9, -0.1],
			"faces": {
				"north": {"uv": [12.5, 14.5, 16, 16], "texture": "#1"},
				"east": {"uv": [9, 5.5, 9, 7], "texture": "#1"},
				"south": {"uv": [16, 14.5, 12.5, 16], "texture": "#1"},
				"west": {"uv": [9, 5.5, 9, 7], "texture": "#1"},
				"up": {"uv": [8.5, 0, 5, 0], "texture": "#1"},
				"down": {"uv": [8.5, 4, 5, 4], "texture": "#1"}
			}
		},
		{
			"from": [-2, 11, -2],
			"to": [18, 16, 18],
			"faces": {
				"north": {"uv": [9, 8.25, 14, 9.5], "texture": "#1"},
				"east": {"uv": [10, 10.75, 5, 12], "texture": "#1"},
				"south": {"uv": [14, 8.25, 9, 9.5], "texture": "#1"},
				"west": {"uv": [5, 10.75, 10, 12], "texture": "#1"},
				"up": {"uv": [5, 5, 0, 0], "texture": "#1"},
				"down": {"uv": [5, 5, 0, 10], "texture": "#1"}
			}
		},
		{
			"from": [6, 16, 6],
			"to": [10, 20, 10],
			"faces": {
				"north": {"uv": [3, 11.25, 4, 12.25], "texture": "#1"},
				"east": {"uv": [4, 11.25, 5, 12.25], "texture": "#1"},
				"south": {"uv": [5, 12, 6, 13], "texture": "#1"},
				"west": {"uv": [6, 12, 7, 13], "texture": "#1"},
				"up": {"uv": [8, 13, 7, 12], "texture": "#1"},
				"down": {"uv": [9, 12, 8, 13], "texture": "#1"}
			}
		},
		{
			"from": [8, 20, 8],
			"to": [12, 29, 8],
			"rotation": {"angle": -22.5, "axis": "z", "origin": [8, 20, 8]},
			"faces": {
				"north": {"uv": [10, 10.75, 11, 13], "texture": "#1"},
				"east": {"uv": [0, 0, 0, 2.25], "texture": "#1"},
				"south": {"uv": [11, 10.75, 10, 13], "texture": "#1"},
				"west": {"uv": [0, 0, 0, 2.25], "texture": "#1"},
				"up": {"uv": [1, 0, 0, 0], "texture": "#1"},
				"down": {"uv": [1, 0, 0, 0], "texture": "#1"}
			}
		},
		{
			"from": [10, 16, 7],
			"to": [16, 22, 9],
			"faces": {
				"north": {"uv": [0, 11.25, 1.5, 12.75], "texture": "#1"},
				"east": {"uv": [9, 12, 9.5, 13.5], "texture": "#1"},
				"south": {"uv": [1.5, 11.25, 0, 12.75], "texture": "#1"},
				"west": {"uv": [9.5, 12, 10, 13.5], "texture": "#1"},
				"up": {"uv": [13.5, 11.25, 12, 10.75], "texture": "#1"},
				"down": {"uv": [13.5, 11.25, 12, 11.75], "texture": "#1"}
			}
		},
		{
			"from": [4, 20, 8],
			"to": [8, 29, 8],
			"rotation": {"angle": 22.5, "axis": "z", "origin": [8, 20, 8]},
			"faces": {
				"north": {"uv": [11, 10.75, 10, 13], "texture": "#1"},
				"east": {"uv": [0, 0, 0, 2.25], "texture": "#1"},
				"south": {"uv": [10, 10.75, 11, 13], "texture": "#1"},
				"west": {"uv": [0, 0, 0, 2.25], "texture": "#1"},
				"up": {"uv": [0, 0, 1, 0], "texture": "#1"},
				"down": {"uv": [0, 0, 1, 0], "texture": "#1"}
			}
		},
		{
			"from": [0, 16, 7],
			"to": [6, 22, 9],
			"rotation": {"angle": 0, "axis": "y", "origin": [16, 0, 0]},
			"faces": {
				"north": {"uv": [1.5, 11.25, 0, 12.75], "texture": "#1"},
				"east": {"uv": [10, 12, 9.5, 13.5], "texture": "#1"},
				"south": {"uv": [0, 11.25, 1.5, 12.75], "texture": "#1"},
				"west": {"uv": [9.5, 12, 9, 13.5], "texture": "#1"},
				"up": {"uv": [12, 11.25, 13.5, 10.75], "texture": "#1"},
				"down": {"uv": [12, 11.25, 13.5, 11.75], "texture": "#1"}
			}
		},
		{
			"from": [-1, 0, 2],
			"to": [-1, 11, 9],
			"rotation": {"angle": 45, "axis": "y", "origin": [-2, 5.5, 8]},
			"faces": {
				"north": {"uv": [9, 5.5, 13, 8.25], "texture": "#1"},
				"east": {"uv": [14.25, 0, 16, 2.75], "texture": "#1"},
				"south": {"uv": [9, 0, 13, 2.75], "texture": "#1"},
				"west": {"uv": [14.25, 0, 16, 2.75], "texture": "#1"},
				"up": {"uv": [9, 4, 5, 0], "rotation": 90, "texture": "#1"},
				"down": {"uv": [9, 4, 5, 8], "rotation": 270, "texture": "#1"}
			}
		},
		{
			"from": [-8, 0, 9],
			"to": [-1, 11, 9],
			"rotation": {"angle": 45, "axis": "y", "origin": [-2, 5.5, 8]},
			"faces": {
				"north": {"uv": [14.25, 2.75, 16, 5.5], "texture": "#1"},
				"east": {"uv": [9, 0, 13, 2.75], "texture": "#1"},
				"south": {"uv": [16, 2.75, 14.25, 5.5], "texture": "#1"},
				"west": {"uv": [9, 5.5, 13, 8.25], "texture": "#1"},
				"up": {"uv": [9, 4, 5, 0], "texture": "#1"},
				"down": {"uv": [9, 4, 5, 8], "texture": "#1"}
			}
		},
		{
			"from": [-0.9, 0, 2],
			"to": [-0.9, 11, 9],
			"rotation": {"angle": 45, "axis": "y", "origin": [-2, 5.5, 8]},
			"faces": {
				"north": {"uv": [9, 5.5, 13, 8.25], "texture": "#1"},
				"east": {"uv": [14.25, 5.5, 16, 8.25], "texture": "#1"},
				"south": {"uv": [9, 0, 13, 2.75], "texture": "#1"},
				"west": {"uv": [14.25, 5.5, 16, 8.25], "texture": "#1"},
				"up": {"uv": [9, 4, 5, 0], "rotation": 90, "texture": "#1"},
				"down": {"uv": [9, 4, 5, 8], "rotation": 270, "texture": "#1"}
			}
		}
	],
	"display": {
		"thirdperson_righthand": {
			"rotation": [0, -90, 0],
			"translation": [0, 2.25, 1.5],
			"scale": [0.3, 0.3, 0.3]
		},
		"thirdperson_lefthand": {
			"rotation": [0, -90, 0],
			"translation": [0, 2.25, 1.5],
			"scale": [0.3, 0.3, 0.3]
		},
		"firstperson_righthand": {
			"rotation": [0, -90, 0],
			"translation": [0, 2.25, 1.5],
			"scale": [0.3, 0.3, 0.3]
		},
		"firstperson_lefthand": {
			"rotation": [0, 90, 0],
			"translation": [0, 2.25, 1.5],
			"scale": [0.3, 0.3, 0.3]
		},
		"ground": {
			"translation": [0, 3.75, 0],
			"scale": [0.75, 0.75, 0.75]
		},
		"gui": {
			"rotation": [30, -135, 0],
			"translation": [0, -1.5, -1.5],
			"scale": [0.5, 0.5, 0.5]
		},
		"head": {
			"translation": [0, 10, 0]
		},
		"fixed": {
			"rotation": [0, 0, 45],
			"translation": [0, 0.5, -0.25],
			"scale": [0.5, 0.5, 0.5]
		}
	},
	"groups": [
		0,
		1,
		2,
		3,
		4,
		5,
		6,
		7,
		{
			"name": "group",
			"origin": [-2, 5.5, 8],
			"color": 0,
			"children": [8, 9, 10]
		}
	]
}