{
    "display": {
        "thirdperson_righthand": {
            "translation": [0, 2, 1],
            "scale": [0.25, 0.25, 0.25]
        },
        "thirdperson_lefthand": {
            "translation": [0, 2, 1.25],
            "scale": [0.25, 0.25, 0.25]
        },
        "firstperson_righthand": {
            "scale": [0.25, 0.25, 0.25]
        },
        "firstperson_lefthand": {
            "scale": [0.25, 0.25, 0.25]
        },
        "ground": {
            "scale": [0.25, 0.25, 0.25]
        },
        "gui": {
            "rotation": [30, -135, 0],
            "translation": [0, 2.75, 0]
        },
        "head": {
            "translation": [0, 16.25, 0],
            "scale": [1.65, 1.65, 1.65]
        },
        "fixed": {
            "translation": [0, 3, -0.25]
        }
    },
    "texture_size": [64, 64],
    "textures": {
        "0": "item/hats/gold_pot_hat",
        "particle": "item/hats/gold_pot_hat"
    },
    "elements": [{
        "from": [3.5, 0, 3.5],
        "to": [12.5, 4, 12.5],
        "faces": {
            "north": {
                "uv": [9.25, 15, 11.5, 16],
                "texture": "#0"
            },
            "east": {
                "uv": [7, 15, 9.25, 16],
                "texture": "#0"
            },
            "south": {
                "uv": [13.75, 15, 16, 16],
                "texture": "#0"
            },
            "west": {
                "uv": [11.5, 15, 13.75, 16],
                "texture": "#0"
            },
            "up": {
                "uv": [11.5, 15, 9.25, 12.75],
                "texture": "#0"
            },
            "down": {
                "uv": [13.75, 12.75, 11.5, 15],
                "texture": "#0"
            }
        }
    }, {
        "from": [1.5, 4, 8],
        "to": [14.5, 12, 8],
        "faces": {
            "north": {
                "uv": [8.5, 4.5, 11.75, 6.5],
                "texture": "#0"
            },
            "east": {
                "uv": [8.5, 4.5, 8.5, 6.5],
                "texture": "#0"
            },
            "south": {
                "uv": [11.75, 4.5, 15, 6.5],
                "texture": "#0"
            },
            "west": {
                "uv": [11.75, 4.5, 11.75, 6.5],
                "texture": "#0"
            },
            "up": {
                "uv": [11.75, 4.5, 8.5, 4.5],
                "texture": "#0"
            },
            "down": {
                "uv": [15, 4.5, 11.75, 4.5],
                "texture": "#0"
            }
        }
    }, {
        "from": [8.5, 3, 5.5],
        "to": [10.5, 4, 7.5],
        "faces": {
            "north": {
                "uv": [7.25, 8.75, 7.75, 9],
                "texture": "#0"
            },
            "east": {
                "uv": [6.75, 8.75, 7.25, 9],
                "texture": "#0"
            },
            "south": {
                "uv": [8.25, 8.75, 8.75, 9],
                "texture": "#0"
            },
            "west": {
                "uv": [7.75, 8.75, 8.25, 9],
                "texture": "#0"
            },
            "up": {
                "uv": [7.75, 8.75, 7.25, 8.25],
                "texture": "#0"
            },
            "down": {
                "uv": [8.25, 8.25, 7.75, 8.75],
                "texture": "#0"
            }
        }
    }, {
        "from": [5.5, 3, 5.5],
        "to": [7.5, 4, 7.5],
        "faces": {
            "north": {
                "uv": [7.25, 8.75, 7.75, 9],
                "texture": "#0"
            },
            "east": {
                "uv": [6.75, 8.75, 7.25, 9],
                "texture": "#0"
            },
            "south": {
                "uv": [8.25, 8.75, 8.75, 9],
                "texture": "#0"
            },
            "west": {
                "uv": [7.75, 8.75, 8.25, 9],
                "texture": "#0"
            },
            "up": {
                "uv": [7.75, 8.75, 7.25, 8.25],
                "texture": "#0"
            },
            "down": {
                "uv": [8.25, 8.25, 7.75, 8.75],
                "texture": "#0"
            }
        }
    }, {
        "from": [7.5, 4, 6.5],
        "to": [9.5, 5, 8.5],
        "faces": {
            "north": {
                "uv": [7.25, 8.75, 7.75, 9],
                "texture": "#0"
            },
            "east": {
                "uv": [6.75, 8.75, 7.25, 9],
                "texture": "#0"
            },
            "south": {
                "uv": [8.25, 8.75, 8.75, 9],
                "texture": "#0"
            },
            "west": {
                "uv": [7.75, 8.75, 8.25, 9],
                "texture": "#0"
            },
            "up": {
                "uv": [7.75, 8.75, 7.25, 8.25],
                "texture": "#0"
            },
            "down": {
                "uv": [8.25, 8.25, 7.75, 8.75],
                "texture": "#0"
            }
        }
    }, {
        "from": [8.5, 4, 9],
        "to": [10.5, 5, 11],
        "faces": {
            "north": {
                "uv": [7.25, 8.75, 7.75, 9],
                "texture": "#0"
            },
            "east": {
                "uv": [6.75, 8.75, 7.25, 9],
                "texture": "#0"
            },
            "south": {
                "uv": [8.25, 8.75, 8.75, 9],
                "texture": "#0"
            },
            "west": {
                "uv": [7.75, 8.75, 8.25, 9],
                "texture": "#0"
            },
            "up": {
                "uv": [7.75, 8.75, 7.25, 8.25],
                "texture": "#0"
            },
            "down": {
                "uv": [8.25, 8.25, 7.75, 8.75],
                "texture": "#0"
            }
        }
    }, {
        "from": [9.5, 3, 9.5],
        "to": [11.5, 4, 11.5],
        "faces": {
            "north": {
                "uv": [7.25, 8.75, 7.75, 9],
                "texture": "#0"
            },
            "east": {
                "uv": [6.75, 8.75, 7.25, 9],
                "texture": "#0"
            },
            "south": {
                "uv": [8.25, 8.75, 8.75, 9],
                "texture": "#0"
            },
            "west": {
                "uv": [7.75, 8.75, 8.25, 9],
                "texture": "#0"
            },
            "up": {
                "uv": [7.75, 8.75, 7.25, 8.25],
                "texture": "#0"
            },
            "down": {
                "uv": [8.25, 8.25, 7.75, 8.75],
                "texture": "#0"
            }
        }
    }, {
        "from": [7.5, 3, 8.5],
        "to": [9.5, 4, 10.5],
        "faces": {
            "north": {
                "uv": [7.25, 8.75, 7.75, 9],
                "texture": "#0"
            },
            "east": {
                "uv": [6.75, 8.75, 7.25, 9],
                "texture": "#0"
            },
            "south": {
                "uv": [8.25, 8.75, 8.75, 9],
                "texture": "#0"
            },
            "west": {
                "uv": [7.75, 8.75, 8.25, 9],
                "texture": "#0"
            },
            "up": {
                "uv": [7.75, 8.75, 7.25, 8.25],
                "texture": "#0"
            },
            "down": {
                "uv": [8.25, 8.25, 7.75, 8.75],
                "texture": "#0"
            }
        }
    }, {
        "from": [3.5, 3, 3.5],
        "to": [12.5, 3, 12.5],
        "faces": {
            "north": {
                "uv": [9, 11.75, 11.25, 11.75],
                "texture": "#0"
            },
            "east": {
                "uv": [6.75, 11.75, 9, 11.75],
                "texture": "#0"
            },
            "south": {
                "uv": [13.5, 11.75, 15.75, 11.75],
                "texture": "#0"
            },
            "west": {
                "uv": [11.25, 11.75, 13.5, 11.75],
                "texture": "#0"
            },
            "up": {
                "uv": [11.25, 11.75, 9, 9.5],
                "texture": "#0"
            },
            "down": {
                "uv": [13.5, 9.5, 11.25, 11.75],
                "texture": "#0"
            }
        }
    }, {
        "from": [4.5, 3, 4.5],
        "to": [11.5, 4, 4.5],
        "faces": {
            "north": {
                "uv": [0, 13.25, 1.75, 13.5],
                "texture": "#0"
            },
            "east": {
                "uv": [0, 13.25, 0, 13.5],
                "texture": "#0"
            },
            "south": {
                "uv": [1.75, 13.25, 3.5, 13.5],
                "texture": "#0"
            },
            "west": {
                "uv": [1.75, 13.25, 1.75, 13.5],
                "texture": "#0"
            },
            "up": {
                "uv": [1.75, 13.25, 0, 13.25],
                "texture": "#0"
            },
            "down": {
                "uv": [3.5, 13.25, 1.75, 13.25],
                "texture": "#0"
            }
        }
    }, {
        "from": [4.5, 3, 11.5],
        "to": [11.5, 4, 11.5],
        "faces": {
            "north": {
                "uv": [0, 13.25, 1.75, 13.5],
                "texture": "#0"
            },
            "east": {
                "uv": [0, 13.25, 0, 13.5],
                "texture": "#0"
            },
            "south": {
                "uv": [1.75, 13.25, 3.5, 13.5],
                "texture": "#0"
            },
            "west": {
                "uv": [1.75, 13.25, 1.75, 13.5],
                "texture": "#0"
            },
            "up": {
                "uv": [1.75, 13.25, 0, 13.25],
                "texture": "#0"
            },
            "down": {
                "uv": [3.5, 13.25, 1.75, 13.25],
                "texture": "#0"
            }
        }
    }, {
        "from": [11.5, 3, 4.5],
        "to": [11.5, 4, 11.5],
        "faces": {
            "north": {
                "uv": [1.75, 13.25, 1.75, 13.5],
                "texture": "#0"
            },
            "east": {
                "uv": [0, 13.25, 1.75, 13.5],
                "texture": "#0"
            },
            "south": {
                "uv": [3.5, 13.25, 3.5, 13.5],
                "texture": "#0"
            },
            "west": {
                "uv": [1.75, 13.25, 3.5, 13.5],
                "texture": "#0"
            },
            "up": {
                "uv": [1.75, 13.25, 1.75, 11.5],
                "texture": "#0"
            },
            "down": {
                "uv": [1.75, 11.5, 1.75, 13.25],
                "texture": "#0"
            }
        }
    }, {
        "from": [4.5, 3, 4.5],
        "to": [4.5, 4, 11.5],
        "faces": {
            "north": {
                "uv": [1.75, 13.25, 1.75, 13.5],
                "texture": "#0"
            },
            "east": {
                "uv": [0, 13.25, 1.75, 13.5],
                "texture": "#0"
            },
            "south": {
                "uv": [3.5, 13.25, 3.5, 13.5],
                "texture": "#0"
            },
            "west": {
                "uv": [1.75, 13.25, 3.5, 13.5],
                "texture": "#0"
            },
            "up": {
                "uv": [1.75, 13.25, 1.75, 11.5],
                "texture": "#0"
            },
            "down": {
                "uv": [1.75, 11.5, 1.75, 13.25],
                "texture": "#0"
            }
        }
    }, {
        "from": [4.5, 3, 8.5],
        "to": [6.5, 4, 10.5],
        "faces": {
            "north": {
                "uv": [7.25, 8.75, 7.75, 9],
                "texture": "#0"
            },
            "east": {
                "uv": [6.75, 8.75, 7.25, 9],
                "texture": "#0"
            },
            "south": {
                "uv": [8.25, 8.75, 8.75, 9],
                "texture": "#0"
            },
            "west": {
                "uv": [7.75, 8.75, 8.25, 9],
                "texture": "#0"
            },
            "up": {
                "uv": [7.75, 8.75, 7.25, 8.25],
                "texture": "#0"
            },
            "down": {
                "uv": [8.25, 8.25, 7.75, 8.75],
                "texture": "#0"
            }
        }
    }, {
        "from": [5, 4, 7],
        "to": [7, 5, 9],
        "faces": {
            "north": {
                "uv": [7.25, 8.75, 7.75, 9],
                "texture": "#0"
            },
            "east": {
                "uv": [6.75, 8.75, 7.25, 9],
                "texture": "#0"
            },
            "south": {
                "uv": [8.25, 8.75, 8.75, 9],
                "texture": "#0"
            },
            "west": {
                "uv": [7.75, 8.75, 8.25, 9],
                "texture": "#0"
            },
            "up": {
                "uv": [7.75, 8.75, 7.25, 8.25],
                "texture": "#0"
            },
            "down": {
                "uv": [8.25, 8.25, 7.75, 8.75],
                "texture": "#0"
            }
        }
    }]
}