{
    "display": {
        "thirdperson_righthand": {
            "translation": [0, 1, 0],
            "scale": [0.25, 0.25, 0.25]
        },
        "thirdperson_lefthand": {
            "translation": [0, 1, 0],
            "scale": [0.25, 0.25, 0.25]
        },
        "firstperson_righthand": {
            "scale": [0.25, 0.25, 0.25]
        },
        "firstperson_lefthand": {
            "scale": [0.25, 0.25, 0.25]
        },
        "ground": {
            "scale": [0.25, 0.25, 0.25]
        },
        "gui": {
            "rotation": [30, -135, 0],
            "translation": [0, -1.5, 0],
            "scale": [0.8, 0.8, 0.8]
        },
        "head": {
            "translation": [0, 8, 0],
            "scale": [1.6, 1.6, 1.6]
        },
        "fixed": {
            "translation": [0, -2, 0],
            "scale": [0.8, 0.8, 0.8]
        }
    },
    "texture_size": [64, 64],
    "textures": {
        "0": "item/hats/heart_antena",
        "particle": "item/hats/heart_antena"
    },
    "elements": [{
        "from": [3, 7, 6],
        "to": [13, 8, 10],
        "faces": {
            "north": {
                "uv": [9.75, 12.25, 12.25, 12.5],
                "texture": "#0"
            },
            "east": {
                "uv": [8.75, 12.25, 9.75, 12.5],
                "texture": "#0"
            },
            "south": {
                "uv": [13.25, 12.25, 15.75, 12.5],
                "texture": "#0"
            },
            "west": {
                "uv": [12.25, 12.25, 13.25, 12.5],
                "texture": "#0"
            },
            "up": {
                "uv": [12.25, 12.25, 9.75, 11.25],
                "texture": "#0"
            },
            "down": {
                "uv": [14.75, 11.25, 12.25, 12.25],
                "texture": "#0"
            }
        }
    }, {
        "from": [2, 7, 7.5],
        "to": [4, 8, 8.5],
        "rotation": {
            "angle": -45,
            "axis": "z",
            "origin": [4, 8, 8]
        },
        "faces": {
            "north": {
                "uv": [7.25, 11.5, 7.75, 11.75],
                "texture": "#0"
            },
            "east": {
                "uv": [7, 11.5, 7.25, 11.75],
                "texture": "#0"
            },
            "south": {
                "uv": [8, 11.5, 8.5, 11.75],
                "texture": "#0"
            },
            "west": {
                "uv": [7.75, 11.5, 8, 11.75],
                "texture": "#0"
            },
            "up": {
                "uv": [7.75, 11.5, 7.25, 11.25],
                "texture": "#0"
            },
            "down": {
                "uv": [8.25, 11.25, 7.75, 11.5],
                "texture": "#0"
            }
        }
    }, {
        "from": [1.84939, 8.75772, 7.5],
        "to": [2.84939, 10.75772, 8.5],
        "rotation": {
            "angle": 22.5,
            "axis": "z",
            "origin": [1.92513, 8.76777, 8]
        },
        "faces": {
            "north": {
                "uv": [6.25, 11.25, 6.5, 11.75],
                "texture": "#0"
            },
            "east": {
                "uv": [6, 11.25, 6.25, 11.75],
                "texture": "#0"
            },
            "south": {
                "uv": [6.75, 11.25, 7, 11.75],
                "texture": "#0"
            },
            "west": {
                "uv": [6.5, 11.25, 6.75, 11.75],
                "texture": "#0"
            },
            "up": {
                "uv": [6.5, 11.25, 6.25, 11],
                "texture": "#0"
            },
            "down": {
                "uv": [6.75, 11, 6.5, 11.25],
                "texture": "#0"
            }
        }
    }, {
        "from": [3, 4, 6],
        "to": [4, 7, 10],
        "rotation": {
            "angle": 0,
            "axis": "y",
            "origin": [-1, 0, 0]
        },
        "faces": {
            "north": {
                "uv": [13, 14.75, 13.25, 15.5],
                "texture": "#0"
            },
            "east": {
                "uv": [12, 14.75, 13, 15.5],
                "texture": "#0"
            },
            "south": {
                "uv": [14.25, 14.75, 14.5, 15.5],
                "texture": "#0"
            },
            "west": {
                "uv": [13.25, 14.75, 14.25, 15.5],
                "texture": "#0"
            },
            "up": {
                "uv": [13.25, 14.75, 13, 13.75],
                "texture": "#0"
            },
            "down": {
                "uv": [13.5, 13.75, 13.25, 14.75],
                "texture": "#0"
            }
        }
    }, {
        "from": [12, 4, 6],
        "to": [13, 7, 10],
        "rotation": {
            "angle": 0,
            "axis": "y",
            "origin": [-1, 0, 0]
        },
        "faces": {
            "north": {
                "uv": [13, 14.75, 13.25, 15.5],
                "texture": "#0"
            },
            "east": {
                "uv": [12, 14.75, 13, 15.5],
                "texture": "#0"
            },
            "south": {
                "uv": [14.25, 14.75, 14.5, 15.5],
                "texture": "#0"
            },
            "west": {
                "uv": [13.25, 14.75, 14.25, 15.5],
                "texture": "#0"
            },
            "up": {
                "uv": [13.25, 14.75, 13, 13.75],
                "texture": "#0"
            },
            "down": {
                "uv": [13.5, 13.75, 13.25, 14.75],
                "texture": "#0"
            }
        }
    }, {
        "from": [-0.6, 10.3, 7.4],
        "to": [2.6, 11.5, 8.6],
        "rotation": {
            "angle": 22.5,
            "axis": "z",
            "origin": [0.2, 12.175, 8]
        },
        "faces": {
            "north": {
                "uv": [2.25, 0.25, 3, 0.5],
                "texture": "#0"
            },
            "east": {
                "uv": [2, 0.25, 2.25, 0.5],
                "texture": "#0"
            },
            "south": {
                "uv": [3.25, 0.25, 4, 0.5],
                "texture": "#0"
            },
            "west": {
                "uv": [3, 0.25, 3.25, 0.5],
                "texture": "#0"
            },
            "up": {
                "uv": [3, 0.25, 2.25, 0],
                "texture": "#0"
            },
            "down": {
                "uv": [3.75, 0, 3, 0.25],
                "texture": "#0"
            }
        }
    }, {
        "from": [-1.6, 13.7, 7.4],
        "to": [0.6, 14.9, 8.6],
        "rotation": {
            "angle": 22.5,
            "axis": "z",
            "origin": [0.2, 12.175, 8]
        },
        "faces": {
            "north": {
                "uv": [2.75, 1.75, 3.25, 2],
                "texture": "#0"
            },
            "east": {
                "uv": [2.5, 1.75, 2.75, 2],
                "texture": "#0"
            },
            "south": {
                "uv": [3.5, 1.75, 4, 2],
                "texture": "#0"
            },
            "west": {
                "uv": [3.25, 1.75, 3.5, 2],
                "texture": "#0"
            },
            "up": {
                "uv": [3.25, 1.75, 2.75, 1.5],
                "texture": "#0"
            },
            "down": {
                "uv": [3.75, 1.5, 3.25, 1.75],
                "texture": "#0"
            }
        }
    }, {
        "from": [1.4, 13.7, 7.4],
        "to": [3.6, 14.9, 8.6],
        "rotation": {
            "angle": 22.5,
            "axis": "z",
            "origin": [0.2, 12.175, 8]
        },
        "faces": {
            "north": {
                "uv": [0.25, 1.75, 0.75, 2],
                "texture": "#0"
            },
            "east": {
                "uv": [0, 1.75, 0.25, 2],
                "texture": "#0"
            },
            "south": {
                "uv": [1, 1.75, 1.5, 2],
                "texture": "#0"
            },
            "west": {
                "uv": [0.75, 1.75, 1, 2],
                "texture": "#0"
            },
            "up": {
                "uv": [0.75, 1.75, 0.25, 1.5],
                "texture": "#0"
            },
            "down": {
                "uv": [1.25, 1.5, 0.75, 1.75],
                "texture": "#0"
            }
        }
    }, {
        "from": [-1.6, 11.5, 7.4],
        "to": [3.6, 13.7, 8.6],
        "rotation": {
            "angle": 22.5,
            "axis": "z",
            "origin": [0.2, 12.175, 8]
        },
        "faces": {
            "north": {
                "uv": [1.25, 3.5, 2.5, 4],
                "texture": "#0"
            },
            "east": {
                "uv": [1, 3.5, 1.25, 4],
                "texture": "#0"
            },
            "south": {
                "uv": [2.75, 3.5, 4, 4],
                "texture": "#0"
            },
            "west": {
                "uv": [2.5, 3.5, 2.75, 4],
                "texture": "#0"
            },
            "up": {
                "uv": [2.5, 3.5, 1.25, 3.25],
                "texture": "#0"
            },
            "down": {
                "uv": [3.75, 3.25, 2.5, 3.5],
                "texture": "#0"
            }
        }
    }, {
        "from": [12, 7, 7.5],
        "to": [14, 8, 8.5],
        "shade": false,
        "rotation": {
            "angle": 45,
            "axis": "z",
            "origin": [12, 8, 8]
        },
        "faces": {
            "north": {
                "uv": [7.75, 11.5, 7.25, 11.75],
                "texture": "#0"
            },
            "east": {
                "uv": [8, 11.5, 7.75, 11.75],
                "texture": "#0"
            },
            "south": {
                "uv": [8.5, 11.5, 8, 11.75],
                "texture": "#0"
            },
            "west": {
                "uv": [7.25, 11.5, 7, 11.75],
                "texture": "#0"
            },
            "up": {
                "uv": [7.25, 11.5, 7.75, 11.25],
                "texture": "#0"
            },
            "down": {
                "uv": [7.75, 11.25, 8.25, 11.5],
                "texture": "#0"
            }
        }
    }, {
        "from": [13.15061, 8.75772, 7.5],
        "to": [14.15061, 10.75772, 8.5],
        "shade": false,
        "rotation": {
            "angle": -22.5,
            "axis": "z",
            "origin": [14.07487, 8.76777, 8]
        },
        "faces": {
            "north": {
                "uv": [6.5, 11.25, 6.25, 11.75],
                "texture": "#0"
            },
            "east": {
                "uv": [6.75, 11.25, 6.5, 11.75],
                "texture": "#0"
            },
            "south": {
                "uv": [7, 11.25, 6.75, 11.75],
                "texture": "#0"
            },
            "west": {
                "uv": [6.25, 11.25, 6, 11.75],
                "texture": "#0"
            },
            "up": {
                "uv": [6.25, 11.25, 6.5, 11],
                "texture": "#0"
            },
            "down": {
                "uv": [6.5, 11, 6.75, 11.25],
                "texture": "#0"
            }
        }
    }, {
        "from": [13.4, 10.3, 7.4],
        "to": [16.6, 11.5, 8.6],
        "shade": false,
        "rotation": {
            "angle": -22.5,
            "axis": "z",
            "origin": [15.8, 12.175, 8]
        },
        "faces": {
            "north": {
                "uv": [3, 0.25, 2.25, 0.5],
                "texture": "#0"
            },
            "east": {
                "uv": [3.25, 0.25, 3, 0.5],
                "texture": "#0"
            },
            "south": {
                "uv": [4, 0.25, 3.25, 0.5],
                "texture": "#0"
            },
            "west": {
                "uv": [2.25, 0.25, 2, 0.5],
                "texture": "#0"
            },
            "up": {
                "uv": [2.25, 0.25, 3, 0],
                "texture": "#0"
            },
            "down": {
                "uv": [3, 0, 3.75, 0.25],
                "texture": "#0"
            }
        }
    }, {
        "from": [12.4, 11.5, 7.4],
        "to": [17.6, 13.7, 8.6],
        "shade": false,
        "rotation": {
            "angle": -22.5,
            "axis": "z",
            "origin": [15.8, 12.175, 8]
        },
        "faces": {
            "north": {
                "uv": [2.5, 3.5, 1.25, 4],
                "texture": "#0"
            },
            "east": {
                "uv": [2.75, 3.5, 2.5, 4],
                "texture": "#0"
            },
            "south": {
                "uv": [4, 3.5, 2.75, 4],
                "texture": "#0"
            },
            "west": {
                "uv": [1.25, 3.5, 1, 4],
                "texture": "#0"
            },
            "up": {
                "uv": [1.25, 3.5, 2.5, 3.25],
                "texture": "#0"
            },
            "down": {
                "uv": [2.5, 3.25, 3.75, 3.5],
                "texture": "#0"
            }
        }
    }, {
        "from": [12.4, 13.7, 7.4],
        "to": [14.6, 14.9, 8.6],
        "shade": false,
        "rotation": {
            "angle": -22.5,
            "axis": "z",
            "origin": [15.8, 12.175, 8]
        },
        "faces": {
            "north": {
                "uv": [0.75, 1.75, 0.25, 2],
                "texture": "#0"
            },
            "east": {
                "uv": [1, 1.75, 0.75, 2],
                "texture": "#0"
            },
            "south": {
                "uv": [1.5, 1.75, 1, 2],
                "texture": "#0"
            },
            "west": {
                "uv": [0.25, 1.75, 0, 2],
                "texture": "#0"
            },
            "up": {
                "uv": [0.25, 1.75, 0.75, 1.5],
                "texture": "#0"
            },
            "down": {
                "uv": [0.75, 1.5, 1.25, 1.75],
                "texture": "#0"
            }
        }
    }, {
        "from": [15.4, 13.7, 7.4],
        "to": [17.6, 14.9, 8.6],
        "shade": false,
        "rotation": {
            "angle": -22.5,
            "axis": "z",
            "origin": [15.8, 12.175, 8]
        },
        "faces": {
            "north": {
                "uv": [3.25, 1.75, 2.75, 2],
                "texture": "#0"
            },
            "east": {
                "uv": [3.5, 1.75, 3.25, 2],
                "texture": "#0"
            },
            "south": {
                "uv": [4, 1.75, 3.5, 2],
                "texture": "#0"
            },
            "west": {
                "uv": [2.75, 1.75, 2.5, 2],
                "texture": "#0"
            },
            "up": {
                "uv": [2.75, 1.75, 3.25, 1.5],
                "texture": "#0"
            },
            "down": {
                "uv": [3.25, 1.5, 3.75, 1.75],
                "texture": "#0"
            }
        }
    }]
}