{
	"credit": "Made by PolygonMC",
	"texture_size": [32, 32],
	"textures": {
		"1": "item/hats/inferno_hat"
	},
	"elements": [
		{
			"from": [11, 3, 3],
			"to": [12, 5, 11],
			"rotation": {"angle": 0, "axis": "y", "origin": [12, 3, 4]},
			"faces": {
				"north": {"uv": [6, 11, 6.5, 12], "texture": "#1"},
				"east": {"uv": [0, 7, 4, 8], "texture": "#1"},
				"south": {"uv": [10, 11, 10.5, 12], "texture": "#1"},
				"west": {"uv": [4, 7, 8, 8], "texture": "#1"},
				"up": {"uv": [8.5, 12, 8, 8], "texture": "#1"},
				"down": {"uv": [9, 8, 8.5, 12], "texture": "#1"}
			}
		},
		{
			"from": [11.47, 5, 3.5],
			"to": [11.5, 8, 5],
			"rotation": {"angle": 0, "axis": "y", "origin": [11.47, 5, 4]},
			"faces": {
				"east": {"uv": [4, 9.5, 4.75, 11], "texture": "#1"},
				"west": {"uv": [4.75, 9.5, 4, 11], "texture": "#1"}
			}
		},
		{
			"from": [10, 3, 3],
			"to": [11, 5, 4],
			"rotation": {"angle": 0, "axis": "y", "origin": [11, 3, 4]},
			"faces": {
				"north": {"uv": [2, 11.5, 2.5, 12.5], "texture": "#1"},
				"south": {"uv": [2.5, 11.5, 3, 12.5], "texture": "#1"},
				"west": {"uv": [3, 11.5, 3.5, 12.5], "texture": "#1"},
				"up": {"uv": [11.5, 6, 11, 5.5], "texture": "#1"},
				"down": {"uv": [12, 1, 11.5, 1.5], "texture": "#1"}
			}
		},
		{
			"from": [11, 8, 3],
			"to": [12, 10, 11],
			"rotation": {"angle": 0, "axis": "y", "origin": [12, 8, 4]},
			"faces": {
				"north": {"uv": [1, 11.5, 1.5, 12.5], "texture": "#1"},
				"east": {"uv": [0, 8, 4, 9], "texture": "#1"},
				"south": {"uv": [1.5, 11.5, 2, 12.5], "texture": "#1"},
				"west": {"uv": [4, 8, 8, 9], "texture": "#1"},
				"up": {"uv": [0.5, 13, 0, 9], "texture": "#1"},
				"down": {"uv": [1, 9, 0.5, 13], "texture": "#1"}
			}
		},
		{
			"from": [10, 11, 3.5],
			"to": [10.03, 12, 10.5],
			"rotation": {"angle": 0, "axis": "y", "origin": [11, 11, 4]},
			"faces": {
				"east": {"uv": [4.5, 9, 8, 9.5], "texture": "#1"},
				"west": {"uv": [8, 9, 4.5, 9.5], "texture": "#1"}
			}
		},
		{
			"from": [11, 5, 5],
			"to": [12, 8, 11],
			"rotation": {"angle": 0, "axis": "y", "origin": [12, 6, 4]},
			"faces": {
				"north": {"uv": [6.5, 10, 7, 11.5], "texture": "#1"},
				"east": {"uv": [6.5, 0, 9.5, 1.5], "texture": "#1"},
				"south": {"uv": [10.5, 4.5, 11, 6], "texture": "#1"},
				"west": {"uv": [6.5, 1.5, 9.5, 3], "texture": "#1"}
			}
		},
		{
			"from": [5, 9, 3],
			"to": [11, 10, 10],
			"rotation": {"angle": 0, "axis": "y", "origin": [11, 3, 4]},
			"faces": {
				"north": {"uv": [1, 9.5, 4, 10], "texture": "#1"},
				"up": {"uv": [6, 7, 3, 3.5], "texture": "#1"},
				"down": {"uv": [9, 3.5, 6, 7], "texture": "#1"}
			}
		},
		{
			"from": [4.5, 10, 3.5],
			"to": [11.5, 11, 10.5],
			"rotation": {"angle": 0, "axis": "y", "origin": [11, 4, 4]},
			"faces": {
				"north": {"uv": [6.5, 3, 10, 3.5], "texture": "#1"},
				"east": {"uv": [1, 9, 4.5, 9.5], "texture": "#1"},
				"south": {"uv": [9, 3.5, 12.5, 4], "texture": "#1"},
				"west": {"uv": [9, 4, 12.5, 4.5], "texture": "#1"},
				"up": {"uv": [3.5, 3.5, 0, 0], "texture": "#1"}
			}
		},
		{
			"from": [5, 8, 3],
			"to": [11, 9, 4],
			"rotation": {"angle": 0, "axis": "y", "origin": [11, 2, 4]},
			"faces": {
				"north": {"uv": [9.5, 1.5, 12.5, 2], "texture": "#1"},
				"south": {"uv": [9.5, 2, 12.5, 2.5], "texture": "#1"},
				"down": {"uv": [12.5, 2.5, 9.5, 3], "texture": "#1"}
			}
		},
		{
			"from": [6, 7, 3],
			"to": [10, 8, 4],
			"rotation": {"angle": 0, "axis": "y", "origin": [11, 1, 4]},
			"faces": {
				"north": {"uv": [5, 9.5, 7, 10], "texture": "#1"},
				"east": {"uv": [3, 10, 3.5, 10.5], "texture": "#1"},
				"south": {"uv": [9, 9.5, 11, 10], "texture": "#1"},
				"west": {"uv": [3.5, 10, 4, 10.5], "texture": "#1"},
				"down": {"uv": [3, 10, 1, 10.5], "texture": "#1"}
			}
		},
		{
			"from": [4.5, 6.5, 3.5],
			"to": [11.5, 8, 3.53],
			"rotation": {"angle": 0, "axis": "y", "origin": [11, 1, 4]},
			"faces": {
				"north": {"uv": [8, 7, 11.5, 7.75], "texture": "#1"},
				"south": {"uv": [11.5, 7, 8, 7.75], "texture": "#1"}
			}
		},
		{
			"from": [5, 3, 10],
			"to": [11, 10, 11],
			"rotation": {"angle": 0, "axis": "y", "origin": [11, 3, 4]},
			"faces": {
				"north": {"uv": [0, 3.5, 3, 7], "texture": "#1"},
				"south": {"uv": [3.5, 0, 6.5, 3.5], "texture": "#1"},
				"up": {"uv": [12, 6.5, 9, 6], "texture": "#1"},
				"down": {"uv": [12, 6.5, 9, 7], "texture": "#1"}
			}
		},
		{
			"from": [12, 6.925, 6.75],
			"to": [13, 9.425, 9.25],
			"rotation": {"angle": 0, "axis": "y", "origin": [12, 7.175, 7]},
			"faces": {
				"north": {"uv": [7, 10.5, 7.5, 11.75], "texture": "#1"},
				"east": {"uv": [9, 4.5, 10.25, 5.75], "texture": "#1"},
				"south": {"uv": [7.5, 10.5, 8, 11.75], "texture": "#1"},
				"up": {"uv": [11, 9.25, 10.5, 8], "texture": "#1"},
				"down": {"uv": [11, 10, 10.5, 11.25], "texture": "#1"}
			}
		},
		{
			"from": [13, 7.25, 6.75],
			"to": [15.5, 8.75, 8.25],
			"rotation": {"angle": -45, "axis": "x", "origin": [8, 8.75, 7.5]},
			"faces": {
				"north": {"uv": [5, 10, 6.25, 10.75], "texture": "#1"},
				"east": {"uv": [11, 4.5, 11.75, 5.25], "texture": "#1"},
				"south": {"uv": [9, 10, 10.25, 10.75], "texture": "#1"},
				"west": {"uv": [11, 8, 11.75, 8.75], "texture": "#1"},
				"up": {"uv": [2.25, 11.25, 1, 10.5], "texture": "#1"},
				"down": {"uv": [3.75, 10.5, 2.5, 11.25], "texture": "#1"}
			}
		},
		{
			"from": [14, 8.75, 6.75],
			"to": [15.5, 10.25, 8.25],
			"rotation": {"angle": -45, "axis": "x", "origin": [8, 8.75, 7.5]},
			"faces": {
				"north": {"uv": [9, 11, 9.75, 11.75], "texture": "#1"},
				"east": {"uv": [11, 9, 11.75, 9.75], "texture": "#1"},
				"south": {"uv": [11, 10, 11.75, 10.75], "texture": "#1"},
				"west": {"uv": [11, 11, 11.75, 11.75], "texture": "#1"},
				"up": {"uv": [12.25, 0.75, 11.5, 0], "texture": "#1"}
			}
		},
		{
			"from": [14.25, 10.25, 7],
			"to": [15.25, 11.75, 8],
			"rotation": {"angle": -45, "axis": "x", "origin": [8, 8.75, 7.5]},
			"faces": {
				"north": {"uv": [3.5, 11.5, 4, 12.25], "texture": "#1"},
				"east": {"uv": [4.5, 11.5, 5, 12.25], "texture": "#1"},
				"south": {"uv": [5, 11.5, 5.5, 12.25], "texture": "#1"},
				"west": {"uv": [5.5, 11.5, 6, 12.25], "texture": "#1"},
				"up": {"uv": [11, 12, 10.5, 11.5], "texture": "#1"}
			}
		},
		{
			"from": [4, 3, 3],
			"to": [5, 5, 11],
			"rotation": {"angle": 0, "axis": "y", "origin": [4, 3, 4]},
			"faces": {
				"north": {"uv": [6.5, 11, 6, 12], "texture": "#1"},
				"east": {"uv": [8, 7, 4, 8], "texture": "#1"},
				"south": {"uv": [10.5, 11, 10, 12], "texture": "#1"},
				"west": {"uv": [4, 7, 0, 8], "texture": "#1"},
				"up": {"uv": [8, 12, 8.5, 8], "texture": "#1"},
				"down": {"uv": [8.5, 8, 9, 12], "texture": "#1"}
			}
		},
		{
			"from": [4, 8, 3],
			"to": [5, 10, 11],
			"rotation": {"angle": 0, "axis": "y", "origin": [4, 8, 4]},
			"faces": {
				"north": {"uv": [1.5, 11.5, 1, 12.5], "texture": "#1"},
				"east": {"uv": [8, 8, 4, 9], "texture": "#1"},
				"south": {"uv": [2, 11.5, 1.5, 12.5], "texture": "#1"},
				"west": {"uv": [4, 8, 0, 9], "texture": "#1"},
				"up": {"uv": [0, 13, 0.5, 9], "texture": "#1"},
				"down": {"uv": [0.5, 9, 1, 13], "texture": "#1"}
			}
		},
		{
			"from": [4, 5, 5],
			"to": [5, 8, 11],
			"rotation": {"angle": 0, "axis": "y", "origin": [4, 6, 4]},
			"faces": {
				"north": {"uv": [7, 10, 6.5, 11.5], "texture": "#1"},
				"east": {"uv": [9.5, 1.5, 6.5, 3], "texture": "#1"},
				"south": {"uv": [11, 4.5, 10.5, 6], "texture": "#1"},
				"west": {"uv": [9.5, 0, 6.5, 1.5], "texture": "#1"}
			}
		},
		{
			"from": [3, 6.925, 6.75],
			"to": [4, 9.425, 9.25],
			"rotation": {"angle": 0, "axis": "y", "origin": [4, 7.175, 7]},
			"faces": {
				"north": {"uv": [7.5, 10.5, 7, 11.75], "texture": "#1"},
				"south": {"uv": [8, 10.5, 7.5, 11.75], "texture": "#1"},
				"west": {"uv": [10.25, 4.5, 9, 5.75], "texture": "#1"},
				"up": {"uv": [10.5, 9.25, 11, 8], "texture": "#1"},
				"down": {"uv": [10.5, 10, 11, 11.25], "texture": "#1"}
			}
		},
		{
			"from": [0.5, 7.25, 6.75],
			"to": [3, 8.75, 8.25],
			"rotation": {"angle": -45, "axis": "x", "origin": [8, 8.75, 7.5]},
			"faces": {
				"north": {"uv": [6.25, 10, 5, 10.75], "texture": "#1"},
				"east": {"uv": [11.75, 8, 11, 8.75], "texture": "#1"},
				"south": {"uv": [10.25, 10, 9, 10.75], "texture": "#1"},
				"west": {"uv": [11.75, 4.5, 11, 5.25], "texture": "#1"},
				"up": {"uv": [1, 11.25, 2.25, 10.5], "texture": "#1"},
				"down": {"uv": [2.5, 10.5, 3.75, 11.25], "texture": "#1"}
			}
		},
		{
			"from": [0.5, 8.75, 6.75],
			"to": [2, 10.25, 8.25],
			"rotation": {"angle": -45, "axis": "x", "origin": [8, 8.75, 7.5]},
			"faces": {
				"north": {"uv": [9.75, 11, 9, 11.75], "texture": "#1"},
				"east": {"uv": [11.75, 11, 11, 11.75], "texture": "#1"},
				"south": {"uv": [11.75, 10, 11, 10.75], "texture": "#1"},
				"west": {"uv": [11.75, 9, 11, 9.75], "texture": "#1"},
				"up": {"uv": [11.5, 0.75, 12.25, 0], "texture": "#1"}
			}
		},
		{
			"from": [0.75, 10.25, 7],
			"to": [1.75, 11.75, 8],
			"rotation": {"angle": -45, "axis": "x", "origin": [8, 8.75, 7.5]},
			"faces": {
				"north": {"uv": [4, 11.5, 3.5, 12.25], "texture": "#1"},
				"east": {"uv": [6, 11.5, 5.5, 12.25], "texture": "#1"},
				"south": {"uv": [5.5, 11.5, 5, 12.25], "texture": "#1"},
				"west": {"uv": [5, 11.5, 4.5, 12.25], "texture": "#1"},
				"up": {"uv": [10.5, 12, 11, 11.5], "texture": "#1"}
			}
		},
		{
			"from": [4.5, 5, 3.5],
			"to": [4.53, 8, 5],
			"rotation": {"angle": 0, "axis": "y", "origin": [4.53, 5, 4]},
			"faces": {
				"east": {"uv": [4, 9.5, 4.75, 11], "texture": "#1"},
				"west": {"uv": [4.75, 9.5, 4, 11], "texture": "#1"}
			}
		},
		{
			"from": [5, 3, 3],
			"to": [6, 5, 4],
			"rotation": {"angle": 0, "axis": "y", "origin": [5, 3, 4]},
			"faces": {
				"north": {"uv": [2.5, 11.5, 2, 12.5], "texture": "#1"},
				"east": {"uv": [3.5, 11.5, 3, 12.5], "texture": "#1"},
				"south": {"uv": [3, 11.5, 2.5, 12.5], "texture": "#1"},
				"up": {"uv": [11, 6, 11.5, 5.5], "texture": "#1"},
				"down": {"uv": [11.5, 1, 12, 1.5], "texture": "#1"}
			}
		},
		{
			"from": [5.97, 11, 3.5],
			"to": [6, 12, 10.5],
			"rotation": {"angle": 0, "axis": "y", "origin": [5, 11, 4]},
			"faces": {
				"east": {"uv": [4.5, 9, 8, 9.5], "texture": "#1"},
				"west": {"uv": [8, 9, 4.5, 9.5], "texture": "#1"}
			}
		},
		{
			"from": [8, 7.3, 2.6],
			"to": [10.5, 9.8, 3.6],
			"rotation": {"angle": 45, "axis": "z", "origin": [8, 7.3, 2.1]},
			"faces": {
				"north": {"uv": [9, 8, 10.25, 9.25], "texture": "#1"},
				"east": {"uv": [11, 0, 11.5, 1.25], "texture": "#1"},
				"south": {"uv": [9.5, 0, 10.75, 1.25], "texture": "#1"},
				"west": {"uv": [4, 11, 4.5, 12.25], "texture": "#1"},
				"up": {"uv": [11.25, 3.5, 10, 3], "texture": "#1"},
				"down": {"uv": [5.75, 11, 4.5, 11.5], "texture": "#1"}
			}
		},
		{
			"from": [8.25, 7.55, 2.1],
			"to": [10.25, 9.55, 2.6],
			"rotation": {"angle": 45, "axis": "z", "origin": [8, 7.3, 0.6]},
			"faces": {
				"north": {"uv": [7, 9.5, 8, 10.5], "texture": "#1"},
				"east": {"uv": [6.5, 11.5, 6.75, 12.5], "texture": "#1"},
				"west": {"uv": [11.5, 7, 11.75, 8], "texture": "#1"},
				"up": {"uv": [12.5, 3.25, 11.5, 3], "texture": "#1"},
				"down": {"uv": [12.5, 5.5, 11.5, 5.75], "texture": "#1"}
			}
		}
	],
	"gui_light": "front",
	"display": {
		"thirdperson_righthand": {
			"rotation": [55.5, 0, 0],
			"translation": [0, 3, 2.25],
			"scale": [0.82813, 0.82813, 0.82813]
		},
		"thirdperson_lefthand": {
			"rotation": [55.5, 0, 0],
			"translation": [0, 3, 2.25],
			"scale": [0.82813, 0.82813, 0.82813]
		},
		"firstperson_righthand": {
			"rotation": [157, 0, -180],
			"translation": [-1.25, 4, 0],
			"scale": [0.79102, 0.79102, 0.79102]
		},
		"firstperson_lefthand": {
			"rotation": [157, 0, -180],
			"translation": [-1.25, 4, 0],
			"scale": [0.79102, 0.79102, 0.79102]
		},
		"ground": {
			"translation": [0, 5, 0]
		},
		"gui": {
			"rotation": [30, 225, 0],
			"translation": [0, 1.25, 0],
			"scale": [1, 1, 1]
		},
		"head": {
			"translation": [0, 3, 1.75],
			"scale": [2.13477, 2.13477, 2.13477]
		},
		"fixed": {
			"rotation": [-90, 0, 0],
			"translation": [0, 0, -15.75],
			"scale": [3, 3, 3]
		}
	}
}