{
    "display": {
        "thirdperson_righthand": {
            "translation": [0, 5, -1],
            "scale": [0.75, 0.75, 0.75]
        },
        "thirdperson_lefthand": {
            "translation": [0, 5, -1],
            "scale": [0.75, 0.75, 0.75]
        },
        "firstperson_righthand": {
            "scale": [0.75, 0.75, 0.75]
        },
        "firstperson_lefthand": {
            "scale": [0.75, 0.75, 0.75]
        },
        "ground": {
            "scale": [0.25, 0.25, 0.25]
        },
        "gui": {
            "rotation": [30, -135, 0],
            "translation": [0, 3, 0],
            "scale": [0.8, 0.8, 0.8]
        },
        "head": {
            "translation": [0, 17, 0],
            "scale": [1.82, 1.82, 1.82]
        },
        "fixed": {
            "translation": [0, 3, 0]
        }
    },
    "texture_size": [64, 64],
    "textures": {
        "0": "item/hats/leprechaun_hat",
        "particle": "item/hats/leprechaun_hat"
    },
    "elements": [{
        "from": [2, 0, 2],
        "to": [14, 1, 14],
        "faces": {
            "north": {
                "uv": [3, 15.75, 6, 16],
                "texture": "#0"
            },
            "east": {
                "uv": [0, 15.75, 3, 16],
                "texture": "#0"
            },
            "south": {
                "uv": [9, 15.75, 12, 16],
                "texture": "#0"
            },
            "west": {
                "uv": [6, 15.75, 9, 16],
                "texture": "#0"
            },
            "up": {
                "uv": [6, 15.75, 3, 12.75],
                "texture": "#0"
            },
            "down": {
                "uv": [9, 12.75, 6, 15.75],
                "texture": "#0"
            }
        }
    }, {
        "from": [4, 0, 4],
        "to": [12, 8, 12],
        "faces": {
            "north": {
                "uv": [2, 6.25, 4, 8.25],
                "texture": "#0"
            },
            "east": {
                "uv": [0, 6.25, 2, 8.25],
                "texture": "#0"
            },
            "south": {
                "uv": [6, 6.25, 8, 8.25],
                "texture": "#0"
            },
            "west": {
                "uv": [4, 6.25, 6, 8.25],
                "texture": "#0"
            },
            "up": {
                "uv": [4, 6.25, 2, 4.25],
                "texture": "#0"
            },
            "down": {
                "uv": [6, 4.25, 4, 6.25],
                "texture": "#0"
            }
        }
    }]
}