{
    "display": {
        "thirdperson_righthand": {
            "rotation": [21, 0, 0],
            "translation": [0, 2.25, 1],
            "scale": [0.5, 0.5, 0.5]
        },
        "thirdperson_lefthand": {
            "rotation": [21, 0, 0],
            "translation": [0, 2.25, 1],
            "scale": [0.5, 0.5, 0.5]
        },
        "firstperson_righthand": {
            "translation": [3.5, 1.5, 0]
        },
        "firstperson_lefthand": {
            "translation": [3.5, 1.5, 0]
        },
        "ground": {
            "translation": [0.25, 1.5, 0],
            "scale": [0.6, 0.6, 0.6]
        },
        "gui": {
            "rotation": [24, -141, 0],
            "translation": [0.25, 3, 0]
        },
        "head": {
            "translation": [0, 6.5, 0],
            "scale": [1.86, 1.86, 1.86]
        },
        "fixed": {
            "translation": [-0.25, 3.5, 0]
        }
    },
    "texture_size": [32, 32],
    "textures": {
        "0": "item/hats/chicken_hat",
        "particle": "item/hats/chicken_hat"
    },
    "elements": [{
        "from": [3.6, 0.2, 3.9],
        "to": [12.4, 9, 12.7],
        "rotation": {
            "angle": 0,
            "axis": "y",
            "origin": [3.5, 5, 4]
        },
        "faces": {
            "north": {
                "uv": [0, 0, 4.5, 4.5],
                "texture": "#0"
            },
            "east": {
                "uv": [9, 4.5, 4.5, 9],
                "texture": "#0"
            },
            "south": {
                "uv": [4.5, 0, 9, 4.5],
                "texture": "#0"
            },
            "west": {
                "uv": [4.5, 4.5, 9, 9],
                "texture": "#0"
            },
            "up": {
                "uv": [4.5, 13.5, 0, 9],
                "texture": "#0"
            },
            "down": {
                "uv": [13.5, 0, 9, 4.5],
                "texture": "#0"
            }
        }
    }, {
        "from": [5.7, 8.3, 4],
        "to": [10.3, 9.9, 12.6],
        "rotation": {
            "angle": 0,
            "axis": "y",
            "origin": [3.5, 4.8, 4]
        },
        "faces": {
            "north": {
                "uv": [7, 11, 9.5, 12],
                "texture": "#0"
            },
            "east": {
                "uv": [7, 9, 11.5, 10],
                "texture": "#0"
            },
            "south": {
                "uv": [9.5, 11, 12, 12],
                "texture": "#0"
            },
            "west": {
                "uv": [7, 10, 11.5, 11],
                "texture": "#0"
            },
            "up": {
                "uv": [7, 13.5, 4.5, 9],
                "texture": "#0"
            },
            "down": {
                "uv": [11.5, 4.5, 9, 9],
                "texture": "#0"
            }
        }
    }, {
        "from": [6.5, 5.1, 2.3],
        "to": [9.5, 6.1, 4.3],
        "rotation": {
            "angle": 0,
            "axis": "y",
            "origin": [2.5, 4.8, 4]
        },
        "faces": {
            "north": {
                "uv": [11.5, 6.5, 13, 7],
                "texture": "#0"
            },
            "east": {
                "uv": [11.5, 7.5, 12.5, 8],
                "texture": "#0"
            },
            "south": {
                "uv": [11.5, 7, 13, 7.5],
                "texture": "#0"
            },
            "west": {
                "uv": [11.5, 8, 12.5, 8.5],
                "texture": "#0"
            },
            "up": {
                "uv": [13, 5.5, 11.5, 4.5],
                "texture": "#0"
            },
            "down": {
                "uv": [13, 5.5, 11.5, 6.5],
                "texture": "#0"
            }
        }
    }]
}