{
	"credit": "magic_store_official",
	"texture_size": [32, 32],
	"textures": {
		"0": "item/hats/traffic_cone_hat/traffic_cone_hat",
		"particle": "item/hats/traffic_cone_hat/traffic_cone_hat"
	},
	"elements": [
		{
			"from": [3, 0, 3],
			"to": [13, 2, 13],
			"faces": {
				"north": {"uv": [8, 7.5, 13, 8.5], "texture": "#0"},
				"east": {"uv": [8, 7.5, 13, 8.5], "texture": "#0"},
				"south": {"uv": [8, 7.5, 13, 8.5], "texture": "#0"},
				"west": {"uv": [8, 7.5, 13, 8.5], "texture": "#0"},
				"up": {"uv": [5, 5, 0, 0], "texture": "#0"},
				"down": {"uv": [5, 5, 0, 10], "texture": "#0"}
			}
		},
		{
			"from": [5, 2, 5],
			"to": [11, 8, 11],
			"faces": {
				"north": {"uv": [8, 2.5, 11, 5.5], "texture": "#0"},
				"east": {"uv": [8, 2.5, 11, 5.5], "texture": "#0"},
				"south": {"uv": [8, 2.5, 11, 5.5], "texture": "#0"},
				"west": {"uv": [8, 2.5, 11, 5.5], "texture": "#0"},
				"up": {"uv": [8, 3, 5, 0], "texture": "#0"}
			}
		},
		{
			"from": [6, 8, 6],
			"to": [10, 13, 10],
			"faces": {
				"north": {"uv": [7, 10.5, 9, 13], "texture": "#0"},
				"east": {"uv": [7, 10.5, 9, 13], "texture": "#0"},
				"south": {"uv": [7, 10.5, 9, 13], "texture": "#0"},
				"west": {"uv": [7, 10.5, 9, 13], "texture": "#0"},
				"up": {"uv": [13, 2, 11, 0], "texture": "#0"}
			}
		},
		{
			"from": [7, 13, 7],
			"to": [9, 14, 9],
			"faces": {
				"north": {"uv": [11, 3, 12, 3.5], "texture": "#0"},
				"east": {"uv": [11, 3.5, 12, 4], "texture": "#0"},
				"south": {"uv": [4, 11, 5, 11.5], "texture": "#0"},
				"west": {"uv": [11, 4, 12, 4.5], "texture": "#0"},
				"up": {"uv": [10, 11.5, 9, 10.5], "texture": "#0"},
				"down": {"uv": [10, 11.5, 9, 10.5], "texture": "#0"}
			}
		}
	],
	"display": {
		"thirdperson_righthand": {
			"rotation": [10.75, 0, 0],
			"translation": [0, 2.5, 0],
			"scale": [0.45, 0.45, 0.45]
		},
		"thirdperson_lefthand": {
			"rotation": [10.75, 0, 0],
			"translation": [0, 2.5, 0],
			"scale": [0.45, 0.45, 0.45]
		},
		"firstperson_righthand": {
			"rotation": [0, 20.75, 0],
			"translation": [3, 4, 0],
			"scale": [0.7, 0.7, 0.7]
		},
		"firstperson_lefthand": {
			"rotation": [0, 20.75, 0],
			"translation": [3, 4, 0],
			"scale": [0.7, 0.7, 0.7]
		},
		"ground": {
			"scale": [0.5, 0.5, 0.5]
		},
		"gui": {
			"rotation": [30, 135, 0],
			"translation": [0.25, 1.5, 0],
			"scale": [0.85, 0.85, 0.85]
		},
		"head": {
			"translation": [0, 18.5, 0],
			"scale": [1.7, 1.7, 1.7]
		}
	}
}