{"textures":{"0":"modelengine:entity/tractor2gray"},"elements":[{"from":[2.4602995,1.8834639,16.750109],"to":[13.7243,3.6754642,18.542109],"rotation":{"angle":0.0,"axis":"y","origin":[1.1803002,-1.5725355,-1.6818914]},"faces":{"east":{"uv":[8.25,12.4375,8.5,12.6875],"rotation":0,"texture":"#0","tintindex":0},"south":{"uv":[6.25,7.875,8.0,8.125],"rotation":0,"texture":"#0","tintindex":0},"north":{"uv":[7.75,6.6875,9.5,6.9375],"rotation":0,"texture":"#0","tintindex":0},"west":{"uv":[9.25,12.4375,9.5,12.6875],"rotation":0,"texture":"#0","tintindex":0},"up":{"uv":[9.75,2.3125,8.0,2.0625],"rotation":0,"texture":"#0","tintindex":0},"down":{"uv":[9.75,2.3125,8.0,2.5625],"rotation":0,"texture":"#0","tintindex":0}}},{"from":[2.2202997,1.5634642,-3.0898924],"to":[13.484301,3.355464,-1.2978926],"rotation":{"angle":0.0,"axis":"y","origin":[1.1803002,-1.5725355,-1.6818914]},"faces":{"east":{"uv":[11.3125,12.4375,11.5625,12.6875],"rotation":0,"texture":"#0","tintindex":0},"south":{"uv":[8.0,4.875,9.75,5.125],"rotation":0,"texture":"#0","tintindex":0},"north":{"uv":[8.0,4.625,9.75,4.875],"rotation":0,"texture":"#0","tintindex":0},"west":{"uv":[11.5625,12.4375,11.8125,12.6875],"rotation":0,"texture":"#0","tintindex":0},"up":{"uv":[9.75,5.375,8.0,5.125],"rotation":0,"texture":"#0","tintindex":0},"down":{"uv":[9.75,7.875,8.0,8.125],"rotation":0,"texture":"#0","tintindex":0}}},{"from":[3.9962997,5.339464,-9.105892],"to":[12.1883,10.459464,3.950108],"rotation":{"angle":0.0,"axis":"y","origin":[1.1803002,-1.5725355,-2.9618921]},"faces":{"east":{"uv":[2.5,0.0,4.5625,0.8125],"rotation":0,"texture":"#0","tintindex":0},"south":{"uv":[4.875,4.875,6.125,5.6875],"rotation":0,"texture":"#0","tintindex":0},"north":{"uv":[3.625,4.875,4.875,5.6875],"rotation":0,"texture":"#0","tintindex":0},"west":{"uv":[2.5,0.8125,4.5625,1.625],"rotation":0,"texture":"#0","tintindex":0},"up":{"uv":[1.25,2.0625,0.0,0.0],"rotation":0,"texture":"#0","tintindex":0},"down":{"uv":[2.5,0.0,1.25,2.0625],"rotation":0,"texture":"#0","tintindex":0}}},{"from":[3.9962997,3.2914643,-9.105892],"to":[12.1883,5.339464,-7.2338915],"rotation":{"angle":0.0,"axis":"y","origin":[1.1803002,-1.5725355,-2.9618921]},"faces":{"east":{"uv":[2.5,3.4375,2.8125,3.75],"rotation":0,"texture":"#0","tintindex":0},"south":{"uv":[8.3125,6.0,9.5625,6.3125],"rotation":0,"texture":"#0","tintindex":0},"north":{"uv":[8.125,7.5625,9.375,7.875],"rotation":0,"texture":"#0","tintindex":0},"west":{"uv":[7.3125,3.5,7.625,3.8125],"rotation":0,"texture":"#0","tintindex":0},"up":{"uv":[2.625,9.3125,1.375,9.0],"rotation":0,"texture":"#0","tintindex":0},"down":{"uv":[10.25,5.375,9.0,5.6875],"rotation":0,"texture":"#0","tintindex":0}}},{"from":[3.9962997,3.2914643,-3.0898924],"to":[12.1883,5.339464,3.950108],"rotation":{"angle":0.0,"axis":"y","origin":[1.1803002,-1.5725355,-2.9618921]},"faces":{"east":{"uv":[7.0,9.9375,8.125,10.25],"rotation":0,"texture":"#0","tintindex":0},"south":{"uv":[9.0,6.3125,10.25,6.625],"rotation":0,"texture":"#0","tintindex":0},"north":{"uv":[9.0,5.6875,10.25,6.0],"rotation":0,"texture":"#0","tintindex":0},"west":{"uv":[8.125,9.9375,9.25,10.25],"rotation":0,"texture":"#0","tintindex":0},"up":{"uv":[3.75,4.875,2.5,3.75],"rotation":0,"texture":"#0","tintindex":0},"down":{"uv":[5.0,3.75,3.75,4.875],"rotation":0,"texture":"#0","tintindex":0}}},{"from":[4.5083,3.2914643,-7.3138914],"to":[11.6763,5.339464,-2.9618921],"rotation":{"angle":0.0,"axis":"y","origin":[1.1803002,-1.5725355,-2.9618921]},"faces":{"east":{"uv":[7.0625,11.0625,7.75,11.375],"rotation":0,"texture":"#0","tintindex":0},"south":{"uv":[9.75,7.75,10.875,8.0625],"rotation":0,"texture":"#0","tintindex":0},"north":{"uv":[9.5625,6.0,10.6875,6.3125],"rotation":0,"texture":"#0","tintindex":0},"west":{"uv":[7.75,11.0625,8.4375,11.375],"rotation":0,"texture":"#0","tintindex":0},"up":{"uv":[6.875,2.875,5.75,2.1875],"rotation":0,"texture":"#0","tintindex":0},"down":{"uv":[6.9375,0.0,5.8125,0.6875],"rotation":0,"texture":"#0","tintindex":0}}},{"from":[4.7642994,0.7314644,-9.105892],"to":[11.4203,3.2914643,-2.9618921],"rotation":{"angle":0.0,"axis":"y","origin":[1.1803002,-1.5725355,-2.9618921]},"faces":{"east":{"uv":[9.75,2.0625,10.6875,2.4375],"rotation":0,"texture":"#0","tintindex":0},"south":{"uv":[8.9375,1.6875,10.0,2.0625],"rotation":0,"texture":"#0","tintindex":0},"north":{"uv":[5.0,4.4375,6.0625,4.8125],"rotation":0,"texture":"#0","tintindex":0},"west":{"uv":[9.75,4.875,10.6875,5.25],"rotation":0,"texture":"#0","tintindex":0},"up":{"uv":[6.0625,4.4375,5.0,3.5],"rotation":0,"texture":"#0","tintindex":0},"down":{"uv":[1.0625,5.5625,0.0,6.5],"rotation":0,"texture":"#0","tintindex":0}}},{"from":[4.7642994,0.7314644,-12.945892],"to":[5.5323,1.7554641,-9.105892],"rotation":{"angle":0.0,"axis":"y","origin":[1.1803002,-1.5725355,-2.9618921]},"faces":{"east":{"uv":[8.25,1.875,8.875,2.0625],"rotation":0,"texture":"#0","tintindex":0},"south":{"uv":[12.75,12.4375,12.875,12.625],"rotation":0,"texture":"#0","tintindex":0},"north":{"uv":[1.75,12.75,1.875,12.9375],"rotation":0,"texture":"#0","tintindex":0},"west":{"uv":[2.25,12.0625,2.875,12.25],"rotation":0,"texture":"#0","tintindex":0},"up":{"uv":[3.875,10.9375,3.75,10.3125],"rotation":0,"texture":"#0","tintindex":0},"down":{"uv":[4.875,12.25,4.75,12.875],"rotation":0,"texture":"#0","tintindex":0}}},{"from":[10.6523,0.7314644,-12.945892],"to":[11.4203,1.7554641,-9.105892],"rotation":{"angle":0.0,"axis":"y","origin":[1.1803002,-1.5725355,-2.9618921]},"faces":{"east":{"uv":[5.875,12.0625,6.5,12.25],"rotation":0,"texture":"#0","tintindex":0},"south":{"uv":[0.1875,12.8125,0.3125,13.0],"rotation":0,"texture":"#0","tintindex":0},"north":{"uv":[12.75,12.625,12.875,12.8125],"rotation":0,"texture":"#0","tintindex":0},"west":{"uv":[6.5,12.0625,7.125,12.25],"rotation":0,"texture":"#0","tintindex":0},"up":{"uv":[5.0,12.875,4.875,12.25],"rotation":0,"texture":"#0","tintindex":0},"down":{"uv":[6.5625,12.25,6.4375,12.875],"rotation":0,"texture":"#0","tintindex":0}}},{"from":[4.7642994,1.7554641,-12.945892],"to":[5.5323,2.5234642,-12.177893],"rotation":{"angle":0.0,"axis":"y","origin":[1.1803002,-1.5725355,-2.9618921]},"faces":{"east":{"uv":[9.5625,9.25,9.6875,9.375],"rotation":0,"texture":"#0","tintindex":0},"south":{"uv":[10.1875,9.125,10.3125,9.25],"rotation":0,"texture":"#0","tintindex":0},"north":{"uv":[6.875,2.75,7.0,2.875],"rotation":0,"texture":"#0","tintindex":0},"west":{"uv":[10.25,6.5,10.375,6.625],"rotation":0,"texture":"#0","tintindex":0},"up":{"uv":[11.5625,5.5,11.4375,5.375],"rotation":0,"texture":"#0","tintindex":0},"down":{"uv":[9.625,11.8125,9.5,11.9375],"rotation":0,"texture":"#0","tintindex":0}}},{"from":[10.6523,1.7554641,-12.945892],"to":[11.4203,2.5234642,-12.177893],"rotation":{"angle":0.0,"axis":"y","origin":[1.1803002,-1.5725355,-2.9618921]},"faces":{"east":{"uv":[6.0625,12.5,6.1875,12.625],"rotation":0,"texture":"#0","tintindex":0},"south":{"uv":[12.625,12.4375,12.75,12.5625],"rotation":0,"texture":"#0","tintindex":0},"north":{"uv":[11.0,12.0625,11.125,12.1875],"rotation":0,"texture":"#0","tintindex":0},"west":{"uv":[12.6875,7.125,12.8125,7.25],"rotation":0,"texture":"#0","tintindex":0},"up":{"uv":[12.8125,10.5,12.6875,10.375],"rotation":0,"texture":"#0","tintindex":0},"down":{"uv":[12.875,4.9375,12.75,5.0625],"rotation":0,"texture":"#0","tintindex":0}}},{"from":[3.9962997,0.98746395,-11.665892],"to":[12.1883,1.4994645,-10.897892],"rotation":{"angle":0.0,"axis":"y","origin":[1.1803002,-1.5725355,-2.9618921]},"faces":{"east":{"uv":[7.375,2.0,7.5,2.0625],"rotation":0,"texture":"#0","tintindex":0},"south":{"uv":[12.0,6.1875,13.25,6.25],"rotation":0,"texture":"#0","tintindex":0},"north":{"uv":[11.5625,2.75,12.8125,2.8125],"rotation":0,"texture":"#0","tintindex":0},"west":{"uv":[7.5625,6.3125,7.6875,6.375],"rotation":0,"texture":"#0","tintindex":0},"up":{"uv":[12.75,2.0,11.5,1.875],"rotation":0,"texture":"#0","tintindex":0},"down":{"uv":[12.8125,2.625,11.5625,2.75],"rotation":0,"texture":"#0","tintindex":0}}},{"from":[4.7642994,3.2914643,-10.731493],"to":[5.5323,7.131464,-9.963491],"rotation":{"angle":45.0,"axis":"x","origin":[5.1482997,3.6754642,-13.073893]},"faces":{"east":{"uv":[6.6875,12.25,6.8125,12.875],"rotation":0,"texture":"#0","tintindex":0},"south":{"uv":[6.8125,12.25,6.9375,12.875],"rotation":0,"texture":"#0","tintindex":0},"north":{"uv":[6.5625,12.25,6.6875,12.875],"rotation":0,"texture":"#0","tintindex":0},"west":{"uv":[6.9375,12.25,7.0625,12.875],"rotation":0,"texture":"#0","tintindex":0},"up":{"uv":[5.75,12.9375,5.625,12.8125],"rotation":0,"texture":"#0","tintindex":0},"down":{"uv":[12.9375,5.625,12.8125,5.75],"rotation":0,"texture":"#0","tintindex":0}}},{"from":[10.6523,3.2914643,-10.731493],"to":[11.4203,7.131464,-9.963491],"rotation":{"angle":45.0,"axis":"x","origin":[5.1482997,3.6754642,-13.073893]},"faces":{"east":{"uv":[5.25,12.3125,5.375,12.9375],"rotation":0,"texture":"#0","tintindex":0},"south":{"uv":[5.375,12.3125,5.5,12.9375],"rotation":0,"texture":"#0","tintindex":0},"north":{"uv":[5.125,12.3125,5.25,12.9375],"rotation":0,"texture":"#0","tintindex":0},"west":{"uv":[5.5,12.3125,5.625,12.9375],"rotation":0,"texture":"#0","tintindex":0},"up":{"uv":[5.875,12.9375,5.75,12.8125],"rotation":0,"texture":"#0","tintindex":0},"down":{"uv":[6.0,12.8125,5.875,12.9375],"rotation":0,"texture":"#0","tintindex":0}}},{"from":[4.7642994,2.5234642,-10.897892],"to":[5.5323,2.5234642,-10.129892],"rotation":{"angle":0.0,"axis":"y","origin":[1.1803002,-1.5725355,-1.6818914]},"faces":{"east":{"uv":[0.0,0.0,0.125,0.0],"rotation":0,"texture":"#0","tintindex":0},"south":{"uv":[0.0,0.0,0.125,0.0],"rotation":0,"texture":"#0","tintindex":0},"north":{"uv":[0.0,0.0,0.125,0.0],"rotation":0,"texture":"#0","tintindex":0},"west":{"uv":[0.0,0.0,0.125,0.0],"rotation":0,"texture":"#0","tintindex":0},"up":{"uv":[6.125,12.9375,6.0,12.8125],"rotation":0,"texture":"#0","tintindex":0},"down":{"uv":[6.25,12.8125,6.125,12.9375],"rotation":0,"texture":"#0","tintindex":0}}},{"from":[10.6523,2.5234642,-12.177893],"to":[11.4203,2.5234642,-11.409893],"rotation":{"angle":0.0,"axis":"y","origin":[1.1803002,-1.5725355,-2.9618921]},"faces":{"east":{"uv":[0.0,0.0,0.125,0.0],"rotation":0,"texture":"#0","tintindex":0},"south":{"uv":[0.0,0.0,0.125,0.0],"rotation":0,"texture":"#0","tintindex":0},"north":{"uv":[0.0,0.0,0.125,0.0],"rotation":0,"texture":"#0","tintindex":0},"west":{"uv":[0.0,0.0,0.125,0.0],"rotation":0,"texture":"#0","tintindex":0},"up":{"uv":[6.375,12.9375,6.25,12.8125],"rotation":0,"texture":"#0","tintindex":0},"down":{"uv":[12.9375,7.125,12.8125,7.25],"rotation":0,"texture":"#0","tintindex":0}}},{"from":[4.7642994,2.5234642,-12.177893],"to":[5.5323,2.5234642,-11.409893],"rotation":{"angle":0.0,"axis":"y","origin":[1.1803002,-1.5725355,-2.9618921]},"faces":{"east":{"uv":[0.0,0.0,0.125,0.0],"rotation":0,"texture":"#0","tintindex":0},"south":{"uv":[0.0,0.0,0.125,0.0],"rotation":0,"texture":"#0","tintindex":0},"north":{"uv":[0.0,0.0,0.125,0.0],"rotation":0,"texture":"#0","tintindex":0},"west":{"uv":[0.0,0.0,0.125,0.0],"rotation":0,"texture":"#0","tintindex":0},"up":{"uv":[9.625,13.0,9.5,12.875],"rotation":0,"texture":"#0","tintindex":0},"down":{"uv":[13.0,9.5,12.875,9.625],"rotation":0,"texture":"#0","tintindex":0}}},{"from":[12.1883,0.98746395,-11.665892],"to":[12.7003,1.7554641,-9.105892],"rotation":{"angle":0.0,"axis":"y","origin":[1.1803002,-1.5725355,-1.6818914]},"faces":{"east":{"uv":[6.875,4.8125,7.25,4.9375],"rotation":0,"texture":"#0","tintindex":0},"south":{"uv":[5.1875,9.3125,5.25,9.4375],"rotation":0,"texture":"#0","tintindex":0},"north":{"uv":[7.9375,2.0625,8.0,2.1875],"rotation":0,"texture":"#0","tintindex":0},"west":{"uv":[7.75,6.9375,8.125,7.0625],"rotation":0,"texture":"#0","tintindex":0},"up":{"uv":[6.125,4.875,6.0625,4.5],"rotation":0,"texture":"#0","tintindex":0},"down":{"uv":[4.75,9.625,4.6875,10.0],"rotation":0,"texture":"#0","tintindex":0}}},{"from":[3.4842997,0.98746395,-11.665892],"to":[3.9962997,1.7554641,-9.105892],"rotation":{"angle":0.0,"axis":"y","origin":[1.1803002,-1.5725355,-2.9618921]},"faces":{"east":{"uv":[9.375,7.75,9.75,7.875],"rotation":0,"texture":"#0","tintindex":0},"south":{"uv":[10.1875,5.25,10.25,5.375],"rotation":0,"texture":"#0","tintindex":0},"north":{"uv":[10.0,2.4375,10.0625,2.5625],"rotation":0,"texture":"#0","tintindex":0},"west":{"uv":[1.25,12.5,1.625,12.625],"rotation":0,"texture":"#0","tintindex":0},"up":{"uv":[10.8125,12.8125,10.75,12.4375],"rotation":0,"texture":"#0","tintindex":0},"down":{"uv":[4.625,12.5625,4.5625,12.9375],"rotation":0,"texture":"#0","tintindex":0}}},{"from":[5.5323,6.187464,-10.731493],"to":[10.6523,7.211464,-9.963491],"rotation":{"angle":45.0,"axis":"x","origin":[5.1482997,3.6754642,-13.073893]},"faces":{"east":{"uv":[0.3125,12.8125,0.4375,13.0],"rotation":0,"texture":"#0","tintindex":0},"south":{"uv":[0.625,11.875,1.4375,12.0625],"rotation":0,"texture":"#0","tintindex":0},"north":{"uv":[11.875,0.25,12.6875,0.4375],"rotation":0,"texture":"#0","tintindex":0},"west":{"uv":[0.4375,12.8125,0.5625,13.0],"rotation":0,"texture":"#0","tintindex":0},"up":{"uv":[9.5,12.25,8.6875,12.125],"rotation":0,"texture":"#0","tintindex":0},"down":{"uv":[13.0,5.375,12.1875,5.5],"rotation":0,"texture":"#0","tintindex":0}}},{"from":[5.5323,4.315464,-10.731493],"to":[10.6523,5.0834637,-9.963491],"rotation":{"angle":45.0,"axis":"x","origin":[5.1482997,3.6754642,-13.073893]},"faces":{"east":{"uv":[7.375,12.8125,7.5,12.9375],"rotation":0,"texture":"#0","tintindex":0},"south":{"uv":[12.1875,5.75,13.0,5.875],"rotation":0,"texture":"#0","tintindex":0},"north":{"uv":[12.1875,5.5,13.0,5.625],"rotation":0,"texture":"#0","tintindex":0},"west":{"uv":[7.5,12.8125,7.625,12.9375],"rotation":0,"texture":"#0","tintindex":0},"up":{"uv":[13.0,7.625,12.1875,7.5],"rotation":0,"texture":"#0","tintindex":0},"down":{"uv":[13.0,7.625,12.1875,7.75],"rotation":0,"texture":"#0","tintindex":0}}},{"from":[3.4842997,4.315464,-8.529892],"to":[3.9962997,5.339464,-7.7618914],"rotation":{"angle":0.0,"axis":"y","origin":[1.1803002,-1.5725355,-2.9618921]},"faces":{"east":{"uv":[0.5625,12.8125,0.6875,13.0],"rotation":0,"texture":"#0","tintindex":0},"south":{"uv":[7.9375,4.625,8.0,4.8125],"rotation":0,"texture":"#0","tintindex":0},"north":{"uv":[7.6875,6.3125,7.75,6.5],"rotation":0,"texture":"#0","tintindex":0},"west":{"uv":[0.6875,12.8125,0.8125,13.0],"rotation":0,"texture":"#0","tintindex":0},"up":{"uv":[10.375,3.125,10.3125,3.0],"rotation":0,"texture":"#0","tintindex":0},"down":{"uv":[10.375,4.1875,10.3125,4.3125],"rotation":0,"texture":"#0","tintindex":0}}},{"from":[1.6922994,4.0594645,-8.657892],"to":[3.4842997,5.5954638,-7.633891],"rotation":{"angle":0.0,"axis":"y","origin":[1.1803002,-1.5725355,-2.9618921]},"faces":{"east":{"uv":[12.5,6.375,12.6875,6.625],"rotation":0,"texture":"#0","tintindex":0},"south":{"uv":[9.5,12.4375,9.75,12.6875],"rotation":0,"texture":"#0","tintindex":0},"north":{"uv":[12.4375,9.25,12.6875,9.5],"rotation":0,"texture":"#0","tintindex":0},"west":{"uv":[12.5,6.625,12.6875,6.875],"rotation":0,"texture":"#0","tintindex":0},"up":{"uv":[7.9375,4.8125,7.6875,4.625],"rotation":0,"texture":"#0","tintindex":0},"down":{"uv":[8.25,5.375,8.0,5.5625],"rotation":0,"texture":"#0","tintindex":0}}},{"from":[12.1883,4.315464,-8.529892],"to":[12.7003,5.339464,-7.7618914],"rotation":{"angle":0.0,"axis":"y","origin":[1.1803002,-1.5725355,-2.9618921]},"faces":{"east":{"uv":[0.8125,12.8125,0.9375,13.0],"rotation":0,"texture":"#0","tintindex":0},"south":{"uv":[8.25,5.375,8.3125,5.5625],"rotation":0,"texture":"#0","tintindex":0},"north":{"uv":[8.0,2.5625,8.0625,2.75],"rotation":0,"texture":"#0","tintindex":0},"west":{"uv":[0.9375,12.8125,1.0625,13.0],"rotation":0,"texture":"#0","tintindex":0},"up":{"uv":[5.75,10.5,5.6875,10.375],"rotation":0,"texture":"#0","tintindex":0},"down":{"uv":[10.75,8.5625,10.6875,8.6875],"rotation":0,"texture":"#0","tintindex":0}}},{"from":[12.7003,4.0594645,-8.657892],"to":[14.4923,5.5954638,-7.633891],"rotation":{"angle":0.0,"axis":"y","origin":[1.1803002,-1.5725355,-2.9618921]},"faces":{"east":{"uv":[12.5,6.875,12.6875,7.125],"rotation":0,"texture":"#0","tintindex":0},"south":{"uv":[9.75,12.4375,10.0,12.6875],"rotation":0,"texture":"#0","tintindex":0},"north":{"uv":[12.4375,9.5,12.6875,9.75],"rotation":0,"texture":"#0","tintindex":0},"west":{"uv":[8.6875,12.5,8.875,12.75],"rotation":0,"texture":"#0","tintindex":0},"up":{"uv":[4.125,9.625,3.875,9.4375],"rotation":0,"texture":"#0","tintindex":0},"down":{"uv":[9.125,12.5,8.875,12.6875],"rotation":0,"texture":"#0","tintindex":0}}},{"from":[-0.611701,7.323464,-6.5458927],"to":[3.9962997,8.091464,0.878108],"rotation":{"angle":0.0,"axis":"y","origin":[1.1803002,-1.828536,-2.7058926]},"faces":{"east":{"uv":[11.875,1.0625,13.0625,1.1875],"rotation":0,"texture":"#0","tintindex":0},"south":{"uv":[12.0625,12.1875,12.8125,12.3125],"rotation":0,"texture":"#0","tintindex":0},"north":{"uv":[11.3125,12.1875,12.0625,12.3125],"rotation":0,"texture":"#0","tintindex":0},"west":{"uv":[11.875,1.1875,13.0625,1.3125],"rotation":0,"texture":"#0","tintindex":0},"up":{"uv":[1.8125,6.75,1.0625,5.5625],"rotation":0,"texture":"#0","tintindex":0},"down":{"uv":[4.375,5.6875,3.625,6.875],"rotation":0,"texture":"#0","tintindex":0}}},{"from":[-0.611701,8.475464,0.084507465],"to":[3.9962997,9.243464,3.668508],"rotation":{"angle":45.0,"axis":"x","origin":[1.9482999,7.707464,-0.9138918]},"faces":{"east":{"uv":[6.9375,0.5625,7.5,0.6875],"rotation":0,"texture":"#0","tintindex":0},"south":{"uv":[1.125,12.25,1.875,12.375],"rotation":0,"texture":"#0","tintindex":0},"north":{"uv":[0.375,12.25,1.125,12.375],"rotation":0,"texture":"#0","tintindex":0},"west":{"uv":[3.875,12.375,4.4375,12.5],"rotation":0,"texture":"#0","tintindex":0},"up":{"uv":[9.6875,0.5625,8.9375,0.0],"rotation":0,"texture":"#0","tintindex":0},"down":{"uv":[9.6875,0.5625,8.9375,1.125],"rotation":0,"texture":"#0","tintindex":0}}},{"from":[-0.611701,0.9490638,2.644508],"to":[3.9962997,5.557064,3.412508],"rotation":{"angle":0.0,"axis":"y","origin":[1.1803002,-1.828536,-2.7058926]},"faces":{"east":{"uv":[1.875,12.125,2.0,12.875],"rotation":0,"texture":"#0","tintindex":0},"south":{"uv":[7.25,4.8125,8.0,5.5625],"rotation":0,"texture":"#0","tintindex":0},"north":{"uv":[6.625,7.125,7.375,7.875],"rotation":0,"texture":"#0","tintindex":0},"west":{"uv":[3.0,12.125,3.125,12.875],"rotation":0,"texture":"#0","tintindex":0},"up":{"uv":[13.0,1.5625,12.25,1.4375],"rotation":0,"texture":"#0","tintindex":0},"down":{"uv":[13.0,3.25,12.25,3.375],"rotation":0,"texture":"#0","tintindex":0}}},{"from":[12.1883,7.323464,-6.5458927],"to":[16.796299,8.091464,0.878108],"rotation":{"angle":0.0,"axis":"y","origin":[13.4683,-1.828536,-2.7058926]},"faces":{"east":{"uv":[11.875,1.3125,13.0625,1.4375],"rotation":0,"texture":"#0","tintindex":0},"south":{"uv":[12.25,3.5,13.0,3.625],"rotation":0,"texture":"#0","tintindex":0},"north":{"uv":[12.25,3.375,13.0,3.5],"rotation":0,"texture":"#0","tintindex":0},"west":{"uv":[4.0,11.875,5.1875,12.0],"rotation":0,"texture":"#0","tintindex":0},"up":{"uv":[5.125,6.875,4.375,5.6875],"rotation":0,"texture":"#0","tintindex":0},"down":{"uv":[5.875,5.6875,5.125,6.875],"rotation":0,"texture":"#0","tintindex":0}}},{"from":[12.1883,0.9490638,2.644508],"to":[16.796299,5.557064,3.412508],"rotation":{"angle":0.0,"axis":"y","origin":[13.4683,-1.828536,-2.7058926]},"faces":{"east":{"uv":[3.125,12.125,3.25,12.875],"rotation":0,"texture":"#0","tintindex":0},"south":{"uv":[7.375,7.125,8.125,7.875],"rotation":0,"texture":"#0","tintindex":0},"north":{"uv":[7.3125,2.75,8.0625,3.5],"rotation":0,"texture":"#0","tintindex":0},"west":{"uv":[3.25,12.125,3.375,12.875],"rotation":0,"texture":"#0","tintindex":0},"up":{"uv":[13.0,3.75,12.25,3.625],"rotation":0,"texture":"#0","tintindex":0},"down":{"uv":[13.0,3.75,12.25,3.875],"rotation":0,"texture":"#0","tintindex":0}}},{"from":[12.1883,8.475464,0.084507465],"to":[16.796299,9.243464,3.668508],"rotation":{"angle":45.0,"axis":"x","origin":[14.2362995,7.707464,-0.9138918]},"faces":{"east":{"uv":[12.375,5.1875,12.9375,5.3125],"rotation":0,"texture":"#0","tintindex":0},"south":{"uv":[12.25,3.875,13.0,4.0],"rotation":0,"texture":"#0","tintindex":0},"north":{"uv":[3.875,12.25,4.625,12.375],"rotation":0,"texture":"#0","tintindex":0},"west":{"uv":[5.625,12.375,6.1875,12.5],"rotation":0,"texture":"#0","tintindex":0},"up":{"uv":[9.6875,1.6875,8.9375,1.125],"rotation":0,"texture":"#0","tintindex":0},"down":{"uv":[9.6875,3.8125,8.9375,4.375],"rotation":0,"texture":"#0","tintindex":0}}},{"from":[3.9962997,4.315464,12.910109],"to":[12.1883,10.2034645,15.214108],"rotation":{"angle":0.0,"axis":"y","origin":[1.1803002,-1.5725355,-1.6818914]},"faces":{"east":{"uv":[1.375,6.75,1.75,7.6875],"rotation":0,"texture":"#0","tintindex":0},"south":{"uv":[4.5,2.5625,5.75,3.5],"rotation":0,"texture":"#0","tintindex":0},"north":{"uv":[4.5,1.625,5.75,2.5625],"rotation":0,"texture":"#0","tintindex":0},"west":{"uv":[5.375,9.4375,5.75,10.375],"rotation":0,"texture":"#0","tintindex":0},"up":{"uv":[8.9375,4.625,7.6875,4.25],"rotation":0,"texture":"#0","tintindex":0},"down":{"uv":[9.0,6.3125,7.75,6.6875],"rotation":0,"texture":"#0","tintindex":0}}},{"from":[3.9962997,0.7314644,12.654108],"to":[12.1883,4.315464,16.750109],"rotation":{"angle":0.0,"axis":"y","origin":[1.1803002,-1.5725355,-1.6818914]},"faces":{"east":{"uv":[1.25,9.875,1.875,10.4375],"rotation":0,"texture":"#0","tintindex":0},"south":{"uv":[6.0625,3.4375,7.3125,4.0],"rotation":0,"texture":"#0","tintindex":0},"north":{"uv":[5.75,2.875,7.0,3.4375],"rotation":0,"texture":"#0","tintindex":0},"west":{"uv":[1.875,9.875,2.5,10.4375],"rotation":0,"texture":"#0","tintindex":0},"up":{"uv":[5.8125,1.5625,4.5625,0.9375],"rotation":0,"texture":"#0","tintindex":0},"down":{"uv":[7.0,1.5625,5.75,2.1875],"rotation":0,"texture":"#0","tintindex":0}}},{"from":[-0.8677006,8.603464,14.702108],"to":[3.9962997,9.371464,20.590107],"rotation":{"angle":0.0,"axis":"y","origin":[1.1803002,-1.828536,0.1101079]},"faces":{"east":{"uv":[6.75,6.375,7.6875,6.5],"rotation":0,"texture":"#0","tintindex":0},"south":{"uv":[12.25,4.125,13.0,4.25],"rotation":0,"texture":"#0","tintindex":0},"north":{"uv":[12.25,4.0,13.0,4.125],"rotation":0,"texture":"#0","tintindex":0},"west":{"uv":[7.0,2.0625,7.9375,2.1875],"rotation":0,"texture":"#0","tintindex":0},"up":{"uv":[6.875,4.9375,6.125,4.0],"rotation":0,"texture":"#0","tintindex":0},"down":{"uv":[0.75,6.5,0.0,7.4375],"rotation":0,"texture":"#0","tintindex":0}}},{"from":[-0.8677006,7.1297092,11.017721],"to":[3.9962997,7.8977094,15.625721],"rotation":{"angle":-45.0,"axis":"x","origin":[1.9482999,7.5393095,13.385721]},"faces":{"east":{"uv":[12.25,4.375,13.0,4.5],"rotation":0,"texture":"#0","tintindex":0},"south":{"uv":[5.6875,12.25,6.4375,12.375],"rotation":0,"texture":"#0","tintindex":0},"north":{"uv":[12.25,4.25,13.0,4.375],"rotation":0,"texture":"#0","tintindex":0},"west":{"uv":[8.6875,12.25,9.4375,12.375],"rotation":0,"texture":"#0","tintindex":0},"up":{"uv":[0.75,8.1875,0.0,7.4375],"rotation":0,"texture":"#0","tintindex":0},"down":{"uv":[6.25,7.4375,5.5,8.1875],"rotation":0,"texture":"#0","tintindex":0}}},{"from":[-0.8677006,13.171953,17.13457],"to":[3.9962997,13.939953,21.742569],"rotation":{"angle":45.0,"axis":"x","origin":[1.9482999,7.4759526,13.358568]},"faces":{"east":{"uv":[12.25,11.125,13.0,11.25],"rotation":0,"texture":"#0","tintindex":0},"south":{"uv":[12.3125,0.4375,13.0625,0.5625],"rotation":0,"texture":"#0","tintindex":0},"north":{"uv":[12.25,11.0,13.0,11.125],"rotation":0,"texture":"#0","tintindex":0},"west":{"uv":[12.3125,0.5625,13.0625,0.6875],"rotation":0,"texture":"#0","tintindex":0},"up":{"uv":[8.25,1.3125,7.5,0.5625],"rotation":0,"texture":"#0","tintindex":0},"down":{"uv":[8.25,1.3125,7.5,2.0625],"rotation":0,"texture":"#0","tintindex":0}}},{"from":[12.1883,8.603464,14.702108],"to":[17.0523,9.371464,20.590107],"rotation":{"angle":0.0,"axis":"y","origin":[14.2362995,-1.828536,0.1101079]},"faces":{"east":{"uv":[11.875,10.625,12.8125,10.75],"rotation":0,"texture":"#0","tintindex":0},"south":{"uv":[12.3125,0.8125,13.0625,0.9375],"rotation":0,"texture":"#0","tintindex":0},"north":{"uv":[12.3125,0.6875,13.0625,0.8125],"rotation":0,"texture":"#0","tintindex":0},"west":{"uv":[12.0,2.25,12.9375,2.375],"rotation":0,"texture":"#0","tintindex":0},"up":{"uv":[6.625,7.4375,5.875,6.5],"rotation":0,"texture":"#0","tintindex":0},"down":{"uv":[3.4375,6.625,2.6875,7.5625],"rotation":0,"texture":"#0","tintindex":0}}},{"from":[12.1883,7.1297092,11.017721],"to":[17.0523,7.8977094,15.625721],"rotation":{"angle":-45.0,"axis":"x","origin":[15.0043,7.5393095,13.385721]},"faces":{"east":{"uv":[12.3125,8.0,13.0625,8.125],"rotation":0,"texture":"#0","tintindex":0},"south":{"uv":[12.3125,8.125,13.0625,8.25],"rotation":0,"texture":"#0","tintindex":0},"north":{"uv":[12.3125,0.9375,13.0625,1.0625],"rotation":0,"texture":"#0","tintindex":0},"west":{"uv":[12.3125,8.25,13.0625,8.375],"rotation":0,"texture":"#0","tintindex":0},"up":{"uv":[3.1875,8.3125,2.4375,7.5625],"rotation":0,"texture":"#0","tintindex":0},"down":{"uv":[8.3125,5.5625,7.5625,6.3125],"rotation":0,"texture":"#0","tintindex":0}}},{"from":[12.1883,13.171953,17.13457],"to":[17.0523,13.939953,21.742569],"rotation":{"angle":45.0,"axis":"x","origin":[15.0043,7.4759526,13.358568]},"faces":{"east":{"uv":[12.3125,8.5,13.0625,8.625],"rotation":0,"texture":"#0","tintindex":0},"south":{"uv":[12.3125,8.625,13.0625,8.75],"rotation":0,"texture":"#0","tintindex":0},"north":{"uv":[12.3125,8.375,13.0625,8.5],"rotation":0,"texture":"#0","tintindex":0},"west":{"uv":[9.4375,12.3125,10.1875,12.4375],"rotation":0,"texture":"#0","tintindex":0},"up":{"uv":[8.4375,4.25,7.6875,3.5],"rotation":0,"texture":"#0","tintindex":0},"down":{"uv":[5.4375,7.6875,4.6875,8.4375],"rotation":0,"texture":"#0","tintindex":0}}},{"from":[3.2282996,3.2914643,3.950108],"to":[12.956301,4.571464,12.654108],"rotation":{"angle":0.0,"axis":"y","origin":[0.4123001,-1.5725355,-1.6818914]},"faces":{"east":{"uv":[10.0625,2.8125,11.4375,3.0],"rotation":0,"texture":"#0","tintindex":0},"south":{"uv":[10.0,1.875,11.5,2.0625],"rotation":0,"texture":"#0","tintindex":0},"north":{"uv":[10.0,1.6875,11.5,1.875],"rotation":0,"texture":"#0","tintindex":0},"west":{"uv":[10.1875,8.6875,11.5625,8.875],"rotation":0,"texture":"#0","tintindex":0},"up":{"uv":[1.5,3.4375,0.0,2.0625],"rotation":0,"texture":"#0","tintindex":0},"down":{"uv":[3.0,2.0625,1.5,3.4375],"rotation":0,"texture":"#0","tintindex":0}}},{"from":[-0.061300278,1.4354644,10.094109],"to":[2.5626998,2.203464,10.862108],"rotation":{"angle":45.0,"axis":"z","origin":[0.028299809,4.1874638,11.758108]},"faces":{"east":{"uv":[7.625,12.8125,7.75,12.9375],"rotation":0,"texture":"#0","tintindex":0},"south":{"uv":[9.75,5.25,10.1875,5.375],"rotation":0,"texture":"#0","tintindex":0},"north":{"uv":[4.75,9.3125,5.1875,9.4375],"rotation":0,"texture":"#0","tintindex":0},"west":{"uv":[7.75,12.8125,7.875,12.9375],"rotation":0,"texture":"#0","tintindex":0},"up":{"uv":[10.6875,8.6875,10.25,8.5625],"rotation":0,"texture":"#0","tintindex":0},"down":{"uv":[1.8125,12.125,1.375,12.25],"rotation":0,"texture":"#0","tintindex":0}}},{"from":[1.2550955,2.9934025,5.7421083],"to":[3.8790956,3.7614026,6.510108],"rotation":{"angle":45.0,"axis":"z","origin":[2.5670958,3.3774023,5.614108]},"faces":{"east":{"uv":[7.875,12.8125,8.0,12.9375],"rotation":0,"texture":"#0","tintindex":0},"south":{"uv":[12.1875,12.4375,12.625,12.5625],"rotation":0,"texture":"#0","tintindex":0},"north":{"uv":[12.4375,10.5,12.875,10.625],"rotation":0,"texture":"#0","tintindex":0},"west":{"uv":[8.125,12.8125,8.25,12.9375],"rotation":0,"texture":"#0","tintindex":0},"up":{"uv":[0.8125,12.625,0.375,12.5],"rotation":0,"texture":"#0","tintindex":0},"down":{"uv":[1.25,12.5,0.8125,12.625],"rotation":0,"texture":"#0","tintindex":0}}},{"from":[1.7946997,1.4354644,6.510108],"to":[2.5626998,2.203464,10.094109],"rotation":{"angle":45.0,"axis":"z","origin":[0.028299809,4.1874638,11.758108]},"faces":{"east":{"uv":[8.6875,12.375,9.25,12.5],"rotation":0,"texture":"#0","tintindex":0},"south":{"uv":[12.8125,10.375,12.9375,10.5],"rotation":0,"texture":"#0","tintindex":0},"north":{"uv":[12.8125,8.75,12.9375,8.875],"rotation":0,"texture":"#0","tintindex":0},"west":{"uv":[12.4375,8.875,13.0,9.0],"rotation":0,"texture":"#0","tintindex":0},"up":{"uv":[5.875,7.4375,5.75,6.875],"rotation":0,"texture":"#0","tintindex":0},"down":{"uv":[2.4375,7.75,2.3125,8.3125],"rotation":0,"texture":"#0","tintindex":0}}},{"from":[0.44430017,2.139464,5.486108],"to":[2.2363,2.715464,11.118108],"rotation":{"angle":0.0,"axis":"y","origin":[0.4123001,-1.5725355,-2.449892]},"faces":{"east":{"uv":[5.0,4.8125,5.875,4.875],"rotation":0,"texture":"#0","tintindex":0},"south":{"uv":[9.3125,8.6875,9.5625,8.75],"rotation":0,"texture":"#0","tintindex":0},"north":{"uv":[2.375,8.9375,2.625,9.0],"rotation":0,"texture":"#0","tintindex":0},"west":{"uv":[10.6875,2.375,11.5625,2.4375],"rotation":0,"texture":"#0","tintindex":0},"up":{"uv":[2.6875,7.5625,2.4375,6.6875],"rotation":0,"texture":"#0","tintindex":0},"down":{"uv":[1.4375,10.4375,1.1875,11.3125],"rotation":0,"texture":"#0","tintindex":0}}},{"from":[11.4203,8.707464,14.190108],"to":[12.7003,18.971464,15.470108],"rotation":{"angle":0.0,"axis":"y","origin":[1.1803002,-1.5725355,-1.6818914]},"faces":{"east":{"uv":[9.25,9.9375,9.4375,11.5625],"rotation":0,"texture":"#0","tintindex":0},"south":{"uv":[9.4375,9.9375,9.625,11.5625],"rotation":0,"texture":"#0","tintindex":0},"north":{"uv":[4.5,9.625,4.6875,11.25],"rotation":0,"texture":"#0","tintindex":0},"west":{"uv":[0.0,10.0,0.1875,11.625],"rotation":0,"texture":"#0","tintindex":0},"up":{"uv":[4.375,12.8125,4.1875,12.625],"rotation":0,"texture":"#0","tintindex":0},"down":{"uv":[4.5625,12.625,4.375,12.8125],"rotation":0,"texture":"#0","tintindex":0}}},{"from":[3.4842997,8.667464,14.190108],"to":[4.7642994,18.971464,15.470108],"rotation":{"angle":0.0,"axis":"y","origin":[1.1803002,-1.5725355,-1.6818914]},"faces":{"east":{"uv":[0.375,10.0,0.5625,11.625],"rotation":0,"texture":"#0","tintindex":0},"south":{"uv":[0.5625,10.0,0.75,11.625],"rotation":0,"texture":"#0","tintindex":0},"north":{"uv":[0.1875,10.0,0.375,11.625],"rotation":0,"texture":"#0","tintindex":0},"west":{"uv":[0.75,10.0,0.9375,11.625],"rotation":0,"texture":"#0","tintindex":0},"up":{"uv":[5.8125,12.8125,5.625,12.625],"rotation":0,"texture":"#0","tintindex":0},"down":{"uv":[6.0,12.625,5.8125,12.8125],"rotation":0,"texture":"#0","tintindex":0}}},{"from":[4.7642994,17.791466,14.190108],"to":[11.4203,18.971464,15.470108],"rotation":{"angle":0.0,"axis":"y","origin":[1.1803002,-1.5725355,-1.6818914]},"faces":{"east":{"uv":[6.0,12.625,6.1875,12.8125],"rotation":0,"texture":"#0","tintindex":0},"south":{"uv":[11.25,0.5,12.3125,0.6875],"rotation":0,"texture":"#0","tintindex":0},"north":{"uv":[11.1875,11.0625,12.25,11.25],"rotation":0,"texture":"#0","tintindex":0},"west":{"uv":[6.1875,12.625,6.375,12.8125],"rotation":0,"texture":"#0","tintindex":0},"up":{"uv":[12.3125,0.875,11.25,0.6875],"rotation":0,"texture":"#0","tintindex":0},"down":{"uv":[12.3125,0.875,11.25,1.0625],"rotation":0,"texture":"#0","tintindex":0}}},{"from":[5.2762995,4.571464,8.046108],"to":[10.9083,6.1074643,13.422108],"rotation":{"angle":0.0,"axis":"y","origin":[0.4123001,-1.5725355,-1.6818914]},"faces":{"east":{"uv":[8.9375,4.375,9.75,4.625],"rotation":0,"texture":"#0","tintindex":0},"south":{"uv":[10.3125,1.4375,11.1875,1.6875],"rotation":0,"texture":"#0","tintindex":0},"north":{"uv":[10.25,5.75,11.125,6.0],"rotation":0,"texture":"#0","tintindex":0},"west":{"uv":[10.75,5.5,11.5625,5.75],"rotation":0,"texture":"#0","tintindex":0},"up":{"uv":[3.5625,6.625,2.6875,5.8125],"rotation":0,"texture":"#0","tintindex":0},"down":{"uv":[6.75,5.6875,5.875,6.5],"rotation":0,"texture":"#0","tintindex":0}}},{"from":[5.2762995,6.1074643,11.886108],"to":[10.9083,11.739464,13.422108],"rotation":{"angle":0.0,"axis":"y","origin":[8.092299,8.411464,12.014109]},"faces":{"east":{"uv":[1.4375,10.4375,1.6875,11.3125],"rotation":0,"texture":"#0","tintindex":0},"south":{"uv":[1.8125,5.8125,2.6875,6.6875],"rotation":0,"texture":"#0","tintindex":0},"north":{"uv":[5.8125,0.6875,6.6875,1.5625],"rotation":0,"texture":"#0","tintindex":0},"west":{"uv":[1.6875,10.4375,1.9375,11.3125],"rotation":0,"texture":"#0","tintindex":0},"up":{"uv":[11.25,7.5,10.375,7.25],"rotation":0,"texture":"#0","tintindex":0},"down":{"uv":[11.25,7.5,10.375,7.75],"rotation":0,"texture":"#0","tintindex":0}}},{"from":[3.2282996,4.571464,3.950108],"to":[12.956301,11.483464,5.2301083],"rotation":{"angle":0.0,"axis":"y","origin":[8.092299,12.379464,3.3101082]},"faces":{"east":{"uv":[8.6875,11.0625,8.875,12.125],"rotation":0,"texture":"#0","tintindex":0},"south":{"uv":[3.0,2.6875,4.5,3.75],"rotation":0,"texture":"#0","tintindex":0},"north":{"uv":[3.0,1.625,4.5,2.6875],"rotation":0,"texture":"#0","tintindex":0},"west":{"uv":[5.6875,11.125,5.875,12.1875],"rotation":0,"texture":"#0","tintindex":0},"up":{"uv":[11.5625,2.625,10.0625,2.4375],"rotation":0,"texture":"#0","tintindex":0},"down":{"uv":[11.5625,2.625,10.0625,2.8125],"rotation":0,"texture":"#0","tintindex":0}}},{"from":[7.7082996,8.471464,5.2301083],"to":[8.4763,9.623465,5.550108],"rotation":{"angle":0.0,"axis":"y","origin":[8.092299,12.379464,3.3101082]},"faces":{"east":{"uv":[2.125,12.875,2.1875,13.0625],"rotation":0,"texture":"#0","tintindex":0},"south":{"uv":[4.375,12.8125,4.5,13.0],"rotation":0,"texture":"#0","tintindex":0},"north":{"uv":[4.25,12.8125,4.375,13.0],"rotation":0,"texture":"#0","tintindex":0},"west":{"uv":[8.375,12.875,8.4375,13.0625],"rotation":0,"texture":"#0","tintindex":0},"up":{"uv":[11.875,0.3125,11.75,0.25],"rotation":0,"texture":"#0","tintindex":0},"down":{"uv":[11.875,1.375,11.75,1.4375],"rotation":0,"texture":"#0","tintindex":0}}},{"from":[2.9083,7.7714643,3.950108],"to":[6.7482996,8.603464,5.550108],"rotation":{"angle":0.0,"axis":"y","origin":[8.092299,12.379464,3.3101082]},"faces":{"east":{"uv":[3.1875,7.8125,3.4375,7.9375],"rotation":0,"texture":"#0","tintindex":0},"south":{"uv":[0.375,12.375,1.0,12.5],"rotation":0,"texture":"#0","tintindex":0},"north":{"uv":[12.1875,12.3125,12.8125,12.4375],"rotation":0,"texture":"#0","tintindex":0},"west":{"uv":[9.75,2.4375,10.0,2.5625],"rotation":0,"texture":"#0","tintindex":0},"up":{"uv":[9.5,12.0625,8.875,11.8125],"rotation":0,"texture":"#0","tintindex":0},"down":{"uv":[10.75,11.8125,10.125,12.0625],"rotation":0,"texture":"#0","tintindex":0}}},{"from":[9.4203,7.7714643,3.950108],"to":[13.2603,8.603464,5.550108],"rotation":{"angle":0.0,"axis":"y","origin":[8.092299,12.379464,3.3101082]},"faces":{"east":{"uv":[10.0625,3.0,10.3125,3.125],"rotation":0,"texture":"#0","tintindex":0},"south":{"uv":[12.375,2.8125,13.0,2.9375],"rotation":0,"texture":"#0","tintindex":0},"north":{"uv":[1.0,12.375,1.625,12.5],"rotation":0,"texture":"#0","tintindex":0},"west":{"uv":[0.375,12.125,0.625,12.25],"rotation":0,"texture":"#0","tintindex":0},"up":{"uv":[11.375,12.0625,10.75,11.8125],"rotation":0,"texture":"#0","tintindex":0},"down":{"uv":[0.625,11.875,0.0,12.125],"rotation":0,"texture":"#0","tintindex":0}}},{"from":[3.9962997,10.459464,-9.873892],"to":[12.1883,10.459464,-9.105892],"rotation":{"angle":0.0,"axis":"y","origin":[1.1803002,-1.5725355,-2.9618921]},"faces":{"east":{"uv":[0.0,0.0,0.125,0.0],"rotation":0,"texture":"#0","tintindex":0},"south":{"uv":[0.0,0.0,1.25,0.0],"rotation":0,"texture":"#0","tintindex":0},"north":{"uv":[0.0,0.0,1.25,0.0],"rotation":0,"texture":"#0","tintindex":0},"west":{"uv":[0.0,0.0,0.125,0.0],"rotation":0,"texture":"#0","tintindex":0},"up":{"uv":[12.8125,5.75,11.5625,5.625],"rotation":0,"texture":"#0","tintindex":0},"down":{"uv":[12.8125,8.75,11.5625,8.875],"rotation":0,"texture":"#0","tintindex":0}}},{"from":[3.9962997,5.339464,-9.873892],"to":[3.9962997,10.459464,-9.105892],"rotation":{"angle":0.0,"axis":"y","origin":[1.1803002,-1.5725355,-2.9618921]},"faces":{"east":{"uv":[8.125,12.0,8.25,12.8125],"rotation":0,"texture":"#0","tintindex":0},"south":{"uv":[0.0,0.0,0.0,0.8125],"rotation":0,"texture":"#0","tintindex":0},"north":{"uv":[0.0,0.0,0.0,0.8125],"rotation":0,"texture":"#0","tintindex":0},"west":{"uv":[2.875,12.0625,3.0,12.875],"rotation":0,"texture":"#0","tintindex":0},"up":{"uv":[0.0,0.125,0.0,0.0],"rotation":0,"texture":"#0","tintindex":0},"down":{"uv":[0.0,0.0,0.0,0.125],"rotation":0,"texture":"#0","tintindex":0}}},{"from":[12.1883,5.339464,-9.873892],"to":[12.1883,10.459464,-9.105892],"rotation":{"angle":0.0,"axis":"y","origin":[1.1803002,-1.5725355,-2.9618921]},"faces":{"east":{"uv":[7.125,12.0625,7.25,12.875],"rotation":0,"texture":"#0","tintindex":0},"south":{"uv":[0.0,0.0,0.0,0.8125],"rotation":0,"texture":"#0","tintindex":0},"north":{"uv":[0.0,0.0,0.0,0.8125],"rotation":0,"texture":"#0","tintindex":0},"west":{"uv":[7.25,12.0625,7.375,12.875],"rotation":0,"texture":"#0","tintindex":0},"up":{"uv":[0.0,0.125,0.0,0.0],"rotation":0,"texture":"#0","tintindex":0},"down":{"uv":[0.0,0.0,0.0,0.125],"rotation":0,"texture":"#0","tintindex":0}}},{"from":[13.948299,2.139464,5.486108],"to":[15.7403,2.715464,11.118108],"rotation":{"angle":0.0,"axis":"y","origin":[0.4123001,-1.5725355,-2.449892]},"faces":{"east":{"uv":[12.1875,5.875,13.0625,5.9375],"rotation":0,"texture":"#0","tintindex":0},"south":{"uv":[9.75,8.0625,10.0,8.125],"rotation":0,"texture":"#0","tintindex":0},"north":{"uv":[9.4375,3.75,9.6875,3.8125],"rotation":0,"texture":"#0","tintindex":0},"west":{"uv":[12.25,1.5625,13.125,1.625],"rotation":0,"texture":"#0","tintindex":0},"up":{"uv":[2.1875,11.3125,1.9375,10.4375],"rotation":0,"texture":"#0","tintindex":0},"down":{"uv":[2.4375,10.4375,2.1875,11.3125],"rotation":0,"texture":"#0","tintindex":0}}},{"from":[12.7899,3.419464,6.510108],"to":[13.557899,4.1874638,10.094109],"rotation":{"angle":-45.0,"axis":"z","origin":[13.3403,4.1874638,8.302108]},"faces":{"east":{"uv":[12.4375,9.0,13.0,9.125],"rotation":0,"texture":"#0","tintindex":0},"south":{"uv":[11.0625,12.8125,11.1875,12.9375],"rotation":0,"texture":"#0","tintindex":0},"north":{"uv":[12.8125,10.625,12.9375,10.75],"rotation":0,"texture":"#0","tintindex":0},"west":{"uv":[12.4375,9.125,13.0,9.25],"rotation":0,"texture":"#0","tintindex":0},"up":{"uv":[6.25,8.75,6.125,8.1875],"rotation":0,"texture":"#0","tintindex":0},"down":{"uv":[1.75,12.375,1.625,12.9375],"rotation":0,"texture":"#0","tintindex":0}}},{"from":[-0.099699974,8.091464,-6.0338917],"to":[0.4123001,8.347465,-6.0338917],"rotation":{"angle":0.0,"axis":"y","origin":[1.1803002,-1.828536,-2.7058926]},"faces":{"east":{"uv":[0.0,0.0,0.0,0.0625],"rotation":0,"texture":"#0","tintindex":0},"south":{"uv":[6.5625,7.8125,6.625,7.875],"rotation":0,"texture":"#0","tintindex":0},"north":{"uv":[1.6875,7.6875,1.75,7.75],"rotation":0,"texture":"#0","tintindex":0},"west":{"uv":[0.0,0.0,0.0,0.0625],"rotation":0,"texture":"#0","tintindex":0},"up":{"uv":[0.0625,0.0,0.0,0.0],"rotation":0,"texture":"#0","tintindex":0},"down":{"uv":[0.0625,0.0,0.0,0.0],"rotation":0,"texture":"#0","tintindex":0}}},{"from":[-0.3557005,8.347465,-6.289893],"to":[0.6682997,8.859465,-5.777892],"rotation":{"angle":0.0,"axis":"y","origin":[1.1803002,-1.828536,-2.7058926]},"faces":{"east":{"uv":[8.0625,7.0625,8.125,7.125],"rotation":0,"texture":"#0","tintindex":0},"south":{"uv":[5.875,4.8125,6.0625,4.875],"rotation":0,"texture":"#0","tintindex":0},"north":{"uv":[2.8125,3.6875,3.0,3.75],"rotation":0,"texture":"#0","tintindex":0},"west":{"uv":[8.375,3.4375,8.4375,3.5],"rotation":0,"texture":"#0","tintindex":0},"up":{"uv":[8.25,0.5625,8.0625,0.5],"rotation":0,"texture":"#0","tintindex":0},"down":{"uv":[6.125,9.3125,5.9375,9.375],"rotation":0,"texture":"#0","tintindex":0}}},{"from":[15.0043,8.347465,-6.289893],"to":[16.028301,8.859465,-5.777892],"rotation":{"angle":0.0,"axis":"y","origin":[1.1803002,-1.828536,-2.7058926]},"faces":{"east":{"uv":[9.6875,4.3125,9.75,4.375],"rotation":0,"texture":"#0","tintindex":0},"south":{"uv":[11.875,7.5,12.0625,7.5625],"rotation":0,"texture":"#0","tintindex":0},"north":{"uv":[9.3125,6.625,9.5,6.6875],"rotation":0,"texture":"#0","tintindex":0},"west":{"uv":[10.6875,5.1875,10.75,5.25],"rotation":0,"texture":"#0","tintindex":0},"up":{"uv":[12.125,3.3125,11.9375,3.25],"rotation":0,"texture":"#0","tintindex":0},"down":{"uv":[9.0625,12.0625,8.875,12.125],"rotation":0,"texture":"#0","tintindex":0}}},{"from":[15.2603,8.091464,-6.0338917],"to":[15.772301,8.347465,-6.0338917],"rotation":{"angle":0.0,"axis":"y","origin":[1.1803002,-1.828536,-2.7058926]},"faces":{"east":{"uv":[0.0,0.0,0.0,0.0625],"rotation":0,"texture":"#0","tintindex":0},"south":{"uv":[3.6875,11.25,3.75,11.3125],"rotation":0,"texture":"#0","tintindex":0},"north":{"uv":[9.125,11.125,9.1875,11.1875],"rotation":0,"texture":"#0","tintindex":0},"west":{"uv":[0.0,0.0,0.0,0.0625],"rotation":0,"texture":"#0","tintindex":0},"up":{"uv":[0.0625,0.0,0.0,0.0],"rotation":0,"texture":"#0","tintindex":0},"down":{"uv":[0.0625,0.0,0.0,0.0],"rotation":0,"texture":"#0","tintindex":0}}},{"from":[12.7899,3.419464,10.094109],"to":[15.6059,4.1874638,10.862108],"rotation":{"angle":-45.0,"axis":"z","origin":[13.3403,4.1874638,8.302108]},"faces":{"east":{"uv":[11.8125,12.8125,11.9375,12.9375],"rotation":0,"texture":"#0","tintindex":0},"south":{"uv":[12.5,3.0625,12.9375,3.1875],"rotation":0,"texture":"#0","tintindex":0},"north":{"uv":[12.5,2.9375,12.9375,3.0625],"rotation":0,"texture":"#0","tintindex":0},"west":{"uv":[12.8125,12.125,12.9375,12.25],"rotation":0,"texture":"#0","tintindex":0},"up":{"uv":[4.0625,12.625,3.625,12.5],"rotation":0,"texture":"#0","tintindex":0},"down":{"uv":[4.5,12.5,4.0625,12.625],"rotation":0,"texture":"#0","tintindex":0}}},{"from":[12.7899,3.419464,5.7421083],"to":[15.6059,4.1874638,6.510108],"rotation":{"angle":-45.0,"axis":"z","origin":[13.3403,4.1874638,8.302108]},"faces":{"east":{"uv":[12.1875,12.8125,12.3125,12.9375],"rotation":0,"texture":"#0","tintindex":0},"south":{"uv":[12.5,4.625,12.9375,4.75],"rotation":0,"texture":"#0","tintindex":0},"north":{"uv":[12.5,4.5,12.9375,4.625],"rotation":0,"texture":"#0","tintindex":0},"west":{"uv":[12.8125,12.25,12.9375,12.375],"rotation":0,"texture":"#0","tintindex":0},"up":{"uv":[6.0625,12.625,5.625,12.5],"rotation":0,"texture":"#0","tintindex":0},"down":{"uv":[12.9375,6.25,12.5,6.375],"rotation":0,"texture":"#0","tintindex":0}}},{"from":[4.7642994,4.571464,6.254108],"to":[6.0443,6.1074643,6.766108],"rotation":{"angle":-45.0,"axis":"x","origin":[5.7882996,5.339464,5.7421083]},"faces":{"east":{"uv":[2.4375,4.625,2.5,4.875],"rotation":0,"texture":"#0","tintindex":0},"south":{"uv":[7.5625,12.5625,7.75,12.8125],"rotation":0,"texture":"#0","tintindex":0},"north":{"uv":[7.375,12.5625,7.5625,12.8125],"rotation":0,"texture":"#0","tintindex":0},"west":{"uv":[1.0,6.5,1.0625,6.75],"rotation":0,"texture":"#0","tintindex":0},"up":{"uv":[9.25,12.125,9.0625,12.0625],"rotation":0,"texture":"#0","tintindex":0},"down":{"uv":[9.4375,12.0625,9.25,12.125],"rotation":0,"texture":"#0","tintindex":0}}},{"from":[5.2762995,5.0834637,4.718108],"to":[5.5323,5.5954638,6.254108],"rotation":{"angle":-45.0,"axis":"x","origin":[5.7882996,5.339464,5.7421083]},"faces":{"east":{"uv":[10.0,8.0625,10.25,8.125],"rotation":0,"texture":"#0","tintindex":0},"south":{"uv":[6.125,11.75,6.1875,11.8125],"rotation":0,"texture":"#0","tintindex":0},"north":{"uv":[11.4375,1.625,11.5,1.6875],"rotation":0,"texture":"#0","tintindex":0},"west":{"uv":[10.0625,3.6875,10.3125,3.75],"rotation":0,"texture":"#0","tintindex":0},"up":{"uv":[0.9375,11.875,0.875,11.625],"rotation":0,"texture":"#0","tintindex":0},"down":{"uv":[5.1875,12.0,5.125,12.25],"rotation":0,"texture":"#0","tintindex":0}}},{"from":[9.8843,5.0834637,4.718108],"to":[10.1403,5.5954638,6.254108],"rotation":{"angle":-45.0,"axis":"x","origin":[5.7882996,5.339464,5.7421083]},"faces":{"east":{"uv":[10.125,7.6875,10.375,7.75],"rotation":0,"texture":"#0","tintindex":0},"south":{"uv":[8.375,11.8125,8.4375,11.875],"rotation":0,"texture":"#0","tintindex":0},"north":{"uv":[8.3125,11.8125,8.375,11.875],"rotation":0,"texture":"#0","tintindex":0},"west":{"uv":[11.125,5.9375,11.375,6.0],"rotation":0,"texture":"#0","tintindex":0},"up":{"uv":[11.125,12.5625,11.0625,12.3125],"rotation":0,"texture":"#0","tintindex":0},"down":{"uv":[8.5625,12.4375,8.5,12.6875],"rotation":0,"texture":"#0","tintindex":0}}},{"from":[9.3723,4.571464,6.254108],"to":[10.6523,6.1074643,6.766108],"rotation":{"angle":-45.0,"axis":"x","origin":[5.7882996,5.339464,5.7421083]},"faces":{"east":{"uv":[2.1875,12.6875,2.25,12.9375],"rotation":0,"texture":"#0","tintindex":0},"south":{"uv":[12.5625,11.4375,12.75,11.6875],"rotation":0,"texture":"#0","tintindex":0},"north":{"uv":[11.0625,12.5625,11.25,12.8125],"rotation":0,"texture":"#0","tintindex":0},"west":{"uv":[7.0625,12.6875,7.125,12.9375],"rotation":0,"texture":"#0","tintindex":0},"up":{"uv":[12.3125,0.5,12.125,0.4375],"rotation":0,"texture":"#0","tintindex":0},"down":{"uv":[5.875,12.1875,5.6875,12.25],"rotation":0,"texture":"#0","tintindex":0}}},{"from":[11.1643,4.571464,6.254108],"to":[11.9323,5.5954638,6.766108],"rotation":{"angle":-45.0,"axis":"x","origin":[5.7882996,5.339464,5.7421083]},"faces":{"east":{"uv":[8.875,1.875,8.9375,2.0625],"rotation":0,"texture":"#0","tintindex":0},"south":{"uv":[1.1875,12.8125,1.3125,13.0],"rotation":0,"texture":"#0","tintindex":0},"north":{"uv":[1.0625,12.8125,1.1875,13.0],"rotation":0,"texture":"#0","tintindex":0},"west":{"uv":[8.0,11.8125,8.0625,12.0],"rotation":0,"texture":"#0","tintindex":0},"up":{"uv":[4.6875,8.4375,4.5625,8.375],"rotation":0,"texture":"#0","tintindex":0},"down":{"uv":[4.5625,9.0,4.4375,9.0625],"rotation":0,"texture":"#0","tintindex":0}}},{"from":[11.4203,4.827464,4.718108],"to":[11.6763,5.339464,6.254108],"rotation":{"angle":-45.0,"axis":"x","origin":[5.7882996,5.339464,5.7421083]},"faces":{"east":{"uv":[11.1875,1.625,11.4375,1.6875],"rotation":0,"texture":"#0","tintindex":0},"south":{"uv":[11.875,6.25,11.9375,6.3125],"rotation":0,"texture":"#0","tintindex":0},"north":{"uv":[3.625,11.875,3.6875,11.9375],"rotation":0,"texture":"#0","tintindex":0},"west":{"uv":[11.25,1.375,11.5,1.4375],"rotation":0,"texture":"#0","tintindex":0},"up":{"uv":[8.875,13.0,8.8125,12.75],"rotation":0,"texture":"#0","tintindex":0},"down":{"uv":[4.5625,12.8125,4.5,13.0625],"rotation":0,"texture":"#0","tintindex":0}}},{"from":[6.4027,6.475464,9.505308],"to":[6.9659,9.854664,10.068508],"rotation":{"angle":-45.0,"axis":"x","origin":[5.5578995,6.030664,5.562908]},"faces":{"east":{"uv":[6.0625,4.0,6.125,4.5],"rotation":0,"texture":"#0","tintindex":0},"south":{"uv":[1.75,6.75,1.8125,7.25],"rotation":0,"texture":"#0","tintindex":0},"north":{"uv":[3.5625,5.8125,3.625,6.3125],"rotation":0,"texture":"#0","tintindex":0},"west":{"uv":[1.75,7.25,1.8125,7.75],"rotation":0,"texture":"#0","tintindex":0},"up":{"uv":[3.9375,12.0,3.875,11.9375],"rotation":0,"texture":"#0","tintindex":0},"down":{"uv":[4.0,11.9375,3.9375,12.0],"rotation":0,"texture":"#0","tintindex":0}}},{"from":[7.8107,7.8834643,6.970908],"to":[8.373899,8.446664,9.505308],"rotation":{"angle":-45.0,"axis":"x","origin":[5.5578995,6.030664,5.562908]},"faces":{"east":{"uv":[4.5,3.6875,4.875,3.75],"rotation":0,"texture":"#0","tintindex":0},"south":{"uv":[1.375,12.0625,1.4375,12.125],"rotation":0,"texture":"#0","tintindex":0},"north":{"uv":[11.9375,4.8125,12.0,4.875],"rotation":0,"texture":"#0","tintindex":0},"west":{"uv":[7.0,2.0,7.375,2.0625],"rotation":0,"texture":"#0","tintindex":0},"up":{"uv":[1.625,13.0,1.5625,12.625],"rotation":0,"texture":"#0","tintindex":0},"down":{"uv":[6.4375,12.625,6.375,13.0],"rotation":0,"texture":"#0","tintindex":0}}},{"from":[9.218699,6.475464,9.505308],"to":[9.781899,9.854664,10.068508],"rotation":{"angle":-45.0,"axis":"x","origin":[5.5578995,6.030664,5.562908]},"faces":{"east":{"uv":[10.3125,3.6875,10.375,4.1875],"rotation":0,"texture":"#0","tintindex":0},"south":{"uv":[2.4375,10.4375,2.5,10.9375],"rotation":0,"texture":"#0","tintindex":0},"north":{"uv":[5.4375,7.6875,5.5,8.1875],"rotation":0,"texture":"#0","tintindex":0},"west":{"uv":[4.625,11.25,4.6875,11.75],"rotation":0,"texture":"#0","tintindex":0},"up":{"uv":[3.0625,12.125,3.0,12.0625],"rotation":0,"texture":"#0","tintindex":0},"down":{"uv":[12.125,7.5,12.0625,7.5625],"rotation":0,"texture":"#0","tintindex":0}}},{"from":[6.9659,9.291464,9.505308],"to":[9.218699,9.854664,10.068508],"rotation":{"angle":-45.0,"axis":"x","origin":[5.5578995,6.030664,5.562908]},"faces":{"east":{"uv":[9.4375,12.0625,9.5,12.125],"rotation":0,"texture":"#0","tintindex":0},"south":{"uv":[6.6875,1.5,7.0,1.5625],"rotation":0,"texture":"#0","tintindex":0},"north":{"uv":[5.75,3.4375,6.0625,3.5],"rotation":0,"texture":"#0","tintindex":0},"west":{"uv":[12.125,3.25,12.1875,3.3125],"rotation":0,"texture":"#0","tintindex":0},"up":{"uv":[7.3125,3.4375,7.0,3.375],"rotation":0,"texture":"#0","tintindex":0},"down":{"uv":[1.6875,7.6875,1.375,7.75],"rotation":0,"texture":"#0","tintindex":0}}},{"from":[6.9659,6.475464,9.505308],"to":[9.218699,7.0386643,10.068508],"rotation":{"angle":-45.0,"axis":"x","origin":[5.5578995,6.030664,5.562908]},"faces":{"east":{"uv":[12.125,7.5,12.1875,7.5625],"rotation":0,"texture":"#0","tintindex":0},"south":{"uv":[6.25,7.8125,6.5625,7.875],"rotation":0,"texture":"#0","tintindex":0},"north":{"uv":[7.75,7.0625,8.0625,7.125],"rotation":0,"texture":"#0","tintindex":0},"west":{"uv":[12.1875,3.25,12.25,3.3125],"rotation":0,"texture":"#0","tintindex":0},"up":{"uv":[8.375,3.5,8.0625,3.4375],"rotation":0,"texture":"#0","tintindex":0},"down":{"uv":[1.0625,8.125,0.75,8.1875],"rotation":0,"texture":"#0","tintindex":0}}},{"from":[6.9659,9.61309,6.922593],"to":[9.218699,10.17629,7.485793],"rotation":{"angle":-45.0,"axis":"x","origin":[8.092299,10.01309,6.359393]},"faces":{"east":{"uv":[5.125,12.25,5.1875,12.3125],"rotation":0,"texture":"#0","tintindex":0},"south":{"uv":[2.0625,8.9375,2.375,9.0],"rotation":0,"texture":"#0","tintindex":0},"north":{"uv":[1.0625,8.125,1.375,8.1875],"rotation":0,"texture":"#0","tintindex":0},"west":{"uv":[9.4375,12.25,9.5,12.3125],"rotation":0,"texture":"#0","tintindex":0},"up":{"uv":[4.4375,9.0625,4.125,9.0],"rotation":0,"texture":"#0","tintindex":0},"down":{"uv":[9.3125,6.625,9.0,6.6875],"rotation":0,"texture":"#0","tintindex":0}}},{"from":[7.8107,10.17629,7.204193],"to":[8.373899,11.02109,7.204193],"rotation":{"angle":-45.0,"axis":"x","origin":[8.092299,10.01309,6.359393]},"faces":{"east":{"uv":[0.0,0.0,0.0,0.125],"rotation":0,"texture":"#0","tintindex":0},"south":{"uv":[10.0625,11.9375,10.125,12.0625],"rotation":0,"texture":"#0","tintindex":0},"north":{"uv":[4.625,11.75,4.6875,11.875],"rotation":0,"texture":"#0","tintindex":0},"west":{"uv":[0.0,0.0,0.0,0.125],"rotation":0,"texture":"#0","tintindex":0},"up":{"uv":[0.0625,0.0,0.0,0.0],"rotation":0,"texture":"#0","tintindex":0},"down":{"uv":[0.0625,0.0,0.0,0.0],"rotation":0,"texture":"#0","tintindex":0}}},{"from":[7.8107,8.76829,7.204193],"to":[8.373899,9.61309,7.204193],"rotation":{"angle":-45.0,"axis":"x","origin":[8.092299,10.01309,6.359393]},"faces":{"east":{"uv":[0.0,0.0,0.0,0.125],"rotation":0,"texture":"#0","tintindex":0},"south":{"uv":[1.8125,12.125,1.875,12.25],"rotation":0,"texture":"#0","tintindex":0},"north":{"uv":[11.3125,12.0625,11.375,12.1875],"rotation":0,"texture":"#0","tintindex":0},"west":{"uv":[0.0,0.0,0.0,0.125],"rotation":0,"texture":"#0","tintindex":0},"up":{"uv":[0.0625,0.0,0.0,0.0],"rotation":0,"texture":"#0","tintindex":0},"down":{"uv":[0.0625,0.0,0.0,0.0],"rotation":0,"texture":"#0","tintindex":0}}},{"from":[5.7882996,9.947464,5.2301083],"to":[10.396299,11.227465,5.486108],"rotation":{"angle":0.0,"axis":"y","origin":[8.092299,12.379464,3.3101082]},"faces":{"east":{"uv":[7.9375,12.625,8.0,12.8125],"rotation":0,"texture":"#0","tintindex":0},"south":{"uv":[0.625,12.0625,1.375,12.25],"rotation":0,"texture":"#0","tintindex":0},"north":{"uv":[12.0,11.6875,12.75,11.875],"rotation":0,"texture":"#0","tintindex":0},"west":{"uv":[0.125,12.875,0.1875,13.0625],"rotation":0,"texture":"#0","tintindex":0},"up":{"uv":[12.25,11.0625,11.5,11.0],"rotation":0,"texture":"#0","tintindex":0},"down":{"uv":[13.25,3.1875,12.5,3.25],"rotation":0,"texture":"#0","tintindex":0}}},{"from":[4.5083,9.179464,5.2301083],"to":[5.5323,10.971464,5.486108],"rotation":{"angle":0.0,"axis":"y","origin":[8.092299,12.379464,3.3101082]},"faces":{"east":{"uv":[10.75,12.8125,10.8125,13.0625],"rotation":0,"texture":"#0","tintindex":0},"south":{"uv":[12.375,12.5625,12.5625,12.8125],"rotation":0,"texture":"#0","tintindex":0},"north":{"uv":[12.1875,12.5625,12.375,12.8125],"rotation":0,"texture":"#0","tintindex":0},"west":{"uv":[11.1875,12.8125,11.25,13.0625],"rotation":0,"texture":"#0","tintindex":0},"up":{"uv":[12.4375,4.5625,12.25,4.5],"rotation":0,"texture":"#0","tintindex":0},"down":{"uv":[9.4375,12.375,9.25,12.4375],"rotation":0,"texture":"#0","tintindex":0}}},{"from":[10.6523,9.179464,5.2301083],"to":[11.6763,10.971464,5.486108],"rotation":{"angle":0.0,"axis":"y","origin":[8.092299,12.379464,3.3101082]},"faces":{"east":{"uv":[12.3125,12.8125,12.375,13.0625],"rotation":0,"texture":"#0","tintindex":0},"south":{"uv":[0.0,12.625,0.1875,12.875],"rotation":0,"texture":"#0","tintindex":0},"north":{"uv":[12.5625,12.5625,12.75,12.8125],"rotation":0,"texture":"#0","tintindex":0},"west":{"uv":[12.375,12.8125,12.4375,13.0625],"rotation":0,"texture":"#0","tintindex":0},"up":{"uv":[12.75,5.0625,12.5625,5.0],"rotation":0,"texture":"#0","tintindex":0},"down":{"uv":[12.9375,6.125,12.75,6.1875],"rotation":0,"texture":"#0","tintindex":0}}},{"from":[7.7082996,2.2674642,23.150108],"to":[8.4763,5.0834637,23.918108],"rotation":{"angle":0.0,"axis":"y","origin":[1.1803002,-1.5725355,-1.6818914]},"faces":{"east":{"uv":[1.25,9.4375,1.375,9.875],"rotation":0,"texture":"#0","tintindex":0},"south":{"uv":[2.5,9.875,2.625,10.3125],"rotation":0,"texture":"#0","tintindex":0},"north":{"uv":[4.5625,7.9375,4.6875,8.375],"rotation":0,"texture":"#0","tintindex":0},"west":{"uv":[8.3125,11.375,8.4375,11.8125],"rotation":0,"texture":"#0","tintindex":0},"up":{"uv":[12.5625,12.9375,12.4375,12.8125],"rotation":0,"texture":"#0","tintindex":0},"down":{"uv":[12.6875,12.8125,12.5625,12.9375],"rotation":0,"texture":"#0","tintindex":0}}},{"from":[1.1803002,7.835464,22.126108],"to":[1.9482999,9.371464,22.126108],"rotation":{"angle":0.0,"axis":"y","origin":[1.1803002,-1.828536,0.1101079]},"faces":{"east":{"uv":[0.0,0.0,0.0,0.25],"rotation":0,"texture":"#0","tintindex":0},"south":{"uv":[8.3125,3.1875,8.4375,3.4375],"rotation":0,"texture":"#0","tintindex":0},"north":{"uv":[4.875,3.5,5.0,3.75],"rotation":0,"texture":"#0","tintindex":0},"west":{"uv":[0.0,0.0,0.0,0.25],"rotation":0,"texture":"#0","tintindex":0},"up":{"uv":[0.125,0.0,0.0,0.0],"rotation":0,"texture":"#0","tintindex":0},"down":{"uv":[0.125,0.0,0.0,0.0],"rotation":0,"texture":"#0","tintindex":0}}},{"from":[0.9242997,9.371464,21.87011],"to":[2.2043,10.139464,22.382107],"rotation":{"angle":0.0,"axis":"y","origin":[1.1803002,-1.828536,0.1101079]},"faces":{"east":{"uv":[4.4375,12.375,4.5,12.5],"rotation":0,"texture":"#0","tintindex":0},"south":{"uv":[5.1875,10.25,5.375,10.375],"rotation":0,"texture":"#0","tintindex":0},"north":{"uv":[5.25,8.6875,5.4375,8.8125],"rotation":0,"texture":"#0","tintindex":0},"west":{"uv":[11.25,12.5625,11.3125,12.6875],"rotation":0,"texture":"#0","tintindex":0},"up":{"uv":[12.9375,11.875,12.75,11.8125],"rotation":0,"texture":"#0","tintindex":0},"down":{"uv":[13.0,12.375,12.8125,12.4375],"rotation":0,"texture":"#0","tintindex":0}}},{"from":[14.2362995,7.835464,22.126108],"to":[15.0043,9.371464,22.126108],"rotation":{"angle":0.0,"axis":"y","origin":[1.1803002,-1.828536,0.1101079]},"faces":{"east":{"uv":[0.0,0.0,0.0,0.25],"rotation":0,"texture":"#0","tintindex":0},"south":{"uv":[10.1875,8.875,10.3125,9.125],"rotation":0,"texture":"#0","tintindex":0},"north":{"uv":[2.625,8.9375,2.75,9.1875],"rotation":0,"texture":"#0","tintindex":0},"west":{"uv":[0.0,0.0,0.0,0.25],"rotation":0,"texture":"#0","tintindex":0},"up":{"uv":[0.125,0.0,0.0,0.0],"rotation":0,"texture":"#0","tintindex":0},"down":{"uv":[0.125,0.0,0.0,0.0],"rotation":0,"texture":"#0","tintindex":0}}},{"from":[13.9803,9.371464,21.87011],"to":[15.2603,10.139464,22.382107],"rotation":{"angle":0.0,"axis":"y","origin":[1.1803002,-1.828536,0.1101079]},"faces":{"east":{"uv":[12.875,9.625,12.9375,9.75],"rotation":0,"texture":"#0","tintindex":0},"south":{"uv":[12.5,7.125,12.6875,7.25],"rotation":0,"texture":"#0","tintindex":0},"north":{"uv":[10.125,10.625,10.3125,10.75],"rotation":0,"texture":"#0","tintindex":0},"west":{"uv":[12.875,9.75,12.9375,9.875],"rotation":0,"texture":"#0","tintindex":0},"up":{"uv":[13.0625,0.4375,12.875,0.375],"rotation":0,"texture":"#0","tintindex":0},"down":{"uv":[9.8125,12.875,9.625,12.9375],"rotation":0,"texture":"#0","tintindex":0}}},{"from":[4.5083,0.7314644,18.542109],"to":[11.6763,4.315464,22.63811],"rotation":{"angle":0.0,"axis":"y","origin":[1.1803002,-1.5725355,-1.6818914]},"faces":{"east":{"uv":[5.75,9.9375,6.375,10.5],"rotation":0,"texture":"#0","tintindex":0},"south":{"uv":[6.9375,0.0,8.0625,0.5625],"rotation":0,"texture":"#0","tintindex":0},"north":{"uv":[6.875,2.1875,8.0,2.75],"rotation":0,"texture":"#0","tintindex":0},"west":{"uv":[6.375,9.9375,7.0,10.5],"rotation":0,"texture":"#0","tintindex":0},"up":{"uv":[7.25,5.5625,6.125,4.9375],"rotation":0,"texture":"#0","tintindex":0},"down":{"uv":[7.75,6.5,6.625,7.125],"rotation":0,"texture":"#0","tintindex":0}}},{"from":[4.2523,0.85946417,24.430109],"to":[11.9323,1.3714638,25.198109],"rotation":{"angle":0.0,"axis":"y","origin":[1.1803002,-1.5725355,-1.6818914]},"faces":{"east":{"uv":[3.75,10.9375,3.875,11.0],"rotation":0,"texture":"#0","tintindex":0},"south":{"uv":[12.0,11.875,13.1875,11.9375],"rotation":0,"texture":"#0","tintindex":0},"north":{"uv":[4.5625,1.5625,5.75,1.625],"rotation":0,"texture":"#0","tintindex":0},"west":{"uv":[4.5,11.25,4.625,11.3125],"rotation":0,"texture":"#0","tintindex":0},"up":{"uv":[13.0625,7.375,11.875,7.25],"rotation":0,"texture":"#0","tintindex":0},"down":{"uv":[13.0625,7.375,11.875,7.5],"rotation":0,"texture":"#0","tintindex":0}}},{"from":[4.5083,1.4994645,25.710108],"to":[5.2762995,2.2674642,26.47811],"rotation":{"angle":0.0,"axis":"y","origin":[1.1803002,-1.5725355,-1.6818914]},"faces":{"east":{"uv":[12.8125,12.8125,12.9375,12.9375],"rotation":0,"texture":"#0","tintindex":0},"south":{"uv":[0.0,12.875,0.125,13.0],"rotation":0,"texture":"#0","tintindex":0},"north":{"uv":[12.6875,12.8125,12.8125,12.9375],"rotation":0,"texture":"#0","tintindex":0},"west":{"uv":[12.875,0.25,13.0,0.375],"rotation":0,"texture":"#0","tintindex":0},"up":{"uv":[2.0,13.0,1.875,12.875],"rotation":0,"texture":"#0","tintindex":0},"down":{"uv":[2.125,12.875,2.0,13.0],"rotation":0,"texture":"#0","tintindex":0}}},{"from":[10.9083,1.4994645,25.710108],"to":[11.6763,2.2674642,26.47811],"rotation":{"angle":0.0,"axis":"y","origin":[1.1803002,-1.5725355,-1.6818914]},"faces":{"east":{"uv":[3.0,12.875,3.125,13.0],"rotation":0,"texture":"#0","tintindex":0},"south":{"uv":[3.125,12.875,3.25,13.0],"rotation":0,"texture":"#0","tintindex":0},"north":{"uv":[2.875,12.875,3.0,13.0],"rotation":0,"texture":"#0","tintindex":0},"west":{"uv":[3.25,12.875,3.375,13.0],"rotation":0,"texture":"#0","tintindex":0},"up":{"uv":[3.5,13.0,3.375,12.875],"rotation":0,"texture":"#0","tintindex":0},"down":{"uv":[3.625,12.875,3.5,13.0],"rotation":0,"texture":"#0","tintindex":0}}},{"from":[7.1963,2.5234642,22.63811],"to":[8.9883,3.0354638,24.430109],"rotation":{"angle":0.0,"axis":"y","origin":[1.1803002,-1.5725355,-1.6818914]},"faces":{"east":{"uv":[11.5,0.25,11.75,0.3125],"rotation":0,"texture":"#0","tintindex":0},"south":{"uv":[11.5,1.375,11.75,1.4375],"rotation":0,"texture":"#0","tintindex":0},"north":{"uv":[11.375,6.25,11.625,6.3125],"rotation":0,"texture":"#0","tintindex":0},"west":{"uv":[11.5,2.0,11.75,2.0625],"rotation":0,"texture":"#0","tintindex":0},"up":{"uv":[12.6875,10.25,12.4375,10.0],"rotation":0,"texture":"#0","tintindex":0},"down":{"uv":[10.5,12.4375,10.25,12.6875],"rotation":0,"texture":"#0","tintindex":0}}},{"from":[7.1963,4.315464,22.63811],"to":[8.9883,4.827464,24.430109],"rotation":{"angle":0.0,"axis":"y","origin":[1.1803002,-1.5725355,-1.6818914]},"faces":{"east":{"uv":[11.75,2.0,12.0,2.0625],"rotation":0,"texture":"#0","tintindex":0},"south":{"uv":[5.875,11.75,6.125,11.8125],"rotation":0,"texture":"#0","tintindex":0},"north":{"uv":[11.625,6.25,11.875,6.3125],"rotation":0,"texture":"#0","tintindex":0},"west":{"uv":[11.875,0.4375,12.125,0.5],"rotation":0,"texture":"#0","tintindex":0},"up":{"uv":[12.6875,10.5,12.4375,10.25],"rotation":0,"texture":"#0","tintindex":0},"down":{"uv":[10.75,12.4375,10.5,12.6875],"rotation":0,"texture":"#0","tintindex":0}}},{"from":[10.9083,0.7314644,22.63811],"to":[11.6763,1.4994645,26.47811],"rotation":{"angle":0.0,"axis":"y","origin":[1.1803002,-1.5725355,-1.6818914]},"faces":{"east":{"uv":[6.125,5.5625,6.75,5.6875],"rotation":0,"texture":"#0","tintindex":0},"south":{"uv":[4.875,12.875,5.0,13.0],"rotation":0,"texture":"#0","tintindex":0},"north":{"uv":[4.75,12.875,4.875,13.0],"rotation":0,"texture":"#0","tintindex":0},"west":{"uv":[10.1875,12.3125,10.8125,12.4375],"rotation":0,"texture":"#0","tintindex":0},"up":{"uv":[10.9375,12.9375,10.8125,12.3125],"rotation":0,"texture":"#0","tintindex":0},"down":{"uv":[11.0625,12.3125,10.9375,12.9375],"rotation":0,"texture":"#0","tintindex":0}}},{"from":[3.7402997,0.85946417,24.430109],"to":[4.2523,1.3714638,26.47811],"rotation":{"angle":0.0,"axis":"y","origin":[1.1803002,-1.5725355,-1.6818914]},"faces":{"east":{"uv":[9.0,8.6875,9.3125,8.75],"rotation":0,"texture":"#0","tintindex":0},"south":{"uv":[12.375,2.9375,12.4375,3.0],"rotation":0,"texture":"#0","tintindex":0},"north":{"uv":[5.625,12.3125,5.6875,12.375],"rotation":0,"texture":"#0","tintindex":0},"west":{"uv":[9.125,3.75,9.4375,3.8125],"rotation":0,"texture":"#0","tintindex":0},"up":{"uv":[3.625,6.625,3.5625,6.3125],"rotation":0,"texture":"#0","tintindex":0},"down":{"uv":[7.6875,3.5,7.625,3.8125],"rotation":0,"texture":"#0","tintindex":0}}},{"from":[11.9323,0.85946417,24.430109],"to":[12.4443,1.3714638,26.47811],"rotation":{"angle":0.0,"axis":"y","origin":[1.1803002,-1.5725355,-1.6818914]},"faces":{"east":{"uv":[9.4375,3.125,9.75,3.1875],"rotation":0,"texture":"#0","tintindex":0},"south":{"uv":[12.4375,4.5,12.5,4.5625],"rotation":0,"texture":"#0","tintindex":0},"north":{"uv":[12.4375,2.9375,12.5,3.0],"rotation":0,"texture":"#0","tintindex":0},"west":{"uv":[9.75,3.6875,10.0625,3.75],"rotation":0,"texture":"#0","tintindex":0},"up":{"uv":[2.5,11.25,2.4375,10.9375],"rotation":0,"texture":"#0","tintindex":0},"down":{"uv":[4.5,11.0,4.4375,11.3125],"rotation":0,"texture":"#0","tintindex":0}}},{"from":[4.5083,2.5234642,19.47651],"to":[5.2762995,3.2914643,25.10851],"rotation":{"angle":45.0,"axis":"x","origin":[4.8922997,1.1154637,24.55811]},"faces":{"east":{"uv":[12.125,1.625,13.0,1.75],"rotation":0,"texture":"#0","tintindex":0},"south":{"uv":[5.0,12.875,5.125,13.0],"rotation":0,"texture":"#0","tintindex":0},"north":{"uv":[12.875,4.9375,13.0,5.0625],"rotation":0,"texture":"#0","tintindex":0},"west":{"uv":[12.125,1.75,13.0,1.875],"rotation":0,"texture":"#0","tintindex":0},"up":{"uv":[9.25,11.125,9.125,10.25],"rotation":0,"texture":"#0","tintindex":0},"down":{"uv":[8.6875,11.875,8.5625,12.75],"rotation":0,"texture":"#0","tintindex":0}}},{"from":[4.5083,0.7314644,22.63811],"to":[5.2762995,1.4994645,26.47811],"rotation":{"angle":0.0,"axis":"y","origin":[1.1803002,-1.5725355,-1.6818914]},"faces":{"east":{"uv":[12.3125,11.25,12.9375,11.375],"rotation":0,"texture":"#0","tintindex":0},"south":{"uv":[6.4375,12.875,6.5625,13.0],"rotation":0,"texture":"#0","tintindex":0},"north":{"uv":[12.875,6.375,13.0,6.5],"rotation":0,"texture":"#0","tintindex":0},"west":{"uv":[11.3125,12.3125,11.9375,12.4375],"rotation":0,"texture":"#0","tintindex":0},"up":{"uv":[12.0625,12.9375,11.9375,12.3125],"rotation":0,"texture":"#0","tintindex":0},"down":{"uv":[12.1875,12.3125,12.0625,12.9375],"rotation":0,"texture":"#0","tintindex":0}}},{"from":[10.9083,2.5234642,19.47651],"to":[11.6763,3.2914643,25.10851],"rotation":{"angle":45.0,"axis":"x","origin":[4.8922997,1.1154637,24.55811]},"faces":{"east":{"uv":[12.125,10.75,13.0,10.875],"rotation":0,"texture":"#0","tintindex":0},"south":{"uv":[6.5625,12.875,6.6875,13.0],"rotation":0,"texture":"#0","tintindex":0},"north":{"uv":[12.875,6.5,13.0,6.625],"rotation":0,"texture":"#0","tintindex":0},"west":{"uv":[12.125,10.875,13.0,11.0],"rotation":0,"texture":"#0","tintindex":0},"up":{"uv":[5.125,12.875,5.0,12.0],"rotation":0,"texture":"#0","tintindex":0},"down":{"uv":[8.125,12.0,8.0,12.875],"rotation":0,"texture":"#0","tintindex":0}}},{"from":[4.2523,2.2674642,19.47651],"to":[5.5323,3.547464,20.756508],"rotation":{"angle":45.0,"axis":"x","origin":[4.8922997,1.1154637,24.55811]},"faces":{"east":{"uv":[12.6875,9.25,12.875,9.4375],"rotation":0,"texture":"#0","tintindex":0},"south":{"uv":[9.4375,12.6875,9.625,12.875],"rotation":0,"texture":"#0","tintindex":0},"north":{"uv":[9.25,12.6875,9.4375,12.875],"rotation":0,"texture":"#0","tintindex":0},"west":{"uv":[12.6875,9.4375,12.875,9.625],"rotation":0,"texture":"#0","tintindex":0},"up":{"uv":[9.8125,12.875,9.625,12.6875],"rotation":0,"texture":"#0","tintindex":0},"down":{"uv":[12.875,9.625,12.6875,9.8125],"rotation":0,"texture":"#0","tintindex":0}}},{"from":[10.6523,2.2674642,19.47651],"to":[11.9323,3.547464,20.756508],"rotation":{"angle":45.0,"axis":"x","origin":[4.8922997,1.1154637,24.55811]},"faces":{"east":{"uv":[12.6875,9.8125,12.875,10.0],"rotation":0,"texture":"#0","tintindex":0},"south":{"uv":[10.0,12.6875,10.1875,12.875],"rotation":0,"texture":"#0","tintindex":0},"north":{"uv":[9.8125,12.6875,10.0,12.875],"rotation":0,"texture":"#0","tintindex":0},"west":{"uv":[12.6875,10.0,12.875,10.1875],"rotation":0,"texture":"#0","tintindex":0},"up":{"uv":[10.375,12.875,10.1875,12.6875],"rotation":0,"texture":"#0","tintindex":0},"down":{"uv":[12.875,10.1875,12.6875,10.375],"rotation":0,"texture":"#0","tintindex":0}}},{"from":[5.5323,2.5874639,19.47651],"to":[10.6523,3.547464,20.116508],"rotation":{"angle":45.0,"axis":"x","origin":[4.8922997,1.1154637,24.55811]},"faces":{"east":{"uv":[7.25,12.875,7.375,13.0],"rotation":0,"texture":"#0","tintindex":0},"south":{"uv":[12.1875,7.875,13.0,8.0],"rotation":0,"texture":"#0","tintindex":0},"north":{"uv":[12.1875,7.75,13.0,7.875],"rotation":0,"texture":"#0","tintindex":0},"west":{"uv":[8.0,12.875,8.125,13.0],"rotation":0,"texture":"#0","tintindex":0},"up":{"uv":[10.3125,12.3125,9.5,12.1875],"rotation":0,"texture":"#0","tintindex":0},"down":{"uv":[11.125,12.1875,10.3125,12.3125],"rotation":0,"texture":"#0","tintindex":0}}},{"from":[4.3802996,2.395464,24.084509],"to":[5.4042997,3.419464,25.10851],"rotation":{"angle":45.0,"axis":"x","origin":[4.8922997,1.1154637,24.55811]},"faces":{"east":{"uv":[10.5625,12.6875,10.75,12.875],"rotation":0,"texture":"#0","tintindex":0},"south":{"uv":[11.25,12.6875,11.4375,12.875],"rotation":0,"texture":"#0","tintindex":0},"north":{"uv":[10.375,12.6875,10.5625,12.875],"rotation":0,"texture":"#0","tintindex":0},"west":{"uv":[11.4375,12.6875,11.625,12.875],"rotation":0,"texture":"#0","tintindex":0},"up":{"uv":[11.8125,12.875,11.625,12.6875],"rotation":0,"texture":"#0","tintindex":0},"down":{"uv":[12.875,11.9375,12.6875,12.125],"rotation":0,"texture":"#0","tintindex":0}}},{"from":[10.7803,2.395464,24.084509],"to":[11.8043,3.419464,25.10851],"rotation":{"angle":45.0,"axis":"x","origin":[4.8922997,1.1154637,24.55811]},"faces":{"east":{"uv":[12.75,2.0625,12.9375,2.25],"rotation":0,"texture":"#0","tintindex":0},"south":{"uv":[12.75,4.75,12.9375,4.9375],"rotation":0,"texture":"#0","tintindex":0},"north":{"uv":[12.75,1.875,12.9375,2.0625],"rotation":0,"texture":"#0","tintindex":0},"west":{"uv":[12.75,5.9375,12.9375,6.125],"rotation":0,"texture":"#0","tintindex":0},"up":{"uv":[8.625,12.9375,8.4375,12.75],"rotation":0,"texture":"#0","tintindex":0},"down":{"uv":[8.8125,12.75,8.625,12.9375],"rotation":0,"texture":"#0","tintindex":0}}},{"from":[4.3802996,10.2034645,15.470108],"to":[4.3802996,11.227465,21.614109],"rotation":{"angle":0.0,"axis":"y","origin":[1.1803002,-1.5725355,-1.6818914]},"faces":{"east":{"uv":[11.25,7.5625,12.1875,7.75],"rotation":0,"texture":"#0","tintindex":0},"south":{"uv":[0.0,0.0,0.0,0.1875],"rotation":0,"texture":"#0","tintindex":0},"north":{"uv":[0.0,0.0,0.0,0.1875],"rotation":0,"texture":"#0","tintindex":0},"west":{"uv":[6.1875,11.375,7.125,11.5625],"rotation":0,"texture":"#0","tintindex":0},"up":{"uv":[0.0,0.9375,0.0,0.0],"rotation":0,"texture":"#0","tintindex":0},"down":{"uv":[0.0,0.0,0.0,0.9375],"rotation":0,"texture":"#0","tintindex":0}}},{"from":[4.3802996,10.2034645,21.614109],"to":[5.1482997,11.483464,22.382107],"rotation":{"angle":0.0,"axis":"y","origin":[1.1803002,-1.5725355,-1.6818914]},"faces":{"east":{"uv":[1.4375,12.8125,1.5625,13.0],"rotation":0,"texture":"#0","tintindex":0},"south":{"uv":[12.8125,2.625,12.9375,2.8125],"rotation":0,"texture":"#0","tintindex":0},"north":{"uv":[1.3125,12.8125,1.4375,13.0],"rotation":0,"texture":"#0","tintindex":0},"west":{"uv":[3.625,12.8125,3.75,13.0],"rotation":0,"texture":"#0","tintindex":0},"up":{"uv":[13.0,6.75,12.875,6.625],"rotation":0,"texture":"#0","tintindex":0},"down":{"uv":[6.8125,12.875,6.6875,13.0],"rotation":0,"texture":"#0","tintindex":0}}},{"from":[11.0363,10.2034645,21.614109],"to":[11.8043,11.483464,22.382107],"rotation":{"angle":0.0,"axis":"y","origin":[1.1803002,-1.5725355,-1.6818914]},"faces":{"east":{"uv":[3.875,12.8125,4.0,13.0],"rotation":0,"texture":"#0","tintindex":0},"south":{"uv":[4.0,12.8125,4.125,13.0],"rotation":0,"texture":"#0","tintindex":0},"north":{"uv":[3.75,12.8125,3.875,13.0],"rotation":0,"texture":"#0","tintindex":0},"west":{"uv":[4.125,12.8125,4.25,13.0],"rotation":0,"texture":"#0","tintindex":0},"up":{"uv":[13.0,6.875,12.875,6.75],"rotation":0,"texture":"#0","tintindex":0},"down":{"uv":[6.9375,12.875,6.8125,13.0],"rotation":0,"texture":"#0","tintindex":0}}},{"from":[11.8043,10.2034645,15.470108],"to":[11.8043,11.227465,21.614109],"rotation":{"angle":0.0,"axis":"y","origin":[1.1803002,-1.5725355,-1.6818914]},"faces":{"east":{"uv":[7.125,11.375,8.0625,11.5625],"rotation":0,"texture":"#0","tintindex":0},"south":{"uv":[0.0,0.0,0.0,0.1875],"rotation":0,"texture":"#0","tintindex":0},"north":{"uv":[0.0,0.0,0.0,0.1875],"rotation":0,"texture":"#0","tintindex":0},"west":{"uv":[11.375,11.25,12.3125,11.4375],"rotation":0,"texture":"#0","tintindex":0},"up":{"uv":[0.0,0.9375,0.0,0.0],"rotation":0,"texture":"#0","tintindex":0},"down":{"uv":[0.0,0.0,0.0,0.9375],"rotation":0,"texture":"#0","tintindex":0}}},{"from":[5.1482997,10.2034645,22.382107],"to":[11.0363,11.227465,22.382107],"rotation":{"angle":0.0,"axis":"y","origin":[1.1803002,-1.5725355,-1.6818914]},"faces":{"east":{"uv":[0.0,0.0,0.0,0.1875],"rotation":0,"texture":"#0","tintindex":0},"south":{"uv":[11.4375,5.1875,12.375,5.375],"rotation":0,"texture":"#0","tintindex":0},"north":{"uv":[11.4375,2.8125,12.375,3.0],"rotation":0,"texture":"#0","tintindex":0},"west":{"uv":[0.0,0.0,0.0,0.1875],"rotation":0,"texture":"#0","tintindex":0},"up":{"uv":[0.9375,0.0,0.0,0.0],"rotation":0,"texture":"#0","tintindex":0},"down":{"uv":[0.9375,0.0,0.0,0.0],"rotation":0,"texture":"#0","tintindex":0}}},{"from":[3.9962997,4.315464,15.214108],"to":[12.1883,10.2034645,22.63811],"rotation":{"angle":0.0,"axis":"y","origin":[1.1803002,-1.5725355,-1.6818914]},"faces":{"east":{"uv":[1.25,4.625,2.4375,5.5625],"rotation":0,"texture":"#0","tintindex":0},"south":{"uv":[0.0,4.625,1.25,5.5625],"rotation":0,"texture":"#0","tintindex":0},"north":{"uv":[4.5625,0.0,5.8125,0.9375],"rotation":0,"texture":"#0","tintindex":0},"west":{"uv":[2.4375,4.875,3.625,5.8125],"rotation":0,"texture":"#0","tintindex":0},"up":{"uv":[1.25,4.625,0.0,3.4375],"rotation":0,"texture":"#0","tintindex":0},"down":{"uv":[2.5,3.4375,1.25,4.625],"rotation":0,"texture":"#0","tintindex":0}}},{"from":[4.3802996,5.8514643,22.382107],"to":[5.1482997,10.459464,23.150108],"rotation":{"angle":0.0,"axis":"y","origin":[1.1803002,-1.5725355,-1.6818914]},"faces":{"east":{"uv":[3.5,12.125,3.625,12.875],"rotation":0,"texture":"#0","tintindex":0},"south":{"uv":[2.25,12.25,2.375,13.0],"rotation":0,"texture":"#0","tintindex":0},"north":{"uv":[3.375,12.125,3.5,12.875],"rotation":0,"texture":"#0","tintindex":0},"west":{"uv":[2.375,12.25,2.5,13.0],"rotation":0,"texture":"#0","tintindex":0},"up":{"uv":[13.0,7.0,12.875,6.875],"rotation":0,"texture":"#0","tintindex":0},"down":{"uv":[7.0625,12.875,6.9375,13.0],"rotation":0,"texture":"#0","tintindex":0}}},{"from":[4.3802996,10.459464,23.150108],"to":[5.1482997,10.459464,23.790108],"rotation":{"angle":0.0,"axis":"y","origin":[1.1803002,-1.5725355,-1.6818914]},"faces":{"east":{"uv":[0.0,0.0,0.125,0.0],"rotation":0,"texture":"#0","tintindex":0},"south":{"uv":[0.0,0.0,0.125,0.0],"rotation":0,"texture":"#0","tintindex":0},"north":{"uv":[0.0,0.0,0.125,0.0],"rotation":0,"texture":"#0","tintindex":0},"west":{"uv":[0.0,0.0,0.125,0.0],"rotation":0,"texture":"#0","tintindex":0},"up":{"uv":[8.375,13.0,8.25,12.875],"rotation":0,"texture":"#0","tintindex":0},"down":{"uv":[9.0,12.875,8.875,13.0],"rotation":0,"texture":"#0","tintindex":0}}},{"from":[4.3802996,9.819464,23.150108],"to":[4.3802996,10.459464,23.790108],"rotation":{"angle":0.0,"axis":"y","origin":[1.1803002,-1.5725355,-1.6818914]},"faces":{"east":{"uv":[9.25,12.875,9.375,13.0],"rotation":0,"texture":"#0","tintindex":0},"south":{"uv":[0.0,0.0,0.0,0.125],"rotation":0,"texture":"#0","tintindex":0},"north":{"uv":[0.0,0.0,0.0,0.125],"rotation":0,"texture":"#0","tintindex":0},"west":{"uv":[12.875,9.25,13.0,9.375],"rotation":0,"texture":"#0","tintindex":0},"up":{"uv":[0.0,0.125,0.0,0.0],"rotation":0,"texture":"#0","tintindex":0},"down":{"uv":[0.0,0.0,0.0,0.125],"rotation":0,"texture":"#0","tintindex":0}}},{"from":[11.0363,5.8514643,22.382107],"to":[11.8043,10.459464,23.150108],"rotation":{"angle":0.0,"axis":"y","origin":[1.1803002,-1.5725355,-1.6818914]},"faces":{"east":{"uv":[2.625,12.25,2.75,13.0],"rotation":0,"texture":"#0","tintindex":0},"south":{"uv":[2.75,12.25,2.875,13.0],"rotation":0,"texture":"#0","tintindex":0},"north":{"uv":[2.5,12.25,2.625,13.0],"rotation":0,"texture":"#0","tintindex":0},"west":{"uv":[4.625,12.25,4.75,13.0],"rotation":0,"texture":"#0","tintindex":0},"up":{"uv":[13.0,7.125,12.875,7.0],"rotation":0,"texture":"#0","tintindex":0},"down":{"uv":[7.25,12.875,7.125,13.0],"rotation":0,"texture":"#0","tintindex":0}}},{"from":[11.0363,10.459464,23.150108],"to":[11.8043,10.459464,24.110107],"rotation":{"angle":0.0,"axis":"y","origin":[1.1803002,-1.5725355,-1.6818914]},"faces":{"east":{"uv":[0.0,0.0,0.125,0.0],"rotation":0,"texture":"#0","tintindex":0},"south":{"uv":[0.0,0.0,0.125,0.0],"rotation":0,"texture":"#0","tintindex":0},"north":{"uv":[0.0,0.0,0.125,0.0],"rotation":0,"texture":"#0","tintindex":0},"west":{"uv":[0.0,0.0,0.125,0.0],"rotation":0,"texture":"#0","tintindex":0},"up":{"uv":[9.125,13.0,9.0,12.875],"rotation":0,"texture":"#0","tintindex":0},"down":{"uv":[9.25,12.875,9.125,13.0],"rotation":0,"texture":"#0","tintindex":0}}},{"from":[11.8043,9.819464,23.150108],"to":[11.8043,10.459464,24.110107],"rotation":{"angle":0.0,"axis":"y","origin":[1.1803002,-1.5725355,-1.6818914]},"faces":{"east":{"uv":[9.375,12.875,9.5,13.0],"rotation":0,"texture":"#0","tintindex":0},"south":{"uv":[0.0,0.0,0.0,0.125],"rotation":0,"texture":"#0","tintindex":0},"north":{"uv":[0.0,0.0,0.0,0.125],"rotation":0,"texture":"#0","tintindex":0},"west":{"uv":[12.875,9.375,13.0,9.5],"rotation":0,"texture":"#0","tintindex":0},"up":{"uv":[0.0,0.125,0.0,0.0],"rotation":0,"texture":"#0","tintindex":0},"down":{"uv":[0.0,0.0,0.0,0.125],"rotation":0,"texture":"#0","tintindex":0}}},{"from":[5.1482997,8.667464,23.150108],"to":[11.0363,9.435464,23.150108],"rotation":{"angle":0.0,"axis":"y","origin":[1.1803002,-1.5725355,-1.6818914]},"faces":{"east":{"uv":[0.0,0.0,0.0,0.125],"rotation":0,"texture":"#0","tintindex":0},"south":{"uv":[10.0625,12.0625,11.0,12.1875],"rotation":0,"texture":"#0","tintindex":0},"north":{"uv":[12.0,5.0625,12.9375,5.1875],"rotation":0,"texture":"#0","tintindex":0},"west":{"uv":[0.0,0.0,0.0,0.125],"rotation":0,"texture":"#0","tintindex":0},"up":{"uv":[0.9375,0.0,0.0,0.0],"rotation":0,"texture":"#0","tintindex":0},"down":{"uv":[0.9375,0.0,0.0,0.0],"rotation":0,"texture":"#0","tintindex":0}}},{"from":[5.1482997,6.875464,23.150108],"to":[11.0363,7.643464,23.150108],"rotation":{"angle":0.0,"axis":"y","origin":[1.1803002,-1.5725355,-1.6818914]},"faces":{"east":{"uv":[0.0,0.0,0.0,0.125],"rotation":0,"texture":"#0","tintindex":0},"south":{"uv":[12.125,0.125,13.0625,0.25],"rotation":0,"texture":"#0","tintindex":0},"north":{"uv":[12.125,0.0,13.0625,0.125],"rotation":0,"texture":"#0","tintindex":0},"west":{"uv":[0.0,0.0,0.0,0.125],"rotation":0,"texture":"#0","tintindex":0},"up":{"uv":[0.9375,0.0,0.0,0.0],"rotation":0,"texture":"#0","tintindex":0},"down":{"uv":[0.9375,0.0,0.0,0.0],"rotation":0,"texture":"#0","tintindex":0}}},{"from":[5.2762995,0.85946417,22.63811],"to":[10.9083,1.3714638,23.406109],"rotation":{"angle":0.0,"axis":"y","origin":[1.1803002,-1.5725355,-1.6818914]},"faces":{"east":{"uv":[11.5625,8.0,11.6875,8.0625],"rotation":0,"texture":"#0","tintindex":0},"south":{"uv":[12.375,5.3125,13.25,5.375],"rotation":0,"texture":"#0","tintindex":0},"north":{"uv":[12.3125,11.375,13.1875,11.4375],"rotation":0,"texture":"#0","tintindex":0},"west":{"uv":[11.5625,8.6875,11.6875,8.75],"rotation":0,"texture":"#0","tintindex":0},"up":{"uv":[13.0625,2.5,12.1875,2.375],"rotation":0,"texture":"#0","tintindex":0},"down":{"uv":[13.0625,2.5,12.1875,2.625],"rotation":0,"texture":"#0","tintindex":0}}}],"display":{"head":{"translation":[0.0,-6.4,0.0],"scale":[4.0,4.0,4.0]}}}