{"textures":{"0":"modelengine:entity/tractor2gray"},"elements":[{"from":[7.2114286,0.8457136,7.497143],"to":[8.731428,2.8799996,8.96],"rotation":{"angle":0.0,"axis":"y","origin":[1.4171424,-15.771429,12.617144]},"faces":{"east":{"uv":[12.5625,2.0,12.75,2.25],"rotation":0,"texture":"#0","tintindex":0},"south":{"uv":[12.5625,4.75,12.75,5.0],"rotation":0,"texture":"#0","tintindex":0},"north":{"uv":[12.5,11.9375,12.6875,12.1875],"rotation":0,"texture":"#0","tintindex":0},"west":{"uv":[12.5625,5.9375,12.75,6.1875],"rotation":0,"texture":"#0","tintindex":0},"up":{"uv":[7.9375,12.8125,7.75,12.625],"rotation":0,"texture":"#0","tintindex":0},"down":{"uv":[12.875,0.25,12.6875,0.4375],"rotation":0,"texture":"#0","tintindex":0}}},{"from":[6.6971426,-0.86857224,7.497143],"to":[8.731428,0.8457136,8.96],"rotation":{"angle":0.0,"axis":"y","origin":[1.4171424,-15.771429,12.617144]},"faces":{"east":{"uv":[12.75,11.4375,12.9375,11.625],"rotation":0,"texture":"#0","tintindex":0},"south":{"uv":[0.4375,12.625,0.6875,12.8125],"rotation":0,"texture":"#0","tintindex":0},"north":{"uv":[0.1875,12.625,0.4375,12.8125],"rotation":0,"texture":"#0","tintindex":0},"west":{"uv":[12.75,11.625,12.9375,11.8125],"rotation":0,"texture":"#0","tintindex":0},"up":{"uv":[0.9375,12.8125,0.6875,12.625],"rotation":0,"texture":"#0","tintindex":0},"down":{"uv":[1.1875,12.625,0.9375,12.8125],"rotation":0,"texture":"#0","tintindex":0}}}],"display":{"head":{"translation":[0.0,-6.4,0.0],"scale":[4.0,4.0,4.0]}}}