{"textures":{"0":"modelengine:entity/tractor2gray"},"elements":[{"from":[7.521758,3.1608143,5.0742855],"to":[10.0817585,13.035101,10.9257145],"rotation":{"angle":0.0,"axis":"y","origin":[8.253187,0.9665284,8.0]},"faces":{"east":{"uv":[3.4375,6.875,4.0625,7.9375],"rotation":0,"texture":"#0","tintindex":0},"south":{"uv":[10.125,6.625,10.375,7.6875],"rotation":0,"texture":"#0","tintindex":0},"north":{"uv":[4.9375,10.0,5.1875,11.0625],"rotation":0,"texture":"#0","tintindex":0},"west":{"uv":[4.0625,6.875,4.6875,7.9375],"rotation":0,"texture":"#0","tintindex":0},"up":{"uv":[8.3125,12.0,8.0625,11.375],"rotation":0,"texture":"#0","tintindex":0},"down":{"uv":[11.6875,8.0625,11.4375,8.6875],"rotation":0,"texture":"#0","tintindex":0}}},{"from":[4.961758,-0.7706146,0.8685713],"to":[11.178902,2.1550999,6.72],"rotation":{"angle":45.0,"axis":"x","origin":[8.253187,2.0636716,8.0]},"faces":{"east":{"uv":[10.75,11.25,11.375,11.5625],"rotation":0,"texture":"#0","tintindex":0},"south":{"uv":[10.625,6.625,11.3125,6.9375],"rotation":0,"texture":"#0","tintindex":0},"north":{"uv":[10.625,6.3125,11.3125,6.625],"rotation":0,"texture":"#0","tintindex":0},"west":{"uv":[1.1875,11.3125,1.8125,11.625],"rotation":0,"texture":"#0","tintindex":0},"up":{"uv":[9.0,8.75,8.3125,8.125],"rotation":0,"texture":"#0","tintindex":0},"down":{"uv":[2.0625,8.375,1.375,9.0],"rotation":0,"texture":"#0","tintindex":0}}},{"from":[4.961758,-0.7706146,9.28],"to":[11.178902,2.1550999,15.131429],"rotation":{"angle":-45.0,"axis":"x","origin":[8.253187,2.0636716,8.0]},"faces":{"east":{"uv":[1.8125,11.3125,2.4375,11.625],"rotation":0,"texture":"#0","tintindex":0},"south":{"uv":[10.6875,2.0625,11.375,2.375],"rotation":0,"texture":"#0","tintindex":0},"north":{"uv":[10.625,6.9375,11.3125,7.25],"rotation":0,"texture":"#0","tintindex":0},"west":{"uv":[11.3125,3.0,11.9375,3.3125],"rotation":0,"texture":"#0","tintindex":0},"up":{"uv":[9.125,3.8125,8.4375,3.1875],"rotation":0,"texture":"#0","tintindex":0},"down":{"uv":[5.25,8.4375,4.5625,9.0625],"rotation":0,"texture":"#0","tintindex":0}}},{"from":[4.961758,5.117386,0.96000004],"to":[11.178902,10.968815,3.885714],"rotation":{"angle":0.0,"axis":"y","origin":[8.253187,0.9665284,8.0]},"faces":{"east":{"uv":[3.375,11.25,3.6875,11.875],"rotation":0,"texture":"#0","tintindex":0},"south":{"uv":[3.4375,8.5625,4.125,9.1875],"rotation":0,"texture":"#0","tintindex":0},"north":{"uv":[2.75,8.5625,3.4375,9.1875],"rotation":0,"texture":"#0","tintindex":0},"west":{"uv":[11.3125,3.3125,11.625,3.9375],"rotation":0,"texture":"#0","tintindex":0},"up":{"uv":[11.375,5.1875,10.6875,4.875],"rotation":0,"texture":"#0","tintindex":0},"down":{"uv":[11.375,6.0,10.6875,6.3125],"rotation":0,"texture":"#0","tintindex":0}}},{"from":[4.961758,5.117386,12.114286],"to":[11.178902,10.968815,15.04],"rotation":{"angle":0.0,"axis":"y","origin":[8.253187,0.9665284,8.0]},"faces":{"east":{"uv":[3.6875,11.3125,4.0,11.9375],"rotation":0,"texture":"#0","tintindex":0},"south":{"uv":[6.125,8.75,6.8125,9.375],"rotation":0,"texture":"#0","tintindex":0},"north":{"uv":[8.75,2.5625,9.4375,3.1875],"rotation":0,"texture":"#0","tintindex":0},"west":{"uv":[11.3125,3.9375,11.625,4.5625],"rotation":0,"texture":"#0","tintindex":0},"up":{"uv":[11.4375,5.5,10.75,5.1875],"rotation":0,"texture":"#0","tintindex":0},"down":{"uv":[11.4375,8.0625,10.75,8.375],"rotation":0,"texture":"#0","tintindex":0}}},{"from":[4.961758,10.420243,0.8319998],"to":[11.178902,13.345958,6.683429],"rotation":{"angle":45.0,"axis":"x","origin":[8.253187,2.0636716,8.0]},"faces":{"east":{"uv":[4.0,11.3125,4.625,11.625],"rotation":0,"texture":"#0","tintindex":0},"south":{"uv":[10.125,10.75,10.8125,11.0625],"rotation":0,"texture":"#0","tintindex":0},"north":{"uv":[10.75,8.375,11.4375,8.6875],"rotation":0,"texture":"#0","tintindex":0},"west":{"uv":[11.3125,4.5625,11.9375,4.875],"rotation":0,"texture":"#0","tintindex":0},"up":{"uv":[7.5,9.375,6.8125,8.75],"rotation":0,"texture":"#0","tintindex":0},"down":{"uv":[8.1875,8.75,7.5,9.375],"rotation":0,"texture":"#0","tintindex":0}}},{"from":[4.961758,10.420243,9.316571],"to":[11.178902,13.345958,15.168],"rotation":{"angle":-45.0,"axis":"x","origin":[8.253187,2.0636716,8.0]},"faces":{"east":{"uv":[11.3125,6.3125,11.9375,6.625],"rotation":0,"texture":"#0","tintindex":0},"south":{"uv":[5.6875,10.8125,6.375,11.125],"rotation":0,"texture":"#0","tintindex":0},"north":{"uv":[10.8125,0.0,11.5,0.3125],"rotation":0,"texture":"#0","tintindex":0},"west":{"uv":[11.3125,6.625,11.9375,6.9375],"rotation":0,"texture":"#0","tintindex":0},"up":{"uv":[8.875,9.375,8.1875,8.75],"rotation":0,"texture":"#0","tintindex":0},"down":{"uv":[0.6875,8.8125,0.0,9.4375],"rotation":0,"texture":"#0","tintindex":0}}},{"from":[4.961758,12.193958,5.0742855],"to":[11.178902,15.119673,10.9257145],"rotation":{"angle":0.0,"axis":"y","origin":[8.253187,0.9665284,8.0]},"faces":{"east":{"uv":[11.3125,6.9375,11.9375,7.25],"rotation":0,"texture":"#0","tintindex":0},"south":{"uv":[10.875,7.75,11.5625,8.0625],"rotation":0,"texture":"#0","tintindex":0},"north":{"uv":[10.8125,10.75,11.5,11.0625],"rotation":0,"texture":"#0","tintindex":0},"west":{"uv":[11.375,2.0625,12.0,2.375],"rotation":0,"texture":"#0","tintindex":0},"up":{"uv":[1.375,9.4375,0.6875,8.8125],"rotation":0,"texture":"#0","tintindex":0},"down":{"uv":[5.9375,8.8125,5.25,9.4375],"rotation":0,"texture":"#0","tintindex":0}}},{"from":[4.961758,0.9665284,5.0742855],"to":[11.178902,3.892243,10.9257145],"rotation":{"angle":0.0,"axis":"y","origin":[8.253187,0.9665284,8.0]},"faces":{"east":{"uv":[11.375,4.875,12.0,5.1875],"rotation":0,"texture":"#0","tintindex":0},"south":{"uv":[6.375,11.0625,7.0625,11.375],"rotation":0,"texture":"#0","tintindex":0},"north":{"uv":[3.75,11.0,4.4375,11.3125],"rotation":0,"texture":"#0","tintindex":0},"west":{"uv":[11.375,5.9375,12.0,6.25],"rotation":0,"texture":"#0","tintindex":0},"up":{"uv":[9.5,7.5625,8.8125,6.9375],"rotation":0,"texture":"#0","tintindex":0},"down":{"uv":[9.5625,8.75,8.875,9.375],"rotation":0,"texture":"#0","tintindex":0}}},{"from":[7.521758,3.5951004,2.8799996],"to":[10.0817585,12.120815,5.0742855],"rotation":{"angle":0.0,"axis":"y","origin":[8.253187,0.9665284,8.0]},"faces":{"east":{"uv":[10.375,3.0,10.625,3.9375],"rotation":0,"texture":"#0","tintindex":0},"south":{"uv":[10.375,3.9375,10.625,4.875],"rotation":0,"texture":"#0","tintindex":0},"north":{"uv":[10.3125,9.8125,10.5625,10.75],"rotation":0,"texture":"#0","tintindex":0},"west":{"uv":[5.1875,10.375,5.4375,11.3125],"rotation":0,"texture":"#0","tintindex":0},"up":{"uv":[4.125,9.4375,3.875,9.1875],"rotation":0,"texture":"#0","tintindex":0},"down":{"uv":[9.4375,11.5625,9.1875,11.8125],"rotation":0,"texture":"#0","tintindex":0}}},{"from":[7.521758,3.6636715,10.9257145],"to":[10.0817585,12.120815,13.120001],"rotation":{"angle":0.0,"axis":"y","origin":[8.253187,0.9665284,8.0]},"faces":{"east":{"uv":[10.375,6.3125,10.625,7.25],"rotation":0,"texture":"#0","tintindex":0},"south":{"uv":[9.625,10.375,9.875,11.3125],"rotation":0,"texture":"#0","tintindex":0},"north":{"uv":[5.4375,10.375,5.6875,11.3125],"rotation":0,"texture":"#0","tintindex":0},"west":{"uv":[9.875,10.375,10.125,11.3125],"rotation":0,"texture":"#0","tintindex":0},"up":{"uv":[0.875,11.875,0.625,11.625],"rotation":0,"texture":"#0","tintindex":0},"down":{"uv":[6.4375,12.375,6.1875,12.625],"rotation":0,"texture":"#0","tintindex":0}}},{"from":[6.4246154,5.7208147,5.805714],"to":[7.8874726,10.109386,10.194286],"rotation":{"angle":0.0,"axis":"y","origin":[7.338901,7.9151006,8.0]},"faces":{"east":{"uv":[10.25,8.0625,10.75,8.5625],"rotation":0,"texture":"#0","tintindex":0},"south":{"uv":[11.125,12.0625,11.3125,12.5625],"rotation":0,"texture":"#0","tintindex":0},"north":{"uv":[7.5625,12.0625,7.75,12.5625],"rotation":0,"texture":"#0","tintindex":0},"west":{"uv":[10.3125,0.0,10.8125,0.5],"rotation":0,"texture":"#0","tintindex":0},"up":{"uv":[0.1875,12.625,0.0,12.125],"rotation":0,"texture":"#0","tintindex":0},"down":{"uv":[0.375,12.125,0.1875,12.625],"rotation":0,"texture":"#0","tintindex":0}}},{"from":[4.961758,6.8179574,6.902857],"to":[6.7903295,9.012243,9.097143],"rotation":{"angle":0.0,"axis":"y","origin":[6.058901,7.9151006,8.0]},"faces":{"east":{"uv":[7.75,12.375,8.0,12.625],"rotation":0,"texture":"#0","tintindex":0},"south":{"uv":[10.125,10.375,10.3125,10.625],"rotation":0,"texture":"#0","tintindex":0},"north":{"uv":[5.1875,10.0,5.375,10.25],"rotation":0,"texture":"#0","tintindex":0},"west":{"uv":[2.0,12.4375,2.25,12.6875],"rotation":0,"texture":"#0","tintindex":0},"up":{"uv":[6.375,11.375,6.1875,11.125],"rotation":0,"texture":"#0","tintindex":0},"down":{"uv":[9.625,11.5625,9.4375,11.8125],"rotation":0,"texture":"#0","tintindex":0}}}],"display":{"head":{"translation":[0.0,-6.4,0.0],"scale":[4.0,4.0,4.0]}}}