{"textures":{"0":"modelengine:entity/tractor2gray"},"elements":[{"from":[5.9182415,3.1238914,5.0742855],"to":[8.478242,12.998178,10.9257145],"rotation":{"angle":0.0,"axis":"y","origin":[6.283956,0.9296055,8.0]},"faces":{"east":{"uv":[1.8125,6.6875,2.4375,7.75],"rotation":0,"texture":"#0","tintindex":0},"south":{"uv":[4.6875,10.0,4.9375,11.0625],"rotation":0,"texture":"#0","tintindex":0},"north":{"uv":[0.9375,10.0,1.1875,11.0625],"rotation":0,"texture":"#0","tintindex":0},"west":{"uv":[0.75,6.75,1.375,7.8125],"rotation":0,"texture":"#0","tintindex":0},"up":{"uv":[9.875,11.9375,9.625,11.3125],"rotation":0,"texture":"#0","tintindex":0},"down":{"uv":[10.125,11.3125,9.875,11.9375],"rotation":0,"texture":"#0","tintindex":0}}},{"from":[4.821099,-0.8075371,0.8685713],"to":[11.038242,2.118177,6.72],"rotation":{"angle":45.0,"axis":"x","origin":[7.7468133,2.0267482,8.0]},"faces":{"east":{"uv":[0.75,7.8125,1.375,8.125],"rotation":0,"texture":"#0","tintindex":0},"south":{"uv":[10.5625,0.5,11.25,0.8125],"rotation":0,"texture":"#0","tintindex":0},"north":{"uv":[5.6875,10.5,6.375,10.8125],"rotation":0,"texture":"#0","tintindex":0},"west":{"uv":[6.375,10.5,7.0,10.8125],"rotation":0,"texture":"#0","tintindex":0},"up":{"uv":[2.0625,8.375,1.375,7.75],"rotation":0,"texture":"#0","tintindex":0},"down":{"uv":[3.875,7.9375,3.1875,8.5625],"rotation":0,"texture":"#0","tintindex":0}}},{"from":[4.821099,-0.8075371,9.28],"to":[11.038242,2.118177,15.131429],"rotation":{"angle":-45.0,"axis":"x","origin":[7.7468133,2.0267482,8.0]},"faces":{"east":{"uv":[11.25,1.0625,11.875,1.375],"rotation":0,"texture":"#0","tintindex":0},"south":{"uv":[10.5625,1.125,11.25,1.4375],"rotation":0,"texture":"#0","tintindex":0},"north":{"uv":[10.5625,0.8125,11.25,1.125],"rotation":0,"texture":"#0","tintindex":0},"west":{"uv":[2.4375,11.25,3.0625,11.5625],"rotation":0,"texture":"#0","tintindex":0},"up":{"uv":[4.5625,8.5625,3.875,7.9375],"rotation":0,"texture":"#0","tintindex":0},"down":{"uv":[8.75,2.5625,8.0625,3.1875],"rotation":0,"texture":"#0","tintindex":0}}},{"from":[4.821099,5.080463,0.96000004],"to":[11.038242,10.931891,3.885714],"rotation":{"angle":0.0,"axis":"y","origin":[7.7468133,0.9296055,8.0]},"faces":{"east":{"uv":[7.0,2.75,7.3125,3.375],"rotation":0,"texture":"#0","tintindex":0},"south":{"uv":[6.9375,8.125,7.625,8.75],"rotation":0,"texture":"#0","tintindex":0},"north":{"uv":[6.25,8.125,6.9375,8.75],"rotation":0,"texture":"#0","tintindex":0},"west":{"uv":[5.875,11.125,6.1875,11.75],"rotation":0,"texture":"#0","tintindex":0},"up":{"uv":[11.25,9.1875,10.5625,8.875],"rotation":0,"texture":"#0","tintindex":0},"down":{"uv":[11.25,9.1875,10.5625,9.5],"rotation":0,"texture":"#0","tintindex":0}}},{"from":[4.821099,5.080463,12.114286],"to":[11.038242,10.931891,15.04],"rotation":{"angle":0.0,"axis":"y","origin":[7.7468133,0.9296055,8.0]},"faces":{"east":{"uv":[8.875,11.1875,9.1875,11.8125],"rotation":0,"texture":"#0","tintindex":0},"south":{"uv":[7.625,8.125,8.3125,8.75],"rotation":0,"texture":"#0","tintindex":0},"north":{"uv":[8.125,6.9375,8.8125,7.5625],"rotation":0,"texture":"#0","tintindex":0},"west":{"uv":[3.0625,11.25,3.375,11.875],"rotation":0,"texture":"#0","tintindex":0},"up":{"uv":[11.25,9.8125,10.5625,9.5],"rotation":0,"texture":"#0","tintindex":0},"down":{"uv":[11.25,9.8125,10.5625,10.125],"rotation":0,"texture":"#0","tintindex":0}}},{"from":[4.821099,10.38332,0.8319998],"to":[11.038242,13.309034,6.683429],"rotation":{"angle":45.0,"axis":"x","origin":[7.7468133,2.0267482,8.0]},"faces":{"east":{"uv":[11.25,7.25,11.875,7.5625],"rotation":0,"texture":"#0","tintindex":0},"south":{"uv":[10.5625,10.4375,11.25,10.75],"rotation":0,"texture":"#0","tintindex":0},"north":{"uv":[10.5625,10.125,11.25,10.4375],"rotation":0,"texture":"#0","tintindex":0},"west":{"uv":[11.25,8.875,11.875,9.1875],"rotation":0,"texture":"#0","tintindex":0},"up":{"uv":[0.6875,8.8125,0.0,8.1875],"rotation":0,"texture":"#0","tintindex":0},"down":{"uv":[1.375,8.1875,0.6875,8.8125],"rotation":0,"texture":"#0","tintindex":0}}},{"from":[4.821099,10.38332,9.316571],"to":[11.038242,13.309034,15.168],"rotation":{"angle":-45.0,"axis":"x","origin":[7.7468133,2.0267482,8.0]},"faces":{"east":{"uv":[11.25,9.1875,11.875,9.5],"rotation":0,"texture":"#0","tintindex":0},"south":{"uv":[10.625,3.3125,11.3125,3.625],"rotation":0,"texture":"#0","tintindex":0},"north":{"uv":[10.625,3.0,11.3125,3.3125],"rotation":0,"texture":"#0","tintindex":0},"west":{"uv":[11.25,9.5,11.875,9.8125],"rotation":0,"texture":"#0","tintindex":0},"up":{"uv":[6.125,8.8125,5.4375,8.1875],"rotation":0,"texture":"#0","tintindex":0},"down":{"uv":[8.9375,0.0,8.25,0.625],"rotation":0,"texture":"#0","tintindex":0}}},{"from":[4.821099,12.157035,5.0742855],"to":[11.038242,15.082749,10.9257145],"rotation":{"angle":0.0,"axis":"y","origin":[7.7468133,0.9296055,8.0]},"faces":{"east":{"uv":[11.25,9.8125,11.875,10.125],"rotation":0,"texture":"#0","tintindex":0},"south":{"uv":[10.625,3.9375,11.3125,4.25],"rotation":0,"texture":"#0","tintindex":0},"north":{"uv":[10.625,3.625,11.3125,3.9375],"rotation":0,"texture":"#0","tintindex":0},"west":{"uv":[10.125,11.25,10.75,11.5625],"rotation":0,"texture":"#0","tintindex":0},"up":{"uv":[8.9375,1.25,8.25,0.625],"rotation":0,"texture":"#0","tintindex":0},"down":{"uv":[8.9375,1.25,8.25,1.875],"rotation":0,"texture":"#0","tintindex":0}}},{"from":[4.821099,0.9296055,5.0742855],"to":[11.038242,3.85532,10.9257145],"rotation":{"angle":0.0,"axis":"y","origin":[7.7468133,0.9296055,8.0]},"faces":{"east":{"uv":[11.25,10.125,11.875,10.4375],"rotation":0,"texture":"#0","tintindex":0},"south":{"uv":[10.625,4.5625,11.3125,4.875],"rotation":0,"texture":"#0","tintindex":0},"north":{"uv":[10.625,4.25,11.3125,4.5625],"rotation":0,"texture":"#0","tintindex":0},"west":{"uv":[11.25,10.4375,11.875,10.75],"rotation":0,"texture":"#0","tintindex":0},"up":{"uv":[2.75,8.9375,2.0625,8.3125],"rotation":0,"texture":"#0","tintindex":0},"down":{"uv":[9.0,5.375,8.3125,6.0],"rotation":0,"texture":"#0","tintindex":0}}},{"from":[5.9182415,4.01532,2.8799996],"to":[8.478242,12.541035,5.0742855],"rotation":{"angle":0.0,"axis":"y","origin":[6.283956,0.9296055,8.0]},"faces":{"east":{"uv":[10.3125,0.5,10.5625,1.4375],"rotation":0,"texture":"#0","tintindex":0},"south":{"uv":[2.5,10.3125,2.75,11.25],"rotation":0,"texture":"#0","tintindex":0},"north":{"uv":[8.875,10.25,9.125,11.1875],"rotation":0,"texture":"#0","tintindex":0},"west":{"uv":[2.75,10.3125,3.0,11.25],"rotation":0,"texture":"#0","tintindex":0},"up":{"uv":[1.0,6.75,0.75,6.5],"rotation":0,"texture":"#0","tintindex":0},"down":{"uv":[3.4375,7.5625,3.1875,7.8125],"rotation":0,"texture":"#0","tintindex":0}}},{"from":[5.9182415,3.7181768,10.9257145],"to":[8.478242,12.175321,13.120001],"rotation":{"angle":0.0,"axis":"y","origin":[6.283956,0.9296055,8.0]},"faces":{"east":{"uv":[3.25,10.3125,3.5,11.25],"rotation":0,"texture":"#0","tintindex":0},"south":{"uv":[3.5,10.3125,3.75,11.25],"rotation":0,"texture":"#0","tintindex":0},"north":{"uv":[3.0,10.3125,3.25,11.25],"rotation":0,"texture":"#0","tintindex":0},"west":{"uv":[10.3125,8.875,10.5625,9.8125],"rotation":0,"texture":"#0","tintindex":0},"up":{"uv":[8.3125,3.4375,8.0625,3.1875],"rotation":0,"texture":"#0","tintindex":0},"down":{"uv":[3.0,8.3125,2.75,8.5625],"rotation":0,"texture":"#0","tintindex":0}}},{"from":[8.112528,5.6838913,5.805714],"to":[9.575384,10.072463,10.194286],"rotation":{"angle":0.0,"axis":"y","origin":[5.36967,7.878177,8.0]},"faces":{"east":{"uv":[7.0,1.5,7.5,2.0],"rotation":0,"texture":"#0","tintindex":0},"south":{"uv":[5.9375,8.8125,6.125,9.3125],"rotation":0,"texture":"#0","tintindex":0},"north":{"uv":[8.0625,0.0,8.25,0.5],"rotation":0,"texture":"#0","tintindex":0},"west":{"uv":[10.25,5.25,10.75,5.75],"rotation":0,"texture":"#0","tintindex":0},"up":{"uv":[5.9375,9.9375,5.75,9.4375],"rotation":0,"texture":"#0","tintindex":0},"down":{"uv":[7.5625,12.0625,7.375,12.5625],"rotation":0,"texture":"#0","tintindex":0}}},{"from":[9.20967,6.7810345,6.902857],"to":[11.038242,8.97532,9.097143],"rotation":{"angle":0.0,"axis":"y","origin":[10.123957,7.878177,8.0]},"faces":{"east":{"uv":[4.75,9.0625,5.0,9.3125],"rotation":0,"texture":"#0","tintindex":0},"south":{"uv":[3.4375,6.625,3.625,6.875],"rotation":0,"texture":"#0","tintindex":0},"north":{"uv":[2.8125,3.4375,3.0,3.6875],"rotation":0,"texture":"#0","tintindex":0},"west":{"uv":[5.0,9.0625,5.25,9.3125],"rotation":0,"texture":"#0","tintindex":0},"up":{"uv":[3.1875,8.5625,3.0,8.3125],"rotation":0,"texture":"#0","tintindex":0},"down":{"uv":[5.4375,8.4375,5.25,8.6875],"rotation":0,"texture":"#0","tintindex":0}}}],"display":{"head":{"translation":[0.0,-6.4,0.0],"scale":[4.0,4.0,4.0]}}}