{"textures":{"0":"modelengine:entity/tractor2gray"},"elements":[{"from":[4.8,1.8129649,5.41535],"to":[10.651428,4.372965,10.535351],"rotation":{"angle":0.0,"axis":"y","origin":[7.725714,1.8129649,7.9753504]},"faces":{"east":{"uv":[11.9375,6.5,12.5,6.75],"rotation":0,"texture":"#0","tintindex":0},"south":{"uv":[1.8125,11.625,2.4375,11.875],"rotation":0,"texture":"#0","tintindex":0},"north":{"uv":[1.1875,11.625,1.8125,11.875],"rotation":0,"texture":"#0","tintindex":0},"west":{"uv":[11.9375,6.75,12.5,7.0],"rotation":0,"texture":"#0","tintindex":0},"up":{"uv":[5.375,10.0,4.75,9.4375],"rotation":0,"texture":"#0","tintindex":0},"down":{"uv":[10.125,6.625,9.5,7.1875],"rotation":0,"texture":"#0","tintindex":0}}},{"from":[5.8971424,4.372965,4.3182073],"to":[8.822857,11.595822,11.998207],"rotation":{"angle":0.0,"axis":"y","origin":[7.725714,1.8129649,7.9753504]},"faces":{"east":{"uv":[6.875,4.0,7.6875,4.8125],"rotation":0,"texture":"#0","tintindex":0},"south":{"uv":[7.9375,10.25,8.25,11.0625],"rotation":0,"texture":"#0","tintindex":0},"north":{"uv":[7.625,10.25,7.9375,11.0625],"rotation":0,"texture":"#0","tintindex":0},"west":{"uv":[4.6875,6.875,5.5,7.6875],"rotation":0,"texture":"#0","tintindex":0},"up":{"uv":[8.5625,11.0625,8.25,10.25],"rotation":0,"texture":"#0","tintindex":0},"down":{"uv":[8.875,10.25,8.5625,11.0625],"rotation":0,"texture":"#0","tintindex":0}}},{"from":[8.822857,6.0186796,5.9639215],"to":[9.554286,10.041536,9.986778],"rotation":{"angle":0.0,"axis":"y","origin":[7.725714,1.8129649,7.9753504]},"faces":{"east":{"uv":[4.125,8.5625,4.5625,9.0],"rotation":0,"texture":"#0","tintindex":0},"south":{"uv":[5.625,11.3125,5.6875,11.75],"rotation":0,"texture":"#0","tintindex":0},"north":{"uv":[9.1875,11.125,9.25,11.5625],"rotation":0,"texture":"#0","tintindex":0},"west":{"uv":[5.1875,11.3125,5.625,11.75],"rotation":0,"texture":"#0","tintindex":0},"up":{"uv":[8.3125,12.4375,8.25,12.0],"rotation":0,"texture":"#0","tintindex":0},"down":{"uv":[7.125,12.25,7.0625,12.6875],"rotation":0,"texture":"#0","tintindex":0}}},{"from":[9.097143,7.1158223,7.0610642],"to":[10.194286,8.944394,8.889636],"rotation":{"angle":0.0,"axis":"y","origin":[10.102858,8.030108,7.9753504]},"faces":{"east":{"uv":[3.8125,12.625,4.0,12.8125],"rotation":0,"texture":"#0","tintindex":0},"south":{"uv":[9.125,12.5,9.25,12.6875],"rotation":0,"texture":"#0","tintindex":0},"north":{"uv":[11.8125,12.4375,11.9375,12.625],"rotation":0,"texture":"#0","tintindex":0},"west":{"uv":[4.0,12.625,4.1875,12.8125],"rotation":0,"texture":"#0","tintindex":0},"up":{"uv":[1.875,12.75,1.75,12.5625],"rotation":0,"texture":"#0","tintindex":0},"down":{"uv":[11.9375,12.625,11.8125,12.8125],"rotation":0,"texture":"#0","tintindex":0}}},{"from":[4.8,11.595822,5.41535],"to":[10.651428,14.155823,10.571921],"rotation":{"angle":0.0,"axis":"y","origin":[7.725714,1.8129649,7.9753504]},"faces":{"east":{"uv":[11.9375,7.0,12.5,7.25],"rotation":0,"texture":"#0","tintindex":0},"south":{"uv":[11.625,3.5625,12.25,3.8125],"rotation":0,"texture":"#0","tintindex":0},"north":{"uv":[11.625,3.3125,12.25,3.5625],"rotation":0,"texture":"#0","tintindex":0},"west":{"uv":[9.5,11.9375,10.0625,12.1875],"rotation":0,"texture":"#0","tintindex":0},"up":{"uv":[10.125,7.75,9.5,7.1875],"rotation":0,"texture":"#0","tintindex":0},"down":{"uv":[10.1875,8.6875,9.5625,9.25],"rotation":0,"texture":"#0","tintindex":0}}},{"from":[4.8,5.4335365,1.7947783],"to":[10.651428,10.553536,4.354779],"rotation":{"angle":0.0,"axis":"y","origin":[7.725714,1.8129649,7.9753504]},"faces":{"east":{"uv":[7.75,11.8125,8.0,12.375],"rotation":0,"texture":"#0","tintindex":0},"south":{"uv":[9.625,8.125,10.25,8.6875],"rotation":0,"texture":"#0","tintindex":0},"north":{"uv":[3.875,9.625,4.5,10.1875],"rotation":0,"texture":"#0","tintindex":0},"west":{"uv":[2.0,11.875,2.25,12.4375],"rotation":0,"texture":"#0","tintindex":0},"up":{"uv":[12.25,4.0625,11.625,3.8125],"rotation":0,"texture":"#0","tintindex":0},"down":{"uv":[4.625,11.625,4.0,11.875],"rotation":0,"texture":"#0","tintindex":0}}},{"from":[4.8,5.4335365,11.614207],"to":[10.651428,10.553536,14.174208],"rotation":{"angle":0.0,"axis":"y","origin":[7.725714,1.8129649,7.9753504]},"faces":{"east":{"uv":[8.3125,11.875,8.5625,12.4375],"rotation":0,"texture":"#0","tintindex":0},"south":{"uv":[9.6875,0.5625,10.3125,1.125],"rotation":0,"texture":"#0","tintindex":0},"north":{"uv":[9.6875,0.0,10.3125,0.5625],"rotation":0,"texture":"#0","tintindex":0},"west":{"uv":[3.625,11.9375,3.875,12.5],"rotation":0,"texture":"#0","tintindex":0},"up":{"uv":[12.25,4.3125,11.625,4.0625],"rotation":0,"texture":"#0","tintindex":0},"down":{"uv":[12.25,4.3125,11.625,4.5625],"rotation":0,"texture":"#0","tintindex":0}}},{"from":[4.8,0.38667917,8.889636],"to":[10.651428,2.9466796,14.009636],"rotation":{"angle":-45.0,"axis":"x","origin":[7.725714,3.0929651,7.9753504]},"faces":{"east":{"uv":[11.375,11.9375,11.9375,12.1875],"rotation":0,"texture":"#0","tintindex":0},"south":{"uv":[11.6875,8.25,12.3125,8.5],"rotation":0,"texture":"#0","tintindex":0},"north":{"uv":[11.6875,8.0,12.3125,8.25],"rotation":0,"texture":"#0","tintindex":0},"west":{"uv":[11.9375,11.9375,12.5,12.1875],"rotation":0,"texture":"#0","tintindex":0},"up":{"uv":[10.3125,1.6875,9.6875,1.125],"rotation":0,"texture":"#0","tintindex":0},"down":{"uv":[10.3125,3.75,9.6875,4.3125],"rotation":0,"texture":"#0","tintindex":0}}},{"from":[4.8,10.169537,8.889636],"to":[10.651428,12.729537,14.009636],"rotation":{"angle":-45.0,"axis":"x","origin":[7.725714,3.0929651,7.9753504]},"faces":{"east":{"uv":[12.0,2.0,12.5625,2.25],"rotation":0,"texture":"#0","tintindex":0},"south":{"uv":[11.375,11.6875,12.0,11.9375],"rotation":0,"texture":"#0","tintindex":0},"north":{"uv":[11.6875,8.5,12.3125,8.75],"rotation":0,"texture":"#0","tintindex":0},"west":{"uv":[3.875,12.0,4.4375,12.25],"rotation":0,"texture":"#0","tintindex":0},"up":{"uv":[10.3125,9.8125,9.6875,9.25],"rotation":0,"texture":"#0","tintindex":0},"down":{"uv":[3.25,9.75,2.625,10.3125],"rotation":0,"texture":"#0","tintindex":0}}},{"from":[4.8,0.38667917,1.9410644],"to":[10.651428,2.9466796,7.0610642],"rotation":{"angle":45.0,"axis":"x","origin":[7.725714,3.0929651,7.9753504]},"faces":{"east":{"uv":[4.4375,12.0,5.0,12.25],"rotation":0,"texture":"#0","tintindex":0},"south":{"uv":[5.875,11.8125,6.5,12.0625],"rotation":0,"texture":"#0","tintindex":0},"north":{"uv":[2.4375,11.8125,3.0625,12.0625],"rotation":0,"texture":"#0","tintindex":0},"west":{"uv":[12.0,4.8125,12.5625,5.0625],"rotation":0,"texture":"#0","tintindex":0},"up":{"uv":[10.375,3.6875,9.75,3.125],"rotation":0,"texture":"#0","tintindex":0},"down":{"uv":[3.875,9.75,3.25,10.3125],"rotation":0,"texture":"#0","tintindex":0}}},{"from":[4.8,10.206108,1.9776359],"to":[10.651428,12.766108,7.0976357],"rotation":{"angle":45.0,"axis":"x","origin":[7.725714,3.0929651,7.9753504]},"faces":{"east":{"uv":[12.0,5.9375,12.5625,6.1875],"rotation":0,"texture":"#0","tintindex":0},"south":{"uv":[7.125,11.8125,7.75,12.0625],"rotation":0,"texture":"#0","tintindex":0},"north":{"uv":[6.5,11.8125,7.125,12.0625],"rotation":0,"texture":"#0","tintindex":0},"west":{"uv":[12.0,11.4375,12.5625,11.6875],"rotation":0,"texture":"#0","tintindex":0},"up":{"uv":[10.375,4.875,9.75,4.3125],"rotation":0,"texture":"#0","tintindex":0},"down":{"uv":[10.3125,9.8125,9.6875,10.375],"rotation":0,"texture":"#0","tintindex":0}}}],"display":{"head":{"translation":[0.0,-6.4,0.0],"scale":[4.0,4.0,4.0]}}}