{
   "parent":"builtin/entity",
   "textures":{
      "particle":"block/oak_planks"
   },
   "display":{
      "gui":{
         "rotation":[30, 45, 0],
         "scale":[0.625, 0.625, 0.625]
      },
      "ground":{
         "translation":[0, 3, 0],
         "scale":[0.25, 0.25, 0.25]
      },
      "head":{
         "rotation":[0, 180, 0],
         "scale":[1, 1, 1]
      },
      "fixed":{
         "rotation":[0, 180, 0],
         "scale":[0.5, 0.5, 0.5]
      },
      "thirdperson_righthand":{
         "rotation":[75, 315, 0],
         "translation":[0, 2.5, 0],
         "scale":[0.375, 0.375, 0.375]
      },
      "firstperson_righthand":{
         "rotation":[0, 315, 0],
         "scale":[0.4, 0.4, 0.4]
      }
   },
   "overrides":[
    {"predicate":{"custom_model_data":1},"model":"item/backpacks/shark_backpack"},
    {"predicate":{"custom_model_data":2},"model":"item/backpacks/shark_tail"},
    {"predicate":{"custom_model_data":3},"model":"item/backpacks/penguin_backpack"},
    {"predicate":{"custom_model_data":4},"model":"item/backpacks/swim_tube"},
    {"predicate":{"custom_model_data":5},"model":"item/backpacks/christmas_backpack"},
    {"predicate":{"custom_model_data":6},"model":"item/backpacks/christmas_wings"},
    {"predicate":{"custom_model_data":7},"model":"item/backpacks/winter_backpack"},
    {"predicate":{"custom_model_data":8},"model":"item/backpacks/winter_wings"},
    {"predicate":{"custom_model_data":9},"model":"item/backpacks/newyear_backpack"},
    {"predicate":{"custom_model_data":10},"model":"item/backpacks/ifrit_wings"},
    {"predicate":{"custom_model_data":11},"model":"item/backpacks/inferno_backpack"},
    {"predicate":{"custom_model_data":12},"model":"item/backpacks/inferno_wings"},
    {"predicate":{"custom_model_data":13},"model":"item/backpacks/sakura_wings"},
    {"predicate":{"custom_model_data":14},"model":"item/backpacks/fiend_backpack"},
    {"predicate":{"custom_model_data":15},"model":"item/backpacks/cupid_wings"},
    {"predicate":{"custom_model_data":16},"model":"item/backpacks/sweet_wings"},
    {"predicate":{"custom_model_data":17},"model":"item/backpacks/stpatrick_2024_backpack"},
    {"predicate":{"custom_model_data":18},"model":"item/backpacks/stpatrick_2024_wings"},
    {"predicate":{"custom_model_data":19},"model":"item/backpacks/lightning_power_backpack"},
    {"predicate":{"custom_model_data":20},"model":"item/backpacks/lightning_power_wings"},
    {"predicate":{"custom_model_data":21},"model":"item/backpacks/little_crocodile_backpack"},
    {"predicate":{"custom_model_data":22},"model":"item/backpacks/little_crocodile_tail"},
    {"predicate":{"custom_model_data":23},"model":"item/backpacks/bastion_backpack"},
    {"predicate":{"custom_model_data":24},"model":"item/backpacks/enchanting_table_backpack"},
    {"predicate":{"custom_model_data":25},"model":"item/backpacks/illager_backpack"},
    {"predicate":{"custom_model_data":26},"model":"item/backpacks/lush_backpack"},
    {"predicate":{"custom_model_data":27},"model":"item/backpacks/stronghold_backpack"},
    {"predicate":{"custom_model_data":28},"model":"item/backpacks/wandering_trader_backpack"},
    {"predicate":{"custom_model_data":29},"model":"item/backpacks/warden_backpack"},
    {"predicate":{"custom_model_data":30},"model":"item/backpacks/witch_backpack"},
    {"predicate":{"custom_model_data":31},"model":"item/backpacks/heaven_wings"},
    {"predicate":{"custom_model_data":32},"model":"item/backpacks/electric_guitar"},
    {"predicate":{"custom_model_data":33},"model":"item/backpacks/electronic_keytar"},
    {"predicate":{"custom_model_data":34},"model":"item/backpacks/ender_dragon_wings"},
    {"predicate":{"custom_model_data":35},"model":"item/backpacks/halloween_2024_wings"},
    {"predicate":{"custom_model_data":36},"model":"item/backpacks/hw_phantom_2024_back"},
    {"predicate":{"custom_model_data":37},"model":"item/backpacks/hw_phantom_2024_backpack"}
   ]
}