{
  "parent": "minecraft:item/handheld",
  "textures": {
    "layer0": "minecraft:item/netherite_shovel"
  },
  "overrides": [
    {"predicate":{"custom_model_data":1},"model":"item/shovels/valentine_2024_shovel"},
    {"predicate":{"custom_model_data":2},"model":"item/shovels/inferno_shovel"},
    {"predicate":{"custom_model_data":3},"model":"item/shovels/stpatrick_2024_shovel"},
    {"predicate":{"custom_model_data":4},"model":"item/shovels/lightning_power_shovel"},
    {"predicate":{"custom_model_data":5},"model":"item/shovels/little_crocodile_shovel"},
    {"predicate":{"custom_model_data":6},"model":"item/shovels/heaven_shovel"},
    {"predicate":{"custom_model_data":7},"model":"item/shovels/ender_dragon_shovel"},
    {"predicate":{"custom_model_data":8},"model":"item/shovels/halloween_2024_shovel"},
    {"predicate":{"custom_model_data":9},"model":"item/shovels/hw_phantom_2024_shovel"}
  ]
}