{
	"credit": "Made with Blockbench",
	"texture_size": [64, 64],
	"textures": {
		"1": "item/multiple/xmas_cookie/cookie_animation_1texture",
		"2": "item/multiple/xmas_cookie/cookie_texture",
		"3": "item/multiple/xmas_cookie/cookie_animation_2texture",
		"particle": "item/multiple/xmas_cookie/cookie_animation_1texture"
	},
	"elements": [
		{
			"from": [1.5, 1, 6.5],
			"to": [14.5, 9, 14.5],
			"rotation": {"angle": -45, "axis": "x", "origin": [8, 3, 8.5]},
			"faces": {
				"north": {"uv": [15.5, 14, 12.25, 12], "rotation": 180, "texture": "#2"},
				"east": {"uv": [12.25, 10, 14.25, 12], "texture": "#2"},
				"south": {"uv": [15.5, 14, 12.25, 12], "texture": "#2"},
				"west": {"uv": [12.25, 10, 14.25, 12], "rotation": 90, "texture": "#2"},
				"up": {"uv": [12.25, 14, 15.5, 16], "rotation": 180, "texture": "#2"},
				"down": {"uv": [12.25, 14, 15.5, 16], "texture": "#2"}
			}
		},
		{
			"from": [-0.5, 0, -0.5],
			"to": [16.5, 3, 16.5],
			"faces": {
				"north": {"uv": [4.25, 14.5, 8.5, 15.25], "texture": "#2"},
				"east": {"uv": [4.25, 15.25, 8.5, 16], "texture": "#2"},
				"south": {"uv": [4.25, 14.5, 8.5, 15.25], "texture": "#2"},
				"west": {"uv": [4.25, 15.25, 8.5, 16], "texture": "#2"},
				"up": {"uv": [4.25, 16, 0, 11.75], "texture": "#2"},
				"down": {"uv": [4.25, 16, 0, 11.75], "texture": "#2"}
			}
		},
		{
			"from": [0.5, 3, 0.5],
			"to": [15.5, 6, 15.5],
			"faces": {
				"north": {"uv": [8.5, 14.5, 12.25, 15.25], "texture": "#2"},
				"east": {"uv": [8.5, 15.25, 12.25, 16], "texture": "#2"},
				"south": {"uv": [8.5, 14.5, 12.25, 15.25], "texture": "#2"},
				"west": {"uv": [8.5, 15.25, 12.25, 16], "texture": "#2"},
				"up": {"uv": [12.25, 14.5, 8.5, 10.75], "texture": "#2"},
				"down": {"uv": [12.25, 14.5, 8.5, 10.75], "texture": "#2"}
			}
		},
		{
			"from": [4.5, 7, 4.5],
			"to": [11.5, 20, 11.5],
			"faces": {
				"north": {"uv": [14.25, 3.75, 16, 7], "texture": "#2"},
				"east": {"uv": [14.25, 7, 16, 10.25], "texture": "#2"},
				"south": {"uv": [14.25, 3.75, 16, 7], "texture": "#2"},
				"west": {"uv": [14.25, 7, 16, 10.25], "texture": "#2"},
				"up": {"uv": [16, 12, 14.25, 10.25], "texture": "#2"},
				"down": {"uv": [16, 12, 14.25, 10.25], "texture": "#2"}
			}
		},
		{
			"from": [9.5, 20, 7.5],
			"to": [10.5, 25, 8.5],
			"faces": {
				"north": {"uv": [1.25, 10.5, 1.5, 11.75], "texture": "#2"},
				"east": {"uv": [1.25, 10.5, 1.5, 11.75], "texture": "#2"},
				"south": {"uv": [1.25, 10.5, 1.5, 11.75], "texture": "#2"},
				"west": {"uv": [1.25, 10.5, 1.5, 11.75], "texture": "#2"},
				"up": {"uv": [1.25, 10.25, 1.5, 10.5], "texture": "#2"},
				"down": {"uv": [1.25, 10.25, 1.5, 10.5], "texture": "#2"}
			}
		},
		{
			"from": [9.525, 25, 7.525],
			"to": [10.475, 29, 8.475],
			"rotation": {"angle": -45, "axis": "z", "origin": [9.5, 25, 8]},
			"faces": {
				"north": {"uv": [1, 10.5, 1.25, 11.5], "texture": "#2"},
				"east": {"uv": [1, 10.5, 1.25, 11.5], "texture": "#2"},
				"south": {"uv": [1, 10.5, 1.25, 11.5], "texture": "#2"},
				"west": {"uv": [1, 10.5, 1.25, 11.5], "texture": "#2"},
				"up": {"uv": [1, 10.25, 1.25, 10.5], "texture": "#2"},
				"down": {"uv": [1, 10.25, 1.25, 10.5], "texture": "#2"}
			}
		},
		{
			"from": [6.5, 25, 8],
			"to": [9.5, 28, 8],
			"rotation": {"angle": -45, "axis": "z", "origin": [9.5, 25, 8]},
			"faces": {
				"north": {"uv": [0, 10.75, 0.75, 11.5], "texture": "#2"},
				"east": {"uv": [0, 0.75, 0, 1.5], "texture": "#2"},
				"south": {"uv": [0.75, 10.75, 0, 11.5], "texture": "#2"},
				"west": {"uv": [0, 0.75, 0, 1.5], "texture": "#2"},
				"up": {"uv": [0.75, 1.5, 0, 1.5], "texture": "#2"},
				"down": {"uv": [0.75, 1.5, 0, 1.5], "texture": "#2"}
			}
		},
		{
			"from": [14.5, 2, 5.5],
			"to": [20.5, 7, 10.5],
			"rotation": {"angle": 22.5, "axis": "z", "origin": [16.5, 2, 8]},
			"faces": {
				"north": {"uv": [0.125, 0.625, 1.625, 1.875], "texture": "#2"},
				"east": {"uv": [0.125, 1.5, 1.375, 2.75], "texture": "#2"},
				"south": {"uv": [0.125, 0.625, 1.625, 1.875], "texture": "#2"},
				"west": {"uv": [0.125, 1.5, 1.375, 2.75], "texture": "#2"},
				"up": {"uv": [1.5, 3.375, 0, 2.125], "texture": "#2"},
				"down": {"uv": [1.5, 3.375, 0, 2.125], "texture": "#2"}
			}
		},
		{
			"from": [14.35343, 4.82843, 5.525],
			"to": [19.30343, 15.82843, 10.475],
			"rotation": {"angle": -22.5, "axis": "z", "origin": [16.5, 2, 8]},
			"faces": {
				"north": {"uv": [1.25, 1, 2.5, 3.75], "texture": "#2"},
				"east": {"uv": [2.5, 3.75, 1.25, 1], "texture": "#2"},
				"south": {"uv": [0, 1, 1.25, 3.75], "texture": "#2"},
				"west": {"uv": [1.25, 3.75, 0, 1], "texture": "#2"},
				"up": {"uv": [0.125, 4.875, 1.375, 6.125], "texture": "#2"},
				"down": {"uv": [0.125, 4.875, 1.375, 6.125], "texture": "#2"}
			}
		},
		{
			"from": [24.05374, 7.23671, 6.5],
			"to": [27.05374, 12.23671, 9.5],
			"rotation": {"angle": 45, "axis": "z", "origin": [16.5, 2, 8]},
			"faces": {
				"north": {"uv": [7.75, 11.5, 8.5, 12.75], "texture": "#2"},
				"east": {"uv": [7, 11.5, 7.75, 12.75], "texture": "#2"},
				"south": {"uv": [7.75, 11.5, 8.5, 12.75], "texture": "#2"},
				"west": {"uv": [7, 11.5, 7.75, 12.75], "texture": "#2"},
				"up": {"uv": [8.5, 11.5, 7.75, 10.75], "texture": "#2"},
				"down": {"uv": [8.5, 11.5, 7.75, 10.75], "texture": "#2"}
			}
		},
		{
			"from": [13.32843, 15.82843, 4.5],
			"to": [20.32843, 19.82843, 11.5],
			"rotation": {"angle": -22.5, "axis": "z", "origin": [16.5, 2, 8]},
			"faces": {
				"north": {"uv": [5.75, 12.75, 6.75, 14.5], "rotation": 90, "texture": "#2"},
				"east": {"uv": [5.75, 14.5, 4.75, 12.75], "rotation": 270, "texture": "#2"},
				"south": {"uv": [6.75, 12.75, 5.75, 14.5], "rotation": 270, "texture": "#2"},
				"west": {"uv": [5.75, 14.5, 4.75, 12.75], "rotation": 270, "texture": "#2"},
				"up": {"uv": [6.75, 12.75, 8.5, 14.5], "rotation": 270, "texture": "#2"},
				"down": {"uv": [5.25, 11, 7, 12.75], "rotation": 270, "texture": "#2"}
			}
		},
		{
			"from": [-4.5, 2, 5.5],
			"to": [1.5, 7, 10.5],
			"rotation": {"angle": -22.5, "axis": "z", "origin": [-0.5, 2, 8]},
			"faces": {
				"north": {"uv": [1.625, 0.625, 0.125, 1.875], "texture": "#2"},
				"east": {"uv": [1.375, 1.5, 0.125, 2.75], "texture": "#2"},
				"south": {"uv": [1.625, 0.625, 0.125, 1.875], "texture": "#2"},
				"west": {"uv": [1.375, 1.5, 0.125, 2.75], "texture": "#2"},
				"up": {"uv": [0, 3.375, 1.5, 2.125], "texture": "#2"},
				"down": {"uv": [0, 3.375, 1.5, 2.125], "texture": "#2"}
			}
		},
		{
			"from": [-3.30343, 4.82843, 5.525],
			"to": [1.64657, 12.82843, 10.475],
			"rotation": {"angle": 22.5, "axis": "z", "origin": [-0.5, 2, 8]},
			"faces": {
				"north": {"uv": [2.4875, 1, 1.25, 3], "texture": "#2"},
				"east": {"uv": [0, 3, 1.2375, 1], "texture": "#2"},
				"south": {"uv": [1.2375, 1, 0, 3], "texture": "#2"},
				"west": {"uv": [1.25, 3, 2.4875, 1], "texture": "#2"},
				"up": {"uv": [1.3625, 4.875, 0.125, 6.1125], "texture": "#2"},
				"down": {"uv": [1.3625, 4.875, 0.125, 6.1125], "texture": "#2"}
			}
		},
		{
			"from": [-4.32843, 12.82843, 4.5],
			"to": [2.67157, 16.82843, 11.5],
			"rotation": {"angle": 22.5, "axis": "z", "origin": [-0.5, 2, 8]},
			"faces": {
				"north": {"uv": [5.75, 14.5, 6.75, 12.75], "rotation": 90, "texture": "#2"},
				"east": {"uv": [5.75, 12.75, 4.75, 14.5], "rotation": 270, "texture": "#2"},
				"south": {"uv": [6.75, 14.5, 5.75, 12.75], "rotation": 270, "texture": "#2"},
				"west": {"uv": [5.75, 12.75, 4.75, 14.5], "rotation": 270, "texture": "#2"},
				"up": {"uv": [6.75, 14.5, 8.5, 12.75], "rotation": 270, "texture": "#2"},
				"down": {"uv": [5.25, 11, 7, 12.75], "rotation": 270, "texture": "#2"}
			}
		},
		{
			"from": [-15.5, -7, 7.75],
			"to": [0.5, 9, 7.75],
			"rotation": {"angle": 22.5, "axis": "z", "origin": [-7.5, 4, 7.75]},
			"faces": {
				"north": {"uv": [16, 0, 0, 16], "texture": "#1"},
				"east": {"uv": [4.25, 4.25, 4, 8], "texture": "#missing"},
				"south": {"uv": [0, 0, 16, 16], "texture": "#1"},
				"west": {"uv": [4, 4.25, 3.75, 8], "texture": "#missing"},
				"up": {"uv": [6, 1.5, 7.25, 1.25], "texture": "#missing"},
				"down": {"uv": [5.25, 6, 6.5, 6.25], "texture": "#missing"}
			}
		},
		{
			"from": [14.5, -1, 7.75],
			"to": [30.5, 15, 7.75],
			"rotation": {"angle": 0, "axis": "y", "origin": [8, 13, 8]},
			"faces": {
				"north": {"uv": [0, 0, 16, 16], "texture": "#3"},
				"east": {"uv": [3.75, 4.25, 4, 8], "texture": "#missing"},
				"south": {"uv": [16, 0, 0, 16], "texture": "#3"},
				"west": {"uv": [4, 4.25, 4.25, 8], "texture": "#missing"},
				"up": {"uv": [7.25, 1.5, 6, 1.25], "texture": "#missing"},
				"down": {"uv": [6.5, 6, 5.25, 6.25], "texture": "#missing"}
			}
		}
	],
	"display": {
		"thirdperson_righthand": {
			"rotation": [0, -90, 0],
			"translation": [0, 2.25, 1.5],
			"scale": [0.3, 0.3, 0.3]
		},
		"thirdperson_lefthand": {
			"rotation": [0, -90, 0],
			"translation": [0, 2.25, 1.5],
			"scale": [0.3, 0.3, 0.3]
		},
		"firstperson_righthand": {
			"rotation": [0, -90, 0],
			"translation": [0, 2.25, 1.5],
			"scale": [0.3, 0.3, 0.3]
		},
		"firstperson_lefthand": {
			"rotation": [0, 90, 0],
			"translation": [0, 2.25, 1.5],
			"scale": [0.3, 0.3, 0.3]
		},
		"ground": {
			"translation": [0, 3.75, 0],
			"scale": [0.75, 0.75, 0.75]
		},
		"gui": {
			"rotation": [30, 225, 0],
			"translation": [0, -1.25, -0.25],
			"scale": [0.5, 0.5, 0.5]
		},
		"head": {
			"translation": [0, 10, 0]
		},
		"fixed": {
			"rotation": [0, 0, 45],
			"translation": [0, 0.5, -0.25],
			"scale": [0.5, 0.5, 0.5]
		}
	},
	"groups": [
		0,
		{
			"name": "group",
			"origin": [0, 0, 0],
			"color": 0,
			"children": [
				1,
				2,
				3,
				4,
				5,
				6,
				{
					"name": "group",
					"origin": [16.5, 2, 8],
					"color": 0,
					"children": [7, 8, 9, 10]
				},
				{
					"name": "group",
					"origin": [16.5, 2, 8],
					"color": 0,
					"children": [11, 12, 13]
				}
			]
		},
		14,
		15
	]
}