{
	"credit": "Made with Blockbench",
	"texture_size": [64, 64],
	"textures": {
		"0": "item/hats/fancy_cowboy_hat",
		"particle": "item/hats/fancy_cowboy_hat"
	},
	"elements": [
		{
			"from": [2.75, 1, 2.75],
			"to": [2.75, 3, 13.25],
			"rotation": {"angle": 0, "axis": "y", "origin": [1.75, 1, 3]},
			"faces": {
				"north": {"uv": [7, 9, 7, 9.5], "texture": "#0"},
				"east": {"uv": [4.5, 9, 7, 9.5], "texture": "#0"},
				"south": {"uv": [9.5, 9, 9.5, 9.5], "texture": "#0"},
				"west": {"uv": [7, 9, 9.5, 9.5], "texture": "#0"},
				"up": {"uv": [7, 9, 7, 6.5], "texture": "#0"},
				"down": {"uv": [7, 6.5, 7, 9], "texture": "#0"}
			}
		},
		{
			"from": [13.25, 1, 2.75],
			"to": [13.25, 3, 13.25],
			"rotation": {"angle": 0, "axis": "y", "origin": [14.25, 1, 3]},
			"faces": {
				"north": {"uv": [7, 8.5, 7, 9], "texture": "#0"},
				"east": {"uv": [4.5, 8.5, 7, 9], "texture": "#0"},
				"south": {"uv": [9.5, 8.5, 9.5, 9], "texture": "#0"},
				"west": {"uv": [7, 8.5, 9.5, 9], "texture": "#0"},
				"up": {"uv": [7, 8.5, 7, 6], "texture": "#0"},
				"down": {"uv": [7, 6, 7, 8.5], "texture": "#0"}
			}
		},
		{
			"from": [2.75, 1, 2.75],
			"to": [13.25, 3, 2.75],
			"rotation": {"angle": 0, "axis": "y", "origin": [14.25, 1, 3]},
			"faces": {
				"north": {"uv": [7.5, 4.75, 10, 5.25], "texture": "#0"},
				"east": {"uv": [7.5, 4.75, 7.5, 5.25], "texture": "#0"},
				"south": {"uv": [10, 4.75, 12.5, 5.25], "texture": "#0"},
				"west": {"uv": [10, 4.75, 10, 5.25], "texture": "#0"},
				"up": {"uv": [10, 4.75, 7.5, 4.75], "texture": "#0"},
				"down": {"uv": [12.5, 4.75, 10, 4.75], "texture": "#0"}
			}
		},
		{
			"from": [2.75, 1, 13.25],
			"to": [13.25, 3, 13.25],
			"rotation": {"angle": 0, "axis": "y", "origin": [14.25, 1, 13]},
			"faces": {
				"north": {"uv": [7.5, 4.25, 10, 4.75], "texture": "#0"},
				"east": {"uv": [7.5, 4.25, 7.5, 4.75], "texture": "#0"},
				"south": {"uv": [10, 4.25, 12.5, 4.75], "texture": "#0"},
				"west": {"uv": [10, 4.25, 10, 4.75], "texture": "#0"},
				"up": {"uv": [10, 4.25, 7.5, 4.25], "texture": "#0"},
				"down": {"uv": [12.5, 4.25, 10, 4.25], "texture": "#0"}
			}
		},
		{
			"from": [7, 1.425, 2],
			"to": [9, 3.425, 3],
			"rotation": {"angle": 45, "axis": "z", "origin": [8, 2.425, 2.5]},
			"faces": {
				"north": {"uv": [0.25, 0.25, 0.75, 0.75], "texture": "#0"},
				"east": {"uv": [0, 0.25, 0.25, 0.75], "texture": "#0"},
				"south": {"uv": [1, 0.25, 1.5, 0.75], "texture": "#0"},
				"west": {"uv": [0.75, 0.25, 1, 0.75], "texture": "#0"},
				"up": {"uv": [0.75, 0.25, 0.25, 0], "texture": "#0"},
				"down": {"uv": [1.25, 0, 0.75, 0.25], "texture": "#0"}
			}
		},
		{
			"from": [0, 0, 0],
			"to": [16, 1, 16],
			"rotation": {"angle": 0, "axis": "y", "origin": [2, 0, 3]},
			"faces": {
				"north": {"uv": [4, 4, 8, 4.25], "texture": "#0"},
				"east": {"uv": [0, 4, 4, 4.25], "texture": "#0"},
				"south": {"uv": [12, 4, 16, 4.25], "texture": "#0"},
				"west": {"uv": [8, 4, 12, 4.25], "texture": "#0"},
				"up": {"uv": [8, 4, 4, 0], "texture": "#0"},
				"down": {"uv": [12, 0, 8, 4], "texture": "#0"}
			}
		},
		{
			"from": [3, 1, 3],
			"to": [13, 6, 13],
			"rotation": {"angle": 0, "axis": "y", "origin": [2, 1, 3]},
			"faces": {
				"north": {"uv": [2.5, 6.75, 5, 8], "texture": "#0"},
				"east": {"uv": [0, 6.75, 2.5, 8], "texture": "#0"},
				"south": {"uv": [7.5, 6.75, 10, 8], "texture": "#0"},
				"west": {"uv": [5, 6.75, 7.5, 8], "texture": "#0"},
				"up": {"uv": [5, 6.75, 2.5, 4.25], "texture": "#0"},
				"down": {"uv": [7.5, 4.25, 5, 6.75], "texture": "#0"}
			}
		},
		{
			"from": [3, 6, 3],
			"to": [7, 8, 13],
			"rotation": {"angle": 0, "axis": "y", "origin": [2, 3, 3]},
			"faces": {
				"north": {"uv": [2.5, 10.5, 3.5, 11], "texture": "#0"},
				"east": {"uv": [0, 10.5, 2.5, 11], "texture": "#0"},
				"south": {"uv": [6, 10.5, 7, 11], "texture": "#0"},
				"west": {"uv": [3.5, 10.5, 6, 11], "texture": "#0"},
				"up": {"uv": [3.5, 10.5, 2.5, 8], "texture": "#0"},
				"down": {"uv": [4.5, 8, 3.5, 10.5], "texture": "#0"}
			}
		},
		{
			"from": [9, 6, 3],
			"to": [13, 8, 13],
			"rotation": {"angle": 0, "axis": "y", "origin": [2, 3, -3]},
			"faces": {
				"north": {"uv": [10, 8, 11, 8.5], "texture": "#0"},
				"east": {"uv": [7.5, 8, 10, 8.5], "texture": "#0"},
				"south": {"uv": [13.5, 8, 14.5, 8.5], "texture": "#0"},
				"west": {"uv": [11, 8, 13.5, 8.5], "texture": "#0"},
				"up": {"uv": [11, 8, 10, 5.5], "texture": "#0"},
				"down": {"uv": [12, 5.5, 11, 8], "texture": "#0"}
			}
		}
	],
	"gui_light": "front",
	"display": {
		"thirdperson_righthand": {
			"translation": [0, 3.75, -4.5],
			"scale": [0.75, 0.75, 0.75]
		},
		"thirdperson_lefthand": {
			"translation": [0, 3.75, -4.5],
			"scale": [0.75, 0.75, 0.75]
		},
		"firstperson_righthand": {
			"rotation": [12, 0, 0],
			"translation": [0.5, 3.5, -1],
			"scale": [0.75, 0.75, 0.75]
		},
		"firstperson_lefthand": {
			"rotation": [12, 0, 0],
			"translation": [0.5, 3.5, -1],
			"scale": [0.75, 0.75, 0.75]
		},
		"ground": {
			"translation": [0, 2, 0],
			"scale": [0.5, 0.5, 0.5]
		},
		"gui": {
			"rotation": [36, 138, 0],
			"translation": [0, 3, 0],
			"scale": [0.67, 0.67, 0.67]
		},
		"head": {
			"translation": [0, 13.5, 0],
			"scale": [1.6, 1.6, 1.6]
		},
		"fixed": {
			"rotation": [-90, 0, 0],
			"translation": [0, 0, -12.75],
			"scale": [1.6, 1.6, 1.6]
		}
	},
	"groups": [
		{
			"name": "white_cowboy_hat",
			"origin": [2, 8, -3],
			"color": 0,
			"children": [
				{
					"name": "band",
					"origin": [8, 2.425, 2.5],
					"color": 0,
					"children": [0, 1, 2, 3, 4]
				},
				5,
				6,
				7,
				8
			]
		}
	]
}