{
    "credit": "Pologony Creation Co.,Ltd.",
    "textures": {
        "0": "item/hats/heaven_helmet",
        "1": "item/multiple/heaven/animation_1",
        "particle": "item/hats/heaven_helmet"
    },
    "elements": [
        {
            "from": [
                5,
                3.66925,
                3
            ],
            "to": [
                6,
                5.66925,
                3.5
            ],
            "rotation": {
                "angle": 22.5,
                "axis": "z",
                "origin": [
                    5.5,
                    4.16925,
                    3.25
                ]
            },
            "faces": {
                "north": {
                    "uv": [
                        10.4,
                        10.4,
                        10.8,
                        11.2
                    ],
                    "texture": "#0"
                },
                "east": {
                    "uv": [
                        11.2,
                        6.4,
                        11.4,
                        7.2
                    ],
                    "texture": "#0"
                },
                "south": {
                    "uv": [
                        10.8,
                        0,
                        11.2,
                        0.8
                    ],
                    "texture": "#0"
                },
                "west": {
                    "uv": [
                        8.4,
                        11.2,
                        8.6,
                        12
                    ],
                    "texture": "#0"
                },
                "down": {
                    "uv": [
                        12,
                        3.6,
                        11.6,
                        3.8
                    ],
                    "texture": "#0"
                }
            }
        },
        {
            "from": [
                3.38687,
                4.75164,
                3
            ],
            "to": [
                5.38687,
                5.75164,
                3.5
            ],
            "rotation": {
                "angle": 22.5,
                "axis": "z",
                "origin": [
                    2.88687,
                    5.25164,
                    3.25
                ]
            },
            "faces": {
                "north": {
                    "uv": [
                        2.8,
                        9.2,
                        3.6,
                        9.6
                    ],
                    "texture": "#0"
                },
                "east": {
                    "uv": [
                        4.8,
                        11.6,
                        5,
                        12
                    ],
                    "texture": "#0"
                },
                "south": {
                    "uv": [
                        10.8,
                        0.8,
                        11.6,
                        1.2
                    ],
                    "texture": "#0"
                },
                "west": {
                    "uv": [
                        5.2,
                        11.6,
                        5.4,
                        12
                    ],
                    "texture": "#0"
                },
                "up": {
                    "uv": [
                        9.6,
                        11.4,
                        8.8,
                        11.2
                    ],
                    "texture": "#0"
                },
                "down": {
                    "uv": [
                        12,
                        9.2,
                        11.2,
                        9.4
                    ],
                    "texture": "#0"
                }
            }
        },
        {
            "from": [
                7.5,
                6.81135,
                3
            ],
            "to": [
                8.5,
                9.31135,
                3.5
            ],
            "rotation": {
                "angle": 0,
                "axis": "z",
                "origin": [
                    8,
                    7.81135,
                    3.25
                ]
            },
            "faces": {
                "north": {
                    "uv": [
                        2,
                        10.4,
                        2.4,
                        11.4
                    ],
                    "texture": "#0"
                },
                "east": {
                    "uv": [
                        7.6,
                        11.2,
                        7.8,
                        12.2
                    ],
                    "texture": "#0"
                },
                "south": {
                    "uv": [
                        2.4,
                        10.4,
                        2.8,
                        11.4
                    ],
                    "texture": "#0"
                },
                "west": {
                    "uv": [
                        8,
                        11.2,
                        8.2,
                        12.2
                    ],
                    "texture": "#0"
                },
                "up": {
                    "uv": [
                        9.6,
                        11.8,
                        9.2,
                        11.6
                    ],
                    "texture": "#0"
                },
                "down": {
                    "uv": [
                        10,
                        11.6,
                        9.6,
                        11.8
                    ],
                    "texture": "#0"
                }
            }
        },
        {
            "from": [
                7.2706,
                6.96463,
                3.0085
            ],
            "to": [
                8.2456,
                9.71463,
                3.4915
            ],
            "rotation": {
                "angle": 22.5,
                "axis": "z",
                "origin": [
                    7.7706,
                    7.46463,
                    3.2585
                ]
            },
            "faces": {
                "north": {
                    "uv": [
                        10.4,
                        0,
                        10.8,
                        1.2
                    ],
                    "texture": "#0"
                },
                "south": {
                    "uv": [
                        1.2,
                        10.4,
                        1.6,
                        11.6
                    ],
                    "texture": "#0"
                },
                "west": {
                    "uv": [
                        6.8,
                        11.2,
                        7,
                        12.4
                    ],
                    "texture": "#0"
                }
            }
        },
        {
            "from": [
                7.7544,
                6.96463,
                3.0085
            ],
            "to": [
                8.7294,
                9.71463,
                3.4915
            ],
            "rotation": {
                "angle": -22.5,
                "axis": "z",
                "origin": [
                    8.2294,
                    7.46463,
                    3.2585
                ]
            },
            "faces": {
                "north": {
                    "uv": [
                        10.4,
                        1.2,
                        10.8,
                        2.4
                    ],
                    "texture": "#0"
                },
                "east": {
                    "uv": [
                        7.2,
                        11.2,
                        7.4,
                        12.4
                    ],
                    "texture": "#0"
                },
                "south": {
                    "uv": [
                        1.6,
                        10.4,
                        2,
                        11.6
                    ],
                    "texture": "#0"
                }
            }
        },
        {
            "from": [
                3.30124,
                10.18216,
                3.5
            ],
            "to": [
                3.80124,
                11.18216,
                13
            ],
            "rotation": {
                "angle": -22.5,
                "axis": "z",
                "origin": [
                    3.92624,
                    10.68216,
                    5.625
                ]
            },
            "faces": {
                "east": {
                    "uv": [
                        8.4,
                        7.6,
                        12.2,
                        8
                    ],
                    "texture": "#0"
                },
                "south": {
                    "uv": [
                        11.6,
                        6.8,
                        11.8,
                        7.2
                    ],
                    "texture": "#0"
                },
                "west": {
                    "uv": [
                        8.4,
                        8,
                        12.2,
                        8.4
                    ],
                    "texture": "#0"
                },
                "up": {
                    "uv": [
                        0.2,
                        13.8,
                        0,
                        10
                    ],
                    "texture": "#0"
                },
                "down": {
                    "uv": [
                        0.6,
                        10,
                        0.4,
                        13.8
                    ],
                    "texture": "#0"
                }
            }
        },
        {
            "from": [
                3.30124,
                10.18216,
                3
            ],
            "to": [
                6.30124,
                11.18216,
                3.5
            ],
            "rotation": {
                "angle": -22.5,
                "axis": "z",
                "origin": [
                    3.92624,
                    10.68216,
                    5.625
                ]
            },
            "faces": {
                "north": {
                    "uv": [
                        10,
                        4.8,
                        11.2,
                        5.2
                    ],
                    "texture": "#0"
                },
                "east": {
                    "uv": [
                        6.4,
                        11.6,
                        6.6,
                        12
                    ],
                    "texture": "#0"
                },
                "south": {
                    "uv": [
                        10,
                        5.2,
                        11.2,
                        5.6
                    ],
                    "texture": "#0"
                },
                "west": {
                    "uv": [
                        11.6,
                        6.4,
                        11.8,
                        6.8
                    ],
                    "texture": "#0"
                },
                "up": {
                    "uv": [
                        6,
                        11.4,
                        4.8,
                        11.2
                    ],
                    "texture": "#0"
                },
                "down": {
                    "uv": [
                        12.4,
                        4.8,
                        11.2,
                        5
                    ],
                    "texture": "#0"
                }
            }
        },
        {
            "from": [
                3.80124,
                10.18216,
                12.5
            ],
            "to": [
                5.30124,
                11.18216,
                13
            ],
            "rotation": {
                "angle": -22.5,
                "axis": "z",
                "origin": [
                    3.92624,
                    10.68216,
                    15.125
                ]
            },
            "faces": {
                "north": {
                    "uv": [
                        11.2,
                        5.2,
                        11.8,
                        5.6
                    ],
                    "texture": "#0"
                },
                "east": {
                    "uv": [
                        11.6,
                        7.2,
                        11.8,
                        7.6
                    ],
                    "texture": "#0"
                },
                "south": {
                    "uv": [
                        6,
                        11.2,
                        6.6,
                        11.6
                    ],
                    "texture": "#0"
                },
                "up": {
                    "uv": [
                        12.2,
                        1,
                        11.6,
                        0.8
                    ],
                    "texture": "#0"
                },
                "down": {
                    "uv": [
                        1.8,
                        11.6,
                        1.2,
                        11.8
                    ],
                    "texture": "#0"
                }
            }
        },
        {
            "from": [
                3.4059,
                4.65597,
                3.5
            ],
            "to": [
                3.9059,
                5.65597,
                12.5
            ],
            "rotation": {
                "angle": 22.5,
                "axis": "z",
                "origin": [
                    2.6559,
                    5.15597,
                    5
                ]
            },
            "faces": {
                "east": {
                    "uv": [
                        8.4,
                        8.4,
                        12,
                        8.8
                    ],
                    "texture": "#0"
                },
                "west": {
                    "uv": [
                        8.4,
                        8.8,
                        12,
                        9.2
                    ],
                    "texture": "#0"
                },
                "up": {
                    "uv": [
                        1,
                        13.6,
                        0.8,
                        10
                    ],
                    "texture": "#0"
                },
                "down": {
                    "uv": [
                        3,
                        10,
                        2.8,
                        13.6
                    ],
                    "texture": "#0"
                }
            }
        },
        {
            "from": [
                3.00627,
                6.66506,
                12.5
            ],
            "to": [
                5.00627,
                7.66506,
                13
            ],
            "rotation": {
                "angle": 22.5,
                "axis": "z",
                "origin": [
                    7.50627,
                    7.16506,
                    12.75
                ]
            },
            "faces": {
                "north": {
                    "uv": [
                        10.8,
                        1.2,
                        11.6,
                        1.6
                    ],
                    "texture": "#0"
                },
                "east": {
                    "uv": [
                        5.6,
                        11.6,
                        5.8,
                        12
                    ],
                    "texture": "#0"
                },
                "south": {
                    "uv": [
                        10.8,
                        1.6,
                        11.6,
                        2
                    ],
                    "texture": "#0"
                },
                "west": {
                    "uv": [
                        11.6,
                        5.6,
                        11.8,
                        6
                    ],
                    "texture": "#0"
                },
                "up": {
                    "uv": [
                        10.4,
                        11.4,
                        9.6,
                        11.2
                    ],
                    "texture": "#0"
                },
                "down": {
                    "uv": [
                        12,
                        9.6,
                        11.2,
                        9.8
                    ],
                    "texture": "#0"
                }
            }
        },
        {
            "from": [
                5.0055,
                5.74529,
                12.5035
            ],
            "to": [
                10.9945,
                6.67029,
                12.9965
            ],
            "rotation": {
                "angle": 0,
                "axis": "z",
                "origin": [
                    6.0055,
                    6.17029,
                    12.7535
                ]
            },
            "faces": {
                "north": {
                    "uv": [
                        7.2,
                        9.2,
                        9.6,
                        9.6
                    ],
                    "texture": "#0"
                },
                "east": {
                    "uv": [
                        6,
                        11.6,
                        6.2,
                        12
                    ],
                    "texture": "#0"
                },
                "south": {
                    "uv": [
                        2.8,
                        9.6,
                        5.2,
                        10
                    ],
                    "texture": "#0"
                },
                "west": {
                    "uv": [
                        11.6,
                        6,
                        11.8,
                        6.4
                    ],
                    "texture": "#0"
                },
                "up": {
                    "uv": [
                        12.4,
                        4.2,
                        10,
                        4
                    ],
                    "texture": "#0"
                },
                "down": {
                    "uv": [
                        12.4,
                        4.4,
                        10,
                        4.6
                    ],
                    "texture": "#0"
                }
            }
        },
        {
            "from": [
                5.00523,
                9.69403,
                12.5035
            ],
            "to": [
                10.99423,
                10.61903,
                12.9965
            ],
            "rotation": {
                "angle": 0,
                "axis": "z",
                "origin": [
                    6.00523,
                    10.19403,
                    12.7535
                ]
            },
            "faces": {
                "north": {
                    "uv": [
                        5.2,
                        9.6,
                        7.6,
                        10
                    ],
                    "texture": "#0"
                },
                "east": {
                    "uv": [
                        8.8,
                        11.6,
                        9,
                        12
                    ],
                    "texture": "#0"
                },
                "south": {
                    "uv": [
                        7.6,
                        9.6,
                        10,
                        10
                    ],
                    "texture": "#0"
                },
                "up": {
                    "uv": [
                        8,
                        10.2,
                        5.6,
                        10
                    ],
                    "texture": "#0"
                },
                "down": {
                    "uv": [
                        10.4,
                        10,
                        8,
                        10.2
                    ],
                    "texture": "#0"
                }
            }
        },
        {
            "from": [
                5.93,
                9.31135,
                3.0035
            ],
            "to": [
                10.07,
                10.23635,
                3.4965
            ],
            "rotation": {
                "angle": 0,
                "axis": "y",
                "origin": [
                    5.08,
                    9.81135,
                    3.2535
                ]
            },
            "faces": {
                "north": {
                    "uv": [
                        9.6,
                        9.2,
                        11.2,
                        9.6
                    ],
                    "texture": "#0"
                },
                "east": {
                    "uv": [
                        11.2,
                        11.6,
                        11.4,
                        12
                    ],
                    "texture": "#0"
                },
                "south": {
                    "uv": [
                        4,
                        10,
                        5.6,
                        10.4
                    ],
                    "texture": "#0"
                },
                "west": {
                    "uv": [
                        11.6,
                        11.2,
                        11.8,
                        11.6
                    ],
                    "texture": "#0"
                },
                "up": {
                    "uv": [
                        4.8,
                        11.4,
                        3.2,
                        11.2
                    ],
                    "texture": "#0"
                },
                "down": {
                    "uv": [
                        12.8,
                        3.2,
                        11.2,
                        3.4
                    ],
                    "texture": "#0"
                }
            }
        },
        {
            "from": [
                4,
                3.66925,
                3
            ],
            "to": [
                5,
                4.16925,
                3.5
            ],
            "rotation": {
                "angle": 22.5,
                "axis": "z",
                "origin": [
                    5.5,
                    4.16925,
                    3.25
                ]
            },
            "faces": {
                "north": {
                    "uv": [
                        11.6,
                        10,
                        12,
                        10.2
                    ],
                    "texture": "#0"
                },
                "south": {
                    "uv": [
                        11.6,
                        10.4,
                        12,
                        10.6
                    ],
                    "texture": "#0"
                },
                "west": {
                    "uv": [
                        11.6,
                        11.6,
                        11.8,
                        11.8
                    ],
                    "texture": "#0"
                },
                "up": {
                    "uv": [
                        11.2,
                        11.8,
                        10.8,
                        11.6
                    ],
                    "texture": "#0"
                },
                "down": {
                    "uv": [
                        12,
                        10.8,
                        11.6,
                        11
                    ],
                    "texture": "#0"
                }
            }
        },
        {
            "from": [
                3.4505,
                2.32993,
                3.25
            ],
            "to": [
                5.9505,
                6.12993,
                3.28
            ],
            "rotation": {
                "angle": 0,
                "axis": "y",
                "origin": [
                    2.9505,
                    3.15493,
                    3.25
                ]
            },
            "faces": {
                "north": {
                    "uv": [
                        7.2,
                        7.6,
                        8.2,
                        9.2
                    ],
                    "texture": "#0"
                },
                "south": {
                    "uv": [
                        0,
                        8.4,
                        1,
                        10
                    ],
                    "texture": "#0"
                }
            }
        },
        {
            "from": [
                3.45,
                3.27993,
                12.72
            ],
            "to": [
                12.55,
                10.40493,
                12.75
            ],
            "rotation": {
                "angle": 0,
                "axis": "y",
                "origin": [
                    8.2,
                    8.02993,
                    12.72
                ]
            },
            "faces": {
                "north": {
                    "uv": [
                        0,
                        4,
                        3.6,
                        7
                    ],
                    "texture": "#0"
                },
                "south": {
                    "uv": [
                        3.6,
                        6.4,
                        7.2,
                        9.4
                    ],
                    "texture": "#0"
                }
            }
        },
        {
            "from": [
                5.3005,
                7.07993,
                3.249
            ],
            "to": [
                10.7005,
                10.40493,
                3.279
            ],
            "rotation": {
                "angle": 0,
                "axis": "y",
                "origin": [
                    6.3505,
                    8.02993,
                    3.249
                ]
            },
            "faces": {
                "north": {
                    "uv": [
                        7.6,
                        2.4,
                        9.8,
                        3.8
                    ],
                    "texture": "#0"
                },
                "south": {
                    "uv": [
                        7.6,
                        4,
                        9.8,
                        5.4
                    ],
                    "texture": "#0"
                }
            }
        },
        {
            "from": [
                3.4495,
                5.65493,
                3.249
            ],
            "to": [
                5.2995,
                10.40493,
                3.279
            ],
            "rotation": {
                "angle": 0,
                "axis": "y",
                "origin": [
                    7.7995,
                    8.02993,
                    3.249
                ]
            },
            "faces": {
                "north": {
                    "uv": [
                        1.2,
                        8.4,
                        2,
                        10.4
                    ],
                    "texture": "#0"
                },
                "south": {
                    "uv": [
                        2,
                        8.4,
                        2.8,
                        10.4
                    ],
                    "texture": "#0"
                }
            }
        },
        {
            "from": [
                3.4505,
                2.80493,
                3.25
            ],
            "to": [
                3.4805,
                10.40493,
                12.75
            ],
            "rotation": {
                "angle": 0,
                "axis": "y",
                "origin": [
                    3.4505,
                    7.40493,
                    8
                ]
            },
            "faces": {
                "east": {
                    "uv": [
                        3.6,
                        0,
                        7.4,
                        3.2
                    ],
                    "texture": "#0"
                },
                "west": {
                    "uv": [
                        3.6,
                        3.2,
                        7.4,
                        6.4
                    ],
                    "texture": "#0"
                }
            }
        },
        {
            "from": [
                8.5,
                8.66925,
                2.75
            ],
            "to": [
                10.5,
                10.66925,
                3.75
            ],
            "rotation": {
                "angle": 45,
                "axis": "z",
                "origin": [
                    8,
                    8.16925,
                    2.75
                ]
            },
            "faces": {
                "north": {
                    "uv": [
                        2.8,
                        8.4,
                        3.6,
                        9.2
                    ],
                    "texture": "#0"
                },
                "east": {
                    "uv": [
                        10.8,
                        2,
                        11.2,
                        2.8
                    ],
                    "texture": "#0"
                },
                "south": {
                    "uv": [
                        10,
                        2.4,
                        10.8,
                        3.2
                    ],
                    "texture": "#0"
                },
                "west": {
                    "uv": [
                        10.8,
                        2.8,
                        11.2,
                        3.6
                    ],
                    "texture": "#0"
                },
                "up": {
                    "uv": [
                        4,
                        11.2,
                        3.2,
                        10.8
                    ],
                    "texture": "#0"
                },
                "down": {
                    "uv": [
                        11.6,
                        3.6,
                        10.8,
                        4
                    ],
                    "texture": "#0"
                }
            }
        },
        {
            "from": [
                8.75,
                8.91925,
                2.5
            ],
            "to": [
                10.25,
                10.41925,
                4
            ],
            "rotation": {
                "angle": 45,
                "axis": "z",
                "origin": [
                    8,
                    8.16925,
                    2.75
                ]
            },
            "faces": {
                "north": {
                    "uv": [
                        4,
                        10.4,
                        4.6,
                        11
                    ],
                    "texture": "#0"
                },
                "east": {
                    "uv": [
                        4.8,
                        10.4,
                        5.4,
                        11
                    ],
                    "texture": "#0"
                },
                "south": {
                    "uv": [
                        5.6,
                        10.4,
                        6.2,
                        11
                    ],
                    "texture": "#0"
                },
                "west": {
                    "uv": [
                        6.4,
                        10.4,
                        7,
                        11
                    ],
                    "texture": "#0"
                },
                "up": {
                    "uv": [
                        7.8,
                        11,
                        7.2,
                        10.4
                    ],
                    "texture": "#0"
                },
                "down": {
                    "uv": [
                        8.6,
                        10.4,
                        8,
                        11
                    ],
                    "texture": "#0"
                }
            }
        },
        {
            "from": [
                2.75,
                8.66925,
                6.25
            ],
            "to": [
                3.75,
                10.66925,
                8.25
            ],
            "rotation": {
                "angle": 45,
                "axis": "x",
                "origin": [
                    2.75,
                    8.16925,
                    5.75
                ]
            },
            "faces": {
                "north": {
                    "uv": [
                        10.8,
                        6.4,
                        11.2,
                        7.2
                    ],
                    "texture": "#0"
                },
                "east": {
                    "uv": [
                        3.2,
                        10,
                        4,
                        10.8
                    ],
                    "texture": "#0"
                },
                "south": {
                    "uv": [
                        10.8,
                        10.4,
                        11.2,
                        11.2
                    ],
                    "texture": "#0"
                },
                "west": {
                    "uv": [
                        10,
                        3.2,
                        10.8,
                        4
                    ],
                    "texture": "#0"
                },
                "up": {
                    "uv": [
                        11.6,
                        0.8,
                        11.2,
                        0
                    ],
                    "texture": "#0"
                },
                "down": {
                    "uv": [
                        11.6,
                        2,
                        11.2,
                        2.8
                    ],
                    "texture": "#0"
                }
            }
        },
        {
            "from": [
                2.5,
                8.91925,
                6.5
            ],
            "to": [
                2.75,
                10.41925,
                8
            ],
            "rotation": {
                "angle": 45,
                "axis": "x",
                "origin": [
                    1.75,
                    8.16925,
                    5.75
                ]
            },
            "faces": {
                "north": {
                    "uv": [
                        11.6,
                        1.2,
                        11.8,
                        1.8
                    ],
                    "texture": "#0"
                },
                "south": {
                    "uv": [
                        2,
                        11.6,
                        2.2,
                        12.2
                    ],
                    "texture": "#0"
                },
                "west": {
                    "uv": [
                        8.8,
                        10.4,
                        9.4,
                        11
                    ],
                    "texture": "#0"
                },
                "up": {
                    "uv": [
                        11.8,
                        2.6,
                        11.6,
                        2
                    ],
                    "texture": "#0"
                },
                "down": {
                    "uv": [
                        2.6,
                        11.6,
                        2.4,
                        12.2
                    ],
                    "texture": "#0"
                }
            }
        },
        {
            "from": [
                1.25,
                8.91925,
                6.5
            ],
            "to": [
                1.75,
                10.41925,
                8
            ],
            "rotation": {
                "angle": 45,
                "axis": "x",
                "origin": [
                    0.75,
                    8.16925,
                    5.75
                ]
            },
            "faces": {
                "north": {
                    "uv": [
                        3.2,
                        11.6,
                        3.4,
                        12.2
                    ],
                    "texture": "#0"
                },
                "east": {
                    "uv": [
                        9.6,
                        10.4,
                        10.2,
                        11
                    ],
                    "texture": "#0"
                },
                "south": {
                    "uv": [
                        3.6,
                        11.6,
                        3.8,
                        12.2
                    ],
                    "texture": "#0"
                },
                "west": {
                    "uv": [
                        10.4,
                        9.6,
                        11,
                        10.2
                    ],
                    "texture": "#0"
                },
                "up": {
                    "uv": [
                        4.2,
                        12.2,
                        4,
                        11.6
                    ],
                    "texture": "#0"
                },
                "down": {
                    "uv": [
                        4.6,
                        11.6,
                        4.4,
                        12.2
                    ],
                    "texture": "#0"
                }
            }
        },
        {
            "from": [
                1.275,
                8.30603,
                8.254
            ],
            "to": [
                1.725,
                9.30603,
                10.254
            ],
            "rotation": {
                "angle": -22.5,
                "axis": "x",
                "origin": [
                    1.25,
                    8.30603,
                    8.254
                ]
            },
            "faces": {
                "east": {
                    "uv": [
                        10.8,
                        7.2,
                        11.6,
                        7.6
                    ],
                    "texture": "#0"
                },
                "south": {
                    "uv": [
                        10,
                        11.6,
                        10.2,
                        12
                    ],
                    "texture": "#0"
                },
                "west": {
                    "uv": [
                        11.2,
                        2.8,
                        12,
                        3.2
                    ],
                    "texture": "#0"
                },
                "up": {
                    "uv": [
                        11.4,
                        10.8,
                        11.2,
                        10
                    ],
                    "texture": "#0"
                },
                "down": {
                    "uv": [
                        10.6,
                        11.2,
                        10.4,
                        12
                    ],
                    "texture": "#0"
                }
            }
        },
        {
            "from": [
                1.475,
                6.30603,
                7.454
            ],
            "to": [
                1.505,
                9.30603,
                13.954
            ],
            "rotation": {
                "angle": -22.5,
                "axis": "x",
                "origin": [
                    1.25,
                    8.30603,
                    8.254
                ]
            },
            "faces": {
                "east": {
                    "uv": [
                        7.6,
                        0,
                        10.2,
                        1.2
                    ],
                    "texture": "#0"
                },
                "west": {
                    "uv": [
                        7.6,
                        1.2,
                        10.2,
                        2.4
                    ],
                    "texture": "#0"
                }
            }
        },
        {
            "from": [
                1,
                9.16925,
                6.75
            ],
            "to": [
                2,
                10.16925,
                7.75
            ],
            "rotation": {
                "angle": 45,
                "axis": "x",
                "origin": [
                    0.75,
                    8.16925,
                    5.75
                ]
            },
            "faces": {
                "north": {
                    "uv": [
                        10,
                        9.6,
                        10.4,
                        10
                    ],
                    "texture": "#0"
                },
                "east": {
                    "uv": [
                        10.8,
                        11.2,
                        11.2,
                        11.6
                    ],
                    "texture": "#0"
                },
                "south": {
                    "uv": [
                        11.2,
                        10.8,
                        11.6,
                        11.2
                    ],
                    "texture": "#0"
                },
                "west": {
                    "uv": [
                        11.2,
                        11.2,
                        11.6,
                        11.6
                    ],
                    "texture": "#0"
                },
                "up": {
                    "uv": [
                        12,
                        0.4,
                        11.6,
                        0
                    ],
                    "texture": "#0"
                },
                "down": {
                    "uv": [
                        12,
                        0.4,
                        11.6,
                        0.8
                    ],
                    "texture": "#0"
                }
            }
        },
        {
            "from": [
                11,
                3.66925,
                3
            ],
            "to": [
                12,
                4.16925,
                3.5
            ],
            "rotation": {
                "angle": -22.5,
                "axis": "z",
                "origin": [
                    10.5,
                    4.16925,
                    3.25
                ]
            },
            "faces": {
                "north": {
                    "uv": [
                        12,
                        10,
                        11.6,
                        10.2
                    ],
                    "texture": "#0"
                },
                "east": {
                    "uv": [
                        11.8,
                        11.6,
                        11.6,
                        11.8
                    ],
                    "texture": "#0"
                },
                "south": {
                    "uv": [
                        12,
                        10.4,
                        11.6,
                        10.6
                    ],
                    "texture": "#0"
                },
                "up": {
                    "uv": [
                        10.8,
                        11.8,
                        11.2,
                        11.6
                    ],
                    "texture": "#0"
                },
                "down": {
                    "uv": [
                        11.6,
                        10.8,
                        12,
                        11
                    ],
                    "texture": "#0"
                }
            }
        },
        {
            "from": [
                10,
                3.66925,
                3
            ],
            "to": [
                11,
                5.66925,
                3.5
            ],
            "rotation": {
                "angle": -22.5,
                "axis": "z",
                "origin": [
                    10.5,
                    4.16925,
                    3.25
                ]
            },
            "faces": {
                "north": {
                    "uv": [
                        10.8,
                        10.4,
                        10.4,
                        11.2
                    ],
                    "texture": "#0"
                },
                "east": {
                    "uv": [
                        8.6,
                        11.2,
                        8.4,
                        12
                    ],
                    "texture": "#0"
                },
                "south": {
                    "uv": [
                        11.2,
                        0,
                        10.8,
                        0.8
                    ],
                    "texture": "#0"
                },
                "west": {
                    "uv": [
                        11.4,
                        6.4,
                        11.2,
                        7.2
                    ],
                    "texture": "#0"
                },
                "down": {
                    "uv": [
                        11.6,
                        3.6,
                        12,
                        3.8
                    ],
                    "texture": "#0"
                }
            }
        },
        {
            "from": [
                10.61313,
                4.75164,
                3
            ],
            "to": [
                12.61313,
                5.75164,
                3.5
            ],
            "rotation": {
                "angle": -22.5,
                "axis": "z",
                "origin": [
                    13.11313,
                    5.25164,
                    3.25
                ]
            },
            "faces": {
                "north": {
                    "uv": [
                        3.6,
                        9.2,
                        2.8,
                        9.6
                    ],
                    "texture": "#0"
                },
                "east": {
                    "uv": [
                        5.4,
                        11.6,
                        5.2,
                        12
                    ],
                    "texture": "#0"
                },
                "south": {
                    "uv": [
                        11.6,
                        0.8,
                        10.8,
                        1.2
                    ],
                    "texture": "#0"
                },
                "west": {
                    "uv": [
                        5,
                        11.6,
                        4.8,
                        12
                    ],
                    "texture": "#0"
                },
                "up": {
                    "uv": [
                        8.8,
                        11.4,
                        9.6,
                        11.2
                    ],
                    "texture": "#0"
                },
                "down": {
                    "uv": [
                        11.2,
                        9.2,
                        12,
                        9.4
                    ],
                    "texture": "#0"
                }
            }
        },
        {
            "from": [
                12.0941,
                4.65597,
                3.5
            ],
            "to": [
                12.5941,
                5.65597,
                12.5
            ],
            "rotation": {
                "angle": -22.5,
                "axis": "z",
                "origin": [
                    13.3441,
                    5.15597,
                    5
                ]
            },
            "faces": {
                "east": {
                    "uv": [
                        12,
                        8.8,
                        8.4,
                        9.2
                    ],
                    "texture": "#0"
                },
                "west": {
                    "uv": [
                        12,
                        8.4,
                        8.4,
                        8.8
                    ],
                    "texture": "#0"
                },
                "up": {
                    "uv": [
                        0.8,
                        13.6,
                        1,
                        10
                    ],
                    "texture": "#0"
                },
                "down": {
                    "uv": [
                        2.8,
                        10,
                        3,
                        13.6
                    ],
                    "texture": "#0"
                }
            }
        },
        {
            "from": [
                10.99373,
                6.66506,
                12.5
            ],
            "to": [
                12.99373,
                7.66506,
                13
            ],
            "rotation": {
                "angle": -22.5,
                "axis": "z",
                "origin": [
                    8.49373,
                    7.16506,
                    12.75
                ]
            },
            "faces": {
                "north": {
                    "uv": [
                        11.6,
                        1.2,
                        10.8,
                        1.6
                    ],
                    "texture": "#0"
                },
                "east": {
                    "uv": [
                        11.8,
                        5.6,
                        11.6,
                        6
                    ],
                    "texture": "#0"
                },
                "south": {
                    "uv": [
                        11.6,
                        1.6,
                        10.8,
                        2
                    ],
                    "texture": "#0"
                },
                "west": {
                    "uv": [
                        5.8,
                        11.6,
                        5.6,
                        12
                    ],
                    "texture": "#0"
                },
                "up": {
                    "uv": [
                        9.6,
                        11.4,
                        10.4,
                        11.2
                    ],
                    "texture": "#0"
                },
                "down": {
                    "uv": [
                        11.2,
                        9.6,
                        12,
                        9.8
                    ],
                    "texture": "#0"
                }
            }
        },
        {
            "from": [
                12.19876,
                10.18216,
                3.5
            ],
            "to": [
                12.69876,
                11.18216,
                13
            ],
            "rotation": {
                "angle": 22.5,
                "axis": "z",
                "origin": [
                    12.07376,
                    10.68216,
                    5.625
                ]
            },
            "faces": {
                "east": {
                    "uv": [
                        12.2,
                        8,
                        8.4,
                        8.4
                    ],
                    "texture": "#0"
                },
                "south": {
                    "uv": [
                        11.8,
                        6.8,
                        11.6,
                        7.2
                    ],
                    "texture": "#0"
                },
                "west": {
                    "uv": [
                        12.2,
                        7.6,
                        8.4,
                        8
                    ],
                    "texture": "#0"
                },
                "up": {
                    "uv": [
                        0,
                        13.8,
                        0.2,
                        10
                    ],
                    "texture": "#0"
                },
                "down": {
                    "uv": [
                        0.4,
                        10,
                        0.6,
                        13.8
                    ],
                    "texture": "#0"
                }
            }
        },
        {
            "from": [
                10.69876,
                10.18216,
                12.5
            ],
            "to": [
                12.19876,
                11.18216,
                13
            ],
            "rotation": {
                "angle": 22.5,
                "axis": "z",
                "origin": [
                    12.07376,
                    10.68216,
                    15.125
                ]
            },
            "faces": {
                "north": {
                    "uv": [
                        11.8,
                        5.2,
                        11.2,
                        5.6
                    ],
                    "texture": "#0"
                },
                "south": {
                    "uv": [
                        6.6,
                        11.2,
                        6,
                        11.6
                    ],
                    "texture": "#0"
                },
                "west": {
                    "uv": [
                        11.8,
                        7.2,
                        11.6,
                        7.6
                    ],
                    "texture": "#0"
                },
                "up": {
                    "uv": [
                        11.6,
                        1,
                        12.2,
                        0.8
                    ],
                    "texture": "#0"
                },
                "down": {
                    "uv": [
                        1.2,
                        11.6,
                        1.8,
                        11.8
                    ],
                    "texture": "#0"
                }
            }
        },
        {
            "from": [
                9.69876,
                10.18216,
                3
            ],
            "to": [
                12.69876,
                11.18216,
                3.5
            ],
            "rotation": {
                "angle": 22.5,
                "axis": "z",
                "origin": [
                    12.07376,
                    10.68216,
                    5.625
                ]
            },
            "faces": {
                "north": {
                    "uv": [
                        11.2,
                        4.8,
                        10,
                        5.2
                    ],
                    "texture": "#0"
                },
                "east": {
                    "uv": [
                        11.8,
                        6.4,
                        11.6,
                        6.8
                    ],
                    "texture": "#0"
                },
                "south": {
                    "uv": [
                        11.2,
                        5.2,
                        10,
                        5.6
                    ],
                    "texture": "#0"
                },
                "west": {
                    "uv": [
                        6.6,
                        11.6,
                        6.4,
                        12
                    ],
                    "texture": "#0"
                },
                "up": {
                    "uv": [
                        4.8,
                        11.4,
                        6,
                        11.2
                    ],
                    "texture": "#0"
                },
                "down": {
                    "uv": [
                        11.2,
                        4.8,
                        12.4,
                        5
                    ],
                    "texture": "#0"
                }
            }
        },
        {
            "from": [
                10.7005,
                5.65493,
                3.249
            ],
            "to": [
                12.5505,
                10.40493,
                3.279
            ],
            "rotation": {
                "angle": 0,
                "axis": "y",
                "origin": [
                    8.2005,
                    8.02993,
                    3.249
                ]
            },
            "faces": {
                "north": {
                    "uv": [
                        2,
                        8.4,
                        1.2,
                        10.4
                    ],
                    "texture": "#0"
                },
                "south": {
                    "uv": [
                        2.8,
                        8.4,
                        2,
                        10.4
                    ],
                    "texture": "#0"
                }
            }
        },
        {
            "from": [
                12.5195,
                2.80493,
                3.25
            ],
            "to": [
                12.5495,
                10.40493,
                12.75
            ],
            "rotation": {
                "angle": 0,
                "axis": "y",
                "origin": [
                    12.5495,
                    7.40493,
                    8
                ]
            },
            "faces": {
                "east": {
                    "uv": [
                        7.4,
                        3.2,
                        3.6,
                        6.4
                    ],
                    "texture": "#0"
                },
                "west": {
                    "uv": [
                        7.4,
                        0,
                        3.6,
                        3.2
                    ],
                    "texture": "#0"
                }
            }
        },
        {
            "from": [
                10.0495,
                2.32993,
                3.25
            ],
            "to": [
                12.5495,
                6.12993,
                3.28
            ],
            "rotation": {
                "angle": 0,
                "axis": "y",
                "origin": [
                    13.0495,
                    3.15493,
                    3.25
                ]
            },
            "faces": {
                "north": {
                    "uv": [
                        8.2,
                        7.6,
                        7.2,
                        9.2
                    ],
                    "texture": "#0"
                },
                "south": {
                    "uv": [
                        1,
                        8.4,
                        0,
                        10
                    ],
                    "texture": "#0"
                }
            }
        },
        {
            "from": [
                12.25,
                8.66925,
                6.25
            ],
            "to": [
                13.25,
                10.66925,
                8.25
            ],
            "rotation": {
                "angle": 45,
                "axis": "x",
                "origin": [
                    13.25,
                    8.16925,
                    5.75
                ]
            },
            "faces": {
                "north": {
                    "uv": [
                        11.2,
                        6.4,
                        10.8,
                        7.2
                    ],
                    "texture": "#0"
                },
                "east": {
                    "uv": [
                        10.8,
                        3.2,
                        10,
                        4
                    ],
                    "texture": "#0"
                },
                "south": {
                    "uv": [
                        11.2,
                        10.4,
                        10.8,
                        11.2
                    ],
                    "texture": "#0"
                },
                "west": {
                    "uv": [
                        4,
                        10,
                        3.2,
                        10.8
                    ],
                    "texture": "#0"
                },
                "up": {
                    "uv": [
                        11.2,
                        0.8,
                        11.6,
                        0
                    ],
                    "texture": "#0"
                },
                "down": {
                    "uv": [
                        11.2,
                        2,
                        11.6,
                        2.8
                    ],
                    "texture": "#0"
                }
            }
        },
        {
            "from": [
                13.25,
                8.91925,
                6.5
            ],
            "to": [
                13.5,
                10.41925,
                8
            ],
            "rotation": {
                "angle": 45,
                "axis": "x",
                "origin": [
                    14.25,
                    8.16925,
                    5.75
                ]
            },
            "faces": {
                "north": {
                    "uv": [
                        11.8,
                        1.2,
                        11.6,
                        1.8
                    ],
                    "texture": "#0"
                },
                "east": {
                    "uv": [
                        9.4,
                        10.4,
                        8.8,
                        11
                    ],
                    "texture": "#0"
                },
                "south": {
                    "uv": [
                        2.2,
                        11.6,
                        2,
                        12.2
                    ],
                    "texture": "#0"
                },
                "up": {
                    "uv": [
                        11.6,
                        2.6,
                        11.8,
                        2
                    ],
                    "texture": "#0"
                },
                "down": {
                    "uv": [
                        2.4,
                        11.6,
                        2.6,
                        12.2
                    ],
                    "texture": "#0"
                }
            }
        },
        {
            "from": [
                14.25,
                8.91925,
                6.5
            ],
            "to": [
                14.75,
                10.41925,
                8
            ],
            "rotation": {
                "angle": 45,
                "axis": "x",
                "origin": [
                    15.25,
                    8.16925,
                    5.75
                ]
            },
            "faces": {
                "north": {
                    "uv": [
                        3.4,
                        11.6,
                        3.2,
                        12.2
                    ],
                    "texture": "#0"
                },
                "east": {
                    "uv": [
                        11,
                        9.6,
                        10.4,
                        10.2
                    ],
                    "texture": "#0"
                },
                "south": {
                    "uv": [
                        3.8,
                        11.6,
                        3.6,
                        12.2
                    ],
                    "texture": "#0"
                },
                "west": {
                    "uv": [
                        10.2,
                        10.4,
                        9.6,
                        11
                    ],
                    "texture": "#0"
                },
                "up": {
                    "uv": [
                        4,
                        12.2,
                        4.2,
                        11.6
                    ],
                    "texture": "#0"
                },
                "down": {
                    "uv": [
                        4.4,
                        11.6,
                        4.6,
                        12.2
                    ],
                    "texture": "#0"
                }
            }
        },
        {
            "from": [
                14,
                9.16925,
                6.75
            ],
            "to": [
                15,
                10.16925,
                7.75
            ],
            "rotation": {
                "angle": 45,
                "axis": "x",
                "origin": [
                    15.25,
                    8.16925,
                    5.75
                ]
            },
            "faces": {
                "north": {
                    "uv": [
                        10.4,
                        9.6,
                        10,
                        10
                    ],
                    "texture": "#0"
                },
                "east": {
                    "uv": [
                        11.6,
                        11.2,
                        11.2,
                        11.6
                    ],
                    "texture": "#0"
                },
                "south": {
                    "uv": [
                        11.6,
                        10.8,
                        11.2,
                        11.2
                    ],
                    "texture": "#0"
                },
                "west": {
                    "uv": [
                        11.2,
                        11.2,
                        10.8,
                        11.6
                    ],
                    "texture": "#0"
                },
                "up": {
                    "uv": [
                        11.6,
                        0.4,
                        12,
                        0
                    ],
                    "texture": "#0"
                },
                "down": {
                    "uv": [
                        11.6,
                        0.4,
                        12,
                        0.8
                    ],
                    "texture": "#0"
                }
            }
        },
        {
            "from": [
                14.275,
                8.30603,
                8.254
            ],
            "to": [
                14.725,
                9.30603,
                10.254
            ],
            "rotation": {
                "angle": -22.5,
                "axis": "x",
                "origin": [
                    14.75,
                    8.30603,
                    8.254
                ]
            },
            "faces": {
                "east": {
                    "uv": [
                        12,
                        2.8,
                        11.2,
                        3.2
                    ],
                    "texture": "#0"
                },
                "south": {
                    "uv": [
                        10.2,
                        11.6,
                        10,
                        12
                    ],
                    "texture": "#0"
                },
                "west": {
                    "uv": [
                        11.6,
                        7.2,
                        10.8,
                        7.6
                    ],
                    "texture": "#0"
                },
                "up": {
                    "uv": [
                        11.2,
                        10.8,
                        11.4,
                        10
                    ],
                    "texture": "#0"
                },
                "down": {
                    "uv": [
                        10.4,
                        11.2,
                        10.6,
                        12
                    ],
                    "texture": "#0"
                }
            }
        },
        {
            "from": [
                14.495,
                6.30603,
                7.454
            ],
            "to": [
                14.525,
                9.30603,
                13.954
            ],
            "rotation": {
                "angle": -22.5,
                "axis": "x",
                "origin": [
                    14.75,
                    8.30603,
                    8.254
                ]
            },
            "faces": {
                "east": {
                    "uv": [
                        10.2,
                        1.2,
                        7.6,
                        2.4
                    ],
                    "texture": "#0"
                },
                "west": {
                    "uv": [
                        10.2,
                        0,
                        7.6,
                        1.2
                    ],
                    "texture": "#0"
                }
            }
        },
        {
            "from": [
                3.75,
                10.2094,
                3.25
            ],
            "to": [
                12.25,
                12.4594,
                3.28
            ],
            "rotation": {
                "angle": 0,
                "axis": "y",
                "origin": [
                    6.15747,
                    18.49955,
                    6
                ]
            },
            "faces": {
                "north": {
                    "uv": [
                        0,
                        7.2,
                        3.4,
                        8.2
                    ],
                    "texture": "#0"
                },
                "south": {
                    "uv": [
                        3.4,
                        7.2,
                        0,
                        8.2
                    ],
                    "texture": "#0"
                }
            }
        },
        {
            "from": [
                3.75,
                10.7094,
                3.251
            ],
            "to": [
                3.78,
                12.4594,
                12.751
            ],
            "rotation": {
                "angle": 0,
                "axis": "y",
                "origin": [
                    3.5,
                    11.8344,
                    7.751
                ]
            },
            "faces": {
                "east": {
                    "uv": [
                        11.4,
                        5.6,
                        7.6,
                        6.4
                    ],
                    "texture": "#0"
                },
                "west": {
                    "uv": [
                        7.6,
                        5.6,
                        11.4,
                        6.4
                    ],
                    "texture": "#0"
                }
            }
        },
        {
            "from": [
                12.22,
                10.7094,
                3.251
            ],
            "to": [
                12.25,
                12.4594,
                12.751
            ],
            "rotation": {
                "angle": 0,
                "axis": "y",
                "origin": [
                    12.5,
                    11.8344,
                    7.751
                ]
            },
            "faces": {
                "east": {
                    "uv": [
                        11.4,
                        5.6,
                        7.6,
                        6.4
                    ],
                    "texture": "#0"
                },
                "west": {
                    "uv": [
                        7.6,
                        5.6,
                        11.4,
                        6.4
                    ],
                    "texture": "#0"
                }
            }
        },
        {
            "from": [
                3.75,
                12.4294,
                3.251
            ],
            "to": [
                12.25,
                12.4594,
                12.751
            ],
            "rotation": {
                "angle": 0,
                "axis": "y",
                "origin": [
                    3.5,
                    11.8044,
                    7.751
                ]
            },
            "faces": {
                "up": {
                    "uv": [
                        3.4,
                        3.8,
                        0,
                        0
                    ],
                    "texture": "#0"
                },
                "down": {
                    "uv": [
                        3.4,
                        0,
                        0,
                        3.8
                    ],
                    "texture": "#0"
                }
            }
        },
        {
            "from": [
                3.75,
                10.2104,
                12.721
            ],
            "to": [
                12.25,
                12.4604,
                12.751
            ],
            "rotation": {
                "angle": 0,
                "axis": "y",
                "origin": [
                    6.15747,
                    18.50055,
                    9.971
                ]
            },
            "faces": {
                "north": {
                    "uv": [
                        10.6,
                        6.4,
                        7.2,
                        7.4
                    ],
                    "texture": "#0"
                },
                "south": {
                    "uv": [
                        7.2,
                        6.4,
                        10.6,
                        7.4
                    ],
                    "texture": "#0"
                }
            }
        },
        {
            "from": [
                2.25,
                3.11925,
                3
            ],
            "to": [
                2.28,
                13.11925,
                13
            ],
            "rotation": {
                "angle": 0,
                "axis": "y",
                "origin": [
                    2.25,
                    8.11925,
                    8
                ]
            },
            "faces": {
                "east": {
                    "uv": [
                        12.5,
                        0,
                        0,
                        12.5
                    ],
                    "texture": "#1"
                },
                "west": {
                    "uv": [
                        0,
                        0,
                        12.5,
                        12.5
                    ],
                    "texture": "#1"
                }
            }
        },
        {
            "from": [
                13.72,
                3.11925,
                3
            ],
            "to": [
                13.75,
                13.11925,
                13
            ],
            "rotation": {
                "angle": 0,
                "axis": "y",
                "origin": [
                    13.75,
                    8.11925,
                    8
                ]
            },
            "faces": {
                "east": {
                    "uv": [
                        12.5,
                        0,
                        0,
                        12.5
                    ],
                    "texture": "#1"
                },
                "west": {
                    "uv": [
                        0,
                        0,
                        12.5,
                        12.5
                    ],
                    "texture": "#1"
                }
            }
        }
    ],
    "gui_light": "front",
    "display": {
        "thirdperson_righthand": {
            "rotation": [
                58.5,
                0,
                0
            ],
            "translation": [
                0,
                3.75,
                0.5
            ],
            "scale": [
                0.7,
                0.7,
                0.7
            ]
        },
        "thirdperson_lefthand": {
            "rotation": [
                58.5,
                0,
                0
            ],
            "translation": [
                0,
                3.75,
                0.5
            ],
            "scale": [
                0.7,
                0.7,
                0.7
            ]
        },
        "firstperson_righthand": {
            "rotation": [
                161,
                0,
                180
            ],
            "translation": [
                1.75,
                3.25,
                -2
            ]
        },
        "firstperson_lefthand": {
            "rotation": [
                161,
                0,
                180
            ],
            "translation": [
                1.75,
                3.25,
                -2
            ]
        },
        "ground": {
            "translation": [
                0,
                3,
                0
            ],
            "scale": [
                0.7,
                0.7,
                0.7
            ]
        },
        "gui": {
            "rotation": [
                0,
                180,
                0
            ],
            "scale": [
                1.3,
                1.3,
                1.3
            ]
        },
        "head": {
            "translation": [
                0,
                0.5,
                0
            ],
            "scale": [
                1.6,
                1.6,
                1.6
            ]
        },
        "fixed": {
            "rotation": [
                -90,
                0,
                0
            ],
            "translation": [
                0,
                0,
                -12
            ],
            "scale": [
                2,
                2,
                2
            ]
        }
    }
}