{
	"credit": "Made with Blockbench",
	"texture_size": [64, 64],
	"textures": {
		"0": "item/hats/summer_bucket_hat",
		"particle": "item/hats/summer_bucket_hat"
	},
	"elements": [
		{
			"from": [3, 4.53806, 12.80866],
			"to": [13, 5.53806, 15.80866],
			"rotation": {"angle": 22.5, "axis": "x", "origin": [8, 5.03806, 12.80866]},
			"faces": {
				"north": {"uv": [7.25, 7.5, 9.75, 7.75], "texture": "#0"},
				"east": {"uv": [6.5, 7.5, 7.25, 7.75], "texture": "#0"},
				"south": {"uv": [10.5, 7.5, 13, 7.75], "texture": "#0"},
				"west": {"uv": [9.75, 7.5, 10.5, 7.75], "texture": "#0"},
				"up": {"uv": [9.75, 7.5, 7.25, 6.75], "texture": "#0"},
				"down": {"uv": [12.25, 6.75, 9.75, 7.5], "texture": "#0"}
			}
		},
		{
			"from": [3, 4.5, 3],
			"to": [13, 9.5, 13],
			"rotation": {"angle": 0, "axis": "y", "origin": [3, 4.5, 3]},
			"faces": {
				"north": {"uv": [2.5, 2.5, 5, 3.75], "texture": "#0"},
				"east": {"uv": [0, 2.5, 2.5, 3.75], "texture": "#0"},
				"south": {"uv": [7.5, 2.5, 10, 3.75], "texture": "#0"},
				"west": {"uv": [5, 2.5, 7.5, 3.75], "texture": "#0"},
				"up": {"uv": [5, 2.5, 2.5, 0], "texture": "#0"},
				"down": {"uv": [7.5, 0, 5, 2.5], "texture": "#0"}
			}
		},
		{
			"from": [3, 4.53806, 0.19134],
			"to": [13, 5.53806, 3.19134],
			"rotation": {"angle": -22.5, "axis": "x", "origin": [8, 5.03806, 3.19134]},
			"faces": {
				"north": {"uv": [0.75, 7.5, 3.25, 7.75], "texture": "#0"},
				"east": {"uv": [0, 7.5, 0.75, 7.75], "texture": "#0"},
				"south": {"uv": [4, 7.5, 6.5, 7.75], "texture": "#0"},
				"west": {"uv": [3.25, 7.5, 4, 7.75], "texture": "#0"},
				"up": {"uv": [3.25, 7.5, 0.75, 6.75], "texture": "#0"},
				"down": {"uv": [5.75, 6.75, 3.25, 7.5], "texture": "#0"}
			}
		},
		{
			"from": [12.80866, 4.53806, 3],
			"to": [15.80866, 5.53806, 13],
			"rotation": {"angle": -22.5, "axis": "z", "origin": [12.80866, 5.03806, 8]},
			"faces": {
				"north": {"uv": [6.5, 6.5, 7.25, 6.75], "texture": "#0"},
				"east": {"uv": [4, 6.5, 6.5, 6.75], "texture": "#0"},
				"south": {"uv": [9.75, 6.5, 10.5, 6.75], "texture": "#0"},
				"west": {"uv": [7.25, 6.5, 9.75, 6.75], "texture": "#0"},
				"up": {"uv": [7.25, 6.5, 6.5, 4], "texture": "#0"},
				"down": {"uv": [8, 4, 7.25, 6.5], "texture": "#0"}
			}
		},
		{
			"from": [0.19134, 4.53806, 3],
			"to": [3.19134, 5.53806, 13],
			"rotation": {"angle": 22.5, "axis": "z", "origin": [3.19134, 5.03806, 8]},
			"faces": {
				"north": {"uv": [2.5, 6.25, 3.25, 6.5], "texture": "#0"},
				"east": {"uv": [0, 6.25, 2.5, 6.5], "texture": "#0"},
				"south": {"uv": [5.75, 6.25, 6.5, 6.5], "texture": "#0"},
				"west": {"uv": [3.25, 6.25, 5.75, 6.5], "texture": "#0"},
				"up": {"uv": [3.25, 6.25, 2.5, 3.75], "texture": "#0"},
				"down": {"uv": [4, 3.75, 3.25, 6.25], "texture": "#0"}
			}
		},
		{
			"from": [12, 1, 2.9],
			"to": [13, 3, 3.9],
			"rotation": {"angle": 0, "axis": "y", "origin": [3, -2, 2.9]},
			"faces": {
				"north": {"uv": [0.25, 1, 0.5, 1.5], "texture": "#0"},
				"east": {"uv": [0, 1, 0.25, 1.5], "texture": "#0"},
				"south": {"uv": [0.75, 1, 1, 1.5], "texture": "#0"},
				"west": {"uv": [0.5, 1, 0.75, 1.5], "texture": "#0"},
				"up": {"uv": [0.5, 1, 0.25, 0.75], "texture": "#0"},
				"down": {"uv": [0.75, 0.75, 0.5, 1], "texture": "#0"}
			}
		},
		{
			"from": [3, 1, 2.9],
			"to": [4, 3, 3.9],
			"rotation": {"angle": 0, "axis": "y", "origin": [-6, -2, 2.9]},
			"faces": {
				"north": {"uv": [0.25, 0.25, 0.5, 0.75], "texture": "#0"},
				"east": {"uv": [0, 0.25, 0.25, 0.75], "texture": "#0"},
				"south": {"uv": [0.75, 0.25, 1, 0.75], "texture": "#0"},
				"west": {"uv": [0.5, 0.25, 0.75, 0.75], "texture": "#0"},
				"up": {"uv": [0.5, 0.25, 0.25, 0], "texture": "#0"},
				"down": {"uv": [0.75, 0, 0.5, 0.25], "texture": "#0"}
			}
		},
		{
			"from": [4, 3, 2.9],
			"to": [12, 4, 3.9],
			"rotation": {"angle": 0, "axis": "y", "origin": [-2, -1, 2.9]},
			"faces": {
				"north": {"uv": [2.25, 8, 4.25, 8.25], "texture": "#0"},
				"east": {"uv": [2, 8, 2.25, 8.25], "texture": "#0"},
				"south": {"uv": [4.5, 8, 6.5, 8.25], "texture": "#0"},
				"west": {"uv": [4.25, 8, 4.5, 8.25], "texture": "#0"},
				"up": {"uv": [4.25, 8, 2.25, 7.75], "texture": "#0"},
				"down": {"uv": [6.25, 7.75, 4.25, 8], "texture": "#0"}
			}
		},
		{
			"from": [3, 3, 2.9],
			"to": [4, 4, 8.9],
			"rotation": {"angle": 0, "axis": "y", "origin": [-6, -2, 2.9]},
			"faces": {
				"north": {"uv": [1.5, 9.25, 1.75, 9.5], "texture": "#0"},
				"east": {"uv": [0, 9.25, 1.5, 9.5], "texture": "#0"},
				"south": {"uv": [3.25, 9.25, 3.5, 9.5], "texture": "#0"},
				"west": {"uv": [1.75, 9.25, 3.25, 9.5], "texture": "#0"},
				"up": {"uv": [1.75, 9.25, 1.5, 7.75], "texture": "#0"},
				"down": {"uv": [2, 7.75, 1.75, 9.25], "texture": "#0"}
			}
		},
		{
			"from": [12, 3, 2.9],
			"to": [13, 4, 8.9],
			"rotation": {"angle": 0, "axis": "y", "origin": [22, -2, 2.9]},
			"faces": {
				"north": {"uv": [9, 1.5, 9.25, 1.75], "texture": "#0"},
				"east": {"uv": [7.5, 1.5, 9, 1.75], "texture": "#0"},
				"south": {"uv": [10.75, 1.5, 11, 1.75], "texture": "#0"},
				"west": {"uv": [9.25, 1.5, 10.75, 1.75], "texture": "#0"},
				"up": {"uv": [9.25, 1.5, 9, 0], "texture": "#0"},
				"down": {"uv": [9.5, 0, 9.25, 1.5], "texture": "#0"}
			}
		},
		{
			"from": [4, 0, 2.9],
			"to": [12, 1, 3.9],
			"rotation": {"angle": 0, "axis": "y", "origin": [-1, -5, 2.9]},
			"faces": {
				"north": {"uv": [7.75, 2, 9.75, 2.25], "texture": "#0"},
				"east": {"uv": [7.5, 2, 7.75, 2.25], "texture": "#0"},
				"south": {"uv": [10, 2, 12, 2.25], "texture": "#0"},
				"west": {"uv": [9.75, 2, 10, 2.25], "texture": "#0"},
				"up": {"uv": [9.75, 2, 7.75, 1.75], "texture": "#0"},
				"down": {"uv": [11.75, 1.75, 9.75, 2], "texture": "#0"}
			}
		},
		{
			"from": [4, 1, 3.4],
			"to": [12, 3, 3.4],
			"rotation": {"angle": 0, "axis": "y", "origin": [-1, -4, 2.9]},
			"faces": {
				"north": {"uv": [6.5, 7.75, 8.5, 8.25], "texture": "#0"},
				"east": {"uv": [6.5, 7.75, 6.5, 8.25], "texture": "#0"},
				"south": {"uv": [8.5, 7.75, 10.5, 8.25], "texture": "#0"},
				"west": {"uv": [8.5, 7.75, 8.5, 8.25], "texture": "#0"},
				"up": {"uv": [8.5, 7.75, 6.5, 7.75], "texture": "#0"},
				"down": {"uv": [10.5, 7.75, 8.5, 7.75], "texture": "#0"}
			}
		}
	],
	"gui_light": "front",
	"display": {
		"thirdperson_righthand": {
			"translation": [0, 0, -4],
			"scale": [0.75, 0.75, 0.75]
		},
		"thirdperson_lefthand": {
			"translation": [0, 0, -4],
			"scale": [0.75, 0.75, 0.75]
		},
		"firstperson_righthand": {
			"translation": [3, 0, -2],
			"scale": [0.75, 0.75, 0.75]
		},
		"firstperson_lefthand": {
			"translation": [3, 0, -2],
			"scale": [0.75, 0.75, 0.75]
		},
		"ground": {
			"translation": [0, 2, 0],
			"scale": [0.5, 0.5, 0.5]
		},
		"gui": {
			"rotation": [24, 136, 0],
			"translation": [0, 2, 0],
			"scale": [0.85, 0.85, 0.85]
		},
		"head": {
			"translation": [0, 8.5, 0],
			"scale": [1.6, 1.6, 1.6]
		},
		"fixed": {
			"rotation": [-90, 0, 0],
			"translation": [0, 0, -12.75],
			"scale": [1.6, 1.6, 1.6]
		}
	},
	"groups": [
		{
			"name": "summer_bucket_hat",
			"origin": [8, 8, 8],
			"color": 0,
			"nbt": "{}",
			"children": [
				{
					"name": "bucket_hat",
					"origin": [3.19134, 6.53806, 8],
					"color": 0,
					"nbt": "{}",
					"children": [0, 1, 2, 3, 4]
				},
				{
					"name": "sunglasses",
					"origin": [-1, -3, 2.9],
					"color": 0,
					"nbt": "{}",
					"children": [5, 6, 7, 8, 9, 10, 11]
				}
			]
		}
	]
}