{
    "display": {
        "thirdperson_righthand": {
            "translation": [0, -1.5, 1.75],
            "scale": [0.5, 0.5, 0.5]
        },
        "thirdperson_lefthand": {
            "translation": [0, -1.5, 1.75],
            "scale": [0.5, 0.5, 0.5]
        },
        "firstperson_righthand": {
            "scale": [0.5, 0.5, 0.5]
        },
        "firstperson_lefthand": {
            "scale": [0.5, 0.5, 0.5]
        },
        "ground": {
            "translation": [0, 3, 0],
            "scale": [0.5, 0.5, 0.5]
        },
        "gui": {
            "rotation": [30, 225, 0],
            "translation": [-1.5, -4, 0]
        },
        "head": {
            "scale": [1.7, 1.7, 1.7]
        },
        "fixed": {
            "rotation": [-90, 0, 0],
            "translation": [0, 0, 5],
            "scale": [2, 2, 2]
        }
    },
    "textures": {
        "0": "item/hats/teddy_cat_hat",
        "particle": "item/hats/teddy_cat_hat"
    },
    "elements": [{
        "from": [3.5, 10, 0],
        "to": [12.5, 11, 3.5],
        "rotation": {
            "angle": 0,
            "axis": "y",
            "origin": [4, 4, 6]
        },
        "faces": {
            "north": {
                "uv": [7, 7, 8, 8],
                "texture": "#0"
            },
            "east": {
                "uv": [7, 7, 8, 8],
                "texture": "#0"
            },
            "south": {
                "uv": [7, 7, 8, 8],
                "texture": "#0"
            },
            "west": {
                "uv": [7, 7, 8, 8],
                "texture": "#0"
            },
            "up": {
                "uv": [7, 7, 8, 8],
                "texture": "#0"
            },
            "down": {
                "uv": [7, 7, 8, 8],
                "texture": "#0"
            }
        }
    }, {
        "from": [7.025, 10.1, 0.475],
        "to": [11.625, 11.05, 4.075],
        "rotation": {
            "angle": 22.5,
            "axis": "y",
            "origin": [11, 10.5, 2]
        },
        "faces": {
            "north": {
                "uv": [10, 4, 11, 5],
                "texture": "#0"
            },
            "east": {
                "uv": [10, 4, 11, 5],
                "texture": "#0"
            },
            "south": {
                "uv": [10, 4, 11, 5],
                "texture": "#0"
            },
            "west": {
                "uv": [10, 4, 11, 5],
                "texture": "#0"
            },
            "up": {
                "uv": [10, 4, 11, 5],
                "texture": "#0"
            },
            "down": {
                "uv": [10, 4, 11, 5],
                "texture": "#0"
            }
        }
    }, {
        "from": [4.375, 10.1, 0.475],
        "to": [8.975, 11.05, 4.075],
        "rotation": {
            "angle": -22.5,
            "axis": "y",
            "origin": [5, 10.5, 2]
        },
        "faces": {
            "north": {
                "uv": [10, 4, 11, 5],
                "texture": "#0"
            },
            "east": {
                "uv": [10, 4, 11, 5],
                "texture": "#0"
            },
            "south": {
                "uv": [10, 4, 11, 5],
                "texture": "#0"
            },
            "west": {
                "uv": [10, 4, 11, 5],
                "texture": "#0"
            },
            "up": {
                "uv": [10, 4, 11, 5],
                "texture": "#0"
            },
            "down": {
                "uv": [10, 4, 11, 5],
                "texture": "#0"
            }
        }
    }, {
        "from": [9.5, 12.625, 3.75],
        "to": [10.5, 13.875, 4.75],
        "rotation": {
            "angle": 0,
            "axis": "y",
            "origin": [9.875, 13.375, 4.25]
        },
        "faces": {
            "north": {
                "uv": [4, 4, 5, 5],
                "texture": "#0"
            },
            "east": {
                "uv": [4, 4, 5, 5],
                "texture": "#0"
            },
            "south": {
                "uv": [4, 4, 5, 5],
                "texture": "#0"
            },
            "west": {
                "uv": [4, 4, 5, 5],
                "texture": "#0"
            },
            "up": {
                "uv": [4, 4, 5, 5],
                "texture": "#0"
            },
            "down": {
                "uv": [4, 4, 5, 5],
                "texture": "#0"
            }
        }
    }, {
        "from": [9.25, 13.625, 3.75],
        "to": [10.75, 13.875, 4.75],
        "rotation": {
            "angle": 0,
            "axis": "y",
            "origin": [9.875, 13.375, 4.25]
        },
        "faces": {
            "north": {
                "uv": [4, 4, 5, 5],
                "texture": "#0"
            },
            "east": {
                "uv": [4, 4, 5, 5],
                "texture": "#0"
            },
            "south": {
                "uv": [4, 4, 5, 5],
                "texture": "#0"
            },
            "west": {
                "uv": [4, 4, 5, 5],
                "texture": "#0"
            },
            "up": {
                "uv": [4, 4, 5, 5],
                "texture": "#0"
            },
            "down": {
                "uv": [4, 4, 5, 5],
                "texture": "#0"
            }
        }
    }, {
        "from": [9.675, 14.025, 4.25],
        "to": [10.175, 14.525, 5.25],
        "rotation": {
            "angle": 0,
            "axis": "y",
            "origin": [9.875, 13.375, 4.25]
        },
        "faces": {
            "north": {
                "uv": [7, 4, 8, 5],
                "texture": "#0"
            },
            "east": {
                "uv": [7, 4, 8, 5],
                "texture": "#0"
            },
            "south": {
                "uv": [7, 4, 8, 5],
                "texture": "#0"
            },
            "west": {
                "uv": [7, 4, 8, 5],
                "texture": "#0"
            },
            "up": {
                "uv": [7, 4, 8, 5],
                "texture": "#0"
            },
            "down": {
                "uv": [7, 4, 8, 5],
                "texture": "#0"
            }
        }
    }, {
        "from": [10.05, 13.1, 3.7],
        "to": [10.4, 13.45, 4.7],
        "rotation": {
            "angle": 0,
            "axis": "y",
            "origin": [9.875, 13.375, 4.25]
        },
        "faces": {
            "north": {
                "uv": [1, 13, 2, 14],
                "texture": "#0"
            },
            "east": {
                "uv": [1, 13, 2, 14],
                "texture": "#0"
            },
            "south": {
                "uv": [1, 13, 2, 14],
                "texture": "#0"
            },
            "west": {
                "uv": [1, 13, 2, 14],
                "texture": "#0"
            },
            "up": {
                "uv": [1, 13, 2, 14],
                "texture": "#0"
            },
            "down": {
                "uv": [1, 13, 2, 14],
                "texture": "#0"
            }
        }
    }, {
        "from": [6.05, 13.1, 3.7],
        "to": [6.4, 13.45, 4.7],
        "rotation": {
            "angle": 0,
            "axis": "y",
            "origin": [5.875, 13.375, 4.25]
        },
        "faces": {
            "north": {
                "uv": [1, 13, 2, 14],
                "texture": "#0"
            },
            "east": {
                "uv": [1, 13, 2, 14],
                "texture": "#0"
            },
            "south": {
                "uv": [1, 13, 2, 14],
                "texture": "#0"
            },
            "west": {
                "uv": [1, 13, 2, 14],
                "texture": "#0"
            },
            "up": {
                "uv": [1, 13, 2, 14],
                "texture": "#0"
            },
            "down": {
                "uv": [1, 13, 2, 14],
                "texture": "#0"
            }
        }
    }, {
        "from": [5.5, 12.625, 3.75],
        "to": [6.5, 13.875, 4.75],
        "rotation": {
            "angle": 0,
            "axis": "y",
            "origin": [5.875, 13.375, 4.25]
        },
        "faces": {
            "north": {
                "uv": [4, 4, 5, 5],
                "texture": "#0"
            },
            "east": {
                "uv": [4, 4, 5, 5],
                "texture": "#0"
            },
            "south": {
                "uv": [4, 4, 5, 5],
                "texture": "#0"
            },
            "west": {
                "uv": [4, 4, 5, 5],
                "texture": "#0"
            },
            "up": {
                "uv": [4, 4, 5, 5],
                "texture": "#0"
            },
            "down": {
                "uv": [4, 4, 5, 5],
                "texture": "#0"
            }
        }
    }, {
        "from": [5.25, 13.625, 3.75],
        "to": [6.75, 13.875, 4.75],
        "rotation": {
            "angle": 0,
            "axis": "y",
            "origin": [6.125, 13.375, 4.25]
        },
        "faces": {
            "north": {
                "uv": [4, 4, 5, 5],
                "texture": "#0"
            },
            "east": {
                "uv": [4, 4, 5, 5],
                "texture": "#0"
            },
            "south": {
                "uv": [4, 4, 5, 5],
                "texture": "#0"
            },
            "west": {
                "uv": [4, 4, 5, 5],
                "texture": "#0"
            },
            "up": {
                "uv": [4, 4, 5, 5],
                "texture": "#0"
            },
            "down": {
                "uv": [4, 4, 5, 5],
                "texture": "#0"
            }
        }
    }, {
        "from": [5.825, 14.025, 4.25],
        "to": [6.325, 14.525, 5.25],
        "rotation": {
            "angle": 0,
            "axis": "y",
            "origin": [6.125, 13.375, 4.25]
        },
        "faces": {
            "north": {
                "uv": [7, 4, 8, 5],
                "texture": "#0"
            },
            "east": {
                "uv": [7, 4, 8, 5],
                "texture": "#0"
            },
            "south": {
                "uv": [7, 4, 8, 5],
                "texture": "#0"
            },
            "west": {
                "uv": [7, 4, 8, 5],
                "texture": "#0"
            },
            "up": {
                "uv": [7, 4, 8, 5],
                "texture": "#0"
            },
            "down": {
                "uv": [7, 4, 8, 5],
                "texture": "#0"
            }
        }
    }, {
        "from": [3.5, 10, 3.5],
        "to": [12.5, 12.25, 12.5],
        "rotation": {
            "angle": 0,
            "axis": "y",
            "origin": [4, 4, 6]
        },
        "faces": {
            "north": {
                "uv": [1, 10, 2, 11],
                "texture": "#0"
            },
            "east": {
                "uv": [1, 10, 2, 11],
                "texture": "#0"
            },
            "south": {
                "uv": [1, 10, 2, 11],
                "texture": "#0"
            },
            "west": {
                "uv": [1, 10, 2, 11],
                "texture": "#0"
            },
            "up": {
                "uv": [1, 10, 2, 11],
                "texture": "#0"
            },
            "down": {
                "uv": [1, 10, 2, 11],
                "texture": "#0"
            }
        }
    }, {
        "from": [7, 11, 3.25],
        "to": [9, 12.5, 4],
        "rotation": {
            "angle": 0,
            "axis": "y",
            "origin": [4.5, 4, 6]
        },
        "faces": {
            "north": {
                "uv": [4, 7, 5, 8],
                "texture": "#0"
            },
            "east": {
                "uv": [4, 7, 5, 8],
                "texture": "#0"
            },
            "south": {
                "uv": [4, 7, 5, 8],
                "texture": "#0"
            },
            "west": {
                "uv": [4, 7, 5, 8],
                "texture": "#0"
            },
            "up": {
                "uv": [4, 7, 5, 8],
                "texture": "#0"
            },
            "down": {
                "uv": [4, 7, 5, 8],
                "texture": "#0"
            }
        }
    }, {
        "from": [7.86411, 12.06023, 3.25],
        "to": [8.78911, 12.48523, 4],
        "rotation": {
            "angle": 22.5,
            "axis": "z",
            "origin": [7.78911, 12.81023, 3.625]
        },
        "faces": {
            "north": {
                "uv": [4, 7, 5, 8],
                "texture": "#0"
            },
            "east": {
                "uv": [4, 7, 5, 8],
                "texture": "#0"
            },
            "south": {
                "uv": [4, 7, 5, 8],
                "texture": "#0"
            },
            "west": {
                "uv": [4, 7, 5, 8],
                "texture": "#0"
            },
            "up": {
                "uv": [4, 7, 5, 8],
                "texture": "#0"
            },
            "down": {
                "uv": [4, 7, 5, 8],
                "texture": "#0"
            }
        }
    }, {
        "from": [8.25154, 12.08417, 3.25],
        "to": [8.67654, 13.00917, 4],
        "rotation": {
            "angle": -22.5,
            "axis": "z",
            "origin": [8.46404, 12.54667, 3.625]
        },
        "faces": {
            "north": {
                "uv": [4, 7, 5, 8],
                "texture": "#0"
            },
            "east": {
                "uv": [4, 7, 5, 8],
                "texture": "#0"
            },
            "south": {
                "uv": [4, 7, 5, 8],
                "texture": "#0"
            },
            "west": {
                "uv": [4, 7, 5, 8],
                "texture": "#0"
            },
            "up": {
                "uv": [4, 7, 5, 8],
                "texture": "#0"
            },
            "down": {
                "uv": [4, 7, 5, 8],
                "texture": "#0"
            }
        }
    }, {
        "from": [7.32346, 12.08417, 3.25],
        "to": [7.74846, 13.00917, 4],
        "rotation": {
            "angle": 22.5,
            "axis": "z",
            "origin": [7.53596, 12.54667, 3.625]
        },
        "faces": {
            "north": {
                "uv": [4, 7, 5, 8],
                "texture": "#0"
            },
            "east": {
                "uv": [4, 7, 5, 8],
                "texture": "#0"
            },
            "south": {
                "uv": [4, 7, 5, 8],
                "texture": "#0"
            },
            "west": {
                "uv": [4, 7, 5, 8],
                "texture": "#0"
            },
            "up": {
                "uv": [4, 7, 5, 8],
                "texture": "#0"
            },
            "down": {
                "uv": [4, 7, 5, 8],
                "texture": "#0"
            }
        }
    }, {
        "from": [7.55529, 12.13029, 3.25],
        "to": [8.44471, 13.05529, 4],
        "rotation": {
            "angle": 0,
            "axis": "y",
            "origin": [7.76779, 12.59279, 3.625]
        },
        "faces": {
            "north": {
                "uv": [4, 7, 5, 8],
                "texture": "#0"
            },
            "east": {
                "uv": [4, 7, 5, 8],
                "texture": "#0"
            },
            "south": {
                "uv": [4, 7, 5, 8],
                "texture": "#0"
            },
            "west": {
                "uv": [4, 7, 5, 8],
                "texture": "#0"
            },
            "up": {
                "uv": [4, 7, 5, 8],
                "texture": "#0"
            },
            "down": {
                "uv": [4, 7, 5, 8],
                "texture": "#0"
            }
        }
    }, {
        "from": [7.21089, 12.06023, 3.25],
        "to": [8.13589, 12.48523, 4],
        "rotation": {
            "angle": -22.5,
            "axis": "z",
            "origin": [8.21089, 12.81023, 3.625]
        },
        "faces": {
            "north": {
                "uv": [4, 7, 5, 8],
                "texture": "#0"
            },
            "east": {
                "uv": [4, 7, 5, 8],
                "texture": "#0"
            },
            "south": {
                "uv": [4, 7, 5, 8],
                "texture": "#0"
            },
            "west": {
                "uv": [4, 7, 5, 8],
                "texture": "#0"
            },
            "up": {
                "uv": [4, 7, 5, 8],
                "texture": "#0"
            },
            "down": {
                "uv": [4, 7, 5, 8],
                "texture": "#0"
            }
        }
    }, {
        "from": [7.5, 12.3, 3.15],
        "to": [8.5, 12.55, 3.4],
        "rotation": {
            "angle": 0,
            "axis": "y",
            "origin": [4, 3.9, 6]
        },
        "faces": {
            "north": {
                "uv": [4, 10, 5, 11],
                "texture": "#0"
            },
            "east": {
                "uv": [4, 10, 5, 11],
                "texture": "#0"
            },
            "south": {
                "uv": [4, 10, 5, 11],
                "texture": "#0"
            },
            "west": {
                "uv": [4, 10, 5, 11],
                "texture": "#0"
            },
            "up": {
                "uv": [4, 10, 5, 11],
                "texture": "#0"
            },
            "down": {
                "uv": [4, 10, 5, 11],
                "texture": "#0"
            }
        }
    }, {
        "from": [7.65, 11.5, 3.15],
        "to": [8.35, 11.75, 3.4],
        "rotation": {
            "angle": 0,
            "axis": "y",
            "origin": [4, 3.9, 6]
        },
        "faces": {
            "north": {
                "uv": [4, 10, 5, 11],
                "texture": "#0"
            },
            "east": {
                "uv": [4, 10, 5, 11],
                "texture": "#0"
            },
            "south": {
                "uv": [4, 10, 5, 11],
                "texture": "#0"
            },
            "west": {
                "uv": [4, 10, 5, 11],
                "texture": "#0"
            },
            "up": {
                "uv": [4, 10, 5, 11],
                "texture": "#0"
            },
            "down": {
                "uv": [4, 10, 5, 11],
                "texture": "#0"
            }
        }
    }, {
        "from": [7.875, 11.675, 3.15],
        "to": [8.125, 12.425, 3.4],
        "rotation": {
            "angle": 0,
            "axis": "y",
            "origin": [8, 12.425, 3.275]
        },
        "faces": {
            "north": {
                "uv": [4, 10, 5, 11],
                "texture": "#0"
            },
            "east": {
                "uv": [4, 10, 5, 11],
                "texture": "#0"
            },
            "south": {
                "uv": [4, 10, 5, 11],
                "texture": "#0"
            },
            "west": {
                "uv": [4, 10, 5, 11],
                "texture": "#0"
            },
            "up": {
                "uv": [4, 10, 5, 11],
                "texture": "#0"
            },
            "down": {
                "uv": [4, 10, 5, 11],
                "texture": "#0"
            }
        }
    }, {
        "from": [3.58798, 10.44229, 4],
        "to": [8.58798, 12.19229, 12],
        "rotation": {
            "angle": -22.5,
            "axis": "z",
            "origin": [8.08798, 11.56729, 7.5]
        },
        "faces": {
            "north": {
                "uv": [1, 7, 2, 8],
                "texture": "#0"
            },
            "east": {
                "uv": [1, 7, 2, 8],
                "texture": "#0"
            },
            "south": {
                "uv": [1, 7, 2, 8],
                "texture": "#0"
            },
            "west": {
                "uv": [1, 7, 2, 8],
                "texture": "#0"
            },
            "up": {
                "uv": [1, 7, 2, 8],
                "texture": "#0"
            },
            "down": {
                "uv": [1, 7, 2, 8],
                "texture": "#0"
            }
        }
    }, {
        "from": [3.64717, 10.3553, 4.5],
        "to": [8.64717, 12.1053, 11.5],
        "rotation": {
            "angle": -45,
            "axis": "z",
            "origin": [8.14717, 11.4803, 7]
        },
        "faces": {
            "north": {
                "uv": [1, 4, 2, 5],
                "texture": "#0"
            },
            "east": {
                "uv": [1, 4, 2, 5],
                "texture": "#0"
            },
            "south": {
                "uv": [1, 4, 2, 5],
                "texture": "#0"
            },
            "west": {
                "uv": [1, 4, 2, 5],
                "texture": "#0"
            },
            "up": {
                "uv": [1, 4, 2, 5],
                "texture": "#0"
            },
            "down": {
                "uv": [1, 4, 2, 5],
                "texture": "#0"
            }
        }
    }, {
        "from": [5.40713, 12.4303, 5],
        "to": [10.59287, 15.10423, 11],
        "rotation": {
            "angle": 0,
            "axis": "y",
            "origin": [8.14717, 11.4803, 6.5]
        },
        "faces": {
            "north": {
                "uv": [1, 1, 2, 2],
                "texture": "#0"
            },
            "east": {
                "uv": [1, 1, 2, 2],
                "texture": "#0"
            },
            "south": {
                "uv": [1, 1, 2, 2],
                "texture": "#0"
            },
            "west": {
                "uv": [1, 1, 2, 2],
                "texture": "#0"
            },
            "up": {
                "uv": [1, 1, 2, 2],
                "texture": "#0"
            },
            "down": {
                "uv": [1, 1, 2, 2],
                "texture": "#0"
            }
        }
    }, {
        "from": [6.875, 14.5053, 6.875],
        "to": [9.125, 15.5053, 9.125],
        "rotation": {
            "angle": 0,
            "axis": "y",
            "origin": [8, 15.51959, 8]
        },
        "faces": {
            "north": {
                "uv": [13, 7, 14, 8],
                "texture": "#0"
            },
            "east": {
                "uv": [13, 7, 14, 8],
                "texture": "#0"
            },
            "south": {
                "uv": [13, 7, 14, 8],
                "texture": "#0"
            },
            "west": {
                "uv": [13, 7, 14, 8],
                "texture": "#0"
            },
            "up": {
                "uv": [13, 7, 14, 8],
                "rotation": 270,
                "texture": "#0"
            },
            "down": {
                "uv": [13, 7, 14, 8],
                "rotation": 90,
                "texture": "#0"
            }
        }
    }, {
        "from": [6.875, 14.5053, 6.875],
        "to": [9.125, 15.5053, 9.125],
        "rotation": {
            "angle": -22.5,
            "axis": "y",
            "origin": [8, 15.51959, 8]
        },
        "faces": {
            "north": {
                "uv": [13, 7, 14, 8],
                "texture": "#0"
            },
            "east": {
                "uv": [13, 7, 14, 8],
                "texture": "#0"
            },
            "south": {
                "uv": [13, 7, 14, 8],
                "texture": "#0"
            },
            "west": {
                "uv": [13, 7, 14, 8],
                "texture": "#0"
            },
            "up": {
                "uv": [13, 7, 14, 8],
                "rotation": 270,
                "texture": "#0"
            },
            "down": {
                "uv": [13, 7, 14, 8],
                "rotation": 90,
                "texture": "#0"
            }
        }
    }, {
        "from": [6.875, 14.5053, 6.875],
        "to": [9.125, 15.5053, 9.125],
        "rotation": {
            "angle": 45,
            "axis": "y",
            "origin": [8, 15.51959, 8]
        },
        "faces": {
            "north": {
                "uv": [13, 7, 14, 8],
                "texture": "#0"
            },
            "east": {
                "uv": [13, 7, 14, 8],
                "texture": "#0"
            },
            "south": {
                "uv": [13, 7, 14, 8],
                "texture": "#0"
            },
            "west": {
                "uv": [13, 7, 14, 8],
                "texture": "#0"
            },
            "up": {
                "uv": [13, 7, 14, 8],
                "texture": "#0"
            },
            "down": {
                "uv": [13, 7, 14, 8],
                "texture": "#0"
            }
        }
    }, {
        "from": [6.875, 14.5053, 6.875],
        "to": [9.125, 15.5053, 9.125],
        "rotation": {
            "angle": 22.5,
            "axis": "y",
            "origin": [8, 15.51959, 8]
        },
        "faces": {
            "north": {
                "uv": [13, 7, 14, 8],
                "texture": "#0"
            },
            "east": {
                "uv": [13, 7, 14, 8],
                "texture": "#0"
            },
            "south": {
                "uv": [13, 7, 14, 8],
                "texture": "#0"
            },
            "west": {
                "uv": [13, 7, 14, 8],
                "texture": "#0"
            },
            "up": {
                "uv": [13, 7, 14, 8],
                "texture": "#0"
            },
            "down": {
                "uv": [13, 7, 14, 8],
                "texture": "#0"
            }
        }
    }, {
        "from": [7.125, 15.5053, 7.125],
        "to": [8.875, 16.0053, 8.875],
        "rotation": {
            "angle": 45,
            "axis": "y",
            "origin": [8, 15.51959, 8]
        },
        "faces": {
            "north": {
                "uv": [13, 4, 14, 5],
                "texture": "#0"
            },
            "east": {
                "uv": [13, 4, 14, 5],
                "texture": "#0"
            },
            "south": {
                "uv": [13, 4, 14, 5],
                "texture": "#0"
            },
            "west": {
                "uv": [13, 4, 14, 5],
                "texture": "#0"
            },
            "up": {
                "uv": [13, 4, 14, 5],
                "texture": "#0"
            },
            "down": {
                "uv": [13, 4, 14, 5],
                "texture": "#0"
            }
        }
    }, {
        "from": [7.225, 15.9303, 7.225],
        "to": [8.775, 16.6803, 8.775],
        "rotation": {
            "angle": 45,
            "axis": "y",
            "origin": [8, 15.51959, 8]
        },
        "faces": {
            "north": {
                "uv": [13, 1, 14, 2],
                "texture": "#0"
            },
            "east": {
                "uv": [13, 1, 14, 2],
                "texture": "#0"
            },
            "south": {
                "uv": [13, 1, 14, 2],
                "texture": "#0"
            },
            "west": {
                "uv": [13, 1, 14, 2],
                "texture": "#0"
            },
            "up": {
                "uv": [13, 1, 14, 2],
                "texture": "#0"
            },
            "down": {
                "uv": [13, 1, 14, 2],
                "texture": "#0"
            }
        }
    }, {
        "from": [7.475, 16.1803, 7.475],
        "to": [8.525, 16.9303, 8.525],
        "rotation": {
            "angle": 45,
            "axis": "y",
            "origin": [8, 15.51959, 8]
        },
        "faces": {
            "north": {
                "uv": [10, 7, 11, 8],
                "texture": "#0"
            },
            "east": {
                "uv": [10, 7, 11, 8],
                "texture": "#0"
            },
            "south": {
                "uv": [10, 7, 11, 8],
                "texture": "#0"
            },
            "west": {
                "uv": [10, 7, 11, 8],
                "texture": "#0"
            },
            "up": {
                "uv": [10, 7, 11, 8],
                "texture": "#0"
            },
            "down": {
                "uv": [10, 7, 11, 8],
                "texture": "#0"
            }
        }
    }, {
        "from": [7.35283, 10.3553, 4.5],
        "to": [12.35283, 12.1053, 11.5],
        "rotation": {
            "angle": 45,
            "axis": "z",
            "origin": [7.85283, 11.4803, 7]
        },
        "faces": {
            "north": {
                "uv": [1, 4, 2, 5],
                "texture": "#0"
            },
            "east": {
                "uv": [1, 4, 2, 5],
                "texture": "#0"
            },
            "south": {
                "uv": [1, 4, 2, 5],
                "texture": "#0"
            },
            "west": {
                "uv": [1, 4, 2, 5],
                "texture": "#0"
            },
            "up": {
                "uv": [1, 4, 2, 5],
                "texture": "#0"
            },
            "down": {
                "uv": [1, 4, 2, 5],
                "texture": "#0"
            }
        }
    }, {
        "from": [7.41202, 10.44229, 4],
        "to": [12.41202, 12.19229, 12],
        "rotation": {
            "angle": 22.5,
            "axis": "z",
            "origin": [7.91202, 11.56729, 7.5]
        },
        "faces": {
            "north": {
                "uv": [1, 7, 2, 8],
                "texture": "#0"
            },
            "east": {
                "uv": [1, 7, 2, 8],
                "texture": "#0"
            },
            "south": {
                "uv": [1, 7, 2, 8],
                "texture": "#0"
            },
            "west": {
                "uv": [1, 7, 2, 8],
                "texture": "#0"
            },
            "up": {
                "uv": [1, 7, 2, 8],
                "texture": "#0"
            },
            "down": {
                "uv": [1, 7, 2, 8],
                "texture": "#0"
            }
        }
    }, {
        "from": [7.98959, 10, 1.64645],
        "to": [10.48959, 11, 4.14645],
        "rotation": {
            "angle": 45,
            "axis": "y",
            "origin": [6.48959, 10.5, -0.35355]
        },
        "faces": {
            "north": {
                "uv": [7, 7, 8, 8],
                "texture": "#0"
            },
            "east": {
                "uv": [7, 7, 8, 8],
                "texture": "#0"
            },
            "south": {
                "uv": [7, 7, 8, 8],
                "texture": "#0"
            },
            "west": {
                "uv": [7, 7, 8, 8],
                "texture": "#0"
            },
            "up": {
                "uv": [7, 7, 8, 8],
                "texture": "#0"
            },
            "down": {
                "uv": [7, 7, 8, 8],
                "texture": "#0"
            }
        }
    }, {
        "from": [5.51041, 10, 1.64645],
        "to": [8.01041, 11, 4.14645],
        "rotation": {
            "angle": -45,
            "axis": "y",
            "origin": [9.51041, 10.5, -0.35355]
        },
        "faces": {
            "north": {
                "uv": [7, 7, 8, 8],
                "texture": "#0"
            },
            "east": {
                "uv": [7, 7, 8, 8],
                "texture": "#0"
            },
            "south": {
                "uv": [7, 7, 8, 8],
                "texture": "#0"
            },
            "west": {
                "uv": [7, 7, 8, 8],
                "texture": "#0"
            },
            "up": {
                "uv": [7, 7, 8, 8],
                "texture": "#0"
            },
            "down": {
                "uv": [7, 7, 8, 8],
                "texture": "#0"
            }
        }
    }, {
        "from": [5.26777, 10, -1.76777],
        "to": [10.73223, 11, 0.73223],
        "rotation": {
            "angle": 0,
            "axis": "y",
            "origin": [10.26777, 10.5, 2.23223]
        },
        "faces": {
            "north": {
                "uv": [7, 7, 8, 8],
                "texture": "#0"
            },
            "east": {
                "uv": [7, 7, 8, 8],
                "texture": "#0"
            },
            "south": {
                "uv": [7, 7, 8, 8],
                "texture": "#0"
            },
            "west": {
                "uv": [7, 7, 8, 8],
                "texture": "#0"
            },
            "up": {
                "uv": [7, 7, 8, 8],
                "texture": "#0"
            },
            "down": {
                "uv": [7, 7, 8, 8],
                "texture": "#0"
            }
        }
    }, {
        "from": [3.01951, 15.43414, 7.26875],
        "to": [5.76951, 15.68414, 8.01875],
        "rotation": {
            "angle": -45,
            "axis": "z",
            "origin": [4.14451, 15.55914, 7.64375]
        },
        "faces": {
            "north": {
                "uv": [7, 1, 8, 2],
                "texture": "#0"
            },
            "east": {
                "uv": [7, 1, 8, 2],
                "texture": "#0"
            },
            "south": {
                "uv": [7, 1, 8, 2],
                "texture": "#0"
            },
            "west": {
                "uv": [7, 1, 8, 2],
                "texture": "#0"
            },
            "up": {
                "uv": [7, 1, 8, 2],
                "texture": "#0"
            },
            "down": {
                "uv": [7, 1, 8, 2],
                "texture": "#0"
            }
        }
    }, {
        "from": [2.95201, 15.30505, 7.51875],
        "to": [7.20201, 16.25505, 8.76875],
        "rotation": {
            "angle": -45,
            "axis": "z",
            "origin": [4.70201, 15.88005, 8.14375]
        },
        "faces": {
            "north": {
                "uv": [4, 1, 5, 2],
                "texture": "#0"
            },
            "east": {
                "uv": [4, 1, 5, 2],
                "texture": "#0"
            },
            "south": {
                "uv": [4, 1, 5, 2],
                "texture": "#0"
            },
            "west": {
                "uv": [4, 1, 5, 2],
                "texture": "#0"
            },
            "up": {
                "uv": [4, 1, 5, 2],
                "texture": "#0"
            },
            "down": {
                "uv": [4, 1, 5, 2],
                "texture": "#0"
            }
        }
    }, {
        "from": [1.97974, 16.40765, 7.51875],
        "to": [3.72974, 17.38265, 8.76875],
        "rotation": {
            "angle": 0,
            "axis": "y",
            "origin": [3.72974, 17.00765, 8.14375]
        },
        "faces": {
            "north": {
                "uv": [4, 1, 5, 2],
                "texture": "#0"
            },
            "east": {
                "uv": [4, 1, 5, 2],
                "texture": "#0"
            },
            "south": {
                "uv": [4, 1, 5, 2],
                "texture": "#0"
            },
            "west": {
                "uv": [4, 1, 5, 2],
                "texture": "#0"
            },
            "up": {
                "uv": [4, 1, 5, 2],
                "texture": "#0"
            },
            "down": {
                "uv": [4, 1, 5, 2],
                "texture": "#0"
            }
        }
    }, {
        "from": [1.22974, 13.88265, 7.51875],
        "to": [1.97974, 17.38265, 8.76875],
        "rotation": {
            "angle": 0,
            "axis": "y",
            "origin": [1.60474, 16.13265, 8.14375]
        },
        "faces": {
            "north": {
                "uv": [4, 1, 5, 2],
                "texture": "#0"
            },
            "east": {
                "uv": [4, 1, 5, 2],
                "texture": "#0"
            },
            "south": {
                "uv": [4, 1, 5, 2],
                "texture": "#0"
            },
            "west": {
                "uv": [4, 1, 5, 2],
                "texture": "#0"
            },
            "up": {
                "uv": [4, 1, 5, 2],
                "texture": "#0"
            },
            "down": {
                "uv": [4, 1, 5, 2],
                "texture": "#0"
            }
        }
    }, {
        "from": [2.1874, 16.19302, 7.26875],
        "to": [3.4374, 16.44302, 8.01875],
        "rotation": {
            "angle": 0,
            "axis": "y",
            "origin": [3.3124, 16.31802, 7.64375]
        },
        "faces": {
            "north": {
                "uv": [7, 1, 8, 2],
                "texture": "#0"
            },
            "east": {
                "uv": [7, 1, 8, 2],
                "texture": "#0"
            },
            "south": {
                "uv": [7, 1, 8, 2],
                "texture": "#0"
            },
            "west": {
                "uv": [7, 1, 8, 2],
                "texture": "#0"
            },
            "up": {
                "uv": [7, 1, 8, 2],
                "texture": "#0"
            },
            "down": {
                "uv": [7, 1, 8, 2],
                "texture": "#0"
            }
        }
    }, {
        "from": [1.9374, 14.19302, 7.26875],
        "to": [2.1874, 16.44302, 8.01875],
        "rotation": {
            "angle": 0,
            "axis": "y",
            "origin": [2.0624, 15.31802, 7.64375]
        },
        "faces": {
            "north": {
                "uv": [7, 1, 8, 2],
                "texture": "#0"
            },
            "east": {
                "uv": [7, 1, 8, 2],
                "texture": "#0"
            },
            "south": {
                "uv": [7, 1, 8, 2],
                "texture": "#0"
            },
            "west": {
                "uv": [7, 1, 8, 2],
                "texture": "#0"
            },
            "up": {
                "uv": [7, 1, 8, 2],
                "texture": "#0"
            },
            "down": {
                "uv": [7, 1, 8, 2],
                "texture": "#0"
            }
        }
    }, {
        "from": [3.50427, 10.20365, 7.76875],
        "to": [6.90427, 12.92865, 8.76875],
        "rotation": {
            "angle": -45,
            "axis": "z",
            "origin": [8, 15.25345, 8]
        },
        "faces": {
            "north": {
                "uv": [10, 1, 11, 2],
                "texture": "#0"
            },
            "east": {
                "uv": [10, 1, 11, 2],
                "texture": "#0"
            },
            "south": {
                "uv": [10, 1, 11, 2],
                "texture": "#0"
            },
            "west": {
                "uv": [10, 1, 11, 2],
                "texture": "#0"
            },
            "up": {
                "uv": [10, 1, 11, 2],
                "texture": "#0"
            },
            "down": {
                "uv": [10, 1, 11, 2],
                "texture": "#0"
            }
        }
    }, {
        "from": [3.10589, 12.67861, 7.26875],
        "to": [4.78089, 12.92861, 8.01875],
        "rotation": {
            "angle": -22.5,
            "axis": "z",
            "origin": [3.94339, 12.80361, 7.64375]
        },
        "faces": {
            "north": {
                "uv": [7, 1, 8, 2],
                "texture": "#0"
            },
            "east": {
                "uv": [7, 1, 8, 2],
                "texture": "#0"
            },
            "south": {
                "uv": [7, 1, 8, 2],
                "texture": "#0"
            },
            "west": {
                "uv": [7, 1, 8, 2],
                "texture": "#0"
            },
            "up": {
                "uv": [7, 1, 8, 2],
                "texture": "#0"
            },
            "down": {
                "uv": [7, 1, 8, 2],
                "texture": "#0"
            }
        }
    }, {
        "from": [4.46293, 10.21671, 7.26875],
        "to": [6.13793, 10.46671, 8.01875],
        "rotation": {
            "angle": -45,
            "axis": "z",
            "origin": [8, 15.25345, 8]
        },
        "faces": {
            "north": {
                "uv": [7, 1, 8, 2],
                "texture": "#0"
            },
            "east": {
                "uv": [7, 1, 8, 2],
                "texture": "#0"
            },
            "south": {
                "uv": [7, 1, 8, 2],
                "texture": "#0"
            },
            "west": {
                "uv": [7, 1, 8, 2],
                "texture": "#0"
            },
            "up": {
                "uv": [7, 1, 8, 2],
                "texture": "#0"
            },
            "down": {
                "uv": [7, 1, 8, 2],
                "texture": "#0"
            }
        }
    }, {
        "from": [0.83589, 12.18183, 7.51875],
        "to": [2.83589, 12.93183, 8.76875],
        "rotation": {
            "angle": -45,
            "axis": "z",
            "origin": [3.08589, 12.55683, 8.14375]
        },
        "faces": {
            "north": {
                "uv": [4, 1, 5, 2],
                "texture": "#0"
            },
            "east": {
                "uv": [4, 1, 5, 2],
                "texture": "#0"
            },
            "south": {
                "uv": [4, 1, 5, 2],
                "texture": "#0"
            },
            "west": {
                "uv": [4, 1, 5, 2],
                "texture": "#0"
            },
            "up": {
                "uv": [4, 1, 5, 2],
                "texture": "#0"
            },
            "down": {
                "uv": [4, 1, 5, 2],
                "texture": "#0"
            }
        }
    }, {
        "from": [2.71134, 12.05721, 7.51875],
        "to": [4.71134, 12.80721, 8.76875],
        "rotation": {
            "angle": -22.5,
            "axis": "z",
            "origin": [3.71134, 12.43221, 8.14375]
        },
        "faces": {
            "north": {
                "uv": [4, 1, 5, 2],
                "texture": "#0"
            },
            "east": {
                "uv": [4, 1, 5, 2],
                "texture": "#0"
            },
            "south": {
                "uv": [4, 1, 5, 2],
                "texture": "#0"
            },
            "west": {
                "uv": [4, 1, 5, 2],
                "texture": "#0"
            },
            "up": {
                "uv": [4, 1, 5, 2],
                "texture": "#0"
            },
            "down": {
                "uv": [4, 1, 5, 2],
                "texture": "#0"
            }
        }
    }, {
        "from": [2.80427, 11.20365, 7.76875],
        "to": [4.27927, 12.52865, 8.76875],
        "rotation": {
            "angle": -45,
            "axis": "z",
            "origin": [8, 15.25345, 8]
        },
        "faces": {
            "north": {
                "uv": [10, 1, 11, 2],
                "texture": "#0"
            },
            "east": {
                "uv": [10, 1, 11, 2],
                "texture": "#0"
            },
            "south": {
                "uv": [10, 1, 11, 2],
                "texture": "#0"
            },
            "west": {
                "uv": [10, 1, 11, 2],
                "texture": "#0"
            },
            "up": {
                "uv": [10, 1, 11, 2],
                "texture": "#0"
            },
            "down": {
                "uv": [10, 1, 11, 2],
                "texture": "#0"
            }
        }
    }, {
        "from": [8.79799, 15.30505, 7.51875],
        "to": [13.04799, 16.25505, 8.76875],
        "rotation": {
            "angle": 45,
            "axis": "z",
            "origin": [11.29799, 15.88005, 8.14375]
        },
        "faces": {
            "north": {
                "uv": [4, 1, 5, 2],
                "texture": "#0"
            },
            "east": {
                "uv": [4, 1, 5, 2],
                "texture": "#0"
            },
            "south": {
                "uv": [4, 1, 5, 2],
                "texture": "#0"
            },
            "west": {
                "uv": [4, 1, 5, 2],
                "texture": "#0"
            },
            "up": {
                "uv": [4, 1, 5, 2],
                "texture": "#0"
            },
            "down": {
                "uv": [4, 1, 5, 2],
                "texture": "#0"
            }
        }
    }, {
        "from": [10.23049, 15.43414, 7.26875],
        "to": [12.98049, 15.68414, 8.01875],
        "rotation": {
            "angle": 45,
            "axis": "z",
            "origin": [11.85549, 15.55914, 7.64375]
        },
        "faces": {
            "north": {
                "uv": [7, 1, 8, 2],
                "texture": "#0"
            },
            "east": {
                "uv": [7, 1, 8, 2],
                "texture": "#0"
            },
            "south": {
                "uv": [7, 1, 8, 2],
                "texture": "#0"
            },
            "west": {
                "uv": [7, 1, 8, 2],
                "texture": "#0"
            },
            "up": {
                "uv": [7, 1, 8, 2],
                "texture": "#0"
            },
            "down": {
                "uv": [7, 1, 8, 2],
                "texture": "#0"
            }
        }
    }, {
        "from": [11.72073, 11.20365, 7.76875],
        "to": [13.19573, 12.52865, 8.76875],
        "rotation": {
            "angle": 45,
            "axis": "z",
            "origin": [8, 15.25345, 8]
        },
        "faces": {
            "north": {
                "uv": [10, 1, 11, 2],
                "texture": "#0"
            },
            "east": {
                "uv": [10, 1, 11, 2],
                "texture": "#0"
            },
            "south": {
                "uv": [10, 1, 11, 2],
                "texture": "#0"
            },
            "west": {
                "uv": [10, 1, 11, 2],
                "texture": "#0"
            },
            "up": {
                "uv": [10, 1, 11, 2],
                "texture": "#0"
            },
            "down": {
                "uv": [10, 1, 11, 2],
                "texture": "#0"
            }
        }
    }, {
        "from": [12.27026, 16.40765, 7.51875],
        "to": [14.02026, 17.38265, 8.76875],
        "rotation": {
            "angle": 0,
            "axis": "y",
            "origin": [12.27026, 17.00765, 8.14375]
        },
        "faces": {
            "north": {
                "uv": [4, 1, 5, 2],
                "texture": "#0"
            },
            "east": {
                "uv": [4, 1, 5, 2],
                "texture": "#0"
            },
            "south": {
                "uv": [4, 1, 5, 2],
                "texture": "#0"
            },
            "west": {
                "uv": [4, 1, 5, 2],
                "texture": "#0"
            },
            "up": {
                "uv": [4, 1, 5, 2],
                "texture": "#0"
            },
            "down": {
                "uv": [4, 1, 5, 2],
                "texture": "#0"
            }
        }
    }, {
        "from": [12.5626, 16.19302, 7.26875],
        "to": [13.8126, 16.44302, 8.01875],
        "rotation": {
            "angle": 0,
            "axis": "y",
            "origin": [12.6876, 16.31802, 7.64375]
        },
        "faces": {
            "north": {
                "uv": [7, 1, 8, 2],
                "texture": "#0"
            },
            "east": {
                "uv": [7, 1, 8, 2],
                "texture": "#0"
            },
            "south": {
                "uv": [7, 1, 8, 2],
                "texture": "#0"
            },
            "west": {
                "uv": [7, 1, 8, 2],
                "texture": "#0"
            },
            "up": {
                "uv": [7, 1, 8, 2],
                "texture": "#0"
            },
            "down": {
                "uv": [7, 1, 8, 2],
                "texture": "#0"
            }
        }
    }, {
        "from": [13.8126, 14.19302, 7.26875],
        "to": [14.0626, 16.44302, 8.01875],
        "rotation": {
            "angle": 0,
            "axis": "y",
            "origin": [13.9376, 15.31802, 7.64375]
        },
        "faces": {
            "north": {
                "uv": [7, 1, 8, 2],
                "texture": "#0"
            },
            "east": {
                "uv": [7, 1, 8, 2],
                "texture": "#0"
            },
            "south": {
                "uv": [7, 1, 8, 2],
                "texture": "#0"
            },
            "west": {
                "uv": [7, 1, 8, 2],
                "texture": "#0"
            },
            "up": {
                "uv": [7, 1, 8, 2],
                "texture": "#0"
            },
            "down": {
                "uv": [7, 1, 8, 2],
                "texture": "#0"
            }
        }
    }, {
        "from": [14.02026, 13.88265, 7.51875],
        "to": [14.77026, 17.38265, 8.76875],
        "rotation": {
            "angle": 0,
            "axis": "y",
            "origin": [14.39526, 16.13265, 8.14375]
        },
        "faces": {
            "north": {
                "uv": [4, 1, 5, 2],
                "texture": "#0"
            },
            "east": {
                "uv": [4, 1, 5, 2],
                "texture": "#0"
            },
            "south": {
                "uv": [4, 1, 5, 2],
                "texture": "#0"
            },
            "west": {
                "uv": [4, 1, 5, 2],
                "texture": "#0"
            },
            "up": {
                "uv": [4, 1, 5, 2],
                "texture": "#0"
            },
            "down": {
                "uv": [4, 1, 5, 2],
                "texture": "#0"
            }
        }
    }, {
        "from": [9.09573, 10.20365, 7.76875],
        "to": [12.49573, 12.92865, 8.76875],
        "rotation": {
            "angle": 45,
            "axis": "z",
            "origin": [8, 15.25345, 8]
        },
        "faces": {
            "north": {
                "uv": [10, 1, 11, 2],
                "texture": "#0"
            },
            "east": {
                "uv": [10, 1, 11, 2],
                "texture": "#0"
            },
            "south": {
                "uv": [10, 1, 11, 2],
                "texture": "#0"
            },
            "west": {
                "uv": [10, 1, 11, 2],
                "texture": "#0"
            },
            "up": {
                "uv": [10, 1, 11, 2],
                "texture": "#0"
            },
            "down": {
                "uv": [10, 1, 11, 2],
                "texture": "#0"
            }
        }
    }, {
        "from": [13.16411, 12.18183, 7.51875],
        "to": [15.16411, 12.93183, 8.76875],
        "rotation": {
            "angle": 45,
            "axis": "z",
            "origin": [12.91411, 12.55683, 8.14375]
        },
        "faces": {
            "north": {
                "uv": [4, 1, 5, 2],
                "texture": "#0"
            },
            "east": {
                "uv": [4, 1, 5, 2],
                "texture": "#0"
            },
            "south": {
                "uv": [4, 1, 5, 2],
                "texture": "#0"
            },
            "west": {
                "uv": [4, 1, 5, 2],
                "texture": "#0"
            },
            "up": {
                "uv": [4, 1, 5, 2],
                "texture": "#0"
            },
            "down": {
                "uv": [4, 1, 5, 2],
                "texture": "#0"
            }
        }
    }, {
        "from": [9.86207, 10.21671, 7.26875],
        "to": [11.53707, 10.46671, 8.01875],
        "rotation": {
            "angle": 45,
            "axis": "z",
            "origin": [8, 15.25345, 8]
        },
        "faces": {
            "north": {
                "uv": [7, 1, 8, 2],
                "texture": "#0"
            },
            "east": {
                "uv": [7, 1, 8, 2],
                "texture": "#0"
            },
            "south": {
                "uv": [7, 1, 8, 2],
                "texture": "#0"
            },
            "west": {
                "uv": [7, 1, 8, 2],
                "texture": "#0"
            },
            "up": {
                "uv": [7, 1, 8, 2],
                "texture": "#0"
            },
            "down": {
                "uv": [7, 1, 8, 2],
                "texture": "#0"
            }
        }
    }, {
        "from": [11.21911, 12.67861, 7.26875],
        "to": [12.89411, 12.92861, 8.01875],
        "rotation": {
            "angle": 22.5,
            "axis": "z",
            "origin": [12.05661, 12.80361, 7.64375]
        },
        "faces": {
            "north": {
                "uv": [7, 1, 8, 2],
                "texture": "#0"
            },
            "east": {
                "uv": [7, 1, 8, 2],
                "texture": "#0"
            },
            "south": {
                "uv": [7, 1, 8, 2],
                "texture": "#0"
            },
            "west": {
                "uv": [7, 1, 8, 2],
                "texture": "#0"
            },
            "up": {
                "uv": [7, 1, 8, 2],
                "texture": "#0"
            },
            "down": {
                "uv": [7, 1, 8, 2],
                "texture": "#0"
            }
        }
    }, {
        "from": [11.28866, 12.05721, 7.51875],
        "to": [13.28866, 12.80721, 8.76875],
        "rotation": {
            "angle": 22.5,
            "axis": "z",
            "origin": [12.28866, 12.43221, 8.14375]
        },
        "faces": {
            "north": {
                "uv": [4, 1, 5, 2],
                "texture": "#0"
            },
            "east": {
                "uv": [4, 1, 5, 2],
                "texture": "#0"
            },
            "south": {
                "uv": [4, 1, 5, 2],
                "texture": "#0"
            },
            "west": {
                "uv": [4, 1, 5, 2],
                "texture": "#0"
            },
            "up": {
                "uv": [4, 1, 5, 2],
                "texture": "#0"
            },
            "down": {
                "uv": [4, 1, 5, 2],
                "texture": "#0"
            }
        }
    }]
}